scope_level,province,city,district,candidate_count,competition_pool_count,winner_uid,winner,winner_level,winner_private,winner_tags,decision_basis,decision_detail,evidence_strength,status,ranking_system,comparison_group,ranking_id,ranking_edition,ranking_list,ranking_category,ranking_scale_field,ranking_display,ranking_reference,ranking_source_url,location_basis,location_evidence,runner_up_uid,runner_up,runner_up_level,runner_up_system,runner_up_same_scale,unresolved_reason,comparable_candidates,needs_ranking_backfill,notes
country,,,,2934,2934,4111010003,清华大学,本科,no,985|211|双一流,comparable_ranking,清华大学 在同榜可比名次上优于 北京大学（软科 bcur）；候选池先按国家标签收敛：985,strong,resolved_strong,shanghairanking-bcur,shanghairanking-bcur,shanghairanking-bcur,2026,中国大学排名（主榜）,,rankOverall,2026软科 1,1,https://www.shanghairanking.cn/rankings/bcur/2026,entity_home,entity,4111010001,北京大学,本科,shanghairanking-bcur,yes,,清华大学|北京大学,no,
province,安徽省,,,126,126,4134010358,中国科学技术大学,本科,no,985|211|双一流,prestige_tag,985 标签优先于211（国家官方重点建设名单）,strong,resolved_strong,shanghairanking-bcur,shanghairanking-bcur,shanghairanking-bcur,2026,中国大学排名（主榜）,,rankOverall,2026软科 7,7,https://www.shanghairanking.cn/rankings/bcur/2026,entity_home,entity,4134010359,合肥工业大学,本科,shanghairanking-bcur,yes,,中国科学技术大学|合肥工业大学,no,
province,澳门特别行政区,,,0,0,,澳门大学,,,,reference_fallback,无学校主体候选，仅沿用省级参考标签,,reference_only,,,,,,,,,,,,,,,,,no,,,no,
province,北京市,,,92,92,4111010003,清华大学,本科,no,985|211|双一流,comparable_ranking,清华大学 在同榜可比名次上优于 北京大学（软科 bcur）；候选池先按国家标签收敛：985,strong,resolved_strong,shanghairanking-bcur,shanghairanking-bcur,shanghairanking-bcur,2026,中国大学排名（主榜）,,rankOverall,2026软科 1,1,https://www.shanghairanking.cn/rankings/bcur/2026,entity_home,entity,4111010001,北京大学,本科,shanghairanking-bcur,yes,,清华大学|北京大学,no,
province,重庆市,,,77,77,4150010611,重庆大学,本科,no,985|211|双一流,prestige_tag,985 标签优先于211（国家官方重点建设名单）,strong,resolved_strong,shanghairanking-bcur,shanghairanking-bcur,shanghairanking-bcur,2026,中国大学排名（主榜）,,rankOverall,2026软科 34,34,https://www.shanghairanking.cn/rankings/bcur/2026,entity_home,entity,4150010635,西南大学,本科,shanghairanking-bcur,yes,,重庆大学|西南大学,no,
province,福建省,,,90,90,4135010384,厦门大学,本科,no,985|211|双一流,prestige_tag,985 标签优先于211（国家官方重点建设名单）,strong,resolved_strong,shanghairanking-bcur,shanghairanking-bcur,shanghairanking-bcur,2026,中国大学排名（主榜）,,rankOverall,2026软科 25,25,https://www.shanghairanking.cn/rankings/bcur/2026,entity_home,entity,4135010386,福州大学,本科,shanghairanking-bcur,yes,,厦门大学|福州大学,no,
province,甘肃省,,,49,49,4162010730,兰州大学,本科,no,985|211|双一流,prestige_tag,985 标签优先于无重点标签（国家官方重点建设名单）,strong,resolved_strong,shanghairanking-bcur,shanghairanking-bcur,shanghairanking-bcur,2026,中国大学排名（主榜）,,rankOverall,2026软科 40,40,https://www.shanghairanking.cn/rankings/bcur/2026,entity_home,entity,4162010736,西北师范大学,本科,shanghairanking-bcur,yes,,兰州大学|西北师范大学,no,
province,广东省,,,165,165,4144010558,中山大学,本科,no,985|211|双一流,comparable_ranking,中山大学 在同榜可比名次上优于 南方科技大学（软科 bcur）；候选池先按国家标签收敛：985,strong,resolved_strong,shanghairanking-bcur,shanghairanking-bcur,shanghairanking-bcur,2026,中国大学排名（主榜）,,rankOverall,2026软科 13,13,https://www.shanghairanking.cn/rankings/bcur/2026,entity_home,entity,4144014325,南方科技大学,本科,shanghairanking-bcur,yes,,中山大学|南方科技大学,no,
province,广西壮族自治区,,,93,93,4145010593,广西大学,本科,no,211|双一流,prestige_tag,211 标签优先于无重点标签（国家官方重点建设名单）,strong,resolved_strong,shanghairanking-bcur,shanghairanking-bcur,shanghairanking-bcur,2026,中国大学排名（主榜）,,rankOverall,2026软科 86,86,https://www.shanghairanking.cn/rankings/bcur/2026,entity_home,entity,4145010602,广西师范大学,本科,shanghairanking-bcur,yes,,广西大学|广西师范大学,no,
province,贵州省,,,80,80,4152010657,贵州大学,本科,no,211|双一流,prestige_tag,211 标签优先于无重点标签（国家官方重点建设名单）,strong,resolved_strong,shanghairanking-bcur,shanghairanking-bcur,shanghairanking-bcur,2026,中国大学排名（主榜）,,rankOverall,2026软科 85,85,https://www.shanghairanking.cn/rankings/bcur/2026,entity_home,entity,4152010661,遵义医科大学,本科,shanghairanking-bcur,yes,,贵州大学|遵义医科大学,no,
province,海南省,,,29,29,4146010589,海南大学,本科,no,211|双一流,prestige_tag,211 标签优先于无重点标签（国家官方重点建设名单）,strong,resolved_strong,shanghairanking-bcur,shanghairanking-bcur,shanghairanking-bcur,2026,中国大学排名（主榜）,,rankOverall,2026软科 87,87,https://www.shanghairanking.cn/rankings/bcur/2026,entity_home,entity,4146011658,海南师范大学,本科,shanghairanking-bcur,yes,,海南大学|海南师范大学,no,
province,河北省,,,131,131,4113016204,河北工业职业技术大学,本科,no,,public_before_private,同层次同标签下公办优先（按当前项目政策，非排名证据）；候选池先按层次收敛：本科层次优先于更低层次（项目层次政策）,policy,resolved_policy,shanghairanking-bcvcr-public-vocational-undergraduate,shanghairanking-bcvcr-public-vocational-undergraduate,shanghairanking-bcvcr-public-vocational-undergraduate,2026,中国职业本科大学排名,,ranking,2026软科职业本科大学 14,14,https://www.shanghairanking.cn/rankings/bcvcr/2026749,entity_home,entity,4113016203,河北科技工程职业技术大学,本科,shanghairanking-bcvcr-public-vocational-undergraduate,yes,,河北工业职业技术大学|河北科技工程职业技术大学,yes,2 leading candidate(s) carry no official list ranking
province,河南省,,,182,182,4141010459,郑州大学,本科,no,211|双一流,prestige_tag,211 标签优先于双一流（国家官方重点建设名单）,strong,resolved_strong,shanghairanking-bcur,shanghairanking-bcur,shanghairanking-bcur,2026,中国大学排名（主榜）,,rankOverall,2026软科 44,44,https://www.shanghairanking.cn/rankings/bcur/2026,entity_home,entity,4141010475,河南大学,本科,shanghairanking-bcur,yes,,郑州大学|河南大学,no,
province,黑龙江省,,,81,81,4123010213,哈尔滨工业大学,本科,no,985|211|双一流,prestige_tag,985 标签优先于211（国家官方重点建设名单）,strong,resolved_strong,shanghairanking-bcur,shanghairanking-bcur,shanghairanking-bcur,2026,中国大学排名（主榜）,,rankOverall,2026软科 12,12,https://www.shanghairanking.cn/rankings/bcur/2026,entity_home,entity,4123010217,哈尔滨工程大学,本科,shanghairanking-bcur,yes,,哈尔滨工业大学|哈尔滨工程大学,no,
province,湖北省,,,134,134,4142010486,武汉大学,本科,no,985|211|双一流,comparable_ranking,武汉大学 在同榜可比名次上优于 华中科技大学（软科 bcur）；候选池先按国家标签收敛：985,strong,resolved_strong,shanghairanking-bcur,shanghairanking-bcur,shanghairanking-bcur,2026,中国大学排名（主榜）,,rankOverall,2026软科 8,8,https://www.shanghairanking.cn/rankings/bcur/2026,entity_home,entity,4142010487,华中科技大学,本科,shanghairanking-bcur,yes,,武汉大学|华中科技大学,no,
province,湖南省,,,147,147,4143010533,中南大学,本科,no,985|211|双一流,comparable_ranking,中南大学 在同榜可比名次上优于 湖南大学（软科 bcur）；候选池先按国家标签收敛：985,strong,resolved_strong,shanghairanking-bcur,shanghairanking-bcur,shanghairanking-bcur,2026,中国大学排名（主榜）,,rankOverall,2026软科 27,27,https://www.shanghairanking.cn/rankings/bcur/2026,entity_home,entity,4143010532,湖南大学,本科,shanghairanking-bcur,yes,,中南大学|湖南大学,no,
province,吉林省,,,68,68,4122010183,吉林大学,本科,no,985|211|双一流,prestige_tag,985 标签优先于211（国家官方重点建设名单）,strong,resolved_strong,shanghairanking-bcur,shanghairanking-bcur,shanghairanking-bcur,2026,中国大学排名（主榜）,,rankOverall,2026软科 26,26,https://www.shanghairanking.cn/rankings/bcur/2026,entity_home,entity,4122010200,东北师范大学,本科,shanghairanking-bcur,yes,,吉林大学|东北师范大学,no,
province,江苏省,,,174,174,4132010284,南京大学,本科,no,985|211|双一流,comparable_ranking,南京大学 在同榜可比名次上优于 东南大学（软科 bcur）；候选池先按国家标签收敛：985,strong,resolved_strong,shanghairanking-bcur,shanghairanking-bcur,shanghairanking-bcur,2026,中国大学排名（主榜）,,rankOverall,2026软科 6,6,https://www.shanghairanking.cn/rankings/bcur/2026,entity_home,entity,4132010286,东南大学,本科,shanghairanking-bcur,yes,,南京大学|东南大学,no,
province,江西省,,,120,120,4136010403,南昌大学,本科,no,211|双一流,prestige_tag,211 标签优先于无重点标签（国家官方重点建设名单）,strong,resolved_strong,shanghairanking-bcur,shanghairanking-bcur,shanghairanking-bcur,2026,中国大学排名（主榜）,,rankOverall,2026软科 74,74,https://www.shanghairanking.cn/rankings/bcur/2026,entity_home,entity,4136010421,江西财经大学,本科,shanghairanking-bcur,yes,,南昌大学|江西财经大学,no,
province,辽宁省,,,111,111,4121010141,大连理工大学,本科,no,985|211|双一流,comparable_ranking,大连理工大学 在同榜可比名次上优于 东北大学（软科 bcur）；候选池先按国家标签收敛：985,strong,resolved_strong,shanghairanking-bcur,shanghairanking-bcur,shanghairanking-bcur,2026,中国大学排名（主榜）,,rankOverall,2026软科 28,28,https://www.shanghairanking.cn/rankings/bcur/2026,entity_home,entity,4121010145,东北大学,本科,shanghairanking-bcur,yes,,大连理工大学|东北大学,no,
province,内蒙古自治区,,,52,52,4115010126,内蒙古大学,本科,no,211|双一流,prestige_tag,211 标签优先于无重点标签（国家官方重点建设名单）,strong,resolved_strong,shanghairanking-bcur,shanghairanking-bcur,shanghairanking-bcur,2026,中国大学排名（主榜）,,rankOverall,2026软科 114,114,https://www.shanghairanking.cn/rankings/bcur/2026,entity_home,entity,4115010129,内蒙古农业大学,本科,shanghairanking-bcur,yes,,内蒙古大学|内蒙古农业大学,no,
province,宁夏回族自治区,,,24,24,4164010749,宁夏大学,本科,no,211|双一流,prestige_tag,211 标签优先于无重点标签（国家官方重点建设名单）,strong,resolved_strong,shanghairanking-bcur,shanghairanking-bcur,shanghairanking-bcur,2026,中国大学排名（主榜）,,rankOverall,2026软科 137,137,https://www.shanghairanking.cn/rankings/bcur/2026,entity_home,entity,4164010752,宁夏医科大学,本科,shanghairanking-bcur,yes,,宁夏大学|宁夏医科大学,no,
province,青海省,,,13,13,4163010743,青海大学,本科,no,211|双一流,prestige_tag,211 标签优先于无重点标签（国家官方重点建设名单）,strong,resolved_strong,shanghairanking-bcur,shanghairanking-bcur,shanghairanking-bcur,2026,中国大学排名（主榜）,,rankOverall,2026软科 203,203,https://www.shanghairanking.cn/rankings/bcur/2026,entity_home,entity,4163010746,青海师范大学,本科,shanghairanking-bcur,yes,,青海大学|青海师范大学,no,
province,山东省,,,170,170,4137010422,山东大学,本科,no,985|211|双一流,comparable_ranking,山东大学 在同榜可比名次上优于 中国海洋大学（软科 bcur）；候选池先按国家标签收敛：985,strong,resolved_strong,shanghairanking-bcur,shanghairanking-bcur,shanghairanking-bcur,2026,中国大学排名（主榜）,,rankOverall,2026软科 22,22,https://www.shanghairanking.cn/rankings/bcur/2026,entity_home,entity,4137010423,中国海洋大学,本科,shanghairanking-bcur,yes,,山东大学|中国海洋大学,no,
province,山西省,,,84,84,4114010112,太原理工大学,本科,no,211|双一流,prestige_tag,211 标签优先于双一流（国家官方重点建设名单）,strong,resolved_strong,shanghairanking-bcur,shanghairanking-bcur,shanghairanking-bcur,2026,中国大学排名（主榜）,,rankOverall,2026软科 97,97,https://www.shanghairanking.cn/rankings/bcur/2026,entity_home,entity,4114010108,山西大学,本科,shanghairanking-bcur,yes,,太原理工大学|山西大学,no,
province,陕西省,,,97,97,4161010698,西安交通大学,本科,no,985|211|双一流,comparable_ranking,西安交通大学 在同榜可比名次上优于 西北工业大学（软科 bcur）；候选池先按国家标签收敛：985,strong,resolved_strong,shanghairanking-bcur,shanghairanking-bcur,shanghairanking-bcur,2026,中国大学排名（主榜）,,rankOverall,2026软科 10,10,https://www.shanghairanking.cn/rankings/bcur/2026,entity_home,entity,4161010699,西北工业大学,本科,shanghairanking-bcur,yes,,西安交通大学|西北工业大学,no,
province,上海市,,,67,67,4131010248,上海交通大学,本科,no,985|211|双一流,comparable_ranking,上海交通大学 在同榜可比名次上优于 复旦大学（软科 bcur）；候选池先按国家标签收敛：985,strong,resolved_strong,shanghairanking-bcur,shanghairanking-bcur,shanghairanking-bcur,2026,中国大学排名（主榜）,,rankOverall,2026软科 4,4,https://www.shanghairanking.cn/rankings/bcur/2026,entity_home,entity,4131010246,复旦大学,本科,shanghairanking-bcur,yes,,上海交通大学|复旦大学,no,
province,四川省,,,146,146,4151010610,四川大学,本科,no,985|211|双一流,comparable_ranking,四川大学 在同榜可比名次上优于 电子科技大学（软科 bcur）；候选池先按国家标签收敛：985,strong,resolved_strong,shanghairanking-bcur,shanghairanking-bcur,shanghairanking-bcur,2026,中国大学排名（主榜）,,rankOverall,2026软科 16,16,https://www.shanghairanking.cn/rankings/bcur/2026,entity_home,entity,4151010614,电子科技大学,本科,shanghairanking-bcur,yes,,四川大学|电子科技大学,no,
province,台湾省,,,0,0,,国立台湾大学,,,,reference_fallback,无学校主体候选，仅沿用省级参考标签,,reference_only,,,,,,,,,,,,,,,,,no,,,no,
province,天津市,,,57,57,4112010056,天津大学,本科,no,985|211|双一流,comparable_ranking,天津大学 在同榜可比名次上优于 南开大学（软科 bcur）；候选池先按国家标签收敛：985,strong,resolved_strong,shanghairanking-bcur,shanghairanking-bcur,shanghairanking-bcur,2026,中国大学排名（主榜）,,rankOverall,2026软科 20,20,https://www.shanghairanking.cn/rankings/bcur/2026,entity_home,entity,4112010055,南开大学,本科,shanghairanking-bcur,yes,,天津大学|南开大学,no,
province,西藏自治区,,,7,7,4154010694,西藏大学,本科,no,211|双一流,prestige_tag,211 标签优先于无重点标签（国家官方重点建设名单）,strong,resolved_strong,shanghairanking-bcur,shanghairanking-bcur,shanghairanking-bcur,2026,中国大学排名（主榜）,,rankOverall,2026软科 201,201,https://www.shanghairanking.cn/rankings/bcur/2026,entity_home,entity,4154010696,西藏藏医药大学,本科,shanghairanking-bcur,yes,,西藏大学|西藏藏医药大学,no,
province,香港特别行政区,,,0,0,,香港大学,,,,reference_fallback,无学校主体候选，仅沿用省级参考标签,,reference_only,,,,,,,,,,,,,,,,,no,,,no,
province,新疆维吾尔自治区,,,67,67,4165010755,新疆大学,本科,no,211|双一流,comparable_ranking,新疆大学 在同榜可比名次上优于 石河子大学（软科 bcur）；候选池先按国家标签收敛：211,strong,resolved_strong,shanghairanking-bcur,shanghairanking-bcur,shanghairanking-bcur,2026,中国大学排名（主榜）,,rankOverall,2026软科 131,131,https://www.shanghairanking.cn/rankings/bcur/2026,entity_home,entity,4165010759,石河子大学,本科,shanghairanking-bcur,yes,,新疆大学|石河子大学,no,
province,云南省,,,90,90,4153010673,云南大学,本科,no,211|双一流,prestige_tag,211 标签优先于无重点标签（国家官方重点建设名单）,strong,resolved_strong,shanghairanking-bcur,shanghairanking-bcur,shanghairanking-bcur,2026,中国大学排名（主榜）,,rankOverall,2026软科 71,71,https://www.shanghairanking.cn/rankings/bcur/2026,entity_home,entity,4153010674,昆明理工大学,本科,shanghairanking-bcur,yes,,云南大学|昆明理工大学,no,
province,浙江省,,,111,111,4133010335,浙江大学,本科,no,985|211|双一流,prestige_tag,985 标签优先于无重点标签（国家官方重点建设名单）,strong,resolved_strong,shanghairanking-bcur,shanghairanking-bcur,shanghairanking-bcur,2026,中国大学排名（主榜）,,rankOverall,2026软科 3,3,https://www.shanghairanking.cn/rankings/bcur/2026,entity_home,entity,4133016301,宁波诺丁汉大学,本科,shanghairanking-bcur,yes,,浙江大学|宁波诺丁汉大学,no,
city,安徽省,安庆市,,5,5,4134010372,安庆师范大学,本科,no,,level_order,本科层次优先于更低层次候选（项目层次政策）,policy,resolved_policy,shanghairanking-bcur,shanghairanking-bcur,shanghairanking-bcur,2026,中国大学排名（主榜）,,rankOverall,2026软科 340,340,https://www.shanghairanking.cn/rankings/bcur/2026,entity_home,entity,,,,,no,,安庆师范大学,no,no comparable second place: the deciding rule set aside the other 4 candidate(s) without leaving anybody on the winner's own scale
city,安徽省,蚌埠市,,7,7,4134010378,安徽财经大学,本科,no,,public_before_private,同层次同标签下公办优先（按当前项目政策，非排名证据）；公办候选之间再按同榜名次比较；候选池先按层次收敛：本科层次优先于更低层次（项目层次政策）,policy,resolved_policy,shanghairanking-bcur,shanghairanking-bcur,shanghairanking-bcur,2026,中国财经类大学排名,财经,rankOverall,2026软科财经 17 · 主榜参考 202,202,https://www.shanghairanking.cn/rankings/bcur/202622,entity_home,entity,4134010367,蚌埠医科大学,本科,shanghairanking-bcur,yes,,安徽财经大学|蚌埠医科大学,yes,
city,安徽省,亳州市,,2,2,4134012926,亳州学院,本科,no,,level_order,本科层次优先于更低层次候选（项目层次政策）,policy,resolved_policy,shanghairanking-bcur,shanghairanking-bcur,shanghairanking-bcur,2026,中国大学排名（主榜）,,rankOverall,2026软科 500+,500+,https://www.shanghairanking.cn/rankings/bcur/2026,entity_home,entity,,,,,no,,亳州学院,no,no comparable second place: the deciding rule set aside the other 1 candidate(s) without leaving anybody on the winner's own scale
city,安徽省,池州市,,3,3,4134011306,池州学院,本科,no,,level_order,本科层次优先于更低层次候选（项目层次政策）,policy,resolved_policy,shanghairanking-bcur,shanghairanking-bcur,shanghairanking-bcur,2026,中国大学排名（主榜）,,rankOverall,2026软科 500+,500+,https://www.shanghairanking.cn/rankings/bcur/2026,entity_home,entity,,,,,no,,池州学院,no,no comparable second place: the deciding rule set aside the other 2 candidate(s) without leaving anybody on the winner's own scale
city,安徽省,滁州市,,4,4,4134010879,安徽科技工程大学,本科,no,,comparable_ranking,安徽科技工程大学 在同榜可比名次上优于 滁州学院（软科 bcur）；候选池先按层次收敛：本科层次优先于更低层次（项目层次政策）,strong,resolved_strong,shanghairanking-bcur,shanghairanking-bcur,shanghairanking-bcur,2026,中国大学排名（主榜）,,rankOverall,2026软科 361,361,https://www.shanghairanking.cn/rankings/bcur/2026,entity_home,entity,4134010377,滁州学院,本科,shanghairanking-bcur,yes,,安徽科技工程大学|滁州学院,no,
city,安徽省,阜阳市,,6,6,4134010371,阜阳师范大学,本科,no,,public_before_private,同层次同标签下公办优先（按当前项目政策，非排名证据）；候选池先按层次收敛：本科层次优先于更低层次（项目层次政策）,policy,resolved_policy,shanghairanking-bcur,shanghairanking-bcur,shanghairanking-bcur,2026,中国大学排名（主榜）,,rankOverall,2026软科 384,384,https://www.shanghairanking.cn/rankings/bcur/2026,entity_home,entity,,,,,no,,阜阳师范大学,yes,no comparable second place: the deciding rule set aside the other 5 candidate(s) without leaving anybody on the winner's own scale
city,安徽省,合肥市,,56,56,4134010358,中国科学技术大学,本科,no,985|211|双一流,prestige_tag,985 标签优先于211（国家官方重点建设名单）,strong,resolved_strong,shanghairanking-bcur,shanghairanking-bcur,shanghairanking-bcur,2026,中国大学排名（主榜）,,rankOverall,2026软科 7,7,https://www.shanghairanking.cn/rankings/bcur/2026,entity_home,entity,4134010359,合肥工业大学,本科,shanghairanking-bcur,yes,,中国科学技术大学|合肥工业大学,no,
city,安徽省,淮北市,,4,4,4134010373,淮北师范大学,本科,no,,public_before_private,同层次同标签下公办优先（按当前项目政策，非排名证据）；候选池先按层次收敛：本科层次优先于更低层次（项目层次政策）,policy,resolved_policy,shanghairanking-bcur,shanghairanking-bcur,shanghairanking-bcur,2026,中国大学排名（主榜）,,rankOverall,2026软科 330,330,https://www.shanghairanking.cn/rankings/bcur/2026,entity_home,entity,,,,,no,,淮北师范大学,yes,no comparable second place: the deciding rule set aside the other 3 candidate(s) without leaving anybody on the winner's own scale
city,安徽省,淮南市,,6,6,4134010361,安徽理工大学,本科,no,,comparable_ranking,安徽理工大学 在同榜可比名次上优于 淮南师范学院（软科 bcur）；候选池先按层次收敛：本科层次优先于更低层次（项目层次政策）,strong,resolved_strong,shanghairanking-bcur,shanghairanking-bcur,shanghairanking-bcur,2026,中国大学排名（主榜）,,rankOverall,2026软科 180,180,https://www.shanghairanking.cn/rankings/bcur/2026,entity_home,entity,4134010381,淮南师范学院,本科,shanghairanking-bcur,yes,,安徽理工大学|淮南师范学院,no,
city,安徽省,黄山市,,3,3,4134010375,黄山学院,本科,no,,level_order,本科层次优先于更低层次候选（项目层次政策）,policy,resolved_policy,shanghairanking-bcur,shanghairanking-bcur,shanghairanking-bcur,2026,中国大学排名（主榜）,,rankOverall,2026软科 481,481,https://www.shanghairanking.cn/rankings/bcur/2026,entity_home,entity,,,,,no,,黄山学院,no,no comparable second place: the deciding rule set aside the other 2 candidate(s) without leaving anybody on the winner's own scale
city,安徽省,六安市,,5,5,4134010376,皖西学院,本科,no,,level_order,本科层次优先于更低层次候选（项目层次政策）,policy,resolved_policy,shanghairanking-bcur,shanghairanking-bcur,shanghairanking-bcur,2026,中国大学排名（主榜）,,rankOverall,2026软科 417,417,https://www.shanghairanking.cn/rankings/bcur/2026,entity_home,entity,,,,,no,,皖西学院,no,no comparable second place: the deciding rule set aside the other 4 candidate(s) without leaving anybody on the winner's own scale
city,安徽省,马鞍山市,,6,6,4134010360,安徽工业大学,本科,no,,public_before_private,同层次同标签下公办优先（按当前项目政策，非排名证据）；候选池先按层次收敛：本科层次优先于更低层次（项目层次政策）,policy,resolved_policy,shanghairanking-bcur,shanghairanking-bcur,shanghairanking-bcur,2026,中国大学排名（主榜）,,rankOverall,2026软科 193,193,https://www.shanghairanking.cn/rankings/bcur/2026,entity_home,entity,,,,,no,,安徽工业大学,yes,no comparable second place: the deciding rule set aside the other 5 candidate(s) without leaving anybody on the winner's own scale
city,安徽省,宿州市,,4,4,4134010379,宿州学院,本科,no,,level_order,本科层次优先于更低层次候选（项目层次政策）,policy,resolved_policy,shanghairanking-bcur,shanghairanking-bcur,shanghairanking-bcur,2026,中国大学排名（主榜）,,rankOverall,2026软科 490,490,https://www.shanghairanking.cn/rankings/bcur/2026,entity_home,entity,,,,,no,,宿州学院,no,no comparable second place: the deciding rule set aside the other 3 candidate(s) without leaving anybody on the winner's own scale
city,安徽省,铜陵市,,3,3,4134010383,铜陵学院,本科,no,,level_order,本科层次优先于更低层次候选（项目层次政策）,policy,resolved_policy,shanghairanking-bcur,shanghairanking-bcur,shanghairanking-bcur,2026,中国财经类大学排名,财经,rankOverall,2026软科财经 46+ · 主榜参考 500+,500+,https://www.shanghairanking.cn/rankings/bcur/202622,entity_home,entity,,,,,no,,铜陵学院,no,no comparable second place: the deciding rule set aside the other 2 candidate(s) without leaving anybody on the winner's own scale
city,安徽省,芜湖市,,11,11,4134010370,安徽师范大学,本科,no,,public_before_private,同层次同标签下公办优先（按当前项目政策，非排名证据）；候选池先按层次收敛：本科层次优先于更低层次（项目层次政策）,policy,resolved_policy,shanghairanking-bcur,shanghairanking-bcur,shanghairanking-bcur,2026,中国大学排名（主榜）,,rankOverall,2026软科 145,145,https://www.shanghairanking.cn/rankings/bcur/2026,entity_home,entity,4134010363,安徽工程大学,本科,shanghairanking-bcur,yes,,安徽师范大学|安徽工程大学,yes,
city,安徽省,宣城市,,1,1,4134013061,宣城职业技术学院,专科,no,,single_candidate,该行政单元在现行口径下只有 1 个候选，无需比较,policy,resolved_policy,shanghairanking-bcvcr-public-vocational,shanghairanking-bcvcr-public-vocational,shanghairanking-bcvcr-public-vocational,2026,中国高职专科院校排名（总榜）,理工,rankOverall,2026软科高职理工 230+ · 高职专科总榜 500+,500+,https://www.shanghairanking.cn/rankings/bcvcr/2026623,entity_home,entity,,,,,no,,宣城职业技术学院,no,
city,澳门特别行政区,澳门特别行政区,,0,0,,,,,,,,,no_candidate,,,,,,,,,,,,,,,,,no,,,no,
city,北京市,北京市,,92,92,4111010003,清华大学,本科,no,985|211|双一流,comparable_ranking,清华大学 在同榜可比名次上优于 北京大学（软科 bcur）；候选池先按国家标签收敛：985,strong,resolved_strong,shanghairanking-bcur,shanghairanking-bcur,shanghairanking-bcur,2026,中国大学排名（主榜）,,rankOverall,2026软科 1,1,https://www.shanghairanking.cn/rankings/bcur/2026,entity_home,entity,4111010001,北京大学,本科,shanghairanking-bcur,yes,,清华大学|北京大学,no,
city,重庆市,重庆市,,77,77,4150010611,重庆大学,本科,no,985|211|双一流,prestige_tag,985 标签优先于211（国家官方重点建设名单）,strong,resolved_strong,shanghairanking-bcur,shanghairanking-bcur,shanghairanking-bcur,2026,中国大学排名（主榜）,,rankOverall,2026软科 34,34,https://www.shanghairanking.cn/rankings/bcur/2026,entity_home,entity,4150010635,西南大学,本科,shanghairanking-bcur,yes,,重庆大学|西南大学,no,
city,福建省,福州市,,35,35,4135010386,福州大学,本科,no,211|双一流,prestige_tag,211 标签优先于无重点标签（国家官方重点建设名单）,strong,resolved_strong,shanghairanking-bcur,shanghairanking-bcur,shanghairanking-bcur,2026,中国大学排名（主榜）,,rankOverall,2026软科 77,77,https://www.shanghairanking.cn/rankings/bcur/2026,entity_home,entity,4135010394,福建师范大学,本科,shanghairanking-bcur,yes,,福州大学|福建师范大学,no,
city,福建省,龙岩市,,2,2,4135011312,龙岩学院,本科,no,,level_order,本科层次优先于更低层次候选（项目层次政策）,policy,resolved_policy,shanghairanking-bcur,shanghairanking-bcur,shanghairanking-bcur,2026,中国大学排名（主榜）,,rankOverall,2026软科 398,398,https://www.shanghairanking.cn/rankings/bcur/2026,entity_home,entity,,,,,no,,龙岩学院,no,no comparable second place: the deciding rule set aside the other 1 candidate(s) without leaving anybody on the winner's own scale
city,福建省,南平市,,4,4,4135010397,武夷学院,本科,no,,level_order,本科层次优先于更低层次候选（项目层次政策）,policy,resolved_policy,shanghairanking-bcur,shanghairanking-bcur,shanghairanking-bcur,2026,中国大学排名（主榜）,,rankOverall,2026软科 426,426,https://www.shanghairanking.cn/rankings/bcur/2026,entity_home,entity,,,,,no,,武夷学院,no,no comparable second place: the deciding rule set aside the other 3 candidate(s) without leaving anybody on the winner's own scale
city,福建省,宁德市,,2,2,4135010398,宁德师范学院,本科,no,,level_order,本科层次优先于更低层次候选（项目层次政策）,policy,resolved_policy,shanghairanking-bcur,shanghairanking-bcur,shanghairanking-bcur,2026,中国大学排名（主榜）,,rankOverall,2026软科 450,450,https://www.shanghairanking.cn/rankings/bcur/2026,entity_home,entity,,,,,no,,宁德师范学院,no,no comparable second place: the deciding rule set aside the other 1 candidate(s) without leaving anybody on the winner's own scale
city,福建省,莆田市,,2,2,4135011498,莆田学院,本科,no,,level_order,本科层次优先于更低层次候选（项目层次政策）,policy,resolved_policy,shanghairanking-bcur,shanghairanking-bcur,shanghairanking-bcur,2026,中国大学排名（主榜）,,rankOverall,2026软科 391,391,https://www.shanghairanking.cn/rankings/bcur/2026,entity_home,entity,,,,,no,,莆田学院,no,no comparable second place: the deciding rule set aside the other 1 candidate(s) without leaving anybody on the winner's own scale
city,福建省,泉州市,,18,18,4135010385,华侨大学,本科,no,,public_before_private,同层次同标签下公办优先（按当前项目政策，非排名证据）；候选池先按层次收敛：本科层次优先于更低层次（项目层次政策）,policy,resolved_policy,shanghairanking-bcur,shanghairanking-bcur,shanghairanking-bcur,2026,中国大学排名（主榜）,,rankOverall,2026软科 139,139,https://www.shanghairanking.cn/rankings/bcur/2026,entity_home,entity,4135010399,泉州师范学院,本科,shanghairanking-bcur,yes,,华侨大学|泉州师范学院,yes,
city,福建省,三明市,,3,3,4135011311,三明学院,本科,no,,level_order,本科层次优先于更低层次候选（项目层次政策）,policy,resolved_policy,shanghairanking-bcur,shanghairanking-bcur,shanghairanking-bcur,2026,中国大学排名（主榜）,,rankOverall,2026软科 381,381,https://www.shanghairanking.cn/rankings/bcur/2026,entity_home,entity,,,,,no,,三明学院,no,no comparable second place: the deciding rule set aside the other 2 candidate(s) without leaving anybody on the winner's own scale
city,福建省,厦门市,,17,17,4135010384,厦门大学,本科,no,985|211|双一流,prestige_tag,985 标签优先于无重点标签（国家官方重点建设名单）,strong,resolved_strong,shanghairanking-bcur,shanghairanking-bcur,shanghairanking-bcur,2026,中国大学排名（主榜）,,rankOverall,2026软科 25,25,https://www.shanghairanking.cn/rankings/bcur/2026,entity_home,entity,4135010390,集美大学,本科,shanghairanking-bcur,yes,,厦门大学|集美大学,no,
city,福建省,漳州市,,7,7,4135010402,闽南师范大学,本科,no,,public_before_private,同层次同标签下公办优先（按当前项目政策，非排名证据）；候选池先按层次收敛：本科层次优先于更低层次（项目层次政策）,policy,resolved_policy,shanghairanking-bcur,shanghairanking-bcur,shanghairanking-bcur,2026,中国大学排名（主榜）,,rankOverall,2026软科 309,309,https://www.shanghairanking.cn/rankings/bcur/2026,entity_home,entity,,,,,no,,闽南师范大学,yes,no comparable second place: the deciding rule set aside the other 6 candidate(s) without leaving anybody on the winner's own scale
city,甘肃省,白银市,,2,2,4162014376,白银矿冶职业技术学院,专科,no,,public_before_private,同层次同标签下公办优先（按当前项目政策，非排名证据）,policy,resolved_policy,shanghairanking-bcvcr-public-vocational,shanghairanking-bcvcr-public-vocational,shanghairanking-bcvcr-public-vocational,2026,中国高职专科院校排名（总榜）,理工,rankOverall,2026软科高职理工 230+ · 高职专科总榜 500+,500+,https://www.shanghairanking.cn/rankings/bcvcr/2026623,entity_home,entity,,,,,no,,白银矿冶职业技术学院,yes,no comparable second place: the deciding rule set aside the other 1 candidate(s) without leaving anybody on the winner's own scale
city,甘肃省,定西市,,2,2,4162011808,定西师范高等专科学校,专科,no,,deterministic_fallback_policy,定西师范高等专科学校 由项目稳定兜底规则选出：在层次、重点标签、公办/民办与可比榜单仍无法唯一分开时，按榜单体系优先级、区间下界与稳定名称顺序决定展示 winner；该结论不是发布方跨榜排名,policy,resolved_policy,,,,,,,,,,,entity_home,entity,,,,,no,,定西师范高等专科学校,yes,1 leading candidate(s) carry no official list ranking; no comparable second place: the deciding rule set aside the other 1 candidate(s) without leaving anybody on the winner's own scale
city,甘肃省,甘南藏族自治州,,1,1,4162011561,甘肃民族师范学院,本科,no,,single_candidate,该行政单元在现行口径下只有 1 个候选，无需比较,policy,resolved_policy,shanghairanking-bcur,shanghairanking-bcur,shanghairanking-bcur,2026,中国大学排名（主榜）,,rankOverall,2026软科 500+,500+,https://www.shanghairanking.cn/rankings/bcur/2026,entity_home,entity,,,,,no,,甘肃民族师范学院,no,
city,甘肃省,嘉峪关市,,1,1,4162014131,甘肃钢铁职业技术学院,专科,no,,single_candidate,该行政单元在现行口径下只有 1 个候选，无需比较,policy,resolved_policy,shanghairanking-bcvcr-public-vocational,shanghairanking-bcvcr-public-vocational,shanghairanking-bcvcr-public-vocational,2026,中国高职专科院校排名（总榜）,理工,rankOverall,2026软科高职理工 230+ · 高职专科总榜 500+,500+,https://www.shanghairanking.cn/rankings/bcvcr/2026623,entity_home,entity,,,,,no,,甘肃钢铁职业技术学院,no,
city,甘肃省,金昌市,,1,1,4162014375,甘肃有色冶金职业技术学院,专科,no,,single_candidate,该行政单元在现行口径下只有 1 个候选，无需比较,policy,resolved_policy,shanghairanking-bcvcr-public-vocational,shanghairanking-bcvcr-public-vocational,shanghairanking-bcvcr-public-vocational,2026,中国高职专科院校排名（总榜）,理工,rankOverall,2026软科高职理工 230+ · 高职专科总榜 500+,500+,https://www.shanghairanking.cn/rankings/bcvcr/2026623,entity_home,entity,,,,,no,,甘肃有色冶金职业技术学院,no,
city,甘肃省,酒泉市,,1,1,4162012539,酒泉职业技术大学,本科,no,,single_candidate,该行政单元在现行口径下只有 1 个候选，无需比较,policy,resolved_policy,shanghairanking-bcvcr-public-vocational-undergraduate,shanghairanking-bcvcr-public-vocational-undergraduate,shanghairanking-bcvcr-public-vocational-undergraduate,2026,中国职业本科大学排名,,ranking,2026软科职业本科大学 80+,80+,https://www.shanghairanking.cn/rankings/bcvcr/2026749,entity_home,entity,,,,,no,,酒泉职业技术大学,no,
city,甘肃省,兰州市,,28,28,4162010730,兰州大学,本科,no,985|211|双一流,prestige_tag,985 标签优先于无重点标签（国家官方重点建设名单）,strong,resolved_strong,shanghairanking-bcur,shanghairanking-bcur,shanghairanking-bcur,2026,中国大学排名（主榜）,,rankOverall,2026软科 40,40,https://www.shanghairanking.cn/rankings/bcur/2026,entity_home,entity,4162010736,西北师范大学,本科,shanghairanking-bcur,yes,,兰州大学|西北师范大学,no,
city,甘肃省,临夏回族自治州,,1,1,4162014552,临夏现代职业学院,专科,no,,single_candidate,该行政单元在现行口径下只有 1 个候选，无需比较,policy,resolved_policy,shanghairanking-bcvcr-public-vocational,shanghairanking-bcvcr-public-vocational,shanghairanking-bcvcr-public-vocational,2026,中国高职专科院校排名（总榜）,综合,rankOverall,2026软科高职综合 112+ · 高职专科总榜 500+,500+,https://www.shanghairanking.cn/rankings/bcvcr/2026623,entity_home,entity,,,,,no,,临夏现代职业学院,no,
city,甘肃省,陇南市,,1,1,4162011806,陇南师范学院,本科,no,,single_candidate,该行政单元在现行口径下只有 1 个候选，无需比较,policy,resolved_policy,,,,,,,,,,,entity_home,entity,,,,,no,,陇南师范学院,no,
city,甘肃省,平凉市,,2,2,4162011805,甘肃医学院,本科,no,,level_order,本科层次优先于更低层次候选（项目层次政策）,policy,resolved_policy,shanghairanking-bcur,shanghairanking-bcur,shanghairanking-bcur,2026,中国医药类大学排名,医药,rankOverall,2026软科医药 56+ · 主榜参考 500+,500+,https://www.shanghairanking.cn/rankings/bcur/202621,entity_home,entity,,,,,no,,甘肃医学院,no,no comparable second place: the deciding rule set aside the other 1 candidate(s) without leaving anybody on the winner's own scale
city,甘肃省,庆阳市,,2,2,4162010738,陇东学院,本科,no,,level_order,本科层次优先于更低层次候选（项目层次政策）,policy,resolved_policy,shanghairanking-bcur,shanghairanking-bcur,shanghairanking-bcur,2026,中国大学排名（主榜）,,rankOverall,2026软科 476,476,https://www.shanghairanking.cn/rankings/bcur/2026,entity_home,entity,,,,,no,,陇东学院,no,no comparable second place: the deciding rule set aside the other 1 candidate(s) without leaving anybody on the winner's own scale
city,甘肃省,天水市,,3,3,4162010739,天水师范大学,本科,no,,cross_group_scale_policy,天水师范大学 取自主榜序列；其余候选分属不同榜单体系，名次不可直接比较，按当前项目政策以主榜序列为先,policy,resolved_policy,shanghairanking-bcur,shanghairanking-bcur,shanghairanking-bcur,2026,中国大学排名（主榜）,,rankOverall,2026软科 446,446,https://www.shanghairanking.cn/rankings/bcur/2026,entity_home,entity,,,,,no,,天水师范大学,no,no comparable second place: the deciding rule set aside the other 2 candidate(s) without leaving anybody on the winner's own scale
city,甘肃省,武威市,,2,2,4162013518,武威职业技术大学,本科,no,,level_order,本科层次优先于更低层次候选（项目层次政策）,policy,resolved_policy,shanghairanking-bcvcr-public-vocational-undergraduate,shanghairanking-bcvcr-public-vocational-undergraduate,shanghairanking-bcvcr-public-vocational-undergraduate,2026,中国职业本科大学排名,,ranking,2026软科职业本科大学 80+,80+,https://www.shanghairanking.cn/rankings/bcvcr/2026749,entity_home,entity,,,,,no,,武威职业技术大学,no,no comparable second place: the deciding rule set aside the other 1 candidate(s) without leaving anybody on the winner's own scale
city,甘肃省,张掖市,,2,2,4162010740,河西学院,本科,no,,level_order,本科层次优先于更低层次候选（项目层次政策）,policy,resolved_policy,shanghairanking-bcur,shanghairanking-bcur,shanghairanking-bcur,2026,中国大学排名（主榜）,,rankOverall,2026软科 448,448,https://www.shanghairanking.cn/rankings/bcur/2026,entity_home,entity,,,,,no,,河西学院,no,no comparable second place: the deciding rule set aside the other 1 candidate(s) without leaving anybody on the winner's own scale
city,广东省,潮州市,,2,2,4144010578,韩山师范学院,本科,no,,level_order,本科层次优先于更低层次候选（项目层次政策）,policy,resolved_policy,shanghairanking-bcur,shanghairanking-bcur,shanghairanking-bcur,2026,中国大学排名（主榜）,,rankOverall,2026软科 472,472,https://www.shanghairanking.cn/rankings/bcur/2026,entity_home,entity,,,,,no,,韩山师范学院,no,no comparable second place: the deciding rule set aside the other 1 candidate(s) without leaving anybody on the winner's own scale
city,广东省,东莞市,,8,8,4144011819,东莞理工学院,本科,no,,public_before_private,同层次同标签下公办优先（按当前项目政策，非排名证据）；候选池先按层次收敛：本科层次优先于更低层次（项目层次政策）,policy,resolved_policy,shanghairanking-bcur,shanghairanking-bcur,shanghairanking-bcur,2026,中国大学排名（主榜）,,rankOverall,2026软科 247,247,https://www.shanghairanking.cn/rankings/bcur/2026,entity_home,entity,,,,,no,,东莞理工学院,yes,2 leading candidate(s) carry no official list ranking; no comparable second place: the deciding rule set aside the other 7 candidate(s) without leaving anybody on the winner's own scale
city,广东省,佛山市,,6,6,4144011847,佛山大学,本科,no,,public_before_private,同层次同标签下公办优先（按当前项目政策，非排名证据）；候选池先按层次收敛：本科层次优先于更低层次（项目层次政策）,policy,resolved_policy,shanghairanking-bcur,shanghairanking-bcur,shanghairanking-bcur,2026,中国大学排名（主榜）,,rankOverall,2026软科 237,237,https://www.shanghairanking.cn/rankings/bcur/2026,entity_home,entity,,,,,no,,佛山大学,yes,no comparable second place: the deciding rule set aside the other 5 candidate(s) without leaving anybody on the winner's own scale
city,广东省,广州市,,84,84,4144010558,中山大学,本科,no,985|211|双一流,comparable_ranking,中山大学 在同榜可比名次上优于 华南理工大学（软科 bcur）；候选池先按国家标签收敛：985,strong,resolved_strong,shanghairanking-bcur,shanghairanking-bcur,shanghairanking-bcur,2026,中国大学排名（主榜）,,rankOverall,2026软科 13,13,https://www.shanghairanking.cn/rankings/bcur/2026,entity_home,entity,4144010561,华南理工大学,本科,shanghairanking-bcur,yes,,中山大学|华南理工大学,no,
city,广东省,河源市,,1,1,4144012772,河源职业技术学院,专科,no,,single_candidate,该行政单元在现行口径下只有 1 个候选，无需比较,policy,resolved_policy,shanghairanking-bcvcr-public-vocational,shanghairanking-bcvcr-public-vocational,shanghairanking-bcvcr-public-vocational,2026,中国高职专科院校排名（总榜）,综合,rankOverall,2026软科高职专科总榜 346,346,https://www.shanghairanking.cn/rankings/bcvcr/2026623,entity_home,entity,,,,,no,,河源职业技术学院,no,
city,广东省,惠州市,,5,5,4144010577,惠州学院,本科,no,,level_order,本科层次优先于更低层次候选（项目层次政策）,policy,resolved_policy,shanghairanking-bcur,shanghairanking-bcur,shanghairanking-bcur,2026,中国大学排名（主榜）,,rankOverall,2026软科 367,367,https://www.shanghairanking.cn/rankings/bcur/2026,entity_home,entity,,,,,no,,惠州学院,no,no comparable second place: the deciding rule set aside the other 4 candidate(s) without leaving anybody on the winner's own scale
city,广东省,江门市,,6,6,4144011349,五邑大学,本科,no,,public_before_private,同层次同标签下公办优先（按当前项目政策，非排名证据）；候选池先按层次收敛：本科层次优先于更低层次（项目层次政策）,policy,resolved_policy,shanghairanking-bcur,shanghairanking-bcur,shanghairanking-bcur,2026,中国大学排名（主榜）,,rankOverall,2026软科 311,311,https://www.shanghairanking.cn/rankings/bcur/2026,entity_home,entity,,,,,no,,五邑大学,yes,no comparable second place: the deciding rule set aside the other 5 candidate(s) without leaving anybody on the winner's own scale
city,广东省,揭阳市,,2,2,4144012956,揭阳职业技术学院,专科,no,,public_before_private,同层次同标签下公办优先（按当前项目政策，非排名证据）,policy,resolved_policy,shanghairanking-bcvcr-public-vocational,shanghairanking-bcvcr-public-vocational,shanghairanking-bcvcr-public-vocational,2026,中国高职专科院校排名（总榜）,综合,rankOverall,2026软科高职综合 112+ · 高职专科总榜 500+,500+,https://www.shanghairanking.cn/rankings/bcvcr/2026623,entity_home,entity,,,,,no,,揭阳职业技术学院,yes,no comparable second place: the deciding rule set aside the other 1 candidate(s) without leaving anybody on the winner's own scale
city,广东省,茂名市,,5,5,4144011656,广东石油化工学院,本科,no,,level_order,本科层次优先于更低层次候选（项目层次政策）,policy,resolved_policy,shanghairanking-bcur,shanghairanking-bcur,shanghairanking-bcur,2026,中国大学排名（主榜）,,rankOverall,2026软科 376,376,https://www.shanghairanking.cn/rankings/bcur/2026,entity_home,entity,,,,,no,,广东石油化工学院,no,no comparable second place: the deciding rule set aside the other 4 candidate(s) without leaving anybody on the winner's own scale
city,广东省,梅州市,,2,2,4144010582,嘉应学院,本科,no,,level_order,本科层次优先于更低层次候选（项目层次政策）,policy,resolved_policy,shanghairanking-bcur,shanghairanking-bcur,shanghairanking-bcur,2026,中国大学排名（主榜）,,rankOverall,2026软科 499,499,https://www.shanghairanking.cn/rankings/bcur/2026,entity_home,entity,,,,,no,,嘉应学院,no,no comparable second place: the deciding rule set aside the other 1 candidate(s) without leaving anybody on the winner's own scale
city,广东省,清远市,,3,3,4144014667,广东财贸职业学院,专科,no,,public_before_private,同层次同标签下公办优先（按当前项目政策，非排名证据）；公办候选之间再按同榜名次比较,policy,resolved_policy,shanghairanking-bcvcr-public-vocational,shanghairanking-bcvcr-public-vocational,shanghairanking-bcvcr-public-vocational,2026,中国高职专科院校排名（总榜）,财经,rankOverall,2026软科高职专科总榜 462,462,https://www.shanghairanking.cn/rankings/bcvcr/2026623,entity_home,entity,4144012958,清远职业技术学院,专科,shanghairanking-bcvcr-public-vocational,yes,,广东财贸职业学院|清远职业技术学院,yes,
city,广东省,汕头市,,4,4,4144016410,广东以色列理工学院,本科,no,,comparable_ranking,广东以色列理工学院 在同榜可比名次上优于 汕头大学（软科 bcur）；候选池先按层次收敛：本科层次优先于更低层次（项目层次政策）,strong,resolved_strong,shanghairanking-bcur,shanghairanking-bcur,shanghairanking-bcur,2026,中国合作办学大学排名,理工,rankOverall,2026软科理工 7 · 主榜参考 138,138,https://www.shanghairanking.cn/rankings/bcur/202614,entity_home,entity,4144010560,汕头大学,本科,shanghairanking-bcur,yes,,广东以色列理工学院|汕头大学,no,
city,广东省,汕尾市,,1,1,4144012765,汕尾职业技术学院,专科,no,,single_candidate,该行政单元在现行口径下只有 1 个候选，无需比较,policy,resolved_policy,shanghairanking-bcvcr-public-vocational,shanghairanking-bcvcr-public-vocational,shanghairanking-bcvcr-public-vocational,2026,中国高职专科院校排名（总榜）,综合,rankOverall,2026软科高职综合 112+ · 高职专科总榜 500+,500+,https://www.shanghairanking.cn/rankings/bcvcr/2026623,entity_home,entity,,,,,no,,汕尾职业技术学院,no,
city,广东省,韶关市,,2,2,4144010576,韶关学院,本科,no,,level_order,本科层次优先于更低层次候选（项目层次政策）,policy,resolved_policy,shanghairanking-bcur,shanghairanking-bcur,shanghairanking-bcur,2026,中国大学排名（主榜）,,rankOverall,2026软科 425,425,https://www.shanghairanking.cn/rankings/bcur/2026,entity_home,entity,,,,,no,,韶关学院,no,no comparable second place: the deciding rule set aside the other 1 candidate(s) without leaving anybody on the winner's own scale
city,广东省,深圳市,,10,10,4144014325,南方科技大学,本科,no,双一流,prestige_tag,双一流 标签优先于无重点标签（国家官方重点建设名单）,strong,resolved_strong,shanghairanking-bcur,shanghairanking-bcur,shanghairanking-bcur,2026,中国大学排名（主榜）,,rankOverall,2026软科 30,30,https://www.shanghairanking.cn/rankings/bcur/2026,entity_home,entity,4144016407,香港中文大学（深圳）,本科,shanghairanking-bcur,yes,,南方科技大学|香港中文大学（深圳）,no,
city,广东省,阳江市,,1,1,4144012771,阳江职业技术学院,专科,no,,single_candidate,该行政单元在现行口径下只有 1 个候选，无需比较,policy,resolved_policy,shanghairanking-bcvcr-public-vocational,shanghairanking-bcvcr-public-vocational,shanghairanking-bcvcr-public-vocational,2026,中国高职专科院校排名（总榜）,综合,rankOverall,2026软科高职综合 112+ · 高职专科总榜 500+,500+,https://www.shanghairanking.cn/rankings/bcvcr/2026623,entity_home,entity,,,,,no,,阳江职业技术学院,no,
city,广东省,云浮市,,2,2,4144014760,广东云浮中医药职业学院,专科,no,,deterministic_fallback_policy,广东云浮中医药职业学院 由项目稳定兜底规则选出：在层次、重点标签、公办/民办与可比榜单仍无法唯一分开时，按榜单体系优先级、区间下界与稳定名称顺序决定展示 winner；该结论不是发布方跨榜排名,policy,resolved_policy,shanghairanking-bcvcr-public-vocational,shanghairanking-bcvcr-public-vocational,shanghairanking-bcvcr-public-vocational,2026,中国高职专科院校排名（总榜）,医药,rankOverall,2026软科高职医药 46+ · 高职专科总榜 500+,500+,https://www.shanghairanking.cn/rankings/bcvcr/2026623,entity_home,entity,4144012770,罗定职业技术学院,专科,shanghairanking-bcvcr-public-vocational,yes,,广东云浮中医药职业学院|罗定职业技术学院,no,
city,广东省,湛江市,,6,6,4144010571,广东医科大学,本科,no,,public_before_private,同层次同标签下公办优先（按当前项目政策，非排名证据）；公办候选之间再按同榜名次比较；候选池先按层次收敛：本科层次优先于更低层次（项目层次政策）,policy,resolved_policy,shanghairanking-bcur,shanghairanking-bcur,shanghairanking-bcur,2026,中国医药类大学排名,医药,rankOverall,2026软科医药 33 · 主榜参考 266,266,https://www.shanghairanking.cn/rankings/bcur/202621,entity_home,entity,4144010566,广东海洋大学,本科,shanghairanking-bcur,yes,,广东医科大学|广东海洋大学,yes,
city,广东省,肇庆市,,7,7,4144010580,肇庆学院,本科,no,,public_before_private,同层次同标签下公办优先（按当前项目政策，非排名证据）；候选池先按层次收敛：本科层次优先于更低层次（项目层次政策）,policy,resolved_policy,shanghairanking-bcur,shanghairanking-bcur,shanghairanking-bcur,2026,中国大学排名（主榜）,,rankOverall,2026软科 440,440,https://www.shanghairanking.cn/rankings/bcur/2026,entity_home,entity,,,,,no,,肇庆学院,yes,1 leading candidate(s) carry no official list ranking; no comparable second place: the deciding rule set aside the other 6 candidate(s) without leaving anybody on the winner's own scale
city,广东省,中山市,,3,3,4144011545,电子科技大学中山学院,本科,yes,,level_order,本科层次优先于更低层次候选（项目层次政策）,policy,resolved_policy,,,,,,,,,,,entity_home,entity,,,,,no,,电子科技大学中山学院,no,no comparable second place: the deciding rule set aside the other 2 candidate(s) without leaving anybody on the winner's own scale
city,广东省,珠海市,,5,5,4144016401,北师香港浸会大学,本科,no,,public_before_private,同层次同标签下公办优先（按当前项目政策，非排名证据）；候选池先按层次收敛：本科层次优先于更低层次（项目层次政策）,policy,resolved_policy,shanghairanking-bcur,shanghairanking-bcur,shanghairanking-bcur,2026,中国合作办学大学排名,综合,rankOverall,2026软科 9,154,https://www.shanghairanking.cn/rankings/bcur/202614,entity_home,entity,,,,,no,,北师香港浸会大学,yes,no comparable second place: the deciding rule set aside the other 4 candidate(s) without leaving anybody on the winner's own scale
city,广西壮族自治区,百色市,,5,5,4145010599,右江民族医学院,本科,no,,comparable_ranking,右江民族医学院 在同榜可比名次上优于 百色学院（软科 bcur）；候选池先按层次收敛：本科层次优先于更低层次（项目层次政策）,strong,resolved_strong,shanghairanking-bcur,shanghairanking-bcur,shanghairanking-bcur,2026,中国医药类大学排名,医药,rankOverall,2026软科医药 50 · 主榜参考 382,382,https://www.shanghairanking.cn/rankings/bcur/202621,entity_home,entity,4145010609,百色学院,本科,shanghairanking-bcur,yes,,右江民族医学院|百色学院,no,
city,广西壮族自治区,北海市,,5,5,4145013890,广西工业学院,本科,no,,public_before_private,同层次同标签下公办优先（按当前项目政策，非排名证据）；候选池先按层次收敛：本科层次优先于更低层次（项目层次政策）,policy,resolved_policy,,,,,,,,,,,entity_home,entity,,,,,no,,广西工业学院,yes,no comparable second place: the deciding rule set aside the other 4 candidate(s) without leaving anybody on the winner's own scale
city,广西壮族自治区,崇左市,,8,8,4145010604,广西民族师范学院,本科,no,,public_before_private,同层次同标签下公办优先（按当前项目政策，非排名证据）；候选池先按层次收敛：本科层次优先于更低层次（项目层次政策）,policy,resolved_policy,shanghairanking-bcur,shanghairanking-bcur,shanghairanking-bcur,2026,中国大学排名（主榜）,,rankOverall,2026软科 500+,500+,https://www.shanghairanking.cn/rankings/bcur/2026,entity_home,entity,,,,,no,,广西民族师范学院,yes,no comparable second place: the deciding rule set aside the other 7 candidate(s) without leaving anybody on the winner's own scale
city,广西壮族自治区,防城港市,,2,2,4145014762,防城港职业技术学院,专科,no,,public_before_private,同层次同标签下公办优先（按当前项目政策，非排名证据）,policy,resolved_policy,shanghairanking-bcvcr-public-vocational,shanghairanking-bcvcr-public-vocational,shanghairanking-bcvcr-public-vocational,2026,中国高职专科院校排名（总榜）,综合,rankOverall,2026软科高职综合 112+ · 高职专科总榜 500+,500+,https://www.shanghairanking.cn/rankings/bcvcr/2026623,entity_home,entity,,,,,no,,防城港职业技术学院,yes,no comparable second place: the deciding rule set aside the other 1 candidate(s) without leaving anybody on the winner's own scale
city,广西壮族自治区,贵港市,,2,2,4145014723,广西物流职业技术学院,专科,no,,public_before_private,同层次同标签下公办优先（按当前项目政策，非排名证据）,policy,resolved_policy,shanghairanking-bcvcr-public-vocational,shanghairanking-bcvcr-public-vocational,shanghairanking-bcvcr-public-vocational,2026,中国高职专科院校排名（总榜）,财经,rankOverall,2026软科高职财经 56+ · 高职专科总榜 500+,500+,https://www.shanghairanking.cn/rankings/bcvcr/2026623,entity_home,entity,,,,,no,,广西物流职业技术学院,yes,no comparable second place: the deciding rule set aside the other 1 candidate(s) without leaving anybody on the winner's own scale
city,广西壮族自治区,桂林市,,13,13,4145010602,广西师范大学,本科,no,,public_before_private,同层次同标签下公办优先（按当前项目政策，非排名证据）；公办候选之间再按同榜名次比较；候选池先按层次收敛：本科层次优先于更低层次（项目层次政策）,policy,resolved_policy,shanghairanking-bcur,shanghairanking-bcur,shanghairanking-bcur,2026,中国大学排名（主榜）,,rankOverall,2026软科 149,149,https://www.shanghairanking.cn/rankings/bcur/2026,entity_home,entity,4145010595,桂林电子科技大学,本科,shanghairanking-bcur,yes,,广西师范大学|桂林电子科技大学,yes,1 leading candidate(s) carry no official list ranking
city,广西壮族自治区,河池市,,2,2,4145010605,河池学院,本科,no,,level_order,本科层次优先于更低层次候选（项目层次政策）,policy,resolved_policy,shanghairanking-bcur,shanghairanking-bcur,shanghairanking-bcur,2026,中国大学排名（主榜）,,rankOverall,2026软科 500+,500+,https://www.shanghairanking.cn/rankings/bcur/2026,entity_home,entity,,,,,no,,河池学院,no,no comparable second place: the deciding rule set aside the other 1 candidate(s) without leaving anybody on the winner's own scale
city,广西壮族自治区,贺州市,,2,2,4145011838,贺州学院,本科,no,,level_order,本科层次优先于更低层次候选（项目层次政策）,policy,resolved_policy,shanghairanking-bcur,shanghairanking-bcur,shanghairanking-bcur,2026,中国大学排名（主榜）,,rankOverall,2026软科 497,497,https://www.shanghairanking.cn/rankings/bcur/2026,entity_home,entity,,,,,no,,贺州学院,no,no comparable second place: the deciding rule set aside the other 1 candidate(s) without leaving anybody on the winner's own scale
city,广西壮族自治区,来宾市,,2,2,4145011546,广西科技师范学院,本科,no,,level_order,本科层次优先于更低层次候选（项目层次政策）,policy,resolved_policy,shanghairanking-bcur,shanghairanking-bcur,shanghairanking-bcur,2026,中国大学排名（主榜）,,rankOverall,2026软科 500+,500+,https://www.shanghairanking.cn/rankings/bcur/2026,entity_home,entity,,,,,no,,广西科技师范学院,no,no comparable second place: the deciding rule set aside the other 1 candidate(s) without leaving anybody on the winner's own scale
city,广西壮族自治区,柳州市,,7,7,4145010594,广西科技大学,本科,no,,public_before_private,同层次同标签下公办优先（按当前项目政策，非排名证据）；候选池先按层次收敛：本科层次优先于更低层次（项目层次政策）,policy,resolved_policy,shanghairanking-bcur,shanghairanking-bcur,shanghairanking-bcur,2026,中国大学排名（主榜）,,rankOverall,2026软科 329,329,https://www.shanghairanking.cn/rankings/bcur/2026,entity_home,entity,,,,,no,,广西科技大学,yes,no comparable second place: the deciding rule set aside the other 6 candidate(s) without leaving anybody on the winner's own scale
city,广西壮族自治区,南宁市,,36,36,4145010593,广西大学,本科,no,211|双一流,prestige_tag,211 标签优先于无重点标签（国家官方重点建设名单）,strong,resolved_strong,shanghairanking-bcur,shanghairanking-bcur,shanghairanking-bcur,2026,中国大学排名（主榜）,,rankOverall,2026软科 86,86,https://www.shanghairanking.cn/rankings/bcur/2026,entity_home,entity,4145010598,广西医科大学,本科,shanghairanking-bcur,yes,,广西大学|广西医科大学,no,
city,广西壮族自治区,钦州市,,3,3,4145011607,北部湾大学,本科,no,,level_order,本科层次优先于更低层次候选（项目层次政策）,policy,resolved_policy,shanghairanking-bcur,shanghairanking-bcur,shanghairanking-bcur,2026,中国大学排名（主榜）,,rankOverall,2026软科 422,422,https://www.shanghairanking.cn/rankings/bcur/2026,entity_home,entity,,,,,no,,北部湾大学,no,no comparable second place: the deciding rule set aside the other 2 candidate(s) without leaving anybody on the winner's own scale
city,广西壮族自治区,梧州市,,3,3,4145011354,梧州学院,本科,no,,level_order,本科层次优先于更低层次候选（项目层次政策）,policy,resolved_policy,shanghairanking-bcur,shanghairanking-bcur,shanghairanking-bcur,2026,中国大学排名（主榜）,,rankOverall,2026软科 500+,500+,https://www.shanghairanking.cn/rankings/bcur/2026,entity_home,entity,,,,,no,,梧州学院,no,no comparable second place: the deciding rule set aside the other 2 candidate(s) without leaving anybody on the winner's own scale
city,广西壮族自治区,玉林市,,3,3,4145010606,玉林师范学院,本科,no,,level_order,本科层次优先于更低层次候选（项目层次政策）,policy,resolved_policy,shanghairanking-bcur,shanghairanking-bcur,shanghairanking-bcur,2026,中国大学排名（主榜）,,rankOverall,2026软科 436,436,https://www.shanghairanking.cn/rankings/bcur/2026,entity_home,entity,,,,,no,,玉林师范学院,no,no comparable second place: the deciding rule set aside the other 2 candidate(s) without leaving anybody on the winner's own scale
city,贵州省,安顺市,,3,3,4152010667,安顺学院,本科,no,,level_order,本科层次优先于更低层次候选（项目层次政策）,policy,resolved_policy,shanghairanking-bcur,shanghairanking-bcur,shanghairanking-bcur,2026,中国大学排名（主榜）,,rankOverall,2026软科 494,494,https://www.shanghairanking.cn/rankings/bcur/2026,entity_home,entity,,,,,no,,安顺学院,no,no comparable second place: the deciding rule set aside the other 2 candidate(s) without leaving anybody on the winner's own scale
city,贵州省,毕节市,,6,6,4152010668,贵州工程应用技术学院,本科,no,,level_order,本科层次优先于更低层次候选（项目层次政策）,policy,resolved_policy,shanghairanking-bcur,shanghairanking-bcur,shanghairanking-bcur,2026,中国大学排名（主榜）,,rankOverall,2026软科 500+,500+,https://www.shanghairanking.cn/rankings/bcur/2026,entity_home,entity,,,,,no,,贵州工程应用技术学院,no,no comparable second place: the deciding rule set aside the other 5 candidate(s) without leaving anybody on the winner's own scale
city,贵州省,贵阳市,,38,38,4152010657,贵州大学,本科,no,211|双一流,prestige_tag,211 标签优先于无重点标签（国家官方重点建设名单）,strong,resolved_strong,shanghairanking-bcur,shanghairanking-bcur,shanghairanking-bcur,2026,中国大学排名（主榜）,,rankOverall,2026软科 85,85,https://www.shanghairanking.cn/rankings/bcur/2026,entity_home,entity,4152010663,贵州师范大学,本科,shanghairanking-bcur,yes,,贵州大学|贵州师范大学,no,
city,贵州省,六盘水市,,3,3,4152010977,六盘水师范学院,本科,no,,level_order,本科层次优先于更低层次候选（项目层次政策）,policy,resolved_policy,shanghairanking-bcur,shanghairanking-bcur,shanghairanking-bcur,2026,中国大学排名（主榜）,,rankOverall,2026软科 428,428,https://www.shanghairanking.cn/rankings/bcur/2026,entity_home,entity,,,,,no,,六盘水师范学院,no,no comparable second place: the deciding rule set aside the other 2 candidate(s) without leaving anybody on the winner's own scale
city,贵州省,黔东南苗族侗族自治州,,4,4,4152010669,凯里学院,本科,no,,level_order,本科层次优先于更低层次候选（项目层次政策）,policy,resolved_policy,shanghairanking-bcur,shanghairanking-bcur,shanghairanking-bcur,2026,中国大学排名（主榜）,,rankOverall,2026软科 493,493,https://www.shanghairanking.cn/rankings/bcur/2026,entity_home,entity,,,,,no,,凯里学院,no,no comparable second place: the deciding rule set aside the other 3 candidate(s) without leaving anybody on the winner's own scale
city,贵州省,黔南布依族苗族自治州,,11,11,4152010670,黔南民族师范学院,本科,no,,public_before_private,同层次同标签下公办优先（按当前项目政策，非排名证据）；候选池先按层次收敛：本科层次优先于更低层次（项目层次政策）,policy,resolved_policy,shanghairanking-bcur,shanghairanking-bcur,shanghairanking-bcur,2026,中国大学排名（主榜）,,rankOverall,2026软科 372,372,https://www.shanghairanking.cn/rankings/bcur/2026,entity_home,entity,,,,,no,,黔南民族师范学院,yes,no comparable second place: the deciding rule set aside the other 10 candidate(s) without leaving anybody on the winner's own scale
city,贵州省,黔西南布依族苗族自治州,,2,2,4152010666,兴义民族师范学院,本科,no,,level_order,本科层次优先于更低层次候选（项目层次政策）,policy,resolved_policy,shanghairanking-bcur,shanghairanking-bcur,shanghairanking-bcur,2026,中国大学排名（主榜）,,rankOverall,2026软科 500+,500+,https://www.shanghairanking.cn/rankings/bcur/2026,entity_home,entity,,,,,no,,兴义民族师范学院,no,no comparable second place: the deciding rule set aside the other 1 candidate(s) without leaving anybody on the winner's own scale
city,贵州省,铜仁市,,6,6,4152010665,铜仁学院,本科,no,,cross_group_scale_policy,铜仁学院 取自主榜序列；其余候选分属不同榜单体系，名次不可直接比较，按当前项目政策以主榜序列为先；候选池先按层次收敛：本科层次优先于更低层次（项目层次政策）,policy,resolved_policy,shanghairanking-bcur,shanghairanking-bcur,shanghairanking-bcur,2026,中国大学排名（主榜）,,rankOverall,2026软科 355,355,https://www.shanghairanking.cn/rankings/bcur/2026,entity_home,entity,,,,,no,,铜仁学院,no,no comparable second place: the deciding rule set aside the other 5 candidate(s) without leaving anybody on the winner's own scale
city,贵州省,遵义市,,7,7,4152010661,遵义医科大学,本科,no,,public_before_private,同层次同标签下公办优先（按当前项目政策，非排名证据）；公办候选之间再按同榜名次比较；候选池先按层次收敛：本科层次优先于更低层次（项目层次政策）,policy,resolved_policy,shanghairanking-bcur,shanghairanking-bcur,shanghairanking-bcur,2026,中国医药类大学排名,医药,rankOverall,2026软科医药 26 · 主榜参考 216,216,https://www.shanghairanking.cn/rankings/bcur/202621,entity_home,entity,4152010664,遵义师范学院,本科,shanghairanking-bcur,yes,,遵义医科大学|遵义师范学院,yes,
city,海南省,白沙黎族自治县,,0,0,,,,,,,,,no_candidate,,,,,,,,,,,,,,,,,no,,,no,
city,海南省,保亭黎族苗族自治县,,0,0,,,,,,,,,no_candidate,,,,,,,,,,,,,,,,,no,,,no,
city,海南省,昌江黎族自治县,,0,0,,,,,,,,,no_candidate,,,,,,,,,,,,,,,,,no,,,no,
city,海南省,澄迈县,,1,1,4146014639,海南健康管理职业技术学院,专科,yes,,single_candidate,该行政单元在现行口径下只有 1 个候选，无需比较,policy,resolved_policy,shanghairanking-bcvcr-private-vocational,shanghairanking-bcvcr-private-vocational,shanghairanking-bcvcr-private-vocational,2026,民办高职专科院校排名,,ranking,2026软科民办高职专科 100+,100+,https://www.shanghairanking.cn/rankings/bcvcr/2026633,entity_home,entity,,,,,no,,海南健康管理职业技术学院,no,
city,海南省,儋州市,,1,1,4146014829,海南比勒费尔德应用科学大学,本科,no,,single_candidate,该行政单元在现行口径下只有 1 个候选，无需比较,policy,resolved_policy,,,,,,,,,,,entity_home,entity,,,,,no,,海南比勒费尔德应用科学大学,no,
city,海南省,定安县,,0,0,,,,,,,,,no_candidate,,,,,,,,,,,,,,,,,no,,,no,
city,海南省,东方市,,1,1,4146014846,海南东方新丝路职业学院,专科,yes,,single_candidate,该行政单元在现行口径下只有 1 个候选，无需比较,policy,resolved_policy,,,,,,,,,,,entity_home,entity,,,,,no,,海南东方新丝路职业学院,no,
city,海南省,海口市,,15,15,4146010589,海南大学,本科,no,211|双一流,prestige_tag,211 标签优先于无重点标签（国家官方重点建设名单）,strong,resolved_strong,shanghairanking-bcur,shanghairanking-bcur,shanghairanking-bcur,2026,中国大学排名（主榜）,,rankOverall,2026软科 87,87,https://www.shanghairanking.cn/rankings/bcur/2026,entity_home,entity,4146011658,海南师范大学,本科,shanghairanking-bcur,yes,,海南大学|海南师范大学,no,
city,海南省,乐东黎族自治县,,0,0,,,,,,,,,no_candidate,,,,,,,,,,,,,,,,,no,,,no,
city,海南省,临高县,,0,0,,,,,,,,,no_candidate,,,,,,,,,,,,,,,,,no,,,no,
city,海南省,陵水黎族自治县,,0,0,,,,,,,,,no_candidate,,,,,,,,,,,,,,,,,no,,,no,
city,海南省,琼海市,,1,1,4146013575,海南软件职业技术学院,专科,no,,single_candidate,该行政单元在现行口径下只有 1 个候选，无需比较,policy,resolved_policy,shanghairanking-bcvcr-public-vocational,shanghairanking-bcvcr-public-vocational,shanghairanking-bcvcr-public-vocational,2026,中国高职专科院校排名（总榜）,理工,rankOverall,2026软科高职专科总榜 435,435,https://www.shanghairanking.cn/rankings/bcvcr/2026623,entity_home,entity,,,,,no,,海南软件职业技术学院,no,
city,海南省,琼中黎族苗族自治县,,0,0,,,,,,,,,no_candidate,,,,,,,,,,,,,,,,,no,,,no,
city,海南省,三沙市,,0,0,,,,,,,,,no_candidate,,,,,,,,,,,,,,,,,no,,,no,
city,海南省,三亚市,,8,8,4146011100,海南热带海洋学院,本科,no,,public_before_private,同层次同标签下公办优先（按当前项目政策，非排名证据）；候选池先按层次收敛：本科层次优先于更低层次（项目层次政策）,policy,resolved_policy,shanghairanking-bcur,shanghairanking-bcur,shanghairanking-bcur,2026,中国大学排名（主榜）,,rankOverall,2026软科 463,463,https://www.shanghairanking.cn/rankings/bcur/2026,entity_home,entity,,,,,no,,海南热带海洋学院,yes,1 leading candidate(s) carry no official list ranking; no comparable second place: the deciding rule set aside the other 7 candidate(s) without leaving anybody on the winner's own scale
city,海南省,屯昌县,,0,0,,,,,,,,,no_candidate,,,,,,,,,,,,,,,,,no,,,no,
city,海南省,万宁市,,1,1,4146014970,海南万宁食品药品职业学院,专科,yes,,single_candidate,该行政单元在现行口径下只有 1 个候选，无需比较,policy,resolved_policy,,,,,,,,,,,entity_home,entity,,,,,no,,海南万宁食品药品职业学院,no,
city,海南省,文昌市,,1,1,4146013577,海南外国语职业学院,专科,no,,single_candidate,该行政单元在现行口径下只有 1 个候选，无需比较,policy,resolved_policy,shanghairanking-bcvcr-public-vocational,shanghairanking-bcvcr-public-vocational,shanghairanking-bcvcr-public-vocational,2026,中国高职专科院校排名（总榜）,师范,rankOverall,2026软科高职师范 28+ · 高职专科总榜 500+,500+,https://www.shanghairanking.cn/rankings/bcvcr/2026623,entity_home,entity,,,,,no,,海南外国语职业学院,no,
city,海南省,五指山市,,0,0,,,,,,,,,no_candidate,,,,,,,,,,,,,,,,,no,,,no,
city,河北省,保定市,,14,14,4113010075,河北大学,本科,no,,public_before_private,同层次同标签下公办优先（按当前项目政策，非排名证据）；公办候选之间再按同榜名次比较；候选池先按层次收敛：本科层次优先于更低层次（项目层次政策）,policy,resolved_policy,shanghairanking-bcur,shanghairanking-bcur,shanghairanking-bcur,2026,中国大学排名（主榜）,,rankOverall,2026软科 130,130,https://www.shanghairanking.cn/rankings/bcur/2026,entity_home,entity,4113010086,河北农业大学,本科,shanghairanking-bcur,yes,,河北大学|河北农业大学,yes,
city,河北省,沧州市,,9,9,4113010105,沧州师范学院,本科,no,,public_before_private,同层次同标签下公办优先（按当前项目政策，非排名证据）；候选池先按层次收敛：本科层次优先于更低层次（项目层次政策）,policy,resolved_policy,shanghairanking-bcur,shanghairanking-bcur,shanghairanking-bcur,2026,中国大学排名（主榜）,,rankOverall,2026软科 500+,500+,https://www.shanghairanking.cn/rankings/bcur/2026,entity_home,entity,4113010085,河北水利电力学院,本科,shanghairanking-bcur,yes,,沧州师范学院|河北水利电力学院,yes,
city,河北省,承德市,,6,6,4113010093,承德医学院,本科,no,,cross_group_scale_policy,承德医学院 取自主榜序列；其余候选分属不同榜单体系，名次不可直接比较，按当前项目政策以主榜序列为先；候选池先按层次收敛：本科层次优先于更低层次（项目层次政策）,policy,resolved_policy,shanghairanking-bcur,shanghairanking-bcur,shanghairanking-bcur,2026,中国医药类大学排名,医药,rankOverall,2026软科医药 42 · 主榜参考 316,316,https://www.shanghairanking.cn/rankings/bcur/202621,entity_home,entity,4113010098,河北民族师范学院,本科,shanghairanking-bcur,yes,,承德医学院|河北民族师范学院,no,
city,河北省,邯郸市,,8,8,4113010076,河北工程大学,本科,no,,comparable_ranking,河北工程大学 在同榜可比名次上优于 邯郸学院（软科 bcur）；候选池先按层次收敛：本科层次优先于更低层次（项目层次政策）,strong,resolved_strong,shanghairanking-bcur,shanghairanking-bcur,shanghairanking-bcur,2026,中国大学排名（主榜）,,rankOverall,2026软科 291,291,https://www.shanghairanking.cn/rankings/bcur/2026,entity_home,entity,4113010103,邯郸学院,本科,shanghairanking-bcur,yes,,河北工程大学|邯郸学院,yes,1 leading candidate(s) carry no official list ranking
city,河北省,衡水市,,3,3,4113010101,衡水学院,本科,no,,level_order,本科层次优先于更低层次候选（项目层次政策）,policy,resolved_policy,shanghairanking-bcur,shanghairanking-bcur,shanghairanking-bcur,2026,中国大学排名（主榜）,,rankOverall,2026软科 500+,500+,https://www.shanghairanking.cn/rankings/bcur/2026,entity_home,entity,,,,,no,,衡水学院,no,no comparable second place: the deciding rule set aside the other 2 candidate(s) without leaving anybody on the winner's own scale
city,河北省,廊坊市,,11,11,4113011105,中国人民警察大学,本科,no,,public_before_private,同层次同标签下公办优先（按当前项目政策，非排名证据）；公办候选之间再按同榜名次比较；候选池先按层次收敛：本科层次优先于更低层次（项目层次政策）,policy,resolved_policy,shanghairanking-bcur,shanghairanking-bcur,shanghairanking-bcur,2026,中国政法类大学排名,政法,rankOverall,2026软科政法 8 · 主榜参考 266,266,https://www.shanghairanking.cn/rankings/bcur/202625,entity_home,entity,4113011629,北华航天工业学院,本科,shanghairanking-bcur,yes,,中国人民警察大学|北华航天工业学院,yes,1 leading candidate(s) carry no official list ranking
city,河北省,秦皇岛市,,8,8,4113010216,燕山大学,本科,no,,comparable_ranking,燕山大学 在同榜可比名次上优于 河北科技师范学院（软科 bcur）；候选池先按层次收敛：本科层次优先于更低层次（项目层次政策）,strong,resolved_strong,shanghairanking-bcur,shanghairanking-bcur,shanghairanking-bcur,2026,中国大学排名（主榜）,,rankOverall,2026软科 109,109,https://www.shanghairanking.cn/rankings/bcur/2026,entity_home,entity,4113010798,河北科技师范学院,本科,shanghairanking-bcur,yes,,燕山大学|河北科技师范学院,yes,1 leading candidate(s) carry no official list ranking
city,河北省,石家庄市,,48,48,4113010089,河北医科大学,本科,no,,public_before_private,同层次同标签下公办优先（按当前项目政策，非排名证据）；候选池先按层次收敛：本科层次优先于更低层次（项目层次政策）,policy,resolved_policy,shanghairanking-bcur,shanghairanking-bcur,shanghairanking-bcur,2026,中国医药类大学排名,医药,rankOverall,2026软科医药 12 · 主榜参考 109,109,https://www.shanghairanking.cn/rankings/bcur/202621,entity_home,entity,4113010094,河北师范大学,本科,shanghairanking-bcur,yes,,河北医科大学|河北师范大学,yes,
city,河北省,唐山市,,12,12,4113010081,华北理工大学,本科,no,,public_before_private,同层次同标签下公办优先（按当前项目政策，非排名证据）；候选池先按层次收敛：本科层次优先于更低层次（项目层次政策）,policy,resolved_policy,shanghairanking-bcur,shanghairanking-bcur,shanghairanking-bcur,2026,中国大学排名（主榜）,,rankOverall,2026软科 269,269,https://www.shanghairanking.cn/rankings/bcur/2026,entity_home,entity,4113010099,唐山师范学院,本科,shanghairanking-bcur,yes,,华北理工大学|唐山师范学院,yes,
city,河北省,邢台市,,6,6,4113016203,河北科技工程职业技术大学,本科,no,,cross_group_scale_policy,河北科技工程职业技术大学 取自主榜序列；其余候选分属不同榜单体系，名次不可直接比较，按当前项目政策以主榜序列为先；候选池先按层次收敛：本科层次优先于更低层次（项目层次政策）,policy,resolved_policy,shanghairanking-bcvcr-public-vocational-undergraduate,shanghairanking-bcvcr-public-vocational-undergraduate,shanghairanking-bcvcr-public-vocational-undergraduate,2026,中国职业本科大学排名,,ranking,2026软科职业本科大学 36,36,https://www.shanghairanking.cn/rankings/bcvcr/2026749,entity_home,entity,,,,,no,,河北科技工程职业技术大学,yes,1 leading candidate(s) carry no official list ranking; no comparable second place: the deciding rule set aside the other 5 candidate(s) without leaving anybody on the winner's own scale
city,河北省,张家口市,,6,6,4113010092,河北北方学院,本科,no,,comparable_ranking,河北北方学院 在同榜可比名次上优于 河北建筑工程学院（软科 bcur）；候选池先按层次收敛：本科层次优先于更低层次（项目层次政策）,strong,resolved_strong,shanghairanking-bcur,shanghairanking-bcur,shanghairanking-bcur,2026,中国医药类大学排名,医药,rankOverall,2026软科医药 47 · 主榜参考 366,366,https://www.shanghairanking.cn/rankings/bcur/202621,entity_home,entity,4113010084,河北建筑工程学院,本科,shanghairanking-bcur,yes,,河北北方学院|河北建筑工程学院,no,
city,河南省,安阳市,,7,7,4141010479,安阳师范学院,本科,no,,public_before_private,同层次同标签下公办优先（按当前项目政策，非排名证据）；公办候选之间再按同榜名次比较；候选池先按层次收敛：本科层次优先于更低层次（项目层次政策）,policy,resolved_policy,shanghairanking-bcur,shanghairanking-bcur,shanghairanking-bcur,2026,中国大学排名（主榜）,,rankOverall,2026软科 418,418,https://www.shanghairanking.cn/rankings/bcur/2026,entity_home,entity,4141011330,安阳工学院,本科,shanghairanking-bcur,yes,,安阳师范学院|安阳工学院,yes,
city,河南省,鹤壁市,,4,4,4141014949,河南信息科技学院,本科,no,,level_order,本科层次优先于更低层次候选（项目层次政策）,policy,resolved_policy,,,,,,,,,,,entity_home,entity,,,,,no,,河南信息科技学院,no,no comparable second place: the deciding rule set aside the other 3 candidate(s) without leaving anybody on the winner's own scale
city,河南省,济源市,,1,1,4141012768,济源职业技术学院,专科,no,,single_candidate,该行政单元在现行口径下只有 1 个候选，无需比较,policy,resolved_policy,shanghairanking-bcvcr-public-vocational,shanghairanking-bcvcr-public-vocational,shanghairanking-bcvcr-public-vocational,2026,中国高职专科院校排名（总榜）,综合,rankOverall,2026软科高职专科总榜 345,345,https://www.shanghairanking.cn/rankings/bcvcr/2026623,entity_home,entity,,,,,no,,济源职业技术学院,no,
city,河南省,焦作市,,7,7,4141010460,河南理工大学,本科,no,,public_before_private,同层次同标签下公办优先（按当前项目政策，非排名证据）；候选池先按层次收敛：本科层次优先于更低层次（项目层次政策）,policy,resolved_policy,shanghairanking-bcur,shanghairanking-bcur,shanghairanking-bcur,2026,中国大学排名（主榜）,,rankOverall,2026软科 194,194,https://www.shanghairanking.cn/rankings/bcur/2026,entity_home,entity,,,,,no,,河南理工大学,yes,no comparable second place: the deciding rule set aside the other 6 candidate(s) without leaving anybody on the winner's own scale
city,河南省,开封市,,10,10,4141010475,河南大学,本科,no,双一流,prestige_tag,双一流 标签优先于无重点标签（国家官方重点建设名单）,strong,resolved_strong,shanghairanking-bcur,shanghairanking-bcur,shanghairanking-bcur,2026,中国大学排名（主榜）,,rankOverall,2026软科 95,95,https://www.shanghairanking.cn/rankings/bcur/2026,entity_home,entity,,,,,no,,河南大学,no,no comparable second place: the deciding rule set aside the other 9 candidate(s) without leaving anybody on the winner's own scale
city,河南省,洛阳市,,9,9,4141010464,河南科技大学,本科,no,,comparable_ranking,河南科技大学 在同榜可比名次上优于 洛阳师范学院（软科 bcur）；候选池先按层次收敛：本科层次优先于更低层次（项目层次政策）,strong,resolved_strong,shanghairanking-bcur,shanghairanking-bcur,shanghairanking-bcur,2026,中国大学排名（主榜）,,rankOverall,2026软科 176,176,https://www.shanghairanking.cn/rankings/bcur/2026,entity_home,entity,4141010482,洛阳师范学院,本科,shanghairanking-bcur,yes,,河南科技大学|洛阳师范学院,no,
city,河南省,漯河市,,3,3,4141014233,漯河食品工程职业大学,本科,yes,,level_order,本科层次优先于更低层次候选（项目层次政策）,policy,resolved_policy,shanghairanking-bcvcr-private-vocational-undergraduate,shanghairanking-bcvcr-private-vocational-undergraduate,shanghairanking-bcvcr-private-vocational-undergraduate,2026,民办职业本科大学排名,,ranking,2026软科民办职业本科大学 5,5,https://www.shanghairanking.cn/rankings/bcvcr/2026750,entity_home,entity,,,,,no,,漯河食品工程职业大学,no,no comparable second place: the deciding rule set aside the other 2 candidate(s) without leaving anybody on the winner's own scale
city,河南省,南阳市,,9,9,4141010481,南阳师范学院,本科,no,,cross_group_scale_policy,南阳师范学院 取自主榜序列；其余候选分属不同榜单体系，名次不可直接比较，按当前项目政策以主榜序列为先；候选池先按层次收敛：本科层次优先于更低层次（项目层次政策）,policy,resolved_policy,shanghairanking-bcur,shanghairanking-bcur,shanghairanking-bcur,2026,中国大学排名（主榜）,,rankOverall,2026软科 419,419,https://www.shanghairanking.cn/rankings/bcur/2026,entity_home,entity,4141011653,南阳理工学院,本科,shanghairanking-bcur,yes,,南阳师范学院|南阳理工学院,yes,1 leading candidate(s) carry no official list ranking
city,河南省,平顶山市,,8,8,4141010919,平顶山学院,本科,no,,comparable_ranking,平顶山学院 在同榜可比名次上优于 河南城建学院（软科 bcur）；候选池先按层次收敛：本科层次优先于更低层次（项目层次政策）,strong,resolved_strong,shanghairanking-bcur,shanghairanking-bcur,shanghairanking-bcur,2026,中国大学排名（主榜）,,rankOverall,2026软科 442,442,https://www.shanghairanking.cn/rankings/bcur/2026,entity_home,entity,4141011765,河南城建学院,本科,shanghairanking-bcur,yes,,平顶山学院|河南城建学院,no,
city,河南省,濮阳市,,5,5,4141014980,河南能源化工学院,本科,no,,level_order,本科层次优先于更低层次候选（项目层次政策）,policy,resolved_policy,,,,,,,,,,,entity_home,entity,,,,,no,,河南能源化工学院,no,no comparable second place: the deciding rule set aside the other 4 candidate(s) without leaving anybody on the winner's own scale
city,河南省,三门峡市,,3,3,4141014982,河南应用工程学院,本科,no,,level_order,本科层次优先于更低层次候选（项目层次政策）,policy,resolved_policy,,,,,,,,,,,entity_home,entity,,,,,no,,河南应用工程学院,no,no comparable second place: the deciding rule set aside the other 2 candidate(s) without leaving anybody on the winner's own scale
city,河南省,商丘市,,7,7,4141010483,商丘师范学院,本科,no,,public_before_private,同层次同标签下公办优先（按当前项目政策，非排名证据）；候选池先按层次收敛：本科层次优先于更低层次（项目层次政策）,policy,resolved_policy,shanghairanking-bcur,shanghairanking-bcur,shanghairanking-bcur,2026,中国大学排名（主榜）,,rankOverall,2026软科 429,429,https://www.shanghairanking.cn/rankings/bcur/2026,entity_home,entity,,,,,no,,商丘师范学院,yes,no comparable second place: the deciding rule set aside the other 6 candidate(s) without leaving anybody on the winner's own scale
city,河南省,新乡市,,12,12,4141010476,河南师范大学,本科,no,,public_before_private,同层次同标签下公办优先（按当前项目政策，非排名证据）；公办候选之间再按同榜名次比较；候选池先按层次收敛：本科层次优先于更低层次（项目层次政策）,policy,resolved_policy,shanghairanking-bcur,shanghairanking-bcur,shanghairanking-bcur,2026,中国大学排名（主榜）,,rankOverall,2026软科 168,168,https://www.shanghairanking.cn/rankings/bcur/2026,entity_home,entity,4141010472,河南医药大学,本科,shanghairanking-bcur,yes,,河南师范大学|河南医药大学,yes,
city,河南省,信阳市,,9,9,4141010477,信阳师范大学,本科,no,,public_before_private,同层次同标签下公办优先（按当前项目政策，非排名证据）；公办候选之间再按同榜名次比较；候选池先按层次收敛：本科层次优先于更低层次（项目层次政策）,policy,resolved_policy,shanghairanking-bcur,shanghairanking-bcur,shanghairanking-bcur,2026,中国大学排名（主榜）,,rankOverall,2026软科 337,337,https://www.shanghairanking.cn/rankings/bcur/2026,entity_home,entity,4141011326,信阳农林学院,本科,shanghairanking-bcur,yes,,信阳师范大学|信阳农林学院,yes,
city,河南省,许昌市,,4,4,4141010480,许昌学院,本科,no,,level_order,本科层次优先于更低层次候选（项目层次政策）,policy,resolved_policy,shanghairanking-bcur,shanghairanking-bcur,shanghairanking-bcur,2026,中国大学排名（主榜）,,rankOverall,2026软科 409,409,https://www.shanghairanking.cn/rankings/bcur/2026,entity_home,entity,,,,,no,,许昌学院,no,no comparable second place: the deciding rule set aside the other 3 candidate(s) without leaving anybody on the winner's own scale
city,河南省,郑州市,,73,73,4141010459,郑州大学,本科,no,211|双一流,prestige_tag,211 标签优先于无重点标签（国家官方重点建设名单）,strong,resolved_strong,shanghairanking-bcur,shanghairanking-bcur,shanghairanking-bcur,2026,中国大学排名（主榜）,,rankOverall,2026软科 44,44,https://www.shanghairanking.cn/rankings/bcur/2026,entity_home,entity,4141010466,河南农业大学,本科,shanghairanking-bcur,yes,,郑州大学|河南农业大学,no,
city,河南省,周口市,,7,7,4141010478,周口师范学院,本科,no,,public_before_private,同层次同标签下公办优先（按当前项目政策，非排名证据）；候选池先按层次收敛：本科层次优先于更低层次（项目层次政策）,policy,resolved_policy,shanghairanking-bcur,shanghairanking-bcur,shanghairanking-bcur,2026,中国大学排名（主榜）,,rankOverall,2026软科 389,389,https://www.shanghairanking.cn/rankings/bcur/2026,entity_home,entity,,,,,no,,周口师范学院,yes,no comparable second place: the deciding rule set aside the other 6 candidate(s) without leaving anybody on the winner's own scale
city,河南省,驻马店市,,4,4,4141010918,黄淮学院,本科,no,,level_order,本科层次优先于更低层次候选（项目层次政策）,policy,resolved_policy,shanghairanking-bcur,shanghairanking-bcur,shanghairanking-bcur,2026,中国大学排名（主榜）,,rankOverall,2026软科 434,434,https://www.shanghairanking.cn/rankings/bcur/2026,entity_home,entity,,,,,no,,黄淮学院,no,no comparable second place: the deciding rule set aside the other 3 candidate(s) without leaving anybody on the winner's own scale
city,黑龙江省,大庆市,,5,5,4123010220,东北石油大学,本科,no,,comparable_ranking,东北石油大学 在同榜可比名次上优于 黑龙江八一农垦大学（软科 bcur）；候选池先按层次收敛：本科层次优先于更低层次（项目层次政策）,strong,resolved_strong,shanghairanking-bcur,shanghairanking-bcur,shanghairanking-bcur,2026,中国大学排名（主榜）,,rankOverall,2026软科 213,213,https://www.shanghairanking.cn/rankings/bcur/2026,entity_home,entity,4123010223,黑龙江八一农垦大学,本科,shanghairanking-bcur,yes,,东北石油大学|黑龙江八一农垦大学,no,
city,黑龙江省,大兴安岭地区,,1,1,4123012908,大兴安岭职业学院,专科,no,,single_candidate,该行政单元在现行口径下只有 1 个候选，无需比较,policy,resolved_policy,shanghairanking-bcvcr-public-vocational,shanghairanking-bcvcr-public-vocational,shanghairanking-bcvcr-public-vocational,2026,中国高职专科院校排名（总榜）,综合,rankOverall,2026软科高职综合 112+ · 高职专科总榜 500+,500+,https://www.shanghairanking.cn/rankings/bcvcr/2026623,entity_home,entity,,,,,no,,大兴安岭职业学院,no,
city,黑龙江省,哈尔滨市,,51,51,4123010213,哈尔滨工业大学,本科,no,985|211|双一流,prestige_tag,985 标签优先于211（国家官方重点建设名单）,strong,resolved_strong,shanghairanking-bcur,shanghairanking-bcur,shanghairanking-bcur,2026,中国大学排名（主榜）,,rankOverall,2026软科 12,12,https://www.shanghairanking.cn/rankings/bcur/2026,entity_home,entity,4123010217,哈尔滨工程大学,本科,shanghairanking-bcur,yes,,哈尔滨工业大学|哈尔滨工程大学,no,
city,黑龙江省,鹤岗市,,1,1,4123012905,鹤岗师范高等专科学校,专科,no,,single_candidate,该行政单元在现行口径下只有 1 个候选，无需比较,policy,resolved_policy,shanghairanking-bcvcr-public-vocational,shanghairanking-bcvcr-public-vocational,shanghairanking-bcvcr-public-vocational,2026,中国高职专科院校排名（总榜）,师范,rankOverall,2026软科高职师范 28+ · 高职专科总榜 500+,500+,https://www.shanghairanking.cn/rankings/bcvcr/2026623,entity_home,entity,,,,,no,,鹤岗师范高等专科学校,no,
city,黑龙江省,黑河市,,1,1,4123013744,黑河学院,本科,no,,single_candidate,该行政单元在现行口径下只有 1 个候选，无需比较,policy,resolved_policy,shanghairanking-bcur,shanghairanking-bcur,shanghairanking-bcur,2026,中国大学排名（主榜）,,rankOverall,2026软科 500+,500+,https://www.shanghairanking.cn/rankings/bcur/2026,entity_home,entity,,,,,no,,黑河学院,no,
city,黑龙江省,鸡西市,,1,1,4123011445,黑龙江工业学院,本科,no,,single_candidate,该行政单元在现行口径下只有 1 个候选，无需比较,policy,resolved_policy,shanghairanking-bcur,shanghairanking-bcur,shanghairanking-bcur,2026,中国大学排名（主榜）,,rankOverall,2026软科 500+,500+,https://www.shanghairanking.cn/rankings/bcur/2026,entity_home,entity,,,,,no,,黑龙江工业学院,no,
city,黑龙江省,佳木斯市,,4,4,4123010222,佳木斯大学,本科,no,,level_order,本科层次优先于更低层次候选（项目层次政策）,policy,resolved_policy,shanghairanking-bcur,shanghairanking-bcur,shanghairanking-bcur,2026,中国大学排名（主榜）,,rankOverall,2026软科 387,387,https://www.shanghairanking.cn/rankings/bcur/2026,entity_home,entity,,,,,no,,佳木斯大学,no,no comparable second place: the deciding rule set aside the other 3 candidate(s) without leaving anybody on the winner's own scale
city,黑龙江省,牡丹江市,,7,7,4123010229,牡丹江医科大学,本科,no,,comparable_ranking,牡丹江医科大学 在同榜可比名次上优于 牡丹江师范学院（软科 bcur）；候选池先按层次收敛：本科层次优先于更低层次（项目层次政策）,strong,resolved_strong,shanghairanking-bcur,shanghairanking-bcur,shanghairanking-bcur,2026,中国医药类大学排名,医药,rankOverall,2026软科医药 50 · 主榜参考 382,382,https://www.shanghairanking.cn/rankings/bcur/202621,entity_home,entity,4123010233,牡丹江师范学院,本科,shanghairanking-bcur,yes,,牡丹江医科大学|牡丹江师范学院,no,
city,黑龙江省,七台河市,,1,1,4123013918,七台河职业学院,专科,no,,single_candidate,该行政单元在现行口径下只有 1 个候选，无需比较,policy,resolved_policy,shanghairanking-bcvcr-public-vocational,shanghairanking-bcvcr-public-vocational,shanghairanking-bcvcr-public-vocational,2026,中国高职专科院校排名（总榜）,综合,rankOverall,2026软科高职综合 112+ · 高职专科总榜 500+,500+,https://www.shanghairanking.cn/rankings/bcvcr/2026623,entity_home,entity,,,,,no,,七台河职业学院,no,
city,黑龙江省,齐齐哈尔市,,6,6,4123010232,齐齐哈尔大学,本科,no,,public_before_private,同层次同标签下公办优先（按当前项目政策，非排名证据）；公办候选之间再按同榜名次比较；候选池先按层次收敛：本科层次优先于更低层次（项目层次政策）,policy,resolved_policy,shanghairanking-bcur,shanghairanking-bcur,shanghairanking-bcur,2026,中国大学排名（主榜）,,rankOverall,2026软科 381,381,https://www.shanghairanking.cn/rankings/bcur/2026,entity_home,entity,4123011230,齐齐哈尔医学院,本科,shanghairanking-bcur,yes,,齐齐哈尔大学|齐齐哈尔医学院,yes,
city,黑龙江省,双鸭山市,,1,1,4123013732,黑龙江能源职业学院,专科,no,,single_candidate,该行政单元在现行口径下只有 1 个候选，无需比较,policy,resolved_policy,shanghairanking-bcvcr-public-vocational,shanghairanking-bcvcr-public-vocational,shanghairanking-bcvcr-public-vocational,2026,中国高职专科院校排名（总榜）,理工,rankOverall,2026软科高职理工 230+ · 高职专科总榜 500+,500+,https://www.shanghairanking.cn/rankings/bcvcr/2026623,entity_home,entity,,,,,no,,黑龙江能源职业学院,no,
city,黑龙江省,绥化市,,1,1,4123010236,绥化学院,本科,no,,single_candidate,该行政单元在现行口径下只有 1 个候选，无需比较,policy,resolved_policy,shanghairanking-bcur,shanghairanking-bcur,shanghairanking-bcur,2026,中国大学排名（主榜）,,rankOverall,2026软科 500+,500+,https://www.shanghairanking.cn/rankings/bcur/2026,entity_home,entity,,,,,no,,绥化学院,no,
city,黑龙江省,伊春市,,1,1,4123010872,伊春职业学院,专科,no,,single_candidate,该行政单元在现行口径下只有 1 个候选，无需比较,policy,resolved_policy,shanghairanking-bcvcr-public-vocational,shanghairanking-bcvcr-public-vocational,shanghairanking-bcvcr-public-vocational,2026,中国高职专科院校排名（总榜）,综合,rankOverall,2026软科高职综合 112+ · 高职专科总榜 500+,500+,https://www.shanghairanking.cn/rankings/bcvcr/2026623,entity_home,entity,,,,,no,,伊春职业学院,no,
city,湖北省,鄂州市,,1,1,4142011335,鄂州职业大学,专科,no,,single_candidate,该行政单元在现行口径下只有 1 个候选，无需比较,policy,resolved_policy,shanghairanking-bcvcr-public-vocational,shanghairanking-bcvcr-public-vocational,shanghairanking-bcvcr-public-vocational,2026,中国高职专科院校排名（总榜）,综合,rankOverall,2026软科高职专科总榜 443,443,https://www.shanghairanking.cn/rankings/bcvcr/2026623,entity_home,entity,,,,,no,,鄂州职业大学,no,
city,湖北省,恩施土家族苗族自治州,,3,3,4142010517,湖北民族大学,本科,no,,public_before_private,同层次同标签下公办优先（按当前项目政策，非排名证据）；候选池先按层次收敛：本科层次优先于更低层次（项目层次政策）,policy,resolved_policy,shanghairanking-bcur,shanghairanking-bcur,shanghairanking-bcur,2026,中国民族类大学排名,民族,rankOverall,2026软科民族 13 · 主榜参考 345,345,https://www.shanghairanking.cn/rankings/bcur/202624,entity_home,entity,,,,,no,,湖北民族大学,yes,no comparable second place: the deciding rule set aside the other 2 candidate(s) without leaving anybody on the winner's own scale
city,湖北省,黄冈市,,4,4,4142010514,黄冈师范学院,本科,no,,cross_group_scale_policy,黄冈师范学院 取自主榜序列；其余候选分属不同榜单体系，名次不可直接比较，按当前项目政策以主榜序列为先；候选池先按层次收敛：本科层次优先于更低层次（项目层次政策）,policy,resolved_policy,shanghairanking-bcur,shanghairanking-bcur,shanghairanking-bcur,2026,中国大学排名（主榜）,,rankOverall,2026软科 357,357,https://www.shanghairanking.cn/rankings/bcur/2026,entity_home,entity,,,,,no,,黄冈师范学院,no,no comparable second place: the deciding rule set aside the other 3 candidate(s) without leaving anybody on the winner's own scale
city,湖北省,黄石市,,4,4,4142010513,湖北师范大学,本科,no,,comparable_ranking,湖北师范大学 在同榜可比名次上优于 湖北理工学院（软科 bcur）；候选池先按层次收敛：本科层次优先于更低层次（项目层次政策）,strong,resolved_strong,shanghairanking-bcur,shanghairanking-bcur,shanghairanking-bcur,2026,中国大学排名（主榜）,,rankOverall,2026软科 312,312,https://www.shanghairanking.cn/rankings/bcur/2026,entity_home,entity,4142010920,湖北理工学院,本科,shanghairanking-bcur,yes,,湖北师范大学|湖北理工学院,yes,1 leading candidate(s) carry no official list ranking
city,湖北省,荆门市,,3,3,4142011336,荆楚理工学院,本科,no,,level_order,本科层次优先于更低层次候选（项目层次政策）,policy,resolved_policy,shanghairanking-bcur,shanghairanking-bcur,shanghairanking-bcur,2026,中国大学排名（主榜）,,rankOverall,2026软科 500+,500+,https://www.shanghairanking.cn/rankings/bcur/2026,entity_home,entity,,,,,no,,荆楚理工学院,no,no comparable second place: the deciding rule set aside the other 2 candidate(s) without leaving anybody on the winner's own scale
city,湖北省,荆州市,,7,7,4142010489,长江大学,本科,no,,public_before_private,同层次同标签下公办优先（按当前项目政策，非排名证据）；候选池先按层次收敛：本科层次优先于更低层次（项目层次政策）,policy,resolved_policy,shanghairanking-bcur,shanghairanking-bcur,shanghairanking-bcur,2026,中国大学排名（主榜）,,rankOverall,2026软科 184,184,https://www.shanghairanking.cn/rankings/bcur/2026,entity_home,entity,,,,,no,,长江大学,yes,no comparable second place: the deciding rule set aside the other 6 candidate(s) without leaving anybody on the winner's own scale
city,湖北省,潜江市,,1,1,4142013793,江汉艺术职业学院,专科,no,,single_candidate,该行政单元在现行口径下只有 1 个候选，无需比较,policy,resolved_policy,shanghairanking-bcvcr-public-vocational,shanghairanking-bcvcr-public-vocational,shanghairanking-bcvcr-public-vocational,2026,中国高职专科院校排名（总榜）,文艺,rankOverall,2026软科高职文艺 17+ · 高职专科总榜 500+,500+,https://www.shanghairanking.cn/rankings/bcvcr/2026623,entity_home,entity,,,,,no,,江汉艺术职业学院,no,
city,湖北省,神农架林区,,0,0,,,,,,,,,no_candidate,,,,,,,,,,,,,,,,,no,,,no,
city,湖北省,十堰市,,6,6,4142010929,湖北医药学院,本科,no,,comparable_ranking,湖北医药学院 在同榜可比名次上优于 湖北汽车工业学院（软科 bcur）；候选池先按层次收敛：本科层次优先于更低层次（项目层次政策）,strong,resolved_strong,shanghairanking-bcur,shanghairanking-bcur,shanghairanking-bcur,2026,中国医药类大学排名,医药,rankOverall,2026软科医药 34 · 主榜参考 267,267,https://www.shanghairanking.cn/rankings/bcur/202621,entity_home,entity,4142010525,湖北汽车工业学院,本科,shanghairanking-bcur,yes,,湖北医药学院|湖北汽车工业学院,yes,2 leading candidate(s) carry no official list ranking
city,湖北省,随州市,,1,1,4142012980,随州职业技术学院,专科,no,,single_candidate,该行政单元在现行口径下只有 1 个候选，无需比较,policy,resolved_policy,shanghairanking-bcvcr-public-vocational,shanghairanking-bcvcr-public-vocational,shanghairanking-bcvcr-public-vocational,2026,中国高职专科院校排名（总榜）,综合,rankOverall,2026软科高职综合 112+ · 高职专科总榜 500+,500+,https://www.shanghairanking.cn/rankings/bcvcr/2026623,entity_home,entity,,,,,no,,随州职业技术学院,no,
city,湖北省,天门市,,1,1,4142014355,天门职业学院,专科,no,,single_candidate,该行政单元在现行口径下只有 1 个候选，无需比较,policy,resolved_policy,shanghairanking-bcvcr-public-vocational,shanghairanking-bcvcr-public-vocational,shanghairanking-bcvcr-public-vocational,2026,中国高职专科院校排名（总榜）,综合,rankOverall,2026软科高职综合 112+ · 高职专科总榜 500+,500+,https://www.shanghairanking.cn/rankings/bcvcr/2026623,entity_home,entity,,,,,no,,天门职业学院,no,
city,湖北省,武汉市,,83,83,4142010486,武汉大学,本科,no,985|211|双一流,comparable_ranking,武汉大学 在同榜可比名次上优于 华中科技大学（软科 bcur）；候选池先按国家标签收敛：985,strong,resolved_strong,shanghairanking-bcur,shanghairanking-bcur,shanghairanking-bcur,2026,中国大学排名（主榜）,,rankOverall,2026软科 8,8,https://www.shanghairanking.cn/rankings/bcur/2026,entity_home,entity,4142010487,华中科技大学,本科,shanghairanking-bcur,yes,,武汉大学|华中科技大学,no,
city,湖北省,仙桃市,,1,1,4142012740,仙桃职业学院,专科,no,,single_candidate,该行政单元在现行口径下只有 1 个候选，无需比较,policy,resolved_policy,shanghairanking-bcvcr-public-vocational,shanghairanking-bcvcr-public-vocational,shanghairanking-bcvcr-public-vocational,2026,中国高职专科院校排名（总榜）,理工,rankOverall,2026软科高职理工 230+ · 高职专科总榜 500+,500+,https://www.shanghairanking.cn/rankings/bcvcr/2026623,entity_home,entity,,,,,no,,仙桃职业学院,no,
city,湖北省,咸宁市,,3,3,4142010927,湖北科技学院,本科,no,,level_order,本科层次优先于更低层次候选（项目层次政策）,policy,resolved_policy,shanghairanking-bcur,shanghairanking-bcur,shanghairanking-bcur,2026,中国大学排名（主榜）,,rankOverall,2026软科 372,372,https://www.shanghairanking.cn/rankings/bcur/2026,entity_home,entity,,,,,no,,湖北科技学院,no,no comparable second place: the deciding rule set aside the other 2 candidate(s) without leaving anybody on the winner's own scale
city,湖北省,襄阳市,,5,5,4142010519,湖北文理学院,本科,no,,public_before_private,同层次同标签下公办优先（按当前项目政策，非排名证据）；候选池先按层次收敛：本科层次优先于更低层次（项目层次政策）,policy,resolved_policy,shanghairanking-bcur,shanghairanking-bcur,shanghairanking-bcur,2026,中国大学排名（主榜）,,rankOverall,2026软科 372,372,https://www.shanghairanking.cn/rankings/bcur/2026,entity_home,entity,,,,,no,,湖北文理学院,yes,no comparable second place: the deciding rule set aside the other 4 candidate(s) without leaving anybody on the winner's own scale
city,湖北省,孝感市,,4,4,4142010528,湖北工程学院,本科,no,,public_before_private,同层次同标签下公办优先（按当前项目政策，非排名证据）；候选池先按层次收敛：本科层次优先于更低层次（项目层次政策）,policy,resolved_policy,shanghairanking-bcur,shanghairanking-bcur,shanghairanking-bcur,2026,中国大学排名（主榜）,,rankOverall,2026软科 419,419,https://www.shanghairanking.cn/rankings/bcur/2026,entity_home,entity,,,,,no,,湖北工程学院,yes,no comparable second place: the deciding rule set aside the other 3 candidate(s) without leaving anybody on the winner's own scale
city,湖北省,宜昌市,,7,7,4142011075,三峡大学,本科,no,,public_before_private,同层次同标签下公办优先（按当前项目政策，非排名证据）；候选池先按层次收敛：本科层次优先于更低层次（项目层次政策）,policy,resolved_policy,shanghairanking-bcur,shanghairanking-bcur,shanghairanking-bcur,2026,中国大学排名（主榜）,,rankOverall,2026软科 174,174,https://www.shanghairanking.cn/rankings/bcur/2026,entity_home,entity,,,,,no,,三峡大学,yes,no comparable second place: the deciding rule set aside the other 6 candidate(s) without leaving anybody on the winner's own scale
city,湖南省,常德市,,7,7,4143010549,湖南文理学院,本科,no,,public_before_private,同层次同标签下公办优先（按当前项目政策，非排名证据）；候选池先按层次收敛：本科层次优先于更低层次（项目层次政策）,policy,resolved_policy,shanghairanking-bcur,shanghairanking-bcur,shanghairanking-bcur,2026,中国大学排名（主榜）,,rankOverall,2026软科 455,455,https://www.shanghairanking.cn/rankings/bcur/2026,entity_home,entity,,,,,no,,湖南文理学院,yes,no comparable second place: the deciding rule set aside the other 6 candidate(s) without leaving anybody on the winner's own scale
city,湖南省,郴州市,,5,5,4143010545,湘南学院,本科,no,,level_order,本科层次优先于更低层次候选（项目层次政策）,policy,resolved_policy,shanghairanking-bcur,shanghairanking-bcur,shanghairanking-bcur,2026,中国大学排名（主榜）,,rankOverall,2026软科 405,405,https://www.shanghairanking.cn/rankings/bcur/2026,entity_home,entity,,,,,no,,湘南学院,no,no comparable second place: the deciding rule set aside the other 4 candidate(s) without leaving anybody on the winner's own scale
city,湖南省,衡阳市,,13,13,4143010555,南华大学,本科,no,,public_before_private,同层次同标签下公办优先（按当前项目政策，非排名证据）；公办候选之间再按同榜名次比较；候选池先按层次收敛：本科层次优先于更低层次（项目层次政策）,policy,resolved_policy,shanghairanking-bcur,shanghairanking-bcur,shanghairanking-bcur,2026,中国大学排名（主榜）,,rankOverall,2026软科 198,198,https://www.shanghairanking.cn/rankings/bcur/2026,entity_home,entity,4143010546,衡阳师范学院,本科,shanghairanking-bcur,yes,,南华大学|衡阳师范学院,yes,
city,湖南省,怀化市,,5,5,4143010548,怀化学院,本科,no,,comparable_ranking,怀化学院 在同榜可比名次上优于 湖南医药学院（软科 bcur）；候选池先按层次收敛：本科层次优先于更低层次（项目层次政策）,strong,resolved_strong,shanghairanking-bcur,shanghairanking-bcur,shanghairanking-bcur,2026,中国大学排名（主榜）,,rankOverall,2026软科 436,436,https://www.shanghairanking.cn/rankings/bcur/2026,entity_home,entity,4143012214,湖南医药学院,本科,shanghairanking-bcur,yes,,怀化学院|湖南医药学院,no,
city,湖南省,娄底市,,4,4,4143010553,湖南人文科技学院,本科,no,,level_order,本科层次优先于更低层次候选（项目层次政策）,policy,resolved_policy,shanghairanking-bcur,shanghairanking-bcur,shanghairanking-bcur,2026,中国大学排名（主榜）,,rankOverall,2026软科 490,490,https://www.shanghairanking.cn/rankings/bcur/2026,entity_home,entity,,,,,no,,湖南人文科技学院,no,no comparable second place: the deciding rule set aside the other 3 candidate(s) without leaving anybody on the winner's own scale
city,湖南省,邵阳市,,5,5,4143010547,邵阳学院,本科,no,,level_order,本科层次优先于更低层次候选（项目层次政策）,policy,resolved_policy,shanghairanking-bcur,shanghairanking-bcur,shanghairanking-bcur,2026,中国大学排名（主榜）,,rankOverall,2026软科 438,438,https://www.shanghairanking.cn/rankings/bcur/2026,entity_home,entity,,,,,no,,邵阳学院,no,no comparable second place: the deciding rule set aside the other 4 candidate(s) without leaving anybody on the winner's own scale
city,湖南省,湘潭市,,15,15,4143010530,湘潭大学,本科,no,双一流,prestige_tag,双一流 标签优先于无重点标签（国家官方重点建设名单）,strong,resolved_strong,shanghairanking-bcur,shanghairanking-bcur,shanghairanking-bcur,2026,中国大学排名（主榜）,,rankOverall,2026软科 117,117,https://www.shanghairanking.cn/rankings/bcur/2026,entity_home,entity,4143010534,湖南科技大学,本科,shanghairanking-bcur,yes,,湘潭大学|湖南科技大学,no,
city,湖南省,湘西土家族苗族自治州,,2,2,4143010531,吉首大学,本科,no,,level_order,本科层次优先于更低层次候选（项目层次政策）,policy,resolved_policy,shanghairanking-bcur,shanghairanking-bcur,shanghairanking-bcur,2026,中国大学排名（主榜）,,rankOverall,2026软科 323,323,https://www.shanghairanking.cn/rankings/bcur/2026,entity_home,entity,,,,,no,,吉首大学,no,no comparable second place: the deciding rule set aside the other 1 candidate(s) without leaving anybody on the winner's own scale
city,湖南省,益阳市,,5,5,4143011527,湖南城市学院,本科,no,,cross_group_scale_policy,湖南城市学院 取自主榜序列；其余候选分属不同榜单体系，名次不可直接比较，按当前项目政策以主榜序列为先；候选池先按层次收敛：本科层次优先于更低层次（项目层次政策）,policy,resolved_policy,shanghairanking-bcur,shanghairanking-bcur,shanghairanking-bcur,2026,中国大学排名（主榜）,,rankOverall,2026软科 463,463,https://www.shanghairanking.cn/rankings/bcur/2026,entity_home,entity,,,,,no,,湖南城市学院,no,no comparable second place: the deciding rule set aside the other 4 candidate(s) without leaving anybody on the winner's own scale
city,湖南省,永州市,,4,4,4143010551,湖南科技学院,本科,no,,level_order,本科层次优先于更低层次候选（项目层次政策）,policy,resolved_policy,shanghairanking-bcur,shanghairanking-bcur,shanghairanking-bcur,2026,中国大学排名（主榜）,,rankOverall,2026软科 462,462,https://www.shanghairanking.cn/rankings/bcur/2026,entity_home,entity,,,,,no,,湖南科技学院,no,no comparable second place: the deciding rule set aside the other 3 candidate(s) without leaving anybody on the winner's own scale
city,湖南省,岳阳市,,7,7,4143010543,湖南理工大学,本科,no,,public_before_private,同层次同标签下公办优先（按当前项目政策，非排名证据）；候选池先按层次收敛：本科层次优先于更低层次（项目层次政策）,policy,resolved_policy,shanghairanking-bcur,shanghairanking-bcur,shanghairanking-bcur,2026,中国大学排名（主榜）,,rankOverall,2026软科 310,310,https://www.shanghairanking.cn/rankings/bcur/2026,entity_home,entity,,,,,no,,湖南理工大学,yes,no comparable second place: the deciding rule set aside the other 6 candidate(s) without leaving anybody on the winner's own scale
city,湖南省,张家界市,,2,2,4143012662,张家界学院,本科,yes,,level_order,本科层次优先于更低层次候选（项目层次政策）,policy,resolved_policy,shanghairanking-bcur-private,shanghairanking-bcur-private,shanghairanking-bcur-private,2026,中国民办高校排名（主榜）,综合,rankOverall,2026软科民办 100+,100+,https://www.shanghairanking.cn/rankings/bcur/202615,entity_home,entity,,,,,no,,张家界学院,no,no comparable second place: the deciding rule set aside the other 1 candidate(s) without leaving anybody on the winner's own scale
city,湖南省,长沙市,,63,63,4143010533,中南大学,本科,no,985|211|双一流,comparable_ranking,中南大学 在同榜可比名次上优于 湖南大学（软科 bcur）；候选池先按国家标签收敛：985,strong,resolved_strong,shanghairanking-bcur,shanghairanking-bcur,shanghairanking-bcur,2026,中国大学排名（主榜）,,rankOverall,2026软科 27,27,https://www.shanghairanking.cn/rankings/bcur/2026,entity_home,entity,4143010532,湖南大学,本科,shanghairanking-bcur,yes,,中南大学|湖南大学,no,
city,湖南省,株洲市,,10,10,4143011535,湖南工业大学,本科,no,,public_before_private,同层次同标签下公办优先（按当前项目政策，非排名证据）；候选池先按层次收敛：本科层次优先于更低层次（项目层次政策）,policy,resolved_policy,shanghairanking-bcur,shanghairanking-bcur,shanghairanking-bcur,2026,中国大学排名（主榜）,,rankOverall,2026软科 293,293,https://www.shanghairanking.cn/rankings/bcur/2026,entity_home,entity,,,,,no,,湖南工业大学,yes,no comparable second place: the deciding rule set aside the other 9 candidate(s) without leaving anybody on the winner's own scale
city,吉林省,白城市,,3,3,4122010206,白城师范学院,本科,no,,level_order,本科层次优先于更低层次候选（项目层次政策）,policy,resolved_policy,shanghairanking-bcur,shanghairanking-bcur,shanghairanking-bcur,2026,中国大学排名（主榜）,,rankOverall,2026软科 500+,500+,https://www.shanghairanking.cn/rankings/bcur/2026,entity_home,entity,,,,,no,,白城师范学院,no,no comparable second place: the deciding rule set aside the other 2 candidate(s) without leaving anybody on the winner's own scale
city,吉林省,白山市,,1,1,4122014190,长白山职业技术学院,专科,no,,single_candidate,该行政单元在现行口径下只有 1 个候选，无需比较,policy,resolved_policy,shanghairanking-bcvcr-public-vocational,shanghairanking-bcvcr-public-vocational,shanghairanking-bcvcr-public-vocational,2026,中国高职专科院校排名（总榜）,理工,rankOverall,2026软科高职理工 230+ · 高职专科总榜 500+,500+,https://www.shanghairanking.cn/rankings/bcvcr/2026623,entity_home,entity,,,,,no,,长白山职业技术学院,no,
city,吉林省,吉林市,,9,9,4122010188,东北电力大学,本科,no,,cross_group_scale_policy,东北电力大学 取自主榜序列；其余候选分属不同榜单体系，名次不可直接比较，按当前项目政策以主榜序列为先；候选池先按层次收敛：本科层次优先于更低层次（项目层次政策）,policy,resolved_policy,shanghairanking-bcur,shanghairanking-bcur,shanghairanking-bcur,2026,中国大学排名（主榜）,,rankOverall,2026软科 208,208,https://www.shanghairanking.cn/rankings/bcur/2026,entity_home,entity,4122010201,北华大学,本科,shanghairanking-bcur,yes,,东北电力大学|北华大学,no,
city,吉林省,辽源市,,1,1,4122010847,辽源职业技术学院,专科,no,,single_candidate,该行政单元在现行口径下只有 1 个候选，无需比较,policy,resolved_policy,shanghairanking-bcvcr-public-vocational,shanghairanking-bcvcr-public-vocational,shanghairanking-bcvcr-public-vocational,2026,中国高职专科院校排名（总榜）,理工,rankOverall,2026软科高职理工 230+ · 高职专科总榜 500+,500+,https://www.shanghairanking.cn/rankings/bcvcr/2026623,entity_home,entity,,,,,no,,辽源职业技术学院,no,
city,吉林省,四平市,,5,5,4122010203,吉林师范大学,本科,no,,public_before_private,同层次同标签下公办优先（按当前项目政策，非排名证据）；候选池先按层次收敛：本科层次优先于更低层次（项目层次政策）,policy,resolved_policy,shanghairanking-bcur,shanghairanking-bcur,shanghairanking-bcur,2026,中国大学排名（主榜）,,rankOverall,2026软科 322,322,https://www.shanghairanking.cn/rankings/bcur/2026,entity_home,entity,,,,,no,,吉林师范大学,yes,no comparable second place: the deciding rule set aside the other 4 candidate(s) without leaving anybody on the winner's own scale
city,吉林省,松原市,,1,1,4122013917,松原职业技术学院,专科,no,,single_candidate,该行政单元在现行口径下只有 1 个候选，无需比较,policy,resolved_policy,shanghairanking-bcvcr-public-vocational,shanghairanking-bcvcr-public-vocational,shanghairanking-bcvcr-public-vocational,2026,中国高职专科院校排名（总榜）,理工,rankOverall,2026软科高职理工 230+ · 高职专科总榜 500+,500+,https://www.shanghairanking.cn/rankings/bcvcr/2026623,entity_home,entity,,,,,no,,松原职业技术学院,no,
city,吉林省,通化市,,3,3,4122010202,通化师范学院,本科,no,,level_order,本科层次优先于更低层次候选（项目层次政策）,policy,resolved_policy,shanghairanking-bcur,shanghairanking-bcur,shanghairanking-bcur,2026,中国大学排名（主榜）,,rankOverall,2026软科 459,459,https://www.shanghairanking.cn/rankings/bcur/2026,entity_home,entity,,,,,no,,通化师范学院,no,no comparable second place: the deciding rule set aside the other 2 candidate(s) without leaving anybody on the winner's own scale
city,吉林省,延边朝鲜族自治州,,3,3,4122010184,延边大学,本科,no,211|双一流,level_order,本科层次优先于更低层次候选（项目层次政策）,policy,resolved_policy,shanghairanking-bcur,shanghairanking-bcur,shanghairanking-bcur,2026,中国大学排名（主榜）,,rankOverall,2026软科 157,157,https://www.shanghairanking.cn/rankings/bcur/2026,entity_home,entity,,,,,no,,延边大学,no,no comparable second place: the deciding rule set aside the other 2 candidate(s) without leaving anybody on the winner's own scale
city,吉林省,长春市,,42,42,4122010183,吉林大学,本科,no,985|211|双一流,prestige_tag,985 标签优先于211（国家官方重点建设名单）,strong,resolved_strong,shanghairanking-bcur,shanghairanking-bcur,shanghairanking-bcur,2026,中国大学排名（主榜）,,rankOverall,2026软科 26,26,https://www.shanghairanking.cn/rankings/bcur/2026,entity_home,entity,4122010200,东北师范大学,本科,shanghairanking-bcur,yes,,吉林大学|东北师范大学,no,
city,江苏省,常州市,,12,12,4132010292,常州大学,本科,no,,cross_group_scale_policy,常州大学 取自主榜序列；其余候选分属不同榜单体系，名次不可直接比较，按当前项目政策以主榜序列为先；候选池先按层次收敛：本科层次优先于更低层次（项目层次政策）,policy,resolved_policy,shanghairanking-bcur,shanghairanking-bcur,shanghairanking-bcur,2026,中国大学排名（主榜）,,rankOverall,2026软科 165,165,https://www.shanghairanking.cn/rankings/bcur/2026,entity_home,entity,4132011055,常州工学院,本科,shanghairanking-bcur,yes,,常州大学|常州工学院,no,
city,江苏省,淮安市,,7,7,4132011049,淮安大学,本科,no,,comparable_ranking,淮安大学 在同榜可比名次上优于 淮阴师范学院（软科 bcur）；候选池先按层次收敛：本科层次优先于更低层次（项目层次政策）,strong,resolved_strong,shanghairanking-bcur,shanghairanking-bcur,shanghairanking-bcur,2026,中国大学排名（主榜）,,rankOverall,2026软科 317,317,https://www.shanghairanking.cn/rankings/bcur/2026,entity_home,entity,4132010323,淮阴师范学院,本科,shanghairanking-bcur,yes,,淮安大学|淮阴师范学院,no,
city,江苏省,连云港市,,5,5,4132011641,江苏海洋大学,本科,no,,public_before_private,同层次同标签下公办优先（按当前项目政策，非排名证据）；候选池先按层次收敛：本科层次优先于更低层次（项目层次政策）,policy,resolved_policy,shanghairanking-bcur,shanghairanking-bcur,shanghairanking-bcur,2026,中国大学排名（主榜）,,rankOverall,2026软科 325,325,https://www.shanghairanking.cn/rankings/bcur/2026,entity_home,entity,,,,,no,,江苏海洋大学,yes,1 leading candidate(s) carry no official list ranking; no comparable second place: the deciding rule set aside the other 4 candidate(s) without leaving anybody on the winner's own scale
city,江苏省,南京市,,53,53,4132010284,南京大学,本科,no,985|211|双一流,comparable_ranking,南京大学 在同榜可比名次上优于 东南大学（软科 bcur）；候选池先按国家标签收敛：985,strong,resolved_strong,shanghairanking-bcur,shanghairanking-bcur,shanghairanking-bcur,2026,中国大学排名（主榜）,,rankOverall,2026软科 6,6,https://www.shanghairanking.cn/rankings/bcur/2026,entity_home,entity,4132010286,东南大学,本科,shanghairanking-bcur,yes,,南京大学|东南大学,no,
city,江苏省,南通市,,10,10,4132010304,南通大学,本科,no,,public_before_private,同层次同标签下公办优先（按当前项目政策，非排名证据）；候选池先按层次收敛：本科层次优先于更低层次（项目层次政策）,policy,resolved_policy,shanghairanking-bcur,shanghairanking-bcur,shanghairanking-bcur,2026,中国大学排名（主榜）,,rankOverall,2026软科 147,147,https://www.shanghairanking.cn/rankings/bcur/2026,entity_home,entity,,,,,no,,南通大学,yes,no comparable second place: the deciding rule set aside the other 9 candidate(s) without leaving anybody on the winner's own scale
city,江苏省,苏州市,,26,26,4132010285,苏州大学,本科,no,211|双一流,prestige_tag,211 标签优先于无重点标签（国家官方重点建设名单）,strong,resolved_strong,shanghairanking-bcur,shanghairanking-bcur,shanghairanking-bcur,2026,中国大学排名（主榜）,,rankOverall,2026软科 46,46,https://www.shanghairanking.cn/rankings/bcur/2026,entity_home,entity,4132016406,昆山杜克大学,本科,shanghairanking-bcur,yes,,苏州大学|昆山杜克大学,no,
city,江苏省,宿迁市,,4,4,4132014160,宿迁学院,本科,no,,level_order,本科层次优先于更低层次候选（项目层次政策）,policy,resolved_policy,shanghairanking-bcur,shanghairanking-bcur,shanghairanking-bcur,2026,中国大学排名（主榜）,,rankOverall,2026软科 475,475,https://www.shanghairanking.cn/rankings/bcur/2026,entity_home,entity,,,,,no,,宿迁学院,no,no comparable second place: the deciding rule set aside the other 3 candidate(s) without leaving anybody on the winner's own scale
city,江苏省,泰州市,,7,7,4132012917,泰州学院,本科,no,,public_before_private,同层次同标签下公办优先（按当前项目政策，非排名证据）；候选池先按层次收敛：本科层次优先于更低层次（项目层次政策）,policy,resolved_policy,shanghairanking-bcur,shanghairanking-bcur,shanghairanking-bcur,2026,中国大学排名（主榜）,,rankOverall,2026软科 500+,500+,https://www.shanghairanking.cn/rankings/bcur/2026,entity_home,entity,,,,,no,,泰州学院,yes,no comparable second place: the deciding rule set aside the other 6 candidate(s) without leaving anybody on the winner's own scale
city,江苏省,无锡市,,14,14,4132010295,江南大学,本科,no,211|双一流,prestige_tag,211 标签优先于无重点标签（国家官方重点建设名单）,strong,resolved_strong,shanghairanking-bcur,shanghairanking-bcur,shanghairanking-bcur,2026,中国大学排名（主榜）,,rankOverall,2026软科 52,52,https://www.shanghairanking.cn/rankings/bcur/2026,entity_home,entity,4132013982,无锡学院,本科,shanghairanking-bcur,yes,,江南大学|无锡学院,no,
city,江苏省,徐州市,,12,12,4132010290,中国矿业大学,本科,no,211|双一流,prestige_tag,211 标签优先于无重点标签（国家官方重点建设名单）,strong,resolved_strong,shanghairanking-bcur,shanghairanking-bcur,shanghairanking-bcur,2026,中国大学排名（主榜）,,rankOverall,2026软科 67,67,https://www.shanghairanking.cn/rankings/bcur/2026,entity_home,entity,4132010313,徐州医科大学,本科,shanghairanking-bcur,yes,,中国矿业大学|徐州医科大学,no,
city,江苏省,盐城市,,7,7,4132010305,盐城工学院,本科,no,,comparable_ranking,盐城工学院 在同榜可比名次上优于 盐城师范学院（软科 bcur）；候选池先按层次收敛：本科层次优先于更低层次（项目层次政策）,strong,resolved_strong,shanghairanking-bcur,shanghairanking-bcur,shanghairanking-bcur,2026,中国大学排名（主榜）,,rankOverall,2026软科 334,334,https://www.shanghairanking.cn/rankings/bcur/2026,entity_home,entity,4132010324,盐城师范学院,本科,shanghairanking-bcur,yes,,盐城工学院|盐城师范学院,no,
city,江苏省,扬州市,,9,9,4132011117,扬州大学,本科,no,,public_before_private,同层次同标签下公办优先（按当前项目政策，非排名证据）；候选池先按层次收敛：本科层次优先于更低层次（项目层次政策）,policy,resolved_policy,shanghairanking-bcur,shanghairanking-bcur,shanghairanking-bcur,2026,中国大学排名（主榜）,,rankOverall,2026软科 93,93,https://www.shanghairanking.cn/rankings/bcur/2026,entity_home,entity,,,,,no,,扬州大学,yes,no comparable second place: the deciding rule set aside the other 8 candidate(s) without leaving anybody on the winner's own scale
city,江苏省,镇江市,,8,8,4132010299,江苏大学,本科,no,,comparable_ranking,江苏大学 在同榜可比名次上优于 江苏科技大学（软科 bcur）；候选池先按层次收敛：本科层次优先于更低层次（项目层次政策）,strong,resolved_strong,shanghairanking-bcur,shanghairanking-bcur,shanghairanking-bcur,2026,中国大学排名（主榜）,,rankOverall,2026软科 81,81,https://www.shanghairanking.cn/rankings/bcur/2026,entity_home,entity,4132010289,江苏科技大学,本科,shanghairanking-bcur,yes,,江苏大学|江苏科技大学,yes,2 leading candidate(s) carry no official list ranking
city,江西省,抚州市,,6,6,4136010405,东华理工大学,本科,no,,comparable_ranking,东华理工大学 在同榜可比名次上优于 赣东学院（软科 bcur）；候选池先按层次收敛：本科层次优先于更低层次（项目层次政策）,strong,resolved_strong,shanghairanking-bcur,shanghairanking-bcur,shanghairanking-bcur,2026,中国大学排名（主榜）,,rankOverall,2026软科 229,229,https://www.shanghairanking.cn/rankings/bcur/2026,entity_home,entity,4136013432,赣东学院,本科,shanghairanking-bcur,yes,,东华理工大学|赣东学院,yes,1 leading candidate(s) carry no official list ranking
city,江西省,赣州市,,13,13,4136010407,江西理工大学,本科,no,,comparable_ranking,江西理工大学 在同榜可比名次上优于 赣南师范大学（软科 bcur）；候选池先按层次收敛：本科层次优先于更低层次（项目层次政策）,strong,resolved_strong,shanghairanking-bcur,shanghairanking-bcur,shanghairanking-bcur,2026,中国大学排名（主榜）,,rankOverall,2026软科 202,202,https://www.shanghairanking.cn/rankings/bcur/2026,entity_home,entity,4136010418,赣南师范大学,本科,shanghairanking-bcur,yes,,江西理工大学|赣南师范大学,yes,1 leading candidate(s) carry no official list ranking
city,江西省,吉安市,,3,3,4136010419,井冈山大学,本科,no,,level_order,本科层次优先于更低层次候选（项目层次政策）,policy,resolved_policy,shanghairanking-bcur,shanghairanking-bcur,shanghairanking-bcur,2026,中国大学排名（主榜）,,rankOverall,2026软科 351,351,https://www.shanghairanking.cn/rankings/bcur/2026,entity_home,entity,,,,,no,,井冈山大学,no,no comparable second place: the deciding rule set aside the other 2 candidate(s) without leaving anybody on the winner's own scale
city,江西省,景德镇市,,6,6,4136010408,景德镇陶瓷大学,本科,no,,public_before_private,同层次同标签下公办优先（按当前项目政策，非排名证据）；公办候选之间再按同榜名次比较；候选池先按层次收敛：本科层次优先于更低层次（项目层次政策）,policy,resolved_policy,shanghairanking-bcur,shanghairanking-bcur,shanghairanking-bcur,2026,中国大学排名（主榜）,,rankOverall,2026软科 321,321,https://www.shanghairanking.cn/rankings/bcur/2026,entity_home,entity,4136010894,景德镇学院,本科,shanghairanking-bcur,yes,,景德镇陶瓷大学|景德镇学院,yes,
city,江西省,九江市,,9,9,4136011843,九江学院,本科,no,,public_before_private,同层次同标签下公办优先（按当前项目政策，非排名证据）；候选池先按层次收敛：本科层次优先于更低层次（项目层次政策）,policy,resolved_policy,shanghairanking-bcur,shanghairanking-bcur,shanghairanking-bcur,2026,中国大学排名（主榜）,,rankOverall,2026软科 473,473,https://www.shanghairanking.cn/rankings/bcur/2026,entity_home,entity,,,,,no,,九江学院,yes,no comparable second place: the deciding rule set aside the other 8 candidate(s) without leaving anybody on the winner's own scale
city,江西省,南昌市,,56,56,4136010403,南昌大学,本科,no,211|双一流,prestige_tag,211 标签优先于无重点标签（国家官方重点建设名单）,strong,resolved_strong,shanghairanking-bcur,shanghairanking-bcur,shanghairanking-bcur,2026,中国大学排名（主榜）,,rankOverall,2026软科 74,74,https://www.shanghairanking.cn/rankings/bcur/2026,entity_home,entity,4136010421,江西财经大学,本科,shanghairanking-bcur,yes,,南昌大学|江西财经大学,no,
city,江西省,萍乡市,,5,5,4136010895,萍乡学院,本科,no,,level_order,本科层次优先于更低层次候选（项目层次政策）,policy,resolved_policy,shanghairanking-bcur,shanghairanking-bcur,shanghairanking-bcur,2026,中国大学排名（主榜）,,rankOverall,2026软科 500+,500+,https://www.shanghairanking.cn/rankings/bcur/2026,entity_home,entity,,,,,no,,萍乡学院,no,no comparable second place: the deciding rule set aside the other 4 candidate(s) without leaving anybody on the winner's own scale
city,江西省,上饶市,,7,7,4136010416,上饶师范学院,本科,no,,level_order,本科层次优先于更低层次候选（项目层次政策）,policy,resolved_policy,shanghairanking-bcur,shanghairanking-bcur,shanghairanking-bcur,2026,中国大学排名（主榜）,,rankOverall,2026软科 457,457,https://www.shanghairanking.cn/rankings/bcur/2026,entity_home,entity,,,,,no,,上饶师范学院,no,no comparable second place: the deciding rule set aside the other 6 candidate(s) without leaving anybody on the winner's own scale
city,江西省,新余市,,6,6,4136011508,新余学院,本科,no,,public_before_private,同层次同标签下公办优先（按当前项目政策，非排名证据）；候选池先按层次收敛：本科层次优先于更低层次（项目层次政策）,policy,resolved_policy,shanghairanking-bcur,shanghairanking-bcur,shanghairanking-bcur,2026,中国大学排名（主榜）,,rankOverall,2026软科 500+,500+,https://www.shanghairanking.cn/rankings/bcur/2026,entity_home,entity,,,,,no,,新余学院,yes,no comparable second place: the deciding rule set aside the other 5 candidate(s) without leaving anybody on the winner's own scale
city,江西省,宜春市,,6,6,4136010417,宜春学院,本科,no,,level_order,本科层次优先于更低层次候选（项目层次政策）,policy,resolved_policy,shanghairanking-bcur,shanghairanking-bcur,shanghairanking-bcur,2026,中国大学排名（主榜）,,rankOverall,2026软科 431,431,https://www.shanghairanking.cn/rankings/bcur/2026,entity_home,entity,,,,,no,,宜春学院,no,no comparable second place: the deciding rule set aside the other 5 candidate(s) without leaving anybody on the winner's own scale
city,江西省,鹰潭市,,3,3,4136014537,江西师范高等专科学校,专科,no,,comparable_ranking,江西师范高等专科学校 在同榜可比名次上优于 鹰潭职业技术学院（软科 bcvcr-public-vocational）,strong,resolved_strong,shanghairanking-bcvcr-public-vocational,shanghairanking-bcvcr-public-vocational,shanghairanking-bcvcr-public-vocational,2026,中国高职专科院校排名（总榜）,师范,rankOverall,2026软科高职专科总榜 415,415,https://www.shanghairanking.cn/rankings/bcvcr/2026623,entity_home,entity,4136012937,鹰潭职业技术学院,专科,shanghairanking-bcvcr-public-vocational,yes,,江西师范高等专科学校|鹰潭职业技术学院,yes,1 leading candidate(s) carry no official list ranking
city,辽宁省,鞍山市,,3,3,4121010146,辽宁科技大学,本科,no,,comparable_ranking,辽宁科技大学 在同榜可比名次上优于 鞍山师范学院（软科 bcur）；候选池先按层次收敛：本科层次优先于更低层次（项目层次政策）,strong,resolved_strong,shanghairanking-bcur,shanghairanking-bcur,shanghairanking-bcur,2026,中国大学排名（主榜）,,rankOverall,2026软科 304,304,https://www.shanghairanking.cn/rankings/bcur/2026,entity_home,entity,4121010169,鞍山师范学院,本科,shanghairanking-bcur,yes,,辽宁科技大学|鞍山师范学院,no,
city,辽宁省,本溪市,,2,2,4121011430,辽宁科技学院,本科,no,,level_order,本科层次优先于更低层次候选（项目层次政策）,policy,resolved_policy,shanghairanking-bcur,shanghairanking-bcur,shanghairanking-bcur,2026,中国大学排名（主榜）,,rankOverall,2026软科 500+,500+,https://www.shanghairanking.cn/rankings/bcur/2026,entity_home,entity,,,,,no,,辽宁科技学院,no,no comparable second place: the deciding rule set aside the other 1 candidate(s) without leaving anybody on the winner's own scale
city,辽宁省,朝阳市,,2,2,4121010171,朝阳师范学院,本科,no,,level_order,本科层次优先于更低层次候选（项目层次政策）,policy,resolved_policy,,,,,,,,,,,entity_home,entity,,,,,no,,朝阳师范学院,no,no comparable second place: the deciding rule set aside the other 1 candidate(s) without leaving anybody on the winner's own scale
city,辽宁省,大连市,,29,29,4121010141,大连理工大学,本科,no,985|211|双一流,prestige_tag,985 标签优先于无重点标签（国家官方重点建设名单）,strong,resolved_strong,shanghairanking-bcur,shanghairanking-bcur,shanghairanking-bcur,2026,中国大学排名（主榜）,,rankOverall,2026软科 28,28,https://www.shanghairanking.cn/rankings/bcur/2026,entity_home,entity,4121010173,东北财经大学,本科,shanghairanking-bcur,yes,,大连理工大学|东北财经大学,no,
city,辽宁省,丹东市,,3,3,4121011779,辽东学院,本科,no,,level_order,本科层次优先于更低层次候选（项目层次政策）,policy,resolved_policy,shanghairanking-bcur,shanghairanking-bcur,shanghairanking-bcur,2026,中国大学排名（主榜）,,rankOverall,2026软科 500+,500+,https://www.shanghairanking.cn/rankings/bcur/2026,entity_home,entity,,,,,no,,辽东学院,no,no comparable second place: the deciding rule set aside the other 2 candidate(s) without leaving anybody on the winner's own scale
city,辽宁省,抚顺市,,4,4,4121010148,辽宁石油化工大学,本科,no,,public_before_private,同层次同标签下公办优先（按当前项目政策，非排名证据）；候选池先按层次收敛：本科层次优先于更低层次（项目层次政策）,policy,resolved_policy,shanghairanking-bcur,shanghairanking-bcur,shanghairanking-bcur,2026,中国大学排名（主榜）,,rankOverall,2026软科 263,263,https://www.shanghairanking.cn/rankings/bcur/2026,entity_home,entity,,,,,no,,辽宁石油化工大学,yes,no comparable second place: the deciding rule set aside the other 3 candidate(s) without leaving anybody on the winner's own scale
city,辽宁省,阜新市,,2,2,4121010147,辽宁工程技术大学,本科,no,,level_order,本科层次优先于更低层次候选（项目层次政策）,policy,resolved_policy,shanghairanking-bcur,shanghairanking-bcur,shanghairanking-bcur,2026,中国大学排名（主榜）,,rankOverall,2026软科 271,271,https://www.shanghairanking.cn/rankings/bcur/2026,entity_home,entity,,,,,no,,辽宁工程技术大学,no,no comparable second place: the deciding rule set aside the other 1 candidate(s) without leaving anybody on the winner's own scale
city,辽宁省,葫芦岛市,,2,2,4121013900,辽宁财贸学院,本科,yes,,level_order,本科层次优先于更低层次候选（项目层次政策）,policy,resolved_policy,shanghairanking-bcur-private,shanghairanking-bcur-private,shanghairanking-bcur-private,2026,中国民办财经类高校排名,财经,rankOverall,2026软科民办 25,75,https://www.shanghairanking.cn/rankings/bcur/202616,entity_home,entity,,,,,no,,辽宁财贸学院,no,no comparable second place: the deciding rule set aside the other 1 candidate(s) without leaving anybody on the winner's own scale
city,辽宁省,锦州市,,9,9,4121010160,锦州医科大学,本科,no,,public_before_private,同层次同标签下公办优先（按当前项目政策，非排名证据）；公办候选之间再按同榜名次比较；候选池先按层次收敛：本科层次优先于更低层次（项目层次政策）,policy,resolved_policy,shanghairanking-bcur,shanghairanking-bcur,shanghairanking-bcur,2026,中国医药类大学排名,医药,rankOverall,2026软科医药 32 · 主榜参考 246,246,https://www.shanghairanking.cn/rankings/bcur/202621,entity_home,entity,4121010154,辽宁工业大学,本科,shanghairanking-bcur,yes,,锦州医科大学|辽宁工业大学,yes,
city,辽宁省,辽阳市,,2,2,4121014189,辽宁建筑职业学院,专科,no,,comparable_ranking,辽宁建筑职业学院 在同榜可比名次上优于 辽阳职业技术学院（软科 bcvcr-public-vocational）,strong,resolved_strong,shanghairanking-bcvcr-public-vocational,shanghairanking-bcvcr-public-vocational,shanghairanking-bcvcr-public-vocational,2026,中国高职专科院校排名（总榜）,理工,rankOverall,2026软科高职专科总榜 422,422,https://www.shanghairanking.cn/rankings/bcvcr/2026623,entity_home,entity,4121011249,辽阳职业技术学院,专科,shanghairanking-bcvcr-public-vocational,yes,,辽宁建筑职业学院|辽阳职业技术学院,no,
city,辽宁省,盘锦市,,2,2,4121012063,盘锦职业技术学院,专科,no,,deterministic_fallback_policy,盘锦职业技术学院 由项目稳定兜底规则选出：在层次、重点标签、公办/民办与可比榜单仍无法唯一分开时，按榜单体系优先级、区间下界与稳定名称顺序决定展示 winner；该结论不是发布方跨榜排名,policy,resolved_policy,shanghairanking-bcvcr-public-vocational,shanghairanking-bcvcr-public-vocational,shanghairanking-bcvcr-public-vocational,2026,中国高职专科院校排名（总榜）,综合,rankOverall,2026软科高职综合 112+ · 高职专科总榜 500+,500+,https://www.shanghairanking.cn/rankings/bcvcr/2026623,entity_home,entity,,,,,no,,盘锦职业技术学院,yes,1 leading candidate(s) carry no official list ranking; no comparable second place: the deciding rule set aside the other 1 candidate(s) without leaving anybody on the winner's own scale
city,辽宁省,沈阳市,,44,44,4121010145,东北大学,本科,no,985|211|双一流,prestige_tag,985 标签优先于无重点标签（国家官方重点建设名单）,strong,resolved_strong,shanghairanking-bcur,shanghairanking-bcur,shanghairanking-bcur,2026,中国大学排名（主榜）,,rankOverall,2026软科 38,38,https://www.shanghairanking.cn/rankings/bcur/2026,entity_home,entity,4121010159,中国医科大学,本科,shanghairanking-bcur,yes,,东北大学|中国医科大学,no,
city,辽宁省,铁岭市,,4,4,4121014287,辽宁工程职业学院,专科,no,,deterministic_fallback_policy,辽宁工程职业学院 由项目稳定兜底规则选出：在层次、重点标签、公办/民办与可比榜单仍无法唯一分开时，按榜单体系优先级、区间下界与稳定名称顺序决定展示 winner；该结论不是发布方跨榜排名,policy,resolved_policy,shanghairanking-bcvcr-public-vocational,shanghairanking-bcvcr-public-vocational,shanghairanking-bcvcr-public-vocational,2026,中国高职专科院校排名（总榜）,理工,rankOverall,2026软科高职理工 230+ · 高职专科总榜 500+,500+,https://www.shanghairanking.cn/rankings/bcvcr/2026623,entity_home,entity,4121012592,辽宁职业学院,专科,shanghairanking-bcvcr-public-vocational,yes,,辽宁工程职业学院|辽宁职业学院,no,
city,辽宁省,营口市,,3,3,4121014435,营口理工学院,本科,no,,level_order,本科层次优先于更低层次候选（项目层次政策）,policy,resolved_policy,shanghairanking-bcur,shanghairanking-bcur,shanghairanking-bcur,2026,中国大学排名（主榜）,,rankOverall,2026软科 500+,500+,https://www.shanghairanking.cn/rankings/bcur/2026,entity_home,entity,,,,,no,,营口理工学院,no,no comparable second place: the deciding rule set aside the other 2 candidate(s) without leaving anybody on the winner's own scale
city,内蒙古自治区,阿拉善盟,,1,1,4115014339,阿拉善职业技术学院,专科,no,,single_candidate,该行政单元在现行口径下只有 1 个候选，无需比较,policy,resolved_policy,shanghairanking-bcvcr-public-vocational,shanghairanking-bcvcr-public-vocational,shanghairanking-bcvcr-public-vocational,2026,中国高职专科院校排名（总榜）,综合,rankOverall,2026软科高职综合 112+ · 高职专科总榜 500+,500+,https://www.shanghairanking.cn/rankings/bcvcr/2026623,entity_home,entity,,,,,no,,阿拉善职业技术学院,no,
city,内蒙古自治区,巴彦淖尔市,,2,2,4115011631,河套学院,本科,no,,level_order,本科层次优先于更低层次候选（项目层次政策）,policy,resolved_policy,shanghairanking-bcur,shanghairanking-bcur,shanghairanking-bcur,2026,中国大学排名（主榜）,,rankOverall,2026软科 500+,500+,https://www.shanghairanking.cn/rankings/bcur/2026,entity_home,entity,,,,,no,,河套学院,no,no comparable second place: the deciding rule set aside the other 1 candidate(s) without leaving anybody on the winner's own scale
city,内蒙古自治区,包头市,,5,5,4115010127,内蒙古科技大学,本科,no,,level_order,本科层次优先于更低层次候选（项目层次政策）,policy,resolved_policy,shanghairanking-bcur,shanghairanking-bcur,shanghairanking-bcur,2026,中国大学排名（主榜）,,rankOverall,2026软科 314,314,https://www.shanghairanking.cn/rankings/bcur/2026,entity_home,entity,,,,,no,,内蒙古科技大学,no,no comparable second place: the deciding rule set aside the other 4 candidate(s) without leaving anybody on the winner's own scale
city,内蒙古自治区,赤峰市,,4,4,4115010138,赤峰大学,本科,no,,level_order,本科层次优先于更低层次候选（项目层次政策）,policy,resolved_policy,shanghairanking-bcur,shanghairanking-bcur,shanghairanking-bcur,2026,中国大学排名（主榜）,,rankOverall,2026软科 500+,500+,https://www.shanghairanking.cn/rankings/bcur/2026,entity_home,entity,,,,,no,,赤峰大学,no,no comparable second place: the deciding rule set aside the other 3 candidate(s) without leaving anybody on the winner's own scale
city,内蒙古自治区,鄂尔多斯市,,4,4,4115014532,鄂尔多斯应用技术学院,本科,no,,level_order,本科层次优先于更低层次候选（项目层次政策）,policy,resolved_policy,shanghairanking-bcur,shanghairanking-bcur,shanghairanking-bcur,2026,中国大学排名（主榜）,,rankOverall,2026软科 500+,500+,https://www.shanghairanking.cn/rankings/bcur/2026,entity_home,entity,,,,,no,,鄂尔多斯应用技术学院,no,no comparable second place: the deciding rule set aside the other 3 candidate(s) without leaving anybody on the winner's own scale
city,内蒙古自治区,呼和浩特市,,23,23,4115010126,内蒙古大学,本科,no,211|双一流,prestige_tag,211 标签优先于无重点标签（国家官方重点建设名单）,strong,resolved_strong,shanghairanking-bcur,shanghairanking-bcur,shanghairanking-bcur,2026,中国大学排名（主榜）,,rankOverall,2026软科 114,114,https://www.shanghairanking.cn/rankings/bcur/2026,entity_home,entity,4115010129,内蒙古农业大学,本科,shanghairanking-bcur,yes,,内蒙古大学|内蒙古农业大学,no,
city,内蒙古自治区,呼伦贝尔市,,4,4,4115010819,呼伦贝尔学院,本科,no,,level_order,本科层次优先于更低层次候选（项目层次政策）,policy,resolved_policy,shanghairanking-bcur,shanghairanking-bcur,shanghairanking-bcur,2026,中国大学排名（主榜）,,rankOverall,2026软科 500+,500+,https://www.shanghairanking.cn/rankings/bcur/2026,entity_home,entity,,,,,no,,呼伦贝尔学院,no,no comparable second place: the deciding rule set aside the other 3 candidate(s) without leaving anybody on the winner's own scale
city,内蒙古自治区,通辽市,,3,3,4115010136,内蒙古民族大学,本科,no,,level_order,本科层次优先于更低层次候选（项目层次政策）,policy,resolved_policy,shanghairanking-bcur,shanghairanking-bcur,shanghairanking-bcur,2026,中国民族类大学排名,民族,rankOverall,2026软科民族 12 · 主榜参考 340,340,https://www.shanghairanking.cn/rankings/bcur/202624,entity_home,entity,,,,,no,,内蒙古民族大学,no,no comparable second place: the deciding rule set aside the other 2 candidate(s) without leaving anybody on the winner's own scale
city,内蒙古自治区,乌海市,,1,1,4115013915,乌海职业技术学院,专科,no,,single_candidate,该行政单元在现行口径下只有 1 个候选，无需比较,policy,resolved_policy,shanghairanking-bcvcr-public-vocational,shanghairanking-bcvcr-public-vocational,shanghairanking-bcvcr-public-vocational,2026,中国高职专科院校排名（总榜）,理工,rankOverall,2026软科高职理工 230+ · 高职专科总榜 500+,500+,https://www.shanghairanking.cn/rankings/bcvcr/2026623,entity_home,entity,,,,,no,,乌海职业技术学院,no,
city,内蒙古自治区,乌兰察布市,,3,3,4115011427,集宁师范学院,本科,no,,level_order,本科层次优先于更低层次候选（项目层次政策）,policy,resolved_policy,shanghairanking-bcur,shanghairanking-bcur,shanghairanking-bcur,2026,中国大学排名（主榜）,,rankOverall,2026软科 500+,500+,https://www.shanghairanking.cn/rankings/bcur/2026,entity_home,entity,,,,,no,,集宁师范学院,no,no comparable second place: the deciding rule set aside the other 2 candidate(s) without leaving anybody on the winner's own scale
city,内蒙古自治区,锡林郭勒盟,,1,1,4115012677,锡林郭勒职业学院,专科,no,,single_candidate,该行政单元在现行口径下只有 1 个候选，无需比较,policy,resolved_policy,shanghairanking-bcvcr-public-vocational,shanghairanking-bcvcr-public-vocational,shanghairanking-bcvcr-public-vocational,2026,中国高职专科院校排名（总榜）,综合,rankOverall,2026软科高职专科总榜 230,230,https://www.shanghairanking.cn/rankings/bcvcr/2026623,entity_home,entity,,,,,no,,锡林郭勒职业学院,no,
city,内蒙古自治区,兴安盟,,1,1,4115012443,兴安职业技术大学,本科,no,,single_candidate,该行政单元在现行口径下只有 1 个候选，无需比较,policy,resolved_policy,shanghairanking-bcvcr-public-vocational-undergraduate,shanghairanking-bcvcr-public-vocational-undergraduate,shanghairanking-bcvcr-public-vocational-undergraduate,2026,中国职业本科大学排名,,ranking,2026软科职业本科大学 80+,80+,https://www.shanghairanking.cn/rankings/bcvcr/2026749,entity_home,entity,,,,,no,,兴安职业技术大学,no,
city,宁夏回族自治区,固原市,,2,2,4164010753,宁夏师范大学,本科,no,,level_order,本科层次优先于更低层次候选（项目层次政策）,policy,resolved_policy,shanghairanking-bcur,shanghairanking-bcur,shanghairanking-bcur,2026,中国大学排名（主榜）,,rankOverall,2026软科 413,413,https://www.shanghairanking.cn/rankings/bcur/2026,entity_home,entity,,,,,no,,宁夏师范大学,no,no comparable second place: the deciding rule set aside the other 1 candidate(s) without leaving anybody on the winner's own scale
city,宁夏回族自治区,石嘴山市,,4,4,4164012544,宁夏理工学院,本科,yes,,single_ranked_candidate,宁夏理工学院 是当前候选里唯一被官方榜单覆盖的学校（软科 bcur-private）；候选池先按层次收敛：本科层次优先于更低层次（项目层次政策）,policy,resolved_policy,shanghairanking-bcur-private,shanghairanking-bcur-private,shanghairanking-bcur-private,2026,中国民办高校排名（主榜）,,ranking,2026软科民办 70,70,https://www.shanghairanking.cn/rankings/bcur/202615,entity_home,entity,,,,,no,,宁夏理工学院,yes,1 leading candidate(s) carry no official list ranking; no comparable second place: the deciding rule set aside the other 3 candidate(s) without leaving anybody on the winner's own scale
city,宁夏回族自治区,吴忠市,,1,1,4164012716,宁夏民族职业技术学院,专科,no,,single_candidate,该行政单元在现行口径下只有 1 个候选，无需比较,policy,resolved_policy,shanghairanking-bcvcr-public-vocational,shanghairanking-bcvcr-public-vocational,shanghairanking-bcvcr-public-vocational,2026,中国高职专科院校排名（总榜）,师范,rankOverall,2026软科高职专科总榜 421,421,https://www.shanghairanking.cn/rankings/bcvcr/2026623,entity_home,entity,,,,,no,,宁夏民族职业技术学院,no,
city,宁夏回族自治区,银川市,,17,17,4164010749,宁夏大学,本科,no,211|双一流,prestige_tag,211 标签优先于无重点标签（国家官方重点建设名单）,strong,resolved_strong,shanghairanking-bcur,shanghairanking-bcur,shanghairanking-bcur,2026,中国大学排名（主榜）,,rankOverall,2026软科 137,137,https://www.shanghairanking.cn/rankings/bcur/2026,entity_home,entity,4164010752,宁夏医科大学,本科,shanghairanking-bcur,yes,,宁夏大学|宁夏医科大学,no,
city,宁夏回族自治区,中卫市,,0,0,,,,,,,,,no_candidate,,,,,,,,,,,,,,,,,no,,,no,
city,青海省,果洛藏族自治州,,0,0,,,,,,,,,no_candidate,,,,,,,,,,,,,,,,,no,,,no,
city,青海省,海北藏族自治州,,0,0,,,,,,,,,no_candidate,,,,,,,,,,,,,,,,,no,,,no,
city,青海省,海东市,,1,1,4163014520,青海高等职业技术学院,专科,no,,single_candidate,该行政单元在现行口径下只有 1 个候选，无需比较,policy,resolved_policy,shanghairanking-bcvcr-public-vocational,shanghairanking-bcvcr-public-vocational,shanghairanking-bcvcr-public-vocational,2026,中国高职专科院校排名（总榜）,综合,rankOverall,2026软科高职综合 112+ · 高职专科总榜 500+,500+,https://www.shanghairanking.cn/rankings/bcvcr/2026623,entity_home,entity,,,,,no,,青海高等职业技术学院,no,
city,青海省,海南藏族自治州,,0,0,,,,,,,,,no_candidate,,,,,,,,,,,,,,,,,no,,,no,
city,青海省,海西蒙古族藏族自治州,,1,1,4163014521,青海柴达木职业技术学院,专科,no,,single_candidate,该行政单元在现行口径下只有 1 个候选，无需比较,policy,resolved_policy,shanghairanking-bcvcr-public-vocational,shanghairanking-bcvcr-public-vocational,shanghairanking-bcvcr-public-vocational,2026,中国高职专科院校排名（总榜）,理工,rankOverall,2026软科高职理工 230+ · 高职专科总榜 500+,500+,https://www.shanghairanking.cn/rankings/bcvcr/2026623,entity_home,entity,,,,,no,,青海柴达木职业技术学院,no,
city,青海省,黄南藏族自治州,,0,0,,,,,,,,,no_candidate,,,,,,,,,,,,,,,,,no,,,no,
city,青海省,西宁市,,11,11,4163010743,青海大学,本科,no,211|双一流,prestige_tag,211 标签优先于无重点标签（国家官方重点建设名单）,strong,resolved_strong,shanghairanking-bcur,shanghairanking-bcur,shanghairanking-bcur,2026,中国大学排名（主榜）,,rankOverall,2026软科 203,203,https://www.shanghairanking.cn/rankings/bcur/2026,entity_home,entity,4163010746,青海师范大学,本科,shanghairanking-bcur,yes,,青海大学|青海师范大学,no,
city,青海省,玉树藏族自治州,,0,0,,,,,,,,,no_candidate,,,,,,,,,,,,,,,,,no,,,no,
city,山东省,滨州市,,5,5,4137010440,山东医药大学,本科,no,,cross_group_scale_policy,山东医药大学 取自主榜序列；其余候选分属不同榜单体系，名次不可直接比较，按当前项目政策以主榜序列为先；候选池先按层次收敛：本科层次优先于更低层次（项目层次政策）,policy,resolved_policy,shanghairanking-bcur,shanghairanking-bcur,shanghairanking-bcur,2026,中国医药类大学排名,医药,rankOverall,2026软科医药 25 · 主榜参考 210,210,https://www.shanghairanking.cn/rankings/bcur/202621,entity_home,entity,4137010449,山东航空学院,本科,shanghairanking-bcur,yes,,山东医药大学|山东航空学院,no,
city,山东省,德州市,,7,7,4137010448,德州学院,本科,no,,public_before_private,同层次同标签下公办优先（按当前项目政策，非排名证据）；候选池先按层次收敛：本科层次优先于更低层次（项目层次政策）,policy,resolved_policy,shanghairanking-bcur,shanghairanking-bcur,shanghairanking-bcur,2026,中国大学排名（主榜）,,rankOverall,2026软科 393,393,https://www.shanghairanking.cn/rankings/bcur/2026,entity_home,entity,,,,,no,,德州学院,yes,no comparable second place: the deciding rule set aside the other 6 candidate(s) without leaving anybody on the winner's own scale
city,山东省,东营市,,4,4,4137013386,山东石油化工学院,本科,no,,level_order,本科层次优先于更低层次候选（项目层次政策）,policy,resolved_policy,shanghairanking-bcur,shanghairanking-bcur,shanghairanking-bcur,2026,中国大学排名（主榜）,,rankOverall,2026软科 500+,500+,https://www.shanghairanking.cn/rankings/bcur/2026,entity_home,entity,,,,,no,,山东石油化工学院,no,no comparable second place: the deciding rule set aside the other 3 candidate(s) without leaving anybody on the winner's own scale
city,山东省,菏泽市,,5,5,4137010455,菏泽学院,本科,no,,level_order,本科层次优先于更低层次候选（项目层次政策）,policy,resolved_policy,shanghairanking-bcur,shanghairanking-bcur,shanghairanking-bcur,2026,中国大学排名（主榜）,,rankOverall,2026软科 500+,500+,https://www.shanghairanking.cn/rankings/bcur/2026,entity_home,entity,,,,,no,,菏泽学院,no,no comparable second place: the deciding rule set aside the other 4 candidate(s) without leaving anybody on the winner's own scale
city,山东省,济南市,,42,42,4137010422,山东大学,本科,no,985|211|双一流,prestige_tag,985 标签优先于无重点标签（国家官方重点建设名单）,strong,resolved_strong,shanghairanking-bcur,shanghairanking-bcur,shanghairanking-bcur,2026,中国大学排名（主榜）,,rankOverall,2026软科 22,22,https://www.shanghairanking.cn/rankings/bcur/2026,entity_home,entity,4137010445,山东师范大学,本科,shanghairanking-bcur,yes,,山东大学|山东师范大学,no,
city,山东省,济宁市,,8,8,4137010446,曲阜师范大学,本科,no,,comparable_ranking,曲阜师范大学 在同榜可比名次上优于 济宁医学院（软科 bcur）；候选池先按层次收敛：本科层次优先于更低层次（项目层次政策）,strong,resolved_strong,shanghairanking-bcur,shanghairanking-bcur,shanghairanking-bcur,2026,中国大学排名（主榜）,,rankOverall,2026软科 164,164,https://www.shanghairanking.cn/rankings/bcur/2026,entity_home,entity,4137010443,济宁医学院,本科,shanghairanking-bcur,yes,,曲阜师范大学|济宁医学院,no,
city,山东省,聊城市,,4,4,4137010447,聊城大学,本科,no,,public_before_private,同层次同标签下公办优先（按当前项目政策，非排名证据）；候选池先按层次收敛：本科层次优先于更低层次（项目层次政策）,policy,resolved_policy,shanghairanking-bcur,shanghairanking-bcur,shanghairanking-bcur,2026,中国大学排名（主榜）,,rankOverall,2026软科 268,268,https://www.shanghairanking.cn/rankings/bcur/2026,entity_home,entity,,,,,no,,聊城大学,yes,no comparable second place: the deciding rule set aside the other 3 candidate(s) without leaving anybody on the winner's own scale
city,山东省,临沂市,,6,6,4137010452,临沂大学,本科,no,,public_before_private,同层次同标签下公办优先（按当前项目政策，非排名证据）；候选池先按层次收敛：本科层次优先于更低层次（项目层次政策）,policy,resolved_policy,shanghairanking-bcur,shanghairanking-bcur,shanghairanking-bcur,2026,中国大学排名（主榜）,,rankOverall,2026软科 299,299,https://www.shanghairanking.cn/rankings/bcur/2026,entity_home,entity,,,,,no,,临沂大学,yes,no comparable second place: the deciding rule set aside the other 5 candidate(s) without leaving anybody on the winner's own scale
city,山东省,青岛市,,25,25,4137010423,中国海洋大学,本科,no,985|211|双一流,prestige_tag,985 标签优先于211（国家官方重点建设名单）,strong,resolved_strong,shanghairanking-bcur,shanghairanking-bcur,shanghairanking-bcur,2026,中国大学排名（主榜）,,rankOverall,2026软科 51,51,https://www.shanghairanking.cn/rankings/bcur/2026,entity_home,entity,4137010425,中国石油大学（华东）,本科,shanghairanking-bcur,yes,,中国海洋大学|中国石油大学（华东）,no,
city,山东省,日照市,,6,6,4137012062,日照职业技术大学,本科,no,,public_before_private,同层次同标签下公办优先（按当前项目政策，非排名证据）；候选池先按层次收敛：本科层次优先于更低层次（项目层次政策）,policy,resolved_policy,shanghairanking-bcvcr-public-vocational-undergraduate,shanghairanking-bcvcr-public-vocational-undergraduate,shanghairanking-bcvcr-public-vocational-undergraduate,2026,中国职业本科大学排名,,ranking,2026软科职业本科大学 29,29,https://www.shanghairanking.cn/rankings/bcvcr/2026749,entity_home,entity,,,,,no,,日照职业技术大学,yes,no comparable second place: the deciding rule set aside the other 5 candidate(s) without leaving anybody on the winner's own scale
city,山东省,泰安市,,8,8,4137010434,山东农业大学,本科,no,,public_before_private,同层次同标签下公办优先（按当前项目政策，非排名证据）；公办候选之间再按同榜名次比较；候选池先按层次收敛：本科层次优先于更低层次（项目层次政策）,policy,resolved_policy,shanghairanking-bcur,shanghairanking-bcur,shanghairanking-bcur,2026,中国大学排名（主榜）,,rankOverall,2026软科 128,128,https://www.shanghairanking.cn/rankings/bcur/2026,entity_home,entity,4137010453,泰山学院,本科,shanghairanking-bcur,yes,,山东农业大学|泰山学院,yes,
city,山东省,威海市,,4,4,4137013874,山东外事职业大学,本科,yes,,level_order,本科层次优先于更低层次候选（项目层次政策）,policy,resolved_policy,shanghairanking-bcvcr-private-vocational-undergraduate,shanghairanking-bcvcr-private-vocational-undergraduate,shanghairanking-bcvcr-private-vocational-undergraduate,2026,民办职业本科大学排名,,ranking,2026软科民办职业本科大学 10,10,https://www.shanghairanking.cn/rankings/bcvcr/2026750,entity_home,entity,,,,,no,,山东外事职业大学,no,no comparable second place: the deciding rule set aside the other 3 candidate(s) without leaving anybody on the winner's own scale
city,山东省,潍坊市,,16,16,4137010438,山东第二医科大学,本科,no,,public_before_private,同层次同标签下公办优先（按当前项目政策，非排名证据）；候选池先按层次收敛：本科层次优先于更低层次（项目层次政策）,policy,resolved_policy,shanghairanking-bcur,shanghairanking-bcur,shanghairanking-bcur,2026,中国医药类大学排名,医药,rankOverall,2026软科医药 29 · 主榜参考 221,221,https://www.shanghairanking.cn/rankings/bcur/202621,entity_home,entity,4137011067,潍坊学院,本科,shanghairanking-bcur,yes,,山东第二医科大学|潍坊学院,yes,
city,山东省,烟台市,,18,18,4137011066,烟台大学,本科,no,,public_before_private,同层次同标签下公办优先（按当前项目政策，非排名证据）；公办候选之间再按同榜名次比较；候选池先按层次收敛：本科层次优先于更低层次（项目层次政策）,policy,resolved_policy,shanghairanking-bcur,shanghairanking-bcur,shanghairanking-bcur,2026,中国大学排名（主榜）,,rankOverall,2026软科 224,224,https://www.shanghairanking.cn/rankings/bcur/2026,entity_home,entity,4137010451,鲁东大学,本科,shanghairanking-bcur,yes,,烟台大学|鲁东大学,yes,
city,山东省,枣庄市,,4,4,4137010904,枣庄学院,本科,no,,level_order,本科层次优先于更低层次候选（项目层次政策）,policy,resolved_policy,shanghairanking-bcur,shanghairanking-bcur,shanghairanking-bcur,2026,中国大学排名（主榜）,,rankOverall,2026软科 432,432,https://www.shanghairanking.cn/rankings/bcur/2026,entity_home,entity,,,,,no,,枣庄学院,no,no comparable second place: the deciding rule set aside the other 3 candidate(s) without leaving anybody on the winner's own scale
city,山东省,淄博市,,8,8,4137010433,山东理工大学,本科,no,,public_before_private,同层次同标签下公办优先（按当前项目政策，非排名证据）；候选池先按层次收敛：本科层次优先于更低层次（项目层次政策）,policy,resolved_policy,shanghairanking-bcur,shanghairanking-bcur,shanghairanking-bcur,2026,中国大学排名（主榜）,,rankOverall,2026软科 197,197,https://www.shanghairanking.cn/rankings/bcur/2026,entity_home,entity,,,,,no,,山东理工大学,yes,no comparable second place: the deciding rule set aside the other 7 candidate(s) without leaving anybody on the winner's own scale
city,山西省,大同市,,5,5,4114010120,山西大同大学,本科,no,,level_order,本科层次优先于更低层次候选（项目层次政策）,policy,resolved_policy,shanghairanking-bcur,shanghairanking-bcur,shanghairanking-bcur,2026,中国大学排名（主榜）,,rankOverall,2026软科 470,470,https://www.shanghairanking.cn/rankings/bcur/2026,entity_home,entity,,,,,no,,山西大同大学,no,no comparable second place: the deciding rule set aside the other 4 candidate(s) without leaving anybody on the winner's own scale
city,山西省,晋城市,,2,2,4114013597,山西科技学院,本科,no,,level_order,本科层次优先于更低层次候选（项目层次政策）,policy,resolved_policy,shanghairanking-bcur,shanghairanking-bcur,shanghairanking-bcur,2026,中国大学排名（主榜）,,rankOverall,2026软科 500+,500+,https://www.shanghairanking.cn/rankings/bcur/2026,entity_home,entity,,,,,no,,山西科技学院,no,no comparable second place: the deciding rule set aside the other 1 candidate(s) without leaving anybody on the winner's own scale
city,山西省,晋中市,,10,10,4114010113,山西农业大学,本科,no,,public_before_private,同层次同标签下公办优先（按当前项目政策，非排名证据）；公办候选之间再按同榜名次比较；候选池先按层次收敛：本科层次优先于更低层次（项目层次政策）,policy,resolved_policy,shanghairanking-bcur,shanghairanking-bcur,shanghairanking-bcur,2026,中国大学排名（主榜）,,rankOverall,2026软科 225,225,https://www.shanghairanking.cn/rankings/bcur/2026,entity_home,entity,4114010121,晋中学院,本科,shanghairanking-bcur,yes,,山西农业大学|晋中学院,yes,
city,山西省,临汾市,,4,4,4114013537,山西电子科技学院,本科,no,,level_order,本科层次优先于更低层次候选（项目层次政策）,policy,resolved_policy,shanghairanking-bcur,shanghairanking-bcur,shanghairanking-bcur,2026,中国大学排名（主榜）,,rankOverall,2026软科 500+,500+,https://www.shanghairanking.cn/rankings/bcur/2026,entity_home,entity,,,,,no,,山西电子科技学院,no,no comparable second place: the deciding rule set aside the other 3 candidate(s) without leaving anybody on the winner's own scale
city,山西省,吕梁市,,4,4,4114010812,吕梁学院,本科,no,,deterministic_fallback_policy,吕梁学院 由项目稳定兜底规则选出：在层次、重点标签、公办/民办与可比榜单仍无法唯一分开时，按榜单体系优先级、区间下界与稳定名称顺序决定展示 winner；该结论不是发布方跨榜排名；候选池先按层次收敛：本科层次优先于更低层次（项目层次政策）,policy,resolved_policy,shanghairanking-bcur,shanghairanking-bcur,shanghairanking-bcur,2026,中国大学排名（主榜）,,rankOverall,2026软科 500+,500+,https://www.shanghairanking.cn/rankings/bcur/2026,entity_home,entity,4114014898,山西医药学院,本科,shanghairanking-bcur,yes,,吕梁学院|山西医药学院,no,
city,山西省,朔州市,,4,4,4114013534,山西工学院,本科,no,,level_order,本科层次优先于更低层次候选（项目层次政策）,policy,resolved_policy,shanghairanking-bcur,shanghairanking-bcur,shanghairanking-bcur,2026,中国大学排名（主榜）,,rankOverall,2026软科 500+,500+,https://www.shanghairanking.cn/rankings/bcur/2026,entity_home,entity,,,,,no,,山西工学院,no,no comparable second place: the deciding rule set aside the other 3 candidate(s) without leaving anybody on the winner's own scale
city,山西省,太原市,,36,36,4114010112,太原理工大学,本科,no,211|双一流,prestige_tag,211 标签优先于双一流（国家官方重点建设名单）,strong,resolved_strong,shanghairanking-bcur,shanghairanking-bcur,shanghairanking-bcur,2026,中国大学排名（主榜）,,rankOverall,2026软科 97,97,https://www.shanghairanking.cn/rankings/bcur/2026,entity_home,entity,4114010108,山西大学,本科,shanghairanking-bcur,yes,,太原理工大学|山西大学,no,
city,山西省,忻州市,,3,3,4114010124,忻州师范学院,本科,no,,level_order,本科层次优先于更低层次候选（项目层次政策）,policy,resolved_policy,shanghairanking-bcur,shanghairanking-bcur,shanghairanking-bcur,2026,中国大学排名（主榜）,,rankOverall,2026软科 500+,500+,https://www.shanghairanking.cn/rankings/bcur/2026,entity_home,entity,,,,,no,,忻州师范学院,no,no comparable second place: the deciding rule set aside the other 2 candidate(s) without leaving anybody on the winner's own scale
city,山西省,阳泉市,,3,3,4114014527,山西工程技术学院,本科,no,,level_order,本科层次优先于更低层次候选（项目层次政策）,policy,resolved_policy,shanghairanking-bcur,shanghairanking-bcur,shanghairanking-bcur,2026,中国大学排名（主榜）,,rankOverall,2026软科 500+,500+,https://www.shanghairanking.cn/rankings/bcur/2026,entity_home,entity,,,,,no,,山西工程技术学院,no,no comparable second place: the deciding rule set aside the other 2 candidate(s) without leaving anybody on the winner's own scale
city,山西省,运城市,,7,7,4114010123,运城学院,本科,no,,public_before_private,同层次同标签下公办优先（按当前项目政策，非排名证据）；候选池先按层次收敛：本科层次优先于更低层次（项目层次政策）,policy,resolved_policy,shanghairanking-bcur,shanghairanking-bcur,shanghairanking-bcur,2026,中国大学排名（主榜）,,rankOverall,2026软科 500+,500+,https://www.shanghairanking.cn/rankings/bcur/2026,entity_home,entity,,,,,no,,运城学院,yes,no comparable second place: the deciding rule set aside the other 6 candidate(s) without leaving anybody on the winner's own scale
city,山西省,长治市,,6,6,4114010117,长治医学院,本科,no,,comparable_ranking,长治医学院 在同榜可比名次上优于 长治学院（软科 bcur）；候选池先按层次收敛：本科层次优先于更低层次（项目层次政策）,strong,resolved_strong,shanghairanking-bcur,shanghairanking-bcur,shanghairanking-bcur,2026,中国医药类大学排名,医药,rankOverall,2026软科医药 55 · 主榜参考 423,423,https://www.shanghairanking.cn/rankings/bcur/202621,entity_home,entity,4114010122,长治学院,本科,shanghairanking-bcur,yes,,长治医学院|长治学院,no,
city,陕西省,安康市,,2,2,4161011397,安康学院,本科,no,,level_order,本科层次优先于更低层次候选（项目层次政策）,policy,resolved_policy,shanghairanking-bcur,shanghairanking-bcur,shanghairanking-bcur,2026,中国大学排名（主榜）,,rankOverall,2026软科 500+,500+,https://www.shanghairanking.cn/rankings/bcur/2026,entity_home,entity,,,,,no,,安康学院,no,no comparable second place: the deciding rule set aside the other 1 candidate(s) without leaving anybody on the winner's own scale
city,陕西省,宝鸡市,,5,5,4161010721,宝鸡文理学院,本科,no,,level_order,本科层次优先于更低层次候选（项目层次政策）,policy,resolved_policy,shanghairanking-bcur,shanghairanking-bcur,shanghairanking-bcur,2026,中国大学排名（主榜）,,rankOverall,2026软科 450,450,https://www.shanghairanking.cn/rankings/bcur/2026,entity_home,entity,,,,,no,,宝鸡文理学院,no,no comparable second place: the deciding rule set aside the other 4 candidate(s) without leaving anybody on the winner's own scale
city,陕西省,汉中市,,3,3,4161010720,陕西理工大学,本科,no,,level_order,本科层次优先于更低层次候选（项目层次政策）,policy,resolved_policy,shanghairanking-bcur,shanghairanking-bcur,shanghairanking-bcur,2026,中国大学排名（主榜）,,rankOverall,2026软科 342,342,https://www.shanghairanking.cn/rankings/bcur/2026,entity_home,entity,,,,,no,,陕西理工大学,no,no comparable second place: the deciding rule set aside the other 2 candidate(s) without leaving anybody on the winner's own scale
city,陕西省,商洛市,,2,2,4161011396,商洛学院,本科,no,,level_order,本科层次优先于更低层次候选（项目层次政策）,policy,resolved_policy,shanghairanking-bcur,shanghairanking-bcur,shanghairanking-bcur,2026,中国大学排名（主榜）,,rankOverall,2026软科 500+,500+,https://www.shanghairanking.cn/rankings/bcur/2026,entity_home,entity,,,,,no,,商洛学院,no,no comparable second place: the deciding rule set aside the other 1 candidate(s) without leaving anybody on the winner's own scale
city,陕西省,铜川市,,1,1,4161013953,铜川职业技术学院,专科,no,,single_candidate,该行政单元在现行口径下只有 1 个候选，无需比较,policy,resolved_policy,shanghairanking-bcvcr-public-vocational,shanghairanking-bcvcr-public-vocational,shanghairanking-bcvcr-public-vocational,2026,中国高职专科院校排名（总榜）,综合,rankOverall,2026软科高职综合 112+ · 高职专科总榜 500+,500+,https://www.shanghairanking.cn/rankings/bcvcr/2026623,entity_home,entity,,,,,no,,铜川职业技术学院,no,
city,陕西省,渭南市,,3,3,4161010723,渭南师范学院,本科,no,,level_order,本科层次优先于更低层次候选（项目层次政策）,policy,resolved_policy,shanghairanking-bcur,shanghairanking-bcur,shanghairanking-bcur,2026,中国大学排名（主榜）,,rankOverall,2026软科 460,460,https://www.shanghairanking.cn/rankings/bcur/2026,entity_home,entity,,,,,no,,渭南师范学院,no,no comparable second place: the deciding rule set aside the other 2 candidate(s) without leaving anybody on the winner's own scale
city,陕西省,西安市,,62,62,4161010698,西安交通大学,本科,no,985|211|双一流,comparable_ranking,西安交通大学 在同榜可比名次上优于 西北工业大学（软科 bcur）；候选池先按国家标签收敛：985,strong,resolved_strong,shanghairanking-bcur,shanghairanking-bcur,shanghairanking-bcur,2026,中国大学排名（主榜）,,rankOverall,2026软科 10,10,https://www.shanghairanking.cn/rankings/bcur/2026,entity_home,entity,4161010699,西北工业大学,本科,shanghairanking-bcur,yes,,西安交通大学|西北工业大学,no,
city,陕西省,咸阳市,,13,13,4161010712,西北农林科技大学,本科,no,985|211|双一流,prestige_tag,985 标签优先于无重点标签（国家官方重点建设名单）,strong,resolved_strong,shanghairanking-bcur,shanghairanking-bcur,shanghairanking-bcur,2026,中国大学排名（主榜）,,rankOverall,2026软科 69,69,https://www.shanghairanking.cn/rankings/bcur/2026,entity_home,entity,4161010716,陕西中医药大学,本科,shanghairanking-bcur,yes,,西北农林科技大学|陕西中医药大学,no,
city,陕西省,延安市,,2,2,4161010719,延安大学,本科,no,,level_order,本科层次优先于更低层次候选（项目层次政策）,policy,resolved_policy,shanghairanking-bcur,shanghairanking-bcur,shanghairanking-bcur,2026,中国大学排名（主榜）,,rankOverall,2026软科 248,248,https://www.shanghairanking.cn/rankings/bcur/2026,entity_home,entity,,,,,no,,延安大学,no,no comparable second place: the deciding rule set aside the other 1 candidate(s) without leaving anybody on the winner's own scale
city,陕西省,榆林市,,4,4,4161011395,榆林大学,本科,no,,level_order,本科层次优先于更低层次候选（项目层次政策）,policy,resolved_policy,shanghairanking-bcur,shanghairanking-bcur,shanghairanking-bcur,2026,中国大学排名（主榜）,,rankOverall,2026软科 339,339,https://www.shanghairanking.cn/rankings/bcur/2026,entity_home,entity,,,,,no,,榆林大学,no,no comparable second place: the deciding rule set aside the other 3 candidate(s) without leaving anybody on the winner's own scale
city,上海市,上海市,,67,67,4131010248,上海交通大学,本科,no,985|211|双一流,comparable_ranking,上海交通大学 在同榜可比名次上优于 复旦大学（软科 bcur）；候选池先按国家标签收敛：985,strong,resolved_strong,shanghairanking-bcur,shanghairanking-bcur,shanghairanking-bcur,2026,中国大学排名（主榜）,,rankOverall,2026软科 4,4,https://www.shanghairanking.cn/rankings/bcur/2026,entity_home,entity,4131010246,复旦大学,本科,shanghairanking-bcur,yes,,上海交通大学|复旦大学,no,
city,四川省,阿坝藏族羌族自治州,,2,2,4151010646,阿坝师范学院,本科,no,,level_order,本科层次优先于更低层次候选（项目层次政策）,policy,resolved_policy,shanghairanking-bcur,shanghairanking-bcur,shanghairanking-bcur,2026,中国大学排名（主榜）,,rankOverall,2026软科 500+,500+,https://www.shanghairanking.cn/rankings/bcur/2026,entity_home,entity,,,,,no,,阿坝师范学院,no,no comparable second place: the deciding rule set aside the other 1 candidate(s) without leaving anybody on the winner's own scale
city,四川省,巴中市,,1,1,4151014483,巴中职业技术学院,专科,yes,,single_candidate,该行政单元在现行口径下只有 1 个候选，无需比较,policy,resolved_policy,shanghairanking-bcvcr-private-vocational,shanghairanking-bcvcr-private-vocational,shanghairanking-bcvcr-private-vocational,2026,民办高职专科院校排名,,ranking,2026软科民办高职专科 100+,100+,https://www.shanghairanking.cn/rankings/bcvcr/2026633,entity_home,entity,,,,,no,,巴中职业技术学院,no,
city,四川省,成都市,,59,59,4151010610,四川大学,本科,no,985|211|双一流,comparable_ranking,四川大学 在同榜可比名次上优于 电子科技大学（软科 bcur）；候选池先按国家标签收敛：985,strong,resolved_strong,shanghairanking-bcur,shanghairanking-bcur,shanghairanking-bcur,2026,中国大学排名（主榜）,,rankOverall,2026软科 16,16,https://www.shanghairanking.cn/rankings/bcur/2026,entity_home,entity,4151010614,电子科技大学,本科,shanghairanking-bcur,yes,,四川大学|电子科技大学,no,
city,四川省,达州市,,3,3,4151010644,四川文理学院,本科,no,,level_order,本科层次优先于更低层次候选（项目层次政策）,policy,resolved_policy,shanghairanking-bcur,shanghairanking-bcur,shanghairanking-bcur,2026,中国大学排名（主榜）,,rankOverall,2026软科 500+,500+,https://www.shanghairanking.cn/rankings/bcur/2026,entity_home,entity,,,,,no,,四川文理学院,no,no comparable second place: the deciding rule set aside the other 2 candidate(s) without leaving anybody on the winner's own scale
city,四川省,德阳市,,10,10,4151010624,中国民用航空飞行学院,本科,no,,public_before_private,同层次同标签下公办优先（按当前项目政策，非排名证据）；候选池先按层次收敛：本科层次优先于更低层次（项目层次政策）,policy,resolved_policy,shanghairanking-bcur,shanghairanking-bcur,shanghairanking-bcur,2026,中国大学排名（主榜）,,rankOverall,2026软科 365,365,https://www.shanghairanking.cn/rankings/bcur/2026,entity_home,entity,,,,,no,,中国民用航空飞行学院,yes,no comparable second place: the deciding rule set aside the other 9 candidate(s) without leaving anybody on the winner's own scale
city,四川省,甘孜藏族自治州,,2,2,4151011661,四川民族学院,本科,no,,level_order,本科层次优先于更低层次候选（项目层次政策）,policy,resolved_policy,shanghairanking-bcur,shanghairanking-bcur,shanghairanking-bcur,2026,中国大学排名（主榜）,,rankOverall,2026软科 500+,500+,https://www.shanghairanking.cn/rankings/bcur/2026,entity_home,entity,,,,,no,,四川民族学院,no,no comparable second place: the deciding rule set aside the other 1 candidate(s) without leaving anybody on the winner's own scale
city,四川省,广安市,,2,2,4151014984,广安理工学院,本科,no,,level_order,本科层次优先于更低层次候选（项目层次政策）,policy,resolved_policy,,,,,,,,,,,entity_home,entity,,,,,no,,广安理工学院,no,no comparable second place: the deciding rule set aside the other 1 candidate(s) without leaving anybody on the winner's own scale
city,四川省,广元市,,3,3,4151013815,四川信息职业技术学院,专科,no,,public_before_private,同层次同标签下公办优先（按当前项目政策，非排名证据）；公办候选之间再按同榜名次比较,policy,resolved_policy,shanghairanking-bcvcr-public-vocational,shanghairanking-bcvcr-public-vocational,shanghairanking-bcvcr-public-vocational,2026,中国高职专科院校排名（总榜）,理工,rankOverall,2026软科高职专科总榜 285,285,https://www.shanghairanking.cn/rankings/bcvcr/2026623,entity_home,entity,4151014393,川北幼儿师范高等专科学校,专科,shanghairanking-bcvcr-public-vocational,yes,,四川信息职业技术学院|川北幼儿师范高等专科学校,yes,
city,四川省,乐山市,,4,4,4151010649,乐山师范学院,本科,no,,public_before_private,同层次同标签下公办优先（按当前项目政策，非排名证据）；候选池先按层次收敛：本科层次优先于更低层次（项目层次政策）,policy,resolved_policy,shanghairanking-bcur,shanghairanking-bcur,shanghairanking-bcur,2026,中国大学排名（主榜）,,rankOverall,2026软科 426,426,https://www.shanghairanking.cn/rankings/bcur/2026,entity_home,entity,,,,,no,,乐山师范学院,yes,no comparable second place: the deciding rule set aside the other 3 candidate(s) without leaving anybody on the winner's own scale
city,四川省,凉山彝族自治州,,4,4,4151010628,西昌学院,本科,no,,level_order,本科层次优先于更低层次候选（项目层次政策）,policy,resolved_policy,shanghairanking-bcur,shanghairanking-bcur,shanghairanking-bcur,2026,中国大学排名（主榜）,,rankOverall,2026软科 450,450,https://www.shanghairanking.cn/rankings/bcur/2026,entity_home,entity,,,,,no,,西昌学院,no,no comparable second place: the deciding rule set aside the other 3 candidate(s) without leaving anybody on the winner's own scale
city,四川省,泸州市,,7,7,4151010632,西南医科大学,本科,no,,comparable_ranking,西南医科大学 在同榜可比名次上优于 四川警察学院（软科 bcur）；候选池先按层次收敛：本科层次优先于更低层次（项目层次政策）,strong,resolved_strong,shanghairanking-bcur,shanghairanking-bcur,shanghairanking-bcur,2026,中国医药类大学排名,医药,rankOverall,2026软科医药 24 · 主榜参考 207,207,https://www.shanghairanking.cn/rankings/bcur/202621,entity_home,entity,4151012212,四川警察学院,本科,shanghairanking-bcur,yes,,西南医科大学|四川警察学院,no,
city,四川省,眉山市,,6,6,4151014039,四川大学锦江学院,本科,yes,,level_order,本科层次优先于更低层次候选（项目层次政策）,policy,resolved_policy,,,,,,,,,,,entity_home,entity,,,,,no,,四川大学锦江学院,no,no comparable second place: the deciding rule set aside the other 5 candidate(s) without leaving anybody on the winner's own scale
city,四川省,绵阳市,,11,11,4151010619,西南科技大学,本科,no,,public_before_private,同层次同标签下公办优先（按当前项目政策，非排名证据）；公办候选之间再按同榜名次比较；候选池先按层次收敛：本科层次优先于更低层次（项目层次政策）,policy,resolved_policy,shanghairanking-bcur,shanghairanking-bcur,shanghairanking-bcur,2026,中国大学排名（主榜）,,rankOverall,2026软科 205,205,https://www.shanghairanking.cn/rankings/bcur/2026,entity_home,entity,4151010639,绵阳师范学院,本科,shanghairanking-bcur,yes,,西南科技大学|绵阳师范学院,yes,
city,四川省,南充市,,8,8,4151010638,西华师范大学,本科,no,,comparable_ranking,西华师范大学 在同榜可比名次上优于 川北医学院（软科 bcur）；候选池先按层次收敛：本科层次优先于更低层次（项目层次政策）,strong,resolved_strong,shanghairanking-bcur,shanghairanking-bcur,shanghairanking-bcur,2026,中国大学排名（主榜）,,rankOverall,2026软科 271,271,https://www.shanghairanking.cn/rankings/bcur/2026,entity_home,entity,4151010634,川北医学院,本科,shanghairanking-bcur,yes,,西华师范大学|川北医学院,yes,1 leading candidate(s) carry no official list ranking
city,四川省,内江市,,4,4,4151010640,内江师范学院,本科,no,,level_order,本科层次优先于更低层次候选（项目层次政策）,policy,resolved_policy,shanghairanking-bcur,shanghairanking-bcur,shanghairanking-bcur,2026,中国大学排名（主榜）,,rankOverall,2026软科 408,408,https://www.shanghairanking.cn/rankings/bcur/2026,entity_home,entity,,,,,no,,内江师范学院,no,no comparable second place: the deciding rule set aside the other 3 candidate(s) without leaving anybody on the winner's own scale
city,四川省,攀枝花市,,3,3,4151011360,攀枝花学院,本科,no,,level_order,本科层次优先于更低层次候选（项目层次政策）,policy,resolved_policy,shanghairanking-bcur,shanghairanking-bcur,shanghairanking-bcur,2026,中国大学排名（主榜）,,rankOverall,2026软科 394,394,https://www.shanghairanking.cn/rankings/bcur/2026,entity_home,entity,,,,,no,,攀枝花学院,no,no comparable second place: the deciding rule set aside the other 2 candidate(s) without leaving anybody on the winner's own scale
city,四川省,遂宁市,,4,4,4151012970,四川职业技术学院,专科,no,,public_before_private,同层次同标签下公办优先（按当前项目政策，非排名证据）,policy,resolved_policy,shanghairanking-bcvcr-public-vocational,shanghairanking-bcvcr-public-vocational,shanghairanking-bcvcr-public-vocational,2026,中国高职专科院校排名（总榜）,综合,rankOverall,2026软科高职专科总榜 261,261,https://www.shanghairanking.cn/rankings/bcvcr/2026623,entity_home,entity,,,,,no,,四川职业技术学院,yes,no comparable second place: the deciding rule set aside the other 3 candidate(s) without leaving anybody on the winner's own scale
city,四川省,雅安市,,2,2,4151010626,四川农业大学,本科,no,211|双一流,level_order,本科层次优先于更低层次候选（项目层次政策）,policy,resolved_policy,shanghairanking-bcur,shanghairanking-bcur,shanghairanking-bcur,2026,中国大学排名（主榜）,,rankOverall,2026软科 134,134,https://www.shanghairanking.cn/rankings/bcur/2026,entity_home,entity,,,,,no,,四川农业大学,no,no comparable second place: the deciding rule set aside the other 1 candidate(s) without leaving anybody on the winner's own scale
city,四川省,宜宾市,,4,4,4151010641,宜宾学院,本科,no,,level_order,本科层次优先于更低层次候选（项目层次政策）,policy,resolved_policy,shanghairanking-bcur,shanghairanking-bcur,shanghairanking-bcur,2026,中国大学排名（主榜）,,rankOverall,2026软科 409,409,https://www.shanghairanking.cn/rankings/bcur/2026,entity_home,entity,,,,,no,,宜宾学院,no,no comparable second place: the deciding rule set aside the other 3 candidate(s) without leaving anybody on the winner's own scale
city,四川省,资阳市,,4,4,4151014985,成都美术学院,本科,no,,level_order,本科层次优先于更低层次候选（项目层次政策）,policy,resolved_policy,,,,,,,,,,,entity_home,entity,,,,,no,,成都美术学院,no,no comparable second place: the deciding rule set aside the other 3 candidate(s) without leaving anybody on the winner's own scale
city,四川省,自贡市,,3,3,4151010622,四川轻化工大学,本科,no,,level_order,本科层次优先于更低层次候选（项目层次政策）,policy,resolved_policy,shanghairanking-bcur,shanghairanking-bcur,shanghairanking-bcur,2026,中国大学排名（主榜）,,rankOverall,2026软科 326,326,https://www.shanghairanking.cn/rankings/bcur/2026,entity_home,entity,,,,,no,,四川轻化工大学,no,no comparable second place: the deciding rule set aside the other 2 candidate(s) without leaving anybody on the winner's own scale
city,天津市,天津市,,57,57,4112010056,天津大学,本科,no,985|211|双一流,comparable_ranking,天津大学 在同榜可比名次上优于 南开大学（软科 bcur）；候选池先按国家标签收敛：985,strong,resolved_strong,shanghairanking-bcur,shanghairanking-bcur,shanghairanking-bcur,2026,中国大学排名（主榜）,,rankOverall,2026软科 20,20,https://www.shanghairanking.cn/rankings/bcur/2026,entity_home,entity,4112010055,南开大学,本科,shanghairanking-bcur,yes,,天津大学|南开大学,no,
city,西藏自治区,阿里地区,,0,0,,,,,,,,,no_candidate,,,,,,,,,,,,,,,,,no,,,no,
city,西藏自治区,昌都市,,0,0,,,,,,,,,no_candidate,,,,,,,,,,,,,,,,,no,,,no,
city,西藏自治区,拉萨市,,5,5,4154010694,西藏大学,本科,no,211|双一流,prestige_tag,211 标签优先于无重点标签（国家官方重点建设名单）,strong,resolved_strong,shanghairanking-bcur,shanghairanking-bcur,shanghairanking-bcur,2026,中国大学排名（主榜）,,rankOverall,2026软科 201,201,https://www.shanghairanking.cn/rankings/bcur/2026,entity_home,entity,4154010696,西藏藏医药大学,本科,shanghairanking-bcur,yes,,西藏大学|西藏藏医药大学,no,
city,西藏自治区,林芝市,,1,1,4154010693,西藏农牧大学,本科,no,,single_candidate,该行政单元在现行口径下只有 1 个候选，无需比较,policy,resolved_policy,shanghairanking-bcur,shanghairanking-bcur,shanghairanking-bcur,2026,中国大学排名（主榜）,,rankOverall,2026软科 398,398,https://www.shanghairanking.cn/rankings/bcur/2026,entity_home,entity,,,,,no,,西藏农牧大学,no,
city,西藏自治区,那曲市,,0,0,,,,,,,,,no_candidate,,,,,,,,,,,,,,,,,no,,,no,
city,西藏自治区,日喀则市,,1,1,4154014940,日喀则职业技术学院,专科,no,,single_candidate,该行政单元在现行口径下只有 1 个候选，无需比较,policy,resolved_policy,,,,,,,,,,,entity_home,entity,,,,,no,,日喀则职业技术学院,no,
city,西藏自治区,山南市,,0,0,,,,,,,,,no_candidate,,,,,,,,,,,,,,,,,no,,,no,
city,香港特别行政区,香港特别行政区,,0,0,,,,,,,,,no_candidate,,,,,,,,,,,,,,,,,no,,,no,
city,新疆维吾尔自治区,阿克苏地区,,3,3,4165013558,新疆理工学院,本科,no,,level_order,本科层次优先于更低层次候选（项目层次政策）,policy,resolved_policy,shanghairanking-bcur,shanghairanking-bcur,shanghairanking-bcur,2026,中国大学排名（主榜）,,rankOverall,2026软科 500+,500+,https://www.shanghairanking.cn/rankings/bcur/2026,entity_home,entity,,,,,no,,新疆理工学院,no,no comparable second place: the deciding rule set aside the other 2 candidate(s) without leaving anybody on the winner's own scale
city,新疆维吾尔自治区,阿拉尔市,,3,3,4165010757,塔里木大学,本科,no,,public_before_private,同层次同标签下公办优先（按当前项目政策，非排名证据）；候选池先按层次收敛：本科层次优先于更低层次（项目层次政策）,policy,resolved_policy,shanghairanking-bcur,shanghairanking-bcur,shanghairanking-bcur,2026,中国大学排名（主榜）,,rankOverall,2026软科 343,343,https://www.shanghairanking.cn/rankings/bcur/2026,entity_home,entity,,,,,no,,塔里木大学,yes,no comparable second place: the deciding rule set aside the other 2 candidate(s) without leaving anybody on the winner's own scale
city,新疆维吾尔自治区,阿勒泰地区,,1,1,4165014680,阿勒泰职业技术学院,专科,no,,single_candidate,该行政单元在现行口径下只有 1 个候选，无需比较,policy,resolved_policy,shanghairanking-bcvcr-public-vocational,shanghairanking-bcvcr-public-vocational,shanghairanking-bcvcr-public-vocational,2026,中国高职专科院校排名（总榜）,体育,rankOverall,2026软科高职体育 1+ · 高职专科总榜 500+,500+,https://www.shanghairanking.cn/rankings/bcvcr/2026623,entity_home,entity,,,,,no,,阿勒泰职业技术学院,no,
city,新疆维吾尔自治区,巴音郭楞蒙古自治州,,2,2,4165013561,新疆科技学院,本科,no,,level_order,本科层次优先于更低层次候选（项目层次政策）,policy,resolved_policy,shanghairanking-bcur,shanghairanking-bcur,shanghairanking-bcur,2026,中国财经类大学排名,财经,rankOverall,2026软科财经 46+ · 主榜参考 500+,500+,https://www.shanghairanking.cn/rankings/bcur/202622,entity_home,entity,,,,,no,,新疆科技学院,no,no comparable second place: the deciding rule set aside the other 1 candidate(s) without leaving anybody on the winner's own scale
city,新疆维吾尔自治区,北屯市,,0,0,,,,,,,,,no_candidate,,,,,,,,,,,,,,,,,no,,,no,
city,新疆维吾尔自治区,博尔塔拉蒙古自治州,,1,1,4165014622,博尔塔拉职业技术学院,专科,no,,single_candidate,该行政单元在现行口径下只有 1 个候选，无需比较,policy,resolved_policy,shanghairanking-bcvcr-public-vocational,shanghairanking-bcvcr-public-vocational,shanghairanking-bcvcr-public-vocational,2026,中国高职专科院校排名（总榜）,理工,rankOverall,2026软科高职理工 230+ · 高职专科总榜 500+,500+,https://www.shanghairanking.cn/rankings/bcvcr/2026623,entity_home,entity,,,,,no,,博尔塔拉职业技术学院,no,
city,新疆维吾尔自治区,草湖市,,1,1,4165014987,新疆昆仑科技学院,本科,yes,,single_candidate,该行政单元在现行口径下只有 1 个候选，无需比较,policy,resolved_policy,,,,,,,,,,,entity_home,entity,,,,,no,,新疆昆仑科技学院,no,
city,新疆维吾尔自治区,昌吉回族自治州,,4,4,4165010995,新疆农业职业技术大学,本科,no,,cross_group_scale_policy,新疆农业职业技术大学 取自主榜序列；其余候选分属不同榜单体系，名次不可直接比较，按当前项目政策以主榜序列为先；候选池先按层次收敛：本科层次优先于更低层次（项目层次政策）,policy,resolved_policy,shanghairanking-bcvcr-public-vocational-undergraduate,shanghairanking-bcvcr-public-vocational-undergraduate,shanghairanking-bcvcr-public-vocational-undergraduate,2026,中国职业本科大学排名,,ranking,2026软科职业本科大学 47,47,https://www.shanghairanking.cn/rankings/bcvcr/2026749,entity_home,entity,,,,,no,,新疆农业职业技术大学,no,no comparable second place: the deciding rule set aside the other 3 candidate(s) without leaving anybody on the winner's own scale
city,新疆维吾尔自治区,哈密市,,1,1,4165014489,新疆能源铁道职业技术大学,本科,no,,single_candidate,该行政单元在现行口径下只有 1 个候选，无需比较,policy,resolved_policy,shanghairanking-bcvcr-public-vocational-undergraduate,shanghairanking-bcvcr-public-vocational-undergraduate,shanghairanking-bcvcr-public-vocational-undergraduate,2026,中国职业本科大学排名,,ranking,2026软科职业本科大学 80+,80+,https://www.shanghairanking.cn/rankings/bcvcr/2026749,entity_home,entity,,,,,no,,新疆能源铁道职业技术大学,no,
city,新疆维吾尔自治区,和田地区,,3,3,4165014897,新疆工业学院,本科,no,,deterministic_fallback_policy,新疆工业学院 由项目稳定兜底规则选出：在层次、重点标签、公办/民办与可比榜单仍无法唯一分开时，按榜单体系优先级、区间下界与稳定名称顺序决定展示 winner；该结论不是发布方跨榜排名；候选池先按层次收敛：本科层次优先于更低层次（项目层次政策）,policy,resolved_policy,,,,,,,,,,,entity_home,entity,,,,,no,,新疆工业学院,yes,1 leading candidate(s) carry no official list ranking; no comparable second place: the deciding rule set aside the other 2 candidate(s) without leaving anybody on the winner's own scale
city,新疆维吾尔自治区,胡杨河市,,1,1,4165014977,胡杨河职业技术学院,专科,no,,single_candidate,该行政单元在现行口径下只有 1 个候选，无需比较,policy,resolved_policy,,,,,,,,,,,entity_home,entity,,,,,no,,胡杨河职业技术学院,no,
city,新疆维吾尔自治区,喀什地区,,4,4,4165010763,喀什大学,本科,no,,deterministic_fallback_policy,喀什大学 由项目稳定兜底规则选出：在层次、重点标签、公办/民办与可比榜单仍无法唯一分开时，按榜单体系优先级、区间下界与稳定名称顺序决定展示 winner；该结论不是发布方跨榜排名；候选池先按层次收敛：本科层次优先于更低层次（项目层次政策）,policy,resolved_policy,shanghairanking-bcur,shanghairanking-bcur,shanghairanking-bcur,2026,中国大学排名（主榜）,,rankOverall,2026软科 500+,500+,https://www.shanghairanking.cn/rankings/bcur/2026,entity_home,entity,,,,,no,,喀什大学,yes,1 leading candidate(s) carry no official list ranking; no comparable second place: the deciding rule set aside the other 3 candidate(s) without leaving anybody on the winner's own scale
city,新疆维吾尔自治区,可克达拉市,,1,1,4165014826,可克达拉职业技术学院,专科,no,,single_candidate,该行政单元在现行口径下只有 1 个候选，无需比较,policy,resolved_policy,,,,,,,,,,,entity_home,entity,,,,,no,,可克达拉职业技术学院,no,
city,新疆维吾尔自治区,克拉玛依市,,2,2,4165013560,新疆第二医学院,本科,no,,level_order,本科层次优先于更低层次候选（项目层次政策）,policy,resolved_policy,shanghairanking-bcur,shanghairanking-bcur,shanghairanking-bcur,2026,中国医药类大学排名,医药,rankOverall,2026软科医药 56+ · 主榜参考 500+,500+,https://www.shanghairanking.cn/rankings/bcur/202621,entity_home,entity,,,,,no,,新疆第二医学院,no,no comparable second place: the deciding rule set aside the other 1 candidate(s) without leaving anybody on the winner's own scale
city,新疆维吾尔自治区,克孜勒苏柯尔克孜自治州,,1,1,4165014678,克孜勒苏职业技术学院,专科,no,,single_candidate,该行政单元在现行口径下只有 1 个候选，无需比较,policy,resolved_policy,shanghairanking-bcvcr-public-vocational,shanghairanking-bcvcr-public-vocational,shanghairanking-bcvcr-public-vocational,2026,中国高职专科院校排名（总榜）,综合,rankOverall,2026软科高职综合 112+ · 高职专科总榜 500+,500+,https://www.shanghairanking.cn/rankings/bcvcr/2026623,entity_home,entity,,,,,no,,克孜勒苏职业技术学院,no,
city,新疆维吾尔自治区,昆玉市,,1,1,4165014828,昆玉职业技术学院,专科,no,,single_candidate,该行政单元在现行口径下只有 1 个候选，无需比较,policy,resolved_policy,,,,,,,,,,,entity_home,entity,,,,,no,,昆玉职业技术学院,no,
city,新疆维吾尔自治区,石河子市,,4,4,4165010759,石河子大学,本科,no,211|双一流,prestige_tag,211 标签优先于无重点标签（国家官方重点建设名单）,strong,resolved_strong,shanghairanking-bcur,shanghairanking-bcur,shanghairanking-bcur,2026,中国大学排名（主榜）,,rankOverall,2026软科 135,135,https://www.shanghairanking.cn/rankings/bcur/2026,entity_home,entity,,,,,no,,石河子大学,no,no comparable second place: the deciding rule set aside the other 3 candidate(s) without leaving anybody on the winner's own scale
city,新疆维吾尔自治区,双河市,,1,1,4165014877,双河职业技术学院,专科,no,,single_candidate,该行政单元在现行口径下只有 1 个候选，无需比较,policy,resolved_policy,,,,,,,,,,,entity_home,entity,,,,,no,,双河职业技术学院,no,
city,新疆维吾尔自治区,塔城地区,,1,1,4165014740,塔城职业技术学院,专科,no,,single_candidate,该行政单元在现行口径下只有 1 个候选，无需比较,policy,resolved_policy,shanghairanking-bcvcr-public-vocational,shanghairanking-bcvcr-public-vocational,shanghairanking-bcvcr-public-vocational,2026,中国高职专科院校排名（总榜）,综合,rankOverall,2026软科高职综合 112+ · 高职专科总榜 500+,500+,https://www.shanghairanking.cn/rankings/bcvcr/2026623,entity_home,entity,,,,,no,,塔城职业技术学院,no,
city,新疆维吾尔自治区,铁门关市,,2,2,4165014523,新疆工程职业大学,本科,no,,level_order,本科层次优先于更低层次候选（项目层次政策）,policy,resolved_policy,shanghairanking-bcvcr-public-vocational-undergraduate,shanghairanking-bcvcr-public-vocational-undergraduate,shanghairanking-bcvcr-public-vocational-undergraduate,2026,中国职业本科大学排名,,ranking,2026软科职业本科大学 80+,80+,https://www.shanghairanking.cn/rankings/bcvcr/2026749,entity_home,entity,,,,,no,,新疆工程职业大学,no,no comparable second place: the deciding rule set aside the other 1 candidate(s) without leaving anybody on the winner's own scale
city,新疆维吾尔自治区,图木舒克市,,2,2,4165013628,新疆政法学院,本科,no,,level_order,本科层次优先于更低层次候选（项目层次政策）,policy,resolved_policy,shanghairanking-bcur,shanghairanking-bcur,shanghairanking-bcur,2026,中国大学排名（主榜）,,rankOverall,2026软科 500+,500+,https://www.shanghairanking.cn/rankings/bcur/2026,entity_home,entity,,,,,no,,新疆政法学院,no,no comparable second place: the deciding rule set aside the other 1 candidate(s) without leaving anybody on the winner's own scale
city,新疆维吾尔自治区,吐鲁番市,,1,1,4165014585,吐鲁番职业技术学院,专科,no,,single_candidate,该行政单元在现行口径下只有 1 个候选，无需比较,policy,resolved_policy,shanghairanking-bcvcr-public-vocational,shanghairanking-bcvcr-public-vocational,shanghairanking-bcvcr-public-vocational,2026,中国高职专科院校排名（总榜）,理工,rankOverall,2026软科高职理工 230+ · 高职专科总榜 500+,500+,https://www.shanghairanking.cn/rankings/bcvcr/2026623,entity_home,entity,,,,,no,,吐鲁番职业技术学院,no,
city,新疆维吾尔自治区,乌鲁木齐市,,22,22,4165010755,新疆大学,本科,no,211|双一流,prestige_tag,211 标签优先于无重点标签（国家官方重点建设名单）,strong,resolved_strong,shanghairanking-bcur,shanghairanking-bcur,shanghairanking-bcur,2026,中国大学排名（主榜）,,rankOverall,2026软科 131,131,https://www.shanghairanking.cn/rankings/bcur/2026,entity_home,entity,4165010760,新疆医科大学,本科,shanghairanking-bcur,yes,,新疆大学|新疆医科大学,no,
city,新疆维吾尔自治区,五家渠市,,1,1,4165014525,新疆科技职业技术学院,专科,yes,,single_candidate,该行政单元在现行口径下只有 1 个候选，无需比较,policy,resolved_policy,shanghairanking-bcvcr-private-vocational,shanghairanking-bcvcr-private-vocational,shanghairanking-bcvcr-private-vocational,2026,民办高职专科院校排名,,ranking,2026软科民办高职专科 100+,100+,https://www.shanghairanking.cn/rankings/bcvcr/2026633,entity_home,entity,,,,,no,,新疆科技职业技术学院,no,
city,新疆维吾尔自治区,新星市,,1,1,4165014827,新星职业技术学院,专科,no,,single_candidate,该行政单元在现行口径下只有 1 个候选，无需比较,policy,resolved_policy,,,,,,,,,,,entity_home,entity,,,,,no,,新星职业技术学院,no,
city,新疆维吾尔自治区,伊犁哈萨克自治州,,3,3,4165010764,伊犁师范大学,本科,no,,level_order,本科层次优先于更低层次候选（项目层次政策）,policy,resolved_policy,shanghairanking-bcur,shanghairanking-bcur,shanghairanking-bcur,2026,中国大学排名（主榜）,,rankOverall,2026软科 500,500,https://www.shanghairanking.cn/rankings/bcur/2026,entity_home,entity,,,,,no,,伊犁师范大学,no,no comparable second place: the deciding rule set aside the other 2 candidate(s) without leaving anybody on the winner's own scale
city,云南省,保山市,,3,3,4153010686,保山学院,本科,no,,level_order,本科层次优先于更低层次候选（项目层次政策）,policy,resolved_policy,shanghairanking-bcur,shanghairanking-bcur,shanghairanking-bcur,2026,中国大学排名（主榜）,,rankOverall,2026软科 500+,500+,https://www.shanghairanking.cn/rankings/bcur/2026,entity_home,entity,,,,,no,,保山学院,no,no comparable second place: the deciding rule set aside the other 2 candidate(s) without leaving anybody on the winner's own scale
city,云南省,楚雄彝族自治州,,3,3,4153011391,楚雄师范学院,本科,no,,level_order,本科层次优先于更低层次候选（项目层次政策）,policy,resolved_policy,shanghairanking-bcur,shanghairanking-bcur,shanghairanking-bcur,2026,中国大学排名（主榜）,,rankOverall,2026软科 500+,500+,https://www.shanghairanking.cn/rankings/bcur/2026,entity_home,entity,,,,,no,,楚雄师范学院,no,no comparable second place: the deciding rule set aside the other 2 candidate(s) without leaving anybody on the winner's own scale
city,云南省,大理白族自治州,,4,4,4153010679,大理大学,本科,no,,comparable_ranking,大理大学 在同榜可比名次上优于 滇西应用技术大学（软科 bcur）；候选池先按层次收敛：本科层次优先于更低层次（项目层次政策）,strong,resolved_strong,shanghairanking-bcur,shanghairanking-bcur,shanghairanking-bcur,2026,中国大学排名（主榜）,,rankOverall,2026软科 285,285,https://www.shanghairanking.cn/rankings/bcur/2026,entity_home,entity,4153014623,滇西应用技术大学,本科,shanghairanking-bcur,yes,,大理大学|滇西应用技术大学,no,
city,云南省,德宏傣族景颇族自治州,,2,2,4153014016,德宏师范学院,本科,no,,level_order,本科层次优先于更低层次候选（项目层次政策）,policy,resolved_policy,,,,,,,,,,,entity_home,entity,,,,,no,,德宏师范学院,no,no comparable second place: the deciding rule set aside the other 1 candidate(s) without leaving anybody on the winner's own scale
city,云南省,迪庆藏族自治州,,1,1,4153014803,香格里拉职业学院,专科,no,,single_candidate,该行政单元在现行口径下只有 1 个候选，无需比较,policy,resolved_policy,,,,,,,,,,,entity_home,entity,,,,,no,,香格里拉职业学院,no,
city,云南省,红河哈尼族彝族自治州,,4,4,4153010687,红河学院,本科,no,,level_order,本科层次优先于更低层次候选（项目层次政策）,policy,resolved_policy,shanghairanking-bcur,shanghairanking-bcur,shanghairanking-bcur,2026,中国大学排名（主榜）,,rankOverall,2026软科 500+,500+,https://www.shanghairanking.cn/rankings/bcur/2026,entity_home,entity,,,,,no,,红河学院,no,no comparable second place: the deciding rule set aside the other 3 candidate(s) without leaving anybody on the winner's own scale
city,云南省,昆明市,,51,51,4153010673,云南大学,本科,no,211|双一流,prestige_tag,211 标签优先于无重点标签（国家官方重点建设名单）,strong,resolved_strong,shanghairanking-bcur,shanghairanking-bcur,shanghairanking-bcur,2026,中国大学排名（主榜）,,rankOverall,2026软科 71,71,https://www.shanghairanking.cn/rankings/bcur/2026,entity_home,entity,4153010674,昆明理工大学,本科,shanghairanking-bcur,yes,,云南大学|昆明理工大学,no,
city,云南省,丽江市,,3,3,4153014015,丽江师范学院,本科,no,,public_before_private,同层次同标签下公办优先（按当前项目政策，非排名证据）；候选池先按层次收敛：本科层次优先于更低层次（项目层次政策）,policy,resolved_policy,,,,,,,,,,,entity_home,entity,,,,,no,,丽江师范学院,yes,no comparable second place: the deciding rule set aside the other 2 candidate(s) without leaving anybody on the winner's own scale
city,云南省,临沧市,,2,2,4153014092,滇西科技师范学院,本科,no,,level_order,本科层次优先于更低层次候选（项目层次政策）,policy,resolved_policy,shanghairanking-bcur,shanghairanking-bcur,shanghairanking-bcur,2026,中国大学排名（主榜）,,rankOverall,2026软科 500+,500+,https://www.shanghairanking.cn/rankings/bcur/2026,entity_home,entity,,,,,no,,滇西科技师范学院,no,no comparable second place: the deciding rule set aside the other 1 candidate(s) without leaving anybody on the winner's own scale
city,云南省,怒江傈僳族自治州,,1,1,4153014873,怒江职业技术学院,专科,no,,single_candidate,该行政单元在现行口径下只有 1 个候选，无需比较,policy,resolved_policy,,,,,,,,,,,entity_home,entity,,,,,no,,怒江职业技术学院,no,
city,云南省,普洱市,,1,1,4153010685,普洱学院,本科,no,,single_candidate,该行政单元在现行口径下只有 1 个候选，无需比较,policy,resolved_policy,shanghairanking-bcur,shanghairanking-bcur,shanghairanking-bcur,2026,中国大学排名（主榜）,,rankOverall,2026软科 500+,500+,https://www.shanghairanking.cn/rankings/bcur/2026,entity_home,entity,,,,,no,,普洱学院,no,
city,云南省,曲靖市,,5,5,4153010684,曲靖师范学院,本科,no,,single_ranked_candidate,曲靖师范学院 是当前候选里唯一被官方榜单覆盖的学校（软科 bcur）；候选池先按层次收敛：本科层次优先于更低层次（项目层次政策）,policy,resolved_policy,shanghairanking-bcur,shanghairanking-bcur,shanghairanking-bcur,2026,中国大学排名（主榜）,,rankOverall,2026软科 400,400,https://www.shanghairanking.cn/rankings/bcur/2026,entity_home,entity,,,,,no,,曲靖师范学院,yes,1 leading candidate(s) carry no official list ranking; no comparable second place: the deciding rule set aside the other 4 candidate(s) without leaving anybody on the winner's own scale
city,云南省,文山壮族苗族自治州,,3,3,4153011556,文山学院,本科,no,,level_order,本科层次优先于更低层次候选（项目层次政策）,policy,resolved_policy,shanghairanking-bcur,shanghairanking-bcur,shanghairanking-bcur,2026,中国大学排名（主榜）,,rankOverall,2026软科 500+,500+,https://www.shanghairanking.cn/rankings/bcur/2026,entity_home,entity,,,,,no,,文山学院,no,no comparable second place: the deciding rule set aside the other 2 candidate(s) without leaving anybody on the winner's own scale
city,云南省,西双版纳傣族自治州,,1,1,4153012826,西双版纳职业技术学院,专科,no,,single_candidate,该行政单元在现行口径下只有 1 个候选，无需比较,policy,resolved_policy,shanghairanking-bcvcr-public-vocational,shanghairanking-bcvcr-public-vocational,shanghairanking-bcvcr-public-vocational,2026,中国高职专科院校排名（总榜）,综合,rankOverall,2026软科高职综合 112+ · 高职专科总榜 500+,500+,https://www.shanghairanking.cn/rankings/bcvcr/2026623,entity_home,entity,,,,,no,,西双版纳职业技术学院,no,
city,云南省,玉溪市,,3,3,4153011390,玉溪师范学院,本科,no,,level_order,本科层次优先于更低层次候选（项目层次政策）,policy,resolved_policy,shanghairanking-bcur,shanghairanking-bcur,shanghairanking-bcur,2026,中国大学排名（主榜）,,rankOverall,2026软科 467,467,https://www.shanghairanking.cn/rankings/bcur/2026,entity_home,entity,,,,,no,,玉溪师范学院,no,no comparable second place: the deciding rule set aside the other 2 candidate(s) without leaving anybody on the winner's own scale
city,云南省,昭通市,,3,3,4153010683,昭通学院,本科,no,,level_order,本科层次优先于更低层次候选（项目层次政策）,policy,resolved_policy,shanghairanking-bcur,shanghairanking-bcur,shanghairanking-bcur,2026,中国大学排名（主榜）,,rankOverall,2026软科 500+,500+,https://www.shanghairanking.cn/rankings/bcur/2026,entity_home,entity,,,,,no,,昭通学院,no,no comparable second place: the deciding rule set aside the other 2 candidate(s) without leaving anybody on the winner's own scale
city,浙江省,杭州市,,47,47,4133010335,浙江大学,本科,no,985|211|双一流,prestige_tag,985 标签优先于无重点标签（国家官方重点建设名单）,strong,resolved_strong,shanghairanking-bcur,shanghairanking-bcur,shanghairanking-bcur,2026,中国大学排名（主榜）,,rankOverall,2026软科 3,3,https://www.shanghairanking.cn/rankings/bcur/2026,entity_home,entity,4133010337,浙江工业大学,本科,shanghairanking-bcur,yes,,浙江大学|浙江工业大学,no,
city,浙江省,湖州市,,5,5,4133010347,湖州师范大学,本科,no,,comparable_ranking,湖州师范大学 在同榜可比名次上优于 湖州学院（软科 bcur）；候选池先按层次收敛：本科层次优先于更低层次（项目层次政策）,strong,resolved_strong,shanghairanking-bcur,shanghairanking-bcur,shanghairanking-bcur,2026,中国大学排名（主榜）,,rankOverall,2026软科 234,234,https://www.shanghairanking.cn/rankings/bcur/2026,entity_home,entity,4133013287,湖州学院,本科,shanghairanking-bcur,yes,,湖州师范大学|湖州学院,no,
city,浙江省,嘉兴市,,6,6,4133010354,嘉兴大学,本科,no,,comparable_ranking,嘉兴大学 在同榜可比名次上优于 嘉兴南湖学院（软科 bcur）；候选池先按层次收敛：本科层次优先于更低层次（项目层次政策）,strong,resolved_strong,shanghairanking-bcur,shanghairanking-bcur,shanghairanking-bcur,2026,中国大学排名（主榜）,,rankOverall,2026软科 216,216,https://www.shanghairanking.cn/rankings/bcur/2026,entity_home,entity,4133013291,嘉兴南湖学院,本科,shanghairanking-bcur,yes,,嘉兴大学|嘉兴南湖学院,yes,2 leading candidate(s) carry no official list ranking
city,浙江省,金华市,,8,8,4133010345,浙江师范大学,本科,no,,public_before_private,同层次同标签下公办优先（按当前项目政策，非排名证据）；候选池先按层次收敛：本科层次优先于更低层次（项目层次政策）,policy,resolved_policy,shanghairanking-bcur,shanghairanking-bcur,shanghairanking-bcur,2026,中国大学排名（主榜）,,rankOverall,2026软科 91,91,https://www.shanghairanking.cn/rankings/bcur/2026,entity_home,entity,,,,,no,,浙江师范大学,yes,no comparable second place: the deciding rule set aside the other 7 candidate(s) without leaving anybody on the winner's own scale
city,浙江省,丽水市,,2,2,4133010352,丽水学院,本科,no,,level_order,本科层次优先于更低层次候选（项目层次政策）,policy,resolved_policy,shanghairanking-bcur,shanghairanking-bcur,shanghairanking-bcur,2026,中国大学排名（主榜）,,rankOverall,2026软科 365,365,https://www.shanghairanking.cn/rankings/bcur/2026,entity_home,entity,,,,,no,,丽水学院,no,no comparable second place: the deciding rule set aside the other 1 candidate(s) without leaving anybody on the winner's own scale
city,浙江省,宁波市,,15,15,4133011646,宁波大学,本科,no,双一流,prestige_tag,双一流 标签优先于无重点标签（国家官方重点建设名单）,strong,resolved_strong,shanghairanking-bcur,shanghairanking-bcur,shanghairanking-bcur,2026,中国大学排名（主榜）,,rankOverall,2026软科 78,78,https://www.shanghairanking.cn/rankings/bcur/2026,entity_home,entity,4133016301,宁波诺丁汉大学,本科,shanghairanking-bcur,yes,,宁波大学|宁波诺丁汉大学,no,"runner-up 宁波诺丁汉大学 holds the better position on the shared comparison scale (65 vs 78); this unit was decided by prestige_tag, not by that comparison"
city,浙江省,衢州市,,2,2,4133011488,衢州学院,本科,no,,level_order,本科层次优先于更低层次候选（项目层次政策）,policy,resolved_policy,shanghairanking-bcur,shanghairanking-bcur,shanghairanking-bcur,2026,中国大学排名（主榜）,,rankOverall,2026软科 379,379,https://www.shanghairanking.cn/rankings/bcur/2026,entity_home,entity,,,,,no,,衢州学院,no,no comparable second place: the deciding rule set aside the other 1 candidate(s) without leaving anybody on the winner's own scale
city,浙江省,绍兴市,,8,8,4133010349,绍兴大学,本科,no,,public_before_private,同层次同标签下公办优先（按当前项目政策，非排名证据）；公办候选之间再按同榜名次比较；候选池先按层次收敛：本科层次优先于更低层次（项目层次政策）,policy,resolved_policy,shanghairanking-bcur,shanghairanking-bcur,shanghairanking-bcur,2026,中国大学排名（主榜）,,rankOverall,2026软科 264,264,https://www.shanghairanking.cn/rankings/bcur/2026,entity_home,entity,4133013288,绍兴理工学院,本科,shanghairanking-bcur,yes,,绍兴大学|绍兴理工学院,yes,
city,浙江省,台州市,,4,4,4133010350,台州学院,本科,no,,level_order,本科层次优先于更低层次候选（项目层次政策）,policy,resolved_policy,shanghairanking-bcur,shanghairanking-bcur,shanghairanking-bcur,2026,中国大学排名（主榜）,,rankOverall,2026软科 278,278,https://www.shanghairanking.cn/rankings/bcur/2026,entity_home,entity,,,,,no,,台州学院,no,no comparable second place: the deciding rule set aside the other 3 candidate(s) without leaving anybody on the winner's own scale
city,浙江省,温州市,,11,11,4133010343,温州医科大学,本科,no,,public_before_private,同层次同标签下公办优先（按当前项目政策，非排名证据）；候选池先按层次收敛：本科层次优先于更低层次（项目层次政策）,policy,resolved_policy,shanghairanking-bcur,shanghairanking-bcur,shanghairanking-bcur,2026,中国医药类大学排名,医药,rankOverall,2026软科医药 11 · 主榜参考 91,91,https://www.shanghairanking.cn/rankings/bcur/202621,entity_home,entity,4133010351,温州大学,本科,shanghairanking-bcur,yes,,温州医科大学|温州大学,yes,
city,浙江省,舟山市,,3,3,4133010340,浙江海洋大学,本科,no,,level_order,本科层次优先于更低层次候选（项目层次政策）,policy,resolved_policy,shanghairanking-bcur,shanghairanking-bcur,shanghairanking-bcur,2026,中国大学排名（主榜）,,rankOverall,2026软科 236,236,https://www.shanghairanking.cn/rankings/bcur/2026,entity_home,entity,,,,,no,,浙江海洋大学,no,no comparable second place: the deciding rule set aside the other 2 candidate(s) without leaving anybody on the winner's own scale
district,安徽省,安庆市,大观区,1,1,4134010372,安庆师范大学,本科,no,,single_candidate,该行政单元在现行口径下只有 1 个候选，无需比较,policy,resolved_policy,shanghairanking-bcur,shanghairanking-bcur,shanghairanking-bcur,2026,中国大学排名（主榜）,,rankOverall,2026软科 340,340,https://www.shanghairanking.cn/rankings/bcur/2026,campus,profile_campus,,,,,no,,安庆师范大学,no,
district,安徽省,安庆市,怀宁县,0,0,,,,,,,,,no_candidate,,,,,,,,,,,,,,,,,no,,,no,
district,安徽省,安庆市,潜山市,0,0,,,,,,,,,no_candidate,,,,,,,,,,,,,,,,,no,,,no,
district,安徽省,安庆市,宿松县,0,0,,,,,,,,,no_candidate,,,,,,,,,,,,,,,,,no,,,no,
district,安徽省,安庆市,太湖县,0,0,,,,,,,,,no_candidate,,,,,,,,,,,,,,,,,no,,,no,
district,安徽省,安庆市,桐城市,1,1,4134014273,桐城师范高等专科学校,专科,no,,single_candidate,该行政单元在现行口径下只有 1 个候选，无需比较,policy,resolved_policy,shanghairanking-bcvcr-public-vocational,shanghairanking-bcvcr-public-vocational,shanghairanking-bcvcr-public-vocational,2026,中国高职专科院校排名（总榜）,师范,rankOverall,2026软科高职师范 28+ · 高职专科总榜 500+,500+,https://www.shanghairanking.cn/rankings/bcvcr/2026623,campus,profile_campus,,,,,no,,桐城师范高等专科学校,no,
district,安徽省,安庆市,望江县,0,0,,,,,,,,,no_candidate,,,,,,,,,,,,,,,,,no,,,no,
district,安徽省,安庆市,宜秀区,3,3,4134010372,安庆师范大学,本科,no,,level_order,本科层次优先于更低层次候选（项目层次政策）,policy,resolved_policy,shanghairanking-bcur,shanghairanking-bcur,shanghairanking-bcur,2026,中国大学排名（主榜）,,rankOverall,2026软科 340,340,https://www.shanghairanking.cn/rankings/bcur/2026,campus,profile_campus,,,,,no,,安庆师范大学,no,no comparable second place: the deciding rule set aside the other 2 candidate(s) without leaving anybody on the winner's own scale
district,安徽省,安庆市,迎江区,1,1,4134013345,安庆职业技术学院,专科,no,,single_candidate,该行政单元在现行口径下只有 1 个候选，无需比较,policy,resolved_policy,shanghairanking-bcvcr-public-vocational,shanghairanking-bcvcr-public-vocational,shanghairanking-bcvcr-public-vocational,2026,中国高职专科院校排名（总榜）,理工,rankOverall,2026软科高职专科总榜 399,399,https://www.shanghairanking.cn/rankings/bcvcr/2026623,campus,profile_campus,,,,,no,,安庆职业技术学院,no,
district,安徽省,安庆市,岳西县,0,0,,,,,,,,,no_candidate,,,,,,,,,,,,,,,,,no,,,no,
district,安徽省,蚌埠市,蚌山区,1,1,4134010378,安徽财经大学,本科,no,,single_candidate,该行政单元在现行口径下只有 1 个候选，无需比较,policy,resolved_policy,shanghairanking-bcur,shanghairanking-bcur,shanghairanking-bcur,2026,中国财经类大学排名,财经,rankOverall,2026软科财经 17 · 主榜参考 202,202,https://www.shanghairanking.cn/rankings/bcur/202622,campus,profile_campus,,,,,no,,安徽财经大学,no,
district,安徽省,蚌埠市,固镇县,1,1,4134014137,蚌埠经济技术职业学院,专科,yes,,single_candidate,该行政单元在现行口径下只有 1 个候选，无需比较,policy,resolved_policy,shanghairanking-bcvcr-private-vocational,shanghairanking-bcvcr-private-vocational,shanghairanking-bcvcr-private-vocational,2026,民办高职专科院校排名,,ranking,2026软科民办高职专科 100+,100+,https://www.shanghairanking.cn/rankings/bcvcr/2026633,campus,profile_campus,,,,,no,,蚌埠经济技术职业学院,no,
district,安徽省,蚌埠市,怀远县,0,0,,,,,,,,,no_candidate,,,,,,,,,,,,,,,,,no,,,no,
district,安徽省,蚌埠市,淮上区,1,1,4134014844,蚌埠城市轨道交通职业学院,专科,yes,,single_candidate,该行政单元在现行口径下只有 1 个候选，无需比较,policy,resolved_policy,,,,,,,,,,,campus,profile_campus,,,,,no,,蚌埠城市轨道交通职业学院,no,
district,安徽省,蚌埠市,龙子湖区,6,6,4134010378,安徽财经大学,本科,no,,public_before_private,同层次同标签下公办优先（按当前项目政策，非排名证据）；公办候选之间再按同榜名次比较；候选池先按层次收敛：本科层次优先于更低层次（项目层次政策）,policy,resolved_policy,shanghairanking-bcur,shanghairanking-bcur,shanghairanking-bcur,2026,中国财经类大学排名,财经,rankOverall,2026软科财经 17 · 主榜参考 202,202,https://www.shanghairanking.cn/rankings/bcur/202622,campus,profile_campus,4134010367,蚌埠医科大学,本科,shanghairanking-bcur,yes,,安徽财经大学|蚌埠医科大学,yes,
district,安徽省,蚌埠市,五河县,0,0,,,,,,,,,no_candidate,,,,,,,,,,,,,,,,,no,,,no,
district,安徽省,蚌埠市,禹会区,0,0,,,,,,,,,no_candidate,,,,,,,,,,,,,,,,,no,,,no,
district,安徽省,亳州市,利辛县,0,0,,,,,,,,,no_candidate,,,,,,,,,,,,,,,,,no,,,no,
district,安徽省,亳州市,蒙城县,0,0,,,,,,,,,no_candidate,,,,,,,,,,,,,,,,,no,,,no,
district,安徽省,亳州市,谯城区,2,2,4134012926,亳州学院,本科,no,,level_order,本科层次优先于更低层次候选（项目层次政策）,policy,resolved_policy,shanghairanking-bcur,shanghairanking-bcur,shanghairanking-bcur,2026,中国大学排名（主榜）,,rankOverall,2026软科 500+,500+,https://www.shanghairanking.cn/rankings/bcur/2026,campus,profile_campus,,,,,no,,亳州学院,no,no comparable second place: the deciding rule set aside the other 1 candidate(s) without leaving anybody on the winner's own scale
district,安徽省,亳州市,涡阳县,0,0,,,,,,,,,no_candidate,,,,,,,,,,,,,,,,,no,,,no,
district,安徽省,池州市,东至县,0,0,,,,,,,,,no_candidate,,,,,,,,,,,,,,,,,no,,,no,
district,安徽省,池州市,贵池区,3,3,4134011306,池州学院,本科,no,,level_order,本科层次优先于更低层次候选（项目层次政策）,policy,resolved_policy,shanghairanking-bcur,shanghairanking-bcur,shanghairanking-bcur,2026,中国大学排名（主榜）,,rankOverall,2026软科 500+,500+,https://www.shanghairanking.cn/rankings/bcur/2026,campus,historical_campus,,,,,no,,池州学院,no,no comparable second place: the deciding rule set aside the other 2 candidate(s) without leaving anybody on the winner's own scale
district,安徽省,池州市,青阳县,0,0,,,,,,,,,no_candidate,,,,,,,,,,,,,,,,,no,,,no,
district,安徽省,池州市,石台县,0,0,,,,,,,,,no_candidate,,,,,,,,,,,,,,,,,no,,,no,
district,安徽省,滁州市,定远县,0,0,,,,,,,,,no_candidate,,,,,,,,,,,,,,,,,no,,,no,
district,安徽省,滁州市,凤阳县,1,1,4134010879,安徽科技工程大学,本科,no,,single_candidate,该行政单元在现行口径下只有 1 个候选，无需比较,policy,resolved_policy,shanghairanking-bcur,shanghairanking-bcur,shanghairanking-bcur,2026,中国大学排名（主榜）,,rankOverall,2026软科 361,361,https://www.shanghairanking.cn/rankings/bcur/2026,campus,profile_campus,,,,,no,,安徽科技工程大学,no,
district,安徽省,滁州市,来安县,0,0,,,,,,,,,no_candidate,,,,,,,,,,,,,,,,,no,,,no,
district,安徽省,滁州市,琅琊区,1,1,4134010377,滁州学院,本科,no,,single_candidate,该行政单元在现行口径下只有 1 个候选，无需比较,policy,resolved_policy,shanghairanking-bcur,shanghairanking-bcur,shanghairanking-bcur,2026,中国大学排名（主榜）,,rankOverall,2026软科 435,435,https://www.shanghairanking.cn/rankings/bcur/2026,campus,profile_campus,,,,,no,,滁州学院,no,
district,安徽省,滁州市,明光市,0,0,,,,,,,,,no_candidate,,,,,,,,,,,,,,,,,no,,,no,
district,安徽省,滁州市,南谯区,3,3,4134010879,安徽科技工程大学,本科,no,,level_order,本科层次优先于更低层次候选（项目层次政策）,policy,resolved_policy,shanghairanking-bcur,shanghairanking-bcur,shanghairanking-bcur,2026,中国大学排名（主榜）,,rankOverall,2026软科 361,361,https://www.shanghairanking.cn/rankings/bcur/2026,campus,profile_campus,,,,,no,,安徽科技工程大学,no,no comparable second place: the deciding rule set aside the other 2 candidate(s) without leaving anybody on the winner's own scale
district,安徽省,滁州市,全椒县,1,1,4132010307,南京农业大学,本科,no,211|双一流,single_candidate,该行政单元在现行口径下只有 1 个候选，无需比较,policy,resolved_policy,shanghairanking-bcur,shanghairanking-bcur,shanghairanking-bcur,2026,中国大学排名（主榜）,,rankOverall,2026软科 55,55,https://www.shanghairanking.cn/rankings/bcur/2026,campus,profile_campus,,,,,no,,南京农业大学,no,
district,安徽省,滁州市,天长市,1,1,4132010300,南京信息工程大学,本科,no,双一流,single_candidate,该行政单元在现行口径下只有 1 个候选，无需比较,policy,resolved_policy,shanghairanking-bcur,shanghairanking-bcur,shanghairanking-bcur,2026,中国大学排名（主榜）,,rankOverall,2026软科 98,98,https://www.shanghairanking.cn/rankings/bcur/2026,campus,profile_campus,,,,,no,,南京信息工程大学,no,
district,安徽省,阜阳市,阜南县,0,0,,,,,,,,,no_candidate,,,,,,,,,,,,,,,,,no,,,no,
district,安徽省,阜阳市,界首市,0,0,,,,,,,,,no_candidate,,,,,,,,,,,,,,,,,no,,,no,
district,安徽省,阜阳市,临泉县,0,0,,,,,,,,,no_candidate,,,,,,,,,,,,,,,,,no,,,no,
district,安徽省,阜阳市,太和县,0,0,,,,,,,,,no_candidate,,,,,,,,,,,,,,,,,no,,,no,
district,安徽省,阜阳市,颍东区,0,0,,,,,,,,,no_candidate,,,,,,,,,,,,,,,,,no,,,no,
district,安徽省,阜阳市,颍泉区,0,0,,,,,,,,,no_candidate,,,,,,,,,,,,,,,,,no,,,no,
district,安徽省,阜阳市,颍上县,1,1,4134014165,民办安徽旅游职业学院,专科,yes,,single_candidate,该行政单元在现行口径下只有 1 个候选，无需比较,policy,resolved_policy,,,,,,,,,,,campus,corroborated_campus,,,,,no,,民办安徽旅游职业学院,no,
district,安徽省,阜阳市,颍州区,5,5,4134010371,阜阳师范大学,本科,no,,public_before_private,同层次同标签下公办优先（按当前项目政策，非排名证据）；候选池先按层次收敛：本科层次优先于更低层次（项目层次政策）,policy,resolved_policy,shanghairanking-bcur,shanghairanking-bcur,shanghairanking-bcur,2026,中国大学排名（主榜）,,rankOverall,2026软科 384,384,https://www.shanghairanking.cn/rankings/bcur/2026,campus,profile_campus,,,,,no,,阜阳师范大学,yes,no comparable second place: the deciding rule set aside the other 4 candidate(s) without leaving anybody on the winner's own scale
district,安徽省,合肥市,包河区,12,12,4134010358,中国科学技术大学,本科,no,985|211|双一流,prestige_tag,985 标签优先于211（国家官方重点建设名单）,strong,resolved_strong,shanghairanking-bcur,shanghairanking-bcur,shanghairanking-bcur,2026,中国大学排名（主榜）,,rankOverall,2026软科 7,7,https://www.shanghairanking.cn/rankings/bcur/2026,campus,profile_campus,4134010359,合肥工业大学,本科,shanghairanking-bcur,yes,,中国科学技术大学|合肥工业大学,no,
district,安徽省,合肥市,巢湖市,8,8,4134011059,合肥大学,本科,no,,public_before_private,同层次同标签下公办优先（按当前项目政策，非排名证据）；公办候选之间再按同榜名次比较；候选池先按层次收敛：本科层次优先于更低层次（项目层次政策）,policy,resolved_policy,shanghairanking-bcur,shanghairanking-bcur,shanghairanking-bcur,2026,中国大学排名（主榜）,,rankOverall,2026软科 316,316,https://www.shanghairanking.cn/rankings/bcur/2026,campus,profile_campus,4134014098,合肥师范学院,本科,shanghairanking-bcur,yes,,合肥大学|合肥师范学院,yes,1 leading candidate(s) carry no official list ranking
district,安徽省,合肥市,肥东县,3,3,4134010959,安徽三联学院,本科,yes,,level_order,本科层次优先于更低层次候选（项目层次政策）,policy,resolved_policy,shanghairanking-bcur-private,shanghairanking-bcur-private,shanghairanking-bcur-private,2026,中国民办高校排名（主榜）,理工,rankOverall,2026软科民办 100+,100+,https://www.shanghairanking.cn/rankings/bcur/202615,campus,profile_campus,,,,,no,,安徽三联学院,no,no comparable second place: the deciding rule set aside the other 2 candidate(s) without leaving anybody on the winner's own scale
district,安徽省,合肥市,肥西县,8,8,4134010366,安徽医科大学,本科,no,,public_before_private,同层次同标签下公办优先（按当前项目政策，非排名证据）；候选池先按层次收敛：本科层次优先于更低层次（项目层次政策）,policy,resolved_policy,shanghairanking-bcur,shanghairanking-bcur,shanghairanking-bcur,2026,中国医药类大学排名,医药,rankOverall,2026软科医药 14 · 主榜参考 123,123,https://www.shanghairanking.cn/rankings/bcur/202621,campus,profile_campus,,,,,no,,安徽医科大学,yes,no comparable second place: the deciding rule set aside the other 7 candidate(s) without leaving anybody on the winner's own scale
district,安徽省,合肥市,庐江县,0,0,,,,,,,,,no_candidate,,,,,,,,,,,,,,,,,no,,,no,
district,安徽省,合肥市,庐阳区,7,7,4134010359,合肥工业大学,本科,no,211|双一流,prestige_tag,211 标签优先于无重点标签（国家官方重点建设名单）,strong,resolved_strong,shanghairanking-bcur,shanghairanking-bcur,shanghairanking-bcur,2026,中国大学排名（主榜）,,rankOverall,2026软科 80,80,https://www.shanghairanking.cn/rankings/bcur/2026,campus,historical_campus,4134010369,安徽中医药大学,本科,shanghairanking-bcur,yes,,合肥工业大学|安徽中医药大学,no,
district,安徽省,合肥市,蜀山区,25,25,4134010358,中国科学技术大学,本科,no,985|211|双一流,prestige_tag,985 标签优先于211（国家官方重点建设名单）,strong,resolved_strong,shanghairanking-bcur,shanghairanking-bcur,shanghairanking-bcur,2026,中国大学排名（主榜）,,rankOverall,2026软科 7,7,https://www.shanghairanking.cn/rankings/bcur/2026,campus,profile_campus,4134010359,合肥工业大学,本科,shanghairanking-bcur,yes,,中国科学技术大学|合肥工业大学,no,
district,安徽省,合肥市,瑶海区,14,14,4134010369,安徽中医药大学,本科,no,,public_before_private,同层次同标签下公办优先（按当前项目政策，非排名证据）；候选池先按层次收敛：本科层次优先于更低层次（项目层次政策）,policy,resolved_policy,shanghairanking-bcur,shanghairanking-bcur,shanghairanking-bcur,2026,中国中医药大学排名,中医药,rankOverall,2026软科中医药 17 · 主榜参考 218,218,https://www.shanghairanking.cn/rankings/bcur/2026745,campus,profile_campus,,,,,no,,安徽中医药大学,yes,1 leading candidate(s) carry no official list ranking; no comparable second place: the deciding rule set aside the other 13 candidate(s) without leaving anybody on the winner's own scale
district,安徽省,合肥市,长丰县,4,4,4134010361,安徽理工大学,本科,no,,public_before_private,同层次同标签下公办优先（按当前项目政策，非排名证据）；候选池先按层次收敛：本科层次优先于更低层次（项目层次政策）,policy,resolved_policy,shanghairanking-bcur,shanghairanking-bcur,shanghairanking-bcur,2026,中国大学排名（主榜）,,rankOverall,2026软科 180,180,https://www.shanghairanking.cn/rankings/bcur/2026,campus,profile_campus,,,,,no,,安徽理工大学,yes,no comparable second place: the deciding rule set aside the other 3 candidate(s) without leaving anybody on the winner's own scale
district,安徽省,淮北市,杜集区,1,1,4134013620,淮北理工学院,本科,yes,,single_candidate,该行政单元在现行口径下只有 1 个候选，无需比较,policy,resolved_policy,shanghairanking-bcur-private,shanghairanking-bcur-private,shanghairanking-bcur-private,2026,中国民办高校排名（主榜）,师范,rankOverall,2026软科民办 100+,100+,https://www.shanghairanking.cn/rankings/bcur/202615,campus,profile_campus,,,,,no,,淮北理工学院,no,
district,安徽省,淮北市,烈山区,2,2,4134010373,淮北师范大学,本科,no,,level_order,本科层次优先于更低层次候选（项目层次政策）,policy,resolved_policy,shanghairanking-bcur,shanghairanking-bcur,shanghairanking-bcur,2026,中国大学排名（主榜）,,rankOverall,2026软科 330,330,https://www.shanghairanking.cn/rankings/bcur/2026,campus,profile_campus,,,,,no,,淮北师范大学,no,no comparable second place: the deciding rule set aside the other 1 candidate(s) without leaving anybody on the winner's own scale
district,安徽省,淮北市,濉溪县,0,0,,,,,,,,,no_candidate,,,,,,,,,,,,,,,,,no,,,no,
district,安徽省,淮北市,相山区,3,3,4134010373,淮北师范大学,本科,no,,level_order,本科层次优先于更低层次候选（项目层次政策）,policy,resolved_policy,shanghairanking-bcur,shanghairanking-bcur,shanghairanking-bcur,2026,中国大学排名（主榜）,,rankOverall,2026软科 330,330,https://www.shanghairanking.cn/rankings/bcur/2026,campus,profile_campus,,,,,no,,淮北师范大学,no,no comparable second place: the deciding rule set aside the other 2 candidate(s) without leaving anybody on the winner's own scale
district,安徽省,淮南市,八公山区,0,0,,,,,,,,,no_candidate,,,,,,,,,,,,,,,,,no,,,no,
district,安徽省,淮南市,大通区,1,1,4134012220,淮南职业技术学院,专科,no,,single_candidate,该行政单元在现行口径下只有 1 个候选，无需比较,policy,resolved_policy,shanghairanking-bcvcr-public-vocational,shanghairanking-bcvcr-public-vocational,shanghairanking-bcvcr-public-vocational,2026,中国高职专科院校排名（总榜）,理工,rankOverall,2026软科高职理工 230+ · 高职专科总榜 500+,500+,https://www.shanghairanking.cn/rankings/bcvcr/2026623,campus,profile_campus,,,,,no,,淮南职业技术学院,no,
district,安徽省,淮南市,凤台县,1,1,4134011308,淮南联合大学,专科,no,,single_candidate,该行政单元在现行口径下只有 1 个候选，无需比较,policy,resolved_policy,shanghairanking-bcvcr-public-vocational,shanghairanking-bcvcr-public-vocational,shanghairanking-bcvcr-public-vocational,2026,中国高职专科院校排名（总榜）,综合,rankOverall,2026软科高职综合 112+ · 高职专科总榜 500+,500+,https://www.shanghairanking.cn/rankings/bcvcr/2026623,campus,historical_campus,,,,,no,,淮南联合大学,no,
district,安徽省,淮南市,潘集区,0,0,,,,,,,,,no_candidate,,,,,,,,,,,,,,,,,no,,,no,
district,安徽省,淮南市,寿县,4,4,4134012925,安徽第二医学院,本科,no,,level_order,本科层次优先于更低层次候选（项目层次政策）,policy,resolved_policy,,,,,,,,,,,campus,profile_campus,,,,,no,,安徽第二医学院,no,no comparable second place: the deciding rule set aside the other 3 candidate(s) without leaving anybody on the winner's own scale
district,安徽省,淮南市,田家庵区,5,5,4134010361,安徽理工大学,本科,no,,comparable_ranking,安徽理工大学 在同榜可比名次上优于 淮南师范学院（软科 bcur）；候选池先按层次收敛：本科层次优先于更低层次（项目层次政策）,strong,resolved_strong,shanghairanking-bcur,shanghairanking-bcur,shanghairanking-bcur,2026,中国大学排名（主榜）,,rankOverall,2026软科 180,180,https://www.shanghairanking.cn/rankings/bcur/2026,campus,profile_campus,4134010381,淮南师范学院,本科,shanghairanking-bcur,yes,,安徽理工大学|淮南师范学院,no,
district,安徽省,淮南市,谢家集区,2,2,4134012811,安徽工贸职业技术学院,专科,no,,deterministic_fallback_policy,安徽工贸职业技术学院 由项目稳定兜底规则选出：在层次、重点标签、公办/民办与可比榜单仍无法唯一分开时，按榜单体系优先级、区间下界与稳定名称顺序决定展示 winner；该结论不是发布方跨榜排名,policy,resolved_policy,shanghairanking-bcvcr-public-vocational,shanghairanking-bcvcr-public-vocational,shanghairanking-bcvcr-public-vocational,2026,中国高职专科院校排名（总榜）,理工,rankOverall,2026软科高职理工 230+ · 高职专科总榜 500+,500+,https://www.shanghairanking.cn/rankings/bcvcr/2026623,campus,profile_campus,4134012220,淮南职业技术学院,专科,shanghairanking-bcvcr-public-vocational,yes,,安徽工贸职业技术学院|淮南职业技术学院,no,
district,安徽省,黄山市,黄山区,0,0,,,,,,,,,no_candidate,,,,,,,,,,,,,,,,,no,,,no,
district,安徽省,黄山市,徽州区,0,0,,,,,,,,,no_candidate,,,,,,,,,,,,,,,,,no,,,no,
district,安徽省,黄山市,祁门县,0,0,,,,,,,,,no_candidate,,,,,,,,,,,,,,,,,no,,,no,
district,安徽省,黄山市,歙县,0,0,,,,,,,,,no_candidate,,,,,,,,,,,,,,,,,no,,,no,
district,安徽省,黄山市,屯溪区,2,2,4134010375,黄山学院,本科,no,,level_order,本科层次优先于更低层次候选（项目层次政策）,policy,resolved_policy,shanghairanking-bcur,shanghairanking-bcur,shanghairanking-bcur,2026,中国大学排名（主榜）,,rankOverall,2026软科 481,481,https://www.shanghairanking.cn/rankings/bcur/2026,campus,profile_campus,,,,,no,,黄山学院,no,no comparable second place: the deciding rule set aside the other 1 candidate(s) without leaving anybody on the winner's own scale
district,安徽省,黄山市,休宁县,2,2,4134010375,黄山学院,本科,no,,level_order,本科层次优先于更低层次候选（项目层次政策）,policy,resolved_policy,shanghairanking-bcur,shanghairanking-bcur,shanghairanking-bcur,2026,中国大学排名（主榜）,,rankOverall,2026软科 481,481,https://www.shanghairanking.cn/rankings/bcur/2026,campus,historical_campus,,,,,no,,黄山学院,no,no comparable second place: the deciding rule set aside the other 1 candidate(s) without leaving anybody on the winner's own scale
district,安徽省,黄山市,黟县,0,0,,,,,,,,,no_candidate,,,,,,,,,,,,,,,,,no,,,no,
district,安徽省,六安市,霍邱县,0,0,,,,,,,,,no_candidate,,,,,,,,,,,,,,,,,no,,,no,
district,安徽省,六安市,霍山县,0,0,,,,,,,,,no_candidate,,,,,,,,,,,,,,,,,no,,,no,
district,安徽省,六安市,金安区,5,5,4134013344,安徽国防科技职业学院,专科,no,,comparable_ranking,安徽国防科技职业学院 在同榜可比名次上优于 安徽警官职业学院（软科 bcvcr-public-vocational）,strong,resolved_strong,shanghairanking-bcvcr-public-vocational,shanghairanking-bcvcr-public-vocational,shanghairanking-bcvcr-public-vocational,2026,中国高职专科院校排名（总榜）,理工,rankOverall,2026软科高职专科总榜 350,350,https://www.shanghairanking.cn/rankings/bcvcr/2026623,campus,profile_campus,4134012219,安徽警官职业学院,专科,shanghairanking-bcvcr-public-vocational,yes,,安徽国防科技职业学院|安徽警官职业学院,yes,1 leading candidate(s) carry no official list ranking
district,安徽省,六安市,金寨县,1,1,4134014917,六安应用科技职业学院,专科,no,,single_candidate,该行政单元在现行口径下只有 1 个候选，无需比较,policy,resolved_policy,,,,,,,,,,,campus,profile_campus,,,,,no,,六安应用科技职业学院,no,
district,安徽省,六安市,舒城县,0,0,,,,,,,,,no_candidate,,,,,,,,,,,,,,,,,no,,,no,
district,安徽省,六安市,叶集区,0,0,,,,,,,,,no_candidate,,,,,,,,,,,,,,,,,no,,,no,
district,安徽省,六安市,裕安区,2,2,4134010376,皖西学院,本科,no,,level_order,本科层次优先于更低层次候选（项目层次政策）,policy,resolved_policy,shanghairanking-bcur,shanghairanking-bcur,shanghairanking-bcur,2026,中国大学排名（主榜）,,rankOverall,2026软科 417,417,https://www.shanghairanking.cn/rankings/bcur/2026,campus,profile_campus,,,,,no,,皖西学院,no,no comparable second place: the deciding rule set aside the other 1 candidate(s) without leaving anybody on the winner's own scale
district,安徽省,马鞍山市,博望区,0,0,,,,,,,,,no_candidate,,,,,,,,,,,,,,,,,no,,,no,
district,安徽省,马鞍山市,当涂县,1,1,4134013614,马鞍山学院,本科,yes,,single_candidate,该行政单元在现行口径下只有 1 个候选，无需比较,policy,resolved_policy,shanghairanking-bcur-private,shanghairanking-bcur-private,shanghairanking-bcur-private,2026,中国民办高校排名（主榜）,理工,rankOverall,2026软科民办 100+,100+,https://www.shanghairanking.cn/rankings/bcur/202615,campus,profile_campus,,,,,no,,马鞍山学院,no,
district,安徽省,马鞍山市,含山县,1,1,4134010380,巢湖学院,本科,no,,single_candidate,该行政单元在现行口径下只有 1 个候选，无需比较,policy,resolved_policy,shanghairanking-bcur,shanghairanking-bcur,shanghairanking-bcur,2026,中国大学排名（主榜）,,rankOverall,2026软科 479,479,https://www.shanghairanking.cn/rankings/bcur/2026,campus,historical_campus,,,,,no,,巢湖学院,no,
district,安徽省,马鞍山市,和县,2,2,4134014203,皖江工学院,本科,yes,,level_order,本科层次优先于更低层次候选（项目层次政策）,policy,resolved_policy,shanghairanking-bcur-private,shanghairanking-bcur-private,shanghairanking-bcur-private,2026,中国民办高校排名（主榜）,综合,rankOverall,2026软科民办 100+,100+,https://www.shanghairanking.cn/rankings/bcur/202615,campus,historical_campus,,,,,no,,皖江工学院,no,no comparable second place: the deciding rule set aside the other 1 candidate(s) without leaving anybody on the winner's own scale
district,安徽省,马鞍山市,花山区,3,3,4134010360,安徽工业大学,本科,no,,level_order,本科层次优先于更低层次候选（项目层次政策）,policy,resolved_policy,shanghairanking-bcur,shanghairanking-bcur,shanghairanking-bcur,2026,中国大学排名（主榜）,,rankOverall,2026软科 193,193,https://www.shanghairanking.cn/rankings/bcur/2026,campus,profile_campus,,,,,no,,安徽工业大学,no,no comparable second place: the deciding rule set aside the other 2 candidate(s) without leaving anybody on the winner's own scale
district,安徽省,马鞍山市,雨山区,5,5,4134010360,安徽工业大学,本科,no,,public_before_private,同层次同标签下公办优先（按当前项目政策，非排名证据）；候选池先按层次收敛：本科层次优先于更低层次（项目层次政策）,policy,resolved_policy,shanghairanking-bcur,shanghairanking-bcur,shanghairanking-bcur,2026,中国大学排名（主榜）,,rankOverall,2026软科 193,193,https://www.shanghairanking.cn/rankings/bcur/2026,campus,profile_campus,,,,,no,,安徽工业大学,yes,no comparable second place: the deciding rule set aside the other 4 candidate(s) without leaving anybody on the winner's own scale
district,安徽省,宿州市,砀山县,0,0,,,,,,,,,no_candidate,,,,,,,,,,,,,,,,,no,,,no,
district,安徽省,宿州市,灵璧县,1,1,4134014502,皖北卫生职业学院,专科,no,,single_candidate,该行政单元在现行口径下只有 1 个候选，无需比较,policy,resolved_policy,shanghairanking-bcvcr-public-vocational,shanghairanking-bcvcr-public-vocational,shanghairanking-bcvcr-public-vocational,2026,中国高职专科院校排名（总榜）,医药,rankOverall,2026软科高职医药 46+ · 高职专科总榜 500+,500+,https://www.shanghairanking.cn/rankings/bcvcr/2026623,campus,historical_campus,,,,,no,,皖北卫生职业学院,no,
district,安徽省,宿州市,泗县,0,0,,,,,,,,,no_candidate,,,,,,,,,,,,,,,,,no,,,no,
district,安徽省,宿州市,萧县,0,0,,,,,,,,,no_candidate,,,,,,,,,,,,,,,,,no,,,no,
district,安徽省,宿州市,埇桥区,4,4,4134010379,宿州学院,本科,no,,level_order,本科层次优先于更低层次候选（项目层次政策）,policy,resolved_policy,shanghairanking-bcur,shanghairanking-bcur,shanghairanking-bcur,2026,中国大学排名（主榜）,,rankOverall,2026软科 490,490,https://www.shanghairanking.cn/rankings/bcur/2026,campus,profile_campus,,,,,no,,宿州学院,no,no comparable second place: the deciding rule set aside the other 3 candidate(s) without leaving anybody on the winner's own scale
district,安徽省,铜陵市,枞阳县,0,0,,,,,,,,,no_candidate,,,,,,,,,,,,,,,,,no,,,no,
district,安徽省,铜陵市,郊区,0,0,,,,,,,,,no_candidate,,,,,,,,,,,,,,,,,no,,,no,
district,安徽省,铜陵市,铜官区,3,3,4134010383,铜陵学院,本科,no,,level_order,本科层次优先于更低层次候选（项目层次政策）,policy,resolved_policy,shanghairanking-bcur,shanghairanking-bcur,shanghairanking-bcur,2026,中国财经类大学排名,财经,rankOverall,2026软科财经 46+ · 主榜参考 500+,500+,https://www.shanghairanking.cn/rankings/bcur/202622,campus,profile_campus,,,,,no,,铜陵学院,no,no comparable second place: the deciding rule set aside the other 2 candidate(s) without leaving anybody on the winner's own scale
district,安徽省,铜陵市,义安区,0,0,,,,,,,,,no_candidate,,,,,,,,,,,,,,,,,no,,,no,
district,安徽省,芜湖市,繁昌区,0,0,,,,,,,,,no_candidate,,,,,,,,,,,,,,,,,no,,,no,
district,安徽省,芜湖市,镜湖区,2,2,4134010370,安徽师范大学,本科,no,,level_order,本科层次优先于更低层次候选（项目层次政策）,policy,resolved_policy,shanghairanking-bcur,shanghairanking-bcur,shanghairanking-bcur,2026,中国大学排名（主榜）,,rankOverall,2026软科 145,145,https://www.shanghairanking.cn/rankings/bcur/2026,campus,profile_campus,,,,,no,,安徽师范大学,no,no comparable second place: the deciding rule set aside the other 1 candidate(s) without leaving anybody on the winner's own scale
district,安徽省,芜湖市,鸠江区,4,4,4134010370,安徽师范大学,本科,no,,public_before_private,同层次同标签下公办优先（按当前项目政策，非排名证据）,policy,resolved_policy,shanghairanking-bcur,shanghairanking-bcur,shanghairanking-bcur,2026,中国大学排名（主榜）,,rankOverall,2026软科 145,145,https://www.shanghairanking.cn/rankings/bcur/2026,campus,profile_campus,4134010363,安徽工程大学,本科,shanghairanking-bcur,yes,,安徽师范大学|安徽工程大学,yes,
district,安徽省,芜湖市,南陵县,1,1,4134011061,芜湖职业技术大学,本科,no,,single_candidate,该行政单元在现行口径下只有 1 个候选，无需比较,policy,resolved_policy,shanghairanking-bcvcr-public-vocational-undergraduate,shanghairanking-bcvcr-public-vocational-undergraduate,shanghairanking-bcvcr-public-vocational-undergraduate,2026,中国职业本科大学排名,,ranking,2026软科职业本科大学 32,32,https://www.shanghairanking.cn/rankings/bcvcr/2026749,campus,profile_campus,,,,,no,,芜湖职业技术大学,no,
district,安徽省,芜湖市,湾沚区,3,3,4134013613,安徽信息工程学院,本科,yes,,level_order,本科层次优先于更低层次候选（项目层次政策）,policy,resolved_policy,shanghairanking-bcur-private,shanghairanking-bcur-private,shanghairanking-bcur-private,2026,中国民办高校排名（主榜）,理工,rankOverall,2026软科民办 100+,100+,https://www.shanghairanking.cn/rankings/bcur/202615,campus,profile_campus,,,,,no,,安徽信息工程学院,no,no comparable second place: the deciding rule set aside the other 2 candidate(s) without leaving anybody on the winner's own scale
district,安徽省,芜湖市,无为市,0,0,,,,,,,,,no_candidate,,,,,,,,,,,,,,,,,no,,,no,
district,安徽省,芜湖市,弋江区,7,7,4134010370,安徽师范大学,本科,no,,public_before_private,同层次同标签下公办优先（按当前项目政策，非排名证据）；候选池先按层次收敛：本科层次优先于更低层次（项目层次政策）,policy,resolved_policy,shanghairanking-bcur,shanghairanking-bcur,shanghairanking-bcur,2026,中国大学排名（主榜）,,rankOverall,2026软科 145,145,https://www.shanghairanking.cn/rankings/bcur/2026,campus,profile_campus,4134010368,皖南医科大学,本科,shanghairanking-bcur,yes,,安徽师范大学|皖南医科大学,yes,
district,安徽省,宣城市,广德市,0,0,,,,,,,,,no_candidate,,,,,,,,,,,,,,,,,no,,,no,
district,安徽省,宣城市,绩溪县,0,0,,,,,,,,,no_candidate,,,,,,,,,,,,,,,,,no,,,no,
district,安徽省,宣城市,泾县,1,1,4134013061,宣城职业技术学院,专科,no,,single_candidate,该行政单元在现行口径下只有 1 个候选，无需比较,policy,resolved_policy,shanghairanking-bcvcr-public-vocational,shanghairanking-bcvcr-public-vocational,shanghairanking-bcvcr-public-vocational,2026,中国高职专科院校排名（总榜）,理工,rankOverall,2026软科高职理工 230+ · 高职专科总榜 500+,500+,https://www.shanghairanking.cn/rankings/bcvcr/2026623,campus,profile_campus,,,,,no,,宣城职业技术学院,no,
district,安徽省,宣城市,旌德县,0,0,,,,,,,,,no_candidate,,,,,,,,,,,,,,,,,no,,,no,
district,安徽省,宣城市,郎溪县,0,0,,,,,,,,,no_candidate,,,,,,,,,,,,,,,,,no,,,no,
district,安徽省,宣城市,宁国市,0,0,,,,,,,,,no_candidate,,,,,,,,,,,,,,,,,no,,,no,
district,安徽省,宣城市,宣州区,2,2,4134010359,合肥工业大学,本科,no,211|双一流,level_order,本科层次优先于更低层次候选（项目层次政策）,policy,resolved_policy,shanghairanking-bcur,shanghairanking-bcur,shanghairanking-bcur,2026,中国大学排名（主榜）,,rankOverall,2026软科 80,80,https://www.shanghairanking.cn/rankings/bcur/2026,campus,verified_campus,,,,,no,,合肥工业大学,no,no comparable second place: the deciding rule set aside the other 1 candidate(s) without leaving anybody on the winner's own scale
district,澳门特别行政区,澳门特别行政区,大堂区,0,0,,,,,,,,,no_candidate,,,,,,,,,,,,,,,,,no,,,no,
district,澳门特别行政区,澳门特别行政区,风顺堂区,0,0,,,,,,,,,no_candidate,,,,,,,,,,,,,,,,,no,,,no,
district,澳门特别行政区,澳门特别行政区,花地玛堂区,0,0,,,,,,,,,no_candidate,,,,,,,,,,,,,,,,,no,,,no,
district,澳门特别行政区,澳门特别行政区,花王堂区,0,0,,,,,,,,,no_candidate,,,,,,,,,,,,,,,,,no,,,no,
district,澳门特别行政区,澳门特别行政区,嘉模堂区,0,0,,,,,,,,,no_candidate,,,,,,,,,,,,,,,,,no,,,no,
district,澳门特别行政区,澳门特别行政区,路凼填海区,0,0,,,,,,,,,no_candidate,,,,,,,,,,,,,,,,,no,,,no,
district,澳门特别行政区,澳门特别行政区,圣方济各堂区,0,0,,,,,,,,,no_candidate,,,,,,,,,,,,,,,,,no,,,no,
district,澳门特别行政区,澳门特别行政区,望德堂区,0,0,,,,,,,,,no_candidate,,,,,,,,,,,,,,,,,no,,,no,
district,北京市,北京市,昌平区,23,23,4111010001,北京大学,本科,no,985|211|双一流,comparable_ranking,北京大学 在同榜可比名次上优于 北京航空航天大学（软科 bcur）；候选池先按国家标签收敛：985,strong,resolved_strong,shanghairanking-bcur,shanghairanking-bcur,shanghairanking-bcur,2026,中国大学排名（主榜）,,rankOverall,2026软科 2,2,https://www.shanghairanking.cn/rankings/bcur/2026,campus,profile_campus,4111010006,北京航空航天大学,本科,shanghairanking-bcur,yes,,北京大学|北京航空航天大学,no,
district,北京市,北京市,朝阳区,25,25,4111010008,北京科技大学,本科,no,211|双一流,comparable_ranking,北京科技大学 在同榜可比名次上优于 北京化工大学（软科 bcur）；候选池先按国家标签收敛：211,strong,resolved_strong,shanghairanking-bcur,shanghairanking-bcur,shanghairanking-bcur,2026,中国大学排名（主榜）,,rankOverall,2026软科 35,35,https://www.shanghairanking.cn/rankings/bcur/2026,campus,profile_campus,4111010010,北京化工大学,本科,shanghairanking-bcur,yes,,北京科技大学|北京化工大学,no,
district,北京市,北京市,大兴区,10,10,4111010041,中国人民公安大学,本科,no,双一流,prestige_tag,双一流 标签优先于无重点标签（国家官方重点建设名单）,strong,resolved_strong,shanghairanking-bcur,shanghairanking-bcur,shanghairanking-bcur,2026,中国政法类大学排名,政法,rankOverall,2026软科政法 4 · 主榜参考 139,139,https://www.shanghairanking.cn/rankings/bcur/202625,campus,profile_campus,4111010016,北京建筑大学,本科,shanghairanking-bcur,yes,,中国人民公安大学|北京建筑大学,no,
district,北京市,北京市,东城区,6,6,4111010002,中国人民大学,本科,no,985|211|双一流,prestige_tag,985 标签优先于双一流（国家官方重点建设名单）,strong,resolved_strong,shanghairanking-bcur,shanghairanking-bcur,shanghairanking-bcur,2026,中国大学排名（主榜）,,rankOverall,2026软科 17,17,https://www.shanghairanking.cn/rankings/bcur/2026,campus,verified_campus,4111010023,北京协和医学院,本科,shanghairanking-bcur,yes,,中国人民大学|北京协和医学院,no,"runner-up 北京协和医学院 holds the better position on the shared comparison scale (14 vs 17); this unit was decided by prestige_tag, not by that comparison"
district,北京市,北京市,房山区,10,10,4111010007,北京理工大学,本科,no,985|211|双一流,prestige_tag,985 标签优先于211（国家官方重点建设名单）,strong,resolved_strong,shanghairanking-bcur,shanghairanking-bcur,shanghairanking-bcur,2026,中国大学排名（主榜）,,rankOverall,2026软科 14,14,https://www.shanghairanking.cn/rankings/bcur/2026,campus,profile_campus,4111010026,北京中医药大学,本科,shanghairanking-bcur,yes,,北京理工大学|北京中医药大学,no,
district,北京市,北京市,丰台区,9,9,4111010052,中央民族大学,本科,no,985|211|双一流,prestige_tag,985 标签优先于无重点标签（国家官方重点建设名单）,strong,resolved_strong,shanghairanking-bcur,shanghairanking-bcur,shanghairanking-bcur,2026,中国民族类大学排名,民族,rankOverall,2026软科民族 1 · 主榜参考 79,79,https://www.shanghairanking.cn/rankings/bcur/202624,campus,profile_campus,4111010025,首都医科大学,本科,shanghairanking-bcur,yes,,中央民族大学|首都医科大学,no,"runner-up 首都医科大学 holds the better position on the shared comparison scale (37 vs 79); this unit was decided by prestige_tag, not by that comparison"
district,北京市,北京市,海淀区,36,36,4111010003,清华大学,本科,no,985|211|双一流,comparable_ranking,清华大学 在同榜可比名次上优于 北京大学（软科 bcur）；候选池先按国家标签收敛：985,strong,resolved_strong,shanghairanking-bcur,shanghairanking-bcur,shanghairanking-bcur,2026,中国大学排名（主榜）,,rankOverall,2026软科 1,1,https://www.shanghairanking.cn/rankings/bcur/2026,campus,profile_campus,4111010001,北京大学,本科,shanghairanking-bcur,yes,,清华大学|北京大学,no,
district,北京市,北京市,怀柔区,3,3,4111014430,中国科学院大学,本科,no,双一流,prestige_tag,双一流 标签优先于无重点标签（国家官方重点建设名单）,strong,resolved_strong,,,,,,,,,,,campus,profile_campus,,,,,no,,中国科学院大学,no,no comparable second place: the deciding rule set aside the other 2 candidate(s) without leaving anybody on the winner's own scale
district,北京市,北京市,门头沟区,0,0,,,,,,,,,no_candidate,,,,,,,,,,,,,,,,,no,,,no,
district,北京市,北京市,密云区,1,1,4111010038,首都经济贸易大学,本科,no,,single_candidate,该行政单元在现行口径下只有 1 个候选，无需比较,policy,resolved_policy,shanghairanking-bcur,shanghairanking-bcur,shanghairanking-bcur,2026,中国财经类大学排名,财经,rankOverall,2026软科财经 9 · 主榜参考 113,113,https://www.shanghairanking.cn/rankings/bcur/202622,campus,historical_campus,,,,,no,,首都经济贸易大学,no,
district,北京市,北京市,平谷区,1,1,4111011626,北京青年政治学院,专科,no,,single_candidate,该行政单元在现行口径下只有 1 个候选，无需比较,policy,resolved_policy,shanghairanking-bcvcr-public-vocational,shanghairanking-bcvcr-public-vocational,shanghairanking-bcvcr-public-vocational,2026,中国高职专科院校排名（总榜）,师范,rankOverall,2026软科高职专科总榜 232,232,https://www.shanghairanking.cn/rankings/bcvcr/2026623,campus,profile_campus,,,,,no,,北京青年政治学院,no,
district,北京市,北京市,石景山区,4,4,4111014430,中国科学院大学,本科,no,双一流,prestige_tag,双一流 标签优先于无重点标签（国家官方重点建设名单）,strong,resolved_strong,,,,,,,,,,,campus,profile_campus,,,,,no,,中国科学院大学,no,no comparable second place: the deciding rule set aside the other 3 candidate(s) without leaving anybody on the winner's own scale
district,北京市,北京市,顺义区,4,4,4111010047,中央美术学院,本科,no,双一流,prestige_tag,双一流 标签优先于无重点标签（国家官方重点建设名单）,strong,resolved_strong,,,,,,,,,,,campus,profile_campus,,,,,no,,中央美术学院,no,no comparable second place: the deciding rule set aside the other 3 candidate(s) without leaving anybody on the winner's own scale
district,北京市,北京市,通州区,10,10,4111010002,中国人民大学,本科,no,985|211|双一流,prestige_tag,985 标签优先于211（国家官方重点建设名单）,strong,resolved_strong,shanghairanking-bcur,shanghairanking-bcur,shanghairanking-bcur,2026,中国大学排名（主榜）,,rankOverall,2026软科 17,17,https://www.shanghairanking.cn/rankings/bcur/2026,campus,verified_campus,4111010005,北京工业大学,本科,shanghairanking-bcur,yes,,中国人民大学|北京工业大学,no,
district,北京市,北京市,西城区,5,5,4111010027,北京师范大学,本科,no,985|211|双一流,prestige_tag,985 标签优先于双一流（国家官方重点建设名单）,strong,resolved_strong,shanghairanking-bcur,shanghairanking-bcur,shanghairanking-bcur,2026,中国大学排名（主榜）,,rankOverall,2026软科 19,19,https://www.shanghairanking.cn/rankings/bcur/2026,campus,historical_campus,4111010040,外交学院,本科,shanghairanking-bcur,yes,,北京师范大学|外交学院,no,
district,北京市,北京市,延庆区,3,3,4111010031,北京第二外国语学院,本科,no,,public_before_private,同层次同标签下公办优先（按当前项目政策，非排名证据）；候选池先按层次收敛：本科层次优先于更低层次（项目层次政策）,policy,resolved_policy,shanghairanking-bcur,shanghairanking-bcur,shanghairanking-bcur,2026,中国语言类大学排名,语言,rankOverall,2026软科语言 7 · 主榜参考 213,213,https://www.shanghairanking.cn/rankings/bcur/202623,campus,historical_campus,,,,,no,,北京第二外国语学院,yes,no comparable second place: the deciding rule set aside the other 2 candidate(s) without leaving anybody on the winner's own scale
district,重庆市,重庆市,巴南区,9,9,4150011660,重庆理工大学,本科,no,,public_before_private,同层次同标签下公办优先（按当前项目政策，非排名证据）；候选池先按层次收敛：本科层次优先于更低层次（项目层次政策）,policy,resolved_policy,shanghairanking-bcur,shanghairanking-bcur,shanghairanking-bcur,2026,中国大学排名（主榜）,,rankOverall,2026软科 243,243,https://www.shanghairanking.cn/rankings/bcur/2026,campus,profile_campus,,,,,no,,重庆理工大学,yes,no comparable second place: the deciding rule set aside the other 8 candidate(s) without leaving anybody on the winner's own scale
district,重庆市,重庆市,北碚区,4,4,4150010635,西南大学,本科,no,211|双一流,prestige_tag,211 标签优先于无重点标签（国家官方重点建设名单）,strong,resolved_strong,shanghairanking-bcur,shanghairanking-bcur,shanghairanking-bcur,2026,中国大学排名（主榜）,,rankOverall,2026软科 61,61,https://www.shanghairanking.cn/rankings/bcur/2026,campus,profile_campus,4150010637,重庆师范大学,本科,shanghairanking-bcur,yes,,西南大学|重庆师范大学,no,
district,重庆市,重庆市,璧山区,4,4,4150014830,重庆中医药学院,本科,no,,public_before_private,同层次同标签下公办优先（按当前项目政策，非排名证据）；候选池先按层次收敛：本科层次优先于更低层次（项目层次政策）,policy,resolved_policy,,,,,,,,,,,campus,profile_campus,,,,,no,,重庆中医药学院,yes,no comparable second place: the deciding rule set aside the other 3 candidate(s) without leaving anybody on the winner's own scale
district,重庆市,重庆市,城口县,0,0,,,,,,,,,no_candidate,,,,,,,,,,,,,,,,,no,,,no,
district,重庆市,重庆市,大渡口区,0,0,,,,,,,,,no_candidate,,,,,,,,,,,,,,,,,no,,,no,
district,重庆市,重庆市,大足区,5,5,4150012608,重庆工程学院,本科,yes,,level_order,本科层次优先于更低层次候选（项目层次政策）,policy,resolved_policy,shanghairanking-bcur-private,shanghairanking-bcur-private,shanghairanking-bcur-private,2026,中国民办高校排名（主榜）,理工,rankOverall,2026软科民办 100+,100+,https://www.shanghairanking.cn/rankings/bcur/202615,campus,profile_campus,,,,,no,,重庆工程学院,no,no comparable second place: the deciding rule set aside the other 4 candidate(s) without leaving anybody on the winner's own scale
district,重庆市,重庆市,垫江县,0,0,,,,,,,,,no_candidate,,,,,,,,,,,,,,,,,no,,,no,
district,重庆市,重庆市,丰都县,0,0,,,,,,,,,no_candidate,,,,,,,,,,,,,,,,,no,,,no,
district,重庆市,重庆市,奉节县,0,0,,,,,,,,,no_candidate,,,,,,,,,,,,,,,,,no,,,no,
district,重庆市,重庆市,涪陵区,3,3,4150010647,长江师范学院,本科,no,,level_order,本科层次优先于更低层次候选（项目层次政策）,policy,resolved_policy,shanghairanking-bcur,shanghairanking-bcur,shanghairanking-bcur,2026,中国大学排名（主榜）,,rankOverall,2026软科 345,345,https://www.shanghairanking.cn/rankings/bcur/2026,campus,profile_campus,,,,,no,,长江师范学院,no,no comparable second place: the deciding rule set aside the other 2 candidate(s) without leaving anybody on the winner's own scale
district,重庆市,重庆市,合川区,6,6,4150013548,重庆人文科技学院,本科,yes,,comparable_ranking,重庆人文科技学院 在同榜可比名次上优于 重庆对外经贸学院（软科 bcur-private）；候选池先按层次收敛：本科层次优先于更低层次（项目层次政策）,strong,resolved_strong,shanghairanking-bcur-private,shanghairanking-bcur-private,shanghairanking-bcur-private,2026,中国民办高校排名（主榜）,,ranking,2026软科民办 10,10,https://www.shanghairanking.cn/rankings/bcur/202615,campus,profile_campus,4150013589,重庆对外经贸学院,本科,shanghairanking-bcur-private,yes,,重庆人文科技学院|重庆对外经贸学院,yes,1 leading candidate(s) carry no official list ranking
district,重庆市,重庆市,江北区,3,3,4150011799,重庆工商大学,本科,no,,level_order,本科层次优先于更低层次候选（项目层次政策）,policy,resolved_policy,shanghairanking-bcur,shanghairanking-bcur,shanghairanking-bcur,2026,中国财经类大学排名,财经,rankOverall,2026软科财经 20 · 主榜参考 232,232,https://www.shanghairanking.cn/rankings/bcur/202622,campus,profile_campus,,,,,no,,重庆工商大学,no,no comparable second place: the deciding rule set aside the other 2 candidate(s) without leaving anybody on the winner's own scale
district,重庆市,重庆市,江津区,7,7,4150010618,重庆交通大学,本科,no,,cross_group_scale_policy,重庆交通大学 取自主榜序列；其余候选分属不同榜单体系，名次不可直接比较，按当前项目政策以主榜序列为先；候选池先按层次收敛：本科层次优先于更低层次（项目层次政策）,policy,resolved_policy,shanghairanking-bcur,shanghairanking-bcur,shanghairanking-bcur,2026,中国大学排名（主榜）,,rankOverall,2026软科 191,191,https://www.shanghairanking.cn/rankings/bcur/2026,campus,profile_campus,,,,,no,,重庆交通大学,no,no comparable second place: the deciding rule set aside the other 6 candidate(s) without leaving anybody on the winner's own scale
district,重庆市,重庆市,九龙坡区,6,6,4150011660,重庆理工大学,本科,no,,single_ranked_candidate,重庆理工大学 是当前候选里唯一被官方榜单覆盖的学校（软科 bcur）；候选池先按层次收敛：本科层次优先于更低层次（项目层次政策）,policy,resolved_policy,shanghairanking-bcur,shanghairanking-bcur,shanghairanking-bcur,2026,中国大学排名（主榜）,,rankOverall,2026软科 243,243,https://www.shanghairanking.cn/rankings/bcur/2026,campus,profile_campus,,,,,no,,重庆理工大学,yes,1 leading candidate(s) carry no official list ranking; no comparable second place: the deciding rule set aside the other 5 candidate(s) without leaving anybody on the winner's own scale
district,重庆市,重庆市,开州区,0,0,,,,,,,,,no_candidate,,,,,,,,,,,,,,,,,no,,,no,
district,重庆市,重庆市,梁平区,0,0,,,,,,,,,no_candidate,,,,,,,,,,,,,,,,,no,,,no,
district,重庆市,重庆市,南岸区,6,6,4150010617,重庆邮电大学,本科,no,,comparable_ranking,重庆邮电大学 在同榜可比名次上优于 重庆交通大学（软科 bcur）；候选池先按层次收敛：本科层次优先于更低层次（项目层次政策）,strong,resolved_strong,shanghairanking-bcur,shanghairanking-bcur,shanghairanking-bcur,2026,中国大学排名（主榜）,,rankOverall,2026软科 147,147,https://www.shanghairanking.cn/rankings/bcur/2026,campus,profile_campus,4150010618,重庆交通大学,本科,shanghairanking-bcur,yes,,重庆邮电大学|重庆交通大学,no,
district,重庆市,重庆市,南川区,1,1,4150012215,重庆工业职业技术大学,本科,no,,single_candidate,该行政单元在现行口径下只有 1 个候选，无需比较,policy,resolved_policy,shanghairanking-bcvcr-public-vocational-undergraduate,shanghairanking-bcvcr-public-vocational-undergraduate,shanghairanking-bcvcr-public-vocational-undergraduate,2026,中国职业本科大学排名,,ranking,2026软科职业本科大学 9,9,https://www.shanghairanking.cn/rankings/bcvcr/2026749,campus,profile_campus,,,,,no,,重庆工业职业技术大学,no,
district,重庆市,重庆市,彭水苗族土家族自治县,0,0,,,,,,,,,no_candidate,,,,,,,,,,,,,,,,,no,,,no,
district,重庆市,重庆市,綦江区,3,3,4150013627,重庆移通学院,本科,yes,,comparable_ranking,重庆移通学院 在同榜可比名次上优于 重庆外语外事学院（软科 bcur-private）；候选池先按层次收敛：本科层次优先于更低层次（项目层次政策）,strong,resolved_strong,shanghairanking-bcur-private,shanghairanking-bcur-private,shanghairanking-bcur-private,2026,中国民办高校排名（主榜）,,ranking,2026软科民办 77,77,https://www.shanghairanking.cn/rankings/bcur/202615,campus,profile_campus,4150013588,重庆外语外事学院,本科,shanghairanking-bcur-private,yes,,重庆移通学院|重庆外语外事学院,no,
district,重庆市,重庆市,黔江区,2,2,4150014316,重庆旅游职业学院,专科,no,,public_before_private,同层次同标签下公办优先（按当前项目政策，非排名证据）,policy,resolved_policy,shanghairanking-bcvcr-public-vocational,shanghairanking-bcvcr-public-vocational,shanghairanking-bcvcr-public-vocational,2026,中国高职专科院校排名（总榜）,财经,rankOverall,2026软科高职财经 56+ · 高职专科总榜 500+,500+,https://www.shanghairanking.cn/rankings/bcvcr/2026623,campus,profile_campus,,,,,no,,重庆旅游职业学院,yes,no comparable second place: the deciding rule set aside the other 1 candidate(s) without leaving anybody on the winner's own scale
district,重庆市,重庆市,荣昌区,2,2,4150010635,西南大学,本科,no,211|双一流,prestige_tag,211 标签优先于无重点标签（国家官方重点建设名单）,strong,resolved_strong,shanghairanking-bcur,shanghairanking-bcur,shanghairanking-bcur,2026,中国大学排名（主榜）,,rankOverall,2026软科 61,61,https://www.shanghairanking.cn/rankings/bcur/2026,campus,profile_campus,,,,,no,,西南大学,no,no comparable second place: the deciding rule set aside the other 1 candidate(s) without leaving anybody on the winner's own scale
district,重庆市,重庆市,沙坪坝区,14,14,4150010611,重庆大学,本科,no,985|211|双一流,prestige_tag,985 标签优先于无重点标签（国家官方重点建设名单）,strong,resolved_strong,shanghairanking-bcur,shanghairanking-bcur,shanghairanking-bcur,2026,中国大学排名（主榜）,,rankOverall,2026软科 34,34,https://www.shanghairanking.cn/rankings/bcur/2026,campus,profile_campus,4150010631,重庆医科大学,本科,shanghairanking-bcur,yes,,重庆大学|重庆医科大学,no,
district,重庆市,重庆市,石柱土家族自治县,0,0,,,,,,,,,no_candidate,,,,,,,,,,,,,,,,,no,,,no,
district,重庆市,重庆市,铜梁区,3,3,4150013589,重庆对外经贸学院,本科,yes,,level_order,本科层次优先于更低层次候选（项目层次政策）,policy,resolved_policy,shanghairanking-bcur-private,shanghairanking-bcur-private,shanghairanking-bcur-private,2026,中国民办财经类高校排名,财经,rankOverall,2026软科民办 22,63,https://www.shanghairanking.cn/rankings/bcur/202616,campus,profile_campus,,,,,no,,重庆对外经贸学院,no,no comparable second place: the deciding rule set aside the other 2 candidate(s) without leaving anybody on the winner's own scale
district,重庆市,重庆市,潼南区,1,1,4150011848,重庆电力高等专科学校,专科,no,,single_candidate,该行政单元在现行口径下只有 1 个候选，无需比较,policy,resolved_policy,shanghairanking-bcvcr-public-vocational,shanghairanking-bcvcr-public-vocational,shanghairanking-bcvcr-public-vocational,2026,中国高职专科院校排名（总榜）,理工,rankOverall,2026软科高职专科总榜 156,156,https://www.shanghairanking.cn/rankings/bcvcr/2026623,campus,profile_campus,,,,,no,,重庆电力高等专科学校,no,
district,重庆市,重庆市,万州区,7,7,4150010643,重庆三峡科技大学,本科,no,,level_order,本科层次优先于更低层次候选（项目层次政策）,policy,resolved_policy,shanghairanking-bcur,shanghairanking-bcur,shanghairanking-bcur,2026,中国大学排名（主榜）,,rankOverall,2026软科 380,380,https://www.shanghairanking.cn/rankings/bcur/2026,campus,profile_campus,,,,,no,,重庆三峡科技大学,no,no comparable second place: the deciding rule set aside the other 6 candidate(s) without leaving anybody on the winner's own scale
district,重庆市,重庆市,巫山县,0,0,,,,,,,,,no_candidate,,,,,,,,,,,,,,,,,no,,,no,
district,重庆市,重庆市,巫溪县,0,0,,,,,,,,,no_candidate,,,,,,,,,,,,,,,,,no,,,no,
district,重庆市,重庆市,武隆区,0,0,,,,,,,,,no_candidate,,,,,,,,,,,,,,,,,no,,,no,
district,重庆市,重庆市,秀山土家族苗族自治县,0,0,,,,,,,,,no_candidate,,,,,,,,,,,,,,,,,no,,,no,
district,重庆市,重庆市,永川区,10,10,4150010642,重庆文理学院,本科,no,,public_before_private,同层次同标签下公办优先（按当前项目政策，非排名证据）；候选池先按层次收敛：本科层次优先于更低层次（项目层次政策）,policy,resolved_policy,shanghairanking-bcur,shanghairanking-bcur,shanghairanking-bcur,2026,中国大学排名（主榜）,,rankOverall,2026软科 307,307,https://www.shanghairanking.cn/rankings/bcur/2026,campus,profile_campus,,,,,no,,重庆文理学院,yes,no comparable second place: the deciding rule set aside the other 9 candidate(s) without leaving anybody on the winner's own scale
district,重庆市,重庆市,酉阳土家族苗族自治县,0,0,,,,,,,,,no_candidate,,,,,,,,,,,,,,,,,no,,,no,
district,重庆市,重庆市,渝北区,9,9,4150010611,重庆大学,本科,no,985|211|双一流,prestige_tag,985 标签优先于211（国家官方重点建设名单）,strong,resolved_strong,shanghairanking-bcur,shanghairanking-bcur,shanghairanking-bcur,2026,中国大学排名（主榜）,,rankOverall,2026软科 34,34,https://www.shanghairanking.cn/rankings/bcur/2026,campus,profile_campus,4150010635,西南大学,本科,shanghairanking-bcur,yes,,重庆大学|西南大学,no,
district,重庆市,重庆市,渝中区,2,2,4150010631,重庆医科大学,本科,no,,level_order,本科层次优先于更低层次候选（项目层次政策）,policy,resolved_policy,shanghairanking-bcur,shanghairanking-bcur,shanghairanking-bcur,2026,中国医药类大学排名,医药,rankOverall,2026软科医药 9 · 主榜参考 81,81,https://www.shanghairanking.cn/rankings/bcur/202621,campus,profile_campus,,,,,no,,重庆医科大学,no,no comparable second place: the deciding rule set aside the other 1 candidate(s) without leaving anybody on the winner's own scale
district,重庆市,重庆市,云阳县,2,2,4150014428,重庆幼儿师范高等专科学校,专科,no,,single_ranked_candidate,重庆幼儿师范高等专科学校 是当前候选里唯一被官方榜单覆盖的学校（软科 bcvcr-public-vocational）,policy,resolved_policy,shanghairanking-bcvcr-public-vocational,shanghairanking-bcvcr-public-vocational,shanghairanking-bcvcr-public-vocational,2026,中国高职专科院校排名（总榜）,师范,rankOverall,2026软科高职专科总榜 418,418,https://www.shanghairanking.cn/rankings/bcvcr/2026623,campus,profile_campus,,,,,no,,重庆幼儿师范高等专科学校,yes,1 leading candidate(s) carry no official list ranking; no comparable second place: the deciding rule set aside the other 1 candidate(s) without leaving anybody on the winner's own scale
district,重庆市,重庆市,长寿区,2,2,4150014315,重庆化工职业学院,专科,no,,comparable_ranking,重庆化工职业学院 在同榜可比名次上优于 重庆工信职业学院（软科 bcvcr-public-vocational）,strong,resolved_strong,shanghairanking-bcvcr-public-vocational,shanghairanking-bcvcr-public-vocational,shanghairanking-bcvcr-public-vocational,2026,中国高职专科院校排名（总榜）,理工,rankOverall,2026软科高职专科总榜 285,285,https://www.shanghairanking.cn/rankings/bcvcr/2026623,campus,profile_campus,4150014766,重庆工信职业学院,专科,shanghairanking-bcvcr-public-vocational,yes,,重庆化工职业学院|重庆工信职业学院,no,
district,重庆市,重庆市,忠县,1,1,4150014838,重庆数字产业职业技术学院,专科,yes,,single_candidate,该行政单元在现行口径下只有 1 个候选，无需比较,policy,resolved_policy,,,,,,,,,,,campus,profile_campus,,,,,no,,重庆数字产业职业技术学院,no,
district,福建省,福州市,仓山区,13,13,4135010394,福建师范大学,本科,no,,comparable_ranking,福建师范大学 在同榜可比名次上优于 福建农林大学（软科 bcur）；候选池先按层次收敛：本科层次优先于更低层次（项目层次政策）,strong,resolved_strong,shanghairanking-bcur,shanghairanking-bcur,shanghairanking-bcur,2026,中国大学排名（主榜）,,rankOverall,2026软科 90,90,https://www.shanghairanking.cn/rankings/bcur/2026,campus,profile_campus,4135010389,福建农林大学,本科,shanghairanking-bcur,yes,,福建师范大学|福建农林大学,yes,1 leading candidate(s) carry no official list ranking
district,福建省,福州市,福清市,3,3,4135014683,福建技术师范学院,本科,no,,level_order,本科层次优先于更低层次候选（项目层次政策）,policy,resolved_policy,shanghairanking-bcur,shanghairanking-bcur,shanghairanking-bcur,2026,中国大学排名（主榜）,,rankOverall,2026软科 477,477,https://www.shanghairanking.cn/rankings/bcur/2026,campus,profile_campus,,,,,no,,福建技术师范学院,no,no comparable second place: the deciding rule set aside the other 2 candidate(s) without leaving anybody on the winner's own scale
district,福建省,福州市,鼓楼区,13,13,4135010386,福州大学,本科,no,211|双一流,prestige_tag,211 标签优先于无重点标签（国家官方重点建设名单）,strong,resolved_strong,shanghairanking-bcur,shanghairanking-bcur,shanghairanking-bcur,2026,中国大学排名（主榜）,,rankOverall,2026软科 77,77,https://www.shanghairanking.cn/rankings/bcur/2026,campus,profile_campus,4135010393,福建中医药大学,本科,shanghairanking-bcur,yes,,福州大学|福建中医药大学,no,
district,福建省,福州市,晋安区,3,3,4135010388,福建理工大学,本科,no,,level_order,本科层次优先于更低层次候选（项目层次政策）,policy,resolved_policy,shanghairanking-bcur,shanghairanking-bcur,shanghairanking-bcur,2026,中国大学排名（主榜）,,rankOverall,2026软科 275,275,https://www.shanghairanking.cn/rankings/bcur/2026,campus,profile_campus,,,,,no,,福建理工大学,no,no comparable second place: the deciding rule set aside the other 2 candidate(s) without leaving anybody on the winner's own scale
district,福建省,福州市,连江县,2,2,4135011313,福建商学院,本科,no,,public_before_private,同层次同标签下公办优先（按当前项目政策，非排名证据）,policy,resolved_policy,shanghairanking-bcur,shanghairanking-bcur,shanghairanking-bcur,2026,中国财经类大学排名,财经,rankOverall,2026软科财经 46+ · 主榜参考 500+,500+,https://www.shanghairanking.cn/rankings/bcur/202622,campus,profile_campus,,,,,no,,福建商学院,yes,no comparable second place: the deciding rule set aside the other 1 candidate(s) without leaving anybody on the winner's own scale
district,福建省,福州市,罗源县,1,1,4135011502,福州职业技术大学,本科,no,,single_candidate,该行政单元在现行口径下只有 1 个候选，无需比较,policy,resolved_policy,shanghairanking-bcvcr-public-vocational-undergraduate,shanghairanking-bcvcr-public-vocational-undergraduate,shanghairanking-bcvcr-public-vocational-undergraduate,2026,中国职业本科大学排名,,ranking,2026软科职业本科大学 66,66,https://www.shanghairanking.cn/rankings/bcvcr/2026749,campus,profile_campus,,,,,no,,福州职业技术大学,no,
district,福建省,福州市,马尾区,3,3,4135011313,福建商学院,本科,no,,public_before_private,同层次同标签下公办优先（按当前项目政策，非排名证据）,policy,resolved_policy,shanghairanking-bcur,shanghairanking-bcur,shanghairanking-bcur,2026,中国财经类大学排名,财经,rankOverall,2026软科财经 46+ · 主榜参考 500+,500+,https://www.shanghairanking.cn/rankings/bcur/202622,campus,profile_campus,,,,,no,,福建商学院,yes,no comparable second place: the deciding rule set aside the other 2 candidate(s) without leaving anybody on the winner's own scale
district,福建省,福州市,闽侯县,18,18,4135010386,福州大学,本科,no,211|双一流,prestige_tag,211 标签优先于无重点标签（国家官方重点建设名单）,strong,resolved_strong,shanghairanking-bcur,shanghairanking-bcur,shanghairanking-bcur,2026,中国大学排名（主榜）,,rankOverall,2026软科 77,77,https://www.shanghairanking.cn/rankings/bcur/2026,campus,profile_campus,4135010394,福建师范大学,本科,shanghairanking-bcur,yes,,福州大学|福建师范大学,no,
district,福建省,福州市,闽清县,0,0,,,,,,,,,no_candidate,,,,,,,,,,,,,,,,,no,,,no,
district,福建省,福州市,平潭县,1,1,4135012626,福建信息职业技术学院,专科,no,,single_candidate,该行政单元在现行口径下只有 1 个候选，无需比较,policy,resolved_policy,shanghairanking-bcvcr-public-vocational,shanghairanking-bcvcr-public-vocational,shanghairanking-bcvcr-public-vocational,2026,中国高职专科院校排名（总榜）,理工,rankOverall,2026软科高职专科总榜 20,20,https://www.shanghairanking.cn/rankings/bcvcr/2026623,campus,profile_campus,,,,,no,,福建信息职业技术学院,no,
district,福建省,福州市,台江区,1,1,4135010392,福建医科大学,本科,no,,single_candidate,该行政单元在现行口径下只有 1 个候选，无需比较,policy,resolved_policy,shanghairanking-bcur,shanghairanking-bcur,shanghairanking-bcur,2026,中国医药类大学排名,医药,rankOverall,2026软科医药 15 · 主榜参考 126,126,https://www.shanghairanking.cn/rankings/bcur/202621,campus,profile_campus,,,,,no,,福建医科大学,no,
district,福建省,福州市,永泰县,1,1,4135012993,福州工商学院,本科,yes,,single_candidate,该行政单元在现行口径下只有 1 个候选，无需比较,policy,resolved_policy,shanghairanking-bcur-private,shanghairanking-bcur-private,shanghairanking-bcur-private,2026,中国民办高校排名（主榜）,理工,rankOverall,2026软科民办 100+,100+,https://www.shanghairanking.cn/rankings/bcur/202615,campus,historical_campus,,,,,no,,福州工商学院,no,
district,福建省,福州市,长乐区,4,4,4135011502,福州职业技术大学,本科,no,,public_before_private,同层次同标签下公办优先（按当前项目政策，非排名证据）；候选池先按层次收敛：本科层次优先于更低层次（项目层次政策）,policy,resolved_policy,shanghairanking-bcvcr-public-vocational-undergraduate,shanghairanking-bcvcr-public-vocational-undergraduate,shanghairanking-bcvcr-public-vocational-undergraduate,2026,中国职业本科大学排名,,ranking,2026软科职业本科大学 66,66,https://www.shanghairanking.cn/rankings/bcvcr/2026749,campus,profile_campus,,,,,no,,福州职业技术大学,yes,no comparable second place: the deciding rule set aside the other 3 candidate(s) without leaving anybody on the winner's own scale
district,福建省,龙岩市,连城县,0,0,,,,,,,,,no_candidate,,,,,,,,,,,,,,,,,no,,,no,
district,福建省,龙岩市,上杭县,1,1,4135011315,闽西职业技术学院,专科,no,,single_candidate,该行政单元在现行口径下只有 1 个候选，无需比较,policy,resolved_policy,shanghairanking-bcvcr-public-vocational,shanghairanking-bcvcr-public-vocational,shanghairanking-bcvcr-public-vocational,2026,中国高职专科院校排名（总榜）,综合,rankOverall,2026软科高职专科总榜 337,337,https://www.shanghairanking.cn/rankings/bcvcr/2026623,campus,historical_campus,,,,,no,,闽西职业技术学院,no,
district,福建省,龙岩市,武平县,0,0,,,,,,,,,no_candidate,,,,,,,,,,,,,,,,,no,,,no,
district,福建省,龙岩市,新罗区,2,2,4135011312,龙岩学院,本科,no,,level_order,本科层次优先于更低层次候选（项目层次政策）,policy,resolved_policy,shanghairanking-bcur,shanghairanking-bcur,shanghairanking-bcur,2026,中国大学排名（主榜）,,rankOverall,2026软科 398,398,https://www.shanghairanking.cn/rankings/bcur/2026,campus,profile_campus,,,,,no,,龙岩学院,no,no comparable second place: the deciding rule set aside the other 1 candidate(s) without leaving anybody on the winner's own scale
district,福建省,龙岩市,永定区,0,0,,,,,,,,,no_candidate,,,,,,,,,,,,,,,,,no,,,no,
district,福建省,龙岩市,漳平市,0,0,,,,,,,,,no_candidate,,,,,,,,,,,,,,,,,no,,,no,
district,福建省,龙岩市,长汀县,1,1,4135011315,闽西职业技术学院,专科,no,,single_candidate,该行政单元在现行口径下只有 1 个候选，无需比较,policy,resolved_policy,shanghairanking-bcvcr-public-vocational,shanghairanking-bcvcr-public-vocational,shanghairanking-bcvcr-public-vocational,2026,中国高职专科院校排名（总榜）,综合,rankOverall,2026软科高职专科总榜 337,337,https://www.shanghairanking.cn/rankings/bcvcr/2026623,campus,profile_campus,,,,,no,,闽西职业技术学院,no,
district,福建省,南平市,光泽县,0,0,,,,,,,,,no_candidate,,,,,,,,,,,,,,,,,no,,,no,
district,福建省,南平市,建瓯市,1,1,4135014116,武夷山职业学院,专科,yes,,single_candidate,该行政单元在现行口径下只有 1 个候选，无需比较,policy,resolved_policy,shanghairanking-bcvcr-private-vocational,shanghairanking-bcvcr-private-vocational,shanghairanking-bcvcr-private-vocational,2026,民办高职专科院校排名,,ranking,2026软科民办高职专科 100+,100+,https://www.shanghairanking.cn/rankings/bcvcr/2026633,campus,profile_campus,,,,,no,,武夷山职业学院,no,
district,福建省,南平市,建阳区,1,1,4135010866,福建船政交通职业学院,专科,no,,single_candidate,该行政单元在现行口径下只有 1 个候选，无需比较,policy,resolved_policy,shanghairanking-bcvcr-public-vocational,shanghairanking-bcvcr-public-vocational,shanghairanking-bcvcr-public-vocational,2026,中国高职专科院校排名（总榜）,理工,rankOverall,2026软科高职专科总榜 13,13,https://www.shanghairanking.cn/rankings/bcvcr/2026623,campus,profile_campus,,,,,no,,福建船政交通职业学院,no,
district,福建省,南平市,浦城县,0,0,,,,,,,,,no_candidate,,,,,,,,,,,,,,,,,no,,,no,
district,福建省,南平市,邵武市,0,0,,,,,,,,,no_candidate,,,,,,,,,,,,,,,,,no,,,no,
district,福建省,南平市,顺昌县,0,0,,,,,,,,,no_candidate,,,,,,,,,,,,,,,,,no,,,no,
district,福建省,南平市,松溪县,0,0,,,,,,,,,no_candidate,,,,,,,,,,,,,,,,,no,,,no,
district,福建省,南平市,武夷山市,2,2,4135010397,武夷学院,本科,no,,level_order,本科层次优先于更低层次候选（项目层次政策）,policy,resolved_policy,shanghairanking-bcur,shanghairanking-bcur,shanghairanking-bcur,2026,中国大学排名（主榜）,,rankOverall,2026软科 426,426,https://www.shanghairanking.cn/rankings/bcur/2026,campus,profile_campus,,,,,no,,武夷学院,no,no comparable second place: the deciding rule set aside the other 1 candidate(s) without leaving anybody on the winner's own scale
district,福建省,南平市,延平区,2,2,4135012625,福建林业职业技术学院,专科,no,,comparable_ranking,福建林业职业技术学院 在同榜可比名次上优于 闽北职业技术学院（软科 bcvcr-public-vocational）,strong,resolved_strong,shanghairanking-bcvcr-public-vocational,shanghairanking-bcvcr-public-vocational,shanghairanking-bcvcr-public-vocational,2026,中国高职专科院校排名（总榜）,农林,rankOverall,2026软科高职专科总榜 241,241,https://www.shanghairanking.cn/rankings/bcvcr/2026623,campus,profile_campus,4135013764,闽北职业技术学院,专科,shanghairanking-bcvcr-public-vocational,yes,,福建林业职业技术学院|闽北职业技术学院,no,
district,福建省,南平市,政和县,0,0,,,,,,,,,no_candidate,,,,,,,,,,,,,,,,,no,,,no,
district,福建省,宁德市,福安市,1,1,4135013977,宁德职业技术学院,专科,no,,single_candidate,该行政单元在现行口径下只有 1 个候选，无需比较,policy,resolved_policy,shanghairanking-bcvcr-public-vocational,shanghairanking-bcvcr-public-vocational,shanghairanking-bcvcr-public-vocational,2026,中国高职专科院校排名（总榜）,综合,rankOverall,2026软科高职综合 112+ · 高职专科总榜 500+,500+,https://www.shanghairanking.cn/rankings/bcvcr/2026623,campus,verified_campus,,,,,no,,宁德职业技术学院,no,
district,福建省,宁德市,福鼎市,0,0,,,,,,,,,no_candidate,,,,,,,,,,,,,,,,,no,,,no,
district,福建省,宁德市,古田县,0,0,,,,,,,,,no_candidate,,,,,,,,,,,,,,,,,no,,,no,
district,福建省,宁德市,蕉城区,1,1,4135010398,宁德师范学院,本科,no,,single_candidate,该行政单元在现行口径下只有 1 个候选，无需比较,policy,resolved_policy,shanghairanking-bcur,shanghairanking-bcur,shanghairanking-bcur,2026,中国大学排名（主榜）,,rankOverall,2026软科 450,450,https://www.shanghairanking.cn/rankings/bcur/2026,campus,profile_campus,,,,,no,,宁德师范学院,no,
district,福建省,宁德市,屏南县,0,0,,,,,,,,,no_candidate,,,,,,,,,,,,,,,,,no,,,no,
district,福建省,宁德市,寿宁县,0,0,,,,,,,,,no_candidate,,,,,,,,,,,,,,,,,no,,,no,
district,福建省,宁德市,霞浦县,0,0,,,,,,,,,no_candidate,,,,,,,,,,,,,,,,,no,,,no,
district,福建省,宁德市,柘荣县,0,0,,,,,,,,,no_candidate,,,,,,,,,,,,,,,,,no,,,no,
district,福建省,宁德市,周宁县,0,0,,,,,,,,,no_candidate,,,,,,,,,,,,,,,,,no,,,no,
district,福建省,莆田市,城厢区,1,1,4135011498,莆田学院,本科,no,,single_candidate,该行政单元在现行口径下只有 1 个候选，无需比较,policy,resolved_policy,shanghairanking-bcur,shanghairanking-bcur,shanghairanking-bcur,2026,中国大学排名（主榜）,,rankOverall,2026软科 391,391,https://www.shanghairanking.cn/rankings/bcur/2026,campus,profile_campus,,,,,no,,莆田学院,no,
district,福建省,莆田市,涵江区,1,1,4135013772,湄洲湾职业技术学院,专科,no,,single_candidate,该行政单元在现行口径下只有 1 个候选，无需比较,policy,resolved_policy,shanghairanking-bcvcr-public-vocational,shanghairanking-bcvcr-public-vocational,shanghairanking-bcvcr-public-vocational,2026,中国高职专科院校排名（总榜）,理工,rankOverall,2026软科高职专科总榜 224,224,https://www.shanghairanking.cn/rankings/bcvcr/2026623,campus,profile_campus,,,,,no,,湄洲湾职业技术学院,no,
district,福建省,莆田市,荔城区,1,1,4135011498,莆田学院,本科,no,,single_candidate,该行政单元在现行口径下只有 1 个候选，无需比较,policy,resolved_policy,shanghairanking-bcur,shanghairanking-bcur,shanghairanking-bcur,2026,中国大学排名（主榜）,,rankOverall,2026软科 391,391,https://www.shanghairanking.cn/rankings/bcur/2026,campus,profile_campus,,,,,no,,莆田学院,no,
district,福建省,莆田市,仙游县,2,2,4135011498,莆田学院,本科,no,,level_order,本科层次优先于更低层次候选（项目层次政策）,policy,resolved_policy,shanghairanking-bcur,shanghairanking-bcur,shanghairanking-bcur,2026,中国大学排名（主榜）,,rankOverall,2026软科 391,391,https://www.shanghairanking.cn/rankings/bcur/2026,campus,historical_campus,,,,,no,,莆田学院,no,no comparable second place: the deciding rule set aside the other 1 candidate(s) without leaving anybody on the winner's own scale
district,福建省,莆田市,秀屿区,0,0,,,,,,,,,no_candidate,,,,,,,,,,,,,,,,,no,,,no,
district,福建省,泉州市,安溪县,1,1,4135010389,福建农林大学,本科,no,,single_candidate,该行政单元在现行口径下只有 1 个候选，无需比较,policy,resolved_policy,shanghairanking-bcur,shanghairanking-bcur,shanghairanking-bcur,2026,中国大学排名（主榜）,,rankOverall,2026软科 122,122,https://www.shanghairanking.cn/rankings/bcur/2026,campus,profile_campus,,,,,no,,福建农林大学,no,
district,福建省,泉州市,德化县,1,1,4135013975,泉州工艺美术职业学院,专科,no,,single_candidate,该行政单元在现行口径下只有 1 个候选，无需比较,policy,resolved_policy,shanghairanking-bcvcr-public-vocational,shanghairanking-bcvcr-public-vocational,shanghairanking-bcvcr-public-vocational,2026,中国高职专科院校排名（总榜）,文艺,rankOverall,2026软科高职文艺 17+ · 高职专科总榜 500+,500+,https://www.shanghairanking.cn/rankings/bcvcr/2026623,campus,profile_campus,,,,,no,,泉州工艺美术职业学院,no,
district,福建省,泉州市,丰泽区,7,7,4135010385,华侨大学,本科,no,,public_before_private,同层次同标签下公办优先（按当前项目政策，非排名证据）；候选池先按层次收敛：本科层次优先于更低层次（项目层次政策）,policy,resolved_policy,shanghairanking-bcur,shanghairanking-bcur,shanghairanking-bcur,2026,中国大学排名（主榜）,,rankOverall,2026软科 139,139,https://www.shanghairanking.cn/rankings/bcur/2026,campus,profile_campus,4135010399,泉州师范学院,本科,shanghairanking-bcur,yes,,华侨大学|泉州师范学院,yes,
district,福建省,泉州市,惠安县,1,1,4135012927,泉州华光职业学院,专科,yes,,single_candidate,该行政单元在现行口径下只有 1 个候选，无需比较,policy,resolved_policy,shanghairanking-bcvcr-private-vocational,shanghairanking-bcvcr-private-vocational,shanghairanking-bcvcr-private-vocational,2026,民办高职专科院校排名,,ranking,2026软科民办高职专科 24,24,https://www.shanghairanking.cn/rankings/bcvcr/2026633,campus,profile_campus,,,,,no,,泉州华光职业学院,no,
district,福建省,泉州市,金门县,0,0,,,,,,,,,no_candidate,,,,,,,,,,,,,,,,,no,,,no,
district,福建省,泉州市,晋江市,3,3,4135010386,福州大学,本科,no,211|双一流,prestige_tag,211 标签优先于无重点标签（国家官方重点建设名单）,strong,resolved_strong,shanghairanking-bcur,shanghairanking-bcur,shanghairanking-bcur,2026,中国大学排名（主榜）,,rankOverall,2026软科 77,77,https://www.shanghairanking.cn/rankings/bcur/2026,campus,profile_campus,,,,,no,,福州大学,no,no comparable second place: the deciding rule set aside the other 2 candidate(s) without leaving anybody on the winner's own scale
district,福建省,泉州市,鲤城区,3,3,4135011317,黎明职业大学,本科,no,,level_order,本科层次优先于更低层次候选（项目层次政策）,policy,resolved_policy,shanghairanking-bcvcr-public-vocational-undergraduate,shanghairanking-bcvcr-public-vocational-undergraduate,shanghairanking-bcvcr-public-vocational-undergraduate,2026,中国职业本科大学排名,,ranking,2026软科职业本科大学 49,49,https://www.shanghairanking.cn/rankings/bcvcr/2026749,campus,profile_campus,,,,,no,,黎明职业大学,no,no comparable second place: the deciding rule set aside the other 2 candidate(s) without leaving anybody on the winner's own scale
district,福建省,泉州市,洛江区,3,3,4135011784,仰恩大学,本科,yes,,level_order,本科层次优先于更低层次候选（项目层次政策）,policy,resolved_policy,shanghairanking-bcur-private,shanghairanking-bcur-private,shanghairanking-bcur-private,2026,中国民办高校排名（主榜）,,ranking,2026软科民办 100,100,https://www.shanghairanking.cn/rankings/bcur/202615,campus,profile_campus,,,,,no,,仰恩大学,no,no comparable second place: the deciding rule set aside the other 2 candidate(s) without leaving anybody on the winner's own scale
district,福建省,泉州市,南安市,4,4,4135010399,泉州师范学院,本科,no,,public_before_private,同层次同标签下公办优先（按当前项目政策，非排名证据）；候选池先按层次收敛：本科层次优先于更低层次（项目层次政策）,policy,resolved_policy,shanghairanking-bcur,shanghairanking-bcur,shanghairanking-bcur,2026,中国大学排名（主榜）,,rankOverall,2026软科 357,357,https://www.shanghairanking.cn/rankings/bcur/2026,campus,profile_campus,,,,,no,,泉州师范学院,yes,no comparable second place: the deciding rule set aside the other 3 candidate(s) without leaving anybody on the winner's own scale
district,福建省,泉州市,泉港区,0,0,,,,,,,,,no_candidate,,,,,,,,,,,,,,,,,no,,,no,
district,福建省,泉州市,石狮市,3,3,4135012710,闽南理工学院,本科,yes,,level_order,本科层次优先于更低层次候选（项目层次政策）,policy,resolved_policy,shanghairanking-bcur-private,shanghairanking-bcur-private,shanghairanking-bcur-private,2026,中国民办高校排名（主榜）,,ranking,2026软科民办 60,60,https://www.shanghairanking.cn/rankings/bcur/202615,campus,verified_campus,,,,,no,,闽南理工学院,no,no comparable second place: the deciding rule set aside the other 2 candidate(s) without leaving anybody on the winner's own scale
district,福建省,泉州市,永春县,1,1,4135014331,泉州幼儿师范高等专科学校,专科,no,,single_candidate,该行政单元在现行口径下只有 1 个候选，无需比较,policy,resolved_policy,shanghairanking-bcvcr-public-vocational,shanghairanking-bcvcr-public-vocational,shanghairanking-bcvcr-public-vocational,2026,中国高职专科院校排名（总榜）,师范,rankOverall,2026软科高职专科总榜 321,321,https://www.shanghairanking.cn/rankings/bcvcr/2026623,campus,profile_campus,,,,,no,,泉州幼儿师范高等专科学校,no,
district,福建省,三明市,大田县,0,0,,,,,,,,,no_candidate,,,,,,,,,,,,,,,,,no,,,no,
district,福建省,三明市,建宁县,0,0,,,,,,,,,no_candidate,,,,,,,,,,,,,,,,,no,,,no,
district,福建省,三明市,将乐县,0,0,,,,,,,,,no_candidate,,,,,,,,,,,,,,,,,no,,,no,
district,福建省,三明市,明溪县,0,0,,,,,,,,,no_candidate,,,,,,,,,,,,,,,,,no,,,no,
district,福建省,三明市,宁化县,0,0,,,,,,,,,no_candidate,,,,,,,,,,,,,,,,,no,,,no,
district,福建省,三明市,清流县,0,0,,,,,,,,,no_candidate,,,,,,,,,,,,,,,,,no,,,no,
district,福建省,三明市,三元区,2,2,4135011311,三明学院,本科,no,,level_order,本科层次优先于更低层次候选（项目层次政策）,policy,resolved_policy,shanghairanking-bcur,shanghairanking-bcur,shanghairanking-bcur,2026,中国大学排名（主榜）,,rankOverall,2026软科 381,381,https://www.shanghairanking.cn/rankings/bcur/2026,campus,profile_campus,,,,,no,,三明学院,no,no comparable second place: the deciding rule set aside the other 1 candidate(s) without leaving anybody on the winner's own scale
district,福建省,三明市,沙县区,1,1,4135013976,三明医学科技职业学院,专科,no,,single_candidate,该行政单元在现行口径下只有 1 个候选，无需比较,policy,resolved_policy,shanghairanking-bcvcr-public-vocational,shanghairanking-bcvcr-public-vocational,shanghairanking-bcvcr-public-vocational,2026,中国高职专科院校排名（总榜）,综合,rankOverall,2026软科高职专科总榜 461,461,https://www.shanghairanking.cn/rankings/bcvcr/2026623,campus,profile_campus,,,,,no,,三明医学科技职业学院,no,
district,福建省,三明市,泰宁县,0,0,,,,,,,,,no_candidate,,,,,,,,,,,,,,,,,no,,,no,
district,福建省,三明市,永安市,1,1,4135012627,福建水利电力职业技术学院,专科,no,,single_candidate,该行政单元在现行口径下只有 1 个候选，无需比较,policy,resolved_policy,shanghairanking-bcvcr-public-vocational,shanghairanking-bcvcr-public-vocational,shanghairanking-bcvcr-public-vocational,2026,中国高职专科院校排名（总榜）,理工,rankOverall,2026软科高职专科总榜 177,177,https://www.shanghairanking.cn/rankings/bcvcr/2026623,campus,profile_campus,,,,,no,,福建水利电力职业技术学院,no,
district,福建省,三明市,尤溪县,0,0,,,,,,,,,no_candidate,,,,,,,,,,,,,,,,,no,,,no,
district,福建省,厦门市,海沧区,0,0,,,,,,,,,no_candidate,,,,,,,,,,,,,,,,,no,,,no,
district,福建省,厦门市,湖里区,0,0,,,,,,,,,no_candidate,,,,,,,,,,,,,,,,,no,,,no,
district,福建省,厦门市,集美区,11,11,4135010386,福州大学,本科,no,211|双一流,prestige_tag,211 标签优先于无重点标签（国家官方重点建设名单）,strong,resolved_strong,shanghairanking-bcur,shanghairanking-bcur,shanghairanking-bcur,2026,中国大学排名（主榜）,,rankOverall,2026软科 77,77,https://www.shanghairanking.cn/rankings/bcur/2026,campus,profile_campus,4135010385,华侨大学,本科,shanghairanking-bcur,yes,,福州大学|华侨大学,no,
district,福建省,厦门市,思明区,4,4,4135010384,厦门大学,本科,no,985|211|双一流,prestige_tag,985 标签优先于无重点标签（国家官方重点建设名单）,strong,resolved_strong,shanghairanking-bcur,shanghairanking-bcur,shanghairanking-bcur,2026,中国大学排名（主榜）,,rankOverall,2026软科 25,25,https://www.shanghairanking.cn/rankings/bcur/2026,campus,profile_campus,4135011062,厦门理工学院,本科,shanghairanking-bcur,yes,,厦门大学|厦门理工学院,no,
district,福建省,厦门市,同安区,1,1,4135014112,厦门东海职业技术学院,专科,yes,,single_candidate,该行政单元在现行口径下只有 1 个候选，无需比较,policy,resolved_policy,shanghairanking-bcvcr-private-vocational,shanghairanking-bcvcr-private-vocational,shanghairanking-bcvcr-private-vocational,2026,民办高职专科院校排名,,ranking,2026软科民办高职专科 100+,100+,https://www.shanghairanking.cn/rankings/bcvcr/2026633,campus,verified_campus,,,,,no,,厦门东海职业技术学院,no,
district,福建省,厦门市,翔安区,6,6,4135010384,厦门大学,本科,no,985|211|双一流,level_order,本科层次优先于更低层次候选（项目层次政策）,policy,resolved_policy,shanghairanking-bcur,shanghairanking-bcur,shanghairanking-bcur,2026,中国大学排名（主榜）,,rankOverall,2026软科 25,25,https://www.shanghairanking.cn/rankings/bcur/2026,campus,profile_campus,,,,,no,,厦门大学,no,no comparable second place: the deciding rule set aside the other 5 candidate(s) without leaving anybody on the winner's own scale
district,福建省,漳州市,东山县,0,0,,,,,,,,,no_candidate,,,,,,,,,,,,,,,,,no,,,no,
district,福建省,漳州市,华安县,0,0,,,,,,,,,no_candidate,,,,,,,,,,,,,,,,,no,,,no,
district,福建省,漳州市,龙海区,3,3,4135010384,厦门大学,本科,no,985|211|双一流,prestige_tag,985 标签优先于无重点标签（国家官方重点建设名单）,strong,resolved_strong,shanghairanking-bcur,shanghairanking-bcur,shanghairanking-bcur,2026,中国大学排名（主榜）,,rankOverall,2026软科 25,25,https://www.shanghairanking.cn/rankings/bcur/2026,campus,historical_campus,,,,,no,,厦门大学,no,no comparable second place: the deciding rule set aside the other 2 candidate(s) without leaving anybody on the winner's own scale
district,福建省,漳州市,龙文区,1,1,4135014115,漳州理工职业学院,专科,yes,,single_candidate,该行政单元在现行口径下只有 1 个候选，无需比较,policy,resolved_policy,shanghairanking-bcvcr-private-vocational,shanghairanking-bcvcr-private-vocational,shanghairanking-bcvcr-private-vocational,2026,民办高职专科院校排名,,ranking,2026软科民办高职专科 40,40,https://www.shanghairanking.cn/rankings/bcvcr/2026633,campus,profile_campus,,,,,no,,漳州理工职业学院,no,
district,福建省,漳州市,南靖县,2,2,4135010402,闽南师范大学,本科,no,,level_order,本科层次优先于更低层次候选（项目层次政策）,policy,resolved_policy,shanghairanking-bcur,shanghairanking-bcur,shanghairanking-bcur,2026,中国大学排名（主榜）,,rankOverall,2026软科 309,309,https://www.shanghairanking.cn/rankings/bcur/2026,campus,profile_campus,,,,,no,,闽南师范大学,no,no comparable second place: the deciding rule set aside the other 1 candidate(s) without leaving anybody on the winner's own scale
district,福建省,漳州市,平和县,0,0,,,,,,,,,no_candidate,,,,,,,,,,,,,,,,,no,,,no,
district,福建省,漳州市,芗城区,4,4,4135010402,闽南师范大学,本科,no,,level_order,本科层次优先于更低层次候选（项目层次政策）,policy,resolved_policy,shanghairanking-bcur,shanghairanking-bcur,shanghairanking-bcur,2026,中国大学排名（主榜）,,rankOverall,2026软科 309,309,https://www.shanghairanking.cn/rankings/bcur/2026,campus,profile_campus,,,,,no,,闽南师范大学,no,no comparable second place: the deciding rule set aside the other 3 candidate(s) without leaving anybody on the winner's own scale
district,福建省,漳州市,云霄县,0,0,,,,,,,,,no_candidate,,,,,,,,,,,,,,,,,no,,,no,
district,福建省,漳州市,漳浦县,1,1,4135014113,漳州科技职业学院,专科,yes,,single_candidate,该行政单元在现行口径下只有 1 个候选，无需比较,policy,resolved_policy,shanghairanking-bcvcr-private-vocational,shanghairanking-bcvcr-private-vocational,shanghairanking-bcvcr-private-vocational,2026,民办高职专科院校排名,,ranking,2026软科民办高职专科 31,31,https://www.shanghairanking.cn/rankings/bcvcr/2026633,campus,profile_campus,,,,,no,,漳州科技职业学院,no,
district,福建省,漳州市,长泰区,0,0,,,,,,,,,no_candidate,,,,,,,,,,,,,,,,,no,,,no,
district,福建省,漳州市,诏安县,0,0,,,,,,,,,no_candidate,,,,,,,,,,,,,,,,,no,,,no,
district,甘肃省,白银市,白银区,2,2,4162014376,白银矿冶职业技术学院,专科,no,,public_before_private,同层次同标签下公办优先（按当前项目政策，非排名证据）,policy,resolved_policy,shanghairanking-bcvcr-public-vocational,shanghairanking-bcvcr-public-vocational,shanghairanking-bcvcr-public-vocational,2026,中国高职专科院校排名（总榜）,理工,rankOverall,2026软科高职理工 230+ · 高职专科总榜 500+,500+,https://www.shanghairanking.cn/rankings/bcvcr/2026623,campus,profile_campus,,,,,no,,白银矿冶职业技术学院,yes,no comparable second place: the deciding rule set aside the other 1 candidate(s) without leaving anybody on the winner's own scale
district,甘肃省,白银市,会宁县,0,0,,,,,,,,,no_candidate,,,,,,,,,,,,,,,,,no,,,no,
district,甘肃省,白银市,景泰县,0,0,,,,,,,,,no_candidate,,,,,,,,,,,,,,,,,no,,,no,
district,甘肃省,白银市,靖远县,0,0,,,,,,,,,no_candidate,,,,,,,,,,,,,,,,,no,,,no,
district,甘肃省,白银市,平川区,1,1,4162016209,兰州石化职业技术大学,本科,no,,single_candidate,该行政单元在现行口径下只有 1 个候选，无需比较,policy,resolved_policy,shanghairanking-bcvcr-public-vocational-undergraduate,shanghairanking-bcvcr-public-vocational-undergraduate,shanghairanking-bcvcr-public-vocational-undergraduate,2026,中国职业本科大学排名,,ranking,2026软科职业本科大学 38,38,https://www.shanghairanking.cn/rankings/bcvcr/2026749,campus,profile_campus,,,,,no,,兰州石化职业技术大学,no,
district,甘肃省,定西市,安定区,2,2,4162010735,甘肃中医药大学,本科,no,,level_order,本科层次优先于更低层次候选（项目层次政策）,policy,resolved_policy,shanghairanking-bcur,shanghairanking-bcur,shanghairanking-bcur,2026,中国中医药大学排名,中医药,rankOverall,2026软科中医药 25 · 主榜参考 301,301,https://www.shanghairanking.cn/rankings/bcur/2026745,campus,profile_campus,,,,,no,,甘肃中医药大学,no,no comparable second place: the deciding rule set aside the other 1 candidate(s) without leaving anybody on the winner's own scale
district,甘肃省,定西市,临洮县,1,1,4162014823,定西职业技术学院,专科,no,,single_candidate,该行政单元在现行口径下只有 1 个候选，无需比较,policy,resolved_policy,,,,,,,,,,,campus,profile_campus,,,,,no,,定西职业技术学院,no,
district,甘肃省,定西市,陇西县,0,0,,,,,,,,,no_candidate,,,,,,,,,,,,,,,,,no,,,no,
district,甘肃省,定西市,岷县,0,0,,,,,,,,,no_candidate,,,,,,,,,,,,,,,,,no,,,no,
district,甘肃省,定西市,通渭县,0,0,,,,,,,,,no_candidate,,,,,,,,,,,,,,,,,no,,,no,
district,甘肃省,定西市,渭源县,0,0,,,,,,,,,no_candidate,,,,,,,,,,,,,,,,,no,,,no,
district,甘肃省,定西市,漳县,0,0,,,,,,,,,no_candidate,,,,,,,,,,,,,,,,,no,,,no,
district,甘肃省,甘南藏族自治州,迭部县,0,0,,,,,,,,,no_candidate,,,,,,,,,,,,,,,,,no,,,no,
district,甘肃省,甘南藏族自治州,合作市,2,2,4162010735,甘肃中医药大学,本科,no,,comparable_ranking,甘肃中医药大学 在同榜可比名次上优于 甘肃民族师范学院（软科 bcur）,strong,resolved_strong,shanghairanking-bcur,shanghairanking-bcur,shanghairanking-bcur,2026,中国中医药大学排名,中医药,rankOverall,2026软科中医药 25 · 主榜参考 301,301,https://www.shanghairanking.cn/rankings/bcur/2026745,campus,profile_campus,4162011561,甘肃民族师范学院,本科,shanghairanking-bcur,yes,,甘肃中医药大学|甘肃民族师范学院,no,
district,甘肃省,甘南藏族自治州,临潭县,0,0,,,,,,,,,no_candidate,,,,,,,,,,,,,,,,,no,,,no,
district,甘肃省,甘南藏族自治州,碌曲县,0,0,,,,,,,,,no_candidate,,,,,,,,,,,,,,,,,no,,,no,
district,甘肃省,甘南藏族自治州,玛曲县,0,0,,,,,,,,,no_candidate,,,,,,,,,,,,,,,,,no,,,no,
district,甘肃省,甘南藏族自治州,夏河县,0,0,,,,,,,,,no_candidate,,,,,,,,,,,,,,,,,no,,,no,
district,甘肃省,甘南藏族自治州,舟曲县,0,0,,,,,,,,,no_candidate,,,,,,,,,,,,,,,,,no,,,no,
district,甘肃省,甘南藏族自治州,卓尼县,0,0,,,,,,,,,no_candidate,,,,,,,,,,,,,,,,,no,,,no,
district,甘肃省,金昌市,金川区,1,1,4162014375,甘肃有色冶金职业技术学院,专科,no,,single_candidate,该行政单元在现行口径下只有 1 个候选，无需比较,policy,resolved_policy,shanghairanking-bcvcr-public-vocational,shanghairanking-bcvcr-public-vocational,shanghairanking-bcvcr-public-vocational,2026,中国高职专科院校排名（总榜）,理工,rankOverall,2026软科高职理工 230+ · 高职专科总榜 500+,500+,https://www.shanghairanking.cn/rankings/bcvcr/2026623,campus,verified_campus,,,,,no,,甘肃有色冶金职业技术学院,no,
district,甘肃省,金昌市,永昌县,0,0,,,,,,,,,no_candidate,,,,,,,,,,,,,,,,,no,,,no,
district,甘肃省,酒泉市,阿克塞哈萨克族自治县,0,0,,,,,,,,,no_candidate,,,,,,,,,,,,,,,,,no,,,no,
district,甘肃省,酒泉市,敦煌市,0,0,,,,,,,,,no_candidate,,,,,,,,,,,,,,,,,no,,,no,
district,甘肃省,酒泉市,瓜州县,0,0,,,,,,,,,no_candidate,,,,,,,,,,,,,,,,,no,,,no,
district,甘肃省,酒泉市,金塔县,0,0,,,,,,,,,no_candidate,,,,,,,,,,,,,,,,,no,,,no,
district,甘肃省,酒泉市,肃北蒙古族自治县,0,0,,,,,,,,,no_candidate,,,,,,,,,,,,,,,,,no,,,no,
district,甘肃省,酒泉市,肃州区,1,1,4162012539,酒泉职业技术大学,本科,no,,single_candidate,该行政单元在现行口径下只有 1 个候选，无需比较,policy,resolved_policy,shanghairanking-bcvcr-public-vocational-undergraduate,shanghairanking-bcvcr-public-vocational-undergraduate,shanghairanking-bcvcr-public-vocational-undergraduate,2026,中国职业本科大学排名,,ranking,2026软科职业本科大学 80+,80+,https://www.shanghairanking.cn/rankings/bcvcr/2026749,campus,profile_campus,,,,,no,,酒泉职业技术大学,no,
district,甘肃省,酒泉市,玉门市,0,0,,,,,,,,,no_candidate,,,,,,,,,,,,,,,,,no,,,no,
district,甘肃省,兰州市,安宁区,8,8,4162010736,西北师范大学,本科,no,,comparable_ranking,西北师范大学 在同榜可比名次上优于 兰州交通大学（软科 bcur）；候选池先按层次收敛：本科层次优先于更低层次（项目层次政策）,strong,resolved_strong,shanghairanking-bcur,shanghairanking-bcur,shanghairanking-bcur,2026,中国大学排名（主榜）,,rankOverall,2026软科 154,154,https://www.shanghairanking.cn/rankings/bcur/2026,campus,profile_campus,4162010732,兰州交通大学,本科,shanghairanking-bcur,yes,,西北师范大学|兰州交通大学,no,
district,甘肃省,兰州市,城关区,13,13,4162010730,兰州大学,本科,no,985|211|双一流,prestige_tag,985 标签优先于无重点标签（国家官方重点建设名单）,strong,resolved_strong,shanghairanking-bcur,shanghairanking-bcur,shanghairanking-bcur,2026,中国大学排名（主榜）,,rankOverall,2026软科 40,40,https://www.shanghairanking.cn/rankings/bcur/2026,campus,profile_campus,4162010732,兰州交通大学,本科,shanghairanking-bcur,yes,,兰州大学|兰州交通大学,no,
district,甘肃省,兰州市,皋兰县,9,9,4162011406,甘肃政法大学,本科,no,,cross_group_scale_policy,甘肃政法大学 取自主榜序列；其余候选分属不同榜单体系，名次不可直接比较，按当前项目政策以主榜序列为先；候选池先按层次收敛：本科层次优先于更低层次（项目层次政策）,policy,resolved_policy,shanghairanking-bcur,shanghairanking-bcur,shanghairanking-bcur,2026,中国政法类大学排名,政法,rankOverall,2026软科政法 14 · 主榜参考 312,312,https://www.shanghairanking.cn/rankings/bcur/202625,campus,profile_campus,4162011807,兰州工业学院,本科,shanghairanking-bcur,yes,,甘肃政法大学|兰州工业学院,yes,1 leading candidate(s) carry no official list ranking
district,甘肃省,兰州市,红古区,0,0,,,,,,,,,no_candidate,,,,,,,,,,,,,,,,,no,,,no,
district,甘肃省,兰州市,七里河区,6,6,4162010731,兰州理工大学,本科,no,,public_before_private,同层次同标签下公办优先（按当前项目政策，非排名证据）；公办候选之间再按同榜名次比较；候选池先按层次收敛：本科层次优先于更低层次（项目层次政策）,policy,resolved_policy,shanghairanking-bcur,shanghairanking-bcur,shanghairanking-bcur,2026,中国大学排名（主榜）,,rankOverall,2026软科 204,204,https://www.shanghairanking.cn/rankings/bcur/2026,campus,profile_campus,4162011807,兰州工业学院,本科,shanghairanking-bcur,yes,,兰州理工大学|兰州工业学院,yes,
district,甘肃省,兰州市,西固区,1,1,4162016209,兰州石化职业技术大学,本科,no,,single_candidate,该行政单元在现行口径下只有 1 个候选，无需比较,policy,resolved_policy,shanghairanking-bcvcr-public-vocational-undergraduate,shanghairanking-bcvcr-public-vocational-undergraduate,shanghairanking-bcvcr-public-vocational-undergraduate,2026,中国职业本科大学排名,,ranking,2026软科职业本科大学 38,38,https://www.shanghairanking.cn/rankings/bcvcr/2026749,campus,profile_campus,,,,,no,,兰州石化职业技术大学,no,
district,甘肃省,兰州市,永登县,0,0,,,,,,,,,no_candidate,,,,,,,,,,,,,,,,,no,,,no,
district,甘肃省,兰州市,榆中县,9,9,4162010730,兰州大学,本科,no,985|211|双一流,prestige_tag,985 标签优先于无重点标签（国家官方重点建设名单）,strong,resolved_strong,shanghairanking-bcur,shanghairanking-bcur,shanghairanking-bcur,2026,中国大学排名（主榜）,,rankOverall,2026软科 40,40,https://www.shanghairanking.cn/rankings/bcur/2026,campus,profile_campus,4162010742,西北民族大学,本科,shanghairanking-bcur,yes,,兰州大学|西北民族大学,no,
district,甘肃省,临夏回族自治州,东乡族自治县,0,0,,,,,,,,,no_candidate,,,,,,,,,,,,,,,,,no,,,no,
district,甘肃省,临夏回族自治州,广河县,0,0,,,,,,,,,no_candidate,,,,,,,,,,,,,,,,,no,,,no,
district,甘肃省,临夏回族自治州,和政县,0,0,,,,,,,,,no_candidate,,,,,,,,,,,,,,,,,no,,,no,
district,甘肃省,临夏回族自治州,积石山保安族东乡族撒拉族自治县,0,0,,,,,,,,,no_candidate,,,,,,,,,,,,,,,,,no,,,no,
district,甘肃省,临夏回族自治州,康乐县,1,1,4162012511,甘肃建筑职业技术学院,专科,no,,single_candidate,该行政单元在现行口径下只有 1 个候选，无需比较,policy,resolved_policy,shanghairanking-bcvcr-public-vocational,shanghairanking-bcvcr-public-vocational,shanghairanking-bcvcr-public-vocational,2026,中国高职专科院校排名（总榜）,理工,rankOverall,2026软科高职专科总榜 397,397,https://www.shanghairanking.cn/rankings/bcvcr/2026623,campus,profile_campus,,,,,no,,甘肃建筑职业技术学院,no,
district,甘肃省,临夏回族自治州,临夏市,1,1,4162014552,临夏现代职业学院,专科,no,,single_candidate,该行政单元在现行口径下只有 1 个候选，无需比较,policy,resolved_policy,shanghairanking-bcvcr-public-vocational,shanghairanking-bcvcr-public-vocational,shanghairanking-bcvcr-public-vocational,2026,中国高职专科院校排名（总榜）,综合,rankOverall,2026软科高职综合 112+ · 高职专科总榜 500+,500+,https://www.shanghairanking.cn/rankings/bcvcr/2026623,campus,profile_campus,,,,,no,,临夏现代职业学院,no,
district,甘肃省,临夏回族自治州,临夏县,0,0,,,,,,,,,no_candidate,,,,,,,,,,,,,,,,,no,,,no,
district,甘肃省,临夏回族自治州,永靖县,0,0,,,,,,,,,no_candidate,,,,,,,,,,,,,,,,,no,,,no,
district,甘肃省,陇南市,成县,1,1,4162011806,陇南师范学院,本科,no,,single_candidate,该行政单元在现行口径下只有 1 个候选，无需比较,policy,resolved_policy,,,,,,,,,,,campus,profile_campus,,,,,no,,陇南师范学院,no,
district,甘肃省,陇南市,宕昌县,0,0,,,,,,,,,no_candidate,,,,,,,,,,,,,,,,,no,,,no,
district,甘肃省,陇南市,徽县,0,0,,,,,,,,,no_candidate,,,,,,,,,,,,,,,,,no,,,no,
district,甘肃省,陇南市,康县,0,0,,,,,,,,,no_candidate,,,,,,,,,,,,,,,,,no,,,no,
district,甘肃省,陇南市,礼县,0,0,,,,,,,,,no_candidate,,,,,,,,,,,,,,,,,no,,,no,
district,甘肃省,陇南市,两当县,0,0,,,,,,,,,no_candidate,,,,,,,,,,,,,,,,,no,,,no,
district,甘肃省,陇南市,文县,0,0,,,,,,,,,no_candidate,,,,,,,,,,,,,,,,,no,,,no,
district,甘肃省,陇南市,武都区,0,0,,,,,,,,,no_candidate,,,,,,,,,,,,,,,,,no,,,no,
district,甘肃省,陇南市,西和县,0,0,,,,,,,,,no_candidate,,,,,,,,,,,,,,,,,no,,,no,
district,甘肃省,平凉市,崇信县,0,0,,,,,,,,,no_candidate,,,,,,,,,,,,,,,,,no,,,no,
district,甘肃省,平凉市,华亭市,0,0,,,,,,,,,no_candidate,,,,,,,,,,,,,,,,,no,,,no,
district,甘肃省,平凉市,泾川县,0,0,,,,,,,,,no_candidate,,,,,,,,,,,,,,,,,no,,,no,
district,甘肃省,平凉市,静宁县,0,0,,,,,,,,,no_candidate,,,,,,,,,,,,,,,,,no,,,no,
district,甘肃省,平凉市,崆峒区,2,2,4162011805,甘肃医学院,本科,no,,level_order,本科层次优先于更低层次候选（项目层次政策）,policy,resolved_policy,shanghairanking-bcur,shanghairanking-bcur,shanghairanking-bcur,2026,中国医药类大学排名,医药,rankOverall,2026软科医药 56+ · 主榜参考 500+,500+,https://www.shanghairanking.cn/rankings/bcur/202621,campus,profile_campus,,,,,no,,甘肃医学院,no,no comparable second place: the deciding rule set aside the other 1 candidate(s) without leaving anybody on the winner's own scale
district,甘肃省,平凉市,灵台县,0,0,,,,,,,,,no_candidate,,,,,,,,,,,,,,,,,no,,,no,
district,甘肃省,平凉市,庄浪县,0,0,,,,,,,,,no_candidate,,,,,,,,,,,,,,,,,no,,,no,
district,甘肃省,庆阳市,合水县,0,0,,,,,,,,,no_candidate,,,,,,,,,,,,,,,,,no,,,no,
district,甘肃省,庆阳市,华池县,0,0,,,,,,,,,no_candidate,,,,,,,,,,,,,,,,,no,,,no,
district,甘肃省,庆阳市,环县,0,0,,,,,,,,,no_candidate,,,,,,,,,,,,,,,,,no,,,no,
district,甘肃省,庆阳市,宁县,0,0,,,,,,,,,no_candidate,,,,,,,,,,,,,,,,,no,,,no,
district,甘肃省,庆阳市,庆城县,0,0,,,,,,,,,no_candidate,,,,,,,,,,,,,,,,,no,,,no,
district,甘肃省,庆阳市,西峰区,2,2,4162010738,陇东学院,本科,no,,level_order,本科层次优先于更低层次候选（项目层次政策）,policy,resolved_policy,shanghairanking-bcur,shanghairanking-bcur,shanghairanking-bcur,2026,中国大学排名（主榜）,,rankOverall,2026软科 476,476,https://www.shanghairanking.cn/rankings/bcur/2026,campus,profile_campus,,,,,no,,陇东学院,no,no comparable second place: the deciding rule set aside the other 1 candidate(s) without leaving anybody on the winner's own scale
district,甘肃省,庆阳市,镇原县,0,0,,,,,,,,,no_candidate,,,,,,,,,,,,,,,,,no,,,no,
district,甘肃省,庆阳市,正宁县,0,0,,,,,,,,,no_candidate,,,,,,,,,,,,,,,,,no,,,no,
district,甘肃省,天水市,甘谷县,0,0,,,,,,,,,no_candidate,,,,,,,,,,,,,,,,,no,,,no,
district,甘肃省,天水市,麦积区,2,2,4162012836,甘肃工业职业技术大学,本科,no,,deterministic_fallback_policy,甘肃工业职业技术大学 由项目稳定兜底规则选出：在层次、重点标签、公办/民办与可比榜单仍无法唯一分开时，按榜单体系优先级、区间下界与稳定名称顺序决定展示 winner；该结论不是发布方跨榜排名,policy,resolved_policy,shanghairanking-bcvcr-public-vocational-undergraduate,shanghairanking-bcvcr-public-vocational-undergraduate,shanghairanking-bcvcr-public-vocational-undergraduate,2026,中国职业本科大学排名,,ranking,2026软科职业本科大学 80+,80+,https://www.shanghairanking.cn/rankings/bcvcr/2026749,campus,profile_campus,4162012835,甘肃林业职业技术大学,本科,shanghairanking-bcvcr-public-vocational-undergraduate,yes,,甘肃工业职业技术大学|甘肃林业职业技术大学,no,
district,甘肃省,天水市,秦安县,0,0,,,,,,,,,no_candidate,,,,,,,,,,,,,,,,,no,,,no,
district,甘肃省,天水市,秦州区,2,2,4162010739,天水师范大学,本科,no,,cross_group_scale_policy,天水师范大学 取自主榜序列；其余候选分属不同榜单体系，名次不可直接比较，按当前项目政策以主榜序列为先,policy,resolved_policy,shanghairanking-bcur,shanghairanking-bcur,shanghairanking-bcur,2026,中国大学排名（主榜）,,rankOverall,2026软科 446,446,https://www.shanghairanking.cn/rankings/bcur/2026,campus,profile_campus,,,,,no,,天水师范大学,no,no comparable second place: the deciding rule set aside the other 1 candidate(s) without leaving anybody on the winner's own scale
district,甘肃省,天水市,清水县,1,1,4162012835,甘肃林业职业技术大学,本科,no,,single_candidate,该行政单元在现行口径下只有 1 个候选，无需比较,policy,resolved_policy,shanghairanking-bcvcr-public-vocational-undergraduate,shanghairanking-bcvcr-public-vocational-undergraduate,shanghairanking-bcvcr-public-vocational-undergraduate,2026,中国职业本科大学排名,,ranking,2026软科职业本科大学 80+,80+,https://www.shanghairanking.cn/rankings/bcvcr/2026749,campus,profile_campus,,,,,no,,甘肃林业职业技术大学,no,
district,甘肃省,天水市,武山县,0,0,,,,,,,,,no_candidate,,,,,,,,,,,,,,,,,no,,,no,
district,甘肃省,天水市,张家川回族自治县,0,0,,,,,,,,,no_candidate,,,,,,,,,,,,,,,,,no,,,no,
district,甘肃省,武威市,古浪县,0,0,,,,,,,,,no_candidate,,,,,,,,,,,,,,,,,no,,,no,
district,甘肃省,武威市,凉州区,3,3,4162010732,兰州交通大学,本科,no,,cross_group_scale_policy,兰州交通大学 取自主榜序列；其余候选分属不同榜单体系，名次不可直接比较，按当前项目政策以主榜序列为先；候选池先按层次收敛：本科层次优先于更低层次（项目层次政策）,policy,resolved_policy,shanghairanking-bcur,shanghairanking-bcur,shanghairanking-bcur,2026,中国大学排名（主榜）,,rankOverall,2026软科 192,192,https://www.shanghairanking.cn/rankings/bcur/2026,campus,historical_campus,,,,,no,,兰州交通大学,no,no comparable second place: the deciding rule set aside the other 2 candidate(s) without leaving anybody on the winner's own scale
district,甘肃省,武威市,民勤县,0,0,,,,,,,,,no_candidate,,,,,,,,,,,,,,,,,no,,,no,
district,甘肃省,武威市,天祝藏族自治县,0,0,,,,,,,,,no_candidate,,,,,,,,,,,,,,,,,no,,,no,
district,甘肃省,张掖市,甘州区,1,1,4162010740,河西学院,本科,no,,single_candidate,该行政单元在现行口径下只有 1 个候选，无需比较,policy,resolved_policy,shanghairanking-bcur,shanghairanking-bcur,shanghairanking-bcur,2026,中国大学排名（主榜）,,rankOverall,2026软科 448,448,https://www.shanghairanking.cn/rankings/bcur/2026,campus,profile_campus,,,,,no,,河西学院,no,
district,甘肃省,张掖市,高台县,0,0,,,,,,,,,no_candidate,,,,,,,,,,,,,,,,,no,,,no,
district,甘肃省,张掖市,临泽县,0,0,,,,,,,,,no_candidate,,,,,,,,,,,,,,,,,no,,,no,
district,甘肃省,张掖市,民乐县,0,0,,,,,,,,,no_candidate,,,,,,,,,,,,,,,,,no,,,no,
district,甘肃省,张掖市,山丹县,1,1,4162014738,培黎职业学院,专科,no,,single_candidate,该行政单元在现行口径下只有 1 个候选，无需比较,policy,resolved_policy,shanghairanking-bcvcr-public-vocational,shanghairanking-bcvcr-public-vocational,shanghairanking-bcvcr-public-vocational,2026,中国高职专科院校排名（总榜）,综合,rankOverall,2026软科高职综合 112+ · 高职专科总榜 500+,500+,https://www.shanghairanking.cn/rankings/bcvcr/2026623,campus,profile_campus,,,,,no,,培黎职业学院,no,
district,甘肃省,张掖市,肃南裕固族自治县,0,0,,,,,,,,,no_candidate,,,,,,,,,,,,,,,,,no,,,no,
district,广东省,潮州市,潮安区,0,0,,,,,,,,,no_candidate,,,,,,,,,,,,,,,,,no,,,no,
district,广东省,潮州市,饶平县,0,0,,,,,,,,,no_candidate,,,,,,,,,,,,,,,,,no,,,no,
district,广东省,潮州市,湘桥区,2,2,4144010578,韩山师范学院,本科,no,,level_order,本科层次优先于更低层次候选（项目层次政策）,policy,resolved_policy,shanghairanking-bcur,shanghairanking-bcur,shanghairanking-bcur,2026,中国大学排名（主榜）,,rankOverall,2026软科 472,472,https://www.shanghairanking.cn/rankings/bcur/2026,campus,profile_campus,,,,,no,,韩山师范学院,no,no comparable second place: the deciding rule set aside the other 1 candidate(s) without leaving anybody on the winner's own scale
district,广东省,佛山市,禅城区,3,3,4144011847,佛山大学,本科,no,,single_ranked_candidate,佛山大学 是当前候选里唯一被官方榜单覆盖的学校（软科 bcur）；候选池先按层次收敛：本科层次优先于更低层次（项目层次政策）,policy,resolved_policy,shanghairanking-bcur,shanghairanking-bcur,shanghairanking-bcur,2026,中国大学排名（主榜）,,rankOverall,2026软科 237,237,https://www.shanghairanking.cn/rankings/bcur/2026,campus,profile_campus,,,,,no,,佛山大学,yes,1 leading candidate(s) carry no official list ranking; no comparable second place: the deciding rule set aside the other 2 candidate(s) without leaving anybody on the winner's own scale
district,广东省,佛山市,高明区,1,1,4144012736,广东职业技术学院,专科,no,,single_candidate,该行政单元在现行口径下只有 1 个候选，无需比较,policy,resolved_policy,shanghairanking-bcvcr-public-vocational,shanghairanking-bcvcr-public-vocational,shanghairanking-bcvcr-public-vocational,2026,中国高职专科院校排名（总榜）,理工,rankOverall,2026软科高职专科总榜 66,66,https://www.shanghairanking.cn/rankings/bcvcr/2026623,campus,profile_campus,,,,,no,,广东职业技术学院,no,
district,广东省,佛山市,南海区,9,9,4144010574,华南师范大学,本科,no,211|双一流,prestige_tag,211 标签优先于无重点标签（国家官方重点建设名单）,strong,resolved_strong,shanghairanking-bcur,shanghairanking-bcur,shanghairanking-bcur,2026,中国大学排名（主榜）,,rankOverall,2026软科 79,79,https://www.shanghairanking.cn/rankings/bcur/2026,campus,profile_campus,4144011847,佛山大学,本科,shanghairanking-bcur,yes,,华南师范大学|佛山大学,no,
district,广东省,佛山市,三水区,3,3,4144010592,广东财经大学,本科,no,,public_before_private,同层次同标签下公办优先（按当前项目政策，非排名证据）；候选池先按层次收敛：本科层次优先于更低层次（项目层次政策）,policy,resolved_policy,shanghairanking-bcur,shanghairanking-bcur,shanghairanking-bcur,2026,中国财经类大学排名,财经,rankOverall,2026软科财经 21 · 主榜参考 232,232,https://www.shanghairanking.cn/rankings/bcur/202622,campus,profile_campus,,,,,no,,广东财经大学,yes,no comparable second place: the deciding rule set aside the other 2 candidate(s) without leaving anybody on the winner's own scale
district,广东省,佛山市,顺德区,2,2,4144012121,南方医科大学,本科,no,,cross_group_scale_policy,南方医科大学 取自主榜序列；其余候选分属不同榜单体系，名次不可直接比较，按当前项目政策以主榜序列为先,policy,resolved_policy,shanghairanking-bcur,shanghairanking-bcur,shanghairanking-bcur,2026,中国医药类大学排名,医药,rankOverall,2026软科医药 3 · 主榜参考 42,42,https://www.shanghairanking.cn/rankings/bcur/202621,campus,profile_campus,,,,,no,,南方医科大学,no,no comparable second place: the deciding rule set aside the other 1 candidate(s) without leaving anybody on the winner's own scale
district,广东省,广州市,白云区,25,25,4144010572,广州中医药大学,本科,no,双一流,prestige_tag,双一流 标签优先于无重点标签（国家官方重点建设名单）,strong,resolved_strong,shanghairanking-bcur,shanghairanking-bcur,shanghairanking-bcur,2026,中国中医药大学排名,中医药,rankOverall,2026软科中医药 4 · 主榜参考 98,98,https://www.shanghairanking.cn/rankings/bcur/2026745,campus,profile_campus,4144012121,南方医科大学,本科,shanghairanking-bcur,yes,,广州中医药大学|南方医科大学,no,"runner-up 南方医科大学 holds the better position on the shared comparison scale (42 vs 98); this unit was decided by prestige_tag, not by that comparison"
district,广东省,广州市,从化区,8,8,4144012619,广州南方学院,本科,yes,,comparable_ranking,广州南方学院 在同榜可比名次上优于 广州软件学院（软科 bcur-private）；候选池先按层次收敛：本科层次优先于更低层次（项目层次政策）,strong,resolved_strong,shanghairanking-bcur-private,shanghairanking-bcur-private,shanghairanking-bcur-private,2026,中国民办高校排名（主榜）,,ranking,2026软科民办 18,18,https://www.shanghairanking.cn/rankings/bcur/202615,campus,profile_campus,4144012618,广州软件学院,本科,shanghairanking-bcur-private,yes,,广州南方学院|广州软件学院,yes,1 leading candidate(s) carry no official list ranking
district,广东省,广州市,番禺区,16,16,4144010558,中山大学,本科,no,985|211|双一流,comparable_ranking,中山大学 在同榜可比名次上优于 华南理工大学（软科 bcur）；候选池先按国家标签收敛：985,strong,resolved_strong,shanghairanking-bcur,shanghairanking-bcur,shanghairanking-bcur,2026,中国大学排名（主榜）,,rankOverall,2026软科 13,13,https://www.shanghairanking.cn/rankings/bcur/2026,campus,verified_campus,4144010561,华南理工大学,本科,shanghairanking-bcur,yes,,中山大学|华南理工大学,no,
district,广东省,广州市,海珠区,14,14,4144010558,中山大学,本科,no,985|211|双一流,prestige_tag,985 标签优先于无重点标签（国家官方重点建设名单）,strong,resolved_strong,shanghairanking-bcur,shanghairanking-bcur,shanghairanking-bcur,2026,中国大学排名（主榜）,,rankOverall,2026软科 13,13,https://www.shanghairanking.cn/rankings/bcur/2026,campus,verified_campus,4144010592,广东财经大学,本科,shanghairanking-bcur,yes,,中山大学|广东财经大学,no,
district,广东省,广州市,花都区,8,8,4144014278,广东第二师范学院,本科,no,,public_before_private,同层次同标签下公办优先（按当前项目政策，非排名证据）；候选池先按层次收敛：本科层次优先于更低层次（项目层次政策）,policy,resolved_policy,shanghairanking-bcur,shanghairanking-bcur,shanghairanking-bcur,2026,中国大学排名（主榜）,,rankOverall,2026软科 424,424,https://www.shanghairanking.cn/rankings/bcur/2026,campus,profile_campus,,,,,no,,广东第二师范学院,yes,no comparable second place: the deciding rule set aside the other 7 candidate(s) without leaving anybody on the winner's own scale
district,广东省,广州市,黄埔区,6,6,4144011078,广州大学,本科,no,,public_before_private,同层次同标签下公办优先（按当前项目政策，非排名证据）；公办候选之间再按同榜名次比较；候选池先按层次收敛：本科层次优先于更低层次（项目层次政策）,policy,resolved_policy,shanghairanking-bcur,shanghairanking-bcur,shanghairanking-bcur,2026,中国大学排名（主榜）,,rankOverall,2026软科 105,105,https://www.shanghairanking.cn/rankings/bcur/2026,campus,profile_campus,4144011106,广州航海学院,本科,shanghairanking-bcur,yes,,广州大学|广州航海学院,yes,
district,广东省,广州市,荔湾区,2,2,4144012959,广东工贸职业技术学院,专科,no,,public_before_private,同层次同标签下公办优先（按当前项目政策，非排名证据）,policy,resolved_policy,shanghairanking-bcvcr-public-vocational,shanghairanking-bcvcr-public-vocational,shanghairanking-bcvcr-public-vocational,2026,中国高职专科院校排名（总榜）,理工,rankOverall,2026软科高职专科总榜 123,123,https://www.shanghairanking.cn/rankings/bcvcr/2026623,campus,profile_campus,,,,,no,,广东工贸职业技术学院,yes,no comparable second place: the deciding rule set aside the other 1 candidate(s) without leaving anybody on the winner's own scale
district,广东省,广州市,南沙区,1,1,4144016412,香港科技大学（广州）,本科,no,,single_candidate,该行政单元在现行口径下只有 1 个候选，无需比较,policy,resolved_policy,,,,,,,,,,,campus,profile_campus,,,,,no,,香港科技大学（广州）,no,
district,广东省,广州市,天河区,34,34,4144010561,华南理工大学,本科,no,985|211|双一流,prestige_tag,985 标签优先于211（国家官方重点建设名单）,strong,resolved_strong,shanghairanking-bcur,shanghairanking-bcur,shanghairanking-bcur,2026,中国大学排名（主榜）,,rankOverall,2026软科 32,32,https://www.shanghairanking.cn/rankings/bcur/2026,campus,profile_campus,4144010559,暨南大学,本科,shanghairanking-bcur,yes,,华南理工大学|暨南大学,no,
district,广东省,广州市,越秀区,9,9,4144010558,中山大学,本科,no,985|211|双一流,prestige_tag,985 标签优先于双一流（国家官方重点建设名单）,strong,resolved_strong,shanghairanking-bcur,shanghairanking-bcur,shanghairanking-bcur,2026,中国大学排名（主榜）,,rankOverall,2026软科 13,13,https://www.shanghairanking.cn/rankings/bcur/2026,campus,verified_campus,4144010570,广州医科大学,本科,shanghairanking-bcur,yes,,中山大学|广州医科大学,no,
district,广东省,广州市,增城区,13,13,4144012668,广州理工学院,本科,yes,,comparable_ranking,广州理工学院 在同榜可比名次上优于 广州华商学院（软科 bcur-private）；候选池先按层次收敛：本科层次优先于更低层次（项目层次政策）,strong,resolved_strong,shanghairanking-bcur-private,shanghairanking-bcur-private,shanghairanking-bcur-private,2026,中国民办高校排名（主榜）,,ranking,2026软科民办 64,64,https://www.shanghairanking.cn/rankings/bcur/202615,campus,profile_campus,4144012621,广州华商学院,本科,shanghairanking-bcur-private,yes,,广州理工学院|广州华商学院,no,
district,广东省,河源市,东源县,1,1,4144010588,广东技术师范大学,本科,no,,single_candidate,该行政单元在现行口径下只有 1 个候选，无需比较,policy,resolved_policy,shanghairanking-bcur,shanghairanking-bcur,shanghairanking-bcur,2026,中国大学排名（主榜）,,rankOverall,2026软科 314,314,https://www.shanghairanking.cn/rankings/bcur/2026,campus,profile_campus,,,,,no,,广东技术师范大学,no,
district,广东省,河源市,和平县,0,0,,,,,,,,,no_candidate,,,,,,,,,,,,,,,,,no,,,no,
district,广东省,河源市,连平县,0,0,,,,,,,,,no_candidate,,,,,,,,,,,,,,,,,no,,,no,
district,广东省,河源市,龙川县,0,0,,,,,,,,,no_candidate,,,,,,,,,,,,,,,,,no,,,no,
district,广东省,河源市,源城区,1,1,4144012772,河源职业技术学院,专科,no,,single_candidate,该行政单元在现行口径下只有 1 个候选，无需比较,policy,resolved_policy,shanghairanking-bcvcr-public-vocational,shanghairanking-bcvcr-public-vocational,shanghairanking-bcvcr-public-vocational,2026,中国高职专科院校排名（总榜）,综合,rankOverall,2026软科高职专科总榜 346,346,https://www.shanghairanking.cn/rankings/bcvcr/2026623,campus,profile_campus,,,,,no,,河源职业技术学院,no,
district,广东省,河源市,紫金县,0,0,,,,,,,,,no_candidate,,,,,,,,,,,,,,,,,no,,,no,
district,广东省,惠州市,博罗县,1,1,4144012668,广州理工学院,本科,yes,,single_candidate,该行政单元在现行口径下只有 1 个候选，无需比较,policy,resolved_policy,shanghairanking-bcur-private,shanghairanking-bcur-private,shanghairanking-bcur-private,2026,中国民办高校排名（主榜）,,ranking,2026软科民办 64,64,https://www.shanghairanking.cn/rankings/bcur/202615,campus,profile_campus,,,,,no,,广州理工学院,no,
district,广东省,惠州市,惠城区,5,5,4144010577,惠州学院,本科,no,,level_order,本科层次优先于更低层次候选（项目层次政策）,policy,resolved_policy,shanghairanking-bcur,shanghairanking-bcur,shanghairanking-bcur,2026,中国大学排名（主榜）,,rankOverall,2026软科 367,367,https://www.shanghairanking.cn/rankings/bcur/2026,campus,profile_campus,,,,,no,,惠州学院,no,no comparable second place: the deciding rule set aside the other 4 candidate(s) without leaving anybody on the winner's own scale
district,广东省,惠州市,惠东县,0,0,,,,,,,,,no_candidate,,,,,,,,,,,,,,,,,no,,,no,
district,广东省,惠州市,惠阳区,0,0,,,,,,,,,no_candidate,,,,,,,,,,,,,,,,,no,,,no,
district,广东省,惠州市,龙门县,0,0,,,,,,,,,no_candidate,,,,,,,,,,,,,,,,,no,,,no,
district,广东省,江门市,恩平市,1,1,4144013675,广东江门南粤学院,本科,yes,,single_candidate,该行政单元在现行口径下只有 1 个候选，无需比较,policy,resolved_policy,,,,,,,,,,,campus,profile_campus,,,,,no,,广东江门南粤学院,no,
district,广东省,江门市,鹤山市,0,0,,,,,,,,,no_candidate,,,,,,,,,,,,,,,,,no,,,no,
district,广东省,江门市,江海区,2,2,4144014664,广东江门幼儿师范高等专科学校,专科,no,,public_before_private,同层次同标签下公办优先（按当前项目政策，非排名证据）,policy,resolved_policy,shanghairanking-bcvcr-public-vocational,shanghairanking-bcvcr-public-vocational,shanghairanking-bcvcr-public-vocational,2026,中国高职专科院校排名（总榜）,师范,rankOverall,2026软科高职师范 28+ · 高职专科总榜 500+,500+,https://www.shanghairanking.cn/rankings/bcvcr/2026623,campus,profile_campus,,,,,no,,广东江门幼儿师范高等专科学校,yes,no comparable second place: the deciding rule set aside the other 1 candidate(s) without leaving anybody on the winner's own scale
district,广东省,江门市,开平市,0,0,,,,,,,,,no_candidate,,,,,,,,,,,,,,,,,no,,,no,
district,广东省,江门市,蓬江区,4,4,4144011349,五邑大学,本科,no,,level_order,本科层次优先于更低层次候选（项目层次政策）,policy,resolved_policy,shanghairanking-bcur,shanghairanking-bcur,shanghairanking-bcur,2026,中国大学排名（主榜）,,rankOverall,2026软科 311,311,https://www.shanghairanking.cn/rankings/bcur/2026,campus,profile_campus,,,,,no,,五邑大学,no,no comparable second place: the deciding rule set aside the other 3 candidate(s) without leaving anybody on the winner's own scale
district,广东省,江门市,台山市,2,2,4144013711,江门职业技术学院,专科,no,,public_before_private,同层次同标签下公办优先（按当前项目政策，非排名证据）,policy,resolved_policy,shanghairanking-bcvcr-public-vocational,shanghairanking-bcvcr-public-vocational,shanghairanking-bcvcr-public-vocational,2026,中国高职专科院校排名（总榜）,综合,rankOverall,2026软科高职专科总榜 290,290,https://www.shanghairanking.cn/rankings/bcvcr/2026623,campus,profile_campus,,,,,no,,江门职业技术学院,yes,no comparable second place: the deciding rule set aside the other 1 candidate(s) without leaving anybody on the winner's own scale
district,广东省,江门市,新会区,4,4,4144012618,广州软件学院,本科,yes,,comparable_ranking,广州软件学院 在同榜可比名次上优于 广州华立学院（软科 bcur-private）；候选池先按层次收敛：本科层次优先于更低层次（项目层次政策）,strong,resolved_strong,shanghairanking-bcur-private,shanghairanking-bcur-private,shanghairanking-bcur-private,2026,中国民办高校排名（主榜）,,ranking,2026软科民办 51,51,https://www.shanghairanking.cn/rankings/bcur/202615,campus,profile_campus,4144013656,广州华立学院,本科,shanghairanking-bcur-private,yes,,广州软件学院|广州华立学院,no,
district,广东省,揭阳市,惠来县,1,1,4144011845,广东工业大学,本科,no,,single_candidate,该行政单元在现行口径下只有 1 个候选，无需比较,policy,resolved_policy,shanghairanking-bcur,shanghairanking-bcur,shanghairanking-bcur,2026,中国大学排名（主榜）,,rankOverall,2026软科 96,96,https://www.shanghairanking.cn/rankings/bcur/2026,campus,profile_campus,,,,,no,,广东工业大学,no,
district,广东省,揭阳市,揭东区,0,0,,,,,,,,,no_candidate,,,,,,,,,,,,,,,,,no,,,no,
district,广东省,揭阳市,揭西县,0,0,,,,,,,,,no_candidate,,,,,,,,,,,,,,,,,no,,,no,
district,广东省,揭阳市,普宁市,1,1,4144010965,潮汕职业技术学院,专科,yes,,single_candidate,该行政单元在现行口径下只有 1 个候选，无需比较,policy,resolved_policy,shanghairanking-bcvcr-private-vocational,shanghairanking-bcvcr-private-vocational,shanghairanking-bcvcr-private-vocational,2026,民办高职专科院校排名,,ranking,2026软科民办高职专科 100+,100+,https://www.shanghairanking.cn/rankings/bcvcr/2026633,campus,profile_campus,,,,,no,,潮汕职业技术学院,no,
district,广东省,揭阳市,榕城区,1,1,4144012956,揭阳职业技术学院,专科,no,,single_candidate,该行政单元在现行口径下只有 1 个候选，无需比较,policy,resolved_policy,shanghairanking-bcvcr-public-vocational,shanghairanking-bcvcr-public-vocational,shanghairanking-bcvcr-public-vocational,2026,中国高职专科院校排名（总榜）,综合,rankOverall,2026软科高职综合 112+ · 高职专科总榜 500+,500+,https://www.shanghairanking.cn/rankings/bcvcr/2026623,campus,profile_campus,,,,,no,,揭阳职业技术学院,no,
district,广东省,茂名市,电白区,3,3,4144013717,广州科技职业技术大学,本科,yes,,level_order,本科层次优先于更低层次候选（项目层次政策）,policy,resolved_policy,shanghairanking-bcvcr-private-vocational-undergraduate,shanghairanking-bcvcr-private-vocational-undergraduate,shanghairanking-bcvcr-private-vocational-undergraduate,2026,民办职业本科大学排名,,ranking,2026软科民办职业本科大学 11,11,https://www.shanghairanking.cn/rankings/bcvcr/2026750,campus,profile_campus,,,,,no,,广州科技职业技术大学,no,no comparable second place: the deciding rule set aside the other 2 candidate(s) without leaving anybody on the winner's own scale
district,广东省,茂名市,高州市,2,2,4144014556,广东茂名健康职业学院,专科,no,,deterministic_fallback_policy,广东茂名健康职业学院 由项目稳定兜底规则选出：在层次、重点标签、公办/民办与可比榜单仍无法唯一分开时，按榜单体系优先级、区间下界与稳定名称顺序决定展示 winner；该结论不是发布方跨榜排名,policy,resolved_policy,shanghairanking-bcvcr-public-vocational,shanghairanking-bcvcr-public-vocational,shanghairanking-bcvcr-public-vocational,2026,中国高职专科院校排名（总榜）,医药,rankOverall,2026软科高职医药 46+ · 高职专科总榜 500+,500+,https://www.shanghairanking.cn/rankings/bcvcr/2026623,campus,historical_campus,4144014587,广东茂名幼儿师范专科学校,专科,shanghairanking-bcvcr-public-vocational,yes,,广东茂名健康职业学院|广东茂名幼儿师范专科学校,no,
district,广东省,茂名市,化州市,0,0,,,,,,,,,no_candidate,,,,,,,,,,,,,,,,,no,,,no,
district,广东省,茂名市,茂南区,4,4,4144011656,广东石油化工学院,本科,no,,level_order,本科层次优先于更低层次候选（项目层次政策）,policy,resolved_policy,shanghairanking-bcur,shanghairanking-bcur,shanghairanking-bcur,2026,中国大学排名（主榜）,,rankOverall,2026软科 376,376,https://www.shanghairanking.cn/rankings/bcur/2026,campus,profile_campus,,,,,no,,广东石油化工学院,no,no comparable second place: the deciding rule set aside the other 3 candidate(s) without leaving anybody on the winner's own scale
district,广东省,茂名市,信宜市,0,0,,,,,,,,,no_candidate,,,,,,,,,,,,,,,,,no,,,no,
district,广东省,梅州市,大埔县,0,0,,,,,,,,,no_candidate,,,,,,,,,,,,,,,,,no,,,no,
district,广东省,梅州市,丰顺县,1,1,4144010582,嘉应学院,本科,no,,single_candidate,该行政单元在现行口径下只有 1 个候选，无需比较,policy,resolved_policy,shanghairanking-bcur,shanghairanking-bcur,shanghairanking-bcur,2026,中国大学排名（主榜）,,rankOverall,2026软科 499,499,https://www.shanghairanking.cn/rankings/bcur/2026,campus,profile_campus,,,,,no,,嘉应学院,no,
district,广东省,梅州市,蕉岭县,0,0,,,,,,,,,no_candidate,,,,,,,,,,,,,,,,,no,,,no,
district,广东省,梅州市,梅江区,2,2,4144010582,嘉应学院,本科,no,,level_order,本科层次优先于更低层次候选（项目层次政策）,policy,resolved_policy,shanghairanking-bcur,shanghairanking-bcur,shanghairanking-bcur,2026,中国大学排名（主榜）,,rankOverall,2026软科 499,499,https://www.shanghairanking.cn/rankings/bcur/2026,campus,profile_campus,,,,,no,,嘉应学院,no,no comparable second place: the deciding rule set aside the other 1 candidate(s) without leaving anybody on the winner's own scale
district,广东省,梅州市,梅县区,1,1,4144010582,嘉应学院,本科,no,,single_candidate,该行政单元在现行口径下只有 1 个候选，无需比较,policy,resolved_policy,shanghairanking-bcur,shanghairanking-bcur,shanghairanking-bcur,2026,中国大学排名（主榜）,,rankOverall,2026软科 499,499,https://www.shanghairanking.cn/rankings/bcur/2026,campus,profile_campus,,,,,no,,嘉应学院,no,
district,广东省,梅州市,平远县,0,0,,,,,,,,,no_candidate,,,,,,,,,,,,,,,,,no,,,no,
district,广东省,梅州市,五华县,1,1,4144014265,广东南方职业学院,专科,yes,,single_candidate,该行政单元在现行口径下只有 1 个候选，无需比较,policy,resolved_policy,shanghairanking-bcvcr-private-vocational,shanghairanking-bcvcr-private-vocational,shanghairanking-bcvcr-private-vocational,2026,民办高职专科院校排名,,ranking,2026软科民办高职专科 32,32,https://www.shanghairanking.cn/rankings/bcvcr/2026633,campus,historical_campus,,,,,no,,广东南方职业学院,no,
district,广东省,梅州市,兴宁市,0,0,,,,,,,,,no_candidate,,,,,,,,,,,,,,,,,no,,,no,
district,广东省,清远市,佛冈县,2,2,4144014136,广州城建职业学院,专科,yes,,comparable_ranking,广州城建职业学院 在同榜可比名次上优于 广州涉外经济职业技术学院（软科 bcvcr-private-vocational）,strong,resolved_strong,shanghairanking-bcvcr-private-vocational,shanghairanking-bcvcr-private-vocational,shanghairanking-bcvcr-private-vocational,2026,民办高职专科院校排名,,ranking,2026软科民办高职专科 1,1,https://www.shanghairanking.cn/rankings/bcvcr/2026633,campus,profile_campus,4144013715,广州涉外经济职业技术学院,专科,shanghairanking-bcvcr-private-vocational,yes,,广州城建职业学院|广州涉外经济职业技术学院,no,
district,广东省,清远市,连南瑶族自治县,0,0,,,,,,,,,no_candidate,,,,,,,,,,,,,,,,,no,,,no,
district,广东省,清远市,连山壮族瑶族自治县,0,0,,,,,,,,,no_candidate,,,,,,,,,,,,,,,,,no,,,no,
district,广东省,清远市,连州市,0,0,,,,,,,,,no_candidate,,,,,,,,,,,,,,,,,no,,,no,
district,广东省,清远市,清城区,10,10,4144011540,广东金融学院,本科,no,,level_order,本科层次优先于更低层次候选（项目层次政策）,policy,resolved_policy,shanghairanking-bcur,shanghairanking-bcur,shanghairanking-bcur,2026,中国财经类大学排名,财经,rankOverall,2026软科财经 40 · 主榜参考 351,351,https://www.shanghairanking.cn/rankings/bcur/202622,campus,profile_campus,,,,,no,,广东金融学院,no,no comparable second place: the deciding rule set aside the other 9 candidate(s) without leaving anybody on the winner's own scale
district,广东省,清远市,清新区,0,0,,,,,,,,,no_candidate,,,,,,,,,,,,,,,,,no,,,no,
district,广东省,清远市,阳山县,0,0,,,,,,,,,no_candidate,,,,,,,,,,,,,,,,,no,,,no,
district,广东省,清远市,英德市,0,0,,,,,,,,,no_candidate,,,,,,,,,,,,,,,,,no,,,no,
district,广东省,汕头市,潮南区,0,0,,,,,,,,,no_candidate,,,,,,,,,,,,,,,,,no,,,no,
district,广东省,汕头市,潮阳区,0,0,,,,,,,,,no_candidate,,,,,,,,,,,,,,,,,no,,,no,
district,广东省,汕头市,澄海区,1,1,4144010560,汕头大学,本科,no,,single_candidate,该行政单元在现行口径下只有 1 个候选，无需比较,policy,resolved_policy,shanghairanking-bcur,shanghairanking-bcur,shanghairanking-bcur,2026,中国大学排名（主榜）,,rankOverall,2026软科 173,173,https://www.shanghairanking.cn/rankings/bcur/2026,campus,profile_campus,,,,,no,,汕头大学,no,
district,广东省,汕头市,濠江区,3,3,4144014757,广东汕头幼儿师范高等专科学校,专科,no,,deterministic_fallback_policy,广东汕头幼儿师范高等专科学校 由项目稳定兜底规则选出：在层次、重点标签、公办/民办与可比榜单仍无法唯一分开时，按榜单体系优先级、区间下界与稳定名称顺序决定展示 winner；该结论不是发布方跨榜排名,policy,resolved_policy,shanghairanking-bcvcr-public-vocational,shanghairanking-bcvcr-public-vocational,shanghairanking-bcvcr-public-vocational,2026,中国高职专科院校排名（总榜）,师范,rankOverall,2026软科高职师范 28+ · 高职专科总榜 500+,500+,https://www.shanghairanking.cn/rankings/bcvcr/2026623,campus,profile_campus,4144012960,广东司法警官职业学院,专科,shanghairanking-bcvcr-public-vocational,yes,,广东汕头幼儿师范高等专科学校|广东司法警官职业学院,no,
district,广东省,汕头市,金平区,3,3,4144016410,广东以色列理工学院,本科,no,,comparable_ranking,广东以色列理工学院 在同榜可比名次上优于 汕头大学（软科 bcur）；候选池先按层次收敛：本科层次优先于更低层次（项目层次政策）,strong,resolved_strong,shanghairanking-bcur,shanghairanking-bcur,shanghairanking-bcur,2026,中国合作办学大学排名,理工,rankOverall,2026软科理工 7 · 主榜参考 138,138,https://www.shanghairanking.cn/rankings/bcur/202614,campus,profile_campus,4144010560,汕头大学,本科,shanghairanking-bcur,yes,,广东以色列理工学院|汕头大学,no,
district,广东省,汕头市,龙湖区,1,1,4144012954,汕头职业技术学院,专科,no,,single_candidate,该行政单元在现行口径下只有 1 个候选，无需比较,policy,resolved_policy,shanghairanking-bcvcr-public-vocational,shanghairanking-bcvcr-public-vocational,shanghairanking-bcvcr-public-vocational,2026,中国高职专科院校排名（总榜）,综合,rankOverall,2026软科高职综合 112+ · 高职专科总榜 500+,500+,https://www.shanghairanking.cn/rankings/bcvcr/2026623,campus,profile_campus,,,,,no,,汕头职业技术学院,no,
district,广东省,汕头市,南澳县,0,0,,,,,,,,,no_candidate,,,,,,,,,,,,,,,,,no,,,no,
district,广东省,汕尾市,城区,2,2,4144010574,华南师范大学,本科,no,211|双一流,level_order,本科层次优先于更低层次候选（项目层次政策）,policy,resolved_policy,shanghairanking-bcur,shanghairanking-bcur,shanghairanking-bcur,2026,中国大学排名（主榜）,,rankOverall,2026软科 79,79,https://www.shanghairanking.cn/rankings/bcur/2026,campus,profile_campus,,,,,no,,华南师范大学,no,no comparable second place: the deciding rule set aside the other 1 candidate(s) without leaving anybody on the winner's own scale
district,广东省,汕尾市,海丰县,0,0,,,,,,,,,no_candidate,,,,,,,,,,,,,,,,,no,,,no,
district,广东省,汕尾市,陆丰市,0,0,,,,,,,,,no_candidate,,,,,,,,,,,,,,,,,no,,,no,
district,广东省,汕尾市,陆河县,0,0,,,,,,,,,no_candidate,,,,,,,,,,,,,,,,,no,,,no,
district,广东省,韶关市,乐昌市,0,0,,,,,,,,,no_candidate,,,,,,,,,,,,,,,,,no,,,no,
district,广东省,韶关市,南雄市,0,0,,,,,,,,,no_candidate,,,,,,,,,,,,,,,,,no,,,no,
district,广东省,韶关市,曲江区,1,1,4144012060,广东松山职业技术学院,专科,no,,single_candidate,该行政单元在现行口径下只有 1 个候选，无需比较,policy,resolved_policy,shanghairanking-bcvcr-public-vocational,shanghairanking-bcvcr-public-vocational,shanghairanking-bcvcr-public-vocational,2026,中国高职专科院校排名（总榜）,理工,rankOverall,2026软科高职专科总榜 328,328,https://www.shanghairanking.cn/rankings/bcvcr/2026623,campus,profile_campus,,,,,no,,广东松山职业技术学院,no,
district,广东省,韶关市,仁化县,0,0,,,,,,,,,no_candidate,,,,,,,,,,,,,,,,,no,,,no,
district,广东省,韶关市,乳源瑶族自治县,0,0,,,,,,,,,no_candidate,,,,,,,,,,,,,,,,,no,,,no,
district,广东省,韶关市,始兴县,0,0,,,,,,,,,no_candidate,,,,,,,,,,,,,,,,,no,,,no,
district,广东省,韶关市,翁源县,0,0,,,,,,,,,no_candidate,,,,,,,,,,,,,,,,,no,,,no,
district,广东省,韶关市,武江区,1,1,4144010576,韶关学院,本科,no,,single_candidate,该行政单元在现行口径下只有 1 个候选，无需比较,policy,resolved_policy,shanghairanking-bcur,shanghairanking-bcur,shanghairanking-bcur,2026,中国大学排名（主榜）,,rankOverall,2026软科 425,425,https://www.shanghairanking.cn/rankings/bcur/2026,campus,profile_campus,,,,,no,,韶关学院,no,
district,广东省,韶关市,新丰县,0,0,,,,,,,,,no_candidate,,,,,,,,,,,,,,,,,no,,,no,
district,广东省,韶关市,浈江区,2,2,4144010576,韶关学院,本科,no,,level_order,本科层次优先于更低层次候选（项目层次政策）,policy,resolved_policy,shanghairanking-bcur,shanghairanking-bcur,shanghairanking-bcur,2026,中国大学排名（主榜）,,rankOverall,2026软科 425,425,https://www.shanghairanking.cn/rankings/bcur/2026,campus,profile_campus,,,,,no,,韶关学院,no,no comparable second place: the deciding rule set aside the other 1 candidate(s) without leaving anybody on the winner's own scale
district,广东省,深圳市,宝安区,1,1,4144013715,广州涉外经济职业技术学院,专科,yes,,single_candidate,该行政单元在现行口径下只有 1 个候选，无需比较,policy,resolved_policy,shanghairanking-bcvcr-private-vocational,shanghairanking-bcvcr-private-vocational,shanghairanking-bcvcr-private-vocational,2026,民办高职专科院校排名,,ranking,2026软科民办高职专科 100+,100+,https://www.shanghairanking.cn/rankings/bcvcr/2026633,campus,historical_campus,,,,,no,,广州涉外经济职业技术学院,no,
district,广东省,深圳市,福田区,1,1,4144011113,深圳职业技术大学,本科,no,,single_candidate,该行政单元在现行口径下只有 1 个候选，无需比较,policy,resolved_policy,shanghairanking-bcvcr-public-vocational-undergraduate,shanghairanking-bcvcr-public-vocational-undergraduate,shanghairanking-bcvcr-public-vocational-undergraduate,2026,中国职业本科大学排名,,ranking,2026软科职业本科大学 1,1,https://www.shanghairanking.cn/rankings/bcvcr/2026749,campus,profile_campus,,,,,no,,深圳职业技术大学,no,
district,广东省,深圳市,光明区,2,2,4144010558,中山大学,本科,no,985|211|双一流,prestige_tag,985 标签优先于无重点标签（国家官方重点建设名单）,strong,resolved_strong,shanghairanking-bcur,shanghairanking-bcur,shanghairanking-bcur,2026,中国大学排名（主榜）,,rankOverall,2026软科 13,13,https://www.shanghairanking.cn/rankings/bcur/2026,campus,verified_campus,,,,,no,,中山大学,no,no comparable second place: the deciding rule set aside the other 1 candidate(s) without leaving anybody on the winner's own scale
district,广东省,深圳市,龙岗区,4,4,4144016407,香港中文大学（深圳）,本科,no,,cross_group_scale_policy,香港中文大学（深圳） 取自主榜序列；其余候选分属不同榜单体系，名次不可直接比较，按当前项目政策以主榜序列为先；候选池先按层次收敛：本科层次优先于更低层次（项目层次政策）,policy,resolved_policy,shanghairanking-bcur,shanghairanking-bcur,shanghairanking-bcur,2026,中国合作办学大学排名,综合,rankOverall,2026软科 1,39,https://www.shanghairanking.cn/rankings/bcur/202614,campus,profile_campus,4144016409,深圳北理莫斯科大学,本科,shanghairanking-bcur,yes,,香港中文大学（深圳）|深圳北理莫斯科大学,no,
district,广东省,深圳市,龙华区,0,0,,,,,,,,,no_candidate,,,,,,,,,,,,,,,,,no,,,no,
district,广东省,深圳市,罗湖区,0,0,,,,,,,,,no_candidate,,,,,,,,,,,,,,,,,no,,,no,
district,广东省,深圳市,南山区,7,7,4123010213,哈尔滨工业大学,本科,no,985|211|双一流,prestige_tag,985 标签优先于双一流（国家官方重点建设名单）,strong,resolved_strong,shanghairanking-bcur,shanghairanking-bcur,shanghairanking-bcur,2026,中国大学排名（主榜）,,rankOverall,2026软科 12,12,https://www.shanghairanking.cn/rankings/bcur/2026,campus,verified_campus,4144014325,南方科技大学,本科,shanghairanking-bcur,yes,,哈尔滨工业大学|南方科技大学,no,
district,广东省,深圳市,坪山区,1,1,4144014655,深圳技术大学,本科,no,,single_candidate,该行政单元在现行口径下只有 1 个候选，无需比较,policy,resolved_policy,shanghairanking-bcur,shanghairanking-bcur,shanghairanking-bcur,2026,中国大学排名（主榜）,,rankOverall,2026软科 283,283,https://www.shanghairanking.cn/rankings/bcur/2026,campus,profile_campus,,,,,no,,深圳技术大学,no,
district,广东省,深圳市,盐田区,0,0,,,,,,,,,no_candidate,,,,,,,,,,,,,,,,,no,,,no,
district,广东省,阳江市,江城区,3,3,4144010566,广东海洋大学,本科,no,,public_before_private,同层次同标签下公办优先（按当前项目政策，非排名证据）；候选池先按层次收敛：本科层次优先于更低层次（项目层次政策）,policy,resolved_policy,shanghairanking-bcur,shanghairanking-bcur,shanghairanking-bcur,2026,中国大学排名（主榜）,,rankOverall,2026软科 298,298,https://www.shanghairanking.cn/rankings/bcur/2026,campus,profile_campus,,,,,no,,广东海洋大学,yes,no comparable second place: the deciding rule set aside the other 2 candidate(s) without leaving anybody on the winner's own scale
district,广东省,阳江市,阳春市,0,0,,,,,,,,,no_candidate,,,,,,,,,,,,,,,,,no,,,no,
district,广东省,阳江市,阳东区,1,1,4144012771,阳江职业技术学院,专科,no,,single_candidate,该行政单元在现行口径下只有 1 个候选，无需比较,policy,resolved_policy,shanghairanking-bcvcr-public-vocational,shanghairanking-bcvcr-public-vocational,shanghairanking-bcvcr-public-vocational,2026,中国高职专科院校排名（总榜）,综合,rankOverall,2026软科高职综合 112+ · 高职专科总榜 500+,500+,https://www.shanghairanking.cn/rankings/bcvcr/2026623,campus,historical_campus,,,,,no,,阳江职业技术学院,no,
district,广东省,阳江市,阳西县,0,0,,,,,,,,,no_candidate,,,,,,,,,,,,,,,,,no,,,no,
district,广东省,云浮市,罗定市,1,1,4144012770,罗定职业技术学院,专科,no,,single_candidate,该行政单元在现行口径下只有 1 个候选，无需比较,policy,resolved_policy,shanghairanking-bcvcr-public-vocational,shanghairanking-bcvcr-public-vocational,shanghairanking-bcvcr-public-vocational,2026,中国高职专科院校排名（总榜）,综合,rankOverall,2026软科高职综合 112+ · 高职专科总榜 500+,500+,https://www.shanghairanking.cn/rankings/bcvcr/2026623,campus,profile_campus,,,,,no,,罗定职业技术学院,no,
district,广东省,云浮市,新兴县,1,1,4144014760,广东云浮中医药职业学院,专科,no,,single_candidate,该行政单元在现行口径下只有 1 个候选，无需比较,policy,resolved_policy,shanghairanking-bcvcr-public-vocational,shanghairanking-bcvcr-public-vocational,shanghairanking-bcvcr-public-vocational,2026,中国高职专科院校排名（总榜）,医药,rankOverall,2026软科高职医药 46+ · 高职专科总榜 500+,500+,https://www.shanghairanking.cn/rankings/bcvcr/2026623,campus,profile_campus,,,,,no,,广东云浮中医药职业学院,no,
district,广东省,云浮市,郁南县,0,0,,,,,,,,,no_candidate,,,,,,,,,,,,,,,,,no,,,no,
district,广东省,云浮市,云安区,2,2,4144010573,广东药科大学,本科,no,,level_order,本科层次优先于更低层次候选（项目层次政策）,policy,resolved_policy,shanghairanking-bcur,shanghairanking-bcur,shanghairanking-bcur,2026,中国医药类大学排名,医药,rankOverall,2026软科医药 39 · 主榜参考 292,292,https://www.shanghairanking.cn/rankings/bcur/202621,campus,profile_campus,,,,,no,,广东药科大学,no,no comparable second place: the deciding rule set aside the other 1 candidate(s) without leaving anybody on the winner's own scale
district,广东省,云浮市,云城区,0,0,,,,,,,,,no_candidate,,,,,,,,,,,,,,,,,no,,,no,
district,广东省,湛江市,赤坎区,2,2,4144010579,岭南师范学院,本科,no,,level_order,本科层次优先于更低层次候选（项目层次政策）,policy,resolved_policy,shanghairanking-bcur,shanghairanking-bcur,shanghairanking-bcur,2026,中国大学排名（主榜）,,rankOverall,2026软科 391,391,https://www.shanghairanking.cn/rankings/bcur/2026,campus,profile_campus,,,,,no,,岭南师范学院,no,no comparable second place: the deciding rule set aside the other 1 candidate(s) without leaving anybody on the winner's own scale
district,广东省,湛江市,雷州市,0,0,,,,,,,,,no_candidate,,,,,,,,,,,,,,,,,no,,,no,
district,广东省,湛江市,廉江市,3,3,4144012960,广东司法警官职业学院,专科,no,,public_before_private,同层次同标签下公办优先（按当前项目政策，非排名证据）,policy,resolved_policy,shanghairanking-bcvcr-public-vocational,shanghairanking-bcvcr-public-vocational,shanghairanking-bcvcr-public-vocational,2026,中国高职专科院校排名（总榜）,政法,rankOverall,2026软科高职政法 9+ · 高职专科总榜 500+,500+,https://www.shanghairanking.cn/rankings/bcvcr/2026623,campus,historical_campus,4244050853,湛江幼儿师范专科学校,专科,shanghairanking-bcvcr-public-vocational,yes,,广东司法警官职业学院|湛江幼儿师范专科学校,yes,
district,广东省,湛江市,麻章区,4,4,4144010566,广东海洋大学,本科,no,,public_before_private,同层次同标签下公办优先（按当前项目政策，非排名证据）；公办候选之间再按同榜名次比较；候选池先按层次收敛：本科层次优先于更低层次（项目层次政策）,policy,resolved_policy,shanghairanking-bcur,shanghairanking-bcur,shanghairanking-bcur,2026,中国大学排名（主榜）,,rankOverall,2026软科 298,298,https://www.shanghairanking.cn/rankings/bcur/2026,campus,profile_campus,4144010579,岭南师范学院,本科,shanghairanking-bcur,yes,,广东海洋大学|岭南师范学院,yes,
district,广东省,湛江市,坡头区,0,0,,,,,,,,,no_candidate,,,,,,,,,,,,,,,,,no,,,no,
district,广东省,湛江市,遂溪县,2,2,4144010579,岭南师范学院,本科,no,,level_order,本科层次优先于更低层次候选（项目层次政策）,policy,resolved_policy,shanghairanking-bcur,shanghairanking-bcur,shanghairanking-bcur,2026,中国大学排名（主榜）,,rankOverall,2026软科 391,391,https://www.shanghairanking.cn/rankings/bcur/2026,campus,historical_campus,,,,,no,,岭南师范学院,no,no comparable second place: the deciding rule set aside the other 1 candidate(s) without leaving anybody on the winner's own scale
district,广东省,湛江市,吴川市,0,0,,,,,,,,,no_candidate,,,,,,,,,,,,,,,,,no,,,no,
district,广东省,湛江市,霞山区,2,2,4144010571,广东医科大学,本科,no,,comparable_ranking,广东医科大学 在同榜可比名次上优于 广东海洋大学（软科 bcur）,strong,resolved_strong,shanghairanking-bcur,shanghairanking-bcur,shanghairanking-bcur,2026,中国医药类大学排名,医药,rankOverall,2026软科医药 33 · 主榜参考 266,266,https://www.shanghairanking.cn/rankings/bcur/202621,campus,profile_campus,4144010566,广东海洋大学,本科,shanghairanking-bcur,yes,,广东医科大学|广东海洋大学,no,
district,广东省,湛江市,徐闻县,0,0,,,,,,,,,no_candidate,,,,,,,,,,,,,,,,,no,,,no,
district,广东省,肇庆市,德庆县,1,1,4144012961,广东亚视演艺职业学院,专科,yes,,single_candidate,该行政单元在现行口径下只有 1 个候选，无需比较,policy,resolved_policy,shanghairanking-bcvcr-private-vocational,shanghairanking-bcvcr-private-vocational,shanghairanking-bcvcr-private-vocational,2026,民办高职专科院校排名,,ranking,2026软科民办高职专科 79,79,https://www.shanghairanking.cn/rankings/bcvcr/2026633,campus,profile_campus,,,,,no,,广东亚视演艺职业学院,no,
district,广东省,肇庆市,鼎湖区,3,3,4144013657,广州应用科技学院,本科,yes,,comparable_ranking,广州应用科技学院 在同榜可比名次上优于 广东理工学院（软科 bcur-private）,strong,resolved_strong,shanghairanking-bcur-private,shanghairanking-bcur-private,shanghairanking-bcur-private,2026,中国民办高校排名（主榜）,,ranking,2026软科民办 74,74,https://www.shanghairanking.cn/rankings/bcur/202615,campus,profile_campus,4144013720,广东理工学院,本科,shanghairanking-bcur-private,yes,,广州应用科技学院|广东理工学院,yes,1 leading candidate(s) carry no official list ranking
district,广东省,肇庆市,端州区,5,5,4144011540,广东金融学院,本科,no,,public_before_private,同层次同标签下公办优先（按当前项目政策，非排名证据）；公办候选之间再按同榜名次比较,policy,resolved_policy,shanghairanking-bcur,shanghairanking-bcur,shanghairanking-bcur,2026,中国财经类大学排名,财经,rankOverall,2026软科财经 40 · 主榜参考 351,351,https://www.shanghairanking.cn/rankings/bcur/202622,campus,profile_campus,4144010580,肇庆学院,本科,shanghairanking-bcur,yes,,广东金融学院|肇庆学院,yes,1 leading candidate(s) carry no official list ranking
district,广东省,肇庆市,封开县,0,0,,,,,,,,,no_candidate,,,,,,,,,,,,,,,,,no,,,no,
district,广东省,肇庆市,高要区,2,2,4144013720,广东理工学院,本科,yes,,level_order,本科层次优先于更低层次候选（项目层次政策）,policy,resolved_policy,shanghairanking-bcur-private,shanghairanking-bcur-private,shanghairanking-bcur-private,2026,中国民办高校排名（主榜）,理工,rankOverall,2026软科民办 100+,100+,https://www.shanghairanking.cn/rankings/bcur/202615,campus,profile_campus,,,,,no,,广东理工学院,no,no comparable second place: the deciding rule set aside the other 1 candidate(s) without leaving anybody on the winner's own scale
district,广东省,肇庆市,广宁县,0,0,,,,,,,,,no_candidate,,,,,,,,,,,,,,,,,no,,,no,
district,广东省,肇庆市,怀集县,0,0,,,,,,,,,no_candidate,,,,,,,,,,,,,,,,,no,,,no,
district,广东省,肇庆市,四会市,4,4,4144012621,广州华商学院,本科,yes,,cross_group_scale_policy,广州华商学院 取自主榜序列；其余候选分属不同榜单体系，名次不可直接比较，按当前项目政策以主榜序列为先；候选池先按层次收敛：本科层次优先于更低层次（项目层次政策）,policy,resolved_policy,shanghairanking-bcur-private,shanghairanking-bcur-private,shanghairanking-bcur-private,2026,中国民办财经类高校排名,财经,rankOverall,2026软科民办 23,65,https://www.shanghairanking.cn/rankings/bcur/202616,campus,profile_campus,,,,,no,,广州华商学院,yes,1 leading candidate(s) carry no official list ranking; no comparable second place: the deciding rule set aside the other 3 candidate(s) without leaving anybody on the winner's own scale
district,广东省,珠海市,斗门区,0,0,,,,,,,,,no_candidate,,,,,,,,,,,,,,,,,no,,,no,
district,广东省,珠海市,金湾区,6,6,4122010183,吉林大学,本科,no,985|211|双一流,prestige_tag,985 标签优先于无重点标签（国家官方重点建设名单）,strong,resolved_strong,shanghairanking-bcur,shanghairanking-bcur,shanghairanking-bcur,2026,中国大学排名（主榜）,,rankOverall,2026软科 26,26,https://www.shanghairanking.cn/rankings/bcur/2026,campus,historical_campus,4152010661,遵义医科大学,本科,shanghairanking-bcur,yes,,吉林大学|遵义医科大学,no,
district,广东省,珠海市,香洲区,6,6,4144010558,中山大学,本科,no,985|211|双一流,comparable_ranking,中山大学 在同榜可比名次上优于 北京理工大学（软科 bcur）；候选池先按国家标签收敛：985,strong,resolved_strong,shanghairanking-bcur,shanghairanking-bcur,shanghairanking-bcur,2026,中国大学排名（主榜）,,rankOverall,2026软科 13,13,https://www.shanghairanking.cn/rankings/bcur/2026,campus,verified_campus,4111010007,北京理工大学,本科,shanghairanking-bcur,yes,,中山大学|北京理工大学,no,
district,广西壮族自治区,百色市,德保县,0,0,,,,,,,,,no_candidate,,,,,,,,,,,,,,,,,no,,,no,
district,广西壮族自治区,百色市,靖西市,0,0,,,,,,,,,no_candidate,,,,,,,,,,,,,,,,,no,,,no,
district,广西壮族自治区,百色市,乐业县,0,0,,,,,,,,,no_candidate,,,,,,,,,,,,,,,,,no,,,no,
district,广西壮族自治区,百色市,凌云县,0,0,,,,,,,,,no_candidate,,,,,,,,,,,,,,,,,no,,,no,
district,广西壮族自治区,百色市,隆林各族自治县,0,0,,,,,,,,,no_candidate,,,,,,,,,,,,,,,,,no,,,no,
district,广西壮族自治区,百色市,那坡县,0,0,,,,,,,,,no_candidate,,,,,,,,,,,,,,,,,no,,,no,
district,广西壮族自治区,百色市,平果市,3,3,4145014220,广西幼儿师范高等专科学校,专科,no,,public_before_private,同层次同标签下公办优先（按当前项目政策，非排名证据）,policy,resolved_policy,shanghairanking-bcvcr-public-vocational,shanghairanking-bcvcr-public-vocational,shanghairanking-bcvcr-public-vocational,2026,中国高职专科院校排名（总榜）,师范,rankOverall,2026软科高职专科总榜 241,241,https://www.shanghairanking.cn/rankings/bcvcr/2026623,campus,profile_campus,,,,,no,,广西幼儿师范高等专科学校,yes,no comparable second place: the deciding rule set aside the other 2 candidate(s) without leaving anybody on the winner's own scale
district,广西壮族自治区,百色市,田东县,0,0,,,,,,,,,no_candidate,,,,,,,,,,,,,,,,,no,,,no,
district,广西壮族自治区,百色市,田林县,0,0,,,,,,,,,no_candidate,,,,,,,,,,,,,,,,,no,,,no,
district,广西壮族自治区,百色市,田阳区,0,0,,,,,,,,,no_candidate,,,,,,,,,,,,,,,,,no,,,no,
district,广西壮族自治区,百色市,西林县,0,0,,,,,,,,,no_candidate,,,,,,,,,,,,,,,,,no,,,no,
district,广西壮族自治区,百色市,右江区,3,3,4145010599,右江民族医学院,本科,no,,comparable_ranking,右江民族医学院 在同榜可比名次上优于 百色学院（软科 bcur）；候选池先按层次收敛：本科层次优先于更低层次（项目层次政策）,strong,resolved_strong,shanghairanking-bcur,shanghairanking-bcur,shanghairanking-bcur,2026,中国医药类大学排名,医药,rankOverall,2026软科医药 50 · 主榜参考 382,382,https://www.shanghairanking.cn/rankings/bcur/202621,campus,profile_campus,4145010609,百色学院,本科,shanghairanking-bcur,yes,,右江民族医学院|百色学院,no,
district,广西壮族自治区,北海市,海城区,2,2,4131010248,上海交通大学,本科,no,985|211|双一流,level_order,本科层次优先于更低层次候选（项目层次政策）,policy,resolved_policy,shanghairanking-bcur,shanghairanking-bcur,shanghairanking-bcur,2026,中国大学排名（主榜）,,rankOverall,2026软科 4,4,https://www.shanghairanking.cn/rankings/bcur/2026,campus,historical_campus,,,,,no,,上海交通大学,no,no comparable second place: the deciding rule set aside the other 1 candidate(s) without leaving anybody on the winner's own scale
district,广西壮族自治区,北海市,合浦县,0,0,,,,,,,,,no_candidate,,,,,,,,,,,,,,,,,no,,,no,
district,广西壮族自治区,北海市,铁山港区,0,0,,,,,,,,,no_candidate,,,,,,,,,,,,,,,,,no,,,no,
district,广西壮族自治区,北海市,银海区,5,5,4145010595,桂林电子科技大学,本科,no,,public_before_private,同层次同标签下公办优先（按当前项目政策，非排名证据）；候选池先按层次收敛：本科层次优先于更低层次（项目层次政策）,policy,resolved_policy,shanghairanking-bcur,shanghairanking-bcur,shanghairanking-bcur,2026,中国大学排名（主榜）,,rankOverall,2026软科 183,183,https://www.shanghairanking.cn/rankings/bcur/2026,campus,profile_campus,,,,,no,,桂林电子科技大学,yes,1 leading candidate(s) carry no official list ranking; no comparable second place: the deciding rule set aside the other 4 candidate(s) without leaving anybody on the winner's own scale
district,广西壮族自治区,崇左市,大新县,0,0,,,,,,,,,no_candidate,,,,,,,,,,,,,,,,,no,,,no,
district,广西壮族自治区,崇左市,扶绥县,7,7,4145010596,桂林理工大学,本科,no,,public_before_private,同层次同标签下公办优先（按当前项目政策，非排名证据）；候选池先按层次收敛：本科层次优先于更低层次（项目层次政策）,policy,resolved_policy,shanghairanking-bcur,shanghairanking-bcur,shanghairanking-bcur,2026,中国大学排名（主榜）,,rankOverall,2026软科 258,258,https://www.shanghairanking.cn/rankings/bcur/2026,campus,profile_campus,,,,,no,,桂林理工大学,yes,no comparable second place: the deciding rule set aside the other 6 candidate(s) without leaving anybody on the winner's own scale
district,广西壮族自治区,崇左市,江州区,6,6,4145010602,广西师范大学,本科,no,,public_before_private,同层次同标签下公办优先（按当前项目政策，非排名证据）；公办候选之间再按同榜名次比较；候选池先按层次收敛：本科层次优先于更低层次（项目层次政策）,policy,resolved_policy,shanghairanking-bcur,shanghairanking-bcur,shanghairanking-bcur,2026,中国大学排名（主榜）,,rankOverall,2026软科 149,149,https://www.shanghairanking.cn/rankings/bcur/2026,campus,historical_campus,4145010604,广西民族师范学院,本科,shanghairanking-bcur,yes,,广西师范大学|广西民族师范学院,yes,
district,广西壮族自治区,崇左市,龙州县,0,0,,,,,,,,,no_candidate,,,,,,,,,,,,,,,,,no,,,no,
district,广西壮族自治区,崇左市,宁明县,0,0,,,,,,,,,no_candidate,,,,,,,,,,,,,,,,,no,,,no,
district,广西壮族自治区,崇左市,凭祥市,0,0,,,,,,,,,no_candidate,,,,,,,,,,,,,,,,,no,,,no,
district,广西壮族自治区,崇左市,天等县,0,0,,,,,,,,,no_candidate,,,,,,,,,,,,,,,,,no,,,no,
district,广西壮族自治区,防城港市,东兴市,0,0,,,,,,,,,no_candidate,,,,,,,,,,,,,,,,,no,,,no,
district,广西壮族自治区,防城港市,防城区,4,4,4145011548,广西财经学院,本科,no,,public_before_private,同层次同标签下公办优先（按当前项目政策，非排名证据）；候选池先按层次收敛：本科层次优先于更低层次（项目层次政策）,policy,resolved_policy,shanghairanking-bcur,shanghairanking-bcur,shanghairanking-bcur,2026,中国财经类大学排名,财经,rankOverall,2026软科财经 41 · 主榜参考 372,372,https://www.shanghairanking.cn/rankings/bcur/202622,campus,historical_campus,,,,,no,,广西财经学院,yes,no comparable second place: the deciding rule set aside the other 3 candidate(s) without leaving anybody on the winner's own scale
district,广西壮族自治区,防城港市,港口区,0,0,,,,,,,,,no_candidate,,,,,,,,,,,,,,,,,no,,,no,
district,广西壮族自治区,防城港市,上思县,0,0,,,,,,,,,no_candidate,,,,,,,,,,,,,,,,,no,,,no,
district,广西壮族自治区,贵港市,港北区,2,2,4145012364,广西工业职业技术学院,专科,no,,comparable_ranking,广西工业职业技术学院 在同榜可比名次上优于 广西物流职业技术学院（软科 bcvcr-public-vocational）,strong,resolved_strong,shanghairanking-bcvcr-public-vocational,shanghairanking-bcvcr-public-vocational,shanghairanking-bcvcr-public-vocational,2026,中国高职专科院校排名（总榜）,理工,rankOverall,2026软科高职专科总榜 146,146,https://www.shanghairanking.cn/rankings/bcvcr/2026623,campus,profile_campus,4145014723,广西物流职业技术学院,专科,shanghairanking-bcvcr-public-vocational,yes,,广西工业职业技术学院|广西物流职业技术学院,no,
district,广西壮族自治区,贵港市,港南区,0,0,,,,,,,,,no_candidate,,,,,,,,,,,,,,,,,no,,,no,
district,广西壮族自治区,贵港市,桂平市,0,0,,,,,,,,,no_candidate,,,,,,,,,,,,,,,,,no,,,no,
district,广西壮族自治区,贵港市,平南县,1,1,4145014969,贵港应用技术职业学院,专科,yes,,single_candidate,该行政单元在现行口径下只有 1 个候选，无需比较,policy,resolved_policy,,,,,,,,,,,campus,verified_campus,,,,,no,,贵港应用技术职业学院,no,
district,广西壮族自治区,贵港市,覃塘区,0,0,,,,,,,,,no_candidate,,,,,,,,,,,,,,,,,no,,,no,
district,广西壮族自治区,桂林市,叠彩区,0,0,,,,,,,,,no_candidate,,,,,,,,,,,,,,,,,no,,,no,
district,广西壮族自治区,桂林市,恭城瑶族自治县,0,0,,,,,,,,,no_candidate,,,,,,,,,,,,,,,,,no,,,no,
district,广西壮族自治区,桂林市,灌阳县,0,0,,,,,,,,,no_candidate,,,,,,,,,,,,,,,,,no,,,no,
district,广西壮族自治区,桂林市,荔浦市,0,0,,,,,,,,,no_candidate,,,,,,,,,,,,,,,,,no,,,no,
district,广西壮族自治区,桂林市,临桂区,4,4,4145010601,桂林医科大学,本科,no,,public_before_private,同层次同标签下公办优先（按当前项目政策，非排名证据）；候选池先按层次收敛：本科层次优先于更低层次（项目层次政策）,policy,resolved_policy,shanghairanking-bcur,shanghairanking-bcur,shanghairanking-bcur,2026,中国医药类大学排名,医药,rankOverall,2026软科医药 38 · 主榜参考 291,291,https://www.shanghairanking.cn/rankings/bcur/202621,campus,profile_campus,,,,,no,,桂林医科大学,yes,1 leading candidate(s) carry no official list ranking; no comparable second place: the deciding rule set aside the other 3 candidate(s) without leaving anybody on the winner's own scale
district,广西壮族自治区,桂林市,灵川县,3,3,4145010595,桂林电子科技大学,本科,no,,level_order,本科层次优先于更低层次候选（项目层次政策）,policy,resolved_policy,shanghairanking-bcur,shanghairanking-bcur,shanghairanking-bcur,2026,中国大学排名（主榜）,,rankOverall,2026软科 183,183,https://www.shanghairanking.cn/rankings/bcur/2026,campus,profile_campus,,,,,no,,桂林电子科技大学,no,no comparable second place: the deciding rule set aside the other 2 candidate(s) without leaving anybody on the winner's own scale
district,广西壮族自治区,桂林市,龙胜各族自治县,0,0,,,,,,,,,no_candidate,,,,,,,,,,,,,,,,,no,,,no,
district,广西壮族自治区,桂林市,平乐县,0,0,,,,,,,,,no_candidate,,,,,,,,,,,,,,,,,no,,,no,
district,广西壮族自治区,桂林市,七星区,6,6,4145010602,广西师范大学,本科,no,,comparable_ranking,广西师范大学 在同榜可比名次上优于 桂林电子科技大学（软科 bcur）,strong,resolved_strong,shanghairanking-bcur,shanghairanking-bcur,shanghairanking-bcur,2026,中国大学排名（主榜）,,rankOverall,2026软科 149,149,https://www.shanghairanking.cn/rankings/bcur/2026,campus,profile_campus,4145010595,桂林电子科技大学,本科,shanghairanking-bcur,yes,,广西师范大学|桂林电子科技大学,no,
district,广西壮族自治区,桂林市,全州县,0,0,,,,,,,,,no_candidate,,,,,,,,,,,,,,,,,no,,,no,
district,广西壮族自治区,桂林市,象山区,0,0,,,,,,,,,no_candidate,,,,,,,,,,,,,,,,,no,,,no,
district,广西壮族自治区,桂林市,兴安县,0,0,,,,,,,,,no_candidate,,,,,,,,,,,,,,,,,no,,,no,
district,广西壮族自治区,桂林市,秀峰区,4,4,4145010602,广西师范大学,本科,no,,comparable_ranking,广西师范大学 在同榜可比名次上优于 桂林医科大学（软科 bcur）；候选池先按层次收敛：本科层次优先于更低层次（项目层次政策）,strong,resolved_strong,shanghairanking-bcur,shanghairanking-bcur,shanghairanking-bcur,2026,中国大学排名（主榜）,,rankOverall,2026软科 149,149,https://www.shanghairanking.cn/rankings/bcur/2026,campus,profile_campus,4145010601,桂林医科大学,本科,shanghairanking-bcur,yes,,广西师范大学|桂林医科大学,no,
district,广西壮族自治区,桂林市,雁山区,6,6,4145010602,广西师范大学,本科,no,,public_before_private,同层次同标签下公办优先（按当前项目政策，非排名证据）；公办候选之间再按同榜名次比较,policy,resolved_policy,shanghairanking-bcur,shanghairanking-bcur,shanghairanking-bcur,2026,中国大学排名（主榜）,,rankOverall,2026软科 149,149,https://www.shanghairanking.cn/rankings/bcur/2026,campus,profile_campus,4145010596,桂林理工大学,本科,shanghairanking-bcur,yes,,广西师范大学|桂林理工大学,yes,1 leading candidate(s) carry no official list ranking
district,广西壮族自治区,桂林市,阳朔县,0,0,,,,,,,,,no_candidate,,,,,,,,,,,,,,,,,no,,,no,
district,广西壮族自治区,桂林市,永福县,1,1,4145014822,桂林信息工程职业学院,专科,yes,,single_candidate,该行政单元在现行口径下只有 1 个候选，无需比较,policy,resolved_policy,,,,,,,,,,,campus,profile_campus,,,,,no,,桂林信息工程职业学院,no,
district,广西壮族自治区,桂林市,资源县,0,0,,,,,,,,,no_candidate,,,,,,,,,,,,,,,,,no,,,no,
district,广西壮族自治区,河池市,巴马瑶族自治县,1,1,4145011837,桂林旅游学院,本科,no,,single_candidate,该行政单元在现行口径下只有 1 个候选，无需比较,policy,resolved_policy,shanghairanking-bcur,shanghairanking-bcur,shanghairanking-bcur,2026,中国财经类大学排名,财经,rankOverall,2026软科财经 46+ · 主榜参考 500+,500+,https://www.shanghairanking.cn/rankings/bcur/202622,campus,historical_campus,,,,,no,,桂林旅游学院,no,
district,广西壮族自治区,河池市,大化瑶族自治县,1,1,4145014170,广西理工职业技术学院,专科,yes,,single_candidate,该行政单元在现行口径下只有 1 个候选，无需比较,policy,resolved_policy,shanghairanking-bcvcr-private-vocational,shanghairanking-bcvcr-private-vocational,shanghairanking-bcvcr-private-vocational,2026,民办高职专科院校排名,,ranking,2026软科民办高职专科 59,59,https://www.shanghairanking.cn/rankings/bcvcr/2026633,campus,historical_campus,,,,,no,,广西理工职业技术学院,no,
district,广西壮族自治区,河池市,东兰县,0,0,,,,,,,,,no_candidate,,,,,,,,,,,,,,,,,no,,,no,
district,广西壮族自治区,河池市,都安瑶族自治县,0,0,,,,,,,,,no_candidate,,,,,,,,,,,,,,,,,no,,,no,
district,广西壮族自治区,河池市,凤山县,0,0,,,,,,,,,no_candidate,,,,,,,,,,,,,,,,,no,,,no,
district,广西壮族自治区,河池市,环江毛南族自治县,0,0,,,,,,,,,no_candidate,,,,,,,,,,,,,,,,,no,,,no,
district,广西壮族自治区,河池市,金城江区,1,1,4145013522,广西现代职业技术学院,专科,no,,single_candidate,该行政单元在现行口径下只有 1 个候选，无需比较,policy,resolved_policy,shanghairanking-bcvcr-public-vocational,shanghairanking-bcvcr-public-vocational,shanghairanking-bcvcr-public-vocational,2026,中国高职专科院校排名（总榜）,综合,rankOverall,2026软科高职专科总榜 440,440,https://www.shanghairanking.cn/rankings/bcvcr/2026623,campus,profile_campus,,,,,no,,广西现代职业技术学院,no,
district,广西壮族自治区,河池市,罗城仫佬族自治县,0,0,,,,,,,,,no_candidate,,,,,,,,,,,,,,,,,no,,,no,
district,广西壮族自治区,河池市,南丹县,0,0,,,,,,,,,no_candidate,,,,,,,,,,,,,,,,,no,,,no,
district,广西壮族自治区,河池市,天峨县,0,0,,,,,,,,,no_candidate,,,,,,,,,,,,,,,,,no,,,no,
district,广西壮族自治区,河池市,宜州区,1,1,4145010605,河池学院,本科,no,,single_candidate,该行政单元在现行口径下只有 1 个候选，无需比较,policy,resolved_policy,shanghairanking-bcur,shanghairanking-bcur,shanghairanking-bcur,2026,中国大学排名（主榜）,,rankOverall,2026软科 500+,500+,https://www.shanghairanking.cn/rankings/bcur/2026,campus,profile_campus,,,,,no,,河池学院,no,
district,广西壮族自治区,贺州市,八步区,1,1,4145011838,贺州学院,本科,no,,single_candidate,该行政单元在现行口径下只有 1 个候选，无需比较,policy,resolved_policy,shanghairanking-bcur,shanghairanking-bcur,shanghairanking-bcur,2026,中国大学排名（主榜）,,rankOverall,2026软科 497,497,https://www.shanghairanking.cn/rankings/bcur/2026,campus,profile_campus,,,,,no,,贺州学院,no,
district,广西壮族自治区,贺州市,富川瑶族自治县,0,0,,,,,,,,,no_candidate,,,,,,,,,,,,,,,,,no,,,no,
district,广西壮族自治区,贺州市,平桂区,1,1,4145014966,贺州职业技术学院,专科,no,,single_candidate,该行政单元在现行口径下只有 1 个候选，无需比较,policy,resolved_policy,,,,,,,,,,,district_association,association,,,,,no,,贺州职业技术学院,no,
district,广西壮族自治区,贺州市,昭平县,1,1,4145014966,贺州职业技术学院,专科,no,,single_candidate,该行政单元在现行口径下只有 1 个候选，无需比较,policy,resolved_policy,,,,,,,,,,,campus,corroborated_campus,,,,,no,,贺州职业技术学院,no,
district,广西壮族自治区,贺州市,钟山县,0,0,,,,,,,,,no_candidate,,,,,,,,,,,,,,,,,no,,,no,
district,广西壮族自治区,来宾市,合山市,0,0,,,,,,,,,no_candidate,,,,,,,,,,,,,,,,,no,,,no,
district,广西壮族自治区,来宾市,金秀瑶族自治县,0,0,,,,,,,,,no_candidate,,,,,,,,,,,,,,,,,no,,,no,
district,广西壮族自治区,来宾市,武宣县,0,0,,,,,,,,,no_candidate,,,,,,,,,,,,,,,,,no,,,no,
district,广西壮族自治区,来宾市,象州县,0,0,,,,,,,,,no_candidate,,,,,,,,,,,,,,,,,no,,,no,
district,广西壮族自治区,来宾市,忻城县,0,0,,,,,,,,,no_candidate,,,,,,,,,,,,,,,,,no,,,no,
district,广西壮族自治区,来宾市,兴宾区,3,3,4145011546,广西科技师范学院,本科,no,,deterministic_fallback_policy,广西科技师范学院 由项目稳定兜底规则选出：在层次、重点标签、公办/民办与可比榜单仍无法唯一分开时，按榜单体系优先级、区间下界与稳定名称顺序决定展示 winner；该结论不是发布方跨榜排名；候选池先按层次收敛：本科层次优先于更低层次（项目层次政策）,policy,resolved_policy,shanghairanking-bcur,shanghairanking-bcur,shanghairanking-bcur,2026,中国大学排名（主榜）,,rankOverall,2026软科 500+,500+,https://www.shanghairanking.cn/rankings/bcur/2026,campus,profile_campus,4145011825,桂林航天工业学院,本科,shanghairanking-bcur,yes,,广西科技师范学院|桂林航天工业学院,no,
district,广西壮族自治区,柳州市,城中区,1,1,4145010594,广西科技大学,本科,no,,single_candidate,该行政单元在现行口径下只有 1 个候选，无需比较,policy,resolved_policy,shanghairanking-bcur,shanghairanking-bcur,shanghairanking-bcur,2026,中国大学排名（主榜）,,rankOverall,2026软科 329,329,https://www.shanghairanking.cn/rankings/bcur/2026,campus,profile_campus,,,,,no,,广西科技大学,no,
district,广西壮族自治区,柳州市,柳北区,2,2,4145011546,广西科技师范学院,本科,no,,level_order,本科层次优先于更低层次候选（项目层次政策）,policy,resolved_policy,shanghairanking-bcur,shanghairanking-bcur,shanghairanking-bcur,2026,中国大学排名（主榜）,,rankOverall,2026软科 500+,500+,https://www.shanghairanking.cn/rankings/bcur/2026,campus,profile_campus,,,,,no,,广西科技师范学院,no,no comparable second place: the deciding rule set aside the other 1 candidate(s) without leaving anybody on the winner's own scale
district,广西壮族自治区,柳州市,柳城县,0,0,,,,,,,,,no_candidate,,,,,,,,,,,,,,,,,no,,,no,
district,广西壮族自治区,柳州市,柳江区,0,0,,,,,,,,,no_candidate,,,,,,,,,,,,,,,,,no,,,no,
district,广西壮族自治区,柳州市,柳南区,0,0,,,,,,,,,no_candidate,,,,,,,,,,,,,,,,,no,,,no,
district,广西壮族自治区,柳州市,鹿寨县,1,1,4145014067,柳州城市职业学院,专科,no,,single_candidate,该行政单元在现行口径下只有 1 个候选，无需比较,policy,resolved_policy,shanghairanking-bcvcr-public-vocational,shanghairanking-bcvcr-public-vocational,shanghairanking-bcvcr-public-vocational,2026,中国高职专科院校排名（总榜）,综合,rankOverall,2026软科高职专科总榜 362,362,https://www.shanghairanking.cn/rankings/bcvcr/2026623,campus,profile_campus,,,,,no,,柳州城市职业学院,no,
district,广西壮族自治区,柳州市,融安县,0,0,,,,,,,,,no_candidate,,,,,,,,,,,,,,,,,no,,,no,
district,广西壮族自治区,柳州市,融水苗族自治县,0,0,,,,,,,,,no_candidate,,,,,,,,,,,,,,,,,no,,,no,
district,广西壮族自治区,柳州市,三江侗族自治县,0,0,,,,,,,,,no_candidate,,,,,,,,,,,,,,,,,no,,,no,
district,广西壮族自治区,柳州市,鱼峰区,6,6,4145010594,广西科技大学,本科,no,,public_before_private,同层次同标签下公办优先（按当前项目政策，非排名证据）；候选池先按层次收敛：本科层次优先于更低层次（项目层次政策）,policy,resolved_policy,shanghairanking-bcur,shanghairanking-bcur,shanghairanking-bcur,2026,中国大学排名（主榜）,,rankOverall,2026软科 329,329,https://www.shanghairanking.cn/rankings/bcur/2026,campus,profile_campus,,,,,no,,广西科技大学,yes,no comparable second place: the deciding rule set aside the other 5 candidate(s) without leaving anybody on the winner's own scale
district,广西壮族自治区,南宁市,宾阳县,0,0,,,,,,,,,no_candidate,,,,,,,,,,,,,,,,,no,,,no,
district,广西壮族自治区,南宁市,横州市,0,0,,,,,,,,,no_candidate,,,,,,,,,,,,,,,,,no,,,no,
district,广西壮族自治区,南宁市,江南区,5,5,4145011773,广西职业技术大学,本科,no,,public_before_private,同层次同标签下公办优先（按当前项目政策，非排名证据）；候选池先按层次收敛：本科层次优先于更低层次（项目层次政策）,policy,resolved_policy,shanghairanking-bcvcr-public-vocational-undergraduate,shanghairanking-bcvcr-public-vocational-undergraduate,shanghairanking-bcvcr-public-vocational-undergraduate,2026,中国职业本科大学排名,,ranking,2026软科职业本科大学 63,63,https://www.shanghairanking.cn/rankings/bcvcr/2026749,campus,profile_campus,,,,,no,,广西职业技术大学,yes,no comparable second place: the deciding rule set aside the other 4 candidate(s) without leaving anybody on the winner's own scale
district,广西壮族自治区,南宁市,良庆区,2,2,4145010598,广西医科大学,本科,no,,level_order,本科层次优先于更低层次候选（项目层次政策）,policy,resolved_policy,shanghairanking-bcur,shanghairanking-bcur,shanghairanking-bcur,2026,中国医药类大学排名,医药,rankOverall,2026软科医药 18 · 主榜参考 151,151,https://www.shanghairanking.cn/rankings/bcur/202621,campus,profile_campus,,,,,no,,广西医科大学,no,no comparable second place: the deciding rule set aside the other 1 candidate(s) without leaving anybody on the winner's own scale
district,广西壮族自治区,南宁市,隆安县,0,0,,,,,,,,,no_candidate,,,,,,,,,,,,,,,,,no,,,no,
district,广西壮族自治区,南宁市,马山县,0,0,,,,,,,,,no_candidate,,,,,,,,,,,,,,,,,no,,,no,
district,广西壮族自治区,南宁市,青秀区,12,12,4145010598,广西医科大学,本科,no,,public_before_private,同层次同标签下公办优先（按当前项目政策，非排名证据）；公办候选之间再按同榜名次比较；候选池先按层次收敛：本科层次优先于更低层次（项目层次政策）,policy,resolved_policy,shanghairanking-bcur,shanghairanking-bcur,shanghairanking-bcur,2026,中国医药类大学排名,医药,rankOverall,2026软科医药 18 · 主榜参考 151,151,https://www.shanghairanking.cn/rankings/bcur/202621,campus,profile_campus,4145010600,广西中医药大学,本科,shanghairanking-bcur,yes,,广西医科大学|广西中医药大学,yes,1 leading candidate(s) carry no official list ranking
district,广西壮族自治区,南宁市,上林县,0,0,,,,,,,,,no_candidate,,,,,,,,,,,,,,,,,no,,,no,
district,广西壮族自治区,南宁市,武鸣区,15,15,4145010598,广西医科大学,本科,no,,public_before_private,同层次同标签下公办优先（按当前项目政策，非排名证据）；公办候选之间再按同榜名次比较；候选池先按层次收敛：本科层次优先于更低层次（项目层次政策）,policy,resolved_policy,shanghairanking-bcur,shanghairanking-bcur,shanghairanking-bcur,2026,中国医药类大学排名,医药,rankOverall,2026软科医药 18 · 主榜参考 151,151,https://www.shanghairanking.cn/rankings/bcur/202621,campus,profile_campus,4145010608,广西民族大学,本科,shanghairanking-bcur,yes,,广西医科大学|广西民族大学,yes,
district,广西壮族自治区,南宁市,西乡塘区,20,20,4145010593,广西大学,本科,no,211|双一流,prestige_tag,211 标签优先于无重点标签（国家官方重点建设名单）,strong,resolved_strong,shanghairanking-bcur,shanghairanking-bcur,shanghairanking-bcur,2026,中国大学排名（主榜）,,rankOverall,2026软科 86,86,https://www.shanghairanking.cn/rankings/bcur/2026,campus,profile_campus,4145010600,广西中医药大学,本科,shanghairanking-bcur,yes,,广西大学|广西中医药大学,no,
district,广西壮族自治区,南宁市,兴宁区,7,7,4145010603,南宁师范大学,本科,no,,public_before_private,同层次同标签下公办优先（按当前项目政策，非排名证据）；候选池先按层次收敛：本科层次优先于更低层次（项目层次政策）,policy,resolved_policy,shanghairanking-bcur,shanghairanking-bcur,shanghairanking-bcur,2026,中国大学排名（主榜）,,rankOverall,2026软科 295,295,https://www.shanghairanking.cn/rankings/bcur/2026,campus,profile_campus,,,,,no,,南宁师范大学,yes,no comparable second place: the deciding rule set aside the other 6 candidate(s) without leaving anybody on the winner's own scale
district,广西壮族自治区,南宁市,邕宁区,3,3,4145011549,南宁学院,本科,yes,,level_order,本科层次优先于更低层次候选（项目层次政策）,policy,resolved_policy,shanghairanking-bcur-private,shanghairanking-bcur-private,shanghairanking-bcur-private,2026,中国民办高校排名（主榜）,,ranking,2026软科民办 44,44,https://www.shanghairanking.cn/rankings/bcur/202615,campus,historical_campus,,,,,no,,南宁学院,no,no comparable second place: the deciding rule set aside the other 2 candidate(s) without leaving anybody on the winner's own scale
district,广西壮族自治区,钦州市,灵山县,1,1,4145011608,广西水利电力职业技术学院,专科,no,,single_candidate,该行政单元在现行口径下只有 1 个候选，无需比较,policy,resolved_policy,shanghairanking-bcvcr-public-vocational,shanghairanking-bcvcr-public-vocational,shanghairanking-bcvcr-public-vocational,2026,中国高职专科院校排名（总榜）,理工,rankOverall,2026软科高职专科总榜 70,70,https://www.shanghairanking.cn/rankings/bcvcr/2026623,campus,historical_campus,,,,,no,,广西水利电力职业技术学院,no,
district,广西壮族自治区,钦州市,浦北县,0,0,,,,,,,,,no_candidate,,,,,,,,,,,,,,,,,no,,,no,
district,广西壮族自治区,钦州市,钦北区,0,0,,,,,,,,,no_candidate,,,,,,,,,,,,,,,,,no,,,no,
district,广西壮族自治区,钦州市,钦南区,3,3,4145011607,北部湾大学,本科,no,,level_order,本科层次优先于更低层次候选（项目层次政策）,policy,resolved_policy,shanghairanking-bcur,shanghairanking-bcur,shanghairanking-bcur,2026,中国大学排名（主榜）,,rankOverall,2026软科 422,422,https://www.shanghairanking.cn/rankings/bcur/2026,campus,profile_campus,,,,,no,,北部湾大学,no,no comparable second place: the deciding rule set aside the other 2 candidate(s) without leaving anybody on the winner's own scale
district,广西壮族自治区,梧州市,苍梧县,0,0,,,,,,,,,no_candidate,,,,,,,,,,,,,,,,,no,,,no,
district,广西壮族自治区,梧州市,岑溪市,0,0,,,,,,,,,no_candidate,,,,,,,,,,,,,,,,,no,,,no,
district,广西壮族自治区,梧州市,龙圩区,1,1,4145014694,梧州医学高等专科学校,专科,yes,,single_candidate,该行政单元在现行口径下只有 1 个候选，无需比较,policy,resolved_policy,shanghairanking-bcvcr-private-vocational,shanghairanking-bcvcr-private-vocational,shanghairanking-bcvcr-private-vocational,2026,民办高职专科院校排名,,ranking,2026软科民办高职专科 100+,100+,https://www.shanghairanking.cn/rankings/bcvcr/2026633,campus,profile_campus,,,,,no,,梧州医学高等专科学校,no,
district,广西壮族自治区,梧州市,蒙山县,0,0,,,,,,,,,no_candidate,,,,,,,,,,,,,,,,,no,,,no,
district,广西壮族自治区,梧州市,藤县,0,0,,,,,,,,,no_candidate,,,,,,,,,,,,,,,,,no,,,no,
district,广西壮族自治区,梧州市,万秀区,1,1,4145011354,梧州学院,本科,no,,single_candidate,该行政单元在现行口径下只有 1 个候选，无需比较,policy,resolved_policy,shanghairanking-bcur,shanghairanking-bcur,shanghairanking-bcur,2026,中国大学排名（主榜）,,rankOverall,2026软科 500+,500+,https://www.shanghairanking.cn/rankings/bcur/2026,campus,profile_campus,,,,,no,,梧州学院,no,
district,广西壮族自治区,梧州市,长洲区,1,1,4145014171,梧州职业学院,专科,no,,single_candidate,该行政单元在现行口径下只有 1 个候选，无需比较,policy,resolved_policy,shanghairanking-bcvcr-public-vocational,shanghairanking-bcvcr-public-vocational,shanghairanking-bcvcr-public-vocational,2026,中国高职专科院校排名（总榜）,综合,rankOverall,2026软科高职综合 112+ · 高职专科总榜 500+,500+,https://www.shanghairanking.cn/rankings/bcvcr/2026623,campus,profile_campus,,,,,no,,梧州职业学院,no,
district,广西壮族自治区,玉林市,北流市,1,1,4145010598,广西医科大学,本科,no,,single_candidate,该行政单元在现行口径下只有 1 个候选，无需比较,policy,resolved_policy,shanghairanking-bcur,shanghairanking-bcur,shanghairanking-bcur,2026,中国医药类大学排名,医药,rankOverall,2026软科医药 18 · 主榜参考 151,151,https://www.shanghairanking.cn/rankings/bcur/202621,campus,profile_campus,,,,,no,,广西医科大学,no,
district,广西壮族自治区,玉林市,博白县,0,0,,,,,,,,,no_candidate,,,,,,,,,,,,,,,,,no,,,no,
district,广西壮族自治区,玉林市,福绵区,0,0,,,,,,,,,no_candidate,,,,,,,,,,,,,,,,,no,,,no,
district,广西壮族自治区,玉林市,陆川县,0,0,,,,,,,,,no_candidate,,,,,,,,,,,,,,,,,no,,,no,
district,广西壮族自治区,玉林市,容县,0,0,,,,,,,,,no_candidate,,,,,,,,,,,,,,,,,no,,,no,
district,广西壮族自治区,玉林市,兴业县,0,0,,,,,,,,,no_candidate,,,,,,,,,,,,,,,,,no,,,no,
district,广西壮族自治区,玉林市,玉州区,3,3,4145010606,玉林师范学院,本科,no,,level_order,本科层次优先于更低层次候选（项目层次政策）,policy,resolved_policy,shanghairanking-bcur,shanghairanking-bcur,shanghairanking-bcur,2026,中国大学排名（主榜）,,rankOverall,2026软科 436,436,https://www.shanghairanking.cn/rankings/bcur/2026,campus,historical_campus,,,,,no,,玉林师范学院,no,no comparable second place: the deciding rule set aside the other 2 candidate(s) without leaving anybody on the winner's own scale
district,贵州省,安顺市,关岭布依族苗族自治县,0,0,,,,,,,,,no_candidate,,,,,,,,,,,,,,,,,no,,,no,
district,贵州省,安顺市,平坝区,2,2,4152014580,贵州电子科技职业学院,专科,no,,public_before_private,同层次同标签下公办优先（按当前项目政策，非排名证据）,policy,resolved_policy,shanghairanking-bcvcr-public-vocational,shanghairanking-bcvcr-public-vocational,shanghairanking-bcvcr-public-vocational,2026,中国高职专科院校排名（总榜）,理工,rankOverall,2026软科高职专科总榜 484,484,https://www.shanghairanking.cn/rankings/bcvcr/2026623,campus,historical_campus,,,,,no,,贵州电子科技职业学院,yes,no comparable second place: the deciding rule set aside the other 1 candidate(s) without leaving anybody on the winner's own scale
district,贵州省,安顺市,普定县,0,0,,,,,,,,,no_candidate,,,,,,,,,,,,,,,,,no,,,no,
district,贵州省,安顺市,西秀区,2,2,4152010667,安顺学院,本科,no,,level_order,本科层次优先于更低层次候选（项目层次政策）,policy,resolved_policy,shanghairanking-bcur,shanghairanking-bcur,shanghairanking-bcur,2026,中国大学排名（主榜）,,rankOverall,2026软科 494,494,https://www.shanghairanking.cn/rankings/bcur/2026,campus,profile_campus,,,,,no,,安顺学院,no,no comparable second place: the deciding rule set aside the other 1 candidate(s) without leaving anybody on the winner's own scale
district,贵州省,安顺市,镇宁布依族苗族自治县,0,0,,,,,,,,,no_candidate,,,,,,,,,,,,,,,,,no,,,no,
district,贵州省,安顺市,紫云苗族布依族自治县,0,0,,,,,,,,,no_candidate,,,,,,,,,,,,,,,,,no,,,no,
district,贵州省,毕节市,大方县,3,3,4152014648,毕节工业职业技术学院,专科,no,,deterministic_fallback_policy,毕节工业职业技术学院 由项目稳定兜底规则选出：在层次、重点标签、公办/民办与可比榜单仍无法唯一分开时，按榜单体系优先级、区间下界与稳定名称顺序决定展示 winner；该结论不是发布方跨榜排名,policy,resolved_policy,shanghairanking-bcvcr-public-vocational,shanghairanking-bcvcr-public-vocational,shanghairanking-bcvcr-public-vocational,2026,中国高职专科院校排名（总榜）,理工,rankOverall,2026软科高职理工 230+ · 高职专科总榜 500+,500+,https://www.shanghairanking.cn/rankings/bcvcr/2026623,campus,profile_campus,4152014499,毕节医学高等专科学校,专科,shanghairanking-bcvcr-public-vocational,yes,,毕节工业职业技术学院|毕节医学高等专科学校,no,
district,贵州省,毕节市,赫章县,0,0,,,,,,,,,no_candidate,,,,,,,,,,,,,,,,,no,,,no,
district,贵州省,毕节市,金沙县,0,0,,,,,,,,,no_candidate,,,,,,,,,,,,,,,,,no,,,no,
district,贵州省,毕节市,纳雍县,0,0,,,,,,,,,no_candidate,,,,,,,,,,,,,,,,,no,,,no,
district,贵州省,毕节市,七星关区,3,3,4152010668,贵州工程应用技术学院,本科,no,,level_order,本科层次优先于更低层次候选（项目层次政策）,policy,resolved_policy,shanghairanking-bcur,shanghairanking-bcur,shanghairanking-bcur,2026,中国大学排名（主榜）,,rankOverall,2026软科 500+,500+,https://www.shanghairanking.cn/rankings/bcur/2026,campus,profile_campus,,,,,no,,贵州工程应用技术学院,no,no comparable second place: the deciding rule set aside the other 2 candidate(s) without leaving anybody on the winner's own scale
district,贵州省,毕节市,黔西市,0,0,,,,,,,,,no_candidate,,,,,,,,,,,,,,,,,no,,,no,
district,贵州省,毕节市,威宁彝族回族苗族自治县,1,1,4152014559,贵州工贸职业学院,专科,yes,,single_candidate,该行政单元在现行口径下只有 1 个候选，无需比较,policy,resolved_policy,shanghairanking-bcvcr-private-vocational,shanghairanking-bcvcr-private-vocational,shanghairanking-bcvcr-private-vocational,2026,民办高职专科院校排名,,ranking,2026软科民办高职专科 100+,100+,https://www.shanghairanking.cn/rankings/bcvcr/2026633,campus,profile_campus,,,,,no,,贵州工贸职业学院,no,
district,贵州省,毕节市,织金县,0,0,,,,,,,,,no_candidate,,,,,,,,,,,,,,,,,no,,,no,
district,贵州省,贵阳市,白云区,1,1,4152011731,贵州商学院,本科,no,,single_candidate,该行政单元在现行口径下只有 1 个候选，无需比较,policy,resolved_policy,shanghairanking-bcur,shanghairanking-bcur,shanghairanking-bcur,2026,中国财经类大学排名,财经,rankOverall,2026软科财经 46+ · 主榜参考 500+,500+,https://www.shanghairanking.cn/rankings/bcur/202622,campus,profile_campus,,,,,no,,贵州商学院,no,
district,贵州省,贵阳市,观山湖区,4,4,4152016206,贵阳康养职业大学,本科,no,,deterministic_fallback_policy,贵阳康养职业大学 由项目稳定兜底规则选出：在层次、重点标签、公办/民办与可比榜单仍无法唯一分开时，按榜单体系优先级、区间下界与稳定名称顺序决定展示 winner；该结论不是发布方跨榜排名；候选池先按层次收敛：本科层次优先于更低层次（项目层次政策）,policy,resolved_policy,shanghairanking-bcvcr-public-vocational-undergraduate,shanghairanking-bcvcr-public-vocational-undergraduate,shanghairanking-bcvcr-public-vocational-undergraduate,2026,中国职业本科大学排名,,ranking,2026软科职业本科大学 80+,80+,https://www.shanghairanking.cn/rankings/bcvcr/2026749,campus,profile_campus,4152013052,贵州工业职业技术大学,本科,shanghairanking-bcvcr-public-vocational-undergraduate,yes,,贵阳康养职业大学|贵州工业职业技术大学,no,
district,贵州省,贵阳市,花溪区,15,15,4152010657,贵州大学,本科,no,211|双一流,prestige_tag,211 标签优先于无重点标签（国家官方重点建设名单）,strong,resolved_strong,shanghairanking-bcur,shanghairanking-bcur,shanghairanking-bcur,2026,中国大学排名（主榜）,,rankOverall,2026软科 85,85,https://www.shanghairanking.cn/rankings/bcur/2026,campus,profile_campus,4152010663,贵州师范大学,本科,shanghairanking-bcur,yes,,贵州大学|贵州师范大学,no,
district,贵州省,贵阳市,开阳县,0,0,,,,,,,,,no_candidate,,,,,,,,,,,,,,,,,no,,,no,
district,贵州省,贵阳市,南明区,11,11,4152010657,贵州大学,本科,no,211|双一流,prestige_tag,211 标签优先于无重点标签（国家官方重点建设名单）,strong,resolved_strong,shanghairanking-bcur,shanghairanking-bcur,shanghairanking-bcur,2026,中国大学排名（主榜）,,rankOverall,2026软科 85,85,https://www.shanghairanking.cn/rankings/bcur/2026,campus,historical_campus,4152010662,贵州中医药大学,本科,shanghairanking-bcur,yes,,贵州大学|贵州中医药大学,no,
district,贵州省,贵阳市,清镇市,14,14,4152012222,贵州交通职业大学,本科,no,,public_before_private,同层次同标签下公办优先（按当前项目政策，非排名证据）；公办候选之间再按同榜名次比较；候选池先按层次收敛：本科层次优先于更低层次（项目层次政策）,policy,resolved_policy,shanghairanking-bcvcr-public-vocational-undergraduate,shanghairanking-bcvcr-public-vocational-undergraduate,shanghairanking-bcvcr-public-vocational-undergraduate,2026,中国职业本科大学排名,,ranking,2026软科职业本科大学 38,38,https://www.shanghairanking.cn/rankings/bcvcr/2026749,campus,profile_campus,4152013052,贵州工业职业技术大学,本科,shanghairanking-bcvcr-public-vocational-undergraduate,yes,,贵州交通职业大学|贵州工业职业技术大学,yes,
district,贵州省,贵阳市,乌当区,2,2,4152014223,贵州师范学院,本科,no,,level_order,本科层次优先于更低层次候选（项目层次政策）,policy,resolved_policy,shanghairanking-bcur,shanghairanking-bcur,shanghairanking-bcur,2026,中国大学排名（主榜）,,rankOverall,2026软科 335,335,https://www.shanghairanking.cn/rankings/bcur/2026,campus,profile_campus,,,,,no,,贵州师范学院,no,no comparable second place: the deciding rule set aside the other 1 candidate(s) without leaving anybody on the winner's own scale
district,贵州省,贵阳市,息烽县,0,0,,,,,,,,,no_candidate,,,,,,,,,,,,,,,,,no,,,no,
district,贵州省,贵阳市,修文县,0,0,,,,,,,,,no_candidate,,,,,,,,,,,,,,,,,no,,,no,
district,贵州省,贵阳市,云岩区,12,12,4152010657,贵州大学,本科,no,211|双一流,prestige_tag,211 标签优先于无重点标签（国家官方重点建设名单）,strong,resolved_strong,shanghairanking-bcur,shanghairanking-bcur,shanghairanking-bcur,2026,中国大学排名（主榜）,,rankOverall,2026软科 85,85,https://www.shanghairanking.cn/rankings/bcur/2026,campus,historical_campus,4152010663,贵州师范大学,本科,shanghairanking-bcur,yes,,贵州大学|贵州师范大学,no,
district,贵州省,六盘水市,六枝特区,0,0,,,,,,,,,no_candidate,,,,,,,,,,,,,,,,,no,,,no,
district,贵州省,六盘水市,盘州市,0,0,,,,,,,,,no_candidate,,,,,,,,,,,,,,,,,no,,,no,
district,贵州省,六盘水市,水城区,1,1,4152014630,六盘水幼儿师范高等专科学校,专科,no,,single_candidate,该行政单元在现行口径下只有 1 个候选，无需比较,policy,resolved_policy,shanghairanking-bcvcr-public-vocational,shanghairanking-bcvcr-public-vocational,shanghairanking-bcvcr-public-vocational,2026,中国高职专科院校排名（总榜）,师范,rankOverall,2026软科高职师范 28+ · 高职专科总榜 500+,500+,https://www.shanghairanking.cn/rankings/bcvcr/2026623,campus,profile_campus,,,,,no,,六盘水幼儿师范高等专科学校,no,
district,贵州省,六盘水市,钟山区,2,2,4152010977,六盘水师范学院,本科,no,,level_order,本科层次优先于更低层次候选（项目层次政策）,policy,resolved_policy,shanghairanking-bcur,shanghairanking-bcur,shanghairanking-bcur,2026,中国大学排名（主榜）,,rankOverall,2026软科 428,428,https://www.shanghairanking.cn/rankings/bcur/2026,campus,profile_campus,,,,,no,,六盘水师范学院,no,no comparable second place: the deciding rule set aside the other 1 candidate(s) without leaving anybody on the winner's own scale
district,贵州省,黔东南苗族侗族自治州,岑巩县,0,0,,,,,,,,,no_candidate,,,,,,,,,,,,,,,,,no,,,no,
district,贵州省,黔东南苗族侗族自治州,从江县,0,0,,,,,,,,,no_candidate,,,,,,,,,,,,,,,,,no,,,no,
district,贵州省,黔东南苗族侗族自治州,丹寨县,1,1,4152012822,黔东南民族职业技术学院,专科,no,,single_candidate,该行政单元在现行口径下只有 1 个候选，无需比较,policy,resolved_policy,shanghairanking-bcvcr-public-vocational,shanghairanking-bcvcr-public-vocational,shanghairanking-bcvcr-public-vocational,2026,中国高职专科院校排名（总榜）,综合,rankOverall,2026软科高职专科总榜 484,484,https://www.shanghairanking.cn/rankings/bcvcr/2026623,campus,profile_campus,,,,,no,,黔东南民族职业技术学院,no,
district,贵州省,黔东南苗族侗族自治州,黄平县,0,0,,,,,,,,,no_candidate,,,,,,,,,,,,,,,,,no,,,no,
district,贵州省,黔东南苗族侗族自治州,剑河县,0,0,,,,,,,,,no_candidate,,,,,,,,,,,,,,,,,no,,,no,
district,贵州省,黔东南苗族侗族自治州,锦屏县,0,0,,,,,,,,,no_candidate,,,,,,,,,,,,,,,,,no,,,no,
district,贵州省,黔东南苗族侗族自治州,凯里市,4,4,4152010669,凯里学院,本科,no,,level_order,本科层次优先于更低层次候选（项目层次政策）,policy,resolved_policy,shanghairanking-bcur,shanghairanking-bcur,shanghairanking-bcur,2026,中国大学排名（主榜）,,rankOverall,2026软科 493,493,https://www.shanghairanking.cn/rankings/bcur/2026,campus,profile_campus,,,,,no,,凯里学院,no,no comparable second place: the deciding rule set aside the other 3 candidate(s) without leaving anybody on the winner's own scale
district,贵州省,黔东南苗族侗族自治州,雷山县,0,0,,,,,,,,,no_candidate,,,,,,,,,,,,,,,,,no,,,no,
district,贵州省,黔东南苗族侗族自治州,黎平县,0,0,,,,,,,,,no_candidate,,,,,,,,,,,,,,,,,no,,,no,
district,贵州省,黔东南苗族侗族自治州,麻江县,0,0,,,,,,,,,no_candidate,,,,,,,,,,,,,,,,,no,,,no,
district,贵州省,黔东南苗族侗族自治州,榕江县,0,0,,,,,,,,,no_candidate,,,,,,,,,,,,,,,,,no,,,no,
district,贵州省,黔东南苗族侗族自治州,三穗县,0,0,,,,,,,,,no_candidate,,,,,,,,,,,,,,,,,no,,,no,
district,贵州省,黔东南苗族侗族自治州,施秉县,0,0,,,,,,,,,no_candidate,,,,,,,,,,,,,,,,,no,,,no,
district,贵州省,黔东南苗族侗族自治州,台江县,0,0,,,,,,,,,no_candidate,,,,,,,,,,,,,,,,,no,,,no,
district,贵州省,黔东南苗族侗族自治州,天柱县,0,0,,,,,,,,,no_candidate,,,,,,,,,,,,,,,,,no,,,no,
district,贵州省,黔东南苗族侗族自治州,镇远县,0,0,,,,,,,,,no_candidate,,,,,,,,,,,,,,,,,no,,,no,
district,贵州省,黔南布依族苗族自治州,都匀市,5,5,4152010670,黔南民族师范学院,本科,no,,level_order,本科层次优先于更低层次候选（项目层次政策）,policy,resolved_policy,shanghairanking-bcur,shanghairanking-bcur,shanghairanking-bcur,2026,中国大学排名（主榜）,,rankOverall,2026软科 372,372,https://www.shanghairanking.cn/rankings/bcur/2026,campus,profile_campus,,,,,no,,黔南民族师范学院,no,no comparable second place: the deciding rule set aside the other 4 candidate(s) without leaving anybody on the winner's own scale
district,贵州省,黔南布依族苗族自治州,独山县,1,1,4152010670,黔南民族师范学院,本科,no,,single_candidate,该行政单元在现行口径下只有 1 个候选，无需比较,policy,resolved_policy,shanghairanking-bcur,shanghairanking-bcur,shanghairanking-bcur,2026,中国大学排名（主榜）,,rankOverall,2026软科 372,372,https://www.shanghairanking.cn/rankings/bcur/2026,campus,profile_campus,,,,,no,,黔南民族师范学院,no,
district,贵州省,黔南布依族苗族自治州,福泉市,1,1,4152014579,贵州应用技术职业学院,专科,yes,,single_candidate,该行政单元在现行口径下只有 1 个候选，无需比较,policy,resolved_policy,shanghairanking-bcvcr-private-vocational,shanghairanking-bcvcr-private-vocational,shanghairanking-bcvcr-private-vocational,2026,民办高职专科院校排名,,ranking,2026软科民办高职专科 100+,100+,https://www.shanghairanking.cn/rankings/bcvcr/2026633,campus,profile_campus,,,,,no,,贵州应用技术职业学院,no,
district,贵州省,黔南布依族苗族自治州,贵定县,2,2,4152014617,贵州护理职业技术学院,专科,no,,deterministic_fallback_policy,贵州护理职业技术学院 由项目稳定兜底规则选出：在层次、重点标签、公办/民办与可比榜单仍无法唯一分开时，按榜单体系优先级、区间下界与稳定名称顺序决定展示 winner；该结论不是发布方跨榜排名,policy,resolved_policy,shanghairanking-bcvcr-public-vocational,shanghairanking-bcvcr-public-vocational,shanghairanking-bcvcr-public-vocational,2026,中国高职专科院校排名（总榜）,医药,rankOverall,2026软科高职医药 46+ · 高职专科总榜 500+,500+,https://www.shanghairanking.cn/rankings/bcvcr/2026623,campus,profile_campus,4152014497,黔南民族幼儿师范高等专科学校,专科,shanghairanking-bcvcr-public-vocational,yes,,贵州护理职业技术学院|黔南民族幼儿师范高等专科学校,no,
district,贵州省,黔南布依族苗族自治州,惠水县,3,3,4152013648,贵州黔南经济学院,本科,yes,,comparable_ranking,贵州黔南经济学院 在同榜可比名次上优于 贵州黔南科技学院（软科 bcur-private）；候选池先按层次收敛：本科层次优先于更低层次（项目层次政策）,strong,resolved_strong,shanghairanking-bcur-private,shanghairanking-bcur-private,shanghairanking-bcur-private,2026,中国民办财经类高校排名,财经,rankOverall,2026软科民办 21,63,https://www.shanghairanking.cn/rankings/bcur/202616,campus,profile_campus,4152013649,贵州黔南科技学院,本科,shanghairanking-bcur-private,yes,,贵州黔南经济学院|贵州黔南科技学院,no,
district,贵州省,黔南布依族苗族自治州,荔波县,0,0,,,,,,,,,no_candidate,,,,,,,,,,,,,,,,,no,,,no,
district,贵州省,黔南布依族苗族自治州,龙里县,0,0,,,,,,,,,no_candidate,,,,,,,,,,,,,,,,,no,,,no,
district,贵州省,黔南布依族苗族自治州,罗甸县,0,0,,,,,,,,,no_candidate,,,,,,,,,,,,,,,,,no,,,no,
district,贵州省,黔南布依族苗族自治州,平塘县,0,0,,,,,,,,,no_candidate,,,,,,,,,,,,,,,,,no,,,no,
district,贵州省,黔南布依族苗族自治州,三都水族自治县,0,0,,,,,,,,,no_candidate,,,,,,,,,,,,,,,,,no,,,no,
district,贵州省,黔南布依族苗族自治州,瓮安县,0,0,,,,,,,,,no_candidate,,,,,,,,,,,,,,,,,no,,,no,
district,贵州省,黔南布依族苗族自治州,长顺县,0,0,,,,,,,,,no_candidate,,,,,,,,,,,,,,,,,no,,,no,
district,贵州省,黔西南布依族苗族自治州,安龙县,1,1,4152010666,兴义民族师范学院,本科,no,,single_candidate,该行政单元在现行口径下只有 1 个候选，无需比较,policy,resolved_policy,shanghairanking-bcur,shanghairanking-bcur,shanghairanking-bcur,2026,中国大学排名（主榜）,,rankOverall,2026软科 500+,500+,https://www.shanghairanking.cn/rankings/bcur/2026,campus,historical_campus,,,,,no,,兴义民族师范学院,no,
district,贵州省,黔西南布依族苗族自治州,册亨县,0,0,,,,,,,,,no_candidate,,,,,,,,,,,,,,,,,no,,,no,
district,贵州省,黔西南布依族苗族自治州,普安县,0,0,,,,,,,,,no_candidate,,,,,,,,,,,,,,,,,no,,,no,
district,贵州省,黔西南布依族苗族自治州,晴隆县,0,0,,,,,,,,,no_candidate,,,,,,,,,,,,,,,,,no,,,no,
district,贵州省,黔西南布依族苗族自治州,望谟县,0,0,,,,,,,,,no_candidate,,,,,,,,,,,,,,,,,no,,,no,
district,贵州省,黔西南布依族苗族自治州,兴仁市,0,0,,,,,,,,,no_candidate,,,,,,,,,,,,,,,,,no,,,no,
district,贵州省,黔西南布依族苗族自治州,兴义市,2,2,4152010666,兴义民族师范学院,本科,no,,level_order,本科层次优先于更低层次候选（项目层次政策）,policy,resolved_policy,shanghairanking-bcur,shanghairanking-bcur,shanghairanking-bcur,2026,中国大学排名（主榜）,,rankOverall,2026软科 500+,500+,https://www.shanghairanking.cn/rankings/bcur/2026,campus,profile_campus,,,,,no,,兴义民族师范学院,no,no comparable second place: the deciding rule set aside the other 1 candidate(s) without leaving anybody on the winner's own scale
district,贵州省,黔西南布依族苗族自治州,贞丰县,0,0,,,,,,,,,no_candidate,,,,,,,,,,,,,,,,,no,,,no,
district,贵州省,铜仁市,碧江区,4,4,4152010665,铜仁学院,本科,no,,cross_group_scale_policy,铜仁学院 取自主榜序列；其余候选分属不同榜单体系，名次不可直接比较，按当前项目政策以主榜序列为先；候选池先按层次收敛：本科层次优先于更低层次（项目层次政策）,policy,resolved_policy,shanghairanking-bcur,shanghairanking-bcur,shanghairanking-bcur,2026,中国大学排名（主榜）,,rankOverall,2026软科 355,355,https://www.shanghairanking.cn/rankings/bcur/2026,campus,profile_campus,,,,,no,,铜仁学院,no,no comparable second place: the deciding rule set aside the other 3 candidate(s) without leaving anybody on the winner's own scale
district,贵州省,铜仁市,德江县,1,1,4152014558,贵州工程职业学院,专科,yes,,single_candidate,该行政单元在现行口径下只有 1 个候选，无需比较,policy,resolved_policy,shanghairanking-bcvcr-private-vocational,shanghairanking-bcvcr-private-vocational,shanghairanking-bcvcr-private-vocational,2026,民办高职专科院校排名,,ranking,2026软科民办高职专科 100+,100+,https://www.shanghairanking.cn/rankings/bcvcr/2026633,campus,profile_campus,,,,,no,,贵州工程职业学院,no,
district,贵州省,铜仁市,江口县,0,0,,,,,,,,,no_candidate,,,,,,,,,,,,,,,,,no,,,no,
district,贵州省,铜仁市,石阡县,0,0,,,,,,,,,no_candidate,,,,,,,,,,,,,,,,,no,,,no,
district,贵州省,铜仁市,思南县,0,0,,,,,,,,,no_candidate,,,,,,,,,,,,,,,,,no,,,no,
district,贵州省,铜仁市,松桃苗族自治县,0,0,,,,,,,,,no_candidate,,,,,,,,,,,,,,,,,no,,,no,
district,贵州省,铜仁市,万山区,1,1,4152014800,贵州铜仁数据职业学院,专科,yes,,single_candidate,该行政单元在现行口径下只有 1 个候选，无需比较,policy,resolved_policy,,,,,,,,,,,campus,profile_campus,,,,,no,,贵州铜仁数据职业学院,no,
district,贵州省,铜仁市,沿河土家族自治县,0,0,,,,,,,,,no_candidate,,,,,,,,,,,,,,,,,no,,,no,
district,贵州省,铜仁市,印江土家族苗族自治县,0,0,,,,,,,,,no_candidate,,,,,,,,,,,,,,,,,no,,,no,
district,贵州省,铜仁市,玉屏侗族自治县,0,0,,,,,,,,,no_candidate,,,,,,,,,,,,,,,,,no,,,no,
district,贵州省,遵义市,播州区,0,0,,,,,,,,,no_candidate,,,,,,,,,,,,,,,,,no,,,no,
district,贵州省,遵义市,赤水市,0,0,,,,,,,,,no_candidate,,,,,,,,,,,,,,,,,no,,,no,
district,贵州省,遵义市,道真仡佬族苗族自治县,0,0,,,,,,,,,no_candidate,,,,,,,,,,,,,,,,,no,,,no,
district,贵州省,遵义市,凤冈县,0,0,,,,,,,,,no_candidate,,,,,,,,,,,,,,,,,no,,,no,
district,贵州省,遵义市,红花岗区,6,6,4152010661,遵义医科大学,本科,no,,comparable_ranking,遵义医科大学 在同榜可比名次上优于 遵义师范学院（软科 bcur）；候选池先按层次收敛：本科层次优先于更低层次（项目层次政策）,strong,resolved_strong,shanghairanking-bcur,shanghairanking-bcur,shanghairanking-bcur,2026,中国医药类大学排名,医药,rankOverall,2026软科医药 26 · 主榜参考 216,216,https://www.shanghairanking.cn/rankings/bcur/202621,campus,historical_campus,4152010664,遵义师范学院,本科,shanghairanking-bcur,yes,,遵义医科大学|遵义师范学院,yes,1 leading candidate(s) carry no official list ranking
district,贵州省,遵义市,汇川区,1,1,4152010661,遵义医科大学,本科,no,,single_candidate,该行政单元在现行口径下只有 1 个候选，无需比较,policy,resolved_policy,shanghairanking-bcur,shanghairanking-bcur,shanghairanking-bcur,2026,中国医药类大学排名,医药,rankOverall,2026软科医药 26 · 主榜参考 216,216,https://www.shanghairanking.cn/rankings/bcur/202621,campus,profile_campus,,,,,no,,遵义医科大学,no,
district,贵州省,遵义市,湄潭县,0,0,,,,,,,,,no_candidate,,,,,,,,,,,,,,,,,no,,,no,
district,贵州省,遵义市,仁怀市,1,1,4152014625,茅台学院,本科,yes,,single_candidate,该行政单元在现行口径下只有 1 个候选，无需比较,policy,resolved_policy,shanghairanking-bcur-private,shanghairanking-bcur-private,shanghairanking-bcur-private,2026,中国民办高校排名（主榜）,,ranking,2026软科民办 6,6,https://www.shanghairanking.cn/rankings/bcur/202615,campus,profile_campus,,,,,no,,茅台学院,no,
district,贵州省,遵义市,绥阳县,0,0,,,,,,,,,no_candidate,,,,,,,,,,,,,,,,,no,,,no,
district,贵州省,遵义市,桐梓县,0,0,,,,,,,,,no_candidate,,,,,,,,,,,,,,,,,no,,,no,
district,贵州省,遵义市,务川仡佬族苗族自治县,0,0,,,,,,,,,no_candidate,,,,,,,,,,,,,,,,,no,,,no,
district,贵州省,遵义市,习水县,0,0,,,,,,,,,no_candidate,,,,,,,,,,,,,,,,,no,,,no,
district,贵州省,遵义市,余庆县,0,0,,,,,,,,,no_candidate,,,,,,,,,,,,,,,,,no,,,no,
district,贵州省,遵义市,正安县,0,0,,,,,,,,,no_candidate,,,,,,,,,,,,,,,,,no,,,no,
district,海南省,海口市,龙华区,5,5,4146010589,海南大学,本科,no,211|双一流,prestige_tag,211 标签优先于无重点标签（国家官方重点建设名单）,strong,resolved_strong,shanghairanking-bcur,shanghairanking-bcur,shanghairanking-bcur,2026,中国大学排名（主榜）,,rankOverall,2026软科 87,87,https://www.shanghairanking.cn/rankings/bcur/2026,campus,profile_campus,4146011810,海南医科大学,本科,shanghairanking-bcur,yes,,海南大学|海南医科大学,no,
district,海南省,海口市,美兰区,7,7,4146010589,海南大学,本科,no,211|双一流,prestige_tag,211 标签优先于无重点标签（国家官方重点建设名单）,strong,resolved_strong,shanghairanking-bcur,shanghairanking-bcur,shanghairanking-bcur,2026,中国大学排名（主榜）,,rankOverall,2026软科 87,87,https://www.shanghairanking.cn/rankings/bcur/2026,campus,profile_campus,4146011658,海南师范大学,本科,shanghairanking-bcur,yes,,海南大学|海南师范大学,no,
district,海南省,海口市,琼山区,7,7,4146011658,海南师范大学,本科,no,,public_before_private,同层次同标签下公办优先（按当前项目政策，非排名证据）；公办候选之间再按同榜名次比较；候选池先按层次收敛：本科层次优先于更低层次（项目层次政策）,policy,resolved_policy,shanghairanking-bcur,shanghairanking-bcur,shanghairanking-bcur,2026,中国大学排名（主榜）,,rankOverall,2026软科 227,227,https://www.shanghairanking.cn/rankings/bcur/2026,campus,profile_campus,4146013811,琼台师范学院,本科,shanghairanking-bcur,yes,,海南师范大学|琼台师范学院,yes,
district,海南省,海口市,秀英区,3,3,4146014944,海南警察学院,本科,no,,level_order,本科层次优先于更低层次候选（项目层次政策）,policy,resolved_policy,,,,,,,,,,,campus,profile_campus,,,,,no,,海南警察学院,no,no comparable second place: the deciding rule set aside the other 2 candidate(s) without leaving anybody on the winner's own scale
district,海南省,三沙市,南沙区,0,0,,,,,,,,,no_candidate,,,,,,,,,,,,,,,,,no,,,no,
district,海南省,三沙市,西沙区,0,0,,,,,,,,,no_candidate,,,,,,,,,,,,,,,,,no,,,no,
district,海南省,三亚市,海棠区,2,2,4146014948,海南洛桑旅游大学,本科,no,,level_order,本科层次优先于更低层次候选（项目层次政策）,policy,resolved_policy,,,,,,,,,,,campus,profile_campus,,,,,no,,海南洛桑旅游大学,no,no comparable second place: the deciding rule set aside the other 1 candidate(s) without leaving anybody on the winner's own scale
district,海南省,三亚市,吉阳区,4,4,4146011100,海南热带海洋学院,本科,no,,public_before_private,同层次同标签下公办优先（按当前项目政策，非排名证据）；候选池先按层次收敛：本科层次优先于更低层次（项目层次政策）,policy,resolved_policy,shanghairanking-bcur,shanghairanking-bcur,shanghairanking-bcur,2026,中国大学排名（主榜）,,rankOverall,2026软科 463,463,https://www.shanghairanking.cn/rankings/bcur/2026,campus,profile_campus,,,,,no,,海南热带海洋学院,yes,no comparable second place: the deciding rule set aside the other 3 candidate(s) without leaving anybody on the winner's own scale
district,海南省,三亚市,天涯区,2,2,4146013931,三亚航空旅游职业学院,专科,yes,,single_ranked_candidate,三亚航空旅游职业学院 是当前候选里唯一被官方榜单覆盖的学校（软科 bcvcr-private-vocational）,policy,resolved_policy,shanghairanking-bcvcr-private-vocational,shanghairanking-bcvcr-private-vocational,shanghairanking-bcvcr-private-vocational,2026,民办高职专科院校排名,,ranking,2026软科民办高职专科 9,9,https://www.shanghairanking.cn/rankings/bcvcr/2026633,campus,profile_campus,,,,,no,,三亚航空旅游职业学院,yes,1 leading candidate(s) carry no official list ranking; no comparable second place: the deciding rule set aside the other 1 candidate(s) without leaving anybody on the winner's own scale
district,海南省,三亚市,崖州区,0,0,,,,,,,,,no_candidate,,,,,,,,,,,,,,,,,no,,,no,
district,河北省,保定市,安国市,1,1,4113014432,河北中医药大学,本科,no,,single_candidate,该行政单元在现行口径下只有 1 个候选，无需比较,policy,resolved_policy,shanghairanking-bcur,shanghairanking-bcur,shanghairanking-bcur,2026,中国中医药大学排名,中医药,rankOverall,2026软科中医药 20 · 主榜参考 254,254,https://www.shanghairanking.cn/rankings/bcur/2026745,campus,profile_campus,,,,,no,,河北中医药大学,no,
district,河北省,保定市,安新县,0,0,,,,,,,,,no_candidate,,,,,,,,,,,,,,,,,no,,,no,
district,河北省,保定市,博野县,0,0,,,,,,,,,no_candidate,,,,,,,,,,,,,,,,,no,,,no,
district,河北省,保定市,定兴县,1,1,4113014460,保定幼儿师范高等专科学校,专科,no,,single_candidate,该行政单元在现行口径下只有 1 个候选，无需比较,policy,resolved_policy,shanghairanking-bcvcr-public-vocational,shanghairanking-bcvcr-public-vocational,shanghairanking-bcvcr-public-vocational,2026,中国高职专科院校排名（总榜）,师范,rankOverall,2026软科高职师范 28+ · 高职专科总榜 500+,500+,https://www.shanghairanking.cn/rankings/bcvcr/2026623,campus,profile_campus,,,,,no,,保定幼儿师范高等专科学校,no,
district,河北省,保定市,定州市,2,2,4113010086,河北农业大学,本科,no,,level_order,本科层次优先于更低层次候选（项目层次政策）,policy,resolved_policy,shanghairanking-bcur,shanghairanking-bcur,shanghairanking-bcur,2026,中国大学排名（主榜）,,rankOverall,2026软科 189,189,https://www.shanghairanking.cn/rankings/bcur/2026,campus,profile_campus,,,,,no,,河北农业大学,no,no comparable second place: the deciding rule set aside the other 1 candidate(s) without leaving anybody on the winner's own scale
district,河北省,保定市,阜平县,1,1,4113012352,河北软件职业技术学院,专科,no,,single_candidate,该行政单元在现行口径下只有 1 个候选，无需比较,policy,resolved_policy,shanghairanking-bcvcr-public-vocational,shanghairanking-bcvcr-public-vocational,shanghairanking-bcvcr-public-vocational,2026,中国高职专科院校排名（总榜）,理工,rankOverall,2026软科高职专科总榜 131,131,https://www.shanghairanking.cn/rankings/bcvcr/2026623,campus,profile_campus,,,,,no,,河北软件职业技术学院,no,
district,河北省,保定市,高碑店市,0,0,,,,,,,,,no_candidate,,,,,,,,,,,,,,,,,no,,,no,
district,河北省,保定市,高阳县,0,0,,,,,,,,,no_candidate,,,,,,,,,,,,,,,,,no,,,no,
district,河北省,保定市,竞秀区,3,3,4113013392,保定电力职业技术学院,专科,no,,comparable_ranking,保定电力职业技术学院 在同榜可比名次上优于 保定职业技术学院（软科 bcvcr-public-vocational）,strong,resolved_strong,shanghairanking-bcvcr-public-vocational,shanghairanking-bcvcr-public-vocational,shanghairanking-bcvcr-public-vocational,2026,中国高职专科院校排名（总榜）,理工,rankOverall,2026软科高职专科总榜 459,459,https://www.shanghairanking.cn/rankings/bcvcr/2026623,campus,profile_campus,4113012543,保定职业技术学院,专科,shanghairanking-bcvcr-public-vocational,yes,,保定电力职业技术学院|保定职业技术学院,no,
district,河北省,保定市,涞水县,0,0,,,,,,,,,no_candidate,,,,,,,,,,,,,,,,,no,,,no,
district,河北省,保定市,涞源县,0,0,,,,,,,,,no_candidate,,,,,,,,,,,,,,,,,no,,,no,
district,河北省,保定市,蠡县,0,0,,,,,,,,,no_candidate,,,,,,,,,,,,,,,,,no,,,no,
district,河北省,保定市,莲池区,10,10,4111010054,华北电力大学,本科,no,211|双一流,prestige_tag,211 标签优先于无重点标签（国家官方重点建设名单）,strong,resolved_strong,shanghairanking-bcur,shanghairanking-bcur,shanghairanking-bcur,2026,中国大学排名（主榜）,,rankOverall,2026软科 84,84,https://www.shanghairanking.cn/rankings/bcur/2026,campus,historical_campus,4113010075,河北大学,本科,shanghairanking-bcur,yes,,华北电力大学|河北大学,no,
district,河北省,保定市,满城区,1,1,4113014471,河北工艺美术职业学院,专科,no,,single_candidate,该行政单元在现行口径下只有 1 个候选，无需比较,policy,resolved_policy,shanghairanking-bcvcr-public-vocational,shanghairanking-bcvcr-public-vocational,shanghairanking-bcvcr-public-vocational,2026,中国高职专科院校排名（总榜）,文艺,rankOverall,2026软科高职文艺 17+ · 高职专科总榜 500+,500+,https://www.shanghairanking.cn/rankings/bcvcr/2026623,campus,profile_campus,,,,,no,,河北工艺美术职业学院,no,
district,河北省,保定市,清苑区,0,0,,,,,,,,,no_candidate,,,,,,,,,,,,,,,,,no,,,no,
district,河北省,保定市,曲阳县,0,0,,,,,,,,,no_candidate,,,,,,,,,,,,,,,,,no,,,no,
district,河北省,保定市,容城县,0,0,,,,,,,,,no_candidate,,,,,,,,,,,,,,,,,no,,,no,
district,河北省,保定市,顺平县,0,0,,,,,,,,,no_candidate,,,,,,,,,,,,,,,,,no,,,no,
district,河北省,保定市,唐县,0,0,,,,,,,,,no_candidate,,,,,,,,,,,,,,,,,no,,,no,
district,河北省,保定市,望都县,0,0,,,,,,,,,no_candidate,,,,,,,,,,,,,,,,,no,,,no,
district,河北省,保定市,雄县,0,0,,,,,,,,,no_candidate,,,,,,,,,,,,,,,,,no,,,no,
district,河北省,保定市,徐水区,0,0,,,,,,,,,no_candidate,,,,,,,,,,,,,,,,,no,,,no,
district,河北省,保定市,易县,0,0,,,,,,,,,no_candidate,,,,,,,,,,,,,,,,,no,,,no,
district,河北省,保定市,涿州市,3,3,4111012453,中国劳动关系学院,本科,no,,level_order,本科层次优先于更低层次候选（项目层次政策）,policy,resolved_policy,shanghairanking-bcur,shanghairanking-bcur,shanghairanking-bcur,2026,中国政法类大学排名,政法,rankOverall,2026软科政法 11 · 主榜参考 288,288,https://www.shanghairanking.cn/rankings/bcur/202625,campus,profile_campus,,,,,no,,中国劳动关系学院,no,no comparable second place: the deciding rule set aside the other 2 candidate(s) without leaving anybody on the winner's own scale
district,河北省,沧州市,沧县,0,0,,,,,,,,,no_candidate,,,,,,,,,,,,,,,,,no,,,no,
district,河北省,沧州市,东光县,0,0,,,,,,,,,no_candidate,,,,,,,,,,,,,,,,,no,,,no,
district,河北省,沧州市,海兴县,0,0,,,,,,,,,no_candidate,,,,,,,,,,,,,,,,,no,,,no,
district,河北省,沧州市,河间市,1,1,4113012415,沧州职业技术学院,专科,no,,single_candidate,该行政单元在现行口径下只有 1 个候选，无需比较,policy,resolved_policy,shanghairanking-bcvcr-public-vocational,shanghairanking-bcvcr-public-vocational,shanghairanking-bcvcr-public-vocational,2026,中国高职专科院校排名（总榜）,综合,rankOverall,2026软科高职专科总榜 417,417,https://www.shanghairanking.cn/rankings/bcvcr/2026623,campus,profile_campus,,,,,no,,沧州职业技术学院,no,
district,河北省,沧州市,黄骅市,5,5,4113010086,河北农业大学,本科,no,,public_before_private,同层次同标签下公办优先（按当前项目政策，非排名证据）；候选池先按层次收敛：本科层次优先于更低层次（项目层次政策）,policy,resolved_policy,shanghairanking-bcur,shanghairanking-bcur,shanghairanking-bcur,2026,中国大学排名（主榜）,,rankOverall,2026软科 189,189,https://www.shanghairanking.cn/rankings/bcur/2026,campus,profile_campus,,,,,no,,河北农业大学,yes,no comparable second place: the deciding rule set aside the other 4 candidate(s) without leaving anybody on the winner's own scale
district,河北省,沧州市,孟村回族自治县,1,1,4113012415,沧州职业技术学院,专科,no,,single_candidate,该行政单元在现行口径下只有 1 个候选，无需比较,policy,resolved_policy,shanghairanking-bcvcr-public-vocational,shanghairanking-bcvcr-public-vocational,shanghairanking-bcvcr-public-vocational,2026,中国高职专科院校排名（总榜）,综合,rankOverall,2026软科高职专科总榜 417,417,https://www.shanghairanking.cn/rankings/bcvcr/2026623,campus,profile_campus,,,,,no,,沧州职业技术学院,no,
district,河北省,沧州市,南皮县,0,0,,,,,,,,,no_candidate,,,,,,,,,,,,,,,,,no,,,no,
district,河北省,沧州市,泊头市,1,1,4113014259,沧州幼儿师范高等专科学校,专科,no,,single_candidate,该行政单元在现行口径下只有 1 个候选，无需比较,policy,resolved_policy,shanghairanking-bcvcr-public-vocational,shanghairanking-bcvcr-public-vocational,shanghairanking-bcvcr-public-vocational,2026,中国高职专科院校排名（总榜）,师范,rankOverall,2026软科高职师范 28+ · 高职专科总榜 500+,500+,https://www.shanghairanking.cn/rankings/bcvcr/2026623,campus,profile_campus,,,,,no,,沧州幼儿师范高等专科学校,no,
district,河北省,沧州市,青县,0,0,,,,,,,,,no_candidate,,,,,,,,,,,,,,,,,no,,,no,
district,河北省,沧州市,任丘市,1,1,4113013394,渤海石油职业学院,专科,no,,single_candidate,该行政单元在现行口径下只有 1 个候选，无需比较,policy,resolved_policy,,,,,,,,,,,campus,historical_campus,,,,,no,,渤海石油职业学院,no,
district,河北省,沧州市,肃宁县,0,0,,,,,,,,,no_candidate,,,,,,,,,,,,,,,,,no,,,no,
district,河北省,沧州市,吴桥县,0,0,,,,,,,,,no_candidate,,,,,,,,,,,,,,,,,no,,,no,
district,河北省,沧州市,献县,0,0,,,,,,,,,no_candidate,,,,,,,,,,,,,,,,,no,,,no,
district,河北省,沧州市,新华区,0,0,,,,,,,,,no_candidate,,,,,,,,,,,,,,,,,no,,,no,
district,河北省,沧州市,盐山县,0,0,,,,,,,,,no_candidate,,,,,,,,,,,,,,,,,no,,,no,
district,河北省,沧州市,运河区,5,5,4113010105,沧州师范学院,本科,no,,deterministic_fallback_policy,沧州师范学院 由项目稳定兜底规则选出：在层次、重点标签、公办/民办与可比榜单仍无法唯一分开时，按榜单体系优先级、区间下界与稳定名称顺序决定展示 winner；该结论不是发布方跨榜排名；候选池先按层次收敛：本科层次优先于更低层次（项目层次政策）,policy,resolved_policy,shanghairanking-bcur,shanghairanking-bcur,shanghairanking-bcur,2026,中国大学排名（主榜）,,rankOverall,2026软科 500+,500+,https://www.shanghairanking.cn/rankings/bcur/2026,campus,profile_campus,4113010085,河北水利电力学院,本科,shanghairanking-bcur,yes,,沧州师范学院|河北水利电力学院,no,
district,河北省,承德市,承德县,0,0,,,,,,,,,no_candidate,,,,,,,,,,,,,,,,,no,,,no,
district,河北省,承德市,丰宁满族自治县,0,0,,,,,,,,,no_candidate,,,,,,,,,,,,,,,,,no,,,no,
district,河北省,承德市,宽城满族自治县,0,0,,,,,,,,,no_candidate,,,,,,,,,,,,,,,,,no,,,no,
district,河北省,承德市,隆化县,0,0,,,,,,,,,no_candidate,,,,,,,,,,,,,,,,,no,,,no,
district,河北省,承德市,滦平县,0,0,,,,,,,,,no_candidate,,,,,,,,,,,,,,,,,no,,,no,
district,河北省,承德市,平泉市,0,0,,,,,,,,,no_candidate,,,,,,,,,,,,,,,,,no,,,no,
district,河北省,承德市,双滦区,0,0,,,,,,,,,no_candidate,,,,,,,,,,,,,,,,,no,,,no,
district,河北省,承德市,双桥区,6,6,4113010093,承德医学院,本科,no,,cross_group_scale_policy,承德医学院 取自主榜序列；其余候选分属不同榜单体系，名次不可直接比较，按当前项目政策以主榜序列为先；候选池先按层次收敛：本科层次优先于更低层次（项目层次政策）,policy,resolved_policy,shanghairanking-bcur,shanghairanking-bcur,shanghairanking-bcur,2026,中国医药类大学排名,医药,rankOverall,2026软科医药 42 · 主榜参考 316,316,https://www.shanghairanking.cn/rankings/bcur/202621,campus,profile_campus,4113010098,河北民族师范学院,本科,shanghairanking-bcur,yes,,承德医学院|河北民族师范学院,no,
district,河北省,承德市,围场满族蒙古族自治县,0,0,,,,,,,,,no_candidate,,,,,,,,,,,,,,,,,no,,,no,
district,河北省,承德市,兴隆县,0,0,,,,,,,,,no_candidate,,,,,,,,,,,,,,,,,no,,,no,
district,河北省,承德市,鹰手营子矿区,0,0,,,,,,,,,no_candidate,,,,,,,,,,,,,,,,,no,,,no,
district,河北省,邯郸市,成安县,0,0,,,,,,,,,no_candidate,,,,,,,,,,,,,,,,,no,,,no,
district,河北省,邯郸市,磁县,0,0,,,,,,,,,no_candidate,,,,,,,,,,,,,,,,,no,,,no,
district,河北省,邯郸市,丛台区,3,3,4113010076,河北工程大学,本科,no,,public_before_private,同层次同标签下公办优先（按当前项目政策，非排名证据）；候选池先按层次收敛：本科层次优先于更低层次（项目层次政策）,policy,resolved_policy,shanghairanking-bcur,shanghairanking-bcur,shanghairanking-bcur,2026,中国大学排名（主榜）,,rankOverall,2026软科 291,291,https://www.shanghairanking.cn/rankings/bcur/2026,campus,profile_campus,,,,,no,,河北工程大学,yes,no comparable second place: the deciding rule set aside the other 2 candidate(s) without leaving anybody on the winner's own scale
district,河北省,邯郸市,大名县,2,2,4113010103,邯郸学院,本科,no,,level_order,本科层次优先于更低层次候选（项目层次政策）,policy,resolved_policy,shanghairanking-bcur,shanghairanking-bcur,shanghairanking-bcur,2026,中国大学排名（主榜）,,rankOverall,2026软科 500+,500+,https://www.shanghairanking.cn/rankings/bcur/2026,campus,profile_campus,,,,,no,,邯郸学院,no,no comparable second place: the deciding rule set aside the other 1 candidate(s) without leaving anybody on the winner's own scale
district,河北省,邯郸市,肥乡区,0,0,,,,,,,,,no_candidate,,,,,,,,,,,,,,,,,no,,,no,
district,河北省,邯郸市,峰峰矿区,0,0,,,,,,,,,no_candidate,,,,,,,,,,,,,,,,,no,,,no,
district,河北省,邯郸市,复兴区,0,0,,,,,,,,,no_candidate,,,,,,,,,,,,,,,,,no,,,no,
district,河北省,邯郸市,馆陶县,0,0,,,,,,,,,no_candidate,,,,,,,,,,,,,,,,,no,,,no,
district,河北省,邯郸市,广平县,1,1,4113014787,邯郸应用技术职业学院,专科,yes,,single_candidate,该行政单元在现行口径下只有 1 个候选，无需比较,policy,resolved_policy,,,,,,,,,,,campus,profile_campus,,,,,no,,邯郸应用技术职业学院,no,
district,河北省,邯郸市,邯山区,4,4,4113010103,邯郸学院,本科,no,,public_before_private,同层次同标签下公办优先（按当前项目政策，非排名证据）；候选池先按层次收敛：本科层次优先于更低层次（项目层次政策）,policy,resolved_policy,shanghairanking-bcur,shanghairanking-bcur,shanghairanking-bcur,2026,中国大学排名（主榜）,,rankOverall,2026软科 500+,500+,https://www.shanghairanking.cn/rankings/bcur/2026,campus,profile_campus,,,,,no,,邯郸学院,yes,no comparable second place: the deciding rule set aside the other 3 candidate(s) without leaving anybody on the winner's own scale
district,河北省,邯郸市,鸡泽县,0,0,,,,,,,,,no_candidate,,,,,,,,,,,,,,,,,no,,,no,
district,河北省,邯郸市,临漳县,0,0,,,,,,,,,no_candidate,,,,,,,,,,,,,,,,,no,,,no,
district,河北省,邯郸市,邱县,0,0,,,,,,,,,no_candidate,,,,,,,,,,,,,,,,,no,,,no,
district,河北省,邯郸市,曲周县,0,0,,,,,,,,,no_candidate,,,,,,,,,,,,,,,,,no,,,no,
district,河北省,邯郸市,涉县,0,0,,,,,,,,,no_candidate,,,,,,,,,,,,,,,,,no,,,no,
district,河北省,邯郸市,魏县,0,0,,,,,,,,,no_candidate,,,,,,,,,,,,,,,,,no,,,no,
district,河北省,邯郸市,武安市,1,1,4113014686,邯郸幼儿师范高等专科学校,专科,no,,single_candidate,该行政单元在现行口径下只有 1 个候选，无需比较,policy,resolved_policy,shanghairanking-bcvcr-public-vocational,shanghairanking-bcvcr-public-vocational,shanghairanking-bcvcr-public-vocational,2026,中国高职专科院校排名（总榜）,师范,rankOverall,2026软科高职师范 28+ · 高职专科总榜 500+,500+,https://www.shanghairanking.cn/rankings/bcvcr/2026623,campus,profile_campus,,,,,no,,邯郸幼儿师范高等专科学校,no,
district,河北省,邯郸市,永年区,0,0,,,,,,,,,no_candidate,,,,,,,,,,,,,,,,,no,,,no,
district,河北省,衡水市,安平县,1,1,4113012786,衡水职业技术学院,专科,no,,single_candidate,该行政单元在现行口径下只有 1 个候选，无需比较,policy,resolved_policy,shanghairanking-bcvcr-public-vocational,shanghairanking-bcvcr-public-vocational,shanghairanking-bcvcr-public-vocational,2026,中国高职专科院校排名（总榜）,综合,rankOverall,2026软科高职综合 112+ · 高职专科总榜 500+,500+,https://www.shanghairanking.cn/rankings/bcvcr/2026623,campus,profile_campus,,,,,no,,衡水职业技术学院,no,
district,河北省,衡水市,阜城县,0,0,,,,,,,,,no_candidate,,,,,,,,,,,,,,,,,no,,,no,
district,河北省,衡水市,故城县,0,0,,,,,,,,,no_candidate,,,,,,,,,,,,,,,,,no,,,no,
district,河北省,衡水市,冀州区,0,0,,,,,,,,,no_candidate,,,,,,,,,,,,,,,,,no,,,no,
district,河北省,衡水市,景县,0,0,,,,,,,,,no_candidate,,,,,,,,,,,,,,,,,no,,,no,
district,河北省,衡水市,饶阳县,0,0,,,,,,,,,no_candidate,,,,,,,,,,,,,,,,,no,,,no,
district,河北省,衡水市,深州市,1,1,4113012786,衡水职业技术学院,专科,no,,single_candidate,该行政单元在现行口径下只有 1 个候选，无需比较,policy,resolved_policy,shanghairanking-bcvcr-public-vocational,shanghairanking-bcvcr-public-vocational,shanghairanking-bcvcr-public-vocational,2026,中国高职专科院校排名（总榜）,综合,rankOverall,2026软科高职综合 112+ · 高职专科总榜 500+,500+,https://www.shanghairanking.cn/rankings/bcvcr/2026623,campus,profile_campus,,,,,no,,衡水职业技术学院,no,
district,河北省,衡水市,桃城区,3,3,4113010101,衡水学院,本科,no,,level_order,本科层次优先于更低层次候选（项目层次政策）,policy,resolved_policy,shanghairanking-bcur,shanghairanking-bcur,shanghairanking-bcur,2026,中国大学排名（主榜）,,rankOverall,2026软科 500+,500+,https://www.shanghairanking.cn/rankings/bcur/2026,campus,profile_campus,,,,,no,,衡水学院,no,no comparable second place: the deciding rule set aside the other 2 candidate(s) without leaving anybody on the winner's own scale
district,河北省,衡水市,武强县,0,0,,,,,,,,,no_candidate,,,,,,,,,,,,,,,,,no,,,no,
district,河北省,衡水市,武邑县,1,1,4113012786,衡水职业技术学院,专科,no,,single_candidate,该行政单元在现行口径下只有 1 个候选，无需比较,policy,resolved_policy,shanghairanking-bcvcr-public-vocational,shanghairanking-bcvcr-public-vocational,shanghairanking-bcvcr-public-vocational,2026,中国高职专科院校排名（总榜）,综合,rankOverall,2026软科高职综合 112+ · 高职专科总榜 500+,500+,https://www.shanghairanking.cn/rankings/bcvcr/2026623,campus,profile_campus,,,,,no,,衡水职业技术学院,no,
district,河北省,衡水市,枣强县,0,0,,,,,,,,,no_candidate,,,,,,,,,,,,,,,,,no,,,no,
district,河北省,廊坊市,安次区,5,5,4113011105,中国人民警察大学,本科,no,,comparable_ranking,中国人民警察大学 在同榜可比名次上优于 廊坊师范学院（软科 bcur）；候选池先按层次收敛：本科层次优先于更低层次（项目层次政策）,strong,resolved_strong,shanghairanking-bcur,shanghairanking-bcur,shanghairanking-bcur,2026,中国政法类大学排名,政法,rankOverall,2026软科政法 8 · 主榜参考 266,266,https://www.shanghairanking.cn/rankings/bcur/202625,campus,profile_campus,4113010100,廊坊师范学院,本科,shanghairanking-bcur,yes,,中国人民警察大学|廊坊师范学院,no,
district,河北省,廊坊市,霸州市,0,0,,,,,,,,,no_candidate,,,,,,,,,,,,,,,,,no,,,no,
district,河北省,廊坊市,大厂回族自治县,0,0,,,,,,,,,no_candidate,,,,,,,,,,,,,,,,,no,,,no,
district,河北省,廊坊市,大城县,1,1,4113013395,廊坊职业技术学院,专科,no,,single_candidate,该行政单元在现行口径下只有 1 个候选，无需比较,policy,resolved_policy,shanghairanking-bcvcr-public-vocational,shanghairanking-bcvcr-public-vocational,shanghairanking-bcvcr-public-vocational,2026,中国高职专科院校排名（总榜）,理工,rankOverall,2026软科高职理工 230+ · 高职专科总榜 500+,500+,https://www.shanghairanking.cn/rankings/bcvcr/2026623,campus,historical_campus,,,,,no,,廊坊职业技术学院,no,
district,河北省,廊坊市,固安县,2,2,4113010100,廊坊师范学院,本科,no,,level_order,本科层次优先于更低层次候选（项目层次政策）,policy,resolved_policy,shanghairanking-bcur,shanghairanking-bcur,shanghairanking-bcur,2026,中国大学排名（主榜）,,rankOverall,2026软科 466,466,https://www.shanghairanking.cn/rankings/bcur/2026,campus,profile_campus,,,,,no,,廊坊师范学院,no,no comparable second place: the deciding rule set aside the other 1 candidate(s) without leaving anybody on the winner's own scale
district,河北省,廊坊市,广阳区,5,5,4113010080,河北工业大学,本科,no,211|双一流,prestige_tag,211 标签优先于无重点标签（国家官方重点建设名单）,strong,resolved_strong,shanghairanking-bcur,shanghairanking-bcur,shanghairanking-bcur,2026,中国大学排名（主榜）,,rankOverall,2026软科 107,107,https://www.shanghairanking.cn/rankings/bcur/2026,campus,historical_campus,4113011629,北华航天工业学院,本科,shanghairanking-bcur,yes,,河北工业大学|北华航天工业学院,no,
district,河北省,廊坊市,三河市,6,6,4111010047,中央美术学院,本科,no,双一流,prestige_tag,双一流 标签优先于无重点标签（国家官方重点建设名单）,strong,resolved_strong,,,,,,,,,,,campus,profile_campus,,,,,no,,中央美术学院,no,no comparable second place: the deciding rule set aside the other 5 candidate(s) without leaving anybody on the winner's own scale
district,河北省,廊坊市,文安县,1,1,4113013395,廊坊职业技术学院,专科,no,,single_candidate,该行政单元在现行口径下只有 1 个候选，无需比较,policy,resolved_policy,shanghairanking-bcvcr-public-vocational,shanghairanking-bcvcr-public-vocational,shanghairanking-bcvcr-public-vocational,2026,中国高职专科院校排名（总榜）,理工,rankOverall,2026软科高职理工 230+ · 高职专科总榜 500+,500+,https://www.shanghairanking.cn/rankings/bcvcr/2026623,campus,historical_campus,,,,,no,,廊坊职业技术学院,no,
district,河北省,廊坊市,香河县,0,0,,,,,,,,,no_candidate,,,,,,,,,,,,,,,,,no,,,no,
district,河北省,廊坊市,永清县,0,0,,,,,,,,,no_candidate,,,,,,,,,,,,,,,,,no,,,no,
district,河北省,秦皇岛市,北戴河区,4,4,4111010007,北京理工大学,本科,no,985|211|双一流,prestige_tag,985 标签优先于无重点标签（国家官方重点建设名单）,strong,resolved_strong,shanghairanking-bcur,shanghairanking-bcur,shanghairanking-bcur,2026,中国大学排名（主榜）,,rankOverall,2026软科 14,14,https://www.shanghairanking.cn/rankings/bcur/2026,campus,historical_campus,4213051721,河北环境工程学院,本科,shanghairanking-bcur,yes,,北京理工大学|河北环境工程学院,no,
district,河北省,秦皇岛市,昌黎县,1,1,4113010798,河北科技师范学院,本科,no,,single_candidate,该行政单元在现行口径下只有 1 个候选，无需比较,policy,resolved_policy,shanghairanking-bcur,shanghairanking-bcur,shanghairanking-bcur,2026,中国大学排名（主榜）,,rankOverall,2026软科 404,404,https://www.shanghairanking.cn/rankings/bcur/2026,campus,profile_campus,,,,,no,,河北科技师范学院,no,
district,河北省,秦皇岛市,抚宁区,1,1,4113013074,河北对外经贸职业学院,专科,no,,single_candidate,该行政单元在现行口径下只有 1 个候选，无需比较,policy,resolved_policy,shanghairanking-bcvcr-public-vocational,shanghairanking-bcvcr-public-vocational,shanghairanking-bcvcr-public-vocational,2026,中国高职专科院校排名（总榜）,师范,rankOverall,2026软科高职专科总榜 451,451,https://www.shanghairanking.cn/rankings/bcvcr/2026623,campus,historical_campus,,,,,no,,河北对外经贸职业学院,no,
district,河北省,秦皇岛市,海港区,8,8,4121010145,东北大学,本科,no,985|211|双一流,prestige_tag,985 标签优先于无重点标签（国家官方重点建设名单）,strong,resolved_strong,shanghairanking-bcur,shanghairanking-bcur,shanghairanking-bcur,2026,中国大学排名（主榜）,,rankOverall,2026软科 38,38,https://www.shanghairanking.cn/rankings/bcur/2026,campus,profile_campus,4113010216,燕山大学,本科,shanghairanking-bcur,yes,,东北大学|燕山大学,no,
district,河北省,秦皇岛市,卢龙县,0,0,,,,,,,,,no_candidate,,,,,,,,,,,,,,,,,no,,,no,
district,河北省,秦皇岛市,青龙满族自治县,0,0,,,,,,,,,no_candidate,,,,,,,,,,,,,,,,,no,,,no,
district,河北省,秦皇岛市,山海关区,0,0,,,,,,,,,no_candidate,,,,,,,,,,,,,,,,,no,,,no,
district,河北省,石家庄市,高邑县,1,1,4113013400,石家庄理工职业学院,专科,yes,,single_candidate,该行政单元在现行口径下只有 1 个候选，无需比较,policy,resolved_policy,shanghairanking-bcvcr-private-vocational,shanghairanking-bcvcr-private-vocational,shanghairanking-bcvcr-private-vocational,2026,民办高职专科院校排名,,ranking,2026软科民办高职专科 70,70,https://www.shanghairanking.cn/rankings/bcvcr/2026633,campus,profile_campus,,,,,no,,石家庄理工职业学院,no,
district,河北省,石家庄市,藁城区,5,5,4113010077,河北地质大学,本科,no,,level_order,本科层次优先于更低层次候选（项目层次政策）,policy,resolved_policy,shanghairanking-bcur,shanghairanking-bcur,shanghairanking-bcur,2026,中国财经类大学排名,财经,rankOverall,2026软科财经 32 · 主榜参考 290,290,https://www.shanghairanking.cn/rankings/bcur/202622,campus,profile_campus,,,,,no,,河北地质大学,no,no comparable second place: the deciding rule set aside the other 4 candidate(s) without leaving anybody on the winner's own scale
district,河北省,石家庄市,晋州市,0,0,,,,,,,,,no_candidate,,,,,,,,,,,,,,,,,no,,,no,
district,河北省,石家庄市,井陉矿区,0,0,,,,,,,,,no_candidate,,,,,,,,,,,,,,,,,no,,,no,
district,河北省,石家庄市,井陉县,1,1,4113014908,石家庄金融职业学院,专科,yes,,single_candidate,该行政单元在现行口径下只有 1 个候选，无需比较,policy,resolved_policy,,,,,,,,,,,campus,profile_campus,,,,,no,,石家庄金融职业学院,no,
district,河北省,石家庄市,灵寿县,6,6,4113012796,河北工程技术学院,本科,yes,,level_order,本科层次优先于更低层次候选（项目层次政策）,policy,resolved_policy,shanghairanking-bcur-private,shanghairanking-bcur-private,shanghairanking-bcur-private,2026,中国民办高校排名（主榜）,理工,rankOverall,2026软科民办 100+,100+,https://www.shanghairanking.cn/rankings/bcur/202615,campus,profile_campus,,,,,no,,河北工程技术学院,no,no comparable second place: the deciding rule set aside the other 5 candidate(s) without leaving anybody on the winner's own scale
district,河北省,石家庄市,鹿泉区,11,11,4113014432,河北中医药大学,本科,no,,public_before_private,同层次同标签下公办优先（按当前项目政策，非排名证据）；候选池先按层次收敛：本科层次优先于更低层次（项目层次政策）,policy,resolved_policy,shanghairanking-bcur,shanghairanking-bcur,shanghairanking-bcur,2026,中国中医药大学排名,中医药,rankOverall,2026软科中医药 20 · 主榜参考 254,254,https://www.shanghairanking.cn/rankings/bcur/2026745,campus,profile_campus,,,,,no,,河北中医药大学,yes,no comparable second place: the deciding rule set aside the other 10 candidate(s) without leaving anybody on the winner's own scale
district,河北省,石家庄市,栾城区,3,3,4113012784,河北传媒学院,本科,yes,,level_order,本科层次优先于更低层次候选（项目层次政策）,policy,resolved_policy,,,,,,,,,,,campus,profile_campus,,,,,no,,河北传媒学院,no,no comparable second place: the deciding rule set aside the other 2 candidate(s) without leaving anybody on the winner's own scale
district,河北省,石家庄市,平山县,2,2,4113016204,河北工业职业技术大学,本科,no,,level_order,本科层次优先于更低层次候选（项目层次政策）,policy,resolved_policy,shanghairanking-bcvcr-public-vocational-undergraduate,shanghairanking-bcvcr-public-vocational-undergraduate,shanghairanking-bcvcr-public-vocational-undergraduate,2026,中国职业本科大学排名,,ranking,2026软科职业本科大学 14,14,https://www.shanghairanking.cn/rankings/bcvcr/2026749,campus,profile_campus,,,,,no,,河北工业职业技术大学,no,no comparable second place: the deciding rule set aside the other 1 candidate(s) without leaving anybody on the winner's own scale
district,河北省,石家庄市,桥西区,18,18,4113010094,河北师范大学,本科,no,,public_before_private,同层次同标签下公办优先（按当前项目政策，非排名证据）；候选池先按层次收敛：本科层次优先于更低层次（项目层次政策）,policy,resolved_policy,shanghairanking-bcur,shanghairanking-bcur,shanghairanking-bcur,2026,中国大学排名（主榜）,,rankOverall,2026软科 177,177,https://www.shanghairanking.cn/rankings/bcur/2026,campus,profile_campus,4113011832,河北经贸大学,本科,shanghairanking-bcur,yes,,河北师范大学|河北经贸大学,yes,
district,河北省,石家庄市,深泽县,0,0,,,,,,,,,no_candidate,,,,,,,,,,,,,,,,,no,,,no,
district,河北省,石家庄市,无极县,0,0,,,,,,,,,no_candidate,,,,,,,,,,,,,,,,,no,,,no,
district,河北省,石家庄市,辛集市,1,1,4113014953,辛集应用技术职业学院,专科,yes,,single_candidate,该行政单元在现行口径下只有 1 个候选，无需比较,policy,resolved_policy,,,,,,,,,,,campus,corroborated_campus,,,,,no,,辛集应用技术职业学院,no,
district,河北省,石家庄市,新华区,12,12,4113011832,河北经贸大学,本科,no,,comparable_ranking,河北经贸大学 在同榜可比名次上优于 河北地质大学（软科 bcur）；候选池先按层次收敛：本科层次优先于更低层次（项目层次政策）,strong,resolved_strong,shanghairanking-bcur,shanghairanking-bcur,shanghairanking-bcur,2026,中国财经类大学排名,财经,rankOverall,2026软科财经 23 · 主榜参考 253,253,https://www.shanghairanking.cn/rankings/bcur/202622,campus,profile_campus,4113010077,河北地质大学,本科,shanghairanking-bcur,yes,,河北经贸大学|河北地质大学,yes,2 leading candidate(s) carry no official list ranking
district,河北省,石家庄市,新乐市,2,2,4113013594,河北地质大学华信学院,本科,yes,,deterministic_fallback_policy,河北地质大学华信学院 由项目稳定兜底规则选出：在层次、重点标签、公办/民办与可比榜单仍无法唯一分开时，按榜单体系优先级、区间下界与稳定名称顺序决定展示 winner；该结论不是发布方跨榜排名,policy,resolved_policy,,,,,,,,,,,campus,profile_campus,,,,,no,,河北地质大学华信学院,yes,1 leading candidate(s) carry no official list ranking; no comparable second place: the deciding rule set aside the other 1 candidate(s) without leaving anybody on the winner's own scale
district,河北省,石家庄市,行唐县,1,1,4113012782,石家庄工程职业学院,专科,yes,,single_candidate,该行政单元在现行口径下只有 1 个候选，无需比较,policy,resolved_policy,shanghairanking-bcvcr-private-vocational,shanghairanking-bcvcr-private-vocational,shanghairanking-bcvcr-private-vocational,2026,民办高职专科院校排名,,ranking,2026软科民办高职专科 100+,100+,https://www.shanghairanking.cn/rankings/bcvcr/2026633,campus,profile_campus,,,,,no,,石家庄工程职业学院,no,
district,河北省,石家庄市,裕华区,11,11,4113010089,河北医科大学,本科,no,,comparable_ranking,河北医科大学 在同榜可比名次上优于 河北师范大学（软科 bcur）；候选池先按层次收敛：本科层次优先于更低层次（项目层次政策）,strong,resolved_strong,shanghairanking-bcur,shanghairanking-bcur,shanghairanking-bcur,2026,中国医药类大学排名,医药,rankOverall,2026软科医药 12 · 主榜参考 109,109,https://www.shanghairanking.cn/rankings/bcur/202621,campus,profile_campus,4113010094,河北师范大学,本科,shanghairanking-bcur,yes,,河北医科大学|河北师范大学,yes,1 leading candidate(s) carry no official list ranking
district,河北省,石家庄市,元氏县,4,4,4113010107,石家庄铁道大学,本科,no,,public_before_private,同层次同标签下公办优先（按当前项目政策，非排名证据）；候选池先按层次收敛：本科层次优先于更低层次（项目层次政策）,policy,resolved_policy,shanghairanking-bcur,shanghairanking-bcur,shanghairanking-bcur,2026,中国大学排名（主榜）,,rankOverall,2026软科 231,231,https://www.shanghairanking.cn/rankings/bcur/2026,campus,profile_campus,,,,,no,,石家庄铁道大学,yes,no comparable second place: the deciding rule set aside the other 3 candidate(s) without leaving anybody on the winner's own scale
district,河北省,石家庄市,赞皇县,1,1,4113012796,河北工程技术学院,本科,yes,,single_candidate,该行政单元在现行口径下只有 1 个候选，无需比较,policy,resolved_policy,shanghairanking-bcur-private,shanghairanking-bcur-private,shanghairanking-bcur-private,2026,中国民办高校排名（主榜）,理工,rankOverall,2026软科民办 100+,100+,https://www.shanghairanking.cn/rankings/bcur/202615,campus,profile_campus,,,,,no,,河北工程技术学院,no,
district,河北省,石家庄市,长安区,7,7,4113010089,河北医科大学,本科,no,,comparable_ranking,河北医科大学 在同榜可比名次上优于 石家庄铁道大学（软科 bcur）；候选池先按层次收敛：本科层次优先于更低层次（项目层次政策）,strong,resolved_strong,shanghairanking-bcur,shanghairanking-bcur,shanghairanking-bcur,2026,中国医药类大学排名,医药,rankOverall,2026软科医药 12 · 主榜参考 109,109,https://www.shanghairanking.cn/rankings/bcur/202621,campus,profile_campus,4113010107,石家庄铁道大学,本科,shanghairanking-bcur,yes,,河北医科大学|石家庄铁道大学,no,
district,河北省,石家庄市,赵县,0,0,,,,,,,,,no_candidate,,,,,,,,,,,,,,,,,no,,,no,
district,河北省,石家庄市,正定县,5,5,4113011236,河北体育学院,本科,no,,level_order,本科层次优先于更低层次候选（项目层次政策）,policy,resolved_policy,shanghairanking-bcur,shanghairanking-bcur,shanghairanking-bcur,2026,中国体育类大学排名,体育,rankOverall,2026软科体育 13+ · 主榜参考 500+,500+,https://www.shanghairanking.cn/rankings/bcur/202626,campus,profile_campus,,,,,no,,河北体育学院,no,no comparable second place: the deciding rule set aside the other 4 candidate(s) without leaving anybody on the winner's own scale
district,河北省,唐山市,曹妃甸区,6,6,4113010081,华北理工大学,本科,no,,public_before_private,同层次同标签下公办优先（按当前项目政策，非排名证据）；候选池先按层次收敛：本科层次优先于更低层次（项目层次政策）,policy,resolved_policy,shanghairanking-bcur,shanghairanking-bcur,shanghairanking-bcur,2026,中国大学排名（主榜）,,rankOverall,2026软科 269,269,https://www.shanghairanking.cn/rankings/bcur/2026,campus,profile_campus,,,,,no,,华北理工大学,yes,no comparable second place: the deciding rule set aside the other 5 candidate(s) without leaving anybody on the winner's own scale
district,河北省,唐山市,丰南区,1,1,4113012785,唐山职业技术学院,专科,no,,single_candidate,该行政单元在现行口径下只有 1 个候选，无需比较,policy,resolved_policy,shanghairanking-bcvcr-public-vocational,shanghairanking-bcvcr-public-vocational,shanghairanking-bcvcr-public-vocational,2026,中国高职专科院校排名（总榜）,综合,rankOverall,2026软科高职专科总榜 190,190,https://www.shanghairanking.cn/rankings/bcvcr/2026623,campus,profile_campus,,,,,no,,唐山职业技术学院,no,
district,河北省,唐山市,丰润区,1,1,4113013408,华北理工大学轻工学院,本科,yes,,single_candidate,该行政单元在现行口径下只有 1 个候选，无需比较,policy,resolved_policy,,,,,,,,,,,campus,profile_campus,,,,,no,,华北理工大学轻工学院,no,
district,河北省,唐山市,古冶区,0,0,,,,,,,,,no_candidate,,,,,,,,,,,,,,,,,no,,,no,
district,河北省,唐山市,开平区,0,0,,,,,,,,,no_candidate,,,,,,,,,,,,,,,,,no,,,no,
district,河北省,唐山市,乐亭县,0,0,,,,,,,,,no_candidate,,,,,,,,,,,,,,,,,no,,,no,
district,河北省,唐山市,路北区,6,6,4113010081,华北理工大学,本科,no,,comparable_ranking,华北理工大学 在同榜可比名次上优于 唐山师范学院（软科 bcur）；候选池先按层次收敛：本科层次优先于更低层次（项目层次政策）,strong,resolved_strong,shanghairanking-bcur,shanghairanking-bcur,shanghairanking-bcur,2026,中国大学排名（主榜）,,rankOverall,2026软科 269,269,https://www.shanghairanking.cn/rankings/bcur/2026,campus,historical_campus,4113010099,唐山师范学院,本科,shanghairanking-bcur,yes,,华北理工大学|唐山师范学院,yes,1 leading candidate(s) carry no official list ranking
district,河北省,唐山市,路南区,3,3,4113013408,华北理工大学轻工学院,本科,yes,,level_order,本科层次优先于更低层次候选（项目层次政策）,policy,resolved_policy,,,,,,,,,,,campus,profile_campus,,,,,no,,华北理工大学轻工学院,no,no comparable second place: the deciding rule set aside the other 2 candidate(s) without leaving anybody on the winner's own scale
district,河北省,唐山市,滦南县,0,0,,,,,,,,,no_candidate,,,,,,,,,,,,,,,,,no,,,no,
district,河北省,唐山市,滦州市,2,2,4113010099,唐山师范学院,本科,no,,level_order,本科层次优先于更低层次候选（项目层次政策）,policy,resolved_policy,shanghairanking-bcur,shanghairanking-bcur,shanghairanking-bcur,2026,中国大学排名（主榜）,,rankOverall,2026软科 438,438,https://www.shanghairanking.cn/rankings/bcur/2026,campus,historical_campus,,,,,no,,唐山师范学院,no,no comparable second place: the deciding rule set aside the other 1 candidate(s) without leaving anybody on the winner's own scale
district,河北省,唐山市,迁安市,0,0,,,,,,,,,no_candidate,,,,,,,,,,,,,,,,,no,,,no,
district,河北省,唐山市,迁西县,0,0,,,,,,,,,no_candidate,,,,,,,,,,,,,,,,,no,,,no,
district,河北省,唐山市,玉田县,1,1,4113010099,唐山师范学院,本科,no,,single_candidate,该行政单元在现行口径下只有 1 个候选，无需比较,policy,resolved_policy,shanghairanking-bcur,shanghairanking-bcur,shanghairanking-bcur,2026,中国大学排名（主榜）,,rankOverall,2026软科 438,438,https://www.shanghairanking.cn/rankings/bcur/2026,campus,historical_campus,,,,,no,,唐山师范学院,no,
district,河北省,唐山市,遵化市,0,0,,,,,,,,,no_candidate,,,,,,,,,,,,,,,,,no,,,no,
district,河北省,邢台市,柏乡县,0,0,,,,,,,,,no_candidate,,,,,,,,,,,,,,,,,no,,,no,
district,河北省,邢台市,广宗县,0,0,,,,,,,,,no_candidate,,,,,,,,,,,,,,,,,no,,,no,
district,河北省,邢台市,巨鹿县,0,0,,,,,,,,,no_candidate,,,,,,,,,,,,,,,,,no,,,no,
district,河北省,邢台市,临城县,0,0,,,,,,,,,no_candidate,,,,,,,,,,,,,,,,,no,,,no,
district,河北省,邢台市,临西县,0,0,,,,,,,,,no_candidate,,,,,,,,,,,,,,,,,no,,,no,
district,河北省,邢台市,隆尧县,0,0,,,,,,,,,no_candidate,,,,,,,,,,,,,,,,,no,,,no,
district,河北省,邢台市,南宫市,0,0,,,,,,,,,no_candidate,,,,,,,,,,,,,,,,,no,,,no,
district,河北省,邢台市,南和区,0,0,,,,,,,,,no_candidate,,,,,,,,,,,,,,,,,no,,,no,
district,河北省,邢台市,内丘县,0,0,,,,,,,,,no_candidate,,,,,,,,,,,,,,,,,no,,,no,
district,河北省,邢台市,宁晋县,1,1,4113014852,邢台新能源职业学院,专科,yes,,single_candidate,该行政单元在现行口径下只有 1 个候选，无需比较,policy,resolved_policy,,,,,,,,,,,campus,profile_campus,,,,,no,,邢台新能源职业学院,no,
district,河北省,邢台市,平乡县,0,0,,,,,,,,,no_candidate,,,,,,,,,,,,,,,,,no,,,no,
district,河北省,邢台市,清河县,0,0,,,,,,,,,no_candidate,,,,,,,,,,,,,,,,,no,,,no,
district,河北省,邢台市,任泽区,0,0,,,,,,,,,no_candidate,,,,,,,,,,,,,,,,,no,,,no,
district,河北省,邢台市,沙河市,0,0,,,,,,,,,no_candidate,,,,,,,,,,,,,,,,,no,,,no,
district,河北省,邢台市,威县,1,1,4113014742,邢台应用技术职业学院,专科,yes,,single_candidate,该行政单元在现行口径下只有 1 个候选，无需比较,policy,resolved_policy,shanghairanking-bcvcr-private-vocational,shanghairanking-bcvcr-private-vocational,shanghairanking-bcvcr-private-vocational,2026,民办高职专科院校排名,,ranking,2026软科民办高职专科 100+,100+,https://www.shanghairanking.cn/rankings/bcvcr/2026633,campus,profile_campus,,,,,no,,邢台应用技术职业学院,no,
district,河北省,邢台市,襄都区,1,1,4113010104,邢台学院,本科,no,,single_candidate,该行政单元在现行口径下只有 1 个候选，无需比较,policy,resolved_policy,shanghairanking-bcur,shanghairanking-bcur,shanghairanking-bcur,2026,中国大学排名（主榜）,,rankOverall,2026软科 500+,500+,https://www.shanghairanking.cn/rankings/bcur/2026,campus,profile_campus,,,,,no,,邢台学院,no,
district,河北省,邢台市,新河县,0,0,,,,,,,,,no_candidate,,,,,,,,,,,,,,,,,no,,,no,
district,河北省,邢台市,信都区,4,4,4113016203,河北科技工程职业技术大学,本科,no,,cross_group_scale_policy,河北科技工程职业技术大学 取自主榜序列；其余候选分属不同榜单体系，名次不可直接比较，按当前项目政策以主榜序列为先；候选池先按层次收敛：本科层次优先于更低层次（项目层次政策）,policy,resolved_policy,shanghairanking-bcvcr-public-vocational-undergraduate,shanghairanking-bcvcr-public-vocational-undergraduate,shanghairanking-bcvcr-public-vocational-undergraduate,2026,中国职业本科大学排名,,ranking,2026软科职业本科大学 36,36,https://www.shanghairanking.cn/rankings/bcvcr/2026749,campus,profile_campus,,,,,no,,河北科技工程职业技术大学,yes,1 leading candidate(s) carry no official list ranking; no comparable second place: the deciding rule set aside the other 3 candidate(s) without leaving anybody on the winner's own scale
district,河北省,张家口市,赤城县,0,0,,,,,,,,,no_candidate,,,,,,,,,,,,,,,,,no,,,no,
district,河北省,张家口市,崇礼区,0,0,,,,,,,,,no_candidate,,,,,,,,,,,,,,,,,no,,,no,
district,河北省,张家口市,沽源县,0,0,,,,,,,,,no_candidate,,,,,,,,,,,,,,,,,no,,,no,
district,河北省,张家口市,怀安县,0,0,,,,,,,,,no_candidate,,,,,,,,,,,,,,,,,no,,,no,
district,河北省,张家口市,怀来县,1,1,4111011232,北京信息科技大学,本科,no,,single_candidate,该行政单元在现行口径下只有 1 个候选，无需比较,policy,resolved_policy,shanghairanking-bcur,shanghairanking-bcur,shanghairanking-bcur,2026,中国大学排名（主榜）,,rankOverall,2026软科 182,182,https://www.shanghairanking.cn/rankings/bcur/2026,campus,verified_campus,,,,,no,,北京信息科技大学,no,
district,河北省,张家口市,康保县,0,0,,,,,,,,,no_candidate,,,,,,,,,,,,,,,,,no,,,no,
district,河北省,张家口市,桥东区,4,4,4113010092,河北北方学院,本科,no,,comparable_ranking,河北北方学院 在同榜可比名次上优于 河北建筑工程学院（软科 bcur）；候选池先按层次收敛：本科层次优先于更低层次（项目层次政策）,strong,resolved_strong,shanghairanking-bcur,shanghairanking-bcur,shanghairanking-bcur,2026,中国医药类大学排名,医药,rankOverall,2026软科医药 47 · 主榜参考 366,366,https://www.shanghairanking.cn/rankings/bcur/202621,campus,profile_campus,4113010084,河北建筑工程学院,本科,shanghairanking-bcur,yes,,河北北方学院|河北建筑工程学院,no,
district,河北省,张家口市,桥西区,2,2,4113010092,河北北方学院,本科,no,,comparable_ranking,河北北方学院 在同榜可比名次上优于 张家口学院（软科 bcur）,strong,resolved_strong,shanghairanking-bcur,shanghairanking-bcur,shanghairanking-bcur,2026,中国医药类大学排名,医药,rankOverall,2026软科医药 47 · 主榜参考 366,366,https://www.shanghairanking.cn/rankings/bcur/202621,campus,historical_campus,4113014458,张家口学院,本科,shanghairanking-bcur,yes,,河北北方学院|张家口学院,no,
district,河北省,张家口市,尚义县,0,0,,,,,,,,,no_candidate,,,,,,,,,,,,,,,,,no,,,no,
district,河北省,张家口市,万全区,0,0,,,,,,,,,no_candidate,,,,,,,,,,,,,,,,,no,,,no,
district,河北省,张家口市,蔚县,0,0,,,,,,,,,no_candidate,,,,,,,,,,,,,,,,,no,,,no,
district,河北省,张家口市,下花园区,0,0,,,,,,,,,no_candidate,,,,,,,,,,,,,,,,,no,,,no,
district,河北省,张家口市,宣化区,3,3,4113010092,河北北方学院,本科,no,,cross_group_scale_policy,河北北方学院 取自主榜序列；其余候选分属不同榜单体系，名次不可直接比较，按当前项目政策以主榜序列为先；候选池先按层次收敛：本科层次优先于更低层次（项目层次政策）,policy,resolved_policy,shanghairanking-bcur,shanghairanking-bcur,shanghairanking-bcur,2026,中国医药类大学排名,医药,rankOverall,2026软科医药 47 · 主榜参考 366,366,https://www.shanghairanking.cn/rankings/bcur/202621,campus,profile_campus,,,,,no,,河北北方学院,no,no comparable second place: the deciding rule set aside the other 2 candidate(s) without leaving anybody on the winner's own scale
district,河北省,张家口市,阳原县,0,0,,,,,,,,,no_candidate,,,,,,,,,,,,,,,,,no,,,no,
district,河北省,张家口市,张北县,0,0,,,,,,,,,no_candidate,,,,,,,,,,,,,,,,,no,,,no,
district,河北省,张家口市,涿鹿县,0,0,,,,,,,,,no_candidate,,,,,,,,,,,,,,,,,no,,,no,
district,河南省,安阳市,安阳县,0,0,,,,,,,,,no_candidate,,,,,,,,,,,,,,,,,no,,,no,
district,河南省,安阳市,北关区,2,2,4141011330,安阳工学院,本科,no,,level_order,本科层次优先于更低层次候选（项目层次政策）,policy,resolved_policy,shanghairanking-bcur,shanghairanking-bcur,shanghairanking-bcur,2026,中国大学排名（主榜）,,rankOverall,2026软科 492,492,https://www.shanghairanking.cn/rankings/bcur/2026,campus,historical_campus,,,,,no,,安阳工学院,no,no comparable second place: the deciding rule set aside the other 1 candidate(s) without leaving anybody on the winner's own scale
district,河南省,安阳市,滑县,0,0,,,,,,,,,no_candidate,,,,,,,,,,,,,,,,,no,,,no,
district,河南省,安阳市,林州市,1,1,4141014717,林州建筑职业技术学院,专科,yes,,single_candidate,该行政单元在现行口径下只有 1 个候选，无需比较,policy,resolved_policy,shanghairanking-bcvcr-private-vocational,shanghairanking-bcvcr-private-vocational,shanghairanking-bcvcr-private-vocational,2026,民办高职专科院校排名,,ranking,2026软科民办高职专科 100+,100+,https://www.shanghairanking.cn/rankings/bcvcr/2026633,campus,profile_campus,,,,,no,,林州建筑职业技术学院,no,
district,河南省,安阳市,龙安区,0,0,,,,,,,,,no_candidate,,,,,,,,,,,,,,,,,no,,,no,
district,河南省,安阳市,内黄县,0,0,,,,,,,,,no_candidate,,,,,,,,,,,,,,,,,no,,,no,
district,河南省,安阳市,汤阴县,1,1,4141014392,安阳幼儿师范高等专科学校,专科,no,,single_candidate,该行政单元在现行口径下只有 1 个候选，无需比较,policy,resolved_policy,shanghairanking-bcvcr-public-vocational,shanghairanking-bcvcr-public-vocational,shanghairanking-bcvcr-public-vocational,2026,中国高职专科院校排名（总榜）,师范,rankOverall,2026软科高职师范 28+ · 高职专科总榜 500+,500+,https://www.shanghairanking.cn/rankings/bcvcr/2026623,campus,profile_campus,,,,,no,,安阳幼儿师范高等专科学校,no,
district,河南省,安阳市,文峰区,5,5,4141010479,安阳师范学院,本科,no,,public_before_private,同层次同标签下公办优先（按当前项目政策，非排名证据）；公办候选之间再按同榜名次比较；候选池先按层次收敛：本科层次优先于更低层次（项目层次政策）,policy,resolved_policy,shanghairanking-bcur,shanghairanking-bcur,shanghairanking-bcur,2026,中国大学排名（主榜）,,rankOverall,2026软科 418,418,https://www.shanghairanking.cn/rankings/bcur/2026,campus,profile_campus,4141011330,安阳工学院,本科,shanghairanking-bcur,yes,,安阳师范学院|安阳工学院,yes,
district,河南省,安阳市,殷都区,0,0,,,,,,,,,no_candidate,,,,,,,,,,,,,,,,,no,,,no,
district,河南省,鹤壁市,鹤山区,0,0,,,,,,,,,no_candidate,,,,,,,,,,,,,,,,,no,,,no,
district,河南省,鹤壁市,浚县,0,0,,,,,,,,,no_candidate,,,,,,,,,,,,,,,,,no,,,no,
district,河南省,鹤壁市,淇滨区,4,4,4141014949,河南信息科技学院,本科,no,,level_order,本科层次优先于更低层次候选（项目层次政策）,policy,resolved_policy,,,,,,,,,,,campus,profile_campus,,,,,no,,河南信息科技学院,no,no comparable second place: the deciding rule set aside the other 3 candidate(s) without leaving anybody on the winner's own scale
district,河南省,鹤壁市,淇县,1,1,4141014352,鹤壁汽车工程职业学院,专科,yes,,single_candidate,该行政单元在现行口径下只有 1 个候选，无需比较,policy,resolved_policy,shanghairanking-bcvcr-private-vocational,shanghairanking-bcvcr-private-vocational,shanghairanking-bcvcr-private-vocational,2026,民办高职专科院校排名,,ranking,2026软科民办高职专科 100+,100+,https://www.shanghairanking.cn/rankings/bcvcr/2026633,campus,profile_campus,,,,,no,,鹤壁汽车工程职业学院,no,
district,河南省,鹤壁市,山城区,0,0,,,,,,,,,no_candidate,,,,,,,,,,,,,,,,,no,,,no,
district,河南省,焦作市,博爱县,1,1,4141014793,焦作新材料职业学院,专科,yes,,single_candidate,该行政单元在现行口径下只有 1 个候选，无需比较,policy,resolved_policy,,,,,,,,,,,campus,profile_campus,,,,,no,,焦作新材料职业学院,no,
district,河南省,焦作市,解放区,2,2,4141010460,河南理工大学,本科,no,,level_order,本科层次优先于更低层次候选（项目层次政策）,policy,resolved_policy,shanghairanking-bcur,shanghairanking-bcur,shanghairanking-bcur,2026,中国大学排名（主榜）,,rankOverall,2026软科 194,194,https://www.shanghairanking.cn/rankings/bcur/2026,campus,profile_campus,,,,,no,,河南理工大学,no,no comparable second place: the deciding rule set aside the other 1 candidate(s) without leaving anybody on the winner's own scale
district,河南省,焦作市,马村区,0,0,,,,,,,,,no_candidate,,,,,,,,,,,,,,,,,no,,,no,
district,河南省,焦作市,孟州市,0,0,,,,,,,,,no_candidate,,,,,,,,,,,,,,,,,no,,,no,
district,河南省,焦作市,沁阳市,1,1,4141014300,焦作工贸职业学院,专科,yes,,single_candidate,该行政单元在现行口径下只有 1 个候选，无需比较,policy,resolved_policy,shanghairanking-bcvcr-private-vocational,shanghairanking-bcvcr-private-vocational,shanghairanking-bcvcr-private-vocational,2026,民办高职专科院校排名,,ranking,2026软科民办高职专科 100+,100+,https://www.shanghairanking.cn/rankings/bcvcr/2026633,campus,verified_campus,,,,,no,,焦作工贸职业学院,no,
district,河南省,焦作市,山阳区,5,5,4141010460,河南理工大学,本科,no,,level_order,本科层次优先于更低层次候选（项目层次政策）,policy,resolved_policy,shanghairanking-bcur,shanghairanking-bcur,shanghairanking-bcur,2026,中国大学排名（主榜）,,rankOverall,2026软科 194,194,https://www.shanghairanking.cn/rankings/bcur/2026,campus,historical_campus,,,,,no,,河南理工大学,no,no comparable second place: the deciding rule set aside the other 4 candidate(s) without leaving anybody on the winner's own scale
district,河南省,焦作市,温县,0,0,,,,,,,,,no_candidate,,,,,,,,,,,,,,,,,no,,,no,
district,河南省,焦作市,武陟县,1,1,4141013498,黄河交通学院,本科,yes,,single_candidate,该行政单元在现行口径下只有 1 个候选，无需比较,policy,resolved_policy,shanghairanking-bcur-private,shanghairanking-bcur-private,shanghairanking-bcur-private,2026,中国民办高校排名（主榜）,,ranking,2026软科民办 86,86,https://www.shanghairanking.cn/rankings/bcur/202615,campus,profile_campus,,,,,no,,黄河交通学院,no,
district,河南省,焦作市,修武县,0,0,,,,,,,,,no_candidate,,,,,,,,,,,,,,,,,no,,,no,
district,河南省,焦作市,中站区,0,0,,,,,,,,,no_candidate,,,,,,,,,,,,,,,,,no,,,no,
district,河南省,开封市,鼓楼区,0,0,,,,,,,,,no_candidate,,,,,,,,,,,,,,,,,no,,,no,
district,河南省,开封市,兰考县,2,2,4141013507,郑州工商学院,本科,yes,,level_order,本科层次优先于更低层次候选（项目层次政策）,policy,resolved_policy,shanghairanking-bcur-private,shanghairanking-bcur-private,shanghairanking-bcur-private,2026,中国民办高校排名（主榜）,,ranking,2026软科民办 94,94,https://www.shanghairanking.cn/rankings/bcur/202615,campus,profile_campus,,,,,no,,郑州工商学院,no,no comparable second place: the deciding rule set aside the other 1 candidate(s) without leaving anybody on the winner's own scale
district,河南省,开封市,龙亭区,8,8,4141010475,河南大学,本科,no,双一流,prestige_tag,双一流 标签优先于无重点标签（国家官方重点建设名单）,strong,resolved_strong,shanghairanking-bcur,shanghairanking-bcur,shanghairanking-bcur,2026,中国大学排名（主榜）,,rankOverall,2026软科 95,95,https://www.shanghairanking.cn/rankings/bcur/2026,campus,profile_campus,4141011788,河南警察学院,本科,shanghairanking-bcur,yes,,河南大学|河南警察学院,no,
district,河南省,开封市,杞县,0,0,,,,,,,,,no_candidate,,,,,,,,,,,,,,,,,no,,,no,
district,河南省,开封市,顺河回族区,1,1,4141010475,河南大学,本科,no,双一流,single_candidate,该行政单元在现行口径下只有 1 个候选，无需比较,policy,resolved_policy,shanghairanking-bcur,shanghairanking-bcur,shanghairanking-bcur,2026,中国大学排名（主榜）,,rankOverall,2026软科 95,95,https://www.shanghairanking.cn/rankings/bcur/2026,campus,profile_campus,,,,,no,,河南大学,no,
district,河南省,开封市,通许县,0,0,,,,,,,,,no_candidate,,,,,,,,,,,,,,,,,no,,,no,
district,河南省,开封市,尉氏县,0,0,,,,,,,,,no_candidate,,,,,,,,,,,,,,,,,no,,,no,
district,河南省,开封市,祥符区,4,4,4141014062,郑州电力职业技术学院,专科,yes,,single_ranked_candidate,郑州电力职业技术学院 是当前候选里唯一被官方榜单覆盖的学校（软科 bcvcr-private-vocational）,policy,resolved_policy,shanghairanking-bcvcr-private-vocational,shanghairanking-bcvcr-private-vocational,shanghairanking-bcvcr-private-vocational,2026,民办高职专科院校排名,,ranking,2026软科民办高职专科 56,56,https://www.shanghairanking.cn/rankings/bcvcr/2026633,campus,profile_campus,,,,,no,,郑州电力职业技术学院,yes,3 leading candidate(s) carry no official list ranking; no comparable second place: the deciding rule set aside the other 3 candidate(s) without leaving anybody on the winner's own scale
district,河南省,开封市,禹王台区,0,0,,,,,,,,,no_candidate,,,,,,,,,,,,,,,,,no,,,no,
district,河南省,洛阳市,瀍河回族区,2,2,4141014383,洛阳职业技术学院,专科,no,,comparable_ranking,洛阳职业技术学院 在同榜可比名次上优于 河南林业职业学院（软科 bcvcr-public-vocational）,strong,resolved_strong,shanghairanking-bcvcr-public-vocational,shanghairanking-bcvcr-public-vocational,shanghairanking-bcvcr-public-vocational,2026,中国高职专科院校排名（总榜）,综合,rankOverall,2026软科高职专科总榜 293,293,https://www.shanghairanking.cn/rankings/bcvcr/2026623,campus,profile_campus,4141013889,河南林业职业学院,专科,shanghairanking-bcvcr-public-vocational,yes,,洛阳职业技术学院|河南林业职业学院,no,
district,河南省,洛阳市,涧西区,3,3,4141010464,河南科技大学,本科,no,,comparable_ranking,河南科技大学 在同榜可比名次上优于 洛阳理工学院（软科 bcur）；候选池先按层次收敛：本科层次优先于更低层次（项目层次政策）,strong,resolved_strong,shanghairanking-bcur,shanghairanking-bcur,shanghairanking-bcur,2026,中国大学排名（主榜）,,rankOverall,2026软科 176,176,https://www.shanghairanking.cn/rankings/bcur/2026,campus,profile_campus,4141011070,洛阳理工学院,本科,shanghairanking-bcur,yes,,河南科技大学|洛阳理工学院,no,
district,河南省,洛阳市,老城区,3,3,4141010482,洛阳师范学院,本科,no,,level_order,本科层次优先于更低层次候选（项目层次政策）,policy,resolved_policy,shanghairanking-bcur,shanghairanking-bcur,shanghairanking-bcur,2026,中国大学排名（主榜）,,rankOverall,2026软科 361,361,https://www.shanghairanking.cn/rankings/bcur/2026,campus,historical_campus,,,,,no,,洛阳师范学院,no,no comparable second place: the deciding rule set aside the other 2 candidate(s) without leaving anybody on the winner's own scale
district,河南省,洛阳市,栾川县,0,0,,,,,,,,,no_candidate,,,,,,,,,,,,,,,,,no,,,no,
district,河南省,洛阳市,洛龙区,8,8,4141010464,河南科技大学,本科,no,,comparable_ranking,河南科技大学 在同榜可比名次上优于 洛阳师范学院（软科 bcur）；候选池先按层次收敛：本科层次优先于更低层次（项目层次政策）,strong,resolved_strong,shanghairanking-bcur,shanghairanking-bcur,shanghairanking-bcur,2026,中国大学排名（主榜）,,rankOverall,2026软科 176,176,https://www.shanghairanking.cn/rankings/bcur/2026,campus,profile_campus,4141010482,洛阳师范学院,本科,shanghairanking-bcur,yes,,河南科技大学|洛阳师范学院,no,
district,河南省,洛阳市,洛宁县,0,0,,,,,,,,,no_candidate,,,,,,,,,,,,,,,,,no,,,no,
district,河南省,洛阳市,孟津区,0,0,,,,,,,,,no_candidate,,,,,,,,,,,,,,,,,no,,,no,
district,河南省,洛阳市,汝阳县,0,0,,,,,,,,,no_candidate,,,,,,,,,,,,,,,,,no,,,no,
district,河南省,洛阳市,嵩县,0,0,,,,,,,,,no_candidate,,,,,,,,,,,,,,,,,no,,,no,
district,河南省,洛阳市,西工区,2,2,4141011788,河南警察学院,本科,no,,level_order,本科层次优先于更低层次候选（项目层次政策）,policy,resolved_policy,shanghairanking-bcur,shanghairanking-bcur,shanghairanking-bcur,2026,中国政法类大学排名,政法,rankOverall,2026软科政法 20 · 主榜参考 371,371,https://www.shanghairanking.cn/rankings/bcur/202625,campus,profile_campus,,,,,no,,河南警察学院,no,no comparable second place: the deciding rule set aside the other 1 candidate(s) without leaving anybody on the winner's own scale
district,河南省,洛阳市,新安县,1,1,4141014480,洛阳科技职业学院,专科,yes,,single_candidate,该行政单元在现行口径下只有 1 个候选，无需比较,policy,resolved_policy,shanghairanking-bcvcr-private-vocational,shanghairanking-bcvcr-private-vocational,shanghairanking-bcvcr-private-vocational,2026,民办高职专科院校排名,,ranking,2026软科民办高职专科 51,51,https://www.shanghairanking.cn/rankings/bcvcr/2026633,campus,profile_campus,,,,,no,,洛阳科技职业学院,no,
district,河南省,洛阳市,偃师区,0,0,,,,,,,,,no_candidate,,,,,,,,,,,,,,,,,no,,,no,
district,河南省,洛阳市,伊川县,0,0,,,,,,,,,no_candidate,,,,,,,,,,,,,,,,,no,,,no,
district,河南省,洛阳市,宜阳县,0,0,,,,,,,,,no_candidate,,,,,,,,,,,,,,,,,no,,,no,
district,河南省,漯河市,临颍县,0,0,,,,,,,,,no_candidate,,,,,,,,,,,,,,,,,no,,,no,
district,河南省,漯河市,舞阳县,1,1,4141010464,河南科技大学,本科,no,,single_candidate,该行政单元在现行口径下只有 1 个候选，无需比较,policy,resolved_policy,shanghairanking-bcur,shanghairanking-bcur,shanghairanking-bcur,2026,中国大学排名（主榜）,,rankOverall,2026软科 176,176,https://www.shanghairanking.cn/rankings/bcur/2026,campus,historical_campus,,,,,no,,河南科技大学,no,
district,河南省,漯河市,郾城区,1,1,4141014233,漯河食品工程职业大学,本科,yes,,single_candidate,该行政单元在现行口径下只有 1 个候选，无需比较,policy,resolved_policy,shanghairanking-bcvcr-private-vocational-undergraduate,shanghairanking-bcvcr-private-vocational-undergraduate,shanghairanking-bcvcr-private-vocational-undergraduate,2026,民办职业本科大学排名,,ranking,2026软科民办职业本科大学 5,5,https://www.shanghairanking.cn/rankings/bcvcr/2026750,campus,profile_campus,,,,,no,,漯河食品工程职业大学,no,
district,河南省,漯河市,源汇区,3,3,4141013780,漯河医学高等专科学校,专科,no,,comparable_ranking,漯河医学高等专科学校 在同榜可比名次上优于 河南水利与环境职业学院（软科 bcvcr-public-vocational）,strong,resolved_strong,shanghairanking-bcvcr-public-vocational,shanghairanking-bcvcr-public-vocational,shanghairanking-bcvcr-public-vocational,2026,中国高职专科院校排名（总榜）,医药,rankOverall,2026软科高职专科总榜 389,389,https://www.shanghairanking.cn/rankings/bcvcr/2026623,campus,profile_campus,4141012582,河南水利与环境职业学院,专科,shanghairanking-bcvcr-public-vocational,yes,,漯河医学高等专科学校|河南水利与环境职业学院,no,
district,河南省,漯河市,召陵区,1,1,4141013780,漯河医学高等专科学校,专科,no,,single_candidate,该行政单元在现行口径下只有 1 个候选，无需比较,policy,resolved_policy,shanghairanking-bcvcr-public-vocational,shanghairanking-bcvcr-public-vocational,shanghairanking-bcvcr-public-vocational,2026,中国高职专科院校排名（总榜）,医药,rankOverall,2026软科高职专科总榜 389,389,https://www.shanghairanking.cn/rankings/bcvcr/2026623,campus,profile_campus,,,,,no,,漯河医学高等专科学校,no,
district,河南省,南阳市,邓州市,1,1,4141014714,南阳科技职业学院,专科,no,,single_candidate,该行政单元在现行口径下只有 1 个候选，无需比较,policy,resolved_policy,shanghairanking-bcvcr-public-vocational,shanghairanking-bcvcr-public-vocational,shanghairanking-bcvcr-public-vocational,2026,中国高职专科院校排名（总榜）,理工,rankOverall,2026软科高职理工 230+ · 高职专科总榜 500+,500+,https://www.shanghairanking.cn/rankings/bcvcr/2026623,campus,profile_campus,,,,,no,,南阳科技职业学院,no,
district,河南省,南阳市,方城县,1,1,4141012794,河南工业职业技术大学,本科,no,,single_candidate,该行政单元在现行口径下只有 1 个候选，无需比较,policy,resolved_policy,shanghairanking-bcvcr-public-vocational-undergraduate,shanghairanking-bcvcr-public-vocational-undergraduate,shanghairanking-bcvcr-public-vocational-undergraduate,2026,中国职业本科大学排名,,ranking,2026软科职业本科大学 44,44,https://www.shanghairanking.cn/rankings/bcvcr/2026749,campus,profile_campus,,,,,no,,河南工业职业技术大学,no,
district,河南省,南阳市,南召县,0,0,,,,,,,,,no_candidate,,,,,,,,,,,,,,,,,no,,,no,
district,河南省,南阳市,内乡县,0,0,,,,,,,,,no_candidate,,,,,,,,,,,,,,,,,no,,,no,
district,河南省,南阳市,社旗县,0,0,,,,,,,,,no_candidate,,,,,,,,,,,,,,,,,no,,,no,
district,河南省,南阳市,唐河县,0,0,,,,,,,,,no_candidate,,,,,,,,,,,,,,,,,no,,,no,
district,河南省,南阳市,桐柏县,0,0,,,,,,,,,no_candidate,,,,,,,,,,,,,,,,,no,,,no,
district,河南省,南阳市,宛城区,3,3,4141011653,南阳理工学院,本科,no,,cross_group_scale_policy,南阳理工学院 取自主榜序列；其余候选分属不同榜单体系，名次不可直接比较，按当前项目政策以主榜序列为先,policy,resolved_policy,shanghairanking-bcur,shanghairanking-bcur,shanghairanking-bcur,2026,中国大学排名（主榜）,,rankOverall,2026软科 450,450,https://www.shanghairanking.cn/rankings/bcur/2026,campus,historical_campus,,,,,no,,南阳理工学院,yes,1 leading candidate(s) carry no official list ranking; no comparable second place: the deciding rule set aside the other 2 candidate(s) without leaving anybody on the winner's own scale
district,河南省,南阳市,卧龙区,5,5,4141010481,南阳师范学院,本科,no,,comparable_ranking,南阳师范学院 在同榜可比名次上优于 南阳理工学院（软科 bcur）；候选池先按层次收敛：本科层次优先于更低层次（项目层次政策）,strong,resolved_strong,shanghairanking-bcur,shanghairanking-bcur,shanghairanking-bcur,2026,中国大学排名（主榜）,,rankOverall,2026软科 419,419,https://www.shanghairanking.cn/rankings/bcur/2026,campus,profile_campus,4141011653,南阳理工学院,本科,shanghairanking-bcur,yes,,南阳师范学院|南阳理工学院,no,
district,河南省,南阳市,西峡县,1,1,4141014353,南阳职业学院,专科,yes,,single_candidate,该行政单元在现行口径下只有 1 个候选，无需比较,policy,resolved_policy,shanghairanking-bcvcr-private-vocational,shanghairanking-bcvcr-private-vocational,shanghairanking-bcvcr-private-vocational,2026,民办高职专科院校排名,,ranking,2026软科民办高职专科 96,96,https://www.shanghairanking.cn/rankings/bcvcr/2026633,campus,historical_campus,,,,,no,,南阳职业学院,no,
district,河南省,南阳市,淅川县,2,2,4141010481,南阳师范学院,本科,no,,level_order,本科层次优先于更低层次候选（项目层次政策）,policy,resolved_policy,shanghairanking-bcur,shanghairanking-bcur,shanghairanking-bcur,2026,中国大学排名（主榜）,,rankOverall,2026软科 419,419,https://www.shanghairanking.cn/rankings/bcur/2026,campus,profile_campus,,,,,no,,南阳师范学院,no,no comparable second place: the deciding rule set aside the other 1 candidate(s) without leaving anybody on the winner's own scale
district,河南省,南阳市,新野县,0,0,,,,,,,,,no_candidate,,,,,,,,,,,,,,,,,no,,,no,
district,河南省,南阳市,镇平县,1,1,4141014789,南阳工艺美术职业学院,专科,no,,single_candidate,该行政单元在现行口径下只有 1 个候选，无需比较,policy,resolved_policy,,,,,,,,,,,campus,profile_campus,,,,,no,,南阳工艺美术职业学院,no,
district,河南省,平顶山市,宝丰县,1,1,4141014530,平顶山文化艺术职业学院,专科,yes,,single_candidate,该行政单元在现行口径下只有 1 个候选，无需比较,policy,resolved_policy,,,,,,,,,,,campus,verified_campus,,,,,no,,平顶山文化艺术职业学院,no,
district,河南省,平顶山市,郏县,0,0,,,,,,,,,no_candidate,,,,,,,,,,,,,,,,,no,,,no,
district,河南省,平顶山市,鲁山县,0,0,,,,,,,,,no_candidate,,,,,,,,,,,,,,,,,no,,,no,
district,河南省,平顶山市,汝州市,1,1,4141014716,汝州职业技术学院,专科,no,,single_candidate,该行政单元在现行口径下只有 1 个候选，无需比较,policy,resolved_policy,shanghairanking-bcvcr-public-vocational,shanghairanking-bcvcr-public-vocational,shanghairanking-bcvcr-public-vocational,2026,中国高职专科院校排名（总榜）,综合,rankOverall,2026软科高职综合 112+ · 高职专科总榜 500+,500+,https://www.shanghairanking.cn/rankings/bcvcr/2026623,campus,profile_campus,,,,,no,,汝州职业技术学院,no,
district,河南省,平顶山市,石龙区,0,0,,,,,,,,,no_candidate,,,,,,,,,,,,,,,,,no,,,no,
district,河南省,平顶山市,卫东区,2,2,4141010919,平顶山学院,本科,no,,level_order,本科层次优先于更低层次候选（项目层次政策）,policy,resolved_policy,shanghairanking-bcur,shanghairanking-bcur,shanghairanking-bcur,2026,中国大学排名（主榜）,,rankOverall,2026软科 442,442,https://www.shanghairanking.cn/rankings/bcur/2026,campus,profile_campus,,,,,no,,平顶山学院,no,no comparable second place: the deciding rule set aside the other 1 candidate(s) without leaving anybody on the winner's own scale
district,河南省,平顶山市,舞钢市,1,1,4141013564,河南质量工程职业学院,专科,no,,single_candidate,该行政单元在现行口径下只有 1 个候选，无需比较,policy,resolved_policy,shanghairanking-bcvcr-public-vocational,shanghairanking-bcvcr-public-vocational,shanghairanking-bcvcr-public-vocational,2026,中国高职专科院校排名（总榜）,理工,rankOverall,2026软科高职理工 230+ · 高职专科总榜 500+,500+,https://www.shanghairanking.cn/rankings/bcvcr/2026623,campus,profile_campus,,,,,no,,河南质量工程职业学院,no,
district,河南省,平顶山市,新华区,3,3,4141010919,平顶山学院,本科,no,,comparable_ranking,平顶山学院 在同榜可比名次上优于 河南城建学院（软科 bcur）；候选池先按层次收敛：本科层次优先于更低层次（项目层次政策）,strong,resolved_strong,shanghairanking-bcur,shanghairanking-bcur,shanghairanking-bcur,2026,中国大学排名（主榜）,,rankOverall,2026软科 442,442,https://www.shanghairanking.cn/rankings/bcur/2026,campus,profile_campus,4141011765,河南城建学院,本科,shanghairanking-bcur,yes,,平顶山学院|河南城建学院,no,
district,河南省,平顶山市,叶县,0,0,,,,,,,,,no_candidate,,,,,,,,,,,,,,,,,no,,,no,
district,河南省,平顶山市,湛河区,2,2,4141012748,平顶山工业职业技术学院,专科,no,,comparable_ranking,平顶山工业职业技术学院 在同榜可比名次上优于 河南质量工程职业学院（软科 bcvcr-public-vocational）,strong,resolved_strong,shanghairanking-bcvcr-public-vocational,shanghairanking-bcvcr-public-vocational,shanghairanking-bcvcr-public-vocational,2026,中国高职专科院校排名（总榜）,理工,rankOverall,2026软科高职专科总榜 347,347,https://www.shanghairanking.cn/rankings/bcvcr/2026623,campus,profile_campus,4141013564,河南质量工程职业学院,专科,shanghairanking-bcvcr-public-vocational,yes,,平顶山工业职业技术学院|河南质量工程职业学院,no,
district,河南省,濮阳市,范县,0,0,,,,,,,,,no_candidate,,,,,,,,,,,,,,,,,no,,,no,
district,河南省,濮阳市,华龙区,4,4,4141014980,河南能源化工学院,本科,no,,level_order,本科层次优先于更低层次候选（项目层次政策）,policy,resolved_policy,,,,,,,,,,,campus,verified_campus,,,,,no,,河南能源化工学院,no,no comparable second place: the deciding rule set aside the other 3 candidate(s) without leaving anybody on the winner's own scale
district,河南省,濮阳市,南乐县,0,0,,,,,,,,,no_candidate,,,,,,,,,,,,,,,,,no,,,no,
district,河南省,濮阳市,濮阳县,1,1,4141014790,濮阳科技职业学院,专科,no,,single_candidate,该行政单元在现行口径下只有 1 个候选，无需比较,policy,resolved_policy,,,,,,,,,,,campus,profile_campus,,,,,no,,濮阳科技职业学院,no,
district,河南省,濮阳市,清丰县,0,0,,,,,,,,,no_candidate,,,,,,,,,,,,,,,,,no,,,no,
district,河南省,濮阳市,台前县,0,0,,,,,,,,,no_candidate,,,,,,,,,,,,,,,,,no,,,no,
district,河南省,三门峡市,湖滨区,1,1,4141010842,三门峡职业技术学院,专科,no,,single_candidate,该行政单元在现行口径下只有 1 个候选，无需比较,policy,resolved_policy,shanghairanking-bcvcr-public-vocational,shanghairanking-bcvcr-public-vocational,shanghairanking-bcvcr-public-vocational,2026,中国高职专科院校排名（总榜）,理工,rankOverall,2026软科高职专科总榜 476,476,https://www.shanghairanking.cn/rankings/bcvcr/2026623,campus,profile_campus,,,,,no,,三门峡职业技术学院,no,
district,河南省,三门峡市,灵宝市,1,1,4141014982,河南应用工程学院,本科,no,,single_candidate,该行政单元在现行口径下只有 1 个候选，无需比较,policy,resolved_policy,,,,,,,,,,,district_association,association,,,,,no,,河南应用工程学院,no,
district,河南省,三门峡市,卢氏县,1,1,4141014480,洛阳科技职业学院,专科,yes,,single_candidate,该行政单元在现行口径下只有 1 个候选，无需比较,policy,resolved_policy,shanghairanking-bcvcr-private-vocational,shanghairanking-bcvcr-private-vocational,shanghairanking-bcvcr-private-vocational,2026,民办高职专科院校排名,,ranking,2026软科民办高职专科 51,51,https://www.shanghairanking.cn/rankings/bcvcr/2026633,campus,historical_campus,,,,,no,,洛阳科技职业学院,no,
district,河南省,三门峡市,渑池县,0,0,,,,,,,,,no_candidate,,,,,,,,,,,,,,,,,no,,,no,
district,河南省,三门峡市,陕州区,0,0,,,,,,,,,no_candidate,,,,,,,,,,,,,,,,,no,,,no,
district,河南省,三门峡市,义马市,0,0,,,,,,,,,no_candidate,,,,,,,,,,,,,,,,,no,,,no,
district,河南省,商丘市,梁园区,4,4,4141010483,商丘师范学院,本科,no,,public_before_private,同层次同标签下公办优先（按当前项目政策，非排名证据）；候选池先按层次收敛：本科层次优先于更低层次（项目层次政策）,policy,resolved_policy,shanghairanking-bcur,shanghairanking-bcur,shanghairanking-bcur,2026,中国大学排名（主榜）,,rankOverall,2026软科 429,429,https://www.shanghairanking.cn/rankings/bcur/2026,campus,profile_campus,,,,,no,,商丘师范学院,yes,no comparable second place: the deciding rule set aside the other 3 candidate(s) without leaving anybody on the winner's own scale
district,河南省,商丘市,民权县,0,0,,,,,,,,,no_candidate,,,,,,,,,,,,,,,,,no,,,no,
district,河南省,商丘市,宁陵县,0,0,,,,,,,,,no_candidate,,,,,,,,,,,,,,,,,no,,,no,
district,河南省,商丘市,睢县,0,0,,,,,,,,,no_candidate,,,,,,,,,,,,,,,,,no,,,no,
district,河南省,商丘市,睢阳区,3,3,4141010483,商丘师范学院,本科,no,,level_order,本科层次优先于更低层次候选（项目层次政策）,policy,resolved_policy,shanghairanking-bcur,shanghairanking-bcur,shanghairanking-bcur,2026,中国大学排名（主榜）,,rankOverall,2026软科 429,429,https://www.shanghairanking.cn/rankings/bcur/2026,campus,profile_campus,,,,,no,,商丘师范学院,no,no comparable second place: the deciding rule set aside the other 2 candidate(s) without leaving anybody on the winner's own scale
district,河南省,商丘市,夏邑县,0,0,,,,,,,,,no_candidate,,,,,,,,,,,,,,,,,no,,,no,
district,河南省,商丘市,永城市,1,1,4141013787,永城职业学院,专科,no,,single_candidate,该行政单元在现行口径下只有 1 个候选，无需比较,policy,resolved_policy,shanghairanking-bcvcr-public-vocational,shanghairanking-bcvcr-public-vocational,shanghairanking-bcvcr-public-vocational,2026,中国高职专科院校排名（总榜）,综合,rankOverall,2026软科高职综合 112+ · 高职专科总榜 500+,500+,https://www.shanghairanking.cn/rankings/bcvcr/2026623,campus,profile_campus,,,,,no,,永城职业学院,no,
district,河南省,商丘市,虞城县,1,1,4141013500,商丘工学院,本科,yes,,single_candidate,该行政单元在现行口径下只有 1 个候选，无需比较,policy,resolved_policy,shanghairanking-bcur-private,shanghairanking-bcur-private,shanghairanking-bcur-private,2026,中国民办高校排名（主榜）,,ranking,2026软科民办 84,84,https://www.shanghairanking.cn/rankings/bcur/202615,campus,profile_campus,,,,,no,,商丘工学院,no,
district,河南省,商丘市,柘城县,0,0,,,,,,,,,no_candidate,,,,,,,,,,,,,,,,,no,,,no,
district,河南省,新乡市,封丘县,0,0,,,,,,,,,no_candidate,,,,,,,,,,,,,,,,,no,,,no,
district,河南省,新乡市,凤泉区,0,0,,,,,,,,,no_candidate,,,,,,,,,,,,,,,,,no,,,no,
district,河南省,新乡市,红旗区,9,9,4141010476,河南师范大学,本科,no,,public_before_private,同层次同标签下公办优先（按当前项目政策，非排名证据）；公办候选之间再按同榜名次比较；候选池先按层次收敛：本科层次优先于更低层次（项目层次政策）,policy,resolved_policy,shanghairanking-bcur,shanghairanking-bcur,shanghairanking-bcur,2026,中国大学排名（主榜）,,rankOverall,2026软科 168,168,https://www.shanghairanking.cn/rankings/bcur/2026,campus,profile_campus,4141010472,河南医药大学,本科,shanghairanking-bcur,yes,,河南师范大学|河南医药大学,yes,
district,河南省,新乡市,辉县市,1,1,4141010467,河南科技学院,本科,no,,single_candidate,该行政单元在现行口径下只有 1 个候选，无需比较,policy,resolved_policy,shanghairanking-bcur,shanghairanking-bcur,shanghairanking-bcur,2026,中国大学排名（主榜）,,rankOverall,2026软科 359,359,https://www.shanghairanking.cn/rankings/bcur/2026,campus,profile_campus,,,,,no,,河南科技学院,no,
district,河南省,新乡市,获嘉县,2,2,4141014711,河南女子职业学院,专科,no,,public_before_private,同层次同标签下公办优先（按当前项目政策，非排名证据）,policy,resolved_policy,shanghairanking-bcvcr-public-vocational,shanghairanking-bcvcr-public-vocational,shanghairanking-bcvcr-public-vocational,2026,中国高职专科院校排名（总榜）,综合,rankOverall,2026软科高职综合 112+ · 高职专科总榜 500+,500+,https://www.shanghairanking.cn/rankings/bcvcr/2026623,campus,profile_campus,,,,,no,,河南女子职业学院,yes,no comparable second place: the deciding rule set aside the other 1 candidate(s) without leaving anybody on the winner's own scale
district,河南省,新乡市,牧野区,1,1,4141010476,河南师范大学,本科,no,,single_candidate,该行政单元在现行口径下只有 1 个候选，无需比较,policy,resolved_policy,shanghairanking-bcur,shanghairanking-bcur,shanghairanking-bcur,2026,中国大学排名（主榜）,,rankOverall,2026软科 168,168,https://www.shanghairanking.cn/rankings/bcur/2026,campus,profile_campus,,,,,no,,河南师范大学,no,
district,河南省,新乡市,卫滨区,0,0,,,,,,,,,no_candidate,,,,,,,,,,,,,,,,,no,,,no,
district,河南省,新乡市,卫辉市,2,2,4141010472,河南医药大学,本科,no,,level_order,本科层次优先于更低层次候选（项目层次政策）,policy,resolved_policy,shanghairanking-bcur,shanghairanking-bcur,shanghairanking-bcur,2026,中国医药类大学排名,医药,rankOverall,2026软科医药 27 · 主榜参考 217,217,https://www.shanghairanking.cn/rankings/bcur/202621,campus,profile_campus,,,,,no,,河南医药大学,no,no comparable second place: the deciding rule set aside the other 1 candidate(s) without leaving anybody on the winner's own scale
district,河南省,新乡市,新乡县,0,0,,,,,,,,,no_candidate,,,,,,,,,,,,,,,,,no,,,no,
district,河南省,新乡市,延津县,0,0,,,,,,,,,no_candidate,,,,,,,,,,,,,,,,,no,,,no,
district,河南省,新乡市,原阳县,4,4,4141013505,豫北医学院,本科,yes,,comparable_ranking,豫北医学院 在同榜可比名次上优于 安阳学院（软科 bcur-private）；候选池先按层次收敛：本科层次优先于更低层次（项目层次政策）,strong,resolved_strong,shanghairanking-bcur-private,shanghairanking-bcur-private,shanghairanking-bcur-private,2026,中国民办高校排名（主榜）,,ranking,2026软科民办 33,33,https://www.shanghairanking.cn/rankings/bcur/202615,campus,profile_campus,4141013504,安阳学院,本科,shanghairanking-bcur-private,yes,,豫北医学院|安阳学院,no,
district,河南省,新乡市,长垣市,1,1,4141014305,长垣烹饪职业技术学院,专科,yes,,single_candidate,该行政单元在现行口径下只有 1 个候选，无需比较,policy,resolved_policy,shanghairanking-bcvcr-private-vocational,shanghairanking-bcvcr-private-vocational,shanghairanking-bcvcr-private-vocational,2026,民办高职专科院校排名,,ranking,2026软科民办高职专科 62,62,https://www.shanghairanking.cn/rankings/bcvcr/2026633,campus,profile_campus,,,,,no,,长垣烹饪职业技术学院,no,
district,河南省,信阳市,固始县,1,1,4141014863,信阳工程职业学院,专科,yes,,single_candidate,该行政单元在现行口径下只有 1 个候选，无需比较,policy,resolved_policy,,,,,,,,,,,campus,profile_campus,,,,,no,,信阳工程职业学院,no,
district,河南省,信阳市,光山县,0,0,,,,,,,,,no_candidate,,,,,,,,,,,,,,,,,no,,,no,
district,河南省,信阳市,淮滨县,0,0,,,,,,,,,no_candidate,,,,,,,,,,,,,,,,,no,,,no,
district,河南省,信阳市,潢川县,2,2,4141010477,信阳师范大学,本科,no,,level_order,本科层次优先于更低层次候选（项目层次政策）,policy,resolved_policy,shanghairanking-bcur,shanghairanking-bcur,shanghairanking-bcur,2026,中国大学排名（主榜）,,rankOverall,2026软科 337,337,https://www.shanghairanking.cn/rankings/bcur/2026,campus,profile_campus,,,,,no,,信阳师范大学,no,no comparable second place: the deciding rule set aside the other 1 candidate(s) without leaving anybody on the winner's own scale
district,河南省,信阳市,罗山县,1,1,4141010078,华北水利水电大学,本科,no,,single_candidate,该行政单元在现行口径下只有 1 个候选，无需比较,policy,resolved_policy,shanghairanking-bcur,shanghairanking-bcur,shanghairanking-bcur,2026,中国大学排名（主榜）,,rankOverall,2026软科 249,249,https://www.shanghairanking.cn/rankings/bcur/2026,campus,profile_campus,,,,,no,,华北水利水电大学,no,
district,河南省,信阳市,平桥区,4,4,4141011326,信阳农林学院,本科,no,,level_order,本科层次优先于更低层次候选（项目层次政策）,policy,resolved_policy,shanghairanking-bcur,shanghairanking-bcur,shanghairanking-bcur,2026,中国大学排名（主榜）,,rankOverall,2026软科 500+,500+,https://www.shanghairanking.cn/rankings/bcur/2026,campus,profile_campus,,,,,no,,信阳农林学院,no,no comparable second place: the deciding rule set aside the other 3 candidate(s) without leaving anybody on the winner's own scale
district,河南省,信阳市,商城县,0,0,,,,,,,,,no_candidate,,,,,,,,,,,,,,,,,no,,,no,
district,河南省,信阳市,浉河区,3,3,4141010477,信阳师范大学,本科,no,,public_before_private,同层次同标签下公办优先（按当前项目政策，非排名证据）；候选池先按层次收敛：本科层次优先于更低层次（项目层次政策）,policy,resolved_policy,shanghairanking-bcur,shanghairanking-bcur,shanghairanking-bcur,2026,中国大学排名（主榜）,,rankOverall,2026软科 337,337,https://www.shanghairanking.cn/rankings/bcur/2026,campus,profile_campus,,,,,no,,信阳师范大学,yes,no comparable second place: the deciding rule set aside the other 2 candidate(s) without leaving anybody on the winner's own scale
district,河南省,信阳市,息县,1,1,4141010477,信阳师范大学,本科,no,,single_candidate,该行政单元在现行口径下只有 1 个候选，无需比较,policy,resolved_policy,shanghairanking-bcur,shanghairanking-bcur,shanghairanking-bcur,2026,中国大学排名（主榜）,,rankOverall,2026软科 337,337,https://www.shanghairanking.cn/rankings/bcur/2026,campus,profile_campus,,,,,no,,信阳师范大学,no,
district,河南省,信阳市,新县,1,1,4141014351,信阳涉外职业技术学院,专科,yes,,single_candidate,该行政单元在现行口径下只有 1 个候选，无需比较,policy,resolved_policy,shanghairanking-bcvcr-private-vocational,shanghairanking-bcvcr-private-vocational,shanghairanking-bcvcr-private-vocational,2026,民办高职专科院校排名,,ranking,2026软科民办高职专科 100+,100+,https://www.shanghairanking.cn/rankings/bcvcr/2026633,campus,profile_campus,,,,,no,,信阳涉外职业技术学院,no,
district,河南省,许昌市,建安区,3,3,4141010466,河南农业大学,本科,no,,public_before_private,同层次同标签下公办优先（按当前项目政策，非排名证据）；候选池先按层次收敛：本科层次优先于更低层次（项目层次政策）,policy,resolved_policy,shanghairanking-bcur,shanghairanking-bcur,shanghairanking-bcur,2026,中国大学排名（主榜）,,rankOverall,2026软科 145,145,https://www.shanghairanking.cn/rankings/bcur/2026,campus,profile_campus,,,,,no,,河南农业大学,yes,no comparable second place: the deciding rule set aside the other 2 candidate(s) without leaving anybody on the winner's own scale
district,河南省,许昌市,魏都区,3,3,4141010480,许昌学院,本科,no,,level_order,本科层次优先于更低层次候选（项目层次政策）,policy,resolved_policy,shanghairanking-bcur,shanghairanking-bcur,shanghairanking-bcur,2026,中国大学排名（主榜）,,rankOverall,2026软科 409,409,https://www.shanghairanking.cn/rankings/bcur/2026,campus,profile_campus,,,,,no,,许昌学院,no,no comparable second place: the deciding rule set aside the other 2 candidate(s) without leaving anybody on the winner's own scale
district,河南省,许昌市,襄城县,0,0,,,,,,,,,no_candidate,,,,,,,,,,,,,,,,,no,,,no,
district,河南省,许昌市,鄢陵县,0,0,,,,,,,,,no_candidate,,,,,,,,,,,,,,,,,no,,,no,
district,河南省,许昌市,禹州市,1,1,4141010462,郑州轻工业大学,本科,no,,single_candidate,该行政单元在现行口径下只有 1 个候选，无需比较,policy,resolved_policy,shanghairanking-bcur,shanghairanking-bcur,shanghairanking-bcur,2026,中国大学排名（主榜）,,rankOverall,2026软科 258,258,https://www.shanghairanking.cn/rankings/bcur/2026,campus,profile_campus,,,,,no,,郑州轻工业大学,no,
district,河南省,许昌市,长葛市,0,0,,,,,,,,,no_candidate,,,,,,,,,,,,,,,,,no,,,no,
district,河南省,郑州市,登封市,3,3,4141014879,河南体育学院,本科,no,,level_order,本科层次优先于更低层次候选（项目层次政策）,policy,resolved_policy,shanghairanking-bcur,shanghairanking-bcur,shanghairanking-bcur,2026,中国体育类大学排名,体育,rankOverall,2026软科体育 13+ · 主榜参考 500+,500+,https://www.shanghairanking.cn/rankings/bcur/202626,campus,profile_campus,,,,,no,,河南体育学院,no,no comparable second place: the deciding rule set aside the other 2 candidate(s) without leaving anybody on the winner's own scale
district,河南省,郑州市,二七区,10,10,4141010459,郑州大学,本科,no,211|双一流,prestige_tag,211 标签优先于无重点标签（国家官方重点建设名单）,strong,resolved_strong,shanghairanking-bcur,shanghairanking-bcur,shanghairanking-bcur,2026,中国大学排名（主榜）,,rankOverall,2026软科 44,44,https://www.shanghairanking.cn/rankings/bcur/2026,campus,profile_campus,4141010485,郑州航空工业管理学院,本科,shanghairanking-bcur,yes,,郑州大学|郑州航空工业管理学院,no,
district,河南省,郑州市,巩义市,1,1,4141014040,郑州商学院,本科,yes,,single_candidate,该行政单元在现行口径下只有 1 个候选，无需比较,policy,resolved_policy,shanghairanking-bcur-private,shanghairanking-bcur-private,shanghairanking-bcur-private,2026,中国民办财经类高校排名,财经,rankOverall,2026软科民办 19,62,https://www.shanghairanking.cn/rankings/bcur/202616,campus,profile_campus,,,,,no,,郑州商学院,no,
district,河南省,郑州市,管城回族区,3,3,4141011834,黄河科技学院,本科,yes,,level_order,本科层次优先于更低层次候选（项目层次政策）,policy,resolved_policy,shanghairanking-bcur-private,shanghairanking-bcur-private,shanghairanking-bcur-private,2026,中国民办高校排名（主榜）,,ranking,2026软科民办 8,8,https://www.shanghairanking.cn/rankings/bcur/202615,campus,profile_campus,,,,,no,,黄河科技学院,no,no comparable second place: the deciding rule set aside the other 2 candidate(s) without leaving anybody on the winner's own scale
district,河南省,郑州市,惠济区,5,5,4141010469,河南牧业经济学院,本科,no,,public_before_private,同层次同标签下公办优先（按当前项目政策，非排名证据）,policy,resolved_policy,shanghairanking-bcur,shanghairanking-bcur,shanghairanking-bcur,2026,中国大学排名（主榜）,,rankOverall,2026软科 500+,500+,https://www.shanghairanking.cn/rankings/bcur/2026,campus,profile_campus,4141014879,河南体育学院,本科,shanghairanking-bcur,yes,,河南牧业经济学院|河南体育学院,yes,
district,河南省,郑州市,金水区,26,26,4141010459,郑州大学,本科,no,211|双一流,prestige_tag,211 标签优先于双一流（国家官方重点建设名单）,strong,resolved_strong,shanghairanking-bcur,shanghairanking-bcur,shanghairanking-bcur,2026,中国大学排名（主榜）,,rankOverall,2026软科 44,44,https://www.shanghairanking.cn/rankings/bcur/2026,campus,profile_campus,4141010475,河南大学,本科,shanghairanking-bcur,yes,,郑州大学|河南大学,no,
district,河南省,郑州市,上街区,1,1,4141012746,郑州科技学院,本科,yes,,single_candidate,该行政单元在现行口径下只有 1 个候选，无需比较,policy,resolved_policy,shanghairanking-bcur-private,shanghairanking-bcur-private,shanghairanking-bcur-private,2026,中国民办高校排名（主榜）,,ranking,2026软科民办 41,41,https://www.shanghairanking.cn/rankings/bcur/202615,campus,historical_campus,,,,,no,,郑州科技学院,no,
district,河南省,郑州市,新密市,4,4,4141014235,郑州城市职业学院,专科,yes,,comparable_ranking,郑州城市职业学院 在同榜可比名次上优于 郑州黄河护理职业学院（软科 bcvcr-private-vocational）,strong,resolved_strong,shanghairanking-bcvcr-private-vocational,shanghairanking-bcvcr-private-vocational,shanghairanking-bcvcr-private-vocational,2026,民办高职专科院校排名,,ranking,2026软科民办高职专科 61,61,https://www.shanghairanking.cn/rankings/bcvcr/2026633,campus,profile_campus,4141014405,郑州黄河护理职业学院,专科,shanghairanking-bcvcr-private-vocational,yes,,郑州城市职业学院|郑州黄河护理职业学院,no,
district,河南省,郑州市,新郑市,14,14,4141010465,中原工学院,本科,no,,public_before_private,同层次同标签下公办优先（按当前项目政策，非排名证据）；公办候选之间再按同榜名次比较；候选池先按层次收敛：本科层次优先于更低层次（项目层次政策）,policy,resolved_policy,shanghairanking-bcur,shanghairanking-bcur,shanghairanking-bcur,2026,中国大学排名（主榜）,,rankOverall,2026软科 320,320,https://www.shanghairanking.cn/rankings/bcur/2026,campus,profile_campus,4141012735,郑州警察学院,本科,shanghairanking-bcur,yes,,中原工学院|郑州警察学院,yes,
district,河南省,郑州市,荥阳市,4,4,4141012746,郑州科技学院,本科,yes,,level_order,本科层次优先于更低层次候选（项目层次政策）,policy,resolved_policy,shanghairanking-bcur-private,shanghairanking-bcur-private,shanghairanking-bcur-private,2026,中国民办高校排名（主榜）,,ranking,2026软科民办 41,41,https://www.shanghairanking.cn/rankings/bcur/202615,campus,profile_campus,,,,,no,,郑州科技学院,no,no comparable second place: the deciding rule set aside the other 3 candidate(s) without leaving anybody on the winner's own scale
district,河南省,郑州市,中牟县,16,16,4141010460,河南理工大学,本科,no,,public_before_private,同层次同标签下公办优先（按当前项目政策，非排名证据）；公办候选之间再按同榜名次比较；候选池先按层次收敛：本科层次优先于更低层次（项目层次政策）,policy,resolved_policy,shanghairanking-bcur,shanghairanking-bcur,shanghairanking-bcur,2026,中国大学排名（主榜）,,rankOverall,2026软科 194,194,https://www.shanghairanking.cn/rankings/bcur/2026,campus,profile_campus,4141011652,河南财政金融学院,本科,shanghairanking-bcur,yes,,河南理工大学|河南财政金融学院,yes,
district,河南省,郑州市,中原区,12,12,4141010459,郑州大学,本科,no,211|双一流,prestige_tag,211 标签优先于无重点标签（国家官方重点建设名单）,strong,resolved_strong,shanghairanking-bcur,shanghairanking-bcur,shanghairanking-bcur,2026,中国大学排名（主榜）,,rankOverall,2026软科 44,44,https://www.shanghairanking.cn/rankings/bcur/2026,campus,profile_campus,4141010463,河南工业大学,本科,shanghairanking-bcur,yes,,郑州大学|河南工业大学,no,
district,河南省,周口市,川汇区,6,6,4141010478,周口师范学院,本科,no,,public_before_private,同层次同标签下公办优先（按当前项目政策，非排名证据）；候选池先按层次收敛：本科层次优先于更低层次（项目层次政策）,policy,resolved_policy,shanghairanking-bcur,shanghairanking-bcur,shanghairanking-bcur,2026,中国大学排名（主榜）,,rankOverall,2026软科 389,389,https://www.shanghairanking.cn/rankings/bcur/2026,campus,profile_campus,,,,,no,,周口师范学院,yes,no comparable second place: the deciding rule set aside the other 5 candidate(s) without leaving anybody on the winner's own scale
district,河南省,周口市,郸城县,0,0,,,,,,,,,no_candidate,,,,,,,,,,,,,,,,,no,,,no,
district,河南省,周口市,扶沟县,0,0,,,,,,,,,no_candidate,,,,,,,,,,,,,,,,,no,,,no,
district,河南省,周口市,淮阳区,1,1,4141014931,周口智慧能源职业学院,专科,yes,,single_candidate,该行政单元在现行口径下只有 1 个候选，无需比较,policy,resolved_policy,,,,,,,,,,,campus,profile_campus,,,,,no,,周口智慧能源职业学院,no,
district,河南省,周口市,鹿邑县,0,0,,,,,,,,,no_candidate,,,,,,,,,,,,,,,,,no,,,no,
district,河南省,周口市,商水县,0,0,,,,,,,,,no_candidate,,,,,,,,,,,,,,,,,no,,,no,
district,河南省,周口市,沈丘县,0,0,,,,,,,,,no_candidate,,,,,,,,,,,,,,,,,no,,,no,
district,河南省,周口市,太康县,0,0,,,,,,,,,no_candidate,,,,,,,,,,,,,,,,,no,,,no,
district,河南省,周口市,西华县,0,0,,,,,,,,,no_candidate,,,,,,,,,,,,,,,,,no,,,no,
district,河南省,周口市,项城市,0,0,,,,,,,,,no_candidate,,,,,,,,,,,,,,,,,no,,,no,
district,河南省,驻马店市,泌阳县,0,0,,,,,,,,,no_candidate,,,,,,,,,,,,,,,,,no,,,no,
district,河南省,驻马店市,平舆县,0,0,,,,,,,,,no_candidate,,,,,,,,,,,,,,,,,no,,,no,
district,河南省,驻马店市,确山县,1,1,4141014598,驻马店幼儿师范高等专科学校,专科,no,,single_candidate,该行政单元在现行口径下只有 1 个候选，无需比较,policy,resolved_policy,shanghairanking-bcvcr-public-vocational,shanghairanking-bcvcr-public-vocational,shanghairanking-bcvcr-public-vocational,2026,中国高职专科院校排名（总榜）,师范,rankOverall,2026软科高职师范 28+ · 高职专科总榜 500+,500+,https://www.shanghairanking.cn/rankings/bcvcr/2026623,campus,profile_campus,,,,,no,,驻马店幼儿师范高等专科学校,no,
district,河南省,驻马店市,汝南县,1,1,4141014598,驻马店幼儿师范高等专科学校,专科,no,,single_candidate,该行政单元在现行口径下只有 1 个候选，无需比较,policy,resolved_policy,shanghairanking-bcvcr-public-vocational,shanghairanking-bcvcr-public-vocational,shanghairanking-bcvcr-public-vocational,2026,中国高职专科院校排名（总榜）,师范,rankOverall,2026软科高职师范 28+ · 高职专科总榜 500+,500+,https://www.shanghairanking.cn/rankings/bcvcr/2026623,campus,profile_campus,,,,,no,,驻马店幼儿师范高等专科学校,no,
district,河南省,驻马店市,上蔡县,0,0,,,,,,,,,no_candidate,,,,,,,,,,,,,,,,,no,,,no,
district,河南省,驻马店市,遂平县,0,0,,,,,,,,,no_candidate,,,,,,,,,,,,,,,,,no,,,no,
district,河南省,驻马店市,西平县,0,0,,,,,,,,,no_candidate,,,,,,,,,,,,,,,,,no,,,no,
district,河南省,驻马店市,新蔡县,0,0,,,,,,,,,no_candidate,,,,,,,,,,,,,,,,,no,,,no,
district,河南省,驻马店市,驿城区,4,4,4141010918,黄淮学院,本科,no,,level_order,本科层次优先于更低层次候选（项目层次政策）,policy,resolved_policy,shanghairanking-bcur,shanghairanking-bcur,shanghairanking-bcur,2026,中国大学排名（主榜）,,rankOverall,2026软科 434,434,https://www.shanghairanking.cn/rankings/bcur/2026,campus,profile_campus,,,,,no,,黄淮学院,no,no comparable second place: the deciding rule set aside the other 3 candidate(s) without leaving anybody on the winner's own scale
district,河南省,驻马店市,正阳县,0,0,,,,,,,,,no_candidate,,,,,,,,,,,,,,,,,no,,,no,
district,黑龙江省,大庆市,大同区,0,0,,,,,,,,,no_candidate,,,,,,,,,,,,,,,,,no,,,no,
district,黑龙江省,大庆市,杜尔伯特蒙古族自治县,0,0,,,,,,,,,no_candidate,,,,,,,,,,,,,,,,,no,,,no,
district,黑龙江省,大庆市,红岗区,0,0,,,,,,,,,no_candidate,,,,,,,,,,,,,,,,,no,,,no,
district,黑龙江省,大庆市,林甸县,0,0,,,,,,,,,no_candidate,,,,,,,,,,,,,,,,,no,,,no,
district,黑龙江省,大庆市,龙凤区,5,5,4123010226,哈尔滨医科大学,本科,no,,comparable_ranking,哈尔滨医科大学 在同榜可比名次上优于 东北石油大学（软科 bcur）；候选池先按层次收敛：本科层次优先于更低层次（项目层次政策）,strong,resolved_strong,shanghairanking-bcur,shanghairanking-bcur,shanghairanking-bcur,2026,中国医药类大学排名,医药,rankOverall,2026软科医药 8 · 主榜参考 79,79,https://www.shanghairanking.cn/rankings/bcur/202621,campus,historical_campus,4123010220,东北石油大学,本科,shanghairanking-bcur,yes,,哈尔滨医科大学|东北石油大学,no,
district,黑龙江省,大庆市,让胡路区,1,1,4123010235,大庆师范学院,本科,no,,single_candidate,该行政单元在现行口径下只有 1 个候选，无需比较,policy,resolved_policy,shanghairanking-bcur,shanghairanking-bcur,shanghairanking-bcur,2026,中国大学排名（主榜）,,rankOverall,2026软科 500+,500+,https://www.shanghairanking.cn/rankings/bcur/2026,campus,profile_campus,,,,,no,,大庆师范学院,no,
district,黑龙江省,大庆市,萨尔图区,2,2,4123014017,大庆医学高等专科学校,专科,no,,deterministic_fallback_policy,大庆医学高等专科学校 由项目稳定兜底规则选出：在层次、重点标签、公办/民办与可比榜单仍无法唯一分开时，按榜单体系优先级、区间下界与稳定名称顺序决定展示 winner；该结论不是发布方跨榜排名,policy,resolved_policy,shanghairanking-bcvcr-public-vocational,shanghairanking-bcvcr-public-vocational,shanghairanking-bcvcr-public-vocational,2026,中国高职专科院校排名（总榜）,医药,rankOverall,2026软科高职医药 46+ · 高职专科总榜 500+,500+,https://www.shanghairanking.cn/rankings/bcvcr/2026623,campus,historical_campus,4123012718,大庆职业学院,专科,shanghairanking-bcvcr-public-vocational,yes,,大庆医学高等专科学校|大庆职业学院,no,
district,黑龙江省,大庆市,肇源县,0,0,,,,,,,,,no_candidate,,,,,,,,,,,,,,,,,no,,,no,
district,黑龙江省,大庆市,肇州县,0,0,,,,,,,,,no_candidate,,,,,,,,,,,,,,,,,no,,,no,
district,黑龙江省,大兴安岭地区,呼玛县,0,0,,,,,,,,,no_candidate,,,,,,,,,,,,,,,,,no,,,no,
district,黑龙江省,大兴安岭地区,加格达奇区,1,1,4123012908,大兴安岭职业学院,专科,no,,single_candidate,该行政单元在现行口径下只有 1 个候选，无需比较,policy,resolved_policy,shanghairanking-bcvcr-public-vocational,shanghairanking-bcvcr-public-vocational,shanghairanking-bcvcr-public-vocational,2026,中国高职专科院校排名（总榜）,综合,rankOverall,2026软科高职综合 112+ · 高职专科总榜 500+,500+,https://www.shanghairanking.cn/rankings/bcvcr/2026623,campus,profile_campus,,,,,no,,大兴安岭职业学院,no,
district,黑龙江省,大兴安岭地区,漠河市,1,1,4123012908,大兴安岭职业学院,专科,no,,single_candidate,该行政单元在现行口径下只有 1 个候选，无需比较,policy,resolved_policy,shanghairanking-bcvcr-public-vocational,shanghairanking-bcvcr-public-vocational,shanghairanking-bcvcr-public-vocational,2026,中国高职专科院校排名（总榜）,综合,rankOverall,2026软科高职综合 112+ · 高职专科总榜 500+,500+,https://www.shanghairanking.cn/rankings/bcvcr/2026623,campus,profile_campus,,,,,no,,大兴安岭职业学院,no,
district,黑龙江省,大兴安岭地区,塔河县,0,0,,,,,,,,,no_candidate,,,,,,,,,,,,,,,,,no,,,no,
district,黑龙江省,哈尔滨市,阿城区,5,5,4123014272,黑龙江护理高等专科学校,专科,no,,public_before_private,同层次同标签下公办优先（按当前项目政策，非排名证据）；公办候选之间再按同榜名次比较,policy,resolved_policy,shanghairanking-bcvcr-public-vocational,shanghairanking-bcvcr-public-vocational,shanghairanking-bcvcr-public-vocational,2026,中国高职专科院校排名（总榜）,医药,rankOverall,2026软科高职专科总榜 412,412,https://www.shanghairanking.cn/rankings/bcvcr/2026623,campus,profile_campus,4123014108,哈尔滨科学技术职业学院,专科,shanghairanking-bcvcr-public-vocational,yes,,黑龙江护理高等专科学校|哈尔滨科学技术职业学院,yes,
district,黑龙江省,哈尔滨市,巴彦县,0,0,,,,,,,,,no_candidate,,,,,,,,,,,,,,,,,no,,,no,
district,黑龙江省,哈尔滨市,宾县,2,2,4123011635,哈尔滨信息工程学院,本科,yes,,single_ranked_candidate,哈尔滨信息工程学院 是当前候选里唯一被官方榜单覆盖的学校（软科 bcur-private）,policy,resolved_policy,shanghairanking-bcur-private,shanghairanking-bcur-private,shanghairanking-bcur-private,2026,中国民办高校排名（主榜）,,ranking,2026软科民办 96,96,https://www.shanghairanking.cn/rankings/bcur/202615,campus,historical_campus,,,,,no,,哈尔滨信息工程学院,yes,1 leading candidate(s) carry no official list ranking; no comparable second place: the deciding rule set aside the other 1 candidate(s) without leaving anybody on the winner's own scale
district,黑龙江省,哈尔滨市,道里区,4,4,4123010240,哈尔滨商业大学,本科,no,,public_before_private,同层次同标签下公办优先（按当前项目政策，非排名证据）；候选池先按层次收敛：本科层次优先于更低层次（项目层次政策）,policy,resolved_policy,shanghairanking-bcur,shanghairanking-bcur,shanghairanking-bcur,2026,中国财经类大学排名,财经,rankOverall,2026软科财经 34 · 主榜参考 299,299,https://www.shanghairanking.cn/rankings/bcur/202622,campus,profile_campus,,,,,no,,哈尔滨商业大学,yes,no comparable second place: the deciding rule set aside the other 3 candidate(s) without leaving anybody on the winner's own scale
district,黑龙江省,哈尔滨市,道外区,1,1,4123011802,黑龙江工程学院,本科,no,,single_candidate,该行政单元在现行口径下只有 1 个候选，无需比较,policy,resolved_policy,shanghairanking-bcur,shanghairanking-bcur,shanghairanking-bcur,2026,中国大学排名（主榜）,,rankOverall,2026软科 455,455,https://www.shanghairanking.cn/rankings/bcur/2026,campus,profile_campus,,,,,no,,黑龙江工程学院,no,
district,黑龙江省,哈尔滨市,方正县,0,0,,,,,,,,,no_candidate,,,,,,,,,,,,,,,,,no,,,no,
district,黑龙江省,哈尔滨市,呼兰区,9,9,4123010231,哈尔滨师范大学,本科,no,,public_before_private,同层次同标签下公办优先（按当前项目政策，非排名证据）；候选池先按层次收敛：本科层次优先于更低层次（项目层次政策）,policy,resolved_policy,shanghairanking-bcur,shanghairanking-bcur,shanghairanking-bcur,2026,中国大学排名（主榜）,,rankOverall,2026软科 223,223,https://www.shanghairanking.cn/rankings/bcur/2026,campus,profile_campus,,,,,no,,哈尔滨师范大学,yes,no comparable second place: the deciding rule set aside the other 8 candidate(s) without leaving anybody on the winner's own scale
district,黑龙江省,哈尔滨市,木兰县,0,0,,,,,,,,,no_candidate,,,,,,,,,,,,,,,,,no,,,no,
district,黑龙江省,哈尔滨市,南岗区,16,16,4123010213,哈尔滨工业大学,本科,no,985|211|双一流,prestige_tag,985 标签优先于211（国家官方重点建设名单）,strong,resolved_strong,shanghairanking-bcur,shanghairanking-bcur,shanghairanking-bcur,2026,中国大学排名（主榜）,,rankOverall,2026软科 12,12,https://www.shanghairanking.cn/rankings/bcur/2026,campus,profile_campus,4123010217,哈尔滨工程大学,本科,shanghairanking-bcur,yes,,哈尔滨工业大学|哈尔滨工程大学,no,
district,黑龙江省,哈尔滨市,平房区,2,2,4123011446,黑龙江东方学院,本科,yes,,level_order,本科层次优先于更低层次候选（项目层次政策）,policy,resolved_policy,shanghairanking-bcur-private,shanghairanking-bcur-private,shanghairanking-bcur-private,2026,中国民办高校排名（主榜）,,ranking,2026软科民办 66,66,https://www.shanghairanking.cn/rankings/bcur/202615,campus,profile_campus,,,,,no,,黑龙江东方学院,no,no comparable second place: the deciding rule set aside the other 1 candidate(s) without leaving anybody on the winner's own scale
district,黑龙江省,哈尔滨市,尚志市,1,1,4123010242,哈尔滨体育学院,本科,no,,single_candidate,该行政单元在现行口径下只有 1 个候选，无需比较,policy,resolved_policy,shanghairanking-bcur,shanghairanking-bcur,shanghairanking-bcur,2026,中国体育类大学排名,体育,rankOverall,2026软科体育 11 · 主榜参考 370,370,https://www.shanghairanking.cn/rankings/bcur/202626,campus,profile_campus,,,,,no,,哈尔滨体育学院,no,
district,黑龙江省,哈尔滨市,双城区,3,3,4123013300,黑龙江工商学院,本科,yes,,level_order,本科层次优先于更低层次候选（项目层次政策）,policy,resolved_policy,shanghairanking-bcur-private,shanghairanking-bcur-private,shanghairanking-bcur-private,2026,中国民办高校排名（主榜）,农业,rankOverall,2026软科民办 100+,100+,https://www.shanghairanking.cn/rankings/bcur/202615,campus,profile_campus,,,,,no,,黑龙江工商学院,no,no comparable second place: the deciding rule set aside the other 2 candidate(s) without leaving anybody on the winner's own scale
district,黑龙江省,哈尔滨市,松北区,12,12,4123010240,哈尔滨商业大学,本科,no,,public_before_private,同层次同标签下公办优先（按当前项目政策，非排名证据）；候选池先按层次收敛：本科层次优先于更低层次（项目层次政策）,policy,resolved_policy,shanghairanking-bcur,shanghairanking-bcur,shanghairanking-bcur,2026,中国财经类大学排名,财经,rankOverall,2026软科财经 34 · 主榜参考 299,299,https://www.shanghairanking.cn/rankings/bcur/202622,campus,profile_campus,4123010219,黑龙江科技大学,本科,shanghairanking-bcur,yes,,哈尔滨商业大学|黑龙江科技大学,yes,1 leading candidate(s) carry no official list ranking
district,黑龙江省,哈尔滨市,通河县,0,0,,,,,,,,,no_candidate,,,,,,,,,,,,,,,,,no,,,no,
district,黑龙江省,哈尔滨市,五常市,0,0,,,,,,,,,no_candidate,,,,,,,,,,,,,,,,,no,,,no,
district,黑龙江省,哈尔滨市,香坊区,13,13,4123010225,东北林业大学,本科,no,211|双一流,comparable_ranking,东北林业大学 在同榜可比名次上优于 东北农业大学（软科 bcur）；候选池先按国家标签收敛：211,strong,resolved_strong,shanghairanking-bcur,shanghairanking-bcur,shanghairanking-bcur,2026,中国大学排名（主榜）,,rankOverall,2026软科 115,115,https://www.shanghairanking.cn/rankings/bcur/2026,campus,profile_campus,4123010224,东北农业大学,本科,shanghairanking-bcur,yes,,东北林业大学|东北农业大学,no,
district,黑龙江省,哈尔滨市,延寿县,0,0,,,,,,,,,no_candidate,,,,,,,,,,,,,,,,,no,,,no,
district,黑龙江省,哈尔滨市,依兰县,0,0,,,,,,,,,no_candidate,,,,,,,,,,,,,,,,,no,,,no,
district,黑龙江省,鹤岗市,东山区,1,1,4123012905,鹤岗师范高等专科学校,专科,no,,single_candidate,该行政单元在现行口径下只有 1 个候选，无需比较,policy,resolved_policy,shanghairanking-bcvcr-public-vocational,shanghairanking-bcvcr-public-vocational,shanghairanking-bcvcr-public-vocational,2026,中国高职专科院校排名（总榜）,师范,rankOverall,2026软科高职师范 28+ · 高职专科总榜 500+,500+,https://www.shanghairanking.cn/rankings/bcvcr/2026623,campus,profile_campus,,,,,no,,鹤岗师范高等专科学校,no,
district,黑龙江省,鹤岗市,工农区,0,0,,,,,,,,,no_candidate,,,,,,,,,,,,,,,,,no,,,no,
district,黑龙江省,鹤岗市,萝北县,0,0,,,,,,,,,no_candidate,,,,,,,,,,,,,,,,,no,,,no,
district,黑龙江省,鹤岗市,南山区,0,0,,,,,,,,,no_candidate,,,,,,,,,,,,,,,,,no,,,no,
district,黑龙江省,鹤岗市,绥滨县,0,0,,,,,,,,,no_candidate,,,,,,,,,,,,,,,,,no,,,no,
district,黑龙江省,鹤岗市,向阳区,0,0,,,,,,,,,no_candidate,,,,,,,,,,,,,,,,,no,,,no,
district,黑龙江省,鹤岗市,兴安区,0,0,,,,,,,,,no_candidate,,,,,,,,,,,,,,,,,no,,,no,
district,黑龙江省,鹤岗市,兴山区,0,0,,,,,,,,,no_candidate,,,,,,,,,,,,,,,,,no,,,no,
district,黑龙江省,黑河市,爱辉区,2,2,4123013744,黑河学院,本科,no,,level_order,本科层次优先于更低层次候选（项目层次政策）,policy,resolved_policy,shanghairanking-bcur,shanghairanking-bcur,shanghairanking-bcur,2026,中国大学排名（主榜）,,rankOverall,2026软科 500+,500+,https://www.shanghairanking.cn/rankings/bcur/2026,campus,profile_campus,,,,,no,,黑河学院,no,no comparable second place: the deciding rule set aside the other 1 candidate(s) without leaving anybody on the winner's own scale
district,黑龙江省,黑河市,北安市,1,1,4123014272,黑龙江护理高等专科学校,专科,no,,single_candidate,该行政单元在现行口径下只有 1 个候选，无需比较,policy,resolved_policy,shanghairanking-bcvcr-public-vocational,shanghairanking-bcvcr-public-vocational,shanghairanking-bcvcr-public-vocational,2026,中国高职专科院校排名（总榜）,医药,rankOverall,2026软科高职专科总榜 412,412,https://www.shanghairanking.cn/rankings/bcvcr/2026623,campus,profile_campus,,,,,no,,黑龙江护理高等专科学校,no,
district,黑龙江省,黑河市,嫩江市,0,0,,,,,,,,,no_candidate,,,,,,,,,,,,,,,,,no,,,no,
district,黑龙江省,黑河市,孙吴县,0,0,,,,,,,,,no_candidate,,,,,,,,,,,,,,,,,no,,,no,
district,黑龙江省,黑河市,五大连池市,0,0,,,,,,,,,no_candidate,,,,,,,,,,,,,,,,,no,,,no,
district,黑龙江省,黑河市,逊克县,0,0,,,,,,,,,no_candidate,,,,,,,,,,,,,,,,,no,,,no,
district,黑龙江省,鸡西市,城子河区,0,0,,,,,,,,,no_candidate,,,,,,,,,,,,,,,,,no,,,no,
district,黑龙江省,鸡西市,滴道区,0,0,,,,,,,,,no_candidate,,,,,,,,,,,,,,,,,no,,,no,
district,黑龙江省,鸡西市,恒山区,0,0,,,,,,,,,no_candidate,,,,,,,,,,,,,,,,,no,,,no,
district,黑龙江省,鸡西市,虎林市,0,0,,,,,,,,,no_candidate,,,,,,,,,,,,,,,,,no,,,no,
district,黑龙江省,鸡西市,鸡东县,0,0,,,,,,,,,no_candidate,,,,,,,,,,,,,,,,,no,,,no,
district,黑龙江省,鸡西市,鸡冠区,3,3,4123010219,黑龙江科技大学,本科,no,,comparable_ranking,黑龙江科技大学 在同榜可比名次上优于 黑龙江工业学院（软科 bcur）；候选池先按层次收敛：本科层次优先于更低层次（项目层次政策）,strong,resolved_strong,shanghairanking-bcur,shanghairanking-bcur,shanghairanking-bcur,2026,中国大学排名（主榜）,,rankOverall,2026软科 394,394,https://www.shanghairanking.cn/rankings/bcur/2026,campus,profile_campus,4123011445,黑龙江工业学院,本科,shanghairanking-bcur,yes,,黑龙江科技大学|黑龙江工业学院,no,
district,黑龙江省,鸡西市,梨树区,0,0,,,,,,,,,no_candidate,,,,,,,,,,,,,,,,,no,,,no,
district,黑龙江省,鸡西市,麻山区,0,0,,,,,,,,,no_candidate,,,,,,,,,,,,,,,,,no,,,no,
district,黑龙江省,鸡西市,密山市,0,0,,,,,,,,,no_candidate,,,,,,,,,,,,,,,,,no,,,no,
district,黑龙江省,佳木斯市,东风区,0,0,,,,,,,,,no_candidate,,,,,,,,,,,,,,,,,no,,,no,
district,黑龙江省,佳木斯市,抚远市,0,0,,,,,,,,,no_candidate,,,,,,,,,,,,,,,,,no,,,no,
district,黑龙江省,佳木斯市,富锦市,0,0,,,,,,,,,no_candidate,,,,,,,,,,,,,,,,,no,,,no,
district,黑龙江省,佳木斯市,桦川县,0,0,,,,,,,,,no_candidate,,,,,,,,,,,,,,,,,no,,,no,
district,黑龙江省,佳木斯市,桦南县,0,0,,,,,,,,,no_candidate,,,,,,,,,,,,,,,,,no,,,no,
district,黑龙江省,佳木斯市,郊区,3,3,4123010222,佳木斯大学,本科,no,,level_order,本科层次优先于更低层次候选（项目层次政策）,policy,resolved_policy,shanghairanking-bcur,shanghairanking-bcur,shanghairanking-bcur,2026,中国大学排名（主榜）,,rankOverall,2026软科 387,387,https://www.shanghairanking.cn/rankings/bcur/2026,campus,profile_campus,,,,,no,,佳木斯大学,no,no comparable second place: the deciding rule set aside the other 2 candidate(s) without leaving anybody on the winner's own scale
district,黑龙江省,佳木斯市,前进区,2,2,4123010222,佳木斯大学,本科,no,,level_order,本科层次优先于更低层次候选（项目层次政策）,policy,resolved_policy,shanghairanking-bcur,shanghairanking-bcur,shanghairanking-bcur,2026,中国大学排名（主榜）,,rankOverall,2026软科 387,387,https://www.shanghairanking.cn/rankings/bcur/2026,campus,profile_campus,,,,,no,,佳木斯大学,no,no comparable second place: the deciding rule set aside the other 1 candidate(s) without leaving anybody on the winner's own scale
district,黑龙江省,佳木斯市,汤原县,0,0,,,,,,,,,no_candidate,,,,,,,,,,,,,,,,,no,,,no,
district,黑龙江省,佳木斯市,同江市,0,0,,,,,,,,,no_candidate,,,,,,,,,,,,,,,,,no,,,no,
district,黑龙江省,佳木斯市,向阳区,2,2,4123010222,佳木斯大学,本科,no,,level_order,本科层次优先于更低层次候选（项目层次政策）,policy,resolved_policy,shanghairanking-bcur,shanghairanking-bcur,shanghairanking-bcur,2026,中国大学排名（主榜）,,rankOverall,2026软科 387,387,https://www.shanghairanking.cn/rankings/bcur/2026,campus,profile_campus,,,,,no,,佳木斯大学,no,no comparable second place: the deciding rule set aside the other 1 candidate(s) without leaving anybody on the winner's own scale
district,黑龙江省,牡丹江市,爱民区,6,6,4123010229,牡丹江医科大学,本科,no,,comparable_ranking,牡丹江医科大学 在同榜可比名次上优于 牡丹江师范学院（软科 bcur）；候选池先按层次收敛：本科层次优先于更低层次（项目层次政策）,strong,resolved_strong,shanghairanking-bcur,shanghairanking-bcur,shanghairanking-bcur,2026,中国医药类大学排名,医药,rankOverall,2026软科医药 50 · 主榜参考 382,382,https://www.shanghairanking.cn/rankings/bcur/202621,campus,profile_campus,4123010233,牡丹江师范学院,本科,shanghairanking-bcur,yes,,牡丹江医科大学|牡丹江师范学院,no,
district,黑龙江省,牡丹江市,东安区,0,0,,,,,,,,,no_candidate,,,,,,,,,,,,,,,,,no,,,no,
district,黑龙江省,牡丹江市,东宁市,0,0,,,,,,,,,no_candidate,,,,,,,,,,,,,,,,,no,,,no,
district,黑龙江省,牡丹江市,海林市,1,1,4123011046,牡丹江大学,专科,no,,single_candidate,该行政单元在现行口径下只有 1 个候选，无需比较,policy,resolved_policy,shanghairanking-bcvcr-public-vocational,shanghairanking-bcvcr-public-vocational,shanghairanking-bcvcr-public-vocational,2026,中国高职专科院校排名（总榜）,综合,rankOverall,2026软科高职综合 112+ · 高职专科总榜 500+,500+,https://www.shanghairanking.cn/rankings/bcvcr/2026623,campus,profile_campus,,,,,no,,牡丹江大学,no,
district,黑龙江省,牡丹江市,林口县,0,0,,,,,,,,,no_candidate,,,,,,,,,,,,,,,,,no,,,no,
district,黑龙江省,牡丹江市,穆棱市,0,0,,,,,,,,,no_candidate,,,,,,,,,,,,,,,,,no,,,no,
district,黑龙江省,牡丹江市,宁安市,1,1,4123012910,黑龙江农业经济职业学院,专科,no,,single_candidate,该行政单元在现行口径下只有 1 个候选，无需比较,policy,resolved_policy,shanghairanking-bcvcr-public-vocational,shanghairanking-bcvcr-public-vocational,shanghairanking-bcvcr-public-vocational,2026,中国高职专科院校排名（总榜）,农林,rankOverall,2026软科高职专科总榜 98,98,https://www.shanghairanking.cn/rankings/bcvcr/2026623,campus,historical_campus,,,,,no,,黑龙江农业经济职业学院,no,
district,黑龙江省,牡丹江市,绥芬河市,0,0,,,,,,,,,no_candidate,,,,,,,,,,,,,,,,,no,,,no,
district,黑龙江省,牡丹江市,西安区,1,1,4123012910,黑龙江农业经济职业学院,专科,no,,single_candidate,该行政单元在现行口径下只有 1 个候选，无需比较,policy,resolved_policy,shanghairanking-bcvcr-public-vocational,shanghairanking-bcvcr-public-vocational,shanghairanking-bcvcr-public-vocational,2026,中国高职专科院校排名（总榜）,农林,rankOverall,2026软科高职专科总榜 98,98,https://www.shanghairanking.cn/rankings/bcvcr/2026623,campus,profile_campus,,,,,no,,黑龙江农业经济职业学院,no,
district,黑龙江省,牡丹江市,阳明区,0,0,,,,,,,,,no_candidate,,,,,,,,,,,,,,,,,no,,,no,
district,黑龙江省,七台河市,勃利县,0,0,,,,,,,,,no_candidate,,,,,,,,,,,,,,,,,no,,,no,
district,黑龙江省,七台河市,茄子河区,1,1,4123013918,七台河职业学院,专科,no,,single_candidate,该行政单元在现行口径下只有 1 个候选，无需比较,policy,resolved_policy,shanghairanking-bcvcr-public-vocational,shanghairanking-bcvcr-public-vocational,shanghairanking-bcvcr-public-vocational,2026,中国高职专科院校排名（总榜）,综合,rankOverall,2026软科高职综合 112+ · 高职专科总榜 500+,500+,https://www.shanghairanking.cn/rankings/bcvcr/2026623,campus,historical_campus,,,,,no,,七台河职业学院,no,
district,黑龙江省,七台河市,桃山区,1,1,4123013918,七台河职业学院,专科,no,,single_candidate,该行政单元在现行口径下只有 1 个候选，无需比较,policy,resolved_policy,shanghairanking-bcvcr-public-vocational,shanghairanking-bcvcr-public-vocational,shanghairanking-bcvcr-public-vocational,2026,中国高职专科院校排名（总榜）,综合,rankOverall,2026软科高职综合 112+ · 高职专科总榜 500+,500+,https://www.shanghairanking.cn/rankings/bcvcr/2026623,campus,profile_campus,,,,,no,,七台河职业学院,no,
district,黑龙江省,七台河市,新兴区,0,0,,,,,,,,,no_candidate,,,,,,,,,,,,,,,,,no,,,no,
district,黑龙江省,齐齐哈尔市,昂昂溪区,0,0,,,,,,,,,no_candidate,,,,,,,,,,,,,,,,,no,,,no,
district,黑龙江省,齐齐哈尔市,拜泉县,0,0,,,,,,,,,no_candidate,,,,,,,,,,,,,,,,,no,,,no,
district,黑龙江省,齐齐哈尔市,富拉尔基区,1,1,4123014400,齐齐哈尔理工职业学院,专科,yes,,single_candidate,该行政单元在现行口径下只有 1 个候选，无需比较,policy,resolved_policy,shanghairanking-bcvcr-private-vocational,shanghairanking-bcvcr-private-vocational,shanghairanking-bcvcr-private-vocational,2026,民办高职专科院校排名,,ranking,2026软科民办高职专科 100+,100+,https://www.shanghairanking.cn/rankings/bcvcr/2026633,campus,profile_campus,,,,,no,,齐齐哈尔理工职业学院,no,
district,黑龙江省,齐齐哈尔市,富裕县,0,0,,,,,,,,,no_candidate,,,,,,,,,,,,,,,,,no,,,no,
district,黑龙江省,齐齐哈尔市,甘南县,1,1,4123014178,佳木斯职业学院,专科,no,,single_candidate,该行政单元在现行口径下只有 1 个候选，无需比较,policy,resolved_policy,shanghairanking-bcvcr-public-vocational,shanghairanking-bcvcr-public-vocational,shanghairanking-bcvcr-public-vocational,2026,中国高职专科院校排名（总榜）,综合,rankOverall,2026软科高职综合 112+ · 高职专科总榜 500+,500+,https://www.shanghairanking.cn/rankings/bcvcr/2026623,campus,historical_campus,,,,,no,,佳木斯职业学院,no,
district,黑龙江省,齐齐哈尔市,建华区,2,2,4123010232,齐齐哈尔大学,本科,no,,comparable_ranking,齐齐哈尔大学 在同榜可比名次上优于 齐齐哈尔医学院（软科 bcur）,strong,resolved_strong,shanghairanking-bcur,shanghairanking-bcur,shanghairanking-bcur,2026,中国大学排名（主榜）,,rankOverall,2026软科 381,381,https://www.shanghairanking.cn/rankings/bcur/2026,campus,profile_campus,4123011230,齐齐哈尔医学院,本科,shanghairanking-bcur,yes,,齐齐哈尔大学|齐齐哈尔医学院,no,
district,黑龙江省,齐齐哈尔市,克东县,0,0,,,,,,,,,no_candidate,,,,,,,,,,,,,,,,,no,,,no,
district,黑龙江省,齐齐哈尔市,克山县,0,0,,,,,,,,,no_candidate,,,,,,,,,,,,,,,,,no,,,no,
district,黑龙江省,齐齐哈尔市,龙江县,0,0,,,,,,,,,no_candidate,,,,,,,,,,,,,,,,,no,,,no,
district,黑龙江省,齐齐哈尔市,龙沙区,3,3,4123012729,齐齐哈尔工程学院,本科,yes,,level_order,本科层次优先于更低层次候选（项目层次政策）,policy,resolved_policy,shanghairanking-bcur-private,shanghairanking-bcur-private,shanghairanking-bcur-private,2026,中国民办高校排名（主榜）,综合,rankOverall,2026软科民办 100+,100+,https://www.shanghairanking.cn/rankings/bcur/202615,campus,profile_campus,,,,,no,,齐齐哈尔工程学院,no,no comparable second place: the deciding rule set aside the other 2 candidate(s) without leaving anybody on the winner's own scale
district,黑龙江省,齐齐哈尔市,梅里斯达斡尔族区,0,0,,,,,,,,,no_candidate,,,,,,,,,,,,,,,,,no,,,no,
district,黑龙江省,齐齐哈尔市,讷河市,0,0,,,,,,,,,no_candidate,,,,,,,,,,,,,,,,,no,,,no,
district,黑龙江省,齐齐哈尔市,碾子山区,0,0,,,,,,,,,no_candidate,,,,,,,,,,,,,,,,,no,,,no,
district,黑龙江省,齐齐哈尔市,泰来县,0,0,,,,,,,,,no_candidate,,,,,,,,,,,,,,,,,no,,,no,
district,黑龙江省,齐齐哈尔市,铁锋区,2,2,4123014053,黑龙江交通职业技术学院,专科,no,,comparable_ranking,黑龙江交通职业技术学院 在同榜可比名次上优于 齐齐哈尔高等师范专科学校（软科 bcvcr-public-vocational）,strong,resolved_strong,shanghairanking-bcvcr-public-vocational,shanghairanking-bcvcr-public-vocational,shanghairanking-bcvcr-public-vocational,2026,中国高职专科院校排名（总榜）,理工,rankOverall,2026软科高职专科总榜 410,410,https://www.shanghairanking.cn/rankings/bcvcr/2026623,campus,profile_campus,4123010238,齐齐哈尔高等师范专科学校,专科,shanghairanking-bcvcr-public-vocational,yes,,黑龙江交通职业技术学院|齐齐哈尔高等师范专科学校,no,
district,黑龙江省,齐齐哈尔市,依安县,0,0,,,,,,,,,no_candidate,,,,,,,,,,,,,,,,,no,,,no,
district,黑龙江省,双鸭山市,宝清县,0,0,,,,,,,,,no_candidate,,,,,,,,,,,,,,,,,no,,,no,
district,黑龙江省,双鸭山市,宝山区,0,0,,,,,,,,,no_candidate,,,,,,,,,,,,,,,,,no,,,no,
district,黑龙江省,双鸭山市,集贤县,0,0,,,,,,,,,no_candidate,,,,,,,,,,,,,,,,,no,,,no,
district,黑龙江省,双鸭山市,尖山区,1,1,4123013732,黑龙江能源职业学院,专科,no,,single_candidate,该行政单元在现行口径下只有 1 个候选，无需比较,policy,resolved_policy,shanghairanking-bcvcr-public-vocational,shanghairanking-bcvcr-public-vocational,shanghairanking-bcvcr-public-vocational,2026,中国高职专科院校排名（总榜）,理工,rankOverall,2026软科高职理工 230+ · 高职专科总榜 500+,500+,https://www.shanghairanking.cn/rankings/bcvcr/2026623,campus,profile_campus,,,,,no,,黑龙江能源职业学院,no,
district,黑龙江省,双鸭山市,岭东区,0,0,,,,,,,,,no_candidate,,,,,,,,,,,,,,,,,no,,,no,
district,黑龙江省,双鸭山市,饶河县,0,0,,,,,,,,,no_candidate,,,,,,,,,,,,,,,,,no,,,no,
district,黑龙江省,双鸭山市,四方台区,0,0,,,,,,,,,no_candidate,,,,,,,,,,,,,,,,,no,,,no,
district,黑龙江省,双鸭山市,友谊县,0,0,,,,,,,,,no_candidate,,,,,,,,,,,,,,,,,no,,,no,
district,黑龙江省,绥化市,安达市,0,0,,,,,,,,,no_candidate,,,,,,,,,,,,,,,,,no,,,no,
district,黑龙江省,绥化市,北林区,1,1,4123010236,绥化学院,本科,no,,single_candidate,该行政单元在现行口径下只有 1 个候选，无需比较,policy,resolved_policy,shanghairanking-bcur,shanghairanking-bcur,shanghairanking-bcur,2026,中国大学排名（主榜）,,rankOverall,2026软科 500+,500+,https://www.shanghairanking.cn/rankings/bcur/2026,campus,profile_campus,,,,,no,,绥化学院,no,
district,黑龙江省,绥化市,海伦市,0,0,,,,,,,,,no_candidate,,,,,,,,,,,,,,,,,no,,,no,
district,黑龙江省,绥化市,兰西县,0,0,,,,,,,,,no_candidate,,,,,,,,,,,,,,,,,no,,,no,
district,黑龙江省,绥化市,明水县,0,0,,,,,,,,,no_candidate,,,,,,,,,,,,,,,,,no,,,no,
district,黑龙江省,绥化市,青冈县,0,0,,,,,,,,,no_candidate,,,,,,,,,,,,,,,,,no,,,no,
district,黑龙江省,绥化市,庆安县,0,0,,,,,,,,,no_candidate,,,,,,,,,,,,,,,,,no,,,no,
district,黑龙江省,绥化市,绥棱县,0,0,,,,,,,,,no_candidate,,,,,,,,,,,,,,,,,no,,,no,
district,黑龙江省,绥化市,望奎县,0,0,,,,,,,,,no_candidate,,,,,,,,,,,,,,,,,no,,,no,
district,黑龙江省,绥化市,肇东市,0,0,,,,,,,,,no_candidate,,,,,,,,,,,,,,,,,no,,,no,
district,黑龙江省,伊春市,大箐山县,0,0,,,,,,,,,no_candidate,,,,,,,,,,,,,,,,,no,,,no,
district,黑龙江省,伊春市,丰林县,0,0,,,,,,,,,no_candidate,,,,,,,,,,,,,,,,,no,,,no,
district,黑龙江省,伊春市,嘉荫县,0,0,,,,,,,,,no_candidate,,,,,,,,,,,,,,,,,no,,,no,
district,黑龙江省,伊春市,金林区,0,0,,,,,,,,,no_candidate,,,,,,,,,,,,,,,,,no,,,no,
district,黑龙江省,伊春市,南岔县,0,0,,,,,,,,,no_candidate,,,,,,,,,,,,,,,,,no,,,no,
district,黑龙江省,伊春市,汤旺县,0,0,,,,,,,,,no_candidate,,,,,,,,,,,,,,,,,no,,,no,
district,黑龙江省,伊春市,铁力市,0,0,,,,,,,,,no_candidate,,,,,,,,,,,,,,,,,no,,,no,
district,黑龙江省,伊春市,乌翠区,0,0,,,,,,,,,no_candidate,,,,,,,,,,,,,,,,,no,,,no,
district,黑龙江省,伊春市,伊美区,1,1,4123010872,伊春职业学院,专科,no,,single_candidate,该行政单元在现行口径下只有 1 个候选，无需比较,policy,resolved_policy,shanghairanking-bcvcr-public-vocational,shanghairanking-bcvcr-public-vocational,shanghairanking-bcvcr-public-vocational,2026,中国高职专科院校排名（总榜）,综合,rankOverall,2026软科高职综合 112+ · 高职专科总榜 500+,500+,https://www.shanghairanking.cn/rankings/bcvcr/2026623,campus,profile_campus,,,,,no,,伊春职业学院,no,
district,黑龙江省,伊春市,友好区,0,0,,,,,,,,,no_candidate,,,,,,,,,,,,,,,,,no,,,no,
district,湖北省,鄂州市,鄂城区,1,1,4142011335,鄂州职业大学,专科,no,,single_candidate,该行政单元在现行口径下只有 1 个候选，无需比较,policy,resolved_policy,shanghairanking-bcvcr-public-vocational,shanghairanking-bcvcr-public-vocational,shanghairanking-bcvcr-public-vocational,2026,中国高职专科院校排名（总榜）,综合,rankOverall,2026软科高职专科总榜 443,443,https://www.shanghairanking.cn/rankings/bcvcr/2026623,campus,profile_campus,,,,,no,,鄂州职业大学,no,
district,湖北省,鄂州市,华容区,2,2,4142010834,武汉职业技术大学,本科,no,,level_order,本科层次优先于更低层次候选（项目层次政策）,policy,resolved_policy,shanghairanking-bcvcr-public-vocational-undergraduate,shanghairanking-bcvcr-public-vocational-undergraduate,shanghairanking-bcvcr-public-vocational-undergraduate,2026,中国职业本科大学排名,,ranking,2026软科职业本科大学 27,27,https://www.shanghairanking.cn/rankings/bcvcr/2026749,campus,profile_campus,,,,,no,,武汉职业技术大学,no,no comparable second place: the deciding rule set aside the other 1 candidate(s) without leaving anybody on the winner's own scale
district,湖北省,鄂州市,梁子湖区,0,0,,,,,,,,,no_candidate,,,,,,,,,,,,,,,,,no,,,no,
district,湖北省,恩施土家族苗族自治州,巴东县,0,0,,,,,,,,,no_candidate,,,,,,,,,,,,,,,,,no,,,no,
district,湖北省,恩施土家族苗族自治州,恩施市,3,3,4142010517,湖北民族大学,本科,no,,public_before_private,同层次同标签下公办优先（按当前项目政策，非排名证据）；候选池先按层次收敛：本科层次优先于更低层次（项目层次政策）,policy,resolved_policy,shanghairanking-bcur,shanghairanking-bcur,shanghairanking-bcur,2026,中国民族类大学排名,民族,rankOverall,2026软科民族 13 · 主榜参考 345,345,https://www.shanghairanking.cn/rankings/bcur/202624,campus,profile_campus,,,,,no,,湖北民族大学,yes,no comparable second place: the deciding rule set aside the other 2 candidate(s) without leaving anybody on the winner's own scale
district,湖北省,恩施土家族苗族自治州,鹤峰县,0,0,,,,,,,,,no_candidate,,,,,,,,,,,,,,,,,no,,,no,
district,湖北省,恩施土家族苗族自治州,建始县,0,0,,,,,,,,,no_candidate,,,,,,,,,,,,,,,,,no,,,no,
district,湖北省,恩施土家族苗族自治州,来凤县,0,0,,,,,,,,,no_candidate,,,,,,,,,,,,,,,,,no,,,no,
district,湖北省,恩施土家族苗族自治州,利川市,0,0,,,,,,,,,no_candidate,,,,,,,,,,,,,,,,,no,,,no,
district,湖北省,恩施土家族苗族自治州,咸丰县,0,0,,,,,,,,,no_candidate,,,,,,,,,,,,,,,,,no,,,no,
district,湖北省,恩施土家族苗族自治州,宣恩县,0,0,,,,,,,,,no_candidate,,,,,,,,,,,,,,,,,no,,,no,
district,湖北省,黄冈市,红安县,2,2,4142013235,武汉城市学院,本科,yes,,level_order,本科层次优先于更低层次候选（项目层次政策）,policy,resolved_policy,shanghairanking-bcur-private,shanghairanking-bcur-private,shanghairanking-bcur-private,2026,中国民办高校排名（主榜）,理工,rankOverall,2026软科民办 100+,100+,https://www.shanghairanking.cn/rankings/bcur/202615,campus,profile_campus,,,,,no,,武汉城市学院,no,no comparable second place: the deciding rule set aside the other 1 candidate(s) without leaving anybody on the winner's own scale
district,湖北省,黄冈市,黄梅县,0,0,,,,,,,,,no_candidate,,,,,,,,,,,,,,,,,no,,,no,
district,湖北省,黄冈市,黄州区,4,4,4142010514,黄冈师范学院,本科,no,,cross_group_scale_policy,黄冈师范学院 取自主榜序列；其余候选分属不同榜单体系，名次不可直接比较，按当前项目政策以主榜序列为先；候选池先按层次收敛：本科层次优先于更低层次（项目层次政策）,policy,resolved_policy,shanghairanking-bcur,shanghairanking-bcur,shanghairanking-bcur,2026,中国大学排名（主榜）,,rankOverall,2026软科 357,357,https://www.shanghairanking.cn/rankings/bcur/2026,campus,profile_campus,,,,,no,,黄冈师范学院,no,no comparable second place: the deciding rule set aside the other 3 candidate(s) without leaving anybody on the winner's own scale
district,湖北省,黄冈市,罗田县,0,0,,,,,,,,,no_candidate,,,,,,,,,,,,,,,,,no,,,no,
district,湖北省,黄冈市,麻城市,1,1,4142010834,武汉职业技术大学,本科,no,,single_candidate,该行政单元在现行口径下只有 1 个候选，无需比较,policy,resolved_policy,shanghairanking-bcvcr-public-vocational-undergraduate,shanghairanking-bcvcr-public-vocational-undergraduate,shanghairanking-bcvcr-public-vocational-undergraduate,2026,中国职业本科大学排名,,ranking,2026软科职业本科大学 27,27,https://www.shanghairanking.cn/rankings/bcvcr/2026749,campus,profile_campus,,,,,no,,武汉职业技术大学,no,
district,湖北省,黄冈市,蕲春县,0,0,,,,,,,,,no_candidate,,,,,,,,,,,,,,,,,no,,,no,
district,湖北省,黄冈市,团风县,1,1,4142013799,黄冈科技职业学院,专科,yes,,single_candidate,该行政单元在现行口径下只有 1 个候选，无需比较,policy,resolved_policy,shanghairanking-bcvcr-private-vocational,shanghairanking-bcvcr-private-vocational,shanghairanking-bcvcr-private-vocational,2026,民办高职专科院校排名,,ranking,2026软科民办高职专科 100+,100+,https://www.shanghairanking.cn/rankings/bcvcr/2026633,campus,profile_campus,,,,,no,,黄冈科技职业学院,no,
district,湖北省,黄冈市,武穴市,1,1,4142010955,黄冈职业技术大学,本科,no,,single_candidate,该行政单元在现行口径下只有 1 个候选，无需比较,policy,resolved_policy,shanghairanking-bcvcr-public-vocational-undergraduate,shanghairanking-bcvcr-public-vocational-undergraduate,shanghairanking-bcvcr-public-vocational-undergraduate,2026,中国职业本科大学排名,,ranking,2026软科职业本科大学 73,73,https://www.shanghairanking.cn/rankings/bcvcr/2026749,campus,profile_campus,,,,,no,,黄冈职业技术大学,no,
district,湖北省,黄冈市,浠水县,1,1,4142012752,湖北交通职业技术学院,专科,no,,single_candidate,该行政单元在现行口径下只有 1 个候选，无需比较,policy,resolved_policy,shanghairanking-bcvcr-public-vocational,shanghairanking-bcvcr-public-vocational,shanghairanking-bcvcr-public-vocational,2026,中国高职专科院校排名（总榜）,理工,rankOverall,2026软科高职专科总榜 164,164,https://www.shanghairanking.cn/rankings/bcvcr/2026623,campus,historical_campus,,,,,no,,湖北交通职业技术学院,no,
district,湖北省,黄冈市,英山县,0,0,,,,,,,,,no_candidate,,,,,,,,,,,,,,,,,no,,,no,
district,湖北省,黄石市,大冶市,1,1,4142013256,湖北师范大学文理学院,本科,yes,,single_candidate,该行政单元在现行口径下只有 1 个候选，无需比较,policy,resolved_policy,,,,,,,,,,,campus,profile_campus,,,,,no,,湖北师范大学文理学院,no,
district,湖北省,黄石市,黄石港区,1,1,4142010513,湖北师范大学,本科,no,,single_candidate,该行政单元在现行口径下只有 1 个候选，无需比较,policy,resolved_policy,shanghairanking-bcur,shanghairanking-bcur,shanghairanking-bcur,2026,中国大学排名（主榜）,,rankOverall,2026软科 312,312,https://www.shanghairanking.cn/rankings/bcur/2026,campus,profile_campus,,,,,no,,湖北师范大学,no,
district,湖北省,黄石市,铁山区,2,2,4142014197,湖北工程职业学院,专科,no,,comparable_ranking,湖北工程职业学院 在同榜可比名次上优于 武汉工程职业技术学院（软科 bcvcr-public-vocational）,strong,resolved_strong,shanghairanking-bcvcr-public-vocational,shanghairanking-bcvcr-public-vocational,shanghairanking-bcvcr-public-vocational,2026,中国高职专科院校排名（总榜）,理工,rankOverall,2026软科高职专科总榜 484,484,https://www.shanghairanking.cn/rankings/bcvcr/2026623,campus,profile_campus,4142012738,武汉工程职业技术学院,专科,shanghairanking-bcvcr-public-vocational,yes,,湖北工程职业学院|武汉工程职业技术学院,no,
district,湖北省,黄石市,西塞山区,0,0,,,,,,,,,no_candidate,,,,,,,,,,,,,,,,,no,,,no,
district,湖北省,黄石市,下陆区,2,2,4142010920,湖北理工学院,本科,no,,level_order,本科层次优先于更低层次候选（项目层次政策）,policy,resolved_policy,shanghairanking-bcur,shanghairanking-bcur,shanghairanking-bcur,2026,中国大学排名（主榜）,,rankOverall,2026软科 414,414,https://www.shanghairanking.cn/rankings/bcur/2026,campus,profile_campus,,,,,no,,湖北理工学院,no,no comparable second place: the deciding rule set aside the other 1 candidate(s) without leaving anybody on the winner's own scale
district,湖北省,黄石市,阳新县,0,0,,,,,,,,,no_candidate,,,,,,,,,,,,,,,,,no,,,no,
district,湖北省,荆门市,东宝区,2,2,4142011336,荆楚理工学院,本科,no,,level_order,本科层次优先于更低层次候选（项目层次政策）,policy,resolved_policy,shanghairanking-bcur,shanghairanking-bcur,shanghairanking-bcur,2026,中国大学排名（主榜）,,rankOverall,2026软科 500+,500+,https://www.shanghairanking.cn/rankings/bcur/2026,campus,profile_campus,,,,,no,,荆楚理工学院,no,no comparable second place: the deciding rule set aside the other 1 candidate(s) without leaving anybody on the winner's own scale
district,湖北省,荆门市,掇刀区,1,1,4142014571,荆门职业学院,专科,no,,single_candidate,该行政单元在现行口径下只有 1 个候选，无需比较,policy,resolved_policy,shanghairanking-bcvcr-public-vocational,shanghairanking-bcvcr-public-vocational,shanghairanking-bcvcr-public-vocational,2026,中国高职专科院校排名（总榜）,综合,rankOverall,2026软科高职综合 112+ · 高职专科总榜 500+,500+,https://www.shanghairanking.cn/rankings/bcvcr/2026623,campus,profile_campus,,,,,no,,荆门职业学院,no,
district,湖北省,荆门市,京山市,1,1,4142011800,汉口学院,本科,yes,,single_candidate,该行政单元在现行口径下只有 1 个候选，无需比较,policy,resolved_policy,shanghairanking-bcur-private,shanghairanking-bcur-private,shanghairanking-bcur-private,2026,中国民办高校排名（主榜）,理工,rankOverall,2026软科民办 100+,100+,https://www.shanghairanking.cn/rankings/bcur/202615,campus,profile_campus,,,,,no,,汉口学院,no,
district,湖北省,荆门市,沙洋县,0,0,,,,,,,,,no_candidate,,,,,,,,,,,,,,,,,no,,,no,
district,湖北省,荆门市,钟祥市,0,0,,,,,,,,,no_candidate,,,,,,,,,,,,,,,,,no,,,no,
district,湖北省,荆州市,公安县,0,0,,,,,,,,,no_candidate,,,,,,,,,,,,,,,,,no,,,no,
district,湖北省,荆州市,洪湖市,0,0,,,,,,,,,no_candidate,,,,,,,,,,,,,,,,,no,,,no,
district,湖北省,荆州市,监利市,0,0,,,,,,,,,no_candidate,,,,,,,,,,,,,,,,,no,,,no,
district,湖北省,荆州市,江陵县,0,0,,,,,,,,,no_candidate,,,,,,,,,,,,,,,,,no,,,no,
district,湖北省,荆州市,荆州区,5,5,4142010489,长江大学,本科,no,,public_before_private,同层次同标签下公办优先（按当前项目政策，非排名证据）；候选池先按层次收敛：本科层次优先于更低层次（项目层次政策）,policy,resolved_policy,shanghairanking-bcur,shanghairanking-bcur,shanghairanking-bcur,2026,中国大学排名（主榜）,,rankOverall,2026软科 184,184,https://www.shanghairanking.cn/rankings/bcur/2026,campus,profile_campus,,,,,no,,长江大学,yes,no comparable second place: the deciding rule set aside the other 4 candidate(s) without leaving anybody on the winner's own scale
district,湖北省,荆州市,沙市区,2,2,4142011074,荆州理工职业学院,专科,no,,public_before_private,同层次同标签下公办优先（按当前项目政策，非排名证据）,policy,resolved_policy,shanghairanking-bcvcr-public-vocational,shanghairanking-bcvcr-public-vocational,shanghairanking-bcvcr-public-vocational,2026,中国高职专科院校排名（总榜）,理工,rankOverall,2026软科高职理工 230+ · 高职专科总榜 500+,500+,https://www.shanghairanking.cn/rankings/bcvcr/2026623,campus,profile_campus,,,,,no,,荆州理工职业学院,yes,no comparable second place: the deciding rule set aside the other 1 candidate(s) without leaving anybody on the winner's own scale
district,湖北省,荆州市,石首市,0,0,,,,,,,,,no_candidate,,,,,,,,,,,,,,,,,no,,,no,
district,湖北省,荆州市,松滋市,0,0,,,,,,,,,no_candidate,,,,,,,,,,,,,,,,,no,,,no,
district,湖北省,十堰市,丹江口市,1,1,4142010518,汉江师范学院,本科,no,,single_candidate,该行政单元在现行口径下只有 1 个候选，无需比较,policy,resolved_policy,shanghairanking-bcur,shanghairanking-bcur,shanghairanking-bcur,2026,中国大学排名（主榜）,,rankOverall,2026软科 500+,500+,https://www.shanghairanking.cn/rankings/bcur/2026,campus,profile_campus,,,,,no,,汉江师范学院,no,
district,湖北省,十堰市,房县,0,0,,,,,,,,,no_candidate,,,,,,,,,,,,,,,,,no,,,no,
district,湖北省,十堰市,茅箭区,5,5,4142010929,湖北医药学院,本科,no,,comparable_ranking,湖北医药学院 在同榜可比名次上优于 湖北汽车工业学院（软科 bcur）；候选池先按层次收敛：本科层次优先于更低层次（项目层次政策）,strong,resolved_strong,shanghairanking-bcur,shanghairanking-bcur,shanghairanking-bcur,2026,中国医药类大学排名,医药,rankOverall,2026软科医药 34 · 主榜参考 267,267,https://www.shanghairanking.cn/rankings/bcur/202621,campus,profile_campus,4142010525,湖北汽车工业学院,本科,shanghairanking-bcur,yes,,湖北医药学院|湖北汽车工业学院,yes,1 leading candidate(s) carry no official list ranking
district,湖北省,十堰市,郧西县,0,0,,,,,,,,,no_candidate,,,,,,,,,,,,,,,,,no,,,no,
district,湖北省,十堰市,郧阳区,1,1,4142013249,湖北医药学院药护学院,本科,yes,,single_candidate,该行政单元在现行口径下只有 1 个候选，无需比较,policy,resolved_policy,,,,,,,,,,,campus,profile_campus,,,,,no,,湖北医药学院药护学院,no,
district,湖北省,十堰市,张湾区,2,2,4142010525,湖北汽车工业学院,本科,no,,public_before_private,同层次同标签下公办优先（按当前项目政策，非排名证据）,policy,resolved_policy,shanghairanking-bcur,shanghairanking-bcur,shanghairanking-bcur,2026,中国大学排名（主榜）,,rankOverall,2026软科 341,341,https://www.shanghairanking.cn/rankings/bcur/2026,campus,profile_campus,,,,,no,,湖北汽车工业学院,yes,no comparable second place: the deciding rule set aside the other 1 candidate(s) without leaving anybody on the winner's own scale
district,湖北省,十堰市,竹山县,0,0,,,,,,,,,no_candidate,,,,,,,,,,,,,,,,,no,,,no,
district,湖北省,十堰市,竹溪县,0,0,,,,,,,,,no_candidate,,,,,,,,,,,,,,,,,no,,,no,
district,湖北省,随州市,曾都区,1,1,4142012980,随州职业技术学院,专科,no,,single_candidate,该行政单元在现行口径下只有 1 个候选，无需比较,policy,resolved_policy,shanghairanking-bcvcr-public-vocational,shanghairanking-bcvcr-public-vocational,shanghairanking-bcvcr-public-vocational,2026,中国高职专科院校排名（总榜）,综合,rankOverall,2026软科高职综合 112+ · 高职专科总榜 500+,500+,https://www.shanghairanking.cn/rankings/bcvcr/2026623,campus,profile_campus,,,,,no,,随州职业技术学院,no,
district,湖北省,随州市,广水市,0,0,,,,,,,,,no_candidate,,,,,,,,,,,,,,,,,no,,,no,
district,湖北省,随州市,随县,0,0,,,,,,,,,no_candidate,,,,,,,,,,,,,,,,,no,,,no,
district,湖北省,武汉市,蔡甸区,3,3,4142010489,长江大学,本科,no,,comparable_ranking,长江大学 在同榜可比名次上优于 江汉大学（软科 bcur）,strong,resolved_strong,shanghairanking-bcur,shanghairanking-bcur,shanghairanking-bcur,2026,中国大学排名（主榜）,,rankOverall,2026软科 184,184,https://www.shanghairanking.cn/rankings/bcur/2026,campus,profile_campus,4142011072,江汉大学,本科,shanghairanking-bcur,yes,,长江大学|江汉大学,no,
district,湖北省,武汉市,东西湖区,3,3,4142010496,武汉轻工大学,本科,no,,single_ranked_candidate,武汉轻工大学 是当前候选里唯一被官方榜单覆盖的学校（软科 bcur）；候选池先按层次收敛：本科层次优先于更低层次（项目层次政策）,policy,resolved_policy,shanghairanking-bcur,shanghairanking-bcur,shanghairanking-bcur,2026,中国大学排名（主榜）,,rankOverall,2026软科 257,257,https://www.shanghairanking.cn/rankings/bcur/2026,campus,profile_campus,,,,,no,,武汉轻工大学,yes,1 leading candidate(s) carry no official list ranking; no comparable second place: the deciding rule set aside the other 2 candidate(s) without leaving anybody on the winner's own scale
district,湖北省,武汉市,汉南区,3,3,4142011654,武汉商学院,本科,no,,level_order,本科层次优先于更低层次候选（项目层次政策）,policy,resolved_policy,shanghairanking-bcur,shanghairanking-bcur,shanghairanking-bcur,2026,中国财经类大学排名,财经,rankOverall,2026软科财经 46 · 主榜参考 462,462,https://www.shanghairanking.cn/rankings/bcur/202622,campus,profile_campus,,,,,no,,武汉商学院,no,no comparable second place: the deciding rule set aside the other 2 candidate(s) without leaving anybody on the winner's own scale
district,湖北省,武汉市,汉阳区,3,3,4142011654,武汉商学院,本科,no,,level_order,本科层次优先于更低层次候选（项目层次政策）,policy,resolved_policy,shanghairanking-bcur,shanghairanking-bcur,shanghairanking-bcur,2026,中国财经类大学排名,财经,rankOverall,2026软科财经 46 · 主榜参考 462,462,https://www.shanghairanking.cn/rankings/bcur/202622,campus,profile_campus,,,,,no,,武汉商学院,no,no comparable second place: the deciding rule set aside the other 2 candidate(s) without leaving anybody on the winner's own scale
district,湖北省,武汉市,洪山区,33,33,4142010487,华中科技大学,本科,no,985|211|双一流,prestige_tag,985 标签优先于211（国家官方重点建设名单）,strong,resolved_strong,shanghairanking-bcur,shanghairanking-bcur,shanghairanking-bcur,2026,中国大学排名（主榜）,,rankOverall,2026软科 9,9,https://www.shanghairanking.cn/rankings/bcur/2026,campus,profile_campus,4142010504,华中农业大学,本科,shanghairanking-bcur,yes,,华中科技大学|华中农业大学,no,
district,湖北省,武汉市,黄陂区,3,3,4142013237,武汉文理学院,本科,yes,,level_order,本科层次优先于更低层次候选（项目层次政策）,policy,resolved_policy,shanghairanking-bcur-private,shanghairanking-bcur-private,shanghairanking-bcur-private,2026,中国民办财经类高校排名,财经,rankOverall,2026软科民办 27+,100+,https://www.shanghairanking.cn/rankings/bcur/202616,campus,profile_campus,,,,,no,,武汉文理学院,no,no comparable second place: the deciding rule set aside the other 2 candidate(s) without leaving anybody on the winner's own scale
district,湖北省,武汉市,江岸区,3,3,4142010512,湖北大学,本科,no,,public_before_private,同层次同标签下公办优先（按当前项目政策，非排名证据）；候选池先按层次收敛：本科层次优先于更低层次（项目层次政策）,policy,resolved_policy,shanghairanking-bcur,shanghairanking-bcur,shanghairanking-bcur,2026,中国大学排名（主榜）,,rankOverall,2026软科 121,121,https://www.shanghairanking.cn/rankings/bcur/2026,campus,profile_campus,,,,,no,,湖北大学,yes,no comparable second place: the deciding rule set aside the other 2 candidate(s) without leaving anybody on the winner's own scale
district,湖北省,武汉市,江汉区,0,0,,,,,,,,,no_candidate,,,,,,,,,,,,,,,,,no,,,no,
district,湖北省,武汉市,江夏区,33,33,4142010520,中南财经政法大学,本科,no,211|双一流,prestige_tag,211 标签优先于无重点标签（国家官方重点建设名单）,strong,resolved_strong,shanghairanking-bcur,shanghairanking-bcur,shanghairanking-bcur,2026,中国财经类大学排名,财经,rankOverall,2026软科财经 4 · 主榜参考 57,57,https://www.shanghairanking.cn/rankings/bcur/202622,campus,profile_campus,4142010495,武汉纺织大学,本科,shanghairanking-bcur,yes,,中南财经政法大学|武汉纺织大学,no,
district,湖北省,武汉市,硚口区,2,2,4142010487,华中科技大学,本科,no,985|211|双一流,prestige_tag,985 标签优先于无重点标签（国家官方重点建设名单）,strong,resolved_strong,shanghairanking-bcur,shanghairanking-bcur,shanghairanking-bcur,2026,中国大学排名（主榜）,,rankOverall,2026软科 9,9,https://www.shanghairanking.cn/rankings/bcur/2026,campus,profile_campus,4142011332,湖北警官学院,本科,shanghairanking-bcur,yes,,华中科技大学|湖北警官学院,no,
district,湖北省,武汉市,青山区,2,2,4142010488,武汉科技大学,本科,no,,level_order,本科层次优先于更低层次候选（项目层次政策）,policy,resolved_policy,shanghairanking-bcur,shanghairanking-bcur,shanghairanking-bcur,2026,中国大学排名（主榜）,,rankOverall,2026软科 123,123,https://www.shanghairanking.cn/rankings/bcur/2026,campus,profile_campus,,,,,no,,武汉科技大学,no,no comparable second place: the deciding rule set aside the other 1 candidate(s) without leaving anybody on the winner's own scale
district,湖北省,武汉市,武昌区,12,12,4142010486,武汉大学,本科,no,985|211|双一流,prestige_tag,985 标签优先于211（国家官方重点建设名单）,strong,resolved_strong,shanghairanking-bcur,shanghairanking-bcur,shanghairanking-bcur,2026,中国大学排名（主榜）,,rankOverall,2026软科 8,8,https://www.shanghairanking.cn/rankings/bcur/2026,campus,profile_campus,4142010497,武汉理工大学,本科,shanghairanking-bcur,yes,,武汉大学|武汉理工大学,no,
district,湖北省,武汉市,新洲区,3,3,4142010512,湖北大学,本科,no,,public_before_private,同层次同标签下公办优先（按当前项目政策，非排名证据）；候选池先按层次收敛：本科层次优先于更低层次（项目层次政策）,policy,resolved_policy,shanghairanking-bcur,shanghairanking-bcur,shanghairanking-bcur,2026,中国大学排名（主榜）,,rankOverall,2026软科 121,121,https://www.shanghairanking.cn/rankings/bcur/2026,campus,profile_campus,,,,,no,,湖北大学,yes,no comparable second place: the deciding rule set aside the other 2 candidate(s) without leaving anybody on the winner's own scale
district,湖北省,咸宁市,赤壁市,0,0,,,,,,,,,no_candidate,,,,,,,,,,,,,,,,,no,,,no,
district,湖北省,咸宁市,崇阳县,0,0,,,,,,,,,no_candidate,,,,,,,,,,,,,,,,,no,,,no,
district,湖北省,咸宁市,嘉鱼县,2,2,4142011798,武汉东湖学院,本科,yes,,comparable_ranking,武汉东湖学院 在同榜可比名次上优于 武昌首义学院（软科 bcur-private）,strong,resolved_strong,shanghairanking-bcur-private,shanghairanking-bcur-private,shanghairanking-bcur-private,2026,中国民办高校排名（主榜）,,ranking,2026软科民办 9,9,https://www.shanghairanking.cn/rankings/bcur/202615,campus,profile_campus,4142012309,武昌首义学院,本科,shanghairanking-bcur-private,yes,,武汉东湖学院|武昌首义学院,no,
district,湖北省,咸宁市,通城县,0,0,,,,,,,,,no_candidate,,,,,,,,,,,,,,,,,no,,,no,
district,湖北省,咸宁市,通山县,0,0,,,,,,,,,no_candidate,,,,,,,,,,,,,,,,,no,,,no,
district,湖北省,咸宁市,咸安区,4,4,4142010927,湖北科技学院,本科,no,,public_before_private,同层次同标签下公办优先（按当前项目政策，非排名证据）；候选池先按层次收敛：本科层次优先于更低层次（项目层次政策）,policy,resolved_policy,shanghairanking-bcur,shanghairanking-bcur,shanghairanking-bcur,2026,中国大学排名（主榜）,,rankOverall,2026软科 372,372,https://www.shanghairanking.cn/rankings/bcur/2026,campus,profile_campus,,,,,no,,湖北科技学院,yes,no comparable second place: the deciding rule set aside the other 3 candidate(s) without leaving anybody on the winner's own scale
district,湖北省,襄阳市,保康县,0,0,,,,,,,,,no_candidate,,,,,,,,,,,,,,,,,no,,,no,
district,湖北省,襄阳市,樊城区,0,0,,,,,,,,,no_candidate,,,,,,,,,,,,,,,,,no,,,no,
district,湖北省,襄阳市,谷城县,0,0,,,,,,,,,no_candidate,,,,,,,,,,,,,,,,,no,,,no,
district,湖北省,襄阳市,老河口市,1,1,4142011332,湖北警官学院,本科,no,,single_candidate,该行政单元在现行口径下只有 1 个候选，无需比较,policy,resolved_policy,shanghairanking-bcur,shanghairanking-bcur,shanghairanking-bcur,2026,中国政法类大学排名,政法,rankOverall,2026软科政法 27 · 主榜参考 433,433,https://www.shanghairanking.cn/rankings/bcur/202625,campus,historical_campus,,,,,no,,湖北警官学院,no,
district,湖北省,襄阳市,南漳县,0,0,,,,,,,,,no_candidate,,,,,,,,,,,,,,,,,no,,,no,
district,湖北省,襄阳市,襄城区,4,4,4142010519,湖北文理学院,本科,no,,public_before_private,同层次同标签下公办优先（按当前项目政策，非排名证据）；候选池先按层次收敛：本科层次优先于更低层次（项目层次政策）,policy,resolved_policy,shanghairanking-bcur,shanghairanking-bcur,shanghairanking-bcur,2026,中国大学排名（主榜）,,rankOverall,2026软科 372,372,https://www.shanghairanking.cn/rankings/bcur/2026,campus,profile_campus,,,,,no,,湖北文理学院,yes,no comparable second place: the deciding rule set aside the other 3 candidate(s) without leaving anybody on the winner's own scale
district,湖北省,襄阳市,襄州区,1,1,4142014832,襄阳科技职业学院,专科,no,,single_candidate,该行政单元在现行口径下只有 1 个候选，无需比较,policy,resolved_policy,,,,,,,,,,,campus,profile_campus,,,,,no,,襄阳科技职业学院,no,
district,湖北省,襄阳市,宜城市,0,0,,,,,,,,,no_candidate,,,,,,,,,,,,,,,,,no,,,no,
district,湖北省,襄阳市,枣阳市,0,0,,,,,,,,,no_candidate,,,,,,,,,,,,,,,,,no,,,no,
district,湖北省,孝感市,安陆市,0,0,,,,,,,,,no_candidate,,,,,,,,,,,,,,,,,no,,,no,
district,湖北省,孝感市,大悟县,1,1,4142013686,武汉传媒学院,本科,yes,,single_candidate,该行政单元在现行口径下只有 1 个候选，无需比较,policy,resolved_policy,,,,,,,,,,,campus,profile_campus,,,,,no,,武汉传媒学院,no,
district,湖北省,孝感市,汉川市,0,0,,,,,,,,,no_candidate,,,,,,,,,,,,,,,,,no,,,no,
district,湖北省,孝感市,孝昌县,0,0,,,,,,,,,no_candidate,,,,,,,,,,,,,,,,,no,,,no,
district,湖北省,孝感市,孝南区,4,4,4142010528,湖北工程学院,本科,no,,public_before_private,同层次同标签下公办优先（按当前项目政策，非排名证据）；候选池先按层次收敛：本科层次优先于更低层次（项目层次政策）,policy,resolved_policy,shanghairanking-bcur,shanghairanking-bcur,shanghairanking-bcur,2026,中国大学排名（主榜）,,rankOverall,2026软科 419,419,https://www.shanghairanking.cn/rankings/bcur/2026,campus,profile_campus,,,,,no,,湖北工程学院,yes,no comparable second place: the deciding rule set aside the other 3 candidate(s) without leaving anybody on the winner's own scale
district,湖北省,孝感市,应城市,0,0,,,,,,,,,no_candidate,,,,,,,,,,,,,,,,,no,,,no,
district,湖北省,孝感市,云梦县,0,0,,,,,,,,,no_candidate,,,,,,,,,,,,,,,,,no,,,no,
district,湖北省,宜昌市,当阳市,0,0,,,,,,,,,no_candidate,,,,,,,,,,,,,,,,,no,,,no,
district,湖北省,宜昌市,点军区,3,3,4142012979,湖北三峡职业技术大学,本科,no,,public_before_private,同层次同标签下公办优先（按当前项目政策，非排名证据）,policy,resolved_policy,shanghairanking-bcvcr-public-vocational-undergraduate,shanghairanking-bcvcr-public-vocational-undergraduate,shanghairanking-bcvcr-public-vocational-undergraduate,2026,中国职业本科大学排名,,ranking,2026软科职业本科大学 67,67,https://www.shanghairanking.cn/rankings/bcvcr/2026749,campus,profile_campus,,,,,no,,湖北三峡职业技术大学,yes,no comparable second place: the deciding rule set aside the other 2 candidate(s) without leaving anybody on the winner's own scale
district,湖北省,宜昌市,五峰土家族自治县,0,0,,,,,,,,,no_candidate,,,,,,,,,,,,,,,,,no,,,no,
district,湖北省,宜昌市,伍家岗区,0,0,,,,,,,,,no_candidate,,,,,,,,,,,,,,,,,no,,,no,
district,湖北省,宜昌市,西陵区,4,4,4142011075,三峡大学,本科,no,,public_before_private,同层次同标签下公办优先（按当前项目政策，非排名证据）；候选池先按层次收敛：本科层次优先于更低层次（项目层次政策）,policy,resolved_policy,shanghairanking-bcur,shanghairanking-bcur,shanghairanking-bcur,2026,中国大学排名（主榜）,,rankOverall,2026软科 174,174,https://www.shanghairanking.cn/rankings/bcur/2026,campus,profile_campus,,,,,no,,三峡大学,yes,no comparable second place: the deciding rule set aside the other 3 candidate(s) without leaving anybody on the winner's own scale
district,湖北省,宜昌市,猇亭区,0,0,,,,,,,,,no_candidate,,,,,,,,,,,,,,,,,no,,,no,
district,湖北省,宜昌市,兴山县,0,0,,,,,,,,,no_candidate,,,,,,,,,,,,,,,,,no,,,no,
district,湖北省,宜昌市,夷陵区,2,2,4142014258,三峡旅游职业技术学院,专科,no,,deterministic_fallback_policy,三峡旅游职业技术学院 由项目稳定兜底规则选出：在层次、重点标签、公办/民办与可比榜单仍无法唯一分开时，按榜单体系优先级、区间下界与稳定名称顺序决定展示 winner；该结论不是发布方跨榜排名,policy,resolved_policy,shanghairanking-bcvcr-public-vocational,shanghairanking-bcvcr-public-vocational,shanghairanking-bcvcr-public-vocational,2026,中国高职专科院校排名（总榜）,财经,rankOverall,2026软科高职财经 56+ · 高职专科总榜 500+,500+,https://www.shanghairanking.cn/rankings/bcvcr/2026623,campus,profile_campus,,,,,no,,三峡旅游职业技术学院,yes,1 leading candidate(s) carry no official list ranking; no comparable second place: the deciding rule set aside the other 1 candidate(s) without leaving anybody on the winner's own scale
district,湖北省,宜昌市,宜都市,0,0,,,,,,,,,no_candidate,,,,,,,,,,,,,,,,,no,,,no,
district,湖北省,宜昌市,远安县,0,0,,,,,,,,,no_candidate,,,,,,,,,,,,,,,,,no,,,no,
district,湖北省,宜昌市,长阳土家族自治县,0,0,,,,,,,,,no_candidate,,,,,,,,,,,,,,,,,no,,,no,
district,湖北省,宜昌市,枝江市,0,0,,,,,,,,,no_candidate,,,,,,,,,,,,,,,,,no,,,no,
district,湖北省,宜昌市,秭归县,0,0,,,,,,,,,no_candidate,,,,,,,,,,,,,,,,,no,,,no,
district,湖南省,常德市,安乡县,1,1,4111010030,北京外国语大学,本科,no,211|双一流,single_candidate,该行政单元在现行口径下只有 1 个候选，无需比较,policy,resolved_policy,shanghairanking-bcur,shanghairanking-bcur,shanghairanking-bcur,2026,中国语言类大学排名,语言,rankOverall,2026软科语言 1 · 主榜参考 79,79,https://www.shanghairanking.cn/rankings/bcur/202623,campus,historical_campus,,,,,no,,北京外国语大学,no,
district,湖南省,常德市,鼎城区,1,1,4143013809,湖南应用技术学院,本科,yes,,single_candidate,该行政单元在现行口径下只有 1 个候选，无需比较,policy,resolved_policy,shanghairanking-bcur-private,shanghairanking-bcur-private,shanghairanking-bcur-private,2026,中国民办高校排名（主榜）,综合,rankOverall,2026软科民办 100+,100+,https://www.shanghairanking.cn/rankings/bcur/202615,campus,profile_campus,,,,,no,,湖南应用技术学院,no,
district,湖南省,常德市,汉寿县,2,2,4143012303,湖南涉外经济学院,本科,yes,,level_order,本科层次优先于更低层次候选（项目层次政策）,policy,resolved_policy,shanghairanking-bcur-private,shanghairanking-bcur-private,shanghairanking-bcur-private,2026,中国民办财经类高校排名,财经,rankOverall,2026软科民办 11,41,https://www.shanghairanking.cn/rankings/bcur/202616,campus,historical_campus,,,,,no,,湖南涉外经济学院,no,no comparable second place: the deciding rule set aside the other 1 candidate(s) without leaving anybody on the winner's own scale
district,湖南省,常德市,津市市,0,0,,,,,,,,,no_candidate,,,,,,,,,,,,,,,,,no,,,no,
district,湖南省,常德市,澧县,0,0,,,,,,,,,no_candidate,,,,,,,,,,,,,,,,,no,,,no,
district,湖南省,常德市,临澧县,0,0,,,,,,,,,no_candidate,,,,,,,,,,,,,,,,,no,,,no,
district,湖南省,常德市,石门县,0,0,,,,,,,,,no_candidate,,,,,,,,,,,,,,,,,no,,,no,
district,湖南省,常德市,桃源县,0,0,,,,,,,,,no_candidate,,,,,,,,,,,,,,,,,no,,,no,
district,湖南省,常德市,武陵区,5,5,4143010549,湖南文理学院,本科,no,,public_before_private,同层次同标签下公办优先（按当前项目政策，非排名证据）；候选池先按层次收敛：本科层次优先于更低层次（项目层次政策）,policy,resolved_policy,shanghairanking-bcur,shanghairanking-bcur,shanghairanking-bcur,2026,中国大学排名（主榜）,,rankOverall,2026软科 455,455,https://www.shanghairanking.cn/rankings/bcur/2026,campus,profile_campus,,,,,no,,湖南文理学院,yes,no comparable second place: the deciding rule set aside the other 4 candidate(s) without leaving anybody on the winner's own scale
district,湖南省,郴州市,安仁县,0,0,,,,,,,,,no_candidate,,,,,,,,,,,,,,,,,no,,,no,
district,湖南省,郴州市,北湖区,3,3,4143010545,湘南学院,本科,no,,level_order,本科层次优先于更低层次候选（项目层次政策）,policy,resolved_policy,shanghairanking-bcur,shanghairanking-bcur,shanghairanking-bcur,2026,中国大学排名（主榜）,,rankOverall,2026软科 405,405,https://www.shanghairanking.cn/rankings/bcur/2026,campus,profile_campus,,,,,no,,湘南学院,no,no comparable second place: the deciding rule set aside the other 2 candidate(s) without leaving anybody on the winner's own scale
district,湖南省,郴州市,桂东县,0,0,,,,,,,,,no_candidate,,,,,,,,,,,,,,,,,no,,,no,
district,湖南省,郴州市,桂阳县,0,0,,,,,,,,,no_candidate,,,,,,,,,,,,,,,,,no,,,no,
district,湖南省,郴州市,嘉禾县,0,0,,,,,,,,,no_candidate,,,,,,,,,,,,,,,,,no,,,no,
district,湖南省,郴州市,临武县,0,0,,,,,,,,,no_candidate,,,,,,,,,,,,,,,,,no,,,no,
district,湖南省,郴州市,汝城县,0,0,,,,,,,,,no_candidate,,,,,,,,,,,,,,,,,no,,,no,
district,湖南省,郴州市,苏仙区,3,3,4143010545,湘南学院,本科,no,,level_order,本科层次优先于更低层次候选（项目层次政策）,policy,resolved_policy,shanghairanking-bcur,shanghairanking-bcur,shanghairanking-bcur,2026,中国大学排名（主榜）,,rankOverall,2026软科 405,405,https://www.shanghairanking.cn/rankings/bcur/2026,campus,profile_campus,,,,,no,,湘南学院,no,no comparable second place: the deciding rule set aside the other 2 candidate(s) without leaving anybody on the winner's own scale
district,湖南省,郴州市,宜章县,0,0,,,,,,,,,no_candidate,,,,,,,,,,,,,,,,,no,,,no,
district,湖南省,郴州市,永兴县,0,0,,,,,,,,,no_candidate,,,,,,,,,,,,,,,,,no,,,no,
district,湖南省,郴州市,资兴市,0,0,,,,,,,,,no_candidate,,,,,,,,,,,,,,,,,no,,,no,
district,湖南省,衡阳市,常宁市,0,0,,,,,,,,,no_candidate,,,,,,,,,,,,,,,,,no,,,no,
district,湖南省,衡阳市,衡东县,1,1,4143013942,湖南铁路科技职业技术学院,专科,no,,single_candidate,该行政单元在现行口径下只有 1 个候选，无需比较,policy,resolved_policy,shanghairanking-bcvcr-public-vocational,shanghairanking-bcvcr-public-vocational,shanghairanking-bcvcr-public-vocational,2026,中国高职专科院校排名（总榜）,理工,rankOverall,2026软科高职专科总榜 149,149,https://www.shanghairanking.cn/rankings/bcvcr/2026623,campus,historical_campus,,,,,no,,湖南铁路科技职业技术学院,no,
district,湖南省,衡阳市,衡南县,0,0,,,,,,,,,no_candidate,,,,,,,,,,,,,,,,,no,,,no,
district,湖南省,衡阳市,衡山县,0,0,,,,,,,,,no_candidate,,,,,,,,,,,,,,,,,no,,,no,
district,湖南省,衡阳市,衡阳县,1,1,4143013924,湖南交通工程学院,本科,yes,,single_candidate,该行政单元在现行口径下只有 1 个候选，无需比较,policy,resolved_policy,shanghairanking-bcur-private,shanghairanking-bcur-private,shanghairanking-bcur-private,2026,中国民办高校排名（主榜）,理工,rankOverall,2026软科民办 100+,100+,https://www.shanghairanking.cn/rankings/bcur/202615,campus,historical_campus,,,,,no,,湖南交通工程学院,no,
district,湖南省,衡阳市,耒阳市,2,2,4143014691,衡阳幼儿师范高等专科学校,专科,no,,public_before_private,同层次同标签下公办优先（按当前项目政策，非排名证据）,policy,resolved_policy,shanghairanking-bcvcr-public-vocational,shanghairanking-bcvcr-public-vocational,shanghairanking-bcvcr-public-vocational,2026,中国高职专科院校排名（总榜）,师范,rankOverall,2026软科高职师范 28+ · 高职专科总榜 500+,500+,https://www.shanghairanking.cn/rankings/bcvcr/2026623,campus,profile_campus,,,,,no,,衡阳幼儿师范高等专科学校,yes,no comparable second place: the deciding rule set aside the other 1 candidate(s) without leaving anybody on the winner's own scale
district,湖南省,衡阳市,南岳区,0,0,,,,,,,,,no_candidate,,,,,,,,,,,,,,,,,no,,,no,
district,湖南省,衡阳市,祁东县,0,0,,,,,,,,,no_candidate,,,,,,,,,,,,,,,,,no,,,no,
district,湖南省,衡阳市,石鼓区,2,2,4143012739,湖南环境生物职业技术学院,专科,no,,public_before_private,同层次同标签下公办优先（按当前项目政策，非排名证据）,policy,resolved_policy,shanghairanking-bcvcr-public-vocational,shanghairanking-bcvcr-public-vocational,shanghairanking-bcvcr-public-vocational,2026,中国高职专科院校排名（总榜）,农林,rankOverall,2026软科高职专科总榜 168,168,https://www.shanghairanking.cn/rankings/bcvcr/2026623,campus,profile_campus,,,,,no,,湖南环境生物职业技术学院,yes,no comparable second place: the deciding rule set aside the other 1 candidate(s) without leaving anybody on the winner's own scale
district,湖南省,衡阳市,雁峰区,3,3,4143010546,衡阳师范学院,本科,no,,public_before_private,同层次同标签下公办优先（按当前项目政策，非排名证据）；候选池先按层次收敛：本科层次优先于更低层次（项目层次政策）,policy,resolved_policy,shanghairanking-bcur,shanghairanking-bcur,shanghairanking-bcur,2026,中国大学排名（主榜）,,rankOverall,2026软科 406,406,https://www.shanghairanking.cn/rankings/bcur/2026,campus,profile_campus,,,,,no,,衡阳师范学院,yes,no comparable second place: the deciding rule set aside the other 2 candidate(s) without leaving anybody on the winner's own scale
district,湖南省,衡阳市,蒸湘区,6,6,4143010555,南华大学,本科,no,,public_before_private,同层次同标签下公办优先（按当前项目政策，非排名证据）；候选池先按层次收敛：本科层次优先于更低层次（项目层次政策）,policy,resolved_policy,shanghairanking-bcur,shanghairanking-bcur,shanghairanking-bcur,2026,中国大学排名（主榜）,,rankOverall,2026软科 198,198,https://www.shanghairanking.cn/rankings/bcur/2026,campus,profile_campus,,,,,no,,南华大学,yes,no comparable second place: the deciding rule set aside the other 5 candidate(s) without leaving anybody on the winner's own scale
district,湖南省,衡阳市,珠晖区,5,5,4143010546,衡阳师范学院,本科,no,,comparable_ranking,衡阳师范学院 在同榜可比名次上优于 湖南工学院（软科 bcur）；候选池先按层次收敛：本科层次优先于更低层次（项目层次政策）,strong,resolved_strong,shanghairanking-bcur,shanghairanking-bcur,shanghairanking-bcur,2026,中国大学排名（主榜）,,rankOverall,2026软科 406,406,https://www.shanghairanking.cn/rankings/bcur/2026,campus,profile_campus,4143011528,湖南工学院,本科,shanghairanking-bcur,yes,,衡阳师范学院|湖南工学院,yes,1 leading candidate(s) carry no official list ranking
district,湖南省,怀化市,辰溪县,0,0,,,,,,,,,no_candidate,,,,,,,,,,,,,,,,,no,,,no,
district,湖南省,怀化市,鹤城区,3,3,4143010548,怀化学院,本科,no,,comparable_ranking,怀化学院 在同榜可比名次上优于 湖南医药学院（软科 bcur）；候选池先按层次收敛：本科层次优先于更低层次（项目层次政策）,strong,resolved_strong,shanghairanking-bcur,shanghairanking-bcur,shanghairanking-bcur,2026,中国大学排名（主榜）,,rankOverall,2026软科 436,436,https://www.shanghairanking.cn/rankings/bcur/2026,campus,profile_campus,4143012214,湖南医药学院,本科,shanghairanking-bcur,yes,,怀化学院|湖南医药学院,no,
district,湖南省,怀化市,洪江市,0,0,,,,,,,,,no_candidate,,,,,,,,,,,,,,,,,no,,,no,
district,湖南省,怀化市,会同县,0,0,,,,,,,,,no_candidate,,,,,,,,,,,,,,,,,no,,,no,
district,湖南省,怀化市,靖州苗族侗族自治县,0,0,,,,,,,,,no_candidate,,,,,,,,,,,,,,,,,no,,,no,
district,湖南省,怀化市,麻阳苗族自治县,0,0,,,,,,,,,no_candidate,,,,,,,,,,,,,,,,,no,,,no,
district,湖南省,怀化市,通道侗族自治县,0,0,,,,,,,,,no_candidate,,,,,,,,,,,,,,,,,no,,,no,
district,湖南省,怀化市,新晃侗族自治县,0,0,,,,,,,,,no_candidate,,,,,,,,,,,,,,,,,no,,,no,
district,湖南省,怀化市,溆浦县,0,0,,,,,,,,,no_candidate,,,,,,,,,,,,,,,,,no,,,no,
district,湖南省,怀化市,沅陵县,0,0,,,,,,,,,no_candidate,,,,,,,,,,,,,,,,,no,,,no,
district,湖南省,怀化市,芷江侗族自治县,0,0,,,,,,,,,no_candidate,,,,,,,,,,,,,,,,,no,,,no,
district,湖南省,怀化市,中方县,2,2,4143014663,怀化师范高等专科学校,专科,no,,deterministic_fallback_policy,怀化师范高等专科学校 由项目稳定兜底规则选出：在层次、重点标签、公办/民办与可比榜单仍无法唯一分开时，按榜单体系优先级、区间下界与稳定名称顺序决定展示 winner；该结论不是发布方跨榜排名,policy,resolved_policy,shanghairanking-bcvcr-public-vocational,shanghairanking-bcvcr-public-vocational,shanghairanking-bcvcr-public-vocational,2026,中国高职专科院校排名（总榜）,师范,rankOverall,2026软科高职师范 28+ · 高职专科总榜 500+,500+,https://www.shanghairanking.cn/rankings/bcvcr/2026623,campus,profile_campus,,,,,no,,怀化师范高等专科学校,yes,1 leading candidate(s) carry no official list ranking; no comparable second place: the deciding rule set aside the other 1 candidate(s) without leaving anybody on the winner's own scale
district,湖南省,娄底市,冷水江市,1,1,4143014775,娄底幼儿师范高等专科学校,专科,no,,single_candidate,该行政单元在现行口径下只有 1 个候选，无需比较,policy,resolved_policy,,,,,,,,,,,campus,profile_campus,,,,,no,,娄底幼儿师范高等专科学校,no,
district,湖南省,娄底市,涟源市,0,0,,,,,,,,,no_candidate,,,,,,,,,,,,,,,,,no,,,no,
district,湖南省,娄底市,娄星区,3,3,4143010553,湖南人文科技学院,本科,no,,level_order,本科层次优先于更低层次候选（项目层次政策）,policy,resolved_policy,shanghairanking-bcur,shanghairanking-bcur,shanghairanking-bcur,2026,中国大学排名（主榜）,,rankOverall,2026软科 490,490,https://www.shanghairanking.cn/rankings/bcur/2026,campus,profile_campus,,,,,no,,湖南人文科技学院,no,no comparable second place: the deciding rule set aside the other 2 candidate(s) without leaving anybody on the winner's own scale
district,湖南省,娄底市,双峰县,0,0,,,,,,,,,no_candidate,,,,,,,,,,,,,,,,,no,,,no,
district,湖南省,娄底市,新化县,0,0,,,,,,,,,no_candidate,,,,,,,,,,,,,,,,,no,,,no,
district,湖南省,邵阳市,北塔区,1,1,4143010547,邵阳学院,本科,no,,single_candidate,该行政单元在现行口径下只有 1 个候选，无需比较,policy,resolved_policy,shanghairanking-bcur,shanghairanking-bcur,shanghairanking-bcur,2026,中国大学排名（主榜）,,rankOverall,2026软科 438,438,https://www.shanghairanking.cn/rankings/bcur/2026,campus,profile_campus,,,,,no,,邵阳学院,no,
district,湖南省,邵阳市,城步苗族自治县,0,0,,,,,,,,,no_candidate,,,,,,,,,,,,,,,,,no,,,no,
district,湖南省,邵阳市,大祥区,4,4,4143010547,邵阳学院,本科,no,,level_order,本科层次优先于更低层次候选（项目层次政策）,policy,resolved_policy,shanghairanking-bcur,shanghairanking-bcur,shanghairanking-bcur,2026,中国大学排名（主榜）,,rankOverall,2026软科 438,438,https://www.shanghairanking.cn/rankings/bcur/2026,campus,profile_campus,,,,,no,,邵阳学院,no,no comparable second place: the deciding rule set aside the other 3 candidate(s) without leaving anybody on the winner's own scale
district,湖南省,邵阳市,洞口县,0,0,,,,,,,,,no_candidate,,,,,,,,,,,,,,,,,no,,,no,
district,湖南省,邵阳市,隆回县,0,0,,,,,,,,,no_candidate,,,,,,,,,,,,,,,,,no,,,no,
district,湖南省,邵阳市,邵东市,0,0,,,,,,,,,no_candidate,,,,,,,,,,,,,,,,,no,,,no,
district,湖南省,邵阳市,邵阳县,0,0,,,,,,,,,no_candidate,,,,,,,,,,,,,,,,,no,,,no,
district,湖南省,邵阳市,双清区,1,1,4143010547,邵阳学院,本科,no,,single_candidate,该行政单元在现行口径下只有 1 个候选，无需比较,policy,resolved_policy,shanghairanking-bcur,shanghairanking-bcur,shanghairanking-bcur,2026,中国大学排名（主榜）,,rankOverall,2026软科 438,438,https://www.shanghairanking.cn/rankings/bcur/2026,campus,profile_campus,,,,,no,,邵阳学院,no,
district,湖南省,邵阳市,绥宁县,0,0,,,,,,,,,no_candidate,,,,,,,,,,,,,,,,,no,,,no,
district,湖南省,邵阳市,武冈市,0,0,,,,,,,,,no_candidate,,,,,,,,,,,,,,,,,no,,,no,
district,湖南省,邵阳市,新宁县,0,0,,,,,,,,,no_candidate,,,,,,,,,,,,,,,,,no,,,no,
district,湖南省,邵阳市,新邵县,1,1,4143014934,邵阳通航职业技术学院,专科,yes,,single_candidate,该行政单元在现行口径下只有 1 个候选，无需比较,policy,resolved_policy,,,,,,,,,,,campus,profile_campus,,,,,no,,邵阳通航职业技术学院,no,
district,湖南省,湘潭市,韶山市,0,0,,,,,,,,,no_candidate,,,,,,,,,,,,,,,,,no,,,no,
district,湖南省,湘潭市,湘潭县,1,1,4143014182,湖南国防工业职业技术学院,专科,no,,single_candidate,该行政单元在现行口径下只有 1 个候选，无需比较,policy,resolved_policy,shanghairanking-bcvcr-public-vocational,shanghairanking-bcvcr-public-vocational,shanghairanking-bcvcr-public-vocational,2026,中国高职专科院校排名（总榜）,理工,rankOverall,2026软科高职理工 230+ · 高职专科总榜 500+,500+,https://www.shanghairanking.cn/rankings/bcvcr/2026623,campus,historical_campus,,,,,no,,湖南国防工业职业技术学院,no,
district,湖南省,湘潭市,湘乡市,0,0,,,,,,,,,no_candidate,,,,,,,,,,,,,,,,,no,,,no,
district,湖南省,湘潭市,雨湖区,10,10,4143010530,湘潭大学,本科,no,双一流,prestige_tag,双一流 标签优先于无重点标签（国家官方重点建设名单）,strong,resolved_strong,shanghairanking-bcur,shanghairanking-bcur,shanghairanking-bcur,2026,中国大学排名（主榜）,,rankOverall,2026软科 117,117,https://www.shanghairanking.cn/rankings/bcur/2026,campus,profile_campus,4143010534,湖南科技大学,本科,shanghairanking-bcur,yes,,湘潭大学|湖南科技大学,no,
district,湖南省,湘潭市,岳塘区,6,6,4143011342,湖南工程学院,本科,no,,public_before_private,同层次同标签下公办优先（按当前项目政策，非排名证据）；候选池先按层次收敛：本科层次优先于更低层次（项目层次政策）,policy,resolved_policy,shanghairanking-bcur,shanghairanking-bcur,shanghairanking-bcur,2026,中国大学排名（主榜）,,rankOverall,2026软科 406,406,https://www.shanghairanking.cn/rankings/bcur/2026,campus,profile_campus,,,,,no,,湖南工程学院,yes,no comparable second place: the deciding rule set aside the other 5 candidate(s) without leaving anybody on the winner's own scale
district,湖南省,湘西土家族苗族自治州,保靖县,0,0,,,,,,,,,no_candidate,,,,,,,,,,,,,,,,,no,,,no,
district,湖南省,湘西土家族苗族自治州,凤凰县,0,0,,,,,,,,,no_candidate,,,,,,,,,,,,,,,,,no,,,no,
district,湖南省,湘西土家族苗族自治州,古丈县,0,0,,,,,,,,,no_candidate,,,,,,,,,,,,,,,,,no,,,no,
district,湖南省,湘西土家族苗族自治州,花垣县,0,0,,,,,,,,,no_candidate,,,,,,,,,,,,,,,,,no,,,no,
district,湖南省,湘西土家族苗族自治州,吉首市,2,2,4143010531,吉首大学,本科,no,,level_order,本科层次优先于更低层次候选（项目层次政策）,policy,resolved_policy,shanghairanking-bcur,shanghairanking-bcur,shanghairanking-bcur,2026,中国大学排名（主榜）,,rankOverall,2026软科 323,323,https://www.shanghairanking.cn/rankings/bcur/2026,campus,profile_campus,,,,,no,,吉首大学,no,no comparable second place: the deciding rule set aside the other 1 candidate(s) without leaving anybody on the winner's own scale
district,湖南省,湘西土家族苗族自治州,龙山县,0,0,,,,,,,,,no_candidate,,,,,,,,,,,,,,,,,no,,,no,
district,湖南省,湘西土家族苗族自治州,泸溪县,0,0,,,,,,,,,no_candidate,,,,,,,,,,,,,,,,,no,,,no,
district,湖南省,湘西土家族苗族自治州,永顺县,0,0,,,,,,,,,no_candidate,,,,,,,,,,,,,,,,,no,,,no,
district,湖南省,益阳市,安化县,0,0,,,,,,,,,no_candidate,,,,,,,,,,,,,,,,,no,,,no,
district,湖南省,益阳市,赫山区,5,5,4143011527,湖南城市学院,本科,no,,cross_group_scale_policy,湖南城市学院 取自主榜序列；其余候选分属不同榜单体系，名次不可直接比较，按当前项目政策以主榜序列为先；候选池先按层次收敛：本科层次优先于更低层次（项目层次政策）,policy,resolved_policy,shanghairanking-bcur,shanghairanking-bcur,shanghairanking-bcur,2026,中国大学排名（主榜）,,rankOverall,2026软科 463,463,https://www.shanghairanking.cn/rankings/bcur/2026,campus,profile_campus,,,,,no,,湖南城市学院,no,no comparable second place: the deciding rule set aside the other 4 candidate(s) without leaving anybody on the winner's own scale
district,湖南省,益阳市,南县,0,0,,,,,,,,,no_candidate,,,,,,,,,,,,,,,,,no,,,no,
district,湖南省,益阳市,桃江县,0,0,,,,,,,,,no_candidate,,,,,,,,,,,,,,,,,no,,,no,
district,湖南省,益阳市,沅江市,0,0,,,,,,,,,no_candidate,,,,,,,,,,,,,,,,,no,,,no,
district,湖南省,益阳市,资阳区,1,1,4143013808,益阳职业技术学院,专科,no,,single_candidate,该行政单元在现行口径下只有 1 个候选，无需比较,policy,resolved_policy,shanghairanking-bcvcr-public-vocational,shanghairanking-bcvcr-public-vocational,shanghairanking-bcvcr-public-vocational,2026,中国高职专科院校排名（总榜）,综合,rankOverall,2026软科高职综合 112+ · 高职专科总榜 500+,500+,https://www.shanghairanking.cn/rankings/bcvcr/2026623,campus,verified_campus,,,,,no,,益阳职业技术学院,no,
district,湖南省,永州市,道县,0,0,,,,,,,,,no_candidate,,,,,,,,,,,,,,,,,no,,,no,
district,湖南省,永州市,东安县,0,0,,,,,,,,,no_candidate,,,,,,,,,,,,,,,,,no,,,no,
district,湖南省,永州市,江华瑶族自治县,0,0,,,,,,,,,no_candidate,,,,,,,,,,,,,,,,,no,,,no,
district,湖南省,永州市,江永县,0,0,,,,,,,,,no_candidate,,,,,,,,,,,,,,,,,no,,,no,
district,湖南省,永州市,蓝山县,0,0,,,,,,,,,no_candidate,,,,,,,,,,,,,,,,,no,,,no,
district,湖南省,永州市,冷水滩区,2,2,4143012301,永州职业技术学院,专科,no,,comparable_ranking,永州职业技术学院 在同榜可比名次上优于 湖南九嶷职业技术学院（软科 bcvcr-public-vocational）,strong,resolved_strong,shanghairanking-bcvcr-public-vocational,shanghairanking-bcvcr-public-vocational,shanghairanking-bcvcr-public-vocational,2026,中国高职专科院校排名（总榜）,综合,rankOverall,2026软科高职专科总榜 255,255,https://www.shanghairanking.cn/rankings/bcvcr/2026623,campus,profile_campus,4143013922,湖南九嶷职业技术学院,专科,shanghairanking-bcvcr-public-vocational,yes,,永州职业技术学院|湖南九嶷职业技术学院,no,
district,湖南省,永州市,零陵区,3,3,4143010551,湖南科技学院,本科,no,,level_order,本科层次优先于更低层次候选（项目层次政策）,policy,resolved_policy,shanghairanking-bcur,shanghairanking-bcur,shanghairanking-bcur,2026,中国大学排名（主榜）,,rankOverall,2026软科 462,462,https://www.shanghairanking.cn/rankings/bcur/2026,campus,profile_campus,,,,,no,,湖南科技学院,no,no comparable second place: the deciding rule set aside the other 2 candidate(s) without leaving anybody on the winner's own scale
district,湖南省,永州市,宁远县,0,0,,,,,,,,,no_candidate,,,,,,,,,,,,,,,,,no,,,no,
district,湖南省,永州市,祁阳市,0,0,,,,,,,,,no_candidate,,,,,,,,,,,,,,,,,no,,,no,
district,湖南省,永州市,双牌县,0,0,,,,,,,,,no_candidate,,,,,,,,,,,,,,,,,no,,,no,
district,湖南省,永州市,新田县,0,0,,,,,,,,,no_candidate,,,,,,,,,,,,,,,,,no,,,no,
district,湖南省,岳阳市,华容县,0,0,,,,,,,,,no_candidate,,,,,,,,,,,,,,,,,no,,,no,
district,湖南省,岳阳市,君山区,0,0,,,,,,,,,no_candidate,,,,,,,,,,,,,,,,,no,,,no,
district,湖南省,岳阳市,临湘市,0,0,,,,,,,,,no_candidate,,,,,,,,,,,,,,,,,no,,,no,
district,湖南省,岳阳市,汨罗市,1,1,4143014818,岳阳现代服务职业学院,专科,yes,,single_candidate,该行政单元在现行口径下只有 1 个候选，无需比较,policy,resolved_policy,,,,,,,,,,,campus,profile_campus,,,,,no,,岳阳现代服务职业学院,no,
district,湖南省,岳阳市,平江县,1,1,4143013038,岳阳职业技术学院,专科,no,,single_candidate,该行政单元在现行口径下只有 1 个候选，无需比较,policy,resolved_policy,shanghairanking-bcvcr-public-vocational,shanghairanking-bcvcr-public-vocational,shanghairanking-bcvcr-public-vocational,2026,中国高职专科院校排名（总榜）,综合,rankOverall,2026软科高职专科总榜 209,209,https://www.shanghairanking.cn/rankings/bcvcr/2026623,campus,profile_campus,,,,,no,,岳阳职业技术学院,no,
district,湖南省,岳阳市,湘阴县,1,1,4143012661,湖南中医药大学湘杏学院,本科,yes,,single_candidate,该行政单元在现行口径下只有 1 个候选，无需比较,policy,resolved_policy,,,,,,,,,,,campus,profile_campus,,,,,no,,湖南中医药大学湘杏学院,no,
district,湖南省,岳阳市,岳阳楼区,4,4,4143010543,湖南理工大学,本科,no,,public_before_private,同层次同标签下公办优先（按当前项目政策，非排名证据）；候选池先按层次收敛：本科层次优先于更低层次（项目层次政策）,policy,resolved_policy,shanghairanking-bcur,shanghairanking-bcur,shanghairanking-bcur,2026,中国大学排名（主榜）,,rankOverall,2026软科 310,310,https://www.shanghairanking.cn/rankings/bcur/2026,campus,profile_campus,,,,,no,,湖南理工大学,yes,no comparable second place: the deciding rule set aside the other 3 candidate(s) without leaving anybody on the winner's own scale
district,湖南省,岳阳市,岳阳县,2,2,4143013045,湖南石油化工职业技术学院,专科,no,,public_before_private,同层次同标签下公办优先（按当前项目政策，非排名证据）,policy,resolved_policy,shanghairanking-bcvcr-public-vocational,shanghairanking-bcvcr-public-vocational,shanghairanking-bcvcr-public-vocational,2026,中国高职专科院校排名（总榜）,理工,rankOverall,2026软科高职理工 230+ · 高职专科总榜 500+,500+,https://www.shanghairanking.cn/rankings/bcvcr/2026623,campus,profile_campus,,,,,no,,湖南石油化工职业技术学院,yes,no comparable second place: the deciding rule set aside the other 1 candidate(s) without leaving anybody on the winner's own scale
district,湖南省,岳阳市,云溪区,2,2,4143013038,岳阳职业技术学院,专科,no,,comparable_ranking,岳阳职业技术学院 在同榜可比名次上优于 湖南石油化工职业技术学院（软科 bcvcr-public-vocational）,strong,resolved_strong,shanghairanking-bcvcr-public-vocational,shanghairanking-bcvcr-public-vocational,shanghairanking-bcvcr-public-vocational,2026,中国高职专科院校排名（总榜）,综合,rankOverall,2026软科高职专科总榜 209,209,https://www.shanghairanking.cn/rankings/bcvcr/2026623,campus,profile_campus,4143013045,湖南石油化工职业技术学院,专科,shanghairanking-bcvcr-public-vocational,yes,,岳阳职业技术学院|湖南石油化工职业技术学院,no,
district,湖南省,张家界市,慈利县,0,0,,,,,,,,,no_candidate,,,,,,,,,,,,,,,,,no,,,no,
district,湖南省,张家界市,桑植县,0,0,,,,,,,,,no_candidate,,,,,,,,,,,,,,,,,no,,,no,
district,湖南省,张家界市,武陵源区,0,0,,,,,,,,,no_candidate,,,,,,,,,,,,,,,,,no,,,no,
district,湖南省,张家界市,永定区,3,3,4143010531,吉首大学,本科,no,,public_before_private,同层次同标签下公办优先（按当前项目政策，非排名证据）；候选池先按层次收敛：本科层次优先于更低层次（项目层次政策）,policy,resolved_policy,shanghairanking-bcur,shanghairanking-bcur,shanghairanking-bcur,2026,中国大学排名（主榜）,,rankOverall,2026软科 323,323,https://www.shanghairanking.cn/rankings/bcur/2026,campus,profile_campus,,,,,no,,吉首大学,yes,no comparable second place: the deciding rule set aside the other 2 candidate(s) without leaving anybody on the winner's own scale
district,湖南省,长沙市,芙蓉区,7,7,4143010542,湖南师范大学,本科,no,211|双一流,prestige_tag,211 标签优先于无重点标签（国家官方重点建设名单）,strong,resolved_strong,shanghairanking-bcur,shanghairanking-bcur,shanghairanking-bcur,2026,中国大学排名（主榜）,,rankOverall,2026软科 92,92,https://www.shanghairanking.cn/rankings/bcur/2026,campus,profile_campus,4143010537,湖南农业大学,本科,shanghairanking-bcur,yes,,湖南师范大学|湖南农业大学,no,
district,湖南省,长沙市,开福区,3,3,4143010533,中南大学,本科,no,985|211|双一流,prestige_tag,985 标签优先于无重点标签（国家官方重点建设名单）,strong,resolved_strong,shanghairanking-bcur,shanghairanking-bcur,shanghairanking-bcur,2026,中国大学排名（主榜）,,rankOverall,2026软科 27,27,https://www.shanghairanking.cn/rankings/bcur/2026,campus,profile_campus,4143011077,长沙学院,本科,shanghairanking-bcur,yes,,中南大学|长沙学院,no,
district,湖南省,长沙市,浏阳市,4,4,4143014983,长沙健康学院,本科,yes,,level_order,本科层次优先于更低层次候选（项目层次政策）,policy,resolved_policy,,,,,,,,,,,campus,corroborated_campus,,,,,no,,长沙健康学院,no,no comparable second place: the deciding rule set aside the other 3 candidate(s) without leaving anybody on the winner's own scale
district,湖南省,长沙市,宁乡市,2,2,4143014358,长沙卫生职业学院,专科,no,,public_before_private,同层次同标签下公办优先（按当前项目政策，非排名证据）,policy,resolved_policy,shanghairanking-bcvcr-public-vocational,shanghairanking-bcvcr-public-vocational,shanghairanking-bcvcr-public-vocational,2026,中国高职专科院校排名（总榜）,医药,rankOverall,2026软科高职专科总榜 332,332,https://www.shanghairanking.cn/rankings/bcvcr/2026623,campus,profile_campus,,,,,no,,长沙卫生职业学院,yes,no comparable second place: the deciding rule set aside the other 1 candidate(s) without leaving anybody on the winner's own scale
district,湖南省,长沙市,天心区,9,9,4143010533,中南大学,本科,no,985|211|双一流,prestige_tag,985 标签优先于无重点标签（国家官方重点建设名单）,strong,resolved_strong,shanghairanking-bcur,shanghairanking-bcur,shanghairanking-bcur,2026,中国大学排名（主榜）,,rankOverall,2026软科 27,27,https://www.shanghairanking.cn/rankings/bcur/2026,campus,profile_campus,4143010536,长沙理工大学,本科,shanghairanking-bcur,yes,,中南大学|长沙理工大学,no,
district,湖南省,长沙市,望城区,13,13,4143010554,湖南工商大学,本科,no,,public_before_private,同层次同标签下公办优先（按当前项目政策，非排名证据）；公办候选之间再按同榜名次比较；候选池先按层次收敛：本科层次优先于更低层次（项目层次政策）,policy,resolved_policy,shanghairanking-bcur,shanghairanking-bcur,shanghairanking-bcur,2026,中国财经类大学排名,财经,rankOverall,2026软科财经 26 · 主榜参考 267,267,https://www.shanghairanking.cn/rankings/bcur/202622,campus,profile_campus,4143011532,湖南财政经济学院,本科,shanghairanking-bcur,yes,,湖南工商大学|湖南财政经济学院,yes,
district,湖南省,长沙市,雨花区,12,12,4143010541,湖南中医药大学,本科,no,,comparable_ranking,湖南中医药大学 在同榜可比名次上优于 湖南女子学院（软科 bcur）；候选池先按层次收敛：本科层次优先于更低层次（项目层次政策）,strong,resolved_strong,shanghairanking-bcur,shanghairanking-bcur,shanghairanking-bcur,2026,中国中医药大学排名,中医药,rankOverall,2026软科中医药 9 · 主榜参考 169,169,https://www.shanghairanking.cn/rankings/bcur/2026745,campus,profile_campus,4143011538,湖南女子学院,本科,shanghairanking-bcur,yes,,湖南中医药大学|湖南女子学院,yes,1 leading candidate(s) carry no official list ranking
district,湖南省,长沙市,岳麓区,12,12,4143010533,中南大学,本科,no,985|211|双一流,comparable_ranking,中南大学 在同榜可比名次上优于 湖南大学（软科 bcur）；候选池先按国家标签收敛：985,strong,resolved_strong,shanghairanking-bcur,shanghairanking-bcur,shanghairanking-bcur,2026,中国大学排名（主榜）,,rankOverall,2026软科 27,27,https://www.shanghairanking.cn/rankings/bcur/2026,campus,profile_campus,4143010532,湖南大学,本科,shanghairanking-bcur,yes,,中南大学|湖南大学,no,
district,湖南省,长沙市,长沙县,18,18,4143011534,湖南警察学院,本科,no,,public_before_private,同层次同标签下公办优先（按当前项目政策，非排名证据）；候选池先按层次收敛：本科层次优先于更低层次（项目层次政策）,policy,resolved_policy,shanghairanking-bcur,shanghairanking-bcur,shanghairanking-bcur,2026,中国政法类大学排名,政法,rankOverall,2026软科政法 28 · 主榜参考 440,440,https://www.shanghairanking.cn/rankings/bcur/202625,campus,verified_campus,4143013806,长沙师范学院,本科,shanghairanking-bcur,yes,,湖南警察学院|长沙师范学院,yes,
district,湖南省,株洲市,茶陵县,0,0,,,,,,,,,no_candidate,,,,,,,,,,,,,,,,,no,,,no,
district,湖南省,株洲市,荷塘区,4,4,4143011535,湖南工业大学,本科,no,,public_before_private,同层次同标签下公办优先（按当前项目政策，非排名证据）；候选池先按层次收敛：本科层次优先于更低层次（项目层次政策）,policy,resolved_policy,shanghairanking-bcur,shanghairanking-bcur,shanghairanking-bcur,2026,中国大学排名（主榜）,,rankOverall,2026软科 293,293,https://www.shanghairanking.cn/rankings/bcur/2026,campus,profile_campus,,,,,no,,湖南工业大学,yes,no comparable second place: the deciding rule set aside the other 3 candidate(s) without leaving anybody on the winner's own scale
district,湖南省,株洲市,醴陵市,1,1,4143013043,湖南化工职业技术大学,本科,no,,single_candidate,该行政单元在现行口径下只有 1 个候选，无需比较,policy,resolved_policy,shanghairanking-bcvcr-public-vocational-undergraduate,shanghairanking-bcvcr-public-vocational-undergraduate,shanghairanking-bcvcr-public-vocational-undergraduate,2026,中国职业本科大学排名,,ranking,2026软科职业本科大学 75,75,https://www.shanghairanking.cn/rankings/bcvcr/2026749,campus,profile_campus,,,,,no,,湖南化工职业技术大学,no,
district,湖南省,株洲市,芦淞区,2,2,4143013942,湖南铁路科技职业技术学院,专科,no,,comparable_ranking,湖南铁路科技职业技术学院 在同榜可比名次上优于 湖南中医药高等专科学校（软科 bcvcr-public-vocational）,strong,resolved_strong,shanghairanking-bcvcr-public-vocational,shanghairanking-bcvcr-public-vocational,shanghairanking-bcvcr-public-vocational,2026,中国高职专科院校排名（总榜）,理工,rankOverall,2026软科高职专科总榜 149,149,https://www.shanghairanking.cn/rankings/bcvcr/2026623,campus,historical_campus,4143013802,湖南中医药高等专科学校,专科,shanghairanking-bcvcr-public-vocational,yes,,湖南铁路科技职业技术学院|湖南中医药高等专科学校,no,
district,湖南省,株洲市,渌口区,1,1,4143014903,株洲科技职业学院,专科,yes,,single_candidate,该行政单元在现行口径下只有 1 个候选，无需比较,policy,resolved_policy,,,,,,,,,,,campus,profile_campus,,,,,no,,株洲科技职业学院,no,
district,湖南省,株洲市,石峰区,7,7,4143013937,湖南汽车工程职业大学,本科,no,,comparable_ranking,湖南汽车工程职业大学 在同榜可比名次上优于 湖南化工职业技术大学（软科 bcvcr-public-vocational-undergraduate）；候选池先按层次收敛：本科层次优先于更低层次（项目层次政策）,strong,resolved_strong,shanghairanking-bcvcr-public-vocational-undergraduate,shanghairanking-bcvcr-public-vocational-undergraduate,shanghairanking-bcvcr-public-vocational-undergraduate,2026,中国职业本科大学排名,,ranking,2026软科职业本科大学 42,42,https://www.shanghairanking.cn/rankings/bcvcr/2026749,campus,profile_campus,4143013043,湖南化工职业技术大学,本科,shanghairanking-bcvcr-public-vocational-undergraduate,yes,,湖南汽车工程职业大学|湖南化工职业技术大学,no,
district,湖南省,株洲市,天元区,1,1,4143011535,湖南工业大学,本科,no,,single_candidate,该行政单元在现行口径下只有 1 个候选，无需比较,policy,resolved_policy,shanghairanking-bcur,shanghairanking-bcur,shanghairanking-bcur,2026,中国大学排名（主榜）,,rankOverall,2026软科 293,293,https://www.shanghairanking.cn/rankings/bcur/2026,campus,profile_campus,,,,,no,,湖南工业大学,no,
district,湖南省,株洲市,炎陵县,0,0,,,,,,,,,no_candidate,,,,,,,,,,,,,,,,,no,,,no,
district,湖南省,株洲市,攸县,1,1,4143010534,湖南科技大学,本科,no,,single_candidate,该行政单元在现行口径下只有 1 个候选，无需比较,policy,resolved_policy,shanghairanking-bcur,shanghairanking-bcur,shanghairanking-bcur,2026,中国大学排名（主榜）,,rankOverall,2026软科 189,189,https://www.shanghairanking.cn/rankings/bcur/2026,campus,historical_campus,,,,,no,,湖南科技大学,no,
district,吉林省,白城市,大安市,0,0,,,,,,,,,no_candidate,,,,,,,,,,,,,,,,,no,,,no,
district,吉林省,白城市,洮北区,3,3,4122010206,白城师范学院,本科,no,,level_order,本科层次优先于更低层次候选（项目层次政策）,policy,resolved_policy,shanghairanking-bcur,shanghairanking-bcur,shanghairanking-bcur,2026,中国大学排名（主榜）,,rankOverall,2026软科 500+,500+,https://www.shanghairanking.cn/rankings/bcur/2026,campus,profile_campus,,,,,no,,白城师范学院,no,no comparable second place: the deciding rule set aside the other 2 candidate(s) without leaving anybody on the winner's own scale
district,吉林省,白城市,洮南市,0,0,,,,,,,,,no_candidate,,,,,,,,,,,,,,,,,no,,,no,
district,吉林省,白城市,通榆县,0,0,,,,,,,,,no_candidate,,,,,,,,,,,,,,,,,no,,,no,
district,吉林省,白城市,镇赉县,0,0,,,,,,,,,no_candidate,,,,,,,,,,,,,,,,,no,,,no,
district,吉林省,白山市,抚松县,0,0,,,,,,,,,no_candidate,,,,,,,,,,,,,,,,,no,,,no,
district,吉林省,白山市,浑江区,2,2,4122010202,通化师范学院,本科,no,,level_order,本科层次优先于更低层次候选（项目层次政策）,policy,resolved_policy,shanghairanking-bcur,shanghairanking-bcur,shanghairanking-bcur,2026,中国大学排名（主榜）,,rankOverall,2026软科 459,459,https://www.shanghairanking.cn/rankings/bcur/2026,campus,profile_campus,,,,,no,,通化师范学院,no,no comparable second place: the deciding rule set aside the other 1 candidate(s) without leaving anybody on the winner's own scale
district,吉林省,白山市,江源区,0,0,,,,,,,,,no_candidate,,,,,,,,,,,,,,,,,no,,,no,
district,吉林省,白山市,靖宇县,0,0,,,,,,,,,no_candidate,,,,,,,,,,,,,,,,,no,,,no,
district,吉林省,白山市,临江市,0,0,,,,,,,,,no_candidate,,,,,,,,,,,,,,,,,no,,,no,
district,吉林省,白山市,长白朝鲜族自治县,0,0,,,,,,,,,no_candidate,,,,,,,,,,,,,,,,,no,,,no,
district,吉林省,吉林市,昌邑区,2,2,4122010192,吉林化工大学,本科,no,,comparable_ranking,吉林化工大学 在同榜可比名次上优于 吉林农业科技学院（软科 bcur）,strong,resolved_strong,shanghairanking-bcur,shanghairanking-bcur,shanghairanking-bcur,2026,中国大学排名（主榜）,,rankOverall,2026软科 412,412,https://www.shanghairanking.cn/rankings/bcur/2026,campus,profile_campus,4122011439,吉林农业科技学院,本科,shanghairanking-bcur,yes,,吉林化工大学|吉林农业科技学院,no,
district,吉林省,吉林市,船营区,2,2,4122010188,东北电力大学,本科,no,,level_order,本科层次优先于更低层次候选（项目层次政策）,policy,resolved_policy,shanghairanking-bcur,shanghairanking-bcur,shanghairanking-bcur,2026,中国大学排名（主榜）,,rankOverall,2026软科 208,208,https://www.shanghairanking.cn/rankings/bcur/2026,campus,profile_campus,,,,,no,,东北电力大学,no,no comparable second place: the deciding rule set aside the other 1 candidate(s) without leaving anybody on the winner's own scale
district,吉林省,吉林市,丰满区,4,4,4122010201,北华大学,本科,no,,comparable_ranking,北华大学 在同榜可比名次上优于 吉林化工大学（软科 bcur）；候选池先按层次收敛：本科层次优先于更低层次（项目层次政策）,strong,resolved_strong,shanghairanking-bcur,shanghairanking-bcur,shanghairanking-bcur,2026,中国大学排名（主榜）,,rankOverall,2026软科 308,308,https://www.shanghairanking.cn/rankings/bcur/2026,campus,profile_campus,4122010192,吉林化工大学,本科,shanghairanking-bcur,yes,,北华大学|吉林化工大学,no,
district,吉林省,吉林市,桦甸市,0,0,,,,,,,,,no_candidate,,,,,,,,,,,,,,,,,no,,,no,
district,吉林省,吉林市,蛟河市,0,0,,,,,,,,,no_candidate,,,,,,,,,,,,,,,,,no,,,no,
district,吉林省,吉林市,龙潭区,3,3,4122010201,北华大学,本科,no,,comparable_ranking,北华大学 在同榜可比名次上优于 吉林化工大学（软科 bcur）；候选池先按层次收敛：本科层次优先于更低层次（项目层次政策）,strong,resolved_strong,shanghairanking-bcur,shanghairanking-bcur,shanghairanking-bcur,2026,中国大学排名（主榜）,,rankOverall,2026软科 308,308,https://www.shanghairanking.cn/rankings/bcur/2026,campus,profile_campus,4122010192,吉林化工大学,本科,shanghairanking-bcur,yes,,北华大学|吉林化工大学,no,
district,吉林省,吉林市,磐石市,0,0,,,,,,,,,no_candidate,,,,,,,,,,,,,,,,,no,,,no,
district,吉林省,吉林市,舒兰市,0,0,,,,,,,,,no_candidate,,,,,,,,,,,,,,,,,no,,,no,
district,吉林省,吉林市,永吉县,2,2,4122014052,吉林铁道职业技术大学,本科,no,,level_order,本科层次优先于更低层次候选（项目层次政策）,policy,resolved_policy,shanghairanking-bcvcr-public-vocational-undergraduate,shanghairanking-bcvcr-public-vocational-undergraduate,shanghairanking-bcvcr-public-vocational-undergraduate,2026,中国职业本科大学排名,,ranking,2026软科职业本科大学 77,77,https://www.shanghairanking.cn/rankings/bcvcr/2026749,campus,profile_campus,,,,,no,,吉林铁道职业技术大学,no,no comparable second place: the deciding rule set aside the other 1 candidate(s) without leaving anybody on the winner's own scale
district,吉林省,辽源市,东丰县,0,0,,,,,,,,,no_candidate,,,,,,,,,,,,,,,,,no,,,no,
district,吉林省,辽源市,东辽县,0,0,,,,,,,,,no_candidate,,,,,,,,,,,,,,,,,no,,,no,
district,吉林省,辽源市,龙山区,1,1,4122010847,辽源职业技术学院,专科,no,,single_candidate,该行政单元在现行口径下只有 1 个候选，无需比较,policy,resolved_policy,shanghairanking-bcvcr-public-vocational,shanghairanking-bcvcr-public-vocational,shanghairanking-bcvcr-public-vocational,2026,中国高职专科院校排名（总榜）,理工,rankOverall,2026软科高职理工 230+ · 高职专科总榜 500+,500+,https://www.shanghairanking.cn/rankings/bcvcr/2026623,campus,profile_campus,,,,,no,,辽源职业技术学院,no,
district,吉林省,辽源市,西安区,1,1,4122010203,吉林师范大学,本科,no,,single_candidate,该行政单元在现行口径下只有 1 个候选，无需比较,policy,resolved_policy,shanghairanking-bcur,shanghairanking-bcur,shanghairanking-bcur,2026,中国大学排名（主榜）,,rankOverall,2026软科 322,322,https://www.shanghairanking.cn/rankings/bcur/2026,campus,profile_campus,,,,,no,,吉林师范大学,no,
district,吉林省,四平市,梨树县,1,1,4122012904,吉林工程职业学院,专科,no,,single_candidate,该行政单元在现行口径下只有 1 个候选，无需比较,policy,resolved_policy,shanghairanking-bcvcr-public-vocational,shanghairanking-bcvcr-public-vocational,shanghairanking-bcvcr-public-vocational,2026,中国高职专科院校排名（总榜）,理工,rankOverall,2026软科高职理工 230+ · 高职专科总榜 500+,500+,https://www.shanghairanking.cn/rankings/bcvcr/2026623,campus,profile_campus,,,,,no,,吉林工程职业学院,no,
district,吉林省,四平市,双辽市,0,0,,,,,,,,,no_candidate,,,,,,,,,,,,,,,,,no,,,no,
district,吉林省,四平市,铁东区,2,2,4122012904,吉林工程职业学院,专科,no,,deterministic_fallback_policy,吉林工程职业学院 由项目稳定兜底规则选出：在层次、重点标签、公办/民办与可比榜单仍无法唯一分开时，按榜单体系优先级、区间下界与稳定名称顺序决定展示 winner；该结论不是发布方跨榜排名,policy,resolved_policy,shanghairanking-bcvcr-public-vocational,shanghairanking-bcvcr-public-vocational,shanghairanking-bcvcr-public-vocational,2026,中国高职专科院校排名（总榜）,理工,rankOverall,2026软科高职理工 230+ · 高职专科总榜 500+,500+,https://www.shanghairanking.cn/rankings/bcvcr/2026623,campus,profile_campus,4122011044,四平职业大学,专科,shanghairanking-bcvcr-public-vocational,yes,,吉林工程职业学院|四平职业大学,no,
district,吉林省,四平市,铁西区,3,3,4122010203,吉林师范大学,本科,no,,public_before_private,同层次同标签下公办优先（按当前项目政策，非排名证据）；候选池先按层次收敛：本科层次优先于更低层次（项目层次政策）,policy,resolved_policy,shanghairanking-bcur,shanghairanking-bcur,shanghairanking-bcur,2026,中国大学排名（主榜）,,rankOverall,2026软科 322,322,https://www.shanghairanking.cn/rankings/bcur/2026,campus,profile_campus,,,,,no,,吉林师范大学,yes,no comparable second place: the deciding rule set aside the other 2 candidate(s) without leaving anybody on the winner's own scale
district,吉林省,四平市,伊通满族自治县,0,0,,,,,,,,,no_candidate,,,,,,,,,,,,,,,,,no,,,no,
district,吉林省,松原市,扶余市,0,0,,,,,,,,,no_candidate,,,,,,,,,,,,,,,,,no,,,no,
district,吉林省,松原市,宁江区,2,2,4122013917,松原职业技术学院,专科,no,,public_before_private,同层次同标签下公办优先（按当前项目政策，非排名证据）,policy,resolved_policy,shanghairanking-bcvcr-public-vocational,shanghairanking-bcvcr-public-vocational,shanghairanking-bcvcr-public-vocational,2026,中国高职专科院校排名（总榜）,理工,rankOverall,2026软科高职理工 230+ · 高职专科总榜 500+,500+,https://www.shanghairanking.cn/rankings/bcvcr/2026623,campus,profile_campus,,,,,no,,松原职业技术学院,yes,no comparable second place: the deciding rule set aside the other 1 candidate(s) without leaving anybody on the winner's own scale
district,吉林省,松原市,前郭尔罗斯蒙古族自治县,0,0,,,,,,,,,no_candidate,,,,,,,,,,,,,,,,,no,,,no,
district,吉林省,松原市,乾安县,0,0,,,,,,,,,no_candidate,,,,,,,,,,,,,,,,,no,,,no,
district,吉林省,松原市,长岭县,0,0,,,,,,,,,no_candidate,,,,,,,,,,,,,,,,,no,,,no,
district,吉林省,通化市,东昌区,2,2,4122010202,通化师范学院,本科,no,,level_order,本科层次优先于更低层次候选（项目层次政策）,policy,resolved_policy,shanghairanking-bcur,shanghairanking-bcur,shanghairanking-bcur,2026,中国大学排名（主榜）,,rankOverall,2026软科 459,459,https://www.shanghairanking.cn/rankings/bcur/2026,campus,profile_campus,,,,,no,,通化师范学院,no,no comparable second place: the deciding rule set aside the other 1 candidate(s) without leaving anybody on the winner's own scale
district,吉林省,通化市,二道江区,0,0,,,,,,,,,no_candidate,,,,,,,,,,,,,,,,,no,,,no,
district,吉林省,通化市,辉南县,0,0,,,,,,,,,no_candidate,,,,,,,,,,,,,,,,,no,,,no,
district,吉林省,通化市,集安市,0,0,,,,,,,,,no_candidate,,,,,,,,,,,,,,,,,no,,,no,
district,吉林省,通化市,柳河县,0,0,,,,,,,,,no_candidate,,,,,,,,,,,,,,,,,no,,,no,
district,吉林省,通化市,梅河口市,2,2,4122010202,通化师范学院,本科,no,,level_order,本科层次优先于更低层次候选（项目层次政策）,policy,resolved_policy,shanghairanking-bcur,shanghairanking-bcur,shanghairanking-bcur,2026,中国大学排名（主榜）,,rankOverall,2026软科 459,459,https://www.shanghairanking.cn/rankings/bcur/2026,campus,profile_campus,,,,,no,,通化师范学院,no,no comparable second place: the deciding rule set aside the other 1 candidate(s) without leaving anybody on the winner's own scale
district,吉林省,通化市,通化县,0,0,,,,,,,,,no_candidate,,,,,,,,,,,,,,,,,no,,,no,
district,吉林省,延边朝鲜族自治州,安图县,0,0,,,,,,,,,no_candidate,,,,,,,,,,,,,,,,,no,,,no,
district,吉林省,延边朝鲜族自治州,敦化市,0,0,,,,,,,,,no_candidate,,,,,,,,,,,,,,,,,no,,,no,
district,吉林省,延边朝鲜族自治州,和龙市,0,0,,,,,,,,,no_candidate,,,,,,,,,,,,,,,,,no,,,no,
district,吉林省,延边朝鲜族自治州,珲春市,1,1,4122010184,延边大学,本科,no,211|双一流,single_candidate,该行政单元在现行口径下只有 1 个候选，无需比较,policy,resolved_policy,shanghairanking-bcur,shanghairanking-bcur,shanghairanking-bcur,2026,中国大学排名（主榜）,,rankOverall,2026软科 157,157,https://www.shanghairanking.cn/rankings/bcur/2026,campus,profile_campus,,,,,no,,延边大学,no,
district,吉林省,延边朝鲜族自治州,龙井市,1,1,4122014567,吉林职业技术学院,专科,yes,,single_candidate,该行政单元在现行口径下只有 1 个候选，无需比较,policy,resolved_policy,shanghairanking-bcvcr-private-vocational,shanghairanking-bcvcr-private-vocational,shanghairanking-bcvcr-private-vocational,2026,民办高职专科院校排名,,ranking,2026软科民办高职专科 100+,100+,https://www.shanghairanking.cn/rankings/bcvcr/2026633,campus,profile_campus,,,,,no,,吉林职业技术学院,no,
district,吉林省,延边朝鲜族自治州,图们市,0,0,,,,,,,,,no_candidate,,,,,,,,,,,,,,,,,no,,,no,
district,吉林省,延边朝鲜族自治州,汪清县,0,0,,,,,,,,,no_candidate,,,,,,,,,,,,,,,,,no,,,no,
district,吉林省,延边朝鲜族自治州,延吉市,2,2,4122010184,延边大学,本科,no,211|双一流,level_order,本科层次优先于更低层次候选（项目层次政策）,policy,resolved_policy,shanghairanking-bcur,shanghairanking-bcur,shanghairanking-bcur,2026,中国大学排名（主榜）,,rankOverall,2026软科 157,157,https://www.shanghairanking.cn/rankings/bcur/2026,campus,profile_campus,,,,,no,,延边大学,no,no comparable second place: the deciding rule set aside the other 1 candidate(s) without leaving anybody on the winner's own scale
district,吉林省,长春市,朝阳区,12,12,4122010183,吉林大学,本科,no,985|211|双一流,prestige_tag,985 标签优先于无重点标签（国家官方重点建设名单）,strong,resolved_strong,shanghairanking-bcur,shanghairanking-bcur,shanghairanking-bcur,2026,中国大学排名（主榜）,,rankOverall,2026软科 26,26,https://www.shanghairanking.cn/rankings/bcur/2026,campus,profile_campus,4122010186,长春理工大学,本科,shanghairanking-bcur,yes,,吉林大学|长春理工大学,no,
district,吉林省,长春市,德惠市,0,0,,,,,,,,,no_candidate,,,,,,,,,,,,,,,,,no,,,no,
district,吉林省,长春市,二道区,5,5,4122010205,长春师范大学,本科,no,,public_before_private,同层次同标签下公办优先（按当前项目政策，非排名证据）；候选池先按层次收敛：本科层次优先于更低层次（项目层次政策）,policy,resolved_policy,shanghairanking-bcur,shanghairanking-bcur,shanghairanking-bcur,2026,中国大学排名（主榜）,,rankOverall,2026软科 337,337,https://www.shanghairanking.cn/rankings/bcur/2026,campus,profile_campus,,,,,no,,长春师范大学,yes,no comparable second place: the deciding rule set aside the other 4 candidate(s) without leaving anybody on the winner's own scale
district,吉林省,长春市,公主岭市,1,1,4122011436,长春汽车职业技术大学,本科,no,,single_candidate,该行政单元在现行口径下只有 1 个候选，无需比较,policy,resolved_policy,shanghairanking-bcvcr-public-vocational-undergraduate,shanghairanking-bcvcr-public-vocational-undergraduate,shanghairanking-bcvcr-public-vocational-undergraduate,2026,中国职业本科大学排名,,ranking,2026软科职业本科大学 37,37,https://www.shanghairanking.cn/rankings/bcvcr/2026749,campus,profile_campus,,,,,no,,长春汽车职业技术大学,no,
district,吉林省,长春市,九台区,3,3,4122013161,长春职业技术大学,本科,no,,cross_group_scale_policy,长春职业技术大学 取自主榜序列；其余候选分属不同榜单体系，名次不可直接比较，按当前项目政策以主榜序列为先；候选池先按层次收敛：本科层次优先于更低层次（项目层次政策）,policy,resolved_policy,shanghairanking-bcvcr-public-vocational-undergraduate,shanghairanking-bcvcr-public-vocational-undergraduate,shanghairanking-bcvcr-public-vocational-undergraduate,2026,中国职业本科大学排名,,ranking,2026软科职业本科大学 50,50,https://www.shanghairanking.cn/rankings/bcvcr/2026749,campus,profile_campus,,,,,no,,长春职业技术大学,no,no comparable second place: the deciding rule set aside the other 2 candidate(s) without leaving anybody on the winner's own scale
district,吉林省,长春市,宽城区,8,8,4122010190,长春工业大学,本科,no,,public_before_private,同层次同标签下公办优先（按当前项目政策，非排名证据）；公办候选之间再按同榜名次比较；候选池先按层次收敛：本科层次优先于更低层次（项目层次政策）,policy,resolved_policy,shanghairanking-bcur,shanghairanking-bcur,shanghairanking-bcur,2026,中国大学排名（主榜）,,rankOverall,2026软科 245,245,https://www.shanghairanking.cn/rankings/bcur/2026,campus,profile_campus,4122010204,吉林工程技术师范学院,本科,shanghairanking-bcur,yes,,长春工业大学|吉林工程技术师范学院,yes,
district,吉林省,长春市,绿园区,3,3,4122010183,吉林大学,本科,no,985|211|双一流,prestige_tag,985 标签优先于无重点标签（国家官方重点建设名单）,strong,resolved_strong,shanghairanking-bcur,shanghairanking-bcur,shanghairanking-bcur,2026,中国大学排名（主榜）,,rankOverall,2026软科 26,26,https://www.shanghairanking.cn/rankings/bcur/2026,campus,profile_campus,,,,,no,,吉林大学,no,no comparable second place: the deciding rule set aside the other 2 candidate(s) without leaving anybody on the winner's own scale
district,吉林省,长春市,南关区,12,12,4122010183,吉林大学,本科,no,985|211|双一流,prestige_tag,985 标签优先于211（国家官方重点建设名单）,strong,resolved_strong,shanghairanking-bcur,shanghairanking-bcur,shanghairanking-bcur,2026,中国大学排名（主榜）,,rankOverall,2026软科 26,26,https://www.shanghairanking.cn/rankings/bcur/2026,campus,profile_campus,4122010200,东北师范大学,本科,shanghairanking-bcur,yes,,吉林大学|东北师范大学,no,
district,吉林省,长春市,农安县,2,2,4122013603,长春财经学院,本科,yes,,level_order,本科层次优先于更低层次候选（项目层次政策）,policy,resolved_policy,shanghairanking-bcur-private,shanghairanking-bcur-private,shanghairanking-bcur-private,2026,中国民办财经类高校排名,财经,rankOverall,2026软科民办 2,6,https://www.shanghairanking.cn/rankings/bcur/202616,campus,historical_campus,,,,,no,,长春财经学院,no,no comparable second place: the deciding rule set aside the other 1 candidate(s) without leaving anybody on the winner's own scale
district,吉林省,长春市,双阳区,4,4,4122013606,长春科技学院,本科,yes,,comparable_ranking,长春科技学院 在同榜可比名次上优于 长春建筑学院（软科 bcur-private）；候选池先按层次收敛：本科层次优先于更低层次（项目层次政策）,strong,resolved_strong,shanghairanking-bcur-private,shanghairanking-bcur-private,shanghairanking-bcur-private,2026,中国民办高校排名（主榜）,,ranking,2026软科民办 30,30,https://www.shanghairanking.cn/rankings/bcur/202615,campus,profile_campus,4122013605,长春建筑学院,本科,shanghairanking-bcur-private,yes,,长春科技学院|长春建筑学院,yes,1 leading candidate(s) carry no official list ranking
district,吉林省,长春市,榆树市,0,0,,,,,,,,,no_candidate,,,,,,,,,,,,,,,,,no,,,no,
district,江苏省,常州市,金坛区,1,1,4132010294,河海大学,本科,no,211|双一流,single_candidate,该行政单元在现行口径下只有 1 个候选，无需比较,policy,resolved_policy,shanghairanking-bcur,shanghairanking-bcur,shanghairanking-bcur,2026,中国大学排名（主榜）,,rankOverall,2026软科 63,63,https://www.shanghairanking.cn/rankings/bcur/2026,campus,profile_campus,,,,,no,,河海大学,no,
district,江苏省,常州市,溧阳市,1,1,4132010287,南京航空航天大学,本科,no,211|双一流,single_candidate,该行政单元在现行口径下只有 1 个候选，无需比较,policy,resolved_policy,shanghairanking-bcur,shanghairanking-bcur,shanghairanking-bcur,2026,中国大学排名（主榜）,,rankOverall,2026软科 37,37,https://www.shanghairanking.cn/rankings/bcur/2026,campus,profile_campus,,,,,no,,南京航空航天大学,no,
district,江苏省,常州市,天宁区,0,0,,,,,,,,,no_candidate,,,,,,,,,,,,,,,,,no,,,no,
district,江苏省,常州市,武进区,10,10,4132010312,南京医科大学,本科,no,双一流,prestige_tag,双一流 标签优先于无重点标签（国家官方重点建设名单）,strong,resolved_strong,shanghairanking-bcur,shanghairanking-bcur,shanghairanking-bcur,2026,中国医药类大学排名,医药,rankOverall,2026软科医药 4 · 主榜参考 45,45,https://www.shanghairanking.cn/rankings/bcur/202621,campus,profile_campus,4132010292,常州大学,本科,shanghairanking-bcur,yes,,南京医科大学|常州大学,no,
district,江苏省,常州市,新北区,3,3,4132010294,河海大学,本科,no,211|双一流,prestige_tag,211 标签优先于无重点标签（国家官方重点建设名单）,strong,resolved_strong,shanghairanking-bcur,shanghairanking-bcur,shanghairanking-bcur,2026,中国大学排名（主榜）,,rankOverall,2026软科 63,63,https://www.shanghairanking.cn/rankings/bcur/2026,campus,historical_campus,4132011055,常州工学院,本科,shanghairanking-bcur,yes,,河海大学|常州工学院,no,
district,江苏省,常州市,钟楼区,3,3,4132010292,常州大学,本科,no,,level_order,本科层次优先于更低层次候选（项目层次政策）,policy,resolved_policy,shanghairanking-bcur,shanghairanking-bcur,shanghairanking-bcur,2026,中国大学排名（主榜）,,rankOverall,2026软科 165,165,https://www.shanghairanking.cn/rankings/bcur/2026,campus,historical_campus,,,,,no,,常州大学,no,no comparable second place: the deciding rule set aside the other 2 candidate(s) without leaving anybody on the winner's own scale
district,江苏省,淮安市,洪泽区,0,0,,,,,,,,,no_candidate,,,,,,,,,,,,,,,,,no,,,no,
district,江苏省,淮安市,淮安区,1,1,4132011049,淮安大学,本科,no,,single_candidate,该行政单元在现行口径下只有 1 个候选，无需比较,policy,resolved_policy,shanghairanking-bcur,shanghairanking-bcur,shanghairanking-bcur,2026,中国大学排名（主榜）,,rankOverall,2026软科 317,317,https://www.shanghairanking.cn/rankings/bcur/2026,campus,profile_campus,,,,,no,,淮安大学,no,
district,江苏省,淮安市,淮阴区,2,2,4132010323,淮阴师范学院,本科,no,,level_order,本科层次优先于更低层次候选（项目层次政策）,policy,resolved_policy,shanghairanking-bcur,shanghairanking-bcur,shanghairanking-bcur,2026,中国大学排名（主榜）,,rankOverall,2026软科 331,331,https://www.shanghairanking.cn/rankings/bcur/2026,campus,profile_campus,,,,,no,,淮阴师范学院,no,no comparable second place: the deciding rule set aside the other 1 candidate(s) without leaving anybody on the winner's own scale
district,江苏省,淮安市,金湖县,0,0,,,,,,,,,no_candidate,,,,,,,,,,,,,,,,,no,,,no,
district,江苏省,淮安市,涟水县,1,1,4132012919,炎黄职业技术学院,专科,yes,,single_candidate,该行政单元在现行口径下只有 1 个候选，无需比较,policy,resolved_policy,shanghairanking-bcvcr-private-vocational,shanghairanking-bcvcr-private-vocational,shanghairanking-bcvcr-private-vocational,2026,民办高职专科院校排名,,ranking,2026软科民办高职专科 100+,100+,https://www.shanghairanking.cn/rankings/bcvcr/2026633,campus,profile_campus,,,,,no,,炎黄职业技术学院,no,
district,江苏省,淮安市,清江浦区,7,7,4132010298,南京林业大学,本科,no,双一流,prestige_tag,双一流 标签优先于无重点标签（国家官方重点建设名单）,strong,resolved_strong,shanghairanking-bcur,shanghairanking-bcur,shanghairanking-bcur,2026,中国大学排名（主榜）,,rankOverall,2026软科 93,93,https://www.shanghairanking.cn/rankings/bcur/2026,campus,profile_campus,4132011049,淮安大学,本科,shanghairanking-bcur,yes,,南京林业大学|淮安大学,no,
district,江苏省,淮安市,盱眙县,1,1,4132010288,南京理工大学,本科,no,211|双一流,single_candidate,该行政单元在现行口径下只有 1 个候选，无需比较,policy,resolved_policy,shanghairanking-bcur,shanghairanking-bcur,shanghairanking-bcur,2026,中国大学排名（主榜）,,rankOverall,2026软科 36,36,https://www.shanghairanking.cn/rankings/bcur/2026,campus,profile_campus,,,,,no,,南京理工大学,no,
district,江苏省,连云港市,东海县,1,1,4132012678,江苏联合职业技术学院,专科,no,,single_candidate,该行政单元在现行口径下只有 1 个候选，无需比较,policy,resolved_policy,,,,,,,,,,,campus,historical_campus,,,,,no,,江苏联合职业技术学院,no,
district,江苏省,连云港市,赣榆区,0,0,,,,,,,,,no_candidate,,,,,,,,,,,,,,,,,no,,,no,
district,江苏省,连云港市,灌南县,0,0,,,,,,,,,no_candidate,,,,,,,,,,,,,,,,,no,,,no,
district,江苏省,连云港市,灌云县,0,0,,,,,,,,,no_candidate,,,,,,,,,,,,,,,,,no,,,no,
district,江苏省,连云港市,海州区,6,6,4132011641,江苏海洋大学,本科,no,,public_before_private,同层次同标签下公办优先（按当前项目政策，非排名证据）；候选池先按层次收敛：本科层次优先于更低层次（项目层次政策）,policy,resolved_policy,shanghairanking-bcur,shanghairanking-bcur,shanghairanking-bcur,2026,中国大学排名（主榜）,,rankOverall,2026软科 325,325,https://www.shanghairanking.cn/rankings/bcur/2026,campus,profile_campus,,,,,no,,江苏海洋大学,yes,1 leading candidate(s) carry no official list ranking; no comparable second place: the deciding rule set aside the other 5 candidate(s) without leaving anybody on the winner's own scale
district,江苏省,连云港市,连云区,3,3,4132011641,江苏海洋大学,本科,no,,level_order,本科层次优先于更低层次候选（项目层次政策）,policy,resolved_policy,shanghairanking-bcur,shanghairanking-bcur,shanghairanking-bcur,2026,中国大学排名（主榜）,,rankOverall,2026软科 325,325,https://www.shanghairanking.cn/rankings/bcur/2026,campus,profile_campus,,,,,no,,江苏海洋大学,no,no comparable second place: the deciding rule set aside the other 2 candidate(s) without leaving anybody on the winner's own scale
district,江苏省,南京市,高淳区,3,3,4132013990,南京财经大学红山学院,本科,yes,,deterministic_fallback_policy,南京财经大学红山学院 由项目稳定兜底规则选出：在层次、重点标签、公办/民办与可比榜单仍无法唯一分开时，按榜单体系优先级、区间下界与稳定名称顺序决定展示 winner；该结论不是发布方跨榜排名；候选池先按层次收敛：本科层次优先于更低层次（项目层次政策）,policy,resolved_policy,,,,,,,,,,,campus,profile_campus,,,,,no,,南京财经大学红山学院,yes,1 leading candidate(s) carry no official list ranking; no comparable second place: the deciding rule set aside the other 2 candidate(s) without leaving anybody on the winner's own scale
district,江苏省,南京市,鼓楼区,14,14,4132010284,南京大学,本科,no,985|211|双一流,comparable_ranking,南京大学 在同榜可比名次上优于 东南大学（软科 bcur）；候选池先按国家标签收敛：985,strong,resolved_strong,shanghairanking-bcur,shanghairanking-bcur,shanghairanking-bcur,2026,中国大学排名（主榜）,,rankOverall,2026软科 6,6,https://www.shanghairanking.cn/rankings/bcur/2026,campus,verified_campus,4132010286,东南大学,本科,shanghairanking-bcur,yes,,南京大学|东南大学,no,
district,江苏省,南京市,建邺区,3,3,4132010320,江苏师范大学,本科,no,,comparable_ranking,江苏师范大学 在同榜可比名次上优于 南京晓庄学院（软科 bcur）；候选池先按层次收敛：本科层次优先于更低层次（项目层次政策）,strong,resolved_strong,shanghairanking-bcur,shanghairanking-bcur,shanghairanking-bcur,2026,中国大学排名（主榜）,,rankOverall,2026软科 172,172,https://www.shanghairanking.cn/rankings/bcur/2026,campus,historical_campus,4132011460,南京晓庄学院,本科,shanghairanking-bcur,yes,,江苏师范大学|南京晓庄学院,no,
district,江苏省,南京市,江宁区,18,18,4132010286,东南大学,本科,no,985|211|双一流,prestige_tag,985 标签优先于211（国家官方重点建设名单）,strong,resolved_strong,shanghairanking-bcur,shanghairanking-bcur,shanghairanking-bcur,2026,中国大学排名（主榜）,,rankOverall,2026软科 15,15,https://www.shanghairanking.cn/rankings/bcur/2026,campus,profile_campus,4132010287,南京航空航天大学,本科,shanghairanking-bcur,yes,,东南大学|南京航空航天大学,no,
district,江苏省,南京市,溧水区,6,6,4132010307,南京农业大学,本科,no,211|双一流,prestige_tag,211 标签优先于双一流（国家官方重点建设名单）,strong,resolved_strong,shanghairanking-bcur,shanghairanking-bcur,shanghairanking-bcur,2026,中国大学排名（主榜）,,rankOverall,2026软科 55,55,https://www.shanghairanking.cn/rankings/bcur/2026,campus,profile_campus,4132010298,南京林业大学,本科,shanghairanking-bcur,yes,,南京农业大学|南京林业大学,no,
district,江苏省,南京市,六合区,1,1,4132012920,南京科技职业学院,专科,no,,single_candidate,该行政单元在现行口径下只有 1 个候选，无需比较,policy,resolved_policy,shanghairanking-bcvcr-public-vocational,shanghairanking-bcvcr-public-vocational,shanghairanking-bcvcr-public-vocational,2026,中国高职专科院校排名（总榜）,理工,rankOverall,2026软科高职专科总榜 84,84,https://www.shanghairanking.cn/rankings/bcvcr/2026623,campus,historical_campus,,,,,no,,南京科技职业学院,no,
district,江苏省,南京市,浦口区,12,12,4132010284,南京大学,本科,no,985|211|双一流,prestige_tag,985 标签优先于211（国家官方重点建设名单）,strong,resolved_strong,shanghairanking-bcur,shanghairanking-bcur,shanghairanking-bcur,2026,中国大学排名（主榜）,,rankOverall,2026软科 6,6,https://www.shanghairanking.cn/rankings/bcur/2026,campus,verified_campus,4132010307,南京农业大学,本科,shanghairanking-bcur,yes,,南京大学|南京农业大学,no,
district,江苏省,南京市,栖霞区,16,16,4132010284,南京大学,本科,no,985|211|双一流,prestige_tag,985 标签优先于211（国家官方重点建设名单）,strong,resolved_strong,shanghairanking-bcur,shanghairanking-bcur,shanghairanking-bcur,2026,中国大学排名（主榜）,,rankOverall,2026软科 6,6,https://www.shanghairanking.cn/rankings/bcur/2026,campus,verified_campus,4132010319,南京师范大学,本科,shanghairanking-bcur,yes,,南京大学|南京师范大学,no,
district,江苏省,南京市,秦淮区,7,7,4132010287,南京航空航天大学,本科,no,211|双一流,prestige_tag,211 标签优先于无重点标签（国家官方重点建设名单）,strong,resolved_strong,shanghairanking-bcur,shanghairanking-bcur,shanghairanking-bcur,2026,中国大学排名（主榜）,,rankOverall,2026软科 37,37,https://www.shanghairanking.cn/rankings/bcur/2026,campus,profile_campus,4132010291,南京工业大学,本科,shanghairanking-bcur,yes,,南京航空航天大学|南京工业大学,no,
district,江苏省,南京市,玄武区,9,9,4132010286,东南大学,本科,no,985|211|双一流,prestige_tag,985 标签优先于211（国家官方重点建设名单）,strong,resolved_strong,shanghairanking-bcur,shanghairanking-bcur,shanghairanking-bcur,2026,中国大学排名（主榜）,,rankOverall,2026软科 15,15,https://www.shanghairanking.cn/rankings/bcur/2026,campus,profile_campus,4132010288,南京理工大学,本科,shanghairanking-bcur,yes,,东南大学|南京理工大学,no,
district,江苏省,南京市,雨花台区,3,3,4132010329,江苏警官学院,本科,no,,public_before_private,同层次同标签下公办优先（按当前项目政策，非排名证据）；公办候选之间再按同榜名次比较,policy,resolved_policy,shanghairanking-bcur,shanghairanking-bcur,shanghairanking-bcur,2026,中国政法类大学排名,政法,rankOverall,2026软科政法 10 · 主榜参考 280,280,https://www.shanghairanking.cn/rankings/bcur/202625,campus,profile_campus,4132012213,南京警察学院,本科,shanghairanking-bcur,yes,,江苏警官学院|南京警察学院,yes,
district,江苏省,南通市,崇川区,8,8,4132010304,南通大学,本科,no,,public_before_private,同层次同标签下公办优先（按当前项目政策，非排名证据）；候选池先按层次收敛：本科层次优先于更低层次（项目层次政策）,policy,resolved_policy,shanghairanking-bcur,shanghairanking-bcur,shanghairanking-bcur,2026,中国大学排名（主榜）,,rankOverall,2026软科 147,147,https://www.shanghairanking.cn/rankings/bcur/2026,campus,profile_campus,,,,,no,,南通大学,yes,no comparable second place: the deciding rule set aside the other 7 candidate(s) without leaving anybody on the winner's own scale
district,江苏省,南通市,海安市,2,2,4132012056,南通理工学院,本科,yes,,level_order,本科层次优先于更低层次候选（项目层次政策）,policy,resolved_policy,shanghairanking-bcur-private,shanghairanking-bcur-private,shanghairanking-bcur-private,2026,中国民办高校排名（主榜）,,ranking,2026软科民办 82,82,https://www.shanghairanking.cn/rankings/bcur/202615,campus,profile_campus,,,,,no,,南通理工学院,no,no comparable second place: the deciding rule set aside the other 1 candidate(s) without leaving anybody on the winner's own scale
district,江苏省,南通市,海门区,2,2,4132010958,江苏工程职业技术学院,专科,no,,comparable_ranking,江苏工程职业技术学院 在同榜可比名次上优于 南通职业大学（软科 bcvcr-public-vocational）,strong,resolved_strong,shanghairanking-bcvcr-public-vocational,shanghairanking-bcvcr-public-vocational,shanghairanking-bcvcr-public-vocational,2026,中国高职专科院校排名（总榜）,理工,rankOverall,2026软科高职专科总榜 47,47,https://www.shanghairanking.cn/rankings/bcvcr/2026623,campus,profile_campus,4132011052,南通职业大学,专科,shanghairanking-bcvcr-public-vocational,yes,,江苏工程职业技术学院|南通职业大学,no,
district,江苏省,南通市,启东市,2,2,4132010304,南通大学,本科,no,,public_before_private,同层次同标签下公办优先（按当前项目政策，非排名证据）,policy,resolved_policy,shanghairanking-bcur,shanghairanking-bcur,shanghairanking-bcur,2026,中国大学排名（主榜）,,rankOverall,2026软科 147,147,https://www.shanghairanking.cn/rankings/bcur/2026,campus,profile_campus,,,,,no,,南通大学,yes,no comparable second place: the deciding rule set aside the other 1 candidate(s) without leaving anybody on the winner's own scale
district,江苏省,南通市,如东县,0,0,,,,,,,,,no_candidate,,,,,,,,,,,,,,,,,no,,,no,
district,江苏省,南通市,如皋市,1,1,4132014493,南通师范高等专科学校,专科,no,,single_candidate,该行政单元在现行口径下只有 1 个候选，无需比较,policy,resolved_policy,shanghairanking-bcvcr-public-vocational,shanghairanking-bcvcr-public-vocational,shanghairanking-bcvcr-public-vocational,2026,中国高职专科院校排名（总榜）,师范,rankOverall,2026软科高职专科总榜 439,439,https://www.shanghairanking.cn/rankings/bcvcr/2026623,campus,profile_campus,,,,,no,,南通师范高等专科学校,no,
district,江苏省,南通市,通州区,0,0,,,,,,,,,no_candidate,,,,,,,,,,,,,,,,,no,,,no,
district,江苏省,苏州市,常熟市,1,1,4132010333,苏州工学院,本科,no,,single_candidate,该行政单元在现行口径下只有 1 个候选，无需比较,policy,resolved_policy,shanghairanking-bcur,shanghairanking-bcur,shanghairanking-bcur,2026,中国大学排名（主榜）,,rankOverall,2026软科 287,287,https://www.shanghairanking.cn/rankings/bcur/2026,campus,profile_campus,,,,,no,,苏州工学院,no,
district,江苏省,苏州市,姑苏区,4,4,4132010285,苏州大学,本科,no,211|双一流,prestige_tag,211 标签优先于无重点标签（国家官方重点建设名单）,strong,resolved_strong,shanghairanking-bcur,shanghairanking-bcur,shanghairanking-bcur,2026,中国大学排名（主榜）,,rankOverall,2026软科 46,46,https://www.shanghairanking.cn/rankings/bcur/2026,campus,profile_campus,,,,,no,,苏州大学,no,no comparable second place: the deciding rule set aside the other 3 candidate(s) without leaving anybody on the winner's own scale
district,江苏省,苏州市,虎丘区,6,6,4132010284,南京大学,本科,no,985|211|双一流,prestige_tag,985 标签优先于无重点标签（国家官方重点建设名单）,strong,resolved_strong,shanghairanking-bcur,shanghairanking-bcur,shanghairanking-bcur,2026,中国大学排名（主榜）,,rankOverall,2026软科 6,6,https://www.shanghairanking.cn/rankings/bcur/2026,campus,verified_campus,4132010332,苏州科技大学,本科,shanghairanking-bcur,yes,,南京大学|苏州科技大学,no,
district,江苏省,苏州市,昆山市,5,5,4132016406,昆山杜克大学,本科,no,,public_before_private,同层次同标签下公办优先（按当前项目政策，非排名证据）；候选池先按层次收敛：本科层次优先于更低层次（项目层次政策）,policy,resolved_policy,shanghairanking-bcur,shanghairanking-bcur,shanghairanking-bcur,2026,中国合作办学大学排名,综合,rankOverall,2026软科 4,95,https://www.shanghairanking.cn/rankings/bcur/202614,campus,profile_campus,,,,,no,,昆山杜克大学,yes,no comparable second place: the deciding rule set aside the other 4 candidate(s) without leaving anybody on the winner's own scale
district,江苏省,苏州市,太仓市,2,2,4132016403,西交利物浦大学,本科,no,,level_order,本科层次优先于更低层次候选（项目层次政策）,policy,resolved_policy,shanghairanking-bcur,shanghairanking-bcur,shanghairanking-bcur,2026,中国合作办学大学排名,综合,rankOverall,2026软科 5,102,https://www.shanghairanking.cn/rankings/bcur/202614,campus,profile_campus,,,,,no,,西交利物浦大学,no,no comparable second place: the deciding rule set aside the other 1 candidate(s) without leaving anybody on the winner's own scale
district,江苏省,苏州市,吴江区,2,2,4132010285,苏州大学,本科,no,211|双一流,level_order,本科层次优先于更低层次候选（项目层次政策）,policy,resolved_policy,shanghairanking-bcur,shanghairanking-bcur,shanghairanking-bcur,2026,中国大学排名（主榜）,,rankOverall,2026软科 46,46,https://www.shanghairanking.cn/rankings/bcur/2026,campus,profile_campus,,,,,no,,苏州大学,no,no comparable second place: the deciding rule set aside the other 1 candidate(s) without leaving anybody on the winner's own scale
district,江苏省,苏州市,吴中区,13,13,4111010002,中国人民大学,本科,no,985|211|双一流,prestige_tag,985 标签优先于211（国家官方重点建设名单）,strong,resolved_strong,shanghairanking-bcur,shanghairanking-bcur,shanghairanking-bcur,2026,中国大学排名（主榜）,,rankOverall,2026软科 17,17,https://www.shanghairanking.cn/rankings/bcur/2026,campus,verified_campus,4132010285,苏州大学,本科,shanghairanking-bcur,yes,,中国人民大学|苏州大学,no,
district,江苏省,苏州市,相城区,3,3,4132010285,苏州大学,本科,no,211|双一流,level_order,本科层次优先于更低层次候选（项目层次政策）,policy,resolved_policy,shanghairanking-bcur,shanghairanking-bcur,shanghairanking-bcur,2026,中国大学排名（主榜）,,rankOverall,2026软科 46,46,https://www.shanghairanking.cn/rankings/bcur/2026,campus,profile_campus,,,,,no,,苏州大学,no,no comparable second place: the deciding rule set aside the other 2 candidate(s) without leaving anybody on the winner's own scale
district,江苏省,苏州市,张家港市,4,4,4132010289,江苏科技大学,本科,no,,public_before_private,同层次同标签下公办优先（按当前项目政策，非排名证据）；候选池先按层次收敛：本科层次优先于更低层次（项目层次政策）,policy,resolved_policy,shanghairanking-bcur,shanghairanking-bcur,shanghairanking-bcur,2026,中国大学排名（主榜）,,rankOverall,2026软科 141,141,https://www.shanghairanking.cn/rankings/bcur/2026,campus,profile_campus,,,,,no,,江苏科技大学,yes,no comparable second place: the deciding rule set aside the other 3 candidate(s) without leaving anybody on the winner's own scale
district,江苏省,宿迁市,沭阳县,0,0,,,,,,,,,no_candidate,,,,,,,,,,,,,,,,,no,,,no,
district,江苏省,宿迁市,泗洪县,0,0,,,,,,,,,no_candidate,,,,,,,,,,,,,,,,,no,,,no,
district,江苏省,宿迁市,泗阳县,0,0,,,,,,,,,no_candidate,,,,,,,,,,,,,,,,,no,,,no,
district,江苏省,宿迁市,宿城区,1,1,4132014160,宿迁学院,本科,no,,single_candidate,该行政单元在现行口径下只有 1 个候选，无需比较,policy,resolved_policy,shanghairanking-bcur,shanghairanking-bcur,shanghairanking-bcur,2026,中国大学排名（主榜）,,rankOverall,2026软科 475,475,https://www.shanghairanking.cn/rankings/bcur/2026,campus,profile_campus,,,,,no,,宿迁学院,no,
district,江苏省,宿迁市,宿豫区,4,4,4132014000,江苏城市职业学院,专科,no,,public_before_private,同层次同标签下公办优先（按当前项目政策，非排名证据）,policy,resolved_policy,shanghairanking-bcvcr-public-vocational,shanghairanking-bcvcr-public-vocational,shanghairanking-bcvcr-public-vocational,2026,中国高职专科院校排名（总榜）,理工,rankOverall,2026软科高职专科总榜 168,168,https://www.shanghairanking.cn/rankings/bcvcr/2026623,campus,historical_campus,,,,,no,,江苏城市职业学院,yes,1 leading candidate(s) carry no official list ranking; no comparable second place: the deciding rule set aside the other 3 candidate(s) without leaving anybody on the winner's own scale
district,江苏省,泰州市,高港区,1,1,4132010315,南京中医药大学,本科,no,双一流,single_candidate,该行政单元在现行口径下只有 1 个候选，无需比较,policy,resolved_policy,shanghairanking-bcur,shanghairanking-bcur,shanghairanking-bcur,2026,中国中医药大学排名,中医药,rankOverall,2026软科中医药 3 · 主榜参考 93,93,https://www.shanghairanking.cn/rankings/bcur/2026745,campus,profile_campus,,,,,no,,南京中医药大学,no,
district,江苏省,泰州市,海陵区,6,6,4132012917,泰州学院,本科,no,,public_before_private,同层次同标签下公办优先（按当前项目政策，非排名证据）；候选池先按层次收敛：本科层次优先于更低层次（项目层次政策）,policy,resolved_policy,shanghairanking-bcur,shanghairanking-bcur,shanghairanking-bcur,2026,中国大学排名（主榜）,,rankOverall,2026软科 500+,500+,https://www.shanghairanking.cn/rankings/bcur/2026,campus,verified_campus,,,,,no,,泰州学院,yes,no comparable second place: the deciding rule set aside the other 5 candidate(s) without leaving anybody on the winner's own scale
district,江苏省,泰州市,姜堰区,0,0,,,,,,,,,no_candidate,,,,,,,,,,,,,,,,,no,,,no,
district,江苏省,泰州市,靖江市,1,1,4132013992,常州大学怀德学院,本科,yes,,single_candidate,该行政单元在现行口径下只有 1 个候选，无需比较,policy,resolved_policy,,,,,,,,,,,campus,profile_campus,,,,,no,,常州大学怀德学院,no,
district,江苏省,泰州市,泰兴市,1,1,4132012917,泰州学院,本科,no,,single_candidate,该行政单元在现行口径下只有 1 个候选，无需比较,policy,resolved_policy,shanghairanking-bcur,shanghairanking-bcur,shanghairanking-bcur,2026,中国大学排名（主榜）,,rankOverall,2026软科 500+,500+,https://www.shanghairanking.cn/rankings/bcur/2026,campus,profile_campus,,,,,no,,泰州学院,no,
district,江苏省,泰州市,兴化市,0,0,,,,,,,,,no_candidate,,,,,,,,,,,,,,,,,no,,,no,
district,江苏省,无锡市,滨湖区,6,6,4132010295,江南大学,本科,no,211|双一流,prestige_tag,211 标签优先于无重点标签（国家官方重点建设名单）,strong,resolved_strong,shanghairanking-bcur,shanghairanking-bcur,shanghairanking-bcur,2026,中国大学排名（主榜）,,rankOverall,2026软科 52,52,https://www.shanghairanking.cn/rankings/bcur/2026,campus,profile_campus,,,,,no,,江南大学,no,no comparable second place: the deciding rule set aside the other 5 candidate(s) without leaving anybody on the winner's own scale
district,江苏省,无锡市,惠山区,5,5,4132013108,江苏信息职业技术学院,专科,no,,public_before_private,同层次同标签下公办优先（按当前项目政策，非排名证据）；公办候选之间再按同榜名次比较,policy,resolved_policy,shanghairanking-bcvcr-public-vocational,shanghairanking-bcvcr-public-vocational,shanghairanking-bcvcr-public-vocational,2026,中国高职专科院校排名（总榜）,理工,rankOverall,2026软科高职专科总榜 43,43,https://www.shanghairanking.cn/rankings/bcvcr/2026623,campus,profile_campus,4132012702,无锡商业职业技术学院,专科,shanghairanking-bcvcr-public-vocational,yes,,江苏信息职业技术学院|无锡商业职业技术学院,yes,1 leading candidate(s) carry no official list ranking
district,江苏省,无锡市,江阴市,3,3,4132010288,南京理工大学,本科,no,211|双一流,comparable_ranking,南京理工大学 在同榜可比名次上优于 江南大学（软科 bcur）；候选池先按层次收敛：本科层次优先于更低层次（项目层次政策）,strong,resolved_strong,shanghairanking-bcur,shanghairanking-bcur,shanghairanking-bcur,2026,中国大学排名（主榜）,,rankOverall,2026软科 36,36,https://www.shanghairanking.cn/rankings/bcur/2026,campus,profile_campus,4132010295,江南大学,本科,shanghairanking-bcur,yes,,南京理工大学|江南大学,no,
district,江苏省,无锡市,梁溪区,0,0,,,,,,,,,no_candidate,,,,,,,,,,,,,,,,,no,,,no,
district,江苏省,无锡市,锡山区,3,3,4132010300,南京信息工程大学,本科,no,双一流,prestige_tag,双一流 标签优先于无重点标签（国家官方重点建设名单）,strong,resolved_strong,shanghairanking-bcur,shanghairanking-bcur,shanghairanking-bcur,2026,中国大学排名（主榜）,,rankOverall,2026软科 98,98,https://www.shanghairanking.cn/rankings/bcur/2026,campus,profile_campus,4132013982,无锡学院,本科,shanghairanking-bcur,yes,,南京信息工程大学|无锡学院,no,
district,江苏省,无锡市,新吴区,2,2,4132010286,东南大学,本科,no,985|211|双一流,level_order,本科层次优先于更低层次候选（项目层次政策）,policy,resolved_policy,shanghairanking-bcur,shanghairanking-bcur,shanghairanking-bcur,2026,中国大学排名（主榜）,,rankOverall,2026软科 15,15,https://www.shanghairanking.cn/rankings/bcur/2026,campus,profile_campus,,,,,no,,东南大学,no,no comparable second place: the deciding rule set aside the other 1 candidate(s) without leaving anybody on the winner's own scale
district,江苏省,无锡市,宜兴市,2,2,4132010295,江南大学,本科,no,211|双一流,level_order,本科层次优先于更低层次候选（项目层次政策）,policy,resolved_policy,shanghairanking-bcur,shanghairanking-bcur,shanghairanking-bcur,2026,中国大学排名（主榜）,,rankOverall,2026软科 52,52,https://www.shanghairanking.cn/rankings/bcur/2026,campus,profile_campus,,,,,no,,江南大学,no,no comparable second place: the deciding rule set aside the other 1 candidate(s) without leaving anybody on the winner's own scale
district,江苏省,徐州市,丰县,0,0,,,,,,,,,no_candidate,,,,,,,,,,,,,,,,,no,,,no,
district,江苏省,徐州市,鼓楼区,2,2,4132010313,徐州医科大学,本科,no,,level_order,本科层次优先于更低层次候选（项目层次政策）,policy,resolved_policy,shanghairanking-bcur,shanghairanking-bcur,shanghairanking-bcur,2026,中国医药类大学排名,医药,rankOverall,2026软科医药 19 · 主榜参考 158,158,https://www.shanghairanking.cn/rankings/bcur/202621,campus,profile_campus,,,,,no,,徐州医科大学,no,no comparable second place: the deciding rule set aside the other 1 candidate(s) without leaving anybody on the winner's own scale
district,江苏省,徐州市,贾汪区,3,3,4132010320,江苏师范大学,本科,no,,public_before_private,同层次同标签下公办优先（按当前项目政策，非排名证据）；候选池先按层次收敛：本科层次优先于更低层次（项目层次政策）,policy,resolved_policy,shanghairanking-bcur,shanghairanking-bcur,shanghairanking-bcur,2026,中国大学排名（主榜）,,rankOverall,2026软科 172,172,https://www.shanghairanking.cn/rankings/bcur/2026,campus,profile_campus,,,,,no,,江苏师范大学,yes,no comparable second place: the deciding rule set aside the other 2 candidate(s) without leaving anybody on the winner's own scale
district,江苏省,徐州市,沛县,2,2,4132010849,江苏建筑职业技术大学,本科,no,,level_order,本科层次优先于更低层次候选（项目层次政策）,policy,resolved_policy,shanghairanking-bcvcr-public-vocational-undergraduate,shanghairanking-bcvcr-public-vocational-undergraduate,shanghairanking-bcvcr-public-vocational-undergraduate,2026,中国职业本科大学排名,,ranking,2026软科职业本科大学 46,46,https://www.shanghairanking.cn/rankings/bcvcr/2026749,campus,profile_campus,,,,,no,,江苏建筑职业技术大学,no,no comparable second place: the deciding rule set aside the other 1 candidate(s) without leaving anybody on the winner's own scale
district,江苏省,徐州市,邳州市,0,0,,,,,,,,,no_candidate,,,,,,,,,,,,,,,,,no,,,no,
district,江苏省,徐州市,泉山区,7,7,4132010290,中国矿业大学,本科,no,211|双一流,prestige_tag,211 标签优先于无重点标签（国家官方重点建设名单）,strong,resolved_strong,shanghairanking-bcur,shanghairanking-bcur,shanghairanking-bcur,2026,中国大学排名（主榜）,,rankOverall,2026软科 67,67,https://www.shanghairanking.cn/rankings/bcur/2026,campus,profile_campus,4132010313,徐州医科大学,本科,shanghairanking-bcur,yes,,中国矿业大学|徐州医科大学,no,
district,江苏省,徐州市,睢宁县,0,0,,,,,,,,,no_candidate,,,,,,,,,,,,,,,,,no,,,no,
district,江苏省,徐州市,铜山区,4,4,4132010290,中国矿业大学,本科,no,211|双一流,prestige_tag,211 标签优先于无重点标签（国家官方重点建设名单）,strong,resolved_strong,shanghairanking-bcur,shanghairanking-bcur,shanghairanking-bcur,2026,中国大学排名（主榜）,,rankOverall,2026软科 67,67,https://www.shanghairanking.cn/rankings/bcur/2026,campus,profile_campus,4132010320,江苏师范大学,本科,shanghairanking-bcur,yes,,中国矿业大学|江苏师范大学,no,
district,江苏省,徐州市,新沂市,2,2,4132013107,徐州工业职业技术学院,专科,no,,comparable_ranking,徐州工业职业技术学院 在同榜可比名次上优于 徐州生物工程职业技术学院（软科 bcvcr-public-vocational）,strong,resolved_strong,shanghairanking-bcvcr-public-vocational,shanghairanking-bcvcr-public-vocational,shanghairanking-bcvcr-public-vocational,2026,中国高职专科院校排名（总榜）,理工,rankOverall,2026软科高职专科总榜 48,48,https://www.shanghairanking.cn/rankings/bcvcr/2026623,campus,profile_campus,4132014401,徐州生物工程职业技术学院,专科,shanghairanking-bcvcr-public-vocational,yes,,徐州工业职业技术学院|徐州生物工程职业技术学院,no,
district,江苏省,徐州市,云龙区,5,5,4132010313,徐州医科大学,本科,no,,comparable_ranking,徐州医科大学 在同榜可比名次上优于 江苏师范大学（软科 bcur）；候选池先按层次收敛：本科层次优先于更低层次（项目层次政策）,strong,resolved_strong,shanghairanking-bcur,shanghairanking-bcur,shanghairanking-bcur,2026,中国医药类大学排名,医药,rankOverall,2026软科医药 19 · 主榜参考 158,158,https://www.shanghairanking.cn/rankings/bcur/202621,campus,historical_campus,4132010320,江苏师范大学,本科,shanghairanking-bcur,yes,,徐州医科大学|江苏师范大学,no,
district,江苏省,盐城市,滨海县,0,0,,,,,,,,,no_candidate,,,,,,,,,,,,,,,,,no,,,no,
district,江苏省,盐城市,大丰区,1,1,4132014000,江苏城市职业学院,专科,no,,single_candidate,该行政单元在现行口径下只有 1 个候选，无需比较,policy,resolved_policy,shanghairanking-bcvcr-public-vocational,shanghairanking-bcvcr-public-vocational,shanghairanking-bcvcr-public-vocational,2026,中国高职专科院校排名（总榜）,理工,rankOverall,2026软科高职专科总榜 168,168,https://www.shanghairanking.cn/rankings/bcvcr/2026623,campus,historical_campus,,,,,no,,江苏城市职业学院,no,
district,江苏省,盐城市,东台市,1,1,4132012678,江苏联合职业技术学院,专科,no,,single_candidate,该行政单元在现行口径下只有 1 个候选，无需比较,policy,resolved_policy,,,,,,,,,,,campus,historical_campus,,,,,no,,江苏联合职业技术学院,no,
district,江苏省,盐城市,阜宁县,0,0,,,,,,,,,no_candidate,,,,,,,,,,,,,,,,,no,,,no,
district,江苏省,盐城市,建湖县,0,0,,,,,,,,,no_candidate,,,,,,,,,,,,,,,,,no,,,no,
district,江苏省,盐城市,射阳县,1,1,4132010826,明达职业技术学院,专科,yes,,single_candidate,该行政单元在现行口径下只有 1 个候选，无需比较,policy,resolved_policy,shanghairanking-bcvcr-private-vocational,shanghairanking-bcvcr-private-vocational,shanghairanking-bcvcr-private-vocational,2026,民办高职专科院校排名,,ranking,2026软科民办高职专科 100+,100+,https://www.shanghairanking.cn/rankings/bcvcr/2026633,campus,profile_campus,,,,,no,,明达职业技术学院,no,
district,江苏省,盐城市,亭湖区,4,4,4132010305,盐城工学院,本科,no,,comparable_ranking,盐城工学院 在同榜可比名次上优于 盐城师范学院（软科 bcur）；候选池先按层次收敛：本科层次优先于更低层次（项目层次政策）,strong,resolved_strong,shanghairanking-bcur,shanghairanking-bcur,shanghairanking-bcur,2026,中国大学排名（主榜）,,rankOverall,2026软科 334,334,https://www.shanghairanking.cn/rankings/bcur/2026,campus,profile_campus,4132010324,盐城师范学院,本科,shanghairanking-bcur,yes,,盐城工学院|盐城师范学院,no,
district,江苏省,盐城市,响水县,0,0,,,,,,,,,no_candidate,,,,,,,,,,,,,,,,,no,,,no,
district,江苏省,盐城市,盐都区,3,3,4132012682,江苏医药职业学院,专科,no,,comparable_ranking,江苏医药职业学院 在同榜可比名次上优于 盐城工业职业技术学院（软科 bcvcr-public-vocational）,strong,resolved_strong,shanghairanking-bcvcr-public-vocational,shanghairanking-bcvcr-public-vocational,shanghairanking-bcvcr-public-vocational,2026,中国高职专科院校排名（总榜）,医药,rankOverall,2026软科高职专科总榜 133,133,https://www.shanghairanking.cn/rankings/bcvcr/2026623,campus,profile_campus,4132013752,盐城工业职业技术学院,专科,shanghairanking-bcvcr-public-vocational,yes,,江苏医药职业学院|盐城工业职业技术学院,no,
district,江苏省,扬州市,宝应县,0,0,,,,,,,,,no_candidate,,,,,,,,,,,,,,,,,no,,,no,
district,江苏省,扬州市,高邮市,1,1,4132011462,扬州职业技术大学,本科,no,,single_candidate,该行政单元在现行口径下只有 1 个候选，无需比较,policy,resolved_policy,shanghairanking-bcvcr-public-vocational-undergraduate,shanghairanking-bcvcr-public-vocational-undergraduate,shanghairanking-bcvcr-public-vocational-undergraduate,2026,中国职业本科大学排名,,ranking,2026软科职业本科大学 65,65,https://www.shanghairanking.cn/rankings/bcvcr/2026749,campus,profile_campus,,,,,no,,扬州职业技术大学,no,
district,江苏省,扬州市,广陵区,1,1,4132011117,扬州大学,本科,no,,single_candidate,该行政单元在现行口径下只有 1 个候选，无需比较,policy,resolved_policy,shanghairanking-bcur,shanghairanking-bcur,shanghairanking-bcur,2026,中国大学排名（主榜）,,rankOverall,2026软科 93,93,https://www.shanghairanking.cn/rankings/bcur/2026,campus,historical_campus,,,,,no,,扬州大学,no,
district,江苏省,扬州市,邗江区,9,9,4132011117,扬州大学,本科,no,,public_before_private,同层次同标签下公办优先（按当前项目政策，非排名证据）；候选池先按层次收敛：本科层次优先于更低层次（项目层次政策）,policy,resolved_policy,shanghairanking-bcur,shanghairanking-bcur,shanghairanking-bcur,2026,中国大学排名（主榜）,,rankOverall,2026软科 93,93,https://www.shanghairanking.cn/rankings/bcur/2026,campus,profile_campus,,,,,no,,扬州大学,yes,no comparable second place: the deciding rule set aside the other 8 candidate(s) without leaving anybody on the winner's own scale
district,江苏省,扬州市,江都区,0,0,,,,,,,,,no_candidate,,,,,,,,,,,,,,,,,no,,,no,
district,江苏省,扬州市,仪征市,0,0,,,,,,,,,no_candidate,,,,,,,,,,,,,,,,,no,,,no,
district,江苏省,镇江市,丹徒区,4,4,4132010299,江苏大学,本科,no,,comparable_ranking,江苏大学 在同榜可比名次上优于 江苏科技大学（软科 bcur）；候选池先按层次收敛：本科层次优先于更低层次（项目层次政策）,strong,resolved_strong,shanghairanking-bcur,shanghairanking-bcur,shanghairanking-bcur,2026,中国大学排名（主榜）,,rankOverall,2026软科 81,81,https://www.shanghairanking.cn/rankings/bcur/2026,campus,profile_campus,4132010289,江苏科技大学,本科,shanghairanking-bcur,yes,,江苏大学|江苏科技大学,yes,1 leading candidate(s) carry no official list ranking
district,江苏省,镇江市,丹阳市,2,2,4132013906,南京师范大学中北学院,本科,yes,,level_order,本科层次优先于更低层次候选（项目层次政策）,policy,resolved_policy,,,,,,,,,,,campus,profile_campus,,,,,no,,南京师范大学中北学院,no,no comparable second place: the deciding rule set aside the other 1 candidate(s) without leaving anybody on the winner's own scale
district,江苏省,镇江市,京口区,4,4,4132010299,江苏大学,本科,no,,comparable_ranking,江苏大学 在同榜可比名次上优于 江苏科技大学（软科 bcur）；候选池先按层次收敛：本科层次优先于更低层次（项目层次政策）,strong,resolved_strong,shanghairanking-bcur,shanghairanking-bcur,shanghairanking-bcur,2026,中国大学排名（主榜）,,rankOverall,2026软科 81,81,https://www.shanghairanking.cn/rankings/bcur/2026,campus,profile_campus,4132010289,江苏科技大学,本科,shanghairanking-bcur,yes,,江苏大学|江苏科技大学,no,
district,江苏省,镇江市,句容市,2,2,4132010327,南京财经大学,本科,no,,level_order,本科层次优先于更低层次候选（项目层次政策）,policy,resolved_policy,shanghairanking-bcur,shanghairanking-bcur,shanghairanking-bcur,2026,中国财经类大学排名,财经,rankOverall,2026软科财经 10 · 主榜参考 129,129,https://www.shanghairanking.cn/rankings/bcur/202622,campus,profile_campus,,,,,no,,南京财经大学,no,no comparable second place: the deciding rule set aside the other 1 candidate(s) without leaving anybody on the winner's own scale
district,江苏省,镇江市,润州区,3,3,4132010299,江苏大学,本科,no,,comparable_ranking,江苏大学 在同榜可比名次上优于 江苏科技大学（软科 bcur）,strong,resolved_strong,shanghairanking-bcur,shanghairanking-bcur,shanghairanking-bcur,2026,中国大学排名（主榜）,,rankOverall,2026软科 81,81,https://www.shanghairanking.cn/rankings/bcur/2026,campus,profile_campus,4132010289,江苏科技大学,本科,shanghairanking-bcur,yes,,江苏大学|江苏科技大学,yes,1 leading candidate(s) carry no official list ranking
district,江苏省,镇江市,扬中市,1,1,4132013750,金山职业技术学院,专科,yes,,single_candidate,该行政单元在现行口径下只有 1 个候选，无需比较,policy,resolved_policy,shanghairanking-bcvcr-private-vocational,shanghairanking-bcvcr-private-vocational,shanghairanking-bcvcr-private-vocational,2026,民办高职专科院校排名,,ranking,2026软科民办高职专科 100+,100+,https://www.shanghairanking.cn/rankings/bcvcr/2026633,campus,profile_campus,,,,,no,,金山职业技术学院,no,
district,江西省,抚州市,崇仁县,1,1,4136012976,江西机电职业技术学院,专科,no,,single_candidate,该行政单元在现行口径下只有 1 个候选，无需比较,policy,resolved_policy,shanghairanking-bcvcr-public-vocational,shanghairanking-bcvcr-public-vocational,shanghairanking-bcvcr-public-vocational,2026,中国高职专科院校排名（总榜）,理工,rankOverall,2026软科高职专科总榜 300,300,https://www.shanghairanking.cn/rankings/bcvcr/2026623,campus,historical_campus,,,,,no,,江西机电职业技术学院,no,
district,江西省,抚州市,东乡区,0,0,,,,,,,,,no_candidate,,,,,,,,,,,,,,,,,no,,,no,
district,江西省,抚州市,广昌县,0,0,,,,,,,,,no_candidate,,,,,,,,,,,,,,,,,no,,,no,
district,江西省,抚州市,金溪县,0,0,,,,,,,,,no_candidate,,,,,,,,,,,,,,,,,no,,,no,
district,江西省,抚州市,乐安县,0,0,,,,,,,,,no_candidate,,,,,,,,,,,,,,,,,no,,,no,
district,江西省,抚州市,黎川县,0,0,,,,,,,,,no_candidate,,,,,,,,,,,,,,,,,no,,,no,
district,江西省,抚州市,临川区,7,7,4136010405,东华理工大学,本科,no,,comparable_ranking,东华理工大学 在同榜可比名次上优于 赣东学院（软科 bcur）；候选池先按层次收敛：本科层次优先于更低层次（项目层次政策）,strong,resolved_strong,shanghairanking-bcur,shanghairanking-bcur,shanghairanking-bcur,2026,中国大学排名（主榜）,,rankOverall,2026软科 229,229,https://www.shanghairanking.cn/rankings/bcur/2026,campus,profile_campus,4136013432,赣东学院,本科,shanghairanking-bcur,yes,,东华理工大学|赣东学院,yes,1 leading candidate(s) carry no official list ranking
district,江西省,抚州市,南城县,0,0,,,,,,,,,no_candidate,,,,,,,,,,,,,,,,,no,,,no,
district,江西省,抚州市,南丰县,0,0,,,,,,,,,no_candidate,,,,,,,,,,,,,,,,,no,,,no,
district,江西省,抚州市,宜黄县,0,0,,,,,,,,,no_candidate,,,,,,,,,,,,,,,,,no,,,no,
district,江西省,抚州市,资溪县,0,0,,,,,,,,,no_candidate,,,,,,,,,,,,,,,,,no,,,no,
district,江西省,赣州市,安远县,1,1,4136014922,赣州远恒佳职业学院,专科,yes,,single_candidate,该行政单元在现行口径下只有 1 个候选，无需比较,policy,resolved_policy,,,,,,,,,,,campus,profile_campus,,,,,no,,赣州远恒佳职业学院,no,
district,江西省,赣州市,崇义县,0,0,,,,,,,,,no_candidate,,,,,,,,,,,,,,,,,no,,,no,
district,江西省,赣州市,大余县,0,0,,,,,,,,,no_candidate,,,,,,,,,,,,,,,,,no,,,no,
district,江西省,赣州市,定南县,0,0,,,,,,,,,no_candidate,,,,,,,,,,,,,,,,,no,,,no,
district,江西省,赣州市,赣县区,0,0,,,,,,,,,no_candidate,,,,,,,,,,,,,,,,,no,,,no,
district,江西省,赣州市,会昌县,1,1,4136014748,和君职业学院,专科,yes,,single_candidate,该行政单元在现行口径下只有 1 个候选，无需比较,policy,resolved_policy,shanghairanking-bcvcr-private-vocational,shanghairanking-bcvcr-private-vocational,shanghairanking-bcvcr-private-vocational,2026,民办高职专科院校排名,,ranking,2026软科民办高职专科 100+,100+,https://www.shanghairanking.cn/rankings/bcvcr/2026633,campus,profile_campus,,,,,no,,和君职业学院,no,
district,江西省,赣州市,龙南市,1,1,4136010413,赣南医科大学,本科,no,,single_candidate,该行政单元在现行口径下只有 1 个候选，无需比较,policy,resolved_policy,shanghairanking-bcur,shanghairanking-bcur,shanghairanking-bcur,2026,中国医药类大学排名,医药,rankOverall,2026软科医药 40 · 主榜参考 300,300,https://www.shanghairanking.cn/rankings/bcur/202621,campus,profile_campus,,,,,no,,赣南医科大学,no,
district,江西省,赣州市,南康区,1,1,4136010407,江西理工大学,本科,no,,single_candidate,该行政单元在现行口径下只有 1 个候选，无需比较,policy,resolved_policy,shanghairanking-bcur,shanghairanking-bcur,shanghairanking-bcur,2026,中国大学排名（主榜）,,rankOverall,2026软科 202,202,https://www.shanghairanking.cn/rankings/bcur/2026,campus,profile_campus,,,,,no,,江西理工大学,no,
district,江西省,赣州市,宁都县,0,0,,,,,,,,,no_candidate,,,,,,,,,,,,,,,,,no,,,no,
district,江西省,赣州市,全南县,0,0,,,,,,,,,no_candidate,,,,,,,,,,,,,,,,,no,,,no,
district,江西省,赣州市,瑞金市,0,0,,,,,,,,,no_candidate,,,,,,,,,,,,,,,,,no,,,no,
district,江西省,赣州市,上犹县,0,0,,,,,,,,,no_candidate,,,,,,,,,,,,,,,,,no,,,no,
district,江西省,赣州市,石城县,0,0,,,,,,,,,no_candidate,,,,,,,,,,,,,,,,,no,,,no,
district,江西省,赣州市,信丰县,0,0,,,,,,,,,no_candidate,,,,,,,,,,,,,,,,,no,,,no,
district,江西省,赣州市,兴国县,0,0,,,,,,,,,no_candidate,,,,,,,,,,,,,,,,,no,,,no,
district,江西省,赣州市,寻乌县,0,0,,,,,,,,,no_candidate,,,,,,,,,,,,,,,,,no,,,no,
district,江西省,赣州市,于都县,1,1,4136014921,赣州起元职业学院,专科,yes,,single_candidate,该行政单元在现行口径下只有 1 个候选，无需比较,policy,resolved_policy,,,,,,,,,,,campus,profile_campus,,,,,no,,赣州起元职业学院,no,
district,江西省,赣州市,章贡区,9,9,4136010407,江西理工大学,本科,no,,comparable_ranking,江西理工大学 在同榜可比名次上优于 赣南师范大学（软科 bcur）；候选池先按层次收敛：本科层次优先于更低层次（项目层次政策）,strong,resolved_strong,shanghairanking-bcur,shanghairanking-bcur,shanghairanking-bcur,2026,中国大学排名（主榜）,,rankOverall,2026软科 202,202,https://www.shanghairanking.cn/rankings/bcur/2026,campus,profile_campus,4136010418,赣南师范大学,本科,shanghairanking-bcur,yes,,江西理工大学|赣南师范大学,yes,1 leading candidate(s) carry no official list ranking
district,江西省,吉安市,安福县,0,0,,,,,,,,,no_candidate,,,,,,,,,,,,,,,,,no,,,no,
district,江西省,吉安市,吉安县,2,2,4136014839,江西飞行学院,本科,no,,level_order,本科层次优先于更低层次候选（项目层次政策）,policy,resolved_policy,,,,,,,,,,,campus,profile_campus,,,,,no,,江西飞行学院,no,no comparable second place: the deciding rule set aside the other 1 candidate(s) without leaving anybody on the winner's own scale
district,江西省,吉安市,吉水县,0,0,,,,,,,,,no_candidate,,,,,,,,,,,,,,,,,no,,,no,
district,江西省,吉安市,吉州区,3,3,4136010419,井冈山大学,本科,no,,level_order,本科层次优先于更低层次候选（项目层次政策）,policy,resolved_policy,shanghairanking-bcur,shanghairanking-bcur,shanghairanking-bcur,2026,中国大学排名（主榜）,,rankOverall,2026软科 351,351,https://www.shanghairanking.cn/rankings/bcur/2026,campus,profile_campus,,,,,no,,井冈山大学,no,no comparable second place: the deciding rule set aside the other 2 candidate(s) without leaving anybody on the winner's own scale
district,江西省,吉安市,井冈山市,2,2,4136013776,江西软件职业技术大学,本科,yes,,level_order,本科层次优先于更低层次候选（项目层次政策）,policy,resolved_policy,shanghairanking-bcvcr-private-vocational-undergraduate,shanghairanking-bcvcr-private-vocational-undergraduate,shanghairanking-bcvcr-private-vocational-undergraduate,2026,民办职业本科大学排名,,ranking,2026软科民办职业本科大学 20,20,https://www.shanghairanking.cn/rankings/bcvcr/2026750,campus,profile_campus,,,,,no,,江西软件职业技术大学,no,no comparable second place: the deciding rule set aside the other 1 candidate(s) without leaving anybody on the winner's own scale
district,江西省,吉安市,青原区,1,1,4136010419,井冈山大学,本科,no,,single_candidate,该行政单元在现行口径下只有 1 个候选，无需比较,policy,resolved_policy,shanghairanking-bcur,shanghairanking-bcur,shanghairanking-bcur,2026,中国大学排名（主榜）,,rankOverall,2026软科 351,351,https://www.shanghairanking.cn/rankings/bcur/2026,campus,profile_campus,,,,,no,,井冈山大学,no,
district,江西省,吉安市,遂川县,0,0,,,,,,,,,no_candidate,,,,,,,,,,,,,,,,,no,,,no,
district,江西省,吉安市,泰和县,0,0,,,,,,,,,no_candidate,,,,,,,,,,,,,,,,,no,,,no,
district,江西省,吉安市,万安县,0,0,,,,,,,,,no_candidate,,,,,,,,,,,,,,,,,no,,,no,
district,江西省,吉安市,峡江县,0,0,,,,,,,,,no_candidate,,,,,,,,,,,,,,,,,no,,,no,
district,江西省,吉安市,新干县,0,0,,,,,,,,,no_candidate,,,,,,,,,,,,,,,,,no,,,no,
district,江西省,吉安市,永丰县,0,0,,,,,,,,,no_candidate,,,,,,,,,,,,,,,,,no,,,no,
district,江西省,吉安市,永新县,0,0,,,,,,,,,no_candidate,,,,,,,,,,,,,,,,,no,,,no,
district,江西省,景德镇市,昌江区,0,0,,,,,,,,,no_candidate,,,,,,,,,,,,,,,,,no,,,no,
district,江西省,景德镇市,浮梁县,4,4,4136010408,景德镇陶瓷大学,本科,no,,comparable_ranking,景德镇陶瓷大学 在同榜可比名次上优于 景德镇学院（软科 bcur）；候选池先按层次收敛：本科层次优先于更低层次（项目层次政策）,strong,resolved_strong,shanghairanking-bcur,shanghairanking-bcur,shanghairanking-bcur,2026,中国大学排名（主榜）,,rankOverall,2026软科 321,321,https://www.shanghairanking.cn/rankings/bcur/2026,campus,profile_campus,4136010894,景德镇学院,本科,shanghairanking-bcur,yes,,景德镇陶瓷大学|景德镇学院,no,
district,江西省,景德镇市,乐平市,0,0,,,,,,,,,no_candidate,,,,,,,,,,,,,,,,,no,,,no,
district,江西省,景德镇市,珠山区,4,4,4136010408,景德镇陶瓷大学,本科,no,,public_before_private,同层次同标签下公办优先（按当前项目政策，非排名证据）；候选池先按层次收敛：本科层次优先于更低层次（项目层次政策）,policy,resolved_policy,shanghairanking-bcur,shanghairanking-bcur,shanghairanking-bcur,2026,中国大学排名（主榜）,,rankOverall,2026软科 321,321,https://www.shanghairanking.cn/rankings/bcur/2026,campus,profile_campus,,,,,no,,景德镇陶瓷大学,yes,no comparable second place: the deciding rule set aside the other 3 candidate(s) without leaving anybody on the winner's own scale
district,江西省,九江市,柴桑区,2,2,4136014919,九江卫生健康职业学院,专科,no,,public_before_private,同层次同标签下公办优先（按当前项目政策，非排名证据）,policy,resolved_policy,,,,,,,,,,,campus,profile_campus,,,,,no,,九江卫生健康职业学院,yes,no comparable second place: the deciding rule set aside the other 1 candidate(s) without leaving anybody on the winner's own scale
district,江西省,九江市,德安县,0,0,,,,,,,,,no_candidate,,,,,,,,,,,,,,,,,no,,,no,
district,江西省,九江市,都昌县,0,0,,,,,,,,,no_candidate,,,,,,,,,,,,,,,,,no,,,no,
district,江西省,九江市,共青城市,10,10,4136010406,南昌航空大学,本科,no,,public_before_private,同层次同标签下公办优先（按当前项目政策，非排名证据）；候选池先按层次收敛：本科层次优先于更低层次（项目层次政策）,policy,resolved_policy,shanghairanking-bcur,shanghairanking-bcur,shanghairanking-bcur,2026,中国大学排名（主榜）,,rankOverall,2026软科 181,181,https://www.shanghairanking.cn/rankings/bcur/2026,campus,profile_campus,,,,,no,,南昌航空大学,yes,no comparable second place: the deciding rule set aside the other 9 candidate(s) without leaving anybody on the winner's own scale
district,江西省,九江市,湖口县,0,0,,,,,,,,,no_candidate,,,,,,,,,,,,,,,,,no,,,no,
district,江西省,九江市,濂溪区,3,3,4136011843,九江学院,本科,no,,cross_group_scale_policy,九江学院 取自主榜序列；其余候选分属不同榜单体系，名次不可直接比较，按当前项目政策以主榜序列为先；候选池先按层次收敛：本科层次优先于更低层次（项目层次政策）,policy,resolved_policy,shanghairanking-bcur,shanghairanking-bcur,shanghairanking-bcur,2026,中国大学排名（主榜）,,rankOverall,2026软科 473,473,https://www.shanghairanking.cn/rankings/bcur/2026,campus,profile_campus,,,,,no,,九江学院,no,no comparable second place: the deciding rule set aside the other 2 candidate(s) without leaving anybody on the winner's own scale
district,江西省,九江市,庐山市,0,0,,,,,,,,,no_candidate,,,,,,,,,,,,,,,,,no,,,no,
district,江西省,九江市,彭泽县,0,0,,,,,,,,,no_candidate,,,,,,,,,,,,,,,,,no,,,no,
district,江西省,九江市,瑞昌市,0,0,,,,,,,,,no_candidate,,,,,,,,,,,,,,,,,no,,,no,
district,江西省,九江市,武宁县,0,0,,,,,,,,,no_candidate,,,,,,,,,,,,,,,,,no,,,no,
district,江西省,九江市,修水县,0,0,,,,,,,,,no_candidate,,,,,,,,,,,,,,,,,no,,,no,
district,江西省,九江市,浔阳区,3,3,4136011843,九江学院,本科,no,,level_order,本科层次优先于更低层次候选（项目层次政策）,policy,resolved_policy,shanghairanking-bcur,shanghairanking-bcur,shanghairanking-bcur,2026,中国大学排名（主榜）,,rankOverall,2026软科 473,473,https://www.shanghairanking.cn/rankings/bcur/2026,campus,profile_campus,,,,,no,,九江学院,no,no comparable second place: the deciding rule set aside the other 2 candidate(s) without leaving anybody on the winner's own scale
district,江西省,九江市,永修县,2,2,4136013869,江西青年职业学院,专科,no,,public_before_private,同层次同标签下公办优先（按当前项目政策，非排名证据）,policy,resolved_policy,shanghairanking-bcvcr-public-vocational,shanghairanking-bcvcr-public-vocational,shanghairanking-bcvcr-public-vocational,2026,中国高职专科院校排名（总榜）,综合,rankOverall,2026软科高职综合 112+ · 高职专科总榜 500+,500+,https://www.shanghairanking.cn/rankings/bcvcr/2026623,campus,historical_campus,,,,,no,,江西青年职业学院,yes,no comparable second place: the deciding rule set aside the other 1 candidate(s) without leaving anybody on the winner's own scale
district,江西省,南昌市,安义县,1,1,4136013420,南昌职业大学,本科,yes,,single_candidate,该行政单元在现行口径下只有 1 个候选，无需比较,policy,resolved_policy,shanghairanking-bcvcr-private-vocational-undergraduate,shanghairanking-bcvcr-private-vocational-undergraduate,shanghairanking-bcvcr-private-vocational-undergraduate,2026,民办职业本科大学排名,,ranking,2026软科民办职业本科大学 15,15,https://www.shanghairanking.cn/rankings/bcvcr/2026750,campus,profile_campus,,,,,no,,南昌职业大学,no,
district,江西省,南昌市,东湖区,6,6,4136010403,南昌大学,本科,no,211|双一流,prestige_tag,211 标签优先于无重点标签（国家官方重点建设名单）,strong,resolved_strong,shanghairanking-bcur,shanghairanking-bcur,shanghairanking-bcur,2026,中国大学排名（主榜）,,rankOverall,2026软科 74,74,https://www.shanghairanking.cn/rankings/bcur/2026,campus,profile_campus,4136010421,江西财经大学,本科,shanghairanking-bcur,yes,,南昌大学|江西财经大学,no,
district,江西省,南昌市,红谷滩区,12,12,4136010403,南昌大学,本科,no,211|双一流,prestige_tag,211 标签优先于无重点标签（国家官方重点建设名单）,strong,resolved_strong,shanghairanking-bcur,shanghairanking-bcur,shanghairanking-bcur,2026,中国大学排名（主榜）,,rankOverall,2026软科 74,74,https://www.shanghairanking.cn/rankings/bcur/2026,campus,profile_campus,4136010406,南昌航空大学,本科,shanghairanking-bcur,yes,,南昌大学|南昌航空大学,no,
district,江西省,南昌市,进贤县,2,2,4136012941,江西财经职业学院,专科,no,,comparable_ranking,江西财经职业学院 在同榜可比名次上优于 江西工程职业学院（软科 bcvcr-public-vocational）,strong,resolved_strong,shanghairanking-bcvcr-public-vocational,shanghairanking-bcvcr-public-vocational,shanghairanking-bcvcr-public-vocational,2026,中国高职专科院校排名（总榜）,财经,rankOverall,2026软科高职专科总榜 204,204,https://www.shanghairanking.cn/rankings/bcvcr/2026623,campus,profile_campus,4136013868,江西工程职业学院,专科,shanghairanking-bcvcr-public-vocational,yes,,江西财经职业学院|江西工程职业学院,no,
district,江西省,南昌市,南昌县,17,17,4136010414,江西师范大学,本科,no,,public_before_private,同层次同标签下公办优先（按当前项目政策，非排名证据）；候选池先按层次收敛：本科层次优先于更低层次（项目层次政策）,policy,resolved_policy,shanghairanking-bcur,shanghairanking-bcur,shanghairanking-bcur,2026,中国大学排名（主榜）,,rankOverall,2026软科 126,126,https://www.shanghairanking.cn/rankings/bcur/2026,campus,historical_campus,4136011319,江西水利电力大学,本科,shanghairanking-bcur,yes,,江西师范大学|江西水利电力大学,yes,
district,江西省,南昌市,青山湖区,23,23,4136010403,南昌大学,本科,no,211|双一流,prestige_tag,211 标签优先于无重点标签（国家官方重点建设名单）,strong,resolved_strong,shanghairanking-bcur,shanghairanking-bcur,shanghairanking-bcur,2026,中国大学排名（主榜）,,rankOverall,2026软科 74,74,https://www.shanghairanking.cn/rankings/bcur/2026,campus,profile_campus,4136010421,江西财经大学,本科,shanghairanking-bcur,yes,,南昌大学|江西财经大学,no,
district,江西省,南昌市,青云谱区,5,5,4136013867,江西制造职业技术学院,专科,no,,comparable_ranking,江西制造职业技术学院 在同榜可比名次上优于 江西机电职业技术学院（软科 bcvcr-public-vocational）,strong,resolved_strong,shanghairanking-bcvcr-public-vocational,shanghairanking-bcvcr-public-vocational,shanghairanking-bcvcr-public-vocational,2026,中国高职专科院校排名（总榜）,理工,rankOverall,2026软科高职专科总榜 292,292,https://www.shanghairanking.cn/rankings/bcvcr/2026623,campus,profile_campus,4136012976,江西机电职业技术学院,专科,shanghairanking-bcvcr-public-vocational,yes,,江西制造职业技术学院|江西机电职业技术学院,yes,1 leading candidate(s) carry no official list ranking
district,江西省,南昌市,西湖区,2,2,4136010412,江西中医药大学,本科,no,,level_order,本科层次优先于更低层次候选（项目层次政策）,policy,resolved_policy,shanghairanking-bcur,shanghairanking-bcur,shanghairanking-bcur,2026,中国中医药大学排名,中医药,rankOverall,2026软科中医药 13 · 主榜参考 199,199,https://www.shanghairanking.cn/rankings/bcur/2026745,campus,profile_campus,,,,,no,,江西中医药大学,no,no comparable second place: the deciding rule set aside the other 1 candidate(s) without leaving anybody on the winner's own scale
district,江西省,南昌市,新建区,18,18,4136010421,江西财经大学,本科,no,,public_before_private,同层次同标签下公办优先（按当前项目政策，非排名证据）；候选池先按层次收敛：本科层次优先于更低层次（项目层次政策）,policy,resolved_policy,shanghairanking-bcur,shanghairanking-bcur,shanghairanking-bcur,2026,中国财经类大学排名,财经,rankOverall,2026软科财经 7 · 主榜参考 101,101,https://www.shanghairanking.cn/rankings/bcur/202622,campus,profile_campus,4136010404,华东交通大学,本科,shanghairanking-bcur,yes,,江西财经大学|华东交通大学,yes,
district,江西省,萍乡市,安源区,4,4,4136010895,萍乡学院,本科,no,,level_order,本科层次优先于更低层次候选（项目层次政策）,policy,resolved_policy,shanghairanking-bcur,shanghairanking-bcur,shanghairanking-bcur,2026,中国大学排名（主榜）,,rankOverall,2026软科 500+,500+,https://www.shanghairanking.cn/rankings/bcur/2026,campus,profile_campus,,,,,no,,萍乡学院,no,no comparable second place: the deciding rule set aside the other 3 candidate(s) without leaving anybody on the winner's own scale
district,江西省,萍乡市,莲花县,0,0,,,,,,,,,no_candidate,,,,,,,,,,,,,,,,,no,,,no,
district,江西省,萍乡市,芦溪县,0,0,,,,,,,,,no_candidate,,,,,,,,,,,,,,,,,no,,,no,
district,江西省,萍乡市,上栗县,0,0,,,,,,,,,no_candidate,,,,,,,,,,,,,,,,,no,,,no,
district,江西省,萍乡市,湘东区,2,2,4136013425,江西应用工程职业学院,专科,no,,deterministic_fallback_policy,江西应用工程职业学院 由项目稳定兜底规则选出：在层次、重点标签、公办/民办与可比榜单仍无法唯一分开时，按榜单体系优先级、区间下界与稳定名称顺序决定展示 winner；该结论不是发布方跨榜排名,policy,resolved_policy,shanghairanking-bcvcr-public-vocational,shanghairanking-bcvcr-public-vocational,shanghairanking-bcvcr-public-vocational,2026,中国高职专科院校排名（总榜）,理工,rankOverall,2026软科高职理工 230+ · 高职专科总榜 500+,500+,https://www.shanghairanking.cn/rankings/bcvcr/2026623,campus,profile_campus,,,,,no,,江西应用工程职业学院,yes,1 leading candidate(s) carry no official list ranking; no comparable second place: the deciding rule set aside the other 1 candidate(s) without leaving anybody on the winner's own scale
district,江西省,上饶市,德兴市,0,0,,,,,,,,,no_candidate,,,,,,,,,,,,,,,,,no,,,no,
district,江西省,上饶市,广丰区,1,1,4136014808,上饶卫生健康职业学院,专科,no,,single_candidate,该行政单元在现行口径下只有 1 个候选，无需比较,policy,resolved_policy,,,,,,,,,,,campus,profile_campus,,,,,no,,上饶卫生健康职业学院,no,
district,江西省,上饶市,广信区,1,1,4136013870,上饶职业技术学院,专科,no,,single_candidate,该行政单元在现行口径下只有 1 个候选，无需比较,policy,resolved_policy,shanghairanking-bcvcr-public-vocational,shanghairanking-bcvcr-public-vocational,shanghairanking-bcvcr-public-vocational,2026,中国高职专科院校排名（总榜）,理工,rankOverall,2026软科高职理工 230+ · 高职专科总榜 500+,500+,https://www.shanghairanking.cn/rankings/bcvcr/2026623,campus,profile_campus,,,,,no,,上饶职业技术学院,no,
district,江西省,上饶市,横峰县,0,0,,,,,,,,,no_candidate,,,,,,,,,,,,,,,,,no,,,no,
district,江西省,上饶市,鄱阳县,1,1,4136014958,鄱阳职业学院,专科,no,,single_candidate,该行政单元在现行口径下只有 1 个候选，无需比较,policy,resolved_policy,,,,,,,,,,,campus,profile_campus,,,,,no,,鄱阳职业学院,no,
district,江西省,上饶市,铅山县,0,0,,,,,,,,,no_candidate,,,,,,,,,,,,,,,,,no,,,no,
district,江西省,上饶市,万年县,0,0,,,,,,,,,no_candidate,,,,,,,,,,,,,,,,,no,,,no,
district,江西省,上饶市,婺源县,2,2,4136014657,江西婺源茶业职业学院,专科,no,,deterministic_fallback_policy,江西婺源茶业职业学院 由项目稳定兜底规则选出：在层次、重点标签、公办/民办与可比榜单仍无法唯一分开时，按榜单体系优先级、区间下界与稳定名称顺序决定展示 winner；该结论不是发布方跨榜排名,policy,resolved_policy,shanghairanking-bcvcr-public-vocational,shanghairanking-bcvcr-public-vocational,shanghairanking-bcvcr-public-vocational,2026,中国高职专科院校排名（总榜）,综合,rankOverall,2026软科高职综合 112+ · 高职专科总榜 500+,500+,https://www.shanghairanking.cn/rankings/bcvcr/2026623,campus,profile_campus,4136013870,上饶职业技术学院,专科,shanghairanking-bcvcr-public-vocational,yes,,江西婺源茶业职业学院|上饶职业技术学院,no,
district,江西省,上饶市,信州区,3,3,4136010416,上饶师范学院,本科,no,,level_order,本科层次优先于更低层次候选（项目层次政策）,policy,resolved_policy,shanghairanking-bcur,shanghairanking-bcur,shanghairanking-bcur,2026,中国大学排名（主榜）,,rankOverall,2026软科 457,457,https://www.shanghairanking.cn/rankings/bcur/2026,campus,profile_campus,,,,,no,,上饶师范学院,no,no comparable second place: the deciding rule set aside the other 2 candidate(s) without leaving anybody on the winner's own scale
district,江西省,上饶市,弋阳县,1,1,4136010416,上饶师范学院,本科,no,,single_candidate,该行政单元在现行口径下只有 1 个候选，无需比较,policy,resolved_policy,shanghairanking-bcur,shanghairanking-bcur,shanghairanking-bcur,2026,中国大学排名（主榜）,,rankOverall,2026软科 457,457,https://www.shanghairanking.cn/rankings/bcur/2026,campus,profile_campus,,,,,no,,上饶师范学院,no,
district,江西省,上饶市,余干县,0,0,,,,,,,,,no_candidate,,,,,,,,,,,,,,,,,no,,,no,
district,江西省,上饶市,玉山县,0,0,,,,,,,,,no_candidate,,,,,,,,,,,,,,,,,no,,,no,
district,江西省,新余市,分宜县,0,0,,,,,,,,,no_candidate,,,,,,,,,,,,,,,,,no,,,no,
district,江西省,新余市,渝水区,6,6,4136011508,新余学院,本科,no,,public_before_private,同层次同标签下公办优先（按当前项目政策，非排名证据）；候选池先按层次收敛：本科层次优先于更低层次（项目层次政策）,policy,resolved_policy,shanghairanking-bcur,shanghairanking-bcur,shanghairanking-bcur,2026,中国大学排名（主榜）,,rankOverall,2026软科 500+,500+,https://www.shanghairanking.cn/rankings/bcur/2026,campus,profile_campus,,,,,no,,新余学院,yes,no comparable second place: the deciding rule set aside the other 5 candidate(s) without leaving anybody on the winner's own scale
district,江西省,宜春市,丰城市,3,3,4136012795,南昌理工学院,本科,yes,,level_order,本科层次优先于更低层次候选（项目层次政策）,policy,resolved_policy,shanghairanking-bcur-private,shanghairanking-bcur-private,shanghairanking-bcur-private,2026,中国民办高校排名（主榜）,,ranking,2026软科民办 47,47,https://www.shanghairanking.cn/rankings/bcur/202615,campus,profile_campus,,,,,no,,南昌理工学院,no,no comparable second place: the deciding rule set aside the other 2 candidate(s) without leaving anybody on the winner's own scale
district,江西省,宜春市,奉新县,0,0,,,,,,,,,no_candidate,,,,,,,,,,,,,,,,,no,,,no,
district,江西省,宜春市,高安市,2,2,4136010417,宜春学院,本科,no,,level_order,本科层次优先于更低层次候选（项目层次政策）,policy,resolved_policy,shanghairanking-bcur,shanghairanking-bcur,shanghairanking-bcur,2026,中国大学排名（主榜）,,rankOverall,2026软科 431,431,https://www.shanghairanking.cn/rankings/bcur/2026,campus,historical_campus,,,,,no,,宜春学院,no,no comparable second place: the deciding rule set aside the other 1 candidate(s) without leaving anybody on the winner's own scale
district,江西省,宜春市,靖安县,1,1,4136013431,南昌交通学院,本科,yes,,single_candidate,该行政单元在现行口径下只有 1 个候选，无需比较,policy,resolved_policy,shanghairanking-bcur-private,shanghairanking-bcur-private,shanghairanking-bcur-private,2026,中国民办高校排名（主榜）,理工,rankOverall,2026软科民办 100+,100+,https://www.shanghairanking.cn/rankings/bcur/202615,campus,profile_campus,,,,,no,,南昌交通学院,no,
district,江西省,宜春市,上高县,0,0,,,,,,,,,no_candidate,,,,,,,,,,,,,,,,,no,,,no,
district,江西省,宜春市,铜鼓县,0,0,,,,,,,,,no_candidate,,,,,,,,,,,,,,,,,no,,,no,
district,江西省,宜春市,万载县,0,0,,,,,,,,,no_candidate,,,,,,,,,,,,,,,,,no,,,no,
district,江西省,宜春市,宜丰县,0,0,,,,,,,,,no_candidate,,,,,,,,,,,,,,,,,no,,,no,
district,江西省,宜春市,袁州区,4,4,4136010417,宜春学院,本科,no,,level_order,本科层次优先于更低层次候选（项目层次政策）,policy,resolved_policy,shanghairanking-bcur,shanghairanking-bcur,shanghairanking-bcur,2026,中国大学排名（主榜）,,rankOverall,2026软科 431,431,https://www.shanghairanking.cn/rankings/bcur/2026,campus,profile_campus,,,,,no,,宜春学院,no,no comparable second place: the deciding rule set aside the other 3 candidate(s) without leaving anybody on the winner's own scale
district,江西省,宜春市,樟树市,3,3,4136012795,南昌理工学院,本科,yes,,level_order,本科层次优先于更低层次候选（项目层次政策）,policy,resolved_policy,shanghairanking-bcur-private,shanghairanking-bcur-private,shanghairanking-bcur-private,2026,中国民办高校排名（主榜）,,ranking,2026软科民办 47,47,https://www.shanghairanking.cn/rankings/bcur/202615,campus,historical_campus,,,,,no,,南昌理工学院,no,no comparable second place: the deciding rule set aside the other 2 candidate(s) without leaving anybody on the winner's own scale
district,江西省,鹰潭市,贵溪市,2,2,4136014537,江西师范高等专科学校,专科,no,,comparable_ranking,江西师范高等专科学校 在同榜可比名次上优于 鹰潭职业技术学院（软科 bcvcr-public-vocational）,strong,resolved_strong,shanghairanking-bcvcr-public-vocational,shanghairanking-bcvcr-public-vocational,shanghairanking-bcvcr-public-vocational,2026,中国高职专科院校排名（总榜）,师范,rankOverall,2026软科高职专科总榜 415,415,https://www.shanghairanking.cn/rankings/bcvcr/2026623,campus,historical_campus,4136012937,鹰潭职业技术学院,专科,shanghairanking-bcvcr-public-vocational,yes,,江西师范高等专科学校|鹰潭职业技术学院,no,
district,江西省,鹰潭市,余江区,0,0,,,,,,,,,no_candidate,,,,,,,,,,,,,,,,,no,,,no,
district,江西省,鹰潭市,月湖区,2,2,4136012937,鹰潭职业技术学院,专科,no,,public_before_private,同层次同标签下公办优先（按当前项目政策，非排名证据）,policy,resolved_policy,shanghairanking-bcvcr-public-vocational,shanghairanking-bcvcr-public-vocational,shanghairanking-bcvcr-public-vocational,2026,中国高职专科院校排名（总榜）,综合,rankOverall,2026软科高职综合 112+ · 高职专科总榜 500+,500+,https://www.shanghairanking.cn/rankings/bcvcr/2026623,campus,historical_campus,,,,,no,,鹰潭职业技术学院,yes,no comparable second place: the deciding rule set aside the other 1 candidate(s) without leaving anybody on the winner's own scale
district,辽宁省,鞍山市,海城市,1,1,4121010157,沈阳农业大学,本科,no,,single_candidate,该行政单元在现行口径下只有 1 个候选，无需比较,policy,resolved_policy,shanghairanking-bcur,shanghairanking-bcur,shanghairanking-bcur,2026,中国大学排名（主榜）,,rankOverall,2026软科 153,153,https://www.shanghairanking.cn/rankings/bcur/2026,campus,historical_campus,,,,,no,,沈阳农业大学,no,
district,辽宁省,鞍山市,立山区,1,1,4121010146,辽宁科技大学,本科,no,,single_candidate,该行政单元在现行口径下只有 1 个候选，无需比较,policy,resolved_policy,shanghairanking-bcur,shanghairanking-bcur,shanghairanking-bcur,2026,中国大学排名（主榜）,,rankOverall,2026软科 304,304,https://www.shanghairanking.cn/rankings/bcur/2026,campus,profile_campus,,,,,no,,辽宁科技大学,no,
district,辽宁省,鞍山市,千山区,1,1,4121010169,鞍山师范学院,本科,no,,single_candidate,该行政单元在现行口径下只有 1 个候选，无需比较,policy,resolved_policy,shanghairanking-bcur,shanghairanking-bcur,shanghairanking-bcur,2026,中国大学排名（主榜）,,rankOverall,2026软科 478,478,https://www.shanghairanking.cn/rankings/bcur/2026,campus,profile_campus,,,,,no,,鞍山师范学院,no,
district,辽宁省,鞍山市,台安县,1,1,4121010169,鞍山师范学院,本科,no,,single_candidate,该行政单元在现行口径下只有 1 个候选，无需比较,policy,resolved_policy,shanghairanking-bcur,shanghairanking-bcur,shanghairanking-bcur,2026,中国大学排名（主榜）,,rankOverall,2026软科 478,478,https://www.shanghairanking.cn/rankings/bcur/2026,campus,historical_campus,,,,,no,,鞍山师范学院,no,
district,辽宁省,鞍山市,铁东区,1,1,4121010169,鞍山师范学院,本科,no,,single_candidate,该行政单元在现行口径下只有 1 个候选，无需比较,policy,resolved_policy,shanghairanking-bcur,shanghairanking-bcur,shanghairanking-bcur,2026,中国大学排名（主榜）,,rankOverall,2026软科 478,478,https://www.shanghairanking.cn/rankings/bcur/2026,campus,profile_campus,,,,,no,,鞍山师范学院,no,
district,辽宁省,鞍山市,铁西区,2,2,4121012593,辽宁生态工程职业学院,专科,no,,comparable_ranking,辽宁生态工程职业学院 在同榜可比名次上优于 鞍山职业技术学院（软科 bcvcr-public-vocational）,strong,resolved_strong,shanghairanking-bcvcr-public-vocational,shanghairanking-bcvcr-public-vocational,shanghairanking-bcvcr-public-vocational,2026,中国高职专科院校排名（总榜）,农林,rankOverall,2026软科高职专科总榜 436,436,https://www.shanghairanking.cn/rankings/bcvcr/2026623,campus,profile_campus,4121014700,鞍山职业技术学院,专科,shanghairanking-bcvcr-public-vocational,yes,,辽宁生态工程职业学院|鞍山职业技术学院,no,
district,辽宁省,鞍山市,岫岩满族自治县,0,0,,,,,,,,,no_candidate,,,,,,,,,,,,,,,,,no,,,no,
district,辽宁省,本溪市,本溪满族自治县,0,0,,,,,,,,,no_candidate,,,,,,,,,,,,,,,,,no,,,no,
district,辽宁省,本溪市,桓仁满族自治县,0,0,,,,,,,,,no_candidate,,,,,,,,,,,,,,,,,no,,,no,
district,辽宁省,本溪市,明山区,1,1,4121014286,辽宁冶金职业技术学院,专科,no,,single_candidate,该行政单元在现行口径下只有 1 个候选，无需比较,policy,resolved_policy,shanghairanking-bcvcr-public-vocational,shanghairanking-bcvcr-public-vocational,shanghairanking-bcvcr-public-vocational,2026,中国高职专科院校排名（总榜）,理工,rankOverall,2026软科高职理工 230+ · 高职专科总榜 500+,500+,https://www.shanghairanking.cn/rankings/bcvcr/2026623,campus,profile_campus,,,,,no,,辽宁冶金职业技术学院,no,
district,辽宁省,本溪市,南芬区,0,0,,,,,,,,,no_candidate,,,,,,,,,,,,,,,,,no,,,no,
district,辽宁省,本溪市,平山区,1,1,4121014286,辽宁冶金职业技术学院,专科,no,,single_candidate,该行政单元在现行口径下只有 1 个候选，无需比较,policy,resolved_policy,shanghairanking-bcvcr-public-vocational,shanghairanking-bcvcr-public-vocational,shanghairanking-bcvcr-public-vocational,2026,中国高职专科院校排名（总榜）,理工,rankOverall,2026软科高职理工 230+ · 高职专科总榜 500+,500+,https://www.shanghairanking.cn/rankings/bcvcr/2026623,campus,profile_campus,,,,,no,,辽宁冶金职业技术学院,no,
district,辽宁省,本溪市,溪湖区,5,5,4121010159,中国医科大学,本科,no,,comparable_ranking,中国医科大学 在同榜可比名次上优于 沈阳药科大学（软科 bcur）；候选池先按层次收敛：本科层次优先于更低层次（项目层次政策）,strong,resolved_strong,shanghairanking-bcur,shanghairanking-bcur,shanghairanking-bcur,2026,中国医药类大学排名,医药,rankOverall,2026软科医药 6 · 主榜参考 62,62,https://www.shanghairanking.cn/rankings/bcur/202621,campus,historical_campus,4121010163,沈阳药科大学,本科,shanghairanking-bcur,yes,,中国医科大学|沈阳药科大学,no,
district,辽宁省,朝阳市,北票市,1,1,4221051143,朝阳职业技术学院,专科,no,,single_candidate,该行政单元在现行口径下只有 1 个候选，无需比较,policy,resolved_policy,,,,,,,,,,,district_association,association,,,,,no,,朝阳职业技术学院,no,
district,辽宁省,朝阳市,朝阳县,0,0,,,,,,,,,no_candidate,,,,,,,,,,,,,,,,,no,,,no,
district,辽宁省,朝阳市,建平县,0,0,,,,,,,,,no_candidate,,,,,,,,,,,,,,,,,no,,,no,
district,辽宁省,朝阳市,喀喇沁左翼蒙古族自治县,0,0,,,,,,,,,no_candidate,,,,,,,,,,,,,,,,,no,,,no,
district,辽宁省,朝阳市,凌源市,0,0,,,,,,,,,no_candidate,,,,,,,,,,,,,,,,,no,,,no,
district,辽宁省,朝阳市,龙城区,0,0,,,,,,,,,no_candidate,,,,,,,,,,,,,,,,,no,,,no,
district,辽宁省,朝阳市,双塔区,2,2,4121010171,朝阳师范学院,本科,no,,level_order,本科层次优先于更低层次候选（项目层次政策）,policy,resolved_policy,,,,,,,,,,,campus,profile_campus,,,,,no,,朝阳师范学院,no,no comparable second place: the deciding rule set aside the other 1 candidate(s) without leaving anybody on the winner's own scale
district,辽宁省,大连市,甘井子区,12,12,4121010141,大连理工大学,本科,no,985|211|双一流,prestige_tag,985 标签优先于211（国家官方重点建设名单）,strong,resolved_strong,shanghairanking-bcur,shanghairanking-bcur,shanghairanking-bcur,2026,中国大学排名（主榜）,,rankOverall,2026软科 28,28,https://www.shanghairanking.cn/rankings/bcur/2026,campus,profile_campus,4121010151,大连海事大学,本科,shanghairanking-bcur,yes,,大连理工大学|大连海事大学,no,
district,辽宁省,大连市,金州区,12,12,4121010141,大连理工大学,本科,no,985|211|双一流,prestige_tag,985 标签优先于无重点标签（国家官方重点建设名单）,strong,resolved_strong,shanghairanking-bcur,shanghairanking-bcur,shanghairanking-bcur,2026,中国大学排名（主榜）,,rankOverall,2026软科 28,28,https://www.shanghairanking.cn/rankings/bcur/2026,campus,historical_campus,4121012026,大连民族大学,本科,shanghairanking-bcur,yes,,大连理工大学|大连民族大学,no,
district,辽宁省,大连市,旅顺口区,7,7,4121010161,大连医科大学,本科,no,,public_before_private,同层次同标签下公办优先（按当前项目政策，非排名证据）；公办候选之间再按同榜名次比较；候选池先按层次收敛：本科层次优先于更低层次（项目层次政策）,policy,resolved_policy,shanghairanking-bcur,shanghairanking-bcur,shanghairanking-bcur,2026,中国医药类大学排名,医药,rankOverall,2026软科医药 13 · 主榜参考 112,112,https://www.shanghairanking.cn/rankings/bcur/202621,campus,profile_campus,4121010150,大连交通大学,本科,shanghairanking-bcur,yes,,大连医科大学|大连交通大学,yes,
district,辽宁省,大连市,普兰店区,0,0,,,,,,,,,no_candidate,,,,,,,,,,,,,,,,,no,,,no,
district,辽宁省,大连市,沙河口区,5,5,4121010173,东北财经大学,本科,no,,comparable_ranking,东北财经大学 在同榜可比名次上优于 辽宁师范大学（软科 bcur）；候选池先按层次收敛：本科层次优先于更低层次（项目层次政策）,strong,resolved_strong,shanghairanking-bcur,shanghairanking-bcur,shanghairanking-bcur,2026,中国财经类大学排名,财经,rankOverall,2026软科财经 6 · 主榜参考 81,81,https://www.shanghairanking.cn/rankings/bcur/202622,campus,profile_campus,4121010165,辽宁师范大学,本科,shanghairanking-bcur,yes,,东北财经大学|辽宁师范大学,no,
district,辽宁省,大连市,瓦房店市,1,1,4121010158,大连海洋大学,本科,no,,single_candidate,该行政单元在现行口径下只有 1 个候选，无需比较,policy,resolved_policy,shanghairanking-bcur,shanghairanking-bcur,shanghairanking-bcur,2026,中国大学排名（主榜）,,rankOverall,2026软科 296,296,https://www.shanghairanking.cn/rankings/bcur/2026,campus,profile_campus,,,,,no,,大连海洋大学,no,
district,辽宁省,大连市,西岗区,3,3,4121010141,大连理工大学,本科,no,985|211|双一流,prestige_tag,985 标签优先于无重点标签（国家官方重点建设名单）,strong,resolved_strong,shanghairanking-bcur,shanghairanking-bcur,shanghairanking-bcur,2026,中国大学排名（主榜）,,rankOverall,2026软科 28,28,https://www.shanghairanking.cn/rankings/bcur/2026,campus,historical_campus,4121010150,大连交通大学,本科,shanghairanking-bcur,yes,,大连理工大学|大连交通大学,no,
district,辽宁省,大连市,长海县,0,0,,,,,,,,,no_candidate,,,,,,,,,,,,,,,,,no,,,no,
district,辽宁省,大连市,中山区,1,1,4121010172,大连外国语大学,本科,no,,single_candidate,该行政单元在现行口径下只有 1 个候选，无需比较,policy,resolved_policy,shanghairanking-bcur,shanghairanking-bcur,shanghairanking-bcur,2026,中国语言类大学排名,语言,rankOverall,2026软科语言 12 · 主榜参考 266,266,https://www.shanghairanking.cn/rankings/bcur/202623,campus,profile_campus,,,,,no,,大连外国语大学,no,
district,辽宁省,大连市,庄河市,2,2,4121013203,大连工业大学艺术与信息工程学院,本科,yes,,deterministic_fallback_policy,大连工业大学艺术与信息工程学院 由项目稳定兜底规则选出：在层次、重点标签、公办/民办与可比榜单仍无法唯一分开时，按榜单体系优先级、区间下界与稳定名称顺序决定展示 winner；该结论不是发布方跨榜排名,policy,resolved_policy,,,,,,,,,,,campus,profile_campus,,,,,no,,大连工业大学艺术与信息工程学院,yes,1 leading candidate(s) carry no official list ranking; no comparable second place: the deciding rule set aside the other 1 candidate(s) without leaving anybody on the winner's own scale
district,辽宁省,丹东市,东港市,0,0,,,,,,,,,no_candidate,,,,,,,,,,,,,,,,,no,,,no,
district,辽宁省,丹东市,凤城市,0,0,,,,,,,,,no_candidate,,,,,,,,,,,,,,,,,no,,,no,
district,辽宁省,丹东市,宽甸满族自治县,0,0,,,,,,,,,no_candidate,,,,,,,,,,,,,,,,,no,,,no,
district,辽宁省,丹东市,元宝区,1,1,4121011779,辽东学院,本科,no,,single_candidate,该行政单元在现行口径下只有 1 个候选，无需比较,policy,resolved_policy,shanghairanking-bcur,shanghairanking-bcur,shanghairanking-bcur,2026,中国大学排名（主榜）,,rankOverall,2026软科 500+,500+,https://www.shanghairanking.cn/rankings/bcur/2026,campus,profile_campus,,,,,no,,辽东学院,no,
district,辽宁省,丹东市,振安区,1,1,4121011779,辽东学院,本科,no,,single_candidate,该行政单元在现行口径下只有 1 个候选，无需比较,policy,resolved_policy,shanghairanking-bcur,shanghairanking-bcur,shanghairanking-bcur,2026,中国大学排名（主榜）,,rankOverall,2026软科 500+,500+,https://www.shanghairanking.cn/rankings/bcur/2026,campus,profile_campus,,,,,no,,辽东学院,no,
district,辽宁省,丹东市,振兴区,2,2,4121012898,辽宁机电职业技术学院,专科,no,,comparable_ranking,辽宁机电职业技术学院 在同榜可比名次上优于 辽宁地质工程职业学院（软科 bcvcr-public-vocational）,strong,resolved_strong,shanghairanking-bcvcr-public-vocational,shanghairanking-bcvcr-public-vocational,shanghairanking-bcvcr-public-vocational,2026,中国高职专科院校排名（总榜）,理工,rankOverall,2026软科高职专科总榜 125,125,https://www.shanghairanking.cn/rankings/bcvcr/2026623,campus,profile_campus,4121014106,辽宁地质工程职业学院,专科,shanghairanking-bcvcr-public-vocational,yes,,辽宁机电职业技术学院|辽宁地质工程职业学院,no,
district,辽宁省,抚顺市,东洲区,0,0,,,,,,,,,no_candidate,,,,,,,,,,,,,,,,,no,,,no,
district,辽宁省,抚顺市,抚顺县,1,1,4121011037,抚顺职业技术学院,专科,no,,single_candidate,该行政单元在现行口径下只有 1 个候选，无需比较,policy,resolved_policy,shanghairanking-bcvcr-public-vocational,shanghairanking-bcvcr-public-vocational,shanghairanking-bcvcr-public-vocational,2026,中国高职专科院校排名（总榜）,综合,rankOverall,2026软科高职综合 112+ · 高职专科总榜 500+,500+,https://www.shanghairanking.cn/rankings/bcvcr/2026623,campus,profile_campus,,,,,no,,抚顺职业技术学院,no,
district,辽宁省,抚顺市,清原满族自治县,0,0,,,,,,,,,no_candidate,,,,,,,,,,,,,,,,,no,,,no,
district,辽宁省,抚顺市,顺城区,0,0,,,,,,,,,no_candidate,,,,,,,,,,,,,,,,,no,,,no,
district,辽宁省,抚顺市,望花区,3,3,4121010148,辽宁石油化工大学,本科,no,,public_before_private,同层次同标签下公办优先（按当前项目政策，非排名证据）；候选池先按层次收敛：本科层次优先于更低层次（项目层次政策）,policy,resolved_policy,shanghairanking-bcur,shanghairanking-bcur,shanghairanking-bcur,2026,中国大学排名（主榜）,,rankOverall,2026软科 263,263,https://www.shanghairanking.cn/rankings/bcur/2026,campus,profile_campus,,,,,no,,辽宁石油化工大学,yes,no comparable second place: the deciding rule set aside the other 2 candidate(s) without leaving anybody on the winner's own scale
district,辽宁省,抚顺市,新宾满族自治县,0,0,,,,,,,,,no_candidate,,,,,,,,,,,,,,,,,no,,,no,
district,辽宁省,抚顺市,新抚区,0,0,,,,,,,,,no_candidate,,,,,,,,,,,,,,,,,no,,,no,
district,辽宁省,阜新市,阜新蒙古族自治县,0,0,,,,,,,,,no_candidate,,,,,,,,,,,,,,,,,no,,,no,
district,辽宁省,阜新市,海州区,1,1,4121011250,阜新高等专科学校,专科,no,,single_candidate,该行政单元在现行口径下只有 1 个候选，无需比较,policy,resolved_policy,shanghairanking-bcvcr-public-vocational,shanghairanking-bcvcr-public-vocational,shanghairanking-bcvcr-public-vocational,2026,中国高职专科院校排名（总榜）,综合,rankOverall,2026软科高职综合 112+ · 高职专科总榜 500+,500+,https://www.shanghairanking.cn/rankings/bcvcr/2026623,campus,profile_campus,,,,,no,,阜新高等专科学校,no,
district,辽宁省,阜新市,清河门区,0,0,,,,,,,,,no_candidate,,,,,,,,,,,,,,,,,no,,,no,
district,辽宁省,阜新市,太平区,0,0,,,,,,,,,no_candidate,,,,,,,,,,,,,,,,,no,,,no,
district,辽宁省,阜新市,细河区,2,2,4121010147,辽宁工程技术大学,本科,no,,level_order,本科层次优先于更低层次候选（项目层次政策）,policy,resolved_policy,shanghairanking-bcur,shanghairanking-bcur,shanghairanking-bcur,2026,中国大学排名（主榜）,,rankOverall,2026软科 271,271,https://www.shanghairanking.cn/rankings/bcur/2026,campus,profile_campus,,,,,no,,辽宁工程技术大学,no,no comparable second place: the deciding rule set aside the other 1 candidate(s) without leaving anybody on the winner's own scale
district,辽宁省,阜新市,新邱区,0,0,,,,,,,,,no_candidate,,,,,,,,,,,,,,,,,no,,,no,
district,辽宁省,阜新市,彰武县,0,0,,,,,,,,,no_candidate,,,,,,,,,,,,,,,,,no,,,no,
district,辽宁省,葫芦岛市,建昌县,0,0,,,,,,,,,no_candidate,,,,,,,,,,,,,,,,,no,,,no,
district,辽宁省,葫芦岛市,连山区,0,0,,,,,,,,,no_candidate,,,,,,,,,,,,,,,,,no,,,no,
district,辽宁省,葫芦岛市,龙港区,0,0,,,,,,,,,no_candidate,,,,,,,,,,,,,,,,,no,,,no,
district,辽宁省,葫芦岛市,南票区,0,0,,,,,,,,,no_candidate,,,,,,,,,,,,,,,,,no,,,no,
district,辽宁省,葫芦岛市,绥中县,0,0,,,,,,,,,no_candidate,,,,,,,,,,,,,,,,,no,,,no,
district,辽宁省,葫芦岛市,兴城市,3,3,4121010147,辽宁工程技术大学,本科,no,,public_before_private,同层次同标签下公办优先（按当前项目政策，非排名证据）；候选池先按层次收敛：本科层次优先于更低层次（项目层次政策）,policy,resolved_policy,shanghairanking-bcur,shanghairanking-bcur,shanghairanking-bcur,2026,中国大学排名（主榜）,,rankOverall,2026软科 271,271,https://www.shanghairanking.cn/rankings/bcur/2026,campus,profile_campus,,,,,no,,辽宁工程技术大学,yes,no comparable second place: the deciding rule set aside the other 2 candidate(s) without leaving anybody on the winner's own scale
district,辽宁省,锦州市,北镇市,0,0,,,,,,,,,no_candidate,,,,,,,,,,,,,,,,,no,,,no,
district,辽宁省,锦州市,古塔区,2,2,4121010154,辽宁工业大学,本科,no,,level_order,本科层次优先于更低层次候选（项目层次政策）,policy,resolved_policy,shanghairanking-bcur,shanghairanking-bcur,shanghairanking-bcur,2026,中国大学排名（主榜）,,rankOverall,2026软科 279,279,https://www.shanghairanking.cn/rankings/bcur/2026,campus,profile_campus,,,,,no,,辽宁工业大学,no,no comparable second place: the deciding rule set aside the other 1 candidate(s) without leaving anybody on the winner's own scale
district,辽宁省,锦州市,黑山县,0,0,,,,,,,,,no_candidate,,,,,,,,,,,,,,,,,no,,,no,
district,辽宁省,锦州市,凌海市,0,0,,,,,,,,,no_candidate,,,,,,,,,,,,,,,,,no,,,no,
district,辽宁省,锦州市,凌河区,3,3,4121010160,锦州医科大学,本科,no,,level_order,本科层次优先于更低层次候选（项目层次政策）,policy,resolved_policy,shanghairanking-bcur,shanghairanking-bcur,shanghairanking-bcur,2026,中国医药类大学排名,医药,rankOverall,2026软科医药 32 · 主榜参考 246,246,https://www.shanghairanking.cn/rankings/bcur/202621,campus,profile_campus,,,,,no,,锦州医科大学,no,no comparable second place: the deciding rule set aside the other 2 candidate(s) without leaving anybody on the winner's own scale
district,辽宁省,锦州市,太和区,5,5,4121010167,渤海大学,本科,no,,public_before_private,同层次同标签下公办优先（按当前项目政策，非排名证据）；候选池先按层次收敛：本科层次优先于更低层次（项目层次政策）,policy,resolved_policy,shanghairanking-bcur,shanghairanking-bcur,shanghairanking-bcur,2026,中国大学排名（主榜）,,rankOverall,2026软科 285,285,https://www.shanghairanking.cn/rankings/bcur/2026,campus,profile_campus,,,,,no,,渤海大学,yes,no comparable second place: the deciding rule set aside the other 4 candidate(s) without leaving anybody on the winner's own scale
district,辽宁省,锦州市,义县,0,0,,,,,,,,,no_candidate,,,,,,,,,,,,,,,,,no,,,no,
district,辽宁省,辽阳市,白塔区,2,2,4121010140,辽宁大学,本科,no,211|双一流,level_order,本科层次优先于更低层次候选（项目层次政策）,policy,resolved_policy,shanghairanking-bcur,shanghairanking-bcur,shanghairanking-bcur,2026,中国大学排名（主榜）,,rankOverall,2026软科 125,125,https://www.shanghairanking.cn/rankings/bcur/2026,campus,profile_campus,,,,,no,,辽宁大学,no,no comparable second place: the deciding rule set aside the other 1 candidate(s) without leaving anybody on the winner's own scale
district,辽宁省,辽阳市,灯塔市,0,0,,,,,,,,,no_candidate,,,,,,,,,,,,,,,,,no,,,no,
district,辽宁省,辽阳市,弓长岭区,0,0,,,,,,,,,no_candidate,,,,,,,,,,,,,,,,,no,,,no,
district,辽宁省,辽阳市,宏伟区,1,1,4121010142,沈阳工业大学,本科,no,,single_candidate,该行政单元在现行口径下只有 1 个候选，无需比较,policy,resolved_policy,shanghairanking-bcur,shanghairanking-bcur,shanghairanking-bcur,2026,中国大学排名（主榜）,,rankOverall,2026软科 198,198,https://www.shanghairanking.cn/rankings/bcur/2026,campus,profile_campus,,,,,no,,沈阳工业大学,no,
district,辽宁省,辽阳市,辽阳县,0,0,,,,,,,,,no_candidate,,,,,,,,,,,,,,,,,no,,,no,
district,辽宁省,辽阳市,太子河区,1,1,4121011249,辽阳职业技术学院,专科,no,,single_candidate,该行政单元在现行口径下只有 1 个候选，无需比较,policy,resolved_policy,shanghairanking-bcvcr-public-vocational,shanghairanking-bcvcr-public-vocational,shanghairanking-bcvcr-public-vocational,2026,中国高职专科院校排名（总榜）,综合,rankOverall,2026软科高职综合 112+ · 高职专科总榜 500+,500+,https://www.shanghairanking.cn/rankings/bcvcr/2026623,campus,profile_campus,,,,,no,,辽阳职业技术学院,no,
district,辽宁省,辽阳市,文圣区,0,0,,,,,,,,,no_candidate,,,,,,,,,,,,,,,,,no,,,no,
district,辽宁省,盘锦市,大洼区,2,2,4121010141,大连理工大学,本科,no,985|211|双一流,level_order,本科层次优先于更低层次候选（项目层次政策）,policy,resolved_policy,shanghairanking-bcur,shanghairanking-bcur,shanghairanking-bcur,2026,中国大学排名（主榜）,,rankOverall,2026软科 28,28,https://www.shanghairanking.cn/rankings/bcur/2026,campus,historical_campus,,,,,no,,大连理工大学,no,no comparable second place: the deciding rule set aside the other 1 candidate(s) without leaving anybody on the winner's own scale
district,辽宁省,盘锦市,盘山县,1,1,4121014077,辽河石油职业技术学院,专科,no,,single_candidate,该行政单元在现行口径下只有 1 个候选，无需比较,policy,resolved_policy,,,,,,,,,,,campus,profile_campus,,,,,no,,辽河石油职业技术学院,no,
district,辽宁省,盘锦市,双台子区,0,0,,,,,,,,,no_candidate,,,,,,,,,,,,,,,,,no,,,no,
district,辽宁省,盘锦市,兴隆台区,1,1,4121014077,辽河石油职业技术学院,专科,no,,single_candidate,该行政单元在现行口径下只有 1 个候选，无需比较,policy,resolved_policy,,,,,,,,,,,campus,historical_campus,,,,,no,,辽河石油职业技术学院,no,
district,辽宁省,沈阳市,大东区,3,3,4121011035,沈阳大学,本科,no,,level_order,本科层次优先于更低层次候选（项目层次政策）,policy,resolved_policy,shanghairanking-bcur,shanghairanking-bcur,shanghairanking-bcur,2026,中国大学排名（主榜）,,rankOverall,2026软科 266,266,https://www.shanghairanking.cn/rankings/bcur/2026,campus,profile_campus,,,,,no,,沈阳大学,no,no comparable second place: the deciding rule set aside the other 2 candidate(s) without leaving anybody on the winner's own scale
district,辽宁省,沈阳市,法库县,0,0,,,,,,,,,no_candidate,,,,,,,,,,,,,,,,,no,,,no,
district,辽宁省,沈阳市,和平区,4,4,4121010145,东北大学,本科,no,985|211|双一流,prestige_tag,985 标签优先于无重点标签（国家官方重点建设名单）,strong,resolved_strong,shanghairanking-bcur,shanghairanking-bcur,shanghairanking-bcur,2026,中国大学排名（主榜）,,rankOverall,2026软科 38,38,https://www.shanghairanking.cn/rankings/bcur/2026,campus,profile_campus,4121010159,中国医科大学,本科,shanghairanking-bcur,yes,,东北大学|中国医科大学,no,
district,辽宁省,沈阳市,皇姑区,7,7,4121010140,辽宁大学,本科,no,211|双一流,prestige_tag,211 标签优先于无重点标签（国家官方重点建设名单）,strong,resolved_strong,shanghairanking-bcur,shanghairanking-bcur,shanghairanking-bcur,2026,中国大学排名（主榜）,,rankOverall,2026软科 125,125,https://www.shanghairanking.cn/rankings/bcur/2026,campus,profile_campus,4121010162,辽宁中医药大学,本科,shanghairanking-bcur,yes,,辽宁大学|辽宁中医药大学,no,
district,辽宁省,沈阳市,浑南区,13,13,4121010145,东北大学,本科,no,985|211|双一流,prestige_tag,985 标签优先于无重点标签（国家官方重点建设名单）,strong,resolved_strong,shanghairanking-bcur,shanghairanking-bcur,shanghairanking-bcur,2026,中国大学排名（主榜）,,rankOverall,2026软科 38,38,https://www.shanghairanking.cn/rankings/bcur/2026,campus,profile_campus,4121010153,沈阳建筑大学,本科,shanghairanking-bcur,yes,,东北大学|沈阳建筑大学,no,
district,辽宁省,沈阳市,康平县,0,0,,,,,,,,,no_candidate,,,,,,,,,,,,,,,,,no,,,no,
district,辽宁省,沈阳市,辽中区,0,0,,,,,,,,,no_candidate,,,,,,,,,,,,,,,,,no,,,no,
district,辽宁省,沈阳市,沈北新区,15,15,4121010140,辽宁大学,本科,no,211|双一流,prestige_tag,211 标签优先于无重点标签（国家官方重点建设名单）,strong,resolved_strong,shanghairanking-bcur,shanghairanking-bcur,shanghairanking-bcur,2026,中国大学排名（主榜）,,rankOverall,2026软科 125,125,https://www.shanghairanking.cn/rankings/bcur/2026,campus,profile_campus,4121010159,中国医科大学,本科,shanghairanking-bcur,yes,,辽宁大学|中国医科大学,no,"runner-up 中国医科大学 holds the better position on the shared comparison scale (62 vs 125); this unit was decided by prestige_tag, not by that comparison"
district,辽宁省,沈阳市,沈河区,6,6,4121010141,大连理工大学,本科,no,985|211|双一流,comparable_ranking,大连理工大学 在同榜可比名次上优于 东北大学（软科 bcur）；候选池先按国家标签收敛：985,strong,resolved_strong,shanghairanking-bcur,shanghairanking-bcur,shanghairanking-bcur,2026,中国大学排名（主榜）,,rankOverall,2026软科 28,28,https://www.shanghairanking.cn/rankings/bcur/2026,campus,historical_campus,4121010145,东北大学,本科,shanghairanking-bcur,yes,,大连理工大学|东北大学,no,
district,辽宁省,沈阳市,苏家屯区,4,4,4121010176,沈阳体育学院,本科,no,,public_before_private,同层次同标签下公办优先（按当前项目政策，非排名证据）；候选池先按层次收敛：本科层次优先于更低层次（项目层次政策）,policy,resolved_policy,shanghairanking-bcur,shanghairanking-bcur,shanghairanking-bcur,2026,中国体育类大学排名,体育,rankOverall,2026软科体育 5 · 主榜参考 302,302,https://www.shanghairanking.cn/rankings/bcur/202626,campus,profile_campus,,,,,no,,沈阳体育学院,yes,no comparable second place: the deciding rule set aside the other 3 candidate(s) without leaving anybody on the winner's own scale
district,辽宁省,沈阳市,铁西区,2,2,4121010142,沈阳工业大学,本科,no,,level_order,本科层次优先于更低层次候选（项目层次政策）,policy,resolved_policy,shanghairanking-bcur,shanghairanking-bcur,shanghairanking-bcur,2026,中国大学排名（主榜）,,rankOverall,2026软科 198,198,https://www.shanghairanking.cn/rankings/bcur/2026,campus,profile_campus,,,,,no,,沈阳工业大学,no,no comparable second place: the deciding rule set aside the other 1 candidate(s) without leaving anybody on the winner's own scale
district,辽宁省,沈阳市,新民市,0,0,,,,,,,,,no_candidate,,,,,,,,,,,,,,,,,no,,,no,
district,辽宁省,沈阳市,于洪区,3,3,4121010175,中国刑事警察学院,本科,no,,comparable_ranking,中国刑事警察学院 在同榜可比名次上优于 沈阳医学院（软科 bcur）；候选池先按层次收敛：本科层次优先于更低层次（项目层次政策）,strong,resolved_strong,shanghairanking-bcur,shanghairanking-bcur,shanghairanking-bcur,2026,中国政法类大学排名,政法,rankOverall,2026软科政法 7 · 主榜参考 222,222,https://www.shanghairanking.cn/rankings/bcur/202625,campus,profile_campus,4121010164,沈阳医学院,本科,shanghairanking-bcur,yes,,中国刑事警察学院|沈阳医学院,no,
district,辽宁省,铁岭市,昌图县,0,0,,,,,,,,,no_candidate,,,,,,,,,,,,,,,,,no,,,no,
district,辽宁省,铁岭市,调兵山市,0,0,,,,,,,,,no_candidate,,,,,,,,,,,,,,,,,no,,,no,
district,辽宁省,铁岭市,开原市,0,0,,,,,,,,,no_candidate,,,,,,,,,,,,,,,,,no,,,no,
district,辽宁省,铁岭市,清河区,0,0,,,,,,,,,no_candidate,,,,,,,,,,,,,,,,,no,,,no,
district,辽宁省,铁岭市,铁岭县,2,2,4121014287,辽宁工程职业学院,专科,no,,deterministic_fallback_policy,辽宁工程职业学院 由项目稳定兜底规则选出：在层次、重点标签、公办/民办与可比榜单仍无法唯一分开时，按榜单体系优先级、区间下界与稳定名称顺序决定展示 winner；该结论不是发布方跨榜排名,policy,resolved_policy,shanghairanking-bcvcr-public-vocational,shanghairanking-bcvcr-public-vocational,shanghairanking-bcvcr-public-vocational,2026,中国高职专科院校排名（总榜）,理工,rankOverall,2026软科高职理工 230+ · 高职专科总榜 500+,500+,https://www.shanghairanking.cn/rankings/bcvcr/2026623,campus,profile_campus,4121014290,铁岭卫生职业学院,专科,shanghairanking-bcvcr-public-vocational,yes,,辽宁工程职业学院|铁岭卫生职业学院,no,
district,辽宁省,铁岭市,西丰县,0,0,,,,,,,,,no_candidate,,,,,,,,,,,,,,,,,no,,,no,
district,辽宁省,铁岭市,银州区,1,1,4121012592,辽宁职业学院,专科,no,,single_candidate,该行政单元在现行口径下只有 1 个候选，无需比较,policy,resolved_policy,shanghairanking-bcvcr-public-vocational,shanghairanking-bcvcr-public-vocational,shanghairanking-bcvcr-public-vocational,2026,中国高职专科院校排名（总榜）,农林,rankOverall,2026软科高职农林 32+ · 高职专科总榜 500+,500+,https://www.shanghairanking.cn/rankings/bcvcr/2026623,campus,profile_campus,,,,,no,,辽宁职业学院,no,
district,辽宁省,营口市,鲅鱼圈区,1,1,4121010957,辽宁农业职业技术学院,专科,no,,single_candidate,该行政单元在现行口径下只有 1 个候选，无需比较,policy,resolved_policy,shanghairanking-bcvcr-public-vocational,shanghairanking-bcvcr-public-vocational,shanghairanking-bcvcr-public-vocational,2026,中国高职专科院校排名（总榜）,农林,rankOverall,2026软科高职专科总榜 105,105,https://www.shanghairanking.cn/rankings/bcvcr/2026623,campus,profile_campus,,,,,no,,辽宁农业职业技术学院,no,
district,辽宁省,营口市,大石桥市,0,0,,,,,,,,,no_candidate,,,,,,,,,,,,,,,,,no,,,no,
district,辽宁省,营口市,盖州市,0,0,,,,,,,,,no_candidate,,,,,,,,,,,,,,,,,no,,,no,
district,辽宁省,营口市,老边区,0,0,,,,,,,,,no_candidate,,,,,,,,,,,,,,,,,no,,,no,
district,辽宁省,营口市,西市区,2,2,4121014435,营口理工学院,本科,no,,level_order,本科层次优先于更低层次候选（项目层次政策）,policy,resolved_policy,shanghairanking-bcur,shanghairanking-bcur,shanghairanking-bcur,2026,中国大学排名（主榜）,,rankOverall,2026软科 500+,500+,https://www.shanghairanking.cn/rankings/bcur/2026,campus,verified_campus,,,,,no,,营口理工学院,no,no comparable second place: the deciding rule set aside the other 1 candidate(s) without leaving anybody on the winner's own scale
district,辽宁省,营口市,站前区,0,0,,,,,,,,,no_candidate,,,,,,,,,,,,,,,,,no,,,no,
district,内蒙古自治区,阿拉善盟,阿拉善右旗,0,0,,,,,,,,,no_candidate,,,,,,,,,,,,,,,,,no,,,no,
district,内蒙古自治区,阿拉善盟,阿拉善左旗,1,1,4115014339,阿拉善职业技术学院,专科,no,,single_candidate,该行政单元在现行口径下只有 1 个候选，无需比较,policy,resolved_policy,shanghairanking-bcvcr-public-vocational,shanghairanking-bcvcr-public-vocational,shanghairanking-bcvcr-public-vocational,2026,中国高职专科院校排名（总榜）,综合,rankOverall,2026软科高职综合 112+ · 高职专科总榜 500+,500+,https://www.shanghairanking.cn/rankings/bcvcr/2026623,campus,verified_campus,,,,,no,,阿拉善职业技术学院,no,
district,内蒙古自治区,阿拉善盟,额济纳旗,0,0,,,,,,,,,no_candidate,,,,,,,,,,,,,,,,,no,,,no,
district,内蒙古自治区,巴彦淖尔市,磴口县,0,0,,,,,,,,,no_candidate,,,,,,,,,,,,,,,,,no,,,no,
district,内蒙古自治区,巴彦淖尔市,杭锦后旗,0,0,,,,,,,,,no_candidate,,,,,,,,,,,,,,,,,no,,,no,
district,内蒙古自治区,巴彦淖尔市,临河区,2,2,4115011631,河套学院,本科,no,,level_order,本科层次优先于更低层次候选（项目层次政策）,policy,resolved_policy,shanghairanking-bcur,shanghairanking-bcur,shanghairanking-bcur,2026,中国大学排名（主榜）,,rankOverall,2026软科 500+,500+,https://www.shanghairanking.cn/rankings/bcur/2026,campus,profile_campus,,,,,no,,河套学院,no,no comparable second place: the deciding rule set aside the other 1 candidate(s) without leaving anybody on the winner's own scale
district,内蒙古自治区,巴彦淖尔市,乌拉特后旗,0,0,,,,,,,,,no_candidate,,,,,,,,,,,,,,,,,no,,,no,
district,内蒙古自治区,巴彦淖尔市,乌拉特前旗,0,0,,,,,,,,,no_candidate,,,,,,,,,,,,,,,,,no,,,no,
district,内蒙古自治区,巴彦淖尔市,乌拉特中旗,0,0,,,,,,,,,no_candidate,,,,,,,,,,,,,,,,,no,,,no,
district,内蒙古自治区,巴彦淖尔市,五原县,0,0,,,,,,,,,no_candidate,,,,,,,,,,,,,,,,,no,,,no,
district,内蒙古自治区,包头市,白云鄂博矿区,1,1,4115013864,包头钢铁职业技术学院,专科,no,,single_candidate,该行政单元在现行口径下只有 1 个候选，无需比较,policy,resolved_policy,shanghairanking-bcvcr-public-vocational,shanghairanking-bcvcr-public-vocational,shanghairanking-bcvcr-public-vocational,2026,中国高职专科院校排名（总榜）,理工,rankOverall,2026软科高职理工 230+ · 高职专科总榜 500+,500+,https://www.shanghairanking.cn/rankings/bcvcr/2026623,campus,profile_campus,,,,,no,,包头钢铁职业技术学院,no,
district,内蒙古自治区,包头市,达尔罕茂明安联合旗,0,0,,,,,,,,,no_candidate,,,,,,,,,,,,,,,,,no,,,no,
district,内蒙古自治区,包头市,东河区,0,0,,,,,,,,,no_candidate,,,,,,,,,,,,,,,,,no,,,no,
district,内蒙古自治区,包头市,固阳县,0,0,,,,,,,,,no_candidate,,,,,,,,,,,,,,,,,no,,,no,
district,内蒙古自治区,包头市,九原区,1,1,4115014187,包头铁道职业技术学院,专科,no,,single_candidate,该行政单元在现行口径下只有 1 个候选，无需比较,policy,resolved_policy,shanghairanking-bcvcr-public-vocational,shanghairanking-bcvcr-public-vocational,shanghairanking-bcvcr-public-vocational,2026,中国高职专科院校排名（总榜）,理工,rankOverall,2026软科高职专科总榜 438,438,https://www.shanghairanking.cn/rankings/bcvcr/2026623,campus,profile_campus,,,,,no,,包头铁道职业技术学院,no,
district,内蒙古自治区,包头市,昆都仑区,2,2,4115010127,内蒙古科技大学,本科,no,,level_order,本科层次优先于更低层次候选（项目层次政策）,policy,resolved_policy,shanghairanking-bcur,shanghairanking-bcur,shanghairanking-bcur,2026,中国大学排名（主榜）,,rankOverall,2026软科 314,314,https://www.shanghairanking.cn/rankings/bcur/2026,campus,profile_campus,,,,,no,,内蒙古科技大学,no,no comparable second place: the deciding rule set aside the other 1 candidate(s) without leaving anybody on the winner's own scale
district,内蒙古自治区,包头市,青山区,2,2,4115012057,包头职业技术学院,专科,no,,comparable_ranking,包头职业技术学院 在同榜可比名次上优于 包头轻工职业技术学院（软科 bcvcr-public-vocational）,strong,resolved_strong,shanghairanking-bcvcr-public-vocational,shanghairanking-bcvcr-public-vocational,shanghairanking-bcvcr-public-vocational,2026,中国高职专科院校排名（总榜）,理工,rankOverall,2026软科高职专科总榜 110,110,https://www.shanghairanking.cn/rankings/bcvcr/2026623,campus,profile_campus,4115012671,包头轻工职业技术学院,专科,shanghairanking-bcvcr-public-vocational,yes,,包头职业技术学院|包头轻工职业技术学院,no,
district,内蒙古自治区,包头市,石拐区,0,0,,,,,,,,,no_candidate,,,,,,,,,,,,,,,,,no,,,no,
district,内蒙古自治区,包头市,土默特右旗,0,0,,,,,,,,,no_candidate,,,,,,,,,,,,,,,,,no,,,no,
district,内蒙古自治区,赤峰市,阿鲁科尔沁旗,0,0,,,,,,,,,no_candidate,,,,,,,,,,,,,,,,,no,,,no,
district,内蒙古自治区,赤峰市,敖汉旗,0,0,,,,,,,,,no_candidate,,,,,,,,,,,,,,,,,no,,,no,
district,内蒙古自治区,赤峰市,巴林右旗,0,0,,,,,,,,,no_candidate,,,,,,,,,,,,,,,,,no,,,no,
district,内蒙古自治区,赤峰市,巴林左旗,0,0,,,,,,,,,no_candidate,,,,,,,,,,,,,,,,,no,,,no,
district,内蒙古自治区,赤峰市,红山区,1,1,4115010138,赤峰大学,本科,no,,single_candidate,该行政单元在现行口径下只有 1 个候选，无需比较,policy,resolved_policy,shanghairanking-bcur,shanghairanking-bcur,shanghairanking-bcur,2026,中国大学排名（主榜）,,rankOverall,2026软科 500+,500+,https://www.shanghairanking.cn/rankings/bcur/2026,campus,profile_campus,,,,,no,,赤峰大学,no,
district,内蒙古自治区,赤峰市,喀喇沁旗,0,0,,,,,,,,,no_candidate,,,,,,,,,,,,,,,,,no,,,no,
district,内蒙古自治区,赤峰市,克什克腾旗,0,0,,,,,,,,,no_candidate,,,,,,,,,,,,,,,,,no,,,no,
district,内蒙古自治区,赤峰市,林西县,0,0,,,,,,,,,no_candidate,,,,,,,,,,,,,,,,,no,,,no,
district,内蒙古自治区,赤峰市,宁城县,0,0,,,,,,,,,no_candidate,,,,,,,,,,,,,,,,,no,,,no,
district,内蒙古自治区,赤峰市,松山区,3,3,4115014338,赤峰工业职业技术学院,专科,no,,deterministic_fallback_policy,赤峰工业职业技术学院 由项目稳定兜底规则选出：在层次、重点标签、公办/民办与可比榜单仍无法唯一分开时，按榜单体系优先级、区间下界与稳定名称顺序决定展示 winner；该结论不是发布方跨榜排名,policy,resolved_policy,shanghairanking-bcvcr-public-vocational,shanghairanking-bcvcr-public-vocational,shanghairanking-bcvcr-public-vocational,2026,中国高职专科院校排名（总榜）,理工,rankOverall,2026软科高职理工 230+ · 高职专科总榜 500+,500+,https://www.shanghairanking.cn/rankings/bcvcr/2026623,campus,profile_campus,4115014699,赤峰应用技术职业学院,专科,shanghairanking-bcvcr-public-vocational,yes,,赤峰工业职业技术学院|赤峰应用技术职业学院,no,
district,内蒙古自治区,赤峰市,翁牛特旗,0,0,,,,,,,,,no_candidate,,,,,,,,,,,,,,,,,no,,,no,
district,内蒙古自治区,赤峰市,元宝山区,0,0,,,,,,,,,no_candidate,,,,,,,,,,,,,,,,,no,,,no,
district,内蒙古自治区,鄂尔多斯市,达拉特旗,0,0,,,,,,,,,no_candidate,,,,,,,,,,,,,,,,,no,,,no,
district,内蒙古自治区,鄂尔多斯市,东胜区,2,2,4115014532,鄂尔多斯应用技术学院,本科,no,,level_order,本科层次优先于更低层次候选（项目层次政策）,policy,resolved_policy,shanghairanking-bcur,shanghairanking-bcur,shanghairanking-bcur,2026,中国大学排名（主榜）,,rankOverall,2026软科 500+,500+,https://www.shanghairanking.cn/rankings/bcur/2026,campus,profile_campus,,,,,no,,鄂尔多斯应用技术学院,no,no comparable second place: the deciding rule set aside the other 1 candidate(s) without leaving anybody on the winner's own scale
district,内蒙古自治区,鄂尔多斯市,鄂托克旗,0,0,,,,,,,,,no_candidate,,,,,,,,,,,,,,,,,no,,,no,
district,内蒙古自治区,鄂尔多斯市,鄂托克前旗,0,0,,,,,,,,,no_candidate,,,,,,,,,,,,,,,,,no,,,no,
district,内蒙古自治区,鄂尔多斯市,杭锦旗,0,0,,,,,,,,,no_candidate,,,,,,,,,,,,,,,,,no,,,no,
district,内蒙古自治区,鄂尔多斯市,康巴什区,3,3,4115014532,鄂尔多斯应用技术学院,本科,no,,level_order,本科层次优先于更低层次候选（项目层次政策）,policy,resolved_policy,shanghairanking-bcur,shanghairanking-bcur,shanghairanking-bcur,2026,中国大学排名（主榜）,,rankOverall,2026软科 500+,500+,https://www.shanghairanking.cn/rankings/bcur/2026,campus,profile_campus,,,,,no,,鄂尔多斯应用技术学院,no,no comparable second place: the deciding rule set aside the other 2 candidate(s) without leaving anybody on the winner's own scale
district,内蒙古自治区,鄂尔多斯市,乌审旗,0,0,,,,,,,,,no_candidate,,,,,,,,,,,,,,,,,no,,,no,
district,内蒙古自治区,鄂尔多斯市,伊金霍洛旗,0,0,,,,,,,,,no_candidate,,,,,,,,,,,,,,,,,no,,,no,
district,内蒙古自治区,鄂尔多斯市,准格尔旗,1,1,4115010128,内蒙古工业大学,本科,no,,single_candidate,该行政单元在现行口径下只有 1 个候选，无需比较,policy,resolved_policy,shanghairanking-bcur,shanghairanking-bcur,shanghairanking-bcur,2026,中国大学排名（主榜）,,rankOverall,2026软科 261,261,https://www.shanghairanking.cn/rankings/bcur/2026,campus,profile_campus,,,,,no,,内蒙古工业大学,no,
district,内蒙古自治区,呼和浩特市,和林格尔县,4,4,4115010135,内蒙古师范大学,本科,no,,single_ranked_candidate,内蒙古师范大学 是当前候选里唯一被官方榜单覆盖的学校（软科 bcur）；候选池先按层次收敛：本科层次优先于更低层次（项目层次政策）,policy,resolved_policy,shanghairanking-bcur,shanghairanking-bcur,shanghairanking-bcur,2026,中国大学排名（主榜）,,rankOverall,2026软科 220,220,https://www.shanghairanking.cn/rankings/bcur/2026,campus,profile_campus,,,,,no,,内蒙古师范大学,yes,2 leading candidate(s) carry no official list ranking; no comparable second place: the deciding rule set aside the other 3 candidate(s) without leaving anybody on the winner's own scale
district,内蒙古自治区,呼和浩特市,回民区,4,4,4115010132,内蒙古医科大学,本科,no,,cross_group_scale_policy,内蒙古医科大学 取自主榜序列；其余候选分属不同榜单体系，名次不可直接比较，按当前项目政策以主榜序列为先；候选池先按层次收敛：本科层次优先于更低层次（项目层次政策）,policy,resolved_policy,shanghairanking-bcur,shanghairanking-bcur,shanghairanking-bcur,2026,中国医药类大学排名,医药,rankOverall,2026软科医药 30 · 主榜参考 229,229,https://www.shanghairanking.cn/rankings/bcur/202621,campus,historical_campus,4115010139,内蒙古财经大学,本科,shanghairanking-bcur,yes,,内蒙古医科大学|内蒙古财经大学,no,
district,内蒙古自治区,呼和浩特市,清水河县,0,0,,,,,,,,,no_candidate,,,,,,,,,,,,,,,,,no,,,no,
district,内蒙古自治区,呼和浩特市,赛罕区,11,11,4115010126,内蒙古大学,本科,no,211|双一流,prestige_tag,211 标签优先于无重点标签（国家官方重点建设名单）,strong,resolved_strong,shanghairanking-bcur,shanghairanking-bcur,shanghairanking-bcur,2026,中国大学排名（主榜）,,rankOverall,2026软科 114,114,https://www.shanghairanking.cn/rankings/bcur/2026,campus,profile_campus,4115010129,内蒙古农业大学,本科,shanghairanking-bcur,yes,,内蒙古大学|内蒙古农业大学,no,
district,内蒙古自治区,呼和浩特市,土默特左旗,2,2,4115010132,内蒙古医科大学,本科,no,,comparable_ranking,内蒙古医科大学 在同榜可比名次上优于 内蒙古工业大学（软科 bcur）,strong,resolved_strong,shanghairanking-bcur,shanghairanking-bcur,shanghairanking-bcur,2026,中国医药类大学排名,医药,rankOverall,2026软科医药 30 · 主榜参考 229,229,https://www.shanghairanking.cn/rankings/bcur/202621,campus,profile_campus,4115010128,内蒙古工业大学,本科,shanghairanking-bcur,yes,,内蒙古医科大学|内蒙古工业大学,no,
district,内蒙古自治区,呼和浩特市,托克托县,1,1,4115014205,内蒙古鸿德文理学院,本科,yes,,single_candidate,该行政单元在现行口径下只有 1 个候选，无需比较,policy,resolved_policy,shanghairanking-bcur-private,shanghairanking-bcur-private,shanghairanking-bcur-private,2026,中国民办高校排名（主榜）,师范,rankOverall,2026软科民办 100+,100+,https://www.shanghairanking.cn/rankings/bcur/202615,campus,profile_campus,,,,,no,,内蒙古鸿德文理学院,no,
district,内蒙古自治区,呼和浩特市,武川县,0,0,,,,,,,,,no_candidate,,,,,,,,,,,,,,,,,no,,,no,
district,内蒙古自治区,呼和浩特市,新城区,9,9,4115010132,内蒙古医科大学,本科,no,,public_before_private,同层次同标签下公办优先（按当前项目政策，非排名证据）；公办候选之间再按同榜名次比较；候选池先按层次收敛：本科层次优先于更低层次（项目层次政策）,policy,resolved_policy,shanghairanking-bcur,shanghairanking-bcur,shanghairanking-bcur,2026,中国医药类大学排名,医药,rankOverall,2026软科医药 30 · 主榜参考 229,229,https://www.shanghairanking.cn/rankings/bcur/202621,campus,profile_campus,4115010128,内蒙古工业大学,本科,shanghairanking-bcur,yes,,内蒙古医科大学|内蒙古工业大学,yes,2 leading candidate(s) carry no official list ranking
district,内蒙古自治区,呼和浩特市,玉泉区,2,2,4115010126,内蒙古大学,本科,no,211|双一流,prestige_tag,211 标签优先于无重点标签（国家官方重点建设名单）,strong,resolved_strong,shanghairanking-bcur,shanghairanking-bcur,shanghairanking-bcur,2026,中国大学排名（主榜）,,rankOverall,2026软科 114,114,https://www.shanghairanking.cn/rankings/bcur/2026,campus,profile_campus,,,,,no,,内蒙古大学,no,no comparable second place: the deciding rule set aside the other 1 candidate(s) without leaving anybody on the winner's own scale
district,内蒙古自治区,呼伦贝尔市,阿荣旗,0,0,,,,,,,,,no_candidate,,,,,,,,,,,,,,,,,no,,,no,
district,内蒙古自治区,呼伦贝尔市,陈巴尔虎旗,0,0,,,,,,,,,no_candidate,,,,,,,,,,,,,,,,,no,,,no,
district,内蒙古自治区,呼伦贝尔市,额尔古纳市,0,0,,,,,,,,,no_candidate,,,,,,,,,,,,,,,,,no,,,no,
district,内蒙古自治区,呼伦贝尔市,鄂伦春自治旗,0,0,,,,,,,,,no_candidate,,,,,,,,,,,,,,,,,no,,,no,
district,内蒙古自治区,呼伦贝尔市,鄂温克族自治旗,1,1,4115014283,呼伦贝尔职业技术学院,专科,no,,single_candidate,该行政单元在现行口径下只有 1 个候选，无需比较,policy,resolved_policy,shanghairanking-bcvcr-public-vocational,shanghairanking-bcvcr-public-vocational,shanghairanking-bcvcr-public-vocational,2026,中国高职专科院校排名（总榜）,综合,rankOverall,2026软科高职综合 112+ · 高职专科总榜 500+,500+,https://www.shanghairanking.cn/rankings/bcvcr/2026623,campus,historical_campus,,,,,no,,呼伦贝尔职业技术学院,no,
district,内蒙古自治区,呼伦贝尔市,根河市,0,0,,,,,,,,,no_candidate,,,,,,,,,,,,,,,,,no,,,no,
district,内蒙古自治区,呼伦贝尔市,海拉尔区,1,1,4115010819,呼伦贝尔学院,本科,no,,single_candidate,该行政单元在现行口径下只有 1 个候选，无需比较,policy,resolved_policy,shanghairanking-bcur,shanghairanking-bcur,shanghairanking-bcur,2026,中国大学排名（主榜）,,rankOverall,2026软科 500+,500+,https://www.shanghairanking.cn/rankings/bcur/2026,campus,profile_campus,,,,,no,,呼伦贝尔学院,no,
district,内蒙古自治区,呼伦贝尔市,满洲里市,2,2,4115010126,内蒙古大学,本科,no,211|双一流,level_order,本科层次优先于更低层次候选（项目层次政策）,policy,resolved_policy,shanghairanking-bcur,shanghairanking-bcur,shanghairanking-bcur,2026,中国大学排名（主榜）,,rankOverall,2026软科 114,114,https://www.shanghairanking.cn/rankings/bcur/2026,campus,profile_campus,,,,,no,,内蒙古大学,no,no comparable second place: the deciding rule set aside the other 1 candidate(s) without leaving anybody on the winner's own scale
district,内蒙古自治区,呼伦贝尔市,莫力达瓦达斡尔族自治旗,0,0,,,,,,,,,no_candidate,,,,,,,,,,,,,,,,,no,,,no,
district,内蒙古自治区,呼伦贝尔市,新巴尔虎右旗,0,0,,,,,,,,,no_candidate,,,,,,,,,,,,,,,,,no,,,no,
district,内蒙古自治区,呼伦贝尔市,新巴尔虎左旗,0,0,,,,,,,,,no_candidate,,,,,,,,,,,,,,,,,no,,,no,
district,内蒙古自治区,呼伦贝尔市,牙克石市,1,1,4115010819,呼伦贝尔学院,本科,no,,single_candidate,该行政单元在现行口径下只有 1 个候选，无需比较,policy,resolved_policy,shanghairanking-bcur,shanghairanking-bcur,shanghairanking-bcur,2026,中国大学排名（主榜）,,rankOverall,2026软科 500+,500+,https://www.shanghairanking.cn/rankings/bcur/2026,campus,profile_campus,,,,,no,,呼伦贝尔学院,no,
district,内蒙古自治区,呼伦贝尔市,扎赉诺尔区,0,0,,,,,,,,,no_candidate,,,,,,,,,,,,,,,,,no,,,no,
district,内蒙古自治区,呼伦贝尔市,扎兰屯市,1,1,4115014539,扎兰屯职业学院,专科,no,,single_candidate,该行政单元在现行口径下只有 1 个候选，无需比较,policy,resolved_policy,shanghairanking-bcvcr-public-vocational,shanghairanking-bcvcr-public-vocational,shanghairanking-bcvcr-public-vocational,2026,中国高职专科院校排名（总榜）,综合,rankOverall,2026软科高职综合 112+ · 高职专科总榜 500+,500+,https://www.shanghairanking.cn/rankings/bcvcr/2026623,campus,profile_campus,,,,,no,,扎兰屯职业学院,no,
district,内蒙古自治区,通辽市,霍林郭勒市,0,0,,,,,,,,,no_candidate,,,,,,,,,,,,,,,,,no,,,no,
district,内蒙古自治区,通辽市,开鲁县,0,0,,,,,,,,,no_candidate,,,,,,,,,,,,,,,,,no,,,no,
district,内蒙古自治区,通辽市,科尔沁区,3,3,4115010136,内蒙古民族大学,本科,no,,level_order,本科层次优先于更低层次候选（项目层次政策）,policy,resolved_policy,shanghairanking-bcur,shanghairanking-bcur,shanghairanking-bcur,2026,中国民族类大学排名,民族,rankOverall,2026软科民族 12 · 主榜参考 340,340,https://www.shanghairanking.cn/rankings/bcur/202624,campus,profile_campus,,,,,no,,内蒙古民族大学,no,no comparable second place: the deciding rule set aside the other 2 candidate(s) without leaving anybody on the winner's own scale
district,内蒙古自治区,通辽市,科尔沁左翼后旗,0,0,,,,,,,,,no_candidate,,,,,,,,,,,,,,,,,no,,,no,
district,内蒙古自治区,通辽市,科尔沁左翼中旗,0,0,,,,,,,,,no_candidate,,,,,,,,,,,,,,,,,no,,,no,
district,内蒙古自治区,通辽市,库伦旗,0,0,,,,,,,,,no_candidate,,,,,,,,,,,,,,,,,no,,,no,
district,内蒙古自治区,通辽市,奈曼旗,0,0,,,,,,,,,no_candidate,,,,,,,,,,,,,,,,,no,,,no,
district,内蒙古自治区,通辽市,扎鲁特旗,0,0,,,,,,,,,no_candidate,,,,,,,,,,,,,,,,,no,,,no,
district,内蒙古自治区,乌海市,海勃湾区,1,1,4115013915,乌海职业技术学院,专科,no,,single_candidate,该行政单元在现行口径下只有 1 个候选，无需比较,policy,resolved_policy,shanghairanking-bcvcr-public-vocational,shanghairanking-bcvcr-public-vocational,shanghairanking-bcvcr-public-vocational,2026,中国高职专科院校排名（总榜）,理工,rankOverall,2026软科高职理工 230+ · 高职专科总榜 500+,500+,https://www.shanghairanking.cn/rankings/bcvcr/2026623,campus,profile_campus,,,,,no,,乌海职业技术学院,no,
district,内蒙古自治区,乌海市,海南区,0,0,,,,,,,,,no_candidate,,,,,,,,,,,,,,,,,no,,,no,
district,内蒙古自治区,乌海市,乌达区,0,0,,,,,,,,,no_candidate,,,,,,,,,,,,,,,,,no,,,no,
district,内蒙古自治区,乌兰察布市,察哈尔右翼后旗,0,0,,,,,,,,,no_candidate,,,,,,,,,,,,,,,,,no,,,no,
district,内蒙古自治区,乌兰察布市,察哈尔右翼前旗,1,1,4115013699,乌兰察布职业学院,专科,no,,single_candidate,该行政单元在现行口径下只有 1 个候选，无需比较,policy,resolved_policy,shanghairanking-bcvcr-public-vocational,shanghairanking-bcvcr-public-vocational,shanghairanking-bcvcr-public-vocational,2026,中国高职专科院校排名（总榜）,综合,rankOverall,2026软科高职综合 112+ · 高职专科总榜 500+,500+,https://www.shanghairanking.cn/rankings/bcvcr/2026623,campus,profile_campus,,,,,no,,乌兰察布职业学院,no,
district,内蒙古自治区,乌兰察布市,察哈尔右翼中旗,0,0,,,,,,,,,no_candidate,,,,,,,,,,,,,,,,,no,,,no,
district,内蒙古自治区,乌兰察布市,丰镇市,0,0,,,,,,,,,no_candidate,,,,,,,,,,,,,,,,,no,,,no,
district,内蒙古自治区,乌兰察布市,化德县,0,0,,,,,,,,,no_candidate,,,,,,,,,,,,,,,,,no,,,no,
district,内蒙古自治区,乌兰察布市,集宁区,3,3,4115011427,集宁师范学院,本科,no,,level_order,本科层次优先于更低层次候选（项目层次政策）,policy,resolved_policy,shanghairanking-bcur,shanghairanking-bcur,shanghairanking-bcur,2026,中国大学排名（主榜）,,rankOverall,2026软科 500+,500+,https://www.shanghairanking.cn/rankings/bcur/2026,campus,profile_campus,,,,,no,,集宁师范学院,no,no comparable second place: the deciding rule set aside the other 2 candidate(s) without leaving anybody on the winner's own scale
district,内蒙古自治区,乌兰察布市,凉城县,0,0,,,,,,,,,no_candidate,,,,,,,,,,,,,,,,,no,,,no,
district,内蒙古自治区,乌兰察布市,商都县,0,0,,,,,,,,,no_candidate,,,,,,,,,,,,,,,,,no,,,no,
district,内蒙古自治区,乌兰察布市,四子王旗,0,0,,,,,,,,,no_candidate,,,,,,,,,,,,,,,,,no,,,no,
district,内蒙古自治区,乌兰察布市,兴和县,0,0,,,,,,,,,no_candidate,,,,,,,,,,,,,,,,,no,,,no,
district,内蒙古自治区,乌兰察布市,卓资县,0,0,,,,,,,,,no_candidate,,,,,,,,,,,,,,,,,no,,,no,
district,内蒙古自治区,锡林郭勒盟,阿巴嘎旗,0,0,,,,,,,,,no_candidate,,,,,,,,,,,,,,,,,no,,,no,
district,内蒙古自治区,锡林郭勒盟,东乌珠穆沁旗,0,0,,,,,,,,,no_candidate,,,,,,,,,,,,,,,,,no,,,no,
district,内蒙古自治区,锡林郭勒盟,多伦县,0,0,,,,,,,,,no_candidate,,,,,,,,,,,,,,,,,no,,,no,
district,内蒙古自治区,锡林郭勒盟,二连浩特市,0,0,,,,,,,,,no_candidate,,,,,,,,,,,,,,,,,no,,,no,
district,内蒙古自治区,锡林郭勒盟,苏尼特右旗,0,0,,,,,,,,,no_candidate,,,,,,,,,,,,,,,,,no,,,no,
district,内蒙古自治区,锡林郭勒盟,苏尼特左旗,0,0,,,,,,,,,no_candidate,,,,,,,,,,,,,,,,,no,,,no,
district,内蒙古自治区,锡林郭勒盟,太仆寺旗,0,0,,,,,,,,,no_candidate,,,,,,,,,,,,,,,,,no,,,no,
district,内蒙古自治区,锡林郭勒盟,西乌珠穆沁旗,0,0,,,,,,,,,no_candidate,,,,,,,,,,,,,,,,,no,,,no,
district,内蒙古自治区,锡林郭勒盟,锡林浩特市,1,1,4115012677,锡林郭勒职业学院,专科,no,,single_candidate,该行政单元在现行口径下只有 1 个候选，无需比较,policy,resolved_policy,shanghairanking-bcvcr-public-vocational,shanghairanking-bcvcr-public-vocational,shanghairanking-bcvcr-public-vocational,2026,中国高职专科院校排名（总榜）,综合,rankOverall,2026软科高职专科总榜 230,230,https://www.shanghairanking.cn/rankings/bcvcr/2026623,campus,profile_campus,,,,,no,,锡林郭勒职业学院,no,
district,内蒙古自治区,锡林郭勒盟,镶黄旗,0,0,,,,,,,,,no_candidate,,,,,,,,,,,,,,,,,no,,,no,
district,内蒙古自治区,锡林郭勒盟,正蓝旗,0,0,,,,,,,,,no_candidate,,,,,,,,,,,,,,,,,no,,,no,
district,内蒙古自治区,锡林郭勒盟,正镶白旗,0,0,,,,,,,,,no_candidate,,,,,,,,,,,,,,,,,no,,,no,
district,内蒙古自治区,兴安盟,阿尔山市,0,0,,,,,,,,,no_candidate,,,,,,,,,,,,,,,,,no,,,no,
district,内蒙古自治区,兴安盟,科尔沁右翼前旗,1,1,4115012443,兴安职业技术大学,本科,no,,single_candidate,该行政单元在现行口径下只有 1 个候选，无需比较,policy,resolved_policy,shanghairanking-bcvcr-public-vocational-undergraduate,shanghairanking-bcvcr-public-vocational-undergraduate,shanghairanking-bcvcr-public-vocational-undergraduate,2026,中国职业本科大学排名,,ranking,2026软科职业本科大学 80+,80+,https://www.shanghairanking.cn/rankings/bcvcr/2026749,campus,profile_campus,,,,,no,,兴安职业技术大学,no,
district,内蒙古自治区,兴安盟,科尔沁右翼中旗,0,0,,,,,,,,,no_candidate,,,,,,,,,,,,,,,,,no,,,no,
district,内蒙古自治区,兴安盟,突泉县,0,0,,,,,,,,,no_candidate,,,,,,,,,,,,,,,,,no,,,no,
district,内蒙古自治区,兴安盟,乌兰浩特市,0,0,,,,,,,,,no_candidate,,,,,,,,,,,,,,,,,no,,,no,
district,内蒙古自治区,兴安盟,扎赉特旗,0,0,,,,,,,,,no_candidate,,,,,,,,,,,,,,,,,no,,,no,
district,宁夏回族自治区,固原市,泾源县,0,0,,,,,,,,,no_candidate,,,,,,,,,,,,,,,,,no,,,no,
district,宁夏回族自治区,固原市,隆德县,0,0,,,,,,,,,no_candidate,,,,,,,,,,,,,,,,,no,,,no,
district,宁夏回族自治区,固原市,彭阳县,0,0,,,,,,,,,no_candidate,,,,,,,,,,,,,,,,,no,,,no,
district,宁夏回族自治区,固原市,西吉县,0,0,,,,,,,,,no_candidate,,,,,,,,,,,,,,,,,no,,,no,
district,宁夏回族自治区,固原市,原州区,2,2,4164010753,宁夏师范大学,本科,no,,level_order,本科层次优先于更低层次候选（项目层次政策）,policy,resolved_policy,shanghairanking-bcur,shanghairanking-bcur,shanghairanking-bcur,2026,中国大学排名（主榜）,,rankOverall,2026软科 413,413,https://www.shanghairanking.cn/rankings/bcur/2026,campus,profile_campus,,,,,no,,宁夏师范大学,no,no comparable second place: the deciding rule set aside the other 1 candidate(s) without leaving anybody on the winner's own scale
district,宁夏回族自治区,石嘴山市,大武口区,4,4,4164012544,宁夏理工学院,本科,yes,,single_ranked_candidate,宁夏理工学院 是当前候选里唯一被官方榜单覆盖的学校（软科 bcur-private）；候选池先按层次收敛：本科层次优先于更低层次（项目层次政策）,policy,resolved_policy,shanghairanking-bcur-private,shanghairanking-bcur-private,shanghairanking-bcur-private,2026,中国民办高校排名（主榜）,,ranking,2026软科民办 70,70,https://www.shanghairanking.cn/rankings/bcur/202615,campus,profile_campus,,,,,no,,宁夏理工学院,yes,1 leading candidate(s) carry no official list ranking; no comparable second place: the deciding rule set aside the other 3 candidate(s) without leaving anybody on the winner's own scale
district,宁夏回族自治区,石嘴山市,惠农区,0,0,,,,,,,,,no_candidate,,,,,,,,,,,,,,,,,no,,,no,
district,宁夏回族自治区,石嘴山市,平罗县,0,0,,,,,,,,,no_candidate,,,,,,,,,,,,,,,,,no,,,no,
district,宁夏回族自治区,吴忠市,红寺堡区,0,0,,,,,,,,,no_candidate,,,,,,,,,,,,,,,,,no,,,no,
district,宁夏回族自治区,吴忠市,利通区,1,1,4164012716,宁夏民族职业技术学院,专科,no,,single_candidate,该行政单元在现行口径下只有 1 个候选，无需比较,policy,resolved_policy,shanghairanking-bcvcr-public-vocational,shanghairanking-bcvcr-public-vocational,shanghairanking-bcvcr-public-vocational,2026,中国高职专科院校排名（总榜）,师范,rankOverall,2026软科高职专科总榜 421,421,https://www.shanghairanking.cn/rankings/bcvcr/2026623,campus,profile_campus,,,,,no,,宁夏民族职业技术学院,no,
district,宁夏回族自治区,吴忠市,青铜峡市,0,0,,,,,,,,,no_candidate,,,,,,,,,,,,,,,,,no,,,no,
district,宁夏回族自治区,吴忠市,同心县,0,0,,,,,,,,,no_candidate,,,,,,,,,,,,,,,,,no,,,no,
district,宁夏回族自治区,吴忠市,盐池县,0,0,,,,,,,,,no_candidate,,,,,,,,,,,,,,,,,no,,,no,
district,宁夏回族自治区,银川市,贺兰县,1,1,4164014847,宁夏交通职业技术学院,专科,no,,single_candidate,该行政单元在现行口径下只有 1 个候选，无需比较,policy,resolved_policy,,,,,,,,,,,campus,profile_campus,,,,,no,,宁夏交通职业技术学院,no,
district,宁夏回族自治区,银川市,金凤区,2,2,4164010749,宁夏大学,本科,no,211|双一流,level_order,本科层次优先于更低层次候选（项目层次政策）,policy,resolved_policy,shanghairanking-bcur,shanghairanking-bcur,shanghairanking-bcur,2026,中国大学排名（主榜）,,rankOverall,2026软科 137,137,https://www.shanghairanking.cn/rankings/bcur/2026,campus,profile_campus,,,,,no,,宁夏大学,no,no comparable second place: the deciding rule set aside the other 1 candidate(s) without leaving anybody on the winner's own scale
district,宁夏回族自治区,银川市,灵武市,1,1,4164013151,宁夏建设职业技术学院,专科,no,,single_candidate,该行政单元在现行口径下只有 1 个候选，无需比较,policy,resolved_policy,shanghairanking-bcvcr-public-vocational,shanghairanking-bcvcr-public-vocational,shanghairanking-bcvcr-public-vocational,2026,中国高职专科院校排名（总榜）,理工,rankOverall,2026软科高职专科总榜 491,491,https://www.shanghairanking.cn/rankings/bcvcr/2026623,campus,historical_campus,,,,,no,,宁夏建设职业技术学院,no,
district,宁夏回族自治区,银川市,西夏区,12,12,4164010749,宁夏大学,本科,no,211|双一流,prestige_tag,211 标签优先于无重点标签（国家官方重点建设名单）,strong,resolved_strong,shanghairanking-bcur,shanghairanking-bcur,shanghairanking-bcur,2026,中国大学排名（主榜）,,rankOverall,2026软科 137,137,https://www.shanghairanking.cn/rankings/bcur/2026,campus,profile_campus,4164011407,北方民族大学,本科,shanghairanking-bcur,yes,,宁夏大学|北方民族大学,no,
district,宁夏回族自治区,银川市,兴庆区,2,2,4164010752,宁夏医科大学,本科,no,,level_order,本科层次优先于更低层次候选（项目层次政策）,policy,resolved_policy,shanghairanking-bcur,shanghairanking-bcur,shanghairanking-bcur,2026,中国医药类大学排名,医药,rankOverall,2026软科医药 21 · 主榜参考 184,184,https://www.shanghairanking.cn/rankings/bcur/202621,campus,profile_campus,,,,,no,,宁夏医科大学,no,no comparable second place: the deciding rule set aside the other 1 candidate(s) without leaving anybody on the winner's own scale
district,宁夏回族自治区,银川市,永宁县,3,3,4164010749,宁夏大学,本科,no,211|双一流,prestige_tag,211 标签优先于无重点标签（国家官方重点建设名单）,strong,resolved_strong,shanghairanking-bcur,shanghairanking-bcur,shanghairanking-bcur,2026,中国大学排名（主榜）,,rankOverall,2026软科 137,137,https://www.shanghairanking.cn/rankings/bcur/2026,campus,profile_campus,,,,,no,,宁夏大学,no,no comparable second place: the deciding rule set aside the other 2 candidate(s) without leaving anybody on the winner's own scale
district,宁夏回族自治区,中卫市,海原县,0,0,,,,,,,,,no_candidate,,,,,,,,,,,,,,,,,no,,,no,
district,宁夏回族自治区,中卫市,沙坡头区,1,1,4164010749,宁夏大学,本科,no,211|双一流,single_candidate,该行政单元在现行口径下只有 1 个候选，无需比较,policy,resolved_policy,shanghairanking-bcur,shanghairanking-bcur,shanghairanking-bcur,2026,中国大学排名（主榜）,,rankOverall,2026软科 137,137,https://www.shanghairanking.cn/rankings/bcur/2026,campus,profile_campus,,,,,no,,宁夏大学,no,
district,宁夏回族自治区,中卫市,中宁县,0,0,,,,,,,,,no_candidate,,,,,,,,,,,,,,,,,no,,,no,
district,青海省,果洛藏族自治州,班玛县,0,0,,,,,,,,,no_candidate,,,,,,,,,,,,,,,,,no,,,no,
district,青海省,果洛藏族自治州,达日县,0,0,,,,,,,,,no_candidate,,,,,,,,,,,,,,,,,no,,,no,
district,青海省,果洛藏族自治州,甘德县,0,0,,,,,,,,,no_candidate,,,,,,,,,,,,,,,,,no,,,no,
district,青海省,果洛藏族自治州,久治县,0,0,,,,,,,,,no_candidate,,,,,,,,,,,,,,,,,no,,,no,
district,青海省,果洛藏族自治州,玛多县,0,0,,,,,,,,,no_candidate,,,,,,,,,,,,,,,,,no,,,no,
district,青海省,果洛藏族自治州,玛沁县,0,0,,,,,,,,,no_candidate,,,,,,,,,,,,,,,,,no,,,no,
district,青海省,海北藏族自治州,刚察县,0,0,,,,,,,,,no_candidate,,,,,,,,,,,,,,,,,no,,,no,
district,青海省,海北藏族自治州,海晏县,0,0,,,,,,,,,no_candidate,,,,,,,,,,,,,,,,,no,,,no,
district,青海省,海北藏族自治州,门源回族自治县,0,0,,,,,,,,,no_candidate,,,,,,,,,,,,,,,,,no,,,no,
district,青海省,海北藏族自治州,祁连县,0,0,,,,,,,,,no_candidate,,,,,,,,,,,,,,,,,no,,,no,
district,青海省,海东市,互助土族自治县,0,0,,,,,,,,,no_candidate,,,,,,,,,,,,,,,,,no,,,no,
district,青海省,海东市,化隆回族自治县,0,0,,,,,,,,,no_candidate,,,,,,,,,,,,,,,,,no,,,no,
district,青海省,海东市,乐都区,1,1,4163014520,青海高等职业技术学院,专科,no,,single_candidate,该行政单元在现行口径下只有 1 个候选，无需比较,policy,resolved_policy,shanghairanking-bcvcr-public-vocational,shanghairanking-bcvcr-public-vocational,shanghairanking-bcvcr-public-vocational,2026,中国高职专科院校排名（总榜）,综合,rankOverall,2026软科高职综合 112+ · 高职专科总榜 500+,500+,https://www.shanghairanking.cn/rankings/bcvcr/2026623,campus,profile_campus,,,,,no,,青海高等职业技术学院,no,
district,青海省,海东市,民和回族土族自治县,0,0,,,,,,,,,no_candidate,,,,,,,,,,,,,,,,,no,,,no,
district,青海省,海东市,平安区,0,0,,,,,,,,,no_candidate,,,,,,,,,,,,,,,,,no,,,no,
district,青海省,海东市,循化撒拉族自治县,0,0,,,,,,,,,no_candidate,,,,,,,,,,,,,,,,,no,,,no,
district,青海省,海南藏族自治州,共和县,0,0,,,,,,,,,no_candidate,,,,,,,,,,,,,,,,,no,,,no,
district,青海省,海南藏族自治州,贵德县,0,0,,,,,,,,,no_candidate,,,,,,,,,,,,,,,,,no,,,no,
district,青海省,海南藏族自治州,贵南县,0,0,,,,,,,,,no_candidate,,,,,,,,,,,,,,,,,no,,,no,
district,青海省,海南藏族自治州,同德县,0,0,,,,,,,,,no_candidate,,,,,,,,,,,,,,,,,no,,,no,
district,青海省,海南藏族自治州,兴海县,0,0,,,,,,,,,no_candidate,,,,,,,,,,,,,,,,,no,,,no,
district,青海省,海西蒙古族藏族自治州,德令哈市,1,1,4163014521,青海柴达木职业技术学院,专科,no,,single_candidate,该行政单元在现行口径下只有 1 个候选，无需比较,policy,resolved_policy,shanghairanking-bcvcr-public-vocational,shanghairanking-bcvcr-public-vocational,shanghairanking-bcvcr-public-vocational,2026,中国高职专科院校排名（总榜）,理工,rankOverall,2026软科高职理工 230+ · 高职专科总榜 500+,500+,https://www.shanghairanking.cn/rankings/bcvcr/2026623,campus,profile_campus,,,,,no,,青海柴达木职业技术学院,no,
district,青海省,海西蒙古族藏族自治州,都兰县,0,0,,,,,,,,,no_candidate,,,,,,,,,,,,,,,,,no,,,no,
district,青海省,海西蒙古族藏族自治州,格尔木市,0,0,,,,,,,,,no_candidate,,,,,,,,,,,,,,,,,no,,,no,
district,青海省,海西蒙古族藏族自治州,海西蒙古族藏族自治州直辖,0,0,,,,,,,,,no_candidate,,,,,,,,,,,,,,,,,no,,,no,
district,青海省,海西蒙古族藏族自治州,茫崖市,0,0,,,,,,,,,no_candidate,,,,,,,,,,,,,,,,,no,,,no,
district,青海省,海西蒙古族藏族自治州,天峻县,0,0,,,,,,,,,no_candidate,,,,,,,,,,,,,,,,,no,,,no,
district,青海省,海西蒙古族藏族自治州,乌兰县,0,0,,,,,,,,,no_candidate,,,,,,,,,,,,,,,,,no,,,no,
district,青海省,黄南藏族自治州,河南蒙古族自治县,0,0,,,,,,,,,no_candidate,,,,,,,,,,,,,,,,,no,,,no,
district,青海省,黄南藏族自治州,尖扎县,0,0,,,,,,,,,no_candidate,,,,,,,,,,,,,,,,,no,,,no,
district,青海省,黄南藏族自治州,同仁市,0,0,,,,,,,,,no_candidate,,,,,,,,,,,,,,,,,no,,,no,
district,青海省,黄南藏族自治州,泽库县,0,0,,,,,,,,,no_candidate,,,,,,,,,,,,,,,,,no,,,no,
district,青海省,西宁市,城北区,8,8,4163010743,青海大学,本科,no,211|双一流,prestige_tag,211 标签优先于无重点标签（国家官方重点建设名单）,strong,resolved_strong,shanghairanking-bcur,shanghairanking-bcur,shanghairanking-bcur,2026,中国大学排名（主榜）,,rankOverall,2026软科 203,203,https://www.shanghairanking.cn/rankings/bcur/2026,campus,profile_campus,4163010746,青海师范大学,本科,shanghairanking-bcur,yes,,青海大学|青海师范大学,no,
district,青海省,西宁市,城东区,1,1,4163010748,青海民族大学,本科,no,,single_candidate,该行政单元在现行口径下只有 1 个候选，无需比较,policy,resolved_policy,shanghairanking-bcur,shanghairanking-bcur,shanghairanking-bcur,2026,中国民族类大学排名,民族,rankOverall,2026软科民族 11 · 主榜参考 312,312,https://www.shanghairanking.cn/rankings/bcur/202624,campus,profile_campus,,,,,no,,青海民族大学,no,
district,青海省,西宁市,城西区,3,3,4163010743,青海大学,本科,no,211|双一流,prestige_tag,211 标签优先于无重点标签（国家官方重点建设名单）,strong,resolved_strong,shanghairanking-bcur,shanghairanking-bcur,shanghairanking-bcur,2026,中国大学排名（主榜）,,rankOverall,2026软科 203,203,https://www.shanghairanking.cn/rankings/bcur/2026,campus,profile_campus,4163010746,青海师范大学,本科,shanghairanking-bcur,yes,,青海大学|青海师范大学,no,
district,青海省,西宁市,城中区,2,2,4163012974,青海建筑职业技术学院,专科,no,,single_ranked_candidate,青海建筑职业技术学院 是当前候选里唯一被官方榜单覆盖的学校（软科 bcvcr-public-vocational）,policy,resolved_policy,shanghairanking-bcvcr-public-vocational,shanghairanking-bcvcr-public-vocational,shanghairanking-bcvcr-public-vocational,2026,中国高职专科院校排名（总榜）,理工,rankOverall,2026软科高职专科总榜 313,313,https://www.shanghairanking.cn/rankings/bcvcr/2026623,campus,profile_campus,,,,,no,,青海建筑职业技术学院,yes,1 leading candidate(s) carry no official list ranking; no comparable second place: the deciding rule set aside the other 1 candidate(s) without leaving anybody on the winner's own scale
district,青海省,西宁市,大通回族土族自治县,0,0,,,,,,,,,no_candidate,,,,,,,,,,,,,,,,,no,,,no,
district,青海省,西宁市,湟源县,1,1,4163012972,青海农牧科技职业学院,专科,no,,single_candidate,该行政单元在现行口径下只有 1 个候选，无需比较,policy,resolved_policy,shanghairanking-bcvcr-public-vocational,shanghairanking-bcvcr-public-vocational,shanghairanking-bcvcr-public-vocational,2026,中国高职专科院校排名（总榜）,农林,rankOverall,2026软科高职专科总榜 427,427,https://www.shanghairanking.cn/rankings/bcvcr/2026623,campus,profile_campus,,,,,no,,青海农牧科技职业学院,no,
district,青海省,西宁市,湟中区,0,0,,,,,,,,,no_candidate,,,,,,,,,,,,,,,,,no,,,no,
district,青海省,玉树藏族自治州,称多县,0,0,,,,,,,,,no_candidate,,,,,,,,,,,,,,,,,no,,,no,
district,青海省,玉树藏族自治州,囊谦县,0,0,,,,,,,,,no_candidate,,,,,,,,,,,,,,,,,no,,,no,
district,青海省,玉树藏族自治州,曲麻莱县,0,0,,,,,,,,,no_candidate,,,,,,,,,,,,,,,,,no,,,no,
district,青海省,玉树藏族自治州,玉树市,0,0,,,,,,,,,no_candidate,,,,,,,,,,,,,,,,,no,,,no,
district,青海省,玉树藏族自治州,杂多县,0,0,,,,,,,,,no_candidate,,,,,,,,,,,,,,,,,no,,,no,
district,青海省,玉树藏族自治州,治多县,0,0,,,,,,,,,no_candidate,,,,,,,,,,,,,,,,,no,,,no,
district,山东省,滨州市,滨城区,5,5,4137010440,山东医药大学,本科,no,,cross_group_scale_policy,山东医药大学 取自主榜序列；其余候选分属不同榜单体系，名次不可直接比较，按当前项目政策以主榜序列为先；候选池先按层次收敛：本科层次优先于更低层次（项目层次政策）,policy,resolved_policy,shanghairanking-bcur,shanghairanking-bcur,shanghairanking-bcur,2026,中国医药类大学排名,医药,rankOverall,2026软科医药 25 · 主榜参考 210,210,https://www.shanghairanking.cn/rankings/bcur/202621,campus,profile_campus,4137010449,山东航空学院,本科,shanghairanking-bcur,yes,,山东医药大学|山东航空学院,no,
district,山东省,滨州市,博兴县,0,0,,,,,,,,,no_candidate,,,,,,,,,,,,,,,,,no,,,no,
district,山东省,滨州市,惠民县,0,0,,,,,,,,,no_candidate,,,,,,,,,,,,,,,,,no,,,no,
district,山东省,滨州市,无棣县,0,0,,,,,,,,,no_candidate,,,,,,,,,,,,,,,,,no,,,no,
district,山东省,滨州市,阳信县,0,0,,,,,,,,,no_candidate,,,,,,,,,,,,,,,,,no,,,no,
district,山东省,滨州市,沾化区,0,0,,,,,,,,,no_candidate,,,,,,,,,,,,,,,,,no,,,no,
district,山东省,滨州市,邹平市,0,0,,,,,,,,,no_candidate,,,,,,,,,,,,,,,,,no,,,no,
district,山东省,德州市,德城区,5,5,4137010448,德州学院,本科,no,,public_before_private,同层次同标签下公办优先（按当前项目政策，非排名证据）；候选池先按层次收敛：本科层次优先于更低层次（项目层次政策）,policy,resolved_policy,shanghairanking-bcur,shanghairanking-bcur,shanghairanking-bcur,2026,中国大学排名（主榜）,,rankOverall,2026软科 393,393,https://www.shanghairanking.cn/rankings/bcur/2026,campus,profile_campus,,,,,no,,德州学院,yes,no comparable second place: the deciding rule set aside the other 4 candidate(s) without leaving anybody on the winner's own scale
district,山东省,德州市,乐陵市,0,0,,,,,,,,,no_candidate,,,,,,,,,,,,,,,,,no,,,no,
district,山东省,德州市,临邑县,0,0,,,,,,,,,no_candidate,,,,,,,,,,,,,,,,,no,,,no,
district,山东省,德州市,陵城区,1,1,4137012842,德州科技职业学院,专科,yes,,single_candidate,该行政单元在现行口径下只有 1 个候选，无需比较,policy,resolved_policy,shanghairanking-bcvcr-private-vocational,shanghairanking-bcvcr-private-vocational,shanghairanking-bcvcr-private-vocational,2026,民办高职专科院校排名,,ranking,2026软科民办高职专科 97,97,https://www.shanghairanking.cn/rankings/bcvcr/2026633,campus,profile_campus,,,,,no,,德州科技职业学院,no,
district,山东省,德州市,宁津县,0,0,,,,,,,,,no_candidate,,,,,,,,,,,,,,,,,no,,,no,
district,山东省,德州市,平原县,0,0,,,,,,,,,no_candidate,,,,,,,,,,,,,,,,,no,,,no,
district,山东省,德州市,齐河县,2,2,4137014439,山东农业工程学院,本科,no,,level_order,本科层次优先于更低层次候选（项目层次政策）,policy,resolved_policy,shanghairanking-bcur,shanghairanking-bcur,shanghairanking-bcur,2026,中国大学排名（主榜）,,rankOverall,2026软科 500+,500+,https://www.shanghairanking.cn/rankings/bcur/2026,campus,historical_campus,,,,,no,,山东农业工程学院,no,no comparable second place: the deciding rule set aside the other 1 candidate(s) without leaving anybody on the winner's own scale
district,山东省,德州市,庆云县,0,0,,,,,,,,,no_candidate,,,,,,,,,,,,,,,,,no,,,no,
district,山东省,德州市,武城县,0,0,,,,,,,,,no_candidate,,,,,,,,,,,,,,,,,no,,,no,
district,山东省,德州市,夏津县,0,0,,,,,,,,,no_candidate,,,,,,,,,,,,,,,,,no,,,no,
district,山东省,德州市,禹城市,1,1,4137012842,德州科技职业学院,专科,yes,,single_candidate,该行政单元在现行口径下只有 1 个候选，无需比较,policy,resolved_policy,shanghairanking-bcvcr-private-vocational,shanghairanking-bcvcr-private-vocational,shanghairanking-bcvcr-private-vocational,2026,民办高职专科院校排名,,ranking,2026软科民办高职专科 97,97,https://www.shanghairanking.cn/rankings/bcvcr/2026633,campus,profile_campus,,,,,no,,德州科技职业学院,no,
district,山东省,东营市,东营区,4,4,4137010425,中国石油大学（华东）,本科,no,211|双一流,prestige_tag,211 标签优先于无重点标签（国家官方重点建设名单）,strong,resolved_strong,shanghairanking-bcur,shanghairanking-bcur,shanghairanking-bcur,2026,中国大学排名（主榜）,,rankOverall,2026软科 73,73,https://www.shanghairanking.cn/rankings/bcur/2026,campus,profile_campus,4137013386,山东石油化工学院,本科,shanghairanking-bcur,yes,,中国石油大学（华东）|山东石油化工学院,no,
district,山东省,东营市,广饶县,1,1,4137013007,东营科技职业学院,专科,no,,single_candidate,该行政单元在现行口径下只有 1 个候选，无需比较,policy,resolved_policy,shanghairanking-bcvcr-public-vocational,shanghairanking-bcvcr-public-vocational,shanghairanking-bcvcr-public-vocational,2026,中国高职专科院校排名（总榜）,综合,rankOverall,2026软科高职综合 112+ · 高职专科总榜 500+,500+,https://www.shanghairanking.cn/rankings/bcvcr/2026623,campus,profile_campus,,,,,no,,东营科技职业学院,no,
district,山东省,东营市,河口区,1,1,4137012440,东营职业学院,专科,no,,single_candidate,该行政单元在现行口径下只有 1 个候选，无需比较,policy,resolved_policy,shanghairanking-bcvcr-public-vocational,shanghairanking-bcvcr-public-vocational,shanghairanking-bcvcr-public-vocational,2026,中国高职专科院校排名（总榜）,综合,rankOverall,2026软科高职专科总榜 106,106,https://www.shanghairanking.cn/rankings/bcvcr/2026623,campus,profile_campus,,,,,no,,东营职业学院,no,
district,山东省,东营市,垦利区,0,0,,,,,,,,,no_candidate,,,,,,,,,,,,,,,,,no,,,no,
district,山东省,东营市,利津县,0,0,,,,,,,,,no_candidate,,,,,,,,,,,,,,,,,no,,,no,
district,山东省,菏泽市,曹县,0,0,,,,,,,,,no_candidate,,,,,,,,,,,,,,,,,no,,,no,
district,山东省,菏泽市,成武县,0,0,,,,,,,,,no_candidate,,,,,,,,,,,,,,,,,no,,,no,
district,山东省,菏泽市,单县,2,2,4137010455,菏泽学院,本科,no,,level_order,本科层次优先于更低层次候选（项目层次政策）,policy,resolved_policy,shanghairanking-bcur,shanghairanking-bcur,shanghairanking-bcur,2026,中国大学排名（主榜）,,rankOverall,2026软科 500+,500+,https://www.shanghairanking.cn/rankings/bcur/2026,campus,profile_campus,,,,,no,,菏泽学院,no,no comparable second place: the deciding rule set aside the other 1 candidate(s) without leaving anybody on the winner's own scale
district,山东省,菏泽市,定陶区,0,0,,,,,,,,,no_candidate,,,,,,,,,,,,,,,,,no,,,no,
district,山东省,菏泽市,东明县,0,0,,,,,,,,,no_candidate,,,,,,,,,,,,,,,,,no,,,no,
district,山东省,菏泽市,巨野县,0,0,,,,,,,,,no_candidate,,,,,,,,,,,,,,,,,no,,,no,
district,山东省,菏泽市,鄄城县,1,1,4137014928,菏泽生物医药职业学院,专科,yes,,single_candidate,该行政单元在现行口径下只有 1 个候选，无需比较,policy,resolved_policy,,,,,,,,,,,campus,profile_campus,,,,,no,,菏泽生物医药职业学院,no,
district,山东省,菏泽市,牡丹区,4,4,4137010431,齐鲁工业大学,本科,no,,comparable_ranking,齐鲁工业大学 在同榜可比名次上优于 菏泽学院（软科 bcur）；候选池先按层次收敛：本科层次优先于更低层次（项目层次政策）,strong,resolved_strong,shanghairanking-bcur,shanghairanking-bcur,shanghairanking-bcur,2026,中国大学排名（主榜）,,rankOverall,2026软科 151,151,https://www.shanghairanking.cn/rankings/bcur/2026,campus,profile_campus,4137010455,菏泽学院,本科,shanghairanking-bcur,yes,,齐鲁工业大学|菏泽学院,no,
district,山东省,菏泽市,郓城县,1,1,4137010455,菏泽学院,本科,no,,single_candidate,该行政单元在现行口径下只有 1 个候选，无需比较,policy,resolved_policy,shanghairanking-bcur,shanghairanking-bcur,shanghairanking-bcur,2026,中国大学排名（主榜）,,rankOverall,2026软科 500+,500+,https://www.shanghairanking.cn/rankings/bcur/2026,campus,profile_campus,,,,,no,,菏泽学院,no,
district,山东省,济南市,钢城区,0,0,,,,,,,,,no_candidate,,,,,,,,,,,,,,,,,no,,,no,
district,山东省,济南市,槐荫区,6,6,4137010439,山东第一医科大学,本科,no,,comparable_ranking,山东第一医科大学 在同榜可比名次上优于 山东中医药大学（软科 bcur）；候选池先按层次收敛：本科层次优先于更低层次（项目层次政策）,strong,resolved_strong,shanghairanking-bcur,shanghairanking-bcur,shanghairanking-bcur,2026,中国医药类大学排名,医药,rankOverall,2026软科医药 17 · 主榜参考 135,135,https://www.shanghairanking.cn/rankings/bcur/202621,campus,profile_campus,4137010441,山东中医药大学,本科,shanghairanking-bcur,yes,,山东第一医科大学|山东中医药大学,no,
district,山东省,济南市,济阳区,2,2,4137013006,山东英才学院,本科,yes,,level_order,本科层次优先于更低层次候选（项目层次政策）,policy,resolved_policy,shanghairanking-bcur-private,shanghairanking-bcur-private,shanghairanking-bcur-private,2026,中国民办高校排名（主榜）,,ranking,2026软科民办 56,56,https://www.shanghairanking.cn/rankings/bcur/202615,campus,profile_campus,,,,,no,,山东英才学院,no,no comparable second place: the deciding rule set aside the other 1 candidate(s) without leaving anybody on the winner's own scale
district,山东省,济南市,莱芜区,3,3,4137010456,山东财经大学,本科,no,,public_before_private,同层次同标签下公办优先（按当前项目政策，非排名证据）；候选池先按层次收敛：本科层次优先于更低层次（项目层次政策）,policy,resolved_policy,shanghairanking-bcur,shanghairanking-bcur,shanghairanking-bcur,2026,中国财经类大学排名,财经,rankOverall,2026软科财经 13 · 主榜参考 143,143,https://www.shanghairanking.cn/rankings/bcur/202622,campus,historical_campus,,,,,no,,山东财经大学,yes,no comparable second place: the deciding rule set aside the other 2 candidate(s) without leaving anybody on the winner's own scale
district,山东省,济南市,历城区,16,16,4137010422,山东大学,本科,no,985|211|双一流,prestige_tag,985 标签优先于无重点标签（国家官方重点建设名单）,strong,resolved_strong,shanghairanking-bcur,shanghairanking-bcur,shanghairanking-bcur,2026,中国大学排名（主榜）,,rankOverall,2026软科 22,22,https://www.shanghairanking.cn/rankings/bcur/2026,campus,verified_campus,4137010431,齐鲁工业大学,本科,shanghairanking-bcur,yes,,山东大学|齐鲁工业大学,no,
district,山东省,济南市,历下区,17,17,4137010422,山东大学,本科,no,985|211|双一流,prestige_tag,985 标签优先于无重点标签（国家官方重点建设名单）,strong,resolved_strong,shanghairanking-bcur,shanghairanking-bcur,shanghairanking-bcur,2026,中国大学排名（主榜）,,rankOverall,2026软科 22,22,https://www.shanghairanking.cn/rankings/bcur/2026,campus,profile_campus,4137010445,山东师范大学,本科,shanghairanking-bcur,yes,,山东大学|山东师范大学,no,
district,山东省,济南市,平阴县,0,0,,,,,,,,,no_candidate,,,,,,,,,,,,,,,,,no,,,no,
district,山东省,济南市,商河县,0,0,,,,,,,,,no_candidate,,,,,,,,,,,,,,,,,no,,,no,
district,山东省,济南市,市中区,8,8,4137010422,山东大学,本科,no,985|211|双一流,prestige_tag,985 标签优先于无重点标签（国家官方重点建设名单）,strong,resolved_strong,shanghairanking-bcur,shanghairanking-bcur,shanghairanking-bcur,2026,中国大学排名（主榜）,,rankOverall,2026软科 22,22,https://www.shanghairanking.cn/rankings/bcur/2026,campus,profile_campus,4137010456,山东财经大学,本科,shanghairanking-bcur,yes,,山东大学|山东财经大学,no,
district,山东省,济南市,天桥区,5,5,4137010424,山东科技大学,本科,no,,public_before_private,同层次同标签下公办优先（按当前项目政策，非排名证据）；公办候选之间再按同榜名次比较；候选池先按层次收敛：本科层次优先于更低层次（项目层次政策）,policy,resolved_policy,shanghairanking-bcur,shanghairanking-bcur,shanghairanking-bcur,2026,中国大学排名（主榜）,,rankOverall,2026软科 140,140,https://www.shanghairanking.cn/rankings/bcur/2026,campus,profile_campus,4137011510,山东交通学院,本科,shanghairanking-bcur,yes,,山东科技大学|山东交通学院,yes,
district,山东省,济南市,章丘区,10,10,4137010456,山东财经大学,本科,no,,public_before_private,同层次同标签下公办优先（按当前项目政策，非排名证据）；公办候选之间再按同榜名次比较；候选池先按层次收敛：本科层次优先于更低层次（项目层次政策）,policy,resolved_policy,shanghairanking-bcur,shanghairanking-bcur,shanghairanking-bcur,2026,中国财经类大学排名,财经,rankOverall,2026软科财经 13 · 主榜参考 143,143,https://www.shanghairanking.cn/rankings/bcur/202622,campus,profile_campus,4137014276,齐鲁师范学院,本科,shanghairanking-bcur,yes,,山东财经大学|齐鲁师范学院,yes,
district,山东省,济南市,长清区,13,13,4137010445,山东师范大学,本科,no,,public_before_private,同层次同标签下公办优先（按当前项目政策，非排名证据）；公办候选之间再按同榜名次比较；候选池先按层次收敛：本科层次优先于更低层次（项目层次政策）,policy,resolved_policy,shanghairanking-bcur,shanghairanking-bcur,shanghairanking-bcur,2026,中国大学排名（主榜）,,rankOverall,2026软科 104,104,https://www.shanghairanking.cn/rankings/bcur/2026,campus,profile_campus,4137010431,齐鲁工业大学,本科,shanghairanking-bcur,yes,,山东师范大学|齐鲁工业大学,yes,2 leading candidate(s) carry no official list ranking
district,山东省,济宁市,嘉祥县,1,1,4137014242,山东理工职业学院,专科,no,,single_candidate,该行政单元在现行口径下只有 1 个候选，无需比较,policy,resolved_policy,shanghairanking-bcvcr-public-vocational,shanghairanking-bcvcr-public-vocational,shanghairanking-bcvcr-public-vocational,2026,中国高职专科院校排名（总榜）,综合,rankOverall,2026软科高职专科总榜 129,129,https://www.shanghairanking.cn/rankings/bcvcr/2026623,campus,profile_campus,,,,,no,,山东理工职业学院,no,
district,山东省,济宁市,金乡县,0,0,,,,,,,,,no_candidate,,,,,,,,,,,,,,,,,no,,,no,
district,山东省,济宁市,梁山县,1,1,4137014924,济宁汽车工程职业学院,专科,yes,,single_candidate,该行政单元在现行口径下只有 1 个候选，无需比较,policy,resolved_policy,,,,,,,,,,,campus,profile_campus,,,,,no,,济宁汽车工程职业学院,no,
district,山东省,济宁市,曲阜市,5,5,4137010446,曲阜师范大学,本科,no,,public_before_private,同层次同标签下公办优先（按当前项目政策，非排名证据）；公办候选之间再按同榜名次比较；候选池先按层次收敛：本科层次优先于更低层次（项目层次政策）,policy,resolved_policy,shanghairanking-bcur,shanghairanking-bcur,shanghairanking-bcur,2026,中国大学排名（主榜）,,rankOverall,2026软科 164,164,https://www.shanghairanking.cn/rankings/bcur/2026,campus,profile_campus,4137010454,济宁学院,本科,shanghairanking-bcur,yes,,曲阜师范大学|济宁学院,yes,
district,山东省,济宁市,任城区,4,4,4137010443,济宁医学院,本科,no,,level_order,本科层次优先于更低层次候选（项目层次政策）,policy,resolved_policy,shanghairanking-bcur,shanghairanking-bcur,shanghairanking-bcur,2026,中国医药类大学排名,医药,rankOverall,2026软科医药 43 · 主榜参考 321,321,https://www.shanghairanking.cn/rankings/bcur/202621,campus,profile_campus,,,,,no,,济宁医学院,no,no comparable second place: the deciding rule set aside the other 3 candidate(s) without leaving anybody on the winner's own scale
district,山东省,济宁市,泗水县,0,0,,,,,,,,,no_candidate,,,,,,,,,,,,,,,,,no,,,no,
district,山东省,济宁市,微山县,0,0,,,,,,,,,no_candidate,,,,,,,,,,,,,,,,,no,,,no,
district,山东省,济宁市,汶上县,0,0,,,,,,,,,no_candidate,,,,,,,,,,,,,,,,,no,,,no,
district,山东省,济宁市,兖州区,1,1,4137010454,济宁学院,本科,no,,single_candidate,该行政单元在现行口径下只有 1 个候选，无需比较,policy,resolved_policy,shanghairanking-bcur,shanghairanking-bcur,shanghairanking-bcur,2026,中国大学排名（主榜）,,rankOverall,2026软科 460,460,https://www.shanghairanking.cn/rankings/bcur/2026,campus,historical_campus,,,,,no,,济宁学院,no,
district,山东省,济宁市,鱼台县,1,1,4137014242,山东理工职业学院,专科,no,,single_candidate,该行政单元在现行口径下只有 1 个候选，无需比较,policy,resolved_policy,shanghairanking-bcvcr-public-vocational,shanghairanking-bcvcr-public-vocational,shanghairanking-bcvcr-public-vocational,2026,中国高职专科院校排名（总榜）,综合,rankOverall,2026软科高职专科总榜 129,129,https://www.shanghairanking.cn/rankings/bcvcr/2026623,campus,profile_campus,,,,,no,,山东理工职业学院,no,
district,山东省,济宁市,邹城市,1,1,4137013859,山东铝业职业学院,专科,no,,single_candidate,该行政单元在现行口径下只有 1 个候选，无需比较,policy,resolved_policy,shanghairanking-bcvcr-public-vocational,shanghairanking-bcvcr-public-vocational,shanghairanking-bcvcr-public-vocational,2026,中国高职专科院校排名（总榜）,理工,rankOverall,2026软科高职理工 230+ · 高职专科总榜 500+,500+,https://www.shanghairanking.cn/rankings/bcvcr/2026623,campus,historical_campus,,,,,no,,山东铝业职业学院,no,
district,山东省,聊城市,茌平区,0,0,,,,,,,,,no_candidate,,,,,,,,,,,,,,,,,no,,,no,
district,山东省,聊城市,东阿县,0,0,,,,,,,,,no_candidate,,,,,,,,,,,,,,,,,no,,,no,
district,山东省,聊城市,东昌府区,3,3,4137010447,聊城大学,本科,no,,public_before_private,同层次同标签下公办优先（按当前项目政策，非排名证据）；候选池先按层次收敛：本科层次优先于更低层次（项目层次政策）,policy,resolved_policy,shanghairanking-bcur,shanghairanking-bcur,shanghairanking-bcur,2026,中国大学排名（主榜）,,rankOverall,2026软科 268,268,https://www.shanghairanking.cn/rankings/bcur/2026,campus,profile_campus,,,,,no,,聊城大学,yes,no comparable second place: the deciding rule set aside the other 2 candidate(s) without leaving anybody on the winner's own scale
district,山东省,聊城市,高唐县,0,0,,,,,,,,,no_candidate,,,,,,,,,,,,,,,,,no,,,no,
district,山东省,聊城市,冠县,0,0,,,,,,,,,no_candidate,,,,,,,,,,,,,,,,,no,,,no,
district,山东省,聊城市,临清市,2,2,4137010447,聊城大学,本科,no,,level_order,本科层次优先于更低层次候选（项目层次政策）,policy,resolved_policy,shanghairanking-bcur,shanghairanking-bcur,shanghairanking-bcur,2026,中国大学排名（主榜）,,rankOverall,2026软科 268,268,https://www.shanghairanking.cn/rankings/bcur/2026,campus,historical_campus,,,,,no,,聊城大学,no,no comparable second place: the deciding rule set aside the other 1 candidate(s) without leaving anybody on the winner's own scale
district,山东省,聊城市,莘县,0,0,,,,,,,,,no_candidate,,,,,,,,,,,,,,,,,no,,,no,
district,山东省,聊城市,阳谷县,1,1,4137013015,青岛恒星科技学院,本科,yes,,single_candidate,该行政单元在现行口径下只有 1 个候选，无需比较,policy,resolved_policy,shanghairanking-bcur-private,shanghairanking-bcur-private,shanghairanking-bcur-private,2026,中国民办高校排名（主榜）,,ranking,2026软科民办 62,62,https://www.shanghairanking.cn/rankings/bcur/202615,campus,historical_campus,,,,,no,,青岛恒星科技学院,no,
district,山东省,临沂市,费县,2,2,4137010429,青岛理工大学,本科,no,,comparable_ranking,青岛理工大学 在同榜可比名次上优于 临沂大学（软科 bcur）,strong,resolved_strong,shanghairanking-bcur,shanghairanking-bcur,shanghairanking-bcur,2026,中国大学排名（主榜）,,rankOverall,2026软科 187,187,https://www.shanghairanking.cn/rankings/bcur/2026,campus,profile_campus,4137010452,临沂大学,本科,shanghairanking-bcur,yes,,青岛理工大学|临沂大学,no,
district,山东省,临沂市,河东区,3,3,4137014979,临沂工学院,本科,yes,,level_order,本科层次优先于更低层次候选（项目层次政策）,policy,resolved_policy,,,,,,,,,,,campus,corroborated_campus,,,,,no,,临沂工学院,no,no comparable second place: the deciding rule set aside the other 2 candidate(s) without leaving anybody on the winner's own scale
district,山东省,临沂市,莒南县,0,0,,,,,,,,,no_candidate,,,,,,,,,,,,,,,,,no,,,no,
district,山东省,临沂市,兰陵县,0,0,,,,,,,,,no_candidate,,,,,,,,,,,,,,,,,no,,,no,
district,山东省,临沂市,兰山区,2,2,4137010452,临沂大学,本科,no,,level_order,本科层次优先于更低层次候选（项目层次政策）,policy,resolved_policy,shanghairanking-bcur,shanghairanking-bcur,shanghairanking-bcur,2026,中国大学排名（主榜）,,rankOverall,2026软科 299,299,https://www.shanghairanking.cn/rankings/bcur/2026,campus,profile_campus,,,,,no,,临沂大学,no,no comparable second place: the deciding rule set aside the other 1 candidate(s) without leaving anybody on the winner's own scale
district,山东省,临沂市,临沭县,0,0,,,,,,,,,no_candidate,,,,,,,,,,,,,,,,,no,,,no,
district,山东省,临沂市,罗庄区,2,2,4137014195,临沂职业学院,专科,no,,public_before_private,同层次同标签下公办优先（按当前项目政策，非排名证据）,policy,resolved_policy,shanghairanking-bcvcr-public-vocational,shanghairanking-bcvcr-public-vocational,shanghairanking-bcvcr-public-vocational,2026,中国高职专科院校排名（总榜）,综合,rankOverall,2026软科高职专科总榜 340,340,https://www.shanghairanking.cn/rankings/bcvcr/2026623,campus,profile_campus,,,,,no,,临沂职业学院,yes,no comparable second place: the deciding rule set aside the other 1 candidate(s) without leaving anybody on the winner's own scale
district,山东省,临沂市,蒙阴县,0,0,,,,,,,,,no_candidate,,,,,,,,,,,,,,,,,no,,,no,
district,山东省,临沂市,平邑县,0,0,,,,,,,,,no_candidate,,,,,,,,,,,,,,,,,no,,,no,
district,山东省,临沂市,郯城县,0,0,,,,,,,,,no_candidate,,,,,,,,,,,,,,,,,no,,,no,
district,山东省,临沂市,沂南县,0,0,,,,,,,,,no_candidate,,,,,,,,,,,,,,,,,no,,,no,
district,山东省,临沂市,沂水县,1,1,4137010452,临沂大学,本科,no,,single_candidate,该行政单元在现行口径下只有 1 个候选，无需比较,policy,resolved_policy,shanghairanking-bcur,shanghairanking-bcur,shanghairanking-bcur,2026,中国大学排名（主榜）,,rankOverall,2026软科 299,299,https://www.shanghairanking.cn/rankings/bcur/2026,campus,profile_campus,,,,,no,,临沂大学,no,
district,山东省,青岛市,城阳区,5,5,4137010435,青岛农业大学,本科,no,,public_before_private,同层次同标签下公办优先（按当前项目政策，非排名证据）；候选池先按层次收敛：本科层次优先于更低层次（项目层次政策）,policy,resolved_policy,shanghairanking-bcur,shanghairanking-bcur,shanghairanking-bcur,2026,中国大学排名（主榜）,,rankOverall,2026软科 228,228,https://www.shanghairanking.cn/rankings/bcur/2026,campus,profile_campus,,,,,no,,青岛农业大学,yes,1 leading candidate(s) carry no official list ranking; no comparable second place: the deciding rule set aside the other 4 candidate(s) without leaving anybody on the winner's own scale
district,山东省,青岛市,黄岛区,11,11,4137010423,中国海洋大学,本科,no,985|211|双一流,prestige_tag,985 标签优先于211（国家官方重点建设名单）,strong,resolved_strong,shanghairanking-bcur,shanghairanking-bcur,shanghairanking-bcur,2026,中国大学排名（主榜）,,rankOverall,2026软科 51,51,https://www.shanghairanking.cn/rankings/bcur/2026,campus,profile_campus,4137010425,中国石油大学（华东）,本科,shanghairanking-bcur,yes,,中国海洋大学|中国石油大学（华东）,no,
district,山东省,青岛市,即墨区,3,3,4137010422,山东大学,本科,no,985|211|双一流,prestige_tag,985 标签优先于无重点标签（国家官方重点建设名单）,strong,resolved_strong,shanghairanking-bcur,shanghairanking-bcur,shanghairanking-bcur,2026,中国大学排名（主榜）,,rankOverall,2026软科 22,22,https://www.shanghairanking.cn/rankings/bcur/2026,campus,verified_campus,4137010435,青岛农业大学,本科,shanghairanking-bcur,yes,,山东大学|青岛农业大学,no,
district,山东省,青岛市,胶州市,2,2,4137013995,青岛工学院,本科,yes,,level_order,本科层次优先于更低层次候选（项目层次政策）,policy,resolved_policy,shanghairanking-bcur-private,shanghairanking-bcur-private,shanghairanking-bcur-private,2026,中国民办高校排名（主榜）,,ranking,2026软科民办 98,98,https://www.shanghairanking.cn/rankings/bcur/202615,campus,profile_campus,,,,,no,,青岛工学院,no,no comparable second place: the deciding rule set aside the other 1 candidate(s) without leaving anybody on the winner's own scale
district,山东省,青岛市,莱西市,3,3,4137014962,青岛健康科技职业学院,专科,no,,public_before_private,同层次同标签下公办优先（按当前项目政策，非排名证据）,policy,resolved_policy,,,,,,,,,,,campus,verified_campus,,,,,no,,青岛健康科技职业学院,yes,no comparable second place: the deciding rule set aside the other 2 candidate(s) without leaving anybody on the winner's own scale
district,山东省,青岛市,崂山区,3,3,4137010423,中国海洋大学,本科,no,985|211|双一流,prestige_tag,985 标签优先于无重点标签（国家官方重点建设名单）,strong,resolved_strong,shanghairanking-bcur,shanghairanking-bcur,shanghairanking-bcur,2026,中国大学排名（主榜）,,rankOverall,2026软科 51,51,https://www.shanghairanking.cn/rankings/bcur/2026,campus,profile_campus,4137011065,青岛大学,本科,shanghairanking-bcur,yes,,中国海洋大学|青岛大学,no,
district,山东省,青岛市,李沧区,3,3,4137013015,青岛恒星科技学院,本科,yes,,level_order,本科层次优先于更低层次候选（项目层次政策）,policy,resolved_policy,shanghairanking-bcur-private,shanghairanking-bcur-private,shanghairanking-bcur-private,2026,中国民办高校排名（主榜）,,ranking,2026软科民办 62,62,https://www.shanghairanking.cn/rankings/bcur/202615,campus,profile_campus,,,,,no,,青岛恒星科技学院,no,no comparable second place: the deciding rule set aside the other 2 candidate(s) without leaving anybody on the winner's own scale
district,山东省,青岛市,平度市,1,1,4137010435,青岛农业大学,本科,no,,single_candidate,该行政单元在现行口径下只有 1 个候选，无需比较,policy,resolved_policy,shanghairanking-bcur,shanghairanking-bcur,shanghairanking-bcur,2026,中国大学排名（主榜）,,rankOverall,2026软科 228,228,https://www.shanghairanking.cn/rankings/bcur/2026,campus,profile_campus,,,,,no,,青岛农业大学,no,
district,山东省,青岛市,市北区,4,4,4137011065,青岛大学,本科,no,,comparable_ranking,青岛大学 在同榜可比名次上优于 青岛科技大学（软科 bcur）；候选池先按层次收敛：本科层次优先于更低层次（项目层次政策）,strong,resolved_strong,shanghairanking-bcur,shanghairanking-bcur,shanghairanking-bcur,2026,中国大学排名（主榜）,,rankOverall,2026软科 108,108,https://www.shanghairanking.cn/rankings/bcur/2026,campus,profile_campus,4137010426,青岛科技大学,本科,shanghairanking-bcur,yes,,青岛大学|青岛科技大学,no,
district,山东省,青岛市,市南区,5,5,4137010423,中国海洋大学,本科,no,985|211|双一流,prestige_tag,985 标签优先于无重点标签（国家官方重点建设名单）,strong,resolved_strong,shanghairanking-bcur,shanghairanking-bcur,shanghairanking-bcur,2026,中国大学排名（主榜）,,rankOverall,2026软科 51,51,https://www.shanghairanking.cn/rankings/bcur/2026,campus,profile_campus,4137011065,青岛大学,本科,shanghairanking-bcur,yes,,中国海洋大学|青岛大学,no,
district,山东省,日照市,东港区,8,8,4137010446,曲阜师范大学,本科,no,,public_before_private,同层次同标签下公办优先（按当前项目政策，非排名证据）；候选池先按层次收敛：本科层次优先于更低层次（项目层次政策）,policy,resolved_policy,shanghairanking-bcur,shanghairanking-bcur,shanghairanking-bcur,2026,中国大学排名（主榜）,,rankOverall,2026软科 164,164,https://www.shanghairanking.cn/rankings/bcur/2026,campus,profile_campus,4137010443,济宁医学院,本科,shanghairanking-bcur,yes,,曲阜师范大学|济宁医学院,yes,
district,山东省,日照市,莒县,0,0,,,,,,,,,no_candidate,,,,,,,,,,,,,,,,,no,,,no,
district,山东省,日照市,岚山区,0,0,,,,,,,,,no_candidate,,,,,,,,,,,,,,,,,no,,,no,
district,山东省,日照市,五莲县,1,1,4137014925,日照科技职业学院,专科,yes,,single_candidate,该行政单元在现行口径下只有 1 个候选，无需比较,policy,resolved_policy,,,,,,,,,,,campus,profile_campus,,,,,no,,日照科技职业学院,no,
district,山东省,泰安市,岱岳区,10,10,4137010439,山东第一医科大学,本科,no,,public_before_private,同层次同标签下公办优先（按当前项目政策，非排名证据）；公办候选之间再按同榜名次比较；候选池先按层次收敛：本科层次优先于更低层次（项目层次政策）,policy,resolved_policy,shanghairanking-bcur,shanghairanking-bcur,shanghairanking-bcur,2026,中国医药类大学排名,医药,rankOverall,2026软科医药 17 · 主榜参考 135,135,https://www.shanghairanking.cn/rankings/bcur/202621,campus,profile_campus,4137010424,山东科技大学,本科,shanghairanking-bcur,yes,,山东第一医科大学|山东科技大学,yes,
district,山东省,泰安市,东平县,0,0,,,,,,,,,no_candidate,,,,,,,,,,,,,,,,,no,,,no,
district,山东省,泰安市,肥城市,0,0,,,,,,,,,no_candidate,,,,,,,,,,,,,,,,,no,,,no,
district,山东省,泰安市,宁阳县,0,0,,,,,,,,,no_candidate,,,,,,,,,,,,,,,,,no,,,no,
district,山东省,泰安市,泰山区,7,7,4137010434,山东农业大学,本科,no,,comparable_ranking,山东农业大学 在同榜可比名次上优于 山东科技大学（软科 bcur）；候选池先按层次收敛：本科层次优先于更低层次（项目层次政策）,strong,resolved_strong,shanghairanking-bcur,shanghairanking-bcur,shanghairanking-bcur,2026,中国大学排名（主榜）,,rankOverall,2026软科 128,128,https://www.shanghairanking.cn/rankings/bcur/2026,campus,profile_campus,4137010424,山东科技大学,本科,shanghairanking-bcur,yes,,山东农业大学|山东科技大学,no,
district,山东省,泰安市,新泰市,1,1,4137014345,泰山护理职业学院,专科,no,,single_candidate,该行政单元在现行口径下只有 1 个候选，无需比较,policy,resolved_policy,shanghairanking-bcvcr-public-vocational,shanghairanking-bcvcr-public-vocational,shanghairanking-bcvcr-public-vocational,2026,中国高职专科院校排名（总榜）,医药,rankOverall,2026软科高职医药 46+ · 高职专科总榜 500+,500+,https://www.shanghairanking.cn/rankings/bcvcr/2026623,campus,historical_campus,,,,,no,,泰山护理职业学院,no,
district,山东省,威海市,环翠区,5,5,4123010213,哈尔滨工业大学,本科,no,985|211|双一流,comparable_ranking,哈尔滨工业大学 在同榜可比名次上优于 山东大学（软科 bcur）；候选池先按国家标签收敛：985,strong,resolved_strong,shanghairanking-bcur,shanghairanking-bcur,shanghairanking-bcur,2026,中国大学排名（主榜）,,rankOverall,2026软科 12,12,https://www.shanghairanking.cn/rankings/bcur/2026,campus,profile_campus,4137010422,山东大学,本科,shanghairanking-bcur,yes,,哈尔滨工业大学|山东大学,no,
district,山东省,威海市,荣成市,2,2,4123010214,哈尔滨理工大学,本科,no,,level_order,本科层次优先于更低层次候选（项目层次政策）,policy,resolved_policy,shanghairanking-bcur,shanghairanking-bcur,shanghairanking-bcur,2026,中国大学排名（主榜）,,rankOverall,2026软科 214,214,https://www.shanghairanking.cn/rankings/bcur/2026,campus,profile_campus,,,,,no,,哈尔滨理工大学,no,no comparable second place: the deciding rule set aside the other 1 candidate(s) without leaving anybody on the winner's own scale
district,山东省,威海市,乳山市,1,1,4137013874,山东外事职业大学,本科,yes,,single_candidate,该行政单元在现行口径下只有 1 个候选，无需比较,policy,resolved_policy,shanghairanking-bcvcr-private-vocational-undergraduate,shanghairanking-bcvcr-private-vocational-undergraduate,shanghairanking-bcvcr-private-vocational-undergraduate,2026,民办职业本科大学排名,,ranking,2026软科民办职业本科大学 10,10,https://www.shanghairanking.cn/rankings/bcvcr/2026750,campus,profile_campus,,,,,no,,山东外事职业大学,no,
district,山东省,威海市,文登区,2,2,4111010004,北京交通大学,本科,no,211|双一流,level_order,本科层次优先于更低层次候选（项目层次政策）,policy,resolved_policy,shanghairanking-bcur,shanghairanking-bcur,shanghairanking-bcur,2026,中国大学排名（主榜）,,rankOverall,2026软科 41,41,https://www.shanghairanking.cn/rankings/bcur/2026,campus,historical_campus,,,,,no,,北京交通大学,no,no comparable second place: the deciding rule set aside the other 1 candidate(s) without leaving anybody on the winner's own scale
district,山东省,潍坊市,安丘市,1,1,4137014810,潍坊食品科技职业学院,专科,yes,,single_candidate,该行政单元在现行口径下只有 1 个候选，无需比较,policy,resolved_policy,,,,,,,,,,,campus,profile_campus,,,,,no,,潍坊食品科技职业学院,no,
district,山东省,潍坊市,昌乐县,0,0,,,,,,,,,no_candidate,,,,,,,,,,,,,,,,,no,,,no,
district,山东省,潍坊市,昌邑市,1,1,4137014710,潍坊环境工程职业学院,专科,yes,,single_candidate,该行政单元在现行口径下只有 1 个候选，无需比较,policy,resolved_policy,shanghairanking-bcvcr-private-vocational,shanghairanking-bcvcr-private-vocational,shanghairanking-bcvcr-private-vocational,2026,民办高职专科院校排名,,ranking,2026软科民办高职专科 100+,100+,https://www.shanghairanking.cn/rankings/bcvcr/2026633,campus,profile_campus,,,,,no,,潍坊环境工程职业学院,no,
district,山东省,潍坊市,坊子区,0,0,,,,,,,,,no_candidate,,,,,,,,,,,,,,,,,no,,,no,
district,山东省,潍坊市,高密市,1,1,4137010426,青岛科技大学,本科,no,,single_candidate,该行政单元在现行口径下只有 1 个候选，无需比较,policy,resolved_policy,shanghairanking-bcur,shanghairanking-bcur,shanghairanking-bcur,2026,中国大学排名（主榜）,,rankOverall,2026软科 167,167,https://www.shanghairanking.cn/rankings/bcur/2026,campus,profile_campus,,,,,no,,青岛科技大学,no,
district,山东省,潍坊市,寒亭区,6,6,4137013379,潍坊理工学院,本科,yes,,level_order,本科层次优先于更低层次候选（项目层次政策）,policy,resolved_policy,shanghairanking-bcur-private,shanghairanking-bcur-private,shanghairanking-bcur-private,2026,中国民办高校排名（主榜）,,ranking,2026软科民办 72,72,https://www.shanghairanking.cn/rankings/bcur/202615,campus,profile_campus,,,,,no,,潍坊理工学院,no,no comparable second place: the deciding rule set aside the other 5 candidate(s) without leaving anybody on the winner's own scale
district,山东省,潍坊市,奎文区,7,7,4137010438,山东第二医科大学,本科,no,,comparable_ranking,山东第二医科大学 在同榜可比名次上优于 潍坊学院（软科 bcur）；候选池先按层次收敛：本科层次优先于更低层次（项目层次政策）,strong,resolved_strong,shanghairanking-bcur,shanghairanking-bcur,shanghairanking-bcur,2026,中国医药类大学排名,医药,rankOverall,2026软科医药 29 · 主榜参考 221,221,https://www.shanghairanking.cn/rankings/bcur/202621,campus,profile_campus,4137011067,潍坊学院,本科,shanghairanking-bcur,yes,,山东第二医科大学|潍坊学院,no,
district,山东省,潍坊市,临朐县,1,1,4137013857,山东华宇工学院,本科,yes,,single_candidate,该行政单元在现行口径下只有 1 个候选，无需比较,policy,resolved_policy,shanghairanking-bcur-private,shanghairanking-bcur-private,shanghairanking-bcur-private,2026,中国民办高校排名（主榜）,,ranking,2026软科民办 78,78,https://www.shanghairanking.cn/rankings/bcur/202615,campus,historical_campus,,,,,no,,山东华宇工学院,no,
district,山东省,潍坊市,青州市,3,3,4137013379,潍坊理工学院,本科,yes,,level_order,本科层次优先于更低层次候选（项目层次政策）,policy,resolved_policy,shanghairanking-bcur-private,shanghairanking-bcur-private,shanghairanking-bcur-private,2026,中国民办高校排名（主榜）,,ranking,2026软科民办 72,72,https://www.shanghairanking.cn/rankings/bcur/202615,campus,profile_campus,,,,,no,,潍坊理工学院,no,no comparable second place: the deciding rule set aside the other 2 candidate(s) without leaving anybody on the winner's own scale
district,山东省,潍坊市,寿光市,1,1,4137012843,潍坊科技学院,本科,yes,,single_candidate,该行政单元在现行口径下只有 1 个候选，无需比较,policy,resolved_policy,shanghairanking-bcur-private,shanghairanking-bcur-private,shanghairanking-bcur-private,2026,中国民办高校排名（主榜）,,ranking,2026软科民办 15,15,https://www.shanghairanking.cn/rankings/bcur/202615,campus,profile_campus,,,,,no,,潍坊科技学院,no,
district,山东省,潍坊市,潍城区,4,4,4137010438,山东第二医科大学,本科,no,,cross_group_scale_policy,山东第二医科大学 取自主榜序列；其余候选分属不同榜单体系，名次不可直接比较，按当前项目政策以主榜序列为先；候选池先按层次收敛：本科层次优先于更低层次（项目层次政策）,policy,resolved_policy,shanghairanking-bcur,shanghairanking-bcur,shanghairanking-bcur,2026,中国医药类大学排名,医药,rankOverall,2026软科医药 29 · 主榜参考 221,221,https://www.shanghairanking.cn/rankings/bcur/202621,campus,profile_campus,4137011067,潍坊学院,本科,shanghairanking-bcur,yes,,山东第二医科大学|潍坊学院,no,
district,山东省,潍坊市,诸城市,1,1,4137013388,潍坊工商职业学院,专科,yes,,single_candidate,该行政单元在现行口径下只有 1 个候选，无需比较,policy,resolved_policy,shanghairanking-bcvcr-private-vocational,shanghairanking-bcvcr-private-vocational,shanghairanking-bcvcr-private-vocational,2026,民办高职专科院校排名,,ranking,2026软科民办高职专科 49,49,https://www.shanghairanking.cn/rankings/bcvcr/2026633,campus,profile_campus,,,,,no,,潍坊工商职业学院,no,
district,山东省,烟台市,福山区,4,4,4137014081,烟台汽车工程职业学院,专科,no,,comparable_ranking,烟台汽车工程职业学院 在同榜可比名次上优于 烟台工程职业技术学院（软科 bcvcr-public-vocational）,strong,resolved_strong,shanghairanking-bcvcr-public-vocational,shanghairanking-bcvcr-public-vocational,shanghairanking-bcvcr-public-vocational,2026,中国高职专科院校排名（总榜）,理工,rankOverall,2026软科高职专科总榜 347,347,https://www.shanghairanking.cn/rankings/bcvcr/2026623,campus,profile_campus,4137013355,烟台工程职业技术学院,专科,shanghairanking-bcvcr-public-vocational,yes,,烟台汽车工程职业学院|烟台工程职业技术学院,yes,2 leading candidate(s) carry no official list ranking
district,山东省,烟台市,海阳市,0,0,,,,,,,,,no_candidate,,,,,,,,,,,,,,,,,no,,,no,
district,山东省,烟台市,莱山区,8,8,4111010019,中国农业大学,本科,no,985|211|双一流,prestige_tag,985 标签优先于无重点标签（国家官方重点建设名单）,strong,resolved_strong,shanghairanking-bcur,shanghairanking-bcur,shanghairanking-bcur,2026,中国大学排名（主榜）,,rankOverall,2026软科 24,24,https://www.shanghairanking.cn/rankings/bcur/2026,campus,historical_campus,4137010440,山东医药大学,本科,shanghairanking-bcur,yes,,中国农业大学|山东医药大学,no,
district,山东省,烟台市,莱阳市,3,3,4137010435,青岛农业大学,本科,no,,public_before_private,同层次同标签下公办优先（按当前项目政策，非排名证据）；候选池先按层次收敛：本科层次优先于更低层次（项目层次政策）,policy,resolved_policy,shanghairanking-bcur,shanghairanking-bcur,shanghairanking-bcur,2026,中国大学排名（主榜）,,rankOverall,2026软科 228,228,https://www.shanghairanking.cn/rankings/bcur/2026,campus,profile_campus,,,,,no,,青岛农业大学,yes,no comparable second place: the deciding rule set aside the other 2 candidate(s) without leaving anybody on the winner's own scale
district,山东省,烟台市,莱州市,0,0,,,,,,,,,no_candidate,,,,,,,,,,,,,,,,,no,,,no,
district,山东省,烟台市,龙口市,1,1,4137012332,烟台南山学院,本科,yes,,single_candidate,该行政单元在现行口径下只有 1 个候选，无需比较,policy,resolved_policy,shanghairanking-bcur-private,shanghairanking-bcur-private,shanghairanking-bcur-private,2026,中国民办高校排名（主榜）,,ranking,2026软科民办 32,32,https://www.shanghairanking.cn/rankings/bcur/202615,campus,profile_campus,,,,,no,,烟台南山学院,no,
district,山东省,烟台市,牟平区,3,3,4137010908,山东工艺美术学院,本科,no,,level_order,本科层次优先于更低层次候选（项目层次政策）,policy,resolved_policy,,,,,,,,,,,campus,historical_campus,,,,,no,,山东工艺美术学院,no,no comparable second place: the deciding rule set aside the other 2 candidate(s) without leaving anybody on the winner's own scale
district,山东省,烟台市,蓬莱区,3,3,4137010451,鲁东大学,本科,no,,public_before_private,同层次同标签下公办优先（按当前项目政策，非排名证据）；候选池先按层次收敛：本科层次优先于更低层次（项目层次政策）,policy,resolved_policy,shanghairanking-bcur,shanghairanking-bcur,shanghairanking-bcur,2026,中国大学排名（主榜）,,rankOverall,2026软科 240,240,https://www.shanghairanking.cn/rankings/bcur/2026,campus,historical_campus,,,,,no,,鲁东大学,yes,no comparable second place: the deciding rule set aside the other 2 candidate(s) without leaving anybody on the winner's own scale
district,山东省,烟台市,栖霞市,0,0,,,,,,,,,no_candidate,,,,,,,,,,,,,,,,,no,,,no,
district,山东省,烟台市,招远市,1,1,4137014570,烟台黄金职业学院,专科,yes,,single_candidate,该行政单元在现行口径下只有 1 个候选，无需比较,policy,resolved_policy,shanghairanking-bcvcr-private-vocational,shanghairanking-bcvcr-private-vocational,shanghairanking-bcvcr-private-vocational,2026,民办高职专科院校排名,,ranking,2026软科民办高职专科 83,83,https://www.shanghairanking.cn/rankings/bcvcr/2026633,campus,profile_campus,,,,,no,,烟台黄金职业学院,no,
district,山东省,烟台市,芝罘区,1,1,4137010451,鲁东大学,本科,no,,single_candidate,该行政单元在现行口径下只有 1 个候选，无需比较,policy,resolved_policy,shanghairanking-bcur,shanghairanking-bcur,shanghairanking-bcur,2026,中国大学排名（主榜）,,rankOverall,2026软科 240,240,https://www.shanghairanking.cn/rankings/bcur/2026,campus,profile_campus,,,,,no,,鲁东大学,no,
district,山东省,枣庄市,山亭区,1,1,4137013320,青岛黄海学院,本科,yes,,single_candidate,该行政单元在现行口径下只有 1 个候选，无需比较,policy,resolved_policy,shanghairanking-bcur-private,shanghairanking-bcur-private,shanghairanking-bcur-private,2026,中国民办高校排名（主榜）,,ranking,2026软科民办 22,22,https://www.shanghairanking.cn/rankings/bcur/202615,campus,historical_campus,,,,,no,,青岛黄海学院,no,
district,山东省,枣庄市,市中区,2,2,4137010904,枣庄学院,本科,no,,level_order,本科层次优先于更低层次候选（项目层次政策）,policy,resolved_policy,shanghairanking-bcur,shanghairanking-bcur,shanghairanking-bcur,2026,中国大学排名（主榜）,,rankOverall,2026软科 432,432,https://www.shanghairanking.cn/rankings/bcur/2026,campus,profile_campus,,,,,no,,枣庄学院,no,no comparable second place: the deciding rule set aside the other 1 candidate(s) without leaving anybody on the winner's own scale
district,山东省,枣庄市,台儿庄区,1,1,4137014196,枣庄职业学院,专科,no,,single_candidate,该行政单元在现行口径下只有 1 个候选，无需比较,policy,resolved_policy,shanghairanking-bcvcr-public-vocational,shanghairanking-bcvcr-public-vocational,shanghairanking-bcvcr-public-vocational,2026,中国高职专科院校排名（总榜）,理工,rankOverall,2026软科高职专科总榜 320,320,https://www.shanghairanking.cn/rankings/bcvcr/2026623,campus,profile_campus,,,,,no,,枣庄职业学院,no,
district,山东省,枣庄市,滕州市,1,1,4137013390,枣庄科技职业学院,专科,no,,single_candidate,该行政单元在现行口径下只有 1 个候选，无需比较,policy,resolved_policy,shanghairanking-bcvcr-public-vocational,shanghairanking-bcvcr-public-vocational,shanghairanking-bcvcr-public-vocational,2026,中国高职专科院校排名（总榜）,理工,rankOverall,2026软科高职理工 230+ · 高职专科总榜 500+,500+,https://www.shanghairanking.cn/rankings/bcvcr/2026623,campus,profile_campus,,,,,no,,枣庄科技职业学院,no,
district,山东省,枣庄市,薛城区,2,2,4137010904,枣庄学院,本科,no,,level_order,本科层次优先于更低层次候选（项目层次政策）,policy,resolved_policy,shanghairanking-bcur,shanghairanking-bcur,shanghairanking-bcur,2026,中国大学排名（主榜）,,rankOverall,2026软科 432,432,https://www.shanghairanking.cn/rankings/bcur/2026,campus,profile_campus,,,,,no,,枣庄学院,no,no comparable second place: the deciding rule set aside the other 1 candidate(s) without leaving anybody on the winner's own scale
district,山东省,枣庄市,峄城区,0,0,,,,,,,,,no_candidate,,,,,,,,,,,,,,,,,no,,,no,
district,山东省,淄博市,博山区,1,1,4137010825,齐鲁医药学院,本科,yes,,single_candidate,该行政单元在现行口径下只有 1 个候选，无需比较,policy,resolved_policy,shanghairanking-bcur-private,shanghairanking-bcur-private,shanghairanking-bcur-private,2026,中国民办高校排名（主榜）,,ranking,2026软科民办 28,28,https://www.shanghairanking.cn/rankings/bcur/202615,campus,profile_campus,,,,,no,,齐鲁医药学院,no,
district,山东省,淄博市,高青县,0,0,,,,,,,,,no_candidate,,,,,,,,,,,,,,,,,no,,,no,
district,山东省,淄博市,桓台县,1,1,4137013318,山东工业职业学院,专科,no,,single_candidate,该行政单元在现行口径下只有 1 个候选，无需比较,policy,resolved_policy,shanghairanking-bcvcr-public-vocational,shanghairanking-bcvcr-public-vocational,shanghairanking-bcvcr-public-vocational,2026,中国高职专科院校排名（总榜）,理工,rankOverall,2026软科高职专科总榜 162,162,https://www.shanghairanking.cn/rankings/bcvcr/2026623,campus,profile_campus,,,,,no,,山东工业职业学院,no,
district,山东省,淄博市,临淄区,0,0,,,,,,,,,no_candidate,,,,,,,,,,,,,,,,,no,,,no,
district,山东省,淄博市,沂源县,0,0,,,,,,,,,no_candidate,,,,,,,,,,,,,,,,,no,,,no,
district,山东省,淄博市,张店区,4,4,4137010433,山东理工大学,本科,no,,public_before_private,同层次同标签下公办优先（按当前项目政策，非排名证据）；候选池先按层次收敛：本科层次优先于更低层次（项目层次政策）,policy,resolved_policy,shanghairanking-bcur,shanghairanking-bcur,shanghairanking-bcur,2026,中国大学排名（主榜）,,rankOverall,2026软科 197,197,https://www.shanghairanking.cn/rankings/bcur/2026,campus,profile_campus,,,,,no,,山东理工大学,yes,no comparable second place: the deciding rule set aside the other 3 candidate(s) without leaving anybody on the winner's own scale
district,山东省,淄博市,周村区,4,4,4137013009,淄博职业技术大学,本科,no,,public_before_private,同层次同标签下公办优先（按当前项目政策，非排名证据）；候选池先按层次收敛：本科层次优先于更低层次（项目层次政策）,policy,resolved_policy,shanghairanking-bcvcr-public-vocational-undergraduate,shanghairanking-bcvcr-public-vocational-undergraduate,shanghairanking-bcvcr-public-vocational-undergraduate,2026,中国职业本科大学排名,,ranking,2026软科职业本科大学 25,25,https://www.shanghairanking.cn/rankings/bcvcr/2026749,campus,profile_campus,,,,,no,,淄博职业技术大学,yes,no comparable second place: the deciding rule set aside the other 3 candidate(s) without leaving anybody on the winner's own scale
district,山东省,淄博市,淄川区,1,1,4137013777,淄博师范高等专科学校,专科,no,,single_candidate,该行政单元在现行口径下只有 1 个候选，无需比较,policy,resolved_policy,shanghairanking-bcvcr-public-vocational,shanghairanking-bcvcr-public-vocational,shanghairanking-bcvcr-public-vocational,2026,中国高职专科院校排名（总榜）,师范,rankOverall,2026软科高职专科总榜 258,258,https://www.shanghairanking.cn/rankings/bcvcr/2026623,campus,verified_campus,,,,,no,,淄博师范高等专科学校,no,
district,山西省,大同市,广灵县,0,0,,,,,,,,,no_candidate,,,,,,,,,,,,,,,,,no,,,no,
district,山西省,大同市,浑源县,0,0,,,,,,,,,no_candidate,,,,,,,,,,,,,,,,,no,,,no,
district,山西省,大同市,灵丘县,0,0,,,,,,,,,no_candidate,,,,,,,,,,,,,,,,,no,,,no,
district,山西省,大同市,平城区,3,3,4114010108,山西大学,本科,no,双一流,prestige_tag,双一流 标签优先于无重点标签（国家官方重点建设名单）,strong,resolved_strong,shanghairanking-bcur,shanghairanking-bcur,shanghairanking-bcur,2026,中国大学排名（主榜）,,rankOverall,2026软科 102,102,https://www.shanghairanking.cn/rankings/bcur/2026,campus,profile_campus,4114010120,山西大同大学,本科,shanghairanking-bcur,yes,,山西大学|山西大同大学,no,
district,山西省,大同市,天镇县,0,0,,,,,,,,,no_candidate,,,,,,,,,,,,,,,,,no,,,no,
district,山西省,大同市,新荣区,0,0,,,,,,,,,no_candidate,,,,,,,,,,,,,,,,,no,,,no,
district,山西省,大同市,阳高县,0,0,,,,,,,,,no_candidate,,,,,,,,,,,,,,,,,no,,,no,
district,山西省,大同市,云冈区,2,2,4114010120,山西大同大学,本科,no,,level_order,本科层次优先于更低层次候选（项目层次政策）,policy,resolved_policy,shanghairanking-bcur,shanghairanking-bcur,shanghairanking-bcur,2026,中国大学排名（主榜）,,rankOverall,2026软科 470,470,https://www.shanghairanking.cn/rankings/bcur/2026,campus,profile_campus,,,,,no,,山西大同大学,no,no comparable second place: the deciding rule set aside the other 1 candidate(s) without leaving anybody on the winner's own scale
district,山西省,大同市,云州区,2,2,4114014697,山西通用航空职业技术学院,专科,no,,public_before_private,同层次同标签下公办优先（按当前项目政策，非排名证据）,policy,resolved_policy,shanghairanking-bcvcr-public-vocational,shanghairanking-bcvcr-public-vocational,shanghairanking-bcvcr-public-vocational,2026,中国高职专科院校排名（总榜）,理工,rankOverall,2026软科高职理工 230+ · 高职专科总榜 500+,500+,https://www.shanghairanking.cn/rankings/bcvcr/2026623,campus,profile_campus,,,,,no,,山西通用航空职业技术学院,yes,no comparable second place: the deciding rule set aside the other 1 candidate(s) without leaving anybody on the winner's own scale
district,山西省,大同市,左云县,0,0,,,,,,,,,no_candidate,,,,,,,,,,,,,,,,,no,,,no,
district,山西省,晋城市,城区,1,1,4114012774,晋城职业技术学院,专科,no,,single_candidate,该行政单元在现行口径下只有 1 个候选，无需比较,policy,resolved_policy,shanghairanking-bcvcr-public-vocational,shanghairanking-bcvcr-public-vocational,shanghairanking-bcvcr-public-vocational,2026,中国高职专科院校排名（总榜）,理工,rankOverall,2026软科高职理工 230+ · 高职专科总榜 500+,500+,https://www.shanghairanking.cn/rankings/bcvcr/2026623,campus,profile_campus,,,,,no,,晋城职业技术学院,no,
district,山西省,晋城市,高平市,0,0,,,,,,,,,no_candidate,,,,,,,,,,,,,,,,,no,,,no,
district,山西省,晋城市,陵川县,0,0,,,,,,,,,no_candidate,,,,,,,,,,,,,,,,,no,,,no,
district,山西省,晋城市,沁水县,0,0,,,,,,,,,no_candidate,,,,,,,,,,,,,,,,,no,,,no,
district,山西省,晋城市,阳城县,0,0,,,,,,,,,no_candidate,,,,,,,,,,,,,,,,,no,,,no,
district,山西省,晋城市,泽州县,3,3,4114010109,太原科技大学,本科,no,,comparable_ranking,太原科技大学 在同榜可比名次上优于 山西科技学院（软科 bcur）；候选池先按层次收敛：本科层次优先于更低层次（项目层次政策）,strong,resolved_strong,shanghairanking-bcur,shanghairanking-bcur,shanghairanking-bcur,2026,中国大学排名（主榜）,,rankOverall,2026软科 270,270,https://www.shanghairanking.cn/rankings/bcur/2026,campus,historical_campus,4114013597,山西科技学院,本科,shanghairanking-bcur,yes,,太原科技大学|山西科技学院,no,
district,山西省,晋中市,和顺县,0,0,,,,,,,,,no_candidate,,,,,,,,,,,,,,,,,no,,,no,
district,山西省,晋中市,介休市,1,1,4114013862,山西同文职业技术学院,专科,yes,,single_candidate,该行政单元在现行口径下只有 1 个候选，无需比较,policy,resolved_policy,shanghairanking-bcvcr-private-vocational,shanghairanking-bcvcr-private-vocational,shanghairanking-bcvcr-private-vocational,2026,民办高职专科院校排名,,ranking,2026软科民办高职专科 100+,100+,https://www.shanghairanking.cn/rankings/bcvcr/2026633,campus,profile_campus,,,,,no,,山西同文职业技术学院,no,
district,山西省,晋中市,灵石县,0,0,,,,,,,,,no_candidate,,,,,,,,,,,,,,,,,no,,,no,
district,山西省,晋中市,平遥县,0,0,,,,,,,,,no_candidate,,,,,,,,,,,,,,,,,no,,,no,
district,山西省,晋中市,祁县,1,1,4114013598,晋中健康学院,本科,yes,,single_candidate,该行政单元在现行口径下只有 1 个候选，无需比较,policy,resolved_policy,shanghairanking-bcur-private,shanghairanking-bcur-private,shanghairanking-bcur-private,2026,中国民办高校排名（主榜）,医药,rankOverall,2026软科民办 100+,100+,https://www.shanghairanking.cn/rankings/bcur/202615,campus,profile_campus,,,,,no,,晋中健康学院,no,
district,山西省,晋中市,寿阳县,0,0,,,,,,,,,no_candidate,,,,,,,,,,,,,,,,,no,,,no,
district,山西省,晋中市,太谷区,4,4,4114010113,山西农业大学,本科,no,,public_before_private,同层次同标签下公办优先（按当前项目政策，非排名证据）,policy,resolved_policy,shanghairanking-bcur,shanghairanking-bcur,shanghairanking-bcur,2026,中国大学排名（主榜）,,rankOverall,2026软科 225,225,https://www.shanghairanking.cn/rankings/bcur/2026,campus,profile_campus,,,,,no,,山西农业大学,yes,no comparable second place: the deciding rule set aside the other 3 candidate(s) without leaving anybody on the winner's own scale
district,山西省,晋中市,昔阳县,0,0,,,,,,,,,no_candidate,,,,,,,,,,,,,,,,,no,,,no,
district,山西省,晋中市,榆次区,15,15,4114010112,太原理工大学,本科,no,211|双一流,prestige_tag,211 标签优先于无重点标签（国家官方重点建设名单）,strong,resolved_strong,shanghairanking-bcur,shanghairanking-bcur,shanghairanking-bcur,2026,中国大学排名（主榜）,,rankOverall,2026软科 97,97,https://www.shanghairanking.cn/rankings/bcur/2026,campus,profile_campus,4114010114,山西医科大学,本科,shanghairanking-bcur,yes,,太原理工大学|山西医科大学,no,
district,山西省,晋中市,榆社县,0,0,,,,,,,,,no_candidate,,,,,,,,,,,,,,,,,no,,,no,
district,山西省,晋中市,左权县,0,0,,,,,,,,,no_candidate,,,,,,,,,,,,,,,,,no,,,no,
district,山西省,临汾市,安泽县,0,0,,,,,,,,,no_candidate,,,,,,,,,,,,,,,,,no,,,no,
district,山西省,临汾市,大宁县,0,0,,,,,,,,,no_candidate,,,,,,,,,,,,,,,,,no,,,no,
district,山西省,临汾市,汾西县,0,0,,,,,,,,,no_candidate,,,,,,,,,,,,,,,,,no,,,no,
district,山西省,临汾市,浮山县,0,0,,,,,,,,,no_candidate,,,,,,,,,,,,,,,,,no,,,no,
district,山西省,临汾市,古县,0,0,,,,,,,,,no_candidate,,,,,,,,,,,,,,,,,no,,,no,
district,山西省,临汾市,洪洞县,0,0,,,,,,,,,no_candidate,,,,,,,,,,,,,,,,,no,,,no,
district,山西省,临汾市,侯马市,0,0,,,,,,,,,no_candidate,,,,,,,,,,,,,,,,,no,,,no,
district,山西省,临汾市,霍州市,0,0,,,,,,,,,no_candidate,,,,,,,,,,,,,,,,,no,,,no,
district,山西省,临汾市,吉县,0,0,,,,,,,,,no_candidate,,,,,,,,,,,,,,,,,no,,,no,
district,山西省,临汾市,蒲县,0,0,,,,,,,,,no_candidate,,,,,,,,,,,,,,,,,no,,,no,
district,山西省,临汾市,曲沃县,0,0,,,,,,,,,no_candidate,,,,,,,,,,,,,,,,,no,,,no,
district,山西省,临汾市,隰县,0,0,,,,,,,,,no_candidate,,,,,,,,,,,,,,,,,no,,,no,
district,山西省,临汾市,乡宁县,0,0,,,,,,,,,no_candidate,,,,,,,,,,,,,,,,,no,,,no,
district,山西省,临汾市,襄汾县,0,0,,,,,,,,,no_candidate,,,,,,,,,,,,,,,,,no,,,no,
district,山西省,临汾市,尧都区,6,6,4114010118,山西师范大学,本科,no,,comparable_ranking,山西师范大学 在同榜可比名次上优于 山西电子科技学院（软科 bcur）；候选池先按层次收敛：本科层次优先于更低层次（项目层次政策）,strong,resolved_strong,shanghairanking-bcur,shanghairanking-bcur,shanghairanking-bcur,2026,中国大学排名（主榜）,,rankOverall,2026软科 267,267,https://www.shanghairanking.cn/rankings/bcur/2026,campus,historical_campus,4114013537,山西电子科技学院,本科,shanghairanking-bcur,yes,,山西师范大学|山西电子科技学院,no,
district,山西省,临汾市,翼城县,0,0,,,,,,,,,no_candidate,,,,,,,,,,,,,,,,,no,,,no,
district,山西省,临汾市,永和县,0,0,,,,,,,,,no_candidate,,,,,,,,,,,,,,,,,no,,,no,
district,山西省,吕梁市,方山县,1,1,4114014777,吕梁师范高等专科学校,专科,no,,single_candidate,该行政单元在现行口径下只有 1 个候选，无需比较,policy,resolved_policy,,,,,,,,,,,campus,profile_campus,,,,,no,,吕梁师范高等专科学校,no,
district,山西省,吕梁市,汾阳市,2,2,4114010812,吕梁学院,本科,no,,deterministic_fallback_policy,吕梁学院 由项目稳定兜底规则选出：在层次、重点标签、公办/民办与可比榜单仍无法唯一分开时，按榜单体系优先级、区间下界与稳定名称顺序决定展示 winner；该结论不是发布方跨榜排名,policy,resolved_policy,shanghairanking-bcur,shanghairanking-bcur,shanghairanking-bcur,2026,中国大学排名（主榜）,,rankOverall,2026软科 500+,500+,https://www.shanghairanking.cn/rankings/bcur/2026,campus,profile_campus,4114014898,山西医药学院,本科,shanghairanking-bcur,yes,,吕梁学院|山西医药学院,no,
district,山西省,吕梁市,交城县,0,0,,,,,,,,,no_candidate,,,,,,,,,,,,,,,,,no,,,no,
district,山西省,吕梁市,交口县,0,0,,,,,,,,,no_candidate,,,,,,,,,,,,,,,,,no,,,no,
district,山西省,吕梁市,岚县,0,0,,,,,,,,,no_candidate,,,,,,,,,,,,,,,,,no,,,no,
district,山西省,吕梁市,离石区,1,1,4114010812,吕梁学院,本科,no,,single_candidate,该行政单元在现行口径下只有 1 个候选，无需比较,policy,resolved_policy,shanghairanking-bcur,shanghairanking-bcur,shanghairanking-bcur,2026,中国大学排名（主榜）,,rankOverall,2026软科 500+,500+,https://www.shanghairanking.cn/rankings/bcur/2026,campus,profile_campus,,,,,no,,吕梁学院,no,
district,山西省,吕梁市,临县,0,0,,,,,,,,,no_candidate,,,,,,,,,,,,,,,,,no,,,no,
district,山西省,吕梁市,柳林县,0,0,,,,,,,,,no_candidate,,,,,,,,,,,,,,,,,no,,,no,
district,山西省,吕梁市,石楼县,0,0,,,,,,,,,no_candidate,,,,,,,,,,,,,,,,,no,,,no,
district,山西省,吕梁市,文水县,0,0,,,,,,,,,no_candidate,,,,,,,,,,,,,,,,,no,,,no,
district,山西省,吕梁市,孝义市,2,2,4114014898,山西医药学院,本科,no,,level_order,本科层次优先于更低层次候选（项目层次政策）,policy,resolved_policy,shanghairanking-bcur,shanghairanking-bcur,shanghairanking-bcur,2026,中国医药类大学排名,医药,rankOverall,2026软科医药 56+ · 主榜参考 500+,500+,https://www.shanghairanking.cn/rankings/bcur/202621,campus,profile_campus,,,,,no,,山西医药学院,no,no comparable second place: the deciding rule set aside the other 1 candidate(s) without leaving anybody on the winner's own scale
district,山西省,吕梁市,兴县,0,0,,,,,,,,,no_candidate,,,,,,,,,,,,,,,,,no,,,no,
district,山西省,吕梁市,中阳县,0,0,,,,,,,,,no_candidate,,,,,,,,,,,,,,,,,no,,,no,
district,山西省,朔州市,怀仁市,1,1,4114014698,朔州陶瓷职业技术学院,专科,no,,single_candidate,该行政单元在现行口径下只有 1 个候选，无需比较,policy,resolved_policy,shanghairanking-bcvcr-public-vocational,shanghairanking-bcvcr-public-vocational,shanghairanking-bcvcr-public-vocational,2026,中国高职专科院校排名（总榜）,理工,rankOverall,2026软科高职理工 230+ · 高职专科总榜 500+,500+,https://www.shanghairanking.cn/rankings/bcvcr/2026623,campus,profile_campus,,,,,no,,朔州陶瓷职业技术学院,no,
district,山西省,朔州市,平鲁区,1,1,4114013534,山西工学院,本科,no,,single_candidate,该行政单元在现行口径下只有 1 个候选，无需比较,policy,resolved_policy,shanghairanking-bcur,shanghairanking-bcur,shanghairanking-bcur,2026,中国大学排名（主榜）,,rankOverall,2026软科 500+,500+,https://www.shanghairanking.cn/rankings/bcur/2026,campus,profile_campus,,,,,no,,山西工学院,no,
district,山西省,朔州市,山阴县,0,0,,,,,,,,,no_candidate,,,,,,,,,,,,,,,,,no,,,no,
district,山西省,朔州市,朔城区,4,4,4114010110,中北大学,本科,no,,comparable_ranking,中北大学 在同榜可比名次上优于 山西工学院（软科 bcur）；候选池先按层次收敛：本科层次优先于更低层次（项目层次政策）,strong,resolved_strong,shanghairanking-bcur,shanghairanking-bcur,shanghairanking-bcur,2026,中国大学排名（主榜）,,rankOverall,2026软科 144,144,https://www.shanghairanking.cn/rankings/bcur/2026,campus,historical_campus,4114013534,山西工学院,本科,shanghairanking-bcur,yes,,中北大学|山西工学院,no,
district,山西省,朔州市,应县,0,0,,,,,,,,,no_candidate,,,,,,,,,,,,,,,,,no,,,no,
district,山西省,朔州市,右玉县,0,0,,,,,,,,,no_candidate,,,,,,,,,,,,,,,,,no,,,no,
district,山西省,太原市,古交市,0,0,,,,,,,,,no_candidate,,,,,,,,,,,,,,,,,no,,,no,
district,山西省,太原市,尖草坪区,10,10,4114010110,中北大学,本科,no,,cross_group_scale_policy,中北大学 取自主榜序列；其余候选分属不同榜单体系，名次不可直接比较，按当前项目政策以主榜序列为先；候选池先按层次收敛：本科层次优先于更低层次（项目层次政策）,policy,resolved_policy,shanghairanking-bcur,shanghairanking-bcur,shanghairanking-bcur,2026,中国大学排名（主榜）,,rankOverall,2026软科 144,144,https://www.shanghairanking.cn/rankings/bcur/2026,campus,profile_campus,4114014101,太原工业学院,本科,shanghairanking-bcur,yes,,中北大学|太原工业学院,no,
district,山西省,太原市,晋源区,4,4,4114010109,太原科技大学,本科,no,,public_before_private,同层次同标签下公办优先（按当前项目政策，非排名证据）；候选池先按层次收敛：本科层次优先于更低层次（项目层次政策）,policy,resolved_policy,shanghairanking-bcur,shanghairanking-bcur,shanghairanking-bcur,2026,中国大学排名（主榜）,,rankOverall,2026软科 270,270,https://www.shanghairanking.cn/rankings/bcur/2026,campus,profile_campus,,,,,no,,太原科技大学,yes,no comparable second place: the deciding rule set aside the other 3 candidate(s) without leaving anybody on the winner's own scale
district,山西省,太原市,娄烦县,0,0,,,,,,,,,no_candidate,,,,,,,,,,,,,,,,,no,,,no,
district,山西省,太原市,清徐县,2,2,4114012111,山西警察学院,本科,no,,level_order,本科层次优先于更低层次候选（项目层次政策）,policy,resolved_policy,shanghairanking-bcur,shanghairanking-bcur,shanghairanking-bcur,2026,中国政法类大学排名,政法,rankOverall,2026软科政法 30+ · 主榜参考 500+,500+,https://www.shanghairanking.cn/rankings/bcur/202625,campus,profile_campus,,,,,no,,山西警察学院,no,no comparable second place: the deciding rule set aside the other 1 candidate(s) without leaving anybody on the winner's own scale
district,山西省,太原市,万柏林区,7,7,4114010112,太原理工大学,本科,no,211|双一流,prestige_tag,211 标签优先于无重点标签（国家官方重点建设名单）,strong,resolved_strong,shanghairanking-bcur,shanghairanking-bcur,shanghairanking-bcur,2026,中国大学排名（主榜）,,rankOverall,2026软科 97,97,https://www.shanghairanking.cn/rankings/bcur/2026,campus,profile_campus,4114010109,太原科技大学,本科,shanghairanking-bcur,yes,,太原理工大学|太原科技大学,no,
district,山西省,太原市,小店区,18,18,4114010108,山西大学,本科,no,双一流,prestige_tag,双一流 标签优先于无重点标签（国家官方重点建设名单）,strong,resolved_strong,shanghairanking-bcur,shanghairanking-bcur,shanghairanking-bcur,2026,中国大学排名（主榜）,,rankOverall,2026软科 102,102,https://www.shanghairanking.cn/rankings/bcur/2026,campus,profile_campus,4114010125,山西财经大学,本科,shanghairanking-bcur,yes,,山西大学|山西财经大学,no,
district,山西省,太原市,杏花岭区,5,5,4114010108,山西大学,本科,no,双一流,prestige_tag,双一流 标签优先于无重点标签（国家官方重点建设名单）,strong,resolved_strong,shanghairanking-bcur,shanghairanking-bcur,shanghairanking-bcur,2026,中国大学排名（主榜）,,rankOverall,2026软科 102,102,https://www.shanghairanking.cn/rankings/bcur/2026,campus,profile_campus,4114010114,山西医科大学,本科,shanghairanking-bcur,yes,,山西大学|山西医科大学,no,
district,山西省,太原市,阳曲县,0,0,,,,,,,,,no_candidate,,,,,,,,,,,,,,,,,no,,,no,
district,山西省,太原市,迎泽区,10,10,4114010114,山西医科大学,本科,no,,cross_group_scale_policy,山西医科大学 取自主榜序列；其余候选分属不同榜单体系，名次不可直接比较，按当前项目政策以主榜序列为先；候选池先按层次收敛：本科层次优先于更低层次（项目层次政策）,policy,resolved_policy,shanghairanking-bcur,shanghairanking-bcur,shanghairanking-bcur,2026,中国医药类大学排名,医药,rankOverall,2026软科医药 16 · 主榜参考 132,132,https://www.shanghairanking.cn/rankings/bcur/202621,campus,profile_campus,4114010125,山西财经大学,本科,shanghairanking-bcur,yes,,山西医科大学|山西财经大学,yes,1 leading candidate(s) carry no official list ranking
district,山西省,忻州市,保德县,0,0,,,,,,,,,no_candidate,,,,,,,,,,,,,,,,,no,,,no,
district,山西省,忻州市,代县,0,0,,,,,,,,,no_candidate,,,,,,,,,,,,,,,,,no,,,no,
district,山西省,忻州市,定襄县,0,0,,,,,,,,,no_candidate,,,,,,,,,,,,,,,,,no,,,no,
district,山西省,忻州市,繁峙县,0,0,,,,,,,,,no_candidate,,,,,,,,,,,,,,,,,no,,,no,
district,山西省,忻州市,河曲县,0,0,,,,,,,,,no_candidate,,,,,,,,,,,,,,,,,no,,,no,
district,山西省,忻州市,静乐县,0,0,,,,,,,,,no_candidate,,,,,,,,,,,,,,,,,no,,,no,
district,山西省,忻州市,岢岚县,0,0,,,,,,,,,no_candidate,,,,,,,,,,,,,,,,,no,,,no,
district,山西省,忻州市,宁武县,0,0,,,,,,,,,no_candidate,,,,,,,,,,,,,,,,,no,,,no,
district,山西省,忻州市,偏关县,0,0,,,,,,,,,no_candidate,,,,,,,,,,,,,,,,,no,,,no,
district,山西省,忻州市,神池县,0,0,,,,,,,,,no_candidate,,,,,,,,,,,,,,,,,no,,,no,
district,山西省,忻州市,五台县,0,0,,,,,,,,,no_candidate,,,,,,,,,,,,,,,,,no,,,no,
district,山西省,忻州市,五寨县,1,1,4114010124,忻州师范学院,本科,no,,single_candidate,该行政单元在现行口径下只有 1 个候选，无需比较,policy,resolved_policy,shanghairanking-bcur,shanghairanking-bcur,shanghairanking-bcur,2026,中国大学排名（主榜）,,rankOverall,2026软科 500+,500+,https://www.shanghairanking.cn/rankings/bcur/2026,campus,profile_campus,,,,,no,,忻州师范学院,no,
district,山西省,忻州市,忻府区,3,3,4114010124,忻州师范学院,本科,no,,level_order,本科层次优先于更低层次候选（项目层次政策）,policy,resolved_policy,shanghairanking-bcur,shanghairanking-bcur,shanghairanking-bcur,2026,中国大学排名（主榜）,,rankOverall,2026软科 500+,500+,https://www.shanghairanking.cn/rankings/bcur/2026,campus,profile_campus,,,,,no,,忻州师范学院,no,no comparable second place: the deciding rule set aside the other 2 candidate(s) without leaving anybody on the winner's own scale
district,山西省,忻州市,原平市,0,0,,,,,,,,,no_candidate,,,,,,,,,,,,,,,,,no,,,no,
district,山西省,阳泉市,城区,0,0,,,,,,,,,no_candidate,,,,,,,,,,,,,,,,,no,,,no,
district,山西省,阳泉市,郊区,1,1,4114012893,阳泉职业技术学院,专科,no,,single_candidate,该行政单元在现行口径下只有 1 个候选，无需比较,policy,resolved_policy,shanghairanking-bcvcr-public-vocational,shanghairanking-bcvcr-public-vocational,shanghairanking-bcvcr-public-vocational,2026,中国高职专科院校排名（总榜）,综合,rankOverall,2026软科高职综合 112+ · 高职专科总榜 500+,500+,https://www.shanghairanking.cn/rankings/bcvcr/2026623,campus,profile_campus,,,,,no,,阳泉职业技术学院,no,
district,山西省,阳泉市,矿区,0,0,,,,,,,,,no_candidate,,,,,,,,,,,,,,,,,no,,,no,
district,山西省,阳泉市,平定县,1,1,4114014271,阳泉师范高等专科学校,专科,no,,single_candidate,该行政单元在现行口径下只有 1 个候选，无需比较,policy,resolved_policy,shanghairanking-bcvcr-public-vocational,shanghairanking-bcvcr-public-vocational,shanghairanking-bcvcr-public-vocational,2026,中国高职专科院校排名（总榜）,师范,rankOverall,2026软科高职师范 28+ · 高职专科总榜 500+,500+,https://www.shanghairanking.cn/rankings/bcvcr/2026623,campus,profile_campus,,,,,no,,阳泉师范高等专科学校,no,
district,山西省,阳泉市,盂县,0,0,,,,,,,,,no_candidate,,,,,,,,,,,,,,,,,no,,,no,
district,山西省,运城市,河津市,0,0,,,,,,,,,no_candidate,,,,,,,,,,,,,,,,,no,,,no,
district,山西省,运城市,稷山县,0,0,,,,,,,,,no_candidate,,,,,,,,,,,,,,,,,no,,,no,
district,山西省,运城市,绛县,0,0,,,,,,,,,no_candidate,,,,,,,,,,,,,,,,,no,,,no,
district,山西省,运城市,临猗县,0,0,,,,,,,,,no_candidate,,,,,,,,,,,,,,,,,no,,,no,
district,山西省,运城市,平陆县,0,0,,,,,,,,,no_candidate,,,,,,,,,,,,,,,,,no,,,no,
district,山西省,运城市,芮城县,0,0,,,,,,,,,no_candidate,,,,,,,,,,,,,,,,,no,,,no,
district,山西省,运城市,万荣县,0,0,,,,,,,,,no_candidate,,,,,,,,,,,,,,,,,no,,,no,
district,山西省,运城市,闻喜县,0,0,,,,,,,,,no_candidate,,,,,,,,,,,,,,,,,no,,,no,
district,山西省,运城市,夏县,0,0,,,,,,,,,no_candidate,,,,,,,,,,,,,,,,,no,,,no,
district,山西省,运城市,新绛县,0,0,,,,,,,,,no_candidate,,,,,,,,,,,,,,,,,no,,,no,
district,山西省,运城市,盐湖区,7,7,4114010123,运城学院,本科,no,,public_before_private,同层次同标签下公办优先（按当前项目政策，非排名证据）；候选池先按层次收敛：本科层次优先于更低层次（项目层次政策）,policy,resolved_policy,shanghairanking-bcur,shanghairanking-bcur,shanghairanking-bcur,2026,中国大学排名（主榜）,,rankOverall,2026软科 500+,500+,https://www.shanghairanking.cn/rankings/bcur/2026,campus,profile_campus,,,,,no,,运城学院,yes,no comparable second place: the deciding rule set aside the other 6 candidate(s) without leaving anybody on the winner's own scale
district,山西省,运城市,永济市,0,0,,,,,,,,,no_candidate,,,,,,,,,,,,,,,,,no,,,no,
district,山西省,运城市,垣曲县,0,0,,,,,,,,,no_candidate,,,,,,,,,,,,,,,,,no,,,no,
district,山西省,长治市,壶关县,0,0,,,,,,,,,no_candidate,,,,,,,,,,,,,,,,,no,,,no,
district,山西省,长治市,黎城县,0,0,,,,,,,,,no_candidate,,,,,,,,,,,,,,,,,no,,,no,
district,山西省,长治市,潞城区,1,1,4114012888,山西机电职业技术学院,专科,no,,single_candidate,该行政单元在现行口径下只有 1 个候选，无需比较,policy,resolved_policy,shanghairanking-bcvcr-public-vocational,shanghairanking-bcvcr-public-vocational,shanghairanking-bcvcr-public-vocational,2026,中国高职专科院校排名（总榜）,理工,rankOverall,2026软科高职专科总榜 88,88,https://www.shanghairanking.cn/rankings/bcvcr/2026623,campus,profile_campus,,,,,no,,山西机电职业技术学院,no,
district,山西省,长治市,潞州区,5,5,4114010117,长治医学院,本科,no,,comparable_ranking,长治医学院 在同榜可比名次上优于 长治学院（软科 bcur）；候选池先按层次收敛：本科层次优先于更低层次（项目层次政策）,strong,resolved_strong,shanghairanking-bcur,shanghairanking-bcur,shanghairanking-bcur,2026,中国医药类大学排名,医药,rankOverall,2026软科医药 55 · 主榜参考 423,423,https://www.shanghairanking.cn/rankings/bcur/202621,campus,profile_campus,4114010122,长治学院,本科,shanghairanking-bcur,yes,,长治医学院|长治学院,no,
district,山西省,长治市,平顺县,0,0,,,,,,,,,no_candidate,,,,,,,,,,,,,,,,,no,,,no,
district,山西省,长治市,沁县,0,0,,,,,,,,,no_candidate,,,,,,,,,,,,,,,,,no,,,no,
district,山西省,长治市,沁源县,0,0,,,,,,,,,no_candidate,,,,,,,,,,,,,,,,,no,,,no,
district,山西省,长治市,上党区,1,1,4114010117,长治医学院,本科,no,,single_candidate,该行政单元在现行口径下只有 1 个候选，无需比较,policy,resolved_policy,shanghairanking-bcur,shanghairanking-bcur,shanghairanking-bcur,2026,中国医药类大学排名,医药,rankOverall,2026软科医药 55 · 主榜参考 423,423,https://www.shanghairanking.cn/rankings/bcur/202621,campus,profile_campus,,,,,no,,长治医学院,no,
district,山西省,长治市,屯留区,0,0,,,,,,,,,no_candidate,,,,,,,,,,,,,,,,,no,,,no,
district,山西省,长治市,武乡县,0,0,,,,,,,,,no_candidate,,,,,,,,,,,,,,,,,no,,,no,
district,山西省,长治市,襄垣县,2,2,4114012888,山西机电职业技术学院,专科,no,,comparable_ranking,山西机电职业技术学院 在同榜可比名次上优于 潞安职业技术学院（软科 bcvcr-public-vocational）,strong,resolved_strong,shanghairanking-bcvcr-public-vocational,shanghairanking-bcvcr-public-vocational,shanghairanking-bcvcr-public-vocational,2026,中国高职专科院校排名（总榜）,理工,rankOverall,2026软科高职专科总榜 88,88,https://www.shanghairanking.cn/rankings/bcvcr/2026623,campus,profile_campus,4114013695,潞安职业技术学院,专科,shanghairanking-bcvcr-public-vocational,yes,,山西机电职业技术学院|潞安职业技术学院,no,
district,山西省,长治市,长子县,0,0,,,,,,,,,no_candidate,,,,,,,,,,,,,,,,,no,,,no,
district,陕西省,安康市,白河县,0,0,,,,,,,,,no_candidate,,,,,,,,,,,,,,,,,no,,,no,
district,陕西省,安康市,汉滨区,2,2,4161011397,安康学院,本科,no,,level_order,本科层次优先于更低层次候选（项目层次政策）,policy,resolved_policy,shanghairanking-bcur,shanghairanking-bcur,shanghairanking-bcur,2026,中国大学排名（主榜）,,rankOverall,2026软科 500+,500+,https://www.shanghairanking.cn/rankings/bcur/2026,campus,profile_campus,,,,,no,,安康学院,no,no comparable second place: the deciding rule set aside the other 1 candidate(s) without leaving anybody on the winner's own scale
district,陕西省,安康市,汉阴县,0,0,,,,,,,,,no_candidate,,,,,,,,,,,,,,,,,no,,,no,
district,陕西省,安康市,岚皋县,0,0,,,,,,,,,no_candidate,,,,,,,,,,,,,,,,,no,,,no,
district,陕西省,安康市,宁陕县,0,0,,,,,,,,,no_candidate,,,,,,,,,,,,,,,,,no,,,no,
district,陕西省,安康市,平利县,0,0,,,,,,,,,no_candidate,,,,,,,,,,,,,,,,,no,,,no,
district,陕西省,安康市,石泉县,0,0,,,,,,,,,no_candidate,,,,,,,,,,,,,,,,,no,,,no,
district,陕西省,安康市,旬阳市,0,0,,,,,,,,,no_candidate,,,,,,,,,,,,,,,,,no,,,no,
district,陕西省,安康市,镇坪县,0,0,,,,,,,,,no_candidate,,,,,,,,,,,,,,,,,no,,,no,
district,陕西省,安康市,紫阳县,0,0,,,,,,,,,no_candidate,,,,,,,,,,,,,,,,,no,,,no,
district,陕西省,宝鸡市,陈仓区,2,2,4261050084,陕西机电职业技术学院,专科,no,,public_before_private,同层次同标签下公办优先（按当前项目政策，非排名证据）,policy,resolved_policy,shanghairanking-bcvcr-public-vocational,shanghairanking-bcvcr-public-vocational,shanghairanking-bcvcr-public-vocational,2026,中国高职专科院校排名（总榜）,理工,rankOverall,2026软科高职理工 230+ · 高职专科总榜 500+,500+,https://www.shanghairanking.cn/rankings/bcvcr/2026623,campus,verified_campus,,,,,no,,陕西机电职业技术学院,yes,no comparable second place: the deciding rule set aside the other 1 candidate(s) without leaving anybody on the winner's own scale
district,陕西省,宝鸡市,凤县,0,0,,,,,,,,,no_candidate,,,,,,,,,,,,,,,,,no,,,no,
district,陕西省,宝鸡市,凤翔区,0,0,,,,,,,,,no_candidate,,,,,,,,,,,,,,,,,no,,,no,
district,陕西省,宝鸡市,扶风县,0,0,,,,,,,,,no_candidate,,,,,,,,,,,,,,,,,no,,,no,
district,陕西省,宝鸡市,金台区,4,4,4161010721,宝鸡文理学院,本科,no,,level_order,本科层次优先于更低层次候选（项目层次政策）,policy,resolved_policy,shanghairanking-bcur,shanghairanking-bcur,shanghairanking-bcur,2026,中国大学排名（主榜）,,rankOverall,2026软科 450,450,https://www.shanghairanking.cn/rankings/bcur/2026,campus,profile_campus,,,,,no,,宝鸡文理学院,no,no comparable second place: the deciding rule set aside the other 3 candidate(s) without leaving anybody on the winner's own scale
district,陕西省,宝鸡市,麟游县,0,0,,,,,,,,,no_candidate,,,,,,,,,,,,,,,,,no,,,no,
district,陕西省,宝鸡市,陇县,0,0,,,,,,,,,no_candidate,,,,,,,,,,,,,,,,,no,,,no,
district,陕西省,宝鸡市,眉县,1,1,4161012830,陕西交通职业技术学院,专科,no,,single_candidate,该行政单元在现行口径下只有 1 个候选，无需比较,policy,resolved_policy,shanghairanking-bcvcr-public-vocational,shanghairanking-bcvcr-public-vocational,shanghairanking-bcvcr-public-vocational,2026,中国高职专科院校排名（总榜）,理工,rankOverall,2026软科高职专科总榜 113,113,https://www.shanghairanking.cn/rankings/bcvcr/2026623,campus,profile_campus,,,,,no,,陕西交通职业技术学院,no,
district,陕西省,宝鸡市,岐山县,0,0,,,,,,,,,no_candidate,,,,,,,,,,,,,,,,,no,,,no,
district,陕西省,宝鸡市,千阳县,0,0,,,,,,,,,no_candidate,,,,,,,,,,,,,,,,,no,,,no,
district,陕西省,宝鸡市,太白县,1,1,4161013121,西安思源学院,本科,yes,,single_candidate,该行政单元在现行口径下只有 1 个候选，无需比较,policy,resolved_policy,shanghairanking-bcur-private,shanghairanking-bcur-private,shanghairanking-bcur-private,2026,中国民办高校排名（主榜）,,ranking,2026软科民办 62,62,https://www.shanghairanking.cn/rankings/bcur/202615,campus,profile_campus,,,,,no,,西安思源学院,no,
district,陕西省,宝鸡市,渭滨区,2,2,4161010721,宝鸡文理学院,本科,no,,level_order,本科层次优先于更低层次候选（项目层次政策）,policy,resolved_policy,shanghairanking-bcur,shanghairanking-bcur,shanghairanking-bcur,2026,中国大学排名（主榜）,,rankOverall,2026软科 450,450,https://www.shanghairanking.cn/rankings/bcur/2026,campus,profile_campus,,,,,no,,宝鸡文理学院,no,no comparable second place: the deciding rule set aside the other 1 candidate(s) without leaving anybody on the winner's own scale
district,陕西省,汉中市,城固县,0,0,,,,,,,,,no_candidate,,,,,,,,,,,,,,,,,no,,,no,
district,陕西省,汉中市,佛坪县,0,0,,,,,,,,,no_candidate,,,,,,,,,,,,,,,,,no,,,no,
district,陕西省,汉中市,汉台区,3,3,4161010720,陕西理工大学,本科,no,,level_order,本科层次优先于更低层次候选（项目层次政策）,policy,resolved_policy,shanghairanking-bcur,shanghairanking-bcur,shanghairanking-bcur,2026,中国大学排名（主榜）,,rankOverall,2026软科 342,342,https://www.shanghairanking.cn/rankings/bcur/2026,campus,profile_campus,,,,,no,,陕西理工大学,no,no comparable second place: the deciding rule set aside the other 2 candidate(s) without leaving anybody on the winner's own scale
district,陕西省,汉中市,留坝县,0,0,,,,,,,,,no_candidate,,,,,,,,,,,,,,,,,no,,,no,
district,陕西省,汉中市,略阳县,0,0,,,,,,,,,no_candidate,,,,,,,,,,,,,,,,,no,,,no,
district,陕西省,汉中市,勉县,1,1,4161010720,陕西理工大学,本科,no,,single_candidate,该行政单元在现行口径下只有 1 个候选，无需比较,policy,resolved_policy,shanghairanking-bcur,shanghairanking-bcur,shanghairanking-bcur,2026,中国大学排名（主榜）,,rankOverall,2026软科 342,342,https://www.shanghairanking.cn/rankings/bcur/2026,campus,historical_campus,,,,,no,,陕西理工大学,no,
district,陕西省,汉中市,南郑区,1,1,4161013568,陕西航空职业技术学院,专科,no,,single_candidate,该行政单元在现行口径下只有 1 个候选，无需比较,policy,resolved_policy,shanghairanking-bcvcr-public-vocational,shanghairanking-bcvcr-public-vocational,shanghairanking-bcvcr-public-vocational,2026,中国高职专科院校排名（总榜）,理工,rankOverall,2026软科高职理工 230+ · 高职专科总榜 500+,500+,https://www.shanghairanking.cn/rankings/bcvcr/2026623,campus,profile_campus,,,,,no,,陕西航空职业技术学院,no,
district,陕西省,汉中市,宁强县,0,0,,,,,,,,,no_candidate,,,,,,,,,,,,,,,,,no,,,no,
district,陕西省,汉中市,西乡县,0,0,,,,,,,,,no_candidate,,,,,,,,,,,,,,,,,no,,,no,
district,陕西省,汉中市,洋县,0,0,,,,,,,,,no_candidate,,,,,,,,,,,,,,,,,no,,,no,
district,陕西省,汉中市,镇巴县,0,0,,,,,,,,,no_candidate,,,,,,,,,,,,,,,,,no,,,no,
district,陕西省,商洛市,丹凤县,0,0,,,,,,,,,no_candidate,,,,,,,,,,,,,,,,,no,,,no,
district,陕西省,商洛市,洛南县,0,0,,,,,,,,,no_candidate,,,,,,,,,,,,,,,,,no,,,no,
district,陕西省,商洛市,山阳县,0,0,,,,,,,,,no_candidate,,,,,,,,,,,,,,,,,no,,,no,
district,陕西省,商洛市,商南县,0,0,,,,,,,,,no_candidate,,,,,,,,,,,,,,,,,no,,,no,
district,陕西省,商洛市,商州区,2,2,4161011396,商洛学院,本科,no,,level_order,本科层次优先于更低层次候选（项目层次政策）,policy,resolved_policy,shanghairanking-bcur,shanghairanking-bcur,shanghairanking-bcur,2026,中国大学排名（主榜）,,rankOverall,2026软科 500+,500+,https://www.shanghairanking.cn/rankings/bcur/2026,campus,profile_campus,,,,,no,,商洛学院,no,no comparable second place: the deciding rule set aside the other 1 candidate(s) without leaving anybody on the winner's own scale
district,陕西省,商洛市,柞水县,0,0,,,,,,,,,no_candidate,,,,,,,,,,,,,,,,,no,,,no,
district,陕西省,商洛市,镇安县,0,0,,,,,,,,,no_candidate,,,,,,,,,,,,,,,,,no,,,no,
district,陕西省,铜川市,王益区,0,0,,,,,,,,,no_candidate,,,,,,,,,,,,,,,,,no,,,no,
district,陕西省,铜川市,耀州区,1,1,4161013953,铜川职业技术学院,专科,no,,single_candidate,该行政单元在现行口径下只有 1 个候选，无需比较,policy,resolved_policy,shanghairanking-bcvcr-public-vocational,shanghairanking-bcvcr-public-vocational,shanghairanking-bcvcr-public-vocational,2026,中国高职专科院校排名（总榜）,综合,rankOverall,2026软科高职综合 112+ · 高职专科总榜 500+,500+,https://www.shanghairanking.cn/rankings/bcvcr/2026623,campus,historical_campus,,,,,no,,铜川职业技术学院,no,
district,陕西省,铜川市,宜君县,0,0,,,,,,,,,no_candidate,,,,,,,,,,,,,,,,,no,,,no,
district,陕西省,铜川市,印台区,0,0,,,,,,,,,no_candidate,,,,,,,,,,,,,,,,,no,,,no,
district,陕西省,渭南市,白水县,0,0,,,,,,,,,no_candidate,,,,,,,,,,,,,,,,,no,,,no,
district,陕西省,渭南市,澄城县,0,0,,,,,,,,,no_candidate,,,,,,,,,,,,,,,,,no,,,no,
district,陕西省,渭南市,大荔县,0,0,,,,,,,,,no_candidate,,,,,,,,,,,,,,,,,no,,,no,
district,陕西省,渭南市,富平县,1,1,4161010723,渭南师范学院,本科,no,,single_candidate,该行政单元在现行口径下只有 1 个候选，无需比较,policy,resolved_policy,shanghairanking-bcur,shanghairanking-bcur,shanghairanking-bcur,2026,中国大学排名（主榜）,,rankOverall,2026软科 460,460,https://www.shanghairanking.cn/rankings/bcur/2026,campus,profile_campus,,,,,no,,渭南师范学院,no,
district,陕西省,渭南市,韩城市,0,0,,,,,,,,,no_candidate,,,,,,,,,,,,,,,,,no,,,no,
district,陕西省,渭南市,合阳县,0,0,,,,,,,,,no_candidate,,,,,,,,,,,,,,,,,no,,,no,
district,陕西省,渭南市,华阴市,0,0,,,,,,,,,no_candidate,,,,,,,,,,,,,,,,,no,,,no,
district,陕西省,渭南市,华州区,0,0,,,,,,,,,no_candidate,,,,,,,,,,,,,,,,,no,,,no,
district,陕西省,渭南市,临渭区,3,3,4161010723,渭南师范学院,本科,no,,level_order,本科层次优先于更低层次候选（项目层次政策）,policy,resolved_policy,shanghairanking-bcur,shanghairanking-bcur,shanghairanking-bcur,2026,中国大学排名（主榜）,,rankOverall,2026软科 460,460,https://www.shanghairanking.cn/rankings/bcur/2026,campus,profile_campus,,,,,no,,渭南师范学院,no,no comparable second place: the deciding rule set aside the other 2 candidate(s) without leaving anybody on the winner's own scale
district,陕西省,渭南市,蒲城县,0,0,,,,,,,,,no_candidate,,,,,,,,,,,,,,,,,no,,,no,
district,陕西省,渭南市,潼关县,0,0,,,,,,,,,no_candidate,,,,,,,,,,,,,,,,,no,,,no,
district,陕西省,西安市,灞桥区,6,6,4161013121,西安思源学院,本科,yes,,cross_group_scale_policy,西安思源学院 取自主榜序列；其余候选分属不同榜单体系，名次不可直接比较，按当前项目政策以主榜序列为先；候选池先按层次收敛：本科层次优先于更低层次（项目层次政策）,policy,resolved_policy,shanghairanking-bcur-private,shanghairanking-bcur-private,shanghairanking-bcur-private,2026,中国民办高校排名（主榜）,,ranking,2026软科民办 62,62,https://www.shanghairanking.cn/rankings/bcur/202615,campus,profile_campus,,,,,no,,西安思源学院,yes,1 leading candidate(s) carry no official list ranking; no comparable second place: the deciding rule set aside the other 5 candidate(s) without leaving anybody on the winner's own scale
district,陕西省,西安市,碑林区,14,14,4161010698,西安交通大学,本科,no,985|211|双一流,comparable_ranking,西安交通大学 在同榜可比名次上优于 西北工业大学（软科 bcur）；候选池先按国家标签收敛：985,strong,resolved_strong,shanghairanking-bcur,shanghairanking-bcur,shanghairanking-bcur,2026,中国大学排名（主榜）,,rankOverall,2026软科 10,10,https://www.shanghairanking.cn/rankings/bcur/2026,campus,profile_campus,4161010699,西北工业大学,本科,shanghairanking-bcur,yes,,西安交通大学|西北工业大学,no,
district,陕西省,西安市,高陵区,2,2,4161013682,西安工商学院,本科,yes,,level_order,本科层次优先于更低层次候选（项目层次政策）,policy,resolved_policy,shanghairanking-bcur-private,shanghairanking-bcur-private,shanghairanking-bcur-private,2026,中国民办高校排名（主榜）,理工,rankOverall,2026软科民办 100+,100+,https://www.shanghairanking.cn/rankings/bcur/202615,campus,profile_campus,,,,,no,,西安工商学院,no,no comparable second place: the deciding rule set aside the other 1 candidate(s) without leaving anybody on the winner's own scale
district,陕西省,西安市,鄠邑区,8,8,4161010703,西安建筑科技大学,本科,no,,public_before_private,同层次同标签下公办优先（按当前项目政策，非排名证据）；公办候选之间再按同榜名次比较；候选池先按层次收敛：本科层次优先于更低层次（项目层次政策）,policy,resolved_policy,shanghairanking-bcur,shanghairanking-bcur,shanghairanking-bcur,2026,中国大学排名（主榜）,,rankOverall,2026软科 118,118,https://www.shanghairanking.cn/rankings/bcur/2026,campus,profile_campus,4161010705,西安石油大学,本科,shanghairanking-bcur,yes,,西安建筑科技大学|西安石油大学,yes,
district,陕西省,西安市,蓝田县,1,1,4161013570,陕西电子信息职业技术学院,专科,yes,,single_candidate,该行政单元在现行口径下只有 1 个候选，无需比较,policy,resolved_policy,,,,,,,,,,,campus,verified_campus,,,,,no,,陕西电子信息职业技术学院,no,
district,陕西省,西安市,莲湖区,10,10,4161010697,西北大学,本科,no,211|双一流,prestige_tag,211 标签优先于无重点标签（国家官方重点建设名单）,strong,resolved_strong,shanghairanking-bcur,shanghairanking-bcur,shanghairanking-bcur,2026,中国大学排名（主榜）,,rankOverall,2026软科 70,70,https://www.shanghairanking.cn/rankings/bcur/2026,campus,profile_campus,4161010700,西安理工大学,本科,shanghairanking-bcur,yes,,西北大学|西安理工大学,no,
district,陕西省,西安市,临潼区,7,7,4161010704,西安科技大学,本科,no,,public_before_private,同层次同标签下公办优先（按当前项目政策，非排名证据）；公办候选之间再按同榜名次比较；候选池先按层次收敛：本科层次优先于更低层次（项目层次政策）,policy,resolved_policy,shanghairanking-bcur,shanghairanking-bcur,shanghairanking-bcur,2026,中国大学排名（主榜）,,rankOverall,2026软科 186,186,https://www.shanghairanking.cn/rankings/bcur/2026,campus,profile_campus,4161010709,西安工程大学,本科,shanghairanking-bcur,yes,,西安科技大学|西安工程大学,yes,1 leading candidate(s) carry no official list ranking
district,陕西省,西安市,未央区,10,10,4161010710,长安大学,本科,no,211|双一流,prestige_tag,211 标签优先于无重点标签（国家官方重点建设名单）,strong,resolved_strong,shanghairanking-bcur,shanghairanking-bcur,shanghairanking-bcur,2026,中国大学排名（主榜）,,rankOverall,2026软科 89,89,https://www.shanghairanking.cn/rankings/bcur/2026,campus,profile_campus,4161010708,陕西科技大学,本科,shanghairanking-bcur,yes,,长安大学|陕西科技大学,no,
district,陕西省,西安市,新城区,8,8,4161010703,西安建筑科技大学,本科,no,,comparable_ranking,西安建筑科技大学 在同榜可比名次上优于 西安工业大学（软科 bcur）；候选池先按层次收敛：本科层次优先于更低层次（项目层次政策）,strong,resolved_strong,shanghairanking-bcur,shanghairanking-bcur,shanghairanking-bcur,2026,中国大学排名（主榜）,,rankOverall,2026软科 118,118,https://www.shanghairanking.cn/rankings/bcur/2026,campus,profile_campus,4161010702,西安工业大学,本科,shanghairanking-bcur,yes,,西安建筑科技大学|西安工业大学,yes,2 leading candidate(s) carry no official list ranking
district,陕西省,西安市,阎良区,3,3,4161011736,西安航空学院,本科,no,,level_order,本科层次优先于更低层次候选（项目层次政策）,policy,resolved_policy,shanghairanking-bcur,shanghairanking-bcur,shanghairanking-bcur,2026,中国大学排名（主榜）,,rankOverall,2026软科 444,444,https://www.shanghairanking.cn/rankings/bcur/2026,campus,profile_campus,,,,,no,,西安航空学院,no,no comparable second place: the deciding rule set aside the other 2 candidate(s) without leaving anybody on the winner's own scale
district,陕西省,西安市,雁塔区,19,19,4161010698,西安交通大学,本科,no,985|211|双一流,prestige_tag,985 标签优先于211（国家官方重点建设名单）,strong,resolved_strong,shanghairanking-bcur,shanghairanking-bcur,shanghairanking-bcur,2026,中国大学排名（主榜）,,rankOverall,2026软科 10,10,https://www.shanghairanking.cn/rankings/bcur/2026,campus,profile_campus,4161010701,西安电子科技大学,本科,shanghairanking-bcur,yes,,西安交通大学|西安电子科技大学,no,
district,陕西省,西安市,长安区,24,24,4161010698,西安交通大学,本科,no,985|211|双一流,comparable_ranking,西安交通大学 在同榜可比名次上优于 西北工业大学（软科 bcur）；候选池先按国家标签收敛：985,strong,resolved_strong,shanghairanking-bcur,shanghairanking-bcur,shanghairanking-bcur,2026,中国大学排名（主榜）,,rankOverall,2026软科 10,10,https://www.shanghairanking.cn/rankings/bcur/2026,campus,profile_campus,4161010699,西北工业大学,本科,shanghairanking-bcur,yes,,西安交通大学|西北工业大学,no,
district,陕西省,西安市,周至县,1,1,4161013679,西安建筑科技大学华清学院,本科,yes,,single_candidate,该行政单元在现行口径下只有 1 个候选，无需比较,policy,resolved_policy,,,,,,,,,,,campus,profile_campus,,,,,no,,西安建筑科技大学华清学院,no,
district,陕西省,咸阳市,彬州市,0,0,,,,,,,,,no_candidate,,,,,,,,,,,,,,,,,no,,,no,
district,陕西省,咸阳市,淳化县,0,0,,,,,,,,,no_candidate,,,,,,,,,,,,,,,,,no,,,no,
district,陕西省,咸阳市,泾阳县,3,3,4161014041,西安理工大学高科学院,本科,yes,,level_order,本科层次优先于更低层次候选（项目层次政策）,policy,resolved_policy,,,,,,,,,,,campus,historical_campus,,,,,no,,西安理工大学高科学院,no,no comparable second place: the deciding rule set aside the other 2 candidate(s) without leaving anybody on the winner's own scale
district,陕西省,咸阳市,礼泉县,0,0,,,,,,,,,no_candidate,,,,,,,,,,,,,,,,,no,,,no,
district,陕西省,咸阳市,乾县,0,0,,,,,,,,,no_candidate,,,,,,,,,,,,,,,,,no,,,no,
district,陕西省,咸阳市,秦都区,8,8,4161010708,陕西科技大学,本科,no,,public_before_private,同层次同标签下公办优先（按当前项目政策，非排名证据）；候选池先按层次收敛：本科层次优先于更低层次（项目层次政策）,policy,resolved_policy,shanghairanking-bcur,shanghairanking-bcur,shanghairanking-bcur,2026,中国大学排名（主榜）,,rankOverall,2026软科 132,132,https://www.shanghairanking.cn/rankings/bcur/2026,campus,profile_campus,4161010716,陕西中医药大学,本科,shanghairanking-bcur,yes,,陕西科技大学|陕西中医药大学,yes,
district,陕西省,咸阳市,三原县,0,0,,,,,,,,,no_candidate,,,,,,,,,,,,,,,,,no,,,no,
district,陕西省,咸阳市,渭城区,6,6,4154010695,西藏民族大学,本科,no,,cross_group_scale_policy,西藏民族大学 取自主榜序列；其余候选分属不同榜单体系，名次不可直接比较，按当前项目政策以主榜序列为先；候选池先按层次收敛：本科层次优先于更低层次（项目层次政策）,policy,resolved_policy,shanghairanking-bcur,shanghairanking-bcur,shanghairanking-bcur,2026,中国民族类大学排名,民族,rankOverall,2026软科民族 6 · 主榜参考 280,280,https://www.shanghairanking.cn/rankings/bcur/202624,campus,profile_campus,4161010722,咸阳师范学院,本科,shanghairanking-bcur,yes,,西藏民族大学|咸阳师范学院,yes,1 leading candidate(s) carry no official list ranking
district,陕西省,咸阳市,武功县,0,0,,,,,,,,,no_candidate,,,,,,,,,,,,,,,,,no,,,no,
district,陕西省,咸阳市,兴平市,0,0,,,,,,,,,no_candidate,,,,,,,,,,,,,,,,,no,,,no,
district,陕西省,咸阳市,旬邑县,0,0,,,,,,,,,no_candidate,,,,,,,,,,,,,,,,,no,,,no,
district,陕西省,咸阳市,杨陵区,2,2,4161010712,西北农林科技大学,本科,no,985|211|双一流,prestige_tag,985 标签优先于无重点标签（国家官方重点建设名单）,strong,resolved_strong,shanghairanking-bcur,shanghairanking-bcur,shanghairanking-bcur,2026,中国大学排名（主榜）,,rankOverall,2026软科 69,69,https://www.shanghairanking.cn/rankings/bcur/2026,campus,profile_campus,,,,,no,,西北农林科技大学,no,no comparable second place: the deciding rule set aside the other 1 candidate(s) without leaving anybody on the winner's own scale
district,陕西省,咸阳市,永寿县,0,0,,,,,,,,,no_candidate,,,,,,,,,,,,,,,,,no,,,no,
district,陕西省,咸阳市,长武县,0,0,,,,,,,,,no_candidate,,,,,,,,,,,,,,,,,no,,,no,
district,陕西省,延安市,安塞区,0,0,,,,,,,,,no_candidate,,,,,,,,,,,,,,,,,no,,,no,
district,陕西省,延安市,宝塔区,2,2,4161010719,延安大学,本科,no,,level_order,本科层次优先于更低层次候选（项目层次政策）,policy,resolved_policy,shanghairanking-bcur,shanghairanking-bcur,shanghairanking-bcur,2026,中国大学排名（主榜）,,rankOverall,2026软科 248,248,https://www.shanghairanking.cn/rankings/bcur/2026,campus,profile_campus,,,,,no,,延安大学,no,no comparable second place: the deciding rule set aside the other 1 candidate(s) without leaving anybody on the winner's own scale
district,陕西省,延安市,富县,0,0,,,,,,,,,no_candidate,,,,,,,,,,,,,,,,,no,,,no,
district,陕西省,延安市,甘泉县,0,0,,,,,,,,,no_candidate,,,,,,,,,,,,,,,,,no,,,no,
district,陕西省,延安市,黄陵县,0,0,,,,,,,,,no_candidate,,,,,,,,,,,,,,,,,no,,,no,
district,陕西省,延安市,黄龙县,0,0,,,,,,,,,no_candidate,,,,,,,,,,,,,,,,,no,,,no,
district,陕西省,延安市,洛川县,1,1,4161013950,延安职业技术学院,专科,no,,single_candidate,该行政单元在现行口径下只有 1 个候选，无需比较,policy,resolved_policy,shanghairanking-bcvcr-public-vocational,shanghairanking-bcvcr-public-vocational,shanghairanking-bcvcr-public-vocational,2026,中国高职专科院校排名（总榜）,理工,rankOverall,2026软科高职专科总榜 363,363,https://www.shanghairanking.cn/rankings/bcvcr/2026623,campus,historical_campus,,,,,no,,延安职业技术学院,no,
district,陕西省,延安市,吴起县,0,0,,,,,,,,,no_candidate,,,,,,,,,,,,,,,,,no,,,no,
district,陕西省,延安市,延川县,0,0,,,,,,,,,no_candidate,,,,,,,,,,,,,,,,,no,,,no,
district,陕西省,延安市,延长县,0,0,,,,,,,,,no_candidate,,,,,,,,,,,,,,,,,no,,,no,
district,陕西省,延安市,宜川县,0,0,,,,,,,,,no_candidate,,,,,,,,,,,,,,,,,no,,,no,
district,陕西省,延安市,志丹县,0,0,,,,,,,,,no_candidate,,,,,,,,,,,,,,,,,no,,,no,
district,陕西省,延安市,子长市,0,0,,,,,,,,,no_candidate,,,,,,,,,,,,,,,,,no,,,no,
district,陕西省,榆林市,定边县,0,0,,,,,,,,,no_candidate,,,,,,,,,,,,,,,,,no,,,no,
district,陕西省,榆林市,府谷县,0,0,,,,,,,,,no_candidate,,,,,,,,,,,,,,,,,no,,,no,
district,陕西省,榆林市,横山区,1,1,4161011395,榆林大学,本科,no,,single_candidate,该行政单元在现行口径下只有 1 个候选，无需比较,policy,resolved_policy,shanghairanking-bcur,shanghairanking-bcur,shanghairanking-bcur,2026,中国大学排名（主榜）,,rankOverall,2026软科 339,339,https://www.shanghairanking.cn/rankings/bcur/2026,campus,profile_campus,,,,,no,,榆林大学,no,
district,陕西省,榆林市,佳县,0,0,,,,,,,,,no_candidate,,,,,,,,,,,,,,,,,no,,,no,
district,陕西省,榆林市,靖边县,0,0,,,,,,,,,no_candidate,,,,,,,,,,,,,,,,,no,,,no,
district,陕西省,榆林市,米脂县,0,0,,,,,,,,,no_candidate,,,,,,,,,,,,,,,,,no,,,no,
district,陕西省,榆林市,清涧县,0,0,,,,,,,,,no_candidate,,,,,,,,,,,,,,,,,no,,,no,
district,陕西省,榆林市,神木市,1,1,4161014650,神木职业技术学院,专科,no,,single_candidate,该行政单元在现行口径下只有 1 个候选，无需比较,policy,resolved_policy,shanghairanking-bcvcr-public-vocational,shanghairanking-bcvcr-public-vocational,shanghairanking-bcvcr-public-vocational,2026,中国高职专科院校排名（总榜）,综合,rankOverall,2026软科高职综合 112+ · 高职专科总榜 500+,500+,https://www.shanghairanking.cn/rankings/bcvcr/2026623,campus,profile_campus,,,,,no,,神木职业技术学院,no,
district,陕西省,榆林市,绥德县,1,1,4161011395,榆林大学,本科,no,,single_candidate,该行政单元在现行口径下只有 1 个候选，无需比较,policy,resolved_policy,shanghairanking-bcur,shanghairanking-bcur,shanghairanking-bcur,2026,中国大学排名（主榜）,,rankOverall,2026软科 339,339,https://www.shanghairanking.cn/rankings/bcur/2026,campus,profile_campus,,,,,no,,榆林大学,no,
district,陕西省,榆林市,吴堡县,0,0,,,,,,,,,no_candidate,,,,,,,,,,,,,,,,,no,,,no,
district,陕西省,榆林市,榆阳区,3,3,4161011395,榆林大学,本科,no,,level_order,本科层次优先于更低层次候选（项目层次政策）,policy,resolved_policy,shanghairanking-bcur,shanghairanking-bcur,shanghairanking-bcur,2026,中国大学排名（主榜）,,rankOverall,2026软科 339,339,https://www.shanghairanking.cn/rankings/bcur/2026,campus,profile_campus,,,,,no,,榆林大学,no,no comparable second place: the deciding rule set aside the other 2 candidate(s) without leaving anybody on the winner's own scale
district,陕西省,榆林市,子洲县,0,0,,,,,,,,,no_candidate,,,,,,,,,,,,,,,,,no,,,no,
district,上海市,上海市,宝山区,6,6,4131010280,上海大学,本科,no,211|双一流,level_order,本科层次优先于更低层次候选（项目层次政策）,policy,resolved_policy,shanghairanking-bcur,shanghairanking-bcur,shanghairanking-bcur,2026,中国大学排名（主榜）,,rankOverall,2026软科 60,60,https://www.shanghairanking.cn/rankings/bcur/2026,campus,profile_campus,,,,,no,,上海大学,no,no comparable second place: the deciding rule set aside the other 5 candidate(s) without leaving anybody on the winner's own scale
district,上海市,上海市,崇明区,3,3,4131010248,上海交通大学,本科,no,985|211|双一流,prestige_tag,985 标签优先于无重点标签（国家官方重点建设名单）,strong,resolved_strong,shanghairanking-bcur,shanghairanking-bcur,shanghairanking-bcur,2026,中国大学排名（主榜）,,rankOverall,2026软科 4,4,https://www.shanghairanking.cn/rankings/bcur/2026,campus,profile_campus,,,,,no,,上海交通大学,no,no comparable second place: the deciding rule set aside the other 2 candidate(s) without leaving anybody on the winner's own scale
district,上海市,上海市,奉贤区,8,8,4131010251,华东理工大学,本科,no,211|双一流,prestige_tag,211 标签优先于无重点标签（国家官方重点建设名单）,strong,resolved_strong,shanghairanking-bcur,shanghairanking-bcur,shanghairanking-bcur,2026,中国大学排名（主榜）,,rankOverall,2026软科 42,42,https://www.shanghairanking.cn/rankings/bcur/2026,campus,profile_campus,4131010270,上海师范大学,本科,shanghairanking-bcur,yes,,华东理工大学|上海师范大学,no,
district,上海市,上海市,虹口区,6,6,4131010272,上海财经大学,本科,no,211|双一流,comparable_ranking,上海财经大学 在同榜可比名次上优于 上海外国语大学（软科 bcur）；候选池先按国家标签收敛：211,strong,resolved_strong,shanghairanking-bcur,shanghairanking-bcur,shanghairanking-bcur,2026,中国财经类大学排名,财经,rankOverall,2026软科财经 1 · 主榜参考 35,35,https://www.shanghairanking.cn/rankings/bcur/202622,campus,profile_campus,4131010271,上海外国语大学,本科,shanghairanking-bcur,yes,,上海财经大学|上海外国语大学,no,
district,上海市,上海市,黄浦区,2,2,4131010248,上海交通大学,本科,no,985|211|双一流,level_order,本科层次优先于更低层次候选（项目层次政策）,policy,resolved_policy,shanghairanking-bcur,shanghairanking-bcur,shanghairanking-bcur,2026,中国大学排名（主榜）,,rankOverall,2026软科 4,4,https://www.shanghairanking.cn/rankings/bcur/2026,campus,profile_campus,,,,,no,,上海交通大学,no,no comparable second place: the deciding rule set aside the other 1 candidate(s) without leaving anybody on the winner's own scale
district,上海市,上海市,嘉定区,8,8,4131010247,同济大学,本科,no,985|211|双一流,prestige_tag,985 标签优先于211（国家官方重点建设名单）,strong,resolved_strong,shanghairanking-bcur,shanghairanking-bcur,shanghairanking-bcur,2026,中国大学排名（主榜）,,rankOverall,2026软科 18,18,https://www.shanghairanking.cn/rankings/bcur/2026,campus,profile_campus,4131010280,上海大学,本科,shanghairanking-bcur,yes,,同济大学|上海大学,no,
district,上海市,上海市,金山区,4,4,4131012915,上海中侨职业技术大学,本科,yes,,level_order,本科层次优先于更低层次候选（项目层次政策）,policy,resolved_policy,shanghairanking-bcvcr-private-vocational-undergraduate,shanghairanking-bcvcr-private-vocational-undergraduate,shanghairanking-bcvcr-private-vocational-undergraduate,2026,民办职业本科大学排名,,ranking,2026软科民办职业本科大学 8,8,https://www.shanghairanking.cn/rankings/bcvcr/2026750,campus,profile_campus,,,,,no,,上海中侨职业技术大学,no,no comparable second place: the deciding rule set aside the other 3 candidate(s) without leaving anybody on the winner's own scale
district,上海市,上海市,静安区,7,7,4131010247,同济大学,本科,no,985|211|双一流,prestige_tag,985 标签优先于211（国家官方重点建设名单）,strong,resolved_strong,shanghairanking-bcur,shanghairanking-bcur,shanghairanking-bcur,2026,中国大学排名（主榜）,,rankOverall,2026软科 18,18,https://www.shanghairanking.cn/rankings/bcur/2026,campus,profile_campus,4131010280,上海大学,本科,shanghairanking-bcur,yes,,同济大学|上海大学,no,
district,上海市,上海市,闵行区,11,11,4131010248,上海交通大学,本科,no,985|211|双一流,comparable_ranking,上海交通大学 在同榜可比名次上优于 华东师范大学（软科 bcur）；候选池先按国家标签收敛：985,strong,resolved_strong,shanghairanking-bcur,shanghairanking-bcur,shanghairanking-bcur,2026,中国大学排名（主榜）,,rankOverall,2026软科 4,4,https://www.shanghairanking.cn/rankings/bcur/2026,campus,profile_campus,4131010269,华东师范大学,本科,shanghairanking-bcur,yes,,上海交通大学|华东师范大学,no,
district,上海市,上海市,浦东新区,27,27,4131010248,上海交通大学,本科,no,985|211|双一流,comparable_ranking,上海交通大学 在同榜可比名次上优于 复旦大学（软科 bcur）；候选池先按国家标签收敛：985,strong,resolved_strong,shanghairanking-bcur,shanghairanking-bcur,shanghairanking-bcur,2026,中国大学排名（主榜）,,rankOverall,2026软科 4,4,https://www.shanghairanking.cn/rankings/bcur/2026,campus,profile_campus,4131010246,复旦大学,本科,shanghairanking-bcur,yes,,上海交通大学|复旦大学,no,
district,上海市,上海市,普陀区,6,6,4131010247,同济大学,本科,no,985|211|双一流,comparable_ranking,同济大学 在同榜可比名次上优于 华东师范大学（软科 bcur）；候选池先按国家标签收敛：985,strong,resolved_strong,shanghairanking-bcur,shanghairanking-bcur,shanghairanking-bcur,2026,中国大学排名（主榜）,,rankOverall,2026软科 18,18,https://www.shanghairanking.cn/rankings/bcur/2026,campus,profile_campus,4131010269,华东师范大学,本科,shanghairanking-bcur,yes,,同济大学|华东师范大学,no,
district,上海市,上海市,青浦区,4,4,4131011835,上海政法学院,本科,no,,level_order,本科层次优先于更低层次候选（项目层次政策）,policy,resolved_policy,shanghairanking-bcur,shanghairanking-bcur,shanghairanking-bcur,2026,中国政法类大学排名,政法,rankOverall,2026软科政法 6 · 主榜参考 216,216,https://www.shanghairanking.cn/rankings/bcur/202625,campus,profile_campus,,,,,no,,上海政法学院,no,no comparable second place: the deciding rule set aside the other 3 candidate(s) without leaving anybody on the winner's own scale
district,上海市,上海市,松江区,11,11,4131010255,东华大学,本科,no,211|双一流,comparable_ranking,东华大学 在同榜可比名次上优于 上海外国语大学（软科 bcur）；候选池先按国家标签收敛：211,strong,resolved_strong,shanghairanking-bcur,shanghairanking-bcur,shanghairanking-bcur,2026,中国大学排名（主榜）,,rankOverall,2026软科 72,72,https://www.shanghairanking.cn/rankings/bcur/2026,campus,profile_campus,4131010271,上海外国语大学,本科,shanghairanking-bcur,yes,,东华大学|上海外国语大学,no,
district,上海市,上海市,徐汇区,14,14,4131010248,上海交通大学,本科,no,985|211|双一流,comparable_ranking,上海交通大学 在同榜可比名次上优于 复旦大学（软科 bcur）；候选池先按国家标签收敛：985,strong,resolved_strong,shanghairanking-bcur,shanghairanking-bcur,shanghairanking-bcur,2026,中国大学排名（主榜）,,rankOverall,2026软科 4,4,https://www.shanghairanking.cn/rankings/bcur/2026,campus,profile_campus,4131010246,复旦大学,本科,shanghairanking-bcur,yes,,上海交通大学|复旦大学,no,
district,上海市,上海市,杨浦区,12,12,4131010246,复旦大学,本科,no,985|211|双一流,comparable_ranking,复旦大学 在同榜可比名次上优于 同济大学（软科 bcur）；候选池先按国家标签收敛：985,strong,resolved_strong,shanghairanking-bcur,shanghairanking-bcur,shanghairanking-bcur,2026,中国大学排名（主榜）,,rankOverall,2026软科 5,5,https://www.shanghairanking.cn/rankings/bcur/2026,campus,profile_campus,4131010247,同济大学,本科,shanghairanking-bcur,yes,,复旦大学|同济大学,no,
district,上海市,上海市,长宁区,6,6,4131010248,上海交通大学,本科,no,985|211|双一流,prestige_tag,985 标签优先于211（国家官方重点建设名单）,strong,resolved_strong,shanghairanking-bcur,shanghairanking-bcur,shanghairanking-bcur,2026,中国大学排名（主榜）,,rankOverall,2026软科 4,4,https://www.shanghairanking.cn/rankings/bcur/2026,campus,profile_campus,4131010255,东华大学,本科,shanghairanking-bcur,yes,,上海交通大学|东华大学,no,
district,四川省,阿坝藏族羌族自治州,阿坝县,0,0,,,,,,,,,no_candidate,,,,,,,,,,,,,,,,,no,,,no,
district,四川省,阿坝藏族羌族自治州,黑水县,0,0,,,,,,,,,no_candidate,,,,,,,,,,,,,,,,,no,,,no,
district,四川省,阿坝藏族羌族自治州,红原县,0,0,,,,,,,,,no_candidate,,,,,,,,,,,,,,,,,no,,,no,
district,四川省,阿坝藏族羌族自治州,金川县,0,0,,,,,,,,,no_candidate,,,,,,,,,,,,,,,,,no,,,no,
district,四川省,阿坝藏族羌族自治州,九寨沟县,0,0,,,,,,,,,no_candidate,,,,,,,,,,,,,,,,,no,,,no,
district,四川省,阿坝藏族羌族自治州,理县,0,0,,,,,,,,,no_candidate,,,,,,,,,,,,,,,,,no,,,no,
district,四川省,阿坝藏族羌族自治州,马尔康市,1,1,4151014647,阿坝职业学院,专科,no,,single_candidate,该行政单元在现行口径下只有 1 个候选，无需比较,policy,resolved_policy,shanghairanking-bcvcr-public-vocational,shanghairanking-bcvcr-public-vocational,shanghairanking-bcvcr-public-vocational,2026,中国高职专科院校排名（总榜）,综合,rankOverall,2026软科高职综合 112+ · 高职专科总榜 500+,500+,https://www.shanghairanking.cn/rankings/bcvcr/2026623,campus,profile_campus,,,,,no,,阿坝职业学院,no,
district,四川省,阿坝藏族羌族自治州,茂县,1,1,4151014647,阿坝职业学院,专科,no,,single_candidate,该行政单元在现行口径下只有 1 个候选，无需比较,policy,resolved_policy,shanghairanking-bcvcr-public-vocational,shanghairanking-bcvcr-public-vocational,shanghairanking-bcvcr-public-vocational,2026,中国高职专科院校排名（总榜）,综合,rankOverall,2026软科高职综合 112+ · 高职专科总榜 500+,500+,https://www.shanghairanking.cn/rankings/bcvcr/2026623,campus,profile_campus,,,,,no,,阿坝职业学院,no,
district,四川省,阿坝藏族羌族自治州,壤塘县,0,0,,,,,,,,,no_candidate,,,,,,,,,,,,,,,,,no,,,no,
district,四川省,阿坝藏族羌族自治州,若尔盖县,0,0,,,,,,,,,no_candidate,,,,,,,,,,,,,,,,,no,,,no,
district,四川省,阿坝藏族羌族自治州,松潘县,0,0,,,,,,,,,no_candidate,,,,,,,,,,,,,,,,,no,,,no,
district,四川省,阿坝藏族羌族自治州,汶川县,1,1,4151010646,阿坝师范学院,本科,no,,single_candidate,该行政单元在现行口径下只有 1 个候选，无需比较,policy,resolved_policy,shanghairanking-bcur,shanghairanking-bcur,shanghairanking-bcur,2026,中国大学排名（主榜）,,rankOverall,2026软科 500+,500+,https://www.shanghairanking.cn/rankings/bcur/2026,campus,profile_campus,,,,,no,,阿坝师范学院,no,
district,四川省,阿坝藏族羌族自治州,小金县,0,0,,,,,,,,,no_candidate,,,,,,,,,,,,,,,,,no,,,no,
district,四川省,巴中市,巴州区,1,1,4151014483,巴中职业技术学院,专科,yes,,single_candidate,该行政单元在现行口径下只有 1 个候选，无需比较,policy,resolved_policy,shanghairanking-bcvcr-private-vocational,shanghairanking-bcvcr-private-vocational,shanghairanking-bcvcr-private-vocational,2026,民办高职专科院校排名,,ranking,2026软科民办高职专科 100+,100+,https://www.shanghairanking.cn/rankings/bcvcr/2026633,campus,profile_campus,,,,,no,,巴中职业技术学院,no,
district,四川省,巴中市,恩阳区,0,0,,,,,,,,,no_candidate,,,,,,,,,,,,,,,,,no,,,no,
district,四川省,巴中市,南江县,0,0,,,,,,,,,no_candidate,,,,,,,,,,,,,,,,,no,,,no,
district,四川省,巴中市,平昌县,0,0,,,,,,,,,no_candidate,,,,,,,,,,,,,,,,,no,,,no,
district,四川省,巴中市,通江县,0,0,,,,,,,,,no_candidate,,,,,,,,,,,,,,,,,no,,,no,
district,四川省,成都市,成华区,3,3,4151010614,电子科技大学,本科,no,985|211|双一流,prestige_tag,985 标签优先于双一流（国家官方重点建设名单）,strong,resolved_strong,shanghairanking-bcur,shanghairanking-bcur,shanghairanking-bcur,2026,中国大学排名（主榜）,,rankOverall,2026软科 33,33,https://www.shanghairanking.cn/rankings/bcur/2026,campus,profile_campus,4151010616,成都理工大学,本科,shanghairanking-bcur,yes,,电子科技大学|成都理工大学,no,
district,四川省,成都市,崇州市,5,5,4163010746,青海师范大学,本科,no,,level_order,本科层次优先于更低层次候选（项目层次政策）,policy,resolved_policy,shanghairanking-bcur,shanghairanking-bcur,shanghairanking-bcur,2026,中国大学排名（主榜）,,rankOverall,2026软科 256,256,https://www.shanghairanking.cn/rankings/bcur/2026,campus,historical_campus,,,,,no,,青海师范大学,no,no comparable second place: the deciding rule set aside the other 4 candidate(s) without leaving anybody on the winner's own scale
district,四川省,成都市,大邑县,2,2,4151014410,四川电影电视学院,本科,yes,,level_order,本科层次优先于更低层次候选（项目层次政策）,policy,resolved_policy,,,,,,,,,,,campus,verified_campus,,,,,no,,四川电影电视学院,no,no comparable second place: the deciding rule set aside the other 1 candidate(s) without leaving anybody on the winner's own scale
district,四川省,成都市,都江堰市,6,6,4151010626,四川农业大学,本科,no,211|双一流,prestige_tag,211 标签优先于无重点标签（国家官方重点建设名单）,strong,resolved_strong,shanghairanking-bcur,shanghairanking-bcur,shanghairanking-bcur,2026,中国大学排名（主榜）,,rankOverall,2026软科 134,134,https://www.shanghairanking.cn/rankings/bcur/2026,campus,profile_campus,,,,,no,,四川农业大学,no,no comparable second place: the deciding rule set aside the other 5 candidate(s) without leaving anybody on the winner's own scale
district,四川省,成都市,简阳市,3,3,4151010653,成都体育学院,本科,no,,public_before_private,同层次同标签下公办优先（按当前项目政策，非排名证据）；候选池先按层次收敛：本科层次优先于更低层次（项目层次政策）,policy,resolved_policy,shanghairanking-bcur,shanghairanking-bcur,shanghairanking-bcur,2026,中国体育类大学排名,体育,rankOverall,2026软科体育 8 · 主榜参考 330,330,https://www.shanghairanking.cn/rankings/bcur/202626,campus,profile_campus,,,,,no,,成都体育学院,yes,no comparable second place: the deciding rule set aside the other 2 candidate(s) without leaving anybody on the winner's own scale
district,四川省,成都市,金牛区,7,7,4151010614,电子科技大学,本科,no,985|211|双一流,prestige_tag,985 标签优先于211（国家官方重点建设名单）,strong,resolved_strong,shanghairanking-bcur,shanghairanking-bcur,shanghairanking-bcur,2026,中国大学排名（主榜）,,rankOverall,2026软科 33,33,https://www.shanghairanking.cn/rankings/bcur/2026,campus,profile_campus,4151010613,西南交通大学,本科,shanghairanking-bcur,yes,,电子科技大学|西南交通大学,no,
district,四川省,成都市,金堂县,4,4,4151013671,成都文理学院,本科,yes,,single_ranked_candidate,成都文理学院 是当前候选里唯一被官方榜单覆盖的学校（软科 bcur-private）；候选池先按层次收敛：本科层次优先于更低层次（项目层次政策）,policy,resolved_policy,shanghairanking-bcur-private,shanghairanking-bcur-private,shanghairanking-bcur-private,2026,中国民办高校排名（主榜）,,ranking,2026软科民办 36,36,https://www.shanghairanking.cn/rankings/bcur/202615,campus,profile_campus,,,,,no,,成都文理学院,yes,1 leading candidate(s) carry no official list ranking; no comparable second place: the deciding rule set aside the other 3 candidate(s) without leaving anybody on the winner's own scale
district,四川省,成都市,锦江区,5,5,4151010633,成都中医药大学,本科,no,双一流,prestige_tag,双一流 标签优先于无重点标签（国家官方重点建设名单）,strong,resolved_strong,shanghairanking-bcur,shanghairanking-bcur,shanghairanking-bcur,2026,中国中医药大学排名,中医药,rankOverall,2026软科中医药 6 · 主榜参考 121,121,https://www.shanghairanking.cn/rankings/bcur/2026745,campus,historical_campus,4151010636,四川师范大学,本科,shanghairanking-bcur,yes,,成都中医药大学|四川师范大学,no,
district,四川省,成都市,龙泉驿区,13,13,4151010636,四川师范大学,本科,no,,public_before_private,同层次同标签下公办优先（按当前项目政策，非排名证据）；候选池先按层次收敛：本科层次优先于更低层次（项目层次政策）,policy,resolved_policy,shanghairanking-bcur,shanghairanking-bcur,shanghairanking-bcur,2026,中国大学排名（主榜）,,rankOverall,2026软科 209,209,https://www.shanghairanking.cn/rankings/bcur/2026,campus,profile_campus,4151011079,成都大学,本科,shanghairanking-bcur,yes,,四川师范大学|成都大学,yes,
district,四川省,成都市,彭州市,2,2,4151010623,西华大学,本科,no,,level_order,本科层次优先于更低层次候选（项目层次政策）,policy,resolved_policy,shanghairanking-bcur,shanghairanking-bcur,shanghairanking-bcur,2026,中国大学排名（主榜）,,rankOverall,2026软科 262,262,https://www.shanghairanking.cn/rankings/bcur/2026,campus,profile_campus,,,,,no,,西华大学,no,no comparable second place: the deciding rule set aside the other 1 candidate(s) without leaving anybody on the winner's own scale
district,四川省,成都市,郫都区,13,13,4151010614,电子科技大学,本科,no,985|211|双一流,prestige_tag,985 标签优先于211（国家官方重点建设名单）,strong,resolved_strong,shanghairanking-bcur,shanghairanking-bcur,shanghairanking-bcur,2026,中国大学排名（主榜）,,rankOverall,2026软科 33,33,https://www.shanghairanking.cn/rankings/bcur/2026,campus,profile_campus,4151010613,西南交通大学,本科,shanghairanking-bcur,yes,,电子科技大学|西南交通大学,no,
district,四川省,成都市,蒲江县,1,1,4151013669,四川传媒学院,本科,yes,,single_candidate,该行政单元在现行口径下只有 1 个候选，无需比较,policy,resolved_policy,,,,,,,,,,,campus,historical_campus,,,,,no,,四川传媒学院,no,
district,四川省,成都市,青白江区,1,1,4151012764,四川建筑职业技术大学,本科,no,,single_candidate,该行政单元在现行口径下只有 1 个候选，无需比较,policy,resolved_policy,shanghairanking-bcvcr-public-vocational-undergraduate,shanghairanking-bcvcr-public-vocational-undergraduate,shanghairanking-bcvcr-public-vocational-undergraduate,2026,中国职业本科大学排名,,ranking,2026软科职业本科大学 48,48,https://www.shanghairanking.cn/rankings/bcvcr/2026749,campus,profile_campus,,,,,no,,四川建筑职业技术大学,no,
district,四川省,成都市,青羊区,9,9,4151010610,四川大学,本科,no,985|211|双一流,prestige_tag,985 标签优先于211（国家官方重点建设名单）,strong,resolved_strong,shanghairanking-bcur,shanghairanking-bcur,shanghairanking-bcur,2026,中国大学排名（主榜）,,rankOverall,2026软科 16,16,https://www.shanghairanking.cn/rankings/bcur/2026,campus,historical_campus,4151010651,西南财经大学,本科,shanghairanking-bcur,yes,,四川大学|西南财经大学,no,
district,四川省,成都市,邛崃市,1,1,4151011553,成都轻工职业技术大学,本科,no,,single_candidate,该行政单元在现行口径下只有 1 个候选，无需比较,policy,resolved_policy,shanghairanking-bcvcr-public-vocational-undergraduate,shanghairanking-bcvcr-public-vocational-undergraduate,shanghairanking-bcvcr-public-vocational-undergraduate,2026,中国职业本科大学排名,,ranking,2026软科职业本科大学 70,70,https://www.shanghairanking.cn/rankings/bcvcr/2026749,campus,profile_campus,,,,,no,,成都轻工职业技术大学,no,
district,四川省,成都市,双流区,8,8,4151010610,四川大学,本科,no,985|211|双一流,prestige_tag,985 标签优先于无重点标签（国家官方重点建设名单）,strong,resolved_strong,shanghairanking-bcur,shanghairanking-bcur,shanghairanking-bcur,2026,中国大学排名（主榜）,,rankOverall,2026软科 16,16,https://www.shanghairanking.cn/rankings/bcur/2026,campus,profile_campus,4151010656,西南民族大学,本科,shanghairanking-bcur,yes,,四川大学|西南民族大学,no,
district,四川省,成都市,温江区,9,9,4151010651,西南财经大学,本科,no,211|双一流,comparable_ranking,西南财经大学 在同榜可比名次上优于 成都中医药大学（软科 bcur）；候选池先按国家标签收敛：211,strong,resolved_strong,shanghairanking-bcur,shanghairanking-bcur,shanghairanking-bcur,2026,中国财经类大学排名,财经,rankOverall,2026软科财经 5 · 主榜参考 66,66,https://www.shanghairanking.cn/rankings/bcur/202622,campus,profile_campus,4151010633,成都中医药大学,本科,shanghairanking-bcur,yes,,西南财经大学|成都中医药大学,no,
district,四川省,成都市,武侯区,10,10,4151010610,四川大学,本科,no,985|211|双一流,prestige_tag,985 标签优先于双一流（国家官方重点建设名单）,strong,resolved_strong,shanghairanking-bcur,shanghairanking-bcur,shanghairanking-bcur,2026,中国大学排名（主榜）,,rankOverall,2026软科 16,16,https://www.shanghairanking.cn/rankings/bcur/2026,campus,profile_campus,4151010633,成都中医药大学,本科,shanghairanking-bcur,yes,,四川大学|成都中医药大学,no,
district,四川省,成都市,新都区,4,4,4151010615,西南石油大学,本科,no,双一流,prestige_tag,双一流 标签优先于无重点标签（国家官方重点建设名单）,strong,resolved_strong,shanghairanking-bcur,shanghairanking-bcur,shanghairanking-bcur,2026,中国大学排名（主榜）,,rankOverall,2026软科 119,119,https://www.shanghairanking.cn/rankings/bcur/2026,campus,profile_campus,4151013705,成都医学院,本科,shanghairanking-bcur,yes,,西南石油大学|成都医学院,no,
district,四川省,成都市,新津区,2,2,4151012969,成都艺术职业大学,本科,yes,,level_order,本科层次优先于更低层次候选（项目层次政策）,policy,resolved_policy,shanghairanking-bcvcr-private-vocational-undergraduate,shanghairanking-bcvcr-private-vocational-undergraduate,shanghairanking-bcvcr-private-vocational-undergraduate,2026,民办职业本科大学排名,,ranking,2026软科民办职业本科大学 17,17,https://www.shanghairanking.cn/rankings/bcvcr/2026750,campus,profile_campus,,,,,no,,成都艺术职业大学,no,no comparable second place: the deciding rule set aside the other 1 candidate(s) without leaving anybody on the winner's own scale
district,四川省,达州市,达川区,1,1,4151010644,四川文理学院,本科,no,,single_candidate,该行政单元在现行口径下只有 1 个候选，无需比较,policy,resolved_policy,shanghairanking-bcur,shanghairanking-bcur,shanghairanking-bcur,2026,中国大学排名（主榜）,,rankOverall,2026软科 500+,500+,https://www.shanghairanking.cn/rankings/bcur/2026,campus,profile_campus,,,,,no,,四川文理学院,no,
district,四川省,达州市,大竹县,0,0,,,,,,,,,no_candidate,,,,,,,,,,,,,,,,,no,,,no,
district,四川省,达州市,开江县,0,0,,,,,,,,,no_candidate,,,,,,,,,,,,,,,,,no,,,no,
district,四川省,达州市,渠县,0,0,,,,,,,,,no_candidate,,,,,,,,,,,,,,,,,no,,,no,
district,四川省,达州市,通川区,3,3,4151010644,四川文理学院,本科,no,,level_order,本科层次优先于更低层次候选（项目层次政策）,policy,resolved_policy,shanghairanking-bcur,shanghairanking-bcur,shanghairanking-bcur,2026,中国大学排名（主榜）,,rankOverall,2026软科 500+,500+,https://www.shanghairanking.cn/rankings/bcur/2026,campus,profile_campus,,,,,no,,四川文理学院,no,no comparable second place: the deciding rule set aside the other 2 candidate(s) without leaving anybody on the winner's own scale
district,四川省,达州市,万源市,0,0,,,,,,,,,no_candidate,,,,,,,,,,,,,,,,,no,,,no,
district,四川省,达州市,宣汉县,0,0,,,,,,,,,no_candidate,,,,,,,,,,,,,,,,,no,,,no,
district,四川省,德阳市,广汉市,3,3,4151010624,中国民用航空飞行学院,本科,no,,level_order,本科层次优先于更低层次候选（项目层次政策）,policy,resolved_policy,shanghairanking-bcur,shanghairanking-bcur,shanghairanking-bcur,2026,中国大学排名（主榜）,,rankOverall,2026软科 365,365,https://www.shanghairanking.cn/rankings/bcur/2026,campus,profile_campus,,,,,no,,中国民用航空飞行学院,no,no comparable second place: the deciding rule set aside the other 2 candidate(s) without leaving anybody on the winner's own scale
district,四川省,德阳市,旌阳区,5,5,4151010624,中国民用航空飞行学院,本科,no,,cross_group_scale_policy,中国民用航空飞行学院 取自主榜序列；其余候选分属不同榜单体系，名次不可直接比较，按当前项目政策以主榜序列为先；候选池先按层次收敛：本科层次优先于更低层次（项目层次政策）,policy,resolved_policy,shanghairanking-bcur,shanghairanking-bcur,shanghairanking-bcur,2026,中国大学排名（主榜）,,rankOverall,2026软科 365,365,https://www.shanghairanking.cn/rankings/bcur/2026,campus,historical_campus,,,,,no,,中国民用航空飞行学院,no,no comparable second place: the deciding rule set aside the other 4 candidate(s) without leaving anybody on the winner's own scale
district,四川省,德阳市,罗江区,3,3,4151013816,四川工业科技学院,本科,yes,,single_ranked_candidate,四川工业科技学院 是当前候选里唯一被官方榜单覆盖的学校（软科 bcur-private）；候选池先按层次收敛：本科层次优先于更低层次（项目层次政策）,policy,resolved_policy,shanghairanking-bcur-private,shanghairanking-bcur-private,shanghairanking-bcur-private,2026,中国民办高校排名（主榜）,,ranking,2026软科民办 95,95,https://www.shanghairanking.cn/rankings/bcur/202615,campus,profile_campus,,,,,no,,四川工业科技学院,yes,1 leading candidate(s) carry no official list ranking; no comparable second place: the deciding rule set aside the other 2 candidate(s) without leaving anybody on the winner's own scale
district,四川省,德阳市,绵竹市,3,3,4151013816,四川工业科技学院,本科,yes,,level_order,本科层次优先于更低层次候选（项目层次政策）,policy,resolved_policy,shanghairanking-bcur-private,shanghairanking-bcur-private,shanghairanking-bcur-private,2026,中国民办高校排名（主榜）,,ranking,2026软科民办 95,95,https://www.shanghairanking.cn/rankings/bcur/202615,campus,historical_campus,,,,,no,,四川工业科技学院,no,no comparable second place: the deciding rule set aside the other 2 candidate(s) without leaving anybody on the winner's own scale
district,四川省,德阳市,什邡市,2,2,4151013665,电子科技大学成都学院,本科,yes,,level_order,本科层次优先于更低层次候选（项目层次政策）,policy,resolved_policy,,,,,,,,,,,campus,profile_campus,,,,,no,,电子科技大学成都学院,no,no comparable second place: the deciding rule set aside the other 1 candidate(s) without leaving anybody on the winner's own scale
district,四川省,德阳市,中江县,0,0,,,,,,,,,no_candidate,,,,,,,,,,,,,,,,,no,,,no,
district,四川省,甘孜藏族自治州,巴塘县,0,0,,,,,,,,,no_candidate,,,,,,,,,,,,,,,,,no,,,no,
district,四川省,甘孜藏族自治州,白玉县,0,0,,,,,,,,,no_candidate,,,,,,,,,,,,,,,,,no,,,no,
district,四川省,甘孜藏族自治州,丹巴县,0,0,,,,,,,,,no_candidate,,,,,,,,,,,,,,,,,no,,,no,
district,四川省,甘孜藏族自治州,道孚县,0,0,,,,,,,,,no_candidate,,,,,,,,,,,,,,,,,no,,,no,
district,四川省,甘孜藏族自治州,稻城县,0,0,,,,,,,,,no_candidate,,,,,,,,,,,,,,,,,no,,,no,
district,四川省,甘孜藏族自治州,得荣县,0,0,,,,,,,,,no_candidate,,,,,,,,,,,,,,,,,no,,,no,
district,四川省,甘孜藏族自治州,德格县,0,0,,,,,,,,,no_candidate,,,,,,,,,,,,,,,,,no,,,no,
district,四川省,甘孜藏族自治州,甘孜县,0,0,,,,,,,,,no_candidate,,,,,,,,,,,,,,,,,no,,,no,
district,四川省,甘孜藏族自治州,九龙县,0,0,,,,,,,,,no_candidate,,,,,,,,,,,,,,,,,no,,,no,
district,四川省,甘孜藏族自治州,康定市,2,2,4151011661,四川民族学院,本科,no,,level_order,本科层次优先于更低层次候选（项目层次政策）,policy,resolved_policy,shanghairanking-bcur,shanghairanking-bcur,shanghairanking-bcur,2026,中国大学排名（主榜）,,rankOverall,2026软科 500+,500+,https://www.shanghairanking.cn/rankings/bcur/2026,campus,profile_campus,,,,,no,,四川民族学院,no,no comparable second place: the deciding rule set aside the other 1 candidate(s) without leaving anybody on the winner's own scale
district,四川省,甘孜藏族自治州,理塘县,0,0,,,,,,,,,no_candidate,,,,,,,,,,,,,,,,,no,,,no,
district,四川省,甘孜藏族自治州,泸定县,2,2,4151011661,四川民族学院,本科,no,,level_order,本科层次优先于更低层次候选（项目层次政策）,policy,resolved_policy,shanghairanking-bcur,shanghairanking-bcur,shanghairanking-bcur,2026,中国大学排名（主榜）,,rankOverall,2026软科 500+,500+,https://www.shanghairanking.cn/rankings/bcur/2026,campus,profile_campus,,,,,no,,四川民族学院,no,no comparable second place: the deciding rule set aside the other 1 candidate(s) without leaving anybody on the winner's own scale
district,四川省,甘孜藏族自治州,炉霍县,0,0,,,,,,,,,no_candidate,,,,,,,,,,,,,,,,,no,,,no,
district,四川省,甘孜藏族自治州,色达县,0,0,,,,,,,,,no_candidate,,,,,,,,,,,,,,,,,no,,,no,
district,四川省,甘孜藏族自治州,石渠县,0,0,,,,,,,,,no_candidate,,,,,,,,,,,,,,,,,no,,,no,
district,四川省,甘孜藏族自治州,乡城县,0,0,,,,,,,,,no_candidate,,,,,,,,,,,,,,,,,no,,,no,
district,四川省,甘孜藏族自治州,新龙县,0,0,,,,,,,,,no_candidate,,,,,,,,,,,,,,,,,no,,,no,
district,四川省,甘孜藏族自治州,雅江县,0,0,,,,,,,,,no_candidate,,,,,,,,,,,,,,,,,no,,,no,
district,四川省,广安市,广安区,2,2,4151014984,广安理工学院,本科,no,,level_order,本科层次优先于更低层次候选（项目层次政策）,policy,resolved_policy,,,,,,,,,,,campus,profile_campus,,,,,no,,广安理工学院,no,no comparable second place: the deciding rule set aside the other 1 candidate(s) without leaving anybody on the winner's own scale
district,四川省,广安市,华蓥市,0,0,,,,,,,,,no_candidate,,,,,,,,,,,,,,,,,no,,,no,
district,四川省,广安市,邻水县,0,0,,,,,,,,,no_candidate,,,,,,,,,,,,,,,,,no,,,no,
district,四川省,广安市,前锋区,1,1,4151013814,广安职业技术学院,专科,no,,single_candidate,该行政单元在现行口径下只有 1 个候选，无需比较,policy,resolved_policy,shanghairanking-bcvcr-public-vocational,shanghairanking-bcvcr-public-vocational,shanghairanking-bcvcr-public-vocational,2026,中国高职专科院校排名（总榜）,综合,rankOverall,2026软科高职专科总榜 287,287,https://www.shanghairanking.cn/rankings/bcvcr/2026623,campus,profile_campus,,,,,no,,广安职业技术学院,no,
district,四川省,广安市,武胜县,0,0,,,,,,,,,no_candidate,,,,,,,,,,,,,,,,,no,,,no,
district,四川省,广安市,岳池县,1,1,4151013814,广安职业技术学院,专科,no,,single_candidate,该行政单元在现行口径下只有 1 个候选，无需比较,policy,resolved_policy,shanghairanking-bcvcr-public-vocational,shanghairanking-bcvcr-public-vocational,shanghairanking-bcvcr-public-vocational,2026,中国高职专科院校排名（总榜）,综合,rankOverall,2026软科高职专科总榜 287,287,https://www.shanghairanking.cn/rankings/bcvcr/2026623,campus,profile_campus,,,,,no,,广安职业技术学院,no,
district,四川省,广元市,苍溪县,0,0,,,,,,,,,no_candidate,,,,,,,,,,,,,,,,,no,,,no,
district,四川省,广元市,朝天区,0,0,,,,,,,,,no_candidate,,,,,,,,,,,,,,,,,no,,,no,
district,四川省,广元市,剑阁县,0,0,,,,,,,,,no_candidate,,,,,,,,,,,,,,,,,no,,,no,
district,四川省,广元市,利州区,3,3,4151013815,四川信息职业技术学院,专科,no,,public_before_private,同层次同标签下公办优先（按当前项目政策，非排名证据）；公办候选之间再按同榜名次比较,policy,resolved_policy,shanghairanking-bcvcr-public-vocational,shanghairanking-bcvcr-public-vocational,shanghairanking-bcvcr-public-vocational,2026,中国高职专科院校排名（总榜）,理工,rankOverall,2026软科高职专科总榜 285,285,https://www.shanghairanking.cn/rankings/bcvcr/2026623,campus,profile_campus,4151014393,川北幼儿师范高等专科学校,专科,shanghairanking-bcvcr-public-vocational,yes,,四川信息职业技术学院|川北幼儿师范高等专科学校,yes,
district,四川省,广元市,青川县,0,0,,,,,,,,,no_candidate,,,,,,,,,,,,,,,,,no,,,no,
district,四川省,广元市,旺苍县,0,0,,,,,,,,,no_candidate,,,,,,,,,,,,,,,,,no,,,no,
district,四川省,广元市,昭化区,0,0,,,,,,,,,no_candidate,,,,,,,,,,,,,,,,,no,,,no,
district,四川省,乐山市,峨边彝族自治县,0,0,,,,,,,,,no_candidate,,,,,,,,,,,,,,,,,no,,,no,
district,四川省,乐山市,峨眉山市,2,2,4151010613,西南交通大学,本科,no,211|双一流,level_order,本科层次优先于更低层次候选（项目层次政策）,policy,resolved_policy,shanghairanking-bcur,shanghairanking-bcur,shanghairanking-bcur,2026,中国大学排名（主榜）,,rankOverall,2026软科 49,49,https://www.shanghairanking.cn/rankings/bcur/2026,campus,profile_campus,,,,,no,,西南交通大学,no,no comparable second place: the deciding rule set aside the other 1 candidate(s) without leaving anybody on the winner's own scale
district,四川省,乐山市,夹江县,0,0,,,,,,,,,no_candidate,,,,,,,,,,,,,,,,,no,,,no,
district,四川省,乐山市,犍为县,1,1,4151010636,四川师范大学,本科,no,,single_candidate,该行政单元在现行口径下只有 1 个候选，无需比较,policy,resolved_policy,shanghairanking-bcur,shanghairanking-bcur,shanghairanking-bcur,2026,中国大学排名（主榜）,,rankOverall,2026软科 209,209,https://www.shanghairanking.cn/rankings/bcur/2026,campus,historical_campus,,,,,no,,四川师范大学,no,
district,四川省,乐山市,金口河区,0,0,,,,,,,,,no_candidate,,,,,,,,,,,,,,,,,no,,,no,
district,四川省,乐山市,井研县,0,0,,,,,,,,,no_candidate,,,,,,,,,,,,,,,,,no,,,no,
district,四川省,乐山市,马边彝族自治县,0,0,,,,,,,,,no_candidate,,,,,,,,,,,,,,,,,no,,,no,
district,四川省,乐山市,沐川县,0,0,,,,,,,,,no_candidate,,,,,,,,,,,,,,,,,no,,,no,
district,四川省,乐山市,沙湾区,0,0,,,,,,,,,no_candidate,,,,,,,,,,,,,,,,,no,,,no,
district,四川省,乐山市,市中区,3,3,4151010649,乐山师范学院,本科,no,,public_before_private,同层次同标签下公办优先（按当前项目政策，非排名证据）；候选池先按层次收敛：本科层次优先于更低层次（项目层次政策）,policy,resolved_policy,shanghairanking-bcur,shanghairanking-bcur,shanghairanking-bcur,2026,中国大学排名（主榜）,,rankOverall,2026软科 426,426,https://www.shanghairanking.cn/rankings/bcur/2026,campus,profile_campus,,,,,no,,乐山师范学院,yes,no comparable second place: the deciding rule set aside the other 2 candidate(s) without leaving anybody on the winner's own scale
district,四川省,乐山市,五通桥区,0,0,,,,,,,,,no_candidate,,,,,,,,,,,,,,,,,no,,,no,
district,四川省,凉山彝族自治州,布拖县,0,0,,,,,,,,,no_candidate,,,,,,,,,,,,,,,,,no,,,no,
district,四川省,凉山彝族自治州,德昌县,0,0,,,,,,,,,no_candidate,,,,,,,,,,,,,,,,,no,,,no,
district,四川省,凉山彝族自治州,甘洛县,0,0,,,,,,,,,no_candidate,,,,,,,,,,,,,,,,,no,,,no,
district,四川省,凉山彝族自治州,会东县,0,0,,,,,,,,,no_candidate,,,,,,,,,,,,,,,,,no,,,no,
district,四川省,凉山彝族自治州,会理市,0,0,,,,,,,,,no_candidate,,,,,,,,,,,,,,,,,no,,,no,
district,四川省,凉山彝族自治州,金阳县,0,0,,,,,,,,,no_candidate,,,,,,,,,,,,,,,,,no,,,no,
district,四川省,凉山彝族自治州,雷波县,0,0,,,,,,,,,no_candidate,,,,,,,,,,,,,,,,,no,,,no,
district,四川省,凉山彝族自治州,美姑县,0,0,,,,,,,,,no_candidate,,,,,,,,,,,,,,,,,no,,,no,
district,四川省,凉山彝族自治州,冕宁县,0,0,,,,,,,,,no_candidate,,,,,,,,,,,,,,,,,no,,,no,
district,四川省,凉山彝族自治州,木里藏族自治县,0,0,,,,,,,,,no_candidate,,,,,,,,,,,,,,,,,no,,,no,
district,四川省,凉山彝族自治州,宁南县,0,0,,,,,,,,,no_candidate,,,,,,,,,,,,,,,,,no,,,no,
district,四川省,凉山彝族自治州,普格县,0,0,,,,,,,,,no_candidate,,,,,,,,,,,,,,,,,no,,,no,
district,四川省,凉山彝族自治州,西昌市,4,4,4151010628,西昌学院,本科,no,,level_order,本科层次优先于更低层次候选（项目层次政策）,policy,resolved_policy,shanghairanking-bcur,shanghairanking-bcur,shanghairanking-bcur,2026,中国大学排名（主榜）,,rankOverall,2026软科 450,450,https://www.shanghairanking.cn/rankings/bcur/2026,campus,profile_campus,,,,,no,,西昌学院,no,no comparable second place: the deciding rule set aside the other 3 candidate(s) without leaving anybody on the winner's own scale
district,四川省,凉山彝族自治州,喜德县,0,0,,,,,,,,,no_candidate,,,,,,,,,,,,,,,,,no,,,no,
district,四川省,凉山彝族自治州,盐源县,0,0,,,,,,,,,no_candidate,,,,,,,,,,,,,,,,,no,,,no,
district,四川省,凉山彝族自治州,越西县,0,0,,,,,,,,,no_candidate,,,,,,,,,,,,,,,,,no,,,no,
district,四川省,凉山彝族自治州,昭觉县,0,0,,,,,,,,,no_candidate,,,,,,,,,,,,,,,,,no,,,no,
district,四川省,泸州市,古蔺县,0,0,,,,,,,,,no_candidate,,,,,,,,,,,,,,,,,no,,,no,
district,四川省,泸州市,合江县,1,1,4151014386,四川三河职业学院,专科,yes,,single_candidate,该行政单元在现行口径下只有 1 个候选，无需比较,policy,resolved_policy,shanghairanking-bcvcr-private-vocational,shanghairanking-bcvcr-private-vocational,shanghairanking-bcvcr-private-vocational,2026,民办高职专科院校排名,,ranking,2026软科民办高职专科 72,72,https://www.shanghairanking.cn/rankings/bcvcr/2026633,campus,profile_campus,,,,,no,,四川三河职业学院,no,
district,四川省,泸州市,江阳区,3,3,4151010632,西南医科大学,本科,no,,comparable_ranking,西南医科大学 在同榜可比名次上优于 四川警察学院（软科 bcur）；候选池先按层次收敛：本科层次优先于更低层次（项目层次政策）,strong,resolved_strong,shanghairanking-bcur,shanghairanking-bcur,shanghairanking-bcur,2026,中国医药类大学排名,医药,rankOverall,2026软科医药 24 · 主榜参考 207,207,https://www.shanghairanking.cn/rankings/bcur/202621,campus,profile_campus,4151012212,四川警察学院,本科,shanghairanking-bcur,yes,,西南医科大学|四川警察学院,no,
district,四川省,泸州市,龙马潭区,3,3,4151010632,西南医科大学,本科,no,,level_order,本科层次优先于更低层次候选（项目层次政策）,policy,resolved_policy,shanghairanking-bcur,shanghairanking-bcur,shanghairanking-bcur,2026,中国医药类大学排名,医药,rankOverall,2026软科医药 24 · 主榜参考 207,207,https://www.shanghairanking.cn/rankings/bcur/202621,campus,profile_campus,,,,,no,,西南医科大学,no,no comparable second place: the deciding rule set aside the other 2 candidate(s) without leaving anybody on the winner's own scale
district,四川省,泸州市,泸县,0,0,,,,,,,,,no_candidate,,,,,,,,,,,,,,,,,no,,,no,
district,四川省,泸州市,纳溪区,2,2,4151012637,四川化工职业技术学院,专科,no,,public_before_private,同层次同标签下公办优先（按当前项目政策，非排名证据）,policy,resolved_policy,shanghairanking-bcvcr-public-vocational,shanghairanking-bcvcr-public-vocational,shanghairanking-bcvcr-public-vocational,2026,中国高职专科院校排名（总榜）,理工,rankOverall,2026软科高职专科总榜 327,327,https://www.shanghairanking.cn/rankings/bcvcr/2026623,campus,profile_campus,,,,,no,,四川化工职业技术学院,yes,no comparable second place: the deciding rule set aside the other 1 candidate(s) without leaving anybody on the winner's own scale
district,四川省,泸州市,叙永县,0,0,,,,,,,,,no_candidate,,,,,,,,,,,,,,,,,no,,,no,
district,四川省,眉山市,丹棱县,1,1,4151014640,眉山药科职业学院,专科,yes,,single_candidate,该行政单元在现行口径下只有 1 个候选，无需比较,policy,resolved_policy,shanghairanking-bcvcr-private-vocational,shanghairanking-bcvcr-private-vocational,shanghairanking-bcvcr-private-vocational,2026,民办高职专科院校排名,,ranking,2026软科民办高职专科 100+,100+,https://www.shanghairanking.cn/rankings/bcvcr/2026633,campus,profile_campus,,,,,no,,眉山药科职业学院,no,
district,四川省,眉山市,东坡区,4,4,4151010610,四川大学,本科,no,985|211|双一流,prestige_tag,985 标签优先于无重点标签（国家官方重点建设名单）,strong,resolved_strong,shanghairanking-bcur,shanghairanking-bcur,shanghairanking-bcur,2026,中国大学排名（主榜）,,rankOverall,2026软科 16,16,https://www.shanghairanking.cn/rankings/bcur/2026,campus,profile_campus,,,,,no,,四川大学,no,no comparable second place: the deciding rule set aside the other 3 candidate(s) without leaving anybody on the winner's own scale
district,四川省,眉山市,洪雅县,0,0,,,,,,,,,no_candidate,,,,,,,,,,,,,,,,,no,,,no,
district,四川省,眉山市,彭山区,2,2,4151014039,四川大学锦江学院,本科,yes,,level_order,本科层次优先于更低层次候选（项目层次政策）,policy,resolved_policy,,,,,,,,,,,campus,profile_campus,,,,,no,,四川大学锦江学院,no,no comparable second place: the deciding rule set aside the other 1 candidate(s) without leaving anybody on the winner's own scale
district,四川省,眉山市,青神县,1,1,4151012969,成都艺术职业大学,本科,yes,,single_candidate,该行政单元在现行口径下只有 1 个候选，无需比较,policy,resolved_policy,shanghairanking-bcvcr-private-vocational-undergraduate,shanghairanking-bcvcr-private-vocational-undergraduate,shanghairanking-bcvcr-private-vocational-undergraduate,2026,民办职业本科大学排名,,ranking,2026软科民办职业本科大学 17,17,https://www.shanghairanking.cn/rankings/bcvcr/2026750,campus,profile_campus,,,,,no,,成都艺术职业大学,no,
district,四川省,眉山市,仁寿县,4,4,4151014070,四川科技职业学院,专科,yes,,comparable_ranking,四川科技职业学院 在同榜可比名次上优于 天府新区航空旅游职业学院（软科 bcvcr-private-vocational）,strong,resolved_strong,shanghairanking-bcvcr-private-vocational,shanghairanking-bcvcr-private-vocational,shanghairanking-bcvcr-private-vocational,2026,民办高职专科院校排名,,ranking,2026软科民办高职专科 37,37,https://www.shanghairanking.cn/rankings/bcvcr/2026633,campus,historical_campus,4151014645,天府新区航空旅游职业学院,专科,shanghairanking-bcvcr-private-vocational,yes,,四川科技职业学院|天府新区航空旅游职业学院,no,
district,四川省,绵阳市,安州区,1,1,4151014045,绵阳城市学院,本科,yes,,single_candidate,该行政单元在现行口径下只有 1 个候选，无需比较,policy,resolved_policy,shanghairanking-bcur-private,shanghairanking-bcur-private,shanghairanking-bcur-private,2026,中国民办高校排名（主榜）,理工,rankOverall,2026软科民办 100+,100+,https://www.shanghairanking.cn/rankings/bcur/202615,campus,profile_campus,,,,,no,,绵阳城市学院,no,
district,四川省,绵阳市,北川羌族自治县,1,1,4151014730,绵阳飞行职业学院,专科,yes,,single_candidate,该行政单元在现行口径下只有 1 个候选，无需比较,policy,resolved_policy,shanghairanking-bcvcr-private-vocational,shanghairanking-bcvcr-private-vocational,shanghairanking-bcvcr-private-vocational,2026,民办高职专科院校排名,,ranking,2026软科民办高职专科 100+,100+,https://www.shanghairanking.cn/rankings/bcvcr/2026633,campus,profile_campus,,,,,no,,绵阳飞行职业学院,no,
district,四川省,绵阳市,涪城区,7,7,4151010619,西南科技大学,本科,no,,comparable_ranking,西南科技大学 在同榜可比名次上优于 绵阳师范学院（软科 bcur）；候选池先按层次收敛：本科层次优先于更低层次（项目层次政策）,strong,resolved_strong,shanghairanking-bcur,shanghairanking-bcur,shanghairanking-bcur,2026,中国大学排名（主榜）,,rankOverall,2026软科 205,205,https://www.shanghairanking.cn/rankings/bcur/2026,campus,profile_campus,4151010639,绵阳师范学院,本科,shanghairanking-bcur,yes,,西南科技大学|绵阳师范学院,yes,2 leading candidate(s) carry no official list ranking
district,四川省,绵阳市,江油市,1,1,4151014221,四川幼儿师范高等专科学校,专科,no,,single_candidate,该行政单元在现行口径下只有 1 个候选，无需比较,policy,resolved_policy,shanghairanking-bcvcr-public-vocational,shanghairanking-bcvcr-public-vocational,shanghairanking-bcvcr-public-vocational,2026,中国高职专科院校排名（总榜）,师范,rankOverall,2026软科高职专科总榜 330,330,https://www.shanghairanking.cn/rankings/bcvcr/2026623,campus,profile_campus,,,,,no,,四川幼儿师范高等专科学校,no,
district,四川省,绵阳市,平武县,0,0,,,,,,,,,no_candidate,,,,,,,,,,,,,,,,,no,,,no,
district,四川省,绵阳市,三台县,1,1,4151014176,四川现代职业学院,专科,yes,,single_candidate,该行政单元在现行口径下只有 1 个候选，无需比较,policy,resolved_policy,shanghairanking-bcvcr-private-vocational,shanghairanking-bcvcr-private-vocational,shanghairanking-bcvcr-private-vocational,2026,民办高职专科院校排名,,ranking,2026软科民办高职专科 66,66,https://www.shanghairanking.cn/rankings/bcvcr/2026633,campus,historical_campus,,,,,no,,四川现代职业学院,no,
district,四川省,绵阳市,盐亭县,0,0,,,,,,,,,no_candidate,,,,,,,,,,,,,,,,,no,,,no,
district,四川省,绵阳市,游仙区,4,4,4151010639,绵阳师范学院,本科,no,,public_before_private,同层次同标签下公办优先（按当前项目政策，非排名证据）；候选池先按层次收敛：本科层次优先于更低层次（项目层次政策）,policy,resolved_policy,shanghairanking-bcur,shanghairanking-bcur,shanghairanking-bcur,2026,中国大学排名（主榜）,,rankOverall,2026软科 386,386,https://www.shanghairanking.cn/rankings/bcur/2026,campus,profile_campus,,,,,no,,绵阳师范学院,yes,no comparable second place: the deciding rule set aside the other 3 candidate(s) without leaving anybody on the winner's own scale
district,四川省,绵阳市,梓潼县,1,1,4151014043,四川文化艺术学院,本科,yes,,single_candidate,该行政单元在现行口径下只有 1 个候选，无需比较,policy,resolved_policy,,,,,,,,,,,campus,profile_campus,,,,,no,,四川文化艺术学院,no,
district,四川省,南充市,高坪区,3,3,4151010634,川北医学院,本科,no,,level_order,本科层次优先于更低层次候选（项目层次政策）,policy,resolved_policy,shanghairanking-bcur,shanghairanking-bcur,shanghairanking-bcur,2026,中国医药类大学排名,医药,rankOverall,2026软科医药 37 · 主榜参考 286,286,https://www.shanghairanking.cn/rankings/bcur/202621,campus,historical_campus,,,,,no,,川北医学院,no,no comparable second place: the deciding rule set aside the other 2 candidate(s) without leaving anybody on the winner's own scale
district,四川省,南充市,嘉陵区,0,0,,,,,,,,,no_candidate,,,,,,,,,,,,,,,,,no,,,no,
district,四川省,南充市,阆中市,1,1,4151014728,南充文化旅游职业学院,专科,no,,single_candidate,该行政单元在现行口径下只有 1 个候选，无需比较,policy,resolved_policy,shanghairanking-bcvcr-public-vocational,shanghairanking-bcvcr-public-vocational,shanghairanking-bcvcr-public-vocational,2026,中国高职专科院校排名（总榜）,财经,rankOverall,2026软科高职财经 56+ · 高职专科总榜 500+,500+,https://www.shanghairanking.cn/rankings/bcvcr/2026623,campus,profile_campus,,,,,no,,南充文化旅游职业学院,no,
district,四川省,南充市,南部县,0,0,,,,,,,,,no_candidate,,,,,,,,,,,,,,,,,no,,,no,
district,四川省,南充市,蓬安县,0,0,,,,,,,,,no_candidate,,,,,,,,,,,,,,,,,no,,,no,
district,四川省,南充市,顺庆区,5,5,4151010615,西南石油大学,本科,no,双一流,prestige_tag,双一流 标签优先于无重点标签（国家官方重点建设名单）,strong,resolved_strong,shanghairanking-bcur,shanghairanking-bcur,shanghairanking-bcur,2026,中国大学排名（主榜）,,rankOverall,2026软科 119,119,https://www.shanghairanking.cn/rankings/bcur/2026,campus,profile_campus,4151010638,西华师范大学,本科,shanghairanking-bcur,yes,,西南石油大学|西华师范大学,no,
district,四川省,南充市,西充县,1,1,4151014671,南充科技职业学院,专科,yes,,single_candidate,该行政单元在现行口径下只有 1 个候选，无需比较,policy,resolved_policy,shanghairanking-bcvcr-private-vocational,shanghairanking-bcvcr-private-vocational,shanghairanking-bcvcr-private-vocational,2026,民办高职专科院校排名,,ranking,2026软科民办高职专科 100+,100+,https://www.shanghairanking.cn/rankings/bcvcr/2026633,campus,profile_campus,,,,,no,,南充科技职业学院,no,
district,四川省,南充市,仪陇县,0,0,,,,,,,,,no_candidate,,,,,,,,,,,,,,,,,no,,,no,
district,四川省,南充市,营山县,0,0,,,,,,,,,no_candidate,,,,,,,,,,,,,,,,,no,,,no,
district,四川省,内江市,东兴区,3,3,4151010640,内江师范学院,本科,no,,level_order,本科层次优先于更低层次候选（项目层次政策）,policy,resolved_policy,shanghairanking-bcur,shanghairanking-bcur,shanghairanking-bcur,2026,中国大学排名（主榜）,,rankOverall,2026软科 408,408,https://www.shanghairanking.cn/rankings/bcur/2026,campus,profile_campus,,,,,no,,内江师范学院,no,no comparable second place: the deciding rule set aside the other 2 candidate(s) without leaving anybody on the winner's own scale
district,四川省,内江市,隆昌市,1,1,4151014496,川南幼儿师范高等专科学校,专科,no,,single_candidate,该行政单元在现行口径下只有 1 个候选，无需比较,policy,resolved_policy,shanghairanking-bcvcr-public-vocational,shanghairanking-bcvcr-public-vocational,shanghairanking-bcvcr-public-vocational,2026,中国高职专科院校排名（总榜）,师范,rankOverall,2026软科高职师范 28+ · 高职专科总榜 500+,500+,https://www.shanghairanking.cn/rankings/bcvcr/2026623,campus,profile_campus,,,,,no,,川南幼儿师范高等专科学校,no,
district,四川省,内江市,市中区,0,0,,,,,,,,,no_candidate,,,,,,,,,,,,,,,,,no,,,no,
district,四川省,内江市,威远县,2,2,4151010623,西华大学,本科,no,,level_order,本科层次优先于更低层次候选（项目层次政策）,policy,resolved_policy,shanghairanking-bcur,shanghairanking-bcur,shanghairanking-bcur,2026,中国大学排名（主榜）,,rankOverall,2026软科 262,262,https://www.shanghairanking.cn/rankings/bcur/2026,campus,historical_campus,,,,,no,,西华大学,no,no comparable second place: the deciding rule set aside the other 1 candidate(s) without leaving anybody on the winner's own scale
district,四川省,内江市,资中县,0,0,,,,,,,,,no_candidate,,,,,,,,,,,,,,,,,no,,,no,
district,四川省,攀枝花市,东区,2,2,4151011360,攀枝花学院,本科,no,,level_order,本科层次优先于更低层次候选（项目层次政策）,policy,resolved_policy,shanghairanking-bcur,shanghairanking-bcur,shanghairanking-bcur,2026,中国大学排名（主榜）,,rankOverall,2026软科 394,394,https://www.shanghairanking.cn/rankings/bcur/2026,campus,profile_campus,,,,,no,,攀枝花学院,no,no comparable second place: the deciding rule set aside the other 1 candidate(s) without leaving anybody on the winner's own scale
district,四川省,攀枝花市,米易县,1,1,4151014672,攀枝花攀西职业学院,专科,yes,,single_candidate,该行政单元在现行口径下只有 1 个候选，无需比较,policy,resolved_policy,,,,,,,,,,,campus,profile_campus,,,,,no,,攀枝花攀西职业学院,no,
district,四川省,攀枝花市,仁和区,1,1,4151012751,四川机电职业技术学院,专科,no,,single_candidate,该行政单元在现行口径下只有 1 个候选，无需比较,policy,resolved_policy,shanghairanking-bcvcr-public-vocational,shanghairanking-bcvcr-public-vocational,shanghairanking-bcvcr-public-vocational,2026,中国高职专科院校排名（总榜）,理工,rankOverall,2026软科高职理工 230+ · 高职专科总榜 500+,500+,https://www.shanghairanking.cn/rankings/bcvcr/2026623,campus,profile_campus,,,,,no,,四川机电职业技术学院,no,
district,四川省,攀枝花市,西区,0,0,,,,,,,,,no_candidate,,,,,,,,,,,,,,,,,no,,,no,
district,四川省,攀枝花市,盐边县,0,0,,,,,,,,,no_candidate,,,,,,,,,,,,,,,,,no,,,no,
district,四川省,遂宁市,安居区,2,2,4151012970,四川职业技术学院,专科,no,,public_before_private,同层次同标签下公办优先（按当前项目政策，非排名证据）,policy,resolved_policy,shanghairanking-bcvcr-public-vocational,shanghairanking-bcvcr-public-vocational,shanghairanking-bcvcr-public-vocational,2026,中国高职专科院校排名（总榜）,综合,rankOverall,2026软科高职专科总榜 261,261,https://www.shanghairanking.cn/rankings/bcvcr/2026623,campus,profile_campus,,,,,no,,四川职业技术学院,yes,no comparable second place: the deciding rule set aside the other 1 candidate(s) without leaving anybody on the winner's own scale
district,四川省,遂宁市,船山区,4,4,4151010636,四川师范大学,本科,no,,level_order,本科层次优先于更低层次候选（项目层次政策）,policy,resolved_policy,shanghairanking-bcur,shanghairanking-bcur,shanghairanking-bcur,2026,中国大学排名（主榜）,,rankOverall,2026软科 209,209,https://www.shanghairanking.cn/rankings/bcur/2026,campus,profile_campus,,,,,no,,四川师范大学,no,no comparable second place: the deciding rule set aside the other 3 candidate(s) without leaving anybody on the winner's own scale
district,四川省,遂宁市,大英县,1,1,4151014486,四川文轩职业学院,专科,yes,,single_candidate,该行政单元在现行口径下只有 1 个候选，无需比较,policy,resolved_policy,shanghairanking-bcvcr-private-vocational,shanghairanking-bcvcr-private-vocational,shanghairanking-bcvcr-private-vocational,2026,民办高职专科院校排名,,ranking,2026软科民办高职专科 79,79,https://www.shanghairanking.cn/rankings/bcvcr/2026633,campus,profile_campus,,,,,no,,四川文轩职业学院,no,
district,四川省,遂宁市,蓬溪县,0,0,,,,,,,,,no_candidate,,,,,,,,,,,,,,,,,no,,,no,
district,四川省,遂宁市,射洪市,0,0,,,,,,,,,no_candidate,,,,,,,,,,,,,,,,,no,,,no,
district,四川省,雅安市,宝兴县,0,0,,,,,,,,,no_candidate,,,,,,,,,,,,,,,,,no,,,no,
district,四川省,雅安市,汉源县,0,0,,,,,,,,,no_candidate,,,,,,,,,,,,,,,,,no,,,no,
district,四川省,雅安市,芦山县,0,0,,,,,,,,,no_candidate,,,,,,,,,,,,,,,,,no,,,no,
district,四川省,雅安市,名山区,1,1,4151013049,雅安职业技术学院,专科,no,,single_candidate,该行政单元在现行口径下只有 1 个候选，无需比较,policy,resolved_policy,shanghairanking-bcvcr-public-vocational,shanghairanking-bcvcr-public-vocational,shanghairanking-bcvcr-public-vocational,2026,中国高职专科院校排名（总榜）,综合,rankOverall,2026软科高职专科总榜 279,279,https://www.shanghairanking.cn/rankings/bcvcr/2026623,campus,historical_campus,,,,,no,,雅安职业技术学院,no,
district,四川省,雅安市,石棉县,0,0,,,,,,,,,no_candidate,,,,,,,,,,,,,,,,,no,,,no,
district,四川省,雅安市,天全县,0,0,,,,,,,,,no_candidate,,,,,,,,,,,,,,,,,no,,,no,
district,四川省,雅安市,荥经县,0,0,,,,,,,,,no_candidate,,,,,,,,,,,,,,,,,no,,,no,
district,四川省,雅安市,雨城区,2,2,4151010626,四川农业大学,本科,no,211|双一流,level_order,本科层次优先于更低层次候选（项目层次政策）,policy,resolved_policy,shanghairanking-bcur,shanghairanking-bcur,shanghairanking-bcur,2026,中国大学排名（主榜）,,rankOverall,2026软科 134,134,https://www.shanghairanking.cn/rankings/bcur/2026,campus,profile_campus,,,,,no,,四川农业大学,no,no comparable second place: the deciding rule set aside the other 1 candidate(s) without leaving anybody on the winner's own scale
district,四川省,宜宾市,翠屏区,6,6,4151010616,成都理工大学,本科,no,双一流,prestige_tag,双一流 标签优先于无重点标签（国家官方重点建设名单）,strong,resolved_strong,shanghairanking-bcur,shanghairanking-bcur,shanghairanking-bcur,2026,中国大学排名（主榜）,,rankOverall,2026软科 127,127,https://www.shanghairanking.cn/rankings/bcur/2026,campus,profile_campus,4151010622,四川轻化工大学,本科,shanghairanking-bcur,yes,,成都理工大学|四川轻化工大学,no,
district,四川省,宜宾市,高县,0,0,,,,,,,,,no_candidate,,,,,,,,,,,,,,,,,no,,,no,
district,四川省,宜宾市,珙县,0,0,,,,,,,,,no_candidate,,,,,,,,,,,,,,,,,no,,,no,
district,四川省,宜宾市,江安县,0,0,,,,,,,,,no_candidate,,,,,,,,,,,,,,,,,no,,,no,
district,四川省,宜宾市,南溪区,4,4,4151013670,成都银杏酒店管理学院,本科,yes,,level_order,本科层次优先于更低层次候选（项目层次政策）,policy,resolved_policy,shanghairanking-bcur-private,shanghairanking-bcur-private,shanghairanking-bcur-private,2026,中国民办财经类高校排名,财经,rankOverall,2026软科民办 27+,100+,https://www.shanghairanking.cn/rankings/bcur/202616,campus,profile_campus,,,,,no,,成都银杏酒店管理学院,no,no comparable second place: the deciding rule set aside the other 3 candidate(s) without leaving anybody on the winner's own scale
district,四川省,宜宾市,屏山县,0,0,,,,,,,,,no_candidate,,,,,,,,,,,,,,,,,no,,,no,
district,四川省,宜宾市,兴文县,0,0,,,,,,,,,no_candidate,,,,,,,,,,,,,,,,,no,,,no,
district,四川省,宜宾市,叙州区,0,0,,,,,,,,,no_candidate,,,,,,,,,,,,,,,,,no,,,no,
district,四川省,宜宾市,筠连县,0,0,,,,,,,,,no_candidate,,,,,,,,,,,,,,,,,no,,,no,
district,四川省,宜宾市,长宁县,0,0,,,,,,,,,no_candidate,,,,,,,,,,,,,,,,,no,,,no,
district,四川省,资阳市,安岳县,0,0,,,,,,,,,no_candidate,,,,,,,,,,,,,,,,,no,,,no,
district,四川省,资阳市,乐至县,0,0,,,,,,,,,no_candidate,,,,,,,,,,,,,,,,,no,,,no,
district,四川省,资阳市,雁江区,5,5,4151014985,成都美术学院,本科,no,,deterministic_fallback_policy,成都美术学院 由项目稳定兜底规则选出：在层次、重点标签、公办/民办与可比榜单仍无法唯一分开时，按榜单体系优先级、区间下界与稳定名称顺序决定展示 winner；该结论不是发布方跨榜排名；候选池先按层次收敛：本科层次优先于更低层次（项目层次政策）,policy,resolved_policy,,,,,,,,,,,campus,verified_campus,,,,,no,,成都美术学院,yes,1 leading candidate(s) carry no official list ranking; no comparable second place: the deciding rule set aside the other 4 candidate(s) without leaving anybody on the winner's own scale
district,四川省,自贡市,大安区,2,2,4151010622,四川轻化工大学,本科,no,,level_order,本科层次优先于更低层次候选（项目层次政策）,policy,resolved_policy,shanghairanking-bcur,shanghairanking-bcur,shanghairanking-bcur,2026,中国大学排名（主榜）,,rankOverall,2026软科 326,326,https://www.shanghairanking.cn/rankings/bcur/2026,campus,profile_campus,,,,,no,,四川轻化工大学,no,no comparable second place: the deciding rule set aside the other 1 candidate(s) without leaving anybody on the winner's own scale
district,四川省,自贡市,富顺县,0,0,,,,,,,,,no_candidate,,,,,,,,,,,,,,,,,no,,,no,
district,四川省,自贡市,贡井区,0,0,,,,,,,,,no_candidate,,,,,,,,,,,,,,,,,no,,,no,
district,四川省,自贡市,荣县,0,0,,,,,,,,,no_candidate,,,,,,,,,,,,,,,,,no,,,no,
district,四川省,自贡市,沿滩区,2,2,4151010622,四川轻化工大学,本科,no,,level_order,本科层次优先于更低层次候选（项目层次政策）,policy,resolved_policy,shanghairanking-bcur,shanghairanking-bcur,shanghairanking-bcur,2026,中国大学排名（主榜）,,rankOverall,2026软科 326,326,https://www.shanghairanking.cn/rankings/bcur/2026,campus,profile_campus,,,,,no,,四川轻化工大学,no,no comparable second place: the deciding rule set aside the other 1 candidate(s) without leaving anybody on the winner's own scale
district,四川省,自贡市,自流井区,1,1,4151010622,四川轻化工大学,本科,no,,single_candidate,该行政单元在现行口径下只有 1 个候选，无需比较,policy,resolved_policy,shanghairanking-bcur,shanghairanking-bcur,shanghairanking-bcur,2026,中国大学排名（主榜）,,rankOverall,2026软科 326,326,https://www.shanghairanking.cn/rankings/bcur/2026,campus,profile_campus,,,,,no,,四川轻化工大学,no,
district,天津市,天津市,宝坻区,2,2,4112013898,北京科技大学天津学院,本科,yes,,deterministic_fallback_policy,北京科技大学天津学院 由项目稳定兜底规则选出：在层次、重点标签、公办/民办与可比榜单仍无法唯一分开时，按榜单体系优先级、区间下界与稳定名称顺序决定展示 winner；该结论不是发布方跨榜排名,policy,resolved_policy,,,,,,,,,,,campus,profile_campus,,,,,no,,北京科技大学天津学院,yes,1 leading candidate(s) carry no official list ranking; no comparable second place: the deciding rule set aside the other 1 candidate(s) without leaving anybody on the winner's own scale
district,天津市,天津市,北辰区,6,6,4113010080,河北工业大学,本科,no,211|双一流,prestige_tag,211 标签优先于无重点标签（国家官方重点建设名单）,strong,resolved_strong,shanghairanking-bcur,shanghairanking-bcur,shanghairanking-bcur,2026,中国大学排名（主榜）,,rankOverall,2026软科 107,107,https://www.shanghairanking.cn/rankings/bcur/2026,campus,profile_campus,4112010069,天津商业大学,本科,shanghairanking-bcur,yes,,河北工业大学|天津商业大学,no,
district,天津市,天津市,滨海新区,10,10,4112010057,天津科技大学,本科,no,,comparable_ranking,天津科技大学 在同榜可比名次上优于 天津外国语大学（软科 bcur）；候选池先按层次收敛：本科层次优先于更低层次（项目层次政策）,strong,resolved_strong,shanghairanking-bcur,shanghairanking-bcur,shanghairanking-bcur,2026,中国大学排名（主榜）,,rankOverall,2026软科 158,158,https://www.shanghairanking.cn/rankings/bcur/2026,campus,profile_campus,4112010068,天津外国语大学,本科,shanghairanking-bcur,yes,,天津科技大学|天津外国语大学,yes,3 leading candidate(s) carry no official list ranking
district,天津市,天津市,东丽区,2,2,4112010059,中国民航大学,本科,no,,level_order,本科层次优先于更低层次候选（项目层次政策）,policy,resolved_policy,shanghairanking-bcur,shanghairanking-bcur,shanghairanking-bcur,2026,中国大学排名（主榜）,,rankOverall,2026软科 226,226,https://www.shanghairanking.cn/rankings/bcur/2026,campus,profile_campus,,,,,no,,中国民航大学,no,no comparable second place: the deciding rule set aside the other 1 candidate(s) without leaving anybody on the winner's own scale
district,天津市,天津市,和平区,1,1,4112010062,天津医科大学,本科,no,211|双一流,single_candidate,该行政单元在现行口径下只有 1 个候选，无需比较,policy,resolved_policy,shanghairanking-bcur,shanghairanking-bcur,shanghairanking-bcur,2026,中国医药类大学排名,医药,rankOverall,2026软科医药 5 · 主榜参考 60,60,https://www.shanghairanking.cn/rankings/bcur/202621,campus,profile_campus,,,,,no,,天津医科大学,no,
district,天津市,天津市,河北区,5,5,4112010073,天津美术学院,本科,no,,level_order,本科层次优先于更低层次候选（项目层次政策）,policy,resolved_policy,,,,,,,,,,,campus,profile_campus,,,,,no,,天津美术学院,no,no comparable second place: the deciding rule set aside the other 4 candidate(s) without leaving anybody on the winner's own scale
district,天津市,天津市,河东区,5,5,4112010072,天津音乐学院,本科,no,,level_order,本科层次优先于更低层次候选（项目层次政策）,policy,resolved_policy,,,,,,,,,,,campus,profile_campus,,,,,no,,天津音乐学院,no,no comparable second place: the deciding rule set aside the other 4 candidate(s) without leaving anybody on the winner's own scale
district,天津市,天津市,河西区,11,11,4112010055,南开大学,本科,no,985|211|双一流,prestige_tag,985 标签优先于211（国家官方重点建设名单）,strong,resolved_strong,shanghairanking-bcur,shanghairanking-bcur,shanghairanking-bcur,2026,中国大学排名（主榜）,,rankOverall,2026软科 21,21,https://www.shanghairanking.cn/rankings/bcur/2026,campus,historical_campus,4112010062,天津医科大学,本科,shanghairanking-bcur,yes,,南开大学|天津医科大学,no,
district,天津市,天津市,红桥区,2,2,4113010080,河北工业大学,本科,no,211|双一流,prestige_tag,211 标签优先于无重点标签（国家官方重点建设名单）,strong,resolved_strong,shanghairanking-bcur,shanghairanking-bcur,shanghairanking-bcur,2026,中国大学排名（主榜）,,rankOverall,2026软科 107,107,https://www.shanghairanking.cn/rankings/bcur/2026,campus,profile_campus,4112010069,天津商业大学,本科,shanghairanking-bcur,yes,,河北工业大学|天津商业大学,no,
district,天津市,天津市,蓟州区,2,2,4112010061,天津农学院,本科,no,,public_before_private,同层次同标签下公办优先（按当前项目政策，非排名证据）,policy,resolved_policy,shanghairanking-bcur,shanghairanking-bcur,shanghairanking-bcur,2026,中国大学排名（主榜）,,rankOverall,2026软科 353,353,https://www.shanghairanking.cn/rankings/bcur/2026,campus,profile_campus,,,,,no,,天津农学院,yes,no comparable second place: the deciding rule set aside the other 1 candidate(s) without leaving anybody on the winner's own scale
district,天津市,天津市,津南区,12,12,4112010056,天津大学,本科,no,985|211|双一流,comparable_ranking,天津大学 在同榜可比名次上优于 南开大学（软科 bcur）；候选池先按国家标签收敛：985,strong,resolved_strong,shanghairanking-bcur,shanghairanking-bcur,shanghairanking-bcur,2026,中国大学排名（主榜）,,rankOverall,2026软科 20,20,https://www.shanghairanking.cn/rankings/bcur/2026,campus,profile_campus,4112010055,南开大学,本科,shanghairanking-bcur,yes,,天津大学|南开大学,no,
district,天津市,天津市,静海区,6,6,4112010062,天津医科大学,本科,no,211|双一流,prestige_tag,211 标签优先于双一流（国家官方重点建设名单）,strong,resolved_strong,shanghairanking-bcur,shanghairanking-bcur,shanghairanking-bcur,2026,中国医药类大学排名,医药,rankOverall,2026软科医药 5 · 主榜参考 60,60,https://www.shanghairanking.cn/rankings/bcur/202621,campus,historical_campus,4112010063,天津中医药大学,本科,shanghairanking-bcur,yes,,天津医科大学|天津中医药大学,no,
district,天津市,天津市,南开区,6,6,4112010056,天津大学,本科,no,985|211|双一流,comparable_ranking,天津大学 在同榜可比名次上优于 南开大学（软科 bcur）；候选池先按国家标签收敛：985,strong,resolved_strong,shanghairanking-bcur,shanghairanking-bcur,shanghairanking-bcur,2026,中国大学排名（主榜）,,rankOverall,2026软科 20,20,https://www.shanghairanking.cn/rankings/bcur/2026,campus,profile_campus,4112010055,南开大学,本科,shanghairanking-bcur,yes,,天津大学|南开大学,no,
district,天津市,天津市,宁河区,1,1,4112010059,中国民航大学,本科,no,,single_candidate,该行政单元在现行口径下只有 1 个候选，无需比较,policy,resolved_policy,shanghairanking-bcur,shanghairanking-bcur,shanghairanking-bcur,2026,中国大学排名（主榜）,,rankOverall,2026软科 226,226,https://www.shanghairanking.cn/rankings/bcur/2026,campus,profile_campus,,,,,no,,中国民航大学,no,
district,天津市,天津市,武清区,3,3,4112010062,天津医科大学,本科,no,211|双一流,prestige_tag,211 标签优先于无重点标签（国家官方重点建设名单）,strong,resolved_strong,shanghairanking-bcur,shanghairanking-bcur,shanghairanking-bcur,2026,中国医药类大学排名,医药,rankOverall,2026软科医药 5 · 主榜参考 60,60,https://www.shanghairanking.cn/rankings/bcur/202621,campus,historical_campus,,,,,no,,天津医科大学,no,no comparable second place: the deciding rule set aside the other 2 candidate(s) without leaving anybody on the winner's own scale
district,天津市,天津市,西青区,13,13,4112010058,天津工业大学,本科,no,双一流,prestige_tag,双一流 标签优先于无重点标签（国家官方重点建设名单）,strong,resolved_strong,shanghairanking-bcur,shanghairanking-bcur,shanghairanking-bcur,2026,中国大学排名（主榜）,,rankOverall,2026软科 133,133,https://www.shanghairanking.cn/rankings/bcur/2026,campus,profile_campus,4112010065,天津师范大学,本科,shanghairanking-bcur,yes,,天津工业大学|天津师范大学,no,
district,西藏自治区,阿里地区,措勤县,0,0,,,,,,,,,no_candidate,,,,,,,,,,,,,,,,,no,,,no,
district,西藏自治区,阿里地区,噶尔县,0,0,,,,,,,,,no_candidate,,,,,,,,,,,,,,,,,no,,,no,
district,西藏自治区,阿里地区,改则县,0,0,,,,,,,,,no_candidate,,,,,,,,,,,,,,,,,no,,,no,
district,西藏自治区,阿里地区,革吉县,0,0,,,,,,,,,no_candidate,,,,,,,,,,,,,,,,,no,,,no,
district,西藏自治区,阿里地区,普兰县,0,0,,,,,,,,,no_candidate,,,,,,,,,,,,,,,,,no,,,no,
district,西藏自治区,阿里地区,日土县,0,0,,,,,,,,,no_candidate,,,,,,,,,,,,,,,,,no,,,no,
district,西藏自治区,阿里地区,札达县,0,0,,,,,,,,,no_candidate,,,,,,,,,,,,,,,,,no,,,no,
district,西藏自治区,昌都市,八宿县,0,0,,,,,,,,,no_candidate,,,,,,,,,,,,,,,,,no,,,no,
district,西藏自治区,昌都市,边坝县,0,0,,,,,,,,,no_candidate,,,,,,,,,,,,,,,,,no,,,no,
district,西藏自治区,昌都市,察雅县,0,0,,,,,,,,,no_candidate,,,,,,,,,,,,,,,,,no,,,no,
district,西藏自治区,昌都市,丁青县,0,0,,,,,,,,,no_candidate,,,,,,,,,,,,,,,,,no,,,no,
district,西藏自治区,昌都市,贡觉县,0,0,,,,,,,,,no_candidate,,,,,,,,,,,,,,,,,no,,,no,
district,西藏自治区,昌都市,江达县,0,0,,,,,,,,,no_candidate,,,,,,,,,,,,,,,,,no,,,no,
district,西藏自治区,昌都市,卡若区,0,0,,,,,,,,,no_candidate,,,,,,,,,,,,,,,,,no,,,no,
district,西藏自治区,昌都市,类乌齐县,0,0,,,,,,,,,no_candidate,,,,,,,,,,,,,,,,,no,,,no,
district,西藏自治区,昌都市,洛隆县,0,0,,,,,,,,,no_candidate,,,,,,,,,,,,,,,,,no,,,no,
district,西藏自治区,昌都市,芒康县,0,0,,,,,,,,,no_candidate,,,,,,,,,,,,,,,,,no,,,no,
district,西藏自治区,昌都市,左贡县,0,0,,,,,,,,,no_candidate,,,,,,,,,,,,,,,,,no,,,no,
district,西藏自治区,拉萨市,城关区,5,5,4154010694,西藏大学,本科,no,211|双一流,prestige_tag,211 标签优先于无重点标签（国家官方重点建设名单）,strong,resolved_strong,shanghairanking-bcur,shanghairanking-bcur,shanghairanking-bcur,2026,中国大学排名（主榜）,,rankOverall,2026软科 201,201,https://www.shanghairanking.cn/rankings/bcur/2026,campus,profile_campus,4154010696,西藏藏医药大学,本科,shanghairanking-bcur,yes,,西藏大学|西藏藏医药大学,no,
district,西藏自治区,拉萨市,达孜区,0,0,,,,,,,,,no_candidate,,,,,,,,,,,,,,,,,no,,,no,
district,西藏自治区,拉萨市,当雄县,0,0,,,,,,,,,no_candidate,,,,,,,,,,,,,,,,,no,,,no,
district,西藏自治区,拉萨市,堆龙德庆区,0,0,,,,,,,,,no_candidate,,,,,,,,,,,,,,,,,no,,,no,
district,西藏自治区,拉萨市,林周县,0,0,,,,,,,,,no_candidate,,,,,,,,,,,,,,,,,no,,,no,
district,西藏自治区,拉萨市,墨竹工卡县,0,0,,,,,,,,,no_candidate,,,,,,,,,,,,,,,,,no,,,no,
district,西藏自治区,拉萨市,尼木县,0,0,,,,,,,,,no_candidate,,,,,,,,,,,,,,,,,no,,,no,
district,西藏自治区,拉萨市,曲水县,0,0,,,,,,,,,no_candidate,,,,,,,,,,,,,,,,,no,,,no,
district,西藏自治区,林芝市,巴宜区,2,2,4154010694,西藏大学,本科,no,211|双一流,prestige_tag,211 标签优先于无重点标签（国家官方重点建设名单）,strong,resolved_strong,shanghairanking-bcur,shanghairanking-bcur,shanghairanking-bcur,2026,中国大学排名（主榜）,,rankOverall,2026软科 201,201,https://www.shanghairanking.cn/rankings/bcur/2026,campus,historical_campus,4154010693,西藏农牧大学,本科,shanghairanking-bcur,yes,,西藏大学|西藏农牧大学,no,
district,西藏自治区,林芝市,波密县,0,0,,,,,,,,,no_candidate,,,,,,,,,,,,,,,,,no,,,no,
district,西藏自治区,林芝市,察隅县,0,0,,,,,,,,,no_candidate,,,,,,,,,,,,,,,,,no,,,no,
district,西藏自治区,林芝市,工布江达县,0,0,,,,,,,,,no_candidate,,,,,,,,,,,,,,,,,no,,,no,
district,西藏自治区,林芝市,朗县,0,0,,,,,,,,,no_candidate,,,,,,,,,,,,,,,,,no,,,no,
district,西藏自治区,林芝市,米林县,0,0,,,,,,,,,no_candidate,,,,,,,,,,,,,,,,,no,,,no,
district,西藏自治区,林芝市,墨脱县,0,0,,,,,,,,,no_candidate,,,,,,,,,,,,,,,,,no,,,no,
district,西藏自治区,那曲市,安多县,0,0,,,,,,,,,no_candidate,,,,,,,,,,,,,,,,,no,,,no,
district,西藏自治区,那曲市,巴青县,0,0,,,,,,,,,no_candidate,,,,,,,,,,,,,,,,,no,,,no,
district,西藏自治区,那曲市,班戈县,0,0,,,,,,,,,no_candidate,,,,,,,,,,,,,,,,,no,,,no,
district,西藏自治区,那曲市,比如县,0,0,,,,,,,,,no_candidate,,,,,,,,,,,,,,,,,no,,,no,
district,西藏自治区,那曲市,嘉黎县,0,0,,,,,,,,,no_candidate,,,,,,,,,,,,,,,,,no,,,no,
district,西藏自治区,那曲市,尼玛县,0,0,,,,,,,,,no_candidate,,,,,,,,,,,,,,,,,no,,,no,
district,西藏自治区,那曲市,聂荣县,0,0,,,,,,,,,no_candidate,,,,,,,,,,,,,,,,,no,,,no,
district,西藏自治区,那曲市,色尼区,0,0,,,,,,,,,no_candidate,,,,,,,,,,,,,,,,,no,,,no,
district,西藏自治区,那曲市,申扎县,0,0,,,,,,,,,no_candidate,,,,,,,,,,,,,,,,,no,,,no,
district,西藏自治区,那曲市,双湖县,0,0,,,,,,,,,no_candidate,,,,,,,,,,,,,,,,,no,,,no,
district,西藏自治区,那曲市,索县,0,0,,,,,,,,,no_candidate,,,,,,,,,,,,,,,,,no,,,no,
district,西藏自治区,日喀则市,昂仁县,0,0,,,,,,,,,no_candidate,,,,,,,,,,,,,,,,,no,,,no,
district,西藏自治区,日喀则市,白朗县,0,0,,,,,,,,,no_candidate,,,,,,,,,,,,,,,,,no,,,no,
district,西藏自治区,日喀则市,定结县,0,0,,,,,,,,,no_candidate,,,,,,,,,,,,,,,,,no,,,no,
district,西藏自治区,日喀则市,定日县,0,0,,,,,,,,,no_candidate,,,,,,,,,,,,,,,,,no,,,no,
district,西藏自治区,日喀则市,岗巴县,0,0,,,,,,,,,no_candidate,,,,,,,,,,,,,,,,,no,,,no,
district,西藏自治区,日喀则市,吉隆县,0,0,,,,,,,,,no_candidate,,,,,,,,,,,,,,,,,no,,,no,
district,西藏自治区,日喀则市,江孜县,0,0,,,,,,,,,no_candidate,,,,,,,,,,,,,,,,,no,,,no,
district,西藏自治区,日喀则市,康马县,0,0,,,,,,,,,no_candidate,,,,,,,,,,,,,,,,,no,,,no,
district,西藏自治区,日喀则市,拉孜县,0,0,,,,,,,,,no_candidate,,,,,,,,,,,,,,,,,no,,,no,
district,西藏自治区,日喀则市,南木林县,0,0,,,,,,,,,no_candidate,,,,,,,,,,,,,,,,,no,,,no,
district,西藏自治区,日喀则市,聂拉木县,0,0,,,,,,,,,no_candidate,,,,,,,,,,,,,,,,,no,,,no,
district,西藏自治区,日喀则市,仁布县,0,0,,,,,,,,,no_candidate,,,,,,,,,,,,,,,,,no,,,no,
district,西藏自治区,日喀则市,萨嘎县,0,0,,,,,,,,,no_candidate,,,,,,,,,,,,,,,,,no,,,no,
district,西藏自治区,日喀则市,萨迦县,0,0,,,,,,,,,no_candidate,,,,,,,,,,,,,,,,,no,,,no,
district,西藏自治区,日喀则市,桑珠孜区,1,1,4154014940,日喀则职业技术学院,专科,no,,single_candidate,该行政单元在现行口径下只有 1 个候选，无需比较,policy,resolved_policy,,,,,,,,,,,campus,corroborated_campus,,,,,no,,日喀则职业技术学院,no,
district,西藏自治区,日喀则市,谢通门县,0,0,,,,,,,,,no_candidate,,,,,,,,,,,,,,,,,no,,,no,
district,西藏自治区,日喀则市,亚东县,0,0,,,,,,,,,no_candidate,,,,,,,,,,,,,,,,,no,,,no,
district,西藏自治区,日喀则市,仲巴县,0,0,,,,,,,,,no_candidate,,,,,,,,,,,,,,,,,no,,,no,
district,西藏自治区,山南市,措美县,0,0,,,,,,,,,no_candidate,,,,,,,,,,,,,,,,,no,,,no,
district,西藏自治区,山南市,错那县,0,0,,,,,,,,,no_candidate,,,,,,,,,,,,,,,,,no,,,no,
district,西藏自治区,山南市,贡嘎县,0,0,,,,,,,,,no_candidate,,,,,,,,,,,,,,,,,no,,,no,
district,西藏自治区,山南市,加查县,0,0,,,,,,,,,no_candidate,,,,,,,,,,,,,,,,,no,,,no,
district,西藏自治区,山南市,浪卡子县,0,0,,,,,,,,,no_candidate,,,,,,,,,,,,,,,,,no,,,no,
district,西藏自治区,山南市,隆子县,0,0,,,,,,,,,no_candidate,,,,,,,,,,,,,,,,,no,,,no,
district,西藏自治区,山南市,洛扎县,0,0,,,,,,,,,no_candidate,,,,,,,,,,,,,,,,,no,,,no,
district,西藏自治区,山南市,乃东区,0,0,,,,,,,,,no_candidate,,,,,,,,,,,,,,,,,no,,,no,
district,西藏自治区,山南市,琼结县,0,0,,,,,,,,,no_candidate,,,,,,,,,,,,,,,,,no,,,no,
district,西藏自治区,山南市,曲松县,0,0,,,,,,,,,no_candidate,,,,,,,,,,,,,,,,,no,,,no,
district,西藏自治区,山南市,桑日县,0,0,,,,,,,,,no_candidate,,,,,,,,,,,,,,,,,no,,,no,
district,西藏自治区,山南市,扎囊县,0,0,,,,,,,,,no_candidate,,,,,,,,,,,,,,,,,no,,,no,
district,香港特别行政区,香港特别行政区,北区,0,0,,,,,,,,,no_candidate,,,,,,,,,,,,,,,,,no,,,no,
district,香港特别行政区,香港特别行政区,大埔区,0,0,,,,,,,,,no_candidate,,,,,,,,,,,,,,,,,no,,,no,
district,香港特别行政区,香港特别行政区,东区,0,0,,,,,,,,,no_candidate,,,,,,,,,,,,,,,,,no,,,no,
district,香港特别行政区,香港特别行政区,观塘区,0,0,,,,,,,,,no_candidate,,,,,,,,,,,,,,,,,no,,,no,
district,香港特别行政区,香港特别行政区,黄大仙区,0,0,,,,,,,,,no_candidate,,,,,,,,,,,,,,,,,no,,,no,
district,香港特别行政区,香港特别行政区,九龙城区,0,0,,,,,,,,,no_candidate,,,,,,,,,,,,,,,,,no,,,no,
district,香港特别行政区,香港特别行政区,葵青区,0,0,,,,,,,,,no_candidate,,,,,,,,,,,,,,,,,no,,,no,
district,香港特别行政区,香港特别行政区,离岛区,0,0,,,,,,,,,no_candidate,,,,,,,,,,,,,,,,,no,,,no,
district,香港特别行政区,香港特别行政区,南区,0,0,,,,,,,,,no_candidate,,,,,,,,,,,,,,,,,no,,,no,
district,香港特别行政区,香港特别行政区,荃湾区,0,0,,,,,,,,,no_candidate,,,,,,,,,,,,,,,,,no,,,no,
district,香港特别行政区,香港特别行政区,沙田区,0,0,,,,,,,,,no_candidate,,,,,,,,,,,,,,,,,no,,,no,
district,香港特别行政区,香港特别行政区,深水埗区,0,0,,,,,,,,,no_candidate,,,,,,,,,,,,,,,,,no,,,no,
district,香港特别行政区,香港特别行政区,屯门区,0,0,,,,,,,,,no_candidate,,,,,,,,,,,,,,,,,no,,,no,
district,香港特别行政区,香港特别行政区,湾仔区,0,0,,,,,,,,,no_candidate,,,,,,,,,,,,,,,,,no,,,no,
district,香港特别行政区,香港特别行政区,西贡区,0,0,,,,,,,,,no_candidate,,,,,,,,,,,,,,,,,no,,,no,
district,香港特别行政区,香港特别行政区,油尖旺区,0,0,,,,,,,,,no_candidate,,,,,,,,,,,,,,,,,no,,,no,
district,香港特别行政区,香港特别行政区,元朗区,0,0,,,,,,,,,no_candidate,,,,,,,,,,,,,,,,,no,,,no,
district,香港特别行政区,香港特别行政区,中西区,0,0,,,,,,,,,no_candidate,,,,,,,,,,,,,,,,,no,,,no,
district,新疆维吾尔自治区,阿克苏地区,阿克苏市,1,1,4165013558,新疆理工学院,本科,no,,single_candidate,该行政单元在现行口径下只有 1 个候选，无需比较,policy,resolved_policy,shanghairanking-bcur,shanghairanking-bcur,shanghairanking-bcur,2026,中国大学排名（主榜）,,rankOverall,2026软科 500+,500+,https://www.shanghairanking.cn/rankings/bcur/2026,campus,profile_campus,,,,,no,,新疆理工学院,no,
district,新疆维吾尔自治区,阿克苏地区,阿瓦提县,0,0,,,,,,,,,no_candidate,,,,,,,,,,,,,,,,,no,,,no,
district,新疆维吾尔自治区,阿克苏地区,拜城县,0,0,,,,,,,,,no_candidate,,,,,,,,,,,,,,,,,no,,,no,
district,新疆维吾尔自治区,阿克苏地区,柯坪县,0,0,,,,,,,,,no_candidate,,,,,,,,,,,,,,,,,no,,,no,
district,新疆维吾尔自治区,阿克苏地区,库车市,1,1,4165014806,阿克苏工业职业技术学院,专科,no,,single_candidate,该行政单元在现行口径下只有 1 个候选，无需比较,policy,resolved_policy,,,,,,,,,,,campus,profile_campus,,,,,no,,阿克苏工业职业技术学院,no,
district,新疆维吾尔自治区,阿克苏地区,沙雅县,0,0,,,,,,,,,no_candidate,,,,,,,,,,,,,,,,,no,,,no,
district,新疆维吾尔自治区,阿克苏地区,温宿县,2,2,4165013558,新疆理工学院,本科,no,,level_order,本科层次优先于更低层次候选（项目层次政策）,policy,resolved_policy,shanghairanking-bcur,shanghairanking-bcur,shanghairanking-bcur,2026,中国大学排名（主榜）,,rankOverall,2026软科 500+,500+,https://www.shanghairanking.cn/rankings/bcur/2026,campus,historical_campus,,,,,no,,新疆理工学院,no,no comparable second place: the deciding rule set aside the other 1 candidate(s) without leaving anybody on the winner's own scale
district,新疆维吾尔自治区,阿克苏地区,乌什县,0,0,,,,,,,,,no_candidate,,,,,,,,,,,,,,,,,no,,,no,
district,新疆维吾尔自治区,阿克苏地区,新和县,0,0,,,,,,,,,no_candidate,,,,,,,,,,,,,,,,,no,,,no,
district,新疆维吾尔自治区,阿勒泰地区,阿勒泰市,2,2,4165010766,新疆财经大学,本科,no,,level_order,本科层次优先于更低层次候选（项目层次政策）,policy,resolved_policy,shanghairanking-bcur,shanghairanking-bcur,shanghairanking-bcur,2026,中国财经类大学排名,财经,rankOverall,2026软科财经 37 · 主榜参考 336,336,https://www.shanghairanking.cn/rankings/bcur/202622,campus,profile_campus,,,,,no,,新疆财经大学,no,no comparable second place: the deciding rule set aside the other 1 candidate(s) without leaving anybody on the winner's own scale
district,新疆维吾尔自治区,阿勒泰地区,布尔津县,0,0,,,,,,,,,no_candidate,,,,,,,,,,,,,,,,,no,,,no,
district,新疆维吾尔自治区,阿勒泰地区,福海县,0,0,,,,,,,,,no_candidate,,,,,,,,,,,,,,,,,no,,,no,
district,新疆维吾尔自治区,阿勒泰地区,富蕴县,0,0,,,,,,,,,no_candidate,,,,,,,,,,,,,,,,,no,,,no,
district,新疆维吾尔自治区,阿勒泰地区,哈巴河县,0,0,,,,,,,,,no_candidate,,,,,,,,,,,,,,,,,no,,,no,
district,新疆维吾尔自治区,阿勒泰地区,吉木乃县,0,0,,,,,,,,,no_candidate,,,,,,,,,,,,,,,,,no,,,no,
district,新疆维吾尔自治区,阿勒泰地区,青河县,0,0,,,,,,,,,no_candidate,,,,,,,,,,,,,,,,,no,,,no,
district,新疆维吾尔自治区,巴音郭楞蒙古自治州,博湖县,0,0,,,,,,,,,no_candidate,,,,,,,,,,,,,,,,,no,,,no,
district,新疆维吾尔自治区,巴音郭楞蒙古自治州,和静县,0,0,,,,,,,,,no_candidate,,,,,,,,,,,,,,,,,no,,,no,
district,新疆维吾尔自治区,巴音郭楞蒙古自治州,和硕县,0,0,,,,,,,,,no_candidate,,,,,,,,,,,,,,,,,no,,,no,
district,新疆维吾尔自治区,巴音郭楞蒙古自治州,库尔勒市,3,3,4165013561,新疆科技学院,本科,no,,level_order,本科层次优先于更低层次候选（项目层次政策）,policy,resolved_policy,shanghairanking-bcur,shanghairanking-bcur,shanghairanking-bcur,2026,中国财经类大学排名,财经,rankOverall,2026软科财经 46+ · 主榜参考 500+,500+,https://www.shanghairanking.cn/rankings/bcur/202622,campus,profile_campus,,,,,no,,新疆科技学院,no,no comparable second place: the deciding rule set aside the other 2 candidate(s) without leaving anybody on the winner's own scale
district,新疆维吾尔自治区,巴音郭楞蒙古自治州,轮台县,0,0,,,,,,,,,no_candidate,,,,,,,,,,,,,,,,,no,,,no,
district,新疆维吾尔自治区,巴音郭楞蒙古自治州,且末县,0,0,,,,,,,,,no_candidate,,,,,,,,,,,,,,,,,no,,,no,
district,新疆维吾尔自治区,巴音郭楞蒙古自治州,若羌县,1,1,4165013094,巴音郭楞职业技术学院,专科,no,,single_candidate,该行政单元在现行口径下只有 1 个候选，无需比较,policy,resolved_policy,shanghairanking-bcvcr-public-vocational,shanghairanking-bcvcr-public-vocational,shanghairanking-bcvcr-public-vocational,2026,中国高职专科院校排名（总榜）,理工,rankOverall,2026软科高职理工 230+ · 高职专科总榜 500+,500+,https://www.shanghairanking.cn/rankings/bcvcr/2026623,campus,profile_campus,,,,,no,,巴音郭楞职业技术学院,no,
district,新疆维吾尔自治区,巴音郭楞蒙古自治州,尉犁县,0,0,,,,,,,,,no_candidate,,,,,,,,,,,,,,,,,no,,,no,
district,新疆维吾尔自治区,巴音郭楞蒙古自治州,焉耆回族自治县,0,0,,,,,,,,,no_candidate,,,,,,,,,,,,,,,,,no,,,no,
district,新疆维吾尔自治区,博尔塔拉蒙古自治州,阿拉山口市,0,0,,,,,,,,,no_candidate,,,,,,,,,,,,,,,,,no,,,no,
district,新疆维吾尔自治区,博尔塔拉蒙古自治州,博乐市,1,1,4165014622,博尔塔拉职业技术学院,专科,no,,single_candidate,该行政单元在现行口径下只有 1 个候选，无需比较,policy,resolved_policy,shanghairanking-bcvcr-public-vocational,shanghairanking-bcvcr-public-vocational,shanghairanking-bcvcr-public-vocational,2026,中国高职专科院校排名（总榜）,理工,rankOverall,2026软科高职理工 230+ · 高职专科总榜 500+,500+,https://www.shanghairanking.cn/rankings/bcvcr/2026623,campus,profile_campus,,,,,no,,博尔塔拉职业技术学院,no,
district,新疆维吾尔自治区,博尔塔拉蒙古自治州,精河县,0,0,,,,,,,,,no_candidate,,,,,,,,,,,,,,,,,no,,,no,
district,新疆维吾尔自治区,博尔塔拉蒙古自治州,温泉县,0,0,,,,,,,,,no_candidate,,,,,,,,,,,,,,,,,no,,,no,
district,新疆维吾尔自治区,昌吉回族自治州,昌吉市,4,4,4165010758,新疆农业大学,本科,no,,cross_group_scale_policy,新疆农业大学 取自主榜序列；其余候选分属不同榜单体系，名次不可直接比较，按当前项目政策以主榜序列为先；候选池先按层次收敛：本科层次优先于更低层次（项目层次政策）,policy,resolved_policy,shanghairanking-bcur,shanghairanking-bcur,shanghairanking-bcur,2026,中国大学排名（主榜）,,rankOverall,2026软科 305,305,https://www.shanghairanking.cn/rankings/bcur/2026,campus,profile_campus,4165010997,昌吉学院,本科,shanghairanking-bcur,yes,,新疆农业大学|昌吉学院,no,
district,新疆维吾尔自治区,昌吉回族自治州,阜康市,1,1,4165014941,阜康职业技术学院,专科,no,,single_candidate,该行政单元在现行口径下只有 1 个候选，无需比较,policy,resolved_policy,,,,,,,,,,,campus,profile_campus,,,,,no,,阜康职业技术学院,no,
district,新疆维吾尔自治区,昌吉回族自治州,呼图壁县,1,1,4165012838,昌吉职业技术学院,专科,no,,single_candidate,该行政单元在现行口径下只有 1 个候选，无需比较,policy,resolved_policy,shanghairanking-bcvcr-public-vocational,shanghairanking-bcvcr-public-vocational,shanghairanking-bcvcr-public-vocational,2026,中国高职专科院校排名（总榜）,理工,rankOverall,2026软科高职理工 230+ · 高职专科总榜 500+,500+,https://www.shanghairanking.cn/rankings/bcvcr/2026623,campus,historical_campus,,,,,no,,昌吉职业技术学院,no,
district,新疆维吾尔自治区,昌吉回族自治州,吉木萨尔县,0,0,,,,,,,,,no_candidate,,,,,,,,,,,,,,,,,no,,,no,
district,新疆维吾尔自治区,昌吉回族自治州,玛纳斯县,0,0,,,,,,,,,no_candidate,,,,,,,,,,,,,,,,,no,,,no,
district,新疆维吾尔自治区,昌吉回族自治州,木垒哈萨克自治县,0,0,,,,,,,,,no_candidate,,,,,,,,,,,,,,,,,no,,,no,
district,新疆维吾尔自治区,昌吉回族自治州,奇台县,0,0,,,,,,,,,no_candidate,,,,,,,,,,,,,,,,,no,,,no,
district,新疆维吾尔自治区,哈密市,巴里坤哈萨克自治县,0,0,,,,,,,,,no_candidate,,,,,,,,,,,,,,,,,no,,,no,
district,新疆维吾尔自治区,哈密市,伊吾县,0,0,,,,,,,,,no_candidate,,,,,,,,,,,,,,,,,no,,,no,
district,新疆维吾尔自治区,哈密市,伊州区,1,1,4165014489,新疆能源铁道职业技术大学,本科,no,,single_candidate,该行政单元在现行口径下只有 1 个候选，无需比较,policy,resolved_policy,shanghairanking-bcvcr-public-vocational-undergraduate,shanghairanking-bcvcr-public-vocational-undergraduate,shanghairanking-bcvcr-public-vocational-undergraduate,2026,中国职业本科大学排名,,ranking,2026软科职业本科大学 80+,80+,https://www.shanghairanking.cn/rankings/bcvcr/2026749,campus,profile_campus,,,,,no,,新疆能源铁道职业技术大学,no,
district,新疆维吾尔自治区,和田地区,策勒县,0,0,,,,,,,,,no_candidate,,,,,,,,,,,,,,,,,no,,,no,
district,新疆维吾尔自治区,和田地区,和田市,1,1,4165014652,和田职业技术学院,专科,no,,single_candidate,该行政单元在现行口径下只有 1 个候选，无需比较,policy,resolved_policy,shanghairanking-bcvcr-public-vocational,shanghairanking-bcvcr-public-vocational,shanghairanking-bcvcr-public-vocational,2026,中国高职专科院校排名（总榜）,综合,rankOverall,2026软科高职综合 112+ · 高职专科总榜 500+,500+,https://www.shanghairanking.cn/rankings/bcvcr/2026623,campus,profile_campus,,,,,no,,和田职业技术学院,no,
district,新疆维吾尔自治区,和田地区,和田县,2,2,4165014897,新疆工业学院,本科,no,,deterministic_fallback_policy,新疆工业学院 由项目稳定兜底规则选出：在层次、重点标签、公办/民办与可比榜单仍无法唯一分开时，按榜单体系优先级、区间下界与稳定名称顺序决定展示 winner；该结论不是发布方跨榜排名,policy,resolved_policy,,,,,,,,,,,campus,profile_campus,,,,,no,,新疆工业学院,yes,1 leading candidate(s) carry no official list ranking; no comparable second place: the deciding rule set aside the other 1 candidate(s) without leaving anybody on the winner's own scale
district,新疆维吾尔自治区,和田地区,洛浦县,0,0,,,,,,,,,no_candidate,,,,,,,,,,,,,,,,,no,,,no,
district,新疆维吾尔自治区,和田地区,民丰县,0,0,,,,,,,,,no_candidate,,,,,,,,,,,,,,,,,no,,,no,
district,新疆维吾尔自治区,和田地区,墨玉县,0,0,,,,,,,,,no_candidate,,,,,,,,,,,,,,,,,no,,,no,
district,新疆维吾尔自治区,和田地区,皮山县,0,0,,,,,,,,,no_candidate,,,,,,,,,,,,,,,,,no,,,no,
district,新疆维吾尔自治区,和田地区,于田县,0,0,,,,,,,,,no_candidate,,,,,,,,,,,,,,,,,no,,,no,
district,新疆维吾尔自治区,喀什地区,巴楚县,0,0,,,,,,,,,no_candidate,,,,,,,,,,,,,,,,,no,,,no,
district,新疆维吾尔自治区,喀什地区,伽师县,0,0,,,,,,,,,no_candidate,,,,,,,,,,,,,,,,,no,,,no,
district,新疆维吾尔自治区,喀什地区,喀什市,3,3,4165010755,新疆大学,本科,no,211|双一流,prestige_tag,211 标签优先于无重点标签（国家官方重点建设名单）,strong,resolved_strong,shanghairanking-bcur,shanghairanking-bcur,shanghairanking-bcur,2026,中国大学排名（主榜）,,rankOverall,2026软科 131,131,https://www.shanghairanking.cn/rankings/bcur/2026,campus,profile_campus,4165010763,喀什大学,本科,shanghairanking-bcur,yes,,新疆大学|喀什大学,no,
district,新疆维吾尔自治区,喀什地区,麦盖提县,0,0,,,,,,,,,no_candidate,,,,,,,,,,,,,,,,,no,,,no,
district,新疆维吾尔自治区,喀什地区,莎车县,1,1,4165014824,喀什理工职业技术学院,专科,no,,single_candidate,该行政单元在现行口径下只有 1 个候选，无需比较,policy,resolved_policy,,,,,,,,,,,campus,profile_campus,,,,,no,,喀什理工职业技术学院,no,
district,新疆维吾尔自治区,喀什地区,疏附县,1,1,4165014677,喀什职业技术学院,专科,no,,single_candidate,该行政单元在现行口径下只有 1 个候选，无需比较,policy,resolved_policy,shanghairanking-bcvcr-public-vocational,shanghairanking-bcvcr-public-vocational,shanghairanking-bcvcr-public-vocational,2026,中国高职专科院校排名（总榜）,综合,rankOverall,2026软科高职综合 112+ · 高职专科总榜 500+,500+,https://www.shanghairanking.cn/rankings/bcvcr/2026623,campus,profile_campus,,,,,no,,喀什职业技术学院,no,
district,新疆维吾尔自治区,喀什地区,疏勒县,1,1,4165014947,新疆理工职业大学,本科,no,,single_candidate,该行政单元在现行口径下只有 1 个候选，无需比较,policy,resolved_policy,,,,,,,,,,,campus,profile_campus,,,,,no,,新疆理工职业大学,no,
district,新疆维吾尔自治区,喀什地区,塔什库尔干塔吉克自治县,0,0,,,,,,,,,no_candidate,,,,,,,,,,,,,,,,,no,,,no,
district,新疆维吾尔自治区,喀什地区,叶城县,0,0,,,,,,,,,no_candidate,,,,,,,,,,,,,,,,,no,,,no,
district,新疆维吾尔自治区,喀什地区,英吉沙县,0,0,,,,,,,,,no_candidate,,,,,,,,,,,,,,,,,no,,,no,
district,新疆维吾尔自治区,喀什地区,岳普湖县,0,0,,,,,,,,,no_candidate,,,,,,,,,,,,,,,,,no,,,no,
district,新疆维吾尔自治区,喀什地区,泽普县,0,0,,,,,,,,,no_candidate,,,,,,,,,,,,,,,,,no,,,no,
district,新疆维吾尔自治区,克拉玛依市,白碱滩区,0,0,,,,,,,,,no_candidate,,,,,,,,,,,,,,,,,no,,,no,
district,新疆维吾尔自治区,克拉玛依市,独山子区,1,1,4165012482,克拉玛依职业技术学院,专科,no,,single_candidate,该行政单元在现行口径下只有 1 个候选，无需比较,policy,resolved_policy,shanghairanking-bcvcr-public-vocational,shanghairanking-bcvcr-public-vocational,shanghairanking-bcvcr-public-vocational,2026,中国高职专科院校排名（总榜）,理工,rankOverall,2026软科高职专科总榜 268,268,https://www.shanghairanking.cn/rankings/bcvcr/2026623,campus,profile_campus,,,,,no,,克拉玛依职业技术学院,no,
district,新疆维吾尔自治区,克拉玛依市,克拉玛依区,3,3,4111011414,中国石油大学（北京）,本科,no,211|双一流,prestige_tag,211 标签优先于无重点标签（国家官方重点建设名单）,strong,resolved_strong,shanghairanking-bcur,shanghairanking-bcur,shanghairanking-bcur,2026,中国大学排名（主榜）,,rankOverall,2026软科 62,62,https://www.shanghairanking.cn/rankings/bcur/2026,campus,historical_campus,4165013560,新疆第二医学院,本科,shanghairanking-bcur,yes,,中国石油大学（北京）|新疆第二医学院,no,
district,新疆维吾尔自治区,克拉玛依市,乌尔禾区,0,0,,,,,,,,,no_candidate,,,,,,,,,,,,,,,,,no,,,no,
district,新疆维吾尔自治区,克孜勒苏柯尔克孜自治州,阿合奇县,0,0,,,,,,,,,no_candidate,,,,,,,,,,,,,,,,,no,,,no,
district,新疆维吾尔自治区,克孜勒苏柯尔克孜自治州,阿克陶县,0,0,,,,,,,,,no_candidate,,,,,,,,,,,,,,,,,no,,,no,
district,新疆维吾尔自治区,克孜勒苏柯尔克孜自治州,阿图什市,2,2,4165013727,新疆天山职业技术大学,本科,yes,,level_order,本科层次优先于更低层次候选（项目层次政策）,policy,resolved_policy,shanghairanking-bcvcr-private-vocational-undergraduate,shanghairanking-bcvcr-private-vocational-undergraduate,shanghairanking-bcvcr-private-vocational-undergraduate,2026,民办职业本科大学排名,,ranking,2026软科民办职业本科大学 13,13,https://www.shanghairanking.cn/rankings/bcvcr/2026750,campus,profile_campus,,,,,no,,新疆天山职业技术大学,no,no comparable second place: the deciding rule set aside the other 1 candidate(s) without leaving anybody on the winner's own scale
district,新疆维吾尔自治区,克孜勒苏柯尔克孜自治州,乌恰县,0,0,,,,,,,,,no_candidate,,,,,,,,,,,,,,,,,no,,,no,
district,新疆维吾尔自治区,塔城地区,额敏县,0,0,,,,,,,,,no_candidate,,,,,,,,,,,,,,,,,no,,,no,
district,新疆维吾尔自治区,塔城地区,和布克赛尔蒙古自治县,0,0,,,,,,,,,no_candidate,,,,,,,,,,,,,,,,,no,,,no,
district,新疆维吾尔自治区,塔城地区,沙湾市,0,0,,,,,,,,,no_candidate,,,,,,,,,,,,,,,,,no,,,no,
district,新疆维吾尔自治区,塔城地区,塔城市,2,2,4165014740,塔城职业技术学院,专科,no,,deterministic_fallback_policy,塔城职业技术学院 由项目稳定兜底规则选出：在层次、重点标签、公办/民办与可比榜单仍无法唯一分开时，按榜单体系优先级、区间下界与稳定名称顺序决定展示 winner；该结论不是发布方跨榜排名,policy,resolved_policy,shanghairanking-bcvcr-public-vocational,shanghairanking-bcvcr-public-vocational,shanghairanking-bcvcr-public-vocational,2026,中国高职专科院校排名（总榜）,综合,rankOverall,2026软科高职综合 112+ · 高职专科总榜 500+,500+,https://www.shanghairanking.cn/rankings/bcvcr/2026623,campus,profile_campus,4165013562,新疆建设职业技术学院,专科,shanghairanking-bcvcr-public-vocational,yes,,塔城职业技术学院|新疆建设职业技术学院,no,
district,新疆维吾尔自治区,塔城地区,托里县,0,0,,,,,,,,,no_candidate,,,,,,,,,,,,,,,,,no,,,no,
district,新疆维吾尔自治区,塔城地区,乌苏市,1,1,4165014740,塔城职业技术学院,专科,no,,single_candidate,该行政单元在现行口径下只有 1 个候选，无需比较,policy,resolved_policy,shanghairanking-bcvcr-public-vocational,shanghairanking-bcvcr-public-vocational,shanghairanking-bcvcr-public-vocational,2026,中国高职专科院校排名（总榜）,综合,rankOverall,2026软科高职综合 112+ · 高职专科总榜 500+,500+,https://www.shanghairanking.cn/rankings/bcvcr/2026623,campus,profile_campus,,,,,no,,塔城职业技术学院,no,
district,新疆维吾尔自治区,塔城地区,裕民县,0,0,,,,,,,,,no_candidate,,,,,,,,,,,,,,,,,no,,,no,
district,新疆维吾尔自治区,吐鲁番市,高昌区,1,1,4165014585,吐鲁番职业技术学院,专科,no,,single_candidate,该行政单元在现行口径下只有 1 个候选，无需比较,policy,resolved_policy,shanghairanking-bcvcr-public-vocational,shanghairanking-bcvcr-public-vocational,shanghairanking-bcvcr-public-vocational,2026,中国高职专科院校排名（总榜）,理工,rankOverall,2026软科高职理工 230+ · 高职专科总榜 500+,500+,https://www.shanghairanking.cn/rankings/bcvcr/2026623,campus,profile_campus,,,,,no,,吐鲁番职业技术学院,no,
district,新疆维吾尔自治区,吐鲁番市,鄯善县,0,0,,,,,,,,,no_candidate,,,,,,,,,,,,,,,,,no,,,no,
district,新疆维吾尔自治区,吐鲁番市,托克逊县,0,0,,,,,,,,,no_candidate,,,,,,,,,,,,,,,,,no,,,no,
district,新疆维吾尔自治区,乌鲁木齐市,达坂城区,2,2,4165014138,新疆职业大学,专科,no,,public_before_private,同层次同标签下公办优先（按当前项目政策，非排名证据）,policy,resolved_policy,shanghairanking-bcvcr-public-vocational,shanghairanking-bcvcr-public-vocational,shanghairanking-bcvcr-public-vocational,2026,中国高职专科院校排名（总榜）,综合,rankOverall,2026软科高职综合 112+ · 高职专科总榜 500+,500+,https://www.shanghairanking.cn/rankings/bcvcr/2026623,campus,profile_campus,,,,,no,,新疆职业大学,yes,no comparable second place: the deciding rule set aside the other 1 candidate(s) without leaving anybody on the winner's own scale
district,新疆维吾尔自治区,乌鲁木齐市,米东区,3,3,4165012734,新疆警察学院,本科,no,,deterministic_fallback_policy,新疆警察学院 由项目稳定兜底规则选出：在层次、重点标签、公办/民办与可比榜单仍无法唯一分开时，按榜单体系优先级、区间下界与稳定名称顺序决定展示 winner；该结论不是发布方跨榜排名,policy,resolved_policy,shanghairanking-bcur,shanghairanking-bcur,shanghairanking-bcur,2026,中国政法类大学排名,政法,rankOverall,2026软科政法 30+ · 主榜参考 500+,500+,https://www.shanghairanking.cn/rankings/bcur/202625,campus,profile_campus,,,,,no,,新疆警察学院,no,no comparable second place: the deciding rule set aside the other 2 candidate(s) without leaving anybody on the winner's own scale
district,新疆维吾尔自治区,乌鲁木齐市,沙依巴克区,8,8,4165010755,新疆大学,本科,no,211|双一流,prestige_tag,211 标签优先于无重点标签（国家官方重点建设名单）,strong,resolved_strong,shanghairanking-bcur,shanghairanking-bcur,shanghairanking-bcur,2026,中国大学排名（主榜）,,rankOverall,2026软科 131,131,https://www.shanghairanking.cn/rankings/bcur/2026,campus,profile_campus,4165010762,新疆师范大学,本科,shanghairanking-bcur,yes,,新疆大学|新疆师范大学,no,
district,新疆维吾尔自治区,乌鲁木齐市,水磨沟区,5,5,4165010755,新疆大学,本科,no,211|双一流,prestige_tag,211 标签优先于无重点标签（国家官方重点建设名单）,strong,resolved_strong,shanghairanking-bcur,shanghairanking-bcur,shanghairanking-bcur,2026,中国大学排名（主榜）,,rankOverall,2026软科 131,131,https://www.shanghairanking.cn/rankings/bcur/2026,campus,profile_campus,4165010760,新疆医科大学,本科,shanghairanking-bcur,yes,,新疆大学|新疆医科大学,no,
district,新疆维吾尔自治区,乌鲁木齐市,天山区,6,6,4165010755,新疆大学,本科,no,211|双一流,prestige_tag,211 标签优先于无重点标签（国家官方重点建设名单）,strong,resolved_strong,shanghairanking-bcur,shanghairanking-bcur,shanghairanking-bcur,2026,中国大学排名（主榜）,,rankOverall,2026软科 131,131,https://www.shanghairanking.cn/rankings/bcur/2026,campus,profile_campus,,,,,no,,新疆大学,no,no comparable second place: the deciding rule set aside the other 5 candidate(s) without leaving anybody on the winner's own scale
district,新疆维吾尔自治区,乌鲁木齐市,头屯河区,5,5,4165010758,新疆农业大学,本科,no,,cross_group_scale_policy,新疆农业大学 取自主榜序列；其余候选分属不同榜单体系，名次不可直接比较，按当前项目政策以主榜序列为先；候选池先按层次收敛：本科层次优先于更低层次（项目层次政策）,policy,resolved_policy,shanghairanking-bcur,shanghairanking-bcur,shanghairanking-bcur,2026,中国大学排名（主榜）,,rankOverall,2026软科 305,305,https://www.shanghairanking.cn/rankings/bcur/2026,campus,profile_campus,4165010994,新疆工程学院,本科,shanghairanking-bcur,yes,,新疆农业大学|新疆工程学院,yes,1 leading candidate(s) carry no official list ranking
district,新疆维吾尔自治区,乌鲁木齐市,乌鲁木齐县,0,0,,,,,,,,,no_candidate,,,,,,,,,,,,,,,,,no,,,no,
district,新疆维吾尔自治区,乌鲁木齐市,新市区,9,9,4165010760,新疆医科大学,本科,no,,cross_group_scale_policy,新疆医科大学 取自主榜序列；其余候选分属不同榜单体系，名次不可直接比较，按当前项目政策以主榜序列为先；候选池先按层次收敛：本科层次优先于更低层次（项目层次政策）,policy,resolved_policy,shanghairanking-bcur,shanghairanking-bcur,shanghairanking-bcur,2026,中国医药类大学排名,医药,rankOverall,2026软科医药 23 · 主榜参考 196,196,https://www.shanghairanking.cn/rankings/bcur/202621,campus,profile_campus,4165010766,新疆财经大学,本科,shanghairanking-bcur,yes,,新疆医科大学|新疆财经大学,no,
district,新疆维吾尔自治区,伊犁哈萨克自治州,察布查尔锡伯自治县,0,0,,,,,,,,,no_candidate,,,,,,,,,,,,,,,,,no,,,no,
district,新疆维吾尔自治区,伊犁哈萨克自治州,巩留县,0,0,,,,,,,,,no_candidate,,,,,,,,,,,,,,,,,no,,,no,
district,新疆维吾尔自治区,伊犁哈萨克自治州,霍城县,0,0,,,,,,,,,no_candidate,,,,,,,,,,,,,,,,,no,,,no,
district,新疆维吾尔自治区,伊犁哈萨克自治州,霍尔果斯市,0,0,,,,,,,,,no_candidate,,,,,,,,,,,,,,,,,no,,,no,
district,新疆维吾尔自治区,伊犁哈萨克自治州,奎屯市,2,2,4165010764,伊犁师范大学,本科,no,,level_order,本科层次优先于更低层次候选（项目层次政策）,policy,resolved_policy,shanghairanking-bcur,shanghairanking-bcur,shanghairanking-bcur,2026,中国大学排名（主榜）,,rankOverall,2026软科 500,500,https://www.shanghairanking.cn/rankings/bcur/2026,campus,historical_campus,,,,,no,,伊犁师范大学,no,no comparable second place: the deciding rule set aside the other 1 candidate(s) without leaving anybody on the winner's own scale
district,新疆维吾尔自治区,伊犁哈萨克自治州,尼勒克县,0,0,,,,,,,,,no_candidate,,,,,,,,,,,,,,,,,no,,,no,
district,新疆维吾尔自治区,伊犁哈萨克自治州,特克斯县,0,0,,,,,,,,,no_candidate,,,,,,,,,,,,,,,,,no,,,no,
district,新疆维吾尔自治区,伊犁哈萨克自治州,新源县,0,0,,,,,,,,,no_candidate,,,,,,,,,,,,,,,,,no,,,no,
district,新疆维吾尔自治区,伊犁哈萨克自治州,伊宁市,2,2,4165010764,伊犁师范大学,本科,no,,level_order,本科层次优先于更低层次候选（项目层次政策）,policy,resolved_policy,shanghairanking-bcur,shanghairanking-bcur,shanghairanking-bcur,2026,中国大学排名（主榜）,,rankOverall,2026软科 500,500,https://www.shanghairanking.cn/rankings/bcur/2026,campus,profile_campus,,,,,no,,伊犁师范大学,no,no comparable second place: the deciding rule set aside the other 1 candidate(s) without leaving anybody on the winner's own scale
district,新疆维吾尔自治区,伊犁哈萨克自治州,伊宁县,0,0,,,,,,,,,no_candidate,,,,,,,,,,,,,,,,,no,,,no,
district,新疆维吾尔自治区,伊犁哈萨克自治州,昭苏县,0,0,,,,,,,,,no_candidate,,,,,,,,,,,,,,,,,no,,,no,
district,云南省,保山市,昌宁县,0,0,,,,,,,,,no_candidate,,,,,,,,,,,,,,,,,no,,,no,
district,云南省,保山市,龙陵县,0,0,,,,,,,,,no_candidate,,,,,,,,,,,,,,,,,no,,,no,
district,云南省,保山市,隆阳区,3,3,4153010686,保山学院,本科,no,,level_order,本科层次优先于更低层次候选（项目层次政策）,policy,resolved_policy,shanghairanking-bcur,shanghairanking-bcur,shanghairanking-bcur,2026,中国大学排名（主榜）,,rankOverall,2026软科 500+,500+,https://www.shanghairanking.cn/rankings/bcur/2026,campus,profile_campus,,,,,no,,保山学院,no,no comparable second place: the deciding rule set aside the other 2 candidate(s) without leaving anybody on the winner's own scale
district,云南省,保山市,施甸县,0,0,,,,,,,,,no_candidate,,,,,,,,,,,,,,,,,no,,,no,
district,云南省,保山市,腾冲市,1,1,4153014623,滇西应用技术大学,本科,no,,single_candidate,该行政单元在现行口径下只有 1 个候选，无需比较,policy,resolved_policy,shanghairanking-bcur,shanghairanking-bcur,shanghairanking-bcur,2026,中国大学排名（主榜）,,rankOverall,2026软科 500+,500+,https://www.shanghairanking.cn/rankings/bcur/2026,campus,profile_campus,,,,,no,,滇西应用技术大学,no,
district,云南省,楚雄彝族自治州,楚雄市,3,3,4153011391,楚雄师范学院,本科,no,,level_order,本科层次优先于更低层次候选（项目层次政策）,policy,resolved_policy,shanghairanking-bcur,shanghairanking-bcur,shanghairanking-bcur,2026,中国大学排名（主榜）,,rankOverall,2026软科 500+,500+,https://www.shanghairanking.cn/rankings/bcur/2026,campus,profile_campus,,,,,no,,楚雄师范学院,no,no comparable second place: the deciding rule set aside the other 2 candidate(s) without leaving anybody on the winner's own scale
district,云南省,楚雄彝族自治州,大姚县,0,0,,,,,,,,,no_candidate,,,,,,,,,,,,,,,,,no,,,no,
district,云南省,楚雄彝族自治州,禄丰市,0,0,,,,,,,,,no_candidate,,,,,,,,,,,,,,,,,no,,,no,
district,云南省,楚雄彝族自治州,牟定县,0,0,,,,,,,,,no_candidate,,,,,,,,,,,,,,,,,no,,,no,
district,云南省,楚雄彝族自治州,南华县,0,0,,,,,,,,,no_candidate,,,,,,,,,,,,,,,,,no,,,no,
district,云南省,楚雄彝族自治州,双柏县,0,0,,,,,,,,,no_candidate,,,,,,,,,,,,,,,,,no,,,no,
district,云南省,楚雄彝族自治州,武定县,0,0,,,,,,,,,no_candidate,,,,,,,,,,,,,,,,,no,,,no,
district,云南省,楚雄彝族自治州,姚安县,0,0,,,,,,,,,no_candidate,,,,,,,,,,,,,,,,,no,,,no,
district,云南省,楚雄彝族自治州,永仁县,0,0,,,,,,,,,no_candidate,,,,,,,,,,,,,,,,,no,,,no,
district,云南省,楚雄彝族自治州,元谋县,0,0,,,,,,,,,no_candidate,,,,,,,,,,,,,,,,,no,,,no,
district,云南省,大理白族自治州,宾川县,0,0,,,,,,,,,no_candidate,,,,,,,,,,,,,,,,,no,,,no,
district,云南省,大理白族自治州,大理市,5,5,4153010689,云南财经大学,本科,no,,comparable_ranking,云南财经大学 在同榜可比名次上优于 大理大学（软科 bcur）；候选池先按层次收敛：本科层次优先于更低层次（项目层次政策）,strong,resolved_strong,shanghairanking-bcur,shanghairanking-bcur,shanghairanking-bcur,2026,中国财经类大学排名,财经,rankOverall,2026软科财经 31 · 主榜参考 281,281,https://www.shanghairanking.cn/rankings/bcur/202622,campus,historical_campus,4153010679,大理大学,本科,shanghairanking-bcur,yes,,云南财经大学|大理大学,no,
district,云南省,大理白族自治州,洱源县,0,0,,,,,,,,,no_candidate,,,,,,,,,,,,,,,,,no,,,no,
district,云南省,大理白族自治州,鹤庆县,0,0,,,,,,,,,no_candidate,,,,,,,,,,,,,,,,,no,,,no,
district,云南省,大理白族自治州,剑川县,0,0,,,,,,,,,no_candidate,,,,,,,,,,,,,,,,,no,,,no,
district,云南省,大理白族自治州,弥渡县,0,0,,,,,,,,,no_candidate,,,,,,,,,,,,,,,,,no,,,no,
district,云南省,大理白族自治州,南涧彝族自治县,0,0,,,,,,,,,no_candidate,,,,,,,,,,,,,,,,,no,,,no,
district,云南省,大理白族自治州,巍山彝族回族自治县,0,0,,,,,,,,,no_candidate,,,,,,,,,,,,,,,,,no,,,no,
district,云南省,大理白族自治州,祥云县,0,0,,,,,,,,,no_candidate,,,,,,,,,,,,,,,,,no,,,no,
district,云南省,大理白族自治州,漾濞彝族自治县,0,0,,,,,,,,,no_candidate,,,,,,,,,,,,,,,,,no,,,no,
district,云南省,大理白族自治州,永平县,0,0,,,,,,,,,no_candidate,,,,,,,,,,,,,,,,,no,,,no,
district,云南省,大理白族自治州,云龙县,0,0,,,,,,,,,no_candidate,,,,,,,,,,,,,,,,,no,,,no,
district,云南省,德宏傣族景颇族自治州,梁河县,0,0,,,,,,,,,no_candidate,,,,,,,,,,,,,,,,,no,,,no,
district,云南省,德宏傣族景颇族自治州,陇川县,0,0,,,,,,,,,no_candidate,,,,,,,,,,,,,,,,,no,,,no,
district,云南省,德宏傣族景颇族自治州,芒市,2,2,4153014016,德宏师范学院,本科,no,,level_order,本科层次优先于更低层次候选（项目层次政策）,policy,resolved_policy,,,,,,,,,,,campus,profile_campus,,,,,no,,德宏师范学院,no,no comparable second place: the deciding rule set aside the other 1 candidate(s) without leaving anybody on the winner's own scale
district,云南省,德宏傣族景颇族自治州,瑞丽市,1,1,4153010690,云南艺术学院,本科,no,,single_candidate,该行政单元在现行口径下只有 1 个候选，无需比较,policy,resolved_policy,,,,,,,,,,,campus,historical_campus,,,,,no,,云南艺术学院,no,
district,云南省,德宏傣族景颇族自治州,盈江县,0,0,,,,,,,,,no_candidate,,,,,,,,,,,,,,,,,no,,,no,
district,云南省,迪庆藏族自治州,德钦县,0,0,,,,,,,,,no_candidate,,,,,,,,,,,,,,,,,no,,,no,
district,云南省,迪庆藏族自治州,维西傈僳族自治县,0,0,,,,,,,,,no_candidate,,,,,,,,,,,,,,,,,no,,,no,
district,云南省,迪庆藏族自治州,香格里拉市,1,1,4153014803,香格里拉职业学院,专科,no,,single_candidate,该行政单元在现行口径下只有 1 个候选，无需比较,policy,resolved_policy,,,,,,,,,,,campus,profile_campus,,,,,no,,香格里拉职业学院,no,
district,云南省,红河哈尼族彝族自治州,个旧市,1,1,4153014130,云南锡业职业技术学院,专科,no,,single_candidate,该行政单元在现行口径下只有 1 个候选，无需比较,policy,resolved_policy,shanghairanking-bcvcr-public-vocational,shanghairanking-bcvcr-public-vocational,shanghairanking-bcvcr-public-vocational,2026,中国高职专科院校排名（总榜）,理工,rankOverall,2026软科高职理工 230+ · 高职专科总榜 500+,500+,https://www.shanghairanking.cn/rankings/bcvcr/2026623,campus,profile_campus,,,,,no,,云南锡业职业技术学院,no,
district,云南省,红河哈尼族彝族自治州,河口瑶族自治县,0,0,,,,,,,,,no_candidate,,,,,,,,,,,,,,,,,no,,,no,
district,云南省,红河哈尼族彝族自治州,红河县,0,0,,,,,,,,,no_candidate,,,,,,,,,,,,,,,,,no,,,no,
district,云南省,红河哈尼族彝族自治州,建水县,1,1,4153014736,红河职业技术学院,专科,no,,single_candidate,该行政单元在现行口径下只有 1 个候选，无需比较,policy,resolved_policy,shanghairanking-bcvcr-public-vocational,shanghairanking-bcvcr-public-vocational,shanghairanking-bcvcr-public-vocational,2026,中国高职专科院校排名（总榜）,综合,rankOverall,2026软科高职综合 112+ · 高职专科总榜 500+,500+,https://www.shanghairanking.cn/rankings/bcvcr/2026623,campus,profile_campus,,,,,no,,红河职业技术学院,no,
district,云南省,红河哈尼族彝族自治州,金平苗族瑶族傣族自治县,0,0,,,,,,,,,no_candidate,,,,,,,,,,,,,,,,,no,,,no,
district,云南省,红河哈尼族彝族自治州,开远市,0,0,,,,,,,,,no_candidate,,,,,,,,,,,,,,,,,no,,,no,
district,云南省,红河哈尼族彝族自治州,泸西县,0,0,,,,,,,,,no_candidate,,,,,,,,,,,,,,,,,no,,,no,
district,云南省,红河哈尼族彝族自治州,绿春县,0,0,,,,,,,,,no_candidate,,,,,,,,,,,,,,,,,no,,,no,
district,云南省,红河哈尼族彝族自治州,蒙自市,4,4,4153010687,红河学院,本科,no,,level_order,本科层次优先于更低层次候选（项目层次政策）,policy,resolved_policy,shanghairanking-bcur,shanghairanking-bcur,shanghairanking-bcur,2026,中国大学排名（主榜）,,rankOverall,2026软科 500+,500+,https://www.shanghairanking.cn/rankings/bcur/2026,campus,profile_campus,,,,,no,,红河学院,no,no comparable second place: the deciding rule set aside the other 3 candidate(s) without leaving anybody on the winner's own scale
district,云南省,红河哈尼族彝族自治州,弥勒市,0,0,,,,,,,,,no_candidate,,,,,,,,,,,,,,,,,no,,,no,
district,云南省,红河哈尼族彝族自治州,屏边苗族自治县,0,0,,,,,,,,,no_candidate,,,,,,,,,,,,,,,,,no,,,no,
district,云南省,红河哈尼族彝族自治州,石屏县,0,0,,,,,,,,,no_candidate,,,,,,,,,,,,,,,,,no,,,no,
district,云南省,红河哈尼族彝族自治州,元阳县,0,0,,,,,,,,,no_candidate,,,,,,,,,,,,,,,,,no,,,no,
district,云南省,昆明市,安宁市,11,11,4153010689,云南财经大学,本科,no,,public_before_private,同层次同标签下公办优先（按当前项目政策，非排名证据）；候选池先按层次收敛：本科层次优先于更低层次（项目层次政策）,policy,resolved_policy,shanghairanking-bcur,shanghairanking-bcur,shanghairanking-bcur,2026,中国财经类大学排名,财经,rankOverall,2026软科财经 31 · 主榜参考 281,281,https://www.shanghairanking.cn/rankings/bcur/202622,campus,profile_campus,,,,,no,,云南财经大学,yes,no comparable second place: the deciding rule set aside the other 10 candidate(s) without leaving anybody on the winner's own scale
district,云南省,昆明市,呈贡区,13,13,4153010673,云南大学,本科,no,211|双一流,prestige_tag,211 标签优先于无重点标签（国家官方重点建设名单）,strong,resolved_strong,shanghairanking-bcur,shanghairanking-bcur,shanghairanking-bcur,2026,中国大学排名（主榜）,,rankOverall,2026软科 71,71,https://www.shanghairanking.cn/rankings/bcur/2026,campus,profile_campus,4153010674,昆明理工大学,本科,shanghairanking-bcur,yes,,云南大学|昆明理工大学,no,
district,云南省,昆明市,东川区,1,1,4153013757,云南机电职业技术学院,专科,no,,single_candidate,该行政单元在现行口径下只有 1 个候选，无需比较,policy,resolved_policy,shanghairanking-bcvcr-public-vocational,shanghairanking-bcvcr-public-vocational,shanghairanking-bcvcr-public-vocational,2026,中国高职专科院校排名（总榜）,理工,rankOverall,2026软科高职专科总榜 191,191,https://www.shanghairanking.cn/rankings/bcvcr/2026623,campus,historical_campus,,,,,no,,云南机电职业技术学院,no,
district,云南省,昆明市,富民县,3,3,4153014584,云南水利水电职业学院,专科,no,,public_before_private,同层次同标签下公办优先（按当前项目政策，非排名证据）,policy,resolved_policy,shanghairanking-bcvcr-public-vocational,shanghairanking-bcvcr-public-vocational,shanghairanking-bcvcr-public-vocational,2026,中国高职专科院校排名（总榜）,理工,rankOverall,2026软科高职理工 230+ · 高职专科总榜 500+,500+,https://www.shanghairanking.cn/rankings/bcvcr/2026623,campus,profile_campus,,,,,no,,云南水利水电职业学院,yes,no comparable second place: the deciding rule set aside the other 2 candidate(s) without leaving anybody on the winner's own scale
district,云南省,昆明市,官渡区,10,10,4153011393,昆明学院,本科,no,,public_before_private,同层次同标签下公办优先（按当前项目政策，非排名证据）；候选池先按层次收敛：本科层次优先于更低层次（项目层次政策）,policy,resolved_policy,shanghairanking-bcur,shanghairanking-bcur,shanghairanking-bcur,2026,中国大学排名（主榜）,,rankOverall,2026软科 389,389,https://www.shanghairanking.cn/rankings/bcur/2026,campus,profile_campus,,,,,no,,昆明学院,yes,no comparable second place: the deciding rule set aside the other 9 candidate(s) without leaving anybody on the winner's own scale
district,云南省,昆明市,晋宁区,1,1,4153014372,昆明卫生职业学院,专科,yes,,single_candidate,该行政单元在现行口径下只有 1 个候选，无需比较,policy,resolved_policy,shanghairanking-bcvcr-private-vocational,shanghairanking-bcvcr-private-vocational,shanghairanking-bcvcr-private-vocational,2026,民办高职专科院校排名,,ranking,2026软科民办高职专科 22,22,https://www.shanghairanking.cn/rankings/bcvcr/2026633,campus,profile_campus,,,,,no,,昆明卫生职业学院,no,
district,云南省,昆明市,禄劝彝族苗族自治县,0,0,,,,,,,,,no_candidate,,,,,,,,,,,,,,,,,no,,,no,
district,云南省,昆明市,盘龙区,10,10,4153010674,昆明理工大学,本科,no,,public_before_private,同层次同标签下公办优先（按当前项目政策，非排名证据）；公办候选之间再按同榜名次比较；候选池先按层次收敛：本科层次优先于更低层次（项目层次政策）,policy,resolved_policy,shanghairanking-bcur,shanghairanking-bcur,shanghairanking-bcur,2026,中国大学排名（主榜）,,rankOverall,2026软科 110,110,https://www.shanghairanking.cn/rankings/bcur/2026,campus,profile_campus,4153010680,云南中医药大学,本科,shanghairanking-bcur,yes,,昆明理工大学|云南中医药大学,yes,
district,云南省,昆明市,石林彝族自治县,3,3,4153013758,云南林业职业技术学院,专科,no,,public_before_private,同层次同标签下公办优先（按当前项目政策，非排名证据）；公办候选之间再按同榜名次比较,policy,resolved_policy,shanghairanking-bcvcr-public-vocational,shanghairanking-bcvcr-public-vocational,shanghairanking-bcvcr-public-vocational,2026,中国高职专科院校排名（总榜）,农林,rankOverall,2026软科高职专科总榜 244,244,https://www.shanghairanking.cn/rankings/bcvcr/2026623,campus,profile_campus,4153014619,云南特殊教育职业学院,专科,shanghairanking-bcvcr-public-vocational,yes,,云南林业职业技术学院|云南特殊教育职业学院,yes,
district,云南省,昆明市,嵩明县,10,10,4153010674,昆明理工大学,本科,no,,public_before_private,同层次同标签下公办优先（按当前项目政策，非排名证据）；候选池先按层次收敛：本科层次优先于更低层次（项目层次政策）,policy,resolved_policy,shanghairanking-bcur,shanghairanking-bcur,shanghairanking-bcur,2026,中国大学排名（主榜）,,rankOverall,2026软科 110,110,https://www.shanghairanking.cn/rankings/bcur/2026,campus,profile_campus,,,,,no,,昆明理工大学,yes,no comparable second place: the deciding rule set aside the other 9 candidate(s) without leaving anybody on the winner's own scale
district,云南省,昆明市,五华区,21,21,4153010673,云南大学,本科,no,211|双一流,prestige_tag,211 标签优先于无重点标签（国家官方重点建设名单）,strong,resolved_strong,shanghairanking-bcur,shanghairanking-bcur,shanghairanking-bcur,2026,中国大学排名（主榜）,,rankOverall,2026软科 71,71,https://www.shanghairanking.cn/rankings/bcur/2026,campus,profile_campus,4153010674,昆明理工大学,本科,shanghairanking-bcur,yes,,云南大学|昆明理工大学,no,
district,云南省,昆明市,西山区,7,7,4153010673,云南大学,本科,no,211|双一流,prestige_tag,211 标签优先于无重点标签（国家官方重点建设名单）,strong,resolved_strong,shanghairanking-bcur,shanghairanking-bcur,shanghairanking-bcur,2026,中国大学排名（主榜）,,rankOverall,2026软科 71,71,https://www.shanghairanking.cn/rankings/bcur/2026,campus,historical_campus,,,,,no,,云南大学,no,no comparable second place: the deciding rule set aside the other 6 candidate(s) without leaving anybody on the winner's own scale
district,云南省,昆明市,寻甸回族彝族自治县,0,0,,,,,,,,,no_candidate,,,,,,,,,,,,,,,,,no,,,no,
district,云南省,昆明市,宜良县,1,1,4153013326,滇池学院,本科,yes,,single_candidate,该行政单元在现行口径下只有 1 个候选，无需比较,policy,resolved_policy,shanghairanking-bcur-private,shanghairanking-bcur-private,shanghairanking-bcur-private,2026,中国民办高校排名（主榜）,,ranking,2026软科民办 52,52,https://www.shanghairanking.cn/rankings/bcur/202615,campus,profile_campus,,,,,no,,滇池学院,no,
district,云南省,丽江市,古城区,3,3,4153014015,丽江师范学院,本科,no,,public_before_private,同层次同标签下公办优先（按当前项目政策，非排名证据）；候选池先按层次收敛：本科层次优先于更低层次（项目层次政策）,policy,resolved_policy,,,,,,,,,,,campus,profile_campus,,,,,no,,丽江师范学院,yes,no comparable second place: the deciding rule set aside the other 2 candidate(s) without leaving anybody on the winner's own scale
district,云南省,丽江市,华坪县,0,0,,,,,,,,,no_candidate,,,,,,,,,,,,,,,,,no,,,no,
district,云南省,丽江市,宁蒗彝族自治县,0,0,,,,,,,,,no_candidate,,,,,,,,,,,,,,,,,no,,,no,
district,云南省,丽江市,永胜县,0,0,,,,,,,,,no_candidate,,,,,,,,,,,,,,,,,no,,,no,
district,云南省,丽江市,玉龙纳西族自治县,0,0,,,,,,,,,no_candidate,,,,,,,,,,,,,,,,,no,,,no,
district,云南省,临沧市,沧源佤族自治县,0,0,,,,,,,,,no_candidate,,,,,,,,,,,,,,,,,no,,,no,
district,云南省,临沧市,凤庆县,0,0,,,,,,,,,no_candidate,,,,,,,,,,,,,,,,,no,,,no,
district,云南省,临沧市,耿马傣族佤族自治县,0,0,,,,,,,,,no_candidate,,,,,,,,,,,,,,,,,no,,,no,
district,云南省,临沧市,临翔区,2,2,4153014092,滇西科技师范学院,本科,no,,level_order,本科层次优先于更低层次候选（项目层次政策）,policy,resolved_policy,shanghairanking-bcur,shanghairanking-bcur,shanghairanking-bcur,2026,中国大学排名（主榜）,,rankOverall,2026软科 500+,500+,https://www.shanghairanking.cn/rankings/bcur/2026,campus,profile_campus,,,,,no,,滇西科技师范学院,no,no comparable second place: the deciding rule set aside the other 1 candidate(s) without leaving anybody on the winner's own scale
district,云南省,临沧市,双江拉祜族佤族布朗族傣族自治县,0,0,,,,,,,,,no_candidate,,,,,,,,,,,,,,,,,no,,,no,
district,云南省,临沧市,永德县,0,0,,,,,,,,,no_candidate,,,,,,,,,,,,,,,,,no,,,no,
district,云南省,临沧市,云县,0,0,,,,,,,,,no_candidate,,,,,,,,,,,,,,,,,no,,,no,
district,云南省,临沧市,镇康县,0,0,,,,,,,,,no_candidate,,,,,,,,,,,,,,,,,no,,,no,
district,云南省,怒江傈僳族自治州,福贡县,0,0,,,,,,,,,no_candidate,,,,,,,,,,,,,,,,,no,,,no,
district,云南省,怒江傈僳族自治州,贡山独龙族怒族自治县,0,0,,,,,,,,,no_candidate,,,,,,,,,,,,,,,,,no,,,no,
district,云南省,怒江傈僳族自治州,兰坪白族普米族自治县,0,0,,,,,,,,,no_candidate,,,,,,,,,,,,,,,,,no,,,no,
district,云南省,怒江傈僳族自治州,泸水市,1,1,4153014873,怒江职业技术学院,专科,no,,single_candidate,该行政单元在现行口径下只有 1 个候选，无需比较,policy,resolved_policy,,,,,,,,,,,campus,profile_campus,,,,,no,,怒江职业技术学院,no,
district,云南省,普洱市,江城哈尼族彝族自治县,0,0,,,,,,,,,no_candidate,,,,,,,,,,,,,,,,,no,,,no,
district,云南省,普洱市,景东彝族自治县,0,0,,,,,,,,,no_candidate,,,,,,,,,,,,,,,,,no,,,no,
district,云南省,普洱市,景谷傣族彝族自治县,0,0,,,,,,,,,no_candidate,,,,,,,,,,,,,,,,,no,,,no,
district,云南省,普洱市,澜沧拉祜族自治县,0,0,,,,,,,,,no_candidate,,,,,,,,,,,,,,,,,no,,,no,
district,云南省,普洱市,孟连傣族拉祜族佤族自治县,0,0,,,,,,,,,no_candidate,,,,,,,,,,,,,,,,,no,,,no,
district,云南省,普洱市,墨江哈尼族自治县,0,0,,,,,,,,,no_candidate,,,,,,,,,,,,,,,,,no,,,no,
district,云南省,普洱市,宁洱哈尼族彝族自治县,0,0,,,,,,,,,no_candidate,,,,,,,,,,,,,,,,,no,,,no,
district,云南省,普洱市,思茅区,3,3,4153010676,云南农业大学,本科,no,,comparable_ranking,云南农业大学 在同榜可比名次上优于 滇西应用技术大学（软科 bcur）,strong,resolved_strong,shanghairanking-bcur,shanghairanking-bcur,shanghairanking-bcur,2026,中国大学排名（主榜）,,rankOverall,2026软科 290,290,https://www.shanghairanking.cn/rankings/bcur/2026,campus,profile_campus,4153014623,滇西应用技术大学,本科,shanghairanking-bcur,yes,,云南农业大学|滇西应用技术大学,no,
district,云南省,普洱市,西盟佤族自治县,0,0,,,,,,,,,no_candidate,,,,,,,,,,,,,,,,,no,,,no,
district,云南省,普洱市,镇沅彝族哈尼族拉祜族自治县,0,0,,,,,,,,,no_candidate,,,,,,,,,,,,,,,,,no,,,no,
district,云南省,曲靖市,富源县,0,0,,,,,,,,,no_candidate,,,,,,,,,,,,,,,,,no,,,no,
district,云南省,曲靖市,会泽县,0,0,,,,,,,,,no_candidate,,,,,,,,,,,,,,,,,no,,,no,
district,云南省,曲靖市,陆良县,0,0,,,,,,,,,no_candidate,,,,,,,,,,,,,,,,,no,,,no,
district,云南省,曲靖市,罗平县,0,0,,,,,,,,,no_candidate,,,,,,,,,,,,,,,,,no,,,no,
district,云南省,曲靖市,马龙区,1,1,4153014012,曲靖健康医学院,本科,no,,single_candidate,该行政单元在现行口径下只有 1 个候选，无需比较,policy,resolved_policy,,,,,,,,,,,campus,profile_campus,,,,,no,,曲靖健康医学院,no,
district,云南省,曲靖市,麒麟区,3,3,4153010684,曲靖师范学院,本科,no,,level_order,本科层次优先于更低层次候选（项目层次政策）,policy,resolved_policy,shanghairanking-bcur,shanghairanking-bcur,shanghairanking-bcur,2026,中国大学排名（主榜）,,rankOverall,2026软科 400,400,https://www.shanghairanking.cn/rankings/bcur/2026,campus,profile_campus,,,,,no,,曲靖师范学院,no,no comparable second place: the deciding rule set aside the other 2 candidate(s) without leaving anybody on the winner's own scale
district,云南省,曲靖市,师宗县,0,0,,,,,,,,,no_candidate,,,,,,,,,,,,,,,,,no,,,no,
district,云南省,曲靖市,宣威市,0,0,,,,,,,,,no_candidate,,,,,,,,,,,,,,,,,no,,,no,
district,云南省,曲靖市,沾益区,2,2,4153013136,云南能源职业技术学院,专科,no,,single_ranked_candidate,云南能源职业技术学院 是当前候选里唯一被官方榜单覆盖的学校（软科 bcvcr-public-vocational）,policy,resolved_policy,shanghairanking-bcvcr-public-vocational,shanghairanking-bcvcr-public-vocational,shanghairanking-bcvcr-public-vocational,2026,中国高职专科院校排名（总榜）,理工,rankOverall,2026软科高职专科总榜 423,423,https://www.shanghairanking.cn/rankings/bcvcr/2026623,campus,profile_campus,,,,,no,,云南能源职业技术学院,yes,1 leading candidate(s) carry no official list ranking; no comparable second place: the deciding rule set aside the other 1 candidate(s) without leaving anybody on the winner's own scale
district,云南省,文山壮族苗族自治州,富宁县,0,0,,,,,,,,,no_candidate,,,,,,,,,,,,,,,,,no,,,no,
district,云南省,文山壮族苗族自治州,广南县,0,0,,,,,,,,,no_candidate,,,,,,,,,,,,,,,,,no,,,no,
district,云南省,文山壮族苗族自治州,麻栗坡县,0,0,,,,,,,,,no_candidate,,,,,,,,,,,,,,,,,no,,,no,
district,云南省,文山壮族苗族自治州,马关县,0,0,,,,,,,,,no_candidate,,,,,,,,,,,,,,,,,no,,,no,
district,云南省,文山壮族苗族自治州,丘北县,0,0,,,,,,,,,no_candidate,,,,,,,,,,,,,,,,,no,,,no,
district,云南省,文山壮族苗族自治州,文山市,3,3,4153011556,文山学院,本科,no,,level_order,本科层次优先于更低层次候选（项目层次政策）,policy,resolved_policy,shanghairanking-bcur,shanghairanking-bcur,shanghairanking-bcur,2026,中国大学排名（主榜）,,rankOverall,2026软科 500+,500+,https://www.shanghairanking.cn/rankings/bcur/2026,campus,profile_campus,,,,,no,,文山学院,no,no comparable second place: the deciding rule set aside the other 2 candidate(s) without leaving anybody on the winner's own scale
district,云南省,文山壮族苗族自治州,西畴县,0,0,,,,,,,,,no_candidate,,,,,,,,,,,,,,,,,no,,,no,
district,云南省,文山壮族苗族自治州,砚山县,0,0,,,,,,,,,no_candidate,,,,,,,,,,,,,,,,,no,,,no,
district,云南省,西双版纳傣族自治州,景洪市,3,3,4153010676,云南农业大学,本科,no,,comparable_ranking,云南农业大学 在同榜可比名次上优于 滇西应用技术大学（软科 bcur）；候选池先按层次收敛：本科层次优先于更低层次（项目层次政策）,strong,resolved_strong,shanghairanking-bcur,shanghairanking-bcur,shanghairanking-bcur,2026,中国大学排名（主榜）,,rankOverall,2026软科 290,290,https://www.shanghairanking.cn/rankings/bcur/2026,campus,historical_campus,4153014623,滇西应用技术大学,本科,shanghairanking-bcur,yes,,云南农业大学|滇西应用技术大学,no,
district,云南省,西双版纳傣族自治州,勐海县,0,0,,,,,,,,,no_candidate,,,,,,,,,,,,,,,,,no,,,no,
district,云南省,西双版纳傣族自治州,勐腊县,1,1,4153012826,西双版纳职业技术学院,专科,no,,single_candidate,该行政单元在现行口径下只有 1 个候选，无需比较,policy,resolved_policy,shanghairanking-bcvcr-public-vocational,shanghairanking-bcvcr-public-vocational,shanghairanking-bcvcr-public-vocational,2026,中国高职专科院校排名（总榜）,综合,rankOverall,2026软科高职综合 112+ · 高职专科总榜 500+,500+,https://www.shanghairanking.cn/rankings/bcvcr/2026623,campus,profile_campus,,,,,no,,西双版纳职业技术学院,no,
district,云南省,玉溪市,澄江市,0,0,,,,,,,,,no_candidate,,,,,,,,,,,,,,,,,no,,,no,
district,云南省,玉溪市,峨山彝族自治县,0,0,,,,,,,,,no_candidate,,,,,,,,,,,,,,,,,no,,,no,
district,云南省,玉溪市,红塔区,3,3,4153011390,玉溪师范学院,本科,no,,level_order,本科层次优先于更低层次候选（项目层次政策）,policy,resolved_policy,shanghairanking-bcur,shanghairanking-bcur,shanghairanking-bcur,2026,中国大学排名（主榜）,,rankOverall,2026软科 467,467,https://www.shanghairanking.cn/rankings/bcur/2026,campus,profile_campus,,,,,no,,玉溪师范学院,no,no comparable second place: the deciding rule set aside the other 2 candidate(s) without leaving anybody on the winner's own scale
district,云南省,玉溪市,华宁县,0,0,,,,,,,,,no_candidate,,,,,,,,,,,,,,,,,no,,,no,
district,云南省,玉溪市,江川区,0,0,,,,,,,,,no_candidate,,,,,,,,,,,,,,,,,no,,,no,
district,云南省,玉溪市,通海县,0,0,,,,,,,,,no_candidate,,,,,,,,,,,,,,,,,no,,,no,
district,云南省,玉溪市,新平彝族傣族自治县,0,0,,,,,,,,,no_candidate,,,,,,,,,,,,,,,,,no,,,no,
district,云南省,玉溪市,易门县,0,0,,,,,,,,,no_candidate,,,,,,,,,,,,,,,,,no,,,no,
district,云南省,玉溪市,元江哈尼族彝族傣族自治县,0,0,,,,,,,,,no_candidate,,,,,,,,,,,,,,,,,no,,,no,
district,云南省,昭通市,大关县,0,0,,,,,,,,,no_candidate,,,,,,,,,,,,,,,,,no,,,no,
district,云南省,昭通市,鲁甸县,0,0,,,,,,,,,no_candidate,,,,,,,,,,,,,,,,,no,,,no,
district,云南省,昭通市,巧家县,0,0,,,,,,,,,no_candidate,,,,,,,,,,,,,,,,,no,,,no,
district,云南省,昭通市,水富市,0,0,,,,,,,,,no_candidate,,,,,,,,,,,,,,,,,no,,,no,
district,云南省,昭通市,绥江县,0,0,,,,,,,,,no_candidate,,,,,,,,,,,,,,,,,no,,,no,
district,云南省,昭通市,威信县,0,0,,,,,,,,,no_candidate,,,,,,,,,,,,,,,,,no,,,no,
district,云南省,昭通市,盐津县,0,0,,,,,,,,,no_candidate,,,,,,,,,,,,,,,,,no,,,no,
district,云南省,昭通市,彝良县,0,0,,,,,,,,,no_candidate,,,,,,,,,,,,,,,,,no,,,no,
district,云南省,昭通市,永善县,0,0,,,,,,,,,no_candidate,,,,,,,,,,,,,,,,,no,,,no,
district,云南省,昭通市,昭阳区,3,3,4153010683,昭通学院,本科,no,,level_order,本科层次优先于更低层次候选（项目层次政策）,policy,resolved_policy,shanghairanking-bcur,shanghairanking-bcur,shanghairanking-bcur,2026,中国大学排名（主榜）,,rankOverall,2026软科 500+,500+,https://www.shanghairanking.cn/rankings/bcur/2026,campus,profile_campus,,,,,no,,昭通学院,no,no comparable second place: the deciding rule set aside the other 2 candidate(s) without leaving anybody on the winner's own scale
district,云南省,昭通市,镇雄县,0,0,,,,,,,,,no_candidate,,,,,,,,,,,,,,,,,no,,,no,
district,浙江省,杭州市,滨江区,7,7,4133010344,浙江中医药大学,本科,no,,public_before_private,同层次同标签下公办优先（按当前项目政策，非排名证据）；候选池先按层次收敛：本科层次优先于更低层次（项目层次政策）,policy,resolved_policy,shanghairanking-bcur,shanghairanking-bcur,shanghairanking-bcur,2026,中国中医药大学排名,中医药,rankOverall,2026软科中医药 7 · 主榜参考 127,127,https://www.shanghairanking.cn/rankings/bcur/2026745,campus,profile_campus,4133011483,浙江警察学院,本科,shanghairanking-bcur,yes,,浙江中医药大学|浙江警察学院,yes,
district,浙江省,杭州市,淳安县,2,2,4133012867,浙江旅游职业学院,专科,no,,single_ranked_candidate,浙江旅游职业学院 是当前候选里唯一被官方榜单覆盖的学校（软科 bcvcr-public-vocational）,policy,resolved_policy,shanghairanking-bcvcr-public-vocational,shanghairanking-bcvcr-public-vocational,shanghairanking-bcvcr-public-vocational,2026,中国高职专科院校排名（总榜）,财经,rankOverall,2026软科高职专科总榜 13,13,https://www.shanghairanking.cn/rankings/bcvcr/2026623,campus,profile_campus,,,,,no,,浙江旅游职业学院,yes,1 leading candidate(s) carry no official list ranking; no comparable second place: the deciding rule set aside the other 1 candidate(s) without leaving anybody on the winner's own scale
district,浙江省,杭州市,富阳区,3,3,4133010344,浙江中医药大学,本科,no,,public_before_private,同层次同标签下公办优先（按当前项目政策，非排名证据）；候选池先按层次收敛：本科层次优先于更低层次（项目层次政策）,policy,resolved_policy,shanghairanking-bcur,shanghairanking-bcur,shanghairanking-bcur,2026,中国中医药大学排名,中医药,rankOverall,2026软科中医药 7 · 主榜参考 127,127,https://www.shanghairanking.cn/rankings/bcur/2026745,campus,profile_campus,,,,,no,,浙江中医药大学,yes,no comparable second place: the deciding rule set aside the other 2 candidate(s) without leaving anybody on the winner's own scale
district,浙江省,杭州市,拱墅区,8,8,4133010337,浙江工业大学,本科,no,,public_before_private,同层次同标签下公办优先（按当前项目政策，非排名证据）；公办候选之间再按同榜名次比较；候选池先按层次收敛：本科层次优先于更低层次（项目层次政策）,policy,resolved_policy,shanghairanking-bcur,shanghairanking-bcur,shanghairanking-bcur,2026,中国大学排名（主榜）,,rankOverall,2026软科 68,68,https://www.shanghairanking.cn/rankings/bcur/2026,campus,profile_campus,4111010042,国际关系学院,本科,shanghairanking-bcur,yes,,浙江工业大学|国际关系学院,yes,
district,浙江省,杭州市,建德市,1,1,4133013026,杭州科技职业技术学院,专科,no,,single_candidate,该行政单元在现行口径下只有 1 个候选，无需比较,policy,resolved_policy,shanghairanking-bcvcr-public-vocational,shanghairanking-bcvcr-public-vocational,shanghairanking-bcvcr-public-vocational,2026,中国高职专科院校排名（总榜）,理工,rankOverall,2026软科高职专科总榜 124,124,https://www.shanghairanking.cn/rankings/bcvcr/2026623,campus,verified_campus,,,,,no,,杭州科技职业技术学院,no,
district,浙江省,杭州市,临安区,5,5,4133010336,杭州电子科技大学,本科,no,,comparable_ranking,杭州电子科技大学 在同榜可比名次上优于 浙江农林大学（软科 bcur）,strong,resolved_strong,shanghairanking-bcur,shanghairanking-bcur,shanghairanking-bcur,2026,中国大学排名（主榜）,,rankOverall,2026软科 99,99,https://www.shanghairanking.cn/rankings/bcur/2026,campus,profile_campus,4133010341,浙江农林大学,本科,shanghairanking-bcur,yes,,杭州电子科技大学|浙江农林大学,yes,1 leading candidate(s) carry no official list ranking
district,浙江省,杭州市,临平区,1,1,4133010338,浙江理工大学,本科,no,,single_candidate,该行政单元在现行口径下只有 1 个候选，无需比较,policy,resolved_policy,shanghairanking-bcur,shanghairanking-bcur,shanghairanking-bcur,2026,中国大学排名（主榜）,,rankOverall,2026软科 112,112,https://www.shanghairanking.cn/rankings/bcur/2026,campus,profile_campus,,,,,no,,浙江理工大学,no,
district,浙江省,杭州市,钱塘区,14,14,4133010336,杭州电子科技大学,本科,no,,cross_group_scale_policy,杭州电子科技大学 取自主榜序列；其余候选分属不同榜单体系，名次不可直接比较，按当前项目政策以主榜序列为先；候选池先按层次收敛：本科层次优先于更低层次（项目层次政策）,policy,resolved_policy,shanghairanking-bcur,shanghairanking-bcur,shanghairanking-bcur,2026,中国大学排名（主榜）,,rankOverall,2026软科 99,99,https://www.shanghairanking.cn/rankings/bcur/2026,campus,profile_campus,4133010353,浙江工商大学,本科,shanghairanking-bcur,yes,,杭州电子科技大学|浙江工商大学,no,
district,浙江省,杭州市,上城区,3,3,4133010335,浙江大学,本科,no,985|211|双一流,prestige_tag,985 标签优先于无重点标签（国家官方重点建设名单）,strong,resolved_strong,shanghairanking-bcur,shanghairanking-bcur,shanghairanking-bcur,2026,中国大学排名（主榜）,,rankOverall,2026软科 3,3,https://www.shanghairanking.cn/rankings/bcur/2026,campus,verified_campus,,,,,no,,浙江大学,no,no comparable second place: the deciding rule set aside the other 2 candidate(s) without leaving anybody on the winner's own scale
district,浙江省,杭州市,桐庐县,1,1,4133013290,浙江工商大学杭州商学院,本科,yes,,single_candidate,该行政单元在现行口径下只有 1 个候选，无需比较,policy,resolved_policy,,,,,,,,,,,campus,verified_campus,,,,,no,,浙江工商大学杭州商学院,no,
district,浙江省,杭州市,西湖区,17,17,4133010335,浙江大学,本科,no,985|211|双一流,prestige_tag,985 标签优先于无重点标签（国家官方重点建设名单）,strong,resolved_strong,shanghairanking-bcur,shanghairanking-bcur,shanghairanking-bcur,2026,中国大学排名（主榜）,,rankOverall,2026软科 3,3,https://www.shanghairanking.cn/rankings/bcur/2026,campus,verified_campus,4133010337,浙江工业大学,本科,shanghairanking-bcur,yes,,浙江大学|浙江工业大学,no,
district,浙江省,杭州市,萧山区,8,8,4133010355,中国美术学院,本科,no,双一流,prestige_tag,双一流 标签优先于无重点标签（国家官方重点建设名单）,strong,resolved_strong,,,,,,,,,,,campus,profile_campus,,,,,no,,中国美术学院,no,no comparable second place: the deciding rule set aside the other 7 candidate(s) without leaving anybody on the winner's own scale
district,浙江省,杭州市,余杭区,3,3,4133010355,中国美术学院,本科,no,双一流,prestige_tag,双一流 标签优先于无重点标签（国家官方重点建设名单）,strong,resolved_strong,,,,,,,,,,,campus,verified_campus,,,,,no,,中国美术学院,no,no comparable second place: the deciding rule set aside the other 2 candidate(s) without leaving anybody on the winner's own scale
district,浙江省,湖州市,安吉县,2,2,4133011057,浙江科技大学,本科,no,,level_order,本科层次优先于更低层次候选（项目层次政策）,policy,resolved_policy,shanghairanking-bcur,shanghairanking-bcur,shanghairanking-bcur,2026,中国大学排名（主榜）,,rankOverall,2026软科 232,232,https://www.shanghairanking.cn/rankings/bcur/2026,campus,verified_campus,,,,,no,,浙江科技大学,no,no comparable second place: the deciding rule set aside the other 1 candidate(s) without leaving anybody on the winner's own scale
district,浙江省,湖州市,德清县,1,1,4133010337,浙江工业大学,本科,no,,single_candidate,该行政单元在现行口径下只有 1 个候选，无需比较,policy,resolved_policy,shanghairanking-bcur,shanghairanking-bcur,shanghairanking-bcur,2026,中国大学排名（主榜）,,rankOverall,2026软科 68,68,https://www.shanghairanking.cn/rankings/bcur/2026,campus,profile_campus,,,,,no,,浙江工业大学,no,
district,浙江省,湖州市,南浔区,1,1,4133011481,浙江水利水电学院,本科,no,,single_candidate,该行政单元在现行口径下只有 1 个候选，无需比较,policy,resolved_policy,shanghairanking-bcur,shanghairanking-bcur,shanghairanking-bcur,2026,中国大学排名（主榜）,,rankOverall,2026软科 394,394,https://www.shanghairanking.cn/rankings/bcur/2026,campus,profile_campus,,,,,no,,浙江水利水电学院,no,
district,浙江省,湖州市,吴兴区,4,4,4133010347,湖州师范大学,本科,no,,comparable_ranking,湖州师范大学 在同榜可比名次上优于 湖州学院（软科 bcur）；候选池先按层次收敛：本科层次优先于更低层次（项目层次政策）,strong,resolved_strong,shanghairanking-bcur,shanghairanking-bcur,shanghairanking-bcur,2026,中国大学排名（主榜）,,rankOverall,2026软科 234,234,https://www.shanghairanking.cn/rankings/bcur/2026,campus,profile_campus,4133013287,湖州学院,本科,shanghairanking-bcur,yes,,湖州师范大学|湖州学院,no,
district,浙江省,湖州市,长兴县,2,2,4133012036,浙江交通职业技术学院,专科,no,,single_ranked_candidate,浙江交通职业技术学院 是当前候选里唯一被官方榜单覆盖的学校（软科 bcvcr-public-vocational）,policy,resolved_policy,shanghairanking-bcvcr-public-vocational,shanghairanking-bcvcr-public-vocational,shanghairanking-bcvcr-public-vocational,2026,中国高职专科院校排名（总榜）,理工,rankOverall,2026软科高职专科总榜 12,12,https://www.shanghairanking.cn/rankings/bcvcr/2026623,campus,profile_campus,,,,,no,,浙江交通职业技术学院,yes,1 leading candidate(s) carry no official list ranking; no comparable second place: the deciding rule set aside the other 1 candidate(s) without leaving anybody on the winner's own scale
district,浙江省,嘉兴市,海宁市,4,4,4133010335,浙江大学,本科,no,985|211|双一流,prestige_tag,985 标签优先于无重点标签（国家官方重点建设名单）,strong,resolved_strong,shanghairanking-bcur,shanghairanking-bcur,shanghairanking-bcur,2026,中国大学排名（主榜）,,rankOverall,2026软科 3,3,https://www.shanghairanking.cn/rankings/bcur/2026,campus,verified_campus,4133011482,浙江财经大学,本科,shanghairanking-bcur,yes,,浙江大学|浙江财经大学,no,
district,浙江省,嘉兴市,海盐县,0,0,,,,,,,,,no_candidate,,,,,,,,,,,,,,,,,no,,,no,
district,浙江省,嘉兴市,嘉善县,1,1,4131011833,上海杉达学院,本科,yes,,single_candidate,该行政单元在现行口径下只有 1 个候选，无需比较,policy,resolved_policy,shanghairanking-bcur-private,shanghairanking-bcur-private,shanghairanking-bcur-private,2026,中国民办财经类高校排名,财经,rankOverall,2026软科民办 4,14,https://www.shanghairanking.cn/rankings/bcur/202616,campus,profile_campus,,,,,no,,上海杉达学院,no,
district,浙江省,嘉兴市,南湖区,4,4,4133010354,嘉兴大学,本科,no,,comparable_ranking,嘉兴大学 在同榜可比名次上优于 嘉兴南湖学院（软科 bcur）；候选池先按层次收敛：本科层次优先于更低层次（项目层次政策）,strong,resolved_strong,shanghairanking-bcur,shanghairanking-bcur,shanghairanking-bcur,2026,中国大学排名（主榜）,,rankOverall,2026软科 216,216,https://www.shanghairanking.cn/rankings/bcur/2026,campus,profile_campus,4133013291,嘉兴南湖学院,本科,shanghairanking-bcur,yes,,嘉兴大学|嘉兴南湖学院,yes,1 leading candidate(s) carry no official list ranking
district,浙江省,嘉兴市,平湖市,2,2,4133010354,嘉兴大学,本科,no,,level_order,本科层次优先于更低层次候选（项目层次政策）,policy,resolved_policy,shanghairanking-bcur,shanghairanking-bcur,shanghairanking-bcur,2026,中国大学排名（主榜）,,rankOverall,2026软科 216,216,https://www.shanghairanking.cn/rankings/bcur/2026,campus,profile_campus,,,,,no,,嘉兴大学,no,no comparable second place: the deciding rule set aside the other 1 candidate(s) without leaving anybody on the winner's own scale
district,浙江省,嘉兴市,桐乡市,1,1,4133011647,浙江传媒学院,本科,no,,single_candidate,该行政单元在现行口径下只有 1 个候选，无需比较,policy,resolved_policy,shanghairanking-bcur,shanghairanking-bcur,shanghairanking-bcur,2026,中国语言类大学排名,语言,rankOverall,2026软科语言 8 · 主榜参考 235,235,https://www.shanghairanking.cn/rankings/bcur/202623,campus,profile_campus,,,,,no,,浙江传媒学院,no,
district,浙江省,嘉兴市,秀洲区,1,1,4133013028,嘉兴南洋职业技术学院,专科,yes,,single_candidate,该行政单元在现行口径下只有 1 个候选，无需比较,policy,resolved_policy,shanghairanking-bcvcr-private-vocational,shanghairanking-bcvcr-private-vocational,shanghairanking-bcvcr-private-vocational,2026,民办高职专科院校排名,,ranking,2026软科民办高职专科 29,29,https://www.shanghairanking.cn/rankings/bcvcr/2026633,campus,profile_campus,,,,,no,,嘉兴南洋职业技术学院,no,
district,浙江省,金华市,东阳市,3,3,4133013029,浙江广厦建设职业技术大学,本科,yes,,level_order,本科层次优先于更低层次候选（项目层次政策）,policy,resolved_policy,shanghairanking-bcvcr-private-vocational-undergraduate,shanghairanking-bcvcr-private-vocational-undergraduate,shanghairanking-bcvcr-private-vocational-undergraduate,2026,民办职业本科大学排名,,ranking,2026软科民办职业本科大学 2,2,https://www.shanghairanking.cn/rankings/bcvcr/2026750,campus,profile_campus,,,,,no,,浙江广厦建设职业技术大学,no,no comparable second place: the deciding rule set aside the other 2 candidate(s) without leaving anybody on the winner's own scale
district,浙江省,金华市,金东区,1,1,4133014207,上海财经大学浙江学院,本科,yes,,single_candidate,该行政单元在现行口径下只有 1 个候选，无需比较,policy,resolved_policy,,,,,,,,,,,campus,profile_campus,,,,,no,,上海财经大学浙江学院,no,
district,浙江省,金华市,兰溪市,1,1,4133013276,浙江师范大学行知学院,本科,yes,,single_candidate,该行政单元在现行口径下只有 1 个候选，无需比较,policy,resolved_policy,,,,,,,,,,,campus,profile_campus,,,,,no,,浙江师范大学行知学院,no,
district,浙江省,金华市,磐安县,0,0,,,,,,,,,no_candidate,,,,,,,,,,,,,,,,,no,,,no,
district,浙江省,金华市,浦江县,0,0,,,,,,,,,no_candidate,,,,,,,,,,,,,,,,,no,,,no,
district,浙江省,金华市,武义县,0,0,,,,,,,,,no_candidate,,,,,,,,,,,,,,,,,no,,,no,
district,浙江省,金华市,婺城区,3,3,4133010345,浙江师范大学,本科,no,,cross_group_scale_policy,浙江师范大学 取自主榜序列；其余候选分属不同榜单体系，名次不可直接比较，按当前项目政策以主榜序列为先；候选池先按层次收敛：本科层次优先于更低层次（项目层次政策）,policy,resolved_policy,shanghairanking-bcur,shanghairanking-bcur,shanghairanking-bcur,2026,中国大学排名（主榜）,,rankOverall,2026软科 91,91,https://www.shanghairanking.cn/rankings/bcur/2026,campus,profile_campus,,,,,no,,浙江师范大学,no,no comparable second place: the deciding rule set aside the other 2 candidate(s) without leaving anybody on the winner's own scale
district,浙江省,金华市,义乌市,2,2,4133013292,中国计量大学现代科技学院,本科,yes,,level_order,本科层次优先于更低层次候选（项目层次政策）,policy,resolved_policy,,,,,,,,,,,campus,profile_campus,,,,,no,,中国计量大学现代科技学院,no,no comparable second place: the deciding rule set aside the other 1 candidate(s) without leaving anybody on the winner's own scale
district,浙江省,金华市,永康市,1,1,4133012870,浙江金融职业学院,专科,no,,single_candidate,该行政单元在现行口径下只有 1 个候选，无需比较,policy,resolved_policy,shanghairanking-bcvcr-public-vocational,shanghairanking-bcvcr-public-vocational,shanghairanking-bcvcr-public-vocational,2026,中国高职专科院校排名（总榜）,财经,rankOverall,2026软科高职专科总榜 2,2,https://www.shanghairanking.cn/rankings/bcvcr/2026623,campus,historical_campus,,,,,no,,浙江金融职业学院,no,
district,浙江省,丽水市,缙云县,0,0,,,,,,,,,no_candidate,,,,,,,,,,,,,,,,,no,,,no,
district,浙江省,丽水市,景宁畲族自治县,0,0,,,,,,,,,no_candidate,,,,,,,,,,,,,,,,,no,,,no,
district,浙江省,丽水市,莲都区,2,2,4133010352,丽水学院,本科,no,,level_order,本科层次优先于更低层次候选（项目层次政策）,policy,resolved_policy,shanghairanking-bcur,shanghairanking-bcur,shanghairanking-bcur,2026,中国大学排名（主榜）,,rankOverall,2026软科 365,365,https://www.shanghairanking.cn/rankings/bcur/2026,campus,profile_campus,,,,,no,,丽水学院,no,no comparable second place: the deciding rule set aside the other 1 candidate(s) without leaving anybody on the winner's own scale
district,浙江省,丽水市,龙泉市,0,0,,,,,,,,,no_candidate,,,,,,,,,,,,,,,,,no,,,no,
district,浙江省,丽水市,青田县,0,0,,,,,,,,,no_candidate,,,,,,,,,,,,,,,,,no,,,no,
district,浙江省,丽水市,庆元县,0,0,,,,,,,,,no_candidate,,,,,,,,,,,,,,,,,no,,,no,
district,浙江省,丽水市,松阳县,1,1,4133010352,丽水学院,本科,no,,single_candidate,该行政单元在现行口径下只有 1 个候选，无需比较,policy,resolved_policy,shanghairanking-bcur,shanghairanking-bcur,shanghairanking-bcur,2026,中国大学排名（主榜）,,rankOverall,2026软科 365,365,https://www.shanghairanking.cn/rankings/bcur/2026,campus,profile_campus,,,,,no,,丽水学院,no,
district,浙江省,丽水市,遂昌县,0,0,,,,,,,,,no_candidate,,,,,,,,,,,,,,,,,no,,,no,
district,浙江省,丽水市,云和县,0,0,,,,,,,,,no_candidate,,,,,,,,,,,,,,,,,no,,,no,
district,浙江省,宁波市,北仑区,2,2,4133011646,宁波大学,本科,no,双一流,prestige_tag,双一流 标签优先于无重点标签（国家官方重点建设名单）,strong,resolved_strong,shanghairanking-bcur,shanghairanking-bcur,shanghairanking-bcur,2026,中国大学排名（主榜）,,rankOverall,2026软科 78,78,https://www.shanghairanking.cn/rankings/bcur/2026,campus,profile_campus,,,,,no,,宁波大学,no,no comparable second place: the deciding rule set aside the other 1 candidate(s) without leaving anybody on the winner's own scale
district,浙江省,宁波市,慈溪市,4,4,4133011058,宁波工程学院,本科,no,,public_before_private,同层次同标签下公办优先（按当前项目政策，非排名证据）；候选池先按层次收敛：本科层次优先于更低层次（项目层次政策）,policy,resolved_policy,shanghairanking-bcur,shanghairanking-bcur,shanghairanking-bcur,2026,中国大学排名（主榜）,,rankOverall,2026软科 292,292,https://www.shanghairanking.cn/rankings/bcur/2026,campus,historical_campus,,,,,no,,宁波工程学院,yes,no comparable second place: the deciding rule set aside the other 3 candidate(s) without leaving anybody on the winner's own scale
district,浙江省,宁波市,奉化区,2,2,4133016207,浙江药科职业大学,本科,no,,level_order,本科层次优先于更低层次候选（项目层次政策）,policy,resolved_policy,shanghairanking-bcvcr-public-vocational-undergraduate,shanghairanking-bcvcr-public-vocational-undergraduate,shanghairanking-bcvcr-public-vocational-undergraduate,2026,中国职业本科大学排名,,ranking,2026软科职业本科大学 74,74,https://www.shanghairanking.cn/rankings/bcvcr/2026749,campus,profile_campus,,,,,no,,浙江药科职业大学,no,no comparable second place: the deciding rule set aside the other 1 candidate(s) without leaving anybody on the winner's own scale
district,浙江省,宁波市,海曙区,3,3,4133011058,宁波工程学院,本科,no,,public_before_private,同层次同标签下公办优先（按当前项目政策，非排名证据）；候选池先按层次收敛：本科层次优先于更低层次（项目层次政策）,policy,resolved_policy,shanghairanking-bcur,shanghairanking-bcur,shanghairanking-bcur,2026,中国大学排名（主榜）,,rankOverall,2026软科 292,292,https://www.shanghairanking.cn/rankings/bcur/2026,campus,profile_campus,,,,,no,,宁波工程学院,yes,no comparable second place: the deciding rule set aside the other 2 candidate(s) without leaving anybody on the winner's own scale
district,浙江省,宁波市,江北区,4,4,4133011646,宁波大学,本科,no,双一流,prestige_tag,双一流 标签优先于无重点标签（国家官方重点建设名单）,strong,resolved_strong,shanghairanking-bcur,shanghairanking-bcur,shanghairanking-bcur,2026,中国大学排名（主榜）,,rankOverall,2026软科 78,78,https://www.shanghairanking.cn/rankings/bcur/2026,campus,profile_campus,4133011058,宁波工程学院,本科,shanghairanking-bcur,yes,,宁波大学|宁波工程学院,no,
district,浙江省,宁波市,宁海县,2,2,4133010876,浙江万里学院,本科,no,,level_order,本科层次优先于更低层次候选（项目层次政策）,policy,resolved_policy,shanghairanking-bcur,shanghairanking-bcur,shanghairanking-bcur,2026,中国大学排名（主榜）,,rankOverall,2026软科 312,312,https://www.shanghairanking.cn/rankings/bcur/2026,campus,profile_campus,,,,,no,,浙江万里学院,no,no comparable second place: the deciding rule set aside the other 1 candidate(s) without leaving anybody on the winner's own scale
district,浙江省,宁波市,象山县,1,1,4133013001,宁波财经学院,本科,yes,,single_candidate,该行政单元在现行口径下只有 1 个候选，无需比较,policy,resolved_policy,shanghairanking-bcur-private,shanghairanking-bcur-private,shanghairanking-bcur-private,2026,中国民办财经类高校排名,财经,rankOverall,2026软科民办 1,4,https://www.shanghairanking.cn/rankings/bcur/202616,campus,profile_campus,,,,,no,,宁波财经学院,no,
district,浙江省,宁波市,鄞州区,7,7,4131010269,华东师范大学,本科,no,985|211|双一流,prestige_tag,985 标签优先于无重点标签（国家官方重点建设名单）,strong,resolved_strong,shanghairanking-bcur,shanghairanking-bcur,shanghairanking-bcur,2026,中国大学排名（主榜）,,rankOverall,2026软科 29,29,https://www.shanghairanking.cn/rankings/bcur/2026,campus,historical_campus,4133016301,宁波诺丁汉大学,本科,shanghairanking-bcur,yes,,华东师范大学|宁波诺丁汉大学,no,
district,浙江省,宁波市,余姚市,1,1,4133010863,宁波职业技术大学,本科,no,,single_candidate,该行政单元在现行口径下只有 1 个候选，无需比较,policy,resolved_policy,shanghairanking-bcvcr-public-vocational-undergraduate,shanghairanking-bcvcr-public-vocational-undergraduate,shanghairanking-bcvcr-public-vocational-undergraduate,2026,中国职业本科大学排名,,ranking,2026软科职业本科大学 13,13,https://www.shanghairanking.cn/rankings/bcvcr/2026749,campus,profile_campus,,,,,no,,宁波职业技术大学,no,
district,浙江省,宁波市,镇海区,2,2,4133011646,宁波大学,本科,no,双一流,prestige_tag,双一流 标签优先于无重点标签（国家官方重点建设名单）,strong,resolved_strong,shanghairanking-bcur,shanghairanking-bcur,shanghairanking-bcur,2026,中国大学排名（主榜）,,rankOverall,2026软科 78,78,https://www.shanghairanking.cn/rankings/bcur/2026,campus,profile_campus,,,,,no,,宁波大学,no,no comparable second place: the deciding rule set aside the other 1 candidate(s) without leaving anybody on the winner's own scale
district,浙江省,衢州市,常山县,0,0,,,,,,,,,no_candidate,,,,,,,,,,,,,,,,,no,,,no,
district,浙江省,衢州市,江山市,0,0,,,,,,,,,no_candidate,,,,,,,,,,,,,,,,,no,,,no,
district,浙江省,衢州市,开化县,0,0,,,,,,,,,no_candidate,,,,,,,,,,,,,,,,,no,,,no,
district,浙江省,衢州市,柯城区,2,2,4133011488,衢州学院,本科,no,,level_order,本科层次优先于更低层次候选（项目层次政策）,policy,resolved_policy,shanghairanking-bcur,shanghairanking-bcur,shanghairanking-bcur,2026,中国大学排名（主榜）,,rankOverall,2026软科 379,379,https://www.shanghairanking.cn/rankings/bcur/2026,campus,verified_campus,,,,,no,,衢州学院,no,no comparable second place: the deciding rule set aside the other 1 candidate(s) without leaving anybody on the winner's own scale
district,浙江省,衢州市,龙游县,0,0,,,,,,,,,no_candidate,,,,,,,,,,,,,,,,,no,,,no,
district,浙江省,衢州市,衢江区,0,0,,,,,,,,,no_candidate,,,,,,,,,,,,,,,,,no,,,no,
district,浙江省,绍兴市,柯桥区,4,4,4133010349,绍兴大学,本科,no,,public_before_private,同层次同标签下公办优先（按当前项目政策，非排名证据）；候选池先按层次收敛：本科层次优先于更低层次（项目层次政策）,policy,resolved_policy,shanghairanking-bcur,shanghairanking-bcur,shanghairanking-bcur,2026,中国大学排名（主榜）,,rankOverall,2026软科 264,264,https://www.shanghairanking.cn/rankings/bcur/2026,campus,profile_campus,,,,,no,,绍兴大学,yes,no comparable second place: the deciding rule set aside the other 3 candidate(s) without leaving anybody on the winner's own scale
district,浙江省,绍兴市,上虞区,3,3,4133010349,绍兴大学,本科,no,,public_before_private,同层次同标签下公办优先（按当前项目政策，非排名证据）；候选池先按层次收敛：本科层次优先于更低层次（项目层次政策）,policy,resolved_policy,shanghairanking-bcur,shanghairanking-bcur,shanghairanking-bcur,2026,中国大学排名（主榜）,,rankOverall,2026软科 264,264,https://www.shanghairanking.cn/rankings/bcur/2026,campus,profile_campus,,,,,no,,绍兴大学,yes,no comparable second place: the deciding rule set aside the other 2 candidate(s) without leaving anybody on the winner's own scale
district,浙江省,绍兴市,嵊州市,0,0,,,,,,,,,no_candidate,,,,,,,,,,,,,,,,,no,,,no,
district,浙江省,绍兴市,新昌县,1,1,4133012871,浙江工业职业技术学院,专科,no,,single_candidate,该行政单元在现行口径下只有 1 个候选，无需比较,policy,resolved_policy,shanghairanking-bcvcr-public-vocational,shanghairanking-bcvcr-public-vocational,shanghairanking-bcvcr-public-vocational,2026,中国高职专科院校排名（总榜）,综合,rankOverall,2026软科高职专科总榜 116,116,https://www.shanghairanking.cn/rankings/bcvcr/2026623,campus,profile_campus,,,,,no,,浙江工业职业技术学院,no,
district,浙江省,绍兴市,越城区,8,8,4133010349,绍兴大学,本科,no,,public_before_private,同层次同标签下公办优先（按当前项目政策，非排名证据）；公办候选之间再按同榜名次比较；候选池先按层次收敛：本科层次优先于更低层次（项目层次政策）,policy,resolved_policy,shanghairanking-bcur,shanghairanking-bcur,shanghairanking-bcur,2026,中国大学排名（主榜）,,rankOverall,2026软科 264,264,https://www.shanghairanking.cn/rankings/bcur/2026,campus,profile_campus,4133013288,绍兴理工学院,本科,shanghairanking-bcur,yes,,绍兴大学|绍兴理工学院,yes,
district,浙江省,绍兴市,诸暨市,3,3,4133010341,浙江农林大学,本科,no,,public_before_private,同层次同标签下公办优先（按当前项目政策，非排名证据）；候选池先按层次收敛：本科层次优先于更低层次（项目层次政策）,policy,resolved_policy,shanghairanking-bcur,shanghairanking-bcur,shanghairanking-bcur,2026,中国大学排名（主榜）,,rankOverall,2026软科 149,149,https://www.shanghairanking.cn/rankings/bcur/2026,campus,profile_campus,,,,,no,,浙江农林大学,yes,no comparable second place: the deciding rule set aside the other 2 candidate(s) without leaving anybody on the winner's own scale
district,浙江省,台州市,黄岩区,1,1,4133013746,台州科技职业学院,专科,no,,single_candidate,该行政单元在现行口径下只有 1 个候选，无需比较,policy,resolved_policy,shanghairanking-bcvcr-public-vocational,shanghairanking-bcvcr-public-vocational,shanghairanking-bcvcr-public-vocational,2026,中国高职专科院校排名（总榜）,综合,rankOverall,2026软科高职专科总榜 243,243,https://www.shanghairanking.cn/rankings/bcvcr/2026623,campus,profile_campus,,,,,no,,台州科技职业学院,no,
district,浙江省,台州市,椒江区,2,2,4133010350,台州学院,本科,no,,level_order,本科层次优先于更低层次候选（项目层次政策）,policy,resolved_policy,shanghairanking-bcur,shanghairanking-bcur,shanghairanking-bcur,2026,中国大学排名（主榜）,,rankOverall,2026软科 278,278,https://www.shanghairanking.cn/rankings/bcur/2026,campus,profile_campus,,,,,no,,台州学院,no,no comparable second place: the deciding rule set aside the other 1 candidate(s) without leaving anybody on the winner's own scale
district,浙江省,台州市,临海市,2,2,4133010350,台州学院,本科,no,,level_order,本科层次优先于更低层次候选（项目层次政策）,policy,resolved_policy,shanghairanking-bcur,shanghairanking-bcur,shanghairanking-bcur,2026,中国大学排名（主榜）,,rankOverall,2026软科 278,278,https://www.shanghairanking.cn/rankings/bcur/2026,campus,profile_campus,,,,,no,,台州学院,no,no comparable second place: the deciding rule set aside the other 1 candidate(s) without leaving anybody on the winner's own scale
district,浙江省,台州市,路桥区,0,0,,,,,,,,,no_candidate,,,,,,,,,,,,,,,,,no,,,no,
district,浙江省,台州市,三门县,0,0,,,,,,,,,no_candidate,,,,,,,,,,,,,,,,,no,,,no,
district,浙江省,台州市,天台县,0,0,,,,,,,,,no_candidate,,,,,,,,,,,,,,,,,no,,,no,
district,浙江省,台州市,温岭市,0,0,,,,,,,,,no_candidate,,,,,,,,,,,,,,,,,no,,,no,
district,浙江省,台州市,仙居县,0,0,,,,,,,,,no_candidate,,,,,,,,,,,,,,,,,no,,,no,
district,浙江省,台州市,玉环市,1,1,4133012790,台州职业技术学院,专科,no,,single_candidate,该行政单元在现行口径下只有 1 个候选，无需比较,policy,resolved_policy,shanghairanking-bcvcr-public-vocational,shanghairanking-bcvcr-public-vocational,shanghairanking-bcvcr-public-vocational,2026,中国高职专科院校排名（总榜）,综合,rankOverall,2026软科高职专科总榜 155,155,https://www.shanghairanking.cn/rankings/bcvcr/2026623,campus,profile_campus,,,,,no,,台州职业技术学院,no,
district,浙江省,温州市,苍南县,0,0,,,,,,,,,no_candidate,,,,,,,,,,,,,,,,,no,,,no,
district,浙江省,温州市,洞头区,2,2,4133010343,温州医科大学,本科,no,,public_before_private,同层次同标签下公办优先（按当前项目政策，非排名证据）,policy,resolved_policy,shanghairanking-bcur,shanghairanking-bcur,shanghairanking-bcur,2026,中国医药类大学排名,医药,rankOverall,2026软科医药 11 · 主榜参考 91,91,https://www.shanghairanking.cn/rankings/bcur/202621,campus,profile_campus,,,,,no,,温州医科大学,yes,no comparable second place: the deciding rule set aside the other 1 candidate(s) without leaving anybody on the winner's own scale
district,浙江省,温州市,乐清市,0,0,,,,,,,,,no_candidate,,,,,,,,,,,,,,,,,no,,,no,
district,浙江省,温州市,龙港市,0,0,,,,,,,,,no_candidate,,,,,,,,,,,,,,,,,no,,,no,
district,浙江省,温州市,龙湾区,3,3,4133013289,温州理工学院,本科,no,,level_order,本科层次优先于更低层次候选（项目层次政策）,policy,resolved_policy,shanghairanking-bcur,shanghairanking-bcur,shanghairanking-bcur,2026,中国大学排名（主榜）,,rankOverall,2026软科 360,360,https://www.shanghairanking.cn/rankings/bcur/2026,campus,profile_campus,,,,,no,,温州理工学院,no,no comparable second place: the deciding rule set aside the other 2 candidate(s) without leaving anybody on the winner's own scale
district,浙江省,温州市,鹿城区,6,6,4133010343,温州医科大学,本科,no,,public_before_private,同层次同标签下公办优先（按当前项目政策，非排名证据）；候选池先按层次收敛：本科层次优先于更低层次（项目层次政策）,policy,resolved_policy,shanghairanking-bcur,shanghairanking-bcur,shanghairanking-bcur,2026,中国医药类大学排名,医药,rankOverall,2026软科医药 11 · 主榜参考 91,91,https://www.shanghairanking.cn/rankings/bcur/202621,campus,profile_campus,4133010351,温州大学,本科,shanghairanking-bcur,yes,,温州医科大学|温州大学,yes,
district,浙江省,温州市,瓯海区,9,9,4133010343,温州医科大学,本科,no,,public_before_private,同层次同标签下公办优先（按当前项目政策，非排名证据）；候选池先按层次收敛：本科层次优先于更低层次（项目层次政策）,policy,resolved_policy,shanghairanking-bcur,shanghairanking-bcur,shanghairanking-bcur,2026,中国医药类大学排名,医药,rankOverall,2026软科医药 11 · 主榜参考 91,91,https://www.shanghairanking.cn/rankings/bcur/202621,campus,profile_campus,4133010351,温州大学,本科,shanghairanking-bcur,yes,,温州医科大学|温州大学,yes,
district,浙江省,温州市,平阳县,0,0,,,,,,,,,no_candidate,,,,,,,,,,,,,,,,,no,,,no,
district,浙江省,温州市,瑞安市,1,1,4133010864,温州职业技术大学,本科,no,,single_candidate,该行政单元在现行口径下只有 1 个候选，无需比较,policy,resolved_policy,shanghairanking-bcvcr-public-vocational-undergraduate,shanghairanking-bcvcr-public-vocational-undergraduate,shanghairanking-bcvcr-public-vocational-undergraduate,2026,中国职业本科大学排名,,ranking,2026软科职业本科大学 24,24,https://www.shanghairanking.cn/rankings/bcvcr/2026749,campus,profile_campus,,,,,no,,温州职业技术大学,no,
district,浙江省,温州市,泰顺县,0,0,,,,,,,,,no_candidate,,,,,,,,,,,,,,,,,no,,,no,
district,浙江省,温州市,文成县,1,1,4133013002,浙江东方职业技术学院,专科,yes,,single_candidate,该行政单元在现行口径下只有 1 个候选，无需比较,policy,resolved_policy,shanghairanking-bcvcr-private-vocational,shanghairanking-bcvcr-private-vocational,shanghairanking-bcvcr-private-vocational,2026,民办高职专科院校排名,,ranking,2026软科民办高职专科 4,4,https://www.shanghairanking.cn/rankings/bcvcr/2026633,campus,profile_campus,,,,,no,,浙江东方职业技术学院,no,
district,浙江省,温州市,永嘉县,1,1,4133010864,温州职业技术大学,本科,no,,single_candidate,该行政单元在现行口径下只有 1 个候选，无需比较,policy,resolved_policy,shanghairanking-bcvcr-public-vocational-undergraduate,shanghairanking-bcvcr-public-vocational-undergraduate,shanghairanking-bcvcr-public-vocational-undergraduate,2026,中国职业本科大学排名,,ranking,2026软科职业本科大学 24,24,https://www.shanghairanking.cn/rankings/bcvcr/2026749,campus,profile_campus,,,,,no,,温州职业技术大学,no,
district,浙江省,舟山市,岱山县,1,1,4133013853,浙江国际海运职业技术学院,专科,no,,single_candidate,该行政单元在现行口径下只有 1 个候选，无需比较,policy,resolved_policy,shanghairanking-bcvcr-public-vocational,shanghairanking-bcvcr-public-vocational,shanghairanking-bcvcr-public-vocational,2026,中国高职专科院校排名（总榜）,理工,rankOverall,2026软科高职专科总榜 366,366,https://www.shanghairanking.cn/rankings/bcvcr/2026623,campus,profile_campus,,,,,no,,浙江国际海运职业技术学院,no,
district,浙江省,舟山市,定海区,3,3,4133010335,浙江大学,本科,no,985|211|双一流,prestige_tag,985 标签优先于无重点标签（国家官方重点建设名单）,strong,resolved_strong,shanghairanking-bcur,shanghairanking-bcur,shanghairanking-bcur,2026,中国大学排名（主榜）,,rankOverall,2026软科 3,3,https://www.shanghairanking.cn/rankings/bcur/2026,campus,profile_campus,4133010340,浙江海洋大学,本科,shanghairanking-bcur,yes,,浙江大学|浙江海洋大学,no,
district,浙江省,舟山市,普陀区,1,1,4133016408,浙江舟山群岛新区旅游与健康职业学院,专科,no,,single_candidate,该行政单元在现行口径下只有 1 个候选，无需比较,policy,resolved_policy,shanghairanking-bcvcr-public-vocational,shanghairanking-bcvcr-public-vocational,shanghairanking-bcvcr-public-vocational,2026,中国高职专科院校排名（总榜）,财经,rankOverall,2026软科高职财经 56+ · 高职专科总榜 500+,500+,https://www.shanghairanking.cn/rankings/bcvcr/2026623,campus,profile_campus,,,,,no,,浙江舟山群岛新区旅游与健康职业学院,no,
district,浙江省,舟山市,嵊泗县,0,0,,,,,,,,,no_candidate,,,,,,,,,,,,,,,,,no,,,no,
