id,uid,universityName,rankingId,agency,rankingName,edition,rank,rankDisplay,rankLower,rankUpper,rankMidpoint,referenceRank,referenceRankOrRank,nationalRank,score,category,scope,sourceUrl,publishedAt,retrievedAt,verified,notes,displayLabel
RANK_SR_BCUR_2026_4111010003,4111010003,清华大学,shanghairanking-bcur,ShanghaiRanking,软科中国大学排名,2026,1,1,,,1.0,1,1,,1087.1,主榜,China-mainland,https://www.shanghairanking.cn/rankings/bcur/202610,,2026-09-13,True,软科官方公开 API；rankDisplay 保留榜单显示名次，referenceRank 使用官方 rankOverall/主榜参考位次；分类榜名次不冒充全国主榜名次。,2026软科 1
RANK_SR_BCUR_2026_4111010001,4111010001,北京大学,shanghairanking-bcur,ShanghaiRanking,软科中国大学排名,2026,2,2,,,2.0,2,2,,1036.3,主榜,China-mainland,https://www.shanghairanking.cn/rankings/bcur/202610,,2026-09-13,True,软科官方公开 API；rankDisplay 保留榜单显示名次，referenceRank 使用官方 rankOverall/主榜参考位次；分类榜名次不冒充全国主榜名次。,2026软科 2
RANK_SR_BCUR_2026_4133010335,4133010335,浙江大学,shanghairanking-bcur,ShanghaiRanking,软科中国大学排名,2026,3,3,,,3.0,3,3,,895.6,主榜,China-mainland,https://www.shanghairanking.cn/rankings/bcur/202610,,2026-09-13,True,软科官方公开 API；rankDisplay 保留榜单显示名次，referenceRank 使用官方 rankOverall/主榜参考位次；分类榜名次不冒充全国主榜名次。,2026软科 3
RANK_SR_BCUR_2026_4131010248,4131010248,上海交通大学,shanghairanking-bcur,ShanghaiRanking,软科中国大学排名,2026,4,4,,,4.0,4,4,,894.2,主榜,China-mainland,https://www.shanghairanking.cn/rankings/bcur/202610,,2026-09-13,True,软科官方公开 API；rankDisplay 保留榜单显示名次，referenceRank 使用官方 rankOverall/主榜参考位次；分类榜名次不冒充全国主榜名次。,2026软科 4
RANK_SR_BCUR_2026_4131010246,4131010246,复旦大学,shanghairanking-bcur,ShanghaiRanking,软科中国大学排名,2026,5,5,,,5.0,5,5,,792.4,主榜,China-mainland,https://www.shanghairanking.cn/rankings/bcur/202610,,2026-09-13,True,软科官方公开 API；rankDisplay 保留榜单显示名次，referenceRank 使用官方 rankOverall/主榜参考位次；分类榜名次不冒充全国主榜名次。,2026软科 5
RANK_SR_BCUR_2026_4132010284,4132010284,南京大学,shanghairanking-bcur,ShanghaiRanking,软科中国大学排名,2026,6,6,,,6.0,6,6,,708.5,主榜,China-mainland,https://www.shanghairanking.cn/rankings/bcur/202610,,2026-09-13,True,软科官方公开 API；rankDisplay 保留榜单显示名次，referenceRank 使用官方 rankOverall/主榜参考位次；分类榜名次不冒充全国主榜名次。,2026软科 6
RANK_SR_BCUR_2026_4134010358,4134010358,中国科学技术大学,shanghairanking-bcur,ShanghaiRanking,软科中国大学排名,2026,7,7,,,7.0,7,7,,653.1,主榜,China-mainland,https://www.shanghairanking.cn/rankings/bcur/202610,,2026-09-13,True,软科官方公开 API；rankDisplay 保留榜单显示名次，referenceRank 使用官方 rankOverall/主榜参考位次；分类榜名次不冒充全国主榜名次。,2026软科 7
RANK_SR_BCUR_2026_4142010486,4142010486,武汉大学,shanghairanking-bcur,ShanghaiRanking,软科中国大学排名,2026,8,8,,,8.0,8,8,,638.7,主榜,China-mainland,https://www.shanghairanking.cn/rankings/bcur/202610,,2026-09-13,True,软科官方公开 API；rankDisplay 保留榜单显示名次，referenceRank 使用官方 rankOverall/主榜参考位次；分类榜名次不冒充全国主榜名次。,2026软科 8
RANK_SR_BCUR_2026_4142010487,4142010487,华中科技大学,shanghairanking-bcur,ShanghaiRanking,软科中国大学排名,2026,9,9,,,9.0,9,9,,638,主榜,China-mainland,https://www.shanghairanking.cn/rankings/bcur/202610,,2026-09-13,True,软科官方公开 API；rankDisplay 保留榜单显示名次，referenceRank 使用官方 rankOverall/主榜参考位次；分类榜名次不冒充全国主榜名次。,2026软科 9
RANK_SR_BCUR_2026_4161010698,4161010698,西安交通大学,shanghairanking-bcur,ShanghaiRanking,软科中国大学排名,2026,10,10,,,10.0,10,10,,620.8,主榜,China-mainland,https://www.shanghairanking.cn/rankings/bcur/202610,,2026-09-13,True,软科官方公开 API；rankDisplay 保留榜单显示名次，referenceRank 使用官方 rankOverall/主榜参考位次；分类榜名次不冒充全国主榜名次。,2026软科 10
RANK_SR_BCUR_2026_4111010006,4111010006,北京航空航天大学,shanghairanking-bcur,ShanghaiRanking,软科中国大学排名,2026,11,11,,,11.0,11,11,,612.8,主榜,China-mainland,https://www.shanghairanking.cn/rankings/bcur/202610,,2026-09-13,True,软科官方公开 API；rankDisplay 保留榜单显示名次，referenceRank 使用官方 rankOverall/主榜参考位次；分类榜名次不冒充全国主榜名次。,2026软科 11
RANK_SR_BCUR_2026_4123010213,4123010213,哈尔滨工业大学,shanghairanking-bcur,ShanghaiRanking,软科中国大学排名,2026,12,12,,,12.0,12,12,,607.7,主榜,China-mainland,https://www.shanghairanking.cn/rankings/bcur/202610,,2026-09-13,True,软科官方公开 API；rankDisplay 保留榜单显示名次，referenceRank 使用官方 rankOverall/主榜参考位次；分类榜名次不冒充全国主榜名次。,2026软科 12
RANK_SR_BCUR_2026_4144010558,4144010558,中山大学,shanghairanking-bcur,ShanghaiRanking,软科中国大学排名,2026,13,13,,,13.0,13,13,,597.6,主榜,China-mainland,https://www.shanghairanking.cn/rankings/bcur/202610,,2026-09-13,True,软科官方公开 API；rankDisplay 保留榜单显示名次，referenceRank 使用官方 rankOverall/主榜参考位次；分类榜名次不冒充全国主榜名次。,2026软科 13
RANK_SR_BCUR_2026_4111010023,4111010023,北京协和医学院,shanghairanking-bcur,ShanghaiRanking,软科中国大学排名,2026,1,医1,,,1.0,14,14,,,医药,China-mainland,https://www.shanghairanking.cn/rankings/bcur/202610,,2026-09-13,True,软科官方公开 API；rankDisplay 保留榜单显示名次，referenceRank 使用官方 rankOverall/主榜参考位次；分类榜名次不冒充全国主榜名次。,2026软科医药 医1 · 主榜参考 14
RANK_SR_BCUR_2026_4111010007,4111010007,北京理工大学,shanghairanking-bcur,ShanghaiRanking,软科中国大学排名,2026,14,14,,,14.0,14,14,,595.4,主榜,China-mainland,https://www.shanghairanking.cn/rankings/bcur/202610,,2026-09-13,True,软科官方公开 API；rankDisplay 保留榜单显示名次，referenceRank 使用官方 rankOverall/主榜参考位次；分类榜名次不冒充全国主榜名次。,2026软科 14
RANK_SR_BCUR_2026_4132010286,4132010286,东南大学,shanghairanking-bcur,ShanghaiRanking,软科中国大学排名,2026,15,15,,,15.0,15,15,,592.3,主榜,China-mainland,https://www.shanghairanking.cn/rankings/bcur/202610,,2026-09-13,True,软科官方公开 API；rankDisplay 保留榜单显示名次，referenceRank 使用官方 rankOverall/主榜参考位次；分类榜名次不冒充全国主榜名次。,2026软科 15
RANK_SR_BCUR_2026_4151010610,4151010610,四川大学,shanghairanking-bcur,ShanghaiRanking,软科中国大学排名,2026,16,16,,,16.0,16,16,,581.3,主榜,China-mainland,https://www.shanghairanking.cn/rankings/bcur/202610,,2026-09-13,True,软科官方公开 API；rankDisplay 保留榜单显示名次，referenceRank 使用官方 rankOverall/主榜参考位次；分类榜名次不冒充全国主榜名次。,2026软科 16
RANK_SR_BCUR_2026_4111010002,4111010002,中国人民大学,shanghairanking-bcur,ShanghaiRanking,软科中国大学排名,2026,17,17,,,17.0,17,17,,558.1,主榜,China-mainland,https://www.shanghairanking.cn/rankings/bcur/202610,,2026-09-13,True,软科官方公开 API；rankDisplay 保留榜单显示名次，referenceRank 使用官方 rankOverall/主榜参考位次；分类榜名次不冒充全国主榜名次。,2026软科 17
RANK_SR_BCUR_2026_4131010247,4131010247,同济大学,shanghairanking-bcur,ShanghaiRanking,软科中国大学排名,2026,18,18,,,18.0,18,18,,556.6,主榜,China-mainland,https://www.shanghairanking.cn/rankings/bcur/202610,,2026-09-13,True,软科官方公开 API；rankDisplay 保留榜单显示名次，referenceRank 使用官方 rankOverall/主榜参考位次；分类榜名次不冒充全国主榜名次。,2026软科 18
RANK_SR_BCUR_2026_4111010027,4111010027,北京师范大学,shanghairanking-bcur,ShanghaiRanking,软科中国大学排名,2026,19,19,,,19.0,19,19,,553.2,主榜,China-mainland,https://www.shanghairanking.cn/rankings/bcur/202610,,2026-09-13,True,软科官方公开 API；rankDisplay 保留榜单显示名次，referenceRank 使用官方 rankOverall/主榜参考位次；分类榜名次不冒充全国主榜名次。,2026软科 19
RANK_SR_BCUR_2026_4112010056,4112010056,天津大学,shanghairanking-bcur,ShanghaiRanking,软科中国大学排名,2026,20,20,,,20.0,20,20,,544.2,主榜,China-mainland,https://www.shanghairanking.cn/rankings/bcur/202610,,2026-09-13,True,软科官方公开 API；rankDisplay 保留榜单显示名次，referenceRank 使用官方 rankOverall/主榜参考位次；分类榜名次不冒充全国主榜名次。,2026软科 20
RANK_SR_BCUR_2026_4112010055,4112010055,南开大学,shanghairanking-bcur,ShanghaiRanking,软科中国大学排名,2026,21,21,,,21.0,21,21,,528.8,主榜,China-mainland,https://www.shanghairanking.cn/rankings/bcur/202610,,2026-09-13,True,软科官方公开 API；rankDisplay 保留榜单显示名次，referenceRank 使用官方 rankOverall/主榜参考位次；分类榜名次不冒充全国主榜名次。,2026软科 21
RANK_SR_BCUR_2026_4137010422,4137010422,山东大学,shanghairanking-bcur,ShanghaiRanking,软科中国大学排名,2026,22,22,,,22.0,22,22,,527.1,主榜,China-mainland,https://www.shanghairanking.cn/rankings/bcur/202610,,2026-09-13,True,软科官方公开 API；rankDisplay 保留榜单显示名次，referenceRank 使用官方 rankOverall/主榜参考位次；分类榜名次不冒充全国主榜名次。,2026软科 22
RANK_SR_BCUR_2026_4161010699,4161010699,西北工业大学,shanghairanking-bcur,ShanghaiRanking,软科中国大学排名,2026,23,23,,,23.0,23,23,,519.2,主榜,China-mainland,https://www.shanghairanking.cn/rankings/bcur/202610,,2026-09-13,True,软科官方公开 API；rankDisplay 保留榜单显示名次，referenceRank 使用官方 rankOverall/主榜参考位次；分类榜名次不冒充全国主榜名次。,2026软科 23
RANK_SR_BCUR_2026_4111010019,4111010019,中国农业大学,shanghairanking-bcur,ShanghaiRanking,软科中国大学排名,2026,24,24,,,24.0,24,24,,519.1,主榜,China-mainland,https://www.shanghairanking.cn/rankings/bcur/202610,,2026-09-13,True,软科官方公开 API；rankDisplay 保留榜单显示名次，referenceRank 使用官方 rankOverall/主榜参考位次；分类榜名次不冒充全国主榜名次。,2026软科 24
RANK_SR_BCUR_2026_4135010384,4135010384,厦门大学,shanghairanking-bcur,ShanghaiRanking,软科中国大学排名,2026,25,25,,,25.0,25,25,,512.5,主榜,China-mainland,https://www.shanghairanking.cn/rankings/bcur/202610,,2026-09-13,True,软科官方公开 API；rankDisplay 保留榜单显示名次，referenceRank 使用官方 rankOverall/主榜参考位次；分类榜名次不冒充全国主榜名次。,2026软科 25
RANK_SR_BCUR_2026_4122010183,4122010183,吉林大学,shanghairanking-bcur,ShanghaiRanking,软科中国大学排名,2026,26,26,,,26.0,26,26,,498.2,主榜,China-mainland,https://www.shanghairanking.cn/rankings/bcur/202610,,2026-09-13,True,软科官方公开 API；rankDisplay 保留榜单显示名次，referenceRank 使用官方 rankOverall/主榜参考位次；分类榜名次不冒充全国主榜名次。,2026软科 26
RANK_SR_BCUR_2026_4143010533,4143010533,中南大学,shanghairanking-bcur,ShanghaiRanking,软科中国大学排名,2026,27,27,,,27.0,27,27,,497,主榜,China-mainland,https://www.shanghairanking.cn/rankings/bcur/202610,,2026-09-13,True,软科官方公开 API；rankDisplay 保留榜单显示名次，referenceRank 使用官方 rankOverall/主榜参考位次；分类榜名次不冒充全国主榜名次。,2026软科 27
RANK_SR_BCUR_2026_4121010141,4121010141,大连理工大学,shanghairanking-bcur,ShanghaiRanking,软科中国大学排名,2026,28,28,,,28.0,28,28,,495.4,主榜,China-mainland,https://www.shanghairanking.cn/rankings/bcur/202610,,2026-09-13,True,软科官方公开 API；rankDisplay 保留榜单显示名次，referenceRank 使用官方 rankOverall/主榜参考位次；分类榜名次不冒充全国主榜名次。,2026软科 28
RANK_SR_BCUR_2026_4131010269,4131010269,华东师范大学,shanghairanking-bcur,ShanghaiRanking,软科中国大学排名,2026,29,29,,,29.0,29,29,,469.1,主榜,China-mainland,https://www.shanghairanking.cn/rankings/bcur/202610,,2026-09-13,True,软科官方公开 API；rankDisplay 保留榜单显示名次，referenceRank 使用官方 rankOverall/主榜参考位次；分类榜名次不冒充全国主榜名次。,2026软科 29
RANK_SR_BCUR_2026_4144014325,4144014325,南方科技大学,shanghairanking-bcur,ShanghaiRanking,软科中国大学排名,2026,30,30,,,30.0,30,30,,466.9,主榜,China-mainland,https://www.shanghairanking.cn/rankings/bcur/202610,,2026-09-13,True,软科官方公开 API；rankDisplay 保留榜单显示名次，referenceRank 使用官方 rankOverall/主榜参考位次；分类榜名次不冒充全国主榜名次。,2026软科 30
RANK_SR_BCUR_2026_4143010532,4143010532,湖南大学,shanghairanking-bcur,ShanghaiRanking,软科中国大学排名,2026,31,31,,,31.0,31,31,,464.1,主榜,China-mainland,https://www.shanghairanking.cn/rankings/bcur/202610,,2026-09-13,True,软科官方公开 API；rankDisplay 保留榜单显示名次，referenceRank 使用官方 rankOverall/主榜参考位次；分类榜名次不冒充全国主榜名次。,2026软科 31
RANK_SR_BCUR_2026_4144010561,4144010561,华南理工大学,shanghairanking-bcur,ShanghaiRanking,软科中国大学排名,2026,32,32,,,32.0,32,32,,456.4,主榜,China-mainland,https://www.shanghairanking.cn/rankings/bcur/202610,,2026-09-13,True,软科官方公开 API；rankDisplay 保留榜单显示名次，referenceRank 使用官方 rankOverall/主榜参考位次；分类榜名次不冒充全国主榜名次。,2026软科 32
RANK_SR_BCUR_2026_4151010614,4151010614,电子科技大学,shanghairanking-bcur,ShanghaiRanking,软科中国大学排名,2026,33,33,,,33.0,33,33,,453.6,主榜,China-mainland,https://www.shanghairanking.cn/rankings/bcur/202610,,2026-09-13,True,软科官方公开 API；rankDisplay 保留榜单显示名次，referenceRank 使用官方 rankOverall/主榜参考位次；分类榜名次不冒充全国主榜名次。,2026软科 33
RANK_SR_BCUR_2026_4150010611,4150010611,重庆大学,shanghairanking-bcur,ShanghaiRanking,软科中国大学排名,2026,34,34,,,34.0,34,34,,436,主榜,China-mainland,https://www.shanghairanking.cn/rankings/bcur/202610,,2026-09-13,True,软科官方公开 API；rankDisplay 保留榜单显示名次，referenceRank 使用官方 rankOverall/主榜参考位次；分类榜名次不冒充全国主榜名次。,2026软科 34
RANK_SR_BCUR_2026_4131010272,4131010272,上海财经大学,shanghairanking-bcur,ShanghaiRanking,软科中国大学排名,2026,1,财1,,,1.0,35,35,,,财经,China-mainland,https://www.shanghairanking.cn/rankings/bcur/202610,,2026-09-13,True,软科官方公开 API；rankDisplay 保留榜单显示名次，referenceRank 使用官方 rankOverall/主榜参考位次；分类榜名次不冒充全国主榜名次。,2026软科财经 财1 · 主榜参考 35
RANK_SR_BCUR_2026_4111010008,4111010008,北京科技大学,shanghairanking-bcur,ShanghaiRanking,软科中国大学排名,2026,35,35,,,35.0,35,35,,429.3,主榜,China-mainland,https://www.shanghairanking.cn/rankings/bcur/202610,,2026-09-13,True,软科官方公开 API；rankDisplay 保留榜单显示名次，referenceRank 使用官方 rankOverall/主榜参考位次；分类榜名次不冒充全国主榜名次。,2026软科 35
RANK_SR_BCUR_2026_4132010288,4132010288,南京理工大学,shanghairanking-bcur,ShanghaiRanking,软科中国大学排名,2026,36,36,,,36.0,36,36,,419.3,主榜,China-mainland,https://www.shanghairanking.cn/rankings/bcur/202610,,2026-09-13,True,软科官方公开 API；rankDisplay 保留榜单显示名次，referenceRank 使用官方 rankOverall/主榜参考位次；分类榜名次不冒充全国主榜名次。,2026软科 36
RANK_SR_BCUR_2026_4132010287,4132010287,南京航空航天大学,shanghairanking-bcur,ShanghaiRanking,软科中国大学排名,2026,37,37,,,37.0,37,37,,417.4,主榜,China-mainland,https://www.shanghairanking.cn/rankings/bcur/202610,,2026-09-13,True,软科官方公开 API；rankDisplay 保留榜单显示名次，referenceRank 使用官方 rankOverall/主榜参考位次；分类榜名次不冒充全国主榜名次。,2026软科 37
RANK_SR_BCUR_2026_4111010025,4111010025,首都医科大学,shanghairanking-bcur,ShanghaiRanking,软科中国大学排名,2026,2,医2,,,2.0,37,37,,,医药,China-mainland,https://www.shanghairanking.cn/rankings/bcur/202610,,2026-09-13,True,软科官方公开 API；rankDisplay 保留榜单显示名次，referenceRank 使用官方 rankOverall/主榜参考位次；分类榜名次不冒充全国主榜名次。,2026软科医药 医2 · 主榜参考 37
RANK_SR_BCUR_2026_4121010145,4121010145,东北大学,shanghairanking-bcur,ShanghaiRanking,软科中国大学排名,2026,38,38,,,38.0,38,38,,398.7,主榜,China-mainland,https://www.shanghairanking.cn/rankings/bcur/202610,,2026-09-13,True,软科官方公开 API；rankDisplay 保留榜单显示名次，referenceRank 使用官方 rankOverall/主榜参考位次；分类榜名次不冒充全国主榜名次。,2026软科 38
RANK_SR_BCUR_2026_4161010701,4161010701,西安电子科技大学,shanghairanking-bcur,ShanghaiRanking,软科中国大学排名,2026,39,39,,,39.0,39,39,,391.5,主榜,China-mainland,https://www.shanghairanking.cn/rankings/bcur/202610,,2026-09-13,True,软科官方公开 API；rankDisplay 保留榜单显示名次，referenceRank 使用官方 rankOverall/主榜参考位次；分类榜名次不冒充全国主榜名次。,2026软科 39
RANK_SR_BCUR_2026_4144016407,4144016407,香港中文大学（深圳）,shanghairanking-bcur,ShanghaiRanking,软科中国大学排名,2026,1,合作1,,,1.0,39,39,,,综合,China-mainland,https://www.shanghairanking.cn/rankings/bcur/202610,,2026-09-13,True,软科官方公开 API；rankDisplay 保留榜单显示名次，referenceRank 使用官方 rankOverall/主榜参考位次；分类榜名次不冒充全国主榜名次。,2026软科 合作1
RANK_SR_BCUR_2026_4162010730,4162010730,兰州大学,shanghairanking-bcur,ShanghaiRanking,软科中国大学排名,2026,40,40,,,40.0,40,40,,388.4,主榜,China-mainland,https://www.shanghairanking.cn/rankings/bcur/202610,,2026-09-13,True,软科官方公开 API；rankDisplay 保留榜单显示名次，referenceRank 使用官方 rankOverall/主榜参考位次；分类榜名次不冒充全国主榜名次。,2026软科 40
RANK_SR_BCUR_2026_4111010004,4111010004,北京交通大学,shanghairanking-bcur,ShanghaiRanking,软科中国大学排名,2026,41,41,,,41.0,41,41,,381.1,主榜,China-mainland,https://www.shanghairanking.cn/rankings/bcur/202610,,2026-09-13,True,软科官方公开 API；rankDisplay 保留榜单显示名次，referenceRank 使用官方 rankOverall/主榜参考位次；分类榜名次不冒充全国主榜名次。,2026软科 41
RANK_SR_BCUR_2026_4111010034,4111010034,中央财经大学,shanghairanking-bcur,ShanghaiRanking,软科中国大学排名,2026,2,财2,,,2.0,42,42,,,财经,China-mainland,https://www.shanghairanking.cn/rankings/bcur/202610,,2026-09-13,True,软科官方公开 API；rankDisplay 保留榜单显示名次，referenceRank 使用官方 rankOverall/主榜参考位次；分类榜名次不冒充全国主榜名次。,2026软科财经 财2 · 主榜参考 42
RANK_SR_BCUR_2026_4131010251,4131010251,华东理工大学,shanghairanking-bcur,ShanghaiRanking,软科中国大学排名,2026,42,42,,,42.0,42,42,,380.4,主榜,China-mainland,https://www.shanghairanking.cn/rankings/bcur/202610,,2026-09-13,True,软科官方公开 API；rankDisplay 保留榜单显示名次，referenceRank 使用官方 rankOverall/主榜参考位次；分类榜名次不冒充全国主榜名次。,2026软科 42
RANK_SR_BCUR_2026_4144012121,4144012121,南方医科大学,shanghairanking-bcur,ShanghaiRanking,软科中国大学排名,2026,3,医3,,,3.0,42,42,,,医药,China-mainland,https://www.shanghairanking.cn/rankings/bcur/202610,,2026-09-13,True,软科官方公开 API；rankDisplay 保留榜单显示名次，referenceRank 使用官方 rankOverall/主榜参考位次；分类榜名次不冒充全国主榜名次。,2026软科医药 医3 · 主榜参考 42
RANK_SR_BCUR_2026_4123010217,4123010217,哈尔滨工程大学,shanghairanking-bcur,ShanghaiRanking,软科中国大学排名,2026,43,43,,,43.0,43,43,,380.1,主榜,China-mainland,https://www.shanghairanking.cn/rankings/bcur/202610,,2026-09-13,True,软科官方公开 API；rankDisplay 保留榜单显示名次，referenceRank 使用官方 rankOverall/主榜参考位次；分类榜名次不冒充全国主榜名次。,2026软科 43
RANK_SR_BCUR_2026_4141010459,4141010459,郑州大学,shanghairanking-bcur,ShanghaiRanking,软科中国大学排名,2026,44,44,,,44.0,44,44,,380,主榜,China-mainland,https://www.shanghairanking.cn/rankings/bcur/202610,,2026-09-13,True,软科官方公开 API；rankDisplay 保留榜单显示名次，referenceRank 使用官方 rankOverall/主榜参考位次；分类榜名次不冒充全国主榜名次。,2026软科 44
RANK_SR_BCUR_2026_4142010504,4142010504,华中农业大学,shanghairanking-bcur,ShanghaiRanking,软科中国大学排名,2026,45,45,,,45.0,45,45,,375.6,主榜,China-mainland,https://www.shanghairanking.cn/rankings/bcur/202610,,2026-09-13,True,软科官方公开 API；rankDisplay 保留榜单显示名次，referenceRank 使用官方 rankOverall/主榜参考位次；分类榜名次不冒充全国主榜名次。,2026软科 45
RANK_SR_BCUR_2026_4132010312,4132010312,南京医科大学,shanghairanking-bcur,ShanghaiRanking,软科中国大学排名,2026,4,医4,,,4.0,45,45,,,医药,China-mainland,https://www.shanghairanking.cn/rankings/bcur/202610,,2026-09-13,True,软科官方公开 API；rankDisplay 保留榜单显示名次，referenceRank 使用官方 rankOverall/主榜参考位次；分类榜名次不冒充全国主榜名次。,2026软科医药 医4 · 主榜参考 45
RANK_SR_BCUR_2026_4132010285,4132010285,苏州大学,shanghairanking-bcur,ShanghaiRanking,软科中国大学排名,2026,46,46,,,46.0,46,46,,374.4,主榜,China-mainland,https://www.shanghairanking.cn/rankings/bcur/202610,,2026-09-13,True,软科官方公开 API；rankDisplay 保留榜单显示名次，referenceRank 使用官方 rankOverall/主榜参考位次；分类榜名次不冒充全国主榜名次。,2026软科 46
RANK_SR_BCUR_2026_4131014423,4131014423,上海科技大学,shanghairanking-bcur,ShanghaiRanking,软科中国大学排名,2026,47,47,,,47.0,47,47,,373.4,主榜,China-mainland,https://www.shanghairanking.cn/rankings/bcur/202610,,2026-09-13,True,软科官方公开 API；rankDisplay 保留榜单显示名次，referenceRank 使用官方 rankOverall/主榜参考位次；分类榜名次不冒充全国主榜名次。,2026软科 47
RANK_SR_BCUR_2026_4122010200,4122010200,东北师范大学,shanghairanking-bcur,ShanghaiRanking,软科中国大学排名,2026,48,48,,,48.0,48,48,,372.4,主榜,China-mainland,https://www.shanghairanking.cn/rankings/bcur/202610,,2026-09-13,True,软科官方公开 API；rankDisplay 保留榜单显示名次，referenceRank 使用官方 rankOverall/主榜参考位次；分类榜名次不冒充全国主榜名次。,2026软科 48
RANK_SR_BCUR_2026_4151010613,4151010613,西南交通大学,shanghairanking-bcur,ShanghaiRanking,软科中国大学排名,2026,49,49,,,49.0,49,49,,366.3,主榜,China-mainland,https://www.shanghairanking.cn/rankings/bcur/202610,,2026-09-13,True,软科官方公开 API；rankDisplay 保留榜单显示名次，referenceRank 使用官方 rankOverall/主榜参考位次；分类榜名次不冒充全国主榜名次。,2026软科 49
RANK_SR_BCUR_2026_4111010013,4111010013,北京邮电大学,shanghairanking-bcur,ShanghaiRanking,软科中国大学排名,2026,50,50,,,50.0,50,50,,360.3,主榜,China-mainland,https://www.shanghairanking.cn/rankings/bcur/202610,,2026-09-13,True,软科官方公开 API；rankDisplay 保留榜单显示名次，referenceRank 使用官方 rankOverall/主榜参考位次；分类榜名次不冒充全国主榜名次。,2026软科 50
RANK_SR_BCUR_2026_4137010423,4137010423,中国海洋大学,shanghairanking-bcur,ShanghaiRanking,软科中国大学排名,2026,51,51,,,51.0,51,51,,359.2,主榜,China-mainland,https://www.shanghairanking.cn/rankings/bcur/202610,,2026-09-13,True,软科官方公开 API；rankDisplay 保留榜单显示名次，referenceRank 使用官方 rankOverall/主榜参考位次；分类榜名次不冒充全国主榜名次。,2026软科 51
RANK_SR_BCUR_2026_4132010295,4132010295,江南大学,shanghairanking-bcur,ShanghaiRanking,软科中国大学排名,2026,52,52,,,52.0,52,52,,355.8,主榜,China-mainland,https://www.shanghairanking.cn/rankings/bcur/202610,,2026-09-13,True,软科官方公开 API；rankDisplay 保留榜单显示名次，referenceRank 使用官方 rankOverall/主榜参考位次；分类榜名次不冒充全国主榜名次。,2026软科 52
RANK_SR_BCUR_2026_4142010511,4142010511,华中师范大学,shanghairanking-bcur,ShanghaiRanking,软科中国大学排名,2026,53,53,,,53.0,53,53,,355.1,主榜,China-mainland,https://www.shanghairanking.cn/rankings/bcur/202610,,2026-09-13,True,软科官方公开 API；rankDisplay 保留榜单显示名次，referenceRank 使用官方 rankOverall/主榜参考位次；分类榜名次不冒充全国主榜名次。,2026软科 53
RANK_SR_BCUR_2026_4142010497,4142010497,武汉理工大学,shanghairanking-bcur,ShanghaiRanking,软科中国大学排名,2026,54,54,,,54.0,54,54,,351.9,主榜,China-mainland,https://www.shanghairanking.cn/rankings/bcur/202610,,2026-09-13,True,软科官方公开 API；rankDisplay 保留榜单显示名次，referenceRank 使用官方 rankOverall/主榜参考位次；分类榜名次不冒充全国主榜名次。,2026软科 54
RANK_SR_BCUR_2026_4132010307,4132010307,南京农业大学,shanghairanking-bcur,ShanghaiRanking,软科中国大学排名,2026,55,55,,,55.0,55,55,,350.9,主榜,China-mainland,https://www.shanghairanking.cn/rankings/bcur/202610,,2026-09-13,True,软科官方公开 API；rankDisplay 保留榜单显示名次，referenceRank 使用官方 rankOverall/主榜参考位次；分类榜名次不冒充全国主榜名次。,2026软科 55
RANK_SR_BCUR_2026_4142010491,4142010491,中国地质大学（武汉）,shanghairanking-bcur,ShanghaiRanking,软科中国大学排名,2026,56,56,,,56.0,56,56,,350.8,主榜,China-mainland,https://www.shanghairanking.cn/rankings/bcur/202610,,2026-09-13,True,软科官方公开 API；rankDisplay 保留榜单显示名次，referenceRank 使用官方 rankOverall/主榜参考位次；分类榜名次不冒充全国主榜名次。,2026软科 56
RANK_SR_BCUR_2026_4111010053,4111010053,中国政法大学,shanghairanking-bcur,ShanghaiRanking,软科中国大学排名,2026,1,政1,,,1.0,56,56,,,政法,China-mainland,https://www.shanghairanking.cn/rankings/bcur/202610,,2026-09-13,True,软科官方公开 API；rankDisplay 保留榜单显示名次，referenceRank 使用官方 rankOverall/主榜参考位次；分类榜名次不冒充全国主榜名次。,2026软科政法 政1 · 主榜参考 56
RANK_SR_BCUR_2026_4142010520,4142010520,中南财经政法大学,shanghairanking-bcur,ShanghaiRanking,软科中国大学排名,2026,4,财4,,,4.0,57,57,,,财经,China-mainland,https://www.shanghairanking.cn/rankings/bcur/202610,,2026-09-13,True,软科官方公开 API；rankDisplay 保留榜单显示名次，referenceRank 使用官方 rankOverall/主榜参考位次；分类榜名次不冒充全国主榜名次。,2026软科财经 财4 · 主榜参考 57
RANK_SR_BCUR_2026_4111010010,4111010010,北京化工大学,shanghairanking-bcur,ShanghaiRanking,软科中国大学排名,2026,57,57,,,57.0,57,57,,345,主榜,China-mainland,https://www.shanghairanking.cn/rankings/bcur/202610,,2026-09-13,True,软科官方公开 API；rankDisplay 保留榜单显示名次，referenceRank 使用官方 rankOverall/主榜参考位次；分类榜名次不冒充全国主榜名次。,2026软科 57
RANK_SR_BCUR_2026_4111010036,4111010036,对外经济贸易大学,shanghairanking-bcur,ShanghaiRanking,软科中国大学排名,2026,3,财3,,,3.0,57,57,,,财经,China-mainland,https://www.shanghairanking.cn/rankings/bcur/202610,,2026-09-13,True,软科官方公开 API；rankDisplay 保留榜单显示名次，referenceRank 使用官方 rankOverall/主榜参考位次；分类榜名次不冒充全国主榜名次。,2026软科财经 财3 · 主榜参考 57
RANK_SR_BCUR_2026_4132010319,4132010319,南京师范大学,shanghairanking-bcur,ShanghaiRanking,软科中国大学排名,2026,58,58,,,58.0,58,58,,344.4,主榜,China-mainland,https://www.shanghairanking.cn/rankings/bcur/202610,,2026-09-13,True,软科官方公开 API；rankDisplay 保留榜单显示名次，referenceRank 使用官方 rankOverall/主榜参考位次；分类榜名次不冒充全国主榜名次。,2026软科 58
RANK_SR_BCUR_2026_4144010559,4144010559,暨南大学,shanghairanking-bcur,ShanghaiRanking,软科中国大学排名,2026,59,59,,,59.0,59,59,,343.5,主榜,China-mainland,https://www.shanghairanking.cn/rankings/bcur/202610,,2026-09-13,True,软科官方公开 API；rankDisplay 保留榜单显示名次，referenceRank 使用官方 rankOverall/主榜参考位次；分类榜名次不冒充全国主榜名次。,2026软科 59
RANK_SR_BCUR_2026_4131010280,4131010280,上海大学,shanghairanking-bcur,ShanghaiRanking,软科中国大学排名,2026,60,60,,,60.0,60,60,,343.3,主榜,China-mainland,https://www.shanghairanking.cn/rankings/bcur/202610,,2026-09-13,True,软科官方公开 API；rankDisplay 保留榜单显示名次，referenceRank 使用官方 rankOverall/主榜参考位次；分类榜名次不冒充全国主榜名次。,2026软科 60
RANK_SR_BCUR_2026_4112010062,4112010062,天津医科大学,shanghairanking-bcur,ShanghaiRanking,软科中国大学排名,2026,5,医5,,,5.0,60,60,,,医药,China-mainland,https://www.shanghairanking.cn/rankings/bcur/202610,,2026-09-13,True,软科官方公开 API；rankDisplay 保留榜单显示名次，referenceRank 使用官方 rankOverall/主榜参考位次；分类榜名次不冒充全国主榜名次。,2026软科医药 医5 · 主榜参考 60
RANK_SR_BCUR_2026_4150010635,4150010635,西南大学,shanghairanking-bcur,ShanghaiRanking,软科中国大学排名,2026,61,61,,,61.0,61,61,,343,主榜,China-mainland,https://www.shanghairanking.cn/rankings/bcur/202610,,2026-09-13,True,软科官方公开 API；rankDisplay 保留榜单显示名次，referenceRank 使用官方 rankOverall/主榜参考位次；分类榜名次不冒充全国主榜名次。,2026软科 61
RANK_SR_BCUR_2026_4121010159,4121010159,中国医科大学,shanghairanking-bcur,ShanghaiRanking,软科中国大学排名,2026,6,医6,,,6.0,62,62,,,医药,China-mainland,https://www.shanghairanking.cn/rankings/bcur/202610,,2026-09-13,True,软科官方公开 API；rankDisplay 保留榜单显示名次，referenceRank 使用官方 rankOverall/主榜参考位次；分类榜名次不冒充全国主榜名次。,2026软科医药 医6 · 主榜参考 62
RANK_SR_BCUR_2026_4111011414,4111011414,中国石油大学（北京）,shanghairanking-bcur,ShanghaiRanking,软科中国大学排名,2026,62,62,,,62.0,62,62,,342.7,主榜,China-mainland,https://www.shanghairanking.cn/rankings/bcur/202610,,2026-09-13,True,软科官方公开 API；rankDisplay 保留榜单显示名次，referenceRank 使用官方 rankOverall/主榜参考位次；分类榜名次不冒充全国主榜名次。,2026软科 62
RANK_SR_BCUR_2026_4111010026,4111010026,北京中医药大学,shanghairanking-bcur,ShanghaiRanking,软科中国大学排名,2026,1,中医1,,,1.0,63,63,,,中医药,China-mainland,https://www.shanghairanking.cn/rankings/bcur/202610,,2026-09-13,True,软科官方公开 API；rankDisplay 保留榜单显示名次，referenceRank 使用官方 rankOverall/主榜参考位次；分类榜名次不冒充全国主榜名次。,2026软科中医药 中医1 · 主榜参考 63
RANK_SR_BCUR_2026_4132010294,4132010294,河海大学,shanghairanking-bcur,ShanghaiRanking,软科中国大学排名,2026,63,63,,,63.0,63,63,,342,主榜,China-mainland,https://www.shanghairanking.cn/rankings/bcur/202610,,2026-09-13,True,软科官方公开 API；rankDisplay 保留榜单显示名次，referenceRank 使用官方 rankOverall/主榜参考位次；分类榜名次不冒充全国主榜名次。,2026软科 63
RANK_SR_BCUR_2026_4161010718,4161010718,陕西师范大学,shanghairanking-bcur,ShanghaiRanking,软科中国大学排名,2026,63,63,,,63.0,63,63,,342,主榜,China-mainland,https://www.shanghairanking.cn/rankings/bcur/202610,,2026-09-13,True,软科官方公开 API；rankDisplay 保留榜单显示名次，referenceRank 使用官方 rankOverall/主榜参考位次；分类榜名次不冒充全国主榜名次。,2026软科 63
RANK_SR_BCUR_2026_4111010005,4111010005,北京工业大学,shanghairanking-bcur,ShanghaiRanking,软科中国大学排名,2026,65,65,,,65.0,65,65,,341.5,主榜,China-mainland,https://www.shanghairanking.cn/rankings/bcur/202610,,2026-09-13,True,软科官方公开 API；rankDisplay 保留榜单显示名次，referenceRank 使用官方 rankOverall/主榜参考位次；分类榜名次不冒充全国主榜名次。,2026软科 65
RANK_SR_BCUR_2026_4133016301,4133016301,宁波诺丁汉大学,shanghairanking-bcur,ShanghaiRanking,软科中国大学排名,2026,2,合作2,,,2.0,65,65,,,综合,China-mainland,https://www.shanghairanking.cn/rankings/bcur/202610,,2026-09-13,True,软科官方公开 API；rankDisplay 保留榜单显示名次，referenceRank 使用官方 rankOverall/主榜参考位次；分类榜名次不冒充全国主榜名次。,2026软科 合作2
RANK_SR_BCUR_2026_4144010590,4144010590,深圳大学,shanghairanking-bcur,ShanghaiRanking,软科中国大学排名,2026,66,66,,,66.0,66,66,,341.4,主榜,China-mainland,https://www.shanghairanking.cn/rankings/bcur/202610,,2026-09-13,True,软科官方公开 API；rankDisplay 保留榜单显示名次，referenceRank 使用官方 rankOverall/主榜参考位次；分类榜名次不冒充全国主榜名次。,2026软科 66
RANK_SR_BCUR_2026_4151010651,4151010651,西南财经大学,shanghairanking-bcur,ShanghaiRanking,软科中国大学排名,2026,5,财5,,,5.0,66,66,,,财经,China-mainland,https://www.shanghairanking.cn/rankings/bcur/202610,,2026-09-13,True,软科官方公开 API；rankDisplay 保留榜单显示名次，referenceRank 使用官方 rankOverall/主榜参考位次；分类榜名次不冒充全国主榜名次。,2026软科财经 财5 · 主榜参考 66
RANK_SR_BCUR_2026_4132010290,4132010290,中国矿业大学,shanghairanking-bcur,ShanghaiRanking,软科中国大学排名,2026,67,67,,,67.0,67,67,,335.7,主榜,China-mainland,https://www.shanghairanking.cn/rankings/bcur/202610,,2026-09-13,True,软科官方公开 API；rankDisplay 保留榜单显示名次，referenceRank 使用官方 rankOverall/主榜参考位次；分类榜名次不冒充全国主榜名次。,2026软科 67
RANK_SR_BCUR_2026_4133010337,4133010337,浙江工业大学,shanghairanking-bcur,ShanghaiRanking,软科中国大学排名,2026,68,68,,,68.0,68,68,,334.4,主榜,China-mainland,https://www.shanghairanking.cn/rankings/bcur/202610,,2026-09-13,True,软科官方公开 API；rankDisplay 保留榜单显示名次，referenceRank 使用官方 rankOverall/主榜参考位次；分类榜名次不冒充全国主榜名次。,2026软科 68
RANK_SR_BCUR_2026_4131010268,4131010268,上海中医药大学,shanghairanking-bcur,ShanghaiRanking,软科中国大学排名,2026,2,中医2,,,2.0,69,69,,,中医药,China-mainland,https://www.shanghairanking.cn/rankings/bcur/202610,,2026-09-13,True,软科官方公开 API；rankDisplay 保留榜单显示名次，referenceRank 使用官方 rankOverall/主榜参考位次；分类榜名次不冒充全国主榜名次。,2026软科中医药 中医2 · 主榜参考 69
RANK_SR_BCUR_2026_4161010712,4161010712,西北农林科技大学,shanghairanking-bcur,ShanghaiRanking,软科中国大学排名,2026,69,69,,,69.0,69,69,,330.7,主榜,China-mainland,https://www.shanghairanking.cn/rankings/bcur/202610,,2026-09-13,True,软科官方公开 API；rankDisplay 保留榜单显示名次，referenceRank 使用官方 rankOverall/主榜参考位次；分类榜名次不冒充全国主榜名次。,2026软科 69
RANK_SR_BCUR_2026_4161010697,4161010697,西北大学,shanghairanking-bcur,ShanghaiRanking,软科中国大学排名,2026,70,70,,,70.0,70,70,,329.7,主榜,China-mainland,https://www.shanghairanking.cn/rankings/bcur/202610,,2026-09-13,True,软科官方公开 API；rankDisplay 保留榜单显示名次，referenceRank 使用官方 rankOverall/主榜参考位次；分类榜名次不冒充全国主榜名次。,2026软科 70
RANK_SR_BCUR_2026_4153010673,4153010673,云南大学,shanghairanking-bcur,ShanghaiRanking,软科中国大学排名,2026,71,71,,,71.0,71,71,,325.8,主榜,China-mainland,https://www.shanghairanking.cn/rankings/bcur/202610,,2026-09-13,True,软科官方公开 API；rankDisplay 保留榜单显示名次，referenceRank 使用官方 rankOverall/主榜参考位次；分类榜名次不冒充全国主榜名次。,2026软科 71
RANK_SR_BCUR_2026_4131010255,4131010255,东华大学,shanghairanking-bcur,ShanghaiRanking,软科中国大学排名,2026,72,72,,,72.0,72,72,,317.4,主榜,China-mainland,https://www.shanghairanking.cn/rankings/bcur/202610,,2026-09-13,True,软科官方公开 API；rankDisplay 保留榜单显示名次，referenceRank 使用官方 rankOverall/主榜参考位次；分类榜名次不冒充全国主榜名次。,2026软科 72
RANK_SR_BCUR_2026_4137010425,4137010425,中国石油大学（华东）,shanghairanking-bcur,ShanghaiRanking,软科中国大学排名,2026,73,73,,,73.0,73,73,,316.3,主榜,China-mainland,https://www.shanghairanking.cn/rankings/bcur/202610,,2026-09-13,True,软科官方公开 API；rankDisplay 保留榜单显示名次，referenceRank 使用官方 rankOverall/主榜参考位次；分类榜名次不冒充全国主榜名次。,2026软科 73
RANK_SR_BCUR_2026_4136010403,4136010403,南昌大学,shanghairanking-bcur,ShanghaiRanking,软科中国大学排名,2026,74,74,,,74.0,74,74,,314.5,主榜,China-mainland,https://www.shanghairanking.cn/rankings/bcur/202610,,2026-09-13,True,软科官方公开 API；rankDisplay 保留榜单显示名次，referenceRank 使用官方 rankOverall/主榜参考位次；分类榜名次不冒充全国主榜名次。,2026软科 74
RANK_SR_BCUR_2026_4111011415,4111011415,中国地质大学（北京）,shanghairanking-bcur,ShanghaiRanking,软科中国大学排名,2026,75,75,,,75.0,75,75,,314.2,主榜,China-mainland,https://www.shanghairanking.cn/rankings/bcur/202610,,2026-09-13,True,软科官方公开 API；rankDisplay 保留榜单显示名次，referenceRank 使用官方 rankOverall/主榜参考位次；分类榜名次不冒充全国主榜名次。,2026软科 75
RANK_SR_BCUR_2026_4111011413,4111011413,中国矿业大学（北京）,shanghairanking-bcur,ShanghaiRanking,软科中国大学排名,2026,76,76,,,76.0,76,76,,313.7,主榜,China-mainland,https://www.shanghairanking.cn/rankings/bcur/202610,,2026-09-13,True,软科官方公开 API；rankDisplay 保留榜单显示名次，referenceRank 使用官方 rankOverall/主榜参考位次；分类榜名次不冒充全国主榜名次。,2026软科 76
RANK_SR_BCUR_2026_4135010386,4135010386,福州大学,shanghairanking-bcur,ShanghaiRanking,软科中国大学排名,2026,77,77,,,77.0,77,77,,310.5,主榜,China-mainland,https://www.shanghairanking.cn/rankings/bcur/202610,,2026-09-13,True,软科官方公开 API；rankDisplay 保留榜单显示名次，referenceRank 使用官方 rankOverall/主榜参考位次；分类榜名次不冒充全国主榜名次。,2026软科 77
RANK_SR_BCUR_2026_4131016404,4131016404,上海纽约大学,shanghairanking-bcur,ShanghaiRanking,软科中国大学排名,2026,3,合作3,,,3.0,78,78,,,综合,China-mainland,https://www.shanghairanking.cn/rankings/bcur/202610,,2026-09-13,True,软科官方公开 API；rankDisplay 保留榜单显示名次，referenceRank 使用官方 rankOverall/主榜参考位次；分类榜名次不冒充全国主榜名次。,2026软科 合作3
RANK_SR_BCUR_2026_4133011646,4133011646,宁波大学,shanghairanking-bcur,ShanghaiRanking,软科中国大学排名,2026,78,78,,,78.0,78,78,,310.3,主榜,China-mainland,https://www.shanghairanking.cn/rankings/bcur/202610,,2026-09-13,True,软科官方公开 API；rankDisplay 保留榜单显示名次，referenceRank 使用官方 rankOverall/主榜参考位次；分类榜名次不冒充全国主榜名次。,2026软科 78
RANK_SR_BCUR_2026_4111010052,4111010052,中央民族大学,shanghairanking-bcur,ShanghaiRanking,软科中国大学排名,2026,1,民1,,,1.0,79,79,,,民族,China-mainland,https://www.shanghairanking.cn/rankings/bcur/202610,,2026-09-13,True,软科官方公开 API；rankDisplay 保留榜单显示名次，referenceRank 使用官方 rankOverall/主榜参考位次；分类榜名次不冒充全国主榜名次。,2026软科民族 民1 · 主榜参考 79
RANK_SR_BCUR_2026_4111010030,4111010030,北京外国语大学,shanghairanking-bcur,ShanghaiRanking,软科中国大学排名,2026,1,语1,,,1.0,79,79,,,语言,China-mainland,https://www.shanghairanking.cn/rankings/bcur/202610,,2026-09-13,True,软科官方公开 API；rankDisplay 保留榜单显示名次，referenceRank 使用官方 rankOverall/主榜参考位次；分类榜名次不冒充全国主榜名次。,2026软科语言 语1 · 主榜参考 79
RANK_SR_BCUR_2026_4144010574,4144010574,华南师范大学,shanghairanking-bcur,ShanghaiRanking,软科中国大学排名,2026,79,79,,,79.0,79,79,,306.6,主榜,China-mainland,https://www.shanghairanking.cn/rankings/bcur/202610,,2026-09-13,True,软科官方公开 API；rankDisplay 保留榜单显示名次，referenceRank 使用官方 rankOverall/主榜参考位次；分类榜名次不冒充全国主榜名次。,2026软科 79
RANK_SR_BCUR_2026_4123010226,4123010226,哈尔滨医科大学,shanghairanking-bcur,ShanghaiRanking,软科中国大学排名,2026,8,医8,,,8.0,79,79,,,医药,China-mainland,https://www.shanghairanking.cn/rankings/bcur/202610,,2026-09-13,True,软科官方公开 API；rankDisplay 保留榜单显示名次，referenceRank 使用官方 rankOverall/主榜参考位次；分类榜名次不冒充全国主榜名次。,2026软科医药 医8 · 主榜参考 79
RANK_SR_BCUR_2026_4144010570,4144010570,广州医科大学,shanghairanking-bcur,ShanghaiRanking,软科中国大学排名,2026,7,医7,,,7.0,79,79,,,医药,China-mainland,https://www.shanghairanking.cn/rankings/bcur/202610,,2026-09-13,True,软科官方公开 API；rankDisplay 保留榜单显示名次，referenceRank 使用官方 rankOverall/主榜参考位次；分类榜名次不冒充全国主榜名次。,2026软科医药 医7 · 主榜参考 79
RANK_SR_BCUR_2026_4134010359,4134010359,合肥工业大学,shanghairanking-bcur,ShanghaiRanking,软科中国大学排名,2026,80,80,,,80.0,80,80,,304.8,主榜,China-mainland,https://www.shanghairanking.cn/rankings/bcur/202610,,2026-09-13,True,软科官方公开 API；rankDisplay 保留榜单显示名次，referenceRank 使用官方 rankOverall/主榜参考位次；分类榜名次不冒充全国主榜名次。,2026软科 80
RANK_SR_BCUR_2026_4131010271,4131010271,上海外国语大学,shanghairanking-bcur,ShanghaiRanking,软科中国大学排名,2026,2,语2,,,2.0,81,81,,,语言,China-mainland,https://www.shanghairanking.cn/rankings/bcur/202610,,2026-09-13,True,软科官方公开 API；rankDisplay 保留榜单显示名次，referenceRank 使用官方 rankOverall/主榜参考位次；分类榜名次不冒充全国主榜名次。,2026软科语言 语2 · 主榜参考 81
RANK_SR_BCUR_2026_4121010173,4121010173,东北财经大学,shanghairanking-bcur,ShanghaiRanking,软科中国大学排名,2026,6,财6,,,6.0,81,81,,,财经,China-mainland,https://www.shanghairanking.cn/rankings/bcur/202610,,2026-09-13,True,软科官方公开 API；rankDisplay 保留榜单显示名次，referenceRank 使用官方 rankOverall/主榜参考位次；分类榜名次不冒充全国主榜名次。,2026软科财经 财6 · 主榜参考 81
RANK_SR_BCUR_2026_4132010299,4132010299,江苏大学,shanghairanking-bcur,ShanghaiRanking,软科中国大学排名,2026,81,81,,,81.0,81,81,,301.3,主榜,China-mainland,https://www.shanghairanking.cn/rankings/bcur/202610,,2026-09-13,True,软科官方公开 API；rankDisplay 保留榜单显示名次，referenceRank 使用官方 rankOverall/主榜参考位次；分类榜名次不冒充全国主榜名次。,2026软科 81
RANK_SR_BCUR_2026_4150010631,4150010631,重庆医科大学,shanghairanking-bcur,ShanghaiRanking,软科中国大学排名,2026,9,医9,,,9.0,81,81,,,医药,China-mainland,https://www.shanghairanking.cn/rankings/bcur/202610,,2026-09-13,True,软科官方公开 API；rankDisplay 保留榜单显示名次，referenceRank 使用官方 rankOverall/主榜参考位次；分类榜名次不冒充全国主榜名次。,2026软科医药 医9 · 主榜参考 81
RANK_SR_BCUR_2026_4111010033,4111010033,中国传媒大学,shanghairanking-bcur,ShanghaiRanking,软科中国大学排名,2026,3,语3,,,3.0,82,82,,,语言,China-mainland,https://www.shanghairanking.cn/rankings/bcur/202610,,2026-09-13,True,软科官方公开 API；rankDisplay 保留榜单显示名次，referenceRank 使用官方 rankOverall/主榜参考位次；分类榜名次不冒充全国主榜名次。,2026软科语言 语3 · 主榜参考 82
RANK_SR_BCUR_2026_4132010293,4132010293,南京邮电大学,shanghairanking-bcur,ShanghaiRanking,软科中国大学排名,2026,82,82,,,82.0,82,82,,297.9,主榜,China-mainland,https://www.shanghairanking.cn/rankings/bcur/202610,,2026-09-13,True,软科官方公开 API；rankDisplay 保留榜单显示名次，referenceRank 使用官方 rankOverall/主榜参考位次；分类榜名次不冒充全国主榜名次。,2026软科 82
RANK_SR_BCUR_2026_4111010022,4111010022,北京林业大学,shanghairanking-bcur,ShanghaiRanking,软科中国大学排名,2026,83,83,,,83.0,83,83,,294.9,主榜,China-mainland,https://www.shanghairanking.cn/rankings/bcur/202610,,2026-09-13,True,软科官方公开 API；rankDisplay 保留榜单显示名次，referenceRank 使用官方 rankOverall/主榜参考位次；分类榜名次不冒充全国主榜名次。,2026软科 83
RANK_SR_BCUR_2026_4111010054,4111010054,华北电力大学,shanghairanking-bcur,ShanghaiRanking,软科中国大学排名,2026,84,84,,,84.0,84,84,,293.5,主榜,China-mainland,https://www.shanghairanking.cn/rankings/bcur/202610,,2026-09-13,True,软科官方公开 API；rankDisplay 保留榜单显示名次，referenceRank 使用官方 rankOverall/主榜参考位次；分类榜名次不冒充全国主榜名次。,2026软科 84
RANK_SR_BCUR_2026_4152010657,4152010657,贵州大学,shanghairanking-bcur,ShanghaiRanking,软科中国大学排名,2026,85,85,,,85.0,85,85,,291.1,主榜,China-mainland,https://www.shanghairanking.cn/rankings/bcur/202610,,2026-09-13,True,软科官方公开 API；rankDisplay 保留榜单显示名次，referenceRank 使用官方 rankOverall/主榜参考位次；分类榜名次不冒充全国主榜名次。,2026软科 85
RANK_SR_BCUR_2026_4145010593,4145010593,广西大学,shanghairanking-bcur,ShanghaiRanking,软科中国大学排名,2026,86,86,,,86.0,86,86,,288.9,主榜,China-mainland,https://www.shanghairanking.cn/rankings/bcur/202610,,2026-09-13,True,软科官方公开 API；rankDisplay 保留榜单显示名次，referenceRank 使用官方 rankOverall/主榜参考位次；分类榜名次不冒充全国主榜名次。,2026软科 86
RANK_SR_BCUR_2026_4146010589,4146010589,海南大学,shanghairanking-bcur,ShanghaiRanking,软科中国大学排名,2026,87,87,,,87.0,87,87,,286.9,主榜,China-mainland,https://www.shanghairanking.cn/rankings/bcur/202610,,2026-09-13,True,软科官方公开 API；rankDisplay 保留榜单显示名次，referenceRank 使用官方 rankOverall/主榜参考位次；分类榜名次不冒充全国主榜名次。,2026软科 87
RANK_SR_BCUR_2026_4132010316,4132010316,中国药科大学,shanghairanking-bcur,ShanghaiRanking,软科中国大学排名,2026,10,医10,,,10.0,88,88,,,医药,China-mainland,https://www.shanghairanking.cn/rankings/bcur/202610,,2026-09-13,True,软科官方公开 API；rankDisplay 保留榜单显示名次，referenceRank 使用官方 rankOverall/主榜参考位次；分类榜名次不冒充全国主榜名次。,2026软科医药 医10 · 主榜参考 88
RANK_SR_BCUR_2026_4132010291,4132010291,南京工业大学,shanghairanking-bcur,ShanghaiRanking,软科中国大学排名,2026,88,88,,,88.0,88,88,,285.2,主榜,China-mainland,https://www.shanghairanking.cn/rankings/bcur/202610,,2026-09-13,True,软科官方公开 API；rankDisplay 保留榜单显示名次，referenceRank 使用官方 rankOverall/主榜参考位次；分类榜名次不冒充全国主榜名次。,2026软科 88
RANK_SR_BCUR_2026_4161010710,4161010710,长安大学,shanghairanking-bcur,ShanghaiRanking,软科中国大学排名,2026,89,89,,,89.0,89,89,,282.7,主榜,China-mainland,https://www.shanghairanking.cn/rankings/bcur/202610,,2026-09-13,True,软科官方公开 API；rankDisplay 保留榜单显示名次，referenceRank 使用官方 rankOverall/主榜参考位次；分类榜名次不冒充全国主榜名次。,2026软科 89
RANK_SR_BCUR_2026_4135010394,4135010394,福建师范大学,shanghairanking-bcur,ShanghaiRanking,软科中国大学排名,2026,90,90,,,90.0,90,90,,282.5,主榜,China-mainland,https://www.shanghairanking.cn/rankings/bcur/202610,,2026-09-13,True,软科官方公开 API；rankDisplay 保留榜单显示名次，referenceRank 使用官方 rankOverall/主榜参考位次；分类榜名次不冒充全国主榜名次。,2026软科 90
RANK_SR_BCUR_2026_4133010345,4133010345,浙江师范大学,shanghairanking-bcur,ShanghaiRanking,软科中国大学排名,2026,91,91,,,91.0,91,91,,282.2,主榜,China-mainland,https://www.shanghairanking.cn/rankings/bcur/202610,,2026-09-13,True,软科官方公开 API；rankDisplay 保留榜单显示名次，referenceRank 使用官方 rankOverall/主榜参考位次；分类榜名次不冒充全国主榜名次。,2026软科 91
RANK_SR_BCUR_2026_4133010343,4133010343,温州医科大学,shanghairanking-bcur,ShanghaiRanking,软科中国大学排名,2026,11,医11,,,11.0,91,91,,,医药,China-mainland,https://www.shanghairanking.cn/rankings/bcur/202610,,2026-09-13,True,软科官方公开 API；rankDisplay 保留榜单显示名次，referenceRank 使用官方 rankOverall/主榜参考位次；分类榜名次不冒充全国主榜名次。,2026软科医药 医11 · 主榜参考 91
RANK_SR_BCUR_2026_4143010542,4143010542,湖南师范大学,shanghairanking-bcur,ShanghaiRanking,软科中国大学排名,2026,92,92,,,92.0,92,92,,280.5,主榜,China-mainland,https://www.shanghairanking.cn/rankings/bcur/202610,,2026-09-13,True,软科官方公开 API；rankDisplay 保留榜单显示名次，referenceRank 使用官方 rankOverall/主榜参考位次；分类榜名次不冒充全国主榜名次。,2026软科 92
RANK_SR_BCUR_2026_4132010315,4132010315,南京中医药大学,shanghairanking-bcur,ShanghaiRanking,软科中国大学排名,2026,3,中医3,,,3.0,93,93,,,中医药,China-mainland,https://www.shanghairanking.cn/rankings/bcur/202610,,2026-09-13,True,软科官方公开 API；rankDisplay 保留榜单显示名次，referenceRank 使用官方 rankOverall/主榜参考位次；分类榜名次不冒充全国主榜名次。,2026软科中医药 中医3 · 主榜参考 93
RANK_SR_BCUR_2026_4132010298,4132010298,南京林业大学,shanghairanking-bcur,ShanghaiRanking,软科中国大学排名,2026,93,93,,,93.0,93,93,,280.3,主榜,China-mainland,https://www.shanghairanking.cn/rankings/bcur/202610,,2026-09-13,True,软科官方公开 API；rankDisplay 保留榜单显示名次，referenceRank 使用官方 rankOverall/主榜参考位次；分类榜名次不冒充全国主榜名次。,2026软科 93
RANK_SR_BCUR_2026_4132011117,4132011117,扬州大学,shanghairanking-bcur,ShanghaiRanking,软科中国大学排名,2026,93,93,,,93.0,93,93,,280.3,主榜,China-mainland,https://www.shanghairanking.cn/rankings/bcur/202610,,2026-09-13,True,软科官方公开 API；rankDisplay 保留榜单显示名次，referenceRank 使用官方 rankOverall/主榜参考位次；分类榜名次不冒充全国主榜名次。,2026软科 93
RANK_SR_BCUR_2026_4132016406,4132016406,昆山杜克大学,shanghairanking-bcur,ShanghaiRanking,软科中国大学排名,2026,4,合作4,,,4.0,95,95,,,综合,China-mainland,https://www.shanghairanking.cn/rankings/bcur/202610,,2026-09-13,True,软科官方公开 API；rankDisplay 保留榜单显示名次，referenceRank 使用官方 rankOverall/主榜参考位次；分类榜名次不冒充全国主榜名次。,2026软科 合作4
RANK_SR_BCUR_2026_4141010475,4141010475,河南大学,shanghairanking-bcur,ShanghaiRanking,软科中国大学排名,2026,95,95,,,95.0,95,95,,279.1,主榜,China-mainland,https://www.shanghairanking.cn/rankings/bcur/202610,,2026-09-13,True,软科官方公开 API；rankDisplay 保留榜单显示名次，referenceRank 使用官方 rankOverall/主榜参考位次；分类榜名次不冒充全国主榜名次。,2026软科 95
RANK_SR_BCUR_2026_4144011845,4144011845,广东工业大学,shanghairanking-bcur,ShanghaiRanking,软科中国大学排名,2026,96,96,,,96.0,96,96,,276.1,主榜,China-mainland,https://www.shanghairanking.cn/rankings/bcur/202610,,2026-09-13,True,软科官方公开 API；rankDisplay 保留榜单显示名次，referenceRank 使用官方 rankOverall/主榜参考位次；分类榜名次不冒充全国主榜名次。,2026软科 96
RANK_SR_BCUR_2026_4114010112,4114010112,太原理工大学,shanghairanking-bcur,ShanghaiRanking,软科中国大学排名,2026,97,97,,,97.0,97,97,,275.7,主榜,China-mainland,https://www.shanghairanking.cn/rankings/bcur/202610,,2026-09-13,True,软科官方公开 API；rankDisplay 保留榜单显示名次，referenceRank 使用官方 rankOverall/主榜参考位次；分类榜名次不冒充全国主榜名次。,2026软科 97
RANK_SR_BCUR_2026_4132010300,4132010300,南京信息工程大学,shanghairanking-bcur,ShanghaiRanking,软科中国大学排名,2026,98,98,,,98.0,98,98,,275.1,主榜,China-mainland,https://www.shanghairanking.cn/rankings/bcur/202610,,2026-09-13,True,软科官方公开 API；rankDisplay 保留榜单显示名次，referenceRank 使用官方 rankOverall/主榜参考位次；分类榜名次不冒充全国主榜名次。,2026软科 98
RANK_SR_BCUR_2026_4144010572,4144010572,广州中医药大学,shanghairanking-bcur,ShanghaiRanking,软科中国大学排名,2026,4,中医4,,,4.0,98,98,,,中医药,China-mainland,https://www.shanghairanking.cn/rankings/bcur/202610,,2026-09-13,True,软科官方公开 API；rankDisplay 保留榜单显示名次，referenceRank 使用官方 rankOverall/主榜参考位次；分类榜名次不冒充全国主榜名次。,2026软科中医药 中医4 · 主榜参考 98
RANK_SR_BCUR_2026_4133010336,4133010336,杭州电子科技大学,shanghairanking-bcur,ShanghaiRanking,软科中国大学排名,2026,99,99,,,99.0,99,99,,274.6,主榜,China-mainland,https://www.shanghairanking.cn/rankings/bcur/202610,,2026-09-13,True,软科官方公开 API；rankDisplay 保留榜单显示名次，referenceRank 使用官方 rankOverall/主榜参考位次；分类榜名次不冒充全国主榜名次。,2026软科 99
RANK_SR_BCUR_2026_4111010028,4111010028,首都师范大学,shanghairanking-bcur,ShanghaiRanking,软科中国大学排名,2026,100,100,,,100.0,100,100,,273.4,主榜,China-mainland,https://www.shanghairanking.cn/rankings/bcur/202610,,2026-09-13,True,软科官方公开 API；rankDisplay 保留榜单显示名次，referenceRank 使用官方 rankOverall/主榜参考位次；分类榜名次不冒充全国主榜名次。,2026软科 100
RANK_SR_BCUR_2026_4134010357,4134010357,安徽大学,shanghairanking-bcur,ShanghaiRanking,软科中国大学排名,2026,101,101,,,101.0,101,101,,273.3,主榜,China-mainland,https://www.shanghairanking.cn/rankings/bcur/202610,,2026-09-13,True,软科官方公开 API；rankDisplay 保留榜单显示名次，referenceRank 使用官方 rankOverall/主榜参考位次；分类榜名次不冒充全国主榜名次。,2026软科 101
RANK_SR_BCUR_2026_4136010421,4136010421,江西财经大学,shanghairanking-bcur,ShanghaiRanking,软科中国大学排名,2026,7,财7,,,7.0,101,101,,,财经,China-mainland,https://www.shanghairanking.cn/rankings/bcur/202610,,2026-09-13,True,软科官方公开 API；rankDisplay 保留榜单显示名次，referenceRank 使用官方 rankOverall/主榜参考位次；分类榜名次不冒充全国主榜名次。,2026软科财经 财7 · 主榜参考 101
RANK_SR_BCUR_2026_4133010353,4133010353,浙江工商大学,shanghairanking-bcur,ShanghaiRanking,软科中国大学排名,2026,8,财8,,,8.0,101,101,,,财经,China-mainland,https://www.shanghairanking.cn/rankings/bcur/202610,,2026-09-13,True,软科官方公开 API；rankDisplay 保留榜单显示名次，referenceRank 使用官方 rankOverall/主榜参考位次；分类榜名次不冒充全国主榜名次。,2026软科财经 财8 · 主榜参考 101
RANK_SR_BCUR_2026_4114010108,4114010108,山西大学,shanghairanking-bcur,ShanghaiRanking,软科中国大学排名,2026,102,102,,,102.0,102,102,,272.4,主榜,China-mainland,https://www.shanghairanking.cn/rankings/bcur/202610,,2026-09-13,True,软科官方公开 API；rankDisplay 保留榜单显示名次，referenceRank 使用官方 rankOverall/主榜参考位次；分类榜名次不冒充全国主榜名次。,2026软科 102
RANK_SR_BCUR_2026_4132016403,4132016403,西交利物浦大学,shanghairanking-bcur,ShanghaiRanking,软科中国大学排名,2026,5,合作5,,,5.0,102,102,,,综合,China-mainland,https://www.shanghairanking.cn/rankings/bcur/202610,,2026-09-13,True,软科官方公开 API；rankDisplay 保留榜单显示名次，referenceRank 使用官方 rankOverall/主榜参考位次；分类榜名次不冒充全国主榜名次。,2026软科 合作5
RANK_SR_BCUR_2026_4144010564,4144010564,华南农业大学,shanghairanking-bcur,ShanghaiRanking,软科中国大学排名,2026,103,103,,,103.0,103,103,,270.1,主榜,China-mainland,https://www.shanghairanking.cn/rankings/bcur/202610,,2026-09-13,True,软科官方公开 API；rankDisplay 保留榜单显示名次，referenceRank 使用官方 rankOverall/主榜参考位次；分类榜名次不冒充全国主榜名次。,2026软科 103
RANK_SR_BCUR_2026_4137010445,4137010445,山东师范大学,shanghairanking-bcur,ShanghaiRanking,软科中国大学排名,2026,104,104,,,104.0,104,104,,268.6,主榜,China-mainland,https://www.shanghairanking.cn/rankings/bcur/202610,,2026-09-13,True,软科官方公开 API；rankDisplay 保留榜单显示名次，referenceRank 使用官方 rankOverall/主榜参考位次；分类榜名次不冒充全国主榜名次。,2026软科 104
RANK_SR_BCUR_2026_4111010040,4111010040,外交学院,shanghairanking-bcur,ShanghaiRanking,软科中国大学排名,2026,4,语4,,,4.0,105,105,,,语言,China-mainland,https://www.shanghairanking.cn/rankings/bcur/202610,,2026-09-13,True,软科官方公开 API；rankDisplay 保留榜单显示名次，referenceRank 使用官方 rankOverall/主榜参考位次；分类榜名次不冒充全国主榜名次。,2026软科语言 语4 · 主榜参考 105
RANK_SR_BCUR_2026_4144011078,4144011078,广州大学,shanghairanking-bcur,ShanghaiRanking,软科中国大学排名,2026,105,105,,,105.0,105,105,,267.8,主榜,China-mainland,https://www.shanghairanking.cn/rankings/bcur/202610,,2026-09-13,True,软科官方公开 API；rankDisplay 保留榜单显示名次，referenceRank 使用官方 rankOverall/主榜参考位次；分类榜名次不冒充全国主榜名次。,2026软科 105
RANK_SR_BCUR_2026_4131010252,4131010252,上海理工大学,shanghairanking-bcur,ShanghaiRanking,软科中国大学排名,2026,106,106,,,106.0,106,106,,266.9,主榜,China-mainland,https://www.shanghairanking.cn/rankings/bcur/202610,,2026-09-13,True,软科官方公开 API；rankDisplay 保留榜单显示名次，referenceRank 使用官方 rankOverall/主榜参考位次；分类榜名次不冒充全国主榜名次。,2026软科 106
RANK_SR_BCUR_2026_4113010080,4113010080,河北工业大学,shanghairanking-bcur,ShanghaiRanking,软科中国大学排名,2026,107,107,,,107.0,107,107,,266.5,主榜,China-mainland,https://www.shanghairanking.cn/rankings/bcur/202610,,2026-09-13,True,软科官方公开 API；rankDisplay 保留榜单显示名次，referenceRank 使用官方 rankOverall/主榜参考位次；分类榜名次不冒充全国主榜名次。,2026软科 107
RANK_SR_BCUR_2026_4144016409,4144016409,深圳北理莫斯科大学,shanghairanking-bcur,ShanghaiRanking,软科中国大学排名,2026,6,合作6,,,6.0,108,108,,,综合,China-mainland,https://www.shanghairanking.cn/rankings/bcur/202610,,2026-09-13,True,软科官方公开 API；rankDisplay 保留榜单显示名次，referenceRank 使用官方 rankOverall/主榜参考位次；分类榜名次不冒充全国主榜名次。,2026软科 合作6
RANK_SR_BCUR_2026_4137011065,4137011065,青岛大学,shanghairanking-bcur,ShanghaiRanking,软科中国大学排名,2026,108,108,,,108.0,108,108,,263.1,主榜,China-mainland,https://www.shanghairanking.cn/rankings/bcur/202610,,2026-09-13,True,软科官方公开 API；rankDisplay 保留榜单显示名次，referenceRank 使用官方 rankOverall/主榜参考位次；分类榜名次不冒充全国主榜名次。,2026软科 108
RANK_SR_BCUR_2026_4113010089,4113010089,河北医科大学,shanghairanking-bcur,ShanghaiRanking,软科中国大学排名,2026,12,医12,,,12.0,109,109,,,医药,China-mainland,https://www.shanghairanking.cn/rankings/bcur/202610,,2026-09-13,True,软科官方公开 API；rankDisplay 保留榜单显示名次，referenceRank 使用官方 rankOverall/主榜参考位次；分类榜名次不冒充全国主榜名次。,2026软科医药 医12 · 主榜参考 109
RANK_SR_BCUR_2026_4113010216,4113010216,燕山大学,shanghairanking-bcur,ShanghaiRanking,软科中国大学排名,2026,109,109,,,109.0,109,109,,261.9,主榜,China-mainland,https://www.shanghairanking.cn/rankings/bcur/202610,,2026-09-13,True,软科官方公开 API；rankDisplay 保留榜单显示名次，referenceRank 使用官方 rankOverall/主榜参考位次；分类榜名次不冒充全国主榜名次。,2026软科 109
RANK_SR_BCUR_2026_4153010674,4153010674,昆明理工大学,shanghairanking-bcur,ShanghaiRanking,软科中国大学排名,2026,110,110,,,110.0,110,110,,260.8,主榜,China-mainland,https://www.shanghairanking.cn/rankings/bcur/202610,,2026-09-13,True,软科官方公开 API；rankDisplay 保留榜单显示名次，referenceRank 使用官方 rankOverall/主榜参考位次；分类榜名次不冒充全国主榜名次。,2026软科 110
RANK_SR_BCUR_2026_4161010700,4161010700,西安理工大学,shanghairanking-bcur,ShanghaiRanking,软科中国大学排名,2026,111,111,,,111.0,111,111,,259.8,主榜,China-mainland,https://www.shanghairanking.cn/rankings/bcur/202610,,2026-09-13,True,软科官方公开 API；rankDisplay 保留榜单显示名次，referenceRank 使用官方 rankOverall/主榜参考位次；分类榜名次不冒充全国主榜名次。,2026软科 111
RANK_SR_BCUR_2026_4121010161,4121010161,大连医科大学,shanghairanking-bcur,ShanghaiRanking,软科中国大学排名,2026,13,医13,,,13.0,112,112,,,医药,China-mainland,https://www.shanghairanking.cn/rankings/bcur/202610,,2026-09-13,True,软科官方公开 API；rankDisplay 保留榜单显示名次，referenceRank 使用官方 rankOverall/主榜参考位次；分类榜名次不冒充全国主榜名次。,2026软科医药 医13 · 主榜参考 112
RANK_SR_BCUR_2026_4133010338,4133010338,浙江理工大学,shanghairanking-bcur,ShanghaiRanking,软科中国大学排名,2026,112,112,,,112.0,112,112,,259.2,主榜,China-mainland,https://www.shanghairanking.cn/rankings/bcur/202610,,2026-09-13,True,软科官方公开 API；rankDisplay 保留榜单显示名次，referenceRank 使用官方 rankOverall/主榜参考位次；分类榜名次不冒充全国主榜名次。,2026软科 112
RANK_SR_BCUR_2026_4121010151,4121010151,大连海事大学,shanghairanking-bcur,ShanghaiRanking,软科中国大学排名,2026,113,113,,,113.0,113,113,,257.2,主榜,China-mainland,https://www.shanghairanking.cn/rankings/bcur/202610,,2026-09-13,True,软科官方公开 API；rankDisplay 保留榜单显示名次，referenceRank 使用官方 rankOverall/主榜参考位次；分类榜名次不冒充全国主榜名次。,2026软科 113
RANK_SR_BCUR_2026_4111010038,4111010038,首都经济贸易大学,shanghairanking-bcur,ShanghaiRanking,软科中国大学排名,2026,9,财9,,,9.0,113,113,,,财经,China-mainland,https://www.shanghairanking.cn/rankings/bcur/202610,,2026-09-13,True,软科官方公开 API；rankDisplay 保留榜单显示名次，referenceRank 使用官方 rankOverall/主榜参考位次；分类榜名次不冒充全国主榜名次。,2026软科财经 财9 · 主榜参考 113
RANK_SR_BCUR_2026_4115010126,4115010126,内蒙古大学,shanghairanking-bcur,ShanghaiRanking,软科中国大学排名,2026,114,114,,,114.0,114,114,,256.8,主榜,China-mainland,https://www.shanghairanking.cn/rankings/bcur/202610,,2026-09-13,True,软科官方公开 API；rankDisplay 保留榜单显示名次，referenceRank 使用官方 rankOverall/主榜参考位次；分类榜名次不冒充全国主榜名次。,2026软科 114
RANK_SR_BCUR_2026_4123010225,4123010225,东北林业大学,shanghairanking-bcur,ShanghaiRanking,软科中国大学排名,2026,115,115,,,115.0,115,115,,255.4,主榜,China-mainland,https://www.shanghairanking.cn/rankings/bcur/202610,,2026-09-13,True,软科官方公开 API；rankDisplay 保留榜单显示名次，referenceRank 使用官方 rankOverall/主榜参考位次；分类榜名次不冒充全国主榜名次。,2026软科 115
RANK_SR_BCUR_2026_4133010346,4133010346,杭州师范大学,shanghairanking-bcur,ShanghaiRanking,软科中国大学排名,2026,116,116,,,116.0,116,116,,254,主榜,China-mainland,https://www.shanghairanking.cn/rankings/bcur/202610,,2026-09-13,True,软科官方公开 API；rankDisplay 保留榜单显示名次，referenceRank 使用官方 rankOverall/主榜参考位次；分类榜名次不冒充全国主榜名次。,2026软科 116
RANK_SR_BCUR_2026_4143010530,4143010530,湘潭大学,shanghairanking-bcur,ShanghaiRanking,软科中国大学排名,2026,117,117,,,117.0,117,117,,253.7,主榜,China-mainland,https://www.shanghairanking.cn/rankings/bcur/202610,,2026-09-13,True,软科官方公开 API；rankDisplay 保留榜单显示名次，referenceRank 使用官方 rankOverall/主榜参考位次；分类榜名次不冒充全国主榜名次。,2026软科 117
RANK_SR_BCUR_2026_4161010703,4161010703,西安建筑科技大学,shanghairanking-bcur,ShanghaiRanking,软科中国大学排名,2026,118,118,,,118.0,118,118,,251.7,主榜,China-mainland,https://www.shanghairanking.cn/rankings/bcur/202610,,2026-09-13,True,软科官方公开 API；rankDisplay 保留榜单显示名次，referenceRank 使用官方 rankOverall/主榜参考位次；分类榜名次不冒充全国主榜名次。,2026软科 118
RANK_SR_BCUR_2026_4111010032,4111010032,北京语言大学,shanghairanking-bcur,ShanghaiRanking,软科中国大学排名,2026,5,语5,,,5.0,119,119,,,语言,China-mainland,https://www.shanghairanking.cn/rankings/bcur/202610,,2026-09-13,True,软科官方公开 API；rankDisplay 保留榜单显示名次，referenceRank 使用官方 rankOverall/主榜参考位次；分类榜名次不冒充全国主榜名次。,2026软科语言 语5 · 主榜参考 119
RANK_SR_BCUR_2026_4131010276,4131010276,华东政法大学,shanghairanking-bcur,ShanghaiRanking,软科中国大学排名,2026,2,政2,,,2.0,119,119,,,政法,China-mainland,https://www.shanghairanking.cn/rankings/bcur/202610,,2026-09-13,True,软科官方公开 API；rankDisplay 保留榜单显示名次，referenceRank 使用官方 rankOverall/主榜参考位次；分类榜名次不冒充全国主榜名次。,2026软科政法 政2 · 主榜参考 119
RANK_SR_BCUR_2026_4151010615,4151010615,西南石油大学,shanghairanking-bcur,ShanghaiRanking,软科中国大学排名,2026,119,119,,,119.0,119,119,,248.3,主榜,China-mainland,https://www.shanghairanking.cn/rankings/bcur/202610,,2026-09-13,True,软科官方公开 API；rankDisplay 保留榜单显示名次，referenceRank 使用官方 rankOverall/主榜参考位次；分类榜名次不冒充全国主榜名次。,2026软科 119
RANK_SR_BCUR_2026_4123010224,4123010224,东北农业大学,shanghairanking-bcur,ShanghaiRanking,软科中国大学排名,2026,120,120,,,120.0,120,120,,245.7,主榜,China-mainland,https://www.shanghairanking.cn/rankings/bcur/202610,,2026-09-13,True,软科官方公开 API；rankDisplay 保留榜单显示名次，referenceRank 使用官方 rankOverall/主榜参考位次；分类榜名次不冒充全国主榜名次。,2026软科 120
RANK_SR_BCUR_2026_4112010063,4112010063,天津中医药大学,shanghairanking-bcur,ShanghaiRanking,软科中国大学排名,2026,5,中医5,,,5.0,120,120,,,中医药,China-mainland,https://www.shanghairanking.cn/rankings/bcur/202610,,2026-09-13,True,软科官方公开 API；rankDisplay 保留榜单显示名次，referenceRank 使用官方 rankOverall/主榜参考位次；分类榜名次不冒充全国主榜名次。,2026软科中医药 中医5 · 主榜参考 120
RANK_SR_BCUR_2026_4151010633,4151010633,成都中医药大学,shanghairanking-bcur,ShanghaiRanking,软科中国大学排名,2026,6,中医6,,,6.0,121,121,,,中医药,China-mainland,https://www.shanghairanking.cn/rankings/bcur/202610,,2026-09-13,True,软科官方公开 API；rankDisplay 保留榜单显示名次，referenceRank 使用官方 rankOverall/主榜参考位次；分类榜名次不冒充全国主榜名次。,2026软科中医药 中医6 · 主榜参考 121
RANK_SR_BCUR_2026_4142010512,4142010512,湖北大学,shanghairanking-bcur,ShanghaiRanking,软科中国大学排名,2026,121,121,,,121.0,121,121,,243.9,主榜,China-mainland,https://www.shanghairanking.cn/rankings/bcur/202610,,2026-09-13,True,软科官方公开 API；rankDisplay 保留榜单显示名次，referenceRank 使用官方 rankOverall/主榜参考位次；分类榜名次不冒充全国主榜名次。,2026软科 121
RANK_SR_BCUR_2026_4135010389,4135010389,福建农林大学,shanghairanking-bcur,ShanghaiRanking,软科中国大学排名,2026,122,122,,,122.0,122,122,,243.4,主榜,China-mainland,https://www.shanghairanking.cn/rankings/bcur/202610,,2026-09-13,True,软科官方公开 API；rankDisplay 保留榜单显示名次，referenceRank 使用官方 rankOverall/主榜参考位次；分类榜名次不冒充全国主榜名次。,2026软科 122
RANK_SR_BCUR_2026_4131010270,4131010270,上海师范大学,shanghairanking-bcur,ShanghaiRanking,软科中国大学排名,2026,123,123,,,123.0,123,123,,238.4,主榜,China-mainland,https://www.shanghairanking.cn/rankings/bcur/202610,,2026-09-13,True,软科官方公开 API；rankDisplay 保留榜单显示名次，referenceRank 使用官方 rankOverall/主榜参考位次；分类榜名次不冒充全国主榜名次。,2026软科 123
RANK_SR_BCUR_2026_4134010366,4134010366,安徽医科大学,shanghairanking-bcur,ShanghaiRanking,软科中国大学排名,2026,14,医14,,,14.0,123,123,,,医药,China-mainland,https://www.shanghairanking.cn/rankings/bcur/202610,,2026-09-13,True,软科官方公开 API；rankDisplay 保留榜单显示名次，referenceRank 使用官方 rankOverall/主榜参考位次；分类榜名次不冒充全国主榜名次。,2026软科医药 医14 · 主榜参考 123
RANK_SR_BCUR_2026_4142010488,4142010488,武汉科技大学,shanghairanking-bcur,ShanghaiRanking,软科中国大学排名,2026,123,123,,,123.0,123,123,,238.4,主榜,China-mainland,https://www.shanghairanking.cn/rankings/bcur/202610,,2026-09-13,True,软科官方公开 API；rankDisplay 保留榜单显示名次，referenceRank 使用官方 rankOverall/主榜参考位次；分类榜名次不冒充全国主榜名次。,2026软科 123
RANK_SR_BCUR_2026_4150010652,4150010652,西南政法大学,shanghairanking-bcur,ShanghaiRanking,软科中国大学排名,2026,3,政3,,,3.0,124,124,,,政法,China-mainland,https://www.shanghairanking.cn/rankings/bcur/202610,,2026-09-13,True,软科官方公开 API；rankDisplay 保留榜单显示名次，referenceRank 使用官方 rankOverall/主榜参考位次；分类榜名次不冒充全国主榜名次。,2026软科政法 政3 · 主榜参考 124
RANK_SR_BCUR_2026_4121010140,4121010140,辽宁大学,shanghairanking-bcur,ShanghaiRanking,软科中国大学排名,2026,125,125,,,125.0,125,125,,238.1,主榜,China-mainland,https://www.shanghairanking.cn/rankings/bcur/202610,,2026-09-13,True,软科官方公开 API；rankDisplay 保留榜单显示名次，referenceRank 使用官方 rankOverall/主榜参考位次；分类榜名次不冒充全国主榜名次。,2026软科 125
RANK_SR_BCUR_2026_4136010414,4136010414,江西师范大学,shanghairanking-bcur,ShanghaiRanking,软科中国大学排名,2026,126,126,,,126.0,126,126,,238,主榜,China-mainland,https://www.shanghairanking.cn/rankings/bcur/202610,,2026-09-13,True,软科官方公开 API；rankDisplay 保留榜单显示名次，referenceRank 使用官方 rankOverall/主榜参考位次；分类榜名次不冒充全国主榜名次。,2026软科 126
RANK_SR_BCUR_2026_4135010392,4135010392,福建医科大学,shanghairanking-bcur,ShanghaiRanking,软科中国大学排名,2026,15,医15,,,15.0,126,126,,,医药,China-mainland,https://www.shanghairanking.cn/rankings/bcur/202610,,2026-09-13,True,软科官方公开 API；rankDisplay 保留榜单显示名次，referenceRank 使用官方 rankOverall/主榜参考位次；分类榜名次不冒充全国主榜名次。,2026软科医药 医15 · 主榜参考 126
RANK_SR_BCUR_2026_4151010616,4151010616,成都理工大学,shanghairanking-bcur,ShanghaiRanking,软科中国大学排名,2026,127,127,,,127.0,127,127,,237.7,主榜,China-mainland,https://www.shanghairanking.cn/rankings/bcur/202610,,2026-09-13,True,软科官方公开 API；rankDisplay 保留榜单显示名次，referenceRank 使用官方 rankOverall/主榜参考位次；分类榜名次不冒充全国主榜名次。,2026软科 127
RANK_SR_BCUR_2026_4133010344,4133010344,浙江中医药大学,shanghairanking-bcur,ShanghaiRanking,软科中国大学排名,2026,7,中医7,,,7.0,127,127,,,中医药,China-mainland,https://www.shanghairanking.cn/rankings/bcur/202610,,2026-09-13,True,软科官方公开 API；rankDisplay 保留榜单显示名次，referenceRank 使用官方 rankOverall/主榜参考位次；分类榜名次不冒充全国主榜名次。,2026软科中医药 中医7 · 主榜参考 127
RANK_SR_BCUR_2026_4137010434,4137010434,山东农业大学,shanghairanking-bcur,ShanghaiRanking,软科中国大学排名,2026,128,128,,,128.0,128,128,,234.7,主榜,China-mainland,https://www.shanghairanking.cn/rankings/bcur/202610,,2026-09-13,True,软科官方公开 API；rankDisplay 保留榜单显示名次，referenceRank 使用官方 rankOverall/主榜参考位次；分类榜名次不冒充全国主榜名次。,2026软科 128
RANK_SR_BCUR_2026_4111010011,4111010011,北京工商大学,shanghairanking-bcur,ShanghaiRanking,软科中国大学排名,2026,11,财11,,,11.0,129,129,,,财经,China-mainland,https://www.shanghairanking.cn/rankings/bcur/202610,,2026-09-13,True,软科官方公开 API；rankDisplay 保留榜单显示名次，referenceRank 使用官方 rankOverall/主榜参考位次；分类榜名次不冒充全国主榜名次。,2026软科财经 财11 · 主榜参考 129
RANK_SR_BCUR_2026_4132010327,4132010327,南京财经大学,shanghairanking-bcur,ShanghaiRanking,软科中国大学排名,2026,10,财10,,,10.0,129,129,,,财经,China-mainland,https://www.shanghairanking.cn/rankings/bcur/202610,,2026-09-13,True,软科官方公开 API；rankDisplay 保留榜单显示名次，referenceRank 使用官方 rankOverall/主榜参考位次；分类榜名次不冒充全国主榜名次。,2026软科财经 财10 · 主榜参考 129
RANK_SR_BCUR_2026_4144011846,4144011846,广东外语外贸大学,shanghairanking-bcur,ShanghaiRanking,软科中国大学排名,2026,6,语6,,,6.0,129,129,,,语言,China-mainland,https://www.shanghairanking.cn/rankings/bcur/202610,,2026-09-13,True,软科官方公开 API；rankDisplay 保留榜单显示名次，referenceRank 使用官方 rankOverall/主榜参考位次；分类榜名次不冒充全国主榜名次。,2026软科语言 语6 · 主榜参考 129
RANK_SR_BCUR_2026_4133010351,4133010351,温州大学,shanghairanking-bcur,ShanghaiRanking,软科中国大学排名,2026,129,129,,,129.0,129,129,,234.5,主榜,China-mainland,https://www.shanghairanking.cn/rankings/bcur/202610,,2026-09-13,True,软科官方公开 API；rankDisplay 保留榜单显示名次，referenceRank 使用官方 rankOverall/主榜参考位次；分类榜名次不冒充全国主榜名次。,2026软科 129
RANK_SR_BCUR_2026_4113010075,4113010075,河北大学,shanghairanking-bcur,ShanghaiRanking,软科中国大学排名,2026,130,130,,,130.0,130,130,,233.9,主榜,China-mainland,https://www.shanghairanking.cn/rankings/bcur/202610,,2026-09-13,True,软科官方公开 API；rankDisplay 保留榜单显示名次，referenceRank 使用官方 rankOverall/主榜参考位次；分类榜名次不冒充全国主榜名次。,2026软科 130
RANK_SR_BCUR_2026_4133011482,4133011482,浙江财经大学,shanghairanking-bcur,ShanghaiRanking,软科中国大学排名,2026,12,财12,,,12.0,130,130,,,财经,China-mainland,https://www.shanghairanking.cn/rankings/bcur/202610,,2026-09-13,True,软科官方公开 API；rankDisplay 保留榜单显示名次，referenceRank 使用官方 rankOverall/主榜参考位次；分类榜名次不冒充全国主榜名次。,2026软科财经 财12 · 主榜参考 130
RANK_SR_BCUR_2026_4131010277,4131010277,上海体育大学,shanghairanking-bcur,ShanghaiRanking,软科中国大学排名,2026,1,体1,,,1.0,131,131,,,体育,China-mainland,https://www.shanghairanking.cn/rankings/bcur/202610,,2026-09-13,True,软科官方公开 API；rankDisplay 保留榜单显示名次，referenceRank 使用官方 rankOverall/主榜参考位次；分类榜名次不冒充全国主榜名次。,2026软科体育 体1 · 主榜参考 131
RANK_SR_BCUR_2026_4165010755,4165010755,新疆大学,shanghairanking-bcur,ShanghaiRanking,软科中国大学排名,2026,131,131,,,131.0,131,131,,233.6,主榜,China-mainland,https://www.shanghairanking.cn/rankings/bcur/202610,,2026-09-13,True,软科官方公开 API；rankDisplay 保留榜单显示名次，referenceRank 使用官方 rankOverall/主榜参考位次；分类榜名次不冒充全国主榜名次。,2026软科 131
RANK_SR_BCUR_2026_4114010114,4114010114,山西医科大学,shanghairanking-bcur,ShanghaiRanking,软科中国大学排名,2026,16,医16,,,16.0,132,132,,,医药,China-mainland,https://www.shanghairanking.cn/rankings/bcur/202610,,2026-09-13,True,软科官方公开 API；rankDisplay 保留榜单显示名次，referenceRank 使用官方 rankOverall/主榜参考位次；分类榜名次不冒充全国主榜名次。,2026软科医药 医16 · 主榜参考 132
RANK_SR_BCUR_2026_4161010708,4161010708,陕西科技大学,shanghairanking-bcur,ShanghaiRanking,软科中国大学排名,2026,132,132,,,132.0,132,132,,232.4,主榜,China-mainland,https://www.shanghairanking.cn/rankings/bcur/202610,,2026-09-13,True,软科官方公开 API；rankDisplay 保留榜单显示名次，referenceRank 使用官方 rankOverall/主榜参考位次；分类榜名次不冒充全国主榜名次。,2026软科 132
RANK_SR_BCUR_2026_4112010058,4112010058,天津工业大学,shanghairanking-bcur,ShanghaiRanking,软科中国大学排名,2026,133,133,,,133.0,133,133,,231.9,主榜,China-mainland,https://www.shanghairanking.cn/rankings/bcur/202610,,2026-09-13,True,软科官方公开 API；rankDisplay 保留榜单显示名次，referenceRank 使用官方 rankOverall/主榜参考位次；分类榜名次不冒充全国主榜名次。,2026软科 133
RANK_SR_BCUR_2026_4151010626,4151010626,四川农业大学,shanghairanking-bcur,ShanghaiRanking,软科中国大学排名,2026,134,134,,,134.0,134,134,,231.7,主榜,China-mainland,https://www.shanghairanking.cn/rankings/bcur/202610,,2026-09-13,True,软科官方公开 API；rankDisplay 保留榜单显示名次，referenceRank 使用官方 rankOverall/主榜参考位次；分类榜名次不冒充全国主榜名次。,2026软科 134
RANK_SR_BCUR_2026_4137010439,4137010439,山东第一医科大学,shanghairanking-bcur,ShanghaiRanking,软科中国大学排名,2026,17,医17,,,17.0,135,135,,,医药,China-mainland,https://www.shanghairanking.cn/rankings/bcur/202610,,2026-09-13,True,软科官方公开 API；rankDisplay 保留榜单显示名次，referenceRank 使用官方 rankOverall/主榜参考位次；分类榜名次不冒充全国主榜名次。,2026软科医药 医17 · 主榜参考 135
RANK_SR_BCUR_2026_4165010759,4165010759,石河子大学,shanghairanking-bcur,ShanghaiRanking,软科中国大学排名,2026,135,135,,,135.0,135,135,,231.6,主榜,China-mainland,https://www.shanghairanking.cn/rankings/bcur/202610,,2026-09-13,True,软科官方公开 API；rankDisplay 保留榜单显示名次，referenceRank 使用官方 rankOverall/主榜参考位次；分类榜名次不冒充全国主榜名次。,2026软科 135
RANK_SR_BCUR_2026_4143010536,4143010536,长沙理工大学,shanghairanking-bcur,ShanghaiRanking,软科中国大学排名,2026,135,135,,,135.0,135,135,,231.6,主榜,China-mainland,https://www.shanghairanking.cn/rankings/bcur/202610,,2026-09-13,True,软科官方公开 API；rankDisplay 保留榜单显示名次，referenceRank 使用官方 rankOverall/主榜参考位次；分类榜名次不冒充全国主榜名次。,2026软科 135
RANK_SR_BCUR_2026_4164010749,4164010749,宁夏大学,shanghairanking-bcur,ShanghaiRanking,软科中国大学排名,2026,137,137,,,137.0,137,137,,230.9,主榜,China-mainland,https://www.shanghairanking.cn/rankings/bcur/202610,,2026-09-13,True,软科官方公开 API；rankDisplay 保留榜单显示名次，referenceRank 使用官方 rankOverall/主榜参考位次；分类榜名次不冒充全国主榜名次。,2026软科 137
RANK_SR_BCUR_2026_4144016410,4144016410,广东以色列理工学院,shanghairanking-bcur,ShanghaiRanking,软科中国大学排名,2026,7,合作7,,,7.0,138,138,,,理工,China-mainland,https://www.shanghairanking.cn/rankings/bcur/202610,,2026-09-13,True,软科官方公开 API；rankDisplay 保留榜单显示名次，referenceRank 使用官方 rankOverall/主榜参考位次；分类榜名次不冒充全国主榜名次。,2026软科理工 合作7 · 主榜参考 138
RANK_SR_BCUR_2026_4122010186,4122010186,长春理工大学,shanghairanking-bcur,ShanghaiRanking,软科中国大学排名,2026,138,138,,,138.0,138,138,,230.6,主榜,China-mainland,https://www.shanghairanking.cn/rankings/bcur/202610,,2026-09-13,True,软科官方公开 API；rankDisplay 保留榜单显示名次，referenceRank 使用官方 rankOverall/主榜参考位次；分类榜名次不冒充全国主榜名次。,2026软科 138
RANK_SR_BCUR_2026_4111010041,4111010041,中国人民公安大学,shanghairanking-bcur,ShanghaiRanking,软科中国大学排名,2026,4,政4,,,4.0,139,139,,,政法,China-mainland,https://www.shanghairanking.cn/rankings/bcur/202610,,2026-09-13,True,软科官方公开 API；rankDisplay 保留榜单显示名次，referenceRank 使用官方 rankOverall/主榜参考位次；分类榜名次不冒充全国主榜名次。,2026软科政法 政4 · 主榜参考 139
RANK_SR_BCUR_2026_4135010385,4135010385,华侨大学,shanghairanking-bcur,ShanghaiRanking,软科中国大学排名,2026,139,139,,,139.0,139,139,,229.8,主榜,China-mainland,https://www.shanghairanking.cn/rankings/bcur/202610,,2026-09-13,True,软科官方公开 API；rankDisplay 保留榜单显示名次，referenceRank 使用官方 rankOverall/主榜参考位次；分类榜名次不冒充全国主榜名次。,2026软科 139
RANK_SR_BCUR_2026_4137010424,4137010424,山东科技大学,shanghairanking-bcur,ShanghaiRanking,软科中国大学排名,2026,140,140,,,140.0,140,140,,226.4,主榜,China-mainland,https://www.shanghairanking.cn/rankings/bcur/202610,,2026-09-13,True,软科官方公开 API；rankDisplay 保留榜单显示名次，referenceRank 使用官方 rankOverall/主榜参考位次；分类榜名次不冒充全国主榜名次。,2026软科 140
RANK_SR_BCUR_2026_4132010289,4132010289,江苏科技大学,shanghairanking-bcur,ShanghaiRanking,软科中国大学排名,2026,141,141,,,141.0,141,141,,224.9,主榜,China-mainland,https://www.shanghairanking.cn/rankings/bcur/202610,,2026-09-13,True,软科官方公开 API；rankDisplay 保留榜单显示名次，referenceRank 使用官方 rankOverall/主榜参考位次；分类榜名次不冒充全国主榜名次。,2026软科 141
RANK_SR_BCUR_2026_4131010264,4131010264,上海海洋大学,shanghairanking-bcur,ShanghaiRanking,软科中国大学排名,2026,142,142,,,142.0,142,142,,222.5,主榜,China-mainland,https://www.shanghairanking.cn/rankings/bcur/202610,,2026-09-13,True,软科官方公开 API；rankDisplay 保留榜单显示名次，referenceRank 使用官方 rankOverall/主榜参考位次；分类榜名次不冒充全国主榜名次。,2026软科 142
RANK_SR_BCUR_2026_4131010273,4131010273,上海对外经贸大学,shanghairanking-bcur,ShanghaiRanking,软科中国大学排名,2026,14,财14,,,14.0,143,143,,,财经,China-mainland,https://www.shanghairanking.cn/rankings/bcur/202610,,2026-09-13,True,软科官方公开 API；rankDisplay 保留榜单显示名次，referenceRank 使用官方 rankOverall/主榜参考位次；分类榜名次不冒充全国主榜名次。,2026软科财经 财14 · 主榜参考 143
RANK_SR_BCUR_2026_4134010364,4134010364,安徽农业大学,shanghairanking-bcur,ShanghaiRanking,软科中国大学排名,2026,143,143,,,143.0,143,143,,222,主榜,China-mainland,https://www.shanghairanking.cn/rankings/bcur/202610,,2026-09-13,True,软科官方公开 API；rankDisplay 保留榜单显示名次，referenceRank 使用官方 rankOverall/主榜参考位次；分类榜名次不冒充全国主榜名次。,2026软科 143
RANK_SR_BCUR_2026_4137010456,4137010456,山东财经大学,shanghairanking-bcur,ShanghaiRanking,软科中国大学排名,2026,13,财13,,,13.0,143,143,,,财经,China-mainland,https://www.shanghairanking.cn/rankings/bcur/202610,,2026-09-13,True,软科官方公开 API；rankDisplay 保留榜单显示名次，referenceRank 使用官方 rankOverall/主榜参考位次；分类榜名次不冒充全国主榜名次。,2026软科财经 财13 · 主榜参考 143
RANK_SR_BCUR_2026_4114010110,4114010110,中北大学,shanghairanking-bcur,ShanghaiRanking,软科中国大学排名,2026,144,144,,,144.0,144,144,,221.5,主榜,China-mainland,https://www.shanghairanking.cn/rankings/bcur/202610,,2026-09-13,True,软科官方公开 API；rankDisplay 保留榜单显示名次，referenceRank 使用官方 rankOverall/主榜参考位次；分类榜名次不冒充全国主榜名次。,2026软科 144
RANK_SR_BCUR_2026_4134010370,4134010370,安徽师范大学,shanghairanking-bcur,ShanghaiRanking,软科中国大学排名,2026,145,145,,,145.0,145,145,,220.6,主榜,China-mainland,https://www.shanghairanking.cn/rankings/bcur/202610,,2026-09-13,True,软科官方公开 API；rankDisplay 保留榜单显示名次，referenceRank 使用官方 rankOverall/主榜参考位次；分类榜名次不冒充全国主榜名次。,2026软科 145
RANK_SR_BCUR_2026_4141010466,4141010466,河南农业大学,shanghairanking-bcur,ShanghaiRanking,软科中国大学排名,2026,145,145,,,145.0,145,145,,220.6,主榜,China-mainland,https://www.shanghairanking.cn/rankings/bcur/202610,,2026-09-13,True,软科官方公开 API；rankDisplay 保留榜单显示名次，referenceRank 使用官方 rankOverall/主榜参考位次；分类榜名次不冒充全国主榜名次。,2026软科 145
RANK_SR_BCUR_2026_4132010304,4132010304,南通大学,shanghairanking-bcur,ShanghaiRanking,软科中国大学排名,2026,147,147,,,147.0,147,147,,219.3,主榜,China-mainland,https://www.shanghairanking.cn/rankings/bcur/202610,,2026-09-13,True,软科官方公开 API；rankDisplay 保留榜单显示名次，referenceRank 使用官方 rankOverall/主榜参考位次；分类榜名次不冒充全国主榜名次。,2026软科 147
RANK_SR_BCUR_2026_4150010617,4150010617,重庆邮电大学,shanghairanking-bcur,ShanghaiRanking,软科中国大学排名,2026,147,147,,,147.0,147,147,,219.3,主榜,China-mainland,https://www.shanghairanking.cn/rankings/bcur/202610,,2026-09-13,True,软科官方公开 API；rankDisplay 保留榜单显示名次，referenceRank 使用官方 rankOverall/主榜参考位次；分类榜名次不冒充全国主榜名次。,2026软科 147
RANK_SR_BCUR_2026_4145010602,4145010602,广西师范大学,shanghairanking-bcur,ShanghaiRanking,软科中国大学排名,2026,149,149,,,149.0,149,149,,217.8,主榜,China-mainland,https://www.shanghairanking.cn/rankings/bcur/202610,,2026-09-13,True,软科官方公开 API；rankDisplay 保留榜单显示名次，referenceRank 使用官方 rankOverall/主榜参考位次；分类榜名次不冒充全国主榜名次。,2026软科 149
RANK_SR_BCUR_2026_4133010341,4133010341,浙江农林大学,shanghairanking-bcur,ShanghaiRanking,软科中国大学排名,2026,149,149,,,149.0,149,149,,217.8,主榜,China-mainland,https://www.shanghairanking.cn/rankings/bcur/202610,,2026-09-13,True,软科官方公开 API；rankDisplay 保留榜单显示名次，referenceRank 使用官方 rankOverall/主榜参考位次；分类榜名次不冒充全国主榜名次。,2026软科 149
RANK_SR_BCUR_2026_4133010356,4133010356,中国计量大学,shanghairanking-bcur,ShanghaiRanking,软科中国大学排名,2026,151,151,,,151.0,151,151,,217.4,主榜,China-mainland,https://www.shanghairanking.cn/rankings/bcur/202610,,2026-09-13,True,软科官方公开 API；rankDisplay 保留榜单显示名次，referenceRank 使用官方 rankOverall/主榜参考位次；分类榜名次不冒充全国主榜名次。,2026软科 151
RANK_SR_BCUR_2026_4145010598,4145010598,广西医科大学,shanghairanking-bcur,ShanghaiRanking,软科中国大学排名,2026,18,医18,,,18.0,151,151,,,医药,China-mainland,https://www.shanghairanking.cn/rankings/bcur/202610,,2026-09-13,True,软科官方公开 API；rankDisplay 保留榜单显示名次，referenceRank 使用官方 rankOverall/主榜参考位次；分类榜名次不冒充全国主榜名次。,2026软科医药 医18 · 主榜参考 151
RANK_SR_BCUR_2026_4133016405,4133016405,温州肯恩大学,shanghairanking-bcur,ShanghaiRanking,软科中国大学排名,2026,8,合作8,,,8.0,151,151,,,综合,China-mainland,https://www.shanghairanking.cn/rankings/bcur/202610,,2026-09-13,True,软科官方公开 API；rankDisplay 保留榜单显示名次，referenceRank 使用官方 rankOverall/主榜参考位次；分类榜名次不冒充全国主榜名次。,2026软科 合作8
RANK_SR_BCUR_2026_4137010431,4137010431,齐鲁工业大学,shanghairanking-bcur,ShanghaiRanking,软科中国大学排名,2026,151,151,,,151.0,151,151,,217.4,主榜,China-mainland,https://www.shanghairanking.cn/rankings/bcur/202610,,2026-09-13,True,软科官方公开 API；rankDisplay 保留榜单显示名次，referenceRank 使用官方 rankOverall/主榜参考位次；分类榜名次不冒充全国主榜名次。,2026软科 151
RANK_SR_BCUR_2026_4121010157,4121010157,沈阳农业大学,shanghairanking-bcur,ShanghaiRanking,软科中国大学排名,2026,153,153,,,153.0,153,153,,216.5,主榜,China-mainland,https://www.shanghairanking.cn/rankings/bcur/202610,,2026-09-13,True,软科官方公开 API；rankDisplay 保留榜单显示名次，referenceRank 使用官方 rankOverall/主榜参考位次；分类榜名次不冒充全国主榜名次。,2026软科 153
RANK_SR_BCUR_2026_4144016401,4144016401,北师香港浸会大学,shanghairanking-bcur,ShanghaiRanking,软科中国大学排名,2026,9,合作9,,,9.0,154,154,,,综合,China-mainland,https://www.shanghairanking.cn/rankings/bcur/202610,,2026-09-13,True,软科官方公开 API；rankDisplay 保留榜单显示名次，referenceRank 使用官方 rankOverall/主榜参考位次；分类榜名次不冒充全国主榜名次。,2026软科 合作9
RANK_SR_BCUR_2026_4162010736,4162010736,西北师范大学,shanghairanking-bcur,ShanghaiRanking,软科中国大学排名,2026,154,154,,,154.0,154,154,,216,主榜,China-mainland,https://www.shanghairanking.cn/rankings/bcur/202610,,2026-09-13,True,软科官方公开 API；rankDisplay 保留榜单显示名次，referenceRank 使用官方 rankOverall/主榜参考位次；分类榜名次不冒充全国主榜名次。,2026软科 154
RANK_SR_BCUR_2026_4123010212,4123010212,黑龙江大学,shanghairanking-bcur,ShanghaiRanking,软科中国大学排名,2026,155,155,,,155.0,155,155,,215.1,主榜,China-mainland,https://www.shanghairanking.cn/rankings/bcur/202610,,2026-09-13,True,软科官方公开 API；rankDisplay 保留榜单显示名次，referenceRank 使用官方 rankOverall/主榜参考位次；分类榜名次不冒充全国主榜名次。,2026软科 155
RANK_SR_BCUR_2026_4135010390,4135010390,集美大学,shanghairanking-bcur,ShanghaiRanking,软科中国大学排名,2026,156,156,,,156.0,156,156,,215,主榜,China-mainland,https://www.shanghairanking.cn/rankings/bcur/202610,,2026-09-13,True,软科官方公开 API；rankDisplay 保留榜单显示名次，referenceRank 使用官方 rankOverall/主榜参考位次；分类榜名次不冒充全国主榜名次。,2026软科 156
RANK_SR_BCUR_2026_4122010184,4122010184,延边大学,shanghairanking-bcur,ShanghaiRanking,软科中国大学排名,2026,157,157,,,157.0,157,157,,214.9,主榜,China-mainland,https://www.shanghairanking.cn/rankings/bcur/202610,,2026-09-13,True,软科官方公开 API；rankDisplay 保留榜单显示名次，referenceRank 使用官方 rankOverall/主榜参考位次；分类榜名次不冒充全国主榜名次。,2026软科 157
RANK_SR_BCUR_2026_4112010057,4112010057,天津科技大学,shanghairanking-bcur,ShanghaiRanking,软科中国大学排名,2026,158,158,,,158.0,158,158,,214.8,主榜,China-mainland,https://www.shanghairanking.cn/rankings/bcur/202610,,2026-09-13,True,软科官方公开 API；rankDisplay 保留榜单显示名次，referenceRank 使用官方 rankOverall/主榜参考位次；分类榜名次不冒充全国主榜名次。,2026软科 158
RANK_SR_BCUR_2026_4132010313,4132010313,徐州医科大学,shanghairanking-bcur,ShanghaiRanking,软科中国大学排名,2026,19,医19,,,19.0,158,158,,,医药,China-mainland,https://www.shanghairanking.cn/rankings/bcur/202610,,2026-09-13,True,软科官方公开 API；rankDisplay 保留榜单显示名次，referenceRank 使用官方 rankOverall/主榜参考位次；分类榜名次不冒充全国主榜名次。,2026软科医药 医19 · 主榜参考 158
RANK_SR_BCUR_2026_4142010524,4142010524,中南民族大学,shanghairanking-bcur,ShanghaiRanking,软科中国大学排名,2026,2,民2,,,2.0,159,159,,,民族,China-mainland,https://www.shanghairanking.cn/rankings/bcur/202610,,2026-09-13,True,软科官方公开 API；rankDisplay 保留榜单显示名次，referenceRank 使用官方 rankOverall/主榜参考位次；分类榜名次不冒充全国主榜名次。,2026软科民族 民2 · 主榜参考 159
RANK_SR_BCUR_2026_4132011287,4132011287,南京审计大学,shanghairanking-bcur,ShanghaiRanking,软科中国大学排名,2026,15,财15,,,15.0,159,159,,,财经,China-mainland,https://www.shanghairanking.cn/rankings/bcur/202610,,2026-09-13,True,软科官方公开 API；rankDisplay 保留榜单显示名次，referenceRank 使用官方 rankOverall/主榜参考位次；分类榜名次不冒充全国主榜名次。,2026软科财经 财15 · 主榜参考 159
RANK_SR_BCUR_2026_4142010495,4142010495,武汉纺织大学,shanghairanking-bcur,ShanghaiRanking,软科中国大学排名,2026,159,159,,,159.0,159,159,,214,主榜,China-mainland,https://www.shanghairanking.cn/rankings/bcur/202610,,2026-09-13,True,软科官方公开 API；rankDisplay 保留榜单显示名次，referenceRank 使用官方 rankOverall/主榜参考位次；分类榜名次不冒充全国主榜名次。,2026软科 159
RANK_SR_BCUR_2026_4112010065,4112010065,天津师范大学,shanghairanking-bcur,ShanghaiRanking,软科中国大学排名,2026,160,160,,,160.0,160,160,,213.5,主榜,China-mainland,https://www.shanghairanking.cn/rankings/bcur/202610,,2026-09-13,True,软科官方公开 API；rankDisplay 保留榜单显示名次，referenceRank 使用官方 rankOverall/主榜参考位次；分类榜名次不冒充全国主榜名次。,2026软科 160
RANK_SR_BCUR_2026_4122010193,4122010193,吉林农业大学,shanghairanking-bcur,ShanghaiRanking,软科中国大学排名,2026,161,161,,,161.0,161,161,,212.7,主榜,China-mainland,https://www.shanghairanking.cn/rankings/bcur/202610,,2026-09-13,True,软科官方公开 API；rankDisplay 保留榜单显示名次，referenceRank 使用官方 rankOverall/主榜参考位次；分类榜名次不冒充全国主榜名次。,2026软科 161
RANK_SR_BCUR_2026_4142010500,4142010500,湖北工业大学,shanghairanking-bcur,ShanghaiRanking,软科中国大学排名,2026,162,162,,,162.0,162,162,,211.2,主榜,China-mainland,https://www.shanghairanking.cn/rankings/bcur/202610,,2026-09-13,True,软科官方公开 API；rankDisplay 保留榜单显示名次，referenceRank 使用官方 rankOverall/主榜参考位次；分类榜名次不冒充全国主榜名次。,2026软科 162
RANK_SR_BCUR_2026_4121010165,4121010165,辽宁师范大学,shanghairanking-bcur,ShanghaiRanking,软科中国大学排名,2026,162,162,,,162.0,162,162,,211.2,主榜,China-mainland,https://www.shanghairanking.cn/rankings/bcur/202610,,2026-09-13,True,软科官方公开 API；rankDisplay 保留榜单显示名次，referenceRank 使用官方 rankOverall/主榜参考位次；分类榜名次不冒充全国主榜名次。,2026软科 162
RANK_SR_BCUR_2026_4137010446,4137010446,曲阜师范大学,shanghairanking-bcur,ShanghaiRanking,软科中国大学排名,2026,164,164,,,164.0,164,164,,210.7,主榜,China-mainland,https://www.shanghairanking.cn/rankings/bcur/202610,,2026-09-13,True,软科官方公开 API；rankDisplay 保留榜单显示名次，referenceRank 使用官方 rankOverall/主榜参考位次；分类榜名次不冒充全国主榜名次。,2026软科 164
RANK_SR_BCUR_2026_4132010292,4132010292,常州大学,shanghairanking-bcur,ShanghaiRanking,软科中国大学排名,2026,165,165,,,165.0,165,165,,210.1,主榜,China-mainland,https://www.shanghairanking.cn/rankings/bcur/202610,,2026-09-13,True,软科官方公开 API；rankDisplay 保留榜单显示名次，referenceRank 使用官方 rankOverall/主榜参考位次；分类榜名次不冒充全国主榜名次。,2026软科 165
RANK_SR_BCUR_2026_4143010537,4143010537,湖南农业大学,shanghairanking-bcur,ShanghaiRanking,软科中国大学排名,2026,166,166,,,166.0,166,166,,209.9,主榜,China-mainland,https://www.shanghairanking.cn/rankings/bcur/202610,,2026-09-13,True,软科官方公开 API；rankDisplay 保留榜单显示名次，referenceRank 使用官方 rankOverall/主榜参考位次；分类榜名次不冒充全国主榜名次。,2026软科 166
RANK_SR_BCUR_2026_4137010426,4137010426,青岛科技大学,shanghairanking-bcur,ShanghaiRanking,软科中国大学排名,2026,167,167,,,167.0,167,167,,209.6,主榜,China-mainland,https://www.shanghairanking.cn/rankings/bcur/202610,,2026-09-13,True,软科官方公开 API；rankDisplay 保留榜单显示名次，referenceRank 使用官方 rankOverall/主榜参考位次；分类榜名次不冒充全国主榜名次。,2026软科 167
RANK_SR_BCUR_2026_4121010163,4121010163,沈阳药科大学,shanghairanking-bcur,ShanghaiRanking,软科中国大学排名,2026,20,医20,,,20.0,168,168,,,医药,China-mainland,https://www.shanghairanking.cn/rankings/bcur/202610,,2026-09-13,True,软科官方公开 API；rankDisplay 保留榜单显示名次，referenceRank 使用官方 rankOverall/主榜参考位次；分类榜名次不冒充全国主榜名次。,2026软科医药 医20 · 主榜参考 168
RANK_SR_BCUR_2026_4141010476,4141010476,河南师范大学,shanghairanking-bcur,ShanghaiRanking,软科中国大学排名,2026,168,168,,,168.0,168,168,,209.2,主榜,China-mainland,https://www.shanghairanking.cn/rankings/bcur/202610,,2026-09-13,True,软科官方公开 API；rankDisplay 保留榜单显示名次，referenceRank 使用官方 rankOverall/主榜参考位次；分类榜名次不冒充全国主榜名次。,2026软科 168
RANK_SR_BCUR_2026_4137010441,4137010441,山东中医药大学,shanghairanking-bcur,ShanghaiRanking,软科中国大学排名,2026,8,中医8,,,8.0,169,169,,,中医药,China-mainland,https://www.shanghairanking.cn/rankings/bcur/202610,,2026-09-13,True,软科官方公开 API；rankDisplay 保留榜单显示名次，referenceRank 使用官方 rankOverall/主榜参考位次；分类榜名次不冒充全国主榜名次。,2026软科中医药 中医8 · 主榜参考 169
RANK_SR_BCUR_2026_4142010490,4142010490,武汉工程大学,shanghairanking-bcur,ShanghaiRanking,软科中国大学排名,2026,169,169,,,169.0,169,169,,209,主榜,China-mainland,https://www.shanghairanking.cn/rankings/bcur/202610,,2026-09-13,True,软科官方公开 API；rankDisplay 保留榜单显示名次，referenceRank 使用官方 rankOverall/主榜参考位次；分类榜名次不冒充全国主榜名次。,2026软科 169
RANK_SR_BCUR_2026_4143010541,4143010541,湖南中医药大学,shanghairanking-bcur,ShanghaiRanking,软科中国大学排名,2026,9,中医9,,,9.0,169,169,,,中医药,China-mainland,https://www.shanghairanking.cn/rankings/bcur/202610,,2026-09-13,True,软科官方公开 API；rankDisplay 保留榜单显示名次，referenceRank 使用官方 rankOverall/主榜参考位次；分类榜名次不冒充全国主榜名次。,2026软科中医药 中医9 · 主榜参考 169
RANK_SR_BCUR_2026_4112010060,4112010060,天津理工大学,shanghairanking-bcur,ShanghaiRanking,软科中国大学排名,2026,170,170,,,170.0,170,170,,208.6,主榜,China-mainland,https://www.shanghairanking.cn/rankings/bcur/202610,,2026-09-13,True,软科官方公开 API；rankDisplay 保留榜单显示名次，referenceRank 使用官方 rankOverall/主榜参考位次；分类榜名次不冒充全国主榜名次。,2026软科 170
RANK_SR_BCUR_2026_4131010254,4131010254,上海海事大学,shanghairanking-bcur,ShanghaiRanking,软科中国大学排名,2026,171,171,,,171.0,171,171,,207.5,主榜,China-mainland,https://www.shanghairanking.cn/rankings/bcur/202610,,2026-09-13,True,软科官方公开 API；rankDisplay 保留榜单显示名次，referenceRank 使用官方 rankOverall/主榜参考位次；分类榜名次不冒充全国主榜名次。,2026软科 171
RANK_SR_BCUR_2026_4132010320,4132010320,江苏师范大学,shanghairanking-bcur,ShanghaiRanking,软科中国大学排名,2026,172,172,,,172.0,172,172,,207.4,主榜,China-mainland,https://www.shanghairanking.cn/rankings/bcur/202610,,2026-09-13,True,软科官方公开 API；rankDisplay 保留榜单显示名次，referenceRank 使用官方 rankOverall/主榜参考位次；分类榜名次不冒充全国主榜名次。,2026软科 172
RANK_SR_BCUR_2026_4144010560,4144010560,汕头大学,shanghairanking-bcur,ShanghaiRanking,软科中国大学排名,2026,173,173,,,173.0,173,173,,206.9,主榜,China-mainland,https://www.shanghairanking.cn/rankings/bcur/202610,,2026-09-13,True,软科官方公开 API；rankDisplay 保留榜单显示名次，referenceRank 使用官方 rankOverall/主榜参考位次；分类榜名次不冒充全国主榜名次。,2026软科 173
RANK_SR_BCUR_2026_4142011075,4142011075,三峡大学,shanghairanking-bcur,ShanghaiRanking,软科中国大学排名,2026,174,174,,,174.0,174,174,,205.6,主榜,China-mainland,https://www.shanghairanking.cn/rankings/bcur/202610,,2026-09-13,True,软科官方公开 API；rankDisplay 保留榜单显示名次，referenceRank 使用官方 rankOverall/主榜参考位次；分类榜名次不冒充全国主榜名次。,2026软科 174
RANK_SR_BCUR_2026_4112010070,4112010070,天津财经大学,shanghairanking-bcur,ShanghaiRanking,软科中国大学排名,2026,16,财16,,,16.0,175,175,,,财经,China-mainland,https://www.shanghairanking.cn/rankings/bcur/202610,,2026-09-13,True,软科官方公开 API；rankDisplay 保留榜单显示名次，referenceRank 使用官方 rankOverall/主榜参考位次；分类榜名次不冒充全国主榜名次。,2026软科财经 财16 · 主榜参考 175
RANK_SR_BCUR_2026_4137010427,4137010427,济南大学,shanghairanking-bcur,ShanghaiRanking,软科中国大学排名,2026,175,175,,,175.0,175,175,,205,主榜,China-mainland,https://www.shanghairanking.cn/rankings/bcur/202610,,2026-09-13,True,软科官方公开 API；rankDisplay 保留榜单显示名次，referenceRank 使用官方 rankOverall/主榜参考位次；分类榜名次不冒充全国主榜名次。,2026软科 175
RANK_SR_BCUR_2026_4141010464,4141010464,河南科技大学,shanghairanking-bcur,ShanghaiRanking,软科中国大学排名,2026,176,176,,,176.0,176,176,,204.4,主榜,China-mainland,https://www.shanghairanking.cn/rankings/bcur/202610,,2026-09-13,True,软科官方公开 API；rankDisplay 保留榜单显示名次，referenceRank 使用官方 rankOverall/主榜参考位次；分类榜名次不冒充全国主榜名次。,2026软科 176
RANK_SR_BCUR_2026_4135010393,4135010393,福建中医药大学,shanghairanking-bcur,ShanghaiRanking,软科中国大学排名,2026,10,中医10,,,10.0,176,176,,,中医药,China-mainland,https://www.shanghairanking.cn/rankings/bcur/202610,,2026-09-13,True,软科官方公开 API；rankDisplay 保留榜单显示名次，referenceRank 使用官方 rankOverall/主榜参考位次；分类榜名次不冒充全国主榜名次。,2026软科中医药 中医10 · 主榜参考 176
RANK_SR_BCUR_2026_4111010043,4111010043,北京体育大学,shanghairanking-bcur,ShanghaiRanking,软科中国大学排名,2026,2,体2,,,2.0,177,177,,,体育,China-mainland,https://www.shanghairanking.cn/rankings/bcur/202610,,2026-09-13,True,软科官方公开 API；rankDisplay 保留榜单显示名次，referenceRank 使用官方 rankOverall/主榜参考位次；分类榜名次不冒充全国主榜名次。,2026软科体育 体2 · 主榜参考 177
RANK_SR_BCUR_2026_4113010094,4113010094,河北师范大学,shanghairanking-bcur,ShanghaiRanking,软科中国大学排名,2026,177,177,,,177.0,177,177,,204.3,主榜,China-mainland,https://www.shanghairanking.cn/rankings/bcur/202610,,2026-09-13,True,软科官方公开 API；rankDisplay 保留榜单显示名次，referenceRank 使用官方 rankOverall/主榜参考位次；分类榜名次不冒充全国主榜名次。,2026软科 177
RANK_SR_BCUR_2026_4111010016,4111010016,北京建筑大学,shanghairanking-bcur,ShanghaiRanking,软科中国大学排名,2026,178,178,,,178.0,178,178,,204.1,主榜,China-mainland,https://www.shanghairanking.cn/rankings/bcur/202610,,2026-09-13,True,软科官方公开 API；rankDisplay 保留榜单显示名次，referenceRank 使用官方 rankOverall/主榜参考位次；分类榜名次不冒充全国主榜名次。,2026软科 178
RANK_SR_BCUR_2026_4121010143,4121010143,沈阳航空航天大学,shanghairanking-bcur,ShanghaiRanking,软科中国大学排名,2026,179,179,,,179.0,179,179,,202.7,主榜,China-mainland,https://www.shanghairanking.cn/rankings/bcur/202610,,2026-09-13,True,软科官方公开 API；rankDisplay 保留榜单显示名次，referenceRank 使用官方 rankOverall/主榜参考位次；分类榜名次不冒充全国主榜名次。,2026软科 179
RANK_SR_BCUR_2026_4141010471,4141010471,河南中医药大学,shanghairanking-bcur,ShanghaiRanking,软科中国大学排名,2026,11,中医11,,,11.0,179,179,,,中医药,China-mainland,https://www.shanghairanking.cn/rankings/bcur/202610,,2026-09-13,True,软科官方公开 API；rankDisplay 保留榜单显示名次，referenceRank 使用官方 rankOverall/主榜参考位次；分类榜名次不冒充全国主榜名次。,2026软科中医药 中医11 · 主榜参考 179
RANK_SR_BCUR_2026_4134010361,4134010361,安徽理工大学,shanghairanking-bcur,ShanghaiRanking,软科中国大学排名,2026,180,180,,,180.0,180,180,,201.7,主榜,China-mainland,https://www.shanghairanking.cn/rankings/bcur/202610,,2026-09-13,True,软科官方公开 API；rankDisplay 保留榜单显示名次，referenceRank 使用官方 rankOverall/主榜参考位次；分类榜名次不冒充全国主榜名次。,2026软科 180
RANK_SR_BCUR_2026_4136010406,4136010406,南昌航空大学,shanghairanking-bcur,ShanghaiRanking,软科中国大学排名,2026,181,181,,,181.0,181,181,,200.5,主榜,China-mainland,https://www.shanghairanking.cn/rankings/bcur/202610,,2026-09-13,True,软科官方公开 API；rankDisplay 保留榜单显示名次，referenceRank 使用官方 rankOverall/主榜参考位次；分类榜名次不冒充全国主榜名次。,2026软科 181
RANK_SR_BCUR_2026_4111011232,4111011232,北京信息科技大学,shanghairanking-bcur,ShanghaiRanking,软科中国大学排名,2026,182,182,,,182.0,182,182,,199.9,主榜,China-mainland,https://www.shanghairanking.cn/rankings/bcur/202610,,2026-09-13,True,软科官方公开 API；rankDisplay 保留榜单显示名次，referenceRank 使用官方 rankOverall/主榜参考位次；分类榜名次不冒充全国主榜名次。,2026软科 182
RANK_SR_BCUR_2026_4145010595,4145010595,桂林电子科技大学,shanghairanking-bcur,ShanghaiRanking,软科中国大学排名,2026,183,183,,,183.0,183,183,,199.8,主榜,China-mainland,https://www.shanghairanking.cn/rankings/bcur/202610,,2026-09-13,True,软科官方公开 API；rankDisplay 保留榜单显示名次，referenceRank 使用官方 rankOverall/主榜参考位次；分类榜名次不冒充全国主榜名次。,2026软科 183
RANK_SR_BCUR_2026_4164010752,4164010752,宁夏医科大学,shanghairanking-bcur,ShanghaiRanking,软科中国大学排名,2026,21,医21,,,21.0,184,184,,,医药,China-mainland,https://www.shanghairanking.cn/rankings/bcur/202610,,2026-09-13,True,软科官方公开 API；rankDisplay 保留榜单显示名次，referenceRank 使用官方 rankOverall/主榜参考位次；分类榜名次不冒充全国主榜名次。,2026软科医药 医21 · 主榜参考 184
RANK_SR_BCUR_2026_4142010489,4142010489,长江大学,shanghairanking-bcur,ShanghaiRanking,软科中国大学排名,2026,184,184,,,184.0,184,184,,199.4,主榜,China-mainland,https://www.shanghairanking.cn/rankings/bcur/202610,,2026-09-13,True,软科官方公开 API；rankDisplay 保留榜单显示名次，referenceRank 使用官方 rankOverall/主榜参考位次；分类榜名次不冒充全国主榜名次。,2026软科 184
RANK_SR_BCUR_2026_4111010042,4111010042,国际关系学院,shanghairanking-bcur,ShanghaiRanking,软科中国大学排名,2026,185,185,,,185.0,185,185,,198.9,主榜,China-mainland,https://www.shanghairanking.cn/rankings/bcur/202610,,2026-09-13,True,软科官方公开 API；rankDisplay 保留榜单显示名次，referenceRank 使用官方 rankOverall/主榜参考位次；分类榜名次不冒充全国主榜名次。,2026软科 185
RANK_SR_BCUR_2026_4161010726,4161010726,西北政法大学,shanghairanking-bcur,ShanghaiRanking,软科中国大学排名,2026,5,政5,,,5.0,185,185,,,政法,China-mainland,https://www.shanghairanking.cn/rankings/bcur/202610,,2026-09-13,True,软科官方公开 API；rankDisplay 保留榜单显示名次，referenceRank 使用官方 rankOverall/主榜参考位次；分类榜名次不冒充全国主榜名次。,2026软科政法 政5 · 主榜参考 185
RANK_SR_BCUR_2026_4161010704,4161010704,西安科技大学,shanghairanking-bcur,ShanghaiRanking,软科中国大学排名,2026,186,186,,,186.0,186,186,,197.6,主榜,China-mainland,https://www.shanghairanking.cn/rankings/bcur/202610,,2026-09-13,True,软科官方公开 API；rankDisplay 保留榜单显示名次，referenceRank 使用官方 rankOverall/主榜参考位次；分类榜名次不冒充全国主榜名次。,2026软科 186
RANK_SR_BCUR_2026_4137010429,4137010429,青岛理工大学,shanghairanking-bcur,ShanghaiRanking,软科中国大学排名,2026,187,187,,,187.0,187,187,,197.4,主榜,China-mainland,https://www.shanghairanking.cn/rankings/bcur/202610,,2026-09-13,True,软科官方公开 API；rankDisplay 保留榜单显示名次，referenceRank 使用官方 rankOverall/主榜参考位次；分类榜名次不冒充全国主榜名次。,2026软科 187
RANK_SR_BCUR_2026_4131010256,4131010256,上海电力大学,shanghairanking-bcur,ShanghaiRanking,软科中国大学排名,2026,188,188,,,188.0,188,188,,196.4,主榜,China-mainland,https://www.shanghairanking.cn/rankings/bcur/202610,,2026-09-13,True,软科官方公开 API；rankDisplay 保留榜单显示名次，referenceRank 使用官方 rankOverall/主榜参考位次；分类榜名次不冒充全国主榜名次。,2026软科 188
RANK_SR_BCUR_2026_4113010086,4113010086,河北农业大学,shanghairanking-bcur,ShanghaiRanking,软科中国大学排名,2026,189,189,,,189.0,189,189,,196.3,主榜,China-mainland,https://www.shanghairanking.cn/rankings/bcur/202610,,2026-09-13,True,软科官方公开 API；rankDisplay 保留榜单显示名次，referenceRank 使用官方 rankOverall/主榜参考位次；分类榜名次不冒充全国主榜名次。,2026软科 189
RANK_SR_BCUR_2026_4143010534,4143010534,湖南科技大学,shanghairanking-bcur,ShanghaiRanking,软科中国大学排名,2026,189,189,,,189.0,189,189,,196.3,主榜,China-mainland,https://www.shanghairanking.cn/rankings/bcur/202610,,2026-09-13,True,软科官方公开 API；rankDisplay 保留榜单显示名次，referenceRank 使用官方 rankOverall/主榜参考位次；分类榜名次不冒充全国主榜名次。,2026软科 189
RANK_SR_BCUR_2026_4121010162,4121010162,辽宁中医药大学,shanghairanking-bcur,ShanghaiRanking,软科中国大学排名,2026,12,中医12,,,12.0,189,189,,,中医药,China-mainland,https://www.shanghairanking.cn/rankings/bcur/202610,,2026-09-13,True,软科官方公开 API；rankDisplay 保留榜单显示名次，referenceRank 使用官方 rankOverall/主榜参考位次；分类榜名次不冒充全国主榜名次。,2026软科中医药 中医12 · 主榜参考 189
RANK_SR_BCUR_2026_4150010618,4150010618,重庆交通大学,shanghairanking-bcur,ShanghaiRanking,软科中国大学排名,2026,191,191,,,191.0,191,191,,195.8,主榜,China-mainland,https://www.shanghairanking.cn/rankings/bcur/202610,,2026-09-13,True,软科官方公开 API；rankDisplay 保留榜单显示名次，referenceRank 使用官方 rankOverall/主榜参考位次；分类榜名次不冒充全国主榜名次。,2026软科 191
RANK_SR_BCUR_2026_4162010732,4162010732,兰州交通大学,shanghairanking-bcur,ShanghaiRanking,软科中国大学排名,2026,192,192,,,192.0,192,192,,195.6,主榜,China-mainland,https://www.shanghairanking.cn/rankings/bcur/202610,,2026-09-13,True,软科官方公开 API；rankDisplay 保留榜单显示名次，referenceRank 使用官方 rankOverall/主榜参考位次；分类榜名次不冒充全国主榜名次。,2026软科 192
RANK_SR_BCUR_2026_4134010360,4134010360,安徽工业大学,shanghairanking-bcur,ShanghaiRanking,软科中国大学排名,2026,193,193,,,193.0,193,193,,195.4,主榜,China-mainland,https://www.shanghairanking.cn/rankings/bcur/202610,,2026-09-13,True,软科官方公开 API；rankDisplay 保留榜单显示名次，referenceRank 使用官方 rankOverall/主榜参考位次；分类榜名次不冒充全国主榜名次。,2026软科 193
RANK_SR_BCUR_2026_4136010404,4136010404,华东交通大学,shanghairanking-bcur,ShanghaiRanking,软科中国大学排名,2026,194,194,,,194.0,194,194,,195.2,主榜,China-mainland,https://www.shanghairanking.cn/rankings/bcur/202610,,2026-09-13,True,软科官方公开 API；rankDisplay 保留榜单显示名次，referenceRank 使用官方 rankOverall/主榜参考位次；分类榜名次不冒充全国主榜名次。,2026软科 194
RANK_SR_BCUR_2026_4141010460,4141010460,河南理工大学,shanghairanking-bcur,ShanghaiRanking,软科中国大学排名,2026,194,194,,,194.0,194,194,,195.2,主榜,China-mainland,https://www.shanghairanking.cn/rankings/bcur/202610,,2026-09-13,True,软科官方公开 API；rankDisplay 保留榜单显示名次，referenceRank 使用官方 rankOverall/主榜参考位次；分类榜名次不冒充全国主榜名次。,2026软科 194
RANK_SR_BCUR_2026_4153010678,4153010678,昆明医科大学,shanghairanking-bcur,ShanghaiRanking,软科中国大学排名,2026,22,医22,,,22.0,195,195,,,医药,China-mainland,https://www.shanghairanking.cn/rankings/bcur/202610,,2026-09-13,True,软科官方公开 API；rankDisplay 保留榜单显示名次，referenceRank 使用官方 rankOverall/主榜参考位次；分类榜名次不冒充全国主榜名次。,2026软科医药 医22 · 主榜参考 195
RANK_SR_BCUR_2026_4165010760,4165010760,新疆医科大学,shanghairanking-bcur,ShanghaiRanking,软科中国大学排名,2026,23,医23,,,23.0,196,196,,,医药,China-mainland,https://www.shanghairanking.cn/rankings/bcur/202610,,2026-09-13,True,软科官方公开 API；rankDisplay 保留榜单显示名次，referenceRank 使用官方 rankOverall/主榜参考位次；分类榜名次不冒充全国主榜名次。,2026软科医药 医23 · 主榜参考 196
RANK_SR_BCUR_2026_4161011664,4161011664,西安邮电大学,shanghairanking-bcur,ShanghaiRanking,软科中国大学排名,2026,196,196,,,196.0,196,196,,195,主榜,China-mainland,https://www.shanghairanking.cn/rankings/bcur/202610,,2026-09-13,True,软科官方公开 API；rankDisplay 保留榜单显示名次，referenceRank 使用官方 rankOverall/主榜参考位次；分类榜名次不冒充全国主榜名次。,2026软科 196
RANK_SR_BCUR_2026_4137010433,4137010433,山东理工大学,shanghairanking-bcur,ShanghaiRanking,软科中国大学排名,2026,197,197,,,197.0,197,197,,194.9,主榜,China-mainland,https://www.shanghairanking.cn/rankings/bcur/202610,,2026-09-13,True,软科官方公开 API；rankDisplay 保留榜单显示名次，referenceRank 使用官方 rankOverall/主榜参考位次；分类榜名次不冒充全国主榜名次。,2026软科 197
RANK_SR_BCUR_2026_4153010681,4153010681,云南师范大学,shanghairanking-bcur,ShanghaiRanking,软科中国大学排名,2026,198,198,,,198.0,198,198,,194.4,主榜,China-mainland,https://www.shanghairanking.cn/rankings/bcur/202610,,2026-09-13,True,软科官方公开 API；rankDisplay 保留榜单显示名次，referenceRank 使用官方 rankOverall/主榜参考位次；分类榜名次不冒充全国主榜名次。,2026软科 198
RANK_SR_BCUR_2026_4143010555,4143010555,南华大学,shanghairanking-bcur,ShanghaiRanking,软科中国大学排名,2026,198,198,,,198.0,198,198,,194.4,主榜,China-mainland,https://www.shanghairanking.cn/rankings/bcur/202610,,2026-09-13,True,软科官方公开 API；rankDisplay 保留榜单显示名次，referenceRank 使用官方 rankOverall/主榜参考位次；分类榜名次不冒充全国主榜名次。,2026软科 198
RANK_SR_BCUR_2026_4121010142,4121010142,沈阳工业大学,shanghairanking-bcur,ShanghaiRanking,软科中国大学排名,2026,198,198,,,198.0,198,198,,194.4,主榜,China-mainland,https://www.shanghairanking.cn/rankings/bcur/202610,,2026-09-13,True,软科官方公开 API；rankDisplay 保留榜单显示名次，referenceRank 使用官方 rankOverall/主榜参考位次；分类榜名次不冒充全国主榜名次。,2026软科 198
RANK_SR_BCUR_2026_4136010412,4136010412,江西中医药大学,shanghairanking-bcur,ShanghaiRanking,软科中国大学排名,2026,13,中医13,,,13.0,199,199,,,中医药,China-mainland,https://www.shanghairanking.cn/rankings/bcur/202610,,2026-09-13,True,软科官方公开 API；rankDisplay 保留榜单显示名次，referenceRank 使用官方 rankOverall/主榜参考位次；分类榜名次不冒充全国主榜名次。,2026软科中医药 中医13 · 主榜参考 199
RANK_SR_BCUR_2026_4154010694,4154010694,西藏大学,shanghairanking-bcur,ShanghaiRanking,软科中国大学排名,2026,201,201,,,201.0,201,201,,194.3,主榜,China-mainland,https://www.shanghairanking.cn/rankings/bcur/202610,,2026-09-13,True,软科官方公开 API；rankDisplay 保留榜单显示名次，referenceRank 使用官方 rankOverall/主榜参考位次；分类榜名次不冒充全国主榜名次。,2026软科 201
RANK_SR_BCUR_2026_4134010378,4134010378,安徽财经大学,shanghairanking-bcur,ShanghaiRanking,软科中国大学排名,2026,17,财17,,,17.0,202,202,,,财经,China-mainland,https://www.shanghairanking.cn/rankings/bcur/202610,,2026-09-13,True,软科官方公开 API；rankDisplay 保留榜单显示名次，referenceRank 使用官方 rankOverall/主榜参考位次；分类榜名次不冒充全国主榜名次。,2026软科财经 财17 · 主榜参考 202
RANK_SR_BCUR_2026_4136010407,4136010407,江西理工大学,shanghairanking-bcur,ShanghaiRanking,软科中国大学排名,2026,202,202,,,202.0,202,202,,193.8,主榜,China-mainland,https://www.shanghairanking.cn/rankings/bcur/202610,,2026-09-13,True,软科官方公开 API；rankDisplay 保留榜单显示名次，referenceRank 使用官方 rankOverall/主榜参考位次；分类榜名次不冒充全国主榜名次。,2026软科 202
RANK_SR_BCUR_2026_4163010743,4163010743,青海大学,shanghairanking-bcur,ShanghaiRanking,软科中国大学排名,2026,203,203,,,203.0,203,203,,193.6,主榜,China-mainland,https://www.shanghairanking.cn/rankings/bcur/202610,,2026-09-13,True,软科官方公开 API；rankDisplay 保留榜单显示名次，referenceRank 使用官方 rankOverall/主榜参考位次；分类榜名次不冒充全国主榜名次。,2026软科 203
RANK_SR_BCUR_2026_4162010731,4162010731,兰州理工大学,shanghairanking-bcur,ShanghaiRanking,软科中国大学排名,2026,204,204,,,204.0,204,204,,193,主榜,China-mainland,https://www.shanghairanking.cn/rankings/bcur/202610,,2026-09-13,True,软科官方公开 API；rankDisplay 保留榜单显示名次，referenceRank 使用官方 rankOverall/主榜参考位次；分类榜名次不冒充全国主榜名次。,2026软科 204
RANK_SR_BCUR_2026_4142010507,4142010507,湖北中医药大学,shanghairanking-bcur,ShanghaiRanking,软科中国大学排名,2026,14,中医14,,,14.0,205,205,,,中医药,China-mainland,https://www.shanghairanking.cn/rankings/bcur/202610,,2026-09-13,True,软科官方公开 API；rankDisplay 保留榜单显示名次，referenceRank 使用官方 rankOverall/主榜参考位次；分类榜名次不冒充全国主榜名次。,2026软科中医药 中医14 · 主榜参考 205
RANK_SR_BCUR_2026_4151010619,4151010619,西南科技大学,shanghairanking-bcur,ShanghaiRanking,软科中国大学排名,2026,205,205,,,205.0,205,205,,192.4,主榜,China-mainland,https://www.shanghairanking.cn/rankings/bcur/202610,,2026-09-13,True,软科官方公开 API；rankDisplay 保留榜单显示名次，referenceRank 使用官方 rankOverall/主榜参考位次；分类榜名次不冒充全国主榜名次。,2026软科 205
RANK_SR_BCUR_2026_4161010702,4161010702,西安工业大学,shanghairanking-bcur,ShanghaiRanking,软科中国大学排名,2026,206,206,,,206.0,206,206,,191.7,主榜,China-mainland,https://www.shanghairanking.cn/rankings/bcur/202610,,2026-09-13,True,软科官方公开 API；rankDisplay 保留榜单显示名次，referenceRank 使用官方 rankOverall/主榜参考位次；分类榜名次不冒充全国主榜名次。,2026软科 206
RANK_SR_BCUR_2026_4136010410,4136010410,江西农业大学,shanghairanking-bcur,ShanghaiRanking,软科中国大学排名,2026,207,207,,,207.0,207,207,,190.8,主榜,China-mainland,https://www.shanghairanking.cn/rankings/bcur/202610,,2026-09-13,True,软科官方公开 API；rankDisplay 保留榜单显示名次，referenceRank 使用官方 rankOverall/主榜参考位次；分类榜名次不冒充全国主榜名次。,2026软科 207
RANK_SR_BCUR_2026_4151010632,4151010632,西南医科大学,shanghairanking-bcur,ShanghaiRanking,软科中国大学排名,2026,24,医24,,,24.0,207,207,,,医药,China-mainland,https://www.shanghairanking.cn/rankings/bcur/202610,,2026-09-13,True,软科官方公开 API；rankDisplay 保留榜单显示名次，referenceRank 使用官方 rankOverall/主榜参考位次；分类榜名次不冒充全国主榜名次。,2026软科医药 医24 · 主榜参考 207
RANK_SR_BCUR_2026_4151010656,4151010656,西南民族大学,shanghairanking-bcur,ShanghaiRanking,软科中国大学排名,2026,3,民3,,,3.0,207,207,,,民族,China-mainland,https://www.shanghairanking.cn/rankings/bcur/202610,,2026-09-13,True,软科官方公开 API；rankDisplay 保留榜单显示名次，referenceRank 使用官方 rankOverall/主榜参考位次；分类榜名次不冒充全国主榜名次。,2026软科民族 民3 · 主榜参考 207
RANK_SR_BCUR_2026_4122010199,4122010199,长春中医药大学,shanghairanking-bcur,ShanghaiRanking,软科中国大学排名,2026,15,中医15,,,15.0,207,207,,,中医药,China-mainland,https://www.shanghairanking.cn/rankings/bcur/202610,,2026-09-13,True,软科官方公开 API；rankDisplay 保留榜单显示名次，referenceRank 使用官方 rankOverall/主榜参考位次；分类榜名次不冒充全国主榜名次。,2026软科中医药 中医15 · 主榜参考 207
RANK_SR_BCUR_2026_4122010188,4122010188,东北电力大学,shanghairanking-bcur,ShanghaiRanking,软科中国大学排名,2026,208,208,,,208.0,208,208,,189.8,主榜,China-mainland,https://www.shanghairanking.cn/rankings/bcur/202610,,2026-09-13,True,软科官方公开 API；rankDisplay 保留榜单显示名次，referenceRank 使用官方 rankOverall/主榜参考位次；分类榜名次不冒充全国主榜名次。,2026软科 208
RANK_SR_BCUR_2026_4151010636,4151010636,四川师范大学,shanghairanking-bcur,ShanghaiRanking,软科中国大学排名,2026,209,209,,,209.0,209,209,,188.9,主榜,China-mainland,https://www.shanghairanking.cn/rankings/bcur/202610,,2026-09-13,True,软科官方公开 API；rankDisplay 保留榜单显示名次，referenceRank 使用官方 rankOverall/主榜参考位次；分类榜名次不冒充全国主榜名次。,2026软科 209
RANK_SR_BCUR_2026_4141010463,4141010463,河南工业大学,shanghairanking-bcur,ShanghaiRanking,软科中国大学排名,2026,210,210,,,210.0,210,210,,187.4,主榜,China-mainland,https://www.shanghairanking.cn/rankings/bcur/202610,,2026-09-13,True,软科官方公开 API；rankDisplay 保留榜单显示名次，referenceRank 使用官方 rankOverall/主榜参考位次；分类榜名次不冒充全国主榜名次。,2026软科 210
RANK_SR_BCUR_2026_4121010152,4121010152,大连工业大学,shanghairanking-bcur,ShanghaiRanking,软科中国大学排名,2026,211,211,,,211.0,211,211,,187,主榜,China-mainland,https://www.shanghairanking.cn/rankings/bcur/202610,,2026-09-13,True,软科官方公开 API；rankDisplay 保留榜单显示名次，referenceRank 使用官方 rankOverall/主榜参考位次；分类榜名次不冒充全国主榜名次。,2026软科 211
RANK_SR_BCUR_2026_4123010228,4123010228,黑龙江中医药大学,shanghairanking-bcur,ShanghaiRanking,软科中国大学排名,2026,16,中医16,,,16.0,211,211,,,中医药,China-mainland,https://www.shanghairanking.cn/rankings/bcur/202610,,2026-09-13,True,软科官方公开 API；rankDisplay 保留榜单显示名次，referenceRank 使用官方 rankOverall/主榜参考位次；分类榜名次不冒充全国主榜名次。,2026软科中医药 中医16 · 主榜参考 211
RANK_SR_BCUR_2026_4115010129,4115010129,内蒙古农业大学,shanghairanking-bcur,ShanghaiRanking,软科中国大学排名,2026,212,212,,,212.0,212,212,,185.9,主榜,China-mainland,https://www.shanghairanking.cn/rankings/bcur/202610,,2026-09-13,True,软科官方公开 API；rankDisplay 保留榜单显示名次，referenceRank 使用官方 rankOverall/主榜参考位次；分类榜名次不冒充全国主榜名次。,2026软科 212
RANK_SR_BCUR_2026_4123010220,4123010220,东北石油大学,shanghairanking-bcur,ShanghaiRanking,软科中国大学排名,2026,213,213,,,213.0,213,213,,185.3,主榜,China-mainland,https://www.shanghairanking.cn/rankings/bcur/202610,,2026-09-13,True,软科官方公开 API；rankDisplay 保留榜单显示名次，referenceRank 使用官方 rankOverall/主榜参考位次；分类榜名次不冒充全国主榜名次。,2026软科 213
RANK_SR_BCUR_2026_4111010031,4111010031,北京第二外国语学院,shanghairanking-bcur,ShanghaiRanking,软科中国大学排名,2026,7,语7,,,7.0,213,213,,,语言,China-mainland,https://www.shanghairanking.cn/rankings/bcur/202610,,2026-09-13,True,软科官方公开 API；rankDisplay 保留榜单显示名次，referenceRank 使用官方 rankOverall/主榜参考位次；分类榜名次不冒充全国主榜名次。,2026软科语言 语7 · 主榜参考 213
RANK_SR_BCUR_2026_4123010214,4123010214,哈尔滨理工大学,shanghairanking-bcur,ShanghaiRanking,软科中国大学排名,2026,214,214,,,214.0,214,214,,185,主榜,China-mainland,https://www.shanghairanking.cn/rankings/bcur/202610,,2026-09-13,True,软科官方公开 API；rankDisplay 保留榜单显示名次，referenceRank 使用官方 rankOverall/主榜参考位次；分类榜名次不冒充全国主榜名次。,2026软科 214
RANK_SR_BCUR_2026_4114010125,4114010125,山西财经大学,shanghairanking-bcur,ShanghaiRanking,软科中国大学排名,2026,18,财18,,,18.0,215,215,,,财经,China-mainland,https://www.shanghairanking.cn/rankings/bcur/202610,,2026-09-13,True,软科官方公开 API；rankDisplay 保留榜单显示名次，referenceRank 使用官方 rankOverall/主榜参考位次；分类榜名次不冒充全国主榜名次。,2026软科财经 财18 · 主榜参考 215
RANK_SR_BCUR_2026_4150010637,4150010637,重庆师范大学,shanghairanking-bcur,ShanghaiRanking,软科中国大学排名,2026,215,215,,,215.0,215,215,,184.6,主榜,China-mainland,https://www.shanghairanking.cn/rankings/bcur/202610,,2026-09-13,True,软科官方公开 API；rankDisplay 保留榜单显示名次，referenceRank 使用官方 rankOverall/主榜参考位次；分类榜名次不冒充全国主榜名次。,2026软科 215
RANK_SR_BCUR_2026_4131011835,4131011835,上海政法学院,shanghairanking-bcur,ShanghaiRanking,软科中国大学排名,2026,6,政6,,,6.0,216,216,,,政法,China-mainland,https://www.shanghairanking.cn/rankings/bcur/202610,,2026-09-13,True,软科官方公开 API；rankDisplay 保留榜单显示名次，referenceRank 使用官方 rankOverall/主榜参考位次；分类榜名次不冒充全国主榜名次。,2026软科政法 政6 · 主榜参考 216
RANK_SR_BCUR_2026_4133010354,4133010354,嘉兴大学,shanghairanking-bcur,ShanghaiRanking,软科中国大学排名,2026,216,216,,,216.0,216,216,,184.2,主榜,China-mainland,https://www.shanghairanking.cn/rankings/bcur/202610,,2026-09-13,True,软科官方公开 API；rankDisplay 保留榜单显示名次，referenceRank 使用官方 rankOverall/主榜参考位次；分类榜名次不冒充全国主榜名次。,2026软科 216
RANK_SR_BCUR_2026_4152010661,4152010661,遵义医科大学,shanghairanking-bcur,ShanghaiRanking,软科中国大学排名,2026,26,医26,,,26.0,216,216,,,医药,China-mainland,https://www.shanghairanking.cn/rankings/bcur/202610,,2026-09-13,True,软科官方公开 API；rankDisplay 保留榜单显示名次，referenceRank 使用官方 rankOverall/主榜参考位次；分类榜名次不冒充全国主榜名次。,2026软科医药 医26 · 主榜参考 216
RANK_SR_BCUR_2026_4141010472,4141010472,河南医药大学,shanghairanking-bcur,ShanghaiRanking,软科中国大学排名,2026,27,医27,,,27.0,217,217,,,医药,China-mainland,https://www.shanghairanking.cn/rankings/bcur/202610,,2026-09-13,True,软科官方公开 API；rankDisplay 保留榜单显示名次，referenceRank 使用官方 rankOverall/主榜参考位次；分类榜名次不冒充全国主榜名次。,2026软科医药 医27 · 主榜参考 217
RANK_SR_BCUR_2026_4132010332,4132010332,苏州科技大学,shanghairanking-bcur,ShanghaiRanking,软科中国大学排名,2026,217,217,,,217.0,217,217,,183.7,主榜,China-mainland,https://www.shanghairanking.cn/rankings/bcur/202610,,2026-09-13,True,软科官方公开 API；rankDisplay 保留榜单显示名次，referenceRank 使用官方 rankOverall/主榜参考位次；分类榜名次不冒充全国主榜名次。,2026软科 217
RANK_SR_BCUR_2026_4134010369,4134010369,安徽中医药大学,shanghairanking-bcur,ShanghaiRanking,软科中国大学排名,2026,17,中医17,,,17.0,218,218,,,中医药,China-mainland,https://www.shanghairanking.cn/rankings/bcur/202610,,2026-09-13,True,软科官方公开 API；rankDisplay 保留榜单显示名次，referenceRank 使用官方 rankOverall/主榜参考位次；分类榜名次不冒充全国主榜名次。,2026软科中医药 中医17 · 主榜参考 218
RANK_SR_BCUR_2026_4133013021,4133013021,浙大城市学院,shanghairanking-bcur,ShanghaiRanking,软科中国大学排名,2026,218,218,,,218.0,218,218,,183.6,主榜,China-mainland,https://www.shanghairanking.cn/rankings/bcur/202610,,2026-09-13,True,软科官方公开 API；rankDisplay 保留榜单显示名次，referenceRank 使用官方 rankOverall/主榜参考位次；分类榜名次不冒充全国主榜名次。,2026软科 218
RANK_SR_BCUR_2026_4143010538,4143010538,中南林业科技大学,shanghairanking-bcur,ShanghaiRanking,软科中国大学排名,2026,219,219,,,219.0,219,219,,183.5,主榜,China-mainland,https://www.shanghairanking.cn/rankings/bcur/202610,,2026-09-13,True,软科官方公开 API；rankDisplay 保留榜单显示名次，referenceRank 使用官方 rankOverall/主榜参考位次；分类榜名次不冒充全国主榜名次。,2026软科 219
RANK_SR_BCUR_2026_4115010135,4115010135,内蒙古师范大学,shanghairanking-bcur,ShanghaiRanking,软科中国大学排名,2026,220,220,,,220.0,220,220,,183.1,主榜,China-mainland,https://www.shanghairanking.cn/rankings/bcur/202610,,2026-09-13,True,软科官方公开 API；rankDisplay 保留榜单显示名次，referenceRank 使用官方 rankOverall/主榜参考位次；分类榜名次不冒充全国主榜名次。,2026软科 220
RANK_SR_BCUR_2026_4152010663,4152010663,贵州师范大学,shanghairanking-bcur,ShanghaiRanking,软科中国大学排名,2026,220,220,,,220.0,220,220,,183.1,主榜,China-mainland,https://www.shanghairanking.cn/rankings/bcur/202610,,2026-09-13,True,软科官方公开 API；rankDisplay 保留榜单显示名次，referenceRank 使用官方 rankOverall/主榜参考位次；分类榜名次不冒充全国主榜名次。,2026软科 220
RANK_SR_BCUR_2026_4137010438,4137010438,山东第二医科大学,shanghairanking-bcur,ShanghaiRanking,软科中国大学排名,2026,29,医29,,,29.0,221,221,,,医药,China-mainland,https://www.shanghairanking.cn/rankings/bcur/202610,,2026-09-13,True,软科官方公开 API；rankDisplay 保留榜单显示名次，referenceRank 使用官方 rankOverall/主榜参考位次；分类榜名次不冒充全国主榜名次。,2026软科医药 医29 · 主榜参考 221
RANK_SR_BCUR_2026_4152010660,4152010660,贵州医科大学,shanghairanking-bcur,ShanghaiRanking,软科中国大学排名,2026,28,医28,,,28.0,221,221,,,医药,China-mainland,https://www.shanghairanking.cn/rankings/bcur/202610,,2026-09-13,True,软科官方公开 API；rankDisplay 保留榜单显示名次，referenceRank 使用官方 rankOverall/主榜参考位次；分类榜名次不冒充全国主榜名次。,2026软科医药 医28 · 主榜参考 221
RANK_SR_BCUR_2026_4121010175,4121010175,中国刑事警察学院,shanghairanking-bcur,ShanghaiRanking,软科中国大学排名,2026,7,政7,,,7.0,222,222,,,政法,China-mainland,https://www.shanghairanking.cn/rankings/bcur/202610,,2026-09-13,True,软科官方公开 API；rankDisplay 保留榜单显示名次，referenceRank 使用官方 rankOverall/主榜参考位次；分类榜名次不冒充全国主榜名次。,2026软科政法 政7 · 主榜参考 222
RANK_SR_BCUR_2026_4122010207,4122010207,吉林财经大学,shanghairanking-bcur,ShanghaiRanking,软科中国大学排名,2026,19,财19,,,19.0,222,222,,,财经,China-mainland,https://www.shanghairanking.cn/rankings/bcur/202610,,2026-09-13,True,软科官方公开 API；rankDisplay 保留榜单显示名次，referenceRank 使用官方 rankOverall/主榜参考位次；分类榜名次不冒充全国主榜名次。,2026软科财经 财19 · 主榜参考 222
RANK_SR_BCUR_2026_4121010153,4121010153,沈阳建筑大学,shanghairanking-bcur,ShanghaiRanking,软科中国大学排名,2026,222,222,,,222.0,222,222,,182.9,主榜,China-mainland,https://www.shanghairanking.cn/rankings/bcur/202610,,2026-09-13,True,软科官方公开 API；rankDisplay 保留榜单显示名次，referenceRank 使用官方 rankOverall/主榜参考位次；分类榜名次不冒充全国主榜名次。,2026软科 222
RANK_SR_BCUR_2026_4123010231,4123010231,哈尔滨师范大学,shanghairanking-bcur,ShanghaiRanking,软科中国大学排名,2026,223,223,,,223.0,223,223,,182.1,主榜,China-mainland,https://www.shanghairanking.cn/rankings/bcur/202610,,2026-09-13,True,软科官方公开 API；rankDisplay 保留榜单显示名次，referenceRank 使用官方 rankOverall/主榜参考位次；分类榜名次不冒充全国主榜名次。,2026软科 223
RANK_SR_BCUR_2026_4137011066,4137011066,烟台大学,shanghairanking-bcur,ShanghaiRanking,软科中国大学排名,2026,224,224,,,224.0,224,224,,181.5,主榜,China-mainland,https://www.shanghairanking.cn/rankings/bcur/202610,,2026-09-13,True,软科官方公开 API；rankDisplay 保留榜单显示名次，referenceRank 使用官方 rankOverall/主榜参考位次；分类榜名次不冒充全国主榜名次。,2026软科 224
RANK_SR_BCUR_2026_4114010113,4114010113,山西农业大学,shanghairanking-bcur,ShanghaiRanking,软科中国大学排名,2026,225,225,,,225.0,225,225,,181.3,主榜,China-mainland,https://www.shanghairanking.cn/rankings/bcur/202610,,2026-09-13,True,软科官方公开 API；rankDisplay 保留榜单显示名次，referenceRank 使用官方 rankOverall/主榜参考位次；分类榜名次不冒充全国主榜名次。,2026软科 225
RANK_SR_BCUR_2026_4112010059,4112010059,中国民航大学,shanghairanking-bcur,ShanghaiRanking,软科中国大学排名,2026,226,226,,,226.0,226,226,,180.8,主榜,China-mainland,https://www.shanghairanking.cn/rankings/bcur/202610,,2026-09-13,True,软科官方公开 API；rankDisplay 保留榜单显示名次，referenceRank 使用官方 rankOverall/主榜参考位次；分类榜名次不冒充全国主榜名次。,2026软科 226
RANK_SR_BCUR_2026_4146011658,4146011658,海南师范大学,shanghairanking-bcur,ShanghaiRanking,软科中国大学排名,2026,227,227,,,227.0,227,227,,180.6,主榜,China-mainland,https://www.shanghairanking.cn/rankings/bcur/202610,,2026-09-13,True,软科官方公开 API；rankDisplay 保留榜单显示名次，referenceRank 使用官方 rankOverall/主榜参考位次；分类榜名次不冒充全国主榜名次。,2026软科 227
RANK_SR_BCUR_2026_4137010435,4137010435,青岛农业大学,shanghairanking-bcur,ShanghaiRanking,软科中国大学排名,2026,228,228,,,228.0,228,228,,180.4,主榜,China-mainland,https://www.shanghairanking.cn/rankings/bcur/202610,,2026-09-13,True,软科官方公开 API；rankDisplay 保留榜单显示名次，referenceRank 使用官方 rankOverall/主榜参考位次；分类榜名次不冒充全国主榜名次。,2026软科 228
RANK_SR_BCUR_2026_4136010405,4136010405,东华理工大学,shanghairanking-bcur,ShanghaiRanking,软科中国大学排名,2026,229,229,,,229.0,229,229,,180.1,主榜,China-mainland,https://www.shanghairanking.cn/rankings/bcur/202610,,2026-09-13,True,软科官方公开 API；rankDisplay 保留榜单显示名次，referenceRank 使用官方 rankOverall/主榜参考位次；分类榜名次不冒充全国主榜名次。,2026软科 229
RANK_SR_BCUR_2026_4115010132,4115010132,内蒙古医科大学,shanghairanking-bcur,ShanghaiRanking,软科中国大学排名,2026,30,医30,,,30.0,229,229,,,医药,China-mainland,https://www.shanghairanking.cn/rankings/bcur/202610,,2026-09-13,True,软科官方公开 API；rankDisplay 保留榜单显示名次，referenceRank 使用官方 rankOverall/主榜参考位次；分类榜名次不冒充全国主榜名次。,2026软科医药 医30 · 主榜参考 229
RANK_SR_BCUR_2026_4161010705,4161010705,西安石油大学,shanghairanking-bcur,ShanghaiRanking,软科中国大学排名,2026,230,230,,,230.0,230,230,,179.4,主榜,China-mainland,https://www.shanghairanking.cn/rankings/bcur/202610,,2026-09-13,True,软科官方公开 API；rankDisplay 保留榜单显示名次，referenceRank 使用官方 rankOverall/主榜参考位次；分类榜名次不冒充全国主榜名次。,2026软科 230
RANK_SR_BCUR_2026_4113010107,4113010107,石家庄铁道大学,shanghairanking-bcur,ShanghaiRanking,软科中国大学排名,2026,231,231,,,231.0,231,231,,179.3,主榜,China-mainland,https://www.shanghairanking.cn/rankings/bcur/202610,,2026-09-13,True,软科官方公开 API；rankDisplay 保留榜单显示名次，referenceRank 使用官方 rankOverall/主榜参考位次；分类榜名次不冒充全国主榜名次。,2026软科 231
RANK_SR_BCUR_2026_4144010592,4144010592,广东财经大学,shanghairanking-bcur,ShanghaiRanking,软科中国大学排名,2026,21,财21,,,21.0,232,232,,,财经,China-mainland,https://www.shanghairanking.cn/rankings/bcur/202610,,2026-09-13,True,软科官方公开 API；rankDisplay 保留榜单显示名次，referenceRank 使用官方 rankOverall/主榜参考位次；分类榜名次不冒充全国主榜名次。,2026软科财经 财21 · 主榜参考 232
RANK_SR_BCUR_2026_4133011057,4133011057,浙江科技大学,shanghairanking-bcur,ShanghaiRanking,软科中国大学排名,2026,232,232,,,232.0,232,232,,178.8,主榜,China-mainland,https://www.shanghairanking.cn/rankings/bcur/202610,,2026-09-13,True,软科官方公开 API；rankDisplay 保留榜单显示名次，referenceRank 使用官方 rankOverall/主榜参考位次；分类榜名次不冒充全国主榜名次。,2026软科 232
RANK_SR_BCUR_2026_4150011799,4150011799,重庆工商大学,shanghairanking-bcur,ShanghaiRanking,软科中国大学排名,2026,20,财20,,,20.0,232,232,,,财经,China-mainland,https://www.shanghairanking.cn/rankings/bcur/202610,,2026-09-13,True,软科官方公开 API；rankDisplay 保留榜单显示名次，referenceRank 使用官方 rankOverall/主榜参考位次；分类榜名次不冒充全国主榜名次。,2026软科财经 财20 · 主榜参考 232
RANK_SR_BCUR_2026_4111010018,4111010018,北京电子科技学院,shanghairanking-bcur,ShanghaiRanking,软科中国大学排名,2026,233,233,,,233.0,233,233,,178.7,主榜,China-mainland,https://www.shanghairanking.cn/rankings/bcur/202610,,2026-09-13,True,软科官方公开 API；rankDisplay 保留榜单显示名次，referenceRank 使用官方 rankOverall/主榜参考位次；分类榜名次不冒充全国主榜名次。,2026软科 233
RANK_SR_BCUR_2026_4146011810,4146011810,海南医科大学,shanghairanking-bcur,ShanghaiRanking,软科中国大学排名,2026,31,医31,,,31.0,233,233,,,医药,China-mainland,https://www.shanghairanking.cn/rankings/bcur/202610,,2026-09-13,True,软科官方公开 API；rankDisplay 保留榜单显示名次，referenceRank 使用官方 rankOverall/主榜参考位次；分类榜名次不冒充全国主榜名次。,2026软科医药 医31 · 主榜参考 233
RANK_SR_BCUR_2026_4133011647,4133011647,浙江传媒学院,shanghairanking-bcur,ShanghaiRanking,软科中国大学排名,2026,8,语8,,,8.0,235,235,,,语言,China-mainland,https://www.shanghairanking.cn/rankings/bcur/202610,,2026-09-13,True,软科官方公开 API；rankDisplay 保留榜单显示名次，referenceRank 使用官方 rankOverall/主榜参考位次；分类榜名次不冒充全国主榜名次。,2026软科语言 语8 · 主榜参考 235
RANK_SR_BCUR_2026_4162010733,4162010733,甘肃农业大学,shanghairanking-bcur,ShanghaiRanking,软科中国大学排名,2026,235,235,,,235.0,235,235,,178.2,主榜,China-mainland,https://www.shanghairanking.cn/rankings/bcur/202610,,2026-09-13,True,软科官方公开 API；rankDisplay 保留榜单显示名次，referenceRank 使用官方 rankOverall/主榜参考位次；分类榜名次不冒充全国主榜名次。,2026软科 235
RANK_SR_BCUR_2026_4133010340,4133010340,浙江海洋大学,shanghairanking-bcur,ShanghaiRanking,软科中国大学排名,2026,236,236,,,236.0,236,236,,178.1,主榜,China-mainland,https://www.shanghairanking.cn/rankings/bcur/202610,,2026-09-13,True,软科官方公开 API；rankDisplay 保留榜单显示名次，referenceRank 使用官方 rankOverall/主榜参考位次；分类榜名次不冒充全国主榜名次。,2026软科 236
RANK_SR_BCUR_2026_4131010856,4131010856,上海工程技术大学,shanghairanking-bcur,ShanghaiRanking,软科中国大学排名,2026,237,237,,,237.0,237,237,,177.9,主榜,China-mainland,https://www.shanghairanking.cn/rankings/bcur/202610,,2026-09-13,True,软科官方公开 API；rankDisplay 保留榜单显示名次，referenceRank 使用官方 rankOverall/主榜参考位次；分类榜名次不冒充全国主榜名次。,2026软科 237
RANK_SR_BCUR_2026_4144011847,4144011847,佛山大学,shanghairanking-bcur,ShanghaiRanking,软科中国大学排名,2026,237,237,,,237.0,237,237,,177.9,主榜,China-mainland,https://www.shanghairanking.cn/rankings/bcur/202610,,2026-09-13,True,软科官方公开 API；rankDisplay 保留榜单显示名次，referenceRank 使用官方 rankOverall/主榜参考位次；分类榜名次不冒充全国主榜名次。,2026软科 237
RANK_SR_BCUR_2026_4111010009,4111010009,北方工业大学,shanghairanking-bcur,ShanghaiRanking,软科中国大学排名,2026,239,239,,,239.0,239,239,,177.4,主榜,China-mainland,https://www.shanghairanking.cn/rankings/bcur/202610,,2026-09-13,True,软科官方公开 API；rankDisplay 保留榜单显示名次，referenceRank 使用官方 rankOverall/主榜参考位次；分类榜名次不冒充全国主榜名次。,2026软科 239
RANK_SR_BCUR_2026_4161010716,4161010716,陕西中医药大学,shanghairanking-bcur,ShanghaiRanking,软科中国大学排名,2026,18,中医18,,,18.0,239,239,,,中医药,China-mainland,https://www.shanghairanking.cn/rankings/bcur/202610,,2026-09-13,True,软科官方公开 API；rankDisplay 保留榜单显示名次，referenceRank 使用官方 rankOverall/主榜参考位次；分类榜名次不冒充全国主榜名次。,2026软科中医药 中医18 · 主榜参考 239
RANK_SR_BCUR_2026_4137010451,4137010451,鲁东大学,shanghairanking-bcur,ShanghaiRanking,软科中国大学排名,2026,240,240,,,240.0,240,240,,176.9,主榜,China-mainland,https://www.shanghairanking.cn/rankings/bcur/202610,,2026-09-13,True,软科官方公开 API；rankDisplay 保留榜单显示名次，referenceRank 使用官方 rankOverall/主榜参考位次；分类榜名次不冒充全国主榜名次。,2026软科 240
RANK_SR_BCUR_2026_4150010650,4150010650,四川外国语大学,shanghairanking-bcur,ShanghaiRanking,软科中国大学排名,2026,10,语10,,,10.0,241,241,,,语言,China-mainland,https://www.shanghairanking.cn/rankings/bcur/202610,,2026-09-13,True,软科官方公开 API；rankDisplay 保留榜单显示名次，referenceRank 使用官方 rankOverall/主榜参考位次；分类榜名次不冒充全国主榜名次。,2026软科语言 语10 · 主榜参考 241
RANK_SR_BCUR_2026_4151011079,4151011079,成都大学,shanghairanking-bcur,ShanghaiRanking,软科中国大学排名,2026,241,241,,,241.0,241,241,,175.9,主榜,China-mainland,https://www.shanghairanking.cn/rankings/bcur/202610,,2026-09-13,True,软科官方公开 API；rankDisplay 保留榜单显示名次，referenceRank 使用官方 rankOverall/主榜参考位次；分类榜名次不冒充全国主榜名次。,2026软科 241
RANK_SR_BCUR_2026_4161010724,4161010724,西安外国语大学,shanghairanking-bcur,ShanghaiRanking,软科中国大学排名,2026,9,语9,,,9.0,241,241,,,语言,China-mainland,https://www.shanghairanking.cn/rankings/bcur/202610,,2026-09-13,True,软科官方公开 API；rankDisplay 保留榜单显示名次，referenceRank 使用官方 rankOverall/主榜参考位次；分类榜名次不冒充全国主榜名次。,2026软科语言 语9 · 主榜参考 241
RANK_SR_BCUR_2026_4131010259,4131010259,上海应用技术大学,shanghairanking-bcur,ShanghaiRanking,软科中国大学排名,2026,242,242,,,242.0,242,242,,175.4,主榜,China-mainland,https://www.shanghairanking.cn/rankings/bcur/202610,,2026-09-13,True,软科官方公开 API；rankDisplay 保留榜单显示名次，referenceRank 使用官方 rankOverall/主榜参考位次；分类榜名次不冒充全国主榜名次。,2026软科 242
RANK_SR_BCUR_2026_4111010037,4111010037,北京物资学院,shanghairanking-bcur,ShanghaiRanking,软科中国大学排名,2026,22,财22,,,22.0,242,242,,,财经,China-mainland,https://www.shanghairanking.cn/rankings/bcur/202610,,2026-09-13,True,软科官方公开 API；rankDisplay 保留榜单显示名次，referenceRank 使用官方 rankOverall/主榜参考位次；分类榜名次不冒充全国主榜名次。,2026软科财经 财22 · 主榜参考 242
RANK_SR_BCUR_2026_4145010600,4145010600,广西中医药大学,shanghairanking-bcur,ShanghaiRanking,软科中国大学排名,2026,19,中医19,,,19.0,242,242,,,中医药,China-mainland,https://www.shanghairanking.cn/rankings/bcur/202610,,2026-09-13,True,软科官方公开 API；rankDisplay 保留榜单显示名次，referenceRank 使用官方 rankOverall/主榜参考位次；分类榜名次不冒充全国主榜名次。,2026软科中医药 中医19 · 主榜参考 242
RANK_SR_BCUR_2026_4150011660,4150011660,重庆理工大学,shanghairanking-bcur,ShanghaiRanking,软科中国大学排名,2026,243,243,,,243.0,243,243,,174.3,主榜,China-mainland,https://www.shanghairanking.cn/rankings/bcur/202610,,2026-09-13,True,软科官方公开 API；rankDisplay 保留榜单显示名次，referenceRank 使用官方 rankOverall/主榜参考位次；分类榜名次不冒充全国主榜名次。,2026软科 243
RANK_SR_BCUR_2026_4121010149,4121010149,沈阳化工大学,shanghairanking-bcur,ShanghaiRanking,软科中国大学排名,2026,244,244,,,244.0,244,244,,172.6,主榜,China-mainland,https://www.shanghairanking.cn/rankings/bcur/202610,,2026-09-13,True,软科官方公开 API；rankDisplay 保留榜单显示名次，referenceRank 使用官方 rankOverall/主榜参考位次；分类榜名次不冒充全国主榜名次。,2026软科 244
RANK_SR_BCUR_2026_4122010190,4122010190,长春工业大学,shanghairanking-bcur,ShanghaiRanking,软科中国大学排名,2026,245,245,,,245.0,245,245,,172.3,主榜,China-mainland,https://www.shanghairanking.cn/rankings/bcur/202610,,2026-09-13,True,软科官方公开 API；rankDisplay 保留榜单显示名次，referenceRank 使用官方 rankOverall/主榜参考位次；分类榜名次不冒充全国主榜名次。,2026软科 245
RANK_SR_BCUR_2026_4135011062,4135011062,厦门理工学院,shanghairanking-bcur,ShanghaiRanking,软科中国大学排名,2026,246,246,,,246.0,246,246,,172.2,主榜,China-mainland,https://www.shanghairanking.cn/rankings/bcur/202610,,2026-09-13,True,软科官方公开 API；rankDisplay 保留榜单显示名次，referenceRank 使用官方 rankOverall/主榜参考位次；分类榜名次不冒充全国主榜名次。,2026软科 246
RANK_SR_BCUR_2026_4121010160,4121010160,锦州医科大学,shanghairanking-bcur,ShanghaiRanking,软科中国大学排名,2026,32,医32,,,32.0,246,246,,,医药,China-mainland,https://www.shanghairanking.cn/rankings/bcur/202610,,2026-09-13,True,软科官方公开 API；rankDisplay 保留榜单显示名次，referenceRank 使用官方 rankOverall/主榜参考位次；分类榜名次不冒充全国主榜名次。,2026软科医药 医32 · 主榜参考 246
RANK_SR_BCUR_2026_4144011819,4144011819,东莞理工学院,shanghairanking-bcur,ShanghaiRanking,软科中国大学排名,2026,247,247,,,247.0,247,247,,172,主榜,China-mainland,https://www.shanghairanking.cn/rankings/bcur/202610,,2026-09-13,True,软科官方公开 API；rankDisplay 保留榜单显示名次，referenceRank 使用官方 rankOverall/主榜参考位次；分类榜名次不冒充全国主榜名次。,2026软科 247
RANK_SR_BCUR_2026_4161010719,4161010719,延安大学,shanghairanking-bcur,ShanghaiRanking,软科中国大学排名,2026,248,248,,,248.0,248,248,,171.8,主榜,China-mainland,https://www.shanghairanking.cn/rankings/bcur/202610,,2026-09-13,True,软科官方公开 API；rankDisplay 保留榜单显示名次，referenceRank 使用官方 rankOverall/主榜参考位次；分类榜名次不冒充全国主榜名次。,2026软科 248
RANK_SR_BCUR_2026_4141010078,4141010078,华北水利水电大学,shanghairanking-bcur,ShanghaiRanking,软科中国大学排名,2026,249,249,,,249.0,249,249,,171.7,主榜,China-mainland,https://www.shanghairanking.cn/rankings/bcur/202610,,2026-09-13,True,软科官方公开 API；rankDisplay 保留榜单显示名次，referenceRank 使用官方 rankOverall/主榜参考位次；分类榜名次不冒充全国主榜名次。,2026软科 249
RANK_SR_BCUR_2026_4121010150,4121010150,大连交通大学,shanghairanking-bcur,ShanghaiRanking,软科中国大学排名,2026,249,249,,,249.0,249,249,,171.7,主榜,China-mainland,https://www.shanghairanking.cn/rankings/bcur/202610,,2026-09-13,True,软科官方公开 API；rankDisplay 保留榜单显示名次，referenceRank 使用官方 rankOverall/主榜参考位次；分类榜名次不冒充全国主榜名次。,2026软科 249
RANK_SR_BCUR_2026_4137010430,4137010430,山东建筑大学,shanghairanking-bcur,ShanghaiRanking,软科中国大学排名,2026,251,251,,,251.0,251,251,,171.2,主榜,China-mainland,https://www.shanghairanking.cn/rankings/bcur/202610,,2026-09-13,True,软科官方公开 API；rankDisplay 保留榜单显示名次，referenceRank 使用官方 rankOverall/主榜参考位次；分类榜名次不冒充全国主榜名次。,2026软科 251
RANK_SR_BCUR_2026_4136010418,4136010418,赣南师范大学,shanghairanking-bcur,ShanghaiRanking,软科中国大学排名,2026,252,252,,,252.0,252,252,,171,主榜,China-mainland,https://www.shanghairanking.cn/rankings/bcur/202610,,2026-09-13,True,软科官方公开 API；rankDisplay 保留榜单显示名次，referenceRank 使用官方 rankOverall/主榜参考位次；分类榜名次不冒充全国主榜名次。,2026软科 252
RANK_SR_BCUR_2026_4113011832,4113011832,河北经贸大学,shanghairanking-bcur,ShanghaiRanking,软科中国大学排名,2026,23,财23,,,23.0,253,253,,,财经,China-mainland,https://www.shanghairanking.cn/rankings/bcur/202610,,2026-09-13,True,软科官方公开 API；rankDisplay 保留榜单显示名次，referenceRank 使用官方 rankOverall/主榜参考位次；分类榜名次不冒充全国主榜名次。,2026软科财经 财23 · 主榜参考 253
RANK_SR_BCUR_2026_4161010709,4161010709,西安工程大学,shanghairanking-bcur,ShanghaiRanking,软科中国大学排名,2026,253,253,,,253.0,253,253,,170.6,主榜,China-mainland,https://www.shanghairanking.cn/rankings/bcur/202610,,2026-09-13,True,软科官方公开 API；rankDisplay 保留榜单显示名次，referenceRank 使用官方 rankOverall/主榜参考位次；分类榜名次不冒充全国主榜名次。,2026软科 253
RANK_SR_BCUR_2026_4121010144,4121010144,沈阳理工大学,shanghairanking-bcur,ShanghaiRanking,软科中国大学排名,2026,254,254,,,254.0,254,254,,170.4,主榜,China-mainland,https://www.shanghairanking.cn/rankings/bcur/202610,,2026-09-13,True,软科官方公开 API；rankDisplay 保留榜单显示名次，referenceRank 使用官方 rankOverall/主榜参考位次；分类榜名次不冒充全国主榜名次。,2026软科 254
RANK_SR_BCUR_2026_4113014432,4113014432,河北中医药大学,shanghairanking-bcur,ShanghaiRanking,软科中国大学排名,2026,20,中医20,,,20.0,254,254,,,中医药,China-mainland,https://www.shanghairanking.cn/rankings/bcur/202610,,2026-09-13,True,软科官方公开 API；rankDisplay 保留榜单显示名次，referenceRank 使用官方 rankOverall/主榜参考位次；分类榜名次不冒充全国主榜名次。,2026软科中医药 中医20 · 主榜参考 254
RANK_SR_BCUR_2026_4113010082,4113010082,河北科技大学,shanghairanking-bcur,ShanghaiRanking,软科中国大学排名,2026,254,254,,,254.0,254,254,,170.4,主榜,China-mainland,https://www.shanghairanking.cn/rankings/bcur/202610,,2026-09-13,True,软科官方公开 API；rankDisplay 保留榜单显示名次，referenceRank 使用官方 rankOverall/主榜参考位次；分类榜名次不冒充全国主榜名次。,2026软科 254
RANK_SR_BCUR_2026_4141010484,4141010484,河南财经政法大学,shanghairanking-bcur,ShanghaiRanking,软科中国大学排名,2026,24,财24,,,24.0,256,256,,,财经,China-mainland,https://www.shanghairanking.cn/rankings/bcur/202610,,2026-09-13,True,软科官方公开 API；rankDisplay 保留榜单显示名次，referenceRank 使用官方 rankOverall/主榜参考位次；分类榜名次不冒充全国主榜名次。,2026软科财经 财24 · 主榜参考 256
RANK_SR_BCUR_2026_4163010746,4163010746,青海师范大学,shanghairanking-bcur,ShanghaiRanking,软科中国大学排名,2026,256,256,,,256.0,256,256,,169.7,主榜,China-mainland,https://www.shanghairanking.cn/rankings/bcur/202610,,2026-09-13,True,软科官方公开 API；rankDisplay 保留榜单显示名次，referenceRank 使用官方 rankOverall/主榜参考位次；分类榜名次不冒充全国主榜名次。,2026软科 256
RANK_SR_BCUR_2026_4142010496,4142010496,武汉轻工大学,shanghairanking-bcur,ShanghaiRanking,软科中国大学排名,2026,257,257,,,257.0,257,257,,169.3,主榜,China-mainland,https://www.shanghairanking.cn/rankings/bcur/202610,,2026-09-13,True,软科官方公开 API；rankDisplay 保留榜单显示名次，referenceRank 使用官方 rankOverall/主榜参考位次；分类榜名次不冒充全国主榜名次。,2026软科 257
RANK_SR_BCUR_2026_4112010068,4112010068,天津外国语大学,shanghairanking-bcur,ShanghaiRanking,软科中国大学排名,2026,11,语11,,,11.0,258,258,,,语言,China-mainland,https://www.shanghairanking.cn/rankings/bcur/202610,,2026-09-13,True,软科官方公开 API；rankDisplay 保留榜单显示名次，referenceRank 使用官方 rankOverall/主榜参考位次；分类榜名次不冒充全国主榜名次。,2026软科语言 语11 · 主榜参考 258
RANK_SR_BCUR_2026_4145010596,4145010596,桂林理工大学,shanghairanking-bcur,ShanghaiRanking,软科中国大学排名,2026,258,258,,,258.0,258,258,,169.2,主榜,China-mainland,https://www.shanghairanking.cn/rankings/bcur/202610,,2026-09-13,True,软科官方公开 API；rankDisplay 保留榜单显示名次，referenceRank 使用官方 rankOverall/主榜参考位次；分类榜名次不冒充全国主榜名次。,2026软科 258
RANK_SR_BCUR_2026_4141010462,4141010462,郑州轻工业大学,shanghairanking-bcur,ShanghaiRanking,软科中国大学排名,2026,258,258,,,258.0,258,258,,169.2,主榜,China-mainland,https://www.shanghairanking.cn/rankings/bcur/202610,,2026-09-13,True,软科官方公开 API；rankDisplay 保留榜单显示名次，referenceRank 使用官方 rankOverall/主榜参考位次；分类榜名次不冒充全国主榜名次。,2026软科 258
RANK_SR_BCUR_2026_4151010621,4151010621,成都信息工程大学,shanghairanking-bcur,ShanghaiRanking,软科中国大学排名,2026,260,260,,,260.0,260,260,,169,主榜,China-mainland,https://www.shanghairanking.cn/rankings/bcur/202610,,2026-09-13,True,软科官方公开 API；rankDisplay 保留榜单显示名次，referenceRank 使用官方 rankOverall/主榜参考位次；分类榜名次不冒充全国主榜名次。,2026软科 260
RANK_SR_BCUR_2026_4115010128,4115010128,内蒙古工业大学,shanghairanking-bcur,ShanghaiRanking,软科中国大学排名,2026,261,261,,,261.0,261,261,,168.9,主榜,China-mainland,https://www.shanghairanking.cn/rankings/bcur/202610,,2026-09-13,True,软科官方公开 API；rankDisplay 保留榜单显示名次，referenceRank 使用官方 rankOverall/主榜参考位次；分类榜名次不冒充全国主榜名次。,2026软科 261
RANK_SR_BCUR_2026_4151010623,4151010623,西华大学,shanghairanking-bcur,ShanghaiRanking,软科中国大学排名,2026,262,262,,,262.0,262,262,,168,主榜,China-mainland,https://www.shanghairanking.cn/rankings/bcur/202610,,2026-09-13,True,软科官方公开 API；rankDisplay 保留榜单显示名次，referenceRank 使用官方 rankOverall/主榜参考位次；分类榜名次不冒充全国主榜名次。,2026软科 262
RANK_SR_BCUR_2026_4111010029,4111010029,首都体育学院,shanghairanking-bcur,ShanghaiRanking,软科中国大学排名,2026,3,体3,,,3.0,262,262,,,体育,China-mainland,https://www.shanghairanking.cn/rankings/bcur/202610,,2026-09-13,True,软科官方公开 API；rankDisplay 保留榜单显示名次，referenceRank 使用官方 rankOverall/主榜参考位次；分类榜名次不冒充全国主榜名次。,2026软科体育 体3 · 主榜参考 262
RANK_SR_BCUR_2026_4142011600,4142011600,湖北经济学院,shanghairanking-bcur,ShanghaiRanking,软科中国大学排名,2026,25,财25,,,25.0,263,263,,,财经,China-mainland,https://www.shanghairanking.cn/rankings/bcur/202610,,2026-09-13,True,软科官方公开 API；rankDisplay 保留榜单显示名次，referenceRank 使用官方 rankOverall/主榜参考位次；分类榜名次不冒充全国主榜名次。,2026软科财经 财25 · 主榜参考 263
RANK_SR_BCUR_2026_4121010148,4121010148,辽宁石油化工大学,shanghairanking-bcur,ShanghaiRanking,软科中国大学排名,2026,263,263,,,263.0,263,263,,167.5,主榜,China-mainland,https://www.shanghairanking.cn/rankings/bcur/202610,,2026-09-13,True,软科官方公开 API；rankDisplay 保留榜单显示名次，referenceRank 使用官方 rankOverall/主榜参考位次；分类榜名次不冒充全国主榜名次。,2026软科 263
RANK_SR_BCUR_2026_4142011072,4142011072,江汉大学,shanghairanking-bcur,ShanghaiRanking,软科中国大学排名,2026,265,265,,,265.0,265,265,,167.1,主榜,China-mainland,https://www.shanghairanking.cn/rankings/bcur/202610,,2026-09-13,True,软科官方公开 API；rankDisplay 保留榜单显示名次，referenceRank 使用官方 rankOverall/主榜参考位次；分类榜名次不冒充全国主榜名次。,2026软科 265
RANK_SR_BCUR_2026_4113011105,4113011105,中国人民警察大学,shanghairanking-bcur,ShanghaiRanking,软科中国大学排名,2026,8,政8,,,8.0,266,266,,,政法,China-mainland,https://www.shanghairanking.cn/rankings/bcur/202610,,2026-09-13,True,软科官方公开 API；rankDisplay 保留榜单显示名次，referenceRank 使用官方 rankOverall/主榜参考位次；分类榜名次不冒充全国主榜名次。,2026软科政法 政8 · 主榜参考 266
RANK_SR_BCUR_2026_4121010172,4121010172,大连外国语大学,shanghairanking-bcur,ShanghaiRanking,软科中国大学排名,2026,12,语12,,,12.0,266,266,,,语言,China-mainland,https://www.shanghairanking.cn/rankings/bcur/202610,,2026-09-13,True,软科官方公开 API；rankDisplay 保留榜单显示名次，referenceRank 使用官方 rankOverall/主榜参考位次；分类榜名次不冒充全国主榜名次。,2026软科语言 语12 · 主榜参考 266
RANK_SR_BCUR_2026_4144010571,4144010571,广东医科大学,shanghairanking-bcur,ShanghaiRanking,软科中国大学排名,2026,33,医33,,,33.0,266,266,,,医药,China-mainland,https://www.shanghairanking.cn/rankings/bcur/202610,,2026-09-13,True,软科官方公开 API；rankDisplay 保留榜单显示名次，referenceRank 使用官方 rankOverall/主榜参考位次；分类榜名次不冒充全国主榜名次。,2026软科医药 医33 · 主榜参考 266
RANK_SR_BCUR_2026_4121011035,4121011035,沈阳大学,shanghairanking-bcur,ShanghaiRanking,软科中国大学排名,2026,266,266,,,266.0,266,266,,166.8,主榜,China-mainland,https://www.shanghairanking.cn/rankings/bcur/202610,,2026-09-13,True,软科官方公开 API；rankDisplay 保留榜单显示名次，referenceRank 使用官方 rankOverall/主榜参考位次；分类榜名次不冒充全国主榜名次。,2026软科 266
RANK_SR_BCUR_2026_4114010118,4114010118,山西师范大学,shanghairanking-bcur,ShanghaiRanking,软科中国大学排名,2026,267,267,,,267.0,267,267,,166.3,主榜,China-mainland,https://www.shanghairanking.cn/rankings/bcur/202610,,2026-09-13,True,软科官方公开 API；rankDisplay 保留榜单显示名次，referenceRank 使用官方 rankOverall/主榜参考位次；分类榜名次不冒充全国主榜名次。,2026软科 267
RANK_SR_BCUR_2026_4142010929,4142010929,湖北医药学院,shanghairanking-bcur,ShanghaiRanking,软科中国大学排名,2026,34,医34,,,34.0,267,267,,,医药,China-mainland,https://www.shanghairanking.cn/rankings/bcur/202610,,2026-09-13,True,软科官方公开 API；rankDisplay 保留榜单显示名次，referenceRank 使用官方 rankOverall/主榜参考位次；分类榜名次不冒充全国主榜名次。,2026软科医药 医34 · 主榜参考 267
RANK_SR_BCUR_2026_4143010554,4143010554,湖南工商大学,shanghairanking-bcur,ShanghaiRanking,软科中国大学排名,2026,26,财26,,,26.0,267,267,,,财经,China-mainland,https://www.shanghairanking.cn/rankings/bcur/202610,,2026-09-13,True,软科官方公开 API；rankDisplay 保留榜单显示名次，referenceRank 使用官方 rankOverall/主榜参考位次；分类榜名次不冒充全国主榜名次。,2026软科财经 财26 · 主榜参考 267
RANK_SR_BCUR_2026_4137010447,4137010447,聊城大学,shanghairanking-bcur,ShanghaiRanking,软科中国大学排名,2026,268,268,,,268.0,268,268,,164.8,主榜,China-mainland,https://www.shanghairanking.cn/rankings/bcur/202610,,2026-09-13,True,软科官方公开 API；rankDisplay 保留榜单显示名次，referenceRank 使用官方 rankOverall/主榜参考位次；分类榜名次不冒充全国主榜名次。,2026软科 268
RANK_SR_BCUR_2026_4131011047,4131011047,上海立信会计金融学院,shanghairanking-bcur,ShanghaiRanking,软科中国大学排名,2026,27,财27,,,27.0,269,269,,,财经,China-mainland,https://www.shanghairanking.cn/rankings/bcur/202610,,2026-09-13,True,软科官方公开 API；rankDisplay 保留榜单显示名次，referenceRank 使用官方 rankOverall/主榜参考位次；分类榜名次不冒充全国主榜名次。,2026软科财经 财27 · 主榜参考 269
RANK_SR_BCUR_2026_4113010081,4113010081,华北理工大学,shanghairanking-bcur,ShanghaiRanking,软科中国大学排名,2026,269,269,,,269.0,269,269,,164.5,主榜,China-mainland,https://www.shanghairanking.cn/rankings/bcur/202610,,2026-09-13,True,软科官方公开 API；rankDisplay 保留榜单显示名次，referenceRank 使用官方 rankOverall/主榜参考位次；分类榜名次不冒充全国主榜名次。,2026软科 269
RANK_SR_BCUR_2026_4151012212,4151012212,四川警察学院,shanghairanking-bcur,ShanghaiRanking,软科中国大学排名,2026,9,政9,,,9.0,270,270,,,政法,China-mainland,https://www.shanghairanking.cn/rankings/bcur/202610,,2026-09-13,True,软科官方公开 API；rankDisplay 保留榜单显示名次，referenceRank 使用官方 rankOverall/主榜参考位次；分类榜名次不冒充全国主榜名次。,2026软科政法 政9 · 主榜参考 270
RANK_SR_BCUR_2026_4112010069,4112010069,天津商业大学,shanghairanking-bcur,ShanghaiRanking,软科中国大学排名,2026,28,财28,,,28.0,270,270,,,财经,China-mainland,https://www.shanghairanking.cn/rankings/bcur/202610,,2026-09-13,True,软科官方公开 API；rankDisplay 保留榜单显示名次，referenceRank 使用官方 rankOverall/主榜参考位次；分类榜名次不冒充全国主榜名次。,2026软科财经 财28 · 主榜参考 270
RANK_SR_BCUR_2026_4114010109,4114010109,太原科技大学,shanghairanking-bcur,ShanghaiRanking,软科中国大学排名,2026,270,270,,,270.0,270,270,,164.2,主榜,China-mainland,https://www.shanghairanking.cn/rankings/bcur/202610,,2026-09-13,True,软科官方公开 API；rankDisplay 保留榜单显示名次，referenceRank 使用官方 rankOverall/主榜参考位次；分类榜名次不冒充全国主榜名次。,2026软科 270
RANK_SR_BCUR_2026_4133014275,4133014275,浙江外国语学院,shanghairanking-bcur,ShanghaiRanking,软科中国大学排名,2026,13,语13,,,13.0,270,270,,,语言,China-mainland,https://www.shanghairanking.cn/rankings/bcur/202610,,2026-09-13,True,软科官方公开 API；rankDisplay 保留榜单显示名次，referenceRank 使用官方 rankOverall/主榜参考位次；分类榜名次不冒充全国主榜名次。,2026软科语言 语13 · 主榜参考 270
RANK_SR_BCUR_2026_4151010638,4151010638,西华师范大学,shanghairanking-bcur,ShanghaiRanking,软科中国大学排名,2026,271,271,,,271.0,271,271,,164.1,主榜,China-mainland,https://www.shanghairanking.cn/rankings/bcur/202610,,2026-09-13,True,软科官方公开 API；rankDisplay 保留榜单显示名次，referenceRank 使用官方 rankOverall/主榜参考位次；分类榜名次不冒充全国主榜名次。,2026软科 271
RANK_SR_BCUR_2026_4152010662,4152010662,贵州中医药大学,shanghairanking-bcur,ShanghaiRanking,软科中国大学排名,2026,21,中医21,,,21.0,271,271,,,中医药,China-mainland,https://www.shanghairanking.cn/rankings/bcur/202610,,2026-09-13,True,软科官方公开 API；rankDisplay 保留榜单显示名次，referenceRank 使用官方 rankOverall/主榜参考位次；分类榜名次不冒充全国主榜名次。,2026软科中医药 中医21 · 主榜参考 271
RANK_SR_BCUR_2026_4121010147,4121010147,辽宁工程技术大学,shanghairanking-bcur,ShanghaiRanking,软科中国大学排名,2026,271,271,,,271.0,271,271,,164.1,主榜,China-mainland,https://www.shanghairanking.cn/rankings/bcur/202610,,2026-09-13,True,软科官方公开 API；rankDisplay 保留榜单显示名次，referenceRank 使用官方 rankOverall/主榜参考位次；分类榜名次不冒充全国主榜名次。,2026软科 271
RANK_SR_BCUR_2026_4145010608,4145010608,广西民族大学,shanghairanking-bcur,ShanghaiRanking,软科中国大学排名,2026,4,民4,,,4.0,272,272,,,民族,China-mainland,https://www.shanghairanking.cn/rankings/bcur/202610,,2026-09-13,True,软科官方公开 API；rankDisplay 保留榜单显示名次，referenceRank 使用官方 rankOverall/主榜参考位次；分类榜名次不冒充全国主榜名次。,2026软科民族 民4 · 主榜参考 272
RANK_SR_BCUR_2026_4132011276,4132011276,南京工程学院,shanghairanking-bcur,ShanghaiRanking,软科中国大学排名,2026,273,273,,,273.0,273,273,,164,主榜,China-mainland,https://www.shanghairanking.cn/rankings/bcur/202610,,2026-09-13,True,软科官方公开 API；rankDisplay 保留榜单显示名次，referenceRank 使用官方 rankOverall/主榜参考位次；分类榜名次不冒充全国主榜名次。,2026软科 273
RANK_SR_BCUR_2026_4152010671,4152010671,贵州财经大学,shanghairanking-bcur,ShanghaiRanking,软科中国大学排名,2026,29,财29,,,29.0,273,273,,,财经,China-mainland,https://www.shanghairanking.cn/rankings/bcur/202610,,2026-09-13,True,软科官方公开 API；rankDisplay 保留榜单显示名次，referenceRank 使用官方 rankOverall/主榜参考位次；分类榜名次不冒充全国主榜名次。,2026软科财经 财29 · 主榜参考 273
RANK_SR_BCUR_2026_4134010363,4134010363,安徽工程大学,shanghairanking-bcur,ShanghaiRanking,软科中国大学排名,2026,274,274,,,274.0,274,274,,162.6,主榜,China-mainland,https://www.shanghairanking.cn/rankings/bcur/202610,,2026-09-13,True,软科官方公开 API；rankDisplay 保留榜单显示名次，referenceRank 使用官方 rankOverall/主榜参考位次；分类榜名次不冒充全国主榜名次。,2026软科 274
RANK_SR_BCUR_2026_4121012026,4121012026,大连民族大学,shanghairanking-bcur,ShanghaiRanking,软科中国大学排名,2026,5,民5,,,5.0,275,275,,,民族,China-mainland,https://www.shanghairanking.cn/rankings/bcur/202610,,2026-09-13,True,软科官方公开 API；rankDisplay 保留榜单显示名次，referenceRank 使用官方 rankOverall/主榜参考位次；分类榜名次不冒充全国主榜名次。,2026软科民族 民5 · 主榜参考 275
RANK_SR_BCUR_2026_4135010388,4135010388,福建理工大学,shanghairanking-bcur,ShanghaiRanking,软科中国大学排名,2026,275,275,,,275.0,275,275,,162.5,主榜,China-mainland,https://www.shanghairanking.cn/rankings/bcur/202610,,2026-09-13,True,软科官方公开 API；rankDisplay 保留榜单显示名次，referenceRank 使用官方 rankOverall/主榜参考位次；分类榜名次不冒充全国主榜名次。,2026软科 275
RANK_SR_BCUR_2026_4141010485,4141010485,郑州航空工业管理学院,shanghairanking-bcur,ShanghaiRanking,软科中国大学排名,2026,30,财30,,,30.0,275,275,,,财经,China-mainland,https://www.shanghairanking.cn/rankings/bcur/202610,,2026-09-13,True,软科官方公开 API；rankDisplay 保留榜单显示名次，referenceRank 使用官方 rankOverall/主榜参考位次；分类榜名次不冒充全国主榜名次。,2026软科财经 财30 · 主榜参考 275
RANK_SR_BCUR_2026_4131010274,4131010274,上海海关学院,shanghairanking-bcur,ShanghaiRanking,软科中国大学排名,2026,276,276,,,276.0,276,276,,162.4,主榜,China-mainland,https://www.shanghairanking.cn/rankings/bcur/202610,,2026-09-13,True,软科官方公开 API；rankDisplay 保留榜单显示名次，referenceRank 使用官方 rankOverall/主榜参考位次；分类榜名次不冒充全国主榜名次。,2026软科 276
RANK_SR_BCUR_2026_4121010166,4121010166,沈阳师范大学,shanghairanking-bcur,ShanghaiRanking,软科中国大学排名,2026,277,277,,,277.0,277,277,,162,主榜,China-mainland,https://www.shanghairanking.cn/rankings/bcur/202610,,2026-09-13,True,软科官方公开 API；rankDisplay 保留榜单显示名次，referenceRank 使用官方 rankOverall/主榜参考位次；分类榜名次不冒充全国主榜名次。,2026软科 277
RANK_SR_BCUR_2026_4133010350,4133010350,台州学院,shanghairanking-bcur,ShanghaiRanking,软科中国大学排名,2026,278,278,,,278.0,278,278,,161,主榜,China-mainland,https://www.shanghairanking.cn/rankings/bcur/202610,,2026-09-13,True,软科官方公开 API；rankDisplay 保留榜单显示名次，referenceRank 使用官方 rankOverall/主榜参考位次；分类榜名次不冒充全国主榜名次。,2026软科 278
RANK_SR_BCUR_2026_4121010154,4121010154,辽宁工业大学,shanghairanking-bcur,ShanghaiRanking,软科中国大学排名,2026,279,279,,,279.0,279,279,,159.7,主榜,China-mainland,https://www.shanghairanking.cn/rankings/bcur/202610,,2026-09-13,True,软科官方公开 API；rankDisplay 保留榜单显示名次，referenceRank 使用官方 rankOverall/主榜参考位次；分类榜名次不冒充全国主榜名次。,2026软科 279
RANK_SR_BCUR_2026_4150011551,4150011551,重庆科技大学,shanghairanking-bcur,ShanghaiRanking,软科中国大学排名,2026,279,279,,,279.0,279,279,,159.7,主榜,China-mainland,https://www.shanghairanking.cn/rankings/bcur/202610,,2026-09-13,True,软科官方公开 API；rankDisplay 保留榜单显示名次，referenceRank 使用官方 rankOverall/主榜参考位次；分类榜名次不冒充全国主榜名次。,2026软科 279
RANK_SR_BCUR_2026_4132010329,4132010329,江苏警官学院,shanghairanking-bcur,ShanghaiRanking,软科中国大学排名,2026,10,政10,,,10.0,280,280,,,政法,China-mainland,https://www.shanghairanking.cn/rankings/bcur/202610,,2026-09-13,True,软科官方公开 API；rankDisplay 保留榜单显示名次，referenceRank 使用官方 rankOverall/主榜参考位次；分类榜名次不冒充全国主榜名次。,2026软科政法 政10 · 主榜参考 280
RANK_SR_BCUR_2026_4154010695,4154010695,西藏民族大学,shanghairanking-bcur,ShanghaiRanking,软科中国大学排名,2026,6,民6,,,6.0,280,280,,,民族,China-mainland,https://www.shanghairanking.cn/rankings/bcur/202610,,2026-09-13,True,软科官方公开 API；rankDisplay 保留榜单显示名次，referenceRank 使用官方 rankOverall/主榜参考位次；分类榜名次不冒充全国主榜名次。,2026软科民族 民6 · 主榜参考 280
RANK_SR_BCUR_2026_4152010672,4152010672,贵州民族大学,shanghairanking-bcur,ShanghaiRanking,软科中国大学排名,2026,7,民7,,,7.0,280,280,,,民族,China-mainland,https://www.shanghairanking.cn/rankings/bcur/202610,,2026-09-13,True,软科官方公开 API；rankDisplay 保留榜单显示名次，referenceRank 使用官方 rankOverall/主榜参考位次；分类榜名次不冒充全国主榜名次。,2026软科民族 民7 · 主榜参考 280
RANK_SR_BCUR_2026_4153010689,4153010689,云南财经大学,shanghairanking-bcur,ShanghaiRanking,软科中国大学排名,2026,31,财31,,,31.0,281,281,,,财经,China-mainland,https://www.shanghairanking.cn/rankings/bcur/202610,,2026-09-13,True,软科官方公开 API；rankDisplay 保留榜单显示名次，referenceRank 使用官方 rankOverall/主榜参考位次；分类榜名次不冒充全国主榜名次。,2026软科财经 财31 · 主榜参考 281
RANK_SR_BCUR_2026_4111010020,4111010020,北京农学院,shanghairanking-bcur,ShanghaiRanking,软科中国大学排名,2026,281,281,,,281.0,281,281,,159.4,主榜,China-mainland,https://www.shanghairanking.cn/rankings/bcur/202610,,2026-09-13,True,软科官方公开 API；rankDisplay 保留榜单显示名次，referenceRank 使用官方 rankOverall/主榜参考位次；分类榜名次不冒充全国主榜名次。,2026软科 281
RANK_SR_BCUR_2026_4111010015,4111010015,北京印刷学院,shanghairanking-bcur,ShanghaiRanking,软科中国大学排名,2026,281,281,,,281.0,281,281,,159.4,主榜,China-mainland,https://www.shanghairanking.cn/rankings/bcur/202610,,2026-09-13,True,软科官方公开 API；rankDisplay 保留榜单显示名次，referenceRank 使用官方 rankOverall/主榜参考位次；分类榜名次不冒充全国主榜名次。,2026软科 281
RANK_SR_BCUR_2026_4142010522,4142010522,武汉体育学院,shanghairanking-bcur,ShanghaiRanking,软科中国大学排名,2026,4,体4,,,4.0,282,282,,,体育,China-mainland,https://www.shanghairanking.cn/rankings/bcur/202610,,2026-09-13,True,软科官方公开 API；rankDisplay 保留榜单显示名次，referenceRank 使用官方 rankOverall/主榜参考位次；分类榜名次不冒充全国主榜名次。,2026软科体育 体4 · 主榜参考 282
RANK_SR_BCUR_2026_4134010878,4134010878,安徽建筑大学,shanghairanking-bcur,ShanghaiRanking,软科中国大学排名,2026,283,283,,,283.0,283,283,,158.8,主榜,China-mainland,https://www.shanghairanking.cn/rankings/bcur/202610,,2026-09-13,True,软科官方公开 API；rankDisplay 保留榜单显示名次，referenceRank 使用官方 rankOverall/主榜参考位次；分类榜名次不冒充全国主榜名次。,2026软科 283
RANK_SR_BCUR_2026_4121010164,4121010164,沈阳医学院,shanghairanking-bcur,ShanghaiRanking,软科中国大学排名,2026,36,医36,,,36.0,283,283,,,医药,China-mainland,https://www.shanghairanking.cn/rankings/bcur/202610,,2026-09-13,True,软科官方公开 API；rankDisplay 保留榜单显示名次，referenceRank 使用官方 rankOverall/主榜参考位次；分类榜名次不冒充全国主榜名次。,2026软科医药 医36 · 主榜参考 283
RANK_SR_BCUR_2026_4144014655,4144014655,深圳技术大学,shanghairanking-bcur,ShanghaiRanking,软科中国大学排名,2026,283,283,,,283.0,283,283,,158.8,主榜,China-mainland,https://www.shanghairanking.cn/rankings/bcur/202610,,2026-09-13,True,软科官方公开 API；rankDisplay 保留榜单显示名次，referenceRank 使用官方 rankOverall/主榜参考位次；分类榜名次不冒充全国主榜名次。,2026软科 283
RANK_SR_BCUR_2026_4134010367,4134010367,蚌埠医科大学,shanghairanking-bcur,ShanghaiRanking,软科中国大学排名,2026,35,医35,,,35.0,283,283,,,医药,China-mainland,https://www.shanghairanking.cn/rankings/bcur/202610,,2026-09-13,True,软科官方公开 API；rankDisplay 保留榜单显示名次，referenceRank 使用官方 rankOverall/主榜参考位次；分类榜名次不冒充全国主榜名次。,2026软科医药 医35 · 主榜参考 283
RANK_SR_BCUR_2026_4153010679,4153010679,大理大学,shanghairanking-bcur,ShanghaiRanking,软科中国大学排名,2026,285,285,,,285.0,285,285,,158.4,主榜,China-mainland,https://www.shanghairanking.cn/rankings/bcur/202610,,2026-09-13,True,软科官方公开 API；rankDisplay 保留榜单显示名次，referenceRank 使用官方 rankOverall/主榜参考位次；分类榜名次不冒充全国主榜名次。,2026软科 285
RANK_SR_BCUR_2026_4121010167,4121010167,渤海大学,shanghairanking-bcur,ShanghaiRanking,软科中国大学排名,2026,285,285,,,285.0,285,285,,158.4,主榜,China-mainland,https://www.shanghairanking.cn/rankings/bcur/202610,,2026-09-13,True,软科官方公开 API；rankDisplay 保留榜单显示名次，referenceRank 使用官方 rankOverall/主榜参考位次；分类榜名次不冒充全国主榜名次。,2026软科 285
RANK_SR_BCUR_2026_4153010680,4153010680,云南中医药大学,shanghairanking-bcur,ShanghaiRanking,软科中国大学排名,2026,22,中医22,,,22.0,286,286,,,中医药,China-mainland,https://www.shanghairanking.cn/rankings/bcur/202610,,2026-09-13,True,软科官方公开 API；rankDisplay 保留榜单显示名次，referenceRank 使用官方 rankOverall/主榜参考位次；分类榜名次不冒充全国主榜名次。,2026软科中医药 中医22 · 主榜参考 286
RANK_SR_BCUR_2026_4151010634,4151010634,川北医学院,shanghairanking-bcur,ShanghaiRanking,软科中国大学排名,2026,37,医37,,,37.0,286,286,,,医药,China-mainland,https://www.shanghairanking.cn/rankings/bcur/202610,,2026-09-13,True,软科官方公开 API；rankDisplay 保留榜单显示名次，referenceRank 使用官方 rankOverall/主榜参考位次；分类榜名次不冒充全国主榜名次。,2026软科医药 医37 · 主榜参考 286
RANK_SR_BCUR_2026_4121011258,4121011258,大连大学,shanghairanking-bcur,ShanghaiRanking,软科中国大学排名,2026,287,287,,,287.0,287,287,,158.2,主榜,China-mainland,https://www.shanghairanking.cn/rankings/bcur/202610,,2026-09-13,True,软科官方公开 API；rankDisplay 保留榜单显示名次，referenceRank 使用官方 rankOverall/主榜参考位次；分类榜名次不冒充全国主榜名次。,2026软科 287
RANK_SR_BCUR_2026_4133013022,4133013022,浙大宁波理工学院,shanghairanking-bcur,ShanghaiRanking,软科中国大学排名,2026,287,287,,,287.0,287,287,,158.2,主榜,China-mainland,https://www.shanghairanking.cn/rankings/bcur/202610,,2026-09-13,True,软科官方公开 API；rankDisplay 保留榜单显示名次，referenceRank 使用官方 rankOverall/主榜参考位次；分类榜名次不冒充全国主榜名次。,2026软科 287
RANK_SR_BCUR_2026_4132010333,4132010333,苏州工学院,shanghairanking-bcur,ShanghaiRanking,软科中国大学排名,2026,287,287,,,287.0,287,287,,158.2,主榜,China-mainland,https://www.shanghairanking.cn/rankings/bcur/202610,,2026-09-13,True,软科官方公开 API；rankDisplay 保留榜单显示名次，referenceRank 使用官方 rankOverall/主榜参考位次；分类榜名次不冒充全国主榜名次。,2026软科 287
RANK_SR_BCUR_2026_4111012453,4111012453,中国劳动关系学院,shanghairanking-bcur,ShanghaiRanking,软科中国大学排名,2026,11,政11,,,11.0,288,288,,,政法,China-mainland,https://www.shanghairanking.cn/rankings/bcur/202610,,2026-09-13,True,软科官方公开 API；rankDisplay 保留榜单显示名次，referenceRank 使用官方 rankOverall/主榜参考位次；分类榜名次不冒充全国主榜名次。,2026软科政法 政11 · 主榜参考 288
RANK_SR_BCUR_2026_4114010809,4114010809,山西中医药大学,shanghairanking-bcur,ShanghaiRanking,软科中国大学排名,2026,23,中医23,,,23.0,289,289,,,中医药,China-mainland,https://www.shanghairanking.cn/rankings/bcur/202610,,2026-09-13,True,软科官方公开 API；rankDisplay 保留榜单显示名次，referenceRank 使用官方 rankOverall/主榜参考位次；分类榜名次不冒充全国主榜名次。,2026软科中医药 中医23 · 主榜参考 289
RANK_SR_BCUR_2026_4153010676,4153010676,云南农业大学,shanghairanking-bcur,ShanghaiRanking,软科中国大学排名,2026,290,290,,,290.0,290,290,,156,主榜,China-mainland,https://www.shanghairanking.cn/rankings/bcur/202610,,2026-09-13,True,软科官方公开 API；rankDisplay 保留榜单显示名次，referenceRank 使用官方 rankOverall/主榜参考位次；分类榜名次不冒充全国主榜名次。,2026软科 290
RANK_SR_BCUR_2026_4132012213,4132012213,南京警察学院,shanghairanking-bcur,ShanghaiRanking,软科中国大学排名,2026,12,政12,,,12.0,290,290,,,政法,China-mainland,https://www.shanghairanking.cn/rankings/bcur/202610,,2026-09-13,True,软科官方公开 API；rankDisplay 保留榜单显示名次，referenceRank 使用官方 rankOverall/主榜参考位次；分类榜名次不冒充全国主榜名次。,2026软科政法 政12 · 主榜参考 290
RANK_SR_BCUR_2026_4113010077,4113010077,河北地质大学,shanghairanking-bcur,ShanghaiRanking,软科中国大学排名,2026,32,财32,,,32.0,290,290,,,财经,China-mainland,https://www.shanghairanking.cn/rankings/bcur/202610,,2026-09-13,True,软科官方公开 API；rankDisplay 保留榜单显示名次，referenceRank 使用官方 rankOverall/主榜参考位次；分类榜名次不冒充全国主榜名次。,2026软科财经 财32 · 主榜参考 290
RANK_SR_BCUR_2026_4162010742,4162010742,西北民族大学,shanghairanking-bcur,ShanghaiRanking,软科中国大学排名,2026,8,民8,,,8.0,290,290,,,民族,China-mainland,https://www.shanghairanking.cn/rankings/bcur/202610,,2026-09-13,True,软科官方公开 API；rankDisplay 保留榜单显示名次，referenceRank 使用官方 rankOverall/主榜参考位次；分类榜名次不冒充全国主榜名次。,2026软科民族 民8 · 主榜参考 290
RANK_SR_BCUR_2026_4145010601,4145010601,桂林医科大学,shanghairanking-bcur,ShanghaiRanking,软科中国大学排名,2026,38,医38,,,38.0,291,291,,,医药,China-mainland,https://www.shanghairanking.cn/rankings/bcur/202610,,2026-09-13,True,软科官方公开 API；rankDisplay 保留榜单显示名次，referenceRank 使用官方 rankOverall/主榜参考位次；分类榜名次不冒充全国主榜名次。,2026软科医药 医38 · 主榜参考 291
RANK_SR_BCUR_2026_4113010076,4113010076,河北工程大学,shanghairanking-bcur,ShanghaiRanking,软科中国大学排名,2026,291,291,,,291.0,291,291,,155.8,主榜,China-mainland,https://www.shanghairanking.cn/rankings/bcur/202610,,2026-09-13,True,软科官方公开 API；rankDisplay 保留榜单显示名次，referenceRank 使用官方 rankOverall/主榜参考位次；分类榜名次不冒充全国主榜名次。,2026软科 291
RANK_SR_BCUR_2026_4133011058,4133011058,宁波工程学院,shanghairanking-bcur,ShanghaiRanking,软科中国大学排名,2026,292,292,,,292.0,292,292,,155.6,主榜,China-mainland,https://www.shanghairanking.cn/rankings/bcur/202610,,2026-09-13,True,软科官方公开 API；rankDisplay 保留榜单显示名次，referenceRank 使用官方 rankOverall/主榜参考位次；分类榜名次不冒充全国主榜名次。,2026软科 292
RANK_SR_BCUR_2026_4144010573,4144010573,广东药科大学,shanghairanking-bcur,ShanghaiRanking,软科中国大学排名,2026,39,医39,,,39.0,292,292,,,医药,China-mainland,https://www.shanghairanking.cn/rankings/bcur/202610,,2026-09-13,True,软科官方公开 API；rankDisplay 保留榜单显示名次，referenceRank 使用官方 rankOverall/主榜参考位次；分类榜名次不冒充全国主榜名次。,2026软科医药 医39 · 主榜参考 292
RANK_SR_BCUR_2026_4133011483,4133011483,浙江警察学院,shanghairanking-bcur,ShanghaiRanking,软科中国大学排名,2026,13,政13,,,13.0,293,293,,,政法,China-mainland,https://www.shanghairanking.cn/rankings/bcur/202610,,2026-09-13,True,软科官方公开 API；rankDisplay 保留榜单显示名次，referenceRank 使用官方 rankOverall/主榜参考位次；分类榜名次不冒充全国主榜名次。,2026软科政法 政13 · 主榜参考 293
RANK_SR_BCUR_2026_4143011535,4143011535,湖南工业大学,shanghairanking-bcur,ShanghaiRanking,软科中国大学排名,2026,293,293,,,293.0,293,293,,154.8,主榜,China-mainland,https://www.shanghairanking.cn/rankings/bcur/202610,,2026-09-13,True,软科官方公开 API；rankDisplay 保留榜单显示名次，referenceRank 使用官方 rankOverall/主榜参考位次；分类榜名次不冒充全国主榜名次。,2026软科 293
RANK_SR_BCUR_2026_4161011560,4161011560,西安财经大学,shanghairanking-bcur,ShanghaiRanking,软科中国大学排名,2026,33,财33,,,33.0,293,293,,,财经,China-mainland,https://www.shanghairanking.cn/rankings/bcur/202610,,2026-09-13,True,软科官方公开 API；rankDisplay 保留榜单显示名次，referenceRank 使用官方 rankOverall/主榜参考位次；分类榜名次不冒充全国主榜名次。,2026软科财经 财33 · 主榜参考 293
RANK_SR_BCUR_2026_4122010191,4122010191,吉林建筑大学,shanghairanking-bcur,ShanghaiRanking,软科中国大学排名,2026,294,294,,,294.0,294,294,,154.4,主榜,China-mainland,https://www.shanghairanking.cn/rankings/bcur/202610,,2026-09-13,True,软科官方公开 API；rankDisplay 保留榜单显示名次，referenceRank 使用官方 rankOverall/主榜参考位次；分类榜名次不冒充全国主榜名次。,2026软科 294
RANK_SR_BCUR_2026_4154010696,4154010696,西藏藏医药大学,shanghairanking-bcur,ShanghaiRanking,软科中国大学排名,2026,24,中医24,,,24.0,294,294,,,中医药,China-mainland,https://www.shanghairanking.cn/rankings/bcur/202610,,2026-09-13,True,软科官方公开 API；rankDisplay 保留榜单显示名次，referenceRank 使用官方 rankOverall/主榜参考位次；分类榜名次不冒充全国主榜名次。,2026软科中医药 中医24 · 主榜参考 294
RANK_SR_BCUR_2026_4164011407,4164011407,北方民族大学,shanghairanking-bcur,ShanghaiRanking,软科中国大学排名,2026,9,民9,,,9.0,295,295,,,民族,China-mainland,https://www.shanghairanking.cn/rankings/bcur/202610,,2026-09-13,True,软科官方公开 API；rankDisplay 保留榜单显示名次，referenceRank 使用官方 rankOverall/主榜参考位次；分类榜名次不冒充全国主榜名次。,2026软科民族 民9 · 主榜参考 295
RANK_SR_BCUR_2026_4145010603,4145010603,南宁师范大学,shanghairanking-bcur,ShanghaiRanking,软科中国大学排名,2026,295,295,,,295.0,295,295,,153.9,主榜,China-mainland,https://www.shanghairanking.cn/rankings/bcur/202610,,2026-09-13,True,软科官方公开 API；rankDisplay 保留榜单显示名次，referenceRank 使用官方 rankOverall/主榜参考位次；分类榜名次不冒充全国主榜名次。,2026软科 295
RANK_SR_BCUR_2026_4121010158,4121010158,大连海洋大学,shanghairanking-bcur,ShanghaiRanking,软科中国大学排名,2026,296,296,,,296.0,296,296,,153.6,主榜,China-mainland,https://www.shanghairanking.cn/rankings/bcur/202610,,2026-09-13,True,软科官方公开 API；rankDisplay 保留榜单显示名次，referenceRank 使用官方 rankOverall/主榜参考位次；分类榜名次不冒充全国主榜名次。,2026软科 296
RANK_SR_BCUR_2026_4144010566,4144010566,广东海洋大学,shanghairanking-bcur,ShanghaiRanking,软科中国大学排名,2026,298,298,,,298.0,298,298,,153,主榜,China-mainland,https://www.shanghairanking.cn/rankings/bcur/202610,,2026-09-13,True,软科官方公开 API；rankDisplay 保留榜单显示名次，referenceRank 使用官方 rankOverall/主榜参考位次；分类榜名次不冒充全国主榜名次。,2026软科 298
RANK_SR_BCUR_2026_4111011149,4111011149,中华女子学院,shanghairanking-bcur,ShanghaiRanking,软科中国大学排名,2026,14,语14,,,14.0,299,299,,,语言,China-mainland,https://www.shanghairanking.cn/rankings/bcur/202610,,2026-09-13,True,软科官方公开 API；rankDisplay 保留榜单显示名次，referenceRank 使用官方 rankOverall/主榜参考位次；分类榜名次不冒充全国主榜名次。,2026软科语言 语14 · 主榜参考 299
RANK_SR_BCUR_2026_4137010452,4137010452,临沂大学,shanghairanking-bcur,ShanghaiRanking,软科中国大学排名,2026,299,299,,,299.0,299,299,,152.8,主榜,China-mainland,https://www.shanghairanking.cn/rankings/bcur/202610,,2026-09-13,True,软科官方公开 API；rankDisplay 保留榜单显示名次，referenceRank 使用官方 rankOverall/主榜参考位次；分类榜名次不冒充全国主榜名次。,2026软科 299
RANK_SR_BCUR_2026_4153010691,4153010691,云南民族大学,shanghairanking-bcur,ShanghaiRanking,软科中国大学排名,2026,10,民10,,,10.0,299,299,,,民族,China-mainland,https://www.shanghairanking.cn/rankings/bcur/202610,,2026-09-13,True,软科官方公开 API；rankDisplay 保留榜单显示名次，referenceRank 使用官方 rankOverall/主榜参考位次；分类榜名次不冒充全国主榜名次。,2026软科民族 民10 · 主榜参考 299
RANK_SR_BCUR_2026_4123010240,4123010240,哈尔滨商业大学,shanghairanking-bcur,ShanghaiRanking,软科中国大学排名,2026,34,财34,,,34.0,299,299,,,财经,China-mainland,https://www.shanghairanking.cn/rankings/bcur/202610,,2026-09-13,True,软科官方公开 API；rankDisplay 保留榜单显示名次，referenceRank 使用官方 rankOverall/主榜参考位次；分类榜名次不冒充全国主榜名次。,2026软科财经 财34 · 主榜参考 299
RANK_SR_BCUR_2026_4115010139,4115010139,内蒙古财经大学,shanghairanking-bcur,ShanghaiRanking,软科中国大学排名,2026,35,财35,,,35.0,300,300,,,财经,China-mainland,https://www.shanghairanking.cn/rankings/bcur/202610,,2026-09-13,True,软科官方公开 API；rankDisplay 保留榜单显示名次，referenceRank 使用官方 rankOverall/主榜参考位次；分类榜名次不冒充全国主榜名次。,2026软科财经 财35 · 主榜参考 300
RANK_SR_BCUR_2026_4111010017,4111010017,北京石油化工学院,shanghairanking-bcur,ShanghaiRanking,软科中国大学排名,2026,300,300,,,300.0,300,300,,152.7,主榜,China-mainland,https://www.shanghairanking.cn/rankings/bcur/202610,,2026-09-13,True,软科官方公开 API；rankDisplay 保留榜单显示名次，referenceRank 使用官方 rankOverall/主榜参考位次；分类榜名次不冒充全国主榜名次。,2026软科 300
RANK_SR_BCUR_2026_4136010413,4136010413,赣南医科大学,shanghairanking-bcur,ShanghaiRanking,软科中国大学排名,2026,40,医40,,,40.0,300,300,,,医药,China-mainland,https://www.shanghairanking.cn/rankings/bcur/202610,,2026-09-13,True,软科官方公开 API；rankDisplay 保留榜单显示名次，referenceRank 使用官方 rankOverall/主榜参考位次；分类榜名次不冒充全国主榜名次。,2026软科医药 医40 · 主榜参考 300
RANK_SR_BCUR_2026_4162010735,4162010735,甘肃中医药大学,shanghairanking-bcur,ShanghaiRanking,软科中国大学排名,2026,25,中医25,,,25.0,301,301,,,中医药,China-mainland,https://www.shanghairanking.cn/rankings/bcur/202610,,2026-09-13,True,软科官方公开 API；rankDisplay 保留榜单显示名次，referenceRank 使用官方 rankOverall/主榜参考位次；分类榜名次不冒充全国主榜名次。,2026软科中医药 中医25 · 主榜参考 301
RANK_SR_BCUR_2026_4123010223,4123010223,黑龙江八一农垦大学,shanghairanking-bcur,ShanghaiRanking,软科中国大学排名,2026,301,301,,,301.0,301,301,,152.5,主榜,China-mainland,https://www.shanghairanking.cn/rankings/bcur/202610,,2026-09-13,True,软科官方公开 API；rankDisplay 保留榜单显示名次，referenceRank 使用官方 rankOverall/主榜参考位次；分类榜名次不冒充全国主榜名次。,2026软科 301
RANK_SR_BCUR_2026_4165010762,4165010762,新疆师范大学,shanghairanking-bcur,ShanghaiRanking,软科中国大学排名,2026,302,302,,,302.0,302,302,,152.4,主榜,China-mainland,https://www.shanghairanking.cn/rankings/bcur/202610,,2026-09-13,True,软科官方公开 API；rankDisplay 保留榜单显示名次，referenceRank 使用官方 rankOverall/主榜参考位次；分类榜名次不冒充全国主榜名次。,2026软科 302
RANK_SR_BCUR_2026_4121010176,4121010176,沈阳体育学院,shanghairanking-bcur,ShanghaiRanking,软科中国大学排名,2026,5,体5,,,5.0,302,302,,,体育,China-mainland,https://www.shanghairanking.cn/rankings/bcur/202610,,2026-09-13,True,软科官方公开 API；rankDisplay 保留榜单显示名次，referenceRank 使用官方 rankOverall/主榜参考位次；分类榜名次不冒充全国主榜名次。,2026软科体育 体5 · 主榜参考 302
RANK_SR_BCUR_2026_4153010677,4153010677,西南林业大学,shanghairanking-bcur,ShanghaiRanking,软科中国大学排名,2026,303,303,,,303.0,303,303,,152.3,主榜,China-mainland,https://www.shanghairanking.cn/rankings/bcur/202610,,2026-09-13,True,软科官方公开 API；rankDisplay 保留榜单显示名次，referenceRank 使用官方 rankOverall/主榜参考位次；分类榜名次不冒充全国主榜名次。,2026软科 303
RANK_SR_BCUR_2026_4121010146,4121010146,辽宁科技大学,shanghairanking-bcur,ShanghaiRanking,软科中国大学排名,2026,304,304,,,304.0,304,304,,152,主榜,China-mainland,https://www.shanghairanking.cn/rankings/bcur/202610,,2026-09-13,True,软科官方公开 API；rankDisplay 保留榜单显示名次，referenceRank 使用官方 rankOverall/主榜参考位次；分类榜名次不冒充全国主榜名次。,2026软科 304
RANK_SR_BCUR_2026_4137011688,4137011688,山东工商学院,shanghairanking-bcur,ShanghaiRanking,软科中国大学排名,2026,36,财36,,,36.0,305,305,,,财经,China-mainland,https://www.shanghairanking.cn/rankings/bcur/202610,,2026-09-13,True,软科官方公开 API；rankDisplay 保留榜单显示名次，referenceRank 使用官方 rankOverall/主榜参考位次；分类榜名次不冒充全国主榜名次。,2026软科财经 财36 · 主榜参考 305
RANK_SR_BCUR_2026_4165010758,4165010758,新疆农业大学,shanghairanking-bcur,ShanghaiRanking,软科中国大学排名,2026,305,305,,,305.0,305,305,,151.7,主榜,China-mainland,https://www.shanghairanking.cn/rankings/bcur/202610,,2026-09-13,True,软科官方公开 API；rankDisplay 保留榜单显示名次，referenceRank 使用官方 rankOverall/主榜参考位次；分类榜名次不冒充全国主榜名次。,2026软科 305
RANK_SR_BCUR_2026_4111011417,4111011417,北京联合大学,shanghairanking-bcur,ShanghaiRanking,软科中国大学排名,2026,306,306,,,306.0,306,306,,151.6,主榜,China-mainland,https://www.shanghairanking.cn/rankings/bcur/202610,,2026-09-13,True,软科官方公开 API；rankDisplay 保留榜单显示名次，referenceRank 使用官方 rankOverall/主榜参考位次；分类榜名次不冒充全国主榜名次。,2026软科 306
RANK_SR_BCUR_2026_4150010642,4150010642,重庆文理学院,shanghairanking-bcur,ShanghaiRanking,软科中国大学排名,2026,307,307,,,307.0,307,307,,151.4,主榜,China-mainland,https://www.shanghairanking.cn/rankings/bcur/202610,,2026-09-13,True,软科官方公开 API；rankDisplay 保留榜单显示名次，referenceRank 使用官方 rankOverall/主榜参考位次；分类榜名次不冒充全国主榜名次。,2026软科 307
RANK_SR_BCUR_2026_4122010201,4122010201,北华大学,shanghairanking-bcur,ShanghaiRanking,软科中国大学排名,2026,308,308,,,308.0,308,308,,150.7,主榜,China-mainland,https://www.shanghairanking.cn/rankings/bcur/202610,,2026-09-13,True,软科官方公开 API；rankDisplay 保留榜单显示名次，referenceRank 使用官方 rankOverall/主榜参考位次；分类榜名次不冒充全国主榜名次。,2026软科 308
RANK_SR_BCUR_2026_4135010402,4135010402,闽南师范大学,shanghairanking-bcur,ShanghaiRanking,软科中国大学排名,2026,309,309,,,309.0,309,309,,150.1,主榜,China-mainland,https://www.shanghairanking.cn/rankings/bcur/202610,,2026-09-13,True,软科官方公开 API；rankDisplay 保留榜单显示名次，referenceRank 使用官方 rankOverall/主榜参考位次；分类榜名次不冒充全国主榜名次。,2026软科 309
RANK_SR_BCUR_2026_4144011349,4144011349,五邑大学,shanghairanking-bcur,ShanghaiRanking,软科中国大学排名,2026,311,311,,,311.0,311,311,,149.2,主榜,China-mainland,https://www.shanghairanking.cn/rankings/bcur/202610,,2026-09-13,True,软科官方公开 API；rankDisplay 保留榜单显示名次，referenceRank 使用官方 rankOverall/主榜参考位次；分类榜名次不冒充全国主榜名次。,2026软科 311
RANK_SR_BCUR_2026_4133010876,4133010876,浙江万里学院,shanghairanking-bcur,ShanghaiRanking,软科中国大学排名,2026,312,312,,,312.0,312,312,,149.1,主榜,China-mainland,https://www.shanghairanking.cn/rankings/bcur/202610,,2026-09-13,True,软科官方公开 API；rankDisplay 保留榜单显示名次，referenceRank 使用官方 rankOverall/主榜参考位次；分类榜名次不冒充全国主榜名次。,2026软科 312
RANK_SR_BCUR_2026_4142010513,4142010513,湖北师范大学,shanghairanking-bcur,ShanghaiRanking,软科中国大学排名,2026,312,312,,,312.0,312,312,,149.1,主榜,China-mainland,https://www.shanghairanking.cn/rankings/bcur/202610,,2026-09-13,True,软科官方公开 API；rankDisplay 保留榜单显示名次，referenceRank 使用官方 rankOverall/主榜参考位次；分类榜名次不冒充全国主榜名次。,2026软科 312
RANK_SR_BCUR_2026_4162011406,4162011406,甘肃政法大学,shanghairanking-bcur,ShanghaiRanking,软科中国大学排名,2026,14,政14,,,14.0,312,312,,,政法,China-mainland,https://www.shanghairanking.cn/rankings/bcur/202610,,2026-09-13,True,软科官方公开 API；rankDisplay 保留榜单显示名次，referenceRank 使用官方 rankOverall/主榜参考位次；分类榜名次不冒充全国主榜名次。,2026软科政法 政14 · 主榜参考 312
RANK_SR_BCUR_2026_4163010748,4163010748,青海民族大学,shanghairanking-bcur,ShanghaiRanking,软科中国大学排名,2026,11,民11,,,11.0,312,312,,,民族,China-mainland,https://www.shanghairanking.cn/rankings/bcur/202610,,2026-09-13,True,软科官方公开 API；rankDisplay 保留榜单显示名次，referenceRank 使用官方 rankOverall/主榜参考位次；分类榜名次不冒充全国主榜名次。,2026软科民族 民11 · 主榜参考 312
RANK_SR_BCUR_2026_4115010127,4115010127,内蒙古科技大学,shanghairanking-bcur,ShanghaiRanking,软科中国大学排名,2026,314,314,,,314.0,314,314,,149,主榜,China-mainland,https://www.shanghairanking.cn/rankings/bcur/202610,,2026-09-13,True,软科官方公开 API；rankDisplay 保留榜单显示名次，referenceRank 使用官方 rankOverall/主榜参考位次；分类榜名次不冒充全国主榜名次。,2026软科 314
RANK_SR_BCUR_2026_4144010588,4144010588,广东技术师范大学,shanghairanking-bcur,ShanghaiRanking,软科中国大学排名,2026,314,314,,,314.0,314,314,,149,主榜,China-mainland,https://www.shanghairanking.cn/rankings/bcur/202610,,2026-09-13,True,软科官方公开 API；rankDisplay 保留榜单显示名次，referenceRank 使用官方 rankOverall/主榜参考位次；分类榜名次不冒充全国主榜名次。,2026软科 314
RANK_SR_BCUR_2026_4134011059,4134011059,合肥大学,shanghairanking-bcur,ShanghaiRanking,软科中国大学排名,2026,316,316,,,316.0,316,316,,147.9,主榜,China-mainland,https://www.shanghairanking.cn/rankings/bcur/202610,,2026-09-13,True,软科官方公开 API；rankDisplay 保留榜单显示名次，referenceRank 使用官方 rankOverall/主榜参考位次；分类榜名次不冒充全国主榜名次。,2026软科 316
RANK_SR_BCUR_2026_4113010093,4113010093,承德医学院,shanghairanking-bcur,ShanghaiRanking,软科中国大学排名,2026,42,医42,,,42.0,316,316,,,医药,China-mainland,https://www.shanghairanking.cn/rankings/bcur/202610,,2026-09-13,True,软科官方公开 API；rankDisplay 保留榜单显示名次，referenceRank 使用官方 rankOverall/主榜参考位次；分类榜名次不冒充全国主榜名次。,2026软科医药 医42 · 主榜参考 316
RANK_SR_BCUR_2026_4112010792,4112010792,天津城建大学,shanghairanking-bcur,ShanghaiRanking,软科中国大学排名,2026,318,318,,,318.0,318,318,,147.2,主榜,China-mainland,https://www.shanghairanking.cn/rankings/bcur/202610,,2026-09-13,True,软科官方公开 API；rankDisplay 保留榜单显示名次，referenceRank 使用官方 rankOverall/主榜参考位次；分类榜名次不冒充全国主榜名次。,2026软科 318
RANK_SR_BCUR_2026_4132013982,4132013982,无锡学院,shanghairanking-bcur,ShanghaiRanking,软科中国大学排名,2026,319,319,,,319.0,319,319,,147.1,主榜,China-mainland,https://www.shanghairanking.cn/rankings/bcur/202610,,2026-09-13,True,软科官方公开 API；rankDisplay 保留榜单显示名次，referenceRank 使用官方 rankOverall/主榜参考位次；分类榜名次不冒充全国主榜名次。,2026软科 319
RANK_SR_BCUR_2026_4141010465,4141010465,中原工学院,shanghairanking-bcur,ShanghaiRanking,软科中国大学排名,2026,320,320,,,320.0,320,320,,146.9,主榜,China-mainland,https://www.shanghairanking.cn/rankings/bcur/202610,,2026-09-13,True,软科官方公开 API；rankDisplay 保留榜单显示名次，referenceRank 使用官方 rankOverall/主榜参考位次；分类榜名次不冒充全国主榜名次。,2026软科 320
RANK_SR_BCUR_2026_4136010408,4136010408,景德镇陶瓷大学,shanghairanking-bcur,ShanghaiRanking,软科中国大学排名,2026,321,321,,,321.0,321,321,,146.7,主榜,China-mainland,https://www.shanghairanking.cn/rankings/bcur/202610,,2026-09-13,True,软科官方公开 API；rankDisplay 保留榜单显示名次，referenceRank 使用官方 rankOverall/主榜参考位次；分类榜名次不冒充全国主榜名次。,2026软科 321
RANK_SR_BCUR_2026_4137010443,4137010443,济宁医学院,shanghairanking-bcur,ShanghaiRanking,软科中国大学排名,2026,43,医43,,,43.0,321,321,,,医药,China-mainland,https://www.shanghairanking.cn/rankings/bcur/202610,,2026-09-13,True,软科官方公开 API；rankDisplay 保留榜单显示名次，referenceRank 使用官方 rankOverall/主榜参考位次；分类榜名次不冒充全国主榜名次。,2026软科医药 医43 · 主榜参考 321
RANK_SR_BCUR_2026_4122010203,4122010203,吉林师范大学,shanghairanking-bcur,ShanghaiRanking,软科中国大学排名,2026,322,322,,,322.0,322,322,,146.4,主榜,China-mainland,https://www.shanghairanking.cn/rankings/bcur/202610,,2026-09-13,True,软科官方公开 API；rankDisplay 保留榜单显示名次，referenceRank 使用官方 rankOverall/主榜参考位次；分类榜名次不冒充全国主榜名次。,2026软科 322
RANK_SR_BCUR_2026_4143010531,4143010531,吉首大学,shanghairanking-bcur,ShanghaiRanking,软科中国大学排名,2026,323,323,,,323.0,323,323,,146.3,主榜,China-mainland,https://www.shanghairanking.cn/rankings/bcur/202610,,2026-09-13,True,软科官方公开 API；rankDisplay 保留榜单显示名次，referenceRank 使用官方 rankOverall/主榜参考位次；分类榜名次不冒充全国主榜名次。,2026软科 323
RANK_SR_BCUR_2026_4132010330,4132010330,南京体育学院,shanghairanking-bcur,ShanghaiRanking,软科中国大学排名,2026,6,体6,,,6.0,324,324,,,体育,China-mainland,https://www.shanghairanking.cn/rankings/bcur/202610,,2026-09-13,True,软科官方公开 API；rankDisplay 保留榜单显示名次，referenceRank 使用官方 rankOverall/主榜参考位次；分类榜名次不冒充全国主榜名次。,2026软科体育 体6 · 主榜参考 324
RANK_SR_BCUR_2026_4136011318,4136011318,江西科技师范大学,shanghairanking-bcur,ShanghaiRanking,软科中国大学排名,2026,324,324,,,324.0,324,324,,145.7,主榜,China-mainland,https://www.shanghairanking.cn/rankings/bcur/202610,,2026-09-13,True,软科官方公开 API；rankDisplay 保留榜单显示名次，referenceRank 使用官方 rankOverall/主榜参考位次；分类榜名次不冒充全国主榜名次。,2026软科 324
RANK_SR_BCUR_2026_4112010071,4112010071,天津体育学院,shanghairanking-bcur,ShanghaiRanking,软科中国大学排名,2026,7,体7,,,7.0,325,325,,,体育,China-mainland,https://www.shanghairanking.cn/rankings/bcur/202610,,2026-09-13,True,软科官方公开 API；rankDisplay 保留榜单显示名次，referenceRank 使用官方 rankOverall/主榜参考位次；分类榜名次不冒充全国主榜名次。,2026软科体育 体7 · 主榜参考 325
RANK_SR_BCUR_2026_4132011641,4132011641,江苏海洋大学,shanghairanking-bcur,ShanghaiRanking,软科中国大学排名,2026,325,325,,,325.0,325,325,,145.6,主榜,China-mainland,https://www.shanghairanking.cn/rankings/bcur/202610,,2026-09-13,True,软科官方公开 API；rankDisplay 保留榜单显示名次，referenceRank 使用官方 rankOverall/主榜参考位次；分类榜名次不冒充全国主榜名次。,2026软科 325
RANK_SR_BCUR_2026_4151010622,4151010622,四川轻化工大学,shanghairanking-bcur,ShanghaiRanking,软科中国大学排名,2026,326,326,,,326.0,326,326,,145.3,主榜,China-mainland,https://www.shanghairanking.cn/rankings/bcur/202610,,2026-09-13,True,软科官方公开 API；rankDisplay 保留榜单显示名次，referenceRank 使用官方 rankOverall/主榜参考位次；分类榜名次不冒充全国主榜名次。,2026软科 326
RANK_SR_BCUR_2026_4131012044,4131012044,上海第二工业大学,shanghairanking-bcur,ShanghaiRanking,软科中国大学排名,2026,327,327,,,327.0,327,327,,145.2,主榜,China-mainland,https://www.shanghairanking.cn/rankings/bcur/202610,,2026-09-13,True,软科官方公开 API；rankDisplay 保留榜单显示名次，referenceRank 使用官方 rankOverall/主榜参考位次；分类榜名次不冒充全国主榜名次。,2026软科 327
RANK_SR_BCUR_2026_4143011077,4143011077,长沙学院,shanghairanking-bcur,ShanghaiRanking,软科中国大学排名,2026,328,328,,,328.0,328,328,,145,主榜,China-mainland,https://www.shanghairanking.cn/rankings/bcur/202610,,2026-09-13,True,软科官方公开 API；rankDisplay 保留榜单显示名次，referenceRank 使用官方 rankOverall/主榜参考位次；分类榜名次不冒充全国主榜名次。,2026软科 328
RANK_SR_BCUR_2026_4145010594,4145010594,广西科技大学,shanghairanking-bcur,ShanghaiRanking,软科中国大学排名,2026,329,329,,,329.0,329,329,,144.7,主榜,China-mainland,https://www.shanghairanking.cn/rankings/bcur/202610,,2026-09-13,True,软科官方公开 API；rankDisplay 保留榜单显示名次，referenceRank 使用官方 rankOverall/主榜参考位次；分类榜名次不冒充全国主榜名次。,2026软科 329
RANK_SR_BCUR_2026_4151010653,4151010653,成都体育学院,shanghairanking-bcur,ShanghaiRanking,软科中国大学排名,2026,8,体8,,,8.0,330,330,,,体育,China-mainland,https://www.shanghairanking.cn/rankings/bcur/202610,,2026-09-13,True,软科官方公开 API；rankDisplay 保留榜单显示名次，referenceRank 使用官方 rankOverall/主榜参考位次；分类榜名次不冒充全国主榜名次。,2026软科体育 体8 · 主榜参考 330
RANK_SR_BCUR_2026_4134010373,4134010373,淮北师范大学,shanghairanking-bcur,ShanghaiRanking,软科中国大学排名,2026,330,330,,,330.0,330,330,,144.6,主榜,China-mainland,https://www.shanghairanking.cn/rankings/bcur/202610,,2026-09-13,True,软科官方公开 API；rankDisplay 保留榜单显示名次，referenceRank 使用官方 rankOverall/主榜参考位次；分类榜名次不冒充全国主榜名次。,2026软科 330
RANK_SR_BCUR_2026_4132010323,4132010323,淮阴师范学院,shanghairanking-bcur,ShanghaiRanking,软科中国大学排名,2026,331,331,,,331.0,331,331,,144.3,主榜,China-mainland,https://www.shanghairanking.cn/rankings/bcur/202610,,2026-09-13,True,软科官方公开 API；rankDisplay 保留榜单显示名次，referenceRank 使用官方 rankOverall/主榜参考位次；分类榜名次不冒充全国主榜名次。,2026软科 331
RANK_SR_BCUR_2026_4131011458,4131011458,上海电机学院,shanghairanking-bcur,ShanghaiRanking,软科中国大学排名,2026,332,332,,,332.0,332,332,,144,主榜,China-mainland,https://www.shanghairanking.cn/rankings/bcur/202610,,2026-09-13,True,软科官方公开 API；rankDisplay 保留榜单显示名次，referenceRank 使用官方 rankOverall/主榜参考位次；分类榜名次不冒充全国主榜名次。,2026软科 332
RANK_SR_BCUR_2026_4132011460,4132011460,南京晓庄学院,shanghairanking-bcur,ShanghaiRanking,软科中国大学排名,2026,333,333,,,333.0,333,333,,143.6,主榜,China-mainland,https://www.shanghairanking.cn/rankings/bcur/202610,,2026-09-13,True,软科官方公开 API；rankDisplay 保留榜单显示名次，referenceRank 使用官方 rankOverall/主榜参考位次；分类榜名次不冒充全国主榜名次。,2026软科 333
RANK_SR_BCUR_2026_4132010305,4132010305,盐城工学院,shanghairanking-bcur,ShanghaiRanking,软科中国大学排名,2026,334,334,,,334.0,334,334,,143.5,主榜,China-mainland,https://www.shanghairanking.cn/rankings/bcur/202610,,2026-09-13,True,软科官方公开 API；rankDisplay 保留榜单显示名次，referenceRank 使用官方 rankOverall/主榜参考位次；分类榜名次不冒充全国主榜名次。,2026软科 334
RANK_SR_BCUR_2026_4152014223,4152014223,贵州师范学院,shanghairanking-bcur,ShanghaiRanking,软科中国大学排名,2026,335,335,,,335.0,335,335,,143,主榜,China-mainland,https://www.shanghairanking.cn/rankings/bcur/202610,,2026-09-13,True,软科官方公开 API；rankDisplay 保留榜单显示名次，referenceRank 使用官方 rankOverall/主榜参考位次；分类榜名次不冒充全国主榜名次。,2026软科 335
RANK_SR_BCUR_2026_4132011055,4132011055,常州工学院,shanghairanking-bcur,ShanghaiRanking,软科中国大学排名,2026,336,336,,,336.0,336,336,,142,主榜,China-mainland,https://www.shanghairanking.cn/rankings/bcur/202610,,2026-09-13,True,软科官方公开 API；rankDisplay 保留榜单显示名次，referenceRank 使用官方 rankOverall/主榜参考位次；分类榜名次不冒充全国主榜名次。,2026软科 336
RANK_SR_BCUR_2026_4165010766,4165010766,新疆财经大学,shanghairanking-bcur,ShanghaiRanking,软科中国大学排名,2026,37,财37,,,37.0,336,336,,,财经,China-mainland,https://www.shanghairanking.cn/rankings/bcur/202610,,2026-09-13,True,软科官方公开 API；rankDisplay 保留榜单显示名次，referenceRank 使用官方 rankOverall/主榜参考位次；分类榜名次不冒充全国主榜名次。,2026软科财经 财37 · 主榜参考 336
RANK_SR_BCUR_2026_4131010262,4131010262,上海健康医学院,shanghairanking-bcur,ShanghaiRanking,软科中国大学排名,2026,44,医44,,,44.0,337,337,,,医药,China-mainland,https://www.shanghairanking.cn/rankings/bcur/202610,,2026-09-13,True,软科官方公开 API；rankDisplay 保留榜单显示名次，referenceRank 使用官方 rankOverall/主榜参考位次；分类榜名次不冒充全国主榜名次。,2026软科医药 医44 · 主榜参考 337
RANK_SR_BCUR_2026_4141010477,4141010477,信阳师范大学,shanghairanking-bcur,ShanghaiRanking,软科中国大学排名,2026,337,337,,,337.0,337,337,,141.5,主榜,China-mainland,https://www.shanghairanking.cn/rankings/bcur/202610,,2026-09-13,True,软科官方公开 API；rankDisplay 保留榜单显示名次，referenceRank 使用官方 rankOverall/主榜参考位次；分类榜名次不冒充全国主榜名次。,2026软科 337
RANK_SR_BCUR_2026_4137010457,4137010457,山东体育学院,shanghairanking-bcur,ShanghaiRanking,软科中国大学排名,2026,9,体9,,,9.0,337,337,,,体育,China-mainland,https://www.shanghairanking.cn/rankings/bcur/202610,,2026-09-13,True,软科官方公开 API；rankDisplay 保留榜单显示名次，referenceRank 使用官方 rankOverall/主榜参考位次；分类榜名次不冒充全国主榜名次。,2026软科体育 体9 · 主榜参考 337
RANK_SR_BCUR_2026_4122010205,4122010205,长春师范大学,shanghairanking-bcur,ShanghaiRanking,软科中国大学排名,2026,337,337,,,337.0,337,337,,141.5,主榜,China-mainland,https://www.shanghairanking.cn/rankings/bcur/202610,,2026-09-13,True,软科官方公开 API；rankDisplay 保留榜单显示名次，referenceRank 使用官方 rankOverall/主榜参考位次；分类榜名次不冒充全国主榜名次。,2026软科 337
RANK_SR_BCUR_2026_4113011903,4113011903,中央司法警官学院,shanghairanking-bcur,ShanghaiRanking,软科中国大学排名,2026,15,政15,,,15.0,338,338,,,政法,China-mainland,https://www.shanghairanking.cn/rankings/bcur/202610,,2026-09-13,True,软科官方公开 API；rankDisplay 保留榜单显示名次，referenceRank 使用官方 rankOverall/主榜参考位次；分类榜名次不冒充全国主榜名次。,2026软科政法 政15 · 主榜参考 338
RANK_SR_BCUR_2026_4115010136,4115010136,内蒙古民族大学,shanghairanking-bcur,ShanghaiRanking,软科中国大学排名,2026,12,民12,,,12.0,340,340,,,民族,China-mainland,https://www.shanghairanking.cn/rankings/bcur/202610,,2026-09-13,True,软科官方公开 API；rankDisplay 保留榜单显示名次，referenceRank 使用官方 rankOverall/主榜参考位次；分类榜名次不冒充全国主榜名次。,2026软科民族 民12 · 主榜参考 340
RANK_SR_BCUR_2026_4134010372,4134010372,安庆师范大学,shanghairanking-bcur,ShanghaiRanking,软科中国大学排名,2026,340,340,,,340.0,340,340,,141.2,主榜,China-mainland,https://www.shanghairanking.cn/rankings/bcur/202610,,2026-09-13,True,软科官方公开 API；rankDisplay 保留榜单显示名次，referenceRank 使用官方 rankOverall/主榜参考位次；分类榜名次不冒充全国主榜名次。,2026软科 340
RANK_SR_BCUR_2026_4150012757,4150012757,重庆警察学院,shanghairanking-bcur,ShanghaiRanking,软科中国大学排名,2026,16,政16,,,16.0,340,340,,,政法,China-mainland,https://www.shanghairanking.cn/rankings/bcur/202610,,2026-09-13,True,软科官方公开 API；rankDisplay 保留榜单显示名次，referenceRank 使用官方 rankOverall/主榜参考位次；分类榜名次不冒充全国主榜名次。,2026软科政法 政16 · 主榜参考 340
RANK_SR_BCUR_2026_4142010525,4142010525,湖北汽车工业学院,shanghairanking-bcur,ShanghaiRanking,软科中国大学排名,2026,341,341,,,341.0,341,341,,141,主榜,China-mainland,https://www.shanghairanking.cn/rankings/bcur/202610,,2026-09-13,True,软科官方公开 API；rankDisplay 保留榜单显示名次，referenceRank 使用官方 rankOverall/主榜参考位次；分类榜名次不冒充全国主榜名次。,2026软科 341
RANK_SR_BCUR_2026_4161010720,4161010720,陕西理工大学,shanghairanking-bcur,ShanghaiRanking,软科中国大学排名,2026,342,342,,,342.0,342,342,,140.7,主榜,China-mainland,https://www.shanghairanking.cn/rankings/bcur/202610,,2026-09-13,True,软科官方公开 API；rankDisplay 保留榜单显示名次，referenceRank 使用官方 rankOverall/主榜参考位次；分类榜名次不冒充全国主榜名次。,2026软科 342
RANK_SR_BCUR_2026_4165010757,4165010757,塔里木大学,shanghairanking-bcur,ShanghaiRanking,软科中国大学排名,2026,343,343,,,343.0,343,343,,140.5,主榜,China-mainland,https://www.shanghairanking.cn/rankings/bcur/202610,,2026-09-13,True,软科官方公开 API；rankDisplay 保留榜单显示名次，referenceRank 使用官方 rankOverall/主榜参考位次；分类榜名次不冒充全国主榜名次。,2026软科 343
RANK_SR_BCUR_2026_4112010066,4112010066,天津职业技术师范大学,shanghairanking-bcur,ShanghaiRanking,软科中国大学排名,2026,343,343,,,343.0,343,343,,140.5,主榜,China-mainland,https://www.shanghairanking.cn/rankings/bcur/202610,,2026-09-13,True,软科官方公开 API；rankDisplay 保留榜单显示名次，referenceRank 使用官方 rankOverall/主榜参考位次；分类榜名次不冒充全国主榜名次。,2026软科 343
RANK_SR_BCUR_2026_4121011432,4121011432,辽宁警察学院,shanghairanking-bcur,ShanghaiRanking,软科中国大学排名,2026,17,政17,,,17.0,344,344,,,政法,China-mainland,https://www.shanghairanking.cn/rankings/bcur/202610,,2026-09-13,True,软科官方公开 API；rankDisplay 保留榜单显示名次，referenceRank 使用官方 rankOverall/主榜参考位次；分类榜名次不冒充全国主榜名次。,2026软科政法 政17 · 主榜参考 344
RANK_SR_BCUR_2026_4162010741,4162010741,兰州财经大学,shanghairanking-bcur,ShanghaiRanking,软科中国大学排名,2026,38,财38,,,38.0,345,345,,,财经,China-mainland,https://www.shanghairanking.cn/rankings/bcur/202610,,2026-09-13,True,软科官方公开 API；rankDisplay 保留榜单显示名次，referenceRank 使用官方 rankOverall/主榜参考位次；分类榜名次不冒充全国主榜名次。,2026软科财经 财38 · 主榜参考 345
RANK_SR_BCUR_2026_4142010517,4142010517,湖北民族大学,shanghairanking-bcur,ShanghaiRanking,软科中国大学排名,2026,13,民13,,,13.0,345,345,,,民族,China-mainland,https://www.shanghairanking.cn/rankings/bcur/202610,,2026-09-13,True,软科官方公开 API；rankDisplay 保留榜单显示名次，referenceRank 使用官方 rankOverall/主榜参考位次；分类榜名次不冒充全国主榜名次。,2026软科民族 民13 · 主榜参考 345
RANK_SR_BCUR_2026_4150010647,4150010647,长江师范学院,shanghairanking-bcur,ShanghaiRanking,软科中国大学排名,2026,345,345,,,345.0,345,345,,140.3,主榜,China-mainland,https://www.shanghairanking.cn/rankings/bcur/202610,,2026-09-13,True,软科官方公开 API；rankDisplay 保留榜单显示名次，referenceRank 使用官方 rankOverall/主榜参考位次；分类榜名次不冒充全国主榜名次。,2026软科 345
RANK_SR_BCUR_2026_4143012034,4143012034,湖南第一师范学院,shanghairanking-bcur,ShanghaiRanking,软科中国大学排名,2026,346,346,,,346.0,346,346,,140,主榜,China-mainland,https://www.shanghairanking.cn/rankings/bcur/202610,,2026-09-13,True,软科官方公开 API；rankDisplay 保留榜单显示名次，referenceRank 使用官方 rankOverall/主榜参考位次；分类榜名次不冒充全国主榜名次。,2026软科 346
RANK_SR_BCUR_2026_4131012050,4131012050,上海商学院,shanghairanking-bcur,ShanghaiRanking,软科中国大学排名,2026,39,财39,,,39.0,347,347,,,财经,China-mainland,https://www.shanghairanking.cn/rankings/bcur/202610,,2026-09-13,True,软科官方公开 API；rankDisplay 保留榜单显示名次，referenceRank 使用官方 rankOverall/主榜参考位次；分类榜名次不冒充全国主榜名次。,2026软科财经 财39 · 主榜参考 347
RANK_SR_BCUR_2026_4111014019,4111014019,北京警察学院,shanghairanking-bcur,ShanghaiRanking,软科中国大学排名,2026,18,政18,,,18.0,347,347,,,政法,China-mainland,https://www.shanghairanking.cn/rankings/bcur/202610,,2026-09-13,True,软科官方公开 API；rankDisplay 保留榜单显示名次，referenceRank 使用官方 rankOverall/主榜参考位次；分类榜名次不冒充全国主榜名次。,2026软科政法 政18 · 主榜参考 347
RANK_SR_BCUR_2026_4132011463,4132011463,江苏理工学院,shanghairanking-bcur,ShanghaiRanking,软科中国大学排名,2026,347,347,,,347.0,347,347,,139.9,主榜,China-mainland,https://www.shanghairanking.cn/rankings/bcur/202610,,2026-09-13,True,软科官方公开 API；rankDisplay 保留榜单显示名次，referenceRank 使用官方 rankOverall/主榜参考位次；分类榜名次不冒充全国主榜名次。,2026软科 347
RANK_SR_BCUR_2026_4136011319,4136011319,江西水利电力大学,shanghairanking-bcur,ShanghaiRanking,软科中国大学排名,2026,348,348,,,348.0,348,348,,139.7,主榜,China-mainland,https://www.shanghairanking.cn/rankings/bcur/202610,,2026-09-13,True,软科官方公开 API；rankDisplay 保留榜单显示名次，referenceRank 使用官方 rankOverall/主榜参考位次；分类榜名次不冒充全国主榜名次。,2026软科 348
RANK_SR_BCUR_2026_4122011437,4122011437,长春工程学院,shanghairanking-bcur,ShanghaiRanking,软科中国大学排名,2026,349,349,,,349.0,349,349,,139.6,主榜,China-mainland,https://www.shanghairanking.cn/rankings/bcur/202610,,2026-09-13,True,软科官方公开 API；rankDisplay 保留榜单显示名次，referenceRank 使用官方 rankOverall/主榜参考位次；分类榜名次不冒充全国主榜名次。,2026软科 349
RANK_SR_BCUR_2026_4132010324,4132010324,盐城师范学院,shanghairanking-bcur,ShanghaiRanking,软科中国大学排名,2026,350,350,,,350.0,350,350,,139.4,主榜,China-mainland,https://www.shanghairanking.cn/rankings/bcur/202610,,2026-09-13,True,软科官方公开 API；rankDisplay 保留榜单显示名次，referenceRank 使用官方 rankOverall/主榜参考位次；分类榜名次不冒充全国主榜名次。,2026软科 350
RANK_SR_BCUR_2026_4136010419,4136010419,井冈山大学,shanghairanking-bcur,ShanghaiRanking,软科中国大学排名,2026,351,351,,,351.0,351,351,,138.9,主榜,China-mainland,https://www.shanghairanking.cn/rankings/bcur/202610,,2026-09-13,True,软科官方公开 API；rankDisplay 保留榜单显示名次，referenceRank 使用官方 rankOverall/主榜参考位次；分类榜名次不冒充全国主榜名次。,2026软科 351
RANK_SR_BCUR_2026_4144011540,4144011540,广东金融学院,shanghairanking-bcur,ShanghaiRanking,软科中国大学排名,2026,40,财40,,,40.0,351,351,,,财经,China-mainland,https://www.shanghairanking.cn/rankings/bcur/202610,,2026-09-13,True,软科官方公开 API；rankDisplay 保留榜单显示名次，referenceRank 使用官方 rankOverall/主榜参考位次；分类榜名次不冒充全国主榜名次。,2026软科财经 财40 · 主榜参考 351
RANK_SR_BCUR_2026_4132013573,4132013573,金陵科技学院,shanghairanking-bcur,ShanghaiRanking,软科中国大学排名,2026,351,351,,,351.0,351,351,,138.9,主榜,China-mainland,https://www.shanghairanking.cn/rankings/bcur/202610,,2026-09-13,True,软科官方公开 API；rankDisplay 保留榜单显示名次，referenceRank 使用官方 rankOverall/主榜参考位次；分类榜名次不冒充全国主榜名次。,2026软科 351
RANK_SR_BCUR_2026_4144011110,4144011110,广东警官学院,shanghairanking-bcur,ShanghaiRanking,软科中国大学排名,2026,19,政19,,,19.0,352,352,,,政法,China-mainland,https://www.shanghairanking.cn/rankings/bcur/202610,,2026-09-13,True,软科官方公开 API；rankDisplay 保留榜单显示名次，referenceRank 使用官方 rankOverall/主榜参考位次；分类榜名次不冒充全国主榜名次。,2026软科政法 政19 · 主榜参考 352
RANK_SR_BCUR_2026_4144011347,4144011347,仲恺农业工程学院,shanghairanking-bcur,ShanghaiRanking,软科中国大学排名,2026,353,353,,,353.0,353,353,,138.8,主榜,China-mainland,https://www.shanghairanking.cn/rankings/bcur/202610,,2026-09-13,True,软科官方公开 API；rankDisplay 保留榜单显示名次，referenceRank 使用官方 rankOverall/主榜参考位次；分类榜名次不冒充全国主榜名次。,2026软科 353
RANK_SR_BCUR_2026_4112010061,4112010061,天津农学院,shanghairanking-bcur,ShanghaiRanking,软科中国大学排名,2026,353,353,,,353.0,353,353,,138.8,主榜,China-mainland,https://www.shanghairanking.cn/rankings/bcur/202610,,2026-09-13,True,软科官方公开 API；rankDisplay 保留榜单显示名次，referenceRank 使用官方 rankOverall/主榜参考位次；分类榜名次不冒充全国主榜名次。,2026软科 353
RANK_SR_BCUR_2026_4133013023,4133013023,杭州医学院,shanghairanking-bcur,ShanghaiRanking,软科中国大学排名,2026,45,医45,,,45.0,355,355,,,医药,China-mainland,https://www.shanghairanking.cn/rankings/bcur/202610,,2026-09-13,True,软科官方公开 API；rankDisplay 保留榜单显示名次，referenceRank 使用官方 rankOverall/主榜参考位次；分类榜名次不冒充全国主榜名次。,2026软科医药 医45 · 主榜参考 355
RANK_SR_BCUR_2026_4152010665,4152010665,铜仁学院,shanghairanking-bcur,ShanghaiRanking,软科中国大学排名,2026,355,355,,,355.0,355,355,,138.4,主榜,China-mainland,https://www.shanghairanking.cn/rankings/bcur/202610,,2026-09-13,True,软科官方公开 API；rankDisplay 保留榜单显示名次，referenceRank 使用官方 rankOverall/主榜参考位次；分类榜名次不冒充全国主榜名次。,2026软科 355
RANK_SR_BCUR_2026_4137011510,4137011510,山东交通学院,shanghairanking-bcur,ShanghaiRanking,软科中国大学排名,2026,356,356,,,356.0,356,356,,137.8,主榜,China-mainland,https://www.shanghairanking.cn/rankings/bcur/202610,,2026-09-13,True,软科官方公开 API；rankDisplay 保留榜单显示名次，referenceRank 使用官方 rankOverall/主榜参考位次；分类榜名次不冒充全国主榜名次。,2026软科 356
RANK_SR_BCUR_2026_4135010399,4135010399,泉州师范学院,shanghairanking-bcur,ShanghaiRanking,软科中国大学排名,2026,357,357,,,357.0,357,357,,137.7,主榜,China-mainland,https://www.shanghairanking.cn/rankings/bcur/202610,,2026-09-13,True,软科官方公开 API；rankDisplay 保留榜单显示名次，referenceRank 使用官方 rankOverall/主榜参考位次；分类榜名次不冒充全国主榜名次。,2026软科 357
RANK_SR_BCUR_2026_4142010514,4142010514,黄冈师范学院,shanghairanking-bcur,ShanghaiRanking,软科中国大学排名,2026,357,357,,,357.0,357,357,,137.7,主榜,China-mainland,https://www.shanghairanking.cn/rankings/bcur/202610,,2026-09-13,True,软科官方公开 API；rankDisplay 保留榜单显示名次，referenceRank 使用官方 rankOverall/主榜参考位次；分类榜名次不冒充全国主榜名次。,2026软科 357
RANK_SR_BCUR_2026_4141010467,4141010467,河南科技学院,shanghairanking-bcur,ShanghaiRanking,软科中国大学排名,2026,359,359,,,359.0,359,359,,137.2,主榜,China-mainland,https://www.shanghairanking.cn/rankings/bcur/202610,,2026-09-13,True,软科官方公开 API；rankDisplay 保留榜单显示名次，referenceRank 使用官方 rankOverall/主榜参考位次；分类榜名次不冒充全国主榜名次。,2026软科 359
RANK_SR_BCUR_2026_4133013289,4133013289,温州理工学院,shanghairanking-bcur,ShanghaiRanking,软科中国大学排名,2026,360,360,,,360.0,360,360,,136.9,主榜,China-mainland,https://www.shanghairanking.cn/rankings/bcur/202610,,2026-09-13,True,软科官方公开 API；rankDisplay 保留榜单显示名次，referenceRank 使用官方 rankOverall/主榜参考位次；分类榜名次不冒充全国主榜名次。,2026软科 360
RANK_SR_BCUR_2026_4161011840,4161011840,西安医学院,shanghairanking-bcur,ShanghaiRanking,软科中国大学排名,2026,46,医46,,,46.0,360,360,,,医药,China-mainland,https://www.shanghairanking.cn/rankings/bcur/202610,,2026-09-13,True,软科官方公开 API；rankDisplay 保留榜单显示名次，referenceRank 使用官方 rankOverall/主榜参考位次；分类榜名次不冒充全国主榜名次。,2026软科医药 医46 · 主榜参考 360
RANK_SR_BCUR_2026_4141010482,4141010482,洛阳师范学院,shanghairanking-bcur,ShanghaiRanking,软科中国大学排名,2026,361,361,,,361.0,361,361,,136.5,主榜,China-mainland,https://www.shanghairanking.cn/rankings/bcur/202610,,2026-09-13,True,软科官方公开 API；rankDisplay 保留榜单显示名次，referenceRank 使用官方 rankOverall/主榜参考位次；分类榜名次不冒充全国主榜名次。,2026软科 361
RANK_SR_BCUR_2026_4132011998,4132011998,徐州工程学院,shanghairanking-bcur,ShanghaiRanking,软科中国大学排名,2026,363,363,,,363.0,363,363,,136.3,主榜,China-mainland,https://www.shanghairanking.cn/rankings/bcur/202610,,2026-09-13,True,软科官方公开 API；rankDisplay 保留榜单显示名次，referenceRank 使用官方 rankOverall/主榜参考位次；分类榜名次不冒充全国主榜名次。,2026软科 363
RANK_SR_BCUR_2026_4142014099,4142014099,湖北第二师范学院,shanghairanking-bcur,ShanghaiRanking,软科中国大学排名,2026,364,364,,,364.0,364,364,,136,主榜,China-mainland,https://www.shanghairanking.cn/rankings/bcur/202610,,2026-09-13,True,软科官方公开 API；rankDisplay 保留榜单显示名次，referenceRank 使用官方 rankOverall/主榜参考位次；分类榜名次不冒充全国主榜名次。,2026软科 364
RANK_SR_BCUR_2026_4151010624,4151010624,中国民用航空飞行学院,shanghairanking-bcur,ShanghaiRanking,软科中国大学排名,2026,365,365,,,365.0,365,365,,135.1,主榜,China-mainland,https://www.shanghairanking.cn/rankings/bcur/202610,,2026-09-13,True,软科官方公开 API；rankDisplay 保留榜单显示名次，referenceRank 使用官方 rankOverall/主榜参考位次；分类榜名次不冒充全国主榜名次。,2026软科 365
RANK_SR_BCUR_2026_4133010352,4133010352,丽水学院,shanghairanking-bcur,ShanghaiRanking,软科中国大学排名,2026,365,365,,,365.0,365,365,,135.1,主榜,China-mainland,https://www.shanghairanking.cn/rankings/bcur/202610,,2026-09-13,True,软科官方公开 API；rankDisplay 保留榜单显示名次，referenceRank 使用官方 rankOverall/主榜参考位次；分类榜名次不冒充全国主榜名次。,2026软科 365
RANK_SR_BCUR_2026_4113010092,4113010092,河北北方学院,shanghairanking-bcur,ShanghaiRanking,软科中国大学排名,2026,47,医47,,,47.0,366,366,,,医药,China-mainland,https://www.shanghairanking.cn/rankings/bcur/202610,,2026-09-13,True,软科官方公开 API；rankDisplay 保留榜单显示名次，referenceRank 使用官方 rankOverall/主榜参考位次；分类榜名次不冒充全国主榜名次。,2026软科医药 医47 · 主榜参考 366
RANK_SR_BCUR_2026_4144010585,4144010585,广州体育学院,shanghairanking-bcur,ShanghaiRanking,软科中国大学排名,2026,10,体10,,,10.0,367,367,,,体育,China-mainland,https://www.shanghairanking.cn/rankings/bcur/202610,,2026-09-13,True,软科官方公开 API；rankDisplay 保留榜单显示名次，referenceRank 使用官方 rankOverall/主榜参考位次；分类榜名次不冒充全国主榜名次。,2026软科体育 体10 · 主榜参考 367
RANK_SR_BCUR_2026_4144010577,4144010577,惠州学院,shanghairanking-bcur,ShanghaiRanking,软科中国大学排名,2026,367,367,,,367.0,367,367,,134.5,主榜,China-mainland,https://www.shanghairanking.cn/rankings/bcur/202610,,2026-09-13,True,软科官方公开 API；rankDisplay 保留榜单显示名次，referenceRank 使用官方 rankOverall/主榜参考位次；分类榜名次不冒充全国主榜名次。,2026软科 367
RANK_SR_BCUR_2026_4122011726,4122011726,长春大学,shanghairanking-bcur,ShanghaiRanking,软科中国大学排名,2026,368,368,,,368.0,368,368,,134.3,主榜,China-mainland,https://www.shanghairanking.cn/rankings/bcur/202610,,2026-09-13,True,软科官方公开 API；rankDisplay 保留榜单显示名次，referenceRank 使用官方 rankOverall/主榜参考位次；分类榜名次不冒充全国主榜名次。,2026软科 368
RANK_SR_BCUR_2026_4135012631,4135012631,厦门医学院,shanghairanking-bcur,ShanghaiRanking,软科中国大学排名,2026,48,医48,,,48.0,369,369,,,医药,China-mainland,https://www.shanghairanking.cn/rankings/bcur/202610,,2026-09-13,True,软科官方公开 API；rankDisplay 保留榜单显示名次，referenceRank 使用官方 rankOverall/主榜参考位次；分类榜名次不冒充全国主榜名次。,2026软科医药 医48 · 主榜参考 369
RANK_SR_BCUR_2026_4152010976,4152010976,贵阳学院,shanghairanking-bcur,ShanghaiRanking,软科中国大学排名,2026,369,369,,,369.0,369,369,,134,主榜,China-mainland,https://www.shanghairanking.cn/rankings/bcur/202610,,2026-09-13,True,软科官方公开 API；rankDisplay 保留榜单显示名次，referenceRank 使用官方 rankOverall/主榜参考位次；分类榜名次不冒充全国主榜名次。,2026软科 369
RANK_SR_BCUR_2026_4123010242,4123010242,哈尔滨体育学院,shanghairanking-bcur,ShanghaiRanking,软科中国大学排名,2026,11,体11,,,11.0,370,370,,,体育,China-mainland,https://www.shanghairanking.cn/rankings/bcur/202610,,2026-09-13,True,软科官方公开 API；rankDisplay 保留榜单显示名次，referenceRank 使用官方 rankOverall/主榜参考位次；分类榜名次不冒充全国主榜名次。,2026软科体育 体11 · 主榜参考 370
RANK_SR_BCUR_2026_4133013287,4133013287,湖州学院,shanghairanking-bcur,ShanghaiRanking,软科中国大学排名,2026,370,370,,,370.0,370,370,,133.8,主榜,China-mainland,https://www.shanghairanking.cn/rankings/bcur/202610,,2026-09-13,True,软科官方公开 API；rankDisplay 保留榜单显示名次，referenceRank 使用官方 rankOverall/主榜参考位次；分类榜名次不冒充全国主榜名次。,2026软科 370
RANK_SR_BCUR_2026_4121011632,4121011632,沈阳工程学院,shanghairanking-bcur,ShanghaiRanking,软科中国大学排名,2026,371,371,,,371.0,371,371,,133,主榜,China-mainland,https://www.shanghairanking.cn/rankings/bcur/202610,,2026-09-13,True,软科官方公开 API；rankDisplay 保留榜单显示名次，referenceRank 使用官方 rankOverall/主榜参考位次；分类榜名次不冒充全国主榜名次。,2026软科 371
RANK_SR_BCUR_2026_4141011788,4141011788,河南警察学院,shanghairanking-bcur,ShanghaiRanking,软科中国大学排名,2026,20,政20,,,20.0,371,371,,,政法,China-mainland,https://www.shanghairanking.cn/rankings/bcur/202610,,2026-09-13,True,软科官方公开 API；rankDisplay 保留榜单显示名次，referenceRank 使用官方 rankOverall/主榜参考位次；分类榜名次不冒充全国主榜名次。,2026软科政法 政20 · 主榜参考 371
RANK_SR_BCUR_2026_4145011548,4145011548,广西财经学院,shanghairanking-bcur,ShanghaiRanking,软科中国大学排名,2026,41,财41,,,41.0,372,372,,,财经,China-mainland,https://www.shanghairanking.cn/rankings/bcur/202610,,2026-09-13,True,软科官方公开 API；rankDisplay 保留榜单显示名次，referenceRank 使用官方 rankOverall/主榜参考位次；分类榜名次不冒充全国主榜名次。,2026软科财经 财41 · 主榜参考 372
RANK_SR_BCUR_2026_4142010519,4142010519,湖北文理学院,shanghairanking-bcur,ShanghaiRanking,软科中国大学排名,2026,372,372,,,372.0,372,372,,132.8,主榜,China-mainland,https://www.shanghairanking.cn/rankings/bcur/202610,,2026-09-13,True,软科官方公开 API；rankDisplay 保留榜单显示名次，referenceRank 使用官方 rankOverall/主榜参考位次；分类榜名次不冒充全国主榜名次。,2026软科 372
RANK_SR_BCUR_2026_4142010927,4142010927,湖北科技学院,shanghairanking-bcur,ShanghaiRanking,软科中国大学排名,2026,372,372,,,372.0,372,372,,132.8,主榜,China-mainland,https://www.shanghairanking.cn/rankings/bcur/202610,,2026-09-13,True,软科官方公开 API；rankDisplay 保留榜单显示名次，referenceRank 使用官方 rankOverall/主榜参考位次；分类榜名次不冒充全国主榜名次。,2026软科 372
RANK_SR_BCUR_2026_4152010670,4152010670,黔南民族师范学院,shanghairanking-bcur,ShanghaiRanking,软科中国大学排名,2026,372,372,,,372.0,372,372,,132.8,主榜,China-mainland,https://www.shanghairanking.cn/rankings/bcur/202610,,2026-09-13,True,软科官方公开 API；rankDisplay 保留榜单显示名次，referenceRank 使用官方 rankOverall/主榜参考位次；分类榜名次不冒充全国主榜名次。,2026软科 372
RANK_SR_BCUR_2026_4141012735,4141012735,郑州警察学院,shanghairanking-bcur,ShanghaiRanking,软科中国大学排名,2026,21,政21,,,21.0,374,374,,,政法,China-mainland,https://www.shanghairanking.cn/rankings/bcur/202610,,2026-09-13,True,软科官方公开 API；rankDisplay 保留榜单显示名次，referenceRank 使用官方 rankOverall/主榜参考位次；分类榜名次不冒充全国主榜名次。,2026软科政法 政21 · 主榜参考 374
RANK_SR_BCUR_2026_4144011656,4144011656,广东石油化工学院,shanghairanking-bcur,ShanghaiRanking,软科中国大学排名,2026,376,376,,,376.0,376,376,,132.6,主榜,China-mainland,https://www.shanghairanking.cn/rankings/bcur/202610,,2026-09-13,True,软科官方公开 API；rankDisplay 保留榜单显示名次，referenceRank 使用官方 rankOverall/主榜参考位次；分类榜名次不冒充全国主榜名次。,2026软科 376
RANK_SR_BCUR_2026_4141011070,4141011070,洛阳理工学院,shanghairanking-bcur,ShanghaiRanking,软科中国大学排名,2026,377,377,,,377.0,377,377,,132.3,主榜,China-mainland,https://www.shanghairanking.cn/rankings/bcur/202610,,2026-09-13,True,软科官方公开 API；rankDisplay 保留榜单显示名次，referenceRank 使用官方 rankOverall/主榜参考位次；分类榜名次不冒充全国主榜名次。,2026软科 377
RANK_SR_BCUR_2026_4152010664,4152010664,遵义师范学院,shanghairanking-bcur,ShanghaiRanking,软科中国大学排名,2026,378,378,,,378.0,378,378,,132.1,主榜,China-mainland,https://www.shanghairanking.cn/rankings/bcur/202610,,2026-09-13,True,软科官方公开 API；rankDisplay 保留榜单显示名次，referenceRank 使用官方 rankOverall/主榜参考位次；分类榜名次不冒充全国主榜名次。,2026软科 378
RANK_SR_BCUR_2026_4133011488,4133011488,衢州学院,shanghairanking-bcur,ShanghaiRanking,软科中国大学排名,2026,379,379,,,379.0,379,379,,132,主榜,China-mainland,https://www.shanghairanking.cn/rankings/bcur/202610,,2026-09-13,True,软科官方公开 API；rankDisplay 保留榜单显示名次，referenceRank 使用官方 rankOverall/主榜参考位次；分类榜名次不冒充全国主榜名次。,2026软科 379
RANK_SR_BCUR_2026_4135011311,4135011311,三明学院,shanghairanking-bcur,ShanghaiRanking,软科中国大学排名,2026,381,381,,,381.0,381,381,,131.6,主榜,China-mainland,https://www.shanghairanking.cn/rankings/bcur/202610,,2026-09-13,True,软科官方公开 API；rankDisplay 保留榜单显示名次，referenceRank 使用官方 rankOverall/主榜参考位次；分类榜名次不冒充全国主榜名次。,2026软科 381
RANK_SR_BCUR_2026_4123010232,4123010232,齐齐哈尔大学,shanghairanking-bcur,ShanghaiRanking,软科中国大学排名,2026,381,381,,,381.0,381,381,,131.6,主榜,China-mainland,https://www.shanghairanking.cn/rankings/bcur/202610,,2026-09-13,True,软科官方公开 API；rankDisplay 保留榜单显示名次，referenceRank 使用官方 rankOverall/主榜参考位次；分类榜名次不冒充全国主榜名次。,2026软科 381
RANK_SR_BCUR_2026_4145010599,4145010599,右江民族医学院,shanghairanking-bcur,ShanghaiRanking,软科中国大学排名,2026,50,医50,,,50.0,382,382,,,医药,China-mainland,https://www.shanghairanking.cn/rankings/bcur/202610,,2026-09-13,True,软科官方公开 API；rankDisplay 保留榜单显示名次，referenceRank 使用官方 rankOverall/主榜参考位次；分类榜名次不冒充全国主榜名次。,2026软科医药 医50 · 主榜参考 382
RANK_SR_BCUR_2026_4123010229,4123010229,牡丹江医科大学,shanghairanking-bcur,ShanghaiRanking,软科中国大学排名,2026,50,医50,,,50.0,382,382,,,医药,China-mainland,https://www.shanghairanking.cn/rankings/bcur/202610,,2026-09-13,True,软科官方公开 API；rankDisplay 保留榜单显示名次，referenceRank 使用官方 rankOverall/主榜参考位次；分类榜名次不冒充全国主榜名次。,2026软科医药 医50 · 主榜参考 382
RANK_SR_BCUR_2026_4123011230,4123011230,齐齐哈尔医学院,shanghairanking-bcur,ShanghaiRanking,软科中国大学排名,2026,50,医50,,,50.0,382,382,,,医药,China-mainland,https://www.shanghairanking.cn/rankings/bcur/202610,,2026-09-13,True,软科官方公开 API；rankDisplay 保留榜单显示名次，referenceRank 使用官方 rankOverall/主榜参考位次；分类榜名次不冒充全国主榜名次。,2026软科医药 医50 · 主榜参考 382
RANK_SR_BCUR_2026_4114010119,4114010119,太原师范学院,shanghairanking-bcur,ShanghaiRanking,软科中国大学排名,2026,383,383,,,383.0,383,383,,131.4,主榜,China-mainland,https://www.shanghairanking.cn/rankings/bcur/202610,,2026-09-13,True,软科官方公开 API；rankDisplay 保留榜单显示名次，referenceRank 使用官方 rankOverall/主榜参考位次；分类榜名次不冒充全国主榜名次。,2026软科 383
RANK_SR_BCUR_2026_4137014100,4137014100,山东政法学院,shanghairanking-bcur,ShanghaiRanking,软科中国大学排名,2026,22,政22,,,22.0,383,383,,,政法,China-mainland,https://www.shanghairanking.cn/rankings/bcur/202610,,2026-09-13,True,软科官方公开 API；rankDisplay 保留榜单显示名次，referenceRank 使用官方 rankOverall/主榜参考位次；分类榜名次不冒充全国主榜名次。,2026软科政法 政22 · 主榜参考 383
RANK_SR_BCUR_2026_4134010371,4134010371,阜阳师范大学,shanghairanking-bcur,ShanghaiRanking,软科中国大学排名,2026,384,384,,,384.0,384,384,,131.1,主榜,China-mainland,https://www.shanghairanking.cn/rankings/bcur/202610,,2026-09-13,True,软科官方公开 API；rankDisplay 保留榜单显示名次，referenceRank 使用官方 rankOverall/主榜参考位次；分类榜名次不冒充全国主榜名次。,2026软科 384
RANK_SR_BCUR_2026_4113011629,4113011629,北华航天工业学院,shanghairanking-bcur,ShanghaiRanking,软科中国大学排名,2026,385,385,,,385.0,385,385,,131,主榜,China-mainland,https://www.shanghairanking.cn/rankings/bcur/202610,,2026-09-13,True,软科官方公开 API；rankDisplay 保留榜单显示名次，referenceRank 使用官方 rankOverall/主榜参考位次；分类榜名次不冒充全国主榜名次。,2026软科 385
RANK_SR_BCUR_2026_4151010639,4151010639,绵阳师范学院,shanghairanking-bcur,ShanghaiRanking,软科中国大学排名,2026,386,386,,,386.0,386,386,,130.6,主榜,China-mainland,https://www.shanghairanking.cn/rankings/bcur/202610,,2026-09-13,True,软科官方公开 API；rankDisplay 保留榜单显示名次，referenceRank 使用官方 rankOverall/主榜参考位次；分类榜名次不冒充全国主榜名次。,2026软科 386
RANK_SR_BCUR_2026_4123010222,4123010222,佳木斯大学,shanghairanking-bcur,ShanghaiRanking,软科中国大学排名,2026,387,387,,,387.0,387,387,,130.4,主榜,China-mainland,https://www.shanghairanking.cn/rankings/bcur/202610,,2026-09-13,True,软科官方公开 API；rankDisplay 保留榜单显示名次，referenceRank 使用官方 rankOverall/主榜参考位次；分类榜名次不冒充全国主榜名次。,2026软科 387
RANK_SR_BCUR_2026_4151013705,4151013705,成都医学院,shanghairanking-bcur,ShanghaiRanking,软科中国大学排名,2026,53,医53,,,53.0,387,387,,,医药,China-mainland,https://www.shanghairanking.cn/rankings/bcur/202610,,2026-09-13,True,软科官方公开 API；rankDisplay 保留榜单显示名次，referenceRank 使用官方 rankOverall/主榜参考位次；分类榜名次不冒充全国主榜名次。,2026软科医药 医53 · 主榜参考 387
RANK_SR_BCUR_2026_4153011392,4153011392,云南警官学院,shanghairanking-bcur,ShanghaiRanking,软科中国大学排名,2026,23,政23,,,23.0,388,388,,,政法,China-mainland,https://www.shanghairanking.cn/rankings/bcur/202610,,2026-09-13,True,软科官方公开 API；rankDisplay 保留榜单显示名次，referenceRank 使用官方 rankOverall/主榜参考位次；分类榜名次不冒充全国主榜名次。,2026软科政法 政23 · 主榜参考 388
RANK_SR_BCUR_2026_4151014389,4151014389,成都师范学院,shanghairanking-bcur,ShanghaiRanking,软科中国大学排名,2026,388,388,,,388.0,388,388,,130.2,主榜,China-mainland,https://www.shanghairanking.cn/rankings/bcur/202610,,2026-09-13,True,软科官方公开 API；rankDisplay 保留榜单显示名次，referenceRank 使用官方 rankOverall/主榜参考位次；分类榜名次不冒充全国主榜名次。,2026软科 388
RANK_SR_BCUR_2026_4141010478,4141010478,周口师范学院,shanghairanking-bcur,ShanghaiRanking,软科中国大学排名,2026,389,389,,,389.0,389,389,,129.8,主榜,China-mainland,https://www.shanghairanking.cn/rankings/bcur/202610,,2026-09-13,True,软科官方公开 API；rankDisplay 保留榜单显示名次，referenceRank 使用官方 rankOverall/主榜参考位次；分类榜名次不冒充全国主榜名次。,2026软科 389
RANK_SR_BCUR_2026_4153011393,4153011393,昆明学院,shanghairanking-bcur,ShanghaiRanking,软科中国大学排名,2026,389,389,,,389.0,389,389,,129.8,主榜,China-mainland,https://www.shanghairanking.cn/rankings/bcur/202610,,2026-09-13,True,软科官方公开 API；rankDisplay 保留榜单显示名次，referenceRank 使用官方 rankOverall/主榜参考位次；分类榜名次不冒充全国主榜名次。,2026软科 389
RANK_SR_BCUR_2026_4135011495,4135011495,福建警察学院,shanghairanking-bcur,ShanghaiRanking,软科中国大学排名,2026,24,政24,,,24.0,389,389,,,政法,China-mainland,https://www.shanghairanking.cn/rankings/bcur/202610,,2026-09-13,True,软科官方公开 API；rankDisplay 保留榜单显示名次，referenceRank 使用官方 rankOverall/主榜参考位次；分类榜名次不冒充全国主榜名次。,2026软科政法 政24 · 主榜参考 389
RANK_SR_BCUR_2026_4144010579,4144010579,岭南师范学院,shanghairanking-bcur,ShanghaiRanking,软科中国大学排名,2026,391,391,,,391.0,391,391,,129.7,主榜,China-mainland,https://www.shanghairanking.cn/rankings/bcur/202610,,2026-09-13,True,软科官方公开 API；rankDisplay 保留榜单显示名次，referenceRank 使用官方 rankOverall/主榜参考位次；分类榜名次不冒充全国主榜名次。,2026软科 391
RANK_SR_BCUR_2026_4135011498,4135011498,莆田学院,shanghairanking-bcur,ShanghaiRanking,软科中国大学排名,2026,391,391,,,391.0,391,391,,129.7,主榜,China-mainland,https://www.shanghairanking.cn/rankings/bcur/202610,,2026-09-13,True,软科官方公开 API；rankDisplay 保留榜单显示名次，referenceRank 使用官方 rankOverall/主榜参考位次；分类榜名次不冒充全国主榜名次。,2026软科 391
RANK_SR_BCUR_2026_4135013763,4135013763,福建江夏学院,shanghairanking-bcur,ShanghaiRanking,软科中国大学排名,2026,42,财42,,,42.0,392,392,,,财经,China-mainland,https://www.shanghairanking.cn/rankings/bcur/202610,,2026-09-13,True,软科官方公开 API；rankDisplay 保留榜单显示名次，referenceRank 使用官方 rankOverall/主榜参考位次；分类榜名次不冒充全国主榜名次。,2026软科财经 财42 · 主榜参考 392
RANK_SR_BCUR_2026_4137010448,4137010448,德州学院,shanghairanking-bcur,ShanghaiRanking,软科中国大学排名,2026,393,393,,,393.0,393,393,,129.5,主榜,China-mainland,https://www.shanghairanking.cn/rankings/bcur/202610,,2026-09-13,True,软科官方公开 API；rankDisplay 保留榜单显示名次，referenceRank 使用官方 rankOverall/主榜参考位次；分类榜名次不冒充全国主榜名次。,2026软科 393
RANK_SR_BCUR_2026_4137010449,4137010449,山东航空学院,shanghairanking-bcur,ShanghaiRanking,软科中国大学排名,2026,394,394,,,394.0,394,394,,129.4,主榜,China-mainland,https://www.shanghairanking.cn/rankings/bcur/202610,,2026-09-13,True,软科官方公开 API；rankDisplay 保留榜单显示名次，referenceRank 使用官方 rankOverall/主榜参考位次；分类榜名次不冒充全国主榜名次。,2026软科 394
RANK_SR_BCUR_2026_4151011360,4151011360,攀枝花学院,shanghairanking-bcur,ShanghaiRanking,软科中国大学排名,2026,394,394,,,394.0,394,394,,129.4,主榜,China-mainland,https://www.shanghairanking.cn/rankings/bcur/202610,,2026-09-13,True,软科官方公开 API；rankDisplay 保留榜单显示名次，referenceRank 使用官方 rankOverall/主榜参考位次；分类榜名次不冒充全国主榜名次。,2026软科 394
RANK_SR_BCUR_2026_4133011481,4133011481,浙江水利水电学院,shanghairanking-bcur,ShanghaiRanking,软科中国大学排名,2026,394,394,,,394.0,394,394,,129.4,主榜,China-mainland,https://www.shanghairanking.cn/rankings/bcur/202610,,2026-09-13,True,软科官方公开 API；rankDisplay 保留榜单显示名次，referenceRank 使用官方 rankOverall/主榜参考位次；分类榜名次不冒充全国主榜名次。,2026软科 394
RANK_SR_BCUR_2026_4123010219,4123010219,黑龙江科技大学,shanghairanking-bcur,ShanghaiRanking,软科中国大学排名,2026,394,394,,,394.0,394,394,,129.4,主榜,China-mainland,https://www.shanghairanking.cn/rankings/bcur/202610,,2026-09-13,True,软科官方公开 API；rankDisplay 保留榜单显示名次，referenceRank 使用官方 rankOverall/主榜参考位次；分类榜名次不冒充全国主榜名次。,2026软科 394
RANK_SR_BCUR_2026_4154010693,4154010693,西藏农牧大学,shanghairanking-bcur,ShanghaiRanking,软科中国大学排名,2026,398,398,,,398.0,398,398,,129.2,主榜,China-mainland,https://www.shanghairanking.cn/rankings/bcur/202610,,2026-09-13,True,软科官方公开 API；rankDisplay 保留榜单显示名次，referenceRank 使用官方 rankOverall/主榜参考位次；分类榜名次不冒充全国主榜名次。,2026软科 398
RANK_SR_BCUR_2026_4135011312,4135011312,龙岩学院,shanghairanking-bcur,ShanghaiRanking,软科中国大学排名,2026,398,398,,,398.0,398,398,,129.2,主榜,China-mainland,https://www.shanghairanking.cn/rankings/bcur/202610,,2026-09-13,True,软科官方公开 API；rankDisplay 保留榜单显示名次，referenceRank 使用官方 rankOverall/主榜参考位次；分类榜名次不冒充全国主榜名次。,2026软科 398
RANK_SR_BCUR_2026_4153010684,4153010684,曲靖师范学院,shanghairanking-bcur,ShanghaiRanking,软科中国大学排名,2026,400,400,,,400.0,400,400,,128.5,主榜,China-mainland,https://www.shanghairanking.cn/rankings/bcur/202610,,2026-09-13,True,软科官方公开 API；rankDisplay 保留榜单显示名次，referenceRank 使用官方 rankOverall/主榜参考位次；分类榜名次不冒充全国主榜名次。,2026软科 400
RANK_SR_BCUR_2026_4137010453,4137010453,泰山学院,shanghairanking-bcur,ShanghaiRanking,软科中国大学排名,2026,402,402,,,402.0,402,402,,128.2,主榜,China-mainland,https://www.shanghairanking.cn/rankings/bcur/202610,,2026-09-13,True,软科官方公开 API；rankDisplay 保留榜单显示名次，referenceRank 使用官方 rankOverall/主榜参考位次；分类榜名次不冒充全国主榜名次。,2026软科 402
RANK_SR_BCUR_2026_4143011532,4143011532,湖南财政经济学院,shanghairanking-bcur,ShanghaiRanking,软科中国大学排名,2026,43,财43,,,43.0,403,403,,,财经,China-mainland,https://www.shanghairanking.cn/rankings/bcur/202610,,2026-09-13,True,软科官方公开 API；rankDisplay 保留榜单显示名次，referenceRank 使用官方 rankOverall/主榜参考位次；分类榜名次不冒充全国主榜名次。,2026软科财经 财43 · 主榜参考 403
RANK_SR_BCUR_2026_4137011067,4137011067,潍坊学院,shanghairanking-bcur,ShanghaiRanking,软科中国大学排名,2026,403,403,,,403.0,403,403,,128.1,主榜,China-mainland,https://www.shanghairanking.cn/rankings/bcur/202610,,2026-09-13,True,软科官方公开 API；rankDisplay 保留榜单显示名次，referenceRank 使用官方 rankOverall/主榜参考位次；分类榜名次不冒充全国主榜名次。,2026软科 403
RANK_SR_BCUR_2026_4113010798,4113010798,河北科技师范学院,shanghairanking-bcur,ShanghaiRanking,软科中国大学排名,2026,404,404,,,404.0,404,404,,127.7,主榜,China-mainland,https://www.shanghairanking.cn/rankings/bcur/202610,,2026-09-13,True,软科官方公开 API；rankDisplay 保留榜单显示名次，referenceRank 使用官方 rankOverall/主榜参考位次；分类榜名次不冒充全国主榜名次。,2026软科 404
RANK_SR_BCUR_2026_4143010545,4143010545,湘南学院,shanghairanking-bcur,ShanghaiRanking,软科中国大学排名,2026,405,405,,,405.0,405,405,,127.6,主榜,China-mainland,https://www.shanghairanking.cn/rankings/bcur/202610,,2026-09-13,True,软科官方公开 API；rankDisplay 保留榜单显示名次，referenceRank 使用官方 rankOverall/主榜参考位次；分类榜名次不冒充全国主榜名次。,2026软科 405
RANK_SR_BCUR_2026_4143011342,4143011342,湖南工程学院,shanghairanking-bcur,ShanghaiRanking,软科中国大学排名,2026,406,406,,,406.0,406,406,,127.3,主榜,China-mainland,https://www.shanghairanking.cn/rankings/bcur/202610,,2026-09-13,True,软科官方公开 API；rankDisplay 保留榜单显示名次，referenceRank 使用官方 rankOverall/主榜参考位次；分类榜名次不冒充全国主榜名次。,2026软科 406
RANK_SR_BCUR_2026_4143010546,4143010546,衡阳师范学院,shanghairanking-bcur,ShanghaiRanking,软科中国大学排名,2026,406,406,,,406.0,406,406,,127.3,主榜,China-mainland,https://www.shanghairanking.cn/rankings/bcur/202610,,2026-09-13,True,软科官方公开 API；rankDisplay 保留榜单显示名次，referenceRank 使用官方 rankOverall/主榜参考位次；分类榜名次不冒充全国主榜名次。,2026软科 406
RANK_SR_BCUR_2026_4151010640,4151010640,内江师范学院,shanghairanking-bcur,ShanghaiRanking,软科中国大学排名,2026,408,408,,,408.0,408,408,,127.1,主榜,China-mainland,https://www.shanghairanking.cn/rankings/bcur/202610,,2026-09-13,True,软科官方公开 API；rankDisplay 保留榜单显示名次，referenceRank 使用官方 rankOverall/主榜参考位次；分类榜名次不冒充全国主榜名次。,2026软科 408
RANK_SR_BCUR_2026_4151010641,4151010641,宜宾学院,shanghairanking-bcur,ShanghaiRanking,软科中国大学排名,2026,409,409,,,409.0,409,409,,126.9,主榜,China-mainland,https://www.shanghairanking.cn/rankings/bcur/202610,,2026-09-13,True,软科官方公开 API；rankDisplay 保留榜单显示名次，referenceRank 使用官方 rankOverall/主榜参考位次；分类榜名次不冒充全国主榜名次。,2026软科 409
RANK_SR_BCUR_2026_4141010480,4141010480,许昌学院,shanghairanking-bcur,ShanghaiRanking,软科中国大学排名,2026,409,409,,,409.0,409,409,,126.9,主榜,China-mainland,https://www.shanghairanking.cn/rankings/bcur/202610,,2026-09-13,True,软科官方公开 API；rankDisplay 保留榜单显示名次，referenceRank 使用官方 rankOverall/主榜参考位次；分类榜名次不冒充全国主榜名次。,2026软科 409
RANK_SR_BCUR_2026_4113011420,4113011420,河北金融学院,shanghairanking-bcur,ShanghaiRanking,软科中国大学排名,2026,44,财44,,,44.0,410,410,,,财经,China-mainland,https://www.shanghairanking.cn/rankings/bcur/202610,,2026-09-13,True,软科官方公开 API；rankDisplay 保留榜单显示名次，referenceRank 使用官方 rankOverall/主榜参考位次；分类榜名次不冒充全国主榜名次。,2026软科财经 财44 · 主榜参考 410
RANK_SR_BCUR_2026_4152014440,4152014440,贵州理工学院,shanghairanking-bcur,ShanghaiRanking,软科中国大学排名,2026,411,411,,,411.0,411,411,,126.8,主榜,China-mainland,https://www.shanghairanking.cn/rankings/bcur/202610,,2026-09-13,True,软科官方公开 API；rankDisplay 保留榜单显示名次，referenceRank 使用官方 rankOverall/主榜参考位次；分类榜名次不冒充全国主榜名次。,2026软科 411
RANK_SR_BCUR_2026_4122010192,4122010192,吉林化工大学,shanghairanking-bcur,ShanghaiRanking,软科中国大学排名,2026,412,412,,,412.0,412,412,,126.7,主榜,China-mainland,https://www.shanghairanking.cn/rankings/bcur/202610,,2026-09-13,True,软科官方公开 API；rankDisplay 保留榜单显示名次，referenceRank 使用官方 rankOverall/主榜参考位次；分类榜名次不冒充全国主榜名次。,2026软科 412
RANK_SR_BCUR_2026_4164010753,4164010753,宁夏师范大学,shanghairanking-bcur,ShanghaiRanking,软科中国大学排名,2026,413,413,,,413.0,413,413,,126.4,主榜,China-mainland,https://www.shanghairanking.cn/rankings/bcur/202610,,2026-09-13,True,软科官方公开 API；rankDisplay 保留榜单显示名次，referenceRank 使用官方 rankOverall/主榜参考位次；分类榜名次不冒充全国主榜名次。,2026软科 413
RANK_SR_BCUR_2026_4134014098,4134014098,合肥师范学院,shanghairanking-bcur,ShanghaiRanking,软科中国大学排名,2026,414,414,,,414.0,414,414,,126.1,主榜,China-mainland,https://www.shanghairanking.cn/rankings/bcur/202610,,2026-09-13,True,软科官方公开 API；rankDisplay 保留榜单显示名次，referenceRank 使用官方 rankOverall/主榜参考位次；分类榜名次不冒充全国主榜名次。,2026软科 414
RANK_SR_BCUR_2026_4132014436,4132014436,江苏第二师范学院,shanghairanking-bcur,ShanghaiRanking,软科中国大学排名,2026,414,414,,,414.0,414,414,,126.1,主榜,China-mainland,https://www.shanghairanking.cn/rankings/bcur/202610,,2026-09-13,True,软科官方公开 API；rankDisplay 保留榜单显示名次，referenceRank 使用官方 rankOverall/主榜参考位次；分类榜名次不冒充全国主榜名次。,2026软科 414
RANK_SR_BCUR_2026_4142010920,4142010920,湖北理工学院,shanghairanking-bcur,ShanghaiRanking,软科中国大学排名,2026,414,414,,,414.0,414,414,,126.1,主榜,China-mainland,https://www.shanghairanking.cn/rankings/bcur/202610,,2026-09-13,True,软科官方公开 API；rankDisplay 保留榜单显示名次，referenceRank 使用官方 rankOverall/主榜参考位次；分类榜名次不冒充全国主榜名次。,2026软科 414
RANK_SR_BCUR_2026_4131010283,4131010283,上海公安学院,shanghairanking-bcur,ShanghaiRanking,软科中国大学排名,2026,25,政25,,,25.0,417,417,,,政法,China-mainland,https://www.shanghairanking.cn/rankings/bcur/202610,,2026-09-13,True,软科官方公开 API；rankDisplay 保留榜单显示名次，referenceRank 使用官方 rankOverall/主榜参考位次；分类榜名次不冒充全国主榜名次。,2026软科政法 政25 · 主榜参考 417
RANK_SR_BCUR_2026_4134010376,4134010376,皖西学院,shanghairanking-bcur,ShanghaiRanking,软科中国大学排名,2026,417,417,,,417.0,417,417,,125.8,主榜,China-mainland,https://www.shanghairanking.cn/rankings/bcur/202610,,2026-09-13,True,软科官方公开 API；rankDisplay 保留榜单显示名次，referenceRank 使用官方 rankOverall/主榜参考位次；分类榜名次不冒充全国主榜名次。,2026软科 417
RANK_SR_BCUR_2026_4141010479,4141010479,安阳师范学院,shanghairanking-bcur,ShanghaiRanking,软科中国大学排名,2026,418,418,,,418.0,418,418,,125.4,主榜,China-mainland,https://www.shanghairanking.cn/rankings/bcur/202610,,2026-09-13,True,软科官方公开 API；rankDisplay 保留榜单显示名次，referenceRank 使用官方 rankOverall/主榜参考位次；分类榜名次不冒充全国主榜名次。,2026软科 418
RANK_SR_BCUR_2026_4161010727,4161010727,西安体育学院,shanghairanking-bcur,ShanghaiRanking,软科中国大学排名,2026,12,体12,,,12.0,418,418,,,体育,China-mainland,https://www.shanghairanking.cn/rankings/bcur/202610,,2026-09-13,True,软科官方公开 API；rankDisplay 保留榜单显示名次，referenceRank 使用官方 rankOverall/主榜参考位次；分类榜名次不冒充全国主榜名次。,2026软科体育 体12 · 主榜参考 418
RANK_SR_BCUR_2026_4136013437,4136013437,南昌医学院,shanghairanking-bcur,ShanghaiRanking,软科中国大学排名,2026,54,医54,,,54.0,419,419,,,医药,China-mainland,https://www.shanghairanking.cn/rankings/bcur/202610,,2026-09-13,True,软科官方公开 API；rankDisplay 保留榜单显示名次，referenceRank 使用官方 rankOverall/主榜参考位次；分类榜名次不冒充全国主榜名次。,2026软科医药 医54 · 主榜参考 419
RANK_SR_BCUR_2026_4141010481,4141010481,南阳师范学院,shanghairanking-bcur,ShanghaiRanking,软科中国大学排名,2026,419,419,,,419.0,419,419,,125.3,主榜,China-mainland,https://www.shanghairanking.cn/rankings/bcur/202610,,2026-09-13,True,软科官方公开 API；rankDisplay 保留榜单显示名次，referenceRank 使用官方 rankOverall/主榜参考位次；分类榜名次不冒充全国主榜名次。,2026软科 419
RANK_SR_BCUR_2026_4142010528,4142010528,湖北工程学院,shanghairanking-bcur,ShanghaiRanking,软科中国大学排名,2026,419,419,,,419.0,419,419,,125.3,主榜,China-mainland,https://www.shanghairanking.cn/rankings/bcur/202610,,2026-09-13,True,软科官方公开 API；rankDisplay 保留榜单显示名次，referenceRank 使用官方 rankOverall/主榜参考位次；分类榜名次不冒充全国主榜名次。,2026软科 419
RANK_SR_BCUR_2026_4132013983,4132013983,苏州城市学院,shanghairanking-bcur,ShanghaiRanking,软科中国大学排名,2026,419,419,,,419.0,419,419,,125.3,主榜,China-mainland,https://www.shanghairanking.cn/rankings/bcur/202610,,2026-09-13,True,软科官方公开 API；rankDisplay 保留榜单显示名次，referenceRank 使用官方 rankOverall/主榜参考位次；分类榜名次不冒充全国主榜名次。,2026软科 419
RANK_SR_BCUR_2026_4145011607,4145011607,北部湾大学,shanghairanking-bcur,ShanghaiRanking,软科中国大学排名,2026,422,422,,,422.0,422,422,,125.1,主榜,China-mainland,https://www.shanghairanking.cn/rankings/bcur/202610,,2026-09-13,True,软科官方公开 API；rankDisplay 保留榜单显示名次，referenceRank 使用官方 rankOverall/主榜参考位次；分类榜名次不冒充全国主榜名次。,2026软科 422
RANK_SR_BCUR_2026_4161011080,4161011080,西安文理学院,shanghairanking-bcur,ShanghaiRanking,软科中国大学排名,2026,422,422,,,422.0,422,422,,125.1,主榜,China-mainland,https://www.shanghairanking.cn/rankings/bcur/202610,,2026-09-13,True,软科官方公开 API；rankDisplay 保留榜单显示名次，referenceRank 使用官方 rankOverall/主榜参考位次；分类榜名次不冒充全国主榜名次。,2026软科 422
RANK_SR_BCUR_2026_4114010117,4114010117,长治医学院,shanghairanking-bcur,ShanghaiRanking,软科中国大学排名,2026,55,医55,,,55.0,423,423,,,医药,China-mainland,https://www.shanghairanking.cn/rankings/bcur/202610,,2026-09-13,True,软科官方公开 API；rankDisplay 保留榜单显示名次，referenceRank 使用官方 rankOverall/主榜参考位次；分类榜名次不冒充全国主榜名次。,2026软科医药 医55 · 主榜参考 423
RANK_SR_BCUR_2026_4144014278,4144014278,广东第二师范学院,shanghairanking-bcur,ShanghaiRanking,软科中国大学排名,2026,424,424,,,424.0,424,424,,124.6,主榜,China-mainland,https://www.shanghairanking.cn/rankings/bcur/202610,,2026-09-13,True,软科官方公开 API；rankDisplay 保留榜单显示名次，referenceRank 使用官方 rankOverall/主榜参考位次；分类榜名次不冒充全国主榜名次。,2026软科 424
RANK_SR_BCUR_2026_4133013291,4133013291,嘉兴南湖学院,shanghairanking-bcur,ShanghaiRanking,软科中国大学排名,2026,45,财45,,,45.0,425,425,,,财经,China-mainland,https://www.shanghairanking.cn/rankings/bcur/202610,,2026-09-13,True,软科官方公开 API；rankDisplay 保留榜单显示名次，referenceRank 使用官方 rankOverall/主榜参考位次；分类榜名次不冒充全国主榜名次。,2026软科财经 财45 · 主榜参考 425
RANK_SR_BCUR_2026_4144010576,4144010576,韶关学院,shanghairanking-bcur,ShanghaiRanking,软科中国大学排名,2026,425,425,,,425.0,425,425,,124.5,主榜,China-mainland,https://www.shanghairanking.cn/rankings/bcur/202610,,2026-09-13,True,软科官方公开 API；rankDisplay 保留榜单显示名次，referenceRank 使用官方 rankOverall/主榜参考位次；分类榜名次不冒充全国主榜名次。,2026软科 425
RANK_SR_BCUR_2026_4151010649,4151010649,乐山师范学院,shanghairanking-bcur,ShanghaiRanking,软科中国大学排名,2026,426,426,,,426.0,426,426,,124.2,主榜,China-mainland,https://www.shanghairanking.cn/rankings/bcur/202610,,2026-09-13,True,软科官方公开 API；rankDisplay 保留榜单显示名次，referenceRank 使用官方 rankOverall/主榜参考位次；分类榜名次不冒充全国主榜名次。,2026软科 426
RANK_SR_BCUR_2026_4135010397,4135010397,武夷学院,shanghairanking-bcur,ShanghaiRanking,软科中国大学排名,2026,426,426,,,426.0,426,426,,124.2,主榜,China-mainland,https://www.shanghairanking.cn/rankings/bcur/202610,,2026-09-13,True,软科官方公开 API；rankDisplay 保留榜单显示名次，referenceRank 使用官方 rankOverall/主榜参考位次；分类榜名次不冒充全国主榜名次。,2026软科 426
RANK_SR_BCUR_2026_4152010977,4152010977,六盘水师范学院,shanghairanking-bcur,ShanghaiRanking,软科中国大学排名,2026,428,428,,,428.0,428,428,,124,主榜,China-mainland,https://www.shanghairanking.cn/rankings/bcur/202610,,2026-09-13,True,软科官方公开 API；rankDisplay 保留榜单显示名次，referenceRank 使用官方 rankOverall/主榜参考位次；分类榜名次不冒充全国主榜名次。,2026软科 428
RANK_SR_BCUR_2026_4122011441,4122011441,吉林警察学院,shanghairanking-bcur,ShanghaiRanking,软科中国大学排名,2026,26,政26,,,26.0,429,429,,,政法,China-mainland,https://www.shanghairanking.cn/rankings/bcur/202610,,2026-09-13,True,软科官方公开 API；rankDisplay 保留榜单显示名次，referenceRank 使用官方 rankOverall/主榜参考位次；分类榜名次不冒充全国主榜名次。,2026软科政法 政26 · 主榜参考 429
RANK_SR_BCUR_2026_4141010483,4141010483,商丘师范学院,shanghairanking-bcur,ShanghaiRanking,软科中国大学排名,2026,429,429,,,429.0,429,429,,123.7,主榜,China-mainland,https://www.shanghairanking.cn/rankings/bcur/202610,,2026-09-13,True,软科官方公开 API；rankDisplay 保留榜单显示名次，referenceRank 使用官方 rankOverall/主榜参考位次；分类榜名次不冒充全国主榜名次。,2026软科 429
RANK_SR_BCUR_2026_4113010102,4113010102,石家庄学院,shanghairanking-bcur,ShanghaiRanking,软科中国大学排名,2026,429,429,,,429.0,429,429,,123.7,主榜,China-mainland,https://www.shanghairanking.cn/rankings/bcur/202610,,2026-09-13,True,软科官方公开 API；rankDisplay 保留榜单显示名次，referenceRank 使用官方 rankOverall/主榜参考位次；分类榜名次不冒充全国主榜名次。,2026软科 429
RANK_SR_BCUR_2026_4136010417,4136010417,宜春学院,shanghairanking-bcur,ShanghaiRanking,软科中国大学排名,2026,431,431,,,431.0,431,431,,123.3,主榜,China-mainland,https://www.shanghairanking.cn/rankings/bcur/202610,,2026-09-13,True,软科官方公开 API；rankDisplay 保留榜单显示名次，referenceRank 使用官方 rankOverall/主榜参考位次；分类榜名次不冒充全国主榜名次。,2026软科 431
RANK_SR_BCUR_2026_4137010904,4137010904,枣庄学院,shanghairanking-bcur,ShanghaiRanking,软科中国大学排名,2026,432,432,,,432.0,432,432,,122.9,主榜,China-mainland,https://www.shanghairanking.cn/rankings/bcur/202610,,2026-09-13,True,软科官方公开 API；rankDisplay 保留榜单显示名次，referenceRank 使用官方 rankOverall/主榜参考位次；分类榜名次不冒充全国主榜名次。,2026软科 432
RANK_SR_BCUR_2026_4142011332,4142011332,湖北警官学院,shanghairanking-bcur,ShanghaiRanking,软科中国大学排名,2026,27,政27,,,27.0,433,433,,,政法,China-mainland,https://www.shanghairanking.cn/rankings/bcur/202610,,2026-09-13,True,软科官方公开 API；rankDisplay 保留榜单显示名次，referenceRank 使用官方 rankOverall/主榜参考位次；分类榜名次不冒充全国主榜名次。,2026软科政法 政27 · 主榜参考 433
RANK_SR_BCUR_2026_4150014388,4150014388,重庆第二师范学院,shanghairanking-bcur,ShanghaiRanking,软科中国大学排名,2026,433,433,,,433.0,433,433,,122.8,主榜,China-mainland,https://www.shanghairanking.cn/rankings/bcur/202610,,2026-09-13,True,软科官方公开 API；rankDisplay 保留榜单显示名次，referenceRank 使用官方 rankOverall/主榜参考位次；分类榜名次不冒充全国主榜名次。,2026软科 433
RANK_SR_BCUR_2026_4141010918,4141010918,黄淮学院,shanghairanking-bcur,ShanghaiRanking,软科中国大学排名,2026,434,434,,,434.0,434,434,,122.7,主榜,China-mainland,https://www.shanghairanking.cn/rankings/bcur/202610,,2026-09-13,True,软科官方公开 API；rankDisplay 保留榜单显示名次，referenceRank 使用官方 rankOverall/主榜参考位次；分类榜名次不冒充全国主榜名次。,2026软科 434
RANK_SR_BCUR_2026_4134010377,4134010377,滁州学院,shanghairanking-bcur,ShanghaiRanking,软科中国大学排名,2026,435,435,,,435.0,435,435,,122.6,主榜,China-mainland,https://www.shanghairanking.cn/rankings/bcur/202610,,2026-09-13,True,软科官方公开 API；rankDisplay 保留榜单显示名次，referenceRank 使用官方 rankOverall/主榜参考位次；分类榜名次不冒充全国主榜名次。,2026软科 435
RANK_SR_BCUR_2026_4143010548,4143010548,怀化学院,shanghairanking-bcur,ShanghaiRanking,软科中国大学排名,2026,436,436,,,436.0,436,436,,122.4,主榜,China-mainland,https://www.shanghairanking.cn/rankings/bcur/202610,,2026-09-13,True,软科官方公开 API；rankDisplay 保留榜单显示名次，referenceRank 使用官方 rankOverall/主榜参考位次；分类榜名次不冒充全国主榜名次。,2026软科 436
RANK_SR_BCUR_2026_4145010606,4145010606,玉林师范学院,shanghairanking-bcur,ShanghaiRanking,软科中国大学排名,2026,436,436,,,436.0,436,436,,122.4,主榜,China-mainland,https://www.shanghairanking.cn/rankings/bcur/202610,,2026-09-13,True,软科官方公开 API；rankDisplay 保留榜单显示名次，referenceRank 使用官方 rankOverall/主榜参考位次；分类榜名次不冒充全国主榜名次。,2026软科 436
RANK_SR_BCUR_2026_4113010099,4113010099,唐山师范学院,shanghairanking-bcur,ShanghaiRanking,软科中国大学排名,2026,438,438,,,438.0,438,438,,122.3,主榜,China-mainland,https://www.shanghairanking.cn/rankings/bcur/202610,,2026-09-13,True,软科官方公开 API；rankDisplay 保留榜单显示名次，referenceRank 使用官方 rankOverall/主榜参考位次；分类榜名次不冒充全国主榜名次。,2026软科 438
RANK_SR_BCUR_2026_4143010547,4143010547,邵阳学院,shanghairanking-bcur,ShanghaiRanking,软科中国大学排名,2026,438,438,,,438.0,438,438,,122.3,主榜,China-mainland,https://www.shanghairanking.cn/rankings/bcur/202610,,2026-09-13,True,软科官方公开 API；rankDisplay 保留榜单显示名次，referenceRank 使用官方 rankOverall/主榜参考位次；分类榜名次不冒充全国主榜名次。,2026软科 438
RANK_SR_BCUR_2026_4136014437,4136014437,南昌师范学院,shanghairanking-bcur,ShanghaiRanking,软科中国大学排名,2026,440,440,,,440.0,440,440,,122.2,主榜,China-mainland,https://www.shanghairanking.cn/rankings/bcur/202610,,2026-09-13,True,软科官方公开 API；rankDisplay 保留榜单显示名次，referenceRank 使用官方 rankOverall/主榜参考位次；分类榜名次不冒充全国主榜名次。,2026软科 440
RANK_SR_BCUR_2026_4143011534,4143011534,湖南警察学院,shanghairanking-bcur,ShanghaiRanking,软科中国大学排名,2026,28,政28,,,28.0,440,440,,,政法,China-mainland,https://www.shanghairanking.cn/rankings/bcur/202610,,2026-09-13,True,软科官方公开 API；rankDisplay 保留榜单显示名次，referenceRank 使用官方 rankOverall/主榜参考位次；分类榜名次不冒充全国主榜名次。,2026软科政法 政28 · 主榜参考 440
RANK_SR_BCUR_2026_4144010580,4144010580,肇庆学院,shanghairanking-bcur,ShanghaiRanking,软科中国大学排名,2026,440,440,,,440.0,440,440,,122.2,主榜,China-mainland,https://www.shanghairanking.cn/rankings/bcur/202610,,2026-09-13,True,软科官方公开 API；rankDisplay 保留榜单显示名次，referenceRank 使用官方 rankOverall/主榜参考位次；分类榜名次不冒充全国主榜名次。,2026软科 440
RANK_SR_BCUR_2026_4141010919,4141010919,平顶山学院,shanghairanking-bcur,ShanghaiRanking,软科中国大学排名,2026,442,442,,,442.0,442,442,,122,主榜,China-mainland,https://www.shanghairanking.cn/rankings/bcur/202610,,2026-09-13,True,软科官方公开 API；rankDisplay 保留榜单显示名次，referenceRank 使用官方 rankOverall/主榜参考位次；分类榜名次不冒充全国主榜名次。,2026软科 442
RANK_SR_BCUR_2026_4144011106,4144011106,广州航海学院,shanghairanking-bcur,ShanghaiRanking,软科中国大学排名,2026,442,442,,,442.0,442,442,,122,主榜,China-mainland,https://www.shanghairanking.cn/rankings/bcur/202610,,2026-09-13,True,软科官方公开 API；rankDisplay 保留榜单显示名次，referenceRank 使用官方 rankOverall/主榜参考位次；分类榜名次不冒充全国主榜名次。,2026软科 442
RANK_SR_BCUR_2026_4141011517,4141011517,河南工程学院,shanghairanking-bcur,ShanghaiRanking,软科中国大学排名,2026,444,444,,,444.0,444,444,,121.7,主榜,China-mainland,https://www.shanghairanking.cn/rankings/bcur/202610,,2026-09-13,True,软科官方公开 API；rankDisplay 保留榜单显示名次，referenceRank 使用官方 rankOverall/主榜参考位次；分类榜名次不冒充全国主榜名次。,2026软科 444
RANK_SR_BCUR_2026_4161011736,4161011736,西安航空学院,shanghairanking-bcur,ShanghaiRanking,软科中国大学排名,2026,444,444,,,444.0,444,444,,121.7,主榜,China-mainland,https://www.shanghairanking.cn/rankings/bcur/202610,,2026-09-13,True,软科官方公开 API；rankDisplay 保留榜单显示名次，referenceRank 使用官方 rankOverall/主榜参考位次；分类榜名次不冒充全国主榜名次。,2026软科 444
RANK_SR_BCUR_2026_4162010739,4162010739,天水师范大学,shanghairanking-bcur,ShanghaiRanking,软科中国大学排名,2026,446,446,,,446.0,446,446,,121.5,主榜,China-mainland,https://www.shanghairanking.cn/rankings/bcur/202610,,2026-09-13,True,软科官方公开 API；rankDisplay 保留榜单显示名次，referenceRank 使用官方 rankOverall/主榜参考位次；分类榜名次不冒充全国主榜名次。,2026软科 446
RANK_SR_BCUR_2026_4151011116,4151011116,成都工业学院,shanghairanking-bcur,ShanghaiRanking,软科中国大学排名,2026,446,446,,,446.0,446,446,,121.5,主榜,China-mainland,https://www.shanghairanking.cn/rankings/bcur/202610,,2026-09-13,True,软科官方公开 API；rankDisplay 保留榜单显示名次，referenceRank 使用官方 rankOverall/主榜参考位次；分类榜名次不冒充全国主榜名次。,2026软科 446
RANK_SR_BCUR_2026_4132012048,4132012048,南京特殊教育师范学院,shanghairanking-bcur,ShanghaiRanking,软科中国大学排名,2026,448,448,,,448.0,448,448,,121.3,主榜,China-mainland,https://www.shanghairanking.cn/rankings/bcur/202610,,2026-09-13,True,软科官方公开 API；rankDisplay 保留榜单显示名次，referenceRank 使用官方 rankOverall/主榜参考位次；分类榜名次不冒充全国主榜名次。,2026软科 448
RANK_SR_BCUR_2026_4162010740,4162010740,河西学院,shanghairanking-bcur,ShanghaiRanking,软科中国大学排名,2026,448,448,,,448.0,448,448,,121.3,主榜,China-mainland,https://www.shanghairanking.cn/rankings/bcur/202610,,2026-09-13,True,软科官方公开 API；rankDisplay 保留榜单显示名次，referenceRank 使用官方 rankOverall/主榜参考位次；分类榜名次不冒充全国主榜名次。,2026软科 448
RANK_SR_BCUR_2026_4141011653,4141011653,南阳理工学院,shanghairanking-bcur,ShanghaiRanking,软科中国大学排名,2026,450,450,,,450.0,450,450,,121.2,主榜,China-mainland,https://www.shanghairanking.cn/rankings/bcur/202610,,2026-09-13,True,软科官方公开 API；rankDisplay 保留榜单显示名次，referenceRank 使用官方 rankOverall/主榜参考位次；分类榜名次不冒充全国主榜名次。,2026软科 450
RANK_SR_BCUR_2026_4135010398,4135010398,宁德师范学院,shanghairanking-bcur,ShanghaiRanking,软科中国大学排名,2026,450,450,,,450.0,450,450,,121.2,主榜,China-mainland,https://www.shanghairanking.cn/rankings/bcur/202610,,2026-09-13,True,软科官方公开 API；rankDisplay 保留榜单显示名次，referenceRank 使用官方 rankOverall/主榜参考位次；分类榜名次不冒充全国主榜名次。,2026软科 450
RANK_SR_BCUR_2026_4161010721,4161010721,宝鸡文理学院,shanghairanking-bcur,ShanghaiRanking,软科中国大学排名,2026,450,450,,,450.0,450,450,,121.2,主榜,China-mainland,https://www.shanghairanking.cn/rankings/bcur/202610,,2026-09-13,True,软科官方公开 API；rankDisplay 保留榜单显示名次，referenceRank 使用官方 rankOverall/主榜参考位次；分类榜名次不冒充全国主榜名次。,2026软科 450
RANK_SR_BCUR_2026_4151010628,4151010628,西昌学院,shanghairanking-bcur,ShanghaiRanking,软科中国大学排名,2026,450,450,,,450.0,450,450,,121.2,主榜,China-mainland,https://www.shanghairanking.cn/rankings/bcur/202610,,2026-09-13,True,软科官方公开 API；rankDisplay 保留榜单显示名次，referenceRank 使用官方 rankOverall/主榜参考位次；分类榜名次不冒充全国主榜名次。,2026软科 450
RANK_SR_BCUR_2026_4122013706,4122013706,吉林医药学院,shanghairanking-bcur,ShanghaiRanking,软科中国大学排名,2026,56,医56,,,56.0,452,452,,,医药,China-mainland,https://www.shanghairanking.cn/rankings/bcur/202610,,2026-09-13,True,软科官方公开 API；rankDisplay 保留榜单显示名次，referenceRank 使用官方 rankOverall/主榜参考位次；分类榜名次不冒充全国主榜名次。,2026软科医药 医56 · 主榜参考 452
RANK_SR_BCUR_2026_4152012107,4152012107,贵州警察学院,shanghairanking-bcur,ShanghaiRanking,软科中国大学排名,2026,29,政29,,,29.0,452,452,,,政法,China-mainland,https://www.shanghairanking.cn/rankings/bcur/202610,,2026-09-13,True,软科官方公开 API；rankDisplay 保留榜单显示名次，referenceRank 使用官方 rankOverall/主榜参考位次；分类榜名次不冒充全国主榜名次。,2026软科政法 政29 · 主榜参考 452
RANK_SR_BCUR_2026_4141011765,4141011765,河南城建学院,shanghairanking-bcur,ShanghaiRanking,软科中国大学排名,2026,454,454,,,454.0,454,454,,120.9,主榜,China-mainland,https://www.shanghairanking.cn/rankings/bcur/202610,,2026-09-13,True,软科官方公开 API；rankDisplay 保留榜单显示名次，referenceRank 使用官方 rankOverall/主榜参考位次；分类榜名次不冒充全国主榜名次。,2026软科 454
RANK_SR_BCUR_2026_4143010549,4143010549,湖南文理学院,shanghairanking-bcur,ShanghaiRanking,软科中国大学排名,2026,455,455,,,455.0,455,455,,120.6,主榜,China-mainland,https://www.shanghairanking.cn/rankings/bcur/202610,,2026-09-13,True,软科官方公开 API；rankDisplay 保留榜单显示名次，referenceRank 使用官方 rankOverall/主榜参考位次；分类榜名次不冒充全国主榜名次。,2026软科 455
RANK_SR_BCUR_2026_4123011802,4123011802,黑龙江工程学院,shanghairanking-bcur,ShanghaiRanking,软科中国大学排名,2026,455,455,,,455.0,455,455,,120.6,主榜,China-mainland,https://www.shanghairanking.cn/rankings/bcur/202610,,2026-09-13,True,软科官方公开 API；rankDisplay 保留榜单显示名次，referenceRank 使用官方 rankOverall/主榜参考位次；分类榜名次不冒充全国主榜名次。,2026软科 455
RANK_SR_BCUR_2026_4136010416,4136010416,上饶师范学院,shanghairanking-bcur,ShanghaiRanking,软科中国大学排名,2026,457,457,,,457.0,457,457,,120.5,主榜,China-mainland,https://www.shanghairanking.cn/rankings/bcur/202610,,2026-09-13,True,软科官方公开 API；rankDisplay 保留榜单显示名次，referenceRank 使用官方 rankOverall/主榜参考位次；分类榜名次不冒充全国主榜名次。,2026软科 457
RANK_SR_BCUR_2026_4122010208,4122010208,吉林体育学院,shanghairanking-bcur,ShanghaiRanking,软科中国大学排名,2026,13,体13,,,13.0,458,458,,,体育,China-mainland,https://www.shanghairanking.cn/rankings/bcur/202610,,2026-09-13,True,软科官方公开 API；rankDisplay 保留榜单显示名次，referenceRank 使用官方 rankOverall/主榜参考位次；分类榜名次不冒充全国主榜名次。,2026软科体育 体13 · 主榜参考 458
RANK_SR_BCUR_2026_4122010202,4122010202,通化师范学院,shanghairanking-bcur,ShanghaiRanking,软科中国大学排名,2026,459,459,,,459.0,459,459,,120.3,主榜,China-mainland,https://www.shanghairanking.cn/rankings/bcur/202610,,2026-09-13,True,软科官方公开 API；rankDisplay 保留榜单显示名次，referenceRank 使用官方 rankOverall/主榜参考位次；分类榜名次不冒充全国主榜名次。,2026软科 459
RANK_SR_BCUR_2026_4137010454,4137010454,济宁学院,shanghairanking-bcur,ShanghaiRanking,软科中国大学排名,2026,460,460,,,460.0,460,460,,120.2,主榜,China-mainland,https://www.shanghairanking.cn/rankings/bcur/202610,,2026-09-13,True,软科官方公开 API；rankDisplay 保留榜单显示名次，referenceRank 使用官方 rankOverall/主榜参考位次；分类榜名次不冒充全国主榜名次。,2026软科 460
RANK_SR_BCUR_2026_4161010723,4161010723,渭南师范学院,shanghairanking-bcur,ShanghaiRanking,软科中国大学排名,2026,460,460,,,460.0,460,460,,120.2,主榜,China-mainland,https://www.shanghairanking.cn/rankings/bcur/202610,,2026-09-13,True,软科官方公开 API；rankDisplay 保留榜单显示名次，referenceRank 使用官方 rankOverall/主榜参考位次；分类榜名次不冒充全国主榜名次。,2026软科 460
RANK_SR_BCUR_2026_4142011654,4142011654,武汉商学院,shanghairanking-bcur,ShanghaiRanking,软科中国大学排名,2026,46,财46,,,46.0,462,462,,,财经,China-mainland,https://www.shanghairanking.cn/rankings/bcur/202610,,2026-09-13,True,软科官方公开 API；rankDisplay 保留榜单显示名次，referenceRank 使用官方 rankOverall/主榜参考位次；分类榜名次不冒充全国主榜名次。,2026软科财经 财46 · 主榜参考 462
RANK_SR_BCUR_2026_4143010551,4143010551,湖南科技学院,shanghairanking-bcur,ShanghaiRanking,软科中国大学排名,2026,462,462,,,462.0,462,462,,120.1,主榜,China-mainland,https://www.shanghairanking.cn/rankings/bcur/202610,,2026-09-13,True,软科官方公开 API；rankDisplay 保留榜单显示名次，referenceRank 使用官方 rankOverall/主榜参考位次；分类榜名次不冒充全国主榜名次。,2026软科 462
RANK_SR_BCUR_2026_4146011100,4146011100,海南热带海洋学院,shanghairanking-bcur,ShanghaiRanking,软科中国大学排名,2026,463,463,,,463.0,463,463,,119.9,主榜,China-mainland,https://www.shanghairanking.cn/rankings/bcur/202610,,2026-09-13,True,软科官方公开 API；rankDisplay 保留榜单显示名次，referenceRank 使用官方 rankOverall/主榜参考位次；分类榜名次不冒充全国主榜名次。,2026软科 463
RANK_SR_BCUR_2026_4143011527,4143011527,湖南城市学院,shanghairanking-bcur,ShanghaiRanking,软科中国大学排名,2026,463,463,,,463.0,463,463,,119.9,主榜,China-mainland,https://www.shanghairanking.cn/rankings/bcur/202610,,2026-09-13,True,软科官方公开 API；rankDisplay 保留榜单显示名次，referenceRank 使用官方 rankOverall/主榜参考位次；分类榜名次不冒充全国主榜名次。,2026软科 463
RANK_SR_BCUR_2026_4137014276,4137014276,齐鲁师范学院,shanghairanking-bcur,ShanghaiRanking,软科中国大学排名,2026,465,465,,,465.0,465,465,,119.8,主榜,China-mainland,https://www.shanghairanking.cn/rankings/bcur/202610,,2026-09-13,True,软科官方公开 API；rankDisplay 保留榜单显示名次，referenceRank 使用官方 rankOverall/主榜参考位次；分类榜名次不冒充全国主榜名次。,2026软科 465
RANK_SR_BCUR_2026_4113010100,4113010100,廊坊师范学院,shanghairanking-bcur,ShanghaiRanking,软科中国大学排名,2026,466,466,,,466.0,466,466,,119.4,主榜,China-mainland,https://www.shanghairanking.cn/rankings/bcur/202610,,2026-09-13,True,软科官方公开 API；rankDisplay 保留榜单显示名次，referenceRank 使用官方 rankOverall/主榜参考位次；分类榜名次不冒充全国主榜名次。,2026软科 466
RANK_SR_BCUR_2026_4153011390,4153011390,玉溪师范学院,shanghairanking-bcur,ShanghaiRanking,软科中国大学排名,2026,467,467,,,467.0,467,467,,119.1,主榜,China-mainland,https://www.shanghairanking.cn/rankings/bcur/202610,,2026-09-13,True,软科官方公开 API；rankDisplay 保留榜单显示名次，referenceRank 使用官方 rankOverall/主榜参考位次；分类榜名次不冒充全国主榜名次。,2026软科 467
RANK_SR_BCUR_2026_4123010233,4123010233,牡丹江师范学院,shanghairanking-bcur,ShanghaiRanking,软科中国大学排名,2026,468,468,,,468.0,468,468,,119,主榜,China-mainland,https://www.shanghairanking.cn/rankings/bcur/202610,,2026-09-13,True,软科官方公开 API；rankDisplay 保留榜单显示名次，referenceRank 使用官方 rankOverall/主榜参考位次；分类榜名次不冒充全国主榜名次。,2026软科 468
RANK_SR_BCUR_2026_4123010234,4123010234,哈尔滨学院,shanghairanking-bcur,ShanghaiRanking,软科中国大学排名,2026,469,469,,,469.0,469,469,,118.8,主榜,China-mainland,https://www.shanghairanking.cn/rankings/bcur/202610,,2026-09-13,True,软科官方公开 API；rankDisplay 保留榜单显示名次，referenceRank 使用官方 rankOverall/主榜参考位次；分类榜名次不冒充全国主榜名次。,2026软科 469
RANK_SR_BCUR_2026_4114010120,4114010120,山西大同大学,shanghairanking-bcur,ShanghaiRanking,软科中国大学排名,2026,470,470,,,470.0,470,470,,118.7,主榜,China-mainland,https://www.shanghairanking.cn/rankings/bcur/202610,,2026-09-13,True,软科官方公开 API；rankDisplay 保留榜单显示名次，referenceRank 使用官方 rankOverall/主榜参考位次；分类榜名次不冒充全国主榜名次。,2026软科 470
RANK_SR_BCUR_2026_4143011528,4143011528,湖南工学院,shanghairanking-bcur,ShanghaiRanking,软科中国大学排名,2026,471,471,,,471.0,471,471,,118.6,主榜,China-mainland,https://www.shanghairanking.cn/rankings/bcur/202610,,2026-09-13,True,软科官方公开 API；rankDisplay 保留榜单显示名次，referenceRank 使用官方 rankOverall/主榜参考位次；分类榜名次不冒充全国主榜名次。,2026软科 471
RANK_SR_BCUR_2026_4144010578,4144010578,韩山师范学院,shanghairanking-bcur,ShanghaiRanking,软科中国大学排名,2026,472,472,,,472.0,472,472,,118.3,主榜,China-mainland,https://www.shanghairanking.cn/rankings/bcur/202610,,2026-09-13,True,软科官方公开 API；rankDisplay 保留榜单显示名次，referenceRank 使用官方 rankOverall/主榜参考位次；分类榜名次不冒充全国主榜名次。,2026软科 472
RANK_SR_BCUR_2026_4136011843,4136011843,九江学院,shanghairanking-bcur,ShanghaiRanking,软科中国大学排名,2026,473,473,,,473.0,473,473,,118.2,主榜,China-mainland,https://www.shanghairanking.cn/rankings/bcur/202610,,2026-09-13,True,软科官方公开 API；rankDisplay 保留榜单显示名次，referenceRank 使用官方 rankOverall/主榜参考位次；分类榜名次不冒充全国主榜名次。,2026软科 473
RANK_SR_BCUR_2026_4114014101,4114014101,太原工业学院,shanghairanking-bcur,ShanghaiRanking,软科中国大学排名,2026,474,474,,,474.0,474,474,,118,主榜,China-mainland,https://www.shanghairanking.cn/rankings/bcur/202610,,2026-09-13,True,软科官方公开 API；rankDisplay 保留榜单显示名次，referenceRank 使用官方 rankOverall/主榜参考位次；分类榜名次不冒充全国主榜名次。,2026软科 474
RANK_SR_BCUR_2026_4132014160,4132014160,宿迁学院,shanghairanking-bcur,ShanghaiRanking,软科中国大学排名,2026,475,475,,,475.0,475,475,,117.8,主榜,China-mainland,https://www.shanghairanking.cn/rankings/bcur/202610,,2026-09-13,True,软科官方公开 API；rankDisplay 保留榜单显示名次，referenceRank 使用官方 rankOverall/主榜参考位次；分类榜名次不冒充全国主榜名次。,2026软科 475
RANK_SR_BCUR_2026_4162010738,4162010738,陇东学院,shanghairanking-bcur,ShanghaiRanking,软科中国大学排名,2026,476,476,,,476.0,476,476,,117.6,主榜,China-mainland,https://www.shanghairanking.cn/rankings/bcur/202610,,2026-09-13,True,软科官方公开 API；rankDisplay 保留榜单显示名次，referenceRank 使用官方 rankOverall/主榜参考位次；分类榜名次不冒充全国主榜名次。,2026软科 476
RANK_SR_BCUR_2026_4135014683,4135014683,福建技术师范学院,shanghairanking-bcur,ShanghaiRanking,软科中国大学排名,2026,477,477,,,477.0,477,477,,117.4,主榜,China-mainland,https://www.shanghairanking.cn/rankings/bcur/202610,,2026-09-13,True,软科官方公开 API；rankDisplay 保留榜单显示名次，referenceRank 使用官方 rankOverall/主榜参考位次；分类榜名次不冒充全国主榜名次。,2026软科 477
RANK_SR_BCUR_2026_4121010169,4121010169,鞍山师范学院,shanghairanking-bcur,ShanghaiRanking,软科中国大学排名,2026,478,478,,,478.0,478,478,,117.3,主榜,China-mainland,https://www.shanghairanking.cn/rankings/bcur/202610,,2026-09-13,True,软科官方公开 API；rankDisplay 保留榜单显示名次，referenceRank 使用官方 rankOverall/主榜参考位次；分类榜名次不冒充全国主榜名次。,2026软科 478
RANK_SR_BCUR_2026_4134010380,4134010380,巢湖学院,shanghairanking-bcur,ShanghaiRanking,软科中国大学排名,2026,479,479,,,479.0,479,479,,117.2,主榜,China-mainland,https://www.shanghairanking.cn/rankings/bcur/202610,,2026-09-13,True,软科官方公开 API；rankDisplay 保留榜单显示名次，referenceRank 使用官方 rankOverall/主榜参考位次；分类榜名次不冒充全国主榜名次。,2026软科 479
RANK_SR_BCUR_2026_4137014277,4137014277,山东青年政治学院,shanghairanking-bcur,ShanghaiRanking,软科中国大学排名,2026,480,480,,,480.0,480,480,,117.1,主榜,China-mainland,https://www.shanghairanking.cn/rankings/bcur/202610,,2026-09-13,True,软科官方公开 API；rankDisplay 保留榜单显示名次，referenceRank 使用官方 rankOverall/主榜参考位次；分类榜名次不冒充全国主榜名次。,2026软科 480
RANK_SR_BCUR_2026_4134010375,4134010375,黄山学院,shanghairanking-bcur,ShanghaiRanking,软科中国大学排名,2026,481,481,,,481.0,481,481,,117,主榜,China-mainland,https://www.shanghairanking.cn/rankings/bcur/202610,,2026-09-13,True,软科官方公开 API；rankDisplay 保留榜单显示名次，referenceRank 使用官方 rankOverall/主榜参考位次；分类榜名次不冒充全国主榜名次。,2026软科 481
RANK_SR_BCUR_2026_4122010204,4122010204,吉林工程技术师范学院,shanghairanking-bcur,ShanghaiRanking,软科中国大学排名,2026,482,482,,,482.0,482,482,,116.8,主榜,China-mainland,https://www.shanghairanking.cn/rankings/bcur/202610,,2026-09-13,True,软科官方公开 API；rankDisplay 保留榜单显示名次，referenceRank 使用官方 rankOverall/主榜参考位次；分类榜名次不冒充全国主榜名次。,2026软科 482
RANK_SR_BCUR_2026_4151011552,4151011552,四川旅游学院,shanghairanking-bcur,ShanghaiRanking,软科中国大学排名,2026,483,483,,,483.0,483,483,,116.4,主榜,China-mainland,https://www.shanghairanking.cn/rankings/bcur/202610,,2026-09-13,True,软科官方公开 API；rankDisplay 保留榜单显示名次，referenceRank 使用官方 rankOverall/主榜参考位次；分类榜名次不冒充全国主榜名次。,2026软科 483
RANK_SR_BCUR_2026_4136011504,4136011504,江西警察学院,shanghairanking-bcur,ShanghaiRanking,软科中国大学排名,2026,30,政30,,,30.0,483,483,,,政法,China-mainland,https://www.shanghairanking.cn/rankings/bcur/202610,,2026-09-13,True,软科官方公开 API；rankDisplay 保留榜单显示名次，referenceRank 使用官方 rankOverall/主榜参考位次；分类榜名次不冒充全国主榜名次。,2026软科政法 政30 · 主榜参考 483
RANK_SR_BCUR_2026_4113010098,4113010098,河北民族师范学院,shanghairanking-bcur,ShanghaiRanking,软科中国大学排名,2026,483,483,,,483.0,483,483,,116.4,主榜,China-mainland,https://www.shanghairanking.cn/rankings/bcur/202610,,2026-09-13,True,软科官方公开 API；rankDisplay 保留榜单显示名次，referenceRank 使用官方 rankOverall/主榜参考位次；分类榜名次不冒充全国主榜名次。,2026软科 483
RANK_SR_BCUR_2026_4137012331,4137012331,山东女子学院,shanghairanking-bcur,ShanghaiRanking,软科中国大学排名,2026,485,485,,,485.0,485,485,,116.3,主榜,China-mainland,https://www.shanghairanking.cn/rankings/bcur/202610,,2026-09-13,True,软科官方公开 API；rankDisplay 保留榜单显示名次，referenceRank 使用官方 rankOverall/主榜参考位次；分类榜名次不冒充全国主榜名次。,2026软科 485
RANK_SR_BCUR_2026_4161010722,4161010722,咸阳师范学院,shanghairanking-bcur,ShanghaiRanking,软科中国大学排名,2026,486,486,,,486.0,486,486,,116,主榜,China-mainland,https://www.shanghairanking.cn/rankings/bcur/202610,,2026-09-13,True,软科官方公开 API；rankDisplay 保留榜单显示名次，referenceRank 使用官方 rankOverall/主榜参考位次；分类榜名次不冒充全国主榜名次。,2026软科 486
RANK_SR_BCUR_2026_4137014438,4137014438,山东管理学院,shanghairanking-bcur,ShanghaiRanking,软科中国大学排名,2026,486,486,,,486.0,486,486,,116,主榜,China-mainland,https://www.shanghairanking.cn/rankings/bcur/202610,,2026-09-13,True,软科官方公开 API；rankDisplay 保留榜单显示名次，referenceRank 使用官方 rankOverall/主榜参考位次；分类榜名次不冒充全国主榜名次。,2026软科 486
RANK_SR_BCUR_2026_4122011439,4122011439,吉林农业科技学院,shanghairanking-bcur,ShanghaiRanking,软科中国大学排名,2026,488,488,,,488.0,488,488,,115.9,主榜,China-mainland,https://www.shanghairanking.cn/rankings/bcur/202610,,2026-09-13,True,软科官方公开 API；rankDisplay 保留榜单显示名次，referenceRank 使用官方 rankOverall/主榜参考位次；分类榜名次不冒充全国主榜名次。,2026软科 488
RANK_SR_BCUR_2026_4162010737,4162010737,兰州城市学院,shanghairanking-bcur,ShanghaiRanking,软科中国大学排名,2026,489,489,,,489.0,489,489,,115.6,主榜,China-mainland,https://www.shanghairanking.cn/rankings/bcur/202610,,2026-09-13,True,软科官方公开 API；rankDisplay 保留榜单显示名次，referenceRank 使用官方 rankOverall/主榜参考位次；分类榜名次不冒充全国主榜名次。,2026软科 489
RANK_SR_BCUR_2026_4134010379,4134010379,宿州学院,shanghairanking-bcur,ShanghaiRanking,软科中国大学排名,2026,490,490,,,490.0,490,490,,115.5,主榜,China-mainland,https://www.shanghairanking.cn/rankings/bcur/202610,,2026-09-13,True,软科官方公开 API；rankDisplay 保留榜单显示名次，referenceRank 使用官方 rankOverall/主榜参考位次；分类榜名次不冒充全国主榜名次。,2026软科 490
RANK_SR_BCUR_2026_4143010553,4143010553,湖南人文科技学院,shanghairanking-bcur,ShanghaiRanking,软科中国大学排名,2026,490,490,,,490.0,490,490,,115.5,主榜,China-mainland,https://www.shanghairanking.cn/rankings/bcur/202610,,2026-09-13,True,软科官方公开 API；rankDisplay 保留榜单显示名次，referenceRank 使用官方 rankOverall/主榜参考位次；分类榜名次不冒充全国主榜名次。,2026软科 490
RANK_SR_BCUR_2026_4141011330,4141011330,安阳工学院,shanghairanking-bcur,ShanghaiRanking,软科中国大学排名,2026,492,492,,,492.0,492,492,,115.3,主榜,China-mainland,https://www.shanghairanking.cn/rankings/bcur/202610,,2026-09-13,True,软科官方公开 API；rankDisplay 保留榜单显示名次，referenceRank 使用官方 rankOverall/主榜参考位次；分类榜名次不冒充全国主榜名次。,2026软科 492
RANK_SR_BCUR_2026_4152010669,4152010669,凯里学院,shanghairanking-bcur,ShanghaiRanking,软科中国大学排名,2026,493,493,,,493.0,493,493,,115.1,主榜,China-mainland,https://www.shanghairanking.cn/rankings/bcur/202610,,2026-09-13,True,软科官方公开 API；rankDisplay 保留榜单显示名次，referenceRank 使用官方 rankOverall/主榜参考位次；分类榜名次不冒充全国主榜名次。,2026软科 493
RANK_SR_BCUR_2026_4152010667,4152010667,安顺学院,shanghairanking-bcur,ShanghaiRanking,软科中国大学排名,2026,494,494,,,494.0,494,494,,114.9,主榜,China-mainland,https://www.shanghairanking.cn/rankings/bcur/202610,,2026-09-13,True,软科官方公开 API；rankDisplay 保留榜单显示名次，referenceRank 使用官方 rankOverall/主榜参考位次；分类榜名次不冒充全国主榜名次。,2026软科 494
RANK_SR_BCUR_2026_4114010122,4114010122,长治学院,shanghairanking-bcur,ShanghaiRanking,软科中国大学排名,2026,494,494,,,494.0,494,494,,114.9,主榜,China-mainland,https://www.shanghairanking.cn/rankings/bcur/202610,,2026-09-13,True,软科官方公开 API；rankDisplay 保留榜单显示名次，referenceRank 使用官方 rankOverall/主榜参考位次；分类榜名次不冒充全国主榜名次。,2026软科 494
RANK_SR_BCUR_2026_4134010381,4134010381,淮南师范学院,shanghairanking-bcur,ShanghaiRanking,软科中国大学排名,2026,496,496,,,496.0,496,496,,114.1,主榜,China-mainland,https://www.shanghairanking.cn/rankings/bcur/202610,,2026-09-13,True,软科官方公开 API；rankDisplay 保留榜单显示名次，referenceRank 使用官方 rankOverall/主榜参考位次；分类榜名次不冒充全国主榜名次。,2026软科 496
RANK_SR_BCUR_2026_4145011838,4145011838,贺州学院,shanghairanking-bcur,ShanghaiRanking,软科中国大学排名,2026,497,497,,,497.0,497,497,,114,主榜,China-mainland,https://www.shanghairanking.cn/rankings/bcur/202610,,2026-09-13,True,软科官方公开 API；rankDisplay 保留榜单显示名次，referenceRank 使用官方 rankOverall/主榜参考位次；分类榜名次不冒充全国主榜名次。,2026软科 497
RANK_SR_BCUR_2026_4141011071,4141011071,新乡学院,shanghairanking-bcur,ShanghaiRanking,软科中国大学排名,2026,498,498,,,498.0,498,498,,113.9,主榜,China-mainland,https://www.shanghairanking.cn/rankings/bcur/202610,,2026-09-13,True,软科官方公开 API；rankDisplay 保留榜单显示名次，referenceRank 使用官方 rankOverall/主榜参考位次；分类榜名次不冒充全国主榜名次。,2026软科 498
RANK_SR_BCUR_2026_4144010582,4144010582,嘉应学院,shanghairanking-bcur,ShanghaiRanking,软科中国大学排名,2026,499,499,,,499.0,499,499,,113.7,主榜,China-mainland,https://www.shanghairanking.cn/rankings/bcur/202610,,2026-09-13,True,软科官方公开 API；rankDisplay 保留榜单显示名次，referenceRank 使用官方 rankOverall/主榜参考位次；分类榜名次不冒充全国主榜名次。,2026软科 499
RANK_SR_BCUR_2026_4165010764,4165010764,伊犁师范大学,shanghairanking-bcur,ShanghaiRanking,软科中国大学排名,2026,500,500,,,500.0,500,500,,113.3,主榜,China-mainland,https://www.shanghairanking.cn/rankings/bcur/202610,,2026-09-13,True,软科官方公开 API；rankDisplay 保留榜单显示名次，referenceRank 使用官方 rankOverall/主榜参考位次；分类榜名次不冒充全国主榜名次。,2026软科 500
RANK_SR_BCVCR_2026_4132013103,4132013103,江苏农林职业技术学院,shanghairanking-bcvcr,ShanghaiRanking,软科中国高职院校排名,2026,1,1,,,1.0,1,1,,,农林,China-mainland,https://www.shanghairanking.cn/rankings/bcvcr/2026623,,2026-09-13,True,软科官方公开 API；rankDisplay 保留榜单显示名次，referenceRank 使用官方 rankOverall/主榜参考位次；分类榜名次不冒充全国主榜名次。,2026软科高职农林 1 · 总榜参考 1
RANK_SR_BCVCR_2026_4143010827,4143010827,长沙民政职业技术学院,shanghairanking-bcvcr,ShanghaiRanking,软科中国高职院校排名,2026,1,1,,,1.0,1,1,,,综合,China-mainland,https://www.shanghairanking.cn/rankings/bcvcr/2026623,,2026-09-13,True,软科官方公开 API；rankDisplay 保留榜单显示名次，referenceRank 使用官方 rankOverall/主榜参考位次；分类榜名次不冒充全国主榜名次。,2026软科高职综合 1 · 总榜参考 1
RANK_SR_BCVCR_2026_4133012870,4133012870,浙江金融职业学院,shanghairanking-bcvcr,ShanghaiRanking,软科中国高职院校排名,2026,1,1,,,1.0,2,2,,,财经,China-mainland,https://www.shanghairanking.cn/rankings/bcvcr/2026623,,2026-09-13,True,软科官方公开 API；rankDisplay 保留榜单显示名次，referenceRank 使用官方 rankOverall/主榜参考位次；分类榜名次不冒充全国主榜名次。,2026软科高职财经 1 · 总榜参考 2
RANK_SR_BCVCR_2026_4132013114,4132013114,常州机电职业技术学院,shanghairanking-bcvcr,ShanghaiRanking,软科中国高职院校排名,2026,1,1,,,1.0,3,3,,,理工,China-mainland,https://www.shanghairanking.cn/rankings/bcvcr/2026623,,2026-09-13,True,软科官方公开 API；rankDisplay 保留榜单显示名次，referenceRank 使用官方 rankOverall/主榜参考位次；分类榜名次不冒充全国主榜名次。,2026软科高职理工 1 · 总榜参考 3
RANK_SR_BCVCR_2026_4161012828,4161012828,西安航空职业技术学院,shanghairanking-bcvcr,ShanghaiRanking,软科中国高职院校排名,2026,2,2,,,2.0,4,4,,,理工,China-mainland,https://www.shanghairanking.cn/rankings/bcvcr/2026623,,2026-09-13,True,软科官方公开 API；rankDisplay 保留榜单显示名次，referenceRank 使用官方 rankOverall/主榜参考位次；分类榜名次不冒充全国主榜名次。,2026软科高职理工 2 · 总榜参考 4
RANK_SR_BCVCR_2026_4141010824,4141010824,河南职业技术学院,shanghairanking-bcvcr,ShanghaiRanking,软科中国高职院校排名,2026,3,3,,,3.0,5,5,,,理工,China-mainland,https://www.shanghairanking.cn/rankings/bcvcr/2026623,,2026-09-13,True,软科官方公开 API；rankDisplay 保留榜单显示名次，referenceRank 使用官方 rankOverall/主榜参考位次；分类榜名次不冒充全国主榜名次。,2026软科高职理工 3 · 总榜参考 5
RANK_SR_BCVCR_2026_4132013112,4132013112,南京信息职业技术学院,shanghairanking-bcvcr,ShanghaiRanking,软科中国高职院校排名,2026,4,4,,,4.0,6,6,,,理工,China-mainland,https://www.shanghairanking.cn/rankings/bcvcr/2026623,,2026-09-13,True,软科官方公开 API；rankDisplay 保留榜单显示名次，referenceRank 使用官方 rankOverall/主榜参考位次；分类榜名次不冒充全国主榜名次。,2026软科高职理工 4 · 总榜参考 6
RANK_SR_BCVCR_2026_4161013566,4161013566,陕西铁路工程职业技术学院,shanghairanking-bcvcr,ShanghaiRanking,软科中国高职院校排名,2026,5,5,,,5.0,7,7,,,理工,China-mainland,https://www.shanghairanking.cn/rankings/bcvcr/2026623,,2026-09-13,True,软科官方公开 API；rankDisplay 保留榜单显示名次，referenceRank 使用官方 rankOverall/主榜参考位次；分类榜名次不冒充全国主榜名次。,2026软科高职理工 5 · 总榜参考 7
RANK_SR_BCVCR_2026_4111010853,4111010853,北京工业职业技术学院,shanghairanking-bcvcr,ShanghaiRanking,软科中国高职院校排名,2026,6,6,,,6.0,8,8,,,理工,China-mainland,https://www.shanghairanking.cn/rankings/bcvcr/2026623,,2026-09-13,True,软科官方公开 API；rankDisplay 保留榜单显示名次，referenceRank 使用官方 rankOverall/主榜参考位次；分类榜名次不冒充全国主榜名次。,2026软科高职理工 6 · 总榜参考 8
RANK_SR_BCVCR_2026_4132012806,4132012806,江苏农牧科技职业学院,shanghairanking-bcvcr,ShanghaiRanking,软科中国高职院校排名,2026,2,2,,,2.0,8,8,,,农林,China-mainland,https://www.shanghairanking.cn/rankings/bcvcr/2026623,,2026-09-13,True,软科官方公开 API；rankDisplay 保留榜单显示名次，referenceRank 使用官方 rankOverall/主榜参考位次；分类榜名次不冒充全国主榜名次。,2026软科高职农林 2 · 总榜参考 8
RANK_SR_BCVCR_2026_4111012561,4111012561,北京财贸职业学院,shanghairanking-bcvcr,ShanghaiRanking,软科中国高职院校排名,2026,2,2,,,2.0,10,10,,,财经,China-mainland,https://www.shanghairanking.cn/rankings/bcvcr/2026623,,2026-09-13,True,软科官方公开 API；rankDisplay 保留榜单显示名次，referenceRank 使用官方 rankOverall/主榜参考位次；分类榜名次不冒充全国主榜名次。,2026软科高职财经 2 · 总榜参考 10
RANK_SR_BCVCR_2026_4137013323,4137013323,济南职业学院,shanghairanking-bcvcr,ShanghaiRanking,软科中国高职院校排名,2026,2,2,,,2.0,11,11,,,综合,China-mainland,https://www.shanghairanking.cn/rankings/bcvcr/2026623,,2026-09-13,True,软科官方公开 API；rankDisplay 保留榜单显示名次，referenceRank 使用官方 rankOverall/主榜参考位次；分类榜名次不冒充全国主榜名次。,2026软科高职综合 2 · 总榜参考 11
RANK_SR_BCVCR_2026_4143012302,4143012302,湖南铁道职业技术学院,shanghairanking-bcvcr,ShanghaiRanking,软科中国高职院校排名,2026,7,7,,,7.0,11,11,,,理工,China-mainland,https://www.shanghairanking.cn/rankings/bcvcr/2026623,,2026-09-13,True,软科官方公开 API；rankDisplay 保留榜单显示名次，referenceRank 使用官方 rankOverall/主榜参考位次；分类榜名次不冒充全国主榜名次。,2026软科高职理工 7 · 总榜参考 11
RANK_SR_BCVCR_2026_4133012036,4133012036,浙江交通职业技术学院,shanghairanking-bcvcr,ShanghaiRanking,软科中国高职院校排名,2026,8,8,,,8.0,12,12,,,理工,China-mainland,https://www.shanghairanking.cn/rankings/bcvcr/2026623,,2026-09-13,True,软科官方公开 API；rankDisplay 保留榜单显示名次，referenceRank 使用官方 rankOverall/主榜参考位次；分类榜名次不冒充全国主榜名次。,2026软科高职理工 8 · 总榜参考 12
RANK_SR_BCVCR_2026_4133012867,4133012867,浙江旅游职业学院,shanghairanking-bcvcr,ShanghaiRanking,软科中国高职院校排名,2026,3,3,,,3.0,13,13,,,财经,China-mainland,https://www.shanghairanking.cn/rankings/bcvcr/2026623,,2026-09-13,True,软科官方公开 API；rankDisplay 保留榜单显示名次，referenceRank 使用官方 rankOverall/主榜参考位次；分类榜名次不冒充全国主榜名次。,2026软科高职财经 3 · 总榜参考 13
RANK_SR_BCVCR_2026_4135010866,4135010866,福建船政交通职业学院,shanghairanking-bcvcr,ShanghaiRanking,软科中国高职院校排名,2026,9,9,,,9.0,13,13,,,理工,China-mainland,https://www.shanghairanking.cn/rankings/bcvcr/2026623,,2026-09-13,True,软科官方公开 API；rankDisplay 保留榜单显示名次，referenceRank 使用官方 rankOverall/主榜参考位次；分类榜名次不冒充全国主榜名次。,2026软科高职理工 9 · 总榜参考 13
RANK_SR_BCVCR_2026_4132013754,4132013754,扬州工业职业技术学院,shanghairanking-bcvcr,ShanghaiRanking,软科中国高职院校排名,2026,10,10,,,10.0,15,15,,,理工,China-mainland,https://www.shanghairanking.cn/rankings/bcvcr/2026623,,2026-09-13,True,软科官方公开 API；rankDisplay 保留榜单显示名次，referenceRank 使用官方 rankOverall/主榜参考位次；分类榜名次不冒充全国主榜名次。,2026软科高职理工 10 · 总榜参考 15
RANK_SR_BCVCR_2026_4144012572,4144012572,广东科学技术职业学院,shanghairanking-bcvcr,ShanghaiRanking,软科中国高职院校排名,2026,11,11,,,11.0,16,16,,,理工,China-mainland,https://www.shanghairanking.cn/rankings/bcvcr/2026623,,2026-09-13,True,软科官方公开 API；rankDisplay 保留榜单显示名次，referenceRank 使用官方 rankOverall/主榜参考位次；分类榜名次不冒充全国主榜名次。,2026软科高职理工 11 · 总榜参考 16
RANK_SR_BCVCR_2026_4136012942,4136012942,江西应用技术职业学院,shanghairanking-bcvcr,ShanghaiRanking,软科中国高职院校排名,2026,12,12,,,12.0,17,17,,,理工,China-mainland,https://www.shanghairanking.cn/rankings/bcvcr/2026623,,2026-09-13,True,软科官方公开 API；rankDisplay 保留榜单显示名次，referenceRank 使用官方 rankOverall/主榜参考位次；分类榜名次不冒充全国主榜名次。,2026软科高职理工 12 · 总榜参考 17
RANK_SR_BCVCR_2026_4137012391,4137012391,潍坊职业学院,shanghairanking-bcvcr,ShanghaiRanking,软科中国高职院校排名,2026,3,3,,,3.0,17,17,,,综合,China-mainland,https://www.shanghairanking.cn/rankings/bcvcr/2026623,,2026-09-13,True,软科官方公开 API；rankDisplay 保留榜单显示名次，referenceRank 使用官方 rankOverall/主榜参考位次；分类榜名次不冒充全国主榜名次。,2026软科高职综合 3 · 总榜参考 17
RANK_SR_BCVCR_2026_4151012635,4151012635,成都职业技术学院,shanghairanking-bcvcr,ShanghaiRanking,软科中国高职院校排名,2026,4,4,,,4.0,18,18,,,综合,China-mainland,https://www.shanghairanking.cn/rankings/bcvcr/2026623,,2026-09-13,True,软科官方公开 API；rankDisplay 保留榜单显示名次，referenceRank 使用官方 rankOverall/主榜参考位次；分类榜名次不冒充全国主榜名次。,2026软科高职综合 4 · 总榜参考 18
RANK_SR_BCVCR_2026_4132012808,4132012808,苏州农业职业技术学院,shanghairanking-bcvcr,ShanghaiRanking,软科中国高职院校排名,2026,3,3,,,3.0,18,18,,,农林,China-mainland,https://www.shanghairanking.cn/rankings/bcvcr/2026623,,2026-09-13,True,软科官方公开 API；rankDisplay 保留榜单显示名次，referenceRank 使用官方 rankOverall/主榜参考位次；分类榜名次不冒充全国主榜名次。,2026软科高职农林 3 · 总榜参考 18
RANK_SR_BCVCR_2026_4133013003,4133013003,义乌工商职业技术学院,shanghairanking-bcvcr,ShanghaiRanking,软科中国高职院校排名,2026,4,4,,,4.0,20,20,,,财经,China-mainland,https://www.shanghairanking.cn/rankings/bcvcr/2026623,,2026-09-13,True,软科官方公开 API；rankDisplay 保留榜单显示名次，referenceRank 使用官方 rankOverall/主榜参考位次；分类榜名次不冒充全国主榜名次。,2026软科高职财经 4 · 总榜参考 20
RANK_SR_BCVCR_2026_4135012626,4135012626,福建信息职业技术学院,shanghairanking-bcvcr,ShanghaiRanking,软科中国高职院校排名,2026,13,13,,,13.0,20,20,,,理工,China-mainland,https://www.shanghairanking.cn/rankings/bcvcr/2026623,,2026-09-13,True,软科官方公开 API；rankDisplay 保留榜单显示名次，referenceRank 使用官方 rankOverall/主榜参考位次；分类榜名次不冒充全国主榜名次。,2026软科高职理工 13 · 总榜参考 20
RANK_SR_BCVCR_2026_4144012743,4144012743,广东机电职业技术学院,shanghairanking-bcvcr,ShanghaiRanking,软科中国高职院校排名,2026,14,14,,,14.0,21,21,,,理工,China-mainland,https://www.shanghairanking.cn/rankings/bcvcr/2026623,,2026-09-13,True,软科官方公开 API；rankDisplay 保留榜单显示名次，referenceRank 使用官方 rankOverall/主榜参考位次；分类榜名次不冒充全国主榜名次。,2026软科高职理工 14 · 总榜参考 21
RANK_SR_BCVCR_2026_4132013106,4132013106,南京铁道职业技术学院,shanghairanking-bcvcr,ShanghaiRanking,软科中国高职院校排名,2026,15,15,,,15.0,23,23,,,理工,China-mainland,https://www.shanghairanking.cn/rankings/bcvcr/2026623,,2026-09-13,True,软科官方公开 API；rankDisplay 保留榜单显示名次，referenceRank 使用官方 rankOverall/主榜参考位次；分类榜名次不冒充全国主榜名次。,2026软科高职理工 15 · 总榜参考 23
RANK_SR_BCVCR_2026_4132012047,4132012047,江苏经贸职业技术学院,shanghairanking-bcvcr,ShanghaiRanking,软科中国高职院校排名,2026,5,5,,,5.0,23,23,,,财经,China-mainland,https://www.shanghairanking.cn/rankings/bcvcr/2026623,,2026-09-13,True,软科官方公开 API；rankDisplay 保留榜单显示名次，referenceRank 使用官方 rankOverall/主榜参考位次；分类榜名次不冒充全国主榜名次。,2026软科高职财经 5 · 总榜参考 23
RANK_SR_BCVCR_2026_4114011630,4114011630,山西省财政税务专科学校,shanghairanking-bcvcr,ShanghaiRanking,软科中国高职院校排名,2026,6,6,,,6.0,25,25,,,财经,China-mainland,https://www.shanghairanking.cn/rankings/bcvcr/2026623,,2026-09-13,True,软科官方公开 API；rankDisplay 保留榜单显示名次，referenceRank 使用官方 rankOverall/主榜参考位次；分类榜名次不冒充全国主榜名次。,2026软科高职财经 6 · 总榜参考 25
RANK_SR_BCVCR_2026_4145012356,4145012356,广西交通职业技术学院,shanghairanking-bcvcr,ShanghaiRanking,软科中国高职院校排名,2026,16,16,,,16.0,25,25,,,理工,China-mainland,https://www.shanghairanking.cn/rankings/bcvcr/2026623,,2026-09-13,True,软科官方公开 API；rankDisplay 保留榜单显示名次，referenceRank 使用官方 rankOverall/主榜参考位次；分类榜名次不冒充全国主榜名次。,2026软科高职理工 16 · 总榜参考 25
RANK_SR_BCVCR_2026_4144013943,4144013943,广州铁路职业技术学院,shanghairanking-bcvcr,ShanghaiRanking,软科中国高职院校排名,2026,17,17,,,17.0,27,27,,,理工,China-mainland,https://www.shanghairanking.cn/rankings/bcvcr/2026623,,2026-09-13,True,软科官方公开 API；rankDisplay 保留榜单显示名次，referenceRank 使用官方 rankOverall/主榜参考位次；分类榜名次不冒充全国主榜名次。,2026软科高职理工 17 · 总榜参考 27
RANK_SR_BCVCR_2026_4142012052,4142012052,武汉船舶职业技术学院,shanghairanking-bcvcr,ShanghaiRanking,软科中国高职院校排名,2026,18,18,,,18.0,28,28,,,理工,China-mainland,https://www.shanghairanking.cn/rankings/bcvcr/2026623,,2026-09-13,True,软科官方公开 API；rankDisplay 保留榜单显示名次，referenceRank 使用官方 rankOverall/主榜参考位次；分类榜名次不冒充全国主榜名次。,2026软科高职理工 18 · 总榜参考 28
RANK_SR_BCVCR_2026_4133012791,4133012791,浙江工贸职业技术学院,shanghairanking-bcvcr,ShanghaiRanking,软科中国高职院校排名,2026,5,5,,,5.0,29,29,,,综合,China-mainland,https://www.shanghairanking.cn/rankings/bcvcr/2026623,,2026-09-13,True,软科官方公开 API；rankDisplay 保留榜单显示名次，referenceRank 使用官方 rankOverall/主榜参考位次；分类榜名次不冒充全国主榜名次。,2026软科高职综合 5 · 总榜参考 29
RANK_SR_BCVCR_2026_4137013011,4137013011,青岛酒店管理职业技术学院,shanghairanking-bcvcr,ShanghaiRanking,软科中国高职院校排名,2026,7,7,,,7.0,29,29,,,财经,China-mainland,https://www.shanghairanking.cn/rankings/bcvcr/2026623,,2026-09-13,True,软科官方公开 API；rankDisplay 保留榜单显示名次，referenceRank 使用官方 rankOverall/主榜参考位次；分类榜名次不冒充全国主榜名次。,2026软科高职财经 7 · 总榜参考 29
RANK_SR_BCVCR_2026_4113013071,4113013071,河北交通职业技术学院,shanghairanking-bcvcr,ShanghaiRanking,软科中国高职院校排名,2026,19,19,,,19.0,30,30,,,理工,China-mainland,https://www.shanghairanking.cn/rankings/bcvcr/2026623,,2026-09-13,True,软科官方公开 API；rankDisplay 保留榜单显示名次，referenceRank 使用官方 rankOverall/主榜参考位次；分类榜名次不冒充全国主榜名次。,2026软科高职理工 19 · 总榜参考 30
RANK_SR_BCVCR_2026_4136012934,4136012934,江西环境工程职业学院,shanghairanking-bcvcr,ShanghaiRanking,软科中国高职院校排名,2026,4,4,,,4.0,31,31,,,农林,China-mainland,https://www.shanghairanking.cn/rankings/bcvcr/2026623,,2026-09-13,True,软科官方公开 API；rankDisplay 保留榜单显示名次，referenceRank 使用官方 rankOverall/主榜参考位次；分类榜名次不冒充全国主榜名次。,2026软科高职农林 4 · 总榜参考 31
RANK_SR_BCVCR_2026_4143010830,4143010830,湖南工业职业技术学院,shanghairanking-bcvcr,ShanghaiRanking,软科中国高职院校排名,2026,20,20,,,20.0,31,31,,,理工,China-mainland,https://www.shanghairanking.cn/rankings/bcvcr/2026623,,2026-09-13,True,软科官方公开 API；rankDisplay 保留榜单显示名次，referenceRank 使用官方 rankOverall/主榜参考位次；分类榜名次不冒充全国主榜名次。,2026软科高职理工 20 · 总榜参考 31
RANK_SR_BCVCR_2026_4131012495,4131012495,上海城建职业学院,shanghairanking-bcvcr,ShanghaiRanking,软科中国高职院校排名,2026,21,21,,,21.0,33,33,,,理工,China-mainland,https://www.shanghairanking.cn/rankings/bcvcr/2026623,,2026-09-13,True,软科官方公开 API；rankDisplay 保留榜单显示名次，referenceRank 使用官方 rankOverall/主榜参考位次；分类榜名次不冒充全国主榜名次。,2026软科高职理工 21 · 总榜参考 33
RANK_SR_BCVCR_2026_4131012499,4131012499,上海电子信息职业技术学院,shanghairanking-bcvcr,ShanghaiRanking,软科中国高职院校排名,2026,22,22,,,22.0,34,34,,,理工,China-mainland,https://www.shanghairanking.cn/rankings/bcvcr/2026623,,2026-09-13,True,软科官方公开 API；rankDisplay 保留榜单显示名次，referenceRank 使用官方 rankOverall/主榜参考位次；分类榜名次不冒充全国主榜名次。,2026软科高职理工 22 · 总榜参考 34
RANK_SR_BCVCR_2026_4133012864,4133012864,浙江经贸职业技术学院,shanghairanking-bcvcr,ShanghaiRanking,软科中国高职院校排名,2026,8,8,,,8.0,34,34,,,财经,China-mainland,https://www.shanghairanking.cn/rankings/bcvcr/2026623,,2026-09-13,True,软科官方公开 API；rankDisplay 保留榜单显示名次，referenceRank 使用官方 rankOverall/主榜参考位次；分类榜名次不冒充全国主榜名次。,2026软科高职财经 8 · 总榜参考 34
RANK_SR_BCVCR_2026_4144010861,4144010861,广东交通职业技术学院,shanghairanking-bcvcr,ShanghaiRanking,软科中国高职院校排名,2026,23,23,,,23.0,35,35,,,理工,China-mainland,https://www.shanghairanking.cn/rankings/bcvcr/2026623,,2026-09-13,True,软科官方公开 API；rankDisplay 保留榜单显示名次，referenceRank 使用官方 rankOverall/主榜参考位次；分类榜名次不冒充全国主榜名次。,2026软科高职理工 23 · 总榜参考 35
RANK_SR_BCVCR_2026_4143012055,4143012055,长沙航空职业技术学院,shanghairanking-bcvcr,ShanghaiRanking,软科中国高职院校排名,2026,23,23,,,23.0,35,35,,,理工,China-mainland,https://www.shanghairanking.cn/rankings/bcvcr/2026623,,2026-09-13,True,软科官方公开 API；rankDisplay 保留榜单显示名次，referenceRank 使用官方 rankOverall/主榜参考位次；分类榜名次不冒充全国主榜名次。,2026软科高职理工 23 · 总榜参考 35
RANK_SR_BCVCR_2026_4142011796,4142011796,武汉城市职业学院,shanghairanking-bcvcr,ShanghaiRanking,软科中国高职院校排名,2026,6,6,,,6.0,37,37,,,综合,China-mainland,https://www.shanghairanking.cn/rankings/bcvcr/2026623,,2026-09-13,True,软科官方公开 API；rankDisplay 保留榜单显示名次，referenceRank 使用官方 rankOverall/主榜参考位次；分类榜名次不冒充全国主榜名次。,2026软科高职综合 6 · 总榜参考 37
RANK_SR_BCVCR_2026_4142012978,4142012978,武汉软件工程职业学院,shanghairanking-bcvcr,ShanghaiRanking,软科中国高职院校排名,2026,25,25,,,25.0,37,37,,,理工,China-mainland,https://www.shanghairanking.cn/rankings/bcvcr/2026623,,2026-09-13,True,软科官方公开 API；rankDisplay 保留榜单显示名次，referenceRank 使用官方 rankOverall/主榜参考位次；分类榜名次不冒充全国主榜名次。,2026软科高职理工 25 · 总榜参考 37
RANK_SR_BCVCR_2026_4133012866,4133012866,浙江经济职业技术学院,shanghairanking-bcvcr,ShanghaiRanking,软科中国高职院校排名,2026,9,9,,,9.0,39,39,,,财经,China-mainland,https://www.shanghairanking.cn/rankings/bcvcr/2026623,,2026-09-13,True,软科官方公开 API；rankDisplay 保留榜单显示名次，referenceRank 使用官方 rankOverall/主榜参考位次；分类榜名次不冒充全国主榜名次。,2026软科高职财经 9 · 总榜参考 39
RANK_SR_BCVCR_2026_4133012865,4133012865,浙江商业职业技术学院,shanghairanking-bcvcr,ShanghaiRanking,软科中国高职院校排名,2026,10,10,,,10.0,40,40,,,财经,China-mainland,https://www.shanghairanking.cn/rankings/bcvcr/2026623,,2026-09-13,True,软科官方公开 API；rankDisplay 保留榜单显示名次，referenceRank 使用官方 rankOverall/主榜参考位次；分类榜名次不冒充全国主榜名次。,2026软科高职财经 10 · 总榜参考 40
RANK_SR_BCVCR_2026_4135011314,4135011314,漳州职业技术学院,shanghairanking-bcvcr,ShanghaiRanking,软科中国高职院校排名,2026,26,26,,,26.0,41,41,,,理工,China-mainland,https://www.shanghairanking.cn/rankings/bcvcr/2026623,,2026-09-13,True,软科官方公开 API；rankDisplay 保留榜单显示名次，referenceRank 使用官方 rankOverall/主榜参考位次；分类榜名次不冒充全国主榜名次。,2026软科高职理工 26 · 总榜参考 41
RANK_SR_BCVCR_2026_4121011500,4121011500,辽宁省交通高等专科学校,shanghairanking-bcvcr,ShanghaiRanking,软科中国高职院校排名,2026,27,27,,,27.0,42,42,,,理工,China-mainland,https://www.shanghairanking.cn/rankings/bcvcr/2026623,,2026-09-13,True,软科官方公开 API；rankDisplay 保留榜单显示名次，referenceRank 使用官方 rankOverall/主榜参考位次；分类榜名次不冒充全国主榜名次。,2026软科高职理工 27 · 总榜参考 42
RANK_SR_BCVCR_2026_4132013108,4132013108,江苏信息职业技术学院,shanghairanking-bcvcr,ShanghaiRanking,软科中国高职院校排名,2026,28,28,,,28.0,43,43,,,理工,China-mainland,https://www.shanghairanking.cn/rankings/bcvcr/2026623,,2026-09-13,True,软科官方公开 API；rankDisplay 保留榜单显示名次，referenceRank 使用官方 rankOverall/主榜参考位次；分类榜名次不冒充全国主榜名次。,2026软科高职理工 28 · 总榜参考 43
RANK_SR_BCVCR_2026_4142012977,4142012977,武汉铁路职业技术学院,shanghairanking-bcvcr,ShanghaiRanking,软科中国高职院校排名,2026,29,29,,,29.0,44,44,,,理工,China-mainland,https://www.shanghairanking.cn/rankings/bcvcr/2026623,,2026-09-13,True,软科官方公开 API；rankDisplay 保留榜单显示名次，referenceRank 使用官方 rankOverall/主榜参考位次；分类榜名次不冒充全国主榜名次。,2026软科高职理工 29 · 总榜参考 44
RANK_SR_BCVCR_2026_4161012827,4161012827,陕西国防工业职业技术学院,shanghairanking-bcvcr,ShanghaiRanking,软科中国高职院校排名,2026,30,30,,,30.0,45,45,,,理工,China-mainland,https://www.shanghairanking.cn/rankings/bcvcr/2026623,,2026-09-13,True,软科官方公开 API；rankDisplay 保留榜单显示名次，referenceRank 使用官方 rankOverall/主榜参考位次；分类榜名次不冒充全国主榜名次。,2026软科高职理工 30 · 总榜参考 45
RANK_SR_BCVCR_2026_4132012702,4132012702,无锡商业职业技术学院,shanghairanking-bcvcr,ShanghaiRanking,软科中国高职院校排名,2026,11,11,,,11.0,47,47,,,财经,China-mainland,https://www.shanghairanking.cn/rankings/bcvcr/2026623,,2026-09-13,True,软科官方公开 API；rankDisplay 保留榜单显示名次，referenceRank 使用官方 rankOverall/主榜参考位次；分类榜名次不冒充全国主榜名次。,2026软科高职财经 11 · 总榜参考 47
RANK_SR_BCVCR_2026_4132010958,4132010958,江苏工程职业技术学院,shanghairanking-bcvcr,ShanghaiRanking,软科中国高职院校排名,2026,31,31,,,31.0,47,47,,,理工,China-mainland,https://www.shanghairanking.cn/rankings/bcvcr/2026623,,2026-09-13,True,软科官方公开 API；rankDisplay 保留榜单显示名次，referenceRank 使用官方 rankOverall/主榜参考位次；分类榜名次不冒充全国主榜名次。,2026软科高职理工 31 · 总榜参考 47
RANK_SR_BCVCR_2026_4132013107,4132013107,徐州工业职业技术学院,shanghairanking-bcvcr,ShanghaiRanking,软科中国高职院校排名,2026,32,32,,,32.0,48,48,,,理工,China-mainland,https://www.shanghairanking.cn/rankings/bcvcr/2026623,,2026-09-13,True,软科官方公开 API；rankDisplay 保留榜单显示名次，referenceRank 使用官方 rankOverall/主榜参考位次；分类榜名次不冒充全国主榜名次。,2026软科高职理工 32 · 总榜参考 48
RANK_SR_BCVCR_2026_4132012679,4132012679,江苏海事职业技术学院,shanghairanking-bcvcr,ShanghaiRanking,软科中国高职院校排名,2026,33,33,,,33.0,49,49,,,理工,China-mainland,https://www.shanghairanking.cn/rankings/bcvcr/2026623,,2026-09-13,True,软科官方公开 API；rankDisplay 保留榜单显示名次，referenceRank 使用官方 rankOverall/主榜参考位次；分类榜名次不冒充全国主榜名次。,2026软科高职理工 33 · 总榜参考 49
RANK_SR_BCVCR_2026_4113013072,4113013072,河北化工医药职业技术学院,shanghairanking-bcvcr,ShanghaiRanking,软科中国高职院校排名,2026,34,34,,,34.0,50,50,,,理工,China-mainland,https://www.shanghairanking.cn/rankings/bcvcr/2026623,,2026-09-13,True,软科官方公开 API；rankDisplay 保留榜单显示名次，referenceRank 使用官方 rankOverall/主榜参考位次；分类榜名次不冒充全国主榜名次。,2026软科高职理工 34 · 总榜参考 50
RANK_SR_BCVCR_2026_4132013102,4132013102,常州工程职业技术学院,shanghairanking-bcvcr,ShanghaiRanking,软科中国高职院校排名,2026,35,35,,,35.0,51,51,,,理工,China-mainland,https://www.shanghairanking.cn/rankings/bcvcr/2026623,,2026-09-13,True,软科官方公开 API；rankDisplay 保留榜单显示名次，referenceRank 使用官方 rankOverall/主榜参考位次；分类榜名次不冒充全国主榜名次。,2026软科高职理工 35 · 总榜参考 51
RANK_SR_BCVCR_2026_4141013788,4141013788,河南经贸职业学院,shanghairanking-bcvcr,ShanghaiRanking,软科中国高职院校排名,2026,12,12,,,12.0,52,52,,,财经,China-mainland,https://www.shanghairanking.cn/rankings/bcvcr/2026623,,2026-09-13,True,软科官方公开 API；rankDisplay 保留榜单显示名次，referenceRank 使用官方 rankOverall/主榜参考位次；分类榜名次不冒充全国主榜名次。,2026软科高职财经 12 · 总榜参考 52
RANK_SR_BCVCR_2026_4150014008,4150014008,重庆三峡医药高等专科学校,shanghairanking-bcvcr,ShanghaiRanking,软科中国高职院校排名,2026,1,1,,,1.0,52,52,,,医药,China-mainland,https://www.shanghairanking.cn/rankings/bcvcr/2026623,,2026-09-13,True,软科官方公开 API；rankDisplay 保留榜单显示名次，referenceRank 使用官方 rankOverall/主榜参考位次；分类榜名次不冒充全国主榜名次。,2026软科高职医药 1 · 总榜参考 52
RANK_SR_BCVCR_2026_4137012328,4137012328,山东职业学院,shanghairanking-bcvcr,ShanghaiRanking,软科中国高职院校排名,2026,36,36,,,36.0,53,53,,,理工,China-mainland,https://www.shanghairanking.cn/rankings/bcvcr/2026623,,2026-09-13,True,软科官方公开 API；rankDisplay 保留榜单显示名次，referenceRank 使用官方 rankOverall/主榜参考位次；分类榜名次不冒充全国主榜名次。,2026软科高职理工 36 · 总榜参考 53
RANK_SR_BCVCR_2026_4150013967,4150013967,重庆工商职业学院,shanghairanking-bcvcr,ShanghaiRanking,软科中国高职院校排名,2026,7,7,,,7.0,53,53,,,综合,China-mainland,https://www.shanghairanking.cn/rankings/bcvcr/2026623,,2026-09-13,True,软科官方公开 API；rankDisplay 保留榜单显示名次，referenceRank 使用官方 rankOverall/主榜参考位次；分类榜名次不冒充全国主榜名次。,2026软科高职综合 7 · 总榜参考 53
RANK_SR_BCVCR_2026_4113012424,4113012424,石家庄铁路职业技术学院,shanghairanking-bcvcr,ShanghaiRanking,软科中国高职院校排名,2026,37,37,,,37.0,54,54,,,理工,China-mainland,https://www.shanghairanking.cn/rankings/bcvcr/2026623,,2026-09-13,True,软科官方公开 API；rankDisplay 保留榜单显示名次，referenceRank 使用官方 rankOverall/主榜参考位次；分类榜名次不冒充全国主榜名次。,2026软科高职理工 37 · 总榜参考 54
RANK_SR_BCVCR_2026_4132012685,4132012685,苏州经贸职业技术学院,shanghairanking-bcvcr,ShanghaiRanking,软科中国高职院校排名,2026,13,13,,,13.0,54,54,,,财经,China-mainland,https://www.shanghairanking.cn/rankings/bcvcr/2026623,,2026-09-13,True,软科官方公开 API；rankDisplay 保留榜单显示名次，referenceRank 使用官方 rankOverall/主榜参考位次；分类榜名次不冒充全国主榜名次。,2026软科高职财经 13 · 总榜参考 54
RANK_SR_BCVCR_2026_4112012720,4112012720,天津电子信息职业技术学院,shanghairanking-bcvcr,ShanghaiRanking,软科中国高职院校排名,2026,38,38,,,38.0,55,55,,,理工,China-mainland,https://www.shanghairanking.cn/rankings/bcvcr/2026623,,2026-09-13,True,软科官方公开 API；rankDisplay 保留榜单显示名次，referenceRank 使用官方 rankOverall/主榜参考位次；分类榜名次不冒充全国主榜名次。,2026软科高职理工 38 · 总榜参考 55
RANK_SR_BCVCR_2026_4132012703,4132012703,江苏航运职业技术学院,shanghairanking-bcvcr,ShanghaiRanking,软科中国高职院校排名,2026,38,38,,,38.0,55,55,,,理工,China-mainland,https://www.shanghairanking.cn/rankings/bcvcr/2026623,,2026-09-13,True,软科官方公开 API；rankDisplay 保留榜单显示名次，referenceRank 使用官方 rankOverall/主榜参考位次；分类榜名次不冒充全国主榜名次。,2026软科高职理工 38 · 总榜参考 55
RANK_SR_BCVCR_2026_4132013101,4132013101,常州工业职业技术学院,shanghairanking-bcvcr,ShanghaiRanking,软科中国高职院校排名,2026,40,40,,,40.0,58,58,,,理工,China-mainland,https://www.shanghairanking.cn/rankings/bcvcr/2026623,,2026-09-13,True,软科官方公开 API；rankDisplay 保留榜单显示名次，referenceRank 使用官方 rankOverall/主榜参考位次；分类榜名次不冒充全国主榜名次。,2026软科高职理工 40 · 总榜参考 58
RANK_SR_BCVCR_2026_4132013104,4132013104,江苏食品药品职业技术学院,shanghairanking-bcvcr,ShanghaiRanking,软科中国高职院校排名,2026,8,8,,,8.0,58,58,,,综合,China-mainland,https://www.shanghairanking.cn/rankings/bcvcr/2026623,,2026-09-13,True,软科官方公开 API；rankDisplay 保留榜单显示名次，referenceRank 使用官方 rankOverall/主榜参考位次；分类榜名次不冒充全国主榜名次。,2026软科高职综合 8 · 总榜参考 58
RANK_SR_BCVCR_2026_4137012947,4137012947,山东畜牧兽医职业学院,shanghairanking-bcvcr,ShanghaiRanking,软科中国高职院校排名,2026,5,5,,,5.0,61,61,,,农林,China-mainland,https://www.shanghairanking.cn/rankings/bcvcr/2026623,,2026-09-13,True,软科官方公开 API；rankDisplay 保留榜单显示名次，referenceRank 使用官方 rankOverall/主榜参考位次；分类榜名次不冒充全国主榜名次。,2026软科高职农林 5 · 总榜参考 61
RANK_SR_BCVCR_2026_4112012880,4112012880,天津医学高等专科学校,shanghairanking-bcvcr,ShanghaiRanking,软科中国高职院校排名,2026,2,2,,,2.0,62,62,,,医药,China-mainland,https://www.shanghairanking.cn/rankings/bcvcr/2026623,,2026-09-13,True,软科官方公开 API；rankDisplay 保留榜单显示名次，referenceRank 使用官方 rankOverall/主榜参考位次；分类榜名次不冒充全国主榜名次。,2026软科高职医药 2 · 总榜参考 62
RANK_SR_BCVCR_2026_4115012674,4115012674,内蒙古机电职业技术学院,shanghairanking-bcvcr,ShanghaiRanking,软科中国高职院校排名,2026,41,41,,,41.0,64,64,,,理工,China-mainland,https://www.shanghairanking.cn/rankings/bcvcr/2026623,,2026-09-13,True,软科官方公开 API；rankDisplay 保留榜单显示名次，referenceRank 使用官方 rankOverall/主榜参考位次；分类榜名次不冒充全国主榜名次。,2026软科高职理工 41 · 总榜参考 64
RANK_SR_BCVCR_2026_4133012862,4133012862,浙江建设职业技术学院,shanghairanking-bcvcr,ShanghaiRanking,软科中国高职院校排名,2026,42,42,,,42.0,65,65,,,理工,China-mainland,https://www.shanghairanking.cn/rankings/bcvcr/2026623,,2026-09-13,True,软科官方公开 API；rankDisplay 保留榜单显示名次，referenceRank 使用官方 rankOverall/主榜参考位次；分类榜名次不冒充全国主榜名次。,2026软科高职理工 42 · 总榜参考 65
RANK_SR_BCVCR_2026_4144012736,4144012736,广东职业技术学院,shanghairanking-bcvcr,ShanghaiRanking,软科中国高职院校排名,2026,43,43,,,43.0,66,66,,,理工,China-mainland,https://www.shanghairanking.cn/rankings/bcvcr/2026623,,2026-09-13,True,软科官方公开 API；rankDisplay 保留榜单显示名次，referenceRank 使用官方 rankOverall/主榜参考位次；分类榜名次不冒充全国主榜名次。,2026软科高职理工 43 · 总榜参考 66
RANK_SR_BCVCR_2026_4133014088,4133014088,温州科技职业学院,shanghairanking-bcvcr,ShanghaiRanking,软科中国高职院校排名,2026,6,6,,,6.0,66,66,,,农林,China-mainland,https://www.shanghairanking.cn/rankings/bcvcr/2026623,,2026-09-13,True,软科官方公开 API；rankDisplay 保留榜单显示名次，referenceRank 使用官方 rankOverall/主榜参考位次；分类榜名次不冒充全国主榜名次。,2026软科高职农林 6 · 总榜参考 66
RANK_SR_BCVCR_2026_4111010857,4111010857,北京信息职业技术学院,shanghairanking-bcvcr,ShanghaiRanking,软科中国高职院校排名,2026,44,44,,,44.0,67,67,,,理工,China-mainland,https://www.shanghairanking.cn/rankings/bcvcr/2026623,,2026-09-13,True,软科官方公开 API；rankDisplay 保留榜单显示名次，referenceRank 使用官方 rankOverall/主榜参考位次；分类榜名次不冒充全国主榜名次。,2026软科高职理工 44 · 总榜参考 67
RANK_SR_BCVCR_2026_4123011449,4123011449,黑龙江职业学院,shanghairanking-bcvcr,ShanghaiRanking,软科中国高职院校排名,2026,9,9,,,9.0,69,69,,,综合,China-mainland,https://www.shanghairanking.cn/rankings/bcvcr/2026623,,2026-09-13,True,软科官方公开 API；rankDisplay 保留榜单显示名次，referenceRank 使用官方 rankOverall/主榜参考位次；分类榜名次不冒充全国主榜名次。,2026软科高职综合 9 · 总榜参考 69
RANK_SR_BCVCR_2026_4131011733,4131011733,上海出版印刷高等专科学校,shanghairanking-bcvcr,ShanghaiRanking,软科中国高职院校排名,2026,10,10,,,10.0,70,70,,,综合,China-mainland,https://www.shanghairanking.cn/rankings/bcvcr/2026623,,2026-09-13,True,软科官方公开 API；rankDisplay 保留榜单显示名次，referenceRank 使用官方 rankOverall/主榜参考位次；分类榜名次不冒充全国主榜名次。,2026软科高职综合 10 · 总榜参考 70
RANK_SR_BCVCR_2026_4145011608,4145011608,广西水利电力职业技术学院,shanghairanking-bcvcr,ShanghaiRanking,软科中国高职院校排名,2026,45,45,,,45.0,70,70,,,理工,China-mainland,https://www.shanghairanking.cn/rankings/bcvcr/2026623,,2026-09-13,True,软科官方公开 API；rankDisplay 保留榜单显示名次，referenceRank 使用官方 rankOverall/主榜参考位次；分类榜名次不冒充全国主榜名次。,2026软科高职理工 45 · 总榜参考 70
RANK_SR_BCVCR_2026_4150014009,4150014009,重庆医药高等专科学校,shanghairanking-bcvcr,ShanghaiRanking,软科中国高职院校排名,2026,3,3,,,3.0,70,70,,,医药,China-mainland,https://www.shanghairanking.cn/rankings/bcvcr/2026623,,2026-09-13,True,软科官方公开 API；rankDisplay 保留榜单显示名次，referenceRank 使用官方 rankOverall/主榜参考位次；分类榜名次不冒充全国主榜名次。,2026软科高职医药 3 · 总榜参考 70
RANK_SR_BCVCR_2026_4141011828,4141011828,郑州电力高等专科学校,shanghairanking-bcvcr,ShanghaiRanking,软科中国高职院校排名,2026,46,46,,,46.0,72,72,,,理工,China-mainland,https://www.shanghairanking.cn/rankings/bcvcr/2026623,,2026-09-13,True,软科官方公开 API；rankDisplay 保留榜单显示名次，referenceRank 使用官方 rankOverall/主榜参考位次；分类榜名次不冒充全国主榜名次。,2026软科高职理工 46 · 总榜参考 72
RANK_SR_BCVCR_2026_4114014681,4114014681,山西工程职业学院,shanghairanking-bcvcr,ShanghaiRanking,软科中国高职院校排名,2026,47,47,,,47.0,73,73,,,理工,China-mainland,https://www.shanghairanking.cn/rankings/bcvcr/2026623,,2026-09-13,True,软科官方公开 API；rankDisplay 保留榜单显示名次，referenceRank 使用官方 rankOverall/主榜参考位次；分类榜名次不冒充全国主榜名次。,2026软科高职理工 47 · 总榜参考 73
RANK_SR_BCVCR_2026_4145013138,4145013138,广西建设职业技术学院,shanghairanking-bcvcr,ShanghaiRanking,软科中国高职院校排名,2026,48,48,,,48.0,76,76,,,理工,China-mainland,https://www.shanghairanking.cn/rankings/bcvcr/2026623,,2026-09-13,True,软科官方公开 API；rankDisplay 保留榜单显示名次，referenceRank 使用官方 rankOverall/主榜参考位次；分类榜名次不冒充全国主榜名次。,2026软科高职理工 48 · 总榜参考 76
RANK_SR_BCVCR_2026_4137012326,4137012326,威海职业学院,shanghairanking-bcvcr,ShanghaiRanking,软科中国高职院校排名,2026,11,11,,,11.0,77,77,,,综合,China-mainland,https://www.shanghairanking.cn/rankings/bcvcr/2026623,,2026-09-13,True,软科官方公开 API；rankDisplay 保留榜单显示名次，referenceRank 使用官方 rankOverall/主榜参考位次；分类榜名次不冒充全国主榜名次。,2026软科高职综合 11 · 总榜参考 77
RANK_SR_BCVCR_2026_4111012448,4111012448,北京农业职业学院,shanghairanking-bcvcr,ShanghaiRanking,软科中国高职院校排名,2026,7,7,,,7.0,79,79,,,农林,China-mainland,https://www.shanghairanking.cn/rankings/bcvcr/2026623,,2026-09-13,True,软科官方公开 API；rankDisplay 保留榜单显示名次，referenceRank 使用官方 rankOverall/主榜参考位次；分类榜名次不冒充全国主榜名次。,2026软科高职农林 7 · 总榜参考 79
RANK_SR_BCVCR_2026_4143013033,4143013033,湖南机电职业技术学院,shanghairanking-bcvcr,ShanghaiRanking,软科中国高职院校排名,2026,49,49,,,49.0,79,79,,,理工,China-mainland,https://www.shanghairanking.cn/rankings/bcvcr/2026623,,2026-09-13,True,软科官方公开 API；rankDisplay 保留榜单显示名次，referenceRank 使用官方 rankOverall/主榜参考位次；分类榜名次不冒充全国主榜名次。,2026软科高职理工 49 · 总榜参考 79
RANK_SR_BCVCR_2026_4137012946,4137012946,山东水利职业学院,shanghairanking-bcvcr,ShanghaiRanking,软科中国高职院校排名,2026,50,50,,,50.0,81,81,,,理工,China-mainland,https://www.shanghairanking.cn/rankings/bcvcr/2026623,,2026-09-13,True,软科官方公开 API；rankDisplay 保留榜单显示名次，referenceRank 使用官方 rankOverall/主榜参考位次；分类榜名次不冒充全国主榜名次。,2026软科高职理工 50 · 总榜参考 81
RANK_SR_BCVCR_2026_4132012805,4132012805,江苏电子信息职业学院,shanghairanking-bcvcr,ShanghaiRanking,软科中国高职院校排名,2026,51,51,,,51.0,82,82,,,理工,China-mainland,https://www.shanghairanking.cn/rankings/bcvcr/2026623,,2026-09-13,True,软科官方公开 API；rankDisplay 保留榜单显示名次，referenceRank 使用官方 rankOverall/主榜参考位次；分类榜名次不冒充全国主榜名次。,2026软科高职理工 51 · 总榜参考 82
RANK_SR_BCVCR_2026_4132010960,4132010960,苏州工艺美术职业技术学院,shanghairanking-bcvcr,ShanghaiRanking,软科中国高职院校排名,2026,1,1,,,1.0,82,82,,,文艺,China-mainland,https://www.shanghairanking.cn/rankings/bcvcr/2026623,,2026-09-13,True,软科官方公开 API；rankDisplay 保留榜单显示名次，referenceRank 使用官方 rankOverall/主榜参考位次；分类榜名次不冒充全国主榜名次。,2026软科高职文艺 1 · 总榜参考 82
RANK_SR_BCVCR_2026_4137012324,4137012324,青岛职业技术学院,shanghairanking-bcvcr,ShanghaiRanking,软科中国高职院校排名,2026,12,12,,,12.0,83,83,,,综合,China-mainland,https://www.shanghairanking.cn/rankings/bcvcr/2026623,,2026-09-13,True,软科官方公开 API；rankDisplay 保留榜单显示名次，referenceRank 使用官方 rankOverall/主榜参考位次；分类榜名次不冒充全国主榜名次。,2026软科高职综合 12 · 总榜参考 83
RANK_SR_BCVCR_2026_4111014073,4111014073,北京经济管理职业学院,shanghairanking-bcvcr,ShanghaiRanking,软科中国高职院校排名,2026,14,14,,,14.0,84,84,,,财经,China-mainland,https://www.shanghairanking.cn/rankings/bcvcr/2026623,,2026-09-13,True,软科官方公开 API；rankDisplay 保留榜单显示名次，referenceRank 使用官方 rankOverall/主榜参考位次；分类榜名次不冒充全国主榜名次。,2026软科高职财经 14 · 总榜参考 84
RANK_SR_BCVCR_2026_4132012920,4132012920,南京科技职业学院,shanghairanking-bcvcr,ShanghaiRanking,软科中国高职院校排名,2026,52,52,,,52.0,84,84,,,理工,China-mainland,https://www.shanghairanking.cn/rankings/bcvcr/2026623,,2026-09-13,True,软科官方公开 API；rankDisplay 保留榜单显示名次，referenceRank 使用官方 rankOverall/主榜参考位次；分类榜名次不冒充全国主榜名次。,2026软科高职理工 52 · 总榜参考 84
RANK_SR_BCVCR_2026_4113013397,4113013397,石家庄邮电职业技术学院,shanghairanking-bcvcr,ShanghaiRanking,软科中国高职院校排名,2026,53,53,,,53.0,85,85,,,理工,China-mainland,https://www.shanghairanking.cn/rankings/bcvcr/2026623,,2026-09-13,True,软科官方公开 API；rankDisplay 保留榜单显示名次，referenceRank 使用官方 rankOverall/主榜参考位次；分类榜名次不冒充全国主榜名次。,2026软科高职理工 53 · 总榜参考 85
RANK_SR_BCVCR_2026_4143012603,4143012603,长沙商贸旅游职业技术学院,shanghairanking-bcvcr,ShanghaiRanking,软科中国高职院校排名,2026,15,15,,,15.0,85,85,,,财经,China-mainland,https://www.shanghairanking.cn/rankings/bcvcr/2026623,,2026-09-13,True,软科官方公开 API；rankDisplay 保留榜单显示名次，referenceRank 使用官方 rankOverall/主榜参考位次；分类榜名次不冒充全国主榜名次。,2026软科高职财经 15 · 总榜参考 85
RANK_SR_BCVCR_2026_4137012396,4137012396,烟台职业学院,shanghairanking-bcvcr,ShanghaiRanking,软科中国高职院校排名,2026,13,13,,,13.0,86,86,,,综合,China-mainland,https://www.shanghairanking.cn/rankings/bcvcr/2026623,,2026-09-13,True,软科官方公开 API；rankDisplay 保留榜单显示名次，referenceRank 使用官方 rankOverall/主榜参考位次；分类榜名次不冒充全国主榜名次。,2026软科高职综合 13 · 总榜参考 86
RANK_SR_BCVCR_2026_4112012732,4112012732,天津轻工职业技术学院,shanghairanking-bcvcr,ShanghaiRanking,软科中国高职院校排名,2026,54,54,,,54.0,87,87,,,理工,China-mainland,https://www.shanghairanking.cn/rankings/bcvcr/2026623,,2026-09-13,True,软科官方公开 API；rankDisplay 保留榜单显示名次，referenceRank 使用官方 rankOverall/主榜参考位次；分类榜名次不冒充全国主榜名次。,2026软科高职理工 54 · 总榜参考 87
RANK_SR_BCVCR_2026_4132012804,4132012804,南京交通职业技术学院,shanghairanking-bcvcr,ShanghaiRanking,软科中国高职院校排名,2026,55,55,,,55.0,88,88,,,理工,China-mainland,https://www.shanghairanking.cn/rankings/bcvcr/2026623,,2026-09-13,True,软科官方公开 API；rankDisplay 保留榜单显示名次，referenceRank 使用官方 rankOverall/主榜参考位次；分类榜名次不冒充全国主榜名次。,2026软科高职理工 55 · 总榜参考 88
RANK_SR_BCVCR_2026_4114012888,4114012888,山西机电职业技术学院,shanghairanking-bcvcr,ShanghaiRanking,软科中国高职院校排名,2026,55,55,,,55.0,88,88,,,理工,China-mainland,https://www.shanghairanking.cn/rankings/bcvcr/2026623,,2026-09-13,True,软科官方公开 API；rankDisplay 保留榜单显示名次，referenceRank 使用官方 rankOverall/主榜参考位次；分类榜名次不冒充全国主榜名次。,2026软科高职理工 55 · 总榜参考 88
RANK_SR_BCVCR_2026_4131012588,4131012588,上海工艺美术职业学院,shanghairanking-bcvcr,ShanghaiRanking,软科中国高职院校排名,2026,2,2,,,2.0,89,89,,,文艺,China-mainland,https://www.shanghairanking.cn/rankings/bcvcr/2026623,,2026-09-13,True,软科官方公开 API；rankDisplay 保留榜单显示名次，referenceRank 使用官方 rankOverall/主榜参考位次；分类榜名次不冒充全国主榜名次。,2026软科高职文艺 2 · 总榜参考 89
RANK_SR_BCVCR_2026_4136012940,4136012940,江西交通职业技术学院,shanghairanking-bcvcr,ShanghaiRanking,软科中国高职院校排名,2026,57,57,,,57.0,91,91,,,理工,China-mainland,https://www.shanghairanking.cn/rankings/bcvcr/2026623,,2026-09-13,True,软科官方公开 API；rankDisplay 保留榜单显示名次，referenceRank 使用官方 rankOverall/主榜参考位次；分类榜名次不冒充全国主榜名次。,2026软科高职理工 57 · 总榜参考 91
RANK_SR_BCVCR_2026_4144012322,4144012322,广东农工商职业技术学院,shanghairanking-bcvcr,ShanghaiRanking,软科中国高职院校排名,2026,14,14,,,14.0,92,92,,,综合,China-mainland,https://www.shanghairanking.cn/rankings/bcvcr/2026623,,2026-09-13,True,软科官方公开 API；rankDisplay 保留榜单显示名次，referenceRank 使用官方 rankOverall/主榜参考位次；分类榜名次不冒充全国主榜名次。,2026软科高职综合 14 · 总榜参考 92
RANK_SR_BCVCR_2026_4144012962,4144012962,广东省外语艺术职业学院,shanghairanking-bcvcr,ShanghaiRanking,软科中国高职院校排名,2026,3,3,,,3.0,92,92,,,文艺,China-mainland,https://www.shanghairanking.cn/rankings/bcvcr/2026623,,2026-09-13,True,软科官方公开 API；rankDisplay 保留榜单显示名次，referenceRank 使用官方 rankOverall/主榜参考位次；分类榜名次不冒充全国主榜名次。,2026软科高职文艺 3 · 总榜参考 92
RANK_SR_BCVCR_2026_4134012816,4134012816,安徽交通职业技术学院,shanghairanking-bcvcr,ShanghaiRanking,软科中国高职院校排名,2026,58,58,,,58.0,93,93,,,理工,China-mainland,https://www.shanghairanking.cn/rankings/bcvcr/2026623,,2026-09-13,True,软科官方公开 API；rankDisplay 保留榜单显示名次，referenceRank 使用官方 rankOverall/主榜参考位次；分类榜名次不冒充全国主榜名次。,2026软科高职理工 58 · 总榜参考 93
RANK_SR_BCVCR_2026_4161013946,4161013946,咸阳职业技术学院,shanghairanking-bcvcr,ShanghaiRanking,软科中国高职院校排名,2026,15,15,,,15.0,94,94,,,综合,China-mainland,https://www.shanghairanking.cn/rankings/bcvcr/2026623,,2026-09-13,True,软科官方公开 API；rankDisplay 保留榜单显示名次，referenceRank 使用官方 rankOverall/主榜参考位次；分类榜名次不冒充全国主榜名次。,2026软科高职综合 15 · 总榜参考 94
RANK_SR_BCVCR_2026_4133012789,4133012789,浙江工商职业技术学院,shanghairanking-bcvcr,ShanghaiRanking,软科中国高职院校排名,2026,16,16,,,16.0,95,95,,,财经,China-mainland,https://www.shanghairanking.cn/rankings/bcvcr/2026623,,2026-09-13,True,软科官方公开 API；rankDisplay 保留榜单显示名次，referenceRank 使用官方 rankOverall/主榜参考位次；分类榜名次不冒充全国主榜名次。,2026软科高职财经 16 · 总榜参考 95
RANK_SR_BCVCR_2026_4123012910,4123012910,黑龙江农业经济职业学院,shanghairanking-bcvcr,ShanghaiRanking,软科中国高职院校排名,2026,8,8,,,8.0,98,98,,,农林,China-mainland,https://www.shanghairanking.cn/rankings/bcvcr/2026623,,2026-09-13,True,软科官方公开 API；rankDisplay 保留榜单显示名次，referenceRank 使用官方 rankOverall/主榜参考位次；分类榜名次不冒充全国主榜名次。,2026软科高职农林 8 · 总榜参考 98
RANK_SR_BCVCR_2026_4154014085,4154014085,西藏职业技术学院,shanghairanking-bcvcr,ShanghaiRanking,软科中国高职院校排名,2026,59,59,,,59.0,99,99,,,理工,China-mainland,https://www.shanghairanking.cn/rankings/bcvcr/2026623,,2026-09-13,True,软科官方公开 API；rankDisplay 保留榜单显示名次，referenceRank 使用官方 rankOverall/主榜参考位次；分类榜名次不冒充全国主榜名次。,2026软科高职理工 59 · 总榜参考 99
RANK_SR_BCVCR_2026_4137012335,4137012335,济宁职业技术学院,shanghairanking-bcvcr,ShanghaiRanking,软科中国高职院校排名,2026,16,16,,,16.0,100,100,,,综合,China-mainland,https://www.shanghairanking.cn/rankings/bcvcr/2026623,,2026-09-13,True,软科官方公开 API；rankDisplay 保留榜单显示名次，referenceRank 使用官方 rankOverall/主榜参考位次；分类榜名次不冒充全国主榜名次。,2026软科高职综合 16 · 总榜参考 100
RANK_SR_BCVCR_2026_4132012686,4132012686,苏州工业职业技术学院,shanghairanking-bcvcr,ShanghaiRanking,软科中国高职院校排名,2026,60,60,,,60.0,101,101,,,理工,China-mainland,https://www.shanghairanking.cn/rankings/bcvcr/2026623,,2026-09-13,True,软科官方公开 API；rankDisplay 保留榜单显示名次，referenceRank 使用官方 rankOverall/主榜参考位次；分类榜名次不冒充全国主榜名次。,2026软科高职理工 60 · 总榜参考 101
RANK_SR_BCVCR_2026_4142013264,4142013264,武汉交通职业学院,shanghairanking-bcvcr,ShanghaiRanking,软科中国高职院校排名,2026,61,61,,,61.0,103,103,,,理工,China-mainland,https://www.shanghairanking.cn/rankings/bcvcr/2026623,,2026-09-13,True,软科官方公开 API；rankDisplay 保留榜单显示名次，referenceRank 使用官方 rankOverall/主榜参考位次；分类榜名次不冒充全国主榜名次。,2026软科高职理工 61 · 总榜参考 103
RANK_SR_BCVCR_2026_4150010870,4150010870,重庆航天职业技术学院,shanghairanking-bcvcr,ShanghaiRanking,软科中国高职院校排名,2026,62,62,,,62.0,104,104,,,理工,China-mainland,https://www.shanghairanking.cn/rankings/bcvcr/2026623,,2026-09-13,True,软科官方公开 API；rankDisplay 保留榜单显示名次，referenceRank 使用官方 rankOverall/主榜参考位次；分类榜名次不冒充全国主榜名次。,2026软科高职理工 62 · 总榜参考 104
RANK_SR_BCVCR_2026_4121010957,4121010957,辽宁农业职业技术学院,shanghairanking-bcvcr,ShanghaiRanking,软科中国高职院校排名,2026,9,9,,,9.0,105,105,,,农林,China-mainland,https://www.shanghairanking.cn/rankings/bcvcr/2026623,,2026-09-13,True,软科官方公开 API；rankDisplay 保留榜单显示名次，referenceRank 使用官方 rankOverall/主榜参考位次；分类榜名次不冒充全国主榜名次。,2026软科高职农林 9 · 总榜参考 105
RANK_SR_BCVCR_2026_4137012440,4137012440,东营职业学院,shanghairanking-bcvcr,ShanghaiRanking,软科中国高职院校排名,2026,17,17,,,17.0,106,106,,,综合,China-mainland,https://www.shanghairanking.cn/rankings/bcvcr/2026623,,2026-09-13,True,软科官方公开 API；rankDisplay 保留榜单显示名次，referenceRank 使用官方 rankOverall/主榜参考位次；分类榜名次不冒充全国主榜名次。,2026软科高职综合 17 · 总榜参考 106
RANK_SR_BCVCR_2026_4132011052,4132011052,南通职业大学,shanghairanking-bcvcr,ShanghaiRanking,软科中国高职院校排名,2026,63,63,,,63.0,106,106,,,理工,China-mainland,https://www.shanghairanking.cn/rankings/bcvcr/2026623,,2026-09-13,True,软科官方公开 API；rankDisplay 保留榜单显示名次，referenceRank 使用官方 rankOverall/主榜参考位次；分类榜名次不冒充全国主榜名次。,2026软科高职理工 63 · 总榜参考 106
RANK_SR_BCVCR_2026_4144010862,4144010862,广东水利电力职业技术学院,shanghairanking-bcvcr,ShanghaiRanking,软科中国高职院校排名,2026,64,64,,,64.0,107,107,,,理工,China-mainland,https://www.shanghairanking.cn/rankings/bcvcr/2026623,,2026-09-13,True,软科官方公开 API；rankDisplay 保留榜单显示名次，referenceRank 使用官方 rankOverall/主榜参考位次；分类榜名次不冒充全国主榜名次。,2026软科高职理工 64 · 总榜参考 107
RANK_SR_BCVCR_2026_4115012057,4115012057,包头职业技术学院,shanghairanking-bcvcr,ShanghaiRanking,软科中国高职院校排名,2026,65,65,,,65.0,110,110,,,理工,China-mainland,https://www.shanghairanking.cn/rankings/bcvcr/2026623,,2026-09-13,True,软科官方公开 API；rankDisplay 保留榜单显示名次，referenceRank 使用官方 rankOverall/主榜参考位次；分类榜名次不冒充全国主榜名次。,2026软科高职理工 65 · 总榜参考 110
RANK_SR_BCVCR_2026_4132012688,4132012688,苏州卫生职业技术学院,shanghairanking-bcvcr,ShanghaiRanking,软科中国高职院校排名,2026,4,4,,,4.0,110,110,,,医药,China-mainland,https://www.shanghairanking.cn/rankings/bcvcr/2026623,,2026-09-13,True,软科官方公开 API；rankDisplay 保留榜单显示名次，referenceRank 使用官方 rankOverall/主榜参考位次；分类榜名次不冒充全国主榜名次。,2026软科高职医药 4 · 总榜参考 110
RANK_SR_BCVCR_2026_4161012510,4161012510,陕西能源职业技术学院,shanghairanking-bcvcr,ShanghaiRanking,软科中国高职院校排名,2026,66,66,,,66.0,111,111,,,理工,China-mainland,https://www.shanghairanking.cn/rankings/bcvcr/2026623,,2026-09-13,True,软科官方公开 API；rankDisplay 保留榜单显示名次，referenceRank 使用官方 rankOverall/主榜参考位次；分类榜名次不冒充全国主榜名次。,2026软科高职理工 66 · 总榜参考 111
RANK_SR_BCVCR_2026_4141012067,4141012067,许昌职业技术学院,shanghairanking-bcvcr,ShanghaiRanking,软科中国高职院校排名,2026,18,18,,,18.0,112,112,,,综合,China-mainland,https://www.shanghairanking.cn/rankings/bcvcr/2026623,,2026-09-13,True,软科官方公开 API；rankDisplay 保留榜单显示名次，referenceRank 使用官方 rankOverall/主榜参考位次；分类榜名次不冒充全国主榜名次。,2026软科高职综合 18 · 总榜参考 112
RANK_SR_BCVCR_2026_4151012967,4151012967,泸州职业技术学院,shanghairanking-bcvcr,ShanghaiRanking,软科中国高职院校排名,2026,19,19,,,19.0,113,113,,,综合,China-mainland,https://www.shanghairanking.cn/rankings/bcvcr/2026623,,2026-09-13,True,软科官方公开 API；rankDisplay 保留榜单显示名次，referenceRank 使用官方 rankOverall/主榜参考位次；分类榜名次不冒充全国主榜名次。,2026软科高职综合 19 · 总榜参考 113
RANK_SR_BCVCR_2026_4133012869,4133012869,浙江警官职业学院,shanghairanking-bcvcr,ShanghaiRanking,软科中国高职院校排名,2026,1,1,,,1.0,113,113,,,政法,China-mainland,https://www.shanghairanking.cn/rankings/bcvcr/2026623,,2026-09-13,True,软科官方公开 API；rankDisplay 保留榜单显示名次，referenceRank 使用官方 rankOverall/主榜参考位次；分类榜名次不冒充全国主榜名次。,2026软科高职政法 1 · 总榜参考 113
RANK_SR_BCVCR_2026_4161012830,4161012830,陕西交通职业技术学院,shanghairanking-bcvcr,ShanghaiRanking,软科中国高职院校排名,2026,67,67,,,67.0,113,113,,,理工,China-mainland,https://www.shanghairanking.cn/rankings/bcvcr/2026623,,2026-09-13,True,软科官方公开 API；rankDisplay 保留榜单显示名次，referenceRank 使用官方 rankOverall/主榜参考位次；分类榜名次不冒充全国主榜名次。,2026软科高职理工 67 · 总榜参考 113
RANK_SR_BCVCR_2026_4133012874,4133012874,嘉兴职业技术学院,shanghairanking-bcvcr,ShanghaiRanking,软科中国高职院校排名,2026,20,20,,,20.0,114,114,,,综合,China-mainland,https://www.shanghairanking.cn/rankings/bcvcr/2026623,,2026-09-13,True,软科官方公开 API；rankDisplay 保留榜单显示名次，referenceRank 使用官方 rankOverall/主榜参考位次；分类榜名次不冒充全国主榜名次。,2026软科高职综合 20 · 总榜参考 114
RANK_SR_BCVCR_2026_4137013008,4137013008,山东交通职业学院,shanghairanking-bcvcr,ShanghaiRanking,软科中国高职院校排名,2026,68,68,,,68.0,114,114,,,理工,China-mainland,https://www.shanghairanking.cn/rankings/bcvcr/2026623,,2026-09-13,True,软科官方公开 API；rankDisplay 保留榜单显示名次，referenceRank 使用官方 rankOverall/主榜参考位次；分类榜名次不冒充全国主榜名次。,2026软科高职理工 68 · 总榜参考 114
RANK_SR_BCVCR_2026_4133012863,4133012863,浙江艺术职业学院,shanghairanking-bcvcr,ShanghaiRanking,软科中国高职院校排名,2026,4,4,,,4.0,114,114,,,文艺,China-mainland,https://www.shanghairanking.cn/rankings/bcvcr/2026623,,2026-09-13,True,软科官方公开 API；rankDisplay 保留榜单显示名次，referenceRank 使用官方 rankOverall/主榜参考位次；分类榜名次不冒充全国主榜名次。,2026软科高职文艺 4 · 总榜参考 114
RANK_SR_BCVCR_2026_4141013789,4141013789,河南交通职业技术学院,shanghairanking-bcvcr,ShanghaiRanking,软科中国高职院校排名,2026,69,69,,,69.0,116,116,,,理工,China-mainland,https://www.shanghairanking.cn/rankings/bcvcr/2026623,,2026-09-13,True,软科官方公开 API；rankDisplay 保留榜单显示名次，referenceRank 使用官方 rankOverall/主榜参考位次；分类榜名次不冒充全国主榜名次。,2026软科高职理工 69 · 总榜参考 116
RANK_SR_BCVCR_2026_4133012871,4133012871,浙江工业职业技术学院,shanghairanking-bcvcr,ShanghaiRanking,软科中国高职院校排名,2026,21,21,,,21.0,116,116,,,综合,China-mainland,https://www.shanghairanking.cn/rankings/bcvcr/2026623,,2026-09-13,True,软科官方公开 API；rankDisplay 保留榜单显示名次，referenceRank 使用官方 rankOverall/主榜参考位次；分类榜名次不冒充全国主榜名次。,2026软科高职综合 21 · 总榜参考 116
RANK_SR_BCVCR_2026_4150013735,4150013735,重庆水利电力职业技术学院,shanghairanking-bcvcr,ShanghaiRanking,软科中国高职院校排名,2026,70,70,,,70.0,118,118,,,理工,China-mainland,https://www.shanghairanking.cn/rankings/bcvcr/2026623,,2026-09-13,True,软科官方公开 API；rankDisplay 保留榜单显示名次，referenceRank 使用官方 rankOverall/主榜参考位次；分类榜名次不冒充全国主榜名次。,2026软科高职理工 70 · 总榜参考 118
RANK_SR_BCVCR_2026_4145012392,4145012392,柳州铁道职业技术学院,shanghairanking-bcvcr,ShanghaiRanking,软科中国高职院校排名,2026,71,71,,,71.0,119,119,,,理工,China-mainland,https://www.shanghairanking.cn/rankings/bcvcr/2026623,,2026-09-13,True,软科官方公开 API；rankDisplay 保留榜单显示名次，referenceRank 使用官方 rankOverall/主榜参考位次；分类榜名次不冒充全国主榜名次。,2026软科高职理工 71 · 总榜参考 119
RANK_SR_BCVCR_2026_4161013945,4161013945,西安铁路职业技术学院,shanghairanking-bcvcr,ShanghaiRanking,软科中国高职院校排名,2026,72,72,,,72.0,120,120,,,理工,China-mainland,https://www.shanghairanking.cn/rankings/bcvcr/2026623,,2026-09-13,True,软科官方公开 API；rankDisplay 保留榜单显示名次，referenceRank 使用官方 rankOverall/主榜参考位次；分类榜名次不冒充全国主榜名次。,2026软科高职理工 72 · 总榜参考 120
RANK_SR_BCVCR_2026_4144014263,4144014263,东莞职业技术学院,shanghairanking-bcvcr,ShanghaiRanking,软科中国高职院校排名,2026,73,73,,,73.0,121,121,,,理工,China-mainland,https://www.shanghairanking.cn/rankings/bcvcr/2026623,,2026-09-13,True,软科官方公开 API；rankDisplay 保留榜单显示名次，referenceRank 使用官方 rankOverall/主榜参考位次；分类榜名次不冒充全国主榜名次。,2026软科高职理工 73 · 总榜参考 121
RANK_SR_BCVCR_2026_4136012932,4136012932,江西旅游商贸职业学院,shanghairanking-bcvcr,ShanghaiRanking,软科中国高职院校排名,2026,17,17,,,17.0,121,121,,,财经,China-mainland,https://www.shanghairanking.cn/rankings/bcvcr/2026623,,2026-09-13,True,软科官方公开 API；rankDisplay 保留榜单显示名次，referenceRank 使用官方 rankOverall/主榜参考位次；分类榜名次不冒充全国主榜名次。,2026软科高职财经 17 · 总榜参考 121
RANK_SR_BCVCR_2026_4141013790,4141013790,河南农业职业学院,shanghairanking-bcvcr,ShanghaiRanking,软科中国高职院校排名,2026,10,10,,,10.0,122,122,,,农林,China-mainland,https://www.shanghairanking.cn/rankings/bcvcr/2026623,,2026-09-13,True,软科官方公开 API；rankDisplay 保留榜单显示名次，referenceRank 使用官方 rankOverall/主榜参考位次；分类榜名次不冒充全国主榜名次。,2026软科高职农林 10 · 总榜参考 122
RANK_SR_BCVCR_2026_4113011238,4113011238,石家庄职业技术学院,shanghairanking-bcvcr,ShanghaiRanking,软科中国高职院校排名,2026,22,22,,,22.0,122,122,,,综合,China-mainland,https://www.shanghairanking.cn/rankings/bcvcr/2026623,,2026-09-13,True,软科官方公开 API；rankDisplay 保留榜单显示名次，referenceRank 使用官方 rankOverall/主榜参考位次；分类榜名次不冒充全国主榜名次。,2026软科高职综合 22 · 总榜参考 122
RANK_SR_BCVCR_2026_4144012959,4144012959,广东工贸职业技术学院,shanghairanking-bcvcr,ShanghaiRanking,软科中国高职院校排名,2026,74,74,,,74.0,123,123,,,理工,China-mainland,https://www.shanghairanking.cn/rankings/bcvcr/2026623,,2026-09-13,True,软科官方公开 API；rankDisplay 保留榜单显示名次，referenceRank 使用官方 rankOverall/主榜参考位次；分类榜名次不冒充全国主榜名次。,2026软科高职理工 74 · 总榜参考 123
RANK_SR_BCVCR_2026_4134013340,4134013340,安徽工商职业学院,shanghairanking-bcvcr,ShanghaiRanking,软科中国高职院校排名,2026,18,18,,,18.0,124,124,,,财经,China-mainland,https://www.shanghairanking.cn/rankings/bcvcr/2026623,,2026-09-13,True,软科官方公开 API；rankDisplay 保留榜单显示名次，referenceRank 使用官方 rankOverall/主榜参考位次；分类榜名次不冒充全国主榜名次。,2026软科高职财经 18 · 总榜参考 124
RANK_SR_BCVCR_2026_4144014063,4144014063,广东科贸职业学院,shanghairanking-bcvcr,ShanghaiRanking,软科中国高职院校排名,2026,11,11,,,11.0,124,124,,,农林,China-mainland,https://www.shanghairanking.cn/rankings/bcvcr/2026623,,2026-09-13,True,软科官方公开 API；rankDisplay 保留榜单显示名次，referenceRank 使用官方 rankOverall/主榜参考位次；分类榜名次不冒充全国主榜名次。,2026软科高职农林 11 · 总榜参考 124
RANK_SR_BCVCR_2026_4133013026,4133013026,杭州科技职业技术学院,shanghairanking-bcvcr,ShanghaiRanking,软科中国高职院校排名,2026,75,75,,,75.0,124,124,,,理工,China-mainland,https://www.shanghairanking.cn/rankings/bcvcr/2026623,,2026-09-13,True,软科官方公开 API；rankDisplay 保留榜单显示名次，referenceRank 使用官方 rankOverall/主榜参考位次；分类榜名次不冒充全国主榜名次。,2026软科高职理工 75 · 总榜参考 124
RANK_SR_BCVCR_2026_4121012898,4121012898,辽宁机电职业技术学院,shanghairanking-bcvcr,ShanghaiRanking,软科中国高职院校排名,2026,76,76,,,76.0,125,125,,,理工,China-mainland,https://www.shanghairanking.cn/rankings/bcvcr/2026623,,2026-09-13,True,软科官方公开 API；rankDisplay 保留榜单显示名次，referenceRank 使用官方 rankOverall/主榜参考位次；分类榜名次不冒充全国主榜名次。,2026软科高职理工 76 · 总榜参考 125
RANK_SR_BCVCR_2026_4151012965,4151012965,成都农业科技职业学院,shanghairanking-bcvcr,ShanghaiRanking,软科中国高职院校排名,2026,12,12,,,12.0,128,128,,,农林,China-mainland,https://www.shanghairanking.cn/rankings/bcvcr/2026623,,2026-09-13,True,软科官方公开 API；rankDisplay 保留榜单显示名次，referenceRank 使用官方 rankOverall/主榜参考位次；分类榜名次不冒充全国主榜名次。,2026软科高职农林 12 · 总榜参考 128
RANK_SR_BCVCR_2026_4136012943,4136012943,江西现代职业技术学院,shanghairanking-bcvcr,ShanghaiRanking,软科中国高职院校排名,2026,77,77,,,77.0,128,128,,,理工,China-mainland,https://www.shanghairanking.cn/rankings/bcvcr/2026623,,2026-09-13,True,软科官方公开 API；rankDisplay 保留榜单显示名次，referenceRank 使用官方 rankOverall/主榜参考位次；分类榜名次不冒充全国主榜名次。,2026软科高职理工 77 · 总榜参考 128
RANK_SR_BCVCR_2026_4137014242,4137014242,山东理工职业学院,shanghairanking-bcvcr,ShanghaiRanking,软科中国高职院校排名,2026,23,23,,,23.0,129,129,,,综合,China-mainland,https://www.shanghairanking.cn/rankings/bcvcr/2026623,,2026-09-13,True,软科官方公开 API；rankDisplay 保留榜单显示名次，referenceRank 使用官方 rankOverall/主榜参考位次；分类榜名次不冒充全国主榜名次。,2026软科高职综合 23 · 总榜参考 129
RANK_SR_BCVCR_2026_4113012352,4113012352,河北软件职业技术学院,shanghairanking-bcvcr,ShanghaiRanking,软科中国高职院校排名,2026,78,78,,,78.0,131,131,,,理工,China-mainland,https://www.shanghairanking.cn/rankings/bcvcr/2026623,,2026-09-13,True,软科官方公开 API；rankDisplay 保留榜单显示名次，referenceRank 使用官方 rankOverall/主榜参考位次；分类榜名次不冒充全国主榜名次。,2026软科高职理工 78 · 总榜参考 131
RANK_SR_BCVCR_2026_4134012073,4134012073,安徽水利水电职业技术学院,shanghairanking-bcvcr,ShanghaiRanking,软科中国高职院校排名,2026,79,79,,,79.0,132,132,,,理工,China-mainland,https://www.shanghairanking.cn/rankings/bcvcr/2026623,,2026-09-13,True,软科官方公开 API；rankDisplay 保留榜单显示名次，referenceRank 使用官方 rankOverall/主榜参考位次；分类榜名次不冒充全国主榜名次。,2026软科高职理工 79 · 总榜参考 132
RANK_SR_BCVCR_2026_4133012877,4133012877,衢州职业技术学院,shanghairanking-bcvcr,ShanghaiRanking,软科中国高职院校排名,2026,24,24,,,24.0,132,132,,,综合,China-mainland,https://www.shanghairanking.cn/rankings/bcvcr/2026623,,2026-09-13,True,软科官方公开 API；rankDisplay 保留榜单显示名次，referenceRank 使用官方 rankOverall/主榜参考位次；分类榜名次不冒充全国主榜名次。,2026软科高职综合 24 · 总榜参考 132
RANK_SR_BCVCR_2026_4132012682,4132012682,江苏医药职业学院,shanghairanking-bcvcr,ShanghaiRanking,软科中国高职院校排名,2026,5,5,,,5.0,133,133,,,医药,China-mainland,https://www.shanghairanking.cn/rankings/bcvcr/2026623,,2026-09-13,True,软科官方公开 API；rankDisplay 保留榜单显示名次，referenceRank 使用官方 rankOverall/主榜参考位次；分类榜名次不冒充全国主榜名次。,2026软科高职医药 5 · 总榜参考 133
RANK_SR_BCVCR_2026_4143012397,4143012397,湖南交通职业技术学院,shanghairanking-bcvcr,ShanghaiRanking,软科中国高职院校排名,2026,80,80,,,80.0,134,134,,,理工,China-mainland,https://www.shanghairanking.cn/rankings/bcvcr/2026623,,2026-09-13,True,软科官方公开 API；rankDisplay 保留榜单显示名次，referenceRank 使用官方 rankOverall/主榜参考位次；分类榜名次不冒充全国主榜名次。,2026软科高职理工 80 · 总榜参考 134
RANK_SR_BCVCR_2026_4133012645,4133012645,宁波城市职业技术学院,shanghairanking-bcvcr,ShanghaiRanking,软科中国高职院校排名,2026,25,25,,,25.0,135,135,,,综合,China-mainland,https://www.shanghairanking.cn/rankings/bcvcr/2026623,,2026-09-13,True,软科官方公开 API；rankDisplay 保留榜单显示名次，referenceRank 使用官方 rankOverall/主榜参考位次；分类榜名次不冒充全国主榜名次。,2026软科高职综合 25 · 总榜参考 135
RANK_SR_BCVCR_2026_4151014514,4151014514,成都工业职业技术学院,shanghairanking-bcvcr,ShanghaiRanking,软科中国高职院校排名,2026,81,81,,,81.0,135,135,,,理工,China-mainland,https://www.shanghairanking.cn/rankings/bcvcr/2026623,,2026-09-13,True,软科官方公开 API；rankDisplay 保留榜单显示名次，referenceRank 使用官方 rankOverall/主榜参考位次；分类榜名次不冒充全国主榜名次。,2026软科高职理工 81 · 总榜参考 135
RANK_SR_BCVCR_2026_4150012605,4150012605,重庆三峡职业学院,shanghairanking-bcvcr,ShanghaiRanking,软科中国高职院校排名,2026,26,26,,,26.0,138,138,,,综合,China-mainland,https://www.shanghairanking.cn/rankings/bcvcr/2026623,,2026-09-13,True,软科官方公开 API；rankDisplay 保留榜单显示名次，referenceRank 使用官方 rankOverall/主榜参考位次；分类榜名次不冒充全国主榜名次。,2026软科高职综合 26 · 总榜参考 138
RANK_SR_BCVCR_2026_4144013710,4144013710,中山火炬职业技术学院,shanghairanking-bcvcr,ShanghaiRanking,软科中国高职院校排名,2026,82,82,,,82.0,140,140,,,理工,China-mainland,https://www.shanghairanking.cn/rankings/bcvcr/2026623,,2026-09-13,True,软科官方公开 API；rankDisplay 保留榜单显示名次，referenceRank 使用官方 rankOverall/主榜参考位次；分类榜名次不冒充全国主榜名次。,2026软科高职理工 82 · 总榜参考 140
RANK_SR_BCVCR_2026_4132014180,4132014180,南京旅游职业学院,shanghairanking-bcvcr,ShanghaiRanking,软科中国高职院校排名,2026,19,19,,,19.0,140,140,,,财经,China-mainland,https://www.shanghairanking.cn/rankings/bcvcr/2026623,,2026-09-13,True,软科官方公开 API；rankDisplay 保留榜单显示名次，referenceRank 使用官方 rankOverall/主榜参考位次；分类榜名次不冒充全国主榜名次。,2026软科高职财经 19 · 总榜参考 140
RANK_SR_BCVCR_2026_4134014330,4134014330,合肥幼儿师范高等专科学校,shanghairanking-bcvcr,ShanghaiRanking,软科中国高职院校排名,2026,1,1,,,1.0,141,141,,,师范,China-mainland,https://www.shanghairanking.cn/rankings/bcvcr/2026623,,2026-09-13,True,软科官方公开 API；rankDisplay 保留榜单显示名次，referenceRank 使用官方 rankOverall/主榜参考位次；分类榜名次不冒充全国主榜名次。,2026软科高职师范 1 · 总榜参考 141
RANK_SR_BCVCR_2026_4136013423,4136013423,江西工业贸易职业技术学院,shanghairanking-bcvcr,ShanghaiRanking,软科中国高职院校排名,2026,27,27,,,27.0,141,141,,,综合,China-mainland,https://www.shanghairanking.cn/rankings/bcvcr/2026623,,2026-09-13,True,软科官方公开 API；rankDisplay 保留榜单显示名次，referenceRank 使用官方 rankOverall/主榜参考位次；分类榜名次不冒充全国主榜名次。,2026软科高职综合 27 · 总榜参考 141
RANK_SR_BCVCR_2026_4133013025,4133013025,浙江纺织服装职业技术学院,shanghairanking-bcvcr,ShanghaiRanking,软科中国高职院校排名,2026,83,83,,,83.0,141,141,,,理工,China-mainland,https://www.shanghairanking.cn/rankings/bcvcr/2026623,,2026-09-13,True,软科官方公开 API；rankDisplay 保留榜单显示名次，referenceRank 使用官方 rankOverall/主榜参考位次；分类榜名次不冒充全国主榜名次。,2026软科高职理工 83 · 总榜参考 141
RANK_SR_BCVCR_2026_4143012300,4143012300,湖南大众传媒职业技术学院,shanghairanking-bcvcr,ShanghaiRanking,软科中国高职院校排名,2026,5,5,,,5.0,141,141,,,文艺,China-mainland,https://www.shanghairanking.cn/rankings/bcvcr/2026623,,2026-09-13,True,软科官方公开 API；rankDisplay 保留榜单显示名次，referenceRank 使用官方 rankOverall/主榜参考位次；分类榜名次不冒充全国主榜名次。,2026软科高职文艺 5 · 总榜参考 141
RANK_SR_BCVCR_2026_4134013845,4134013845,安徽财贸职业学院,shanghairanking-bcvcr,ShanghaiRanking,软科中国高职院校排名,2026,20,20,,,20.0,142,142,,,财经,China-mainland,https://www.shanghairanking.cn/rankings/bcvcr/2026623,,2026-09-13,True,软科官方公开 API；rankDisplay 保留榜单显示名次，referenceRank 使用官方 rankOverall/主榜参考位次；分类榜名次不冒充全国主榜名次。,2026软科高职财经 20 · 总榜参考 142
RANK_SR_BCVCR_2026_4137013855,4137013855,济南工程职业技术学院,shanghairanking-bcvcr,ShanghaiRanking,软科中国高职院校排名,2026,84,84,,,84.0,143,143,,,理工,China-mainland,https://www.shanghairanking.cn/rankings/bcvcr/2026623,,2026-09-13,True,软科官方公开 API；rankDisplay 保留榜单显示名次，referenceRank 使用官方 rankOverall/主榜参考位次；分类榜名次不冒充全国主榜名次。,2026软科高职理工 84 · 总榜参考 143
RANK_SR_BCVCR_2026_4143012343,4143012343,湖南生物机电职业技术学院,shanghairanking-bcvcr,ShanghaiRanking,软科中国高职院校排名,2026,13,13,,,13.0,143,143,,,农林,China-mainland,https://www.shanghairanking.cn/rankings/bcvcr/2026623,,2026-09-13,True,软科官方公开 API；rankDisplay 保留榜单显示名次，referenceRank 使用官方 rankOverall/主榜参考位次；分类榜名次不冒充全国主榜名次。,2026软科高职农林 13 · 总榜参考 143
RANK_SR_BCVCR_2026_4144014066,4144014066,中山职业技术学院,shanghairanking-bcvcr,ShanghaiRanking,软科中国高职院校排名,2026,28,28,,,28.0,145,145,,,综合,China-mainland,https://www.shanghairanking.cn/rankings/bcvcr/2026623,,2026-09-13,True,软科官方公开 API；rankDisplay 保留榜单显示名次，referenceRank 使用官方 rankOverall/主榜参考位次；分类榜名次不冒充全国主榜名次。,2026软科高职综合 28 · 总榜参考 145
RANK_SR_BCVCR_2026_4137013010,4137013010,山东外贸职业学院,shanghairanking-bcvcr,ShanghaiRanking,软科中国高职院校排名,2026,21,21,,,21.0,145,145,,,财经,China-mainland,https://www.shanghairanking.cn/rankings/bcvcr/2026623,,2026-09-13,True,软科官方公开 API；rankDisplay 保留榜单显示名次，referenceRank 使用官方 rankOverall/主榜参考位次；分类榜名次不冒充全国主榜名次。,2026软科高职财经 21 · 总榜参考 145
RANK_SR_BCVCR_2026_4145012364,4145012364,广西工业职业技术学院,shanghairanking-bcvcr,ShanghaiRanking,软科中国高职院校排名,2026,85,85,,,85.0,146,146,,,理工,China-mainland,https://www.shanghairanking.cn/rankings/bcvcr/2026623,,2026-09-13,True,软科官方公开 API；rankDisplay 保留榜单显示名次，referenceRank 使用官方 rankOverall/主榜参考位次；分类榜名次不冒充全国主榜名次。,2026软科高职理工 85 · 总榜参考 146
RANK_SR_BCVCR_2026_4131012912,4131012912,上海农林职业技术学院,shanghairanking-bcvcr,ShanghaiRanking,软科中国高职院校排名,2026,14,14,,,14.0,147,147,,,农林,China-mainland,https://www.shanghairanking.cn/rankings/bcvcr/2026623,,2026-09-13,True,软科官方公开 API；rankDisplay 保留榜单显示名次，referenceRank 使用官方 rankOverall/主榜参考位次；分类榜名次不冒充全国主榜名次。,2026软科高职农林 14 · 总榜参考 147
RANK_SR_BCVCR_2026_4137014078,4137014078,山东商务职业学院,shanghairanking-bcvcr,ShanghaiRanking,软科中国高职院校排名,2026,29,29,,,29.0,147,147,,,综合,China-mainland,https://www.shanghairanking.cn/rankings/bcvcr/2026623,,2026-09-13,True,软科官方公开 API；rankDisplay 保留榜单显示名次，referenceRank 使用官方 rankOverall/主榜参考位次；分类榜名次不冒充全国主榜名次。,2026软科高职综合 29 · 总榜参考 147
RANK_SR_BCVCR_2026_4143013942,4143013942,湖南铁路科技职业技术学院,shanghairanking-bcvcr,ShanghaiRanking,软科中国高职院校排名,2026,86,86,,,86.0,149,149,,,理工,China-mainland,https://www.shanghairanking.cn/rankings/bcvcr/2026623,,2026-09-13,True,软科官方公开 API；rankDisplay 保留榜单显示名次，referenceRank 使用官方 rankOverall/主榜参考位次；分类榜名次不冒充全国主榜名次。,2026软科高职理工 86 · 总榜参考 149
RANK_SR_BCVCR_2026_4137012330,4137012330,莱芜职业技术学院,shanghairanking-bcvcr,ShanghaiRanking,软科中国高职院校排名,2026,30,30,,,30.0,149,149,,,综合,China-mainland,https://www.shanghairanking.cn/rankings/bcvcr/2026623,,2026-09-13,True,软科官方公开 API；rankDisplay 保留榜单显示名次，referenceRank 使用官方 rankOverall/主榜参考位次；分类榜名次不冒充全国主榜名次。,2026软科高职综合 30 · 总榜参考 149
RANK_SR_BCVCR_2026_4150014183,4150014183,重庆建筑工程职业学院,shanghairanking-bcvcr,ShanghaiRanking,软科中国高职院校排名,2026,87,87,,,87.0,151,151,,,理工,China-mainland,https://www.shanghairanking.cn/rankings/bcvcr/2026623,,2026-09-13,True,软科官方公开 API；rankDisplay 保留榜单显示名次，referenceRank 使用官方 rankOverall/主榜参考位次；分类榜名次不冒充全国主榜名次。,2026软科高职理工 87 · 总榜参考 151
RANK_SR_BCVCR_2026_4161012829,4161012829,陕西财经职业技术学院,shanghairanking-bcvcr,ShanghaiRanking,软科中国高职院校排名,2026,22,22,,,22.0,153,153,,,财经,China-mainland,https://www.shanghairanking.cn/rankings/bcvcr/2026623,,2026-09-13,True,软科官方公开 API；rankDisplay 保留榜单显示名次，referenceRank 使用官方 rankOverall/主榜参考位次；分类榜名次不冒充全国主榜名次。,2026软科高职财经 22 · 总榜参考 153
RANK_SR_BCVCR_2026_4133012790,4133012790,台州职业技术学院,shanghairanking-bcvcr,ShanghaiRanking,软科中国高职院校排名,2026,31,31,,,31.0,155,155,,,综合,China-mainland,https://www.shanghairanking.cn/rankings/bcvcr/2026623,,2026-09-13,True,软科官方公开 API；rankDisplay 保留榜单显示名次，referenceRank 使用官方 rankOverall/主榜参考位次；分类榜名次不冒充全国主榜名次。,2026软科高职综合 31 · 总榜参考 155
RANK_SR_BCVCR_2026_4150011848,4150011848,重庆电力高等专科学校,shanghairanking-bcvcr,ShanghaiRanking,软科中国高职院校排名,2026,88,88,,,88.0,156,156,,,理工,China-mainland,https://www.shanghairanking.cn/rankings/bcvcr/2026623,,2026-09-13,True,软科官方公开 API；rankDisplay 保留榜单显示名次，referenceRank 使用官方 rankOverall/主榜参考位次；分类榜名次不冒充全国主榜名次。,2026软科高职理工 88 · 总榜参考 156
RANK_SR_BCVCR_2026_4137014379,4137014379,潍坊工程职业学院,shanghairanking-bcvcr,ShanghaiRanking,软科中国高职院校排名,2026,89,89,,,89.0,158,158,,,理工,China-mainland,https://www.shanghairanking.cn/rankings/bcvcr/2026623,,2026-09-13,True,软科官方公开 API；rankDisplay 保留榜单显示名次，referenceRank 使用官方 rankOverall/主榜参考位次；分类榜名次不冒充全国主榜名次。,2026软科高职理工 89 · 总榜参考 158
RANK_SR_BCVCR_2026_4132013752,4132013752,盐城工业职业技术学院,shanghairanking-bcvcr,ShanghaiRanking,软科中国高职院校排名,2026,89,89,,,89.0,158,158,,,理工,China-mainland,https://www.shanghairanking.cn/rankings/bcvcr/2026623,,2026-09-13,True,软科官方公开 API；rankDisplay 保留榜单显示名次，referenceRank 使用官方 rankOverall/主榜参考位次；分类榜名次不冒充全国主榜名次。,2026软科高职理工 89 · 总榜参考 158
RANK_SR_BCVCR_2026_4161012831,4161012831,陕西职业技术学院,shanghairanking-bcvcr,ShanghaiRanking,软科中国高职院校排名,2026,32,32,,,32.0,161,161,,,综合,China-mainland,https://www.shanghairanking.cn/rankings/bcvcr/2026623,,2026-09-13,True,软科官方公开 API；rankDisplay 保留榜单显示名次，referenceRank 使用官方 rankOverall/主榜参考位次；分类榜名次不冒充全国主榜名次。,2026软科高职综合 32 · 总榜参考 161
RANK_SR_BCVCR_2026_4112012722,4112012722,天津现代职业技术学院,shanghairanking-bcvcr,ShanghaiRanking,软科中国高职院校排名,2026,33,33,,,33.0,162,162,,,综合,China-mainland,https://www.shanghairanking.cn/rankings/bcvcr/2026623,,2026-09-13,True,软科官方公开 API；rankDisplay 保留榜单显示名次，referenceRank 使用官方 rankOverall/主榜参考位次；分类榜名次不冒充全国主榜名次。,2026软科高职综合 33 · 总榜参考 162
RANK_SR_BCVCR_2026_4137013318,4137013318,山东工业职业学院,shanghairanking-bcvcr,ShanghaiRanking,软科中国高职院校排名,2026,91,91,,,91.0,162,162,,,理工,China-mainland,https://www.shanghairanking.cn/rankings/bcvcr/2026623,,2026-09-13,True,软科官方公开 API；rankDisplay 保留榜单显示名次，referenceRank 使用官方 rankOverall/主榜参考位次；分类榜名次不冒充全国主榜名次。,2026软科高职理工 91 · 总榜参考 162
RANK_SR_BCVCR_2026_4150014128,4150014128,重庆财经职业学院,shanghairanking-bcvcr,ShanghaiRanking,软科中国高职院校排名,2026,23,23,,,23.0,163,163,,,财经,China-mainland,https://www.shanghairanking.cn/rankings/bcvcr/2026623,,2026-09-13,True,软科官方公开 API；rankDisplay 保留榜单显示名次，referenceRank 使用官方 rankOverall/主榜参考位次；分类榜名次不冒充全国主榜名次。,2026软科高职财经 23 · 总榜参考 163
RANK_SR_BCVCR_2026_4142012752,4142012752,湖北交通职业技术学院,shanghairanking-bcvcr,ShanghaiRanking,软科中国高职院校排名,2026,92,92,,,92.0,164,164,,,理工,China-mainland,https://www.shanghairanking.cn/rankings/bcvcr/2026623,,2026-09-13,True,软科官方公开 API；rankDisplay 保留榜单显示名次，referenceRank 使用官方 rankOverall/主榜参考位次；分类榜名次不冒充全国主榜名次。,2026软科高职理工 92 · 总榜参考 164
RANK_SR_BCVCR_2026_4142012051,4142012051,湖北职业技术学院,shanghairanking-bcvcr,ShanghaiRanking,软科中国高职院校排名,2026,34,34,,,34.0,164,164,,,综合,China-mainland,https://www.shanghairanking.cn/rankings/bcvcr/2026623,,2026-09-13,True,软科官方公开 API；rankDisplay 保留榜单显示名次，referenceRank 使用官方 rankOverall/主榜参考位次；分类榜名次不冒充全国主榜名次。,2026软科高职综合 34 · 总榜参考 164
RANK_SR_BCVCR_2026_4144012573,4144012573,广东食品药品职业学院,shanghairanking-bcvcr,ShanghaiRanking,软科中国高职院校排名,2026,93,93,,,93.0,165,165,,,理工,China-mainland,https://www.shanghairanking.cn/rankings/bcvcr/2026623,,2026-09-13,True,软科官方公开 API；rankDisplay 保留榜单显示名次，referenceRank 使用官方 rankOverall/主榜参考位次；分类榜名次不冒充全国主榜名次。,2026软科高职理工 93 · 总榜参考 165
RANK_SR_BCVCR_2026_4111014279,4111014279,北京交通运输职业学院,shanghairanking-bcvcr,ShanghaiRanking,软科中国高职院校排名,2026,94,94,,,94.0,167,167,,,理工,China-mainland,https://www.shanghairanking.cn/rankings/bcvcr/2026623,,2026-09-13,True,软科官方公开 API；rankDisplay 保留榜单显示名次，referenceRank 使用官方 rankOverall/主榜参考位次；分类榜名次不冒充全国主榜名次。,2026软科高职理工 94 · 总榜参考 167
RANK_SR_BCVCR_2026_4132014000,4132014000,江苏城市职业学院,shanghairanking-bcvcr,ShanghaiRanking,软科中国高职院校排名,2026,95,95,,,95.0,168,168,,,理工,China-mainland,https://www.shanghairanking.cn/rankings/bcvcr/2026623,,2026-09-13,True,软科官方公开 API；rankDisplay 保留榜单显示名次，referenceRank 使用官方 rankOverall/主榜参考位次；分类榜名次不冒充全国主榜名次。,2026软科高职理工 95 · 总榜参考 168
RANK_SR_BCVCR_2026_4143012739,4143012739,湖南环境生物职业技术学院,shanghairanking-bcvcr,ShanghaiRanking,软科中国高职院校排名,2026,15,15,,,15.0,168,168,,,农林,China-mainland,https://www.shanghairanking.cn/rankings/bcvcr/2026623,,2026-09-13,True,软科官方公开 API；rankDisplay 保留榜单显示名次，referenceRank 使用官方 rankOverall/主榜参考位次；分类榜名次不冒充全国主榜名次。,2026软科高职农林 15 · 总榜参考 168
RANK_SR_BCVCR_2026_4137010442,4137010442,山东医学高等专科学校,shanghairanking-bcvcr,ShanghaiRanking,软科中国高职院校排名,2026,6,6,,,6.0,169,169,,,医药,China-mainland,https://www.shanghairanking.cn/rankings/bcvcr/2026623,,2026-09-13,True,软科官方公开 API；rankDisplay 保留榜单显示名次，referenceRank 使用官方 rankOverall/主榜参考位次；分类榜名次不冒充全国主榜名次。,2026软科高职医药 6 · 总榜参考 169
RANK_SR_BCVCR_2026_4144013929,4144013929,广州城市职业学院,shanghairanking-bcvcr,ShanghaiRanking,软科中国高职院校排名,2026,35,35,,,35.0,169,169,,,综合,China-mainland,https://www.shanghairanking.cn/rankings/bcvcr/2026623,,2026-09-13,True,软科官方公开 API；rankDisplay 保留榜单显示名次，referenceRank 使用官方 rankOverall/主榜参考位次；分类榜名次不冒充全国主榜名次。,2026软科高职综合 35 · 总榜参考 169
RANK_SR_BCVCR_2026_4135012629,4135012629,厦门海洋职业技术学院,shanghairanking-bcvcr,ShanghaiRanking,软科中国高职院校排名,2026,16,16,,,16.0,170,170,,,农林,China-mainland,https://www.shanghairanking.cn/rankings/bcvcr/2026623,,2026-09-13,True,软科官方公开 API；rankDisplay 保留榜单显示名次，referenceRank 使用官方 rankOverall/主榜参考位次；分类榜名次不冒充全国主榜名次。,2026软科高职农林 16 · 总榜参考 170
RANK_SR_BCVCR_2026_4132013753,4132013753,江苏财经职业技术学院,shanghairanking-bcvcr,ShanghaiRanking,软科中国高职院校排名,2026,24,24,,,24.0,170,170,,,财经,China-mainland,https://www.shanghairanking.cn/rankings/bcvcr/2026623,,2026-09-13,True,软科官方公开 API；rankDisplay 保留榜单显示名次，referenceRank 使用官方 rankOverall/主榜参考位次；分类榜名次不冒充全国主榜名次。,2026软科高职财经 24 · 总榜参考 170
RANK_SR_BCVCR_2026_4113013393,4113013393,河北机电职业技术学院,shanghairanking-bcvcr,ShanghaiRanking,软科中国高职院校排名,2026,96,96,,,96.0,170,170,,,理工,China-mainland,https://www.shanghairanking.cn/rankings/bcvcr/2026623,,2026-09-13,True,软科官方公开 API；rankDisplay 保留榜单显示名次，referenceRank 使用官方 rankOverall/主榜参考位次；分类榜名次不冒充全国主榜名次。,2026软科高职理工 96 · 总榜参考 170
RANK_SR_BCVCR_2026_4150013734,4150013734,重庆城市职业学院,shanghairanking-bcvcr,ShanghaiRanking,软科中国高职院校排名,2026,36,36,,,36.0,172,172,,,综合,China-mainland,https://www.shanghairanking.cn/rankings/bcvcr/2026623,,2026-09-13,True,软科官方公开 API；rankDisplay 保留榜单显示名次，referenceRank 使用官方 rankOverall/主榜参考位次；分类榜名次不冒充全国主榜名次。,2026软科高职综合 36 · 总榜参考 172
RANK_SR_BCVCR_2026_4137012329,4137012329,山东劳动职业技术学院,shanghairanking-bcvcr,ShanghaiRanking,软科中国高职院校排名,2026,97,97,,,97.0,173,173,,,理工,China-mainland,https://www.shanghairanking.cn/rankings/bcvcr/2026623,,2026-09-13,True,软科官方公开 API；rankDisplay 保留榜单显示名次，referenceRank 使用官方 rankOverall/主榜参考位次；分类榜名次不冒充全国主榜名次。,2026软科高职理工 97 · 总榜参考 173
RANK_SR_BCVCR_2026_4133012875,4133012875,湖州职业技术学院,shanghairanking-bcvcr,ShanghaiRanking,软科中国高职院校排名,2026,37,37,,,37.0,173,173,,,综合,China-mainland,https://www.shanghairanking.cn/rankings/bcvcr/2026623,,2026-09-13,True,软科官方公开 API；rankDisplay 保留榜单显示名次，referenceRank 使用官方 rankOverall/主榜参考位次；分类榜名次不冒充全国主榜名次。,2026软科高职综合 37 · 总榜参考 173
RANK_SR_BCVCR_2026_4151012642,4151012642,四川邮电职业技术学院,shanghairanking-bcvcr,ShanghaiRanking,软科中国高职院校排名,2026,98,98,,,98.0,174,174,,,理工,China-mainland,https://www.shanghairanking.cn/rankings/bcvcr/2026623,,2026-09-13,True,软科官方公开 API；rankDisplay 保留榜单显示名次，referenceRank 使用官方 rankOverall/主榜参考位次；分类榜名次不冒充全国主榜名次。,2026软科高职理工 98 · 总榜参考 174
RANK_SR_BCVCR_2026_4134013058,4134013058,合肥职业技术学院,shanghairanking-bcvcr,ShanghaiRanking,软科中国高职院校排名,2026,38,38,,,38.0,175,175,,,综合,China-mainland,https://www.shanghairanking.cn/rankings/bcvcr/2026623,,2026-09-13,True,软科官方公开 API；rankDisplay 保留榜单显示名次，referenceRank 使用官方 rankOverall/主榜参考位次；分类榜名次不冒充全国主榜名次。,2026软科高职综合 38 · 总榜参考 175
RANK_SR_BCVCR_2026_4112012719,4112012719,天津渤海职业技术学院,shanghairanking-bcvcr,ShanghaiRanking,软科中国高职院校排名,2026,39,39,,,39.0,177,177,,,综合,China-mainland,https://www.shanghairanking.cn/rankings/bcvcr/2026623,,2026-09-13,True,软科官方公开 API；rankDisplay 保留榜单显示名次，referenceRank 使用官方 rankOverall/主榜参考位次；分类榜名次不冒充全国主榜名次。,2026软科高职综合 39 · 总榜参考 177
RANK_SR_BCVCR_2026_4135012627,4135012627,福建水利电力职业技术学院,shanghairanking-bcvcr,ShanghaiRanking,软科中国高职院校排名,2026,99,99,,,99.0,177,177,,,理工,China-mainland,https://www.shanghairanking.cn/rankings/bcvcr/2026623,,2026-09-13,True,软科官方公开 API；rankDisplay 保留榜单显示名次，referenceRank 使用官方 rankOverall/主榜参考位次；分类榜名次不冒充全国主榜名次。,2026软科高职理工 99 · 总榜参考 177
RANK_SR_BCVCR_2026_4151014091,4151014091,四川财经职业学院,shanghairanking-bcvcr,ShanghaiRanking,软科中国高职院校排名,2026,25,25,,,25.0,179,179,,,财经,China-mainland,https://www.shanghairanking.cn/rankings/bcvcr/2026623,,2026-09-13,True,软科官方公开 API；rankDisplay 保留榜单显示名次，referenceRank 使用官方 rankOverall/主榜参考位次；分类榜名次不冒充全国主榜名次。,2026软科高职财经 25 · 总榜参考 179
RANK_SR_BCVCR_2026_4145010867,4145010867,广西机电职业技术学院,shanghairanking-bcvcr,ShanghaiRanking,软科中国高职院校排名,2026,100,100,,,100.0,180,180,,,理工,China-mainland,https://www.shanghairanking.cn/rankings/bcvcr/2026623,,2026-09-13,True,软科官方公开 API；rankDisplay 保留榜单显示名次，referenceRank 使用官方 rankOverall/主榜参考位次；分类榜名次不冒充全国主榜名次。,2026软科高职理工 100 · 总榜参考 180
RANK_SR_BCVCR_2026_4135013973,4135013973,厦门城市职业学院,shanghairanking-bcvcr,ShanghaiRanking,软科中国高职院校排名,2026,40,40,,,40.0,181,181,,,综合,China-mainland,https://www.shanghairanking.cn/rankings/bcvcr/2026623,,2026-09-13,True,软科官方公开 API；rankDisplay 保留榜单显示名次，referenceRank 使用官方 rankOverall/主榜参考位次；分类榜名次不冒充全国主榜名次。,2026软科高职综合 40 · 总榜参考 181
RANK_SR_BCVCR_2026_4111014075,4111014075,北京劳动保障职业学院,shanghairanking-bcvcr,ShanghaiRanking,软科中国高职院校排名,2026,26,26,,,26.0,182,182,,,财经,China-mainland,https://www.shanghairanking.cn/rankings/bcvcr/2026623,,2026-09-13,True,软科官方公开 API；rankDisplay 保留榜单显示名次，referenceRank 使用官方 rankOverall/主榜参考位次；分类榜名次不冒充全国主榜名次。,2026软科高职财经 26 · 总榜参考 182
RANK_SR_BCVCR_2026_4121010845,4121010845,大连职业技术学院,shanghairanking-bcvcr,ShanghaiRanking,软科中国高职院校排名,2026,41,41,,,41.0,183,183,,,综合,China-mainland,https://www.shanghairanking.cn/rankings/bcvcr/2026623,,2026-09-13,True,软科官方公开 API；rankDisplay 保留榜单显示名次，referenceRank 使用官方 rankOverall/主榜参考位次；分类榜名次不冒充全国主榜名次。,2026软科高职综合 41 · 总榜参考 183
RANK_SR_BCVCR_2026_4133013742,4133013742,宁波卫生职业技术学院,shanghairanking-bcvcr,ShanghaiRanking,软科中国高职院校排名,2026,7,7,,,7.0,183,183,,,医药,China-mainland,https://www.shanghairanking.cn/rankings/bcvcr/2026623,,2026-09-13,True,软科官方公开 API；rankDisplay 保留榜单显示名次，referenceRank 使用官方 rankOverall/主榜参考位次；分类榜名次不冒充全国主榜名次。,2026软科高职医药 7 · 总榜参考 183
RANK_SR_BCVCR_2026_4112012883,4112012883,天津交通职业学院,shanghairanking-bcvcr,ShanghaiRanking,软科中国高职院校排名,2026,101,101,,,101.0,184,184,,,理工,China-mainland,https://www.shanghairanking.cn/rankings/bcvcr/2026623,,2026-09-13,True,软科官方公开 API；rankDisplay 保留榜单显示名次，referenceRank 使用官方 rankOverall/主榜参考位次；分类榜名次不冒充全国主榜名次。,2026软科高职理工 101 · 总榜参考 184
RANK_SR_BCVCR_2026_4137012441,4137012441,聊城职业技术学院,shanghairanking-bcvcr,ShanghaiRanking,软科中国高职院校排名,2026,42,42,,,42.0,186,186,,,综合,China-mainland,https://www.shanghairanking.cn/rankings/bcvcr/2026623,,2026-09-13,True,软科官方公开 API；rankDisplay 保留榜单显示名次，referenceRank 使用官方 rankOverall/主榜参考位次；分类榜名次不冒充全国主榜名次。,2026软科高职综合 42 · 总榜参考 186
RANK_SR_BCVCR_2026_4137013014,4137013014,青岛港湾职业技术学院,shanghairanking-bcvcr,ShanghaiRanking,软科中国高职院校排名,2026,102,102,,,102.0,186,186,,,理工,China-mainland,https://www.shanghairanking.cn/rankings/bcvcr/2026623,,2026-09-13,True,软科官方公开 API；rankDisplay 保留榜单显示名次，referenceRank 使用官方 rankOverall/主榜参考位次；分类榜名次不冒充全国主榜名次。,2026软科高职理工 102 · 总榜参考 186
RANK_SR_BCVCR_2026_4114013528,4114013528,山西职业技术学院,shanghairanking-bcvcr,ShanghaiRanking,软科中国高职院校排名,2026,103,103,,,103.0,188,188,,,理工,China-mainland,https://www.shanghairanking.cn/rankings/bcvcr/2026623,,2026-09-13,True,软科官方公开 API；rankDisplay 保留榜单显示名次，referenceRank 使用官方 rankOverall/主榜参考位次；分类榜名次不冒充全国主榜名次。,2026软科高职理工 103 · 总榜参考 188
RANK_SR_BCVCR_2026_4113013779,4113013779,沧州医学高等专科学校,shanghairanking-bcvcr,ShanghaiRanking,软科中国高职院校排名,2026,8,8,,,8.0,189,189,,,医药,China-mainland,https://www.shanghairanking.cn/rankings/bcvcr/2026623,,2026-09-13,True,软科官方公开 API；rankDisplay 保留榜单显示名次，referenceRank 使用官方 rankOverall/主榜参考位次；分类榜名次不冒充全国主榜名次。,2026软科高职医药 8 · 总榜参考 189
RANK_SR_BCVCR_2026_4135012630,4135012630,福建农业职业技术学院,shanghairanking-bcvcr,ShanghaiRanking,软科中国高职院校排名,2026,17,17,,,17.0,189,189,,,农林,China-mainland,https://www.shanghairanking.cn/rankings/bcvcr/2026623,,2026-09-13,True,软科官方公开 API；rankDisplay 保留榜单显示名次，referenceRank 使用官方 rankOverall/主榜参考位次；分类榜名次不冒充全国主榜名次。,2026软科高职农林 17 · 总榜参考 189
RANK_SR_BCVCR_2026_4113012785,4113012785,唐山职业技术学院,shanghairanking-bcvcr,ShanghaiRanking,软科中国高职院校排名,2026,43,43,,,43.0,190,190,,,综合,China-mainland,https://www.shanghairanking.cn/rankings/bcvcr/2026623,,2026-09-13,True,软科官方公开 API；rankDisplay 保留榜单显示名次，referenceRank 使用官方 rankOverall/主榜参考位次；分类榜名次不冒充全国主榜名次。,2026软科高职综合 43 · 总榜参考 190
RANK_SR_BCVCR_2026_4153013757,4153013757,云南机电职业技术学院,shanghairanking-bcvcr,ShanghaiRanking,软科中国高职院校排名,2026,104,104,,,104.0,191,191,,,理工,China-mainland,https://www.shanghairanking.cn/rankings/bcvcr/2026623,,2026-09-13,True,软科官方公开 API；rankDisplay 保留榜单显示名次，referenceRank 使用官方 rankOverall/主榜参考位次；分类榜名次不冒充全国主榜名次。,2026软科高职理工 104 · 总榜参考 191
RANK_SR_BCVCR_2026_4141014245,4141014245,新乡职业技术学院,shanghairanking-bcvcr,ShanghaiRanking,软科中国高职院校排名,2026,105,105,,,105.0,194,194,,,理工,China-mainland,https://www.shanghairanking.cn/rankings/bcvcr/2026623,,2026-09-13,True,软科官方公开 API；rankDisplay 保留榜单显示名次，referenceRank 使用官方 rankOverall/主榜参考位次；分类榜名次不冒充全国主榜名次。,2026软科高职理工 105 · 总榜参考 194
RANK_SR_BCVCR_2026_4134013338,4134013338,安徽城市管理职业学院,shanghairanking-bcvcr,ShanghaiRanking,软科中国高职院校排名,2026,27,27,,,27.0,196,196,,,财经,China-mainland,https://www.shanghairanking.cn/rankings/bcvcr/2026623,,2026-09-13,True,软科官方公开 API；rankDisplay 保留榜单显示名次，referenceRank 使用官方 rankOverall/主榜参考位次；分类榜名次不冒充全国主榜名次。,2026软科高职财经 27 · 总榜参考 196
RANK_SR_BCVCR_2026_4143012425,4143012425,湖南工程职业技术学院,shanghairanking-bcvcr,ShanghaiRanking,软科中国高职院校排名,2026,106,106,,,106.0,196,196,,,理工,China-mainland,https://www.shanghairanking.cn/rankings/bcvcr/2026623,,2026-09-13,True,软科官方公开 API；rankDisplay 保留榜单显示名次，referenceRank 使用官方 rankOverall/主榜参考位次；分类榜名次不冒充全国主榜名次。,2026软科高职理工 106 · 总榜参考 196
RANK_SR_BCVCR_2026_4144012327,4144012327,佛山职业技术学院,shanghairanking-bcvcr,ShanghaiRanking,软科中国高职院校排名,2026,44,44,,,44.0,198,198,,,综合,China-mainland,https://www.shanghairanking.cn/rankings/bcvcr/2026623,,2026-09-13,True,软科官方公开 API；rankDisplay 保留榜单显示名次，referenceRank 使用官方 rankOverall/主榜参考位次；分类榜名次不冒充全国主榜名次。,2026软科高职综合 44 · 总榜参考 198
RANK_SR_BCVCR_2026_4144012741,4144012741,广东建设职业技术学院,shanghairanking-bcvcr,ShanghaiRanking,软科中国高职院校排名,2026,107,107,,,107.0,198,198,,,理工,China-mainland,https://www.shanghairanking.cn/rankings/bcvcr/2026623,,2026-09-13,True,软科官方公开 API；rankDisplay 保留榜单显示名次，referenceRank 使用官方 rankOverall/主榜参考位次；分类榜名次不冒充全国主榜名次。,2026软科高职理工 107 · 总榜参考 198
RANK_SR_BCVCR_2026_4137014332,4137014332,济南幼儿师范高等专科学校,shanghairanking-bcvcr,ShanghaiRanking,软科中国高职院校排名,2026,2,2,,,2.0,199,199,,,师范,China-mainland,https://www.shanghairanking.cn/rankings/bcvcr/2026623,,2026-09-13,True,软科官方公开 API；rankDisplay 保留榜单显示名次，referenceRank 使用官方 rankOverall/主榜参考位次；分类榜名次不冒充全国主榜名次。,2026软科高职师范 2 · 总榜参考 199
RANK_SR_BCVCR_2026_4112013863,4112013863,天津铁道职业技术学院,shanghairanking-bcvcr,ShanghaiRanking,软科中国高职院校排名,2026,108,108,,,108.0,200,200,,,理工,China-mainland,https://www.shanghairanking.cn/rankings/bcvcr/2026623,,2026-09-13,True,软科官方公开 API；rankDisplay 保留榜单显示名次，referenceRank 使用官方 rankOverall/主榜参考位次；分类榜名次不冒充全国主榜名次。,2026软科高职理工 108 · 总榜参考 200
RANK_SR_BCVCR_2026_4134012924,4134012924,安徽中医药高等专科学校,shanghairanking-bcvcr,ShanghaiRanking,软科中国高职院校排名,2026,9,9,,,9.0,202,202,,,医药,China-mainland,https://www.shanghairanking.cn/rankings/bcvcr/2026623,,2026-09-13,True,软科官方公开 API；rankDisplay 保留榜单显示名次，referenceRank 使用官方 rankOverall/主榜参考位次；分类榜名次不冒充全国主榜名次。,2026软科高职医药 9 · 总榜参考 202
RANK_SR_BCVCR_2026_4137013389,4137013389,德州职业技术学院,shanghairanking-bcvcr,ShanghaiRanking,软科中国高职院校排名,2026,45,45,,,45.0,202,202,,,综合,China-mainland,https://www.shanghairanking.cn/rankings/bcvcr/2026623,,2026-09-13,True,软科官方公开 API；rankDisplay 保留榜单显示名次，referenceRank 使用官方 rankOverall/主榜参考位次；分类榜名次不冒充全国主榜名次。,2026软科高职综合 45 · 总榜参考 202
RANK_SR_BCVCR_2026_4137010444,4137010444,菏泽医学专科学校,shanghairanking-bcvcr,ShanghaiRanking,软科中国高职院校排名,2026,10,10,,,10.0,203,203,,,医药,China-mainland,https://www.shanghairanking.cn/rankings/bcvcr/2026623,,2026-09-13,True,软科官方公开 API；rankDisplay 保留榜单显示名次，referenceRank 使用官方 rankOverall/主榜参考位次；分类榜名次不冒充全国主榜名次。,2026软科高职医药 10 · 总榜参考 203
RANK_SR_BCVCR_2026_4122012902,4122012902,吉林电子信息职业技术学院,shanghairanking-bcvcr,ShanghaiRanking,软科中国高职院校排名,2026,109,109,,,109.0,204,204,,,理工,China-mainland,https://www.shanghairanking.cn/rankings/bcvcr/2026623,,2026-09-13,True,软科官方公开 API；rankDisplay 保留榜单显示名次，referenceRank 使用官方 rankOverall/主榜参考位次；分类榜名次不冒充全国主榜名次。,2026软科高职理工 109 · 总榜参考 204
RANK_SR_BCVCR_2026_4136012941,4136012941,江西财经职业学院,shanghairanking-bcvcr,ShanghaiRanking,软科中国高职院校排名,2026,28,28,,,28.0,204,204,,,财经,China-mainland,https://www.shanghairanking.cn/rankings/bcvcr/2026623,,2026-09-13,True,软科官方公开 API；rankDisplay 保留榜单显示名次，referenceRank 使用官方 rankOverall/主榜参考位次；分类榜名次不冒充全国主榜名次。,2026软科高职财经 28 · 总榜参考 204
RANK_SR_BCVCR_2026_4132012807,4132012807,常州纺织服装职业技术学院,shanghairanking-bcvcr,ShanghaiRanking,软科中国高职院校排名,2026,110,110,,,110.0,207,207,,,理工,China-mainland,https://www.shanghairanking.cn/rankings/bcvcr/2026623,,2026-09-13,True,软科官方公开 API；rankDisplay 保留榜单显示名次，referenceRank 使用官方 rankOverall/主榜参考位次；分类榜名次不冒充全国主榜名次。,2026软科高职理工 110 · 总榜参考 207
RANK_SR_BCVCR_2026_4151014547,4151014547,成都工贸职业技术学院,shanghairanking-bcvcr,ShanghaiRanking,软科中国高职院校排名,2026,46,46,,,46.0,207,207,,,综合,China-mainland,https://www.shanghairanking.cn/rankings/bcvcr/2026623,,2026-09-13,True,软科官方公开 API；rankDisplay 保留榜单显示名次，referenceRank 使用官方 rankOverall/主榜参考位次；分类榜名次不冒充全国主榜名次。,2026软科高职综合 46 · 总榜参考 207
RANK_SR_BCVCR_2026_4122012049,4122012049,吉林交通职业技术学院,shanghairanking-bcvcr,ShanghaiRanking,软科中国高职院校排名,2026,111,111,,,111.0,209,209,,,理工,China-mainland,https://www.shanghairanking.cn/rankings/bcvcr/2026623,,2026-09-13,True,软科官方公开 API；rankDisplay 保留榜单显示名次，referenceRank 使用官方 rankOverall/主榜参考位次；分类榜名次不冒充全国主榜名次。,2026软科高职理工 111 · 总榜参考 209
RANK_SR_BCVCR_2026_4143013038,4143013038,岳阳职业技术学院,shanghairanking-bcvcr,ShanghaiRanking,软科中国高职院校排名,2026,47,47,,,47.0,209,209,,,综合,China-mainland,https://www.shanghairanking.cn/rankings/bcvcr/2026623,,2026-09-13,True,软科官方公开 API；rankDisplay 保留榜单显示名次，referenceRank 使用官方 rankOverall/主榜参考位次；分类榜名次不冒充全国主榜名次。,2026软科高职综合 47 · 总榜参考 209
RANK_SR_BCVCR_2026_4136013426,4136013426,江西生物科技职业学院,shanghairanking-bcvcr,ShanghaiRanking,软科中国高职院校排名,2026,18,18,,,18.0,209,209,,,农林,China-mainland,https://www.shanghairanking.cn/rankings/bcvcr/2026623,,2026-09-13,True,软科官方公开 API；rankDisplay 保留榜单显示名次，referenceRank 使用官方 rankOverall/主榜参考位次；分类榜名次不冒充全国主榜名次。,2026软科高职农林 18 · 总榜参考 209
RANK_SR_BCVCR_2026_4135014490,4135014490,闽江师范高等专科学校,shanghairanking-bcvcr,ShanghaiRanking,软科中国高职院校排名,2026,3,3,,,3.0,210,210,,,师范,China-mainland,https://www.shanghairanking.cn/rankings/bcvcr/2026623,,2026-09-13,True,软科官方公开 API；rankDisplay 保留榜单显示名次，referenceRank 使用官方 rankOverall/主榜参考位次；分类榜名次不冒充全国主榜名次。,2026软科高职师范 3 · 总榜参考 210
RANK_SR_BCVCR_2026_4144012040,4144012040,广州民航职业技术学院,shanghairanking-bcvcr,ShanghaiRanking,软科中国高职院校排名,2026,112,112,,,112.0,212,212,,,理工,China-mainland,https://www.shanghairanking.cn/rankings/bcvcr/2026623,,2026-09-13,True,软科官方公开 API；rankDisplay 保留榜单显示名次，referenceRank 使用官方 rankOverall/主榜参考位次；分类榜名次不冒充全国主榜名次。,2026软科高职理工 112 · 总榜参考 212
RANK_SR_BCVCR_2026_4123012727,4123012727,黑龙江农垦职业学院,shanghairanking-bcvcr,ShanghaiRanking,软科中国高职院校排名,2026,48,48,,,48.0,212,212,,,综合,China-mainland,https://www.shanghairanking.cn/rankings/bcvcr/2026623,,2026-09-13,True,软科官方公开 API；rankDisplay 保留榜单显示名次，referenceRank 使用官方 rankOverall/主榜参考位次；分类榜名次不冒充全国主榜名次。,2026软科高职综合 48 · 总榜参考 212
RANK_SR_BCVCR_2026_4151012966,4151012966,宜宾职业技术学院,shanghairanking-bcvcr,ShanghaiRanking,软科中国高职院校排名,2026,49,49,,,49.0,214,214,,,综合,China-mainland,https://www.shanghairanking.cn/rankings/bcvcr/2026623,,2026-09-13,True,软科官方公开 API；rankDisplay 保留榜单显示名次，referenceRank 使用官方 rankOverall/主榜参考位次；分类榜名次不冒充全国主榜名次。,2026软科高职综合 49 · 总榜参考 214
RANK_SR_BCVCR_2026_4133012647,4133012647,浙江同济科技职业学院,shanghairanking-bcvcr,ShanghaiRanking,软科中国高职院校排名,2026,113,113,,,113.0,214,214,,,理工,China-mainland,https://www.shanghairanking.cn/rankings/bcvcr/2026623,,2026-09-13,True,软科官方公开 API；rankDisplay 保留榜单显示名次，referenceRank 使用官方 rankOverall/主榜参考位次；分类榜名次不冒充全国主榜名次。,2026软科高职理工 113 · 总榜参考 214
RANK_SR_BCVCR_2026_4142013265,4142013265,咸宁职业技术学院,shanghairanking-bcvcr,ShanghaiRanking,软科中国高职院校排名,2026,50,50,,,50.0,215,215,,,综合,China-mainland,https://www.shanghairanking.cn/rankings/bcvcr/2026623,,2026-09-13,True,软科官方公开 API；rankDisplay 保留榜单显示名次，referenceRank 使用官方 rankOverall/主榜参考位次；分类榜名次不冒充全国主榜名次。,2026软科高职综合 50 · 总榜参考 215
RANK_SR_BCVCR_2026_4145013831,4145013831,广西电力职业技术学院,shanghairanking-bcvcr,ShanghaiRanking,软科中国高职院校排名,2026,114,114,,,114.0,215,215,,,理工,China-mainland,https://www.shanghairanking.cn/rankings/bcvcr/2026623,,2026-09-13,True,软科官方公开 API；rankDisplay 保留榜单显示名次，referenceRank 使用官方 rankOverall/主榜参考位次；分类榜名次不冒充全国主榜名次。,2026软科高职理工 114 · 总榜参考 215
RANK_SR_BCVCR_2026_4113013073,4113013073,石家庄信息工程职业学院,shanghairanking-bcvcr,ShanghaiRanking,软科中国高职院校排名,2026,115,115,,,115.0,217,217,,,理工,China-mainland,https://www.shanghairanking.cn/rankings/bcvcr/2026623,,2026-09-13,True,软科官方公开 API；rankDisplay 保留榜单显示名次，referenceRank 使用官方 rankOverall/主榜参考位次；分类榜名次不冒充全国主榜名次。,2026软科高职理工 115 · 总榜参考 217
RANK_SR_BCVCR_2026_4133012878,4133012878,丽水职业技术学院,shanghairanking-bcvcr,ShanghaiRanking,软科中国高职院校排名,2026,51,51,,,51.0,218,218,,,综合,China-mainland,https://www.shanghairanking.cn/rankings/bcvcr/2026623,,2026-09-13,True,软科官方公开 API；rankDisplay 保留榜单显示名次，referenceRank 使用官方 rankOverall/主榜参考位次；分类榜名次不冒充全国主榜名次。,2026软科高职综合 51 · 总榜参考 218
RANK_SR_BCVCR_2026_4143013941,4143013941,湖南高速铁路职业技术学院,shanghairanking-bcvcr,ShanghaiRanking,软科中国高职院校排名,2026,116,116,,,116.0,218,218,,,理工,China-mainland,https://www.shanghairanking.cn/rankings/bcvcr/2026623,,2026-09-13,True,软科官方公开 API；rankDisplay 保留榜单显示名次，referenceRank 使用官方 rankOverall/主榜参考位次；分类榜名次不冒充全国主榜名次。,2026软科高职理工 116 · 总榜参考 218
RANK_SR_BCVCR_2026_4144013919,4144013919,广东理工职业学院,shanghairanking-bcvcr,ShanghaiRanking,软科中国高职院校排名,2026,117,117,,,117.0,220,220,,,理工,China-mainland,https://www.shanghairanking.cn/rankings/bcvcr/2026623,,2026-09-13,True,软科官方公开 API；rankDisplay 保留榜单显示名次，referenceRank 使用官方 rankOverall/主榜参考位次；分类榜名次不冒充全国主榜名次。,2026软科高职理工 117 · 总榜参考 220
RANK_SR_BCVCR_2026_4115012675,4115012675,内蒙古化工职业学院,shanghairanking-bcvcr,ShanghaiRanking,软科中国高职院校排名,2026,118,118,,,118.0,223,223,,,理工,China-mainland,https://www.shanghairanking.cn/rankings/bcvcr/2026623,,2026-09-13,True,软科官方公开 API；rankDisplay 保留榜单显示名次，referenceRank 使用官方 rankOverall/主榜参考位次；分类榜名次不冒充全国主榜名次。,2026软科高职理工 118 · 总榜参考 223
RANK_SR_BCVCR_2026_4135013772,4135013772,湄洲湾职业技术学院,shanghairanking-bcvcr,ShanghaiRanking,软科中国高职院校排名,2026,119,119,,,119.0,224,224,,,理工,China-mainland,https://www.shanghairanking.cn/rankings/bcvcr/2026623,,2026-09-13,True,软科官方公开 API；rankDisplay 保留榜单显示名次，referenceRank 使用官方 rankOverall/主榜参考位次；分类榜名次不冒充全国主榜名次。,2026软科高职理工 119 · 总榜参考 224
RANK_SR_BCVCR_2026_4141014348,4141014348,河南机电职业学院,shanghairanking-bcvcr,ShanghaiRanking,软科中国高职院校排名,2026,120,120,,,120.0,225,225,,,理工,China-mainland,https://www.shanghairanking.cn/rankings/bcvcr/2026623,,2026-09-13,True,软科官方公开 API；rankDisplay 保留榜单显示名次，referenceRank 使用官方 rankOverall/主榜参考位次；分类榜名次不冒充全国主榜名次。,2026软科高职理工 120 · 总榜参考 225
RANK_SR_BCVCR_2026_4142012981,4142012981,武汉电力职业技术学院,shanghairanking-bcvcr,ShanghaiRanking,软科中国高职院校排名,2026,121,121,,,121.0,226,226,,,理工,China-mainland,https://www.shanghairanking.cn/rankings/bcvcr/2026623,,2026-09-13,True,软科官方公开 API；rankDisplay 保留榜单显示名次，referenceRank 使用官方 rankOverall/主榜参考位次；分类榜名次不冒充全国主榜名次。,2026软科高职理工 121 · 总榜参考 226
RANK_SR_BCVCR_2026_4143012401,4143012401,湖南商务职业技术学院,shanghairanking-bcvcr,ShanghaiRanking,软科中国高职院校排名,2026,29,29,,,29.0,228,228,,,财经,China-mainland,https://www.shanghairanking.cn/rankings/bcvcr/2026623,,2026-09-13,True,软科官方公开 API；rankDisplay 保留榜单显示名次，referenceRank 使用官方 rankOverall/主榜参考位次；分类榜名次不冒充全国主榜名次。,2026软科高职财经 29 · 总榜参考 228
RANK_SR_BCVCR_2026_4135012634,4135012634,泉州医学高等专科学校,shanghairanking-bcvcr,ShanghaiRanking,软科中国高职院校排名,2026,11,11,,,11.0,229,229,,,医药,China-mainland,https://www.shanghairanking.cn/rankings/bcvcr/2026623,,2026-09-13,True,软科官方公开 API；rankDisplay 保留榜单显示名次，referenceRank 使用官方 rankOverall/主榜参考位次；分类榜名次不冒充全国主榜名次。,2026软科高职医药 11 · 总榜参考 229
RANK_SR_BCVCR_2026_4131010275,4131010275,上海旅游高等专科学校,shanghairanking-bcvcr,ShanghaiRanking,软科中国高职院校排名,2026,30,30,,,30.0,230,230,,,财经,China-mainland,https://www.shanghairanking.cn/rankings/bcvcr/2026623,,2026-09-13,True,软科官方公开 API；rankDisplay 保留榜单显示名次，referenceRank 使用官方 rankOverall/主榜参考位次；分类榜名次不冒充全国主榜名次。,2026软科高职财经 30 · 总榜参考 230
RANK_SR_BCVCR_2026_4143013032,4143013032,湖南艺术职业学院,shanghairanking-bcvcr,ShanghaiRanking,软科中国高职院校排名,2026,6,6,,,6.0,230,230,,,文艺,China-mainland,https://www.shanghairanking.cn/rankings/bcvcr/2026623,,2026-09-13,True,软科官方公开 API；rankDisplay 保留榜单显示名次，referenceRank 使用官方 rankOverall/主榜参考位次；分类榜名次不冒充全国主榜名次。,2026软科高职文艺 6 · 总榜参考 230
RANK_SR_BCVCR_2026_4144013713,4144013713,珠海城市职业技术学院,shanghairanking-bcvcr,ShanghaiRanking,软科中国高职院校排名,2026,52,52,,,52.0,230,230,,,综合,China-mainland,https://www.shanghairanking.cn/rankings/bcvcr/2026623,,2026-09-13,True,软科官方公开 API；rankDisplay 保留榜单显示名次，referenceRank 使用官方 rankOverall/主榜参考位次；分类榜名次不冒充全国主榜名次。,2026软科高职综合 52 · 总榜参考 230
RANK_SR_BCVCR_2026_4115012677,4115012677,锡林郭勒职业学院,shanghairanking-bcvcr,ShanghaiRanking,软科中国高职院校排名,2026,52,52,,,52.0,230,230,,,综合,China-mainland,https://www.shanghairanking.cn/rankings/bcvcr/2026623,,2026-09-13,True,软科官方公开 API；rankDisplay 保留榜单显示名次，referenceRank 使用官方 rankOverall/主榜参考位次；分类榜名次不冒充全国主榜名次。,2026软科高职综合 52 · 总榜参考 230
RANK_SR_BCVCR_2026_4144014311,4144014311,广东环境保护工程职业学院,shanghairanking-bcvcr,ShanghaiRanking,软科中国高职院校排名,2026,122,122,,,122.0,231,231,,,理工,China-mainland,https://www.shanghairanking.cn/rankings/bcvcr/2026623,,2026-09-13,True,软科官方公开 API；rankDisplay 保留榜单显示名次，referenceRank 使用官方 rankOverall/主榜参考位次；分类榜名次不冒充全国主榜名次。,2026软科高职理工 122 · 总榜参考 231
RANK_SR_BCVCR_2026_4135012633,4135012633,福建卫生职业技术学院,shanghairanking-bcvcr,ShanghaiRanking,软科中国高职院校排名,2026,12,12,,,12.0,231,231,,,医药,China-mainland,https://www.shanghairanking.cn/rankings/bcvcr/2026623,,2026-09-13,True,软科官方公开 API；rankDisplay 保留榜单显示名次，referenceRank 使用官方 rankOverall/主榜参考位次；分类榜名次不冒充全国主榜名次。,2026软科高职医药 12 · 总榜参考 231
RANK_SR_BCVCR_2026_4111011626,4111011626,北京青年政治学院,shanghairanking-bcvcr,ShanghaiRanking,软科中国高职院校排名,2026,4,4,,,4.0,232,232,,,师范,China-mainland,https://www.shanghairanking.cn/rankings/bcvcr/2026623,,2026-09-13,True,软科官方公开 API；rankDisplay 保留榜单显示名次，referenceRank 使用官方 rankOverall/主榜参考位次；分类榜名次不冒充全国主榜名次。,2026软科高职师范 4 · 总榜参考 232
RANK_SR_BCVCR_2026_4142013266,4142013266,长江工程职业技术学院,shanghairanking-bcvcr,ShanghaiRanking,软科中国高职院校排名,2026,123,123,,,123.0,232,232,,,理工,China-mainland,https://www.shanghairanking.cn/rankings/bcvcr/2026623,,2026-09-13,True,软科官方公开 API；rankDisplay 保留榜单显示名次，referenceRank 使用官方 rankOverall/主榜参考位次；分类榜名次不冒充全国主榜名次。,2026软科高职理工 123 · 总榜参考 232
RANK_SR_BCVCR_2026_4151012638,4151012638,四川水利职业技术学院,shanghairanking-bcvcr,ShanghaiRanking,软科中国高职院校排名,2026,124,124,,,124.0,233,233,,,理工,China-mainland,https://www.shanghairanking.cn/rankings/bcvcr/2026623,,2026-09-13,True,软科官方公开 API；rankDisplay 保留榜单显示名次，referenceRank 使用官方 rankOverall/主榜参考位次；分类榜名次不冒充全国主榜名次。,2026软科高职理工 124 · 总榜参考 233
RANK_SR_BCVCR_2026_4137013966,4137013966,山东药品食品职业学院,shanghairanking-bcvcr,ShanghaiRanking,软科中国高职院校排名,2026,13,13,,,13.0,233,233,,,医药,China-mainland,https://www.shanghairanking.cn/rankings/bcvcr/2026623,,2026-09-13,True,软科官方公开 API；rankDisplay 保留榜单显示名次，referenceRank 使用官方 rankOverall/主榜参考位次；分类榜名次不冒充全国主榜名次。,2026软科高职医药 13 · 总榜参考 233
RANK_SR_BCVCR_2026_4153013756,4153013756,云南国防工业职业技术学院,shanghairanking-bcvcr,ShanghaiRanking,软科中国高职院校排名,2026,125,125,,,125.0,234,234,,,理工,China-mainland,https://www.shanghairanking.cn/rankings/bcvcr/2026623,,2026-09-13,True,软科官方公开 API；rankDisplay 保留榜单显示名次，referenceRank 使用官方 rankOverall/主榜参考位次；分类榜名次不冒充全国主榜名次。,2026软科高职理工 125 · 总榜参考 234
RANK_SR_BCVCR_2026_4132014255,4132014255,江苏卫生健康职业学院,shanghairanking-bcvcr,ShanghaiRanking,软科中国高职院校排名,2026,14,14,,,14.0,234,234,,,医药,China-mainland,https://www.shanghairanking.cn/rankings/bcvcr/2026623,,2026-09-13,True,软科官方公开 API；rankDisplay 保留榜单显示名次，referenceRank 使用官方 rankOverall/主榜参考位次；分类榜名次不冒充全国主榜名次。,2026软科高职医药 14 · 总榜参考 234
RANK_SR_BCVCR_2026_4135013972,4135013972,福建幼儿师范高等专科学校,shanghairanking-bcvcr,ShanghaiRanking,软科中国高职院校排名,2026,5,5,,,5.0,234,234,,,师范,China-mainland,https://www.shanghairanking.cn/rankings/bcvcr/2026623,,2026-09-13,True,软科官方公开 API；rankDisplay 保留榜单显示名次，referenceRank 使用官方 rankOverall/主榜参考位次；分类榜名次不冒充全国主榜名次。,2026软科高职师范 5 · 总榜参考 234
RANK_SR_BCVCR_2026_4137014080,4137014080,山东城市建设职业学院,shanghairanking-bcvcr,ShanghaiRanking,软科中国高职院校排名,2026,126,126,,,126.0,236,236,,,理工,China-mainland,https://www.shanghairanking.cn/rankings/bcvcr/2026623,,2026-09-13,True,软科官方公开 API；rankDisplay 保留榜单显示名次，referenceRank 使用官方 rankOverall/主榜参考位次；分类榜名次不冒充全国主榜名次。,2026软科高职理工 126 · 总榜参考 236
RANK_SR_BCVCR_2026_4123012907,4123012907,哈尔滨铁道职业技术学院,shanghairanking-bcvcr,ShanghaiRanking,软科中国高职院校排名,2026,127,127,,,127.0,239,239,,,理工,China-mainland,https://www.shanghairanking.cn/rankings/bcvcr/2026623,,2026-09-13,True,软科官方公开 API；rankDisplay 保留榜单显示名次，referenceRank 使用官方 rankOverall/主榜参考位次；分类榜名次不冒充全国主榜名次。,2026软科高职理工 127 · 总榜参考 239
RANK_SR_BCVCR_2026_4145014220,4145014220,广西幼儿师范高等专科学校,shanghairanking-bcvcr,ShanghaiRanking,软科中国高职院校排名,2026,6,6,,,6.0,241,241,,,师范,China-mainland,https://www.shanghairanking.cn/rankings/bcvcr/2026623,,2026-09-13,True,软科官方公开 API；rankDisplay 保留榜单显示名次，referenceRank 使用官方 rankOverall/主榜参考位次；分类榜名次不冒充全国主榜名次。,2026软科高职师范 6 · 总榜参考 241
RANK_SR_BCVCR_2026_4135012625,4135012625,福建林业职业技术学院,shanghairanking-bcvcr,ShanghaiRanking,软科中国高职院校排名,2026,19,19,,,19.0,241,241,,,农林,China-mainland,https://www.shanghairanking.cn/rankings/bcvcr/2026623,,2026-09-13,True,软科官方公开 API；rankDisplay 保留榜单显示名次，referenceRank 使用官方 rankOverall/主榜参考位次；分类榜名次不冒充全国主榜名次。,2026软科高职农林 19 · 总榜参考 241
RANK_SR_BCVCR_2026_4112014022,4112014022,天津海运职业学院,shanghairanking-bcvcr,ShanghaiRanking,软科中国高职院校排名,2026,54,54,,,54.0,242,242,,,综合,China-mainland,https://www.shanghairanking.cn/rankings/bcvcr/2026623,,2026-09-13,True,软科官方公开 API；rankDisplay 保留榜单显示名次，referenceRank 使用官方 rankOverall/主榜参考位次；分类榜名次不冒充全国主榜名次。,2026软科高职综合 54 · 总榜参考 242
RANK_SR_BCVCR_2026_4121014188,4121014188,辽宁铁道职业技术学院,shanghairanking-bcvcr,ShanghaiRanking,软科中国高职院校排名,2026,128,128,,,128.0,242,242,,,理工,China-mainland,https://www.shanghairanking.cn/rankings/bcvcr/2026623,,2026-09-13,True,软科官方公开 API；rankDisplay 保留榜单显示名次，referenceRank 使用官方 rankOverall/主榜参考位次；分类榜名次不冒充全国主榜名次。,2026软科高职理工 128 · 总榜参考 242
RANK_SR_BCVCR_2026_4133013746,4133013746,台州科技职业学院,shanghairanking-bcvcr,ShanghaiRanking,软科中国高职院校排名,2026,55,55,,,55.0,243,243,,,综合,China-mainland,https://www.shanghairanking.cn/rankings/bcvcr/2026623,,2026-09-13,True,软科官方公开 API；rankDisplay 保留榜单显示名次，referenceRank 使用官方 rankOverall/主榜参考位次；分类榜名次不冒充全国主榜名次。,2026软科高职综合 55 · 总榜参考 243
RANK_SR_BCVCR_2026_4143012304,4143012304,湖南科技职业学院,shanghairanking-bcvcr,ShanghaiRanking,软科中国高职院校排名,2026,55,55,,,55.0,243,243,,,综合,China-mainland,https://www.shanghairanking.cn/rankings/bcvcr/2026623,,2026-09-13,True,软科官方公开 API；rankDisplay 保留榜单显示名次，referenceRank 使用官方 rankOverall/主榜参考位次；分类榜名次不冒充全国主榜名次。,2026软科高职综合 55 · 总榜参考 243
RANK_SR_BCVCR_2026_4153013758,4153013758,云南林业职业技术学院,shanghairanking-bcvcr,ShanghaiRanking,软科中国高职院校排名,2026,20,20,,,20.0,244,244,,,农林,China-mainland,https://www.shanghairanking.cn/rankings/bcvcr/2026623,,2026-09-13,True,软科官方公开 API；rankDisplay 保留榜单显示名次，referenceRank 使用官方 rankOverall/主榜参考位次；分类榜名次不冒充全国主榜名次。,2026软科高职农林 20 · 总榜参考 244
RANK_SR_BCVCR_2026_4137013778,4137013778,山东中医药高等专科学校,shanghairanking-bcvcr,ShanghaiRanking,软科中国高职院校排名,2026,15,15,,,15.0,245,245,,,医药,China-mainland,https://www.shanghairanking.cn/rankings/bcvcr/2026623,,2026-09-13,True,软科官方公开 API；rankDisplay 保留榜单显示名次，referenceRank 使用官方 rankOverall/主榜参考位次；分类榜名次不冒充全国主榜名次。,2026软科高职医药 15 · 总榜参考 245
RANK_SR_BCVCR_2026_4122012903,4122012903,吉林工业职业技术学院,shanghairanking-bcvcr,ShanghaiRanking,软科中国高职院校排名,2026,129,129,,,129.0,247,247,,,理工,China-mainland,https://www.shanghairanking.cn/rankings/bcvcr/2026623,,2026-09-13,True,软科官方公开 API；rankDisplay 保留榜单显示名次，referenceRank 使用官方 rankOverall/主榜参考位次；分类榜名次不冒充全国主榜名次。,2026软科高职理工 129 · 总榜参考 247
RANK_SR_BCVCR_2026_4164013088,4164013088,宁夏财经职业技术学院,shanghairanking-bcvcr,ShanghaiRanking,软科中国高职院校排名,2026,31,31,,,31.0,247,247,,,财经,China-mainland,https://www.shanghairanking.cn/rankings/bcvcr/2026623,,2026-09-13,True,软科官方公开 API；rankDisplay 保留榜单显示名次，referenceRank 使用官方 rankOverall/主榜参考位次；分类榜名次不冒充全国主榜名次。,2026软科高职财经 31 · 总榜参考 247
RANK_SR_BCVCR_2026_4142013801,4142013801,湖北生态工程职业技术学院,shanghairanking-bcvcr,ShanghaiRanking,软科中国高职院校排名,2026,21,21,,,21.0,248,248,,,农林,China-mainland,https://www.shanghairanking.cn/rankings/bcvcr/2026623,,2026-09-13,True,软科官方公开 API；rankDisplay 保留榜单显示名次，referenceRank 使用官方 rankOverall/主榜参考位次；分类榜名次不冒充全国主榜名次。,2026软科高职农林 21 · 总榜参考 248
RANK_SR_BCVCR_2026_4134013059,4134013059,滁州职业技术学院,shanghairanking-bcvcr,ShanghaiRanking,软科中国高职院校排名,2026,130,130,,,130.0,248,248,,,理工,China-mainland,https://www.shanghairanking.cn/rankings/bcvcr/2026623,,2026-09-13,True,软科官方公开 API；rankDisplay 保留榜单显示名次，referenceRank 使用官方 rankOverall/主榜参考位次；分类榜名次不冒充全国主榜名次。,2026软科高职理工 130 · 总榜参考 248
RANK_SR_BCVCR_2026_4135014117,4135014117,漳州卫生职业学院,shanghairanking-bcvcr,ShanghaiRanking,软科中国高职院校排名,2026,16,16,,,16.0,249,249,,,医药,China-mainland,https://www.shanghairanking.cn/rankings/bcvcr/2026623,,2026-09-13,True,软科官方公开 API；rankDisplay 保留榜单显示名次，referenceRank 使用官方 rankOverall/主榜参考位次；分类榜名次不冒充全国主榜名次。,2026软科高职医药 16 · 总榜参考 249
RANK_SR_BCVCR_2026_4151014409,4151014409,四川卫生康复职业学院,shanghairanking-bcvcr,ShanghaiRanking,软科中国高职院校排名,2026,17,17,,,17.0,253,253,,,医药,China-mainland,https://www.shanghairanking.cn/rankings/bcvcr/2026623,,2026-09-13,True,软科官方公开 API；rankDisplay 保留榜单显示名次，referenceRank 使用官方 rankOverall/主榜参考位次；分类榜名次不冒充全国主榜名次。,2026软科高职医药 17 · 总榜参考 253
RANK_SR_BCVCR_2026_4121012594,4121012594,沈阳职业技术学院,shanghairanking-bcvcr,ShanghaiRanking,软科中国高职院校排名,2026,57,57,,,57.0,254,254,,,综合,China-mainland,https://www.shanghairanking.cn/rankings/bcvcr/2026623,,2026-09-13,True,软科官方公开 API；rankDisplay 保留榜单显示名次，referenceRank 使用官方 rankOverall/主榜参考位次；分类榜名次不冒充全国主榜名次。,2026软科高职综合 57 · 总榜参考 254
RANK_SR_BCVCR_2026_4143012301,4143012301,永州职业技术学院,shanghairanking-bcvcr,ShanghaiRanking,软科中国高职院校排名,2026,58,58,,,58.0,255,255,,,综合,China-mainland,https://www.shanghairanking.cn/rankings/bcvcr/2026623,,2026-09-13,True,软科官方公开 API；rankDisplay 保留榜单显示名次，referenceRank 使用官方 rankOverall/主榜参考位次；分类榜名次不冒充全国主榜名次。,2026软科高职综合 58 · 总榜参考 255
RANK_SR_BCVCR_2026_4122013743,4122013743,白城医学高等专科学校,shanghairanking-bcvcr,ShanghaiRanking,软科中国高职院校排名,2026,18,18,,,18.0,255,255,,,医药,China-mainland,https://www.shanghairanking.cn/rankings/bcvcr/2026623,,2026-09-13,True,软科官方公开 API；rankDisplay 保留榜单显示名次，referenceRank 使用官方 rankOverall/主榜参考位次；分类榜名次不冒充全国主榜名次。,2026软科高职医药 18 · 总榜参考 255
RANK_SR_BCVCR_2026_4113012773,4113012773,秦皇岛职业技术学院,shanghairanking-bcvcr,ShanghaiRanking,软科中国高职院校排名,2026,131,131,,,131.0,255,255,,,理工,China-mainland,https://www.shanghairanking.cn/rankings/bcvcr/2026623,,2026-09-13,True,软科官方公开 API；rankDisplay 保留榜单显示名次，referenceRank 使用官方 rankOverall/主榜参考位次；分类榜名次不冒充全国主榜名次。,2026软科高职理工 131 · 总榜参考 255
RANK_SR_BCVCR_2026_4142012983,4142012983,湖北城市建设职业技术学院,shanghairanking-bcvcr,ShanghaiRanking,软科中国高职院校排名,2026,132,132,,,132.0,256,256,,,理工,China-mainland,https://www.shanghairanking.cn/rankings/bcvcr/2026623,,2026-09-13,True,软科官方公开 API；rankDisplay 保留榜单显示名次，referenceRank 使用官方 rankOverall/主榜参考位次；分类榜名次不冒充全国主榜名次。,2026软科高职理工 132 · 总榜参考 256
RANK_SR_BCVCR_2026_4137011827,4137011827,山东电力高等专科学校,shanghairanking-bcvcr,ShanghaiRanking,软科中国高职院校排名,2026,133,133,,,133.0,257,257,,,理工,China-mainland,https://www.shanghairanking.cn/rankings/bcvcr/2026623,,2026-09-13,True,软科官方公开 API；rankDisplay 保留榜单显示名次，referenceRank 使用官方 rankOverall/主榜参考位次；分类榜名次不冒充全国主榜名次。,2026软科高职理工 133 · 总榜参考 257
RANK_SR_BCVCR_2026_4151012762,4151012762,四川工商职业技术学院,shanghairanking-bcvcr,ShanghaiRanking,软科中国高职院校排名,2026,134,134,,,134.0,258,258,,,理工,China-mainland,https://www.shanghairanking.cn/rankings/bcvcr/2026623,,2026-09-13,True,软科官方公开 API；rankDisplay 保留榜单显示名次，referenceRank 使用官方 rankOverall/主榜参考位次；分类榜名次不冒充全国主榜名次。,2026软科高职理工 134 · 总榜参考 258
RANK_SR_BCVCR_2026_4137013777,4137013777,淄博师范高等专科学校,shanghairanking-bcvcr,ShanghaiRanking,软科中国高职院校排名,2026,7,7,,,7.0,258,258,,,师范,China-mainland,https://www.shanghairanking.cn/rankings/bcvcr/2026623,,2026-09-13,True,软科官方公开 API；rankDisplay 保留榜单显示名次，referenceRank 使用官方 rankOverall/主榜参考位次；分类榜名次不冒充全国主榜名次。,2026软科高职师范 7 · 总榜参考 258
RANK_SR_BCVCR_2026_4132013751,4132013751,苏州健雄职业技术学院,shanghairanking-bcvcr,ShanghaiRanking,软科中国高职院校排名,2026,135,135,,,135.0,259,259,,,理工,China-mainland,https://www.shanghairanking.cn/rankings/bcvcr/2026623,,2026-09-13,True,软科官方公开 API；rankDisplay 保留榜单显示名次，referenceRank 使用官方 rankOverall/主榜参考位次；分类榜名次不冒充全国主榜名次。,2026软科高职理工 135 · 总榜参考 259
RANK_SR_BCVCR_2026_4151012970,4151012970,四川职业技术学院,shanghairanking-bcvcr,ShanghaiRanking,软科中国高职院校排名,2026,59,59,,,59.0,261,261,,,综合,China-mainland,https://www.shanghairanking.cn/rankings/bcvcr/2026623,,2026-09-13,True,软科官方公开 API；rankDisplay 保留榜单显示名次，referenceRank 使用官方 rankOverall/主榜参考位次；分类榜名次不冒充全国主榜名次。,2026软科高职综合 59 · 总榜参考 261
RANK_SR_BCVCR_2026_4112012788,4112012788,天津商务职业学院,shanghairanking-bcvcr,ShanghaiRanking,软科中国高职院校排名,2026,32,32,,,32.0,263,263,,,财经,China-mainland,https://www.shanghairanking.cn/rankings/bcvcr/2026623,,2026-09-13,True,软科官方公开 API；rankDisplay 保留榜单显示名次，referenceRank 使用官方 rankOverall/主榜参考位次；分类榜名次不冒充全国主榜名次。,2026软科高职财经 32 · 总榜参考 263
RANK_SR_BCVCR_2026_4132013749,4132013749,无锡工艺职业技术学院,shanghairanking-bcvcr,ShanghaiRanking,软科中国高职院校排名,2026,7,7,,,7.0,264,264,,,文艺,China-mainland,https://www.shanghairanking.cn/rankings/bcvcr/2026623,,2026-09-13,True,软科官方公开 API；rankDisplay 保留榜单显示名次，referenceRank 使用官方 rankOverall/主榜参考位次；分类榜名次不冒充全国主榜名次。,2026软科高职文艺 7 · 总榜参考 264
RANK_SR_BCVCR_2026_4165014421,4165014421,新疆师范高等专科学校,shanghairanking-bcvcr,ShanghaiRanking,软科中国高职院校排名,2026,8,8,,,8.0,266,266,,,师范,China-mainland,https://www.shanghairanking.cn/rankings/bcvcr/2026623,,2026-09-13,True,软科官方公开 API；rankDisplay 保留榜单显示名次，referenceRank 使用官方 rankOverall/主榜参考位次；分类榜名次不冒充全国主榜名次。,2026软科高职师范 8 · 总榜参考 266
RANK_SR_BCVCR_2026_4121012899,4121012899,辽宁经济职业技术学院,shanghairanking-bcvcr,ShanghaiRanking,软科中国高职院校排名,2026,33,33,,,33.0,266,266,,,财经,China-mainland,https://www.shanghairanking.cn/rankings/bcvcr/2026623,,2026-09-13,True,软科官方公开 API；rankDisplay 保留榜单显示名次，referenceRank 使用官方 rankOverall/主榜参考位次；分类榜名次不冒充全国主榜名次。,2026软科高职财经 33 · 总榜参考 266
RANK_SR_BCVCR_2026_4142010956,4142010956,长江职业学院,shanghairanking-bcvcr,ShanghaiRanking,软科中国高职院校排名,2026,136,136,,,136.0,266,266,,,理工,China-mainland,https://www.shanghairanking.cn/rankings/bcvcr/2026623,,2026-09-13,True,软科官方公开 API；rankDisplay 保留榜单显示名次，referenceRank 使用官方 rankOverall/主榜参考位次；分类榜名次不冒充全国主榜名次。,2026软科高职理工 136 · 总榜参考 266
RANK_SR_BCVCR_2026_4143013031,4143013031,长沙环境保护职业技术学院,shanghairanking-bcvcr,ShanghaiRanking,软科中国高职院校排名,2026,137,137,,,137.0,267,267,,,理工,China-mainland,https://www.shanghairanking.cn/rankings/bcvcr/2026623,,2026-09-13,True,软科官方公开 API；rankDisplay 保留榜单显示名次，referenceRank 使用官方 rankOverall/主榜参考位次；分类榜名次不冒充全国主榜名次。,2026软科高职理工 137 · 总榜参考 267
RANK_SR_BCVCR_2026_4131012497,4131012497,上海交通职业技术学院,shanghairanking-bcvcr,ShanghaiRanking,软科中国高职院校排名,2026,138,138,,,138.0,268,268,,,理工,China-mainland,https://www.shanghairanking.cn/rankings/bcvcr/2026623,,2026-09-13,True,软科官方公开 API；rankDisplay 保留榜单显示名次，referenceRank 使用官方 rankOverall/主榜参考位次；分类榜名次不冒充全国主榜名次。,2026软科高职理工 138 · 总榜参考 268
RANK_SR_BCVCR_2026_4165012482,4165012482,克拉玛依职业技术学院,shanghairanking-bcvcr,ShanghaiRanking,软科中国高职院校排名,2026,138,138,,,138.0,268,268,,,理工,China-mainland,https://www.shanghairanking.cn/rankings/bcvcr/2026623,,2026-09-13,True,软科官方公开 API；rankDisplay 保留榜单显示名次，referenceRank 使用官方 rankOverall/主榜参考位次；分类榜名次不冒充全国主榜名次。,2026软科高职理工 138 · 总榜参考 268
RANK_SR_BCVCR_2026_4137013856,4137013856,山东电子职业技术学院,shanghairanking-bcvcr,ShanghaiRanking,软科中国高职院校排名,2026,140,140,,,140.0,270,270,,,理工,China-mainland,https://www.shanghairanking.cn/rankings/bcvcr/2026623,,2026-09-13,True,软科官方公开 API；rankDisplay 保留榜单显示名次，referenceRank 使用官方 rankOverall/主榜参考位次；分类榜名次不冒充全国主榜名次。,2026软科高职理工 140 · 总榜参考 270
RANK_SR_BCVCR_2026_4143012597,4143012597,湖南外贸职业学院,shanghairanking-bcvcr,ShanghaiRanking,软科中国高职院校排名,2026,34,34,,,34.0,271,271,,,财经,China-mainland,https://www.shanghairanking.cn/rankings/bcvcr/2026623,,2026-09-13,True,软科官方公开 API；rankDisplay 保留榜单显示名次，referenceRank 使用官方 rankOverall/主榜参考位次；分类榜名次不冒充全国主榜名次。,2026软科高职财经 34 · 总榜参考 271
RANK_SR_BCVCR_2026_4113012408,4113012408,河北政法职业学院,shanghairanking-bcvcr,ShanghaiRanking,软科中国高职院校排名,2026,2,2,,,2.0,273,273,,,政法,China-mainland,https://www.shanghairanking.cn/rankings/bcvcr/2026623,,2026-09-13,True,软科官方公开 API；rankDisplay 保留榜单显示名次，referenceRank 使用官方 rankOverall/主榜参考位次；分类榜名次不冒充全国主榜名次。,2026软科高职政法 2 · 总榜参考 273
RANK_SR_BCVCR_2026_4142014119,4142014119,湖北科技职业学院,shanghairanking-bcvcr,ShanghaiRanking,软科中国高职院校排名,2026,141,141,,,141.0,275,275,,,理工,China-mainland,https://www.shanghairanking.cn/rankings/bcvcr/2026623,,2026-09-13,True,软科官方公开 API；rankDisplay 保留榜单显示名次，referenceRank 使用官方 rankOverall/主榜参考位次；分类榜名次不冒充全国主榜名次。,2026软科高职理工 141 · 总榜参考 275
RANK_SR_BCVCR_2026_4142014357,4142014357,襄阳汽车职业技术学院,shanghairanking-bcvcr,ShanghaiRanking,软科中国高职院校排名,2026,142,142,,,142.0,277,277,,,理工,China-mainland,https://www.shanghairanking.cn/rankings/bcvcr/2026623,,2026-09-13,True,软科官方公开 API；rankDisplay 保留榜单显示名次，referenceRank 使用官方 rankOverall/主榜参考位次；分类榜名次不冒充全国主榜名次。,2026软科高职理工 142 · 总榜参考 277
RANK_SR_BCVCR_2026_4152014516,4152014516,贵州建设职业技术学院,shanghairanking-bcvcr,ShanghaiRanking,软科中国高职院校排名,2026,143,143,,,143.0,278,278,,,理工,China-mainland,https://www.shanghairanking.cn/rankings/bcvcr/2026623,,2026-09-13,True,软科官方公开 API；rankDisplay 保留榜单显示名次，referenceRank 使用官方 rankOverall/主榜参考位次；分类榜名次不冒充全国主榜名次。,2026软科高职理工 143 · 总榜参考 278
RANK_SR_BCVCR_2026_4151014513,4151014513,四川护理职业学院,shanghairanking-bcvcr,ShanghaiRanking,软科中国高职院校排名,2026,19,19,,,19.0,279,279,,,医药,China-mainland,https://www.shanghairanking.cn/rankings/bcvcr/2026623,,2026-09-13,True,软科官方公开 API；rankDisplay 保留榜单显示名次，referenceRank 使用官方 rankOverall/主榜参考位次；分类榜名次不冒充全国主榜名次。,2026软科高职医药 19 · 总榜参考 279
RANK_SR_BCVCR_2026_4114012892,4114012892,山西水利职业技术学院,shanghairanking-bcvcr,ShanghaiRanking,软科中国高职院校排名,2026,144,144,,,144.0,279,279,,,理工,China-mainland,https://www.shanghairanking.cn/rankings/bcvcr/2026623,,2026-09-13,True,软科官方公开 API；rankDisplay 保留榜单显示名次，referenceRank 使用官方 rankOverall/主榜参考位次；分类榜名次不冒充全国主榜名次。,2026软科高职理工 144 · 总榜参考 279
RANK_SR_BCVCR_2026_4141013791,4141013791,郑州旅游职业学院,shanghairanking-bcvcr,ShanghaiRanking,软科中国高职院校排名,2026,35,35,,,35.0,279,279,,,财经,China-mainland,https://www.shanghairanking.cn/rankings/bcvcr/2026623,,2026-09-13,True,软科官方公开 API；rankDisplay 保留榜单显示名次，referenceRank 使用官方 rankOverall/主榜参考位次；分类榜名次不冒充全国主榜名次。,2026软科高职财经 35 · 总榜参考 279
RANK_SR_BCVCR_2026_4151013049,4151013049,雅安职业技术学院,shanghairanking-bcvcr,ShanghaiRanking,软科中国高职院校排名,2026,60,60,,,60.0,279,279,,,综合,China-mainland,https://www.shanghairanking.cn/rankings/bcvcr/2026623,,2026-09-13,True,软科官方公开 API；rankDisplay 保留榜单显示名次，referenceRank 使用官方 rankOverall/主榜参考位次；分类榜名次不冒充全国主榜名次。,2026软科高职综合 60 · 总榜参考 279
RANK_SR_BCVCR_2026_4144013930,4144013930,广东工程职业技术学院,shanghairanking-bcvcr,ShanghaiRanking,软科中国高职院校排名,2026,145,145,,,145.0,280,280,,,理工,China-mainland,https://www.shanghairanking.cn/rankings/bcvcr/2026623,,2026-09-13,True,软科官方公开 API；rankDisplay 保留榜单显示名次，referenceRank 使用官方 rankOverall/主榜参考位次；分类榜名次不冒充全国主榜名次。,2026软科高职理工 145 · 总榜参考 280
RANK_SR_BCVCR_2026_4132012681,4132012681,无锡科技职业学院,shanghairanking-bcvcr,ShanghaiRanking,软科中国高职院校排名,2026,145,145,,,145.0,280,280,,,理工,China-mainland,https://www.shanghairanking.cn/rankings/bcvcr/2026623,,2026-09-13,True,软科官方公开 API；rankDisplay 保留榜单显示名次，referenceRank 使用官方 rankOverall/主榜参考位次；分类榜名次不冒充全国主榜名次。,2026软科高职理工 145 · 总榜参考 280
RANK_SR_BCVCR_2026_4112012721,4112012721,天津机电职业技术学院,shanghairanking-bcvcr,ShanghaiRanking,软科中国高职院校排名,2026,147,147,,,147.0,283,283,,,理工,China-mainland,https://www.shanghairanking.cn/rankings/bcvcr/2026623,,2026-09-13,True,软科官方公开 API；rankDisplay 保留榜单显示名次，referenceRank 使用官方 rankOverall/主榜参考位次；分类榜名次不冒充全国主榜名次。,2026软科高职理工 147 · 总榜参考 283
RANK_SR_BCVCR_2026_4137014347,4137014347,潍坊护理职业学院,shanghairanking-bcvcr,ShanghaiRanking,软科中国高职院校排名,2026,20,20,,,20.0,284,284,,,医药,China-mainland,https://www.shanghairanking.cn/rankings/bcvcr/2026623,,2026-09-13,True,软科官方公开 API；rankDisplay 保留榜单显示名次，referenceRank 使用官方 rankOverall/主榜参考位次；分类榜名次不冒充全国主榜名次。,2026软科高职医药 20 · 总榜参考 284
RANK_SR_BCVCR_2026_4151013815,4151013815,四川信息职业技术学院,shanghairanking-bcvcr,ShanghaiRanking,软科中国高职院校排名,2026,148,148,,,148.0,285,285,,,理工,China-mainland,https://www.shanghairanking.cn/rankings/bcvcr/2026623,,2026-09-13,True,软科官方公开 API；rankDisplay 保留榜单显示名次，referenceRank 使用官方 rankOverall/主榜参考位次；分类榜名次不冒充全国主榜名次。,2026软科高职理工 148 · 总榜参考 285
RANK_SR_BCVCR_2026_4132013748,4132013748,无锡城市职业技术学院,shanghairanking-bcvcr,ShanghaiRanking,软科中国高职院校排名,2026,36,36,,,36.0,285,285,,,财经,China-mainland,https://www.shanghairanking.cn/rankings/bcvcr/2026623,,2026-09-13,True,软科官方公开 API；rankDisplay 保留榜单显示名次，referenceRank 使用官方 rankOverall/主榜参考位次；分类榜名次不冒充全国主榜名次。,2026软科高职财经 36 · 总榜参考 285
RANK_SR_BCVCR_2026_4146011999,4146011999,海南职业技术学院,shanghairanking-bcvcr,ShanghaiRanking,软科中国高职院校排名,2026,61,61,,,61.0,285,285,,,综合,China-mainland,https://www.shanghairanking.cn/rankings/bcvcr/2026623,,2026-09-13,True,软科官方公开 API；rankDisplay 保留榜单显示名次，referenceRank 使用官方 rankOverall/主榜参考位次；分类榜名次不冒充全国主榜名次。,2026软科高职综合 61 · 总榜参考 285
RANK_SR_BCVCR_2026_4143013940,4143013940,湖南现代物流职业技术学院,shanghairanking-bcvcr,ShanghaiRanking,软科中国高职院校排名,2026,61,61,,,61.0,285,285,,,综合,China-mainland,https://www.shanghairanking.cn/rankings/bcvcr/2026623,,2026-09-13,True,软科官方公开 API；rankDisplay 保留榜单显示名次，referenceRank 使用官方 rankOverall/主榜参考位次；分类榜名次不冒充全国主榜名次。,2026软科高职综合 61 · 总榜参考 285
RANK_SR_BCVCR_2026_4150014315,4150014315,重庆化工职业学院,shanghairanking-bcvcr,ShanghaiRanking,软科中国高职院校排名,2026,148,148,,,148.0,285,285,,,理工,China-mainland,https://www.shanghairanking.cn/rankings/bcvcr/2026623,,2026-09-13,True,软科官方公开 API；rankDisplay 保留榜单显示名次，referenceRank 使用官方 rankOverall/主榜参考位次；分类榜名次不冒充全国主榜名次。,2026软科高职理工 148 · 总榜参考 285
RANK_SR_BCVCR_2026_4151013814,4151013814,广安职业技术学院,shanghairanking-bcvcr,ShanghaiRanking,软科中国高职院校排名,2026,63,63,,,63.0,287,287,,,综合,China-mainland,https://www.shanghairanking.cn/rankings/bcvcr/2026623,,2026-09-13,True,软科官方公开 API；rankDisplay 保留榜单显示名次，referenceRank 使用官方 rankOverall/主榜参考位次；分类榜名次不冒充全国主榜名次。,2026软科高职综合 63 · 总榜参考 287
RANK_SR_BCVCR_2026_4144013711,4144013711,江门职业技术学院,shanghairanking-bcvcr,ShanghaiRanking,软科中国高职院校排名,2026,64,64,,,64.0,290,290,,,综合,China-mainland,https://www.shanghairanking.cn/rankings/bcvcr/2026623,,2026-09-13,True,软科官方公开 API；rankDisplay 保留榜单显示名次，referenceRank 使用官方 rankOverall/主榜参考位次；分类榜名次不冒充全国主榜名次。,2026软科高职综合 64 · 总榜参考 290
RANK_SR_BCVCR_2026_4122011823,4122011823,长春医学高等专科学校,shanghairanking-bcvcr,ShanghaiRanking,软科中国高职院校排名,2026,21,21,,,21.0,290,290,,,医药,China-mainland,https://www.shanghairanking.cn/rankings/bcvcr/2026623,,2026-09-13,True,软科官方公开 API；rankDisplay 保留榜单显示名次，referenceRank 使用官方 rankOverall/主榜参考位次；分类榜名次不冒充全国主榜名次。,2026软科高职医药 21 · 总榜参考 290
RANK_SR_BCVCR_2026_4151013048,4151013048,乐山职业技术学院,shanghairanking-bcvcr,ShanghaiRanking,软科中国高职院校排名,2026,65,65,,,65.0,291,291,,,综合,China-mainland,https://www.shanghairanking.cn/rankings/bcvcr/2026623,,2026-09-13,True,软科官方公开 API；rankDisplay 保留榜单显示名次，referenceRank 使用官方 rankOverall/主榜参考位次；分类榜名次不冒充全国主榜名次。,2026软科高职综合 65 · 总榜参考 291
RANK_SR_BCVCR_2026_4162012833,4162012833,兰州职业技术学院,shanghairanking-bcvcr,ShanghaiRanking,软科中国高职院校排名,2026,65,65,,,65.0,291,291,,,综合,China-mainland,https://www.shanghairanking.cn/rankings/bcvcr/2026623,,2026-09-13,True,软科官方公开 API；rankDisplay 保留榜单显示名次，referenceRank 使用官方 rankOverall/主榜参考位次；分类榜名次不冒充全国主榜名次。,2026软科高职综合 65 · 总榜参考 291
RANK_SR_BCVCR_2026_4153012555,4153012555,云南农业职业技术学院,shanghairanking-bcvcr,ShanghaiRanking,软科中国高职院校排名,2026,22,22,,,22.0,292,292,,,农林,China-mainland,https://www.shanghairanking.cn/rankings/bcvcr/2026623,,2026-09-13,True,软科官方公开 API；rankDisplay 保留榜单显示名次，referenceRank 使用官方 rankOverall/主榜参考位次；分类榜名次不冒充全国主榜名次。,2026软科高职农林 22 · 总榜参考 292
RANK_SR_BCVCR_2026_4151014010,4151014010,四川中医药高等专科学校,shanghairanking-bcvcr,ShanghaiRanking,软科中国高职院校排名,2026,22,22,,,22.0,292,292,,,医药,China-mainland,https://www.shanghairanking.cn/rankings/bcvcr/2026623,,2026-09-13,True,软科官方公开 API；rankDisplay 保留榜单显示名次，referenceRank 使用官方 rankOverall/主榜参考位次；分类榜名次不冒充全国主榜名次。,2026软科高职医药 22 · 总榜参考 292
RANK_SR_BCVCR_2026_4136013867,4136013867,江西制造职业技术学院,shanghairanking-bcvcr,ShanghaiRanking,软科中国高职院校排名,2026,150,150,,,150.0,292,292,,,理工,China-mainland,https://www.shanghairanking.cn/rankings/bcvcr/2026623,,2026-09-13,True,软科官方公开 API；rankDisplay 保留榜单显示名次，referenceRank 使用官方 rankOverall/主榜参考位次；分类榜名次不冒充全国主榜名次。,2026软科高职理工 150 · 总榜参考 292
RANK_SR_BCVCR_2026_4141014383,4141014383,洛阳职业技术学院,shanghairanking-bcvcr,ShanghaiRanking,软科中国高职院校排名,2026,67,67,,,67.0,293,293,,,综合,China-mainland,https://www.shanghairanking.cn/rankings/bcvcr/2026623,,2026-09-13,True,软科官方公开 API；rankDisplay 保留榜单显示名次，referenceRank 使用官方 rankOverall/主榜参考位次；分类榜名次不冒充全国主榜名次。,2026软科高职综合 67 · 总榜参考 293
RANK_SR_BCVCR_2026_4113012389,4113012389,河北建材职业技术学院,shanghairanking-bcvcr,ShanghaiRanking,软科中国高职院校排名,2026,151,151,,,151.0,294,294,,,理工,China-mainland,https://www.shanghairanking.cn/rankings/bcvcr/2026623,,2026-09-13,True,软科官方公开 API；rankDisplay 保留榜单显示名次，referenceRank 使用官方 rankOverall/主榜参考位次；分类榜名次不冒充全国主榜名次。,2026软科高职理工 151 · 总榜参考 294
RANK_SR_BCVCR_2026_4151012753,4151012753,绵阳职业技术学院,shanghairanking-bcvcr,ShanghaiRanking,软科中国高职院校排名,2026,68,68,,,68.0,297,297,,,综合,China-mainland,https://www.shanghairanking.cn/rankings/bcvcr/2026623,,2026-09-13,True,软科官方公开 API；rankDisplay 保留榜单显示名次，referenceRank 使用官方 rankOverall/主榜参考位次；分类榜名次不冒充全国主榜名次。,2026软科高职综合 68 · 总榜参考 297
RANK_SR_BCVCR_2026_4141014307,4141014307,河南应用技术职业学院,shanghairanking-bcvcr,ShanghaiRanking,软科中国高职院校排名,2026,152,152,,,152.0,298,298,,,理工,China-mainland,https://www.shanghairanking.cn/rankings/bcvcr/2026623,,2026-09-13,True,软科官方公开 API；rankDisplay 保留榜单显示名次，referenceRank 使用官方 rankOverall/主榜参考位次；分类榜名次不冒充全国主榜名次。,2026软科高职理工 152 · 总榜参考 298
RANK_SR_BCVCR_2026_4133014492,4133014492,浙江安防职业技术学院,shanghairanking-bcvcr,ShanghaiRanking,软科中国高职院校排名,2026,153,153,,,153.0,299,299,,,理工,China-mainland,https://www.shanghairanking.cn/rankings/bcvcr/2026623,,2026-09-13,True,软科官方公开 API；rankDisplay 保留榜单显示名次，referenceRank 使用官方 rankOverall/主榜参考位次；分类榜名次不冒充全国主榜名次。,2026软科高职理工 153 · 总榜参考 299
RANK_SR_BCVCR_2026_4152014252,4152014252,贵州职业技术学院,shanghairanking-bcvcr,ShanghaiRanking,软科中国高职院校排名,2026,69,69,,,69.0,299,299,,,综合,China-mainland,https://www.shanghairanking.cn/rankings/bcvcr/2026623,,2026-09-13,True,软科官方公开 API；rankDisplay 保留榜单显示名次，referenceRank 使用官方 rankOverall/主榜参考位次；分类榜名次不冒充全国主榜名次。,2026软科高职综合 69 · 总榜参考 299
RANK_SR_BCVCR_2026_4136012976,4136012976,江西机电职业技术学院,shanghairanking-bcvcr,ShanghaiRanking,软科中国高职院校排名,2026,154,154,,,154.0,300,300,,,理工,China-mainland,https://www.shanghairanking.cn/rankings/bcvcr/2026623,,2026-09-13,True,软科官方公开 API；rankDisplay 保留榜单显示名次，referenceRank 使用官方 rankOverall/主榜参考位次；分类榜名次不冒充全国主榜名次。,2026软科高职理工 154 · 总榜参考 300
RANK_SR_BCVCR_2026_4134012074,4134012074,阜阳职业技术学院,shanghairanking-bcvcr,ShanghaiRanking,软科中国高职院校排名,2026,155,155,,,155.0,302,302,,,理工,China-mainland,https://www.shanghairanking.cn/rankings/bcvcr/2026623,,2026-09-13,True,软科官方公开 API；rankDisplay 保留榜单显示名次，referenceRank 使用官方 rankOverall/主榜参考位次；分类榜名次不冒充全国主榜名次。,2026软科高职理工 155 · 总榜参考 302
RANK_SR_BCVCR_2026_4115012673,4115012673,内蒙古电子信息职业技术学院,shanghairanking-bcvcr,ShanghaiRanking,软科中国高职院校排名,2026,156,156,,,156.0,304,304,,,理工,China-mainland,https://www.shanghairanking.cn/rankings/bcvcr/2026623,,2026-09-13,True,软科官方公开 API；rankDisplay 保留榜单显示名次，referenceRank 使用官方 rankOverall/主榜参考位次；分类榜名次不冒充全国主榜名次。,2026软科高职理工 156 · 总榜参考 304
RANK_SR_BCVCR_2026_4136012933,4136012933,江西电力职业技术学院,shanghairanking-bcvcr,ShanghaiRanking,软科中国高职院校排名,2026,156,156,,,156.0,304,304,,,理工,China-mainland,https://www.shanghairanking.cn/rankings/bcvcr/2026623,,2026-09-13,True,软科官方公开 API；rankDisplay 保留榜单显示名次，referenceRank 使用官方 rankOverall/主榜参考位次；分类榜名次不冒充全国主榜名次。,2026软科高职理工 156 · 总榜参考 304
RANK_SR_BCVCR_2026_4145013827,4145013827,广西经贸职业技术学院,shanghairanking-bcvcr,ShanghaiRanking,软科中国高职院校排名,2026,37,37,,,37.0,305,305,,,财经,China-mainland,https://www.shanghairanking.cn/rankings/bcvcr/2026623,,2026-09-13,True,软科官方公开 API；rankDisplay 保留榜单显示名次，referenceRank 使用官方 rankOverall/主榜参考位次；分类榜名次不冒充全国主榜名次。,2026软科高职财经 37 · 总榜参考 305
RANK_SR_BCVCR_2026_4152014469,4152014469,贵阳幼儿师范高等专科学校,shanghairanking-bcvcr,ShanghaiRanking,软科中国高职院校排名,2026,9,9,,,9.0,308,308,,,师范,China-mainland,https://www.shanghairanking.cn/rankings/bcvcr/2026623,,2026-09-13,True,软科官方公开 API；rankDisplay 保留榜单显示名次，referenceRank 使用官方 rankOverall/主榜参考位次；分类榜名次不冒充全国主榜名次。,2026软科高职师范 9 · 总榜参考 308
RANK_SR_BCVCR_2026_4150014246,4150014246,重庆商务职业学院,shanghairanking-bcvcr,ShanghaiRanking,软科中国高职院校排名,2026,38,38,,,38.0,308,308,,,财经,China-mainland,https://www.shanghairanking.cn/rankings/bcvcr/2026623,,2026-09-13,True,软科官方公开 API；rankDisplay 保留榜单显示名次，referenceRank 使用官方 rankOverall/主榜参考位次；分类榜名次不冒充全国主榜名次。,2026软科高职财经 38 · 总榜参考 308
RANK_SR_BCVCR_2026_4143013939,4143013939,湖南水利水电职业技术学院,shanghairanking-bcvcr,ShanghaiRanking,软科中国高职院校排名,2026,158,158,,,158.0,309,309,,,理工,China-mainland,https://www.shanghairanking.cn/rankings/bcvcr/2026623,,2026-09-13,True,软科官方公开 API；rankDisplay 保留榜单显示名次，referenceRank 使用官方 rankOverall/主榜参考位次；分类榜名次不冒充全国主榜名次。,2026软科高职理工 158 · 总榜参考 309
RANK_SR_BCVCR_2026_4137013012,4137013012,山东信息职业技术学院,shanghairanking-bcvcr,ShanghaiRanking,软科中国高职院校排名,2026,159,159,,,159.0,310,310,,,理工,China-mainland,https://www.shanghairanking.cn/rankings/bcvcr/2026623,,2026-09-13,True,软科官方公开 API；rankDisplay 保留榜单显示名次，referenceRank 使用官方 rankOverall/主榜参考位次；分类榜名次不冒充全国主榜名次。,2026软科高职理工 159 · 总榜参考 310
RANK_SR_BCVCR_2026_4144014065,4144014065,广州科技贸易职业学院,shanghairanking-bcvcr,ShanghaiRanking,软科中国高职院校排名,2026,70,70,,,70.0,310,310,,,综合,China-mainland,https://www.shanghairanking.cn/rankings/bcvcr/2026623,,2026-09-13,True,软科官方公开 API；rankDisplay 保留榜单显示名次，referenceRank 使用官方 rankOverall/主榜参考位次；分类榜名次不冒充全国主榜名次。,2026软科高职综合 70 · 总榜参考 310
RANK_SR_BCVCR_2026_4153012349,4153012349,云南国土资源职业学院,shanghairanking-bcvcr,ShanghaiRanking,软科中国高职院校排名,2026,160,160,,,160.0,312,312,,,理工,China-mainland,https://www.shanghairanking.cn/rankings/bcvcr/2026623,,2026-09-13,True,软科官方公开 API；rankDisplay 保留榜单显示名次，referenceRank 使用官方 rankOverall/主榜参考位次；分类榜名次不冒充全国主榜名次。,2026软科高职理工 160 · 总榜参考 312
RANK_SR_BCVCR_2026_4141014308,4141014308,河南艺术职业学院,shanghairanking-bcvcr,ShanghaiRanking,软科中国高职院校排名,2026,8,8,,,8.0,312,312,,,文艺,China-mainland,https://www.shanghairanking.cn/rankings/bcvcr/2026623,,2026-09-13,True,软科官方公开 API；rankDisplay 保留榜单显示名次，referenceRank 使用官方 rankOverall/主榜参考位次；分类榜名次不冒充全国主榜名次。,2026软科高职文艺 8 · 总榜参考 312
RANK_SR_BCVCR_2026_4137014688,4137014688,青岛幼儿师范高等专科学校,shanghairanking-bcvcr,ShanghaiRanking,软科中国高职院校排名,2026,10,10,,,10.0,312,312,,,师范,China-mainland,https://www.shanghairanking.cn/rankings/bcvcr/2026623,,2026-09-13,True,软科官方公开 API；rankDisplay 保留榜单显示名次，referenceRank 使用官方 rankOverall/主榜参考位次；分类榜名次不冒充全国主榜名次。,2026软科高职师范 10 · 总榜参考 312
RANK_SR_BCVCR_2026_4163012974,4163012974,青海建筑职业技术学院,shanghairanking-bcvcr,ShanghaiRanking,软科中国高职院校排名,2026,161,161,,,161.0,313,313,,,理工,China-mainland,https://www.shanghairanking.cn/rankings/bcvcr/2026623,,2026-09-13,True,软科官方公开 API；rankDisplay 保留榜单显示名次，referenceRank 使用官方 rankOverall/主榜参考位次；分类榜名次不冒充全国主榜名次。,2026软科高职理工 161 · 总榜参考 313
RANK_SR_BCVCR_2026_4132014295,4132014295,苏州工业园区服务外包职业学院,shanghairanking-bcvcr,ShanghaiRanking,软科中国高职院校排名,2026,162,162,,,162.0,314,314,,,理工,China-mainland,https://www.shanghairanking.cn/rankings/bcvcr/2026623,,2026-09-13,True,软科官方公开 API；rankDisplay 保留榜单显示名次，referenceRank 使用官方 rankOverall/主榜参考位次；分类榜名次不冒充全国主榜名次。,2026软科高职理工 162 · 总榜参考 314
RANK_SR_BCVCR_2026_4143013044,4143013044,湖南城建职业技术学院,shanghairanking-bcvcr,ShanghaiRanking,软科中国高职院校排名,2026,163,163,,,163.0,315,315,,,理工,China-mainland,https://www.shanghairanking.cn/rankings/bcvcr/2026623,,2026-09-13,True,软科官方公开 API；rankDisplay 保留榜单显示名次，referenceRank 使用官方 rankOverall/主榜参考位次；分类榜名次不冒充全国主榜名次。,2026软科高职理工 163 · 总榜参考 315
RANK_SR_BCVCR_2026_4152014129,4152014129,贵阳职业技术学院,shanghairanking-bcvcr,ShanghaiRanking,软科中国高职院校排名,2026,164,164,,,164.0,317,317,,,理工,China-mainland,https://www.shanghairanking.cn/rankings/bcvcr/2026623,,2026-09-13,True,软科官方公开 API；rankDisplay 保留榜单显示名次，referenceRank 使用官方 rankOverall/主榜参考位次；分类榜名次不冒充全国主榜名次。,2026软科高职理工 164 · 总榜参考 317
RANK_SR_BCVCR_2026_4137014507,4137014507,威海海洋职业学院,shanghairanking-bcvcr,ShanghaiRanking,软科中国高职院校排名,2026,23,23,,,23.0,318,318,,,农林,China-mainland,https://www.shanghairanking.cn/rankings/bcvcr/2026623,,2026-09-13,True,软科官方公开 API；rankDisplay 保留榜单显示名次，referenceRank 使用官方 rankOverall/主榜参考位次；分类榜名次不冒充全国主榜名次。,2026软科高职农林 23 · 总榜参考 318
RANK_SR_BCVCR_2026_4163014519,4163014519,西宁城市职业技术学院,shanghairanking-bcvcr,ShanghaiRanking,软科中国高职院校排名,2026,71,71,,,71.0,318,318,,,综合,China-mainland,https://www.shanghairanking.cn/rankings/bcvcr/2026623,,2026-09-13,True,软科官方公开 API；rankDisplay 保留榜单显示名次，referenceRank 使用官方 rankOverall/主榜参考位次；分类榜名次不冒充全国主榜名次。,2026软科高职综合 71 · 总榜参考 318
RANK_SR_BCVCR_2026_4137014196,4137014196,枣庄职业学院,shanghairanking-bcvcr,ShanghaiRanking,软科中国高职院校排名,2026,165,165,,,165.0,320,320,,,理工,China-mainland,https://www.shanghairanking.cn/rankings/bcvcr/2026623,,2026-09-13,True,软科官方公开 API；rankDisplay 保留榜单显示名次，referenceRank 使用官方 rankOverall/主榜参考位次；分类榜名次不冒充全国主榜名次。,2026软科高职理工 165 · 总榜参考 320
RANK_SR_BCVCR_2026_4135014331,4135014331,泉州幼儿师范高等专科学校,shanghairanking-bcvcr,ShanghaiRanking,软科中国高职院校排名,2026,11,11,,,11.0,321,321,,,师范,China-mainland,https://www.shanghairanking.cn/rankings/bcvcr/2026623,,2026-09-13,True,软科官方公开 API；rankDisplay 保留榜单显示名次，referenceRank 使用官方 rankOverall/主榜参考位次；分类榜名次不冒充全国主榜名次。,2026软科高职师范 11 · 总榜参考 321
RANK_SR_BCVCR_2026_4137014343,4137014343,济南护理职业学院,shanghairanking-bcvcr,ShanghaiRanking,软科中国高职院校排名,2026,23,23,,,23.0,321,321,,,医药,China-mainland,https://www.shanghairanking.cn/rankings/bcvcr/2026623,,2026-09-13,True,软科官方公开 API；rankDisplay 保留榜单显示名次，referenceRank 使用官方 rankOverall/主榜参考位次；分类榜名次不冒充全国主榜名次。,2026软科高职医药 23 · 总榜参考 321
RANK_SR_BCVCR_2026_4121012900,4121012900,辽宁石化职业技术学院,shanghairanking-bcvcr,ShanghaiRanking,软科中国高职院校排名,2026,166,166,,,166.0,322,322,,,理工,China-mainland,https://www.shanghairanking.cn/rankings/bcvcr/2026623,,2026-09-13,True,软科官方公开 API；rankDisplay 保留榜单显示名次，referenceRank 使用官方 rankOverall/主榜参考位次；分类榜名次不冒充全国主榜名次。,2026软科高职理工 166 · 总榜参考 322
RANK_SR_BCVCR_2026_4137013317,4137013317,山东经贸职业学院,shanghairanking-bcvcr,ShanghaiRanking,软科中国高职院校排名,2026,39,39,,,39.0,323,323,,,财经,China-mainland,https://www.shanghairanking.cn/rankings/bcvcr/2026623,,2026-09-13,True,软科官方公开 API；rankDisplay 保留榜单显示名次，referenceRank 使用官方 rankOverall/主榜参考位次；分类榜名次不冒充全国主榜名次。,2026软科高职财经 39 · 总榜参考 323
RANK_SR_BCVCR_2026_4143012601,4143012601,湖南司法警官职业学院,shanghairanking-bcvcr,ShanghaiRanking,软科中国高职院校排名,2026,3,3,,,3.0,323,323,,,政法,China-mainland,https://www.shanghairanking.cn/rankings/bcvcr/2026623,,2026-09-13,True,软科官方公开 API；rankDisplay 保留榜单显示名次，referenceRank 使用官方 rankOverall/主榜参考位次；分类榜名次不冒充全国主榜名次。,2026软科高职政法 3 · 总榜参考 323
RANK_SR_BCVCR_2026_4121014289,4121014289,辽宁医药职业学院,shanghairanking-bcvcr,ShanghaiRanking,软科中国高职院校排名,2026,24,24,,,24.0,324,324,,,医药,China-mainland,https://www.shanghairanking.cn/rankings/bcvcr/2026623,,2026-09-13,True,软科官方公开 API；rankDisplay 保留榜单显示名次，referenceRank 使用官方 rankOverall/主榜参考位次；分类榜名次不冒充全国主榜名次。,2026软科高职医药 24 · 总榜参考 324
RANK_SR_BCVCR_2026_4113013398,4113013398,河北公安警察职业学院,shanghairanking-bcvcr,ShanghaiRanking,软科中国高职院校排名,2026,4,4,,,4.0,325,325,,,政法,China-mainland,https://www.shanghairanking.cn/rankings/bcvcr/2026623,,2026-09-13,True,软科官方公开 API；rankDisplay 保留榜单显示名次，referenceRank 使用官方 rankOverall/主榜参考位次；分类榜名次不冒充全国主榜名次。,2026软科高职政法 4 · 总榜参考 325
RANK_SR_BCVCR_2026_4132012106,4132012106,泰州职业技术学院,shanghairanking-bcvcr,ShanghaiRanking,软科中国高职院校排名,2026,167,167,,,167.0,325,325,,,理工,China-mainland,https://www.shanghairanking.cn/rankings/bcvcr/2026623,,2026-09-13,True,软科官方公开 API；rankDisplay 保留榜单显示名次，referenceRank 使用官方 rankOverall/主榜参考位次；分类榜名次不冒充全国主榜名次。,2026软科高职理工 167 · 总榜参考 325
RANK_SR_BCVCR_2026_4121014076,4121014076,辽宁装备制造职业技术学院,shanghairanking-bcvcr,ShanghaiRanking,软科中国高职院校排名,2026,167,167,,,167.0,325,325,,,理工,China-mainland,https://www.shanghairanking.cn/rankings/bcvcr/2026623,,2026-09-13,True,软科官方公开 API；rankDisplay 保留榜单显示名次，referenceRank 使用官方 rankOverall/主榜参考位次；分类榜名次不冒充全国主榜名次。,2026软科高职理工 167 · 总榜参考 325
RANK_SR_BCVCR_2026_4136013424,4136013424,宜春职业技术学院,shanghairanking-bcvcr,ShanghaiRanking,软科中国高职院校排名,2026,72,72,,,72.0,326,326,,,综合,China-mainland,https://www.shanghairanking.cn/rankings/bcvcr/2026623,,2026-09-13,True,软科官方公开 API；rankDisplay 保留榜单显示名次，referenceRank 使用官方 rankOverall/主榜参考位次；分类榜名次不冒充全国主榜名次。,2026软科高职综合 72 · 总榜参考 326
RANK_SR_BCVCR_2026_4151012637,4151012637,四川化工职业技术学院,shanghairanking-bcvcr,ShanghaiRanking,软科中国高职院校排名,2026,169,169,,,169.0,327,327,,,理工,China-mainland,https://www.shanghairanking.cn/rankings/bcvcr/2026623,,2026-09-13,True,软科官方公开 API；rankDisplay 保留榜单显示名次，referenceRank 使用官方 rankOverall/主榜参考位次；分类榜名次不冒充全国主榜名次。,2026软科高职理工 169 · 总榜参考 327
RANK_SR_BCVCR_2026_4144014592,4144014592,广州卫生职业技术学院,shanghairanking-bcvcr,ShanghaiRanking,软科中国高职院校排名,2026,25,25,,,25.0,327,327,,,医药,China-mainland,https://www.shanghairanking.cn/rankings/bcvcr/2026623,,2026-09-13,True,软科官方公开 API；rankDisplay 保留榜单显示名次，referenceRank 使用官方 rankOverall/主榜参考位次；分类榜名次不冒充全国主榜名次。,2026软科高职医药 25 · 总榜参考 327
RANK_SR_BCVCR_2026_4145014313,4145014313,广西卫生职业技术学院,shanghairanking-bcvcr,ShanghaiRanking,软科中国高职院校排名,2026,25,25,,,25.0,327,327,,,医药,China-mainland,https://www.shanghairanking.cn/rankings/bcvcr/2026623,,2026-09-13,True,软科官方公开 API；rankDisplay 保留榜单显示名次，referenceRank 使用官方 rankOverall/主榜参考位次；分类榜名次不冒充全国主榜名次。,2026软科高职医药 25 · 总榜参考 327
RANK_SR_BCVCR_2026_4151014007,4151014007,四川艺术职业学院,shanghairanking-bcvcr,ShanghaiRanking,软科中国高职院校排名,2026,9,9,,,9.0,328,328,,,文艺,China-mainland,https://www.shanghairanking.cn/rankings/bcvcr/2026623,,2026-09-13,True,软科官方公开 API；rankDisplay 保留榜单显示名次，referenceRank 使用官方 rankOverall/主榜参考位次；分类榜名次不冒充全国主榜名次。,2026软科高职文艺 9 · 总榜参考 328
RANK_SR_BCVCR_2026_4144012060,4144012060,广东松山职业技术学院,shanghairanking-bcvcr,ShanghaiRanking,软科中国高职院校排名,2026,170,170,,,170.0,328,328,,,理工,China-mainland,https://www.shanghairanking.cn/rankings/bcvcr/2026623,,2026-09-13,True,软科官方公开 API；rankDisplay 保留榜单显示名次，referenceRank 使用官方 rankOverall/主榜参考位次；分类榜名次不冒充全国主榜名次。,2026软科高职理工 170 · 总榜参考 328
RANK_SR_BCVCR_2026_4143013036,4143013036,长沙职业技术学院,shanghairanking-bcvcr,ShanghaiRanking,软科中国高职院校排名,2026,73,73,,,73.0,328,328,,,综合,China-mainland,https://www.shanghairanking.cn/rankings/bcvcr/2026623,,2026-09-13,True,软科官方公开 API；rankDisplay 保留榜单显示名次，referenceRank 使用官方 rankOverall/主榜参考位次；分类榜名次不冒充全国主榜名次。,2026软科高职综合 73 · 总榜参考 328
RANK_SR_BCVCR_2026_4111012451,4111012451,北京政法职业学院,shanghairanking-bcvcr,ShanghaiRanking,软科中国高职院校排名,2026,5,5,,,5.0,329,329,,,政法,China-mainland,https://www.shanghairanking.cn/rankings/bcvcr/2026623,,2026-09-13,True,软科官方公开 API；rankDisplay 保留榜单显示名次，referenceRank 使用官方 rankOverall/主榜参考位次；分类榜名次不冒充全国主榜名次。,2026软科高职政法 5 · 总榜参考 329
RANK_SR_BCVCR_2026_4132014543,4132014543,江苏城乡建设职业学院,shanghairanking-bcvcr,ShanghaiRanking,软科中国高职院校排名,2026,171,171,,,171.0,329,329,,,理工,China-mainland,https://www.shanghairanking.cn/rankings/bcvcr/2026623,,2026-09-13,True,软科官方公开 API；rankDisplay 保留榜单显示名次，referenceRank 使用官方 rankOverall/主榜参考位次；分类榜名次不冒充全国主榜名次。,2026软科高职理工 171 · 总榜参考 329
RANK_SR_BCVCR_2026_4151014221,4151014221,四川幼儿师范高等专科学校,shanghairanking-bcvcr,ShanghaiRanking,软科中国高职院校排名,2026,12,12,,,12.0,330,330,,,师范,China-mainland,https://www.shanghairanking.cn/rankings/bcvcr/2026623,,2026-09-13,True,软科官方公开 API；rankDisplay 保留榜单显示名次，referenceRank 使用官方 rankOverall/主榜参考位次；分类榜名次不冒充全国主榜名次。,2026软科高职师范 12 · 总榜参考 330
RANK_SR_BCVCR_2026_4161013567,4161013567,宝鸡职业技术学院,shanghairanking-bcvcr,ShanghaiRanking,软科中国高职院校排名,2026,13,13,,,13.0,331,331,,,师范,China-mainland,https://www.shanghairanking.cn/rankings/bcvcr/2026623,,2026-09-13,True,软科官方公开 API；rankDisplay 保留榜单显示名次，referenceRank 使用官方 rankOverall/主榜参考位次；分类榜名次不冒充全国主榜名次。,2026软科高职师范 13 · 总榜参考 331
RANK_SR_BCVCR_2026_4145012344,4145012344,广西生态工程职业技术学院,shanghairanking-bcvcr,ShanghaiRanking,软科中国高职院校排名,2026,24,24,,,24.0,331,331,,,农林,China-mainland,https://www.shanghairanking.cn/rankings/bcvcr/2026623,,2026-09-13,True,软科官方公开 API；rankDisplay 保留榜单显示名次，referenceRank 使用官方 rankOverall/主榜参考位次；分类榜名次不冒充全国主榜名次。,2026软科高职农林 24 · 总榜参考 331
RANK_SR_BCVCR_2026_4143014358,4143014358,长沙卫生职业学院,shanghairanking-bcvcr,ShanghaiRanking,软科中国高职院校排名,2026,27,27,,,27.0,332,332,,,医药,China-mainland,https://www.shanghairanking.cn/rankings/bcvcr/2026623,,2026-09-13,True,软科官方公开 API；rankDisplay 保留榜单显示名次，referenceRank 使用官方 rankOverall/主榜参考位次；分类榜名次不冒充全国主榜名次。,2026软科高职医药 27 · 总榜参考 332
RANK_SR_BCVCR_2026_4142012737,4142012737,荆州职业技术学院,shanghairanking-bcvcr,ShanghaiRanking,软科中国高职院校排名,2026,172,172,,,172.0,334,334,,,理工,China-mainland,https://www.shanghairanking.cn/rankings/bcvcr/2026623,,2026-09-13,True,软科官方公开 API；rankDisplay 保留榜单显示名次，referenceRank 使用官方 rankOverall/主榜参考位次；分类榜名次不冒充全国主榜名次。,2026软科高职理工 172 · 总榜参考 334
RANK_SR_BCVCR_2026_4151013813,4151013813,四川司法警官职业学院,shanghairanking-bcvcr,ShanghaiRanking,软科中国高职院校排名,2026,6,6,,,6.0,335,335,,,政法,China-mainland,https://www.shanghairanking.cn/rankings/bcvcr/2026623,,2026-09-13,True,软科官方公开 API；rankDisplay 保留榜单显示名次，referenceRank 使用官方 rankOverall/主榜参考位次；分类榜名次不冒充全国主榜名次。,2026软科高职政法 6 · 总榜参考 335
RANK_SR_BCVCR_2026_4122011440,4122011440,长春金融高等专科学校,shanghairanking-bcvcr,ShanghaiRanking,软科中国高职院校排名,2026,40,40,,,40.0,335,335,,,财经,China-mainland,https://www.shanghairanking.cn/rankings/bcvcr/2026623,,2026-09-13,True,软科官方公开 API；rankDisplay 保留榜单显示名次，referenceRank 使用官方 rankOverall/主榜参考位次；分类榜名次不冒充全国主榜名次。,2026软科高职财经 40 · 总榜参考 335
RANK_SR_BCVCR_2026_4144012953,4144012953,广东邮电职业技术学院,shanghairanking-bcvcr,ShanghaiRanking,软科中国高职院校排名,2026,173,173,,,173.0,336,336,,,理工,China-mainland,https://www.shanghairanking.cn/rankings/bcvcr/2026623,,2026-09-13,True,软科官方公开 API；rankDisplay 保留榜单显示名次，referenceRank 使用官方 rankOverall/主榜参考位次；分类榜名次不冒充全国主榜名次。,2026软科高职理工 173 · 总榜参考 336
RANK_SR_BCVCR_2026_4135011315,4135011315,闽西职业技术学院,shanghairanking-bcvcr,ShanghaiRanking,软科中国高职院校排名,2026,74,74,,,74.0,337,337,,,综合,China-mainland,https://www.shanghairanking.cn/rankings/bcvcr/2026623,,2026-09-13,True,软科官方公开 API；rankDisplay 保留榜单显示名次，referenceRank 使用官方 rankOverall/主榜参考位次；分类榜名次不冒充全国主榜名次。,2026软科高职综合 74 · 总榜参考 337
RANK_SR_BCVCR_2026_4137014195,4137014195,临沂职业学院,shanghairanking-bcvcr,ShanghaiRanking,软科中国高职院校排名,2026,75,75,,,75.0,340,340,,,综合,China-mainland,https://www.shanghairanking.cn/rankings/bcvcr/2026623,,2026-09-13,True,软科官方公开 API；rankDisplay 保留榜单显示名次，referenceRank 使用官方 rankOverall/主榜参考位次；分类榜名次不冒充全国主榜名次。,2026软科高职综合 75 · 总榜参考 340
RANK_SR_BCVCR_2026_4143014468,4143014468,湖南幼儿师范高等专科学校,shanghairanking-bcvcr,ShanghaiRanking,软科中国高职院校排名,2026,14,14,,,14.0,340,340,,,师范,China-mainland,https://www.shanghairanking.cn/rankings/bcvcr/2026623,,2026-09-13,True,软科官方公开 API；rankDisplay 保留榜单显示名次，referenceRank 使用官方 rankOverall/主榜参考位次；分类榜名次不冒充全国主榜名次。,2026软科高职师范 14 · 总榜参考 340
RANK_SR_BCVCR_2026_4143010865,4143010865,湖南信息职业技术学院,shanghairanking-bcvcr,ShanghaiRanking,软科中国高职院校排名,2026,174,174,,,174.0,341,341,,,理工,China-mainland,https://www.shanghairanking.cn/rankings/bcvcr/2026623,,2026-09-13,True,软科官方公开 API；rankDisplay 保留榜单显示名次，referenceRank 使用官方 rankOverall/主榜参考位次；分类榜名次不冒充全国主榜名次。,2026软科高职理工 174 · 总榜参考 341
RANK_SR_BCVCR_2026_4152012336,4152012336,贵州电子信息职业技术学院,shanghairanking-bcvcr,ShanghaiRanking,软科中国高职院校排名,2026,175,175,,,175.0,342,342,,,理工,China-mainland,https://www.shanghairanking.cn/rankings/bcvcr/2026623,,2026-09-13,True,软科官方公开 API；rankDisplay 保留榜单显示名次，referenceRank 使用官方 rankOverall/主榜参考位次；分类榜名次不冒充全国主榜名次。,2026软科高职理工 175 · 总榜参考 342
RANK_SR_BCVCR_2026_4132014541,4132014541,江苏护理职业学院,shanghairanking-bcvcr,ShanghaiRanking,软科中国高职院校排名,2026,28,28,,,28.0,343,343,,,医药,China-mainland,https://www.shanghairanking.cn/rankings/bcvcr/2026623,,2026-09-13,True,软科官方公开 API；rankDisplay 保留榜单显示名次，referenceRank 使用官方 rankOverall/主榜参考位次；分类榜名次不冒充全国主榜名次。,2026软科高职医药 28 · 总榜参考 343
RANK_SR_BCVCR_2026_4143012846,4143012846,湘潭医卫职业技术学院,shanghairanking-bcvcr,ShanghaiRanking,软科中国高职院校排名,2026,28,28,,,28.0,343,343,,,医药,China-mainland,https://www.shanghairanking.cn/rankings/bcvcr/2026623,,2026-09-13,True,软科官方公开 API；rankDisplay 保留榜单显示名次，referenceRank 使用官方 rankOverall/主榜参考位次；分类榜名次不冒充全国主榜名次。,2026软科高职医药 28 · 总榜参考 343
RANK_SR_BCVCR_2026_4141011787,4141011787,濮阳职业技术学院,shanghairanking-bcvcr,ShanghaiRanking,软科中国高职院校排名,2026,176,176,,,176.0,343,343,,,理工,China-mainland,https://www.shanghairanking.cn/rankings/bcvcr/2026623,,2026-09-13,True,软科官方公开 API；rankDisplay 保留榜单显示名次，referenceRank 使用官方 rankOverall/主榜参考位次；分类榜名次不冒充全国主榜名次。,2026软科高职理工 176 · 总榜参考 343
RANK_SR_BCVCR_2026_4141012768,4141012768,济源职业技术学院,shanghairanking-bcvcr,ShanghaiRanking,软科中国高职院校排名,2026,76,76,,,76.0,345,345,,,综合,China-mainland,https://www.shanghairanking.cn/rankings/bcvcr/2026623,,2026-09-13,True,软科官方公开 API；rankDisplay 保留榜单显示名次，referenceRank 使用官方 rankOverall/主榜参考位次；分类榜名次不冒充全国主榜名次。,2026软科高职综合 76 · 总榜参考 345
RANK_SR_BCVCR_2026_4144012772,4144012772,河源职业技术学院,shanghairanking-bcvcr,ShanghaiRanking,软科中国高职院校排名,2026,77,77,,,77.0,346,346,,,综合,China-mainland,https://www.shanghairanking.cn/rankings/bcvcr/2026623,,2026-09-13,True,软科官方公开 API；rankDisplay 保留榜单显示名次，referenceRank 使用官方 rankOverall/主榜参考位次；分类榜名次不冒充全国主榜名次。,2026软科高职综合 77 · 总榜参考 346
RANK_SR_BCVCR_2026_4115012676,4115012676,内蒙古商贸职业学院,shanghairanking-bcvcr,ShanghaiRanking,软科中国高职院校排名,2026,41,41,,,41.0,347,347,,,财经,China-mainland,https://www.shanghairanking.cn/rankings/bcvcr/2026623,,2026-09-13,True,软科官方公开 API；rankDisplay 保留榜单显示名次，referenceRank 使用官方 rankOverall/主榜参考位次；分类榜名次不冒充全国主榜名次。,2026软科高职财经 41 · 总榜参考 347
RANK_SR_BCVCR_2026_4141012748,4141012748,平顶山工业职业技术学院,shanghairanking-bcvcr,ShanghaiRanking,软科中国高职院校排名,2026,177,177,,,177.0,347,347,,,理工,China-mainland,https://www.shanghairanking.cn/rankings/bcvcr/2026623,,2026-09-13,True,软科官方公开 API；rankDisplay 保留榜单显示名次，referenceRank 使用官方 rankOverall/主榜参考位次；分类榜名次不冒充全国主榜名次。,2026软科高职理工 177 · 总榜参考 347
RANK_SR_BCVCR_2026_4143013802,4143013802,湖南中医药高等专科学校,shanghairanking-bcvcr,ShanghaiRanking,软科中国高职院校排名,2026,30,30,,,30.0,347,347,,,医药,China-mainland,https://www.shanghairanking.cn/rankings/bcvcr/2026623,,2026-09-13,True,软科官方公开 API；rankDisplay 保留榜单显示名次，referenceRank 使用官方 rankOverall/主榜参考位次；分类榜名次不冒充全国主榜名次。,2026软科高职医药 30 · 总榜参考 347
RANK_SR_BCVCR_2026_4137014081,4137014081,烟台汽车工程职业学院,shanghairanking-bcvcr,ShanghaiRanking,软科中国高职院校排名,2026,177,177,,,177.0,347,347,,,理工,China-mainland,https://www.shanghairanking.cn/rankings/bcvcr/2026623,,2026-09-13,True,软科官方公开 API；rankDisplay 保留榜单显示名次，referenceRank 使用官方 rankOverall/主榜参考位次；分类榜名次不冒充全国主榜名次。,2026软科高职理工 177 · 总榜参考 347
RANK_SR_BCVCR_2026_4134013344,4134013344,安徽国防科技职业学院,shanghairanking-bcvcr,ShanghaiRanking,软科中国高职院校排名,2026,179,179,,,179.0,350,350,,,理工,China-mainland,https://www.shanghairanking.cn/rankings/bcvcr/2026623,,2026-09-13,True,软科官方公开 API；rankDisplay 保留榜单显示名次，referenceRank 使用官方 rankOverall/主榜参考位次；分类榜名次不冒充全国主榜名次。,2026软科高职理工 179 · 总榜参考 350
RANK_SR_BCVCR_2026_4151012639,4151012639,南充职业技术学院,shanghairanking-bcvcr,ShanghaiRanking,软科中国高职院校排名,2026,78,78,,,78.0,351,351,,,综合,China-mainland,https://www.shanghairanking.cn/rankings/bcvcr/2026623,,2026-09-13,True,软科官方公开 API；rankDisplay 保留榜单显示名次，referenceRank 使用官方 rankOverall/主榜参考位次；分类榜名次不冒充全国主榜名次。,2026软科高职综合 78 · 总榜参考 351
RANK_SR_BCVCR_2026_4143014071,4143014071,湖南电气职业技术学院,shanghairanking-bcvcr,ShanghaiRanking,软科中国高职院校排名,2026,180,180,,,180.0,352,352,,,理工,China-mainland,https://www.shanghairanking.cn/rankings/bcvcr/2026623,,2026-09-13,True,软科官方公开 API；rankDisplay 保留榜单显示名次，referenceRank 使用官方 rankOverall/主榜参考位次；分类榜名次不冒充全国主榜名次。,2026软科高职理工 180 · 总榜参考 352
RANK_SR_BCVCR_2026_4152014549,4152014549,贵州农业职业学院,shanghairanking-bcvcr,ShanghaiRanking,软科中国高职院校排名,2026,25,25,,,25.0,352,352,,,农林,China-mainland,https://www.shanghairanking.cn/rankings/bcvcr/2026623,,2026-09-13,True,软科官方公开 API；rankDisplay 保留榜单显示名次，referenceRank 使用官方 rankOverall/主榜参考位次；分类榜名次不冒充全国主榜名次。,2026软科高职农林 25 · 总榜参考 352
RANK_SR_BCVCR_2026_4137013355,4137013355,烟台工程职业技术学院,shanghairanking-bcvcr,ShanghaiRanking,软科中国高职院校排名,2026,181,181,,,181.0,354,354,,,理工,China-mainland,https://www.shanghairanking.cn/rankings/bcvcr/2026623,,2026-09-13,True,软科官方公开 API；rankDisplay 保留榜单显示名次，referenceRank 使用官方 rankOverall/主榜参考位次；分类榜名次不冒充全国主榜名次。,2026软科高职理工 181 · 总榜参考 354
RANK_SR_BCVCR_2026_4137014079,4137014079,山东轻工职业学院,shanghairanking-bcvcr,ShanghaiRanking,软科中国高职院校排名,2026,182,182,,,182.0,356,356,,,理工,China-mainland,https://www.shanghairanking.cn/rankings/bcvcr/2026623,,2026-09-13,True,软科官方公开 API；rankDisplay 保留榜单显示名次，referenceRank 使用官方 rankOverall/主榜参考位次；分类榜名次不冒充全国主榜名次。,2026软科高职理工 182 · 总榜参考 356
RANK_SR_BCVCR_2026_4142011334,4142011334,湖北工业职业技术学院,shanghairanking-bcvcr,ShanghaiRanking,软科中国高职院校排名,2026,183,183,,,183.0,358,358,,,理工,China-mainland,https://www.shanghairanking.cn/rankings/bcvcr/2026623,,2026-09-13,True,软科官方公开 API；rankDisplay 保留榜单显示名次，referenceRank 使用官方 rankOverall/主榜参考位次；分类榜名次不冒充全国主榜名次。,2026软科高职理工 183 · 总榜参考 358
RANK_SR_BCVCR_2026_4143014097,4143014097,益阳医学高等专科学校,shanghairanking-bcvcr,ShanghaiRanking,软科中国高职院校排名,2026,31,31,,,31.0,358,358,,,医药,China-mainland,https://www.shanghairanking.cn/rankings/bcvcr/2026623,,2026-09-13,True,软科官方公开 API；rankDisplay 保留榜单显示名次，referenceRank 使用官方 rankOverall/主榜参考位次；分类榜名次不冒充全国主榜名次。,2026软科高职医药 31 · 总榜参考 358
RANK_SR_BCVCR_2026_4161013947,4161013947,西安职业技术学院,shanghairanking-bcvcr,ShanghaiRanking,软科中国高职院校排名,2026,79,79,,,79.0,358,358,,,综合,China-mainland,https://www.shanghairanking.cn/rankings/bcvcr/2026623,,2026-09-13,True,软科官方公开 API；rankDisplay 保留榜单显示名次，referenceRank 使用官方 rankOverall/主榜参考位次；分类榜名次不冒充全国主榜名次。,2026软科高职综合 79 · 总榜参考 358
RANK_SR_BCVCR_2026_4141011069,4141011069,开封大学,shanghairanking-bcvcr,ShanghaiRanking,软科中国高职院校排名,2026,80,80,,,80.0,359,359,,,综合,China-mainland,https://www.shanghairanking.cn/rankings/bcvcr/2026623,,2026-09-13,True,软科官方公开 API；rankDisplay 保留榜单显示名次，referenceRank 使用官方 rankOverall/主榜参考位次；分类榜名次不冒充全国主榜名次。,2026软科高职综合 80 · 总榜参考 359
RANK_SR_BCVCR_2026_4144014509,4144014509,广东生态工程职业学院,shanghairanking-bcvcr,ShanghaiRanking,软科中国高职院校排名,2026,26,26,,,26.0,360,360,,,农林,China-mainland,https://www.shanghairanking.cn/rankings/bcvcr/2026623,,2026-09-13,True,软科官方公开 API；rankDisplay 保留榜单显示名次，referenceRank 使用官方 rankOverall/主榜参考位次；分类榜名次不冒充全国主榜名次。,2026软科高职农林 26 · 总榜参考 360
RANK_SR_BCVCR_2026_4121014240,4121014240,辽宁现代服务职业技术学院,shanghairanking-bcvcr,ShanghaiRanking,软科中国高职院校排名,2026,42,42,,,42.0,361,361,,,财经,China-mainland,https://www.shanghairanking.cn/rankings/bcvcr/2026623,,2026-09-13,True,软科官方公开 API；rankDisplay 保留榜单显示名次，referenceRank 使用官方 rankOverall/主榜参考位次；分类榜名次不冒充全国主榜名次。,2026软科高职财经 42 · 总榜参考 361
RANK_SR_BCVCR_2026_4145014067,4145014067,柳州城市职业学院,shanghairanking-bcvcr,ShanghaiRanking,软科中国高职院校排名,2026,81,81,,,81.0,362,362,,,综合,China-mainland,https://www.shanghairanking.cn/rankings/bcvcr/2026623,,2026-09-13,True,软科官方公开 API；rankDisplay 保留榜单显示名次，referenceRank 使用官方 rankOverall/主榜参考位次；分类榜名次不冒充全国主榜名次。,2026软科高职综合 81 · 总榜参考 362
RANK_SR_BCVCR_2026_4134012219,4134012219,安徽警官职业学院,shanghairanking-bcvcr,ShanghaiRanking,软科中国高职院校排名,2026,7,7,,,7.0,363,363,,,政法,China-mainland,https://www.shanghairanking.cn/rankings/bcvcr/2026623,,2026-09-13,True,软科官方公开 API；rankDisplay 保留榜单显示名次，referenceRank 使用官方 rankOverall/主榜参考位次；分类榜名次不冒充全国主榜名次。,2026软科高职政法 7 · 总榜参考 363
RANK_SR_BCVCR_2026_4161013950,4161013950,延安职业技术学院,shanghairanking-bcvcr,ShanghaiRanking,软科中国高职院校排名,2026,184,184,,,184.0,363,363,,,理工,China-mainland,https://www.shanghairanking.cn/rankings/bcvcr/2026623,,2026-09-13,True,软科官方公开 API；rankDisplay 保留榜单显示名次，referenceRank 使用官方 rankOverall/主榜参考位次；分类榜名次不冒充全国主榜名次。,2026软科高职理工 184 · 总榜参考 363
RANK_SR_BCVCR_2026_4143013804,4143013804,湖南民族职业学院,shanghairanking-bcvcr,ShanghaiRanking,软科中国高职院校排名,2026,15,15,,,15.0,363,363,,,师范,China-mainland,https://www.shanghairanking.cn/rankings/bcvcr/2026623,,2026-09-13,True,软科官方公开 API；rankDisplay 保留榜单显示名次，referenceRank 使用官方 rankOverall/主榜参考位次；分类榜名次不冒充全国主榜名次。,2026软科高职师范 15 · 总榜参考 363
RANK_SR_BCVCR_2026_4131012801,4131012801,上海科学技术职业学院,shanghairanking-bcvcr,ShanghaiRanking,软科中国高职院校排名,2026,185,185,,,185.0,365,365,,,理工,China-mainland,https://www.shanghairanking.cn/rankings/bcvcr/2026623,,2026-09-13,True,软科官方公开 API；rankDisplay 保留榜单显示名次，referenceRank 使用官方 rankOverall/主榜参考位次；分类榜名次不冒充全国主榜名次。,2026软科高职理工 185 · 总榜参考 365
RANK_SR_BCVCR_2026_4141013784,4141013784,信阳职业技术学院,shanghairanking-bcvcr,ShanghaiRanking,软科中国高职院校排名,2026,82,82,,,82.0,366,366,,,综合,China-mainland,https://www.shanghairanking.cn/rankings/bcvcr/2026623,,2026-09-13,True,软科官方公开 API；rankDisplay 保留榜单显示名次，referenceRank 使用官方 rankOverall/主榜参考位次；分类榜名次不冒充全国主榜名次。,2026软科高职综合 82 · 总榜参考 366
RANK_SR_BCVCR_2026_4151013812,4151013812,四川商务职业学院,shanghairanking-bcvcr,ShanghaiRanking,软科中国高职院校排名,2026,43,43,,,43.0,366,366,,,财经,China-mainland,https://www.shanghairanking.cn/rankings/bcvcr/2026623,,2026-09-13,True,软科官方公开 API；rankDisplay 保留榜单显示名次，referenceRank 使用官方 rankOverall/主榜参考位次；分类榜名次不冒充全国主榜名次。,2026软科高职财经 43 · 总榜参考 366
RANK_SR_BCVCR_2026_4133013853,4133013853,浙江国际海运职业技术学院,shanghairanking-bcvcr,ShanghaiRanking,软科中国高职院校排名,2026,186,186,,,186.0,366,366,,,理工,China-mainland,https://www.shanghairanking.cn/rankings/bcvcr/2026623,,2026-09-13,True,软科官方公开 API；rankDisplay 保留榜单显示名次，referenceRank 使用官方 rankOverall/主榜参考位次；分类榜名次不冒充全国主榜名次。,2026软科高职理工 186 · 总榜参考 366
RANK_SR_BCVCR_2026_4141012793,4141012793,鹤壁职业技术学院,shanghairanking-bcvcr,ShanghaiRanking,软科中国高职院校排名,2026,186,186,,,186.0,366,366,,,理工,China-mainland,https://www.shanghairanking.cn/rankings/bcvcr/2026623,,2026-09-13,True,软科官方公开 API；rankDisplay 保留榜单显示名次，referenceRank 使用官方 rankOverall/主榜参考位次；分类榜名次不冒充全国主榜名次。,2026软科高职理工 186 · 总榜参考 366
RANK_SR_BCVCR_2026_4134014096,4134014096,安庆医药高等专科学校,shanghairanking-bcvcr,ShanghaiRanking,软科中国高职院校排名,2026,32,32,,,32.0,369,369,,,医药,China-mainland,https://www.shanghairanking.cn/rankings/bcvcr/2026623,,2026-09-13,True,软科官方公开 API；rankDisplay 保留榜单显示名次，referenceRank 使用官方 rankOverall/主榜参考位次；分类榜名次不冒充全国主榜名次。,2026软科高职医药 32 · 总榜参考 369
RANK_SR_BCVCR_2026_4113011034,4113011034,邯郸职业技术学院,shanghairanking-bcvcr,ShanghaiRanking,软科中国高职院校排名,2026,188,188,,,188.0,369,369,,,理工,China-mainland,https://www.shanghairanking.cn/rankings/bcvcr/2026623,,2026-09-13,True,软科官方公开 API；rankDisplay 保留榜单显示名次，referenceRank 使用官方 rankOverall/主榜参考位次；分类榜名次不冒充全国主榜名次。,2026软科高职理工 188 · 总榜参考 369
RANK_SR_BCVCR_2026_4233050559,4233050559,宁波幼儿师范高等专科学校,shanghairanking-bcvcr,ShanghaiRanking,软科中国高职院校排名,2026,16,16,,,16.0,370,370,,,师范,China-mainland,https://www.shanghairanking.cn/rankings/bcvcr/2026623,,2026-09-13,True,软科官方公开 API；rankDisplay 保留榜单显示名次，referenceRank 使用官方 rankOverall/主榜参考位次；分类榜名次不冒充全国主榜名次。,2026软科高职师范 16 · 总榜参考 370
RANK_SR_BCVCR_2026_4133014431,4133014431,浙江特殊教育职业学院,shanghairanking-bcvcr,ShanghaiRanking,软科中国高职院校排名,2026,16,16,,,16.0,370,370,,,师范,China-mainland,https://www.shanghairanking.cn/rankings/bcvcr/2026623,,2026-09-13,True,软科官方公开 API；rankDisplay 保留榜单显示名次，referenceRank 使用官方 rankOverall/主榜参考位次；分类榜名次不冒充全国主榜名次。,2026软科高职师范 16 · 总榜参考 370
RANK_SR_BCVCR_2026_4144013709,4144013709,广州工程技术职业学院,shanghairanking-bcvcr,ShanghaiRanking,软科中国高职院校排名,2026,83,83,,,83.0,372,372,,,综合,China-mainland,https://www.shanghairanking.cn/rankings/bcvcr/2026623,,2026-09-13,True,软科官方公开 API；rankDisplay 保留榜单显示名次，referenceRank 使用官方 rankOverall/主榜参考位次；分类榜名次不冒充全国主榜名次。,2026软科高职综合 83 · 总榜参考 372
RANK_SR_BCVCR_2026_4132014329,4132014329,徐州幼儿师范高等专科学校,shanghairanking-bcvcr,ShanghaiRanking,软科中国高职院校排名,2026,18,18,,,18.0,372,372,,,师范,China-mainland,https://www.shanghairanking.cn/rankings/bcvcr/2026623,,2026-09-13,True,软科官方公开 API；rankDisplay 保留榜单显示名次，referenceRank 使用官方 rankOverall/主榜参考位次；分类榜名次不冒充全国主榜名次。,2026软科高职师范 18 · 总榜参考 372
RANK_SR_BCVCR_2026_4163012562,4163012562,青海卫生职业技术学院,shanghairanking-bcvcr,ShanghaiRanking,软科中国高职院校排名,2026,33,33,,,33.0,374,374,,,医药,China-mainland,https://www.shanghairanking.cn/rankings/bcvcr/2026623,,2026-09-13,True,软科官方公开 API；rankDisplay 保留榜单显示名次，referenceRank 使用官方 rankOverall/主榜参考位次；分类榜名次不冒充全国主榜名次。,2026软科高职医药 33 · 总榜参考 374
RANK_SR_BCVCR_2026_4143013039,4143013039,常德职业技术学院,shanghairanking-bcvcr,ShanghaiRanking,软科中国高职院校排名,2026,84,84,,,84.0,375,375,,,综合,China-mainland,https://www.shanghairanking.cn/rankings/bcvcr/2026623,,2026-09-13,True,软科官方公开 API；rankDisplay 保留榜单显示名次，referenceRank 使用官方 rankOverall/主榜参考位次；分类榜名次不冒充全国主榜名次。,2026软科高职综合 84 · 总榜参考 375
RANK_SR_BCVCR_2026_4136012930,4136012930,江西陶瓷工艺美术职业技术学院,shanghairanking-bcvcr,ShanghaiRanking,软科中国高职院校排名,2026,10,10,,,10.0,375,375,,,文艺,China-mainland,https://www.shanghairanking.cn/rankings/bcvcr/2026623,,2026-09-13,True,软科官方公开 API；rankDisplay 保留榜单显示名次，referenceRank 使用官方 rankOverall/主榜参考位次；分类榜名次不冒充全国主榜名次。,2026软科高职文艺 10 · 总榜参考 375
RANK_SR_BCVCR_2026_4134012334,4134012334,安徽工业经济职业技术学院,shanghairanking-bcvcr,ShanghaiRanking,软科中国高职院校排名,2026,44,44,,,44.0,381,381,,,财经,China-mainland,https://www.shanghairanking.cn/rankings/bcvcr/2026623,,2026-09-13,True,软科官方公开 API；rankDisplay 保留榜单显示名次，referenceRank 使用官方 rankOverall/主榜参考位次；分类榜名次不冒充全国主榜名次。,2026软科高职财经 44 · 总榜参考 381
RANK_SR_BCVCR_2026_4141014181,4141014181,河南建筑职业技术学院,shanghairanking-bcvcr,ShanghaiRanking,软科中国高职院校排名,2026,189,189,,,189.0,382,382,,,理工,China-mainland,https://www.shanghairanking.cn/rankings/bcvcr/2026623,,2026-09-13,True,软科官方公开 API；rankDisplay 保留榜单显示名次，referenceRank 使用官方 rankOverall/主榜参考位次；分类榜名次不冒充全国主榜名次。,2026软科高职理工 189 · 总榜参考 382
RANK_SR_BCVCR_2026_4151012767,4151012767,达州职业技术学院,shanghairanking-bcvcr,ShanghaiRanking,软科中国高职院校排名,2026,85,85,,,85.0,383,383,,,综合,China-mainland,https://www.shanghairanking.cn/rankings/bcvcr/2026623,,2026-09-13,True,软科官方公开 API；rankDisplay 保留榜单显示名次，referenceRank 使用官方 rankOverall/主榜参考位次；分类榜名次不冒充全国主榜名次。,2026软科高职综合 85 · 总榜参考 383
RANK_SR_BCVCR_2026_4136011505,4136011505,九江职业大学,shanghairanking-bcvcr,ShanghaiRanking,软科中国高职院校排名,2026,86,86,,,86.0,384,384,,,综合,China-mainland,https://www.shanghairanking.cn/rankings/bcvcr/2026623,,2026-09-13,True,软科官方公开 API；rankDisplay 保留榜单显示名次，referenceRank 使用官方 rankOverall/主榜参考位次；分类榜名次不冒充全国主榜名次。,2026软科高职综合 86 · 总榜参考 384
RANK_SR_BCVCR_2026_4142012982,4142012982,湖北水利水电职业技术学院,shanghairanking-bcvcr,ShanghaiRanking,软科中国高职院校排名,2026,190,190,,,190.0,384,384,,,理工,China-mainland,https://www.shanghairanking.cn/rankings/bcvcr/2026623,,2026-09-13,True,软科官方公开 API；rankDisplay 保留榜单显示名次，referenceRank 使用官方 rankOverall/主榜参考位次；分类榜名次不冒充全国主榜名次。,2026软科高职理工 190 · 总榜参考 384
RANK_SR_BCVCR_2026_4142013800,4142013800,湖北国土资源职业学院,shanghairanking-bcvcr,ShanghaiRanking,软科中国高职院校排名,2026,191,191,,,191.0,385,385,,,理工,China-mainland,https://www.shanghairanking.cn/rankings/bcvcr/2026623,,2026-09-13,True,软科官方公开 API；rankDisplay 保留榜单显示名次，referenceRank 使用官方 rankOverall/主榜参考位次；分类榜名次不冒充全国主榜名次。,2026软科高职理工 191 · 总榜参考 385
RANK_SR_BCVCR_2026_4143012848,4143012848,娄底职业技术学院,shanghairanking-bcvcr,ShanghaiRanking,软科中国高职院校排名,2026,87,87,,,87.0,386,386,,,综合,China-mainland,https://www.shanghairanking.cn/rankings/bcvcr/2026623,,2026-09-13,True,软科官方公开 API；rankDisplay 保留榜单显示名次，referenceRank 使用官方 rankOverall/主榜参考位次；分类榜名次不冒充全国主榜名次。,2026软科高职综合 87 · 总榜参考 386
RANK_SR_BCVCR_2026_4162013519,4162013519,甘肃交通职业技术学院,shanghairanking-bcvcr,ShanghaiRanking,软科中国高职院校排名,2026,192,192,,,192.0,387,387,,,理工,China-mainland,https://www.shanghairanking.cn/rankings/bcvcr/2026623,,2026-09-13,True,软科官方公开 API；rankDisplay 保留榜单显示名次，referenceRank 使用官方 rankOverall/主榜参考位次；分类榜名次不冒充全国主榜名次。,2026软科高职理工 192 · 总榜参考 387
RANK_SR_BCVCR_2026_4153014550,4153014550,云南财经职业学院,shanghairanking-bcvcr,ShanghaiRanking,软科中国高职院校排名,2026,45,45,,,45.0,389,389,,,财经,China-mainland,https://www.shanghairanking.cn/rankings/bcvcr/2026623,,2026-09-13,True,软科官方公开 API；rankDisplay 保留榜单显示名次，referenceRank 使用官方 rankOverall/主榜参考位次；分类榜名次不冒充全国主榜名次。,2026软科高职财经 45 · 总榜参考 389
RANK_SR_BCVCR_2026_4145012379,4145012379,广西国际商务职业技术学院,shanghairanking-bcvcr,ShanghaiRanking,软科中国高职院校排名,2026,45,45,,,45.0,389,389,,,财经,China-mainland,https://www.shanghairanking.cn/rankings/bcvcr/2026623,,2026-09-13,True,软科官方公开 API；rankDisplay 保留榜单显示名次，referenceRank 使用官方 rankOverall/主榜参考位次；分类榜名次不冒充全国主榜名次。,2026软科高职财经 45 · 总榜参考 389
RANK_SR_BCVCR_2026_4141013780,4141013780,漯河医学高等专科学校,shanghairanking-bcvcr,ShanghaiRanking,软科中国高职院校排名,2026,34,34,,,34.0,389,389,,,医药,China-mainland,https://www.shanghairanking.cn/rankings/bcvcr/2026623,,2026-09-13,True,软科官方公开 API；rankDisplay 保留榜单显示名次，referenceRank 使用官方 rankOverall/主榜参考位次；分类榜名次不冒充全国主榜名次。,2026软科高职医药 34 · 总榜参考 389
RANK_SR_BCVCR_2026_4150014482,4150014482,重庆文化艺术职业学院,shanghairanking-bcvcr,ShanghaiRanking,软科中国高职院校排名,2026,11,11,,,11.0,389,389,,,文艺,China-mainland,https://www.shanghairanking.cn/rankings/bcvcr/2026623,,2026-09-13,True,软科官方公开 API；rankDisplay 保留榜单显示名次，referenceRank 使用官方 rankOverall/主榜参考位次；分类榜名次不冒充全国主榜名次。,2026软科高职文艺 11 · 总榜参考 389
RANK_SR_BCVCR_2026_4141013781,4141013781,南阳医学高等专科学校,shanghairanking-bcvcr,ShanghaiRanking,软科中国高职院校排名,2026,35,35,,,35.0,390,390,,,医药,China-mainland,https://www.shanghairanking.cn/rankings/bcvcr/2026623,,2026-09-13,True,软科官方公开 API；rankDisplay 保留榜单显示名次，referenceRank 使用官方 rankOverall/主榜参考位次；分类榜名次不冒充全国主榜名次。,2026软科高职医药 35 · 总榜参考 390
RANK_SR_BCVCR_2026_4151014006,4151014006,四川铁道职业学院,shanghairanking-bcvcr,ShanghaiRanking,软科中国高职院校排名,2026,193,193,,,193.0,391,391,,,理工,China-mainland,https://www.shanghairanking.cn/rankings/bcvcr/2026623,,2026-09-13,True,软科官方公开 API；rankDisplay 保留榜单显示名次，referenceRank 使用官方 rankOverall/主榜参考位次；分类榜名次不冒充全国主榜名次。,2026软科高职理工 193 · 总榜参考 391
RANK_SR_BCVCR_2026_4141012582,4141012582,河南水利与环境职业学院,shanghairanking-bcvcr,ShanghaiRanking,软科中国高职院校排名,2026,193,193,,,193.0,391,391,,,理工,China-mainland,https://www.shanghairanking.cn/rankings/bcvcr/2026623,,2026-09-13,True,软科官方公开 API；rankDisplay 保留榜单显示名次，referenceRank 使用官方 rankOverall/主榜参考位次；分类榜名次不冒充全国主榜名次。,2026软科高职理工 193 · 总榜参考 391
RANK_SR_BCVCR_2026_4134014299,4134014299,皖西卫生职业学院,shanghairanking-bcvcr,ShanghaiRanking,软科中国高职院校排名,2026,36,36,,,36.0,392,392,,,医药,China-mainland,https://www.shanghairanking.cn/rankings/bcvcr/2026623,,2026-09-13,True,软科官方公开 API；rankDisplay 保留榜单显示名次，referenceRank 使用官方 rankOverall/主榜参考位次；分类榜名次不冒充全国主榜名次。,2026软科高职医药 36 · 总榜参考 392
RANK_SR_BCVCR_2026_4152012824,4152012824,遵义职业技术学院,shanghairanking-bcvcr,ShanghaiRanking,软科中国高职院校排名,2026,88,88,,,88.0,393,393,,,综合,China-mainland,https://www.shanghairanking.cn/rankings/bcvcr/2026623,,2026-09-13,True,软科官方公开 API；rankDisplay 保留榜单显示名次，referenceRank 使用官方 rankOverall/主榜参考位次；分类榜名次不冒充全国主榜名次。,2026软科高职综合 88 · 总榜参考 393
RANK_SR_BCVCR_2026_4162014517,4162014517,甘肃卫生职业学院,shanghairanking-bcvcr,ShanghaiRanking,软科中国高职院校排名,2026,37,37,,,37.0,395,395,,,医药,China-mainland,https://www.shanghairanking.cn/rankings/bcvcr/2026623,,2026-09-13,True,软科官方公开 API；rankDisplay 保留榜单显示名次，referenceRank 使用官方 rankOverall/主榜参考位次；分类榜名次不冒充全国主榜名次。,2026软科高职医药 37 · 总榜参考 395
RANK_SR_BCVCR_2026_4162012511,4162012511,甘肃建筑职业技术学院,shanghairanking-bcvcr,ShanghaiRanking,软科中国高职院校排名,2026,195,195,,,195.0,397,397,,,理工,China-mainland,https://www.shanghairanking.cn/rankings/bcvcr/2026623,,2026-09-13,True,软科官方公开 API；rankDisplay 保留榜单显示名次，referenceRank 使用官方 rankOverall/主榜参考位次；分类榜名次不冒充全国主榜名次。,2026软科高职理工 195 · 总榜参考 397
RANK_SR_BCVCR_2026_4143013938,4143013938,长沙电力职业技术学院,shanghairanking-bcvcr,ShanghaiRanking,软科中国高职院校排名,2026,196,196,,,196.0,398,398,,,理工,China-mainland,https://www.shanghairanking.cn/rankings/bcvcr/2026623,,2026-09-13,True,软科官方公开 API；rankDisplay 保留榜单显示名次，referenceRank 使用官方 rankOverall/主榜参考位次；分类榜名次不冒充全国主榜名次。,2026软科高职理工 196 · 总榜参考 398
RANK_SR_BCVCR_2026_4134013345,4134013345,安庆职业技术学院,shanghairanking-bcvcr,ShanghaiRanking,软科中国高职院校排名,2026,197,197,,,197.0,399,399,,,理工,China-mainland,https://www.shanghairanking.cn/rankings/bcvcr/2026623,,2026-09-13,True,软科官方公开 API；rankDisplay 保留榜单显示名次，referenceRank 使用官方 rankOverall/主榜参考位次；分类榜名次不冒充全国主榜名次。,2026软科高职理工 197 · 总榜参考 399
RANK_SR_BCVCR_2026_4152014613,4152014613,贵州装备制造职业学院,shanghairanking-bcvcr,ShanghaiRanking,软科中国高职院校排名,2026,198,198,,,198.0,402,402,,,理工,China-mainland,https://www.shanghairanking.cn/rankings/bcvcr/2026623,,2026-09-13,True,软科官方公开 API；rankDisplay 保留榜单显示名次，referenceRank 使用官方 rankOverall/主榜参考位次；分类榜名次不冒充全国主榜名次。,2026软科高职理工 198 · 总榜参考 402
RANK_SR_BCVCR_2026_4114013913,4114013913,晋中职业技术学院,shanghairanking-bcvcr,ShanghaiRanking,软科中国高职院校排名,2026,89,89,,,89.0,405,405,,,综合,China-mainland,https://www.shanghairanking.cn/rankings/bcvcr/2026623,,2026-09-13,True,软科官方公开 API；rankDisplay 保留榜单显示名次，referenceRank 使用官方 rankOverall/主榜参考位次；分类榜名次不冒充全国主榜名次。,2026软科高职综合 89 · 总榜参考 405
RANK_SR_BCVCR_2026_4132011051,4132011051,镇江市高等专科学校,shanghairanking-bcvcr,ShanghaiRanking,软科中国高职院校排名,2026,89,89,,,89.0,405,405,,,综合,China-mainland,https://www.shanghairanking.cn/rankings/bcvcr/2026623,,2026-09-13,True,软科官方公开 API；rankDisplay 保留榜单显示名次，referenceRank 使用官方 rankOverall/主榜参考位次；分类榜名次不冒充全国主榜名次。,2026软科高职综合 89 · 总榜参考 405
RANK_SR_BCVCR_2026_4153014381,4153014381,云南旅游职业学院,shanghairanking-bcvcr,ShanghaiRanking,软科中国高职院校排名,2026,47,47,,,47.0,408,408,,,财经,China-mainland,https://www.shanghairanking.cn/rankings/bcvcr/2026623,,2026-09-13,True,软科官方公开 API；rankDisplay 保留榜单显示名次，referenceRank 使用官方 rankOverall/主榜参考位次；分类榜名次不冒充全国主榜名次。,2026软科高职财经 47 · 总榜参考 408
RANK_SR_BCVCR_2026_4113014396,4113014396,河北轨道运输职业技术学院,shanghairanking-bcvcr,ShanghaiRanking,软科中国高职院校排名,2026,199,199,,,199.0,410,410,,,理工,China-mainland,https://www.shanghairanking.cn/rankings/bcvcr/2026623,,2026-09-13,True,软科官方公开 API；rankDisplay 保留榜单显示名次，referenceRank 使用官方 rankOverall/主榜参考位次；分类榜名次不冒充全国主榜名次。,2026软科高职理工 199 · 总榜参考 410
RANK_SR_BCVCR_2026_4123014053,4123014053,黑龙江交通职业技术学院,shanghairanking-bcvcr,ShanghaiRanking,软科中国高职院校排名,2026,199,199,,,199.0,410,410,,,理工,China-mainland,https://www.shanghairanking.cn/rankings/bcvcr/2026623,,2026-09-13,True,软科官方公开 API；rankDisplay 保留榜单显示名次，referenceRank 使用官方 rankOverall/主榜参考位次；分类榜名次不冒充全国主榜名次。,2026软科高职理工 199 · 总榜参考 410
RANK_SR_BCVCR_2026_4123014272,4123014272,黑龙江护理高等专科学校,shanghairanking-bcvcr,ShanghaiRanking,软科中国高职院校排名,2026,38,38,,,38.0,412,412,,,医药,China-mainland,https://www.shanghairanking.cn/rankings/bcvcr/2026623,,2026-09-13,True,软科官方公开 API；rankDisplay 保留榜单显示名次，referenceRank 使用官方 rankOverall/主榜参考位次；分类榜名次不冒充全国主榜名次。,2026软科高职医药 38 · 总榜参考 412
RANK_SR_BCVCR_2026_4151014086,4151014086,四川文化产业职业学院,shanghairanking-bcvcr,ShanghaiRanking,软科中国高职院校排名,2026,12,12,,,12.0,413,413,,,文艺,China-mainland,https://www.shanghairanking.cn/rankings/bcvcr/2026623,,2026-09-13,True,软科官方公开 API；rankDisplay 保留榜单显示名次，referenceRank 使用官方 rankOverall/主榜参考位次；分类榜名次不冒充全国主榜名次。,2026软科高职文艺 12 · 总榜参考 413
RANK_SR_BCVCR_2026_4152014577,4152014577,贵州水利水电职业技术学院,shanghairanking-bcvcr,ShanghaiRanking,软科中国高职院校排名,2026,201,201,,,201.0,413,413,,,理工,China-mainland,https://www.shanghairanking.cn/rankings/bcvcr/2026623,,2026-09-13,True,软科官方公开 API；rankDisplay 保留榜单显示名次，referenceRank 使用官方 rankOverall/主榜参考位次；分类榜名次不冒充全国主榜名次。,2026软科高职理工 201 · 总榜参考 413
RANK_SR_BCVCR_2026_4136014537,4136014537,江西师范高等专科学校,shanghairanking-bcvcr,ShanghaiRanking,软科中国高职院校排名,2026,19,19,,,19.0,415,415,,,师范,China-mainland,https://www.shanghairanking.cn/rankings/bcvcr/2026623,,2026-09-13,True,软科官方公开 API；rankDisplay 保留榜单显示名次，referenceRank 使用官方 rankOverall/主榜参考位次；分类榜名次不冒充全国主榜名次。,2026软科高职师范 19 · 总榜参考 415
RANK_SR_BCVCR_2026_4142012985,4142012985,湖北生物科技职业学院,shanghairanking-bcvcr,ShanghaiRanking,软科中国高职院校排名,2026,202,202,,,202.0,415,415,,,理工,China-mainland,https://www.shanghairanking.cn/rankings/bcvcr/2026623,,2026-09-13,True,软科官方公开 API；rankDisplay 保留榜单显示名次，referenceRank 使用官方 rankOverall/主榜参考位次；分类榜名次不冒充全国主榜名次。,2026软科高职理工 202 · 总榜参考 415
RANK_SR_BCVCR_2026_4134013336,4134013336,安徽电气工程职业技术学院,shanghairanking-bcvcr,ShanghaiRanking,软科中国高职院校排名,2026,203,203,,,203.0,417,417,,,理工,China-mainland,https://www.shanghairanking.cn/rankings/bcvcr/2026623,,2026-09-13,True,软科官方公开 API；rankDisplay 保留榜单显示名次，referenceRank 使用官方 rankOverall/主榜参考位次；分类榜名次不冒充全国主榜名次。,2026软科高职理工 203 · 总榜参考 417
RANK_SR_BCVCR_2026_4113012415,4113012415,沧州职业技术学院,shanghairanking-bcvcr,ShanghaiRanking,软科中国高职院校排名,2026,91,91,,,91.0,417,417,,,综合,China-mainland,https://www.shanghairanking.cn/rankings/bcvcr/2026623,,2026-09-13,True,软科官方公开 API；rankDisplay 保留榜单显示名次，referenceRank 使用官方 rankOverall/主榜参考位次；分类榜名次不冒充全国主榜名次。,2026软科高职综合 91 · 总榜参考 417
RANK_SR_BCVCR_2026_4150014428,4150014428,重庆幼儿师范高等专科学校,shanghairanking-bcvcr,ShanghaiRanking,软科中国高职院校排名,2026,20,20,,,20.0,418,418,,,师范,China-mainland,https://www.shanghairanking.cn/rankings/bcvcr/2026623,,2026-09-13,True,软科官方公开 API；rankDisplay 保留榜单显示名次，referenceRank 使用官方 rankOverall/主榜参考位次；分类榜名次不冒充全国主榜名次。,2026软科高职师范 20 · 总榜参考 418
RANK_SR_BCVCR_2026_4143012598,4143012598,湖南网络工程职业学院,shanghairanking-bcvcr,ShanghaiRanking,软科中国高职院校排名,2026,92,92,,,92.0,420,420,,,综合,China-mainland,https://www.shanghairanking.cn/rankings/bcvcr/2026623,,2026-09-13,True,软科官方公开 API；rankDisplay 保留榜单显示名次，referenceRank 使用官方 rankOverall/主榜参考位次；分类榜名次不冒充全国主榜名次。,2026软科高职综合 92 · 总榜参考 420
RANK_SR_BCVCR_2026_4164012716,4164012716,宁夏民族职业技术学院,shanghairanking-bcvcr,ShanghaiRanking,软科中国高职院校排名,2026,21,21,,,21.0,421,421,,,师范,China-mainland,https://www.shanghairanking.cn/rankings/bcvcr/2026623,,2026-09-13,True,软科官方公开 API；rankDisplay 保留榜单显示名次，referenceRank 使用官方 rankOverall/主榜参考位次；分类榜名次不冒充全国主榜名次。,2026软科高职师范 21 · 总榜参考 421
RANK_SR_BCVCR_2026_4143012849,4143012849,张家界航空工业职业技术学院,shanghairanking-bcvcr,ShanghaiRanking,软科中国高职院校排名,2026,204,204,,,204.0,421,421,,,理工,China-mainland,https://www.shanghairanking.cn/rankings/bcvcr/2026623,,2026-09-13,True,软科官方公开 API；rankDisplay 保留榜单显示名次，referenceRank 使用官方 rankOverall/主榜参考位次；分类榜名次不冒充全国主榜名次。,2026软科高职理工 204 · 总榜参考 421
RANK_SR_BCVCR_2026_4142012951,4142012951,湖北中医药高等专科学校,shanghairanking-bcvcr,ShanghaiRanking,软科中国高职院校排名,2026,39,39,,,39.0,421,421,,,医药,China-mainland,https://www.shanghairanking.cn/rankings/bcvcr/2026623,,2026-09-13,True,软科官方公开 API；rankDisplay 保留榜单显示名次，referenceRank 使用官方 rankOverall/主榜参考位次；分类榜名次不冒充全国主榜名次。,2026软科高职医药 39 · 总榜参考 421
RANK_SR_BCVCR_2026_4121014189,4121014189,辽宁建筑职业学院,shanghairanking-bcvcr,ShanghaiRanking,软科中国高职院校排名,2026,205,205,,,205.0,422,422,,,理工,China-mainland,https://www.shanghairanking.cn/rankings/bcvcr/2026623,,2026-09-13,True,软科官方公开 API；rankDisplay 保留榜单显示名次，referenceRank 使用官方 rankOverall/主榜参考位次；分类榜名次不冒充全国主榜名次。,2026软科高职理工 205 · 总榜参考 422
RANK_SR_BCVCR_2026_4153013136,4153013136,云南能源职业技术学院,shanghairanking-bcvcr,ShanghaiRanking,软科中国高职院校排名,2026,206,206,,,206.0,423,423,,,理工,China-mainland,https://www.shanghairanking.cn/rankings/bcvcr/2026623,,2026-09-13,True,软科官方公开 API；rankDisplay 保留榜单显示名次，referenceRank 使用官方 rankOverall/主榜参考位次；分类榜名次不冒充全国主榜名次。,2026软科高职理工 206 · 总榜参考 423
RANK_SR_BCVCR_2026_4151012968,4151012968,眉山职业技术学院,shanghairanking-bcvcr,ShanghaiRanking,软科中国高职院校排名,2026,93,93,,,93.0,424,424,,,综合,China-mainland,https://www.shanghairanking.cn/rankings/bcvcr/2026623,,2026-09-13,True,软科官方公开 API；rankDisplay 保留榜单显示名次，referenceRank 使用官方 rankOverall/主榜参考位次；分类榜名次不冒充全国主榜名次。,2026软科高职综合 93 · 总榜参考 424
RANK_SR_BCVCR_2026_4115012671,4115012671,包头轻工职业技术学院,shanghairanking-bcvcr,ShanghaiRanking,软科中国高职院校排名,2026,207,207,,,207.0,425,425,,,理工,China-mainland,https://www.shanghairanking.cn/rankings/bcvcr/2026623,,2026-09-13,True,软科官方公开 API；rankDisplay 保留榜单显示名次，referenceRank 使用官方 rankOverall/主榜参考位次；分类榜名次不冒充全国主榜名次。,2026软科高职理工 207 · 总榜参考 425
RANK_SR_BCVCR_2026_4121012896,4121012896,辽宁轨道交通职业学院,shanghairanking-bcvcr,ShanghaiRanking,软科中国高职院校排名,2026,207,207,,,207.0,425,425,,,理工,China-mainland,https://www.shanghairanking.cn/rankings/bcvcr/2026623,,2026-09-13,True,软科官方公开 API；rankDisplay 保留榜单显示名次，referenceRank 使用官方 rankOverall/主榜参考位次；分类榜名次不冒充全国主榜名次。,2026软科高职理工 207 · 总榜参考 425
RANK_SR_BCVCR_2026_4152011663,4152011663,黔南民族医学高等专科学校,shanghairanking-bcvcr,ShanghaiRanking,软科中国高职院校排名,2026,40,40,,,40.0,426,426,,,医药,China-mainland,https://www.shanghairanking.cn/rankings/bcvcr/2026623,,2026-09-13,True,软科官方公开 API；rankDisplay 保留榜单显示名次，referenceRank 使用官方 rankOverall/主榜参考位次；分类榜名次不冒充全国主榜名次。,2026软科高职医药 40 · 总榜参考 426
RANK_SR_BCVCR_2026_4137014082,4137014082,山东司法警官职业学院,shanghairanking-bcvcr,ShanghaiRanking,软科中国高职院校排名,2026,8,8,,,8.0,427,427,,,政法,China-mainland,https://www.shanghairanking.cn/rankings/bcvcr/2026623,,2026-09-13,True,软科官方公开 API；rankDisplay 保留榜单显示名次，referenceRank 使用官方 rankOverall/主榜参考位次；分类榜名次不冒充全国主榜名次。,2026软科高职政法 8 · 总榜参考 427
RANK_SR_BCVCR_2026_4163012972,4163012972,青海农牧科技职业学院,shanghairanking-bcvcr,ShanghaiRanking,软科中国高职院校排名,2026,27,27,,,27.0,427,427,,,农林,China-mainland,https://www.shanghairanking.cn/rankings/bcvcr/2026623,,2026-09-13,True,软科官方公开 API；rankDisplay 保留榜单显示名次，referenceRank 使用官方 rankOverall/主榜参考位次；分类榜名次不冒充全国主榜名次。,2026软科高职农林 27 · 总榜参考 427
RANK_SR_BCVCR_2026_4151012641,4151012641,四川航天职业技术学院,shanghairanking-bcvcr,ShanghaiRanking,软科中国高职院校排名,2026,209,209,,,209.0,428,428,,,理工,China-mainland,https://www.shanghairanking.cn/rankings/bcvcr/2026623,,2026-09-13,True,软科官方公开 API；rankDisplay 保留榜单显示名次，referenceRank 使用官方 rankOverall/主榜参考位次；分类榜名次不冒充全国主榜名次。,2026软科高职理工 209 · 总榜参考 428
RANK_SR_BCVCR_2026_4141012745,4141012745,商丘职业技术学院,shanghairanking-bcvcr,ShanghaiRanking,软科中国高职院校排名,2026,94,94,,,94.0,430,430,,,综合,China-mainland,https://www.shanghairanking.cn/rankings/bcvcr/2026623,,2026-09-13,True,软科官方公开 API；rankDisplay 保留榜单显示名次，referenceRank 使用官方 rankOverall/主榜参考位次；分类榜名次不冒充全国主榜名次。,2026软科高职综合 94 · 总榜参考 430
RANK_SR_BCVCR_2026_4161013951,4161013951,渭南职业技术学院,shanghairanking-bcvcr,ShanghaiRanking,软科中国高职院校排名,2026,95,95,,,95.0,433,433,,,综合,China-mainland,https://www.shanghairanking.cn/rankings/bcvcr/2026623,,2026-09-13,True,软科官方公开 API；rankDisplay 保留榜单显示名次，referenceRank 使用官方 rankOverall/主榜参考位次；分类榜名次不冒充全国主榜名次。,2026软科高职综合 95 · 总榜参考 433
RANK_SR_BCVCR_2026_4144012742,4144012742,广东女子职业技术学院,shanghairanking-bcvcr,ShanghaiRanking,软科中国高职院校排名,2026,96,96,,,96.0,434,434,,,综合,China-mainland,https://www.shanghairanking.cn/rankings/bcvcr/2026623,,2026-09-13,True,软科官方公开 API；rankDisplay 保留榜单显示名次，referenceRank 使用官方 rankOverall/主榜参考位次；分类榜名次不冒充全国主榜名次。,2026软科高职综合 96 · 总榜参考 434
RANK_SR_BCVCR_2026_4144014610,4144014610,广东江门中医药职业学院,shanghairanking-bcvcr,ShanghaiRanking,软科中国高职院校排名,2026,41,41,,,41.0,434,434,,,医药,China-mainland,https://www.shanghairanking.cn/rankings/bcvcr/2026623,,2026-09-13,True,软科官方公开 API；rankDisplay 保留榜单显示名次，referenceRank 使用官方 rankOverall/主榜参考位次；分类榜名次不冒充全国主榜名次。,2026软科高职医药 41 · 总榜参考 434
RANK_SR_BCVCR_2026_4146013575,4146013575,海南软件职业技术学院,shanghairanking-bcvcr,ShanghaiRanking,软科中国高职院校排名,2026,210,210,,,210.0,435,435,,,理工,China-mainland,https://www.shanghairanking.cn/rankings/bcvcr/2026623,,2026-09-13,True,软科官方公开 API；rankDisplay 保留榜单显示名次，referenceRank 使用官方 rankOverall/主榜参考位次；分类榜名次不冒充全国主榜名次。,2026软科高职理工 210 · 总榜参考 435
RANK_SR_BCVCR_2026_4136012944,4136012944,江西工业工程职业技术学院,shanghairanking-bcvcr,ShanghaiRanking,软科中国高职院校排名,2026,211,211,,,211.0,436,436,,,理工,China-mainland,https://www.shanghairanking.cn/rankings/bcvcr/2026623,,2026-09-13,True,软科官方公开 API；rankDisplay 保留榜单显示名次，referenceRank 使用官方 rankOverall/主榜参考位次；分类榜名次不冒充全国主榜名次。,2026软科高职理工 211 · 总榜参考 436
RANK_SR_BCVCR_2026_4113012885,4113012885,河北艺术职业学院,shanghairanking-bcvcr,ShanghaiRanking,软科中国高职院校排名,2026,13,13,,,13.0,436,436,,,文艺,China-mainland,https://www.shanghairanking.cn/rankings/bcvcr/2026623,,2026-09-13,True,软科官方公开 API；rankDisplay 保留榜单显示名次，referenceRank 使用官方 rankOverall/主榜参考位次；分类榜名次不冒充全国主榜名次。,2026软科高职文艺 13 · 总榜参考 436
RANK_SR_BCVCR_2026_4134010963,4134010963,淮北职业技术学院,shanghairanking-bcvcr,ShanghaiRanking,软科中国高职院校排名,2026,97,97,,,97.0,436,436,,,综合,China-mainland,https://www.shanghairanking.cn/rankings/bcvcr/2026623,,2026-09-13,True,软科官方公开 API；rankDisplay 保留榜单显示名次，referenceRank 使用官方 rankOverall/主榜参考位次；分类榜名次不冒充全国主榜名次。,2026软科高职综合 97 · 总榜参考 436
RANK_SR_BCVCR_2026_4121012593,4121012593,辽宁生态工程职业学院,shanghairanking-bcvcr,ShanghaiRanking,软科中国高职院校排名,2026,28,28,,,28.0,436,436,,,农林,China-mainland,https://www.shanghairanking.cn/rankings/bcvcr/2026623,,2026-09-13,True,软科官方公开 API；rankDisplay 保留榜单显示名次，referenceRank 使用官方 rankOverall/主榜参考位次；分类榜名次不冒充全国主榜名次。,2026软科高职农林 28 · 总榜参考 436
RANK_SR_BCVCR_2026_4141013792,4141013792,郑州职业技术学院,shanghairanking-bcvcr,ShanghaiRanking,软科中国高职院校排名,2026,211,211,,,211.0,436,436,,,理工,China-mainland,https://www.shanghairanking.cn/rankings/bcvcr/2026623,,2026-09-13,True,软科官方公开 API；rankDisplay 保留榜单显示名次，referenceRank 使用官方 rankOverall/主榜参考位次；分类榜名次不冒充全国主榜名次。,2026软科高职理工 211 · 总榜参考 436
RANK_SR_BCVCR_2026_4132012684,4132012684,南通科技职业学院,shanghairanking-bcvcr,ShanghaiRanking,软科中国高职院校排名,2026,29,29,,,29.0,437,437,,,农林,China-mainland,https://www.shanghairanking.cn/rankings/bcvcr/2026623,,2026-09-13,True,软科官方公开 API；rankDisplay 保留榜单显示名次，referenceRank 使用官方 rankOverall/主榜参考位次；分类榜名次不冒充全国主榜名次。,2026软科高职农林 29 · 总榜参考 437
RANK_SR_BCVCR_2026_4152014011,4152014011,遵义医药高等专科学校,shanghairanking-bcvcr,ShanghaiRanking,软科中国高职院校排名,2026,42,42,,,42.0,437,437,,,医药,China-mainland,https://www.shanghairanking.cn/rankings/bcvcr/2026623,,2026-09-13,True,软科官方公开 API；rankDisplay 保留榜单显示名次，referenceRank 使用官方 rankOverall/主榜参考位次；分类榜名次不冒充全国主榜名次。,2026软科高职医药 42 · 总榜参考 437
RANK_SR_BCVCR_2026_4115014187,4115014187,包头铁道职业技术学院,shanghairanking-bcvcr,ShanghaiRanking,软科中国高职院校排名,2026,213,213,,,213.0,438,438,,,理工,China-mainland,https://www.shanghairanking.cn/rankings/bcvcr/2026623,,2026-09-13,True,软科官方公开 API；rankDisplay 保留榜单显示名次，referenceRank 使用官方 rankOverall/主榜参考位次；分类榜名次不冒充全国主榜名次。,2026软科高职理工 213 · 总榜参考 438
RANK_SR_BCVCR_2026_4132014493,4132014493,南通师范高等专科学校,shanghairanking-bcvcr,ShanghaiRanking,软科中国高职院校排名,2026,22,22,,,22.0,439,439,,,师范,China-mainland,https://www.shanghairanking.cn/rankings/bcvcr/2026623,,2026-09-13,True,软科官方公开 API；rankDisplay 保留榜单显示名次，referenceRank 使用官方 rankOverall/主榜参考位次；分类榜名次不冒充全国主榜名次。,2026软科高职师范 22 · 总榜参考 439
RANK_SR_BCVCR_2026_4145013522,4145013522,广西现代职业技术学院,shanghairanking-bcvcr,ShanghaiRanking,软科中国高职院校排名,2026,98,98,,,98.0,440,440,,,综合,China-mainland,https://www.shanghairanking.cn/rankings/bcvcr/2026623,,2026-09-13,True,软科官方公开 API；rankDisplay 保留榜单显示名次，referenceRank 使用官方 rankOverall/主榜参考位次；分类榜名次不冒充全国主榜名次。,2026软科高职综合 98 · 总榜参考 440
RANK_SR_BCVCR_2026_4131014394,4131014394,上海民航职业技术学院,shanghairanking-bcvcr,ShanghaiRanking,软科中国高职院校排名,2026,214,214,,,214.0,441,441,,,理工,China-mainland,https://www.shanghairanking.cn/rankings/bcvcr/2026623,,2026-09-13,True,软科官方公开 API；rankDisplay 保留榜单显示名次，referenceRank 使用官方 rankOverall/主榜参考位次；分类榜名次不冒充全国主榜名次。,2026软科高职理工 214 · 总榜参考 441
RANK_SR_BCVCR_2026_4162014594,4162014594,兰州现代职业学院,shanghairanking-bcvcr,ShanghaiRanking,软科中国高职院校排名,2026,99,99,,,99.0,441,441,,,综合,China-mainland,https://www.shanghairanking.cn/rankings/bcvcr/2026623,,2026-09-13,True,软科官方公开 API；rankDisplay 保留榜单显示名次，referenceRank 使用官方 rankOverall/主榜参考位次；分类榜名次不冒充全国主榜名次。,2026软科高职综合 99 · 总榜参考 441
RANK_SR_BCVCR_2026_4137014193,4137014193,山东传媒职业学院,shanghairanking-bcvcr,ShanghaiRanking,软科中国高职院校排名,2026,14,14,,,14.0,441,441,,,文艺,China-mainland,https://www.shanghairanking.cn/rankings/bcvcr/2026623,,2026-09-13,True,软科官方公开 API；rankDisplay 保留榜单显示名次，referenceRank 使用官方 rankOverall/主榜参考位次；分类榜名次不冒充全国主榜名次。,2026软科高职文艺 14 · 总榜参考 441
RANK_SR_BCVCR_2026_4150012606,4150012606,重庆工贸职业技术学院,shanghairanking-bcvcr,ShanghaiRanking,软科中国高职院校排名,2026,215,215,,,215.0,442,442,,,理工,China-mainland,https://www.shanghairanking.cn/rankings/bcvcr/2026623,,2026-09-13,True,软科官方公开 API；rankDisplay 保留榜单显示名次，referenceRank 使用官方 rankOverall/主榜参考位次；分类榜名次不冒充全国主榜名次。,2026软科高职理工 215 · 总榜参考 442
RANK_SR_BCVCR_2026_4142012984,4142012984,武汉警官职业学院,shanghairanking-bcvcr,ShanghaiRanking,软科中国高职院校排名,2026,9,9,,,9.0,443,443,,,政法,China-mainland,https://www.shanghairanking.cn/rankings/bcvcr/2026623,,2026-09-13,True,软科官方公开 API；rankDisplay 保留榜单显示名次，referenceRank 使用官方 rankOverall/主榜参考位次；分类榜名次不冒充全国主榜名次。,2026软科高职政法 9 · 总榜参考 443
RANK_SR_BCVCR_2026_4133014269,4133014269,浙江农业商贸职业学院,shanghairanking-bcvcr,ShanghaiRanking,软科中国高职院校排名,2026,48,48,,,48.0,443,443,,,财经,China-mainland,https://www.shanghairanking.cn/rankings/bcvcr/2026623,,2026-09-13,True,软科官方公开 API；rankDisplay 保留榜单显示名次，referenceRank 使用官方 rankOverall/主榜参考位次；分类榜名次不冒充全国主榜名次。,2026软科高职财经 48 · 总榜参考 443
RANK_SR_BCVCR_2026_4142011335,4142011335,鄂州职业大学,shanghairanking-bcvcr,ShanghaiRanking,软科中国高职院校排名,2026,100,100,,,100.0,443,443,,,综合,China-mainland,https://www.shanghairanking.cn/rankings/bcvcr/2026623,,2026-09-13,True,软科官方公开 API；rankDisplay 保留榜单显示名次，referenceRank 使用官方 rankOverall/主榜参考位次；分类榜名次不冒充全国主榜名次。,2026软科高职综合 100 · 总榜参考 443
RANK_SR_BCVCR_2026_4121012931,4121012931,渤海船舶职业学院,shanghairanking-bcvcr,ShanghaiRanking,软科中国高职院校排名,2026,216,216,,,216.0,444,444,,,理工,China-mainland,https://www.shanghairanking.cn/rankings/bcvcr/2026623,,2026-09-13,True,软科官方公开 API；rankDisplay 保留榜单显示名次，referenceRank 使用官方 rankOverall/主榜参考位次；分类榜名次不冒充全国主榜名次。,2026软科高职理工 216 · 总榜参考 444
RANK_SR_BCVCR_2026_4145013828,4145013828,广西工商职业技术学院,shanghairanking-bcvcr,ShanghaiRanking,软科中国高职院校排名,2026,49,49,,,49.0,446,446,,,财经,China-mainland,https://www.shanghairanking.cn/rankings/bcvcr/2026623,,2026-09-13,True,软科官方公开 API；rankDisplay 保留榜单显示名次，referenceRank 使用官方 rankOverall/主榜参考位次；分类榜名次不冒充全国主榜名次。,2026软科高职财经 49 · 总榜参考 446
RANK_SR_BCVCR_2026_4113013074,4113013074,河北对外经贸职业学院,shanghairanking-bcvcr,ShanghaiRanking,软科中国高职院校排名,2026,23,23,,,23.0,451,451,,,师范,China-mainland,https://www.shanghairanking.cn/rankings/bcvcr/2026623,,2026-09-13,True,软科官方公开 API；rankDisplay 保留榜单显示名次，referenceRank 使用官方 rankOverall/主榜参考位次；分类榜名次不冒充全国主榜名次。,2026软科高职师范 23 · 总榜参考 451
RANK_SR_BCVCR_2026_4134013846,4134013846,安徽国际商务职业学院,shanghairanking-bcvcr,ShanghaiRanking,软科中国高职院校排名,2026,50,50,,,50.0,454,454,,,财经,China-mainland,https://www.shanghairanking.cn/rankings/bcvcr/2026623,,2026-09-13,True,软科官方公开 API；rankDisplay 保留榜单显示名次，referenceRank 使用官方 rankOverall/主榜参考位次；分类榜名次不冒充全国主榜名次。,2026软科高职财经 50 · 总榜参考 454
RANK_SR_BCVCR_2026_4150014069,4150014069,重庆青年职业技术学院,shanghairanking-bcvcr,ShanghaiRanking,软科中国高职院校排名,2026,101,101,,,101.0,454,454,,,综合,China-mainland,https://www.shanghairanking.cn/rankings/bcvcr/2026623,,2026-09-13,True,软科官方公开 API；rankDisplay 保留榜单显示名次，referenceRank 使用官方 rankOverall/主榜参考位次；分类榜名次不冒充全国主榜名次。,2026软科高职综合 101 · 总榜参考 454
RANK_SR_BCVCR_2026_4137013858,4137013858,山东旅游职业学院,shanghairanking-bcvcr,ShanghaiRanking,软科中国高职院校排名,2026,51,51,,,51.0,457,457,,,财经,China-mainland,https://www.shanghairanking.cn/rankings/bcvcr/2026623,,2026-09-13,True,软科官方公开 API；rankDisplay 保留榜单显示名次，referenceRank 使用官方 rankOverall/主榜参考位次；分类榜名次不冒充全国主榜名次。,2026软科高职财经 51 · 总榜参考 457
RANK_SR_BCVCR_2026_4143012845,4143012845,湖南邮电职业技术学院,shanghairanking-bcvcr,ShanghaiRanking,软科中国高职院校排名,2026,217,217,,,217.0,457,457,,,理工,China-mainland,https://www.shanghairanking.cn/rankings/bcvcr/2026623,,2026-09-13,True,软科官方公开 API；rankDisplay 保留榜单显示名次，referenceRank 使用官方 rankOverall/主榜参考位次；分类榜名次不冒充全国主榜名次。,2026软科高职理工 217 · 总榜参考 457
RANK_SR_BCVCR_2026_4113013392,4113013392,保定电力职业技术学院,shanghairanking-bcvcr,ShanghaiRanking,软科中国高职院校排名,2026,218,218,,,218.0,459,459,,,理工,China-mainland,https://www.shanghairanking.cn/rankings/bcvcr/2026623,,2026-09-13,True,软科官方公开 API；rankDisplay 保留榜单显示名次，referenceRank 使用官方 rankOverall/主榜参考位次；分类榜名次不冒充全国主榜名次。,2026软科高职理工 218 · 总榜参考 459
RANK_SR_BCVCR_2026_4144013707,4144013707,广东文艺职业学院,shanghairanking-bcvcr,ShanghaiRanking,软科中国高职院校排名,2026,15,15,,,15.0,460,460,,,文艺,China-mainland,https://www.shanghairanking.cn/rankings/bcvcr/2026623,,2026-09-13,True,软科官方公开 API；rankDisplay 保留榜单显示名次，referenceRank 使用官方 rankOverall/主榜参考位次；分类榜名次不冒充全国主榜名次。,2026软科高职文艺 15 · 总榜参考 460
RANK_SR_BCVCR_2026_4135013976,4135013976,三明医学科技职业学院,shanghairanking-bcvcr,ShanghaiRanking,软科中国高职院校排名,2026,102,102,,,102.0,461,461,,,综合,China-mainland,https://www.shanghairanking.cn/rankings/bcvcr/2026623,,2026-09-13,True,软科官方公开 API；rankDisplay 保留榜单显示名次，referenceRank 使用官方 rankOverall/主榜参考位次；分类榜名次不冒充全国主榜名次。,2026软科高职综合 102 · 总榜参考 461
RANK_SR_BCVCR_2026_4144014667,4144014667,广东财贸职业学院,shanghairanking-bcvcr,ShanghaiRanking,软科中国高职院校排名,2026,52,52,,,52.0,462,462,,,财经,China-mainland,https://www.shanghairanking.cn/rankings/bcvcr/2026623,,2026-09-13,True,软科官方公开 API；rankDisplay 保留榜单显示名次，referenceRank 使用官方 rankOverall/主榜参考位次；分类榜名次不冒充全国主榜名次。,2026软科高职财经 52 · 总榜参考 462
RANK_SR_BCVCR_2026_4144013708,4144013708,广州体育职业技术学院,shanghairanking-bcvcr,ShanghaiRanking,软科中国高职院校排名,2026,1,1,,,1.0,463,463,,,体育,China-mainland,https://www.shanghairanking.cn/rankings/bcvcr/2026623,,2026-09-13,True,软科官方公开 API；rankDisplay 保留榜单显示名次，referenceRank 使用官方 rankOverall/主榜参考位次；分类榜名次不冒充全国主榜名次。,2026软科高职体育 1 · 总榜参考 463
RANK_SR_BCVCR_2026_4123014095,4123014095,黑龙江幼儿师范高等专科学校,shanghairanking-bcvcr,ShanghaiRanking,软科中国高职院校排名,2026,24,24,,,24.0,465,465,,,师范,China-mainland,https://www.shanghairanking.cn/rankings/bcvcr/2026623,,2026-09-13,True,软科官方公开 API；rankDisplay 保留榜单显示名次，referenceRank 使用官方 rankOverall/主榜参考位次；分类榜名次不冒充全国主榜名次。,2026软科高职师范 24 · 总榜参考 465
RANK_SR_BCVCR_2026_4132014475,4132014475,江苏商贸职业学院,shanghairanking-bcvcr,ShanghaiRanking,软科中国高职院校排名,2026,53,53,,,53.0,466,466,,,财经,China-mainland,https://www.shanghairanking.cn/rankings/bcvcr/2026623,,2026-09-13,True,软科官方公开 API；rankDisplay 保留榜单显示名次，referenceRank 使用官方 rankOverall/主榜参考位次；分类榜名次不冒充全国主榜名次。,2026软科高职财经 53 · 总榜参考 466
RANK_SR_BCVCR_2026_4161014029,4161014029,陕西工商职业学院,shanghairanking-bcvcr,ShanghaiRanking,软科中国高职院校排名,2026,103,103,,,103.0,466,466,,,综合,China-mainland,https://www.shanghairanking.cn/rankings/bcvcr/2026623,,2026-09-13,True,软科官方公开 API；rankDisplay 保留榜单显示名次，referenceRank 使用官方 rankOverall/主榜参考位次；分类榜名次不冒充全国主榜名次。,2026软科高职综合 103 · 总榜参考 466
RANK_SR_BCVCR_2026_4164014498,4164014498,宁夏幼儿师范高等专科学校,shanghairanking-bcvcr,ShanghaiRanking,软科中国高职院校排名,2026,25,25,,,25.0,468,468,,,师范,China-mainland,https://www.shanghairanking.cn/rankings/bcvcr/2026623,,2026-09-13,True,软科官方公开 API；rankDisplay 保留榜单显示名次，referenceRank 使用官方 rankOverall/主榜参考位次；分类榜名次不冒充全国主榜名次。,2026软科高职师范 25 · 总榜参考 468
RANK_SR_BCVCR_2026_4134012814,4134012814,安徽电子信息职业技术学院,shanghairanking-bcvcr,ShanghaiRanking,软科中国高职院校排名,2026,219,219,,,219.0,468,468,,,理工,China-mainland,https://www.shanghairanking.cn/rankings/bcvcr/2026623,,2026-09-13,True,软科官方公开 API；rankDisplay 保留榜单显示名次，referenceRank 使用官方 rankOverall/主榜参考位次；分类榜名次不冒充全国主榜名次。,2026软科高职理工 219 · 总榜参考 468
RANK_SR_BCVCR_2026_4123012725,4123012725,黑龙江农业职业技术学院,shanghairanking-bcvcr,ShanghaiRanking,软科中国高职院校排名,2026,30,30,,,30.0,474,474,,,农林,China-mainland,https://www.shanghairanking.cn/rankings/bcvcr/2026623,,2026-09-13,True,软科官方公开 API；rankDisplay 保留榜单显示名次，referenceRank 使用官方 rankOverall/主榜参考位次；分类榜名次不冒充全国主榜名次。,2026软科高职农林 30 · 总榜参考 474
RANK_SR_BCVCR_2026_4132014589,4132014589,江苏安全技术职业学院,shanghairanking-bcvcr,ShanghaiRanking,软科中国高职院校排名,2026,220,220,,,220.0,475,475,,,理工,China-mainland,https://www.shanghairanking.cn/rankings/bcvcr/2026623,,2026-09-13,True,软科官方公开 API；rankDisplay 保留榜单显示名次，referenceRank 使用官方 rankOverall/主榜参考位次；分类榜名次不冒充全国主榜名次。,2026软科高职理工 220 · 总榜参考 475
RANK_SR_BCVCR_2026_4141010842,4141010842,三门峡职业技术学院,shanghairanking-bcvcr,ShanghaiRanking,软科中国高职院校排名,2026,221,221,,,221.0,476,476,,,理工,China-mainland,https://www.shanghairanking.cn/rankings/bcvcr/2026623,,2026-09-13,True,软科官方公开 API；rankDisplay 保留榜单显示名次，referenceRank 使用官方 rankOverall/主榜参考位次；分类榜名次不冒充全国主榜名次。,2026软科高职理工 221 · 总榜参考 476
RANK_SR_BCVCR_2026_4153014581,4153014581,昆明铁道职业技术学院,shanghairanking-bcvcr,ShanghaiRanking,软科中国高职院校排名,2026,221,221,,,221.0,476,476,,,理工,China-mainland,https://www.shanghairanking.cn/rankings/bcvcr/2026623,,2026-09-13,True,软科官方公开 API；rankDisplay 保留榜单显示名次，referenceRank 使用官方 rankOverall/主榜参考位次；分类榜名次不冒充全国主榜名次。,2026软科高职理工 221 · 总榜参考 476
RANK_SR_BCVCR_2026_4141014466,4141014466,河南医学高等专科学校,shanghairanking-bcvcr,ShanghaiRanking,软科中国高职院校排名,2026,43,43,,,43.0,476,476,,,医药,China-mainland,https://www.shanghairanking.cn/rankings/bcvcr/2026623,,2026-09-13,True,软科官方公开 API；rankDisplay 保留榜单显示名次，referenceRank 使用官方 rankOverall/主榜参考位次；分类榜名次不冒充全国主榜名次。,2026软科高职医药 43 · 总榜参考 476
RANK_SR_BCVCR_2026_4123013729,4123013729,黑龙江旅游职业技术学院,shanghairanking-bcvcr,ShanghaiRanking,软科中国高职院校排名,2026,54,54,,,54.0,477,477,,,财经,China-mainland,https://www.shanghairanking.cn/rankings/bcvcr/2026623,,2026-09-13,True,软科官方公开 API；rankDisplay 保留榜单显示名次，referenceRank 使用官方 rankOverall/主榜参考位次；分类榜名次不冒充全国主榜名次。,2026软科高职财经 54 · 总榜参考 477
RANK_SR_BCVCR_2026_4136014504,4136014504,吉安职业技术学院,shanghairanking-bcvcr,ShanghaiRanking,软科中国高职院校排名,2026,104,104,,,104.0,479,479,,,综合,China-mainland,https://www.shanghairanking.cn/rankings/bcvcr/2026623,,2026-09-13,True,软科官方公开 API；rankDisplay 保留榜单显示名次，referenceRank 使用官方 rankOverall/主榜参考位次；分类榜名次不冒充全国主榜名次。,2026软科高职综合 104 · 总榜参考 479
RANK_SR_BCVCR_2026_4153012393,4153012393,昆明工业职业技术学院,shanghairanking-bcvcr,ShanghaiRanking,软科中国高职院校排名,2026,223,223,,,223.0,481,481,,,理工,China-mainland,https://www.shanghairanking.cn/rankings/bcvcr/2026623,,2026-09-13,True,软科官方公开 API；rankDisplay 保留榜单显示名次，referenceRank 使用官方 rankOverall/主榜参考位次；分类榜名次不冒充全国主榜名次。,2026软科高职理工 223 · 总榜参考 481
RANK_SR_BCVCR_2026_4161013949,4161013949,汉中职业技术学院,shanghairanking-bcvcr,ShanghaiRanking,软科中国高职院校排名,2026,105,105,,,105.0,482,482,,,综合,China-mainland,https://www.shanghairanking.cn/rankings/bcvcr/2026623,,2026-09-13,True,软科官方公开 API；rankDisplay 保留榜单显示名次，referenceRank 使用官方 rankOverall/主榜参考位次；分类榜名次不冒充全国主榜名次。,2026软科高职综合 105 · 总榜参考 482
RANK_SR_BCVCR_2026_3632000466,3632000466,盐城幼儿师范高等专科学校,shanghairanking-bcvcr,ShanghaiRanking,软科中国高职院校排名,2026,26,26,,,26.0,483,483,,,师范,China-mainland,https://www.shanghairanking.cn/rankings/bcvcr/2026623,,2026-09-13,True,软科官方公开 API；rankDisplay 保留榜单显示名次，referenceRank 使用官方 rankOverall/主榜参考位次；分类榜名次不冒充全国主榜名次。,2026软科高职师范 26 · 总榜参考 483
RANK_SR_BCVCR_2026_4151012065,4151012065,四川电力职业技术学院,shanghairanking-bcvcr,ShanghaiRanking,软科中国高职院校排名,2026,224,224,,,224.0,484,484,,,理工,China-mainland,https://www.shanghairanking.cn/rankings/bcvcr/2026623,,2026-09-13,True,软科官方公开 API；rankDisplay 保留榜单显示名次，referenceRank 使用官方 rankOverall/主榜参考位次；分类榜名次不冒充全国主榜名次。,2026软科高职理工 224 · 总榜参考 484
RANK_SR_BCVCR_2026_4142014197,4142014197,湖北工程职业学院,shanghairanking-bcvcr,ShanghaiRanking,软科中国高职院校排名,2026,224,224,,,224.0,484,484,,,理工,China-mainland,https://www.shanghairanking.cn/rankings/bcvcr/2026623,,2026-09-13,True,软科官方公开 API；rankDisplay 保留榜单显示名次，referenceRank 使用官方 rankOverall/主榜参考位次；分类榜名次不冒充全国主榜名次。,2026软科高职理工 224 · 总榜参考 484
RANK_SR_BCVCR_2026_4152014580,4152014580,贵州电子科技职业学院,shanghairanking-bcvcr,ShanghaiRanking,软科中国高职院校排名,2026,224,224,,,224.0,484,484,,,理工,China-mainland,https://www.shanghairanking.cn/rankings/bcvcr/2026623,,2026-09-13,True,软科官方公开 API；rankDisplay 保留榜单显示名次，referenceRank 使用官方 rankOverall/主榜参考位次；分类榜名次不冒充全国主榜名次。,2026软科高职理工 224 · 总榜参考 484
RANK_SR_BCVCR_2026_4152012822,4152012822,黔东南民族职业技术学院,shanghairanking-bcvcr,ShanghaiRanking,软科中国高职院校排名,2026,106,106,,,106.0,484,484,,,综合,China-mainland,https://www.shanghairanking.cn/rankings/bcvcr/2026623,,2026-09-13,True,软科官方公开 API；rankDisplay 保留榜单显示名次，referenceRank 使用官方 rankOverall/主榜参考位次；分类榜名次不冒充全国主榜名次。,2026软科高职综合 106 · 总榜参考 484
RANK_SR_BCVCR_2026_4114012891,4114012891,山西林业职业技术学院,shanghairanking-bcvcr,ShanghaiRanking,软科中国高职院校排名,2026,31,31,,,31.0,485,485,,,农林,China-mainland,https://www.shanghairanking.cn/rankings/bcvcr/2026623,,2026-09-13,True,软科官方公开 API；rankDisplay 保留榜单显示名次，referenceRank 使用官方 rankOverall/主榜参考位次；分类榜名次不冒充全国主榜名次。,2026软科高职农林 31 · 总榜参考 485
RANK_SR_BCVCR_2026_4135013970,4135013970,福建艺术职业学院,shanghairanking-bcvcr,ShanghaiRanking,软科中国高职院校排名,2026,16,16,,,16.0,485,485,,,文艺,China-mainland,https://www.shanghairanking.cn/rankings/bcvcr/2026623,,2026-09-13,True,软科官方公开 API；rankDisplay 保留榜单显示名次，referenceRank 使用官方 rankOverall/主榜参考位次；分类榜名次不冒充全国主榜名次。,2026软科高职文艺 16 · 总榜参考 485
RANK_SR_BCVCR_2026_4144012958,4144012958,清远职业技术学院,shanghairanking-bcvcr,ShanghaiRanking,软科中国高职院校排名,2026,107,107,,,107.0,487,487,,,综合,China-mainland,https://www.shanghairanking.cn/rankings/bcvcr/2026623,,2026-09-13,True,软科官方公开 API；rankDisplay 保留榜单显示名次，referenceRank 使用官方 rankOverall/主榜参考位次；分类榜名次不冒充全国主榜名次。,2026软科高职综合 107 · 总榜参考 487
RANK_SR_BCVCR_2026_4135012628,4135012628,福建电力职业技术学院,shanghairanking-bcvcr,ShanghaiRanking,软科中国高职院校排名,2026,227,227,,,227.0,487,487,,,理工,China-mainland,https://www.shanghairanking.cn/rankings/bcvcr/2026623,,2026-09-13,True,软科官方公开 API；rankDisplay 保留榜单显示名次，referenceRank 使用官方 rankOverall/主榜参考位次；分类榜名次不冒充全国主榜名次。,2026软科高职理工 227 · 总榜参考 487
RANK_SR_BCVCR_2026_4134014297,4134014297,滁州城市职业学院,shanghairanking-bcvcr,ShanghaiRanking,软科中国高职院校排名,2026,108,108,,,108.0,488,488,,,综合,China-mainland,https://www.shanghairanking.cn/rankings/bcvcr/2026623,,2026-09-13,True,软科官方公开 API；rankDisplay 保留榜单显示名次，referenceRank 使用官方 rankOverall/主榜参考位次；分类榜名次不冒充全国主榜名次。,2026软科高职综合 108 · 总榜参考 488
RANK_SR_BCVCR_2026_4111014395,4111014395,北京卫生职业学院,shanghairanking-bcvcr,ShanghaiRanking,软科中国高职院校排名,2026,44,44,,,44.0,489,489,,,医药,China-mainland,https://www.shanghairanking.cn/rankings/bcvcr/2026623,,2026-09-13,True,软科官方公开 API；rankDisplay 保留榜单显示名次，referenceRank 使用官方 rankOverall/主榜参考位次；分类榜名次不冒充全国主榜名次。,2026软科高职医药 44 · 总榜参考 489
RANK_SR_BCVCR_2026_4152014470,4152014470,铜仁幼儿师范高等专科学校,shanghairanking-bcvcr,ShanghaiRanking,软科中国高职院校排名,2026,27,27,,,27.0,489,489,,,师范,China-mainland,https://www.shanghairanking.cn/rankings/bcvcr/2026623,,2026-09-13,True,软科官方公开 API；rankDisplay 保留榜单显示名次，referenceRank 使用官方 rankOverall/主榜参考位次；分类榜名次不冒充全国主榜名次。,2026软科高职师范 27 · 总榜参考 489
RANK_SR_BCVCR_2026_4112013702,4112013702,天津城市职业学院,shanghairanking-bcvcr,ShanghaiRanking,软科中国高职院校排名,2026,109,109,,,109.0,490,490,,,综合,China-mainland,https://www.shanghairanking.cn/rankings/bcvcr/2026623,,2026-09-13,True,软科官方公开 API；rankDisplay 保留榜单显示名次，referenceRank 使用官方 rankOverall/主榜参考位次；分类榜名次不冒充全国主榜名次。,2026软科高职综合 109 · 总榜参考 490
RANK_SR_BCVCR_2026_4164013151,4164013151,宁夏建设职业技术学院,shanghairanking-bcvcr,ShanghaiRanking,软科中国高职院校排名,2026,228,228,,,228.0,491,491,,,理工,China-mainland,https://www.shanghairanking.cn/rankings/bcvcr/2026623,,2026-09-13,True,软科官方公开 API；rankDisplay 保留榜单显示名次，referenceRank 使用官方 rankOverall/主榜参考位次；分类榜名次不冒充全国主榜名次。,2026软科高职理工 228 · 总榜参考 491
RANK_SR_BCVCR_2026_4141014306,4141014306,开封文化艺术职业学院,shanghairanking-bcvcr,ShanghaiRanking,软科中国高职院校排名,2026,17,17,,,17.0,493,493,,,文艺,China-mainland,https://www.shanghairanking.cn/rankings/bcvcr/2026623,,2026-09-13,True,软科官方公开 API；rankDisplay 保留榜单显示名次，referenceRank 使用官方 rankOverall/主榜参考位次；分类榜名次不冒充全国主榜名次。,2026软科高职文艺 17 · 总榜参考 493
RANK_SR_BCVCR_2026_4135013969,4135013969,福建生物工程职业技术学院,shanghairanking-bcvcr,ShanghaiRanking,软科中国高职院校排名,2026,45,45,,,45.0,493,493,,,医药,China-mainland,https://www.shanghairanking.cn/rankings/bcvcr/2026623,,2026-09-13,True,软科官方公开 API；rankDisplay 保留榜单显示名次，referenceRank 使用官方 rankOverall/主榜参考位次；分类榜名次不冒充全国主榜名次。,2026软科高职医药 45 · 总榜参考 493
RANK_SR_BCVCR_2026_4113012887,4113012887,河北旅游职业学院,shanghairanking-bcvcr,ShanghaiRanking,软科中国高职院校排名,2026,110,110,,,110.0,494,494,,,综合,China-mainland,https://www.shanghairanking.cn/rankings/bcvcr/2026623,,2026-09-13,True,软科官方公开 API；rankDisplay 保留榜单显示名次，referenceRank 使用官方 rankOverall/主榜参考位次；分类榜名次不冒充全国主榜名次。,2026软科高职综合 110 · 总榜参考 494
RANK_SR_BCVCR_2026_4143013923,4143013923,湖南理工职业技术学院,shanghairanking-bcvcr,ShanghaiRanking,软科中国高职院校排名,2026,229,229,,,229.0,494,494,,,理工,China-mainland,https://www.shanghairanking.cn/rankings/bcvcr/2026623,,2026-09-13,True,软科官方公开 API；rankDisplay 保留榜单显示名次，referenceRank 使用官方 rankOverall/主榜参考位次；分类榜名次不冒充全国主榜名次。,2026软科高职理工 229 · 总榜参考 494
RANK_SR_BCVCR_2026_4121010180,4121010180,锦州师范高等专科学校,shanghairanking-bcvcr,ShanghaiRanking,软科中国高职院校排名,2026,28,28,,,28.0,495,495,,,师范,China-mainland,https://www.shanghairanking.cn/rankings/bcvcr/2026623,,2026-09-13,True,软科官方公开 API；rankDisplay 保留榜单显示名次，referenceRank 使用官方 rankOverall/主榜参考位次；分类榜名次不冒充全国主榜名次。,2026软科高职师范 28 · 总榜参考 495
RANK_SR_BCVCR_2026_4134012217,4134012217,铜陵职业技术学院,shanghairanking-bcvcr,ShanghaiRanking,软科中国高职院校排名,2026,111,111,,,111.0,496,496,,,综合,China-mainland,https://www.shanghairanking.cn/rankings/bcvcr/2026623,,2026-09-13,True,软科官方公开 API；rankDisplay 保留榜单显示名次，referenceRank 使用官方 rankOverall/主榜参考位次；分类榜名次不冒充全国主榜名次。,2026软科高职综合 111 · 总榜参考 496
RANK_SR_BCVCR_2026_4165013093,4165013093,阿克苏职业技术学院,shanghairanking-bcvcr,ShanghaiRanking,软科中国高职院校排名,2026,111,111,,,111.0,496,496,,,综合,China-mainland,https://www.shanghairanking.cn/rankings/bcvcr/2026623,,2026-09-13,True,软科官方公开 API；rankDisplay 保留榜单显示名次，referenceRank 使用官方 rankOverall/主榜参考位次；分类榜名次不冒充全国主榜名次。,2026软科高职综合 111 · 总榜参考 496
RANK_SR_BCVCR_2026_4143013807,4143013807,湖南财经工业职业技术学院,shanghairanking-bcvcr,ShanghaiRanking,软科中国高职院校排名,2026,55,55,,,55.0,497,497,,,财经,China-mainland,https://www.shanghairanking.cn/rankings/bcvcr/2026623,,2026-09-13,True,软科官方公开 API；rankDisplay 保留榜单显示名次，referenceRank 使用官方 rankOverall/主榜参考位次；分类榜名次不冒充全国主榜名次。,2026软科高职财经 55 · 总榜参考 497
RANK_SR_BCVCR_2026_4136010888,4136010888,江西医学高等专科学校,shanghairanking-bcvcr,ShanghaiRanking,软科中国高职院校排名,2026,46,46,,,46.0,498,498,,,医药,China-mainland,https://www.shanghairanking.cn/rankings/bcvcr/2026623,,2026-09-13,True,软科官方公开 API；rankDisplay 保留榜单显示名次，referenceRank 使用官方 rankOverall/主榜参考位次；分类榜名次不冒充全国主榜名次。,2026软科高职医药 46 · 总榜参考 498
RANK_SR_BCVCR_2026_4162013955,4162013955,甘肃畜牧工程职业技术学院,shanghairanking-bcvcr,ShanghaiRanking,软科中国高职院校排名,2026,32,32,,,32.0,498,498,,,农林,China-mainland,https://www.shanghairanking.cn/rankings/bcvcr/2026623,,2026-09-13,True,软科官方公开 API；rankDisplay 保留榜单显示名次，referenceRank 使用官方 rankOverall/主榜参考位次；分类榜名次不冒充全国主榜名次。,2026软科高职农林 32 · 总榜参考 498
RANK_SR_BCVCR_2026_4135013770,4135013770,泉州经贸职业技术学院,shanghairanking-bcvcr,ShanghaiRanking,软科中国高职院校排名,2026,56,56,,,56.0,499,499,,,财经,China-mainland,https://www.shanghairanking.cn/rankings/bcvcr/2026623,,2026-09-13,True,软科官方公开 API；rankDisplay 保留榜单显示名次，referenceRank 使用官方 rankOverall/主榜参考位次；分类榜名次不冒充全国主榜名次。,2026软科高职财经 56 · 总榜参考 499
RANK_SR_BCVCR_2026_4121014473,4121014473,辽宁轻工职业学院,shanghairanking-bcvcr,ShanghaiRanking,软科中国高职院校排名,2026,230,230,,,230.0,500,500,,,理工,China-mainland,https://www.shanghairanking.cn/rankings/bcvcr/2026623,,2026-09-13,True,软科官方公开 API；rankDisplay 保留榜单显示名次，referenceRank 使用官方 rankOverall/主榜参考位次；分类榜名次不冒充全国主榜名次。,2026软科高职理工 230 · 总榜参考 500
RANK_SR_BCUR_2026_SUSTECH,4144014325,南方科技大学,shanghairanking-bcur,ShanghaiRanking,软科中国大学排名（主榜）,2026,30,30,,,30.0,,30.0,,466.9,综合,China-mainland,https://www.shanghairanking.cn/rankings/bcur/2026,2026-04-15,2026-09-09,True,,2026软科 30
RANK_SR_BCUR_2026_CUHKSZ,4144016407,香港中文大学（深圳）,shanghairanking-bcur,ShanghaiRanking,软科中国合作办学大学排名,2026,1,合作办学1,,,1.0,39,39,,167.2,合作办学,China-mainland,https://www.shanghairanking.cn/rankings/bcur/202614,2026-04-15,2026-09-09,True,城市/全国跨类型比较使用referenceRank=39，不把合作办学第1名冒充全国第1名。,2026软科合作办学 合作办学1 · 主榜参考 39
RANK_SR_BCUR_2026_TSINGHUA,4111010003,清华大学,shanghairanking-bcur,ShanghaiRanking,软科中国大学排名（主榜）,2026,1,1,,,1.0,,1.0,,1087.1,综合,China-mainland,https://www.shanghairanking.cn/rankings/bcur/202610,2026-04-15,2026-09-09,True,,2026软科 1
RANK_SR_BCUR_2026_PKU,4111010001,北京大学,shanghairanking-bcur,ShanghaiRanking,软科中国大学排名（主榜）,2026,2,2,,,2.0,,2.0,,1036.3,综合,China-mainland,https://www.shanghairanking.cn/rankings/bcur/202610,2026-04-15,2026-09-09,True,,2026软科 2
RANK_SR_BCUR_2026_ZJU,4133010335,浙江大学,shanghairanking-bcur,ShanghaiRanking,软科中国大学排名（主榜）,2026,3,3,,,3.0,,3.0,,895.6,综合,China-mainland,https://www.shanghairanking.cn/rankings/bcur/202610,2026-04-15,2026-09-09,True,,2026软科 3
RANK_SR_BCUR_2026_SJTU,4131010248,上海交通大学,shanghairanking-bcur,ShanghaiRanking,软科中国大学排名（主榜）,2026,4,4,,,4.0,,4.0,,894.2,综合,China-mainland,https://www.shanghairanking.cn/rankings/bcur/202610,2026-04-15,2026-09-09,True,,2026软科 4
RANK_SR_BCUR_2026_FUDAN,4131010246,复旦大学,shanghairanking-bcur,ShanghaiRanking,软科中国大学排名（主榜）,2026,5,5,,,5.0,,5.0,,792.4,综合,China-mainland,https://www.shanghairanking.cn/rankings/bcur/202610,2026-04-15,2026-09-09,True,,2026软科 5
RANK_SR_BCUR_2026_NJU,4132010284,南京大学,shanghairanking-bcur,ShanghaiRanking,软科中国大学排名（主榜）,2026,6,6,,,6.0,,6.0,,708.5,综合,China-mainland,https://www.shanghairanking.cn/rankings/bcur/202610,2026-04-15,2026-09-09,True,,2026软科 6
RANK_QS_WUR_2027_PKU,4111010001,北京大学,qs-wur,QS,QS World University Rankings,2027,13,13,,,13.0,,13.0,,92.6,,world,https://www.topuniversities.com/world-university-rankings,2026-06-18,2026-09-09,True,,QS 2027 13
RANK_QS_WUR_2027_TSINGHUA,4111010003,清华大学,qs-wur,QS,QS World University Rankings,2027,14,14,,,14.0,,14.0,,92.1,,world,https://www.topuniversities.com/world-university-rankings,2026-06-18,2026-09-09,True,,QS 2027 14
RANK_QS_WUR_2027_FUDAN,4131010246,复旦大学,qs-wur,QS,QS World University Rankings,2027,26,26,,,26.0,,26.0,,89.0,,world,https://www.topuniversities.com/world-university-rankings,2026-06-18,2026-09-09,True,,QS 2027 26
RANK_QS_WUR_2027_SJTU,4131010248,上海交通大学,qs-wur,QS,QS World University Rankings,2027,36,36,,,36.0,,36.0,,85.8,,world,https://www.topuniversities.com/world-university-rankings,2026-06-18,2026-09-09,True,,QS 2027 36
RANK_QS_WUR_2027_ZJU,4133010335,浙江大学,qs-wur,QS,QS World University Rankings,2027,47,47,,,47.0,,47.0,,83.5,,world,https://www.topuniversities.com/world-university-rankings,2026-06-18,2026-09-09,True,,QS 2027 47
RANK_QS_WUR_2027_NJU,4132010284,南京大学,qs-wur,QS,QS World University Rankings,2027,90,=90,,,90.0,,90.0,,70.4,,world,https://www.topuniversities.com/world-university-rankings,2026-06-18,2026-09-09,True,,QS 2027 =90
RANK_QS_WUR_2027_USTC,4134010358,中国科学技术大学,qs-wur,QS,QS World University Rankings,2027,134,=134,,,134.0,,134.0,,63.9,,world,https://www.topuniversities.com/world-university-rankings,2026-06-18,2026-09-09,True,,QS 2027 =134
RANK_QS_WUR_2027_HIT,4123010213,哈尔滨工业大学,qs-wur,QS,QS World University Rankings,2027,190,190,,,190.0,,190.0,,56.8,,world,https://www.topuniversities.com/world-university-rankings,2026-06-18,2026-09-09,True,,QS 2027 190
RANK_THE_WUR_2026_TSINGHUA,4111010003,清华大学,the-wur,Times Higher Education,World University Rankings,2026,12,12,,,12.0,,12.0,,93.0,,world,https://www.timeshighereducation.com/student/best-universities/best-universities-china,,2026-09-09,True,,THE 2026 12
RANK_THE_WUR_2026_PKU,4111010001,北京大学,the-wur,Times Higher Education,World University Rankings,2026,13,13,,,13.0,,13.0,,92.3,,world,https://www.timeshighereducation.com/student/best-universities/best-universities-china,,2026-09-09,True,,THE 2026 13
RANK_THE_WUR_2026_FUDAN,4131010246,复旦大学,the-wur,Times Higher Education,World University Rankings,2026,36,36,,,36.0,,36.0,,79.3,,world,https://www.timeshighereducation.com/student/best-universities/best-universities-china,,2026-09-09,True,,THE 2026 36
RANK_THE_WUR_2026_ZJU,4133010335,浙江大学,the-wur,Times Higher Education,World University Rankings,2026,39,39,,,39.0,,39.0,,78.3,,world,https://www.timeshighereducation.com/student/best-universities/best-universities-china,,2026-09-09,True,,THE 2026 39
RANK_THE_WUR_2026_SJTU,4131010248,上海交通大学,the-wur,Times Higher Education,World University Rankings,2026,40,40,,,40.0,,40.0,,77.6,,world,https://www.timeshighereducation.com/student/best-universities/best-universities-china,,2026-09-09,True,,THE 2026 40
RANK_THE_WUR_2026_USTC,4134010358,中国科学技术大学,the-wur,Times Higher Education,World University Rankings,2026,51,51,,,51.0,,51.0,,75.7,,world,https://www.timeshighereducation.com/student/best-universities/best-universities-china,,2026-09-09,True,,THE 2026 51
RANK_THE_WUR_2026_NJU,4132010284,南京大学,the-wur,Times Higher Education,World University Rankings,2026,62,=62,,,62.0,,62.0,,73.7,,world,https://www.timeshighereducation.com/student/best-universities/best-universities-china,,2026-09-09,True,,THE 2026 =62
RANK_ARWU_2026_TSINGHUA,4111010003,清华大学,arwu,ShanghaiRanking,Academic Ranking of World Universities,2026,18,18,,,18.0,,18.0,1,48.3,,world,https://www.shanghairanking.com/rankings/arwu/2026,,2026-09-09,True,,ARWU 2026 18
RANK_ARWU_2026_PKU,4111010001,北京大学,arwu,ShanghaiRanking,Academic Ranking of World Universities,2026,22,22,,,22.0,,22.0,2,45.6,,world,https://www.shanghairanking.com/rankings/arwu/2026,,2026-09-09,True,,ARWU 2026 22
RANK_ARWU_2026_ZJU,4133010335,浙江大学,arwu,ShanghaiRanking,Academic Ranking of World Universities,2026,24,24,,,24.0,,24.0,3,45.2,,world,https://www.shanghairanking.com/rankings/arwu/2026,,2026-09-09,True,,ARWU 2026 24
RANK_ARWU_2026_SJTU,4131010248,上海交通大学,arwu,ShanghaiRanking,Academic Ranking of World Universities,2026,27,27,,,27.0,,27.0,4,41.8,,world,https://www.shanghairanking.com/rankings/arwu/2026,,2026-09-09,True,,ARWU 2026 27
