高校代码,学校名称,省级地区,主体城市,办学层次,历史招生批次摘要,民办,985,211,双一流,当前状态,参与当前榜单,地图排序参考,软科最新,软科主榜参考,QS最新,THE最新,ARWU最新,校区记录数,县区证据数,可落最低法定边界,录取事实数,最新录取年份,财务事实数,最新财务年份,学校官网
4111010001,北京大学,北京市,北京市,本科,,否,是,是,是,现役候选,是,2026软科 2,2026 2,,2027 13,2026 13,2026 22,4,0,是,0,,0,,https://www.pku.edu.cn/
4111010002,中国人民大学,北京市,北京市,本科,,否,是,是,是,现役候选,是,2026软科主榜 17,2026软科主榜 17,,,,,5,0,是,0,,0,,https://www.ruc.edu.cn
4111010003,清华大学,北京市,北京市,本科,,否,是,是,是,现役候选,是,2026软科 1,2026 1,,2027 14,2026 12,2026 18,2,0,是,0,,0,,https://www.tsinghua.edu.cn
4111010004,北京交通大学,北京市,北京市,本科,,否,否,是,是,现役候选,是,2026软科主榜 41,2026软科主榜 41,,,,,3,0,是,0,,0,,https://www.bjtu.edu.cn/
4111010005,北京工业大学,北京市,北京市,本科,,否,否,是,是,现役候选,是,2026软科主榜 65,2026软科主榜 65,,,,,8,0,是,0,,0,,https://www.bjut.edu.cn/
4111010006,北京航空航天大学,北京市,北京市,本科,,否,是,是,是,现役候选,是,2026软科主榜 11,2026软科主榜 11,,,,,2,0,是,0,,0,,https://www.buaa.edu.cn/
4111010007,北京理工大学,北京市,北京市,本科,,否,是,是,是,现役候选,是,2026软科主榜 14,2026软科主榜 14,,,,,6,1,是,0,,0,,https://www.bit.edu.cn/
4111010008,北京科技大学,北京市,北京市,本科,,否,否,是,是,现役候选,是,2026软科主榜 35,2026软科主榜 35,,,,,2,0,是,0,,0,,https://www.ustb.edu.cn/
4111010009,北方工业大学,北京市,北京市,本科,,否,否,否,否,现役候选,是,2026软科主榜 239,2026软科主榜 239,,,,,1,0,是,0,,0,,https://www.ncut.edu.cn/
4111010010,北京化工大学,北京市,北京市,本科,,否,否,是,是,现役候选,是,2026软科主榜 57,2026软科主榜 57,,,,,3,0,是,0,,0,,https://www.buct.edu.cn/
4111010011,北京工商大学,北京市,北京市,本科,,否,否,否,否,现役候选,是,2026软科分类标签 财11,2026软科分类标签 财11,,,,,3,0,是,0,,0,,https://www.btbu.edu.cn/
4111010012,北京服装学院,北京市,北京市,本科,,否,否,否,否,现役候选,是,,,,,,,3,0,是,0,,0,,https://www.bift.edu.cn/
4111010013,北京邮电大学,北京市,北京市,本科,,否,否,是,是,现役候选,是,2026软科主榜 50,2026软科主榜 50,,,,,4,0,是,0,,0,,https://www.bupt.edu.cn
4111010015,北京印刷学院,北京市,北京市,本科,,否,否,否,否,现役候选,是,2026软科主榜 281,2026软科主榜 281,,,,,1,0,是,0,,0,,https://www.bigc.edu.cn/
4111010016,北京建筑大学,北京市,北京市,本科,,否,否,否,否,现役候选,是,2026软科主榜 178,2026软科主榜 178,,,,,3,0,是,0,,0,,https://www.bucea.edu.cn/
4111010017,北京石油化工学院,北京市,北京市,本科,,否,否,否,否,现役候选,是,2026软科主榜 300,2026软科主榜 300,,,,,6,0,是,0,,0,,https://www.bipt.edu.cn/
4111010018,北京电子科技学院,北京市,北京市,本科,,否,否,否,否,现役候选,是,2026软科主榜 233,2026软科主榜 233,,,,,1,0,是,0,,0,,https://www.besti.edu.cn/
4111010019,中国农业大学,北京市,北京市,本科,,否,是,是,是,现役候选,是,2026软科主榜 24,2026软科主榜 24,,,,,3,0,是,0,,0,,https://www.cau.edu.cn/
4111010020,北京农学院,北京市,北京市,本科,,否,否,否,否,现役候选,是,2026软科主榜 281,2026软科主榜 281,,,,,2,0,是,0,,0,,https://www.bua.edu.cn/
4111010022,北京林业大学,北京市,北京市,本科,,否,否,是,是,现役候选,是,2026软科主榜 83,2026软科主榜 83,,,,,1,0,是,0,,0,,https://www.bjfu.edu.cn/
4111010023,北京协和医学院,北京市,北京市,本科,,否,否,否,是,现役候选,是,2026软科分类标签 医1,2026软科分类标签 医1,,,,,1,0,是,0,,0,,https://www.pumc.edu.cn
4111010025,首都医科大学,北京市,北京市,本科,,否,否,否,否,现役候选,是,2026软科分类标签 医2,2026软科分类标签 医2,,,,,3,0,是,0,,0,,https://www.ccmu.edu.cn/
4111010026,北京中医药大学,北京市,北京市,本科,,否,否,是,是,现役候选,是,2026软科分类标签 中医1,2026软科分类标签 中医1,,,,,4,0,是,0,,0,,https://www.bucm.edu.cn/
4111010027,北京师范大学,北京市,北京市,本科,,否,是,是,是,现役候选,是,2026软科主榜 19,2026软科主榜 19,,,,,3,0,是,0,,0,,https://www.bnu.edu.cn
4111010028,首都师范大学,北京市,北京市,本科,,否,否,否,是,现役候选,是,2026软科主榜 100,2026软科主榜 100,,,,,10,0,是,0,,0,,https://www.cnu.edu.cn/
4111010029,首都体育学院,北京市,北京市,本科,,否,否,否,否,现役候选,是,2026软科分类标签 体3,2026软科分类标签 体3,,,,,1,0,是,0,,0,,https://www.cupes.edu.cn/
4111010030,北京外国语大学,北京市,北京市,本科,,否,否,是,是,现役候选,是,2026软科分类标签 语1,2026软科分类标签 语1,,,,,3,0,是,0,,0,,https://www.bfsu.edu.cn/
4111010031,北京第二外国语学院,北京市,北京市,本科,,否,否,否,否,现役候选,是,2026软科分类标签 语7,2026软科分类标签 语7,,,,,2,0,是,0,,0,,https://www.bisu.edu.cn
4111010032,北京语言大学,北京市,北京市,本科,,否,否,否,否,现役候选,是,2026软科分类标签 语5,2026软科分类标签 语5,,,,,1,0,是,0,,0,,https://www.blcu.edu.cn/
4111010033,中国传媒大学,北京市,北京市,本科,,否,否,是,是,现役候选,是,2026软科分类标签 语3,2026软科分类标签 语3,,,,,2,0,是,0,,0,,https://www.cuc.edu.cn/
4111010034,中央财经大学,北京市,北京市,本科,,否,否,是,是,现役候选,是,2026软科分类标签 财2,2026软科分类标签 财2,,,,,3,0,是,0,,0,,https://www.cufe.edu.cn/
4111010036,对外经济贸易大学,北京市,北京市,本科,,否,否,是,是,现役候选,是,2026软科分类标签 财3,2026软科分类标签 财3,,,,,1,0,是,0,,0,,https://www.uibe.edu.cn/
4111010037,北京物资学院,北京市,北京市,本科,,否,否,否,否,现役候选,是,2026软科分类标签 财22,2026软科分类标签 财22,,,,,1,0,是,0,,0,,https://www.bwu.edu.cn/
4111010038,首都经济贸易大学,北京市,北京市,本科,,否,否,否,否,现役候选,是,2026软科分类标签 财9,2026软科分类标签 财9,,,,,4,0,是,0,,0,,https://www.cueb.edu.cn/
4111010039,中国消防救援学院,北京市,北京市,本科,,否,否,否,否,现役候选,是,,,,,,,1,0,是,0,,0,,https://www.cfri.edu.cn
4111010040,外交学院,北京市,北京市,本科,,否,否,否,是,现役候选,是,2026软科分类标签 语4,2026软科分类标签 语4,,,,,2,0,是,0,,0,,https://www.cfau.edu.cn/
4111010041,中国人民公安大学,北京市,北京市,本科,,否,否,否,是,现役候选,是,2026软科分类标签 政4,2026软科分类标签 政4,,,,,3,0,是,0,,0,,https://www.ppsuc.edu.cn/
4111010042,国际关系学院,北京市,北京市,本科,,否,否,否,否,现役候选,是,2026软科主榜 185,2026软科主榜 185,,,,,2,0,是,0,,0,,https://www.uir.cn
4111010043,北京体育大学,北京市,北京市,本科,,否,否,是,是,现役候选,是,2026软科分类标签 体2,2026软科分类标签 体2,,,,,1,0,是,0,,0,,https://www.bsu.edu.cn/
4111010045,中央音乐学院,北京市,北京市,本科,,否,否,是,是,现役候选,是,,,,,,,1,0,是,0,,0,,https://www.ccom.edu.cn/
4111010046,中国音乐学院,北京市,北京市,本科,,否,否,否,是,现役候选,是,,,,,,,1,0,是,0,,0,,https://www.ccmusic.edu.cn/
4111010047,中央美术学院,北京市,北京市,本科,,否,否,否,是,现役候选,是,,,,,,,5,0,是,0,,0,,https://www.cafa.edu.cn
4111010048,中央戏剧学院,北京市,北京市,本科,,否,否,否,是,现役候选,是,,,,,,,2,0,是,0,,0,,https://www.chntheatre.edu.cn
4111010049,中国戏曲学院,北京市,北京市,本科,,否,否,否,否,现役候选,是,,,,,,,2,0,是,0,,0,,https://www.nacta.edu.cn/
4111010050,北京电影学院,北京市,北京市,本科,,否,否,否,否,现役候选,是,,,,,,,2,0,是,0,,0,,https://www.bfa.edu.cn
4111010051,北京舞蹈学院,北京市,北京市,本科,,否,否,否,否,现役候选,是,,,,,,,1,0,是,0,,0,,https://www.bda.edu.cn
4111010052,中央民族大学,北京市,北京市,本科,,否,是,是,是,现役候选,是,2026软科分类标签 民1,2026软科分类标签 民1,,,,,2,0,是,0,,0,,https://www.muc.edu.cn/
4111010053,中国政法大学,北京市,北京市,本科,,否,否,是,是,现役候选,是,2026软科分类标签 政1,2026软科分类标签 政1,,,,,2,0,是,0,,0,,https://www.cupl.edu.cn/
4111010054,华北电力大学,北京市,北京市,本科,,否,否,是,是,现役候选,是,2026软科主榜 84,2026软科主榜 84,,,,,3,0,是,0,,0,,
4111011149,中华女子学院,北京市,北京市,本科,,否,否,否,否,现役候选,是,2026软科分类标签 语14,2026软科分类标签 语14,,,,,2,0,是,0,,0,,https://www.cwu.edu.cn/
4111011232,北京信息科技大学,北京市,北京市,本科,,否,否,否,否,现役候选,是,2026软科主榜 182,2026软科主榜 182,,,,,6,0,是,0,,0,,https://www.bistu.edu.cn/
4111011413,中国矿业大学（北京）,北京市,北京市,本科,,否,否,是,是,现役候选,是,2026软科主榜 76,2026软科主榜 76,,,,,2,0,是,0,,0,,https://www.cumtb.edu.cn/
4111011414,中国石油大学（北京）,北京市,北京市,本科,,否,否,是,是,现役候选,是,2026软科主榜 62,2026软科主榜 62,,,,,3,0,是,0,,0,,https://www.cup.edu.cn/
4111011415,中国地质大学（北京）,北京市,北京市,本科,,否,否,是,是,现役候选,是,2026软科主榜 75,2026软科主榜 75,,,,,1,0,是,0,,0,,https://www.cugb.edu.cn/
4111011417,北京联合大学,北京市,北京市,本科,,否,否,否,否,现役候选,是,2026软科主榜 306,2026软科主榜 306,,,,,1,0,是,0,,0,,https://www.buu.edu.cn/
4111011418,北京城市学院,北京市,北京市,本科,,是,否,否,否,现役候选,是,2026软科主榜 13,2026软科主榜 13,,,,,4,0,是,0,,0,,https://www.bcu.edu.cn/
4111011625,中国青年政治学院,北京市,北京市,本科,,否,否,否,否,现役候选,是,,,,,,,1,0,是,0,,0,,
4111011831,首钢工学院,北京市,北京市,本科,,否,否,否,否,现役候选,是,,,,,,,1,0,是,0,,0,,https://www.sgit.edu.cn/
4111012453,中国劳动关系学院,北京市,北京市,本科,,否,否,否,否,现役候选,是,2026软科分类标签 政11,2026软科分类标签 政11,,,,,3,0,是,0,,0,,https://www.culr.edu.cn/
4111013629,首都师范大学科德学院,北京市,北京市,本科,,是,否,否,否,现役候选,是,,,,,,,1,0,是,0,,0,,https://www.kdcnu.com
4111013630,北京金融科技学院,北京市,北京市,本科,,是,否,否,否,现役候选,是,2026软科分类标签 财27+,2026软科分类标签 财27+,,,,,1,0,是,0,,0,,https://www.bjbuft.edu.cn/
4111013901,北京邮电大学世纪学院,北京市,北京市,本科,,是,否,否,否,现役候选,是,,,,,,,1,0,是,0,,0,,http://www.ccbupt.cn/
4111013904,北京工业大学耿丹学院,北京市,北京市,本科,,是,否,否,否,现役候选,是,,,,,,,2,0,是,0,,0,,http://www.gengdan.cn/
4111014019,北京警察学院,北京市,北京市,本科,,否,否,否,否,现役候选,是,2026软科分类标签 政18,2026软科分类标签 政18,,,,,1,0,是,0,,0,,https://www.bjpc.edu.cn/
4111014201,北京第二外国语学院中瑞酒店管理学院,北京市,北京市,本科,,是,否,否,否,现役候选,是,,,,,,,1,0,是,0,,0,,https://www.bhi.edu.cn/
4111014430,中国科学院大学,北京市,北京市,本科,,否,否,否,是,现役候选,是,,,,,,,6,0,是,0,,0,,https://www.ucas.edu.cn/
4111014596,中国社会科学院大学,北京市,北京市,本科,,否,否,否,否,现役候选,是,,,,,,,2,0,是,0,,0,,https://www.ucass.edu.cn/
4111014139,民政职业大学,北京市,北京市,本科,,否,否,否,否,现役候选,是,,,,,,,2,0,是,0,,0,,https://www.bcsa.edu.cn/
4111010858,北京科技职业大学,北京市,北京市,本科,,否,否,否,否,现役候选,是,,,,,,,1,0,是,0,,0,,https://www.bpu.edu.cn/
4111010853,北京工业职业技术学院,北京市,北京市,专科,,否,否,否,否,现役候选,是,,,,,,,1,0,是,0,,0,,https://www.bgy.edu.cn/
4111010857,北京信息职业技术学院,北京市,北京市,专科,,否,否,否,否,现役候选,是,,,,,,,3,0,是,0,,0,,https://www.bitc.edu.cn
4111011090,北京京北职业技术学院,北京市,北京市,专科,,否,否,否,否,现役候选,是,,,,,,,1,0,是,0,,0,,https://www.jbzy.com.cn/
4111011092,北京交通职业技术学院,北京市,北京市,专科,,否,否,否,否,现役候选,是,,,,,,,1,0,是,0,,0,,https://www.jtxy.com.cn/
4111011626,北京青年政治学院,北京市,北京市,专科,,否,否,否,否,现役候选,是,,,,,,,2,0,是,0,,0,,https://www.bjypc.edu.cn/
4111012448,北京农业职业学院,北京市,北京市,专科,,否,否,否,否,现役候选,是,,,,,,,4,0,是,0,,0,,https://www.bvca.edu.cn/
4111012451,北京政法职业学院,北京市,北京市,专科,,否,否,否,否,现役候选,是,,,,,,,3,0,是,0,,0,,https://www.bcpl.edu.cn/
4111012561,北京财贸职业学院,北京市,北京市,专科,,否,否,否,否,现役候选,是,,,,,,,5,0,是,0,,0,,https://www.bjczy.edu.cn
4111012564,北京北大方正软件职业技术学院,北京市,北京市,专科,,是,否,否,否,现役候选,是,,,,,,,1,0,是,0,,0,,https://www.pfc.edu.cn/
4111012565,北京经贸职业学院,北京市,北京市,专科,,是,否,否,否,现役候选,是,,,,,,,2,0,是,0,,0,,https://www.csuedu.com/
4111012566,北京经济技术职业学院,北京市,北京市,专科,,是,否,否,否,现役候选,是,,,,,,,1,0,是,0,,0,,http://www.bibtedu.cn/
4111012567,北京戏曲艺术职业学院,北京市,北京市,专科,,否,否,否,否,现役候选,是,,,,,,,1,0,是,0,,0,,https://www.bjxx.com.cn/
4111012568,北京汇佳职业学院,北京市,北京市,专科,,是,否,否,否,现役候选,是,,,,,,,2,0,是,0,,0,,https://www.hju.net.cn/
4111012733,北京科技经营管理学院,北京市,北京市,专科,,是,否,否,否,现役候选,是,,,,,,,1,0,是,0,,0,,https://www.jgy1985.cn/
4111013703,北京科技职业学院,北京市,北京市,专科,,是,否,否,否,现役候选,是,,,,,,,4,0,是,0,,0,,https://www.5aaa.com/
4111013728,北京培黎职业学院,北京市,北京市,专科,,是,否,否,否,现役候选,是,,,,,,,1,0,是,0,,0,,https://www.bjpldx.edu.cn/
4111014073,北京经济管理职业学院,北京市,北京市,专科,,否,否,否,否,现役候选,是,,,,,,,2,0,是,0,,0,,https://www.biem.edu.cn
4111014075,北京劳动保障职业学院,北京市,北京市,专科,,否,否,否,否,现役候选,是,,,,,,,2,0,是,0,,0,,https://www.bvclss.cn/
4111014140,北京艺术传媒职业学院,北京市,北京市,专科,,是,否,否,否,现役候选,是,,,,,,,1,0,是,0,,0,,http://www.bjamu.cn
4111014215,北京体育职业学院,北京市,北京市,专科,,否,否,否,否,现役候选,是,,,,,,,3,0,是,0,,0,,https://www.bjtzhy.org/
4111014279,北京交通运输职业学院,北京市,北京市,专科,,否,否,否,否,现役候选,是,,,,,,,8,0,是,0,,0,,https://www.bjjt.edu.cn
4111014395,北京卫生职业学院,北京市,北京市,专科,,否,否,否,否,现役候选,是,,,,,,,3,0,是,0,,0,,https://www.bjhvc.edu.cn/
4111014588,北京网络职业学院,北京市,北京市,专科,,是,否,否,否,现役候选,是,,,,,,,2,0,是,0,,0,,https://www.bjwlxy.org.cn/index/worker/admissions.html
4112010055,南开大学,天津市,天津市,本科,,否,是,是,是,现役候选,是,2026软科主榜 21,2026软科主榜 21,,,,,5,0,是,0,,0,,https://www.nankai.edu.cn/
4112010056,天津大学,天津市,天津市,本科,,否,是,是,是,现役候选,是,2026软科主榜 20,2026软科主榜 20,,,,,2,0,是,0,,0,,https://www.tju.edu.cn/
4112010057,天津科技大学,天津市,天津市,本科,,否,否,否,否,现役候选,是,2026软科主榜 158,2026软科主榜 158,,,,,3,0,是,0,,0,,https://www.tust.edu.cn
4112010058,天津工业大学,天津市,天津市,本科,,否,否,否,是,现役候选,是,2026软科主榜 133,2026软科主榜 133,,,,,1,0,是,0,,0,,https://www.tiangong.edu.cn/
4112010059,中国民航大学,天津市,天津市,本科,,否,否,否,否,现役候选,是,2026软科主榜 226,2026软科主榜 226,,,,,2,0,是,0,,0,,https://www.cauc.edu.cn
4112010060,天津理工大学,天津市,天津市,本科,,否,否,否,否,现役候选,是,2026软科主榜 170,2026软科主榜 170,,,,,1,0,是,0,,0,,https://www.tjut.edu.cn/
4112010061,天津农学院,天津市,天津市,本科,,否,否,否,否,现役候选,是,2026软科主榜 353,2026软科主榜 353,,,,,5,0,是,0,,0,,https://www.tjau.edu.cn/
4112010062,天津医科大学,天津市,天津市,本科,,否,否,是,是,现役候选,是,2026软科分类标签 医5,2026软科分类标签 医5,,,,,4,0,是,0,,0,,https://www.tmu.edu.cn/
4112010063,天津中医药大学,天津市,天津市,本科,,否,否,否,是,现役候选,是,2026软科分类标签 中医5,2026软科分类标签 中医5,,,,,4,0,是,0,,0,,https://www.tjutcm.edu.cn/
4112010065,天津师范大学,天津市,天津市,本科,,否,否,否,否,现役候选,是,2026软科主榜 160,2026软科主榜 160,,,,,3,0,是,0,,0,,https://www.tjnu.edu.cn/
4112010066,天津职业技术师范大学,天津市,天津市,本科,,否,否,否,否,现役候选,是,2026软科主榜 343,2026软科主榜 343,,,,,2,0,是,0,,0,,https://www.tute.edu.cn
4112010068,天津外国语大学,天津市,天津市,本科,,否,否,否,否,现役候选,是,2026软科分类标签 语11,2026软科分类标签 语11,,,,,3,0,是,0,,0,,https://www.tjfsu.edu.cn/
4112010069,天津商业大学,天津市,天津市,本科,,否,否,否,否,现役候选,是,2026软科分类标签 财28,2026软科分类标签 财28,,,,,2,0,是,0,,0,,https://www.tjcu.edu.cn/
4112010070,天津财经大学,天津市,天津市,本科,,否,否,否,否,现役候选,是,2026软科分类标签 财16,2026软科分类标签 财16,,,,,1,0,是,0,,0,,https://www.tjufe.edu.cn
4112010071,天津体育学院,天津市,天津市,本科,,否,否,否,否,现役候选,是,2026软科分类标签 体7,2026软科分类标签 体7,,,,,3,0,是,0,,0,,https://www.tjus.edu.cn
4112010072,天津音乐学院,天津市,天津市,本科,,否,否,否,否,现役候选,是,,,,,,,2,0,是,0,,0,,https://www.tjcm.edu.cn/
4112010073,天津美术学院,天津市,天津市,本科,,否,否,否,否,现役候选,是,,,,,,,2,0,是,0,,0,,http://www.tjarts.edu.cn
4112010792,天津城建大学,天津市,天津市,本科,,否,否,否,否,现役候选,是,2026软科主榜 318,2026软科主榜 318,,,,,1,0,是,0,,0,,https://www.tcu.edu.cn
4112010859,天津天狮学院,天津市,天津市,本科,,是,否,否,否,现役候选,是,2026软科分类标签 100+,2026软科分类标签 100+,,,,,4,0,是,0,,0,,https://www.tianshi.edu.cn/
4112012105,天津中德应用技术大学,天津市,天津市,本科,,否,否,否,否,现役候选,是,2026软科分类标签 500+,2026软科分类标签 500+,,,,,2,0,是,0,,0,,https://www.tsguas.edu.cn/
4112013658,天津外国语大学滨海外事学院,天津市,天津市,本科,,是,否,否,否,现役候选,是,,,,,,,1,0,是,0,,0,,https://bhws.tjfsu.edu.cn/
4112013659,天津传媒学院,天津市,天津市,本科,,是,否,否,否,现役候选,是,,,,,,,1,0,是,0,,0,,https://www.tjcma.edu.cn/
4112013660,天津商业大学宝德学院,天津市,天津市,本科,,是,否,否,否,现役候选,是,,,,,,,1,0,是,0,,0,,https://www.boustead.edu.cn/
4112013661,天津医科大学临床医学院,天津市,天津市,本科,,是,否,否,否,现役候选,是,,,,,,,2,0,是,0,,0,,https://www.tmucmc.edu.cn
4112013663,南开大学滨海学院,天津市,天津市,本科,,是,否,否,否,现役候选,是,,,,,,,1,0,是,0,,0,,
4112013896,天津师范大学津沽学院,天津市,天津市,本科,,是,否,否,否,现役候选,是,,,,,,,1,0,是,0,,0,,
4112013897,天津理工大学中环信息学院,天津市,天津市,本科,,是,否,否,否,现役候选,是,,,,,,,2,0,是,0,,0,,https://www.tjzhic.edu.cn/
4112013898,北京科技大学天津学院,天津市,天津市,本科,,是,否,否,否,现役候选,是,,,,,,,2,0,是,0,,0,,https://tj.ustb.edu.cn/
4112014038,天津仁爱学院,天津市,天津市,本科,,是,否,否,否,现役候选,是,2026软科主榜 93,2026软科主榜 93,,,,,1,0,是,0,,0,,https://www.tjrac.edu.cn/
4112014087,天津财经大学珠江学院,天津市,天津市,本科,,是,否,否,否,现役候选,是,,,,,,,2,0,是,0,,0,,https://zhujiang.tjufe.edu.cn/
4112012723,天津警察学院,天津市,天津市,本科,,否,否,否,否,现役候选,是,,,,,,,1,0,是,0,,0,,https://www.tjjingyuan.cn/
4112011032,天津职业大学,天津市,天津市,本科,,否,否,否,否,现役候选,是,,,,,,,2,0,是,0,,0,,https://www.tjtc.edu.cn/
4112012484,天津滨海职业学院,天津市,天津市,专科,,否,否,否,否,现役候选,是,,,,,,,2,0,是,0,,0,,https://www.tjbpi.com/
4112012487,天津工程职业技术学院,天津市,天津市,专科,,否,否,否,否,现役候选,是,,,,,,,2,0,是,0,,0,,
4112012719,天津渤海职业技术学院,天津市,天津市,专科,,否,否,否,否,现役候选,是,,,,,,,1,0,是,0,,0,,https://www.tbvtc.edu.cn/
4112012720,天津电子信息职业技术学院,天津市,天津市,专科,,否,否,否,否,现役候选,是,,,,,,,2,0,是,0,,0,,https://www.tjdz.edu.cn/
4112012721,天津机电职业技术学院,天津市,天津市,专科,,否,否,否,否,现役候选,是,,,,,,,1,0,是,0,,0,,https://www.suoyuan.com.cn/
4112012722,天津现代职业技术学院,天津市,天津市,专科,,否,否,否,否,现役候选,是,,,,,,,2,0,是,0,,0,,https://www.xdxy.com.cn/
4112012732,天津轻工职业技术学院,天津市,天津市,专科,,否,否,否,否,现役候选,是,,,,,,,2,0,是,0,,0,,https://www.tjlivtc.edu.cn/
4112012788,天津商务职业学院,天津市,天津市,专科,,否,否,否,否,现役候选,是,,,,,,,4,0,是,0,,0,,https://www.tcc1955.edu.cn/
4112012803,天津国土资源和房屋职业学院,天津市,天津市,专科,,否,否,否,否,现役候选,是,,,,,,,2,0,是,0,,0,,https://www.tjgfxy.com.cn/
4112012880,天津医学高等专科学校,天津市,天津市,专科,,否,否,否,否,现役候选,是,,,,,,,1,0,是,0,,0,,https://www.tjyzh.cn/
4112012881,天津开发区职业技术学院,天津市,天津市,专科,,否,否,否,否,现役候选,是,,,,,,,1,0,是,0,,0,,
4112012882,天津艺术职业学院,天津市,天津市,专科,,否,否,否,否,现役候选,是,,,,,,,3,0,是,0,,0,,https://www.arttj.cn/
4112012883,天津交通职业学院,天津市,天津市,专科,,否,否,否,否,现役候选,是,,,,,,,1,0,是,0,,0,,https://www.tttc.edu.cn/
4112013700,天津工业职业学院,天津市,天津市,专科,,否,否,否,否,现役候选,是,,,,,,,1,0,是,0,,0,,https://www.pctj.edu.cn/
4112013701,天津石油职业技术学院,天津市,天津市,专科,,否,否,否,否,现役候选,是,,,,,,,3,0,是,0,,0,,http://www.tjsyxy.com/
4112013702,天津城市职业学院,天津市,天津市,专科,,否,否,否,否,现役候选,是,,,,,,,3,0,是,0,,0,,http://www.tjcsxy.cn
4112013863,天津铁道职业技术学院,天津市,天津市,专科,,否,否,否,否,现役候选,是,,,,,,,4,0,是,0,,0,,https://www.tjtdxy.cn/
4112013911,天津工艺美术职业学院,天津市,天津市,专科,,否,否,否,否,现役候选,是,,,,,,,2,0,是,0,,0,,https://www.gmtj.com/
4112014020,天津城市建设管理职业技术学院,天津市,天津市,专科,,否,否,否,否,现役候选,是,,,,,,,4,0,是,0,,0,,https://www.tjchengjian.com/
4112014021,天津生物工程职业技术学院,天津市,天津市,专科,,否,否,否,否,现役候选,是,,,,,,,3,0,是,0,,0,,https://www.tjbio.cn/
4112014022,天津海运职业学院,天津市,天津市,专科,,否,否,否,否,现役候选,是,,,,,,,1,0,是,0,,0,,https://www.tjmc.edu.cn/
4112014102,天津广播影视职业学院,天津市,天津市,专科,,否,否,否,否,现役候选,是,,,,,,,1,0,是,0,,0,,
4112014599,天津体育职业学院,天津市,天津市,专科,,否,否,否,否,现役候选,是,,,,,,,1,0,是,0,,0,,https://www.tjvcs.cn
4112014600,天津滨海汽车工程职业学院,天津市,天津市,专科,,是,否,否,否,现役候选,是,,,,,,,2,0,是,0,,0,,http://www.tqzyxy.com
4113010075,河北大学,河北省,保定市,本科,,否,否,否,否,现役候选,是,2026软科主榜 130,2026软科主榜 130,,,,,6,0,是,0,,0,,https://www.hbu.edu.cn/
4113010076,河北工程大学,河北省,邯郸市,本科,,否,否,否,否,现役候选,是,2026软科主榜 291,2026软科主榜 291,,,,,2,0,是,0,,0,,https://www.hebeu.edu.cn/
4113010077,河北地质大学,河北省,石家庄市,本科,,否,否,否,否,现役候选,是,2026软科分类标签 财32,2026软科分类标签 财32,,,,,4,0,是,0,,0,,https://www.hgu.edu.cn/
4113010080,河北工业大学,天津市,天津市,本科,,否,否,是,是,现役候选,是,2026软科主榜 107,2026软科主榜 107,,,,,7,0,是,0,,0,,https://www.hebut.edu.cn/
4113010081,华北理工大学,河北省,唐山市,本科,,否,否,否,否,现役候选,是,2026软科主榜 269,2026软科主榜 269,,,,,3,0,是,0,,0,,https://www.ncst.edu.cn
4113010082,河北科技大学,河北省,石家庄市,本科,,否,否,否,否,现役候选,是,2026软科主榜 254,2026软科主榜 254,,,,,1,0,是,0,,0,,https://www.hebust.edu.cn/
4113010084,河北建筑工程学院,河北省,张家口市,本科,,否,否,否,否,现役候选,是,2026软科分类标签 500+,2026软科分类标签 500+,,,,,1,0,是,0,,0,,https://www.hebiace.edu.cn/
4113010085,河北水利电力学院,河北省,沧州市,本科,,否,否,否,否,现役候选,是,2026软科分类标签 500+,2026软科分类标签 500+,,,,,2,0,是,0,,0,,https://www.hbwe.edu.cn/
4113010086,河北农业大学,河北省,保定市,本科,,否,否,否,否,现役候选,是,2026软科主榜 189,2026软科主榜 189,,,,,7,0,是,0,,0,,https://www.hebau.edu.cn/
4113010089,河北医科大学,河北省,石家庄市,本科,,否,否,否,否,现役候选,是,2026软科分类标签 医12,2026软科分类标签 医12,,,,,4,0,是,0,,0,,https://www.hebmu.edu.cn/
4113010092,河北北方学院,河北省,张家口市,本科,,否,否,否,否,现役候选,是,2026软科分类标签 医47,2026软科分类标签 医47,,,,,6,0,是,0,,0,,https://www1.hebeinu.edu.cn/
4113010093,承德医学院,河北省,承德市,本科,,否,否,否,否,现役候选,是,2026软科分类标签 医42,2026软科分类标签 医42,,,,,2,0,是,0,,0,,https://www.cdmc.edu.cn/
4113010094,河北师范大学,河北省,石家庄市,本科,,否,否,否,否,现役候选,是,2026软科主榜 177,2026软科主榜 177,,,,,3,0,是,0,,0,,https://www.hebtu.edu.cn/
4113010096,保定学院,河北省,保定市,本科,,否,否,否,否,现役候选,是,2026软科分类标签 500+,2026软科分类标签 500+,,,,,1,0,是,0,,0,,https://www.bdu.edu.cn
4113010098,河北民族师范学院,河北省,承德市,本科,,否,否,否,否,现役候选,是,2026软科主榜 483,2026软科主榜 483,,,,,2,0,是,0,,0,,https://www.hbun.edu.cn/
4113010099,唐山师范学院,河北省,唐山市,本科,,否,否,否,否,现役候选,是,2026软科主榜 438,2026软科主榜 438,,,,,6,0,是,0,,0,,https://www.tstc.edu.cn/
4113010100,廊坊师范学院,河北省,廊坊市,本科,,否,否,否,否,现役候选,是,2026软科主榜 466,2026软科主榜 466,,,,,5,0,是,0,,0,,https://www.lfnu.edu.cn
4113010101,衡水学院,河北省,衡水市,本科,,否,否,否,否,现役候选,是,2026软科分类标签 500+,2026软科分类标签 500+,,,,,3,0,是,0,,0,,https://www.hsnc.edu.cn/
4113010102,石家庄学院,河北省,石家庄市,本科,,否,否,否,否,现役候选,是,2026软科主榜 429,2026软科主榜 429,,,,,4,0,是,0,,0,,https://www.sjzc.edu.cn/
4113010103,邯郸学院,河北省,邯郸市,本科,,否,否,否,否,现役候选,是,2026软科分类标签 500+,2026软科分类标签 500+,,,,,3,0,是,0,,0,,https://www.hdc.edu.cn/
4113010104,邢台学院,河北省,邢台市,本科,,否,否,否,否,现役候选,是,2026软科分类标签 500+,2026软科分类标签 500+,,,,,3,0,是,0,,0,,http://www.xttc.edu.cn/
4113010105,沧州师范学院,河北省,沧州市,本科,,否,否,否,否,现役候选,是,2026软科分类标签 500+,2026软科分类标签 500+,,,,,2,0,是,0,,0,,https://www.caztc.edu.cn
4113010107,石家庄铁道大学,河北省,石家庄市,本科,,否,否,否,否,现役候选,是,2026软科主榜 231,2026软科主榜 231,,,,,2,0,是,0,,0,,https://www.stdu.edu.cn/
4113010216,燕山大学,河北省,秦皇岛市,本科,,否,否,否,否,现役候选,是,2026软科主榜 109,2026软科主榜 109,,,,,2,0,是,0,,0,,https://www.ysu.edu.cn/
4113010798,河北科技师范学院,河北省,秦皇岛市,本科,,否,否,否,否,现役候选,是,2026软科主榜 404,2026软科主榜 404,,,,,5,0,是,0,,0,,https://www.hevttc.edu.cn/
4113011033,唐山学院,河北省,唐山市,本科,,否,否,否,否,现役候选,是,2026软科分类标签 500+,2026软科分类标签 500+,,,,,6,0,是,0,,0,,https://www.tsc.edu.cn
4113011104,应急管理大学,河北省,廊坊市,本科,,否,否,否,否,现役候选,是,,,,,,,1,0,是,0,,0,,https://www.ncist.edu.cn/index.htm
4113011105,中国人民警察大学,河北省,廊坊市,本科,,否,否,否,否,现役候选,是,2026软科分类标签 政8,2026软科分类标签 政8,,,,,3,0,是,0,,0,,https://www.cppu.edu.cn/
4113011236,河北体育学院,河北省,石家庄市,本科,,否,否,否,否,现役候选,是,2026软科分类标签 体13+,2026软科分类标签 体13+,,,,,2,0,是,0,,0,,https://www.hepec.edu.cn/
4113011420,河北金融学院,河北省,保定市,本科,,否,否,否,否,现役候选,是,2026软科分类标签 财44,2026软科分类标签 财44,,,,,2,0,是,0,,0,,https://www.hbfu.edu.cn/
4113011629,北华航天工业学院,河北省,廊坊市,本科,,否,否,否,否,现役候选,是,2026软科主榜 385,2026软科主榜 385,,,,,3,0,是,0,,0,,https://www.nciae.edu.cn/
4113011832,河北经贸大学,河北省,石家庄市,本科,,否,否,否,否,现役候选,是,2026软科分类标签 财23,2026软科分类标签 财23,,,,,4,0,是,0,,0,,https://www.hueb.edu.cn/
4113011903,中央司法警官学院,河北省,保定市,本科,,否,否,否,否,现役候选,是,2026软科分类标签 政15,2026软科分类标签 政15,,,,,1,0,是,0,,0,,https://www.cicp.edu.cn/
4113012784,河北传媒学院,河北省,石家庄市,本科,,是,否,否,否,现役候选,是,,,,,,,3,0,是,0,,0,,https://www.hebic.cn/
4113012796,河北工程技术学院,河北省,石家庄市,本科,,是,否,否,否,现役候选,是,2026软科分类标签 100+,2026软科分类标签 100+,,,,,4,0,是,0,,0,,https://www.hebuet.edu.cn/
4113013075,河北美术学院,河北省,石家庄市,本科,,是,否,否,否,现役候选,是,,,,,,,2,0,是,0,,0,,https://www.hbafa.edu.cn/
4113013391,河北科技学院,河北省,保定市,本科,,是,否,否,否,现役候选,是,2026软科分类标签 100+,2026软科分类标签 100+,,,,,2,0,是,0,,0,,https://www.hbkjxy.edu.cn/
4113013402,河北外国语学院,河北省,石家庄市,本科,,是,否,否,否,现役候选,是,2026软科分类标签 语5+,2026软科分类标签 语5+,,,,,2,0,是,0,,0,,https://www.hisu.edu.cn/
4113013404,河北大学工商学院,河北省,保定市,本科,,是,否,否,否,已停止招生 / 终止办学程序,否,,,,,,,0,0,否,0,,0,,
4113013408,华北理工大学轻工学院,河北省,唐山市,本科,,是,否,否,否,现役候选,是,,,,,,,3,0,是,0,,0,,https://www.qgxy.cn/
4113016204,河北工业职业技术大学,河北省,石家庄市,本科,,否,否,否,否,现役候选,是,,,,,,,4,0,是,0,,0,,https://www.hbcit.edu.cn/
4113013411,河北师范大学汇华学院,河北省,石家庄市,本科,,是,否,否,否,现役候选,是,,,,,,,2,0,是,0,,0,,https://huihua.hebtu.edu.cn/
4113013414,河北经贸大学经济管理学院,河北省,石家庄市,本科,,是,否,否,否,现役候选,是,,,,,,,2,0,是,0,,0,,https://jgxy.hueb.edu.cn/
4113013415,河北医科大学临床学院,河北省,石家庄市,本科,,是,否,否,否,现役候选,是,,,,,,,1,0,是,0,,0,,https://lcxy.hebmu.edu.cn/
4113016203,河北科技工程职业技术大学,河北省,邢台市,本科,,否,否,否,否,现役候选,是,,,,,,,1,0,是,0,,0,,http://www.hevute.edu.cn/
4113013578,河北工程大学科信学院,河北省,邯郸市,本科,,是,否,否,否,现役候选,是,,,,,,,1,0,是,0,,0,,https://kexin.hebeu.edu.cn/
4113016202,河北石油职业技术大学,河北省,承德市,本科,,否,否,否,否,现役候选,是,,,,,,,1,0,是,0,,0,,https://www.hebpu.edu.cn/
4113013592,燕山大学里仁学院,河北省,秦皇岛市,本科,,是,否,否,否,现役候选,是,,,,,,,1,0,是,0,,0,,https://stc.ysu.edu.cn/
4113013593,石家庄铁道大学四方学院,河北省,石家庄市,本科,,是,否,否,否,现役候选,是,,,,,,,3,0,是,0,,0,,https://www.stdusfc.edu.cn/
4113013594,河北地质大学华信学院,河北省,石家庄市,本科,,是,否,否,否,现役候选,是,,,,,,,2,0,是,0,,0,,http://www.hguhx.edu.cn/
4113013595,河北农业大学现代科技学院,河北省,保定市,本科,,是,否,否,否,现役候选,是,,,,,,,1,0,是,0,,0,,https://xianke.hebau.edu.cn/
4113013596,华北理工大学冀唐学院,河北省,唐山市,本科,,是,否,否,否,现役候选,是,,,,,,,1,0,是,0,,0,,https://jtxy.ncst.edu.cn/
4113013891,保定理工学院,河北省,保定市,本科,,是,否,否,否,现役候选,是,2026软科分类标签 100+,2026软科分类标签 100+,,,,,2,0,是,0,,0,,https://www.cuggw.com/
4113013895,燕京理工学院,河北省,廊坊市,本科,,是,否,否,否,现役候选,是,2026软科主榜 21,2026软科主榜 21,,,,,2,0,是,0,,0,,https://www.yit.edu.cn/
4113013899,北京中医药大学东方学院,河北省,廊坊市,本科,,是,否,否,否,现役候选,是,,,,,,,3,0,是,0,,0,,https://www.bucmdf.edu.cn/
4113014202,沧州交通学院,河北省,沧州市,本科,,是,否,否,否,现役候选,是,2026软科主榜 53,2026软科主榜 53,,,,,1,0,是,0,,0,,https://www.czjtu.edu.cn/
4113014225,河北东方学院,河北省,廊坊市,本科,,是,否,否,否,现役候选,是,2026软科分类标签 100+,2026软科分类标签 100+,,,,,4,0,是,0,,0,,https://www.hbdfxy.cn/
4113014432,河北中医药大学,河北省,石家庄市,本科,,否,否,否,否,现役候选,是,2026软科分类标签 中医20,2026软科分类标签 中医20,,,,,4,0,是,0,,0,,https://www.hebcm.edu.cn
4113014458,张家口学院,河北省,张家口市,本科,,否,否,否,否,现役候选,是,2026软科分类标签 500+,2026软科分类标签 500+,,,,,2,0,是,0,,0,,https://www.zjku.edu.cn/
4213051721,河北环境工程学院,河北省,秦皇岛市,本科,,否,否,否,否,现役候选,是,2026软科分类标签 500+,2026软科分类标签 500+,,,,,1,0,是,0,,0,,https://www.hebuee.edu.cn/
4113012787,唐山工业职业技术大学,河北省,唐山市,本科,,否,否,否,否,现役候选,是,,,,,,,1,0,是,0,,0,,https://www.tsgzy.edu.cn/
4113012884,邢台医学院,河北省,邢台市,本科,,否,否,否,否,现役候选,是,,,,,,,2,0,是,0,,0,,https://www.xtmc.edu.cn
4113011034,邯郸职业技术学院,河北省,邯郸市,专科,,否,否,否,否,现役候选,是,,,,,,,2,0,是,0,,0,,https://www.hd-u.com/
4113011238,石家庄职业技术学院,河北省,石家庄市,专科,,否,否,否,否,现役候选,是,,,,,,,3,0,是,0,,0,,https://www.sjzpt.edu.cn/
4113011423,张家口职业技术学院,河北省,张家口市,专科,,否,否,否,否,现役候选,是,,,,,,,3,0,是,0,,0,,https://www.zjkptc.edu.cn/
4113012352,河北软件职业技术学院,河北省,保定市,专科,,否,否,否,否,现役候选,是,,,,,,,3,0,是,0,,0,,https://www.hbsi.edu.cn/
4113012367,河北石油职业技术学院,河北省,廊坊市,专科,,否,否,否,否,现役候选,是,,,,,,,1,0,是,0,,0,,
4113012389,河北建材职业技术学院,河北省,秦皇岛市,专科,,否,否,否,否,现役候选,是,,,,,,,4,0,是,0,,0,,https://www.hbjcxy.edu.cn/
4113012408,河北政法职业学院,河北省,石家庄市,专科,,否,否,否,否,现役候选,是,,,,,,,4,0,是,0,,0,,http://www.helc.edu.cn/
4113012415,沧州职业技术学院,河北省,沧州市,专科,,否,否,否,否,现役候选,是,,,,,,,6,0,是,0,,0,,https://www.czvtc.cn
4113012418,河北能源职业技术学院,河北省,唐山市,专科,,否,否,否,否,现役候选,是,,,,,,,1,0,是,0,,0,,http://www.hbnyxy.cn/
4113012424,石家庄铁路职业技术学院,河北省,石家庄市,专科,,否,否,否,否,现役候选,是,,,,,,,3,0,是,0,,0,,http://www.sirt.edu.cn/
4113012543,保定职业技术学院,河北省,保定市,专科,,否,否,否,否,现役候选,是,,,,,,,3,0,是,0,,0,,https://www.bvtc.com.cn/
4113012773,秦皇岛职业技术学院,河北省,秦皇岛市,专科,,否,否,否,否,现役候选,是,,,,,,,2,0,是,0,,0,,https://www.qvc.edu.cn/
4113012782,石家庄工程职业学院,河北省,石家庄市,专科,,是,否,否,否,现役候选,是,,,,,,,4,0,是,0,,0,,https://www.sjzevc.com/index/
4113012783,石家庄城市经济职业学院,河北省,石家庄市,专科,,是,否,否,否,现役候选,是,,,,,,,3,0,是,0,,0,,https://www.sjzcsjjxy.com/
4113012785,唐山职业技术学院,河北省,唐山市,专科,,否,否,否,否,现役候选,是,,,,,,,5,0,是,0,,0,,https://www.tsvtc.edu.cn/
4113012786,衡水职业技术学院,河北省,衡水市,专科,,否,否,否,否,现役候选,是,,,,,,,4,0,是,0,,0,,https://www.hsvtc.cn
4113012885,河北艺术职业学院,河北省,石家庄市,专科,,否,否,否,否,现役候选,是,,,,,,,3,0,是,0,,0,,https://www.hebart.com
4113012887,河北旅游职业学院,河北省,承德市,专科,,否,否,否,否,现役候选,是,,,,,,,2,0,是,0,,0,,https://www.hbly.edu.cn/
4113013070,石家庄财经职业学院,河北省,石家庄市,专科,,是,否,否,否,现役候选,是,,,,,,,3,0,是,0,,0,,https://www.hebcj.cn
4113013071,河北交通职业技术学院,河北省,石家庄市,专科,,否,否,否,否,现役候选,是,,,,,,,4,0,是,0,,0,,https://www.hebjtxy.cn/zh
4113013072,河北化工医药职业技术学院,河北省,石家庄市,专科,,否,否,否,否,现役候选,是,,,,,,,1,0,是,0,,0,,https://www.hebcpc.cn
4113013073,石家庄信息工程职业学院,河北省,石家庄市,专科,,否,否,否,否,现役候选,是,,,,,,,3,0,是,0,,0,,https://www.sjziei.edu.cn
4113013074,河北对外经贸职业学院,河北省,秦皇岛市,专科,,否,否,否,否,现役候选,是,,,,,,,2,0,是,0,,0,,https://www.hbiibe.edu.cn
4113013392,保定电力职业技术学院,河北省,保定市,专科,,否,否,否,否,现役候选,是,,,,,,,2,0,是,0,,0,,http://www.bddy.cn
4113013393,河北机电职业技术学院,河北省,邢台市,专科,,否,否,否,否,现役候选,是,,,,,,,2,0,是,0,,0,,https://www.hbjd.edu.cn/
4113013394,渤海石油职业学院,河北省,沧州市,专科,,否,否,否,否,现役候选,是,,,,,,,2,0,是,0,,0,,
4113013395,廊坊职业技术学院,河北省,廊坊市,专科,,否,否,否,否,现役候选,是,,,,,,,8,0,是,0,,0,,https://www.lfzj.edu.cn/
4113013396,唐山科技职业技术学院,河北省,唐山市,专科,,否,否,否,否,现役候选,是,,,,,,,1,0,是,0,,0,,https://www.tskjzy.edu.cn/
4113013397,石家庄邮电职业技术学院,河北省,石家庄市,专科,,否,否,否,否,现役候选,是,,,,,,,3,0,是,0,,0,,https://www.sjzpc.edu.cn/
4113013398,河北公安警察职业学院,河北省,石家庄市,专科,,否,否,否,否,现役候选,是,,,,,,,1,0,是,0,,0,,https://www.hebsjy.edu.cn/
4113013399,石家庄工商职业学院,河北省,石家庄市,专科,,是,否,否,否,现役候选,是,,,,,,,3,0,是,0,,0,,http://www.sjzgsxy.com/
4113013400,石家庄理工职业学院,河北省,石家庄市,专科,,是,否,否,否,现役候选,是,,,,,,,3,0,是,0,,0,,https://www.sjzlg.com/
4113013403,石家庄科技信息职业学院,河北省,石家庄市,专科,,是,否,否,否,现役候选,是,,,,,,,3,0,是,0,,0,,https://www.hebkx.cn
4113013690,河北司法警官职业学院,河北省,邯郸市,专科,,否,否,否,否,现役候选,是,,,,,,,2,0,是,0,,0,,https://www.jjgxy.com.cn
4113013779,沧州医学高等专科学校,河北省,沧州市,专科,,否,否,否,否,现役候选,是,,,,,,,2,0,是,0,,0,,http://www.czmc.cn
4113013822,河北女子职业技术学院,河北省,石家庄市,专科,,否,否,否,否,现役候选,是,,,,,,,4,0,是,0,,0,,http://www.hebnzxy.com
4113014018,石家庄医学高等专科学校,河北省,石家庄市,专科,,是,否,否,否,现役候选,是,,,,,,,1,0,是,0,,0,,https://www.sjzmc.cn/
4113014047,石家庄经济职业学院,河北省,石家庄市,专科,,是,否,否,否,现役候选,是,,,,,,,4,0,是,0,,0,,https://www.sjzjjxy.com
4113014103,冀中职业学院,河北省,保定市,专科,,否,否,否,否,现役候选,是,,,,,,,2,0,是,0,,0,,https://www.jzhxy.edu.cn/
4113014158,石家庄人民医学高等专科学校,河北省,石家庄市,专科,,是,否,否,否,现役候选,是,,,,,,,3,0,是,0,,0,,http://www.sjzpmc.com/
4113014185,河北正定师范高等专科学校,河北省,石家庄市,专科,,否,否,否,否,现役候选,是,,,,,,,1,0,是,0,,0,,https://www.zdnc.edu.cn/
4113014208,河北劳动关系职业学院,河北省,石家庄市,专科,,否,否,否,否,现役候选,是,,,,,,,2,0,是,0,,0,,https://www.hbgy.edu.cn/
4113014213,石家庄科技职业学院,河北省,石家庄市,专科,,是,否,否,否,现役候选,是,,,,,,,3,0,是,0,,0,,https://www.sjzkjxy.com/
4113014259,沧州幼儿师范高等专科学校,河北省,沧州市,专科,,否,否,否,否,现役候选,是,,,,,,,2,0,是,0,,0,,https://www.czptc.edu.cn/
4113014260,宣化科技职业学院,河北省,张家口市,专科,,否,否,否,否,现役候选,是,,,,,,,2,0,是,0,,0,,https://www.xhkjzyxy.edu.cn/
4113014280,廊坊燕京职业技术学院,河北省,廊坊市,专科,,否,否,否,否,现役候选,是,,,,,,,2,0,是,0,,0,,https://www.lfyjzjxy.cn/
4113014281,承德护理职业学院,河北省,承德市,专科,,否,否,否,否,现役候选,是,,,,,,,2,0,是,0,,0,,https://www.cdnvc.edu.cn/
4113014328,石家庄幼儿师范高等专科学校,河北省,石家庄市,专科,,否,否,否,否,现役候选,是,,,,,,,1,0,是,0,,0,,https://www.sjzysgz.com
4113014335,廊坊卫生职业学院,河北省,廊坊市,专科,,否,否,否,否,现役候选,是,,,,,,,2,0,是,0,,0,,https://www.lfwx.net/
4113014396,河北轨道运输职业技术学院,河北省,石家庄市,专科,,否,否,否,否,现役候选,是,,,,,,,5,0,是,0,,0,,https://www.hbgdys.cn/
4113014460,保定幼儿师范高等专科学校,河北省,保定市,专科,,否,否,否,否,现役候选,是,,,,,,,3,0,是,0,,0,,https://www.bdysgz.cn/
4113014471,河北工艺美术职业学院,河北省,保定市,专科,,否,否,否,否,现役候选,是,,,,,,,3,0,是,0,,0,,https://www.hbgm.edu.cn/
4113014472,渤海理工职业学院,河北省,沧州市,专科,,是,否,否,否,现役候选,是,,,,,,,2,0,是,0,,0,,https://www.bhlgxy.cn/
4113014586,唐山幼儿师范高等专科学校,河北省,唐山市,专科,,否,否,否,否,现役候选,是,,,,,,,2,0,是,0,,0,,https://www.tsyzh.edu.cn
4113014601,曹妃甸职业技术学院,河北省,唐山市,专科,,是,否,否,否,现役候选,是,,,,,,,2,0,是,0,,0,,https://www.cct.edu.cn/
4113014632,承德应用技术职业学院,河北省,承德市,专科,,否,否,否,否,现役候选,是,,,,,,,1,1,是,0,,0,,https://www.cdct.edu.cn/
4113014686,邯郸幼儿师范高等专科学校,河北省,邯郸市,专科,,否,否,否,否,现役候选,是,,,,,,,2,0,是,0,,0,,http://www.hdyz.edu.cn/
4113014695,邯郸科技职业学院,河北省,邯郸市,专科,,否,否,否,否,现役候选,是,,,,,,,1,0,是,0,,0,,https://www.hdkz.edu.cn/
4113014696,唐山海运职业学院,河北省,唐山市,专科,,是,否,否,否,现役候选,是,,,,,,,1,0,是,0,,0,,https://www.tmi.edu.cn/
4113014742,邢台应用技术职业学院,河北省,邢台市,专科,,是,否,否,否,现役候选,是,,,,,,,1,0,是,0,,0,,http://xtyzy.cn/
4213050139,河北资源环境职业技术学院,河北省,石家庄市,专科,,否,否,否,否,现役候选,是,,,,,,,3,0,是,0,,0,,https://www.hebzyhj.edu.cn/
4113014785,衡水健康科技职业学院,河北省,衡水市,专科,,否,否,否,否,现役候选,是,,,,,,,1,0,是,0,,0,,https://hsjkkjzyxy.cn
4113014786,沧州航空职业学院,河北省,沧州市,专科,,是,否,否,否,现役候选,是,,,,,,,1,0,是,0,,0,,http://www.czhkzy.com/
4113014787,邯郸应用技术职业学院,河北省,邯郸市,专科,,是,否,否,否,现役候选,是,,,,,,,1,0,是,0,,0,,https://www.hvcat.com/#/
4113014788,秦皇岛工业职业技术学院,河北省,秦皇岛市,专科,,否,否,否,否,现役候选,是,,,,,,,1,0,是,0,,0,,https://www.qhdgzy.com/
4113014852,邢台新能源职业学院,河北省,邢台市,专科,,是,否,否,否,现役候选,是,,,,,,,1,0,是,0,,0,,https://www.xtxny.edu.cn/
4113014908,石家庄金融职业学院,河北省,石家庄市,专科,,是,否,否,否,现役候选,是,,,,,,,1,0,是,0,,0,,http://39.101.71.147/_s3/65/list.psp
4113014909,石家庄农林职业学院,河北省,石家庄市,专科,,是,否,否,否,现役候选,是,,,,,,,1,0,是,0,,0,,https://sjznlxy.com/
4113014951,张家口应用技术职业学院,河北省,张家口市,专科,,否,否,否,否,现役候选,是,,,,,,,2,1,是,0,,0,,
4113014952,石家庄康养职业学院,河北省,石家庄市,专科,,是,否,否,否,现役候选,是,,,,,,,1,1,是,0,,0,,
4113014953,辛集应用技术职业学院,河北省,石家庄市,专科,,是,否,否,否,现役候选,是,,,,,,,1,1,是,0,,0,,
4114010108,山西大学,山西省,太原市,本科,,否,否,否,是,现役候选,是,2026软科主榜 102,2026软科主榜 102,,,,,4,0,是,0,,0,,https://www.sxu.edu.cn/
4114010109,太原科技大学,山西省,太原市,本科,,否,否,否,否,现役候选,是,2026软科主榜 270,2026软科主榜 270,,,,,4,0,是,0,,0,,https://www.tyust.edu.cn/
4114010110,中北大学,山西省,太原市,本科,,否,否,否,否,现役候选,是,2026软科主榜 144,2026软科主榜 144,,,,,3,0,是,0,,0,,https://www.nuc.edu.cn/
4114010112,太原理工大学,山西省,太原市,本科,,否,否,是,是,现役候选,是,2026软科主榜 97,2026软科主榜 97,,,,,4,0,是,0,,0,,https://www.tyut.edu.cn/
4114010113,山西农业大学,山西省,晋中市,本科,,否,否,否,否,现役候选,是,2026软科主榜 225,2026软科主榜 225,,,,,3,0,是,0,,0,,https://www.sxau.edu.cn/
4114010114,山西医科大学,山西省,太原市,本科,,否,否,否,否,现役候选,是,2026软科分类标签 医16,2026软科分类标签 医16,,,,,4,0,是,0,,0,,https://www.sxmu.edu.cn
4114010117,长治医学院,山西省,长治市,本科,,否,否,否,否,现役候选,是,2026软科分类标签 医55,2026软科分类标签 医55,,,,,4,0,是,0,,0,,http://www.czmc.edu.cn
4114010118,山西师范大学,山西省,太原市,本科,,否,否,否,否,现役候选,是,2026软科主榜 267,2026软科主榜 267,,,,,2,0,是,0,,0,,https://www.sxnu.edu.cn/
4114010119,太原师范学院,山西省,太原市,本科,,否,否,否,否,现役候选,是,2026软科主榜 383,2026软科主榜 383,,,,,4,0,是,0,,0,,http://www.tynu.edu.cn/
4114010120,山西大同大学,山西省,大同市,本科,,否,否,否,否,现役候选,是,2026软科主榜 470,2026软科主榜 470,,,,,2,0,是,0,,0,,https://www.sxdtdx.edu.cn/
4114010121,晋中学院,山西省,晋中市,本科,,否,否,否,否,现役候选,是,2026软科分类标签 500+,2026软科分类标签 500+,,,,,1,0,是,0,,0,,https://www.jzxy.edu.cn/
4114010122,长治学院,山西省,长治市,本科,,否,否,否,否,现役候选,是,2026软科主榜 494,2026软科主榜 494,,,,,3,0,是,0,,0,,https://www.czc.edu.cn/
4114010123,运城学院,山西省,运城市,本科,,否,否,否,否,现役候选,是,2026软科分类标签 500+,2026软科分类标签 500+,,,,,2,0,是,0,,0,,https://www.ycu.edu.cn
4114010124,忻州师范学院,山西省,忻州市,本科,,否,否,否,否,现役候选,是,2026软科分类标签 500+,2026软科分类标签 500+,,,,,5,0,是,0,,0,,http://www.xztu.edu.cn
4114010125,山西财经大学,山西省,太原市,本科,,否,否,否,否,现役候选,是,2026软科分类标签 财18,2026软科分类标签 财18,,,,,5,0,是,0,,0,,http://www.sxufe.edu.cn
4114010809,山西中医药大学,山西省,太原市,本科,,否,否,否,否,现役候选,是,2026软科分类标签 中医23,2026软科分类标签 中医23,,,,,3,0,是,0,,0,,https://www.sxtcm.edu.cn/
4114010812,吕梁学院,山西省,吕梁市,本科,,否,否,否,否,现役候选,是,2026软科分类标签 500+,2026软科分类标签 500+,,,,,4,0,是,0,,0,,https://www.llu.edu.cn/
4114011242,太原学院,山西省,太原市,本科,,否,否,否,否,现役候选,是,2026软科分类标签 500+,2026软科分类标签 500+,,,,,6,0,是,0,,0,,https://www.tyu.edu.cn/
4114012111,山西警察学院,山西省,太原市,本科,,否,否,否,否,现役候选,是,2026软科分类标签 政30+,2026软科分类标签 政30+,,,,,3,0,是,0,,0,,https://www.sxpc.edu.cn
4114012779,山西应用科技学院,山西省,太原市,本科,,是,否,否,否,现役候选,是,2026软科分类标签 100+,2026软科分类标签 100+,,,,,5,0,是,0,,0,,https://www.sxcast.edu.cn/
4114016201,山西工程科技职业大学,山西省,太原市,本科,,否,否,否,否,现役候选,是,,,,,,,3,0,是,0,,0,,https://www.sxgkd.edu.cn/
4114013534,山西工学院,山西省,朔州市,本科,,否,否,否,否,现役候选,是,2026软科分类标签 500+,2026软科分类标签 500+,,,,,2,0,是,0,,0,,https://www.sxct.edu.cn/
4114013535,晋中信息学院,山西省,晋中市,本科,,是,否,否,否,现役候选,是,2026软科分类标签 100+,2026软科分类标签 100+,,,,,1,0,是,0,,0,,https://www.jzci.edu.cn/
4114013537,山西电子科技学院,山西省,临汾市,本科,,否,否,否,否,现役候选,是,2026软科分类标签 500+,2026软科分类标签 500+,,,,,1,0,是,0,,0,,https://www.sxdzkj.edu.cn/
4114013538,山西晋中理工学院,山西省,晋中市,本科,,是,否,否,否,现役候选,是,2026软科分类标签 100+,2026软科分类标签 100+,,,,,1,0,是,0,,0,,https://www.sxjzit.edu.cn/
4114013597,山西科技学院,山西省,晋城市,本科,,否,否,否,否,现役候选,是,2026软科分类标签 500+,2026软科分类标签 500+,,,,,1,0,是,0,,0,,https://www.sxist.edu.cn/
4114013598,晋中健康学院,山西省,晋中市,本科,,是,否,否,否,现役候选,是,2026软科分类标签 100+,2026软科分类标签 100+,,,,,2,0,是,0,,0,,https://www.jzjkxy.com/
4114013608,山西财经大学华商学院,山西省,太原市,本科,,是,否,否,否,现役候选,是,,,,,,,1,0,是,0,,0,,
4114013691,山西工商学院,山西省,太原市,本科,,是,否,否,否,现役候选,是,2026软科分类标签 财27+,2026软科分类标签 财27+,,,,,4,0,是,0,,0,,https://www.sxtbu.edu.cn/
4114014101,太原工业学院,山西省,太原市,本科,,否,否,否,否,现役候选,是,2026软科主榜 474,2026软科主榜 474,,,,,2,0,是,0,,0,,https://www.tit.edu.cn/
4114014226,运城职业技术大学,山西省,运城市,本科,,是,否,否,否,现役候选,是,,,,,,,1,0,是,0,,0,,https://www.ycptu.edu.cn/
4114014434,山西传媒学院,山西省,太原市,本科,,否,否,否,否,现役候选,是,,,,,,,2,0,是,0,,0,,https://www.cusx.edu.cn/
4114014527,山西工程技术学院,山西省,阳泉市,本科,,否,否,否,否,现役候选,是,2026软科分类标签 500+,2026软科分类标签 500+,,,,,1,0,是,0,,0,,https://www.sxit.edu.cn/
4214051189,山西能源学院,山西省,晋中市,本科,,否,否,否,否,现役候选,是,2026软科分类标签 500+,2026软科分类标签 500+,,,,,2,0,是,0,,0,,https://www.sxie.edu.cn/
4114014898,山西医药学院,山西省,吕梁市,本科,,否,否,否,否,现役候选,是,2026软科分类标签 医56+,2026软科分类标签 医56+,,,,,2,0,是,0,,0,,https://www.sxum.edu.cn
4114013696,山西文化旅游职业大学,山西省,太原市,本科,,否,否,否,否,现役候选,是,,,,,,,4,0,是,0,,0,,https://www.sxvuct.edu.cn/
4114011630,山西省财政税务专科学校,山西省,太原市,专科,,否,否,否,否,现役候选,是,,,,,,,1,0,是,0,,0,,https://www.sxftc.edu.cn/
4114012388,长治职业技术学院,山西省,长治市,专科,,否,否,否,否,现役候选,是,,,,,,,3,0,是,0,,0,,https://www.czzy.cn/#/home
4114012774,晋城职业技术学院,山西省,晋城市,专科,,否,否,否,否,现役候选,是,,,,,,,2,0,是,0,,0,,https://www.sxjczy.cn/jczy/thtl/index.html
4114012776,山西药科职业学院,山西省,太原市,专科,,否,否,否,否,现役候选,是,,,,,,,1,0,是,0,,0,,http://www.sxbac.net.cn/
4114012780,大同煤炭职业技术学院,山西省,大同市,专科,,否,否,否,否,现役候选,是,,,,,,,2,0,是,0,,0,,https://www.dtmtxy.cn/
4114012888,山西机电职业技术学院,山西省,长治市,专科,,否,否,否,否,现役候选,是,,,,,,,4,0,是,0,,0,,https://www.sxjdxy.edu.cn/
4114012890,山西财贸职业技术学院,山西省,太原市,专科,,否,否,否,否,现役候选,是,,,,,,,1,0,是,0,,0,,http://www.sxcmvc.com
4114012891,山西林业职业技术学院,山西省,太原市,专科,,否,否,否,否,现役候选,是,,,,,,,1,0,是,0,,0,,https://www.sxly.edu.cn/
4114012892,山西水利职业技术学院,山西省,运城市,专科,,否,否,否,否,现役候选,是,,,,,,,4,0,是,0,,0,,https://wwww.sxsy.com.cn/
4114012893,阳泉职业技术学院,山西省,阳泉市,专科,,否,否,否,否,现役候选,是,,,,,,,1,0,是,0,,0,,https://www.yqzyjsxy.cn/
4114013171,临汾职业技术学院,山西省,临汾市,专科,,否,否,否,否,现役候选,是,,,,,,,4,0,是,0,,0,,https://www.lfvtc.cn
4114013528,山西职业技术学院,山西省,太原市,专科,,否,否,否,否,现役候选,是,,,,,,,5,0,是,0,,0,,https://www.sxzy.edu.cn/
4114013530,山西金融职业学院,山西省,太原市,专科,,否,否,否,否,现役候选,是,,,,,,,2,0,是,0,,0,,https://www.sxjrzyxy.edu.cn/
4114013532,太原城市职业技术学院,山西省,太原市,专科,,否,否,否,否,现役候选,是,,,,,,,3,0,是,0,,0,,https://www.cntcvc.com/
4114013541,山西信息职业技术学院,山西省,临汾市,专科,,是,否,否,否,现役候选,是,,,,,,,2,0,是,0,,0,,https://www.vcit.cn/
4114013692,山西体育职业学院,山西省,太原市,专科,,否,否,否,否,现役候选,是,,,,,,,1,0,是,0,,0,,https://www.sxptc.com/
4114013693,山西警官职业学院,山西省,太原市,专科,,否,否,否,否,现役候选,是,,,,,,,3,0,是,0,,0,,https://www.sxpolice.org/
4114013694,山西国际商务职业学院,山西省,太原市,专科,,否,否,否,否,现役候选,是,,,,,,,1,0,是,0,,0,,https://www.sxibs.edu.cn/
4114013695,潞安职业技术学院,山西省,长治市,专科,,否,否,否,否,现役候选,是,,,,,,,2,0,是,0,,0,,https://www.lazyjsxy.net/
4114013698,山西管理职业学院,山西省,临汾市,专科,,否,否,否,否,现役候选,是,,,,,,,1,0,是,0,,0,,https://www.sxglzyxy.com.cn/
4114013745,山西电力职业技术学院,山西省,太原市,专科,,否,否,否,否,现役候选,是,,,,,,,2,0,是,0,,0,,http://www.vtep.edu.cn/
4114013821,忻州职业技术学院,山西省,忻州市,专科,,否,否,否,否,现役候选,是,,,,,,,2,0,是,0,,0,,http://www.xzvtc.org.cn/
4114013862,山西同文职业技术学院,山西省,晋中市,专科,,是,否,否,否,现役候选,是,,,,,,,2,0,是,0,,0,,https://www.sxtwedu.com/
4114013913,晋中职业技术学院,山西省,晋中市,专科,,否,否,否,否,现役候选,是,,,,,,,1,0,是,0,,0,,https://www.jzzy.sx.cn/
4114013914,山西华澳商贸职业学院,山西省,晋中市,专科,,是,否,否,否,现役候选,是,,,,,,,2,0,是,0,,0,,http://www.huaao.sx.cn
4114013934,山西运城农业职业技术学院,山西省,运城市,专科,,否,否,否,否,现役候选,是,,,,,,,1,0,是,0,,0,,http://www.ycnxy.com/
4114014093,运城幼儿师范高等专科学校,山西省,运城市,专科,,否,否,否,否,现役候选,是,,,,,,,2,0,是,0,,0,,https://www.sxycys.com/
4114014105,山西老区职业技术学院,山西省,太原市,专科,,是,否,否,否,现役候选,是,,,,,,,2,0,是,0,,0,,http://www.sxlqzy.cn
4114014177,山西经贸职业学院,山西省,太原市,专科,,否,否,否,否,现役候选,是,,,,,,,4,0,是,0,,0,,https://www.sxemc.edu.cn/
4114014186,朔州职业技术学院,山西省,朔州市,专科,,否,否,否,否,现役候选,是,,,,,,,2,0,是,0,,0,,http://www.szvtc.com/
4114014247,山西铁道职业技术学院,山西省,太原市,专科,,否,否,否,否,现役候选,是,,,,,,,1,0,是,0,,0,,https://www.sxtdzy.edu.cn/
4114014270,晋中师范高等专科学校,山西省,晋中市,专科,,否,否,否,否,现役候选,是,,,,,,,1,0,是,0,,0,,https://www.sxjzsf.edu.cn/
4114014271,阳泉师范高等专科学校,山西省,阳泉市,专科,,否,否,否,否,现役候选,是,,,,,,,1,0,是,0,,0,,https://www.sxyqsz.cn
4114014397,运城护理职业学院,山西省,运城市,专科,,否,否,否,否,现役候选,是,,,,,,,2,0,是,0,,0,,https://www.ychlxy.com/
4114014461,运城师范高等专科学校,山西省,运城市,专科,,否,否,否,否,现役候选,是,,,,,,,1,0,是,0,,0,,https://www.sxycsf.com
4114014462,朔州师范高等专科学校,山西省,朔州市,专科,,否,否,否,否,现役候选,是,,,,,,,2,0,是,0,,0,,http://www.shuozhou.gov.cn/ztjs/szszz/
4114014500,吕梁职业技术学院,山西省,吕梁市,专科,,否,否,否,否,现役候选,是,,,,,,,1,0,是,0,,0,,https://www.llzy.edu.cn/
4114014627,大同师范高等专科学校,山西省,大同市,专科,,否,否,否,否,现役候选,是,,,,,,,2,0,是,0,,0,,https://www.dtsz.edu.cn/
4114014628,太原幼儿师范高等专科学校,山西省,太原市,专科,,否,否,否,否,现役候选,是,,,,,,,4,0,是,0,,0,,http://www.taiyuanyouzhuan.com/
4114014681,山西工程职业学院,山西省,太原市,专科,,否,否,否,否,现役候选,是,,,,,,,3,0,是,0,,0,,https://www.sxgcxy.cn
4114014687,长治幼儿师范高等专科学校,山西省,长治市,专科,,否,否,否,否,现役候选,是,,,,,,,1,0,是,0,,0,,https://www.sxczyz.edu.cn/
4114014697,山西通用航空职业技术学院,山西省,大同市,专科,,否,否,否,否,现役候选,是,,,,,,,1,0,是,0,,0,,https://www.sgap.edu.cn/
4114014698,朔州陶瓷职业技术学院,山西省,朔州市,专科,,否,否,否,否,现役候选,是,,,,,,,1,0,是,0,,0,,https://www.sztczyjsxy.com/p1/index.html
4214050166,山西卫生健康职业学院,山西省,太原市,专科,,否,否,否,否,现役候选,是,,,,,,,3,0,是,0,,0,,https://www.sxhvc.com
4114014777,吕梁师范高等专科学校,山西省,吕梁市,专科,,否,否,否,否,现役候选,是,,,,,,,1,0,是,0,,0,,https://llsz.edu.cn/
4114014901,大同数据科技职业学院,山西省,大同市,专科,,是,否,否,否,现役候选,是,,,,,,,1,0,是,0,,0,,https://www.czxy.com/
4114014954,太原卫生职业学院,山西省,太原市,专科,,否,否,否,否,现役候选,是,,,,,,,1,1,是,0,,0,,
4114014955,忻州现代康养职业学院,山西省,忻州市,专科,,否,否,否,否,现役候选,是,,,,,,,1,1,是,0,,0,,
4115010126,内蒙古大学,内蒙古自治区,呼和浩特市,本科,,否,否,是,是,现役候选,是,2026软科主榜 114,2026软科主榜 114,,,,,5,0,是,0,,0,,https://www.imu.edu.cn/
4115010127,内蒙古科技大学,内蒙古自治区,包头市,本科,,否,否,否,否,现役候选,是,2026软科主榜 314,2026软科主榜 314,,,,,2,0,是,0,,0,,https://www.imust.edu.cn/
4115010128,内蒙古工业大学,内蒙古自治区,呼和浩特市,本科,,否,否,否,否,现役候选,是,2026软科主榜 261,2026软科主榜 261,,,,,5,0,是,0,,0,,https://www.imut.edu.cn/
4115010129,内蒙古农业大学,内蒙古自治区,呼和浩特市,本科,,否,否,否,否,现役候选,是,2026软科主榜 212,2026软科主榜 212,,,,,3,0,是,0,,0,,https://www.imau.edu.cn/
4115010132,内蒙古医科大学,内蒙古自治区,呼和浩特市,本科,,否,否,否,否,现役候选,是,2026软科分类标签 医30,2026软科分类标签 医30,,,,,6,0,是,0,,0,,https://www.immu.edu.cn/
4115010135,内蒙古师范大学,内蒙古自治区,呼和浩特市,本科,,否,否,否,否,现役候选,是,2026软科主榜 220,2026软科主榜 220,,,,,4,0,是,0,,0,,https://www.imnu.edu.cn/
4115010136,内蒙古民族大学,内蒙古自治区,通辽市,本科,,否,否,否,否,现役候选,是,2026软科分类标签 民12,2026软科分类标签 民12,,,,,2,0,是,0,,0,,https://www.imun.edu.cn/
4115010138,赤峰大学,内蒙古自治区,赤峰市,本科,,否,否,否,否,现役候选,是,2026软科分类标签 500+,2026软科分类标签 500+,,,,,1,0,是,0,,0,,https://www.cfxy.cn/
4115010139,内蒙古财经大学,内蒙古自治区,呼和浩特市,本科,,否,否,否,否,现役候选,是,2026软科分类标签 财35,2026软科分类标签 财35,,,,,3,0,是,0,,0,,https://www.imufe.edu.cn/
4115010819,呼伦贝尔学院,内蒙古自治区,呼伦贝尔市,本科,,否,否,否,否,现役候选,是,2026软科分类标签 500+,2026软科分类标签 500+,,,,,3,0,是,0,,0,,https://www.hlbec.edu.cn/
4115011427,集宁师范学院,内蒙古自治区,乌兰察布市,本科,,否,否,否,否,现役候选,是,2026软科分类标签 500+,2026软科分类标签 500+,,,,,3,0,是,0,,0,,http://www.jntc.nm.cn/
4115011631,河套学院,内蒙古自治区,巴彦淖尔市,本科,,否,否,否,否,现役候选,是,2026软科分类标签 500+,2026软科分类标签 500+,,,,,2,0,是,0,,0,,http://www.hetaodaxue.com/
4115011709,呼和浩特民族学院,内蒙古自治区,呼和浩特市,本科,,否,否,否,否,现役候选,是,2026软科分类标签 民13+,2026软科分类标签 民13+,,,,,1,0,是,0,,0,,https://www.imnc.edu.cn/
4115014199,内蒙古大学创业学院,内蒙古自治区,呼和浩特市,本科,,是,否,否,否,现役候选,是,,,,,,,2,0,是,0,,0,,https://www.imuchuangye.cn/
4115014205,内蒙古鸿德文理学院,内蒙古自治区,呼和浩特市,本科,,是,否,否,否,现役候选,是,2026软科分类标签 100+,2026软科分类标签 100+,,,,,4,0,是,0,,0,,https://www.honder.com/
4115014531,内蒙古艺术学院,内蒙古自治区,呼和浩特市,本科,,否,否,否,否,现役候选,是,,,,,,,2,0,是,0,,0,,https://www.imac.edu.cn/
4115014532,鄂尔多斯应用技术学院,内蒙古自治区,鄂尔多斯市,本科,,否,否,否,否,现役候选,是,2026软科分类标签 500+,2026软科分类标签 500+,,,,,2,0,是,0,,0,,https://www.oit.edu.cn/
4115012797,内蒙古警察学院,内蒙古自治区,呼和浩特市,本科,,否,否,否,否,现役候选,是,,,,,,,2,0,是,0,,0,,https://www.impc.edu.cn/
4115010871,内蒙古建筑职业技术大学,内蒙古自治区,呼和浩特市,本科,,否,否,否,否,现役候选,是,,,,,,,2,0,是,0,,0,,https://www.imaa.edu.cn/
4115012443,兴安职业技术大学,内蒙古自治区,兴安盟,本科,,否,否,否,否,现役候选,是,,,,,,,1,0,是,0,,0,,https://www.nmxzy.cn/
4115012670,呼和浩特职业技术大学,内蒙古自治区,呼和浩特市,本科,,否,否,否,否,现役候选,是,,,,,,,1,0,是,0,,0,,https://www.hhvc.edu.cn/
4115011429,内蒙古丰州职业学院,内蒙古自治区,呼和浩特市,专科,,是,否,否,否,现役候选,是,,,,,,,2,0,是,0,,0,,https://www.qcdx.net/
4115012057,包头职业技术学院,内蒙古自治区,包头市,专科,,否,否,否,否,现役候选,是,,,,,,,3,0,是,0,,0,,https://www.btvtc.cn/
4115012671,包头轻工职业技术学院,内蒙古自治区,包头市,专科,,否,否,否,否,现役候选,是,,,,,,,1,0,是,0,,0,,https://www.btqy.edu.cn/
4115012673,内蒙古电子信息职业技术学院,内蒙古自治区,呼和浩特市,专科,,否,否,否,否,现役候选,是,,,,,,,1,0,是,0,,0,,https://www.imeic.cn/
4115012674,内蒙古机电职业技术学院,内蒙古自治区,呼和浩特市,专科,,否,否,否,否,现役候选,是,,,,,,,4,0,是,0,,0,,https://www.imtcme.edu.cn/index.htm
4115012675,内蒙古化工职业学院,内蒙古自治区,呼和浩特市,专科,,否,否,否,否,现役候选,是,,,,,,,1,0,是,0,,0,,http://www.hgzyxy.com.cn
4115012676,内蒙古商贸职业学院,内蒙古自治区,呼和浩特市,专科,,否,否,否,否,现役候选,是,,,,,,,2,0,是,0,,0,,https://www.imvcc.edu.cn/
4115012677,锡林郭勒职业学院,内蒙古自治区,锡林郭勒盟,专科,,否,否,否,否,现役候选,是,,,,,,,3,0,是,0,,0,,https://www.xlglvc.edu.cn/
4115012894,内蒙古体育职业学院,内蒙古自治区,呼和浩特市,专科,,否,否,否,否,现役候选,是,,,,,,,1,0,是,0,,0,,http://www.nmtyxy.org.cn/
4115013699,乌兰察布职业学院,内蒙古自治区,乌兰察布市,专科,,否,否,否,否,现役候选,是,,,,,,,4,0,是,0,,0,,https://www.ulvc.edu.cn/
4115013740,通辽职业学院,内蒙古自治区,通辽市,专科,,否,否,否,否,现役候选,是,,,,,,,3,0,是,0,,0,,http://www.tlzyxy.com/
4115013741,科尔沁艺术职业学院,内蒙古自治区,通辽市,专科,,否,否,否,否,现役候选,是,,,,,,,2,0,是,0,,0,,https://www.keqysxy.com.cn
4115013824,内蒙古交通职业技术学院,内蒙古自治区,赤峰市,专科,,否,否,否,否,现役候选,是,,,,,,,2,0,是,0,,0,,https://www.imvtcc.edu.cn/
4115013864,包头钢铁职业技术学院,内蒙古自治区,包头市,专科,,否,否,否,否,现役候选,是,,,,,,,4,0,是,0,,0,,https://www.btsvc.edu.cn/
4115013915,乌海职业技术学院,内蒙古自治区,乌海市,专科,,否,否,否,否,现役候选,是,,,,,,,1,0,是,0,,0,,https://www.whvtc.net/
4115014048,内蒙古科技职业学院,内蒙古自治区,呼和浩特市,专科,,是,否,否,否,现役候选,是,,,,,,,1,0,是,0,,0,,http://www.imtvc.cn/
4115014049,内蒙古北方职业技术学院,内蒙古自治区,呼和浩特市,专科,,是,否,否,否,现役候选,是,,,,,,,2,0,是,0,,0,,https://www.nmbfxy.com
4115014050,赤峰职业技术学院,内蒙古自治区,赤峰市,专科,,是,否,否,否,已停止办学,否,,,,,,,0,0,否,0,,0,,
4115014051,内蒙古经贸外语职业学院,内蒙古自治区,呼和浩特市,专科,,是,否,否,否,已被停止招生资格,否,,,,,,,0,0,否,0,,0,,
4115014187,包头铁道职业技术学院,内蒙古自治区,包头市,专科,,否,否,否,否,现役候选,是,,,,,,,1,0,是,0,,0,,https://www.bttzy.edu.cn/
4115014219,乌兰察布医学高等专科学校,内蒙古自治区,乌兰察布市,专科,,否,否,否,否,现役候选,是,,,,,,,1,0,是,0,,0,,https://www.wlcbyz.org.cn/
4115014248,鄂尔多斯职业学院,内蒙古自治区,鄂尔多斯市,专科,,否,否,否,否,现役候选,是,,,,,,,1,0,是,0,,0,,http://www.ordosvc.cn
4115014282,内蒙古工业职业学院,内蒙古自治区,呼和浩特市,专科,,是,否,否,否,现役候选,是,,,,,,,1,0,是,0,,0,,
4115014283,呼伦贝尔职业技术学院,内蒙古自治区,呼伦贝尔市,专科,,否,否,否,否,现役候选,是,,,,,,,2,0,是,0,,0,,https://www.hlbrzy.com/
4115014285,满洲里俄语职业学院,内蒙古自治区,呼伦贝尔市,专科,,否,否,否,否,现役候选,是,,,,,,,2,0,是,0,,0,,https://zyxy.mzlxy.cn
4115014337,内蒙古能源职业学院,内蒙古自治区,呼和浩特市,专科,,是,否,否,否,现役候选,是,,,,,,,1,0,是,0,,0,,https://www.nmpower.cn/
4115014338,赤峰工业职业技术学院,内蒙古自治区,赤峰市,专科,,否,否,否,否,现役候选,是,,,,,,,2,0,是,0,,0,,https://www.cfgy.cn
4115014339,阿拉善职业技术学院,内蒙古自治区,阿拉善盟,专科,,否,否,否,否,现役候选,是,,,,,,,4,0,是,0,,0,,https://www.alszyxy.cn/
4115014387,内蒙古美术职业学院,内蒙古自治区,巴彦淖尔市,专科,,是,否,否,否,现役候选,是,,,,,,,1,0,是,0,,0,,http://www.nmgmsxy.net/
4115014463,内蒙古民族幼儿师范高等专科学校,内蒙古自治区,鄂尔多斯市,专科,,否,否,否,否,现役候选,是,,,,,,,1,0,是,0,,0,,https://www.immpec.edu.cn/
4115014501,鄂尔多斯生态环境职业学院,内蒙古自治区,鄂尔多斯市,专科,,否,否,否,否,现役候选,是,,,,,,,2,0,是,0,,0,,http://www.ordossthjzyxy.cn/
4115014539,扎兰屯职业学院,内蒙古自治区,呼伦贝尔市,专科,,否,否,否,否,现役候选,是,,,,,,,2,0,是,0,,0,,https://zltvc.cn
4115014699,赤峰应用技术职业学院,内蒙古自治区,赤峰市,专科,,否,否,否,否,现役候选,是,,,,,,,1,0,是,0,,0,,http://www.cfyyzy.cn/
4121010140,辽宁大学,辽宁省,沈阳市,本科,,否,否,是,是,现役候选,是,2026软科主榜 125,2026软科主榜 125,,,,,3,0,是,0,,0,,https://www.lnu.edu.cn
4121010141,大连理工大学,辽宁省,大连市,本科,,否,是,是,是,现役候选,是,2026软科主榜 28,2026软科主榜 28,,,,,8,0,是,0,,0,,https://www.dlut.edu.cn/
4121010142,沈阳工业大学,辽宁省,沈阳市,本科,,否,否,否,否,现役候选,是,2026软科主榜 198,2026软科主榜 198,,,,,5,0,是,0,,0,,https://www.sut.edu.cn/
4121010143,沈阳航空航天大学,辽宁省,沈阳市,本科,,否,否,否,否,现役候选,是,2026软科主榜 179,2026软科主榜 179,,,,,1,0,是,0,,0,,https://www.sau.edu.cn/
4121010144,沈阳理工大学,辽宁省,沈阳市,本科,,否,否,否,否,现役候选,是,2026软科主榜 254,2026软科主榜 254,,,,,1,0,是,0,,0,,https://www.sylu.edu.cn/
4121010145,东北大学,辽宁省,沈阳市,本科,,否,是,是,是,现役候选,是,2026软科主榜 38,2026软科主榜 38,,,,,5,0,是,0,,0,,https://www.neu.edu.cn/
4121010146,辽宁科技大学,辽宁省,鞍山市,本科,,否,否,否,否,现役候选,是,2026软科主榜 304,2026软科主榜 304,,,,,2,0,是,0,,0,,https://www.ustl.edu.cn
4121010147,辽宁工程技术大学,辽宁省,阜新市,本科,,否,否,否,否,现役候选,是,2026软科主榜 271,2026软科主榜 271,,,,,4,0,是,0,,0,,https://www.lntu.edu.cn/
4121010148,辽宁石油化工大学,辽宁省,抚顺市,本科,,否,否,否,否,现役候选,是,2026软科主榜 263,2026软科主榜 263,,,,,2,0,是,0,,0,,https://www.lnpu.edu.cn
4121010149,沈阳化工大学,辽宁省,沈阳市,本科,,否,否,否,否,现役候选,是,2026软科主榜 244,2026软科主榜 244,,,,,1,0,是,0,,0,,https://www.syuct.edu.cn/
4121010150,大连交通大学,辽宁省,大连市,本科,,否,否,否,否,现役候选,是,2026软科主榜 249,2026软科主榜 249,,,,,6,0,是,0,,0,,http://www.djtu.edu.cn/
4121010151,大连海事大学,辽宁省,大连市,本科,,否,否,是,是,现役候选,是,2026软科主榜 113,2026软科主榜 113,,,,,3,0,是,0,,0,,https://www.dlmu.edu.cn/
4121010152,大连工业大学,辽宁省,大连市,本科,,否,否,否,否,现役候选,是,2026软科主榜 211,2026软科主榜 211,,,,,1,0,是,0,,0,,https://www.dlpu.edu.cn/
4121010153,沈阳建筑大学,辽宁省,沈阳市,本科,,否,否,否,否,现役候选,是,2026软科主榜 222,2026软科主榜 222,,,,,2,0,是,0,,0,,https://www.sjzu.edu.cn/
4121010154,辽宁工业大学,辽宁省,锦州市,本科,,否,否,否,否,现役候选,是,2026软科主榜 279,2026软科主榜 279,,,,,1,0,是,0,,0,,https://www.lnut.edu.cn/
4121010157,沈阳农业大学,辽宁省,沈阳市,本科,,否,否,否,否,现役候选,是,2026软科主榜 153,2026软科主榜 153,,,,,2,0,是,0,,0,,https://www.syau.edu.cn/
4121010158,大连海洋大学,辽宁省,大连市,本科,,否,否,否,否,现役候选,是,2026软科主榜 296,2026软科主榜 296,,,,,3,0,是,0,,0,,https://www.dlou.edu.cn/
4121010159,中国医科大学,辽宁省,沈阳市,本科,,否,否,否,否,现役候选,是,2026软科分类标签 医6,2026软科分类标签 医6,,,,,3,0,是,0,,0,,https://www.cmu.edu.cn/
4121010160,锦州医科大学,辽宁省,锦州市,本科,,否,否,否,否,现役候选,是,2026软科分类标签 医32,2026软科分类标签 医32,,,,,1,0,是,0,,0,,https://www.jzmu.edu.cn/
4121010161,大连医科大学,辽宁省,大连市,本科,,否,否,否,否,现役候选,是,2026软科分类标签 医13,2026软科分类标签 医13,,,,,2,0,是,0,,0,,https://www.dmu.edu.cn/
4121010162,辽宁中医药大学,辽宁省,沈阳市,本科,,否,否,否,否,现役候选,是,2026软科分类标签 中医12,2026软科分类标签 中医12,,,,,3,0,是,0,,0,,https://www.lnutcm.edu.cn/
4121010163,沈阳药科大学,辽宁省,沈阳市,本科,,否,否,否,否,现役候选,是,2026软科分类标签 医20,2026软科分类标签 医20,,,,,3,0,是,0,,0,,https://www.syphu.edu.cn/
4121010164,沈阳医学院,辽宁省,沈阳市,本科,,否,否,否,否,现役候选,是,2026软科分类标签 医36,2026软科分类标签 医36,,,,,2,0,是,0,,0,,https://www.symc.edu.cn
4121010165,辽宁师范大学,辽宁省,大连市,本科,,否,否,否,否,现役候选,是,2026软科主榜 162,2026软科主榜 162,,,,,3,0,是,0,,0,,https://www.lnnu.edu.cn/
4121010166,沈阳师范大学,辽宁省,沈阳市,本科,,否,否,否,否,现役候选,是,2026软科主榜 277,2026软科主榜 277,,,,,2,0,是,0,,0,,https://www.synu.edu.cn/
4121010167,渤海大学,辽宁省,锦州市,本科,,否,否,否,否,现役候选,是,2026软科主榜 285,2026软科主榜 285,,,,,3,0,是,0,,0,,https://www.bhu.edu.cn/
4121010169,鞍山师范学院,辽宁省,鞍山市,本科,,否,否,否,否,现役候选,是,2026软科主榜 478,2026软科主榜 478,,,,,3,0,是,0,,0,,https://www.asnc.edu.cn
4121010172,大连外国语大学,辽宁省,大连市,本科,,否,否,否,否,现役候选,是,2026软科分类标签 语12,2026软科分类标签 语12,,,,,3,0,是,0,,0,,https://www.dlufl.edu.cn/
4121010173,东北财经大学,辽宁省,大连市,本科,,否,否,否,否,现役候选,是,2026软科分类标签 财6,2026软科分类标签 财6,,,,,1,0,是,0,,0,,https://www.dufe.edu.cn/
4121010175,中国刑事警察学院,辽宁省,沈阳市,本科,,否,否,否,否,现役候选,是,2026软科分类标签 政7,2026软科分类标签 政7,,,,,3,0,是,0,,0,,https://www.cipuc.edu.cn/
4121010176,沈阳体育学院,辽宁省,沈阳市,本科,,否,否,否,否,现役候选,是,2026软科分类标签 体5,2026软科分类标签 体5,,,,,1,0,是,0,,0,,http://www.syty.edu.cn/
4121010177,沈阳音乐学院,辽宁省,沈阳市,本科,,否,否,否,否,现役候选,是,,,,,,,4,0,是,0,,0,,https://www.sycm.edu.cn/
4121010178,鲁迅美术学院,辽宁省,沈阳市,本科,,否,否,否,否,现役候选,是,,,,,,,4,0,是,0,,0,,https://www.lumei.edu.cn/
4121010841,辽宁对外经贸学院,辽宁省,大连市,本科,,是,否,否,否,现役候选,是,2026软科分类标签 财9,2026软科分类标签 财9,,,,,1,0,是,0,,0,,https://www.luibe.edu.cn/
4121011035,沈阳大学,辽宁省,沈阳市,本科,,否,否,否,否,现役候选,是,2026软科主榜 266,2026软科主榜 266,,,,,3,0,是,0,,0,,https://www.syu.edu.cn/
4121011258,大连大学,辽宁省,大连市,本科,,否,否,否,否,现役候选,是,2026软科主榜 287,2026软科主榜 287,,,,,2,0,是,0,,0,,https://www.dlu.edu.cn/
4121011430,辽宁科技学院,辽宁省,本溪市,本科,,否,否,否,否,现役候选,是,2026软科分类标签 500+,2026软科分类标签 500+,,,,,2,0,是,0,,0,,https://www.lnist.edu.cn/
4121011432,辽宁警察学院,辽宁省,大连市,本科,,否,否,否,否,现役候选,是,2026软科分类标签 政17,2026软科分类标签 政17,,,,,1,0,是,0,,0,,https://www.lnp.edu.cn/
4121011632,沈阳工程学院,辽宁省,沈阳市,本科,,否,否,否,否,现役候选,是,2026软科主榜 371,2026软科主榜 371,,,,,2,0,是,0,,0,,https://www.sie.edu.cn/
4121011779,辽东学院,辽宁省,丹东市,本科,,否,否,否,否,现役候选,是,2026软科分类标签 500+,2026软科分类标签 500+,,,,,3,0,是,0,,0,,https://www.liaodongu.edu.cn/
4121012026,大连民族大学,辽宁省,大连市,本科,,否,否,否,否,现役候选,是,2026软科分类标签 民5,2026软科分类标签 民5,,,,,4,0,是,0,,0,,https://new.dlnu.edu.cn/
4121012595,辽宁理工职业大学,辽宁省,锦州市,本科,,是,否,否,否,现役候选,是,,,,,,,2,0,是,0,,0,,https://www.lnvut.edu.cn/
4121013198,大连工程学院,辽宁省,大连市,本科,,是,否,否,否,现役候选,是,,,,,,,1,0,是,0,,0,,http://www.dlutci.edu.cn
4121013199,沈阳工业大学工程学院,辽宁省,辽阳市,本科,,是,否,否,否,已停止招生,否,,,,,,,0,0,否,0,,0,,
4121013200,沈阳航空航天大学北方科技学院,辽宁省,沈阳市,本科,,是,否,否,否,已停止办学，但未撤销,否,,,,,,,0,0,否,0,,0,,
4121013201,沈阳工学院,辽宁省,抚顺市,本科,,是,否,否,否,现役候选,是,2026软科主榜 49,2026软科主榜 49,,,,,2,0,是,0,,0,,https://www.situ.edu.cn/
4121013203,大连工业大学艺术与信息工程学院,辽宁省,大连市,本科,,是,否,否,否,现役候选,是,,,,,,,2,0,是,0,,0,,https://www.caie.edu.cn/
4121013207,大连科技学院,辽宁省,大连市,本科,,是,否,否,否,现役候选,是,2026软科分类标签 100+,2026软科分类标签 100+,,,,,2,0,是,0,,0,,https://www.dlust.edu.cn/
4121013208,沈阳城市建设学院,辽宁省,沈阳市,本科,,是,否,否,否,现役候选,是,2026软科主榜 100,2026软科主榜 100,,,,,2,0,是,0,,0,,https://www.syucu.edu.cn/
4121013212,大连医科大学中山学院,辽宁省,大连市,本科,,是,否,否,否,现役候选,是,,,,,,,2,0,是,0,,0,,https://www.dmuzs.edu.cn/
4121013213,锦州医科大学医疗学院,辽宁省,锦州市,本科,,是,否,否,否,现役候选,是,,,,,,,3,0,是,0,,0,,https://www.jymu.edu.cn
4121013215,辽宁师范大学海华学院,辽宁省,大连市,本科,,是,否,否,否,现役候选,是,,,,,,,2,0,是,0,,0,,https://www.lshhxy.edu.cn/
4121013217,辽宁理工学院,辽宁省,锦州市,本科,,是,否,否,否,现役候选,是,2026软科分类标签 100+,2026软科分类标签 100+,,,,,3,0,是,0,,0,,https://www.lise.edu.cn/
4121013218,大连财经学院,辽宁省,大连市,本科,,是,否,否,否,现役候选,是,2026软科分类标签 财17,2026软科分类标签 财17,,,,,2,0,是,0,,0,,https://www.dlufe.edu.cn/
4121013220,沈阳城市学院,辽宁省,沈阳市,本科,,是,否,否,否,现役候选,是,2026软科主榜 48,2026软科主榜 48,,,,,1,0,是,0,,0,,https://www.shenyangcu.edu.cn
4121013599,大连艺术学院,辽宁省,大连市,本科,,是,否,否,否,现役候选,是,,,,,,,4,0,是,0,,0,,https://www.dac.edu.cn/
4121013609,辽宁中医药大学杏林学院,辽宁省,沈阳市,本科,,是,否,否,否,现役候选,是,,,,,,,2,0,是,0,,0,,http://www.lncmxl.edu.cn/
4121013610,辽宁何氏医学院,辽宁省,沈阳市,本科,,是,否,否,否,现役候选,是,2026软科主榜 78,2026软科主榜 78,,,,,2,0,是,0,,0,,https://www.huh.edu.cn/
4121013621,沈阳科技学院,辽宁省,沈阳市,本科,,是,否,否,否,现役候选,是,2026软科分类标签 100+,2026软科分类标签 100+,,,,,1,0,是,0,,0,,https://www.syist.edu.cn/
4121013631,大连东软信息学院,辽宁省,大连市,本科,,是,否,否,否,现役候选,是,2026软科主榜 5,2026软科主榜 5,,,,,3,0,是,0,,0,,https://www.neusoft.edu.cn/
4121013900,辽宁财贸学院,辽宁省,葫芦岛市,本科,,是,否,否,否,现役候选,是,2026软科分类标签 财25,2026软科分类标签 财25,,,,,2,0,是,0,,0,,https://www.lncmxy.com
4121013957,辽宁传媒学院,辽宁省,沈阳市,本科,,是,否,否,否,现役候选,是,2026软科分类标签 语4,2026软科分类标签 语4,,,,,2,0,是,0,,0,,https://www.lncu.edu.cn/
4121014435,营口理工学院,辽宁省,营口市,本科,,否,否,否,否,现役候选,是,2026软科分类标签 500+,2026软科分类标签 500+,,,,,2,0,是,0,,0,,https://www.yku.edu.cn/
4121010171,朝阳师范学院,辽宁省,朝阳市,本科,,否,否,否,否,现役候选,是,,,,,,,1,0,是,0,,0,,https://www.cynu.edu.cn/
4121010179,抚顺师范高等专科学校,辽宁省,抚顺市,专科,,否,否,否,否,现役候选,是,,,,,,,2,0,是,0,,0,,http://www.fsvti.edu.cn/cnc_school/division/01/portal_index.html
4121010180,锦州师范高等专科学校,辽宁省,锦州市,专科,,否,否,否,否,现役候选,是,,,,,,,2,0,是,0,,0,,http://www.jzsz.com.cn/
4121010181,营口职业技术学院,辽宁省,营口市,专科,,否,否,否,否,现役候选,是,,,,,,,2,0,是,0,,0,,https://www.ykvtc.edu.cn/
4121010182,铁岭师范高等专科学校,辽宁省,铁岭市,专科,,否,否,否,否,现役候选,是,,,,,,,1,0,是,0,,0,,https://www.tlsz.com.cn/
4121010845,大连职业技术学院,辽宁省,大连市,专科,,否,否,否,否,现役候选,是,,,,,,,4,0,是,0,,0,,https://www.dlvtc.edu.cn/
4121010957,辽宁农业职业技术学院,辽宁省,营口市,专科,,否,否,否,否,现役候选,是,,,,,,,2,0,是,0,,0,,https://www.lnnzy.ln.cn/
4121011037,抚顺职业技术学院,辽宁省,抚顺市,专科,,否,否,否,否,现役候选,是,,,,,,,1,0,是,0,,0,,http://www.fsvti.edu.cn/cnc_school/division/01/portal_index.html
4121011249,辽阳职业技术学院,辽宁省,辽阳市,专科,,否,否,否,否,现役候选,是,,,,,,,2,0,是,0,,0,,https://www.419.com.cn/
4121011250,阜新高等专科学校,辽宁省,阜新市,专科,,否,否,否,否,现役候选,是,,,,,,,1,0,是,0,,0,,https://www.fxgz.com.cn/
4121011500,辽宁省交通高等专科学校,辽宁省,沈阳市,专科,,否,否,否,否,现役候选,是,,,,,,,2,0,是,0,,0,,https://www.lncc.edu.cn/
4121011735,辽宁税务高等专科学校,辽宁省,大连市,专科,,否,否,否,否,现役候选,是,,,,,,,1,0,是,0,,0,,
4121012063,盘锦职业技术学院,辽宁省,盘锦市,专科,,否,否,否,否,现役候选,是,,,,,,,2,0,是,0,,0,,https://www.pjzy.net.cn/
4121012590,沈阳航空职业技术学院,辽宁省,沈阳市,专科,,否,否,否,否,现役候选,是,,,,,,,1,0,是,0,,0,,
4121012591,辽宁体育运动职业技术学院,辽宁省,沈阳市,专科,,否,否,否,否,现役候选,是,,,,,,,1,0,是,0,,0,,
4121012592,辽宁职业学院,辽宁省,铁岭市,专科,,否,否,否,否,现役候选,是,,,,,,,2,0,是,0,,0,,http://www.lnvc.edu.cn/
4121012593,辽宁生态工程职业学院,辽宁省,沈阳市,专科,,否,否,否,否,现役候选,是,,,,,,,3,0,是,0,,0,,https://www.lnstzy.cn/
4121012594,沈阳职业技术学院,辽宁省,沈阳市,专科,,否,否,否,否,现役候选,是,,,,,,,2,0,是,0,,0,,https://www.vtcsy.edu.cn/
4121012730,大连商务职业学院,辽宁省,大连市,专科,,是,否,否,否,现役候选,是,,,,,,,0,1,是,0,,0,,
4121012895,辽宁金融职业学院,辽宁省,沈阳市,专科,,否,否,否,否,现役候选,是,,,,,,,1,0,是,0,,0,,https://www.lnfvc.edu.cn/
4121012896,辽宁轨道交通职业学院,辽宁省,沈阳市,专科,,否,否,否,否,现役候选,是,,,,,,,2,0,是,0,,0,,https://www.lngpi.edu.cn/
4121012897,辽宁广告职业学院,辽宁省,沈阳市,专科,,是,否,否,否,现役候选,是,,,,,,,2,0,是,0,,0,,https://www.ggxy.com/
4121012898,辽宁机电职业技术学院,辽宁省,丹东市,专科,,否,否,否,否,现役候选,是,,,,,,,2,0,是,0,,0,,https://www.lnmec.net.cn/
4121012899,辽宁经济职业技术学院,辽宁省,沈阳市,专科,,否,否,否,否,现役候选,是,,,,,,,1,0,是,0,,0,,https://www.lnemci.com
4121012900,辽宁石化职业技术学院,辽宁省,锦州市,专科,,否,否,否,否,现役候选,是,,,,,,,3,0,是,0,,0,,https://www.lnpc.edu.cn/
4121012931,渤海船舶职业学院,辽宁省,葫芦岛市,专科,,否,否,否,否,现役候选,是,,,,,,,1,0,是,0,,0,,https://www.bhsvc.edu.cn/
4121013958,大连软件职业学院,辽宁省,大连市,专科,,是,否,否,否,现役候选,是,,,,,,,1,0,是,0,,0,,
4121013959,大连翻译职业学院,辽宁省,大连市,专科,,是,否,否,否,已停止招生 / 长期无正常办学活动,否,,,,,,,0,0,否,0,,0,,
4121013960,辽宁商贸职业学院,辽宁省,沈阳市,专科,,否,否,否,否,现役候选,是,,,,,,,1,0,是,0,,0,,
4121013961,大连枫叶职业技术学院,辽宁省,大连市,专科,,是,否,否,否,现役候选,是,,,,,,,3,0,是,0,,0,,https://www.dlfy.edu.cn/
4121014076,辽宁装备制造职业技术学院,辽宁省,沈阳市,专科,,否,否,否,否,现役候选,是,,,,,,,2,0,是,0,,0,,https://www.ltcem.com/
4121014077,辽河石油职业技术学院,辽宁省,盘锦市,专科,,否,否,否,否,现役候选,是,,,,,,,2,0,是,0,,0,,https://www.lpvtc.cn/
4121014106,辽宁地质工程职业学院,辽宁省,丹东市,专科,,否,否,否,否,现役候选,是,,,,,,,2,0,是,0,,0,,https://www.lngc.edu.cn/
4121014188,辽宁铁道职业技术学院,辽宁省,锦州市,专科,,否,否,否,否,现役候选,是,,,,,,,2,0,是,0,,0,,https://www.lntdxy.com/
4121014189,辽宁建筑职业学院,辽宁省,辽阳市,专科,,否,否,否,否,现役候选,是,,,,,,,3,0,是,0,,0,,https://www.lnjzxy.edu.cn/
4121014209,大连航运职业技术学院,辽宁省,大连市,专科,,是,否,否,否,现役候选,是,,,,,,,2,0,是,0,,0,,http://www.dlsc.net.cn/
4121014227,大连装备制造职业技术学院,辽宁省,大连市,专科,,是,否,否,否,现役候选,是,,,,,,,1,0,是,0,,0,,https://www.dlemcedu.cn/
4121014228,大连汽车职业技术学院,辽宁省,大连市,专科,,是,否,否,否,现役候选,是,,,,,,,2,0,是,0,,0,,https://www.dlqcxy.net/
4121014240,辽宁现代服务职业技术学院,辽宁省,沈阳市,专科,,否,否,否,否,现役候选,是,,,,,,,1,0,是,0,,0,,https://www.lnxdfwxy.edu.cn
4121014286,辽宁冶金职业技术学院,辽宁省,本溪市,专科,,否,否,否,否,现役候选,是,,,,,,,2,0,是,0,,0,,http://lnyj.net/
4121014287,辽宁工程职业学院,辽宁省,铁岭市,专科,,否,否,否,否,现役候选,是,,,,,,,2,0,是,0,,0,,https://www.lngczyxy.com/
4121014288,辽宁城市建设职业技术学院,辽宁省,沈阳市,专科,,否,否,否,否,现役候选,是,,,,,,,1,0,是,0,,0,,https://www.lncjxy.com
4121014289,辽宁医药职业学院,辽宁省,沈阳市,专科,,否,否,否,否,现役候选,是,,,,,,,2,0,是,0,,0,,https://www.lnvcm.edu.cn/
4121014290,铁岭卫生职业学院,辽宁省,铁岭市,专科,,否,否,否,否,现役候选,是,,,,,,,1,0,是,0,,0,,https://www.lntlhc.com/
4121014385,沈阳北软信息职业技术学院,辽宁省,沈阳市,专科,,是,否,否,否,现役候选,是,,,,,,,1,0,是,0,,0,,https://www.nsi-soft.com/nsi/index
4121014398,辽宁政法职业学院,辽宁省,沈阳市,专科,,否,否,否,否,现役候选,是,,,,,,,1,0,是,0,,0,,
4121014464,辽宁民族师范高等专科学校,辽宁省,沈阳市,专科,,否,否,否,否,现役候选,是,,,,,,,2,0,是,0,,0,,https://www.lnnc.edu.cn
4121014473,辽宁轻工职业学院,辽宁省,大连市,专科,,否,否,否,否,现役候选,是,,,,,,,2,0,是,0,,0,,https://www.lnli.edu.cn/
4121014526,辽宁特殊教育师范高等专科学校,辽宁省,沈阳市,专科,,否,否,否,否,现役候选,是,,,,,,,2,0,是,0,,0,,https://www.lntjsz.edu.cn/
4121014662,辽宁师范高等专科学校,辽宁省,沈阳市,专科,,否,否,否,否,现役候选,是,,,,,,,2,0,是,0,,0,,https://www.lnnc.ln.cn/
4121014700,鞍山职业技术学院,辽宁省,鞍山市,专科,,否,否,否,否,现役候选,是,,,,,,,1,0,是,0,,0,,http://www.aszyjsxy.cn/
4221051143,朝阳职业技术学院,辽宁省,朝阳市,专科,,否,否,否,否,现役候选,是,,,,,,,2,1,是,0,,0,,
4122010183,吉林大学,吉林省,长春市,本科,,否,是,是,是,现役候选,是,2026软科主榜 26,2026软科主榜 26,,,,,9,0,是,0,,0,,https://www.jlu.edu.cn/
4122010184,延边大学,吉林省,延边朝鲜族自治州,本科,,否,否,是,是,现役候选,是,2026软科主榜 157,2026软科主榜 157,,,,,4,0,是,0,,0,,https://www.ybu.edu.cn/
4122010186,长春理工大学,吉林省,长春市,本科,,否,否,否,否,现役候选,是,2026软科主榜 138,2026软科主榜 138,,,,,3,0,是,0,,0,,https://www.cust.edu.cn
4122010188,东北电力大学,吉林省,吉林市,本科,,否,否,否,否,现役候选,是,2026软科主榜 208,2026软科主榜 208,,,,,3,0,是,0,,0,,https://www.neepu.edu.cn/
4122010190,长春工业大学,吉林省,长春市,本科,,否,否,否,否,现役候选,是,2026软科主榜 245,2026软科主榜 245,,,,,3,0,是,0,,0,,https://www.ccut.edu.cn
4122010191,吉林建筑大学,吉林省,长春市,本科,,否,否,否,否,现役候选,是,2026软科主榜 294,2026软科主榜 294,,,,,2,0,是,0,,0,,https://www.jlju.edu.cn
4122010192,吉林化工大学,吉林省,吉林市,本科,,否,否,否,否,现役候选,是,2026软科主榜 412,2026软科主榜 412,,,,,3,0,是,0,,0,,https://www.jlict.edu.cn/
4122010193,吉林农业大学,吉林省,长春市,本科,,否,否,否,否,现役候选,是,2026软科主榜 161,2026软科主榜 161,,,,,2,0,是,0,,0,,https://www.jlau.edu.cn
4122010199,长春中医药大学,吉林省,长春市,本科,,否,否,否,否,现役候选,是,2026软科分类标签 中医15,2026软科分类标签 中医15,,,,,4,0,是,0,,0,,https://www.ccucm.edu.cn/
4122010200,东北师范大学,吉林省,长春市,本科,,否,否,是,是,现役候选,是,2026软科主榜 48,2026软科主榜 48,,,,,3,0,是,0,,0,,https://www.nenu.edu.cn/
4122010201,北华大学,吉林省,吉林市,本科,,否,否,否,否,现役候选,是,2026软科主榜 308,2026软科主榜 308,,,,,8,0,是,0,,0,,https://www.beihua.edu.cn
4122010202,通化师范学院,吉林省,通化市,本科,,否,否,否,否,现役候选,是,2026软科主榜 459,2026软科主榜 459,,,,,5,0,是,0,,0,,https://www.thnu.edu.cn/publish
4122010203,吉林师范大学,吉林省,四平市,本科,,否,否,否,否,现役候选,是,2026软科主榜 322,2026软科主榜 322,,,,,3,0,是,0,,0,,https://www.jlnu.edu.cn
4122010204,吉林工程技术师范学院,吉林省,长春市,本科,,否,否,否,否,现役候选,是,2026软科主榜 482,2026软科主榜 482,,,,,3,0,是,0,,0,,http://www.jlenu.edu.cn/
4122010205,长春师范大学,吉林省,长春市,本科,,否,否,否,否,现役候选,是,2026软科主榜 337,2026软科主榜 337,,,,,5,0,是,0,,0,,https://www.ccsfu.edu.cn/
4122010206,白城师范学院,吉林省,白城市,本科,,否,否,否,否,现役候选,是,2026软科分类标签 500+,2026软科分类标签 500+,,,,,3,0,是,0,,0,,https://www.bcnu.edu.cn/
4122010207,吉林财经大学,吉林省,长春市,本科,,否,否,否,否,现役候选,是,2026软科分类标签 财19,2026软科分类标签 财19,,,,,2,0,是,0,,0,,https://www.jlufe.edu.cn
4122010208,吉林体育学院,吉林省,长春市,本科,,否,否,否,否,现役候选,是,2026软科分类标签 体13,2026软科分类标签 体13,,,,,2,0,是,0,,0,,https://www.jlsu.edu.cn/
4122010209,吉林艺术学院,吉林省,长春市,本科,,否,否,否,否,现役候选,是,,,,,,,5,0,是,0,,0,,https://www.jlart.edu.cn/
4122010964,吉林外国语大学,吉林省,长春市,本科,,是,否,否,否,现役候选,是,2026软科分类标签 语1,2026软科分类标签 语1,,,,,1,0,是,0,,0,,http://www.jisu.edu.cn/
4122011261,吉林工商学院,吉林省,长春市,本科,,否,否,否,否,现役候选,是,2026软科分类标签 财46+,2026软科分类标签 财46+,,,,,2,0,是,0,,0,,https://www.jlbtc.edu.cn
4122011437,长春工程学院,吉林省,长春市,本科,,否,否,否,否,现役候选,是,2026软科主榜 349,2026软科主榜 349,,,,,2,0,是,0,,0,,https://www.ccit.edu.cn
4122011439,吉林农业科技学院,吉林省,吉林市,本科,,否,否,否,否,现役候选,是,2026软科主榜 488,2026软科主榜 488,,,,,4,0,是,0,,0,,https://www.jlnku.edu.cn/
4122011441,吉林警察学院,吉林省,长春市,本科,,否,否,否,否,现役候选,是,2026软科分类标签 政26,2026软科分类标签 政26,,,,,3,0,是,0,,0,,https://www.jljcxy.com/
4122011726,长春大学,吉林省,长春市,本科,,否,否,否,否,现役候选,是,2026软科主榜 368,2026软科主榜 368,,,,,3,0,是,0,,0,,https://www.ccu.edu.cn/
4122013600,长春光华学院,吉林省,长春市,本科,,是,否,否,否,现役候选,是,2026软科主榜 17,2026软科主榜 17,,,,,4,0,是,0,,0,,https://www.ghu.edu.cn
4122013601,长春工业大学人文信息学院,吉林省,长春市,本科,,是,否,否,否,现役候选,是,,,,,,,2,0,是,0,,0,,https://www.ccutchi.com/
4122013602,长春电子科技学院,吉林省,长春市,本科,,是,否,否,否,现役候选,是,2026软科主榜 29,2026软科主榜 29,,,,,1,0,是,0,,0,,http://www.changdian2001.com/
4122013603,长春财经学院,吉林省,长春市,本科,,是,否,否,否,现役候选,是,2026软科分类标签 财2,2026软科分类标签 财2,,,,,2,0,是,0,,0,,https://www.ccufe.edu.cn/
4122013604,吉林建筑科技学院,吉林省,长春市,本科,,是,否,否,否,现役候选,是,2026软科主榜 23,2026软科主榜 23,,,,,1,0,是,0,,0,,http://www.jluat.edu.cn/
4122013605,长春建筑学院,吉林省,长春市,本科,,是,否,否,否,现役候选,是,2026软科主榜 65,2026软科主榜 65,,,,,2,0,是,0,,0,,http://www.jladi.com/
4122013606,长春科技学院,吉林省,长春市,本科,,是,否,否,否,现役候选,是,2026软科主榜 30,2026软科主榜 30,,,,,1,0,是,0,,0,,http://www.jlaudev.com.cn/
4122013607,吉林动画学院,吉林省,长春市,本科,,是,否,否,否,现役候选,是,,,,,,,1,0,是,0,,0,,https://www.jlai.edu.cn
4122013622,吉林师范大学博达学院,吉林省,四平市,本科,,是,否,否,否,现役候选,是,,,,,,,2,0,是,0,,0,,http://www.bdxy.com.cn/
4122013623,长春大学旅游学院,吉林省,长春市,本科,,是,否,否,否,现役候选,是,,,,,,,3,0,是,0,,0,,https://www.tccu.edu.cn/
4122013662,长春人文学院,吉林省,长春市,本科,,是,否,否,否,现役候选,是,2026软科主榜 85,2026软科主榜 85,,,,,2,0,是,0,,0,,https://www.ccrw.edu.cn/
4122013706,吉林医药学院,吉林省,吉林市,本科,,否,否,否,否,现役候选,是,2026软科分类标签 医56,2026软科分类标签 医56,,,,,2,0,是,0,,0,,https://www.jlmu.edu.cn/
4122011436,长春汽车职业技术大学,吉林省,长春市,本科,,否,否,否,否,现役候选,是,,,,,,,3,0,是,0,,0,,https://www.caii.edu.cn/
4122013161,长春职业技术大学,吉林省,长春市,本科,,否,否,否,否,现役候选,是,,,,,,,3,0,是,0,,0,,https://www.cvit.edu.cn/
4122014052,吉林铁道职业技术大学,吉林省,吉林市,本科,,否,否,否,否,现役候选,是,,,,,,,1,0,是,0,,0,,https://www.jty.edu.cn/
3622000335,长春师范高等专科学校,吉林省,长春市,专科,,否,否,否,否,现役候选,是,,,,,,,2,0,是,0,,0,,https://www.ccnc.edu.cn/
4122010847,辽源职业技术学院,吉林省,辽源市,专科,,否,否,否,否,现役候选,是,,,,,,,2,0,是,0,,0,,https://lyvtc.edu.cn/
4122011044,四平职业大学,吉林省,四平市,专科,,否,否,否,否,现役候选,是,,,,,,,1,0,是,0,,0,,http://www.spvu.edu.cn/
4122011440,长春金融高等专科学校,吉林省,长春市,专科,,否,否,否,否,现役候选,是,,,,,,,1,0,是,0,,0,,https://www.cjgz.edu.cn/
4122011823,长春医学高等专科学校,吉林省,长春市,专科,,否,否,否,否,现役候选,是,,,,,,,2,0,是,0,,0,,https://www.ccmc.edu.cn/
4122012049,吉林交通职业技术学院,吉林省,长春市,专科,,否,否,否,否,现役候选,是,,,,,,,2,0,是,0,,0,,https://www.jljy.edu.cn/
4122012306,长春医药职业学院,吉林省,长春市,专科,,是,否,否,否,现役候选,是,,,,,,,1,0,是,0,,0,,http://www.dfzyxy.net/
4122012901,吉林司法警官职业学院,吉林省,长春市,专科,,否,否,否,否,现役候选,是,,,,,,,2,0,是,0,,0,,https://www.jlsfjy.cn/
4122012902,吉林电子信息职业技术学院,吉林省,吉林市,专科,,否,否,否,否,现役候选,是,,,,,,,3,0,是,0,,0,,https://www.jltc.edu.cn/
4122012903,吉林工业职业技术学院,吉林省,吉林市,专科,,否,否,否,否,现役候选,是,,,,,,,2,0,是,0,,0,,https://www.jvcit.edu.cn
4122012904,吉林工程职业学院,吉林省,四平市,专科,,否,否,否,否,现役候选,是,,,,,,,2,0,是,0,,0,,https://jlevc.cn/
4122013743,白城医学高等专科学校,吉林省,白城市,专科,,否,否,否,否,现役候选,是,,,,,,,2,0,是,0,,0,,https://www.bcmc.edu.cn/
4122013916,长春信息技术职业学院,吉林省,长春市,专科,,是,否,否,否,现役候选,是,,,,,,,4,0,是,0,,0,,https://www.citpc.edu.cn/
4122013917,松原职业技术学院,吉林省,松原市,专科,,否,否,否,否,现役候选,是,,,,,,,2,0,是,0,,0,,http://www.sypt.cn
4122014107,白城职业技术学院,吉林省,白城市,专科,,否,否,否,否,现役候选,是,,,,,,,2,0,是,0,,0,,https://www.bcvit.cn/
4122014190,长白山职业技术学院,吉林省,白山市,专科,,否,否,否,否,现役候选,是,,,,,,,2,0,是,0,,0,,https://www.cbsvtc.com.cn
4122014291,吉林科技职业技术学院,吉林省,长春市,专科,,是,否,否,否,现役候选,是,,,,,,,2,0,是,0,,0,,https://www.jilinkj.com/
4122014340,延边职业技术学院,吉林省,延边朝鲜族自治州,专科,,否,否,否,否,现役候选,是,,,,,,,2,0,是,0,,0,,http://www.ybvtc.com
4122014426,吉林城市职业技术学院,吉林省,长春市,专科,,是,否,否,否,现役候选,是,,,,,,,3,0,是,0,,0,,https://www.jlcsxy.com
4122014567,吉林职业技术学院,吉林省,延边朝鲜族自治州,专科,,是,否,否,否,现役候选,是,,,,,,,2,0,是,0,,0,,https://www.jlhtedu.com
4122014602,吉林水利电力职业学院,吉林省,长春市,专科,,否,否,否,否,现役候选,是,,,,,,,1,0,是,0,,0,,https://www.jlsy.edu.cn/
4122014603,长春健康职业学院,吉林省,长春市,专科,,是,否,否,否,现役候选,是,,,,,,,1,0,是,0,,0,,http://www.ccvch.com/
4122014701,长春早期教育职业学院,吉林省,长春市,专科,,是,否,否,否,现役候选,是,,,,,,,1,0,是,0,,0,,https://www.cczjxy.com/
4122014702,梅河口康美职业技术学院,吉林省,通化市,专科,,是,否,否,否,现役候选,是,,,,,,,1,0,是,0,,0,,https://www.mhkkmzyjsxy.com/
4122014743,吉林通用航空职业技术学院,吉林省,吉林市,专科,,否,否,否,否,现役候选,是,,,,,,,1,0,是,0,,0,,https://www.jlthedu.com/Web_Pro/index.aspx
4122014744,通化医药健康职业学院,吉林省,通化市,专科,,否,否,否,否,现役候选,是,,,,,,,1,0,是,0,,0,,https://www.thyyjkzyxy.org.cn/
4122014894,长春数字科技职业学院,吉林省,长春市,专科,,是,否,否,否,现役候选,是,,,,,,,1,0,是,0,,0,,http://www.ccszkj.com/index.html
4122014910,四平现代职业学院,吉林省,四平市,专科,,否,否,否,否,现役候选,是,,,,,,,1,0,是,0,,0,,http://spxdzyxy.cn/
4123010212,黑龙江大学,黑龙江省,哈尔滨市,本科,,否,否,否,否,现役候选,是,2026软科主榜 155,2026软科主榜 155,,,,,1,0,是,0,,0,,https://www.hlju.edu.cn/
4123010213,哈尔滨工业大学,黑龙江省,哈尔滨市,本科,,否,是,是,是,现役候选,是,2026软科主榜 12,2026软科主榜 12,,2027 190,,,4,0,是,0,,0,,https://www.hit.edu.cn
4123010214,哈尔滨理工大学,黑龙江省,哈尔滨市,本科,,否,否,否,否,现役候选,是,2026软科主榜 214,2026软科主榜 214,,,,,4,0,是,0,,0,,http://www.hrbust.edu.cn/
4123010217,哈尔滨工程大学,黑龙江省,哈尔滨市,本科,,否,否,是,是,现役候选,是,2026软科主榜 43,2026软科主榜 43,,,,,1,0,是,0,,0,,http://www.hrbeu.edu.cn/
4123010219,黑龙江科技大学,黑龙江省,哈尔滨市,本科,,否,否,否,否,现役候选,是,2026软科主榜 394,2026软科主榜 394,,,,,4,0,是,0,,0,,http://www.usth.edu.cn/
4123010220,东北石油大学,黑龙江省,大庆市,本科,,否,否,否,否,现役候选,是,2026软科主榜 213,2026软科主榜 213,,,,,4,0,是,0,,0,,https://www.nepu.edu.cn/
4123010222,佳木斯大学,黑龙江省,佳木斯市,本科,,否,否,否,否,现役候选,是,2026软科主榜 387,2026软科主榜 387,,,,,5,0,是,0,,0,,https://www.jmsu.edu.cn/
4123010223,黑龙江八一农垦大学,黑龙江省,大庆市,本科,,否,否,否,否,现役候选,是,2026软科主榜 301,2026软科主榜 301,,,,,2,0,是,0,,0,,https://www.byau.edu.cn/
4123010224,东北农业大学,黑龙江省,哈尔滨市,本科,,否,否,是,是,现役候选,是,2026软科主榜 120,2026软科主榜 120,,,,,1,0,是,0,,0,,https://www.neau.edu.cn
4123010225,东北林业大学,黑龙江省,哈尔滨市,本科,,否,否,是,是,现役候选,是,2026软科主榜 115,2026软科主榜 115,,,,,1,0,是,0,,0,,https://www.nefu.edu.cn/
4123010226,哈尔滨医科大学,黑龙江省,哈尔滨市,本科,,否,否,否,否,现役候选,是,2026软科分类标签 医8,2026软科分类标签 医8,,,,,3,0,是,0,,0,,https://www.hrbmu.edu.cn/
4123010228,黑龙江中医药大学,黑龙江省,哈尔滨市,本科,,否,否,否,否,现役候选,是,2026软科分类标签 中医16,2026软科分类标签 中医16,,,,,1,0,是,0,,0,,https://www.hljucm.net/
4123010229,牡丹江医科大学,黑龙江省,牡丹江市,本科,,否,否,否,否,现役候选,是,2026软科分类标签 医50,2026软科分类标签 医50,,,,,1,0,是,0,,0,,https://www.mdjmu.cn/
4123010231,哈尔滨师范大学,黑龙江省,哈尔滨市,本科,,否,否,否,否,现役候选,是,2026软科主榜 223,2026软科主榜 223,,,,,3,0,是,0,,0,,http://www.hrbnu.edu.cn/
4123010232,齐齐哈尔大学,黑龙江省,齐齐哈尔市,本科,,否,否,否,否,现役候选,是,2026软科主榜 381,2026软科主榜 381,,,,,3,0,是,0,,0,,https://www.qqhru.edu.cn/
4123010233,牡丹江师范学院,黑龙江省,牡丹江市,本科,,否,否,否,否,现役候选,是,2026软科主榜 468,2026软科主榜 468,,,,,1,0,是,0,,0,,http://www.mdjnu.cn/
4123010234,哈尔滨学院,黑龙江省,哈尔滨市,本科,,否,否,否,否,现役候选,是,2026软科主榜 469,2026软科主榜 469,,,,,1,0,是,0,,0,,http://www.hrbu.edu.cn/
4123010235,大庆师范学院,黑龙江省,大庆市,本科,,否,否,否,否,现役候选,是,2026软科分类标签 500+,2026软科分类标签 500+,,,,,3,0,是,0,,0,,https://www.dqsy.net
4123010236,绥化学院,黑龙江省,绥化市,本科,,否,否,否,否,现役候选,是,2026软科分类标签 500+,2026软科分类标签 500+,,,,,2,0,是,0,,0,,https://www.shxy.edu.cn/
4123010240,哈尔滨商业大学,黑龙江省,哈尔滨市,本科,,否,否,否,否,现役候选,是,2026软科分类标签 财34,2026软科分类标签 财34,,,,,2,0,是,0,,0,,https://www.hrbcu.edu.cn/
4123010242,哈尔滨体育学院,黑龙江省,哈尔滨市,本科,,否,否,否,否,现役候选,是,2026软科分类标签 体11,2026软科分类标签 体11,,,,,2,0,是,0,,0,,https://www.hrbipe.edu.cn/
4123010245,哈尔滨金融学院,黑龙江省,哈尔滨市,本科,,否,否,否,否,现役候选,是,2026软科分类标签 财46+,2026软科分类标签 财46+,,,,,1,0,是,0,,0,,https://www.hrbfu.edu.cn/
4123011230,齐齐哈尔医学院,黑龙江省,齐齐哈尔市,本科,,否,否,否,否,现役候选,是,2026软科分类标签 医50,2026软科分类标签 医50,,,,,2,0,是,0,,0,,https://www.qmu.edu.cn/
4123011445,黑龙江工业学院,黑龙江省,鸡西市,本科,,否,否,否,否,现役候选,是,2026软科分类标签 500+,2026软科分类标签 500+,,,,,2,0,是,0,,0,,https://www.hljut.edu.cn/
4123011446,黑龙江东方学院,黑龙江省,哈尔滨市,本科,,是,否,否,否,现役候选,是,2026软科主榜 66,2026软科主榜 66,,,,,1,0,是,0,,0,,https://www.hljeu.edu.cn
4123011635,哈尔滨信息工程学院,黑龙江省,哈尔滨市,本科,,是,否,否,否,现役候选,是,2026软科主榜 96,2026软科主榜 96,,,,,3,0,是,0,,0,,https://www.greathiit.com
4123011802,黑龙江工程学院,黑龙江省,哈尔滨市,本科,,否,否,否,否,现役候选,是,2026软科主榜 455,2026软科主榜 455,,,,,1,0,是,0,,0,,http://www.hljit.edu.cn/
4123012729,齐齐哈尔工程学院,黑龙江省,齐齐哈尔市,本科,,是,否,否,否,现役候选,是,2026软科分类标签 100+,2026软科分类标签 100+,,,,,2,0,是,0,,0,,https://www.qqhrit.edu.cn/
4123013296,黑龙江外国语学院,黑龙江省,哈尔滨市,本科,,是,否,否,否,现役候选,是,2026软科分类标签 语5,2026软科分类标签 语5,,,,,1,0,是,0,,0,,https://www.hiu.edu.cn/
4123013298,黑龙江财经学院,黑龙江省,哈尔滨市,本科,,是,否,否,否,现役候选,是,2026软科分类标签 财27+,2026软科分类标签 财27+,,,,,1,0,是,0,,0,,https://www.hfu.edu.cn/
4123013299,哈尔滨石油学院,黑龙江省,哈尔滨市,本科,,是,否,否,否,现役候选,是,2026软科分类标签 100+,2026软科分类标签 100+,,,,,1,0,是,0,,0,,https://www.hip.edu.cn
4123013300,黑龙江工商学院,黑龙江省,哈尔滨市,本科,,是,否,否,否,现役候选,是,2026软科分类标签 100+,2026软科分类标签 100+,,,,,3,0,是,0,,0,,https://www.hibu.edu.cn/
4123013301,哈尔滨远东理工学院,黑龙江省,哈尔滨市,本科,,是,否,否,否,现役候选,是,2026软科分类标签 100+,2026软科分类标签 100+,,,,,1,0,是,0,,0,,https://www.hfeit.edu.cn/
4123013303,哈尔滨剑桥学院,黑龙江省,哈尔滨市,本科,,是,否,否,否,现役候选,是,2026软科分类标签 100+,2026软科分类标签 100+,,,,,1,0,是,0,,0,,https://www.hcc.edu.cn/
4123013304,黑龙江工程学院昆仑旅游学院,黑龙江省,哈尔滨市,本科,,是,否,否,否,现役候选,是,,,,,,,1,0,是,0,,0,,https://www.hljkltc.edu.cn
4123013306,哈尔滨广厦学院,黑龙江省,哈尔滨市,本科,,是,否,否,否,现役候选,是,2026软科分类标签 100+,2026软科分类标签 100+,,,,,1,0,是,0,,0,,https://www.gsxy.cn/
4123013307,哈尔滨华德学院,黑龙江省,哈尔滨市,本科,,是,否,否,否,现役候选,是,2026软科分类标签 100+,2026软科分类标签 100+,,,,,1,0,是,0,,0,,https://www.hhdu.edu.cn
4123013744,黑河学院,黑龙江省,黑河市,本科,,否,否,否,否,现役候选,是,2026软科分类标签 500+,2026软科分类标签 500+,,,,,1,0,是,0,,0,,https://www.hhxy.edu.cn
4123014560,哈尔滨音乐学院,黑龙江省,哈尔滨市,本科,,否,否,否,否,现役候选,是,,,,,,,1,0,是,0,,0,,https://www.hrbcm.edu.cn
4123012911,哈尔滨职业技术大学,黑龙江省,哈尔滨市,本科,,否,否,否,否,现役候选,是,,,,,,,4,0,是,0,,0,,http://www.hrbzy.edu.cn/
4123012726,黑龙江农业工程职业技术大学,黑龙江省,哈尔滨市,本科,,否,否,否,否,现役候选,是,,,,,,,2,0,是,0,,0,,http://www.hngzy.edu.cn/
4123012053,哈尔滨建筑科技职业大学,黑龙江省,哈尔滨市,本科,,否,否,否,否,现役候选,是,,,,,,,1,0,是,0,,0,,https://www.hict.org.cn/
4123010238,齐齐哈尔高等师范专科学校,黑龙江省,齐齐哈尔市,专科,,否,否,否,否,现役候选,是,,,,,,,2,0,是,0,,0,,https://www.qqhrtc.com/
4123010872,伊春职业学院,黑龙江省,伊春市,专科,,否,否,否,否,现役候选,是,,,,,,,2,0,是,0,,0,,https://www.yczyxy.org.cn/
4123011046,牡丹江大学,黑龙江省,牡丹江市,专科,,否,否,否,否,现役候选,是,,,,,,,3,0,是,0,,0,,https://new.mdjdx.cn/html/mdj/index.html
4123011449,黑龙江职业学院,黑龙江省,哈尔滨市,专科,,否,否,否,否,现役候选,是,,,,,,,3,0,是,0,,0,,https://www.hljp.edu.cn
4123012490,黑龙江艺术职业学院,黑龙江省,哈尔滨市,专科,,否,否,否,否,现役候选,是,,,,,,,2,0,是,0,,0,,http://hljyzy.org.cn/
4123012718,大庆职业学院,黑龙江省,大庆市,专科,,否,否,否,否,现役候选,是,,,,,,,2,0,是,0,,0,,https://www.dqzyxy.net/
4123012724,黑龙江林业职业技术学院,黑龙江省,牡丹江市,专科,,否,否,否,否,现役候选,是,,,,,,,2,0,是,0,,0,,https://www.hljlzy.com/
4123012725,黑龙江农业职业技术学院,黑龙江省,佳木斯市,专科,,否,否,否,否,现役候选,是,,,,,,,1,0,是,0,,0,,http://www.hljnzy.edu.cn/
4123012727,黑龙江农垦职业学院,黑龙江省,哈尔滨市,专科,,否,否,否,否,现役候选,是,,,,,,,2,0,是,0,,0,,https://www.hljnkzy.edu.cn/index.htm
4123012728,黑龙江司法警官职业学院,黑龙江省,哈尔滨市,专科,,否,否,否,否,现役候选,是,,,,,,,1,0,是,0,,0,,https://www.hljsfjy.org.cn
4123012905,鹤岗师范高等专科学校,黑龙江省,鹤岗市,专科,,否,否,否,否,现役候选,是,,,,,,,2,0,是,0,,0,,https://www.hgtc.org.cn/
4123012906,哈尔滨电力职业技术学院,黑龙江省,哈尔滨市,专科,,否,否,否,否,现役候选,是,,,,,,,1,0,是,0,,0,,http://hdyzs.zjzw.cn/
4123012907,哈尔滨铁道职业技术学院,黑龙江省,哈尔滨市,专科,,否,否,否,否,现役候选,是,,,,,,,1,0,是,0,,0,,https://www.htxy.net/
4123012908,大兴安岭职业学院,黑龙江省,大兴安岭地区,专科,,否,否,否,否,现役候选,是,,,,,,,2,0,是,0,,0,,https://www.dxalu.org.cn/
4123012910,黑龙江农业经济职业学院,黑龙江省,牡丹江市,专科,,否,否,否,否,现役候选,是,,,,,,,2,0,是,0,,0,,https://www.hnyjj.org.cn/
4123013302,哈尔滨传媒职业学院,黑龙江省,哈尔滨市,专科,,是,否,否,否,现役候选,是,,,,,,,2,0,是,0,,0,,https://www.hrbmcc.com/
4123013448,黑龙江商业职业学院,黑龙江省,牡丹江市,专科,,否,否,否,否,现役候选,是,,,,,,,2,0,是,0,,0,,https://www.hljszy.org.cn/
4123013449,黑龙江公安警官职业学院,黑龙江省,哈尔滨市,专科,,否,否,否,否,现役候选,是,,,,,,,1,0,是,0,,0,,http://www.hlpolice.gov.cn
4123013451,哈尔滨城市职业学院,黑龙江省,哈尔滨市,专科,,是,否,否,否,现役候选,是,,,,,,,1,0,是,0,,0,,https://www.13451.cn/
4123013729,黑龙江旅游职业技术学院,黑龙江省,哈尔滨市,专科,,否,否,否,否,现役候选,是,,,,,,,3,0,是,0,,0,,http://www.ljlyzy.org.cn/
4123013730,黑龙江三江美术职业学院,黑龙江省,佳木斯市,专科,,是,否,否,否,现役候选,是,,,,,,,4,0,是,0,,0,,https://www.sjmsxy.net.cn/
4123013731,黑龙江生态工程职业学院,黑龙江省,哈尔滨市,专科,,否,否,否,否,现役候选,是,,,,,,,1,0,是,0,,0,,http://www.hljstgc.org.cn/
4123013732,黑龙江能源职业学院,黑龙江省,双鸭山市,专科,,否,否,否,否,现役候选,是,,,,,,,1,0,是,0,,0,,http://www.hljnyzy.org.cn/
4123013918,七台河职业学院,黑龙江省,七台河市,专科,,否,否,否,否,现役候选,是,,,,,,,2,0,是,0,,0,,https://www.qthzyxy.edu.cn/
4123013935,黑龙江民族职业学院,黑龙江省,哈尔滨市,专科,,否,否,否,否,现役候选,是,,,,,,,1,0,是,0,,0,,http://www.hljmzzyxy.org.cn/
4123014017,大庆医学高等专科学校,黑龙江省,大庆市,专科,,否,否,否,否,现役候选,是,,,,,,,2,0,是,0,,0,,http://www.dqygz.com/
4123014053,黑龙江交通职业技术学院,黑龙江省,哈尔滨市,专科,,否,否,否,否,现役候选,是,,,,,,,5,0,是,0,,0,,https://www.hljtp.edu.cn/
4123014055,哈尔滨应用职业技术学院,黑龙江省,哈尔滨市,专科,,是,否,否,否,现役候选,是,,,,,,,1,0,是,0,,0,,https://www.hyyzy.com
4123014095,黑龙江幼儿师范高等专科学校,黑龙江省,牡丹江市,专科,,否,否,否,否,现役候选,是,,,,,,,1,0,是,0,,0,,http://www.hljys.cn/
4123014108,哈尔滨科学技术职业学院,黑龙江省,哈尔滨市,专科,,否,否,否,否,现役候选,是,,,,,,,1,0,是,0,,0,,https://www.hrbkjzy.org.cn/
4123014178,佳木斯职业学院,黑龙江省,佳木斯市,专科,,否,否,否,否,现役候选,是,,,,,,,2,0,是,0,,0,,https://www.jmszy.org.cn/
4123014272,黑龙江护理高等专科学校,黑龙江省,哈尔滨市,专科,,否,否,否,否,现役候选,是,,,,,,,5,0,是,0,,0,,https://www.hljnc.edu.cn/
4123014400,齐齐哈尔理工职业学院,黑龙江省,齐齐哈尔市,专科,,是,否,否,否,现役候选,是,,,,,,,2,0,是,0,,0,,https://www.qlgxy.com
4123014425,哈尔滨幼儿师范高等专科学校,黑龙江省,哈尔滨市,专科,,否,否,否,否,现役候选,是,,,,,,,1,0,是,0,,0,,https://www.hayouzhuan.org.cn
4123014540,黑龙江冰雪体育职业学院,黑龙江省,哈尔滨市,专科,,否,否,否,否,现役候选,是,,,,,,,2,0,是,0,,0,,https://www.vcws.org.cn/
4123014633,哈尔滨北方航空职业技术学院,黑龙江省,哈尔滨市,专科,,是,否,否,否,现役候选,是,,,,,,,1,0,是,0,,0,,https://www.habeihang.com/
4123014911,哈尔滨商贸职业学院,黑龙江省,哈尔滨市,专科,,是,否,否,否,现役候选,是,,,,,,,1,0,是,0,,0,,https://www.hrbsmvc.cn/web/#/
4123014912,齐齐哈尔立德健康职业学院,黑龙江省,齐齐哈尔市,专科,,是,否,否,否,现役候选,是,,,,,,,1,1,是,0,,0,,http://www.qlxedu.com
4123014956,哈尔滨健康职业学院,黑龙江省,哈尔滨市,专科,,是,否,否,否,现役候选,是,,,,,,,1,1,是,0,,0,,
4131010246,复旦大学,上海市,上海市,本科,,否,是,是,是,现役候选,是,2026软科 5,2026 5,,2027 26,2026 36,,4,0,是,0,,0,,https://www.fudan.edu.cn
4131010247,同济大学,上海市,上海市,本科,,否,是,是,是,现役候选,是,2026软科主榜 18,2026软科主榜 18,,,,,5,0,是,0,,0,,https://www.tongji.edu.cn
4131010248,上海交通大学,上海市,上海市,本科,,否,是,是,是,现役候选,是,2026软科 4,2026 4,,2027 36,2026 40,2026 27,10,0,是,0,,0,,https://www.sjtu.edu.cn/
4131010251,华东理工大学,上海市,上海市,本科,,否,否,是,是,现役候选,是,2026软科主榜 42,2026软科主榜 42,,,,,3,0,是,0,,0,,https://www.ecust.edu.cn/
4131010252,上海理工大学,上海市,上海市,本科,,否,否,否,否,现役候选,是,2026软科主榜 106,2026软科主榜 106,,,,,3,0,是,0,,0,,https://www.usst.edu.cn/
4131010254,上海海事大学,上海市,上海市,本科,,否,否,否,否,现役候选,是,2026软科主榜 171,2026软科主榜 171,,,,,4,0,是,0,,0,,https://www.shmtu.edu.cn/
4131010255,东华大学,上海市,上海市,本科,,否,否,是,是,现役候选,是,2026软科主榜 72,2026软科主榜 72,,,,,3,0,是,0,,0,,https://www.dhu.edu.cn/
4131010256,上海电力大学,上海市,上海市,本科,,否,否,否,否,现役候选,是,2026软科主榜 188,2026软科主榜 188,,,,,2,0,是,0,,0,,https://www.shiep.edu.cn
4131010259,上海应用技术大学,上海市,上海市,本科,,否,否,否,否,现役候选,是,2026软科主榜 242,2026软科主榜 242,,,,,2,0,是,0,,0,,https://www.sit.edu.cn
4131010262,上海健康医学院,上海市,上海市,本科,,否,否,否,否,现役候选,是,2026软科分类标签 医44,2026软科分类标签 医44,,,,,1,0,是,0,,0,,https://www.sumhs.edu.cn/
4131010264,上海海洋大学,上海市,上海市,本科,,否,否,否,是,现役候选,是,2026软科主榜 142,2026软科主榜 142,,,,,3,0,是,0,,0,,https://www.shou.edu.cn/
4131010268,上海中医药大学,上海市,上海市,本科,,否,否,否,是,现役候选,是,2026软科分类标签 中医2,2026软科分类标签 中医2,,,,,1,0,是,0,,0,,https://www.shutcm.edu.cn/
4131010269,华东师范大学,上海市,上海市,本科,,否,是,是,是,现役候选,是,2026软科主榜 29,2026软科主榜 29,,,,,4,0,是,0,,0,,https://www.ecnu.edu.cn/
4131010270,上海师范大学,上海市,上海市,本科,,否,否,否,否,现役候选,是,2026软科主榜 123,2026软科主榜 123,,,,,2,0,是,0,,0,,https://www.shnu.edu.cn/
4131010271,上海外国语大学,上海市,上海市,本科,,否,否,是,是,现役候选,是,2026软科分类标签 语2,2026软科分类标签 语2,,,,,2,0,是,0,,0,,https://www.shisu.edu.cn/
4131010272,上海财经大学,上海市,上海市,本科,,否,否,是,是,现役候选,是,2026软科分类标签 财1,2026软科分类标签 财1,,,,,6,0,是,0,,0,,https://www.sufe.edu.cn/
4131010273,上海对外经贸大学,上海市,上海市,本科,,否,否,否,否,现役候选,是,2026软科分类标签 财14,2026软科分类标签 财14,,,,,4,0,是,0,,0,,https://www.suibe.edu.cn/
4131010274,上海海关学院,上海市,上海市,本科,,否,否,否,否,现役候选,是,2026软科主榜 276,2026软科主榜 276,,,,,3,0,是,0,,0,,https://www.shcc.edu.cn/
4131010276,华东政法大学,上海市,上海市,本科,,否,否,否,否,现役候选,是,2026软科分类标签 政2,2026软科分类标签 政2,,,,,4,0,是,0,,0,,https://www.ecupl.edu.cn/
4131010277,上海体育大学,上海市,上海市,本科,,否,否,否,是,现役候选,是,2026软科分类标签 体1,2026软科分类标签 体1,,,,,3,0,是,0,,0,,https://www.sus.edu.cn/
4131010278,上海音乐学院,上海市,上海市,本科,,否,否,否,是,现役候选,是,,,,,,,3,0,是,0,,0,,https://www.shcmusic.edu.cn
4131010279,上海戏剧学院,上海市,上海市,本科,,否,否,否,否,现役候选,是,,,,,,,5,0,是,0,,0,,https://www.sta.edu.cn/
4131010280,上海大学,上海市,上海市,本科,,否,否,是,是,现役候选,是,2026软科主榜 60,2026软科主榜 60,,,,,4,0,是,0,,0,,https://www.shu.edu.cn/
4131010283,上海公安学院,上海市,上海市,本科,,否,否,否,否,现役候选,是,2026软科分类标签 政25,2026软科分类标签 政25,,,,,2,0,是,0,,0,,https://www.shpc.edu.cn/gaxy/
4131010856,上海工程技术大学,上海市,上海市,本科,,否,否,否,否,现役候选,是,2026软科主榜 237,2026软科主榜 237,,,,,3,0,是,0,,0,,https://www.sues.edu.cn/
4131011047,上海立信会计金融学院,上海市,上海市,本科,,否,否,否,否,现役候选,是,2026软科分类标签 财27,2026软科分类标签 财27,,,,,4,0,是,0,,0,,https://www.lixin.edu.cn/
4131011458,上海电机学院,上海市,上海市,本科,,否,否,否,否,现役候选,是,2026软科主榜 332,2026软科主榜 332,,,,,4,0,是,0,,0,,https://www.sdju.edu.cn/
4131011833,上海杉达学院,上海市,上海市,本科,,是,否,否,否,现役候选,是,2026软科分类标签 财4,2026软科分类标签 财4,,,,,4,0,是,0,,0,,https://www.sandau.edu.cn/
4131011835,上海政法学院,上海市,上海市,本科,,否,否,否,否,现役候选,是,2026软科分类标签 政6,2026软科分类标签 政6,,,,,2,0,是,0,,0,,https://www.shupl.edu.cn/
4131012044,上海第二工业大学,上海市,上海市,本科,,否,否,否,否,现役候选,是,2026软科主榜 327,2026软科主榜 327,,,,,3,0,是,0,,0,,https://www.sspu.edu.cn/
4131012050,上海商学院,上海市,上海市,本科,,否,否,否,否,现役候选,是,2026软科分类标签 财39,2026软科分类标签 财39,,,,,7,0,是,0,,0,,https://www.sbs.edu.cn/
4131012587,上海立达学院,上海市,上海市,本科,,是,否,否,否,现役候选,是,2026软科分类标签 100+,2026软科分类标签 100+,,,,,1,0,是,0,,0,,https://www.lidapoly.edu.cn/
4131012799,上海建桥学院,上海市,上海市,本科,,是,否,否,否,现役候选,是,2026软科主榜 27,2026软科主榜 27,,,,,2,0,是,0,,0,,https://www.gench.edu.cn/
4131012914,上海兴伟学院,上海市,上海市,本科,,是,否,否,否,现役候选,是,,,,,,,1,0,是,0,,0,,https://www.xingwei.edu.cn/
4131012915,上海中侨职业技术大学,上海市,上海市,本科,,是,否,否,否,现役候选,是,,,,,,,1,0,是,0,,0,,https://www.shzq.edu.cn
4131013632,上海视觉艺术学院,上海市,上海市,本科,,是,否,否,否,现役候选,是,,,,,,,2,0,是,0,,0,,https://www.siva.edu.cn/
4131013636,上海外国语大学贤达经济人文学院,上海市,上海市,本科,,是,否,否,否,现役候选,是,,,,,,,2,0,是,0,,0,,https://www.xdsisu.edu.cn/
4131013893,上海师范大学天华学院,上海市,上海市,本科,,是,否,否,否,现役候选,是,,,,,,,2,0,是,0,,0,,https://www.sthu.cn/
4131014423,上海科技大学,上海市,上海市,本科,,否,否,否,是,现役候选,是,2026软科主榜 47,2026软科主榜 47,,,,,2,0,是,0,,0,,https://www.shanghaitech.edu.cn/
4131016404,上海纽约大学,上海市,上海市,本科,,否,否,否,否,现役候选,是,2026软科分类标签 合作3,2026软科分类标签 合作3,,,,,1,0,是,0,,0,,https://shanghai.nyu.edu/cn
4131010275,上海旅游高等专科学校,上海市,上海市,专科,,否,否,否,否,现役候选,是,,,,,,,1,0,是,0,,0,,https://www.sitsh.edu.cn/
4131010851,上海东海职业技术学院,上海市,上海市,专科,,是,否,否,否,现役候选,是,,,,,,,1,0,是,0,,0,,https://www.esu.edu.cn/
4131010852,上海工商职业技术学院,上海市,上海市,专科,,是,否,否,否,现役候选,是,,,,,,,4,0,是,0,,0,,https://www.sicp.edu.cn/
4131011733,上海出版印刷高等专科学校,上海市,上海市,专科,,否,否,否,否,现役候选,是,,,,,,,3,0,是,0,,0,,https://www.sppc.edu.cn
4131012493,上海行健职业学院,上海市,上海市,专科,,否,否,否,否,现役候选,是,,,,,,,2,0,是,0,,0,,http://www.shxj.edu.cn/
4131012495,上海城建职业学院,上海市,上海市,专科,,否,否,否,否,现役候选,是,,,,,,,4,0,是,0,,0,,https://www.succ.edu.cn
4131012497,上海交通职业技术学院,上海市,上海市,专科,,否,否,否,否,现役候选,是,,,,,,,5,0,是,0,,0,,https://www.scp.edu.cn/
4131012498,上海海事职业技术学院,上海市,上海市,专科,,否,否,否,否,现役候选,是,,,,,,,2,0,是,0,,0,,https://www.sma.edu.cn
4131012499,上海电子信息职业技术学院,上海市,上海市,专科,,否,否,否,否,现役候选,是,,,,,,,4,0,是,0,,0,,https://www.stiei.edu.cn/
4131012583,上海震旦职业学院,上海市,上海市,专科,,是,否,否,否,现役候选,是,,,,,,,3,0,是,0,,0,,https://www.aurora-college.cn/
4131012584,上海民远职业技术学院,上海市,上海市,专科,,是,否,否,否,现役候选,是,,,,,,,1,0,是,0,,0,,https://www.shmy.edu.cn
4131012585,上海欧华职业技术学院,上海市,上海市,专科,,是,否,否,否,办学许可证已废止,否,,,,,,,0,0,否,0,,0,,
4131012586,上海思博职业技术学院,上海市,上海市,专科,,是,否,否,否,现役候选,是,,,,,,,1,0,是,0,,0,,https://sipo.sicfl.edu.cn/
4131012588,上海工艺美术职业学院,上海市,上海市,专科,,否,否,否,否,现役候选,是,,,,,,,2,0,是,0,,0,,https://www.sada.edu.cn/
4131012798,上海济光职业技术学院,上海市,上海市,专科,,是,否,否,否,现役候选,是,,,,,,,2,0,是,0,,0,,https://www.shjgu.edu.cn/
4131012800,上海工商外国语职业学院,上海市,上海市,专科,,是,否,否,否,现役候选,是,,,,,,,2,0,是,0,,0,,https://www.sicfl.edu.cn/
4131012801,上海科学技术职业学院,上海市,上海市,专科,,否,否,否,否,现役候选,是,,,,,,,2,0,是,0,,0,,https://www.scst.edu.cn/
4131012912,上海农林职业技术学院,上海市,上海市,专科,,否,否,否,否,现役候选,是,,,,,,,1,0,是,0,,0,,https://www.shafc.edu.cn/
4131012913,上海邦德职业技术学院,上海市,上海市,专科,,是,否,否,否,现役候选,是,,,,,,,2,0,是,0,,0,,https://www.shbangde.com/
4131013747,上海电影艺术职业学院,上海市,上海市,专科,,是,否,否,否,现役候选,是,,,,,,,2,0,是,0,,0,,https://www.shfilmart.com/
4131013907,上海中华职业技术学院,上海市,上海市,专科,,是,否,否,否,现役候选,是,,,,,,,1,0,是,0,,0,,https://www.shzhc.edu.cn/
4131014023,上海工会管理职业学院,上海市,上海市,专科,,否,否,否,否,已剥离学历教育功能,否,,,,,,,0,0,否,0,,0,,
4131014394,上海民航职业技术学院,上海市,上海市,专科,,否,否,否,否,现役候选,是,,,,,,,3,0,是,0,,0,,https://www.shcac.edu.cn/
4131014745,上海南湖职业技术学院,上海市,上海市,专科,,否,否,否,否,现役候选,是,,,,,,,4,0,是,0,,0,,https://www.shnhvtc.edu.cn/
4131014778,上海科创职业技术学院,上海市,上海市,专科,,否,否,否,否,现役候选,是,,,,,,,1,0,是,0,,0,,http://www.shtivc.edu.cn/
4131014779,上海闵行职业技术学院,上海市,上海市,专科,,否,否,否,否,现役候选,是,,,,,,,1,0,是,0,,0,,https://smp.mhedu.sh.cn/zhmh/site/mh1/index
4131014780,上海现代化工职业学院,上海市,上海市,专科,,否,否,否,否,现役候选,是,,,,,,,1,0,是,0,,0,,https://spa.jsedu.sh.cn/
4131014781,上海建设管理职业技术学院,上海市,上海市,专科,,否,否,否,否,现役候选,是,,,,,,,3,0,是,0,,0,,https://www.shcmc.edu.cn/
4131014895,上海浦东职业技术学院,上海市,上海市,专科,,否,否,否,否,现役候选,是,,,,,,,2,0,是,0,,0,,https://www.shspdc.edu.cn/
4132010284,南京大学,江苏省,南京市,本科,,否,是,是,是,现役候选,是,2026软科 6,2026 6,,2027 =90,2026 =62,,4,0,是,0,,0,,https://www.nju.edu.cn/
4132010285,苏州大学,江苏省,苏州市,本科,,否,否,是,是,现役候选,是,2026软科主榜 46,2026软科主榜 46,,,,,6,0,是,0,,0,,https://www.suda.edu.cn/
4132010286,东南大学,江苏省,南京市,本科,,否,是,是,是,现役候选,是,2026软科主榜 15,2026软科主榜 15,,,,,7,0,是,0,,0,,https://www.seu.edu.cn/
4132010287,南京航空航天大学,江苏省,南京市,本科,,否,否,是,是,现役候选,是,2026软科主榜 37,2026软科主榜 37,,,,,4,0,是,0,,0,,https://www.nuaa.edu.cn/
4132010288,南京理工大学,江苏省,南京市,本科,,否,否,是,是,现役候选,是,2026软科主榜 36,2026软科主榜 36,,,,,3,0,是,0,,0,,https://www.njust.edu.cn/
4132010289,江苏科技大学,江苏省,镇江市,本科,,否,否,否,否,现役候选,是,2026软科主榜 141,2026软科主榜 141,,,,,10,0,是,0,,0,,https://www.just.edu.cn/
4132010290,中国矿业大学,江苏省,徐州市,本科,,否,否,是,是,现役候选,是,2026软科主榜 67,2026软科主榜 67,,,,,2,0,是,0,,0,,https://www.cumt.edu.cn/
4132010291,南京工业大学,江苏省,南京市,本科,,否,否,否,否,现役候选,是,2026软科主榜 88,2026软科主榜 88,,,,,5,0,是,0,,0,,https://www.njtech.edu.cn/
4132010292,常州大学,江苏省,常州市,本科,,否,否,否,否,现役候选,是,2026软科主榜 165,2026软科主榜 165,,,,,5,0,是,0,,0,,https://www.cczu.edu.cn
4132010293,南京邮电大学,江苏省,南京市,本科,,否,否,否,是,现役候选,是,2026软科主榜 82,2026软科主榜 82,,,,,5,0,是,0,,0,,https://www.njupt.edu.cn
4132010294,河海大学,江苏省,南京市,本科,,否,否,是,是,现役候选,是,2026软科主榜 63,2026软科主榜 63,,,,,4,0,是,0,,0,,https://www.hhu.edu.cn/
4132010295,江南大学,江苏省,无锡市,本科,,否,否,是,是,现役候选,是,2026软科主榜 52,2026软科主榜 52,,,,,4,0,是,0,,0,,https://www.jiangnan.edu.cn/
4132010298,南京林业大学,江苏省,南京市,本科,,否,否,否,是,现役候选,是,2026软科主榜 93,2026软科主榜 93,,,,,4,0,是,0,,0,,https://www.njfu.edu.cn/
4132010299,江苏大学,江苏省,镇江市,本科,,否,否,否,否,现役候选,是,2026软科主榜 81,2026软科主榜 81,,,,,6,0,是,0,,0,,https://www.ujs.edu.cn/
4132010300,南京信息工程大学,江苏省,南京市,本科,,否,否,否,是,现役候选,是,2026软科主榜 98,2026软科主榜 98,,,,,4,0,是,0,,0,,https://www.nuist.edu.cn/
4132010304,南通大学,江苏省,南通市,本科,,否,否,否,否,现役候选,是,2026软科主榜 147,2026软科主榜 147,,,,,6,0,是,0,,0,,https://www.ntu.edu.cn
4132010305,盐城工学院,江苏省,盐城市,本科,,否,否,否,否,现役候选,是,2026软科主榜 334,2026软科主榜 334,,,,,4,0,是,0,,0,,https://www.ycit.cn/
4132010307,南京农业大学,江苏省,南京市,本科,,否,否,是,是,现役候选,是,2026软科主榜 55,2026软科主榜 55,,,,,7,0,是,0,,0,,https://www.njau.edu.cn/
4132010312,南京医科大学,江苏省,南京市,本科,,否,否,否,是,现役候选,是,2026软科分类标签 医4,2026软科分类标签 医4,,,,,2,0,是,0,,0,,https://www.njmu.edu.cn/
4132010313,徐州医科大学,江苏省,徐州市,本科,,否,否,否,否,现役候选,是,2026软科分类标签 医19,2026软科分类标签 医19,,,,,3,0,是,0,,0,,https://www.xzhmu.edu.cn/
4132010315,南京中医药大学,江苏省,南京市,本科,,否,否,否,是,现役候选,是,2026软科分类标签 中医3,2026软科分类标签 中医3,,,,,3,0,是,0,,0,,https://www.njucm.edu.cn/
4132010316,中国药科大学,江苏省,南京市,本科,,否,否,是,是,现役候选,是,2026软科分类标签 医10,2026软科分类标签 医10,,,,,2,0,是,0,,0,,https://www.cpu.edu.cn/
4132010319,南京师范大学,江苏省,南京市,本科,,否,否,是,是,现役候选,是,2026软科主榜 58,2026软科主榜 58,,,,,3,0,是,0,,0,,https://www.njnu.edu.cn/
4132010320,江苏师范大学,江苏省,徐州市,本科,,否,否,否,否,现役候选,是,2026软科主榜 172,2026软科主榜 172,,,,,7,0,是,0,,0,,http://www.jsnu.edu.cn/
4132010323,淮阴师范学院,江苏省,淮安市,本科,,否,否,否,否,现役候选,是,2026软科主榜 331,2026软科主榜 331,,,,,2,0,是,0,,0,,https://www.hytc.edu.cn/
4132010324,盐城师范学院,江苏省,盐城市,本科,,否,否,否,否,现役候选,是,2026软科主榜 350,2026软科主榜 350,,,,,3,0,是,0,,0,,https://www.yctu.edu.cn/
4132010327,南京财经大学,江苏省,南京市,本科,,否,否,否,否,现役候选,是,2026软科分类标签 财10,2026软科分类标签 财10,,,,,4,0,是,0,,0,,https://www.nufe.edu.cn/
4132010329,江苏警官学院,江苏省,南京市,本科,,否,否,否,否,现役候选,是,2026软科分类标签 政10,2026软科分类标签 政10,,,,,3,0,是,0,,0,,https://www.jspi.cn/
4132010330,南京体育学院,江苏省,南京市,本科,,否,否,否,否,现役候选,是,2026软科分类标签 体6,2026软科分类标签 体6,,,,,3,0,是,0,,0,,https://www.nipes.cn/
4132010331,南京艺术学院,江苏省,南京市,本科,,否,否,否,否,现役候选,是,,,,,,,1,0,是,0,,0,,https://www.nua.edu.cn/
4132010332,苏州科技大学,江苏省,苏州市,本科,,否,否,否,否,现役候选,是,2026软科主榜 217,2026软科主榜 217,,,,,4,0,是,0,,0,,https://www.usts.edu.cn/
4132010333,苏州工学院,江苏省,苏州市,本科,,否,否,否,否,现役候选,是,2026软科主榜 287,2026软科主榜 287,,,,,2,0,是,0,,0,,https://www.szut.edu.cn/
4132010850,南京工业职业技术大学,江苏省,南京市,本科,,否,否,否,否,现役候选,是,,,,,,,3,0,是,0,,0,,https://www.niit.edu.cn/
4132011049,淮安大学,江苏省,淮安市,本科,,否,否,否,否,现役候选,是,2026软科主榜 317,2026软科主榜 317,,,,,3,0,是,0,,0,,https://www.hyit.edu.cn/
4132011055,常州工学院,江苏省,常州市,本科,,否,否,否,否,现役候选,是,2026软科主榜 336,2026软科主榜 336,,,,,2,0,是,0,,0,,https://www.czu.cn/
4132011117,扬州大学,江苏省,扬州市,本科,,否,否,否,否,现役候选,是,2026软科主榜 93,2026软科主榜 93,,,,,10,0,是,0,,0,,https://www.yzu.edu.cn/
4132011122,三江学院,江苏省,南京市,本科,,是,否,否,否,现役候选,是,2026软科主榜 31,2026软科主榜 31,,,,,6,0,是,0,,0,,https://www.sju.edu.cn/
4132011276,南京工程学院,江苏省,南京市,本科,,否,否,否,否,现役候选,是,2026软科主榜 273,2026软科主榜 273,,,,,2,0,是,0,,0,,https://www.njit.edu.cn/
4132011287,南京审计大学,江苏省,南京市,本科,,否,否,否,否,现役候选,是,2026软科分类标签 财15,2026软科分类标签 财15,,,,,3,0,是,0,,0,,https://www.nau.edu.cn/
4132011460,南京晓庄学院,江苏省,南京市,本科,,否,否,否,否,现役候选,是,2026软科主榜 333,2026软科主榜 333,,,,,4,0,是,0,,0,,https://www.njxzc.edu.cn/
4132011463,江苏理工学院,江苏省,常州市,本科,,否,否,否,否,现役候选,是,2026软科主榜 347,2026软科主榜 347,,,,,1,0,是,0,,0,,http://www.jstu.edu.cn/
4132011641,江苏海洋大学,江苏省,连云港市,本科,,否,否,否,否,现役候选,是,2026软科主榜 325,2026软科主榜 325,,,,,6,0,是,0,,0,,https://www.jou.edu.cn/
4132011998,徐州工程学院,江苏省,徐州市,本科,,否,否,否,否,现役候选,是,2026软科主榜 363,2026软科主榜 363,,,,,3,0,是,0,,0,,https://www.xzit.edu.cn/
4132012048,南京特殊教育师范学院,江苏省,南京市,本科,,否,否,否,否,现役候选,是,2026软科主榜 448,2026软科主榜 448,,,,,3,0,是,0,,0,,https://www.njts.edu.cn/
4132012056,南通理工学院,江苏省,南通市,本科,,是,否,否,否,现役候选,是,2026软科主榜 82,2026软科主榜 82,,,,,3,0,是,0,,0,,https://www.ntit.edu.cn/
4132012213,南京警察学院,江苏省,南京市,本科,,否,否,否,否,现役候选,是,2026软科分类标签 政12,2026软科分类标签 政12,,,,,3,0,是,0,,0,,https://www.njpu.edu.cn
4132012689,东南大学成贤学院,江苏省,南京市,本科,,是,否,否,否,现役候选,是,,,,,,,2,0,是,0,,0,,http://cxxy.seu.edu.cn
4132012917,泰州学院,江苏省,泰州市,本科,,否,否,否,否,现役候选,是,2026软科分类标签 500+,2026软科分类标签 500+,,,,,2,0,是,0,,0,,https://www.tzu.edu.cn/
4132013571,无锡太湖学院,江苏省,无锡市,本科,,是,否,否,否,现役候选,是,2026软科主榜 19,2026软科主榜 19,,,,,2,0,是,0,,0,,http://www.wxu.edu.cn/
4132013573,金陵科技学院,江苏省,南京市,本科,,否,否,否,否,现役候选,是,2026软科主榜 351,2026软科主榜 351,,,,,3,0,是,0,,0,,https://www.jit.edu.cn/
4132013579,中国矿业大学徐海学院,江苏省,徐州市,本科,,是,否,否,否,现役候选,是,,,,,,,1,0,是,0,,0,,https://xhxy.cumt.edu.cn/
4132013646,南京大学金陵学院,江苏省,南京市,本科,,是,否,否,否,现役候选,是,,,,,,,1,0,是,0,,0,,
4132013654,南京理工大学紫金学院,江苏省,南京市,本科,,是,否,否,否,现役候选,是,,,,,,,2,0,是,0,,0,,https://zj.njust.edu.cn
4132013655,南京航空航天大学金城学院,江苏省,南京市,本科,,是,否,否,否,现役候选,是,,,,,,,2,0,是,0,,0,,https://nhjcxy.edu.cn/
4132013687,南京传媒学院,江苏省,南京市,本科,,是,否,否,否,现役候选,是,,,,,,,1,0,是,0,,0,,https://www.cucn.edu.cn
4132013842,南京理工大学泰州科技学院,江苏省,泰州市,本科,,是,否,否,否,现役候选,是,,,,,,,2,0,是,0,,0,,https://www.nustti.edu.cn/
4132013843,南京师范大学泰州学院,江苏省,泰州市,本科,,是,否,否,否,现役候选,是,,,,,,,1,0,是,0,,0,,https://www.nnutc.edu.cn/
4132013905,南京工业大学浦江学院,江苏省,南京市,本科,,是,否,否,否,现役候选,是,,,,,,,2,0,是,0,,0,,https://www.njpji.edu.cn/
4132013906,南京师范大学中北学院,江苏省,镇江市,本科,,是,否,否,否,现役候选,是,,,,,,,2,0,是,0,,0,,https://www.nnudy.edu.cn/
4132013980,南京医科大学康达学院,江苏省,连云港市,本科,,是,否,否,否,现役候选,是,,,,,,,2,0,是,0,,0,,https://kdc.njmu.edu.cn/
4132013981,南京中医药大学翰林学院,江苏省,泰州市,本科,,是,否,否,否,现役候选,是,,,,,,,1,0,是,0,,0,,
4132013982,无锡学院,江苏省,无锡市,本科,,否,否,否,否,现役候选,是,2026软科主榜 319,2026软科主榜 319,,,,,1,0,是,0,,0,,https://www.cwxu.edu.cn/
4132013983,苏州城市学院,江苏省,苏州市,本科,,否,否,否,否,现役候选,是,2026软科主榜 419,2026软科主榜 419,,,,,1,0,是,0,,0,,https://www.szcu.edu.cn/
4132013984,苏州大学应用技术学院,江苏省,苏州市,本科,,是,否,否,否,现役候选,是,,,,,,,2,0,是,0,,0,,https://tec.suda.edu.cn/
4132013985,苏州科技大学天平学院,江苏省,南京市,本科,,是,否,否,否,现役候选,是,,,,,,,2,0,是,0,,0,,https://tpxy.usts.edu.cn/
4132013986,江苏大学京江学院,江苏省,镇江市,本科,,是,否,否,否,现役候选,是,,,,,,,3,0,是,0,,0,,https://jjxy.ujs.edu.cn/
4132013987,扬州大学广陵学院,江苏省,扬州市,本科,,是,否,否,否,现役候选,是,,,,,,,2,0,是,0,,0,,https://glxy.yzu.edu.cn/
4132013988,江苏师范大学科文学院,江苏省,徐州市,本科,,是,否,否,否,现役候选,是,,,,,,,3,0,是,0,,0,,http://kwxy.jsnu.edu.cn/
4132013989,南京邮电大学通达学院,江苏省,扬州市,本科,,是,否,否,否,现役候选,是,,,,,,,2,0,是,0,,0,,https://www.nytdc.edu.cn
4132013990,南京财经大学红山学院,江苏省,南京市,本科,,是,否,否,否,现役候选,是,,,,,,,1,0,是,0,,0,,http://hs.nufe.edu.cn/
4132013991,江苏科技大学苏州理工学院,江苏省,苏州市,本科,,是,否,否,否,现役候选,是,,,,,,,1,0,是,0,,0,,https://justsit.edu.cn/
4132013992,常州大学怀德学院,江苏省,泰州市,本科,,是,否,否,否,现役候选,是,,,,,,,1,0,是,0,,0,,https://hdc.cczu.edu.cn/
4132013993,南通大学杏林学院,江苏省,南通市,本科,,是,否,否,否,现役候选,是,,,,,,,2,0,是,0,,0,,https://xlxy.ntu.edu.cn
4132013994,南京审计大学金审学院,江苏省,南京市,本科,,是,否,否,否,现役候选,是,,,,,,,2,0,是,0,,0,,https://www.naujsc.edu.cn/
4132014160,宿迁学院,江苏省,宿迁市,本科,,否,否,否,否,现役候选,是,2026软科主榜 475,2026软科主榜 475,,,,,2,0,是,0,,0,,https://www.squ.edu.cn/
4132014436,江苏第二师范学院,江苏省,南京市,本科,,否,否,否,否,现役候选,是,2026软科主榜 414,2026软科主榜 414,,,,,2,0,是,0,,0,,https://www.jssnu.edu.cn/main.htm
4132016403,西交利物浦大学,江苏省,苏州市,本科,,否,否,否,否,现役候选,是,2026软科分类标签 合作5,2026软科分类标签 合作5,,,,,3,0,是,0,,0,,https://www.xjtlu.edu.cn/
4132016406,昆山杜克大学,江苏省,苏州市,本科,,否,否,否,否,现役候选,是,2026软科分类标签 合作4,2026软科分类标签 合作4,,,,,1,0,是,0,,0,,https://www.dukekunshan.edu.cn/zh-hans/
4132011585,连云港师范学院,江苏省,连云港市,本科,,否,否,否,否,现役候选,是,,,,,,,1,0,是,0,,0,,https://www.lygsf.edu.cn/
4132010848,无锡职业技术大学,江苏省,无锡市,本科,,否,否,否,否,现役候选,是,,,,,,,2,0,是,0,,0,,https://www.wxit.edu.cn
4132011054,苏州职业技术大学,江苏省,苏州市,本科,,否,否,否,否,现役候选,是,,,,,,,2,0,是,0,,0,,https://www.jssvc.edu.cn/
4132011462,扬州职业技术大学,江苏省,扬州市,本科,,否,否,否,否,现役候选,是,,,,,,,2,0,是,0,,0,,https://www.yzpc.edu.cn/
4132010849,江苏建筑职业技术大学,江苏省,徐州市,本科,,否,否,否,否,现役候选,是,,,,,,,2,0,是,0,,0,,http://www.jsjzi.edu.cn/
4132012317,常州信息职业技术大学,江苏省,常州市,本科,,否,否,否,否,现役候选,是,,,,,,,1,0,是,0,,0,,https://www.ccit.js.cn/
3632000466,盐城幼儿师范高等专科学校,江苏省,盐城市,专科,,否,否,否,否,现役候选,是,,,,,,,4,0,是,0,,0,,https://www.yyz.edu.cn/
3632000583,苏州幼儿师范高等专科学校,江苏省,苏州市,专科,,否,否,否,否,现役候选,是,,,,,,,1,0,是,0,,0,,https://www.szys.net
4132010826,明达职业技术学院,江苏省,盐城市,专科,,是,否,否,否,现役候选,是,,,,,,,2,0,是,0,,0,,https://www.mdut.cn/
4132010958,江苏工程职业技术学院,江苏省,南通市,专科,,否,否,否,否,现役候选,是,,,,,,,4,0,是,0,,0,,https://www.jcet.edu.cn/
4132010960,苏州工艺美术职业技术学院,江苏省,苏州市,专科,,否,否,否,否,现役候选,是,,,,,,,2,0,是,0,,0,,https://www.sgmart.edu.cn/
4132011050,连云港职业技术学院,江苏省,连云港市,专科,,否,否,否,否,现役候选,是,,,,,,,2,0,是,0,,0,,https://www.lygtc.edu.cn/
4132011051,镇江市高等专科学校,江苏省,镇江市,专科,,否,否,否,否,现役候选,是,,,,,,,2,0,是,0,,0,,https://www.zjc.edu.cn/
4132011052,南通职业大学,江苏省,南通市,专科,,否,否,否,否,现役候选,是,,,,,,,4,0,是,0,,0,,https://www.ntvu.edu.cn
4132011288,沙洲职业工学院,江苏省,苏州市,专科,,否,否,否,否,现役候选,是,,,,,,,1,0,是,0,,0,,https://www.szit.edu.cn/
4132012047,江苏经贸职业技术学院,江苏省,南京市,专科,,否,否,否,否,现役候选,是,,,,,,,2,0,是,0,,0,,https://www.jvic.edu.cn/
4132012054,九州职业技术学院,江苏省,徐州市,专科,,是,否,否,否,现役候选,是,,,,,,,1,0,是,0,,0,,http://www.jzp.edu.cn/
4132012078,硅湖职业技术学院,江苏省,苏州市,专科,,是,否,否,否,现役候选,是,,,,,,,1,0,是,0,,0,,https://www.usl.edu.cn/
4132012106,泰州职业技术学院,江苏省,泰州市,专科,,否,否,否,否,现役候选,是,,,,,,,2,0,是,0,,0,,https://www.tzpc.edu.cn
4132012678,江苏联合职业技术学院,江苏省,南京市,专科,,否,否,否,否,现役候选,是,,,,,,,4,0,是,0,,0,,
4132012679,江苏海事职业技术学院,江苏省,南京市,专科,,否,否,否,否,现役候选,是,,,,,,,1,0,是,0,,0,,https://www.jmi.edu.cn/
4132012680,应天职业技术学院,江苏省,南京市,专科,,是,否,否,否,已停止招生,否,,,,,,,0,0,否,0,,0,,
4132012681,无锡科技职业学院,江苏省,无锡市,专科,,否,否,否,否,现役候选,是,,,,,,,2,0,是,0,,0,,https://www.wxstc.cn/
4132012682,江苏医药职业学院,江苏省,盐城市,专科,,否,否,否,否,现役候选,是,,,,,,,2,0,是,0,,0,,https://www.jsmc.edu.cn/
4132012683,扬州环境资源职业技术学院,江苏省,扬州市,专科,,否,否,否,否,现役候选,是,,,,,,,1,0,是,0,,0,,
4132012684,南通科技职业学院,江苏省,南通市,专科,,否,否,否,否,现役候选,是,,,,,,,2,0,是,0,,0,,https://www.ntst.edu.cn/
4132012685,苏州经贸职业技术学院,江苏省,苏州市,专科,,否,否,否,否,现役候选,是,,,,,,,2,0,是,0,,0,,https://www.szjm.edu.cn
4132012686,苏州工业职业技术学院,江苏省,苏州市,专科,,否,否,否,否,现役候选,是,,,,,,,2,0,是,0,,0,,http://www.siit.cn/
4132012687,苏州托普信息职业技术学院,江苏省,苏州市,专科,,是,否,否,否,现役候选,是,,,,,,,1,0,是,0,,0,,https://www.szetop.edu.cn/
4132012688,苏州卫生职业技术学院,江苏省,苏州市,专科,,否,否,否,否,现役候选,是,,,,,,,4,0,是,0,,0,,https://www.szhct.edu.cn/
4132012702,无锡商业职业技术学院,江苏省,无锡市,专科,,否,否,否,否,现役候选,是,,,,,,,3,0,是,0,,0,,https://www.wxic.edu.cn/
4132012703,江苏航运职业技术学院,江苏省,南通市,专科,,否,否,否,否,现役候选,是,,,,,,,2,0,是,0,,0,,https://www.jssc.edu.cn/
4132012804,南京交通职业技术学院,江苏省,南京市,专科,,否,否,否,否,现役候选,是,,,,,,,1,0,是,0,,0,,https://www.njitt.edu.cn/
4132012805,江苏电子信息职业学院,江苏省,淮安市,专科,,否,否,否,否,现役候选,是,,,,,,,1,0,是,0,,0,,https://www.jsei.edu.cn/
4132012806,江苏农牧科技职业学院,江苏省,泰州市,专科,,否,否,否,否,现役候选,是,,,,,,,3,0,是,0,,0,,https://www.jsahvc.edu.cn/
4132012807,常州纺织服装职业技术学院,江苏省,常州市,专科,,否,否,否,否,现役候选,是,,,,,,,1,0,是,0,,0,,https://www.cztgi.edu.cn
4132012808,苏州农业职业技术学院,江苏省,苏州市,专科,,否,否,否,否,现役候选,是,,,,,,,5,0,是,0,,0,,https://www.szai.com/
4132012809,苏州工业园区职业技术学院,江苏省,苏州市,专科,,否,否,否,否,现役候选,是,,,,,,,2,0,是,0,,0,,https://www.ivt.edu.cn/
4132012918,太湖创意职业技术学院,江苏省,无锡市,专科,,是,否,否,否,现役候选,是,,,,,,,1,0,是,0,,0,,http://www.wxthcy.edu.cn/
4132012919,炎黄职业技术学院,江苏省,淮安市,专科,,是,否,否,否,现役候选,是,,,,,,,2,0,是,0,,0,,http://www.yhjyjt.cn/
4132012920,南京科技职业学院,江苏省,南京市,专科,,否,否,否,否,现役候选,是,,,,,,,2,0,是,0,,0,,https://www.njpi.edu.cn/
4132012921,正德职业技术学院,江苏省,南京市,专科,,是,否,否,否,现役候选,是,,,,,,,1,0,是,0,,0,,https://zd.nuaa.edu.cn/
4132012922,钟山职业技术学院,江苏省,南京市,专科,,是,否,否,否,现役候选,是,,,,,,,1,0,是,0,,0,,https://www.zscollege.com/
4132012923,无锡南洋职业技术学院,江苏省,无锡市,专科,,是,否,否,否,现役候选,是,,,,,,,1,0,是,0,,0,,http://www.wsoc.edu.cn/
4132013017,江南影视艺术职业学院,江苏省,无锡市,专科,,是,否,否,否,现役候选,是,,,,,,,2,0,是,0,,0,,http://www.jnys.cn
4132013100,金肯职业技术学院,江苏省,南京市,专科,,是,否,否,否,现役候选,是,,,,,,,1,0,是,0,,0,,http://www.njjku.com/
4132013101,常州工业职业技术学院,江苏省,常州市,专科,,否,否,否,否,现役候选,是,,,,,,,1,0,是,0,,0,,https://www.ciit.edu.cn/
4132013102,常州工程职业技术学院,江苏省,常州市,专科,,否,否,否,否,现役候选,是,,,,,,,1,0,是,0,,0,,https://www.czie.edu.cn/
4132013103,江苏农林职业技术学院,江苏省,镇江市,专科,,否,否,否,否,现役候选,是,,,,,,,4,0,是,0,,0,,https://www.jsafc.edu.cn/
4132013104,江苏食品药品职业技术学院,江苏省,淮安市,专科,,否,否,否,否,现役候选,是,,,,,,,2,0,是,0,,0,,https://www.jsfpc.edu.cn/
4132013105,建东职业技术学院,江苏省,常州市,专科,,是,否,否,否,现役候选,是,,,,,,,2,0,是,0,,0,,http://www.czjdu.com
4132013106,南京铁道职业技术学院,江苏省,南京市,专科,,否,否,否,否,现役候选,是,,,,,,,1,0,是,0,,0,,https://www.njrts.edu.cn/
4132013107,徐州工业职业技术学院,江苏省,徐州市,专科,,否,否,否,否,现役候选,是,,,,,,,3,0,是,0,,0,,https://www.xzcit.edu.cn/
4132013108,江苏信息职业技术学院,江苏省,无锡市,专科,,否,否,否,否,现役候选,是,,,,,,,3,0,是,0,,0,,https://www.jsit.edu.cn/
4132013110,宿迁职业技术学院,江苏省,宿迁市,专科,,否,否,否,否,现役候选,是,,,,,,,2,0,是,0,,0,,https://www.sqzyxy.com/index.html
4132013112,南京信息职业技术学院,江苏省,南京市,专科,,否,否,否,否,现役候选,是,,,,,,,2,0,是,0,,0,,https://www.njcit.cn/
4132013113,江海职业技术学院,江苏省,扬州市,专科,,是,否,否,否,现役候选,是,,,,,,,2,0,是,0,,0,,http://www.jhu.cn/
4132013114,常州机电职业技术学院,江苏省,常州市,专科,,否,否,否,否,现役候选,是,,,,,,,1,0,是,0,,0,,https://www.czimt.edu.cn/
4132013137,江阴职业技术学院,江苏省,无锡市,专科,,否,否,否,否,现役候选,是,,,,,,,2,0,是,0,,0,,https://www.jypc.edu.cn/
4132013748,无锡城市职业技术学院,江苏省,无锡市,专科,,否,否,否,否,现役候选,是,,,,,,,2,0,是,0,,0,,http://www.wxcu.edu.cn/
4132013749,无锡工艺职业技术学院,江苏省,无锡市,专科,,否,否,否,否,现役候选,是,,,,,,,1,0,是,0,,0,,https://www.wxgyxy.edu.cn/
4132013750,金山职业技术学院,江苏省,镇江市,专科,,是,否,否,否,现役候选,是,,,,,,,1,0,是,0,,0,,https://www.jscu.cn/
4132013751,苏州健雄职业技术学院,江苏省,苏州市,专科,,否,否,否,否,现役候选,是,,,,,,,1,0,是,0,,0,,https://www.csit.edu.cn/
4132013752,盐城工业职业技术学院,江苏省,盐城市,专科,,否,否,否,否,现役候选,是,,,,,,,2,0,是,0,,0,,https://www.ycpc.edu.cn/
4132013753,江苏财经职业技术学院,江苏省,淮安市,专科,,否,否,否,否,现役候选,是,,,,,,,2,0,是,0,,0,,https://www.jscj.edu.cn/
4132013754,扬州工业职业技术学院,江苏省,扬州市,专科,,否,否,否,否,现役候选,是,,,,,,,1,0,是,0,,0,,http://www.ypi.edu.cn/
4132013962,苏州百年职业学院,江苏省,苏州市,专科,,否,否,否,否,现役候选,是,,,,,,,1,0,是,0,,0,,https://www.scc.edu.cn/
4132013963,昆山登云科技职业学院,江苏省,苏州市,专科,,是,否,否,否,现役候选,是,,,,,,,1,0,是,0,,0,,https://www.dyc.edu.cn/
4132013964,南京视觉艺术职业学院,江苏省,南京市,专科,,是,否,否,否,现役候选,是,,,,,,,1,0,是,0,,0,,http://www.niva.cn/
4132014000,江苏城市职业学院,江苏省,南京市,专科,,否,否,否,否,现役候选,是,,,,,,,11,0,是,0,,0,,http://www.jscvc.cn
4132014001,南京城市职业学院,江苏省,南京市,专科,,否,否,否,否,现役候选,是,,,,,,,4,0,是,0,,0,,https://www.ncc.edu.cn/
4132014056,南京机电职业技术学院,江苏省,南京市,专科,,否,否,否,否,现役候选,是,,,,,,,1,0,是,0,,0,,http://www.nimt.edu.cn/
4132014163,苏州高博职业学院,江苏省,苏州市,专科,,是,否,否,否,现役候选,是,,,,,,,1,0,是,0,,0,,http://www.gist.edu.cn/
4132014180,南京旅游职业学院,江苏省,南京市,专科,,否,否,否,否,现役候选,是,,,,,,,1,0,是,0,,0,,https://www.nith.edu.cn/
4132014255,江苏卫生健康职业学院,江苏省,南京市,专科,,否,否,否,否,现役候选,是,,,,,,,4,0,是,0,,0,,https://www.jshvc.edu.cn/
4132014256,苏州信息职业技术学院,江苏省,苏州市,专科,,否,否,否,否,现役候选,是,,,,,,,1,0,是,0,,0,,https://www.szitu.edu.cn/
4132014293,宿迁泽达职业技术学院,江苏省,宿迁市,专科,,是,否,否,否,现役候选,是,,,,,,,2,0,是,0,,0,,http://www.zdct.cn
4132014295,苏州工业园区服务外包职业学院,江苏省,苏州市,专科,,否,否,否,否,现役候选,是,,,,,,,1,0,是,0,,0,,http://www.siso.edu.cn/
4132014329,徐州幼儿师范高等专科学校,江苏省,徐州市,专科,,否,否,否,否,现役候选,是,,,,,,,2,0,是,0,,0,,https://www.xzyz.edu.cn
4132014401,徐州生物工程职业技术学院,江苏省,徐州市,专科,,否,否,否,否,现役候选,是,,,,,,,4,0,是,0,,0,,https://www.xzsw.net.cn/
4132014475,江苏商贸职业学院,江苏省,南通市,专科,,否,否,否,否,现役候选,是,,,,,,,2,0,是,0,,0,,https://www.jsbc.edu.cn/
4132014493,南通师范高等专科学校,江苏省,南通市,专科,,否,否,否,否,现役候选,是,,,,,,,3,0,是,0,,0,,https://www.ntnc.edu.cn
4132014528,扬州中瑞酒店职业学院,江苏省,扬州市,专科,,是,否,否,否,现役候选,是,,,,,,,1,0,是,0,,0,,https://www.yhvc.edu.cn/
4132014541,江苏护理职业学院,江苏省,淮安市,专科,,否,否,否,否,现役候选,是,,,,,,,2,0,是,0,,0,,https://www.jscn.edu.cn/
4132014542,江苏财会职业学院,江苏省,连云港市,专科,,否,否,否,否,现役候选,是,,,,,,,2,0,是,0,,0,,https://www.jscfa.edu.cn
4132014543,江苏城乡建设职业学院,江苏省,常州市,专科,,否,否,否,否,现役候选,是,,,,,,,2,0,是,0,,0,,http://www.jscc.edu.cn/
4132014568,江苏航空职业技术学院,江苏省,镇江市,专科,,否,否,否,否,现役候选,是,,,,,,,2,0,是,0,,0,,https://www.jatc.edu.cn/
4132014589,江苏安全技术职业学院,江苏省,徐州市,专科,,否,否,否,否,现役候选,是,,,,,,,2,0,是,0,,0,,https://www.jscst.edu.cn/
4132014604,江苏旅游职业学院,江苏省,扬州市,专科,,否,否,否,否,现役候选,是,,,,,,,3,0,是,0,,0,,https://www.jstc.edu.cn/
4132014773,常州幼儿师范高等专科学校,江苏省,常州市,专科,,否,否,否,否,现役候选,是,,,,,,,1,0,是,0,,0,,https://www.cyzedu.cn
4132014841,江苏司法警官职业学院,江苏省,南京市,专科,,否,否,否,否,现役候选,是,,,,,,,2,0,是,0,,0,,https://www.jssfjy.cn/default.html
4132014853,盐城农业科技职业学院,江苏省,盐城市,专科,,否,否,否,否,现役候选,是,,,,,,,1,0,是,0,,0,,http://www.ycnzy.com/
4132014854,宿迁幼儿师范高等专科学校,江苏省,宿迁市,专科,,否,否,否,否,现役候选,是,,,,,,,1,0,是,0,,0,,http://www.sqsf.cn/
4132014855,无锡师范高等专科学校,江苏省,无锡市,专科,,否,否,否,否,现役候选,是,,,,,,,1,0,是,0,,0,,http://www.wxnc.edu.cn/
4132014913,常州铁道职业技术学院,江苏省,常州市,专科,,否,否,否,否,现役候选,是,,,,,,,1,1,是,0,,0,,http://www.cztdxy.cn/207/list.htm
4132014914,苏州旅游职业学院,江苏省,苏州市,专科,,否,否,否,否,现役候选,是,,,,,,,1,0,是,0,,0,,http://www.szlyzyxy.cn/
4132014915,南通卫生健康职业学院,江苏省,南通市,专科,,否,否,否,否,现役候选,是,,,,,,,1,0,是,0,,0,,http://www.nthvc.cn/
4133010335,浙江大学,浙江省,杭州市,本科,,否,是,是,是,现役候选,是,2026软科 3,2026 3,,2027 47,2026 39,2026 24,8,0,是,0,,0,,https://www.zju.edu.cn/
4133010336,杭州电子科技大学,浙江省,杭州市,本科,,否,否,否,否,现役候选,是,2026软科主榜 99,2026软科主榜 99,,,,,6,0,是,0,,0,,https://www.hdu.edu.cn/
4133010337,浙江工业大学,浙江省,杭州市,本科,,否,否,否,否,现役候选,是,2026软科主榜 68,2026软科主榜 68,,,,,4,0,是,0,,0,,https://www.zjut.edu.cn/
4133010338,浙江理工大学,浙江省,杭州市,本科,,否,否,否,否,现役候选,是,2026软科主榜 112,2026软科主榜 112,,,,,3,0,是,0,,0,,https://www.zstu.edu.cn/
4133010340,浙江海洋大学,浙江省,舟山市,本科,,否,否,否,否,现役候选,是,2026软科主榜 236,2026软科主榜 236,,,,,3,0,是,0,,0,,https://www.zjou.edu.cn/
4133010341,浙江农林大学,浙江省,杭州市,本科,,否,否,否,否,现役候选,是,2026软科主榜 149,2026软科主榜 149,,,,,5,0,是,0,,0,,https://www.zafu.edu.cn/
4133010343,温州医科大学,浙江省,温州市,本科,,否,否,否,否,现役候选,是,2026软科分类标签 医11,2026软科分类标签 医11,,,,,4,0,是,0,,0,,https://www.wmu.edu.cn/
4133010344,浙江中医药大学,浙江省,杭州市,本科,,否,否,否,否,现役候选,是,2026软科分类标签 中医7,2026软科分类标签 中医7,,,,,3,0,是,0,,0,,https://www.zcmu.edu.cn/
4133010345,浙江师范大学,浙江省,金华市,本科,,否,否,否,否,现役候选,是,2026软科主榜 91,2026软科主榜 91,,,,,4,0,是,0,,0,,https://www.zjnu.edu.cn/
4133010346,杭州师范大学,浙江省,杭州市,本科,,否,否,否,否,现役候选,是,2026软科主榜 116,2026软科主榜 116,,,,,5,0,是,0,,0,,https://www.hznu.edu.cn/
4133010347,湖州师范大学,浙江省,湖州市,本科,,否,否,否,否,现役候选,是,2026软科主榜 234,2026软科主榜 234,,,,,2,0,是,0,,0,,https://www.huznu.edu.cn/
4133010349,绍兴大学,浙江省,绍兴市,本科,,否,否,否,否,现役候选,是,2026软科主榜 264,2026软科主榜 264,,,,,7,0,是,0,,0,,https://www.usx.edu.cn/
4133010350,台州学院,浙江省,台州市,本科,,否,否,否,否,现役候选,是,2026软科主榜 278,2026软科主榜 278,,,,,5,0,是,0,,0,,https://www.tzc.edu.cn/
4133010351,温州大学,浙江省,温州市,本科,,否,否,否,否,现役候选,是,2026软科主榜 129,2026软科主榜 129,,,,,4,0,是,0,,0,,https://www.wzu.edu.cn/
4133010352,丽水学院,浙江省,丽水市,本科,,否,否,否,否,现役候选,是,2026软科主榜 365,2026软科主榜 365,,,,,3,0,是,0,,0,,https://www.lsu.edu.cn/main.htm
4133010353,浙江工商大学,浙江省,杭州市,本科,,否,否,否,否,现役候选,是,2026软科分类标签 财8,2026软科分类标签 财8,,,,,3,0,是,0,,0,,http://www.hzic.edu.cn
4133010354,嘉兴大学,浙江省,嘉兴市,本科,,否,否,否,否,现役候选,是,2026软科主榜 216,2026软科主榜 216,,,,,2,0,是,0,,0,,https://www.zjxu.edu.cn/
4133010355,中国美术学院,浙江省,杭州市,本科,,否,否,否,是,现役候选,是,,,,,,,5,0,是,0,,0,,https://www.caa.edu.cn/
4133010356,中国计量大学,浙江省,杭州市,本科,,否,否,否,否,现役候选,是,2026软科主榜 151,2026软科主榜 151,,,,,3,0,是,0,,0,,https://www.cjlu.edu.cn/
4133010876,浙江万里学院,浙江省,宁波市,本科,,否,否,否,否,现役候选,是,2026软科主榜 312,2026软科主榜 312,,,,,3,0,是,0,,0,,https://www.zwu.edu.cn/
4133011057,浙江科技大学,浙江省,杭州市,本科,,否,否,否,否,现役候选,是,2026软科主榜 232,2026软科主榜 232,,,,,2,0,是,0,,0,,https://www.zust.edu.cn/
4133011058,宁波工程学院,浙江省,宁波市,本科,,否,否,否,否,现役候选,是,2026软科主榜 292,2026软科主榜 292,,,,,4,0,是,0,,0,,https://www.nbut.edu.cn/
4133011481,浙江水利水电学院,浙江省,杭州市,本科,,否,否,否,否,现役候选,是,2026软科主榜 394,2026软科主榜 394,,,,,3,0,是,0,,0,,https://www.zuwe.edu.cn/
4133011482,浙江财经大学,浙江省,杭州市,本科,,否,否,否,否,现役候选,是,2026软科分类标签 财12,2026软科分类标签 财12,,,,,4,0,是,0,,0,,https://www.zufe.edu.cn
4133011483,浙江警察学院,浙江省,杭州市,本科,,否,否,否,否,现役候选,是,2026软科分类标签 政13,2026软科分类标签 政13,,,,,3,0,是,0,,0,,https://www.zjjcxy.cn/
4133011488,衢州学院,浙江省,衢州市,本科,,否,否,否,否,现役候选,是,2026软科主榜 379,2026软科主榜 379,,,,,2,0,是,0,,0,,https://www.qzc.edu.cn/
4133011646,宁波大学,浙江省,宁波市,本科,,否,否,否,是,现役候选,是,2026软科主榜 78,2026软科主榜 78,,,,,5,0,是,0,,0,,https://www.nbu.edu.cn/
4133011647,浙江传媒学院,浙江省,杭州市,本科,,否,否,否,否,现役候选,是,2026软科分类标签 语8,2026软科分类标签 语8,,,,,4,0,是,0,,0,,https://www.cuz.edu.cn/
4133011842,浙江树人学院,浙江省,杭州市,本科,,是,否,否,否,现役候选,是,2026软科主榜 1,2026软科主榜 1,,,,,2,0,是,0,,0,,https://www.zjsru.edu.cn/
4133012792,浙江越秀外国语学院,浙江省,绍兴市,本科,,是,否,否,否,现役候选,是,2026软科分类标签 语2,2026软科分类标签 语2,,,,,2,0,是,0,,0,,https://www.zyufl.edu.cn/
4133013001,宁波财经学院,浙江省,宁波市,本科,,是,否,否,否,现役候选,是,2026软科分类标签 财1,2026软科分类标签 财1,,,,,5,0,是,0,,0,,https://www.nbufe.edu.cn/
4133013021,浙大城市学院,浙江省,杭州市,本科,,否,否,否,否,现役候选,是,2026软科主榜 218,2026软科主榜 218,,,,,1,0,是,0,,0,,https://www.hzcu.edu.cn
4133013022,浙大宁波理工学院,浙江省,宁波市,本科,,否,否,否,否,现役候选,是,2026软科主榜 287,2026软科主榜 287,,,,,1,0,是,0,,0,,https://www.nbt.edu.cn/
4133013023,杭州医学院,浙江省,杭州市,本科,,否,否,否,否,现役候选,是,2026软科分类标签 医45,2026软科分类标签 医45,,,,,5,0,是,0,,0,,https://www.hmc.edu.cn/
4133013029,浙江广厦建设职业技术大学,浙江省,金华市,本科,,是,否,否,否,现役候选,是,,,,,,,2,0,是,0,,0,,https://www.guangshaxy.com/
4133013275,浙江工业大学之江学院,浙江省,杭州市,本科,,是,否,否,否,现役候选,是,,,,,,,1,0,是,0,,0,,https://www.zzjc.edu.cn/
4133013276,浙江师范大学行知学院,浙江省,金华市,本科,,是,否,否,否,现役候选,是,,,,,,,1,0,是,0,,0,,https://www.zjxz.edu.cn/
4133013277,宁波大学科学技术学院,浙江省,宁波市,本科,,是,否,否,否,现役候选,是,,,,,,,2,0,是,0,,0,,https://www.ndky.edu.cn/
4133013279,杭州电子科技大学信息工程学院,浙江省,杭州市,本科,,是,否,否,否,现役候选,是,,,,,,,2,0,是,0,,0,,https://www.hziee.edu.cn
4133013280,浙江理工大学科技与艺术学院,浙江省,杭州市,本科,,是,否,否,否,现役候选,是,,,,,,,1,0,是,0,,0,,https://www.ky.zstu.edu.cn/
4133013283,浙江农林大学暨阳学院,浙江省,绍兴市,本科,,是,否,否,否,现役候选,是,,,,,,,1,0,是,0,,0,,https://www.zjyc.edu.cn/
4133013284,温州医科大学仁济学院,浙江省,温州市,本科,,是,否,否,否,现役候选,是,,,,,,,4,0,是,0,,0,,https://rjxy.wmu.edu.cn/
4133013285,浙江中医药大学滨江学院,浙江省,杭州市,本科,,是,否,否,否,现役候选,是,,,,,,,2,0,是,0,,0,,https://www.zcmu.edu.cn/
4133013286,杭州师范大学钱江学院,浙江省,杭州市,本科,,是,否,否,否,现役候选,是,,,,,,,1,0,是,0,,0,,https://qjxy.hznu.edu.cn/
4133013287,湖州学院,浙江省,湖州市,本科,,否,否,否,否,现役候选,是,2026软科主榜 370,2026软科主榜 370,,,,,1,0,是,0,,0,,https://www.zjhzu.edu.cn/
4133013288,绍兴理工学院,浙江省,绍兴市,本科,,否,否,否,否,现役候选,是,2026软科分类标签 500+,2026软科分类标签 500+,,,,,1,0,是,0,,0,,https://www.zsit.edu.cn
4133013289,温州理工学院,浙江省,温州市,本科,,否,否,否,否,现役候选,是,2026软科主榜 360,2026软科主榜 360,,,,,1,0,是,0,,0,,https://www.wzut.edu.cn/
4133013290,浙江工商大学杭州商学院,浙江省,杭州市,本科,,是,否,否,否,现役候选,是,,,,,,,3,0,是,0,,0,,https://www.zjhzcc.edu.cn/
4133013291,嘉兴南湖学院,浙江省,嘉兴市,本科,,否,否,否,否,现役候选,是,2026软科分类标签 财45,2026软科分类标签 财45,,,,,1,0,是,0,,0,,https://www.jxnhu.edu.cn/
4133013292,中国计量大学现代科技学院,浙江省,杭州市,本科,,是,否,否,否,现役候选,是,,,,,,,2,0,是,0,,0,,https://www.ldxk.edu.cn/
4133013294,浙江财经大学东方学院,浙江省,嘉兴市,本科,,是,否,否,否,现役候选,是,,,,,,,1,0,是,0,,0,,https://www.zufedfc.edu.cn/
4133013637,温州商学院,浙江省,温州市,本科,,是,否,否,否,现役候选,是,2026软科分类标签 财10,2026软科分类标签 财10,,,,,1,0,是,0,,0,,https://www.wzbc.edu.cn/
4133014206,同济大学浙江学院,浙江省,嘉兴市,本科,,是,否,否,否,现役候选,是,,,,,,,1,0,是,0,,0,,
4133014207,上海财经大学浙江学院,浙江省,金华市,本科,,是,否,否,否,现役候选,是,,,,,,,1,0,是,0,,0,,https://www.shufe-zj.edu.cn/
4133014275,浙江外国语学院,浙江省,杭州市,本科,,否,否,否,否,现役候选,是,2026软科分类标签 语13,2026软科分类标签 语13,,,,,1,0,是,0,,0,,https://www.zisu.edu.cn/
4133014535,浙江音乐学院,浙江省,杭州市,本科,,否,否,否,否,现役候选,是,,,,,,,1,0,是,0,,0,,https://www.zjcm.edu.cn/
4133014626,西湖大学,浙江省,杭州市,本科,,是,否,否,否,现役候选,是,,,,,,,2,0,是,0,,0,,https://www.westlake.edu.cn/
4133016207,浙江药科职业大学,浙江省,宁波市,本科,,否,否,否,否,现役候选,是,,,,,,,2,0,是,0,,0,,https://www.zjpc.net.cn/
4133012061,金华职业技术大学,浙江省,金华市,本科,,否,否,否,否,现役候选,是,,,,,,,1,0,是,0,,0,,https://www.jhc.cn/main.htm
4133012861,浙江机电职业技术大学,浙江省,杭州市,本科,,否,否,否,否,现役候选,是,,,,,,,2,0,是,0,,0,,https://www.zime.edu.cn/
4133016301,宁波诺丁汉大学,浙江省,宁波市,本科,,否,否,否,否,现役候选,是,2026软科分类标签 合作2,2026软科分类标签 合作2,,,,,2,0,是,0,,0,,https://www.nottingham.edu.cn/cn/index.aspx
4133016405,温州肯恩大学,浙江省,温州市,本科,,否,否,否,否,现役候选,是,2026软科分类标签 合作8,2026软科分类标签 合作8,,,,,2,0,是,0,,0,,https://wku.edu.cn/
4133010863,宁波职业技术大学,浙江省,宁波市,本科,,否,否,否,否,现役候选,是,,,,,,,3,0,是,0,,0,,https://www.nbpt.edu.cn/main.htm
4133012872,杭州职业技术大学,浙江省,杭州市,本科,,否,否,否,否,现役候选,是,,,,,,,1,0,是,0,,0,,https://www.hzvtc.edu.cn/
4133014943,宁波东方理工大学,浙江省,宁波市,本科,,是,否,否,否,现役候选,是,,,,,,,1,0,是,0,,0,,https://www.eitech.edu.cn/
4133010864,温州职业技术大学,浙江省,温州市,本科,,否,否,否,否,现役候选,是,,,,,,,5,0,是,0,,0,,https://www.wzvtc.cn/index.html
4133012036,浙江交通职业技术学院,浙江省,杭州市,专科,,否,否,否,否,现役候选,是,,,,,,,3,0,是,0,,0,,https://www.zjvtit.edu.cn/
4133012645,宁波城市职业技术学院,浙江省,宁波市,专科,,否,否,否,否,现役候选,是,,,,,,,3,0,是,0,,0,,https://www.nbcc.cn/
4133012646,浙江电力职业技术学院,浙江省,杭州市,专科,,否,否,否,否,现役候选,是,,,,,,,1,0,是,0,,0,,
4133012647,浙江同济科技职业学院,浙江省,杭州市,专科,,否,否,否,否,现役候选,是,,,,,,,3,0,是,0,,0,,https://www.zjtongji.edu.cn/
4133012789,浙江工商职业技术学院,浙江省,宁波市,专科,,否,否,否,否,现役候选,是,,,,,,,3,0,是,0,,0,,https://www.zjbti.net.cn/
4133012790,台州职业技术学院,浙江省,台州市,专科,,否,否,否,否,现役候选,是,,,,,,,3,0,是,0,,0,,https://www.tzvtc.edu.cn/
4133012791,浙江工贸职业技术学院,浙江省,温州市,专科,,否,否,否,否,现役候选,是,,,,,,,2,0,是,0,,0,,https://www.zjitc.net/
4133012862,浙江建设职业技术学院,浙江省,杭州市,专科,,否,否,否,否,现役候选,是,,,,,,,3,0,是,0,,0,,https://www.zjjs.edu.cn/
4133012863,浙江艺术职业学院,浙江省,杭州市,专科,,否,否,否,否,现役候选,是,,,,,,,3,0,是,0,,0,,https://www.zjvaa.edu.cn/
4133012864,浙江经贸职业技术学院,浙江省,杭州市,专科,,否,否,否,否,现役候选,是,,,,,,,3,0,是,0,,0,,https://www.zjiet.edu.cn/
4133012865,浙江商业职业技术学院,浙江省,杭州市,专科,,否,否,否,否,现役候选,是,,,,,,,2,0,是,0,,0,,https://www.zjbc.edu.cn/
4133012866,浙江经济职业技术学院,浙江省,杭州市,专科,,否,否,否,否,现役候选,是,,,,,,,1,0,是,0,,0,,https://www.zjtie.edu.cn/
4133012867,浙江旅游职业学院,浙江省,杭州市,专科,,否,否,否,否,现役候选,是,,,,,,,6,0,是,0,,0,,https://www.tourzj.edu.cn/
4133012868,浙江育英职业技术学院,浙江省,杭州市,专科,,是,否,否,否,现役候选,是,,,,,,,1,0,是,0,,0,,https://www.zjyyc.com/
4133012869,浙江警官职业学院,浙江省,杭州市,专科,,否,否,否,否,现役候选,是,,,,,,,1,0,是,0,,0,,https://www.zjjy.com.cn/
4133012870,浙江金融职业学院,浙江省,杭州市,专科,,否,否,否,否,现役候选,是,,,,,,,3,0,是,0,,0,,https://www.zfc.edu.cn/
4133012871,浙江工业职业技术学院,浙江省,绍兴市,专科,,否,否,否,否,现役候选,是,,,,,,,6,0,是,0,,0,,https://www.zjipc.com/
4133012874,嘉兴职业技术学院,浙江省,嘉兴市,专科,,否,否,否,否,现役候选,是,,,,,,,3,0,是,0,,0,,https://www.jxvtc.edu.cn/
4133012875,湖州职业技术学院,浙江省,湖州市,专科,,否,否,否,否,现役候选,是,,,,,,,2,0,是,0,,0,,https://www.huvtc.edu.cn/
4133012876,绍兴职业技术学院,浙江省,绍兴市,专科,,是,否,否,否,现役候选,是,,,,,,,1,0,是,0,,0,,https://www.sxvtc.com/
4133012877,衢州职业技术学院,浙江省,衢州市,专科,,否,否,否,否,现役候选,是,,,,,,,1,0,是,0,,0,,https://www.qzct.net/
4133012878,丽水职业技术学院,浙江省,丽水市,专科,,否,否,否,否,现役候选,是,,,,,,,3,0,是,0,,0,,https://www.lszjy.com/
4133013002,浙江东方职业技术学院,浙江省,温州市,专科,,是,否,否,否,现役候选,是,,,,,,,5,0,是,0,,0,,https://www.zjdfp.edu.cn/
4133013003,义乌工商职业技术学院,浙江省,金华市,专科,,否,否,否,否,现役候选,是,,,,,,,1,0,是,0,,0,,https://www.ywicc.edu.cn/
4133013025,浙江纺织服装职业技术学院,浙江省,宁波市,专科,,否,否,否,否,现役候选,是,,,,,,,1,0,是,0,,0,,https://www.zjff.edu.cn/
4133013026,杭州科技职业技术学院,浙江省,杭州市,专科,,否,否,否,否,现役候选,是,,,,,,,5,0,是,0,,0,,https://www.hzpt.edu.cn/
4133013027,浙江长征职业技术学院,浙江省,杭州市,专科,,是,否,否,否,现役候选,是,,,,,,,2,0,是,0,,0,,https://www.zjczxy.cn/
4133013028,嘉兴南洋职业技术学院,浙江省,嘉兴市,专科,,是,否,否,否,现役候选,是,,,,,,,1,0,是,0,,0,,https://www.jxnyi.edu.cn/?wm=3049_0016
4133013030,杭州万向职业技术学院,浙江省,杭州市,专科,,是,否,否,否,现役候选,是,,,,,,,2,0,是,0,,0,,https://www.wxpoly.cn/
4133013688,浙江邮电职业技术学院,浙江省,绍兴市,专科,,否,否,否,否,现役候选,是,,,,,,,3,0,是,0,,0,,https://www.zptc.edu.cn/
4133013742,宁波卫生职业技术学院,浙江省,宁波市,专科,,否,否,否,否,现役候选,是,,,,,,,2,0,是,0,,0,,https://www.nchs.edu.cn/
4133013746,台州科技职业学院,浙江省,台州市,专科,,否,否,否,否,现役候选,是,,,,,,,1,0,是,0,,0,,https://www.tzvcst.edu.cn/
4133013853,浙江国际海运职业技术学院,浙江省,舟山市,专科,,否,否,否,否,现役候选,是,,,,,,,3,0,是,0,,0,,https://www.zimc.cn/
4133013854,浙江体育职业技术学院,浙江省,杭州市,专科,,否,否,否,否,现役候选,是,,,,,,,5,0,是,0,,0,,https://www.zjcs.net.cn/
4133014088,温州科技职业学院,浙江省,温州市,专科,,否,否,否,否,现役候选,是,,,,,,,2,0,是,0,,0,,https://www.wzvcst.cn/
4133014089,浙江汽车职业技术学院,浙江省,台州市,专科,,是,否,否,否,现役候选,是,,,,,,,2,0,是,0,,0,,http://www.geely.edu.cn/
4133014090,浙江横店影视职业学院,浙江省,金华市,专科,,是,否,否,否,现役候选,是,,,,,,,1,0,是,0,,0,,http://www.hcft.edu.cn/#/
4133014269,浙江农业商贸职业学院,浙江省,绍兴市,专科,,否,否,否,否,现役候选,是,,,,,,,2,0,是,0,,0,,https://www.zjabc.edu.cn/
4133014431,浙江特殊教育职业学院,浙江省,杭州市,专科,,否,否,否,否,现役候选,是,,,,,,,2,0,是,0,,0,,https://www.zcse.edu.cn/
4133014492,浙江安防职业技术学院,浙江省,温州市,专科,,否,否,否,否,现役候选,是,,,,,,,2,0,是,0,,0,,https://www.zjcst.edu.cn/
4133014703,浙江宇翔职业技术学院,浙江省,湖州市,专科,,是,否,否,否,现役候选,是,,,,,,,1,0,是,0,,0,,https://www.zjyxxy.com.cn/
4133014746,浙江金华科贸职业技术学院,浙江省,金华市,专科,,是,否,否,否,现役候选,是,,,,,,,1,0,是,0,,0,,https://www.zjjhkm.edu.cn/km_main/
4133016408,浙江舟山群岛新区旅游与健康职业学院,浙江省,舟山市,专科,,否,否,否,否,现役候选,是,,,,,,,1,0,是,0,,0,,https://www.zsthc.com/
4233050559,宁波幼儿师范高等专科学校,浙江省,宁波市,专科,,否,否,否,否,现役候选,是,,,,,,,2,0,是,0,,0,,https://www.ncec.edu.cn/
4133014916,湖州健康职业学院,浙江省,湖州市,专科,,是,否,否,否,现役候选,是,,,,,,,1,0,是,0,,0,,https://www.hzhvc.com/
4134010357,安徽大学,安徽省,合肥市,本科,,否,否,是,是,现役候选,是,2026软科主榜 101,2026软科主榜 101,,,,,3,0,是,0,,0,,https://www.ahu.edu.cn/
4134010358,中国科学技术大学,安徽省,合肥市,本科,,否,是,是,是,现役候选,是,2026软科主榜 7,2026软科主榜 7,,2027 =134,2026 51,,5,0,是,0,,0,,https://www.ustc.edu.cn/
4134010359,合肥工业大学,安徽省,合肥市,本科,,否,否,是,是,现役候选,是,2026软科主榜 80,2026软科主榜 80,,,,,5,0,是,0,,0,,https://www.hfut.edu.cn/
4134010360,安徽工业大学,安徽省,马鞍山市,本科,,否,否,否,否,现役候选,是,2026软科主榜 193,2026软科主榜 193,,,,,4,0,是,0,,0,,https://www.ahut.edu.cn/
4134010361,安徽理工大学,安徽省,淮南市,本科,,否,否,否,否,现役候选,是,2026软科主榜 180,2026软科主榜 180,,,,,3,0,是,0,,0,,https://www.aust.edu.cn/
4134010363,安徽工程大学,安徽省,芜湖市,本科,,否,否,否,否,现役候选,是,2026软科主榜 274,2026软科主榜 274,,,,,3,0,是,0,,0,,https://www.ahpu.edu.cn/
4134010364,安徽农业大学,安徽省,合肥市,本科,,否,否,否,否,现役候选,是,2026软科主榜 143,2026软科主榜 143,,,,,1,0,是,0,,0,,https://www.ahau.edu.cn
4134010366,安徽医科大学,安徽省,合肥市,本科,,否,否,否,否,现役候选,是,2026软科分类标签 医14,2026软科分类标签 医14,,,,,4,0,是,0,,0,,https://www.ahmu.edu.cn/
4134010367,蚌埠医科大学,安徽省,蚌埠市,本科,,否,否,否,否,现役候选,是,2026软科分类标签 医35,2026软科分类标签 医35,,,,,2,0,是,0,,0,,https://www.bbmc.edu.cn/
4134010368,皖南医科大学,安徽省,芜湖市,本科,,否,否,否,否,现役候选,是,2026软科分类标签 医41,2026软科分类标签 医41,,,,,2,0,是,0,,0,,https://www.wnmc.edu.cn/
4134010369,安徽中医药大学,安徽省,合肥市,本科,,否,否,否,否,现役候选,是,2026软科分类标签 中医17,2026软科分类标签 中医17,,,,,5,0,是,0,,0,,https://www.ahtcm.edu.cn/
4134010370,安徽师范大学,安徽省,芜湖市,本科,,否,否,否,否,现役候选,是,2026软科主榜 145,2026软科主榜 145,,,,,4,0,是,0,,0,,https://www.ahnu.edu.cn/
4134010371,阜阳师范大学,安徽省,阜阳市,本科,,否,否,否,否,现役候选,是,2026软科主榜 384,2026软科主榜 384,,,,,2,0,是,0,,0,,https://www.fynu.edu.cn/
4134010372,安庆师范大学,安徽省,安庆市,本科,,否,否,否,否,现役候选,是,2026软科主榜 340,2026软科主榜 340,,,,,4,0,是,0,,0,,https://www.aqnu.edu.cn/
4134010373,淮北师范大学,安徽省,淮北市,本科,,否,否,否,否,现役候选,是,2026软科主榜 330,2026软科主榜 330,,,,,3,0,是,0,,0,,https://www.chnu.edu.cn
4134010375,黄山学院,安徽省,黄山市,本科,,否,否,否,否,现役候选,是,2026软科主榜 481,2026软科主榜 481,,,,,3,0,是,0,,0,,https://www.hsu.edu.cn
4134010376,皖西学院,安徽省,六安市,本科,,否,否,否,否,现役候选,是,2026软科主榜 417,2026软科主榜 417,,,,,2,0,是,0,,0,,https://www.wxc.edu.cn
4134010377,滁州学院,安徽省,滁州市,本科,,否,否,否,否,现役候选,是,2026软科主榜 435,2026软科主榜 435,,,,,3,0,是,0,,0,,https://www.chzu.edu.cn/
4134010378,安徽财经大学,安徽省,蚌埠市,本科,,否,否,否,否,现役候选,是,2026软科分类标签 财17,2026软科分类标签 财17,,,,,2,0,是,0,,0,,https://www.aufe.edu.cn
4134010379,宿州学院,安徽省,宿州市,本科,,否,否,否,否,现役候选,是,2026软科主榜 490,2026软科主榜 490,,,,,4,0,是,0,,0,,https://www.ahszu.edu.cn/
4134010380,巢湖学院,安徽省,合肥市,本科,,否,否,否,否,现役候选,是,2026软科主榜 479,2026软科主榜 479,,,,,2,0,是,0,,0,,https://www.chu.edu.cn
4134010381,淮南师范学院,安徽省,淮南市,本科,,否,否,否,否,现役候选,是,2026软科主榜 496,2026软科主榜 496,,,,,3,0,是,0,,0,,https://www.hnnu.edu.cn/
4134010383,铜陵学院,安徽省,铜陵市,本科,,否,否,否,否,现役候选,是,2026软科分类标签 财46+,2026软科分类标签 财46+,,,,,3,0,是,0,,0,,https://www.tlu.edu.cn/
4134010878,安徽建筑大学,安徽省,合肥市,本科,,否,否,否,否,现役候选,是,2026软科主榜 283,2026软科主榜 283,,,,,4,0,是,0,,0,,https://www.ahjzu.edu.cn
4134010879,安徽科技工程大学,安徽省,滁州市,本科,,否,否,否,否,现役候选,是,2026软科主榜 361,2026软科主榜 361,,,,,4,0,是,0,,0,,http://www.ahstu.edu.cn/
4134010959,安徽三联学院,安徽省,合肥市,本科,,是,否,否,否,现役候选,是,2026软科分类标签 100+,2026软科分类标签 100+,,,,,3,0,是,0,,0,,https://www.slu.edu.cn/
4134011059,合肥大学,安徽省,合肥市,本科,,否,否,否,否,现役候选,是,2026软科主榜 316,2026软科主榜 316,,,,,1,0,是,0,,0,,https://www.hfuu.edu.cn
4134011305,蚌埠学院,安徽省,蚌埠市,本科,,否,否,否,否,现役候选,是,2026软科分类标签 500+,2026软科分类标签 500+,,,,,1,0,是,0,,0,,https://www.bbc.edu.cn/
4134011306,池州学院,安徽省,池州市,本科,,否,否,否,否,现役候选,是,2026软科分类标签 500+,2026软科分类标签 500+,,,,,2,0,是,0,,0,,https://www.czu.edu.cn/
4134012216,安徽新华学院,安徽省,合肥市,本科,,是,否,否,否,现役候选,是,2026软科主榜 24,2026软科主榜 24,,,,,2,0,是,0,,0,,https://www.axhu.edu.cn/
4134012810,安徽文达信息工程学院,安徽省,合肥市,本科,,是,否,否,否,现役候选,是,2026软科主榜 99,2026软科主榜 99,,,,,2,0,是,0,,0,,https://www.wenda.edu.cn/index.html
4134012926,亳州学院,安徽省,亳州市,本科,,否,否,否,否,现役候选,是,2026软科分类标签 500+,2026软科分类标签 500+,,,,,3,0,是,0,,0,,https://www.bzuu.edu.cn/
4134013065,安徽外国语学院,安徽省,合肥市,本科,,是,否,否,否,现役候选,是,2026软科分类标签 语5+,2026软科分类标签 语5+,,,,,2,0,是,0,,0,,http://www.aisu.edu.cn/
4134013611,蚌埠工商学院,安徽省,蚌埠市,本科,,是,否,否,否,现役候选,是,2026软科分类标签 财27+,2026软科分类标签 财27+,,,,,1,0,是,0,,0,,https://www.bctb.edu.cn/
4134013612,合肥理工学院,安徽省,合肥市,本科,,否,否,否,否,现役候选,是,2026软科分类标签 500+,2026软科分类标签 500+,,,,,1,0,是,0,,0,,https://www.hfit.edu.cn/
4134013613,安徽信息工程学院,安徽省,芜湖市,本科,,是,否,否,否,现役候选,是,2026软科分类标签 100+,2026软科分类标签 100+,,,,,3,0,是,0,,0,,https://www.aiit.edu.cn/
4134013614,马鞍山学院,安徽省,马鞍山市,本科,,是,否,否,否,现役候选,是,2026软科分类标签 100+,2026软科分类标签 100+,,,,,1,0,是,0,,0,,https://www.masu.edu.cn/
4134013615,合肥城市学院,安徽省,合肥市,本科,,是,否,否,否,现役候选,是,2026软科分类标签 100+,2026软科分类标签 100+,,,,,2,0,是,0,,0,,https://www.cuhf.edu.cn/
4134013616,合肥经济学院,安徽省,合肥市,本科,,是,否,否,否,现役候选,是,2026软科分类标签 财27+,2026软科分类标签 财27+,,,,,4,0,是,0,,0,,https://www.hfue.edu.cn/
4134013617,芜湖学院,安徽省,芜湖市,本科,,是,否,否,否,现役候选,是,2026软科分类标签 100+,2026软科分类标签 100+,,,,,1,0,是,0,,0,,https://www.uwh.edu.cn/
4134013618,安徽医科大学临床医学院,安徽省,合肥市,本科,,是,否,否,否,现役候选,是,,,,,,,1,0,是,0,,0,,https://www.aycc.edu.cn/
4134013619,阜阳理工学院,安徽省,阜阳市,本科,,是,否,否,否,现役候选,是,2026软科分类标签 100+,2026软科分类标签 100+,,,,,1,0,是,0,,0,,https://fyut.edu.cn/
4134013620,淮北理工学院,安徽省,淮北市,本科,,是,否,否,否,现役候选,是,2026软科分类标签 100+,2026软科分类标签 100+,,,,,1,0,是,0,,0,,https://www.hblgxy.edu.cn/
4134014098,合肥师范学院,安徽省,合肥市,本科,,否,否,否,否,现役候选,是,2026软科主榜 414,2026软科主榜 414,,,,,5,0,是,0,,0,,https://www.hfnu.edu.cn/
4134014203,皖江工学院,安徽省,马鞍山市,本科,,是,否,否,否,现役候选,是,2026软科分类标签 100+,2026软科分类标签 100+,,,,,4,0,是,0,,0,,https://www.wjut.edu.cn/
4134014682,安徽艺术学院,安徽省,合肥市,本科,,否,否,否,否,现役候选,是,,,,,,,3,0,是,0,,0,,https://www.ahua.edu.cn/
4134014840,安徽公安学院,安徽省,合肥市,本科,,否,否,否,否,现役候选,是,,,,,,,1,0,是,0,,0,,https://www.ahpc.edu.cn/
4134010869,安徽职业技术大学,安徽省,合肥市,本科,,否,否,否,否,现役候选,是,,,,,,,1,0,是,0,,0,,https://www.uta.edu.cn/
4134011061,芜湖职业技术大学,安徽省,芜湖市,本科,,否,否,否,否,现役候选,是,,,,,,,4,0,是,0,,0,,https://www.whit.edu.cn/
4134012925,安徽第二医学院,安徽省,合肥市,本科,,否,否,否,否,现役候选,是,,,,,,,3,0,是,0,,0,,https://www.ahyz.edu.cn/
4134012072,安徽应用技术职业大学,安徽省,芜湖市,本科,,否,否,否,否,现役候选,是,,,,,,,2,0,是,0,,0,,https://www.ahcme.edu.cn/
4134010963,淮北职业技术学院,安徽省,淮北市,专科,,否,否,否,否,现役候选,是,,,,,,,3,0,是,0,,0,,https://www.hbtc.edu.cn/
4134011308,淮南联合大学,安徽省,淮南市,专科,,否,否,否,否,现役候选,是,,,,,,,4,0,是,0,,0,,https://www.hnuu.edu.cn/
4134012073,安徽水利水电职业技术学院,安徽省,合肥市,专科,,否,否,否,否,现役候选,是,,,,,,,2,0,是,0,,0,,https://www.ahsdxy.edu.cn/
4134012074,阜阳职业技术学院,安徽省,阜阳市,专科,,否,否,否,否,现役候选,是,,,,,,,2,0,是,0,,0,,https://www.fyvtc.edu.cn/
4134012217,铜陵职业技术学院,安徽省,铜陵市,专科,,否,否,否,否,现役候选,是,,,,,,,1,0,是,0,,0,,http://www.tlpt.edu.cn/
4134012218,民办万博科技职业学院,安徽省,合肥市,专科,,是,否,否,否,现役候选,是,,,,,,,1,0,是,0,,0,,https://www.wbc.edu.cn
4134012219,安徽警官职业学院,安徽省,合肥市,专科,,否,否,否,否,现役候选,是,,,,,,,3,0,是,0,,0,,http://www.ahjgxy.edu.cn/
4134012220,淮南职业技术学院,安徽省,淮南市,专科,,否,否,否,否,现役候选,是,,,,,,,4,0,是,0,,0,,https://www.hnvtc.edu.cn/
4134012334,安徽工业经济职业技术学院,安徽省,合肥市,专科,,否,否,否,否,现役候选,是,,,,,,,1,0,是,0,,0,,http://www.ahiec.edu.cn/
4134012410,合肥通用职业技术学院,安徽省,合肥市,专科,,否,否,否,否,现役候选,是,,,,,,,2,0,是,0,,0,,http://www.hftyxy.com/
4134012811,安徽工贸职业技术学院,安徽省,淮南市,专科,,否,否,否,否,现役候选,是,,,,,,,2,0,是,0,,0,,http://www.ahgmedu.cn/
4134012812,宿州职业技术学院,安徽省,宿州市,专科,,否,否,否,否,现役候选,是,,,,,,,2,0,是,0,,0,,https://www.szzy.edu.cn/
4134012813,六安职业技术学院,安徽省,六安市,专科,,否,否,否,否,现役候选,是,,,,,,,2,0,是,0,,0,,https://www.lvtc.edu.cn/
4134012814,安徽电子信息职业技术学院,安徽省,蚌埠市,专科,,否,否,否,否,现役候选,是,,,,,,,2,0,是,0,,0,,https://www.ahdy.edu.cn/
4134012815,民办合肥经济技术职业学院,安徽省,合肥市,专科,,是,否,否,否,现役候选,是,,,,,,,1,0,是,0,,0,,https://www.hfet.com/
4134012816,安徽交通职业技术学院,安徽省,合肥市,专科,,否,否,否,否,现役候选,是,,,,,,,2,0,是,0,,0,,https://www.acvtc.edu.cn/
4134012817,安徽体育运动职业技术学院,安徽省,合肥市,专科,,否,否,否,否,现役候选,是,,,,,,,2,0,是,0,,0,,http://www.ahty.edu.cn/
4134012924,安徽中医药高等专科学校,安徽省,芜湖市,专科,,否,否,否,否,现役候选,是,,,,,,,2,0,是,0,,0,,https://www.ahzyygz.edu.cn/
4134013058,合肥职业技术学院,安徽省,合肥市,专科,,否,否,否,否,现役候选,是,,,,,,,4,0,是,0,,0,,https://www.htc.edu.cn/
4134013059,滁州职业技术学院,安徽省,滁州市,专科,,否,否,否,否,现役候选,是,,,,,,,2,0,是,0,,0,,https://www.chzc.edu.cn/
4134013060,池州职业技术学院,安徽省,池州市,专科,,否,否,否,否,现役候选,是,,,,,,,2,0,是,0,,0,,https://www.czvtc.edu.cn/
4134013061,宣城职业技术学院,安徽省,宣城市,专科,,否,否,否,否,现役候选,是,,,,,,,3,0,是,0,,0,,https://www.xcvtc.edu.cn/
4134013062,安徽广播影视职业技术学院,安徽省,合肥市,专科,,否,否,否,否,现役候选,是,,,,,,,2,0,是,0,,0,,https://www.amtc.edu.cn/
4134013064,民办合肥滨湖职业技术学院,安徽省,合肥市,专科,,是,否,否,否,现役候选,是,,,,,,,1,0,是,0,,0,,https://www.hfbhxy.edu.cn/
4134013336,安徽电气工程职业技术学院,安徽省,合肥市,专科,,否,否,否,否,现役候选,是,,,,,,,1,0,是,0,,0,,http://www.aepu.com.cn/
4134013337,安徽冶金科技职业学院,安徽省,马鞍山市,专科,,否,否,否,否,现役候选,是,,,,,,,3,0,是,0,,0,,https://www.avcmt.edu.cn/
4134013338,安徽城市管理职业学院,安徽省,合肥市,专科,,否,否,否,否,现役候选,是,,,,,,,4,0,是,0,,0,,https://www.cua.edu.cn/
4134013340,安徽工商职业学院,安徽省,合肥市,专科,,否,否,否,否,现役候选,是,,,,,,,3,0,是,0,,0,,https://www.ahbvc.edu.cn
4134013341,安徽中澳科技职业学院,安徽省,合肥市,专科,,否,否,否,否,现役候选,是,,,,,,,2,0,是,0,,0,,http://www.acac.edu.cn/
4134013342,阜阳科技职业学院,安徽省,阜阳市,专科,,是,否,否,否,现役候选,是,,,,,,,2,0,是,0,,0,,http://www.fky.net.cn/
4134013343,亳州职业技术学院,安徽省,亳州市,专科,,否,否,否,否,现役候选,是,,,,,,,2,0,是,0,,0,,https://www.bzy.edu.cn/
4134013344,安徽国防科技职业学院,安徽省,六安市,专科,,否,否,否,否,现役候选,是,,,,,,,3,0,是,0,,0,,https://www.acdt.edu.cn/
4134013345,安庆职业技术学院,安徽省,安庆市,专科,,否,否,否,否,现役候选,是,,,,,,,2,0,是,0,,0,,https://www.aqvtc.edu.cn/
4134013346,安徽艺术职业学院,安徽省,合肥市,专科,,否,否,否,否,现役候选,是,,,,,,,3,0,是,0,,0,,https://www.artcah.edu.cn/
4134013760,马鞍山师范高等专科学校,安徽省,马鞍山市,专科,,否,否,否,否,现役候选,是,,,,,,,3,0,是,0,,0,,https://www.massz.edu.cn/
4134013845,安徽财贸职业学院,安徽省,合肥市,专科,,否,否,否,否,现役候选,是,,,,,,,4,0,是,0,,0,,https://www.afc.edu.cn/
4134013846,安徽国际商务职业学院,安徽省,合肥市,专科,,否,否,否,否,现役候选,是,,,,,,,2,0,是,0,,0,,https://www.ahiib.edu.cn/main.htm
4134013847,安徽公安职业学院,安徽省,合肥市,专科,,否,否,否,否,现役候选,是,,,,,,,1,0,是,0,,0,,
4134013848,安徽林业职业技术学院,安徽省,合肥市,专科,,否,否,否,否,现役候选,是,,,,,,,2,0,是,0,,0,,https://www.ahlyxy.edu.cn/
4134013849,安徽审计职业学院,安徽省,合肥市,专科,,否,否,否,否,现役候选,是,,,,,,,2,0,是,0,,0,,https://www.ahsjxy.edu.cn/
4134013850,安徽新闻出版职业技术学院,安徽省,合肥市,专科,,否,否,否,否,现役候选,是,,,,,,,1,0,是,0,,0,,https://www.ahcbxy.edu.cn/
4134013851,安徽邮电职业技术学院,安徽省,合肥市,专科,,否,否,否,否,现役候选,是,,,,,,,1,0,是,0,,0,,https://www.ahptc.cn/cn
4134013852,安徽工业职业技术学院,安徽省,铜陵市,专科,,否,否,否,否,现役候选,是,,,,,,,3,0,是,0,,0,,https://www.ahip.cn/
4134014058,民办合肥财经职业学院,安徽省,合肥市,专科,,是,否,否,否,现役候选,是,,,,,,,1,0,是,0,,0,,https://www.hfcfe.edu.cn/
4134014096,安庆医药高等专科学校,安徽省,安庆市,专科,,否,否,否,否,现役候选,是,,,,,,,2,0,是,0,,0,,https://www.aqmc.edu.cn/
4134014132,安徽涉外经济职业学院,安徽省,合肥市,专科,,是,否,否,否,现役候选,是,,,,,,,1,0,是,0,,0,,
4134014133,安徽绿海商务职业学院,安徽省,合肥市,专科,,是,否,否,否,现役候选,是,,,,,,,1,0,是,0,,0,,https://www.lhub.cn/
4134014135,合肥共达职业技术学院,安徽省,合肥市,专科,,是,否,否,否,现役候选,是,,,,,,,2,0,是,0,,0,,https://www.hfgdxy.cn/
4134014137,蚌埠经济技术职业学院,安徽省,蚌埠市,专科,,是,否,否,否,现役候选,是,,,,,,,2,0,是,0,,0,,http://www.bjy.ah.cn
4134014165,民办安徽旅游职业学院,安徽省,阜阳市,专科,,是,否,否,否,现役候选,是,,,,,,,1,1,是,0,,0,,
4134014191,徽商职业学院,安徽省,合肥市,专科,,否,否,否,否,现役候选,是,,,,,,,3,0,是,0,,0,,https://www.hsxy.edu.cn/
4134014192,马鞍山职业技术学院,安徽省,马鞍山市,专科,,否,否,否,否,现役候选,是,,,,,,,2,0,是,0,,0,,https://www.mastc.edu.cn/
4134014210,安徽现代信息工程职业学院,安徽省,淮南市,专科,,是,否,否,否,现役候选,是,,,,,,,1,0,是,0,,0,,http://www.ahmodern.cn
4134014229,安徽矿业职业技术学院,安徽省,淮北市,专科,,是,否,否,否,现役候选,是,,,,,,,1,0,是,0,,0,,https://www.ahkyzy.edu.cn/
4134014230,合肥信息技术职业学院,安徽省,合肥市,专科,,是,否,否,否,现役候选,是,,,,,,,2,0,是,0,,0,,https://www.hfitu.cn/
4134014273,桐城师范高等专科学校,安徽省,安庆市,专科,,否,否,否,否,现役候选,是,,,,,,,2,0,是,0,,0,,https://www.tctc.edu.cn
4134014296,黄山职业技术学院,安徽省,黄山市,专科,,否,否,否,否,现役候选,是,,,,,,,1,0,是,0,,0,,https://www.hszy.edu.cn/
4134014297,滁州城市职业学院,安徽省,滁州市,专科,,否,否,否,否,现役候选,是,,,,,,,2,0,是,0,,0,,https://www.czcvc.edu.cn/
4134014298,安徽汽车职业技术学院,安徽省,合肥市,专科,,否,否,否,否,现役候选,是,,,,,,,2,0,是,0,,0,,https://www.ahavtc.edu.cn/
4134014299,皖西卫生职业学院,安徽省,六安市,专科,,否,否,否,否,现役候选,是,,,,,,,4,0,是,0,,0,,https://www.wahvc.edu.cn
4134014330,合肥幼儿师范高等专科学校,安徽省,合肥市,专科,,否,否,否,否,现役候选,是,,,,,,,3,0,是,0,,0,,https://www.hfpec.edu.cn/
4134014342,安徽扬子职业技术学院,安徽省,芜湖市,专科,,是,否,否,否,现役候选,是,,,,,,,2,0,是,0,,0,,http://www.ahyzxy.cn/
4134014378,安徽黄梅戏艺术职业学院,安徽省,安庆市,专科,,否,否,否,否,现役候选,是,,,,,,,2,0,是,0,,0,,https://www.hmxxy.edu.cn/hmxxy/
4134014418,安徽粮食工程职业学院,安徽省,合肥市,专科,,否,否,否,否,现役候选,是,,,,,,,2,0,是,0,,0,,https://www.ahly.edu.cn/
4134014419,安徽卫生健康职业学院,安徽省,池州市,专科,,否,否,否,否,现役候选,是,,,,,,,1,0,是,0,,0,,http://www.ahwsjkxy.edu.cn/
4134014420,合肥科技职业学院,安徽省,合肥市,专科,,是,否,否,否,现役候选,是,,,,,,,2,0,是,0,,0,,https://hfstu.cn/
4134014502,皖北卫生职业学院,安徽省,宿州市,专科,,否,否,否,否,现役候选,是,,,,,,,3,0,是,0,,0,,https://www.wbws.edu.cn/
4134014536,阜阳幼儿师范高等专科学校,安徽省,阜阳市,专科,,否,否,否,否,现役候选,是,,,,,,,2,0,是,0,,0,,https://www.fypec.edu.cn/
4134014704,黄山健康职业学院,安徽省,黄山市,专科,,是,否,否,否,现役候选,是,,,,,,,1,0,是,0,,0,,https://www.hsvch.edu.cn/
4134014747,宿州航空职业学院,安徽省,宿州市,专科,,是,否,否,否,现役候选,是,,,,,,,1,0,是,0,,0,,https://www.szhkxy.edu.cn/
4134014842,芜湖医药健康职业学院,安徽省,芜湖市,专科,,是,否,否,否,现役候选,是,,,,,,,1,0,是,0,,0,,http://whyyjkxy.edu.cn/
4134014843,芜湖航空职业学院,安徽省,芜湖市,专科,,是,否,否,否,现役候选,是,,,,,,,1,0,是,0,,0,,https://www.whavc.com/
4134014844,蚌埠城市轨道交通职业学院,安徽省,蚌埠市,专科,,是,否,否,否,现役候选,是,,,,,,,1,0,是,0,,0,,http://www.bcurt.ac.cn/#/
4134014917,六安应用科技职业学院,安徽省,六安市,专科,,否,否,否,否,现役候选,是,,,,,,,2,0,是,0,,0,,http://www.lastc.edu.cn/
4134014957,安徽特殊教育职业学院,安徽省,合肥市,专科,,否,否,否,否,现役候选,是,,,,,,,1,0,是,0,,0,,http://www.ahtjzz.cn
4135010384,厦门大学,福建省,厦门市,本科,,否,是,是,是,现役候选,是,2026软科主榜 25,2026软科主榜 25,,,,,6,0,是,0,,0,,https://www.xmu.edu.cn/
4135010385,华侨大学,福建省,泉州市,本科,,否,否,否,否,现役候选,是,2026软科主榜 139,2026软科主榜 139,,,,,2,0,是,0,,0,,https://www.hqu.edu.cn/
4135010386,福州大学,福建省,福州市,本科,,否,否,是,是,现役候选,是,2026软科主榜 77,2026软科主榜 77,,,,,5,0,是,0,,0,,https://www.fzu.edu.cn/
4135010388,福建理工大学,福建省,福州市,本科,,否,否,否,否,现役候选,是,2026软科主榜 275,2026软科主榜 275,,,,,2,0,是,0,,0,,https://www.fjut.edu.cn/
4135010389,福建农林大学,福建省,福州市,本科,,否,否,否,否,现役候选,是,2026软科主榜 122,2026软科主榜 122,,,,,3,0,是,0,,0,,https://www.fafu.edu.cn/
4135010390,集美大学,福建省,厦门市,本科,,否,否,否,否,现役候选,是,2026软科主榜 156,2026软科主榜 156,,,,,1,0,是,0,,0,,https://www.jmu.edu.cn
4135010392,福建医科大学,福建省,福州市,本科,,否,否,否,否,现役候选,是,2026软科分类标签 医15,2026软科分类标签 医15,,,,,4,0,是,0,,0,,https://www.fjmu.edu.cn/
4135010393,福建中医药大学,福建省,福州市,本科,,否,否,否,否,现役候选,是,2026软科分类标签 中医10,2026软科分类标签 中医10,,,,,3,0,是,0,,0,,https://www.fjtcm.edu.cn/
4135010394,福建师范大学,福建省,福州市,本科,,否,否,否,否,现役候选,是,2026软科主榜 90,2026软科主榜 90,,,,,3,0,是,0,,0,,https://www.fjnu.edu.cn/
4135010395,闽江大学,福建省,福州市,本科,,否,否,否,否,现役候选,是,2026软科主榜 297,2026软科主榜 297,,,,,4,0,是,0,,0,,https://www.mju.edu.cn/
4135010397,武夷学院,福建省,南平市,本科,,否,否,否,否,现役候选,是,2026软科主榜 426,2026软科主榜 426,,,,,2,0,是,0,,0,,https://www.wuyiu.edu.cn/
4135010398,宁德师范学院,福建省,宁德市,本科,,否,否,否,否,现役候选,是,2026软科主榜 450,2026软科主榜 450,,,,,3,0,是,0,,0,,http://www.ndnu.edu.cn/
4135010399,泉州师范学院,福建省,泉州市,本科,,否,否,否,否,现役候选,是,2026软科主榜 357,2026软科主榜 357,,,,,2,0,是,0,,0,,https://www.qztc.edu.cn
4135010402,闽南师范大学,福建省,漳州市,本科,,否,否,否,否,现役候选,是,2026软科主榜 309,2026软科主榜 309,,,,,3,0,是,0,,0,,https://www.mnnu.edu.cn/
4135011062,厦门理工学院,福建省,厦门市,本科,,否,否,否,否,现役候选,是,2026软科主榜 246,2026软科主榜 246,,,,,2,0,是,0,,0,,https://www.xmut.edu.cn/
4135011311,三明学院,福建省,三明市,本科,,否,否,否,否,现役候选,是,2026软科主榜 381,2026软科主榜 381,,,,,2,0,是,0,,0,,https://www.fjsmu.edu.cn/
4135011312,龙岩学院,福建省,龙岩市,本科,,否,否,否,否,现役候选,是,2026软科主榜 398,2026软科主榜 398,,,,,3,0,是,0,,0,,https://www.lyun.edu.cn/
4135011313,福建商学院,福建省,福州市,本科,,否,否,否,否,现役候选,是,2026软科分类标签 财46+,2026软科分类标签 财46+,,,,,4,0,是,0,,0,,https://www.fjbu.edu.cn/
4135011495,福建警察学院,福建省,福州市,本科,,否,否,否,否,现役候选,是,2026软科分类标签 政24,2026软科分类标签 政24,,,,,3,0,是,0,,0,,http://www.fjpsc.edu.cn/
4135011498,莆田学院,福建省,莆田市,本科,,否,否,否,否,现役候选,是,2026软科主榜 391,2026软科主榜 391,,,,,3,0,是,0,,0,,https://www.ptu.edu.cn/
4135011784,仰恩大学,福建省,泉州市,本科,,是,否,否,否,现役候选,是,2026软科主榜 100,2026软科主榜 100,,,,,2,0,是,0,,0,,https://web.yeu.edu.cn
4135012631,厦门医学院,福建省,厦门市,本科,,否,否,否,否,现役候选,是,2026软科分类标签 医48,2026软科分类标签 医48,,,,,1,0,是,0,,0,,https://www.xmmc.edu.cn/
4135012709,厦门华厦学院,福建省,厦门市,本科,,是,否,否,否,现役候选,是,2026软科主榜 88,2026软科主榜 88,,,,,2,0,是,0,,0,,https://www.hxxy.edu.cn/
4135012710,闽南理工学院,福建省,泉州市,本科,,是,否,否,否,现役候选,是,2026软科主榜 60,2026软科主榜 60,,,,,4,0,是,0,,0,,https://www.mnust.edu.cn/
4135012928,泉州职业技术大学,福建省,泉州市,本科,,是,否,否,否,现役候选,是,,,,,,,4,0,是,0,,0,,https://www.qvtu.edu.cn/
4135012992,闽南科技学院,福建省,泉州市,本科,,是,否,否,否,现役候选,是,2026软科分类标签 100+,2026软科分类标签 100+,,,,,3,0,是,0,,0,,https://www.mku.edu.cn/
4135012993,福州工商学院,福建省,福州市,本科,,是,否,否,否,现役候选,是,2026软科分类标签 100+,2026软科分类标签 100+,,,,,2,0,是,0,,0,,https://www.fzgsxy.edu.cn/
4135013115,厦门工学院,福建省,厦门市,本科,,是,否,否,否,现役候选,是,2026软科主榜 97,2026软科主榜 97,,,,,1,0,是,0,,0,,https://www.xit.edu.cn/
4135013468,阳光学院,福建省,福州市,本科,,是,否,否,否,现役候选,是,2026软科主榜 25,2026软科主榜 25,,,,,3,0,是,0,,0,,https://www.ygu.edu.cn/
4135013469,厦门大学嘉庚学院,福建省,漳州市,本科,,是,否,否,否,现役候选,是,,,,,,,1,0,是,0,,0,,https://www.xujc.com/
4135013470,福州大学至诚学院,福建省,福州市,本科,,是,否,否,否,现役候选,是,,,,,,,1,0,是,0,,0,,https://www.fdzcxy.edu.cn/
4135013471,集美大学诚毅学院,福建省,厦门市,本科,,是,否,否,否,现役候选,是,,,,,,,1,0,是,0,,0,,https://chengyi.jmu.edu.cn/
4135013472,福建师范大学协和学院,福建省,福州市,本科,,是,否,否,否,现役候选,是,,,,,,,1,0,是,0,,0,,https://cuc.fjnu.edu.cn/
4135013762,福州外语外贸学院,福建省,福州市,本科,,是,否,否,否,现役候选,是,2026软科分类标签 财3,2026软科分类标签 财3,,,,,2,0,是,0,,0,,https://www.fzfu.com/
4135013763,福建江夏学院,福建省,福州市,本科,,否,否,否,否,现役候选,是,2026软科分类标签 财42,2026软科分类标签 财42,,,,,1,0,是,0,,0,,https://www.fjjxu.edu.cn/
4135013766,泉州信息工程学院,福建省,泉州市,本科,,是,否,否,否,现役候选,是,2026软科主榜 35,2026软科主榜 35,,,,,1,0,是,0,,0,,https://www.qzuie.edu.cn/
4135013773,福州理工学院,福建省,福州市,本科,,是,否,否,否,现役候选,是,2026软科分类标签 100+,2026软科分类标签 100+,,,,,3,0,是,0,,0,,http://www.fit.edu.cn
4135014046,福建农林大学金山学院,福建省,福州市,本科,,是,否,否,否,现役候选,是,,,,,,,1,0,是,0,,0,,https://jsxy.fafu.edu.cn/main.htm
4135014683,福建技术师范学院,福建省,福州市,本科,,否,否,否,否,现役候选,是,2026软科主榜 477,2026软科主榜 477,,,,,3,0,是,0,,0,,https://www.fpnu.edu.cn/
4135014896,福建福耀科技大学,福建省,福州市,本科,,是,否,否,否,现役候选,是,,,,,,,1,0,是,0,,0,,https://www.fyust.edu.cn/
4135011317,黎明职业大学,福建省,泉州市,本科,,否,否,否,否,现役候选,是,,,,,,,2,0,是,0,,0,,https://www.lmu.edu.cn
4135011502,福州职业技术大学,福建省,福州市,本科,,否,否,否,否,现役候选,是,,,,,,,3,0,是,0,,0,,https://www.fvti.cn/
4135010866,福建船政交通职业学院,福建省,福州市,专科,,否,否,否,否,现役候选,是,,,,,,,4,0,是,0,,0,,https://www.fjcpc.edu.cn/
4135011314,漳州职业技术学院,福建省,漳州市,专科,,否,否,否,否,现役候选,是,,,,,,,1,0,是,0,,0,,https://www.fjzzit.edu.cn/
4135011315,闽西职业技术学院,福建省,龙岩市,专科,,否,否,否,否,现役候选,是,,,,,,,6,0,是,0,,0,,https://www.mxdx.net/
4135011499,福建华南女子职业学院,福建省,福州市,专科,,是,否,否,否,现役候选,是,,,,,,,4,0,是,0,,0,,http://www.hnwomen.com.cn/main.htm
4135012625,福建林业职业技术学院,福建省,南平市,专科,,否,否,否,否,现役候选,是,,,,,,,3,0,是,0,,0,,https://www.fjlzy.com/
4135012626,福建信息职业技术学院,福建省,福州市,专科,,否,否,否,否,现役候选,是,,,,,,,5,0,是,0,,0,,https://www.mitu.cn/
4135012627,福建水利电力职业技术学院,福建省,三明市,专科,,否,否,否,否,现役候选,是,,,,,,,3,0,是,0,,0,,https://www.fjsdxy.com/
4135012628,福建电力职业技术学院,福建省,泉州市,专科,,否,否,否,否,现役候选,是,,,,,,,2,0,是,0,,0,,http://www.fjdy.net/index.html
4135012629,厦门海洋职业技术学院,福建省,厦门市,专科,,否,否,否,否,现役候选,是,,,,,,,2,0,是,0,,0,,https://www.xmoc.edu.cn/
4135012630,福建农业职业技术学院,福建省,福州市,专科,,否,否,否,否,现役候选,是,,,,,,,4,0,是,0,,0,,https://www.fjny.edu.cn/
4135012633,福建卫生职业技术学院,福建省,福州市,专科,,否,否,否,否,现役候选,是,,,,,,,2,0,是,0,,0,,https://www.fjwzy.edu.cn/
4135012634,泉州医学高等专科学校,福建省,泉州市,专科,,否,否,否,否,现役候选,是,,,,,,,3,0,是,0,,0,,https://www.qzmc.edu.cn/
4135012708,福州英华职业学院,福建省,福州市,专科,,是,否,否,否,现役候选,是,,,,,,,1,0,是,0,,0,,https://www.fzacc.com/
4135012711,泉州纺织服装职业学院,福建省,泉州市,专科,,是,否,否,否,现役候选,是,,,,,,,2,0,是,0,,0,,https://www.qzfzfz.com/
4135012927,泉州华光职业学院,福建省,泉州市,专科,,是,否,否,否,现役候选,是,,,,,,,3,0,是,0,,0,,https://www.hgu.cn/
4135013764,闽北职业技术学院,福建省,南平市,专科,,否,否,否,否,现役候选,是,,,,,,,2,0,是,0,,0,,https://www.mbu.cn/
4135013765,福州黎明职业技术学院,福建省,福州市,专科,,是,否,否,否,现役候选,是,,,,,,,2,0,是,0,,0,,https://www.fzlmxy.cn
4135013767,厦门演艺职业学院,福建省,厦门市,专科,,是,否,否,否,现役候选,是,,,,,,,1,0,是,0,,0,,https://www.xmyanyi.com/
4135013768,厦门华天涉外职业技术学院,福建省,厦门市,专科,,是,否,否,否,现役候选,是,,,,,,,1,0,是,0,,0,,https://www.xmht.com/
4135013769,福州科技职业技术学院,福建省,福州市,专科,,是,否,否,否,现役候选,是,,,,,,,2,0,是,0,,0,,https://www.fzstc.com.cn/
4135013770,泉州经贸职业技术学院,福建省,泉州市,专科,,否,否,否,否,现役候选,是,,,,,,,1,0,是,0,,0,,https://www.qzjmc.cn/
4135013772,湄洲湾职业技术学院,福建省,莆田市,专科,,否,否,否,否,现役候选,是,,,,,,,3,0,是,0,,0,,https://www.fjmzw.com/
4135013969,福建生物工程职业技术学院,福建省,福州市,专科,,否,否,否,否,现役候选,是,,,,,,,3,0,是,0,,0,,https://www.fjvcb.cn/
4135013970,福建艺术职业学院,福建省,福州市,专科,,否,否,否,否,现役候选,是,,,,,,,2,0,是,0,,0,,http://www.fjyszyxy.com
4135013972,福建幼儿师范高等专科学校,福建省,福州市,专科,,否,否,否,否,现役候选,是,,,,,,,3,0,是,0,,0,,http://www.fjys.edu.cn
4135013973,厦门城市职业学院,福建省,厦门市,专科,,否,否,否,否,现役候选,是,,,,,,,2,0,是,0,,0,,https://www.xmcu.edu.cn/
4135013975,泉州工艺美术职业学院,福建省,泉州市,专科,,否,否,否,否,现役候选,是,,,,,,,2,0,是,0,,0,,https://www.qzgymy.cn/
4135013976,三明医学科技职业学院,福建省,三明市,专科,,否,否,否,否,现役候选,是,,,,,,,3,0,是,0,,0,,https://www.smykzy.cn/
4135013977,宁德职业技术学院,福建省,宁德市,专科,,否,否,否,否,现役候选,是,,,,,,,2,0,是,0,,0,,https://www.ndzy.cn/
4135013978,福州软件职业技术学院,福建省,福州市,专科,,是,否,否,否,现役候选,是,,,,,,,2,0,是,0,,0,,https://www.fzrjxy.com/
4135013979,厦门兴才职业技术学院,福建省,厦门市,专科,,是,否,否,否,现役候选,是,,,,,,,1,0,是,0,,0,,http://www.xmxc.com
4135014059,厦门软件职业技术学院,福建省,厦门市,专科,,是,否,否,否,现役候选,是,,,,,,,1,0,是,0,,0,,https://www.xmist.edu.cn/
4135014060,福建体育职业技术学院,福建省,福州市,专科,,否,否,否,否,现役候选,是,,,,,,,1,0,是,0,,0,,http://www.fjipe.cn
4135014110,漳州城市职业学院,福建省,漳州市,专科,,否,否,否,否,现役候选,是,,,,,,,1,0,是,0,,0,,https://www.zcvc.cn/
4135014111,厦门南洋职业学院,福建省,厦门市,专科,,是,否,否,否,现役候选,是,,,,,,,2,0,是,0,,0,,https://www.ny2000.com/
4135014112,厦门东海职业技术学院,福建省,厦门市,专科,,是,否,否,否,现役候选,是,,,,,,,2,0,是,0,,0,,http://www.xmdh.com/
4135014113,漳州科技职业学院,福建省,漳州市,专科,,是,否,否,否,现役候选,是,,,,,,,1,0,是,0,,0,,https://www.tfzzkj.cn/
4135014115,漳州理工职业学院,福建省,漳州市,专科,,是,否,否,否,现役候选,是,,,,,,,2,0,是,0,,0,,https://www.zzlg.org/
4135014116,武夷山职业学院,福建省,南平市,专科,,是,否,否,否,现役候选,是,,,,,,,3,0,是,0,,0,,https://www.wyszyxy.com/
4135014117,漳州卫生职业学院,福建省,漳州市,专科,,否,否,否,否,现役候选,是,,,,,,,1,0,是,0,,0,,https://www.zzwzy.edu.cn/
4135014231,泉州海洋职业学院,福建省,泉州市,专科,,是,否,否,否,现役候选,是,,,,,,,2,0,是,0,,0,,https://www.qzoi.edu.cn/
4135014232,泉州轻工职业学院,福建省,泉州市,专科,,是,否,否,否,现役候选,是,,,,,,,1,0,是,0,,0,,http://www.qzqgxy.com
4135014257,厦门安防科技职业学院,福建省,厦门市,专科,,是,否,否,否,现役候选,是,,,,,,,1,0,是,0,,0,,http://www.xmafkj.com/
4135014331,泉州幼儿师范高等专科学校,福建省,泉州市,专科,,否,否,否,否,现役候选,是,,,,,,,2,0,是,0,,0,,https://www.qzygz.edu.cn/
4135014490,闽江师范高等专科学校,福建省,福州市,专科,,否,否,否,否,现役候选,是,,,,,,,4,0,是,0,,0,,http://www.fzmjtc.cn/
4135014503,泉州工程职业技术学院,福建省,泉州市,专科,,是,否,否,否,现役候选,是,,,,,,,2,0,是,0,,0,,http://qzgcu.com/
4135016411,福州墨尔本理工职业学院,福建省,福州市,专科,,否,否,否,否,现役候选,是,,,,,,,1,0,是,0,,0,,https://www.fmp.edu.cn/
4135014918,集美工业职业学院,福建省,厦门市,专科,,否,否,否,否,现役候选,是,,,,,,,1,0,是,0,,0,,https://zs.jmivc.cn/
4136010403,南昌大学,江西省,南昌市,本科,,否,否,是,是,现役候选,是,2026软科主榜 74,2026软科主榜 74,,,,,4,0,是,0,,0,,https://www.ncu.edu.cn/
4136010404,华东交通大学,江西省,南昌市,本科,,否,否,否,否,现役候选,是,2026软科主榜 194,2026软科主榜 194,,,,,2,0,是,0,,0,,https://www.ecjtu.edu.cn/
4136010405,东华理工大学,江西省,抚州市,本科,,否,否,否,否,现役候选,是,2026软科主榜 229,2026软科主榜 229,,,,,3,0,是,0,,0,,https://www.ecut.edu.cn/
4136010406,南昌航空大学,江西省,南昌市,本科,,否,否,否,否,现役候选,是,2026软科主榜 181,2026软科主榜 181,,,,,4,0,是,0,,0,,https://www.nchu.edu.cn/
4136010407,江西理工大学,江西省,赣州市,本科,,否,否,否,否,现役候选,是,2026软科主榜 202,2026软科主榜 202,,,,,6,0,是,0,,0,,https://www.jxust.edu.cn/
4136010408,景德镇陶瓷大学,江西省,景德镇市,本科,,否,否,否,否,现役候选,是,2026软科主榜 321,2026软科主榜 321,,,,,3,0,是,0,,0,,https://www.jci.edu.cn/
4136010410,江西农业大学,江西省,南昌市,本科,,否,否,否,否,现役候选,是,2026软科主榜 207,2026软科主榜 207,,,,,3,0,是,0,,0,,https://www.jxau.edu.cn/
4136010412,江西中医药大学,江西省,南昌市,本科,,否,否,否,否,现役候选,是,2026软科分类标签 中医13,2026软科分类标签 中医13,,,,,4,0,是,0,,0,,https://www.jxutcm.edu.cn/
4136010413,赣南医科大学,江西省,赣州市,本科,,否,否,否,否,现役候选,是,2026软科分类标签 医40,2026软科分类标签 医40,,,,,3,0,是,0,,0,,https://gmu.cn
4136010414,江西师范大学,江西省,南昌市,本科,,否,否,否,否,现役候选,是,2026软科主榜 126,2026软科主榜 126,,,,,4,0,是,0,,0,,https://www.jxnu.edu.cn/
4136010416,上饶师范学院,江西省,上饶市,本科,,否,否,否,否,现役候选,是,2026软科主榜 457,2026软科主榜 457,,,,,2,0,是,0,,0,,http://www.sru.edu.cn/
4136010417,宜春学院,江西省,宜春市,本科,,否,否,否,否,现役候选,是,2026软科主榜 431,2026软科主榜 431,,,,,5,0,是,0,,0,,https://www.jxycu.edu.cn/
4136010418,赣南师范大学,江西省,赣州市,本科,,否,否,否,否,现役候选,是,2026软科主榜 252,2026软科主榜 252,,,,,4,0,是,0,,0,,https://www.gnnu.edu.cn/
4136010419,井冈山大学,江西省,吉安市,本科,,否,否,否,否,现役候选,是,2026软科主榜 351,2026软科主榜 351,,,,,3,0,是,0,,0,,https://www.jgsu.edu.cn/
4136010421,江西财经大学,江西省,南昌市,本科,,否,否,否,否,现役候选,是,2026软科分类标签 财7,2026软科分类标签 财7,,,,,6,0,是,0,,0,,https://www.jxufe.edu.cn/
4136010846,江西科技学院,江西省,南昌市,本科,,是,否,否,否,现役候选,是,2026软科主榜 66,2026软科主榜 66,,,,,2,0,是,0,,0,,https://www.jxut.edu.cn/
4136010894,景德镇学院,江西省,景德镇市,本科,,否,否,否,否,现役候选,是,2026软科分类标签 500+,2026软科分类标签 500+,,,,,1,0,是,0,,0,,https://www.jdzu.edu.cn/
4136010895,萍乡学院,江西省,萍乡市,本科,,否,否,否,否,现役候选,是,2026软科分类标签 500+,2026软科分类标签 500+,,,,,2,0,是,0,,0,,https://www.pxc.jx.cn/
4136011318,江西科技师范大学,江西省,南昌市,本科,,否,否,否,否,现役候选,是,2026软科主榜 324,2026软科主榜 324,,,,,4,0,是,0,,0,,https://www.jxstnu.edu.cn/
4136011319,江西水利电力大学,江西省,南昌市,本科,,否,否,否,否,现役候选,是,2026软科主榜 348,2026软科主榜 348,,,,,2,0,是,0,,0,,https://www.juwp.edu.cn/
4136011504,江西警察学院,江西省,南昌市,本科,,否,否,否,否,现役候选,是,2026软科分类标签 政30,2026软科分类标签 政30,,,,,2,0,是,0,,0,,https://www.jxga.edu.cn/
4136011508,新余学院,江西省,新余市,本科,,否,否,否,否,现役候选,是,2026软科分类标签 500+,2026软科分类标签 500+,,,,,2,0,是,0,,0,,https://www.xyc.edu.cn/index.htm#banner
4136011843,九江学院,江西省,九江市,本科,,否,否,否,否,现役候选,是,2026软科主榜 473,2026软科主榜 473,,,,,5,0,是,0,,0,,https://www.jju.edu.cn
4136012766,江西工程学院,江西省,新余市,本科,,是,否,否,否,现役候选,是,2026软科主榜 81,2026软科主榜 81,,,,,5,0,是,0,,0,,https://www.jxue.edu.cn
4136012795,南昌理工学院,江西省,南昌市,本科,,是,否,否,否,现役候选,是,2026软科主榜 47,2026软科主榜 47,,,,,4,0,是,0,,0,,https://www.nut.edu.cn/
4136012938,江西应用科技学院,江西省,南昌市,本科,,是,否,否,否,现役候选,是,2026软科分类标签 100+,2026软科分类标签 100+,,,,,2,0,是,0,,0,,https://www.jxuas.edu.cn/
4136013418,江西服装学院,江西省,南昌市,本科,,是,否,否,否,现役候选,是,,,,,,,2,0,是,0,,0,,https://www.jift.edu.cn/
4136013420,南昌职业大学,江西省,南昌市,本科,,是,否,否,否,现役候选,是,,,,,,,4,0,是,0,,0,,https://www.nvu.edu.cn/
4136013421,南昌工学院,江西省,南昌市,本科,,是,否,否,否,现役候选,是,2026软科主榜 80,2026软科主榜 80,,,,,2,0,是,0,,0,,https://www.ncpu.edu.cn/index.php?8
4136013429,南昌大学科学技术学院,江西省,南昌市,本科,,是,否,否,否,现役候选,是,,,,,,,1,0,是,0,,0,,https://ncuky.edu.cn/
4136013430,南昌大学共青学院,江西省,九江市,本科,,是,否,否,否,现役候选,是,,,,,,,1,0,是,0,,0,,https://www.ndgy.cn/
4136013431,南昌交通学院,江西省,南昌市,本科,,是,否,否,否,现役候选,是,2026软科分类标签 100+,2026软科分类标签 100+,,,,,2,0,是,0,,0,,https://www.ncjti.edu.cn/
4136013432,赣东学院,江西省,抚州市,本科,,否,否,否,否,现役候选,是,2026软科分类标签 500+,2026软科分类标签 500+,,,,,1,0,是,0,,0,,http://www.gdc.edu.cn
4136013433,南昌航空大学科技学院,江西省,南昌市,本科,,是,否,否,否,现役候选,是,,,,,,,2,0,是,0,,0,,https://www.stcnchu.edu.cn/
4136013434,赣南科技学院,江西省,赣州市,本科,,否,否,否,否,现役候选,是,2026软科分类标签 500+,2026软科分类标签 500+,,,,,1,0,是,0,,0,,https://www.gnust.edu.cn
4136013435,景德镇艺术职业大学,江西省,景德镇市,本科,,是,否,否,否,现役候选,是,,,,,,,1,0,是,0,,0,,https://www.jdzvua.edu.cn/
4136013436,江西农业大学南昌商学院,江西省,南昌市,本科,,是,否,否,否,现役候选,是,,,,,,,1,0,是,0,,0,,https://ncbcjxau.edu.cn/
4136013437,南昌医学院,江西省,南昌市,本科,,否,否,否,否,现役候选,是,2026软科分类标签 医54,2026软科分类标签 医54,,,,,2,0,是,0,,0,,http://www.ncmc.edu.cn
4136013438,江西师范大学科学技术学院,江西省,南昌市,本科,,是,否,否,否,现役候选,是,,,,,,,1,0,是,0,,0,,http://www.jxsdky.edu.cn/
4136013439,赣南师范大学科技学院,江西省,赣州市,本科,,是,否,否,否,现役候选,是,,,,,,,1,0,是,0,,0,,https://www.gnnustc.com/
4136013440,南昌应用技术师范学院,江西省,南昌市,本科,,是,否,否,否,现役候选,是,2026软科分类标签 100+,2026软科分类标签 100+,,,,,2,0,是,0,,0,,https://www.nncat.edu.cn/
4136013441,江西财经大学现代经济管理学院,江西省,南昌市,本科,,是,否,否,否,现役候选,是,,,,,,,1,0,是,0,,0,,https://www.jcxjg.edu.cn/
4136013774,豫章师范学院,江西省,南昌市,本科,,否,否,否,否,现役候选,是,2026软科分类标签 500+,2026软科分类标签 500+,,,,,3,0,是,0,,0,,https://www.yuznu.edu.cn/html/
4136013776,江西软件职业技术大学,江西省,南昌市,本科,,是,否,否,否,现役候选,是,,,,,,,3,0,是,0,,0,,https://www.jxuspt.com/
4136014437,南昌师范学院,江西省,南昌市,本科,,否,否,否,否,现役候选,是,2026软科主榜 440,2026软科主榜 440,,,,,3,0,是,0,,0,,http://www.ncnu.edu.cn/
4136014839,江西飞行学院,江西省,南昌市,本科,,否,否,否,否,现役候选,是,,,,,,,2,0,是,0,,0,,https://www.jxfu.edu.cn/
4136011785,江西职业技术大学,江西省,九江市,本科,,否,否,否,否,现役候选,是,,,,,,,2,0,是,0,,0,,https://www.jxpu.edu.cn/
4136013775,抚州医药学院,江西省,抚州市,本科,,否,否,否,否,现役候选,是,,,,,,,2,0,是,0,,0,,https://www.fzmu.edu.cn
4136014403,九江科技职业大学,江西省,九江市,本科,,是,否,否,否,现役候选,是,,,,,,,2,0,是,0,,0,,http://www.gqkj.com.cn/
4136014168,南昌科技职业大学,江西省,南昌市,本科,,是,否,否,否,现役候选,是,,,,,,,1,0,是,0,,0,,https://www.thdm.edu.cn
4136013422,江西外语外贸职业大学,江西省,南昌市,本科,,否,否,否,否,现役候选,是,,,,,,,2,0,是,0,,0,,https://www.jxcfs.com/
3636000312,上饶幼儿师范高等专科学校,江西省,上饶市,专科,,否,否,否,否,现役候选,是,,,,,,,1,0,是,0,,0,,http://srygz.com/
3636000519,抚州幼儿师范高等专科学校,江西省,抚州市,专科,,否,否,否,否,现役候选,是,,,,,,,2,0,是,0,,0,,https://www.fzpec.cn/
4136010839,江西工业职业技术学院,江西省,南昌市,专科,,否,否,否,否,现役候选,是,,,,,,,6,0,是,0,,0,,https://www.jxgzy.cn/
4136010888,江西医学高等专科学校,江西省,上饶市,专科,,否,否,否,否,现役候选,是,,,,,,,3,0,是,0,,0,,http://www.jxyxgz.cn
4136011505,九江职业大学,江西省,九江市,专科,,否,否,否,否,现役候选,是,,,,,,,3,0,是,0,,0,,https://www.jjvu.jx.cn/
4136012929,江西司法警官职业学院,江西省,南昌市,专科,,否,否,否,否,现役候选,是,,,,,,,1,0,是,0,,0,,https://www.jxsfjy.cn/
4136012930,江西陶瓷工艺美术职业技术学院,江西省,景德镇市,专科,,否,否,否,否,现役候选,是,,,,,,,2,0,是,0,,0,,http://www.jacti.edu.cn/
4136012932,江西旅游商贸职业学院,江西省,南昌市,专科,,否,否,否,否,现役候选,是,,,,,,,2,0,是,0,,0,,https://www.jxlsxy.edu.cn/
4136012933,江西电力职业技术学院,江西省,南昌市,专科,,否,否,否,否,现役候选,是,,,,,,,1,0,是,0,,0,,http://www.jxdlzy.com/site/main/index.html
4136012934,江西环境工程职业学院,江西省,赣州市,专科,,否,否,否,否,现役候选,是,,,,,,,2,0,是,0,,0,,https://www.jxhjxy.com/
4136012936,江西艺术职业学院,江西省,南昌市,专科,,否,否,否,否,现役候选,是,,,,,,,2,0,是,0,,0,,https://www.jxysedu.com/home
4136012937,鹰潭职业技术学院,江西省,鹰潭市,专科,,否,否,否,否,现役候选,是,,,,,,,4,0,是,0,,0,,https://www.jxytxy.cn/
4136012939,江西信息应用职业技术学院,江西省,南昌市,专科,,否,否,否,否,现役候选,是,,,,,,,2,0,是,0,,0,,https://www.jxcia.com/
4136012940,江西交通职业技术学院,江西省,南昌市,专科,,否,否,否,否,现役候选,是,,,,,,,3,0,是,0,,0,,https://www.jxjtxy.edu.cn/
4136012941,江西财经职业学院,江西省,九江市,专科,,否,否,否,否,现役候选,是,,,,,,,4,0,是,0,,0,,https://www.jxvc.jx.cn/
4136012942,江西应用技术职业学院,江西省,赣州市,专科,,否,否,否,否,现役候选,是,,,,,,,1,0,是,0,,0,,https://www.jxyy.edu.cn/
4136012943,江西现代职业技术学院,江西省,南昌市,专科,,否,否,否,否,现役候选,是,,,,,,,3,0,是,0,,0,,https://www.jxxdxy.edu.cn/
4136012944,江西工业工程职业技术学院,江西省,萍乡市,专科,,否,否,否,否,现役候选,是,,,,,,,2,0,是,0,,0,,https://www.jxvcie.edu.cn/
4136012976,江西机电职业技术学院,江西省,南昌市,专科,,否,否,否,否,现役候选,是,,,,,,,5,0,是,0,,0,,https://www.jxjdxy.edu.cn/
4136013419,江西科技职业学院,江西省,南昌市,专科,,是,否,否,否,现役候选,是,,,,,,,2,0,是,0,,0,,http://www.jxkeda.com/
4136013423,江西工业贸易职业技术学院,江西省,南昌市,专科,,否,否,否,否,现役候选,是,,,,,,,2,0,是,0,,0,,https://www.jxgmxy.com/
4136013424,宜春职业技术学院,江西省,宜春市,专科,,否,否,否,否,现役候选,是,,,,,,,4,0,是,0,,0,,https://www.ycvc.jx.cn/
4136013425,江西应用工程职业学院,江西省,萍乡市,专科,,否,否,否,否,现役候选,是,,,,,,,3,0,是,0,,0,,https://www.jxatei.net/
4136013426,江西生物科技职业学院,江西省,南昌市,专科,,否,否,否,否,现役候选,是,,,,,,,1,0,是,0,,0,,https://www.jxswkj.com/
4136013427,江西建设职业技术学院,江西省,南昌市,专科,,否,否,否,否,现役候选,是,,,,,,,4,0,是,0,,0,,https://www.jxjsxy.edu.cn/
4136013428,抚州职业技术学院,江西省,抚州市,专科,,否,否,否,否,现役候选,是,,,,,,,2,0,是,0,,0,,https://www.fzjsxy.cn/
4136013866,江西经济管理职业学院,江西省,南昌市,专科,,否,否,否,否,现役候选,是,,,,,,,0,1,是,0,,0,,
4136013867,江西制造职业技术学院,江西省,南昌市,专科,,否,否,否,否,现役候选,是,,,,,,,3,0,是,0,,0,,https://www.jxmtc.com
4136013868,江西工程职业学院,江西省,南昌市,专科,,否,否,否,否,现役候选,是,,,,,,,7,0,是,0,,0,,http://www.evc.jx.cn
4136013869,江西青年职业学院,江西省,南昌市,专科,,否,否,否,否,现役候选,是,,,,,,,2,0,是,0,,0,,https://www.jxqy.edu.cn/
4136013870,上饶职业技术学院,江西省,上饶市,专科,,否,否,否,否,现役候选,是,,,,,,,3,0,是,0,,0,,https://www.srzy.cn/
4136013871,江西航空职业技术学院,江西省,南昌市,专科,,是,否,否,否,现役候选,是,,,,,,,1,0,是,0,,0,,https://www.jhzyedu.cn
4136013872,江西农业工程职业学院,江西省,宜春市,专科,,否,否,否,否,现役候选,是,,,,,,,1,0,是,0,,0,,https://www.jxaevc.com/#/
4136013873,赣西科技职业学院,江西省,新余市,专科,,是,否,否,否,现役候选,是,,,,,,,2,0,是,0,,0,,http://www.ganxidx.com
4136013965,江西卫生职业学院,江西省,南昌市,专科,,否,否,否,否,现役候选,是,,,,,,,1,0,是,0,,0,,
4136014166,江西新能源科技职业学院,江西省,新余市,专科,,是,否,否,否,现役候选,是,,,,,,,2,0,是,0,,0,,https://www.jxnee.edu.cn
4136014167,江西枫林涉外经贸职业学院,江西省,九江市,专科,,是,否,否,否,现役候选,是,,,,,,,2,0,是,0,,0,,http://www.jxfte.com/
4136014241,江西冶金职业技术学院,江西省,新余市,专科,,否,否,否,否,现役候选,是,,,,,,,2,0,是,0,,0,,http://www.jxyjxy.com
4136014249,江西管理职业学院,江西省,南昌市,专科,,否,否,否,否,现役候选,是,,,,,,,3,0,是,0,,0,,https://www.jiangxigzy.cn/
4136014250,江西传媒职业学院,江西省,南昌市,专科,,否,否,否,否,现役候选,是,,,,,,,4,0,是,0,,0,,https://www.jxcmzyxy.edu.cn/
4136014321,江西工商职业技术学院,江西省,南昌市,专科,,是,否,否,否,现役候选,是,,,,,,,1,0,是,0,,0,,http://www.jxgsxy.net/
4136014402,景德镇陶瓷职业技术学院,江西省,景德镇市,专科,,是,否,否,否,现役候选,是,,,,,,,1,0,是,0,,0,,https://www.jcivt.com/
4136014465,赣州师范高等专科学校,江西省,赣州市,专科,,否,否,否,否,现役候选,是,,,,,,,2,0,是,0,,0,,https://www.ganzhsz.cn/
4136014476,江西水利职业学院,江西省,南昌市,专科,,否,否,否,否,现役候选,是,,,,,,,2,0,是,0,,0,,https://www.jxslsd.com
4136014494,宜春幼儿师范高等专科学校,江西省,宜春市,专科,,否,否,否,否,现役候选,是,,,,,,,2,0,是,0,,0,,https://www.ycyesf.cn/
4136014504,吉安职业技术学院,江西省,吉安市,专科,,否,否,否,否,现役候选,是,,,,,,,3,0,是,0,,0,,https://www.japt.com.cn/
4136014505,江西洪州职业学院,江西省,宜春市,专科,,是,否,否,否,现役候选,是,,,,,,,2,0,是,0,,0,,https://www.jxhzxy.com/
4136014537,江西师范高等专科学校,江西省,鹰潭市,专科,,否,否,否,否,现役候选,是,,,,,,,2,0,是,0,,0,,http://www.jxsfgz.com
4136014544,南昌影视传播职业学院,江西省,南昌市,专科,,是,否,否,否,现役候选,是,,,,,,,1,0,是,0,,0,,https://www.ncyscb.com
4136014569,赣南卫生健康职业学院,江西省,赣州市,专科,,否,否,否,否,现役候选,是,,,,,,,2,0,是,0,,0,,https://www.gnhvc.edu.cn/
4136014656,萍乡卫生职业学院,江西省,萍乡市,专科,,否,否,否,否,现役候选,是,,,,,,,1,0,是,0,,0,,https://www.pxhvc.com/
4136014657,江西婺源茶业职业学院,江西省,上饶市,专科,,否,否,否,否,现役候选,是,,,,,,,1,0,是,0,,0,,http://www.jxtvc.com/
4136014665,赣州职业技术学院,江西省,赣州市,专科,,否,否,否,否,现役候选,是,,,,,,,1,0,是,0,,0,,https://www.gzpt.edu.cn/
4136014705,南昌健康职业技术学院,江西省,南昌市,专科,,否,否,否,否,现役候选,是,,,,,,,2,0,是,0,,0,,https://www.nchvc.edu.cn/
4136014706,九江理工职业学院,江西省,九江市,专科,,是,否,否,否,现役候选,是,,,,,,,1,0,是,0,,0,,https://www.jjlgedu.com/
4136014748,和君职业学院,江西省,赣州市,专科,,是,否,否,否,现役候选,是,,,,,,,1,0,是,0,,0,,https://www.hejuncollege.com/
4136014807,吉安幼儿师范高等专科学校,江西省,吉安市,专科,,否,否,否,否,现役候选,是,,,,,,,1,0,是,0,,0,,https://www.japec.edu.cn/
4136014808,上饶卫生健康职业学院,江西省,上饶市,专科,,否,否,否,否,现役候选,是,,,,,,,1,0,是,0,,0,,http://www.srwsjkzyxy.com/
4136014837,江西樟树中医药职业学院,江西省,宜春市,专科,,是,否,否,否,现役候选,是,,,,,,,1,0,是,0,,0,,http://www.jxzsxy.com/
4136014856,赣东职业技术学院,江西省,抚州市,专科,,是,否,否,否,现役候选,是,,,,,,,1,0,是,0,,0,,https://www.gdvtc.com/
4136014906,江西电子信息职业技术学院,江西省,南昌市,专科,,否,否,否,否,现役候选,是,,,,,,,2,0,是,0,,0,,http://www.jxdzxy.com/
4136014907,鹰潭卫生职业学院,江西省,鹰潭市,专科,,是,否,否,否,现役候选,是,,,,,,,1,0,是,0,,0,,http://www.ythvc.com
4136014919,九江卫生健康职业学院,江西省,九江市,专科,,否,否,否,否,现役候选,是,,,,,,,1,0,是,0,,0,,https://www.jjhvc.cn/
4136014920,新余职业技术学院,江西省,新余市,专科,,否,否,否,否,现役候选,是,,,,,,,1,1,是,0,,0,,http://www.xyzytc.cn/
4136014921,赣州起元职业学院,江西省,赣州市,专科,,是,否,否,否,现役候选,是,,,,,,,1,0,是,0,,0,,http://www.qiyuancollege.com/
4136014922,赣州远恒佳职业学院,江西省,赣州市,专科,,是,否,否,否,现役候选,是,,,,,,,1,0,是,0,,0,,https://www.gzyhj.edu.cn
4136014958,鄱阳职业学院,江西省,上饶市,专科,,否,否,否,否,现役候选,是,,,,,,,1,0,是,0,,0,,http://www.pyzyxy.cn
4136014959,萍乡职业技术学院,江西省,萍乡市,专科,,否,否,否,否,现役候选,是,,,,,,,1,0,是,0,,0,,
4136014960,景德镇卫生健康职业学院,江西省,景德镇市,专科,,否,否,否,否,现役候选,是,,,,,,,1,1,是,0,,0,,
4137010422,山东大学,山东省,济南市,本科,,否,是,是,是,现役候选,是,2026软科主榜 22,2026软科主榜 22,,,,,10,0,是,0,,0,,https://www.sdu.edu.cn/
4137010423,中国海洋大学,山东省,青岛市,本科,,否,是,是,是,现役候选,是,2026软科主榜 51,2026软科主榜 51,,,,,4,0,是,0,,0,,https://www.ouc.edu.cn/
4137010424,山东科技大学,山东省,青岛市,本科,,否,否,否,否,现役候选,是,2026软科主榜 140,2026软科主榜 140,,,,,5,0,是,0,,0,,https://www.sdust.edu.cn/
4137010425,中国石油大学（华东）,山东省,青岛市,本科,,否,否,是,是,现役候选,是,2026软科主榜 73,2026软科主榜 73,,,,,3,0,是,0,,0,,https://www.upc.edu.cn/
4137010426,青岛科技大学,山东省,青岛市,本科,,否,否,否,否,现役候选,是,2026软科主榜 167,2026软科主榜 167,,,,,8,0,是,0,,0,,https://www.qust.edu.cn/
4137010427,济南大学,山东省,济南市,本科,,否,否,否,否,现役候选,是,2026软科主榜 175,2026软科主榜 175,,,,,3,0,是,0,,0,,https://www.ujn.edu.cn/
4137010429,青岛理工大学,山东省,青岛市,本科,,否,否,否,否,现役候选,是,2026软科主榜 187,2026软科主榜 187,,,,,9,0,是,0,,0,,https://www.qut.edu.cn/
4137010430,山东建筑大学,山东省,济南市,本科,,否,否,否,否,现役候选,是,2026软科主榜 251,2026软科主榜 251,,,,,3,0,是,0,,0,,https://www.sdjzu.edu.cn
4137010431,齐鲁工业大学,山东省,济南市,本科,,否,否,否,否,现役候选,是,2026软科主榜 151,2026软科主榜 151,,,,,5,0,是,0,,0,,https://www.qlu.edu.cn/
4137010433,山东理工大学,山东省,淄博市,本科,,否,否,否,否,现役候选,是,2026软科主榜 197,2026软科主榜 197,,,,,2,0,是,0,,0,,https://www.sdut.edu.cn/
4137010434,山东农业大学,山东省,泰安市,本科,,否,否,否,否,现役候选,是,2026软科主榜 128,2026软科主榜 128,,,,,3,0,是,0,,0,,https://www.sdau.edu.cn/
4137010435,青岛农业大学,山东省,青岛市,本科,,否,否,否,否,现役候选,是,2026软科主榜 228,2026软科主榜 228,,,,,5,0,是,0,,0,,https://www.qau.edu.cn/
4137010438,山东第二医科大学,山东省,潍坊市,本科,,否,否,否,否,现役候选,是,2026软科分类标签 医29,2026软科分类标签 医29,,,,,2,0,是,0,,0,,https://www.sdsmu.edu.cn/
4137010439,山东第一医科大学,山东省,济南市,本科,,否,否,否,否,现役候选,是,2026软科分类标签 医17,2026软科分类标签 医17,,,,,2,0,是,0,,0,,https://www.sdfmu.edu.cn/
4137010440,山东医药大学,山东省,滨州市,本科,,否,否,否,否,现役候选,是,2026软科分类标签 医25,2026软科分类标签 医25,,,,,2,0,是,0,,0,,https://www.sdmpu.edu.cn/main.htm
4137010441,山东中医药大学,山东省,济南市,本科,,否,否,否,否,现役候选,是,2026软科分类标签 中医8,2026软科分类标签 中医8,,,,,4,0,是,0,,0,,https://www.sdutcm.edu.cn/
4137010443,济宁医学院,山东省,济宁市,本科,,否,否,否,否,现役候选,是,2026软科分类标签 医43,2026软科分类标签 医43,,,,,4,0,是,0,,0,,https://www.jnmc.edu.cn/
4137010445,山东师范大学,山东省,济南市,本科,,否,否,否,否,现役候选,是,2026软科主榜 104,2026软科主榜 104,,,,,3,0,是,0,,0,,https://www.sdnu.edu.cn/
4137010446,曲阜师范大学,山东省,济宁市,本科,,否,否,否,否,现役候选,是,2026软科主榜 164,2026软科主榜 164,,,,,2,0,是,0,,0,,https://www.qfnu.edu.cn/
4137010447,聊城大学,山东省,聊城市,本科,,否,否,否,否,现役候选,是,2026软科主榜 268,2026软科主榜 268,,,,,4,0,是,0,,0,,https://www.lcu.edu.cn/
4137010448,德州学院,山东省,德州市,本科,,否,否,否,否,现役候选,是,2026软科主榜 393,2026软科主榜 393,,,,,2,0,是,0,,0,,https://www.dzu.edu.cn/
4137010449,山东航空学院,山东省,滨州市,本科,,否,否,否,否,现役候选,是,2026软科主榜 394,2026软科主榜 394,,,,,1,0,是,0,,0,,https://www.sdua.edu.cn/
4137010451,鲁东大学,山东省,烟台市,本科,,否,否,否,否,现役候选,是,2026软科主榜 240,2026软科主榜 240,,,,,3,0,是,0,,0,,https://www.ldu.edu.cn/
4137010452,临沂大学,山东省,临沂市,本科,,否,否,否,否,现役候选,是,2026软科主榜 299,2026软科主榜 299,,,,,4,0,是,0,,0,,https://www.lyu.edu.cn/
4137010453,泰山学院,山东省,泰安市,本科,,否,否,否,否,现役候选,是,2026软科主榜 402,2026软科主榜 402,,,,,4,0,是,0,,0,,https://www.tsu.edu.cn/
4137010454,济宁学院,山东省,济宁市,本科,,否,否,否,否,现役候选,是,2026软科主榜 460,2026软科主榜 460,,,,,3,0,是,0,,0,,https://www.jnxy.edu.cn/
4137010455,菏泽学院,山东省,菏泽市,本科,,否,否,否,否,现役候选,是,2026软科分类标签 500+,2026软科分类标签 500+,,,,,4,0,是,0,,0,,https://www.hezeu.edu.cn/
4137010456,山东财经大学,山东省,济南市,本科,,否,否,否,否,现役候选,是,2026软科分类标签 财13,2026软科分类标签 财13,,,,,4,0,是,0,,0,,https://www.sdufe.edu.cn/
4137010457,山东体育学院,山东省,济南市,本科,,否,否,否,否,现役候选,是,2026软科分类标签 体9,2026软科分类标签 体9,,,,,3,0,是,0,,0,,https://www.sdpei.edu.cn
4137010458,山东艺术学院,山东省,济南市,本科,,否,否,否,否,现役候选,是,,,,,,,2,0,是,0,,0,,https://www.sdca.edu.cn/
4137010825,齐鲁医药学院,山东省,淄博市,本科,,是,否,否,否,现役候选,是,2026软科主榜 28,2026软科主榜 28,,,,,2,0,是,0,,0,,https://www.qlmu.edu.cn
4137010868,青岛滨海学院,山东省,青岛市,本科,,是,否,否,否,现役候选,是,2026软科主榜 20,2026软科主榜 20,,,,,4,0,是,0,,0,,https://www.qdbhu.edu.cn/
4137010904,枣庄学院,山东省,枣庄市,本科,,否,否,否,否,现役候选,是,2026软科主榜 432,2026软科主榜 432,,,,,2,0,是,0,,0,,https://www.uzz.edu.cn/
4137010908,山东工艺美术学院,山东省,济南市,本科,,否,否,否,否,现役候选,是,,,,,,,4,0,是,0,,0,,https://www.sdada.edu.cn
4137011065,青岛大学,山东省,青岛市,本科,,否,否,否,否,现役候选,是,2026软科主榜 108,2026软科主榜 108,,,,,5,0,是,0,,0,,https://www.qdu.edu.cn
4137011066,烟台大学,山东省,烟台市,本科,,否,否,否,否,现役候选,是,2026软科主榜 224,2026软科主榜 224,,,,,3,0,是,0,,0,,https://www.ytu.edu.cn/
4137011067,潍坊学院,山东省,潍坊市,本科,,否,否,否,否,现役候选,是,2026软科主榜 403,2026软科主榜 403,,,,,2,0,是,0,,0,,https://www.wfu.edu.cn/
4137011324,山东警察学院,山东省,济南市,本科,,否,否,否,否,现役候选,是,2026软科分类标签 政30+,2026软科分类标签 政30+,,,,,2,0,是,0,,0,,https://www.sdpc.edu.cn/
4137011510,山东交通学院,山东省,济南市,本科,,否,否,否,否,现役候选,是,2026软科主榜 356,2026软科主榜 356,,,,,8,0,是,0,,0,,https://www.sdjtu.edu.cn/
4137011688,山东工商学院,山东省,烟台市,本科,,否,否,否,否,现役候选,是,2026软科分类标签 财36,2026软科分类标签 财36,,,,,2,0,是,0,,0,,https://www.sdtbu.edu.cn/
4137012331,山东女子学院,山东省,济南市,本科,,否,否,否,否,现役候选,是,2026软科主榜 485,2026软科主榜 485,,,,,4,0,是,0,,0,,https://www.sdwu.edu.cn/
4137012332,烟台南山学院,山东省,烟台市,本科,,是,否,否,否,现役候选,是,2026软科主榜 32,2026软科主榜 32,,,,,4,0,是,0,,0,,https://www.nanshan.edu.cn/
4137012843,潍坊科技学院,山东省,潍坊市,本科,,是,否,否,否,现役候选,是,2026软科主榜 15,2026软科主榜 15,,,,,1,0,是,0,,0,,https://www.wfust.edu.cn/
4137013006,山东英才学院,山东省,济南市,本科,,是,否,否,否,现役候选,是,2026软科主榜 56,2026软科主榜 56,,,,,4,0,是,0,,0,,https://www.sdycu.edu.cn/
4137013015,青岛恒星科技学院,山东省,青岛市,本科,,是,否,否,否,现役候选,是,2026软科主榜 62,2026软科主榜 62,,,,,3,0,是,0,,0,,https://www.hx.cn/
4137013320,青岛黄海学院,山东省,青岛市,本科,,是,否,否,否,现役候选,是,2026软科主榜 22,2026软科主榜 22,,,,,4,0,是,0,,0,,https://www.qdhhc.edu.cn/
4137013322,山东现代学院,山东省,济南市,本科,,是,否,否,否,现役候选,是,2026软科分类标签 100+,2026软科分类标签 100+,,,,,2,0,是,0,,0,,http://www.sdxd.edu.cn/
4137013324,山东协和学院,山东省,济南市,本科,,是,否,否,否,现役候选,是,2026软科主榜 4,2026软科主榜 4,,,,,3,0,是,0,,0,,https://www.sdxiehe.edu.cn/
4137013356,山东工程职业技术大学,山东省,济南市,本科,,是,否,否,否,现役候选,是,,,,,,,1,0,是,0,,0,,https://www.suet.edu.cn/
4137013359,烟台理工学院,山东省,烟台市,本科,,是,否,否,否,现役候选,是,2026软科主榜 58,2026软科主榜 58,,,,,1,0,是,0,,0,,https://www.yitsd.edu.cn/
4137013373,聊城大学东昌学院,山东省,聊城市,本科,,是,否,否,否,现役候选,是,,,,,,,2,0,是,0,,0,,https://www.lcudcc.edu.cn/
4137013378,青岛城市学院,山东省,青岛市,本科,,是,否,否,否,现役候选,是,2026软科主榜 16,2026软科主榜 16,,,,,1,0,是,0,,0,,https://www.qdc.edu.cn/
4137013379,潍坊理工学院,山东省,潍坊市,本科,,是,否,否,否,现役候选,是,2026软科主榜 72,2026软科主榜 72,,,,,2,0,是,0,,0,,https://www.wfit.edu.cn/
4137013383,山东财经大学燕山学院,山东省,济南市,本科,,是,否,否,否,现役候选,是,,,,,,,1,0,是,0,,0,,https://ys.sdufe.edu.cn/
4137013386,山东石油化工学院,山东省,东营市,本科,,否,否,否,否,现役候选,是,2026软科分类标签 500+,2026软科分类标签 500+,,,,,1,0,是,0,,0,,https://www.sdipct.edu.cn/
4137013387,山东外国语职业技术大学,山东省,日照市,本科,,是,否,否,否,现役候选,是,,,,,,,1,0,是,0,,0,,https://www.swut.edu.cn/
4137013624,泰山科技学院,山东省,泰安市,本科,,是,否,否,否,现役候选,是,2026软科分类标签 100+,2026软科分类标签 100+,,,,,1,0,是,0,,0,,https://www.tskjxy.edu.cn/
4137013857,山东华宇工学院,山东省,德州市,本科,,是,否,否,否,现役候选,是,2026软科主榜 78,2026软科主榜 78,,,,,3,0,是,0,,0,,https://www.huayu.edu.cn/
4137013874,山东外事职业大学,山东省,威海市,本科,,是,否,否,否,现役候选,是,,,,,,,3,0,是,0,,0,,https://www.sdws.edu.cn/
4137013995,青岛工学院,山东省,青岛市,本科,,是,否,否,否,现役候选,是,2026软科主榜 98,2026软科主榜 98,,,,,2,0,是,0,,0,,https://www.qit.edu.cn/
4137013997,青岛农业大学海都学院,山东省,烟台市,本科,,是,否,否,否,现役候选,是,,,,,,,1,0,是,0,,0,,http://www.hdxy.edu.cn/
4137013998,齐鲁理工学院,山东省,济南市,本科,,是,否,否,否,现役候选,是,2026软科主榜 2,2026软科主榜 2,,,,,4,0,是,0,,0,,https://www.qlit.edu.cn/
4137013999,山东财经大学东方学院,山东省,泰安市,本科,,是,否,否,否,现役候选,是,,,,,,,1,0,是,0,,0,,https://www.sdor.cn/
4137014002,烟台科技学院,山东省,烟台市,本科,,是,否,否,否,现役候选,是,2026软科主榜 92,2026软科主榜 92,,,,,1,0,是,0,,0,,https://www.ytkj.edu.cn/
4137014100,山东政法学院,山东省,济南市,本科,,否,否,否,否,现役候选,是,2026软科分类标签 政22,2026软科分类标签 政22,,,,,3,0,是,0,,0,,https://www.sdupsl.edu.cn/
4137014276,齐鲁师范学院,山东省,济南市,本科,,否,否,否,否,现役候选,是,2026软科主榜 465,2026软科主榜 465,,,,,3,0,是,0,,0,,http://www.qlnu.edu.cn
4137014277,山东青年政治学院,山东省,济南市,本科,,否,否,否,否,现役候选,是,2026软科主榜 480,2026软科主榜 480,,,,,1,0,是,0,,0,,https://www.sdyu.edu.cn/
4137014327,青岛电影学院,山东省,青岛市,本科,,是,否,否,否,现役候选,是,,,,,,,1,0,是,0,,0,,https://www.qdfa.edu.cn/
4137014438,山东管理学院,山东省,济南市,本科,,否,否,否,否,现役候选,是,2026软科主榜 486,2026软科主榜 486,,,,,2,0,是,0,,0,,https://www.sdmu.edu.cn/
4137014439,山东农业工程学院,山东省,济南市,本科,,否,否,否,否,现役候选,是,2026软科分类标签 500+,2026软科分类标签 500+,,,,,3,0,是,0,,0,,https://www.sdaeu.edu.cn/
4137014878,康复大学,山东省,青岛市,本科,,否,否,否,否,现役候选,是,,,,,,,1,0,是,0,,0,,https://www.uhrs.edu.cn/
4137013009,淄博职业技术大学,山东省,淄博市,本科,,否,否,否,否,现役候选,是,,,,,,,1,0,是,0,,0,,https://www.zbvc.edu.cn/
4137012818,滨州职业技术大学,山东省,滨州市,本科,,否,否,否,否,现役候选,是,,,,,,,1,0,是,0,,0,,https://www.bzpt.edu.cn/
4137012062,日照职业技术大学,山东省,日照市,本科,,否,否,否,否,现役候选,是,,,,,,,2,0,是,0,,0,,https://www.rzpt.cn/
4137010832,山东商业职业技术大学,山东省,济南市,本科,,否,否,否,否,现役候选,是,,,,,,,1,0,是,0,,0,,https://www.sict.edu.cn/
4137014979,临沂工学院,山东省,临沂市,本科,,是,否,否,否,现役候选,是,,,,,,,1,1,是,0,,0,,
4137012819,山东科技职业大学,山东省,潍坊市,本科,,否,否,否,否,现役候选,是,,,,,,,1,0,是,0,,0,,https://www.sdvcst.edu.cn/
4137010442,山东医学高等专科学校,山东省,临沂市,专科,,否,否,否,否,现役候选,是,,,,,,,3,0,是,0,,0,,https://www.sdmc.edu.cn/
4137010444,菏泽医学专科学校,山东省,菏泽市,专科,,否,否,否,否,现役候选,是,,,,,,,2,0,是,0,,0,,https://www.hzmc.edu.cn/
4137011827,山东电力高等专科学校,山东省,济南市,专科,,否,否,否,否,现役候选,是,,,,,,,5,0,是,0,,0,,https://www.sepc.edu.cn/
4137012070,曲阜远东职业技术学院,山东省,济宁市,专科,,是,否,否,否,现役候选,是,,,,,,,3,0,是,0,,0,,https://www.fareast-edu.net
4137012324,青岛职业技术学院,山东省,青岛市,专科,,否,否,否,否,现役候选,是,,,,,,,3,0,是,0,,0,,https://www.qtc.edu.cn/
4137012326,威海职业学院,山东省,威海市,专科,,否,否,否,否,现役候选,是,,,,,,,2,0,是,0,,0,,https://www.whvc.edu.cn/
4137012328,山东职业学院,山东省,济南市,专科,,否,否,否,否,现役候选,是,,,,,,,2,0,是,0,,0,,https://www.sdp.edu.cn/
4137012329,山东劳动职业技术学院,山东省,济南市,专科,,否,否,否,否,现役候选,是,,,,,,,3,0,是,0,,0,,https://www.sdlvtc.cn/
4137012330,莱芜职业技术学院,山东省,济南市,专科,,否,否,否,否,现役候选,是,,,,,,,2,0,是,0,,0,,https://www.lwvc.edu.cn/
4137012335,济宁职业技术学院,山东省,济宁市,专科,,否,否,否,否,现役候选,是,,,,,,,1,0,是,0,,0,,https://www.jnzyjsxy.cn/
4137012391,潍坊职业学院,山东省,潍坊市,专科,,否,否,否,否,现役候选,是,,,,,,,4,0,是,0,,0,,http://www.sdwfvc.com/
4137012396,烟台职业学院,山东省,烟台市,专科,,否,否,否,否,现役候选,是,,,,,,,1,0,是,0,,0,,https://www.ytvc.edu.cn/
4137012440,东营职业学院,山东省,东营市,专科,,否,否,否,否,现役候选,是,,,,,,,2,0,是,0,,0,,https://www.dyxy.edu.cn/
4137012441,聊城职业技术学院,山东省,聊城市,专科,,否,否,否,否,现役候选,是,,,,,,,3,0,是,0,,0,,http://www.lctvu.sd.cn/
4137012841,山东服装职业学院,山东省,泰安市,专科,,否,否,否,否,现役候选,是,,,,,,,2,0,是,0,,0,,https://www.sdfzxy.edu.cn/
4137012842,德州科技职业学院,山东省,德州市,专科,,是,否,否,否,现役候选,是,,,,,,,5,0,是,0,,0,,https://www.dzkjxy.com/
4137012844,山东力明科技职业学院,山东省,泰安市,专科,,是,否,否,否,现役候选,是,,,,,,,5,0,是,0,,0,,http://edu.6789.com.cn/
4137012945,山东圣翰财贸职业学院,山东省,济南市,专科,,是,否,否,否,现役候选,是,,,,,,,2,0,是,0,,0,,https://www.sdshxy.cn/index.html
4137012946,山东水利职业学院,山东省,日照市,专科,,否,否,否,否,现役候选,是,,,,,,,2,0,是,0,,0,,https://www.sdwcvc.edu.cn/
4137012947,山东畜牧兽医职业学院,山东省,潍坊市,专科,,否,否,否,否,现役候选,是,,,,,,,3,0,是,0,,0,,https://www.sdmy.edu.cn/
4137013005,青岛飞洋职业技术学院,山东省,青岛市,专科,,是,否,否,否,已停止招生,否,,,,,,,0,0,否,0,,0,,
4137013007,东营科技职业学院,山东省,东营市,专科,,否,否,否,否,现役候选,是,,,,,,,2,0,是,0,,0,,https://www.dykj.edu.cn/
4137013008,山东交通职业学院,山东省,潍坊市,专科,,否,否,否,否,现役候选,是,,,,,,,6,0,是,0,,0,,http://www.sdjtzyxy.com
4137013010,山东外贸职业学院,山东省,青岛市,专科,,否,否,否,否,现役候选,是,,,,,,,4,0,是,0,,0,,https://www.sdwm.cn/
4137013011,青岛酒店管理职业技术学院,山东省,青岛市,专科,,否,否,否,否,现役候选,是,,,,,,,1,0,是,0,,0,,https://www.qchm.edu.cn/
4137013012,山东信息职业技术学院,山东省,潍坊市,专科,,否,否,否,否,现役候选,是,,,,,,,3,0,是,0,,0,,https://www.sdcit.edu.cn/
4137013014,青岛港湾职业技术学院,山东省,青岛市,专科,,否,否,否,否,现役候选,是,,,,,,,1,0,是,0,,0,,https://www.qdgw.edu.cn/
4137013316,山东胜利职业学院,山东省,东营市,专科,,否,否,否,否,现役候选,是,,,,,,,2,0,是,0,,0,,http://www.sdslvc.cn/
4137013317,山东经贸职业学院,山东省,潍坊市,专科,,否,否,否,否,现役候选,是,,,,,,,1,0,是,0,,0,,http://www.sdecu.com/
4137013318,山东工业职业学院,山东省,淄博市,专科,,否,否,否,否,现役候选,是,,,,,,,2,0,是,0,,0,,https://www.sdivc.edu.cn/
4137013319,山东化工职业学院,山东省,淄博市,专科,,否,否,否,否,现役候选,是,,,,,,,1,0,是,0,,0,,http://www.sdhg.edu.cn/index.htm
4137013321,青岛求实职业技术学院,山东省,青岛市,专科,,是,否,否,否,现役候选,是,,,,,,,1,0,是,0,,0,,http://www.qdqs.com/default.aspx
4137013323,济南职业学院,山东省,济南市,专科,,否,否,否,否,现役候选,是,,,,,,,2,0,是,0,,0,,https://www.jnvc.edu.cn/
4137013355,烟台工程职业技术学院,山东省,烟台市,专科,,否,否,否,否,现役候选,是,,,,,,,2,0,是,0,,0,,https://www.ytetc.edu.cn/
4137013388,潍坊工商职业学院,山东省,潍坊市,专科,,是,否,否,否,现役候选,是,,,,,,,1,0,是,0,,0,,http://www.wfgs.edu.cn/
4137013389,德州职业技术学院,山东省,德州市,专科,,否,否,否,否,现役候选,是,,,,,,,2,0,是,0,,0,,https://www.dzvc.edu.cn/
4137013390,枣庄科技职业学院,山东省,枣庄市,专科,,否,否,否,否,现役候选,是,,,,,,,1,0,是,0,,0,,http://www.zzkjxy.edu.cn/
4137013777,淄博师范高等专科学校,山东省,淄博市,专科,,否,否,否,否,现役候选,是,,,,,,,2,0,是,0,,0,,https://www.zbnc.edu.cn
4137013778,山东中医药高等专科学校,山东省,烟台市,专科,,否,否,否,否,现役候选,是,,,,,,,2,0,是,0,,0,,https://www.sdctcm.edu.cn/
4137013855,济南工程职业技术学院,山东省,济南市,专科,,否,否,否,否,现役候选,是,,,,,,,1,0,是,0,,0,,https://www.jngcxy.edu.cn/
4137013856,山东电子职业技术学院,山东省,济南市,专科,,否,否,否,否,现役候选,是,,,,,,,3,0,是,0,,0,,https://www.sdcet.edu.cn/
4137013858,山东旅游职业学院,山东省,济南市,专科,,否,否,否,否,现役候选,是,,,,,,,2,0,是,0,,0,,http://www.sdts.net.cn
4137013859,山东铝业职业学院,山东省,淄博市,专科,,否,否,否,否,现役候选,是,,,,,,,5,0,是,0,,0,,https://slxy.chinalco.com.cn/
4137013861,泰山职业技术学院,山东省,泰安市,专科,,否,否,否,否,现役候选,是,,,,,,,3,0,是,0,,0,,https://www.tsvc.edu.cn/index.htm
4137013966,山东药品食品职业学院,山东省,威海市,专科,,否,否,否,否,现役候选,是,,,,,,,3,0,是,0,,0,,http://www.sddfvc.edu.cn/
4137014078,山东商务职业学院,山东省,烟台市,专科,,否,否,否,否,现役候选,是,,,,,,,2,0,是,0,,0,,https://www.sdbi.edu.cn/
4137014079,山东轻工职业学院,山东省,淄博市,专科,,否,否,否,否,现役候选,是,,,,,,,2,0,是,0,,0,,https://www.sdlivc.edu.cn/
4137014080,山东城市建设职业学院,山东省,济南市,专科,,否,否,否,否,现役候选,是,,,,,,,2,0,是,0,,0,,https://www.sduc.edu.cn/
4137014081,烟台汽车工程职业学院,山东省,烟台市,专科,,否,否,否,否,现役候选,是,,,,,,,2,0,是,0,,0,,http://www.ytqcvc.cn/
4137014082,山东司法警官职业学院,山东省,济南市,专科,,否,否,否,否,现役候选,是,,,,,,,2,0,是,0,,0,,https://www.sdsfjy.edu.cn
4137014118,菏泽家政职业学院,山东省,菏泽市,专科,,否,否,否,否,现役候选,是,,,,,,,2,0,是,0,,0,,http://www.hzjzxy.com
4137014193,山东传媒职业学院,山东省,济南市,专科,,否,否,否,否,现役候选,是,,,,,,,3,0,是,0,,0,,https://www.sdcmc.edu.cn/
4137014195,临沂职业学院,山东省,临沂市,专科,,否,否,否,否,现役候选,是,,,,,,,2,0,是,0,,0,,https://www.lyvc.edu.cn/
4137014196,枣庄职业学院,山东省,枣庄市,专科,,否,否,否,否,现役候选,是,,,,,,,4,0,是,0,,0,,https://www.sdzzvc.edu.cn/
4137014242,山东理工职业学院,山东省,济宁市,专科,,否,否,否,否,现役候选,是,,,,,,,4,0,是,0,,0,,http://www.sdpu.edu.cn/
4137014261,山东文化产业职业学院,山东省,青岛市,专科,,是,否,否,否,现役候选,是,,,,,,,1,0,是,0,,0,,https://www.sdcivc.edu.cn/
4137014320,青岛远洋船员职业学院,山东省,青岛市,专科,,否,否,否,否,现役候选,是,,,,,,,2,0,是,0,,0,,https://www.qmc.edu.cn/
4137014332,济南幼儿师范高等专科学校,山东省,济南市,专科,,否,否,否,否,现役候选,是,,,,,,,3,0,是,0,,0,,https://www.jnpec.edu.cn/
4137014343,济南护理职业学院,山东省,济南市,专科,,否,否,否,否,现役候选,是,,,,,,,2,0,是,0,,0,,https://www.sdjnwx.com/
4137014345,泰山护理职业学院,山东省,泰安市,专科,,否,否,否,否,现役候选,是,,,,,,,4,0,是,0,,0,,https://www.tsvcn.edu.cn/
4137014346,山东海事职业学院,山东省,潍坊市,专科,,是,否,否,否,现役候选,是,,,,,,,3,0,是,0,,0,,https://www.sdmvc.edu.cn/
4137014347,潍坊护理职业学院,山东省,潍坊市,专科,,否,否,否,否,现役候选,是,,,,,,,3,0,是,0,,0,,https://www.wfhlxy.com/
4137014379,潍坊工程职业学院,山东省,潍坊市,专科,,否,否,否,否,现役候选,是,,,,,,,2,0,是,0,,0,,https://www.wfec.edu.cn/
4137014477,菏泽职业学院,山东省,菏泽市,专科,,否,否,否,否,现役候选,是,,,,,,,2,0,是,0,,0,,https://www.hezevc.edu.cn/
4137014506,山东艺术设计职业学院,山东省,济南市,专科,,是,否,否,否,现役候选,是,,,,,,,2,0,是,0,,0,,https://www.sysy.com.cn/
4137014507,威海海洋职业学院,山东省,威海市,专科,,否,否,否,否,现役候选,是,,,,,,,2,0,是,0,,0,,https://www.whovc.edu.cn/
4137014545,山东特殊教育职业学院,山东省,济南市,专科,,否,否,否,否,现役候选,是,,,,,,,2,0,是,0,,0,,https://www.sdse.cn/
4137014570,烟台黄金职业学院,山东省,烟台市,专科,,是,否,否,否,现役候选,是,,,,,,,1,0,是,0,,0,,https://www.ytgc.edu.cn/
4137014605,日照航海工程职业学院,山东省,日照市,专科,,是,否,否,否,现役候选,是,,,,,,,2,0,是,0,,0,,https://www.rzmevc.edu.cn/
4137014666,青岛工程职业学院,山东省,青岛市,专科,,否,否,否,否,现役候选,是,,,,,,,1,0,是,0,,0,,https://www.qdec.edu.cn/
4137014688,青岛幼儿师范高等专科学校,山东省,青岛市,专科,,否,否,否,否,现役候选,是,,,,,,,2,0,是,0,,0,,https://www.qdpec.edu.cn/
4137014689,烟台幼儿师范高等专科学校,山东省,烟台市,专科,,否,否,否,否,现役候选,是,,,,,,,1,0,是,0,,0,,https://www.ytpec.edu.cn/
4137014707,烟台文化旅游职业学院,山东省,烟台市,专科,,否,否,否,否,现役候选,是,,,,,,,1,0,是,0,,0,,https://www.yvcct.edu.cn/
4137014708,临沂科技职业学院,山东省,临沂市,专科,,否,否,否,否,现役候选,是,,,,,,,1,0,是,0,,0,,https://www.lyvust.cn/
4137014709,青岛航空科技职业学院,山东省,青岛市,专科,,是,否,否,否,现役候选,是,,,,,,,1,0,是,0,,0,,https://www.qdhkxy.com/
4137014710,潍坊环境工程职业学院,山东省,潍坊市,专科,,是,否,否,否,现役候选,是,,,,,,,1,0,是,0,,0,,https://www.wfhgzxy.edu.cn/
4137014749,滨州科技职业学院,山东省,滨州市,专科,,是,否,否,否,现役候选,是,,,,,,,1,0,是,0,,0,,https://www.sdbky.cn/
4137014809,山东城市服务职业学院,山东省,烟台市,专科,,否,否,否,否,现役候选,是,,,,,,,1,0,是,0,,0,,https://www.sdcs.edu.cn/
4137014810,潍坊食品科技职业学院,山东省,潍坊市,专科,,是,否,否,否,现役候选,是,,,,,,,1,0,是,0,,0,,http://www.wfspxy.edu.cn
4137014811,烟台城市科技职业学院,山东省,烟台市,专科,,是,否,否,否,现役候选,是,,,,,,,1,0,是,0,,0,,https://www.ytcc.edu.cn/
4137014857,德州工程职业学院,山东省,德州市,专科,,是,否,否,否,现役候选,是,,,,,,,1,0,是,0,,0,,https://www.dzgcxy.com/
4137014858,日照康养职业学院,山东省,日照市,专科,,是,否,否,否,现役候选,是,,,,,,,1,0,是,0,,0,,https://rzky.com.cn/
4137014859,烟台卫生健康职业学院,山东省,烟台市,专科,,否,否,否,否,现役候选,是,,,,,,,1,0,是,0,,0,,https://ythealth.edu.cn/
4137014860,山东文化艺术职业学院,山东省,德州市,专科,,否,否,否,否,现役候选,是,,,,,,,1,0,是,0,,0,,https://www.sdvca.cn/
4137014923,聊城科技职业学院,山东省,聊城市,专科,,否,否,否,否,现役候选,是,,,,,,,1,0,是,0,,0,,https://www.lckjzyxy.edu.cn/index.html
4137014924,济宁汽车工程职业学院,山东省,济宁市,专科,,是,否,否,否,现役候选,是,,,,,,,1,0,是,0,,0,,http://www.jnqcxy.cn
4137014925,日照科技职业学院,山东省,日照市,专科,,是,否,否,否,现役候选,是,,,,,,,1,0,是,0,,0,,http://www.rzvcst.cn/
4137014926,枣庄应用技术职业学院,山东省,枣庄市,专科,,是,否,否,否,现役候选,是,,,,,,,1,0,是,0,,0,,https://www.zzyyxy.com/
4137014927,临沂城市职业学院,山东省,临沂市,专科,,是,否,否,否,现役候选,是,,,,,,,1,0,是,0,,0,,http://lycvc.linyi.cn
4137014928,菏泽生物医药职业学院,山东省,菏泽市,专科,,是,否,否,否,现役候选,是,,,,,,,1,0,是,0,,0,,https://www.hzswyyxy.com
4137014961,济宁卫生健康职业学院,山东省,济宁市,专科,,否,否,否,否,现役候选,是,,,,,,,1,1,是,0,,0,,
4137014962,青岛健康科技职业学院,山东省,青岛市,专科,,否,否,否,否,现役候选,是,,,,,,,1,1,是,0,,0,,
4137014963,德州智能技术职业学院,山东省,德州市,专科,,否,否,否,否,现役候选,是,,,,,,,1,1,是,0,,0,,
4137014964,滨州健康科技职业学院,山东省,滨州市,专科,,是,否,否,否,现役候选,是,,,,,,,1,1,是,0,,0,,
4141010078,华北水利水电大学,河南省,郑州市,本科,,否,否,否,否,现役候选,是,2026软科主榜 249,2026软科主榜 249,,,,,4,0,是,0,,0,,https://www.ncwu.edu.cn/
4141010459,郑州大学,河南省,郑州市,本科,,否,否,是,是,现役候选,是,2026软科主榜 44,2026软科主榜 44,,,,,6,0,是,0,,0,,https://www.zzu.edu.cn/
4141010460,河南理工大学,河南省,焦作市,本科,,否,否,否,否,现役候选,是,2026软科主榜 194,2026软科主榜 194,,,,,7,0,是,0,,0,,https://www.hpu.edu.cn/
4141010462,郑州轻工业大学,河南省,郑州市,本科,,否,否,否,否,现役候选,是,2026软科主榜 258,2026软科主榜 258,,,,,4,0,是,0,,0,,https://www.zzuli.edu.cn/
4141010463,河南工业大学,河南省,郑州市,本科,,否,否,否,否,现役候选,是,2026软科主榜 210,2026软科主榜 210,,,,,4,0,是,0,,0,,https://www.haut.edu.cn/
4141010464,河南科技大学,河南省,洛阳市,本科,,否,否,否,否,现役候选,是,2026软科主榜 176,2026软科主榜 176,,,,,4,0,是,0,,0,,https://www.haust.edu.cn/
4141010465,中原工学院,河南省,郑州市,本科,,否,否,否,否,现役候选,是,2026软科主榜 320,2026软科主榜 320,,,,,2,0,是,0,,0,,https://www.zut.edu.cn/
4141010466,河南农业大学,河南省,郑州市,本科,,否,否,否,否,现役候选,是,2026软科主榜 145,2026软科主榜 145,,,,,6,0,是,0,,0,,https://www.henau.edu.cn/
4141010467,河南科技学院,河南省,新乡市,本科,,否,否,否,否,现役候选,是,2026软科主榜 359,2026软科主榜 359,,,,,4,0,是,0,,0,,https://www.hist.edu.cn/
4141010469,河南牧业经济学院,河南省,郑州市,本科,,否,否,否,否,现役候选,是,2026软科分类标签 500+,2026软科分类标签 500+,,,,,3,0,是,0,,0,,https://www.hnuahe.edu.cn/
4141010471,河南中医药大学,河南省,郑州市,本科,,否,否,否,否,现役候选,是,2026软科分类标签 中医11,2026软科分类标签 中医11,,,,,4,0,是,0,,0,,https://www.hactcm.edu.cn/
4141010472,河南医药大学,河南省,新乡市,本科,,否,否,否,否,现役候选,是,2026软科分类标签 医27,2026软科分类标签 医27,,,,,2,0,是,0,,0,,https://www.xxmu.edu.cn/
4141010475,河南大学,河南省,开封市,本科,,否,否,否,是,现役候选,是,2026软科主榜 95,2026软科主榜 95,,,,,3,0,是,0,,0,,https://www.henu.edu.cn/
4141010476,河南师范大学,河南省,新乡市,本科,,否,否,否,否,现役候选,是,2026软科主榜 168,2026软科主榜 168,,,,,4,0,是,0,,0,,https://www.htu.edu.cn/
4141010477,信阳师范大学,河南省,信阳市,本科,,否,否,否,否,现役候选,是,2026软科主榜 337,2026软科主榜 337,,,,,3,0,是,0,,0,,https://www.xynu.edu.cn/
4141010478,周口师范学院,河南省,周口市,本科,,否,否,否,否,现役候选,是,2026软科主榜 389,2026软科主榜 389,,,,,1,0,是,0,,0,,https://www.zknu.edu.cn
4141010479,安阳师范学院,河南省,安阳市,本科,,否,否,否,否,现役候选,是,2026软科主榜 418,2026软科主榜 418,,,,,4,0,是,0,,0,,https://www.aynu.edu.cn/
4141010480,许昌学院,河南省,许昌市,本科,,否,否,否,否,现役候选,是,2026软科主榜 409,2026软科主榜 409,,,,,3,0,是,0,,0,,https://www.xcu.edu.cn/
4141010481,南阳师范学院,河南省,南阳市,本科,,否,否,否,否,现役候选,是,2026软科主榜 419,2026软科主榜 419,,,,,2,0,是,0,,0,,https://www.nynu.edu.cn/
4141010482,洛阳师范学院,河南省,洛阳市,本科,,否,否,否,否,现役候选,是,2026软科主榜 361,2026软科主榜 361,,,,,4,0,是,0,,0,,https://www.lynu.edu.cn/
4141010483,商丘师范学院,河南省,商丘市,本科,,否,否,否,否,现役候选,是,2026软科主榜 429,2026软科主榜 429,,,,,3,0,是,0,,0,,https://www.sqnu.edu.cn/
4141010484,河南财经政法大学,河南省,郑州市,本科,,否,否,否,否,现役候选,是,2026软科分类标签 财24,2026软科分类标签 财24,,,,,3,0,是,0,,0,,https://www.huel.edu.cn/
4141010485,郑州航空工业管理学院,河南省,郑州市,本科,,否,否,否,否,现役候选,是,2026软科分类标签 财30,2026软科分类标签 财30,,,,,4,0,是,0,,0,,https://www.zua.edu.cn
4141010918,黄淮学院,河南省,驻马店市,本科,,否,否,否,否,现役候选,是,2026软科主榜 434,2026软科主榜 434,,,,,2,0,是,0,,0,,https://www.huanghuai.edu.cn/
4141010919,平顶山学院,河南省,平顶山市,本科,,否,否,否,否,现役候选,是,2026软科主榜 442,2026软科主榜 442,,,,,5,0,是,0,,0,,https://www.pdsu.edu.cn/
4141011068,郑州工程技术学院,河南省,郑州市,本科,,否,否,否,否,现役候选,是,2026软科分类标签 500+,2026软科分类标签 500+,,,,,5,0,是,0,,0,,https://www.zzut.edu.cn/
4141011070,洛阳理工学院,河南省,洛阳市,本科,,否,否,否,否,现役候选,是,2026软科主榜 377,2026软科主榜 377,,,,,5,0,是,0,,0,,https://www.lit.edu.cn/
4141011071,新乡学院,河南省,新乡市,本科,,否,否,否,否,现役候选,是,2026软科主榜 498,2026软科主榜 498,,,,,2,0,是,0,,0,,https://www.xxu.edu.cn/
4141011326,信阳农林学院,河南省,信阳市,本科,,否,否,否,否,现役候选,是,2026软科分类标签 500+,2026软科分类标签 500+,,,,,1,0,是,0,,0,,https://www.xyafu.edu.cn/
4141011329,河南工学院,河南省,新乡市,本科,,否,否,否,否,现役候选,是,2026软科分类标签 500+,2026软科分类标签 500+,,,,,2,0,是,0,,0,,https://www.hait.edu.cn/
4141011330,安阳工学院,河南省,安阳市,本科,,否,否,否,否,现役候选,是,2026软科主榜 492,2026软科主榜 492,,,,,3,0,是,0,,0,,https://www.ayit.edu.cn
4141011517,河南工程学院,河南省,郑州市,本科,,否,否,否,否,现役候选,是,2026软科主榜 444,2026软科主榜 444,,,,,5,0,是,0,,0,,http://www.haue.edu.cn/
4141011652,河南财政金融学院,河南省,郑州市,本科,,否,否,否,否,现役候选,是,2026软科分类标签 财46+,2026软科分类标签 财46+,,,,,3,0,是,0,,0,,https://www.hafu.edu.cn/
4141011653,南阳理工学院,河南省,南阳市,本科,,否,否,否,否,现役候选,是,2026软科主榜 450,2026软科主榜 450,,,,,3,0,是,0,,0,,https://www.nyist.edu.cn/
4141011765,河南城建学院,河南省,平顶山市,本科,,否,否,否,否,现役候选,是,2026软科主榜 454,2026软科主榜 454,,,,,3,0,是,0,,0,,https://www.huuc.edu.cn/
4141011788,河南警察学院,河南省,郑州市,本科,,否,否,否,否,现役候选,是,2026软科分类标签 政20,2026软科分类标签 政20,,,,,3,0,是,0,,0,,https://www.hnp.edu.cn/
4141011834,黄河科技学院,河南省,郑州市,本科,,是,否,否,否,现役候选,是,2026软科主榜 8,2026软科主榜 8,,,,,5,0,是,0,,0,,https://www.hhstu.edu.cn/
4141012735,郑州警察学院,河南省,郑州市,本科,,否,否,否,否,现役候选,是,2026软科分类标签 政21,2026软科分类标签 政21,,,,,2,0,是,0,,0,,http://www.rpc.edu.cn/
4141012746,郑州科技学院,河南省,郑州市,本科,,是,否,否,否,现役候选,是,2026软科主榜 41,2026软科主榜 41,,,,,4,0,是,0,,0,,https://www.zit.edu.cn/
4141012747,郑州工业应用技术学院,河南省,郑州市,本科,,是,否,否,否,现役候选,是,2026软科主榜 46,2026软科主榜 46,,,,,3,0,是,0,,0,,https://www.zzuit.edu.cn/
4141012949,郑州师范学院,河南省,郑州市,本科,,否,否,否,否,现役候选,是,2026软科分类标签 500+,2026软科分类标签 500+,,,,,2,0,是,0,,0,,https://www.zznu.edu.cn/
4141013497,郑州财经学院,河南省,郑州市,本科,,是,否,否,否,现役候选,是,2026软科分类标签 财26,2026软科分类标签 财26,,,,,1,0,是,0,,0,,http://www.zzife.edu.cn/
4141013498,黄河交通学院,河南省,焦作市,本科,,是,否,否,否,现役候选,是,2026软科主榜 86,2026软科主榜 86,,,,,3,0,是,0,,0,,https://www.zjtu.edu.cn/
4141013500,商丘工学院,河南省,商丘市,本科,,是,否,否,否,现役候选,是,2026软科主榜 84,2026软科主榜 84,,,,,5,0,是,0,,0,,https://www.sqgxy.edu.cn/
4141013501,河南开封科技传媒学院,河南省,开封市,本科,,是,否,否,否,现役候选,是,2026软科分类标签 财20,2026软科分类标签 财20,,,,,2,0,是,0,,0,,https://www.humc.edu.cn/
4141013502,中原科技学院,河南省,郑州市,本科,,是,否,否,否,现役候选,是,2026软科主榜 38,2026软科主榜 38,,,,,2,0,是,0,,0,,https://www.zykj.edu.cn/
4141013503,信阳学院,河南省,信阳市,本科,,是,否,否,否,现役候选,是,2026软科主榜 90,2026软科主榜 90,,,,,2,0,是,0,,0,,https://www.xyu.edu.cn/
4141013504,安阳学院,河南省,安阳市,本科,,是,否,否,否,现役候选,是,2026软科主榜 76,2026软科主榜 76,,,,,3,0,是,0,,0,,https://www.ayxy.edu.cn/
4141013505,豫北医学院,河南省,新乡市,本科,,是,否,否,否,现役候选,是,2026软科主榜 33,2026软科主榜 33,,,,,2,0,是,0,,0,,https://www.sqmc.edu.cn/
4141013506,新乡工程学院,河南省,新乡市,本科,,是,否,否,否,现役候选,是,2026软科主榜 54,2026软科主榜 54,,,,,1,0,是,0,,0,,https://www.xxgc.edu.cn
4141013507,郑州工商学院,河南省,郑州市,本科,,是,否,否,否,现役候选,是,2026软科主榜 94,2026软科主榜 94,,,,,3,0,是,0,,0,,https://www.ztbu.edu.cn
4141013508,郑州经贸学院,河南省,郑州市,本科,,是,否,否,否,现役候选,是,2026软科分类标签 财14,2026软科分类标签 财14,,,,,2,0,是,0,,0,,https://www.zueb.edu.cn/
4141014003,商丘学院,河南省,商丘市,本科,,是,否,否,否,现役候选,是,2026软科主榜 69,2026软科主榜 69,,,,,2,0,是,0,,0,,https://www.sqxy.edu.cn/
4141014040,郑州商学院,河南省,郑州市,本科,,是,否,否,否,现役候选,是,2026软科分类标签 财19,2026软科分类标签 财19,,,,,3,0,是,0,,0,,https://www.zbu.edu.cn/
4141014169,河南科技职业大学,河南省,周口市,本科,,是,否,否,否,现役候选,是,,,,,,,1,0,是,0,,0,,https://www.hnvust.cn/
4141014333,郑州升达经贸管理学院,河南省,郑州市,本科,,是,否,否,否,现役候选,是,2026软科分类标签 财8,2026软科分类标签 财8,,,,,1,0,是,0,,0,,https://www.shengda.edu.cn
4141014654,郑州西亚斯学院,河南省,郑州市,本科,,是,否,否,否,现役候选,是,2026软科主榜 71,2026软科主榜 71,,,,,2,0,是,0,,0,,https://www.sias.edu.cn
4141014831,郑州美术学院,河南省,郑州市,本科,,是,否,否,否,现役候选,是,,,,,,,1,0,是,0,,0,,https://www.zzafa.edu.cn/
4141014233,漯河食品工程职业大学,河南省,漯河市,本科,,是,否,否,否,现役候选,是,,,,,,,1,0,是,0,,0,,https://www.lsgx.com.cn/
4141014879,河南体育学院,河南省,郑州市,本科,,否,否,否,否,现役候选,是,2026软科分类标签 体13+,2026软科分类标签 体13+,,,,,2,0,是,0,,0,,https://www.hasu.edu.cn/
4141012948,郑州健康学院,河南省,郑州市,本科,,是,否,否,否,现役候选,是,,,,,,,1,0,是,0,,0,,https://www.zzsqmc.edu.cn/
4141012058,黄河水利职业技术大学,河南省,开封市,本科,,否,否,否,否,现役候选,是,,,,,,,1,0,是,0,,0,,https://www.yrcti.edu.cn
4141012794,河南工业职业技术大学,河南省,南阳市,本科,,否,否,否,否,现役候选,是,,,,,,,3,0,是,0,,0,,https://www.hnpi.edu.cn/
4141014949,河南信息科技学院,河南省,鹤壁市,本科,,否,否,否,否,现役候选,是,,,,,,,1,0,是,0,,0,,
4141014982,河南应用工程学院,河南省,三门峡市,本科,,否,否,否,否,现役候选,是,,,,,,,1,1,是,0,,0,,
4141014981,河南国医学院,河南省,南阳市,本科,,否,否,否,否,现役候选,是,,,,,,,1,0,是,0,,0,,https://www.hcccm.edu.cn
4141010843,郑州铁路职业技术大学,河南省,郑州市,本科,,否,否,否,否,现役候选,是,,,,,,,2,0,是,0,,0,,https://www.zzrvtc.edu.cn/
4141014980,河南能源化工学院,河南省,濮阳市,本科,,否,否,否,否,现役候选,是,,,,,,,1,1,是,0,,0,,
4141010824,河南职业技术学院,河南省,郑州市,专科,,否,否,否,否,现役候选,是,,,,,,,2,0,是,0,,0,,https://www.hnzj.edu.cn/
4141010835,漯河职业技术学院,河南省,漯河市,专科,,否,否,否,否,现役候选,是,,,,,,,1,0,是,0,,0,,https://www.lhvtc.edu.cn/
4141010842,三门峡职业技术学院,河南省,三门峡市,专科,,否,否,否,否,现役候选,是,,,,,,,2,0,是,0,,0,,https://www.smxpt.cn/
4141011069,开封大学,河南省,开封市,专科,,否,否,否,否,现役候选,是,,,,,,,2,0,是,0,,0,,https://www.kfu.edu.cn/
4141011522,焦作大学,河南省,焦作市,专科,,否,否,否,否,现役候选,是,,,,,,,2,0,是,0,,0,,https://www.jzu.edu.cn/
4141011787,濮阳职业技术学院,河南省,濮阳市,专科,,否,否,否,否,现役候选,是,,,,,,,2,0,是,0,,0,,https://www.pyvtc.cn/
4141011828,郑州电力高等专科学校,河南省,郑州市,专科,,否,否,否,否,现役候选,是,,,,,,,2,0,是,0,,0,,https://www.zepc.edu.cn
4141012067,许昌职业技术学院,河南省,许昌市,专科,,否,否,否,否,现役候选,是,,,,,,,1,0,是,0,,0,,https://www.xcitc.edu.cn/
4141012581,河南工业和信息化职业学院,河南省,焦作市,专科,,否,否,否,否,现役候选,是,,,,,,,2,0,是,0,,0,,https://www.hciit.edu.cn/
4141012582,河南水利与环境职业学院,河南省,郑州市,专科,,否,否,否,否,现役候选,是,,,,,,,4,0,是,0,,0,,https://www.hwec.edu.cn/
4141012745,商丘职业技术学院,河南省,商丘市,专科,,否,否,否,否,现役候选,是,,,,,,,1,0,是,0,,0,,https://www.sqzy.edu.cn/
4141012748,平顶山工业职业技术学院,河南省,平顶山市,专科,,否,否,否,否,现役候选,是,,,,,,,2,0,是,0,,0,,https://www.pzxy.edu.cn
4141012750,周口职业技术学院,河南省,周口市,专科,,否,否,否,否,现役候选,是,,,,,,,6,0,是,0,,0,,https://www.zkvtc.edu.cn/
4141012768,济源职业技术学院,河南省,济源市,专科,,否,否,否,否,现役候选,是,,,,,,,4,0,是,0,,0,,https://www.jyvtc.edu.cn/
4141012781,河南司法警官职业学院,河南省,郑州市,专科,,否,否,否,否,现役候选,是,,,,,,,2,0,是,0,,0,,https://www.hnsfjy.edu.cn
4141012793,鹤壁职业技术学院,河南省,鹤壁市,专科,,否,否,否,否,现役候选,是,,,,,,,1,0,是,0,,0,,https://www.hbzy.edu.cn/
4141012950,焦作师范高等专科学校,河南省,焦作市,专科,,否,否,否,否,现役候选,是,,,,,,,3,0,是,0,,0,,https://www.jzsz.edu.cn/
4141013499,河南检察职业学院,河南省,郑州市,专科,,否,否,否,否,现役候选,是,,,,,,,1,0,是,0,,0,,https://www.hnjc.edu.cn/
4141013564,河南质量工程职业学院,河南省,平顶山市,专科,,否,否,否,否,现役候选,是,,,,,,,3,0,是,0,,0,,https://www.zlxy.edu.cn/
4141013565,郑州信息科技职业学院,河南省,郑州市,专科,,否,否,否,否,现役候选,是,,,,,,,2,0,是,0,,0,,https://www.techcollege.cn/
4141013780,漯河医学高等专科学校,河南省,漯河市,专科,,否,否,否,否,现役候选,是,,,,,,,2,0,是,0,,0,,https://www.lhmc.edu.cn/
4141013781,南阳医学高等专科学校,河南省,南阳市,专科,,否,否,否,否,现役候选,是,,,,,,,3,0,是,0,,0,,https://www.nymc.edu.cn/
4141013782,商丘医学高等专科学校,河南省,商丘市,专科,,否,否,否,否,现役候选,是,,,,,,,2,0,是,0,,0,,https://www.sqyx.edu.cn/
4141013783,郑州电子信息职业技术学院,河南省,郑州市,专科,,是,否,否,否,现役候选,是,,,,,,,1,0,是,0,,0,,https://www.zyfb.com/
4141013784,信阳职业技术学院,河南省,信阳市,专科,,否,否,否,否,现役候选,是,,,,,,,2,0,是,0,,0,,https://www.xyvtc.edu.cn/
4141013785,嵩山少林武术职业学院,河南省,郑州市,专科,,是,否,否,否,现役候选,是,,,,,,,3,0,是,0,,0,,https://www.shaolinkungfu.edu.cn/
4141013786,郑州工业安全职业学院,河南省,郑州市,专科,,否,否,否,否,现役候选,是,,,,,,,1,0,是,0,,0,,http://www.zazy.cn
4141013787,永城职业学院,河南省,商丘市,专科,,否,否,否,否,现役候选,是,,,,,,,2,0,是,0,,0,,http://www.ycvc.edu.cn/
4141013788,河南经贸职业学院,河南省,郑州市,专科,,否,否,否,否,现役候选,是,,,,,,,1,0,是,0,,0,,https://www.henetc.edu.cn/
4141013789,河南交通职业技术学院,河南省,郑州市,专科,,否,否,否,否,现役候选,是,,,,,,,4,0,是,0,,0,,https://www.hncc.edu.cn/
4141013790,河南农业职业学院,河南省,郑州市,专科,,否,否,否,否,现役候选,是,,,,,,,3,0,是,0,,0,,https://www.hnca.edu.cn/
4141013791,郑州旅游职业学院,河南省,郑州市,专科,,否,否,否,否,现役候选,是,,,,,,,3,0,是,0,,0,,https://www.zztrc.edu.cn/
4141013792,郑州职业技术学院,河南省,郑州市,专科,,否,否,否,否,现役候选,是,,,,,,,2,0,是,0,,0,,https://www.zzyedu.cn
4141013885,河南信息统计职业学院,河南省,郑州市,专科,,否,否,否,否,现役候选,是,,,,,,,2,0,是,0,,0,,http://www.hnisvc.com/
4141013889,河南林业职业学院,河南省,洛阳市,专科,,否,否,否,否,现役候选,是,,,,,,,5,0,是,0,,0,,https://www.hnfvc.edu.cn/
4141013936,河南工业贸易职业学院,河南省,郑州市,专科,,否,否,否,否,现役候选,是,,,,,,,4,0,是,0,,0,,https://www.hngm.edu.cn/
4141014062,郑州电力职业技术学院,河南省,郑州市,专科,,是,否,否,否,现役候选,是,,,,,,,3,0,是,0,,0,,https://www.zzdl.edu.cn/
4141014181,河南建筑职业技术学院,河南省,郑州市,专科,,否,否,否,否,现役候选,是,,,,,,,2,0,是,0,,0,,https://www.hnjs.edu.cn
4141014235,郑州城市职业学院,河南省,郑州市,专科,,是,否,否,否,现役候选,是,,,,,,,1,0,是,0,,0,,https://www.zcu.edu.cn/
4141014243,安阳职业技术学院,河南省,安阳市,专科,,否,否,否,否,现役候选,是,,,,,,,2,0,是,0,,0,,https://www.ayzy.cn/
4141014245,新乡职业技术学院,河南省,新乡市,专科,,否,否,否,否,现役候选,是,,,,,,,3,0,是,0,,0,,https://www.xxvtc.edu.cn/
4141014251,驻马店职业技术学院,河南省,驻马店市,专科,,否,否,否,否,现役候选,是,,,,,,,2,0,是,0,,0,,https://www.zmdvtc.edu.cn/index.htm
4141014300,焦作工贸职业学院,河南省,焦作市,专科,,是,否,否,否,现役候选,是,,,,,,,3,0,是,0,,0,,https://www.jzcit.edu.cn/
4141014301,许昌陶瓷职业学院,河南省,许昌市,专科,,是,否,否,否,现役候选,是,,,,,,,1,0,是,0,,0,,https://www.xccvc.com/
4141014302,郑州理工职业学院,河南省,郑州市,专科,,是,否,否,否,现役候选,是,,,,,,,3,0,是,0,,0,,https://www.zzlgxy.net/
4141014303,郑州信息工程职业学院,河南省,郑州市,专科,,是,否,否,否,现役候选,是,,,,,,,3,0,是,0,,0,,https://www.zxxyedu.com/#/?t=1774344258222
4141014305,长垣烹饪职业技术学院,河南省,新乡市,专科,,是,否,否,否,现役候选,是,,,,,,,1,0,是,0,,0,,https://www.cyprxy.edu.cn/
4141014306,开封文化艺术职业学院,河南省,开封市,专科,,否,否,否,否,现役候选,是,,,,,,,1,0,是,0,,0,,https://www.kfwyxy.edu.cn/
4141014307,河南应用技术职业学院,河南省,郑州市,专科,,否,否,否,否,现役候选,是,,,,,,,5,0,是,0,,0,,https://www.hati.edu.cn/
4141014308,河南艺术职业学院,河南省,郑州市,专科,,否,否,否,否,现役候选,是,,,,,,,2,0,是,0,,0,,https://www.hnys.edu.cn/
4141014348,河南机电职业学院,河南省,郑州市,专科,,否,否,否,否,现役候选,是,,,,,,,2,0,是,0,,0,,https://www.hnjd.edu.cn/
4141014349,河南护理职业学院,河南省,安阳市,专科,,否,否,否,否,现役候选,是,,,,,,,3,0,是,0,,0,,https://www.hnnvc.edu.cn/
4141014350,许昌电气职业学院,河南省,许昌市,专科,,否,否,否,否,现役候选,是,,,,,,,2,0,是,0,,0,,https://www.xcevc.edu.cn/
4141014351,信阳涉外职业技术学院,河南省,信阳市,专科,,是,否,否,否,现役候选,是,,,,,,,2,0,是,0,,0,,http://www.xyswxy.com/
4141014352,鹤壁汽车工程职业学院,河南省,鹤壁市,专科,,是,否,否,否,现役候选,是,,,,,,,2,0,是,0,,0,,https://www.hbqcxy.com/
4141014353,南阳职业学院,河南省,南阳市,专科,,是,否,否,否,现役候选,是,,,,,,,2,0,是,0,,0,,http://www.nyvc.edu.cn/default.html
4141014380,郑州商贸旅游职业学院,河南省,郑州市,专科,,是,否,否,否,现役候选,是,,,,,,,2,0,是,0,,0,,http://www.zzvcct.com
4141014382,河南推拿职业学院,河南省,洛阳市,专科,,否,否,否,否,现役候选,是,,,,,,,1,0,是,0,,0,,https://www.hltn.edu.cn/
4141014383,洛阳职业技术学院,河南省,洛阳市,专科,,否,否,否,否,现役候选,是,,,,,,,8,0,是,0,,0,,https://www.lypt.edu.cn/
4141014391,郑州幼儿师范高等专科学校,河南省,郑州市,专科,,否,否,否,否,现役候选,是,,,,,,,3,0,是,0,,0,,http://www.zyedu.org/
4141014392,安阳幼儿师范高等专科学校,河南省,安阳市,专科,,否,否,否,否,现役候选,是,,,,,,,2,0,是,0,,0,,https://www.ayyz.edu.cn/
4141014405,郑州黄河护理职业学院,河南省,郑州市,专科,,是,否,否,否,现役候选,是,,,,,,,4,0,是,0,,0,,https://www.zyrnvc.com/
4141014466,河南医学高等专科学校,河南省,郑州市,专科,,否,否,否,否,现役候选,是,,,,,,,3,0,是,0,,0,,https://www.hamc.edu.cn/
4141014478,郑州财税金融职业学院,河南省,郑州市,专科,,否,否,否,否,现役候选,是,,,,,,,3,0,是,0,,0,,https://www.zzcsjr.edu.cn
4141014479,南阳农业职业学院,河南省,南阳市,专科,,否,否,否,否,现役候选,是,,,,,,,4,0,是,0,,0,,http://www.nyca.edu.cn/1/
4141014480,洛阳科技职业学院,河南省,洛阳市,专科,,是,否,否,否,现役候选,是,,,,,,,3,0,是,0,,0,,https://www.lku.edu.cn/
4141014529,鹤壁能源化工职业学院,河南省,鹤壁市,专科,,否,否,否,否,现役候选,是,,,,,,,2,0,是,0,,0,,https://www.hbnyhgzyxy.com/
4141014530,平顶山文化艺术职业学院,河南省,平顶山市,专科,,是,否,否,否,现役候选,是,,,,,,,1,1,是,0,,0,,https://www.pvcca.edu.cn/
4141014597,濮阳医学高等专科学校,河南省,濮阳市,专科,,否,否,否,否,现役候选,是,,,,,,,2,0,是,0,,0,,https://www.pymc.edu.cn/
4141014598,驻马店幼儿师范高等专科学校,河南省,驻马店市,专科,,否,否,否,否,现役候选,是,,,,,,,3,0,是,0,,0,,https://www.zyz.edu.cn/
4141014606,三门峡社会管理职业学院,河南省,三门峡市,专科,,否,否,否,否,现役候选,是,,,,,,,1,0,是,0,,0,,http://www.smxcsa.edu.cn/
4141014607,河南轻工职业学院,河南省,郑州市,专科,,否,否,否,否,现役候选,是,,,,,,,4,0,是,0,,0,,http://www.havcli.edu.cn/
4141014608,河南测绘职业学院,河南省,郑州市,专科,,否,否,否,否,现役候选,是,,,,,,,1,0,是,0,,0,,https://www.hasm.edu.cn/
4141014634,信阳航空职业学院,河南省,信阳市,专科,,是,否,否,否,现役候选,是,,,,,,,1,0,是,0,,0,,https://www.xyhkxy.com/
4141014635,郑州卫生健康职业学院,河南省,郑州市,专科,,否,否,否,否,现役候选,是,,,,,,,2,0,是,0,,0,,https://www.zzhvc.com/
4141014636,河南物流职业学院,河南省,新乡市,专科,,否,否,否,否,现役候选,是,,,,,,,3,0,是,0,,0,,https://www.hnwlxy.edu.cn/
4141014637,河南地矿职业学院,河南省,郑州市,专科,,否,否,否,否,现役候选,是,,,,,,,2,0,是,0,,0,,https://www.hagmc.edu.cn/
4141014685,郑州亚欧交通职业学院,河南省,郑州市,专科,,否,否,否,否,现役候选,是,,,,,,,1,0,是,0,,0,,https://www.zzyaou.edu.cn/
4141014711,河南女子职业学院,河南省,新乡市,专科,,否,否,否,否,现役候选,是,,,,,,,3,0,是,0,,0,,https://www.henz.edu.cn/
4141014712,河南对外经济贸易职业学院,河南省,开封市,专科,,否,否,否,否,现役候选,是,,,,,,,2,0,是,0,,0,,https://www.hnwmxy.edu.cn/
4141014713,濮阳石油化工职业技术学院,河南省,濮阳市,专科,,否,否,否,否,现役候选,是,,,,,,,1,0,是,0,,0,,http://www.pypcc.edu.cn/
4141014714,南阳科技职业学院,河南省,南阳市,专科,,否,否,否,否,现役候选,是,,,,,,,1,0,是,0,,0,,https://www.nystvc.edu.cn/
4141014715,兰考三农职业学院,河南省,开封市,专科,,否,否,否,否,现役候选,是,,,,,,,1,0,是,0,,0,,https://www.lksnzyxy.cn/
4141014716,汝州职业技术学院,河南省,平顶山市,专科,,否,否,否,否,现役候选,是,,,,,,,1,0,是,0,,0,,https://www.rzvtc.cn/
4141014717,林州建筑职业技术学院,河南省,安阳市,专科,,是,否,否,否,现役候选,是,,,,,,,1,0,是,0,,0,,https://www.lcat.edu.cn/
4141014718,郑州电子商务职业学院,河南省,郑州市,专科,,是,否,否,否,现役候选,是,,,,,,,1,0,是,0,,0,,https://www.zzdsxy.cn
4141014719,郑州轨道工程职业学院,河南省,郑州市,专科,,是,否,否,否,现役候选,是,,,,,,,2,0,是,0,,0,,https://www.zzure.edu.cn/
4141014720,郑州体育职业学院,河南省,郑州市,专科,,是,否,否,否,现役候选,是,,,,,,,1,0,是,0,,0,,https://www.zhengzhoutiyuan.com/
4141014750,洛阳文化旅游职业学院,河南省,洛阳市,专科,,否,否,否,否,现役候选,是,,,,,,,2,0,是,0,,0,,http://www.lyvcct.cn/
4141014751,周口文理职业学院,河南省,周口市,专科,,否,否,否,否,现役候选,是,,,,,,,1,0,是,0,,0,,https://www.zkwl.edu.cn/
4141014752,信阳艺术职业学院,河南省,信阳市,专科,,否,否,否,否,现役候选,是,,,,,,,3,0,是,0,,0,,http://www.xyvca.edu.cn/
4141014753,郑州城建职业学院,河南省,郑州市,专科,,是,否,否,否,现役候选,是,,,,,,,1,0,是,0,,0,,https://www.zzucvc.edu.cn/index.htm
4141014754,郑州医药健康职业学院,河南省,郑州市,专科,,是,否,否,否,现役候选,是,,,,,,,1,0,是,0,,0,,https://www.zzyyzy.edu.cn/
4241050709,平顶山职业技术学院,河南省,平顶山市,专科,,否,否,否,否,现役候选,是,,,,,,,3,0,是,0,,0,,https://www.pdszy.edu.cn/
4141014789,南阳工艺美术职业学院,河南省,南阳市,专科,,否,否,否,否,现役候选,是,,,,,,,1,0,是,0,,0,,https://www.nygymy.edu.cn/
4141014790,濮阳科技职业学院,河南省,濮阳市,专科,,否,否,否,否,现役候选,是,,,,,,,1,0,是,0,,0,,http://www.pykjzyxy.com/
4141014791,商丘幼儿师范高等专科学校,河南省,商丘市,专科,,否,否,否,否,现役候选,是,,,,,,,1,0,是,0,,0,,http://www.sqyz.edu.cn/
4141014792,周口理工职业学院,河南省,周口市,专科,,否,否,否,否,现役候选,是,,,,,,,1,0,是,0,,0,,http://www.zkpvc.edu.cn/
4141014793,焦作新材料职业学院,河南省,焦作市,专科,,是,否,否,否,现役候选,是,,,,,,,1,0,是,0,,0,,https://jzxcl.edu.cn
4141014794,开封职业学院,河南省,开封市,专科,,是,否,否,否,现役候选,是,,,,,,,3,0,是,0,,0,,https://www.kfvc.edu.cn/
4141014795,洛阳商业职业学院,河南省,洛阳市,专科,,是,否,否,否,现役候选,是,,,,,,,1,0,是,0,,0,,https://lyvcc.com/
4141014796,郑州软件职业技术学院,河南省,郑州市,专科,,是,否,否,否,现役候选,是,,,,,,,1,0,是,0,,0,,https://www.zzsvtc.edu.cn/
4141014797,郑州智能科技职业学院,河南省,郑州市,专科,,是,否,否,否,现役候选,是,,,,,,,1,0,是,0,,0,,https://www.zzcit.edu.cn/
4141014812,郑州食品工程职业学院,河南省,郑州市,专科,,是,否,否,否,现役候选,是,,,,,,,2,0,是,0,,0,,https://www.zzfec.edu.cn/
4141014813,郑州汽车工程职业学院,河南省,郑州市,专科,,是,否,否,否,现役候选,是,,,,,,,1,0,是,0,,0,,https://www.zzvcae.edu.cn
4141014861,驻马店农业工程职业学院,河南省,驻马店市,专科,,否,否,否,否,现役候选,是,,,,,,,1,0,是,0,,0,,http://zmdavc.edu.cn/
4141014862,信阳科技职业学院,河南省,信阳市,专科,,是,否,否,否,现役候选,是,,,,,,,1,0,是,0,,0,,https://www.xykj.edu.cn/
4141014863,信阳工程职业学院,河南省,信阳市,专科,,是,否,否,否,现役候选,是,,,,,,,1,0,是,0,,0,,https://www.xygczyxy.com/
4141014864,周口城市职业学院,河南省,周口市,专科,,是,否,否,否,现役候选,是,,,,,,,1,0,是,0,,0,,https://www.zkcszyxy.com/
4141014865,河南新乡工商职业学院,河南省,新乡市,专科,,是,否,否,否,现役候选,是,,,,,,,1,0,是,0,,0,,http://www.hnxxgs.edu.cn/
4141014929,开封工程职业学院,河南省,开封市,专科,,是,否,否,否,现役候选,是,,,,,,,1,0,是,0,,0,,http://www.kfevc.edu.cn/
4141014930,开封智慧健康职业学院,河南省,开封市,专科,,是,否,否,否,现役候选,是,,,,,,,1,0,是,0,,0,,https://www.kfzhjk.edu.cn/
4141014931,周口智慧能源职业学院,河南省,周口市,专科,,是,否,否,否,现役候选,是,,,,,,,1,0,是,0,,0,,http://www.zkzhny.edu.cn/
4141014932,平顶山科技职业学院,河南省,平顶山市,专科,,是,否,否,否,现役候选,是,,,,,,,1,0,是,0,,0,,https://www.pdskj.edu.cn/
4142010486,武汉大学,湖北省,武汉市,本科,,否,是,是,是,现役候选,是,2026软科主榜 8,2026软科主榜 8,,,,,3,0,是,0,,0,,https://www.whu.edu.cn/
4142010487,华中科技大学,湖北省,武汉市,本科,,否,是,是,是,现役候选,是,2026软科主榜 9,2026软科主榜 9,,,,,2,0,是,0,,0,,https://www.hust.edu.cn/
4142010488,武汉科技大学,湖北省,武汉市,本科,,否,否,否,否,现役候选,是,2026软科主榜 123,2026软科主榜 123,,,,,5,0,是,0,,0,,https://www.wust.edu.cn/
4142010489,长江大学,湖北省,荆州市,本科,,否,否,否,否,现役候选,是,2026软科主榜 184,2026软科主榜 184,,,,,8,0,是,0,,0,,https://www.yangtzeu.edu.cn/
4142010490,武汉工程大学,湖北省,武汉市,本科,,否,否,否,否,现役候选,是,2026软科主榜 169,2026软科主榜 169,,,,,3,0,是,0,,0,,https://www.wit.edu.cn/
4142010491,中国地质大学（武汉）,湖北省,武汉市,本科,,否,否,是,是,现役候选,是,2026软科主榜 56,2026软科主榜 56,,,,,2,0,是,0,,0,,https://www.cug.edu.cn/
4142010495,武汉纺织大学,湖北省,武汉市,本科,,否,否,否,否,现役候选,是,2026软科主榜 159,2026软科主榜 159,,,,,3,0,是,0,,0,,https://www.wtu.edu.cn/
4142010496,武汉轻工大学,湖北省,武汉市,本科,,否,否,否,否,现役候选,是,2026软科主榜 257,2026软科主榜 257,,,,,3,0,是,0,,0,,https://www.whpu.edu.cn/
4142010497,武汉理工大学,湖北省,武汉市,本科,,否,否,是,是,现役候选,是,2026软科主榜 54,2026软科主榜 54,,,,,3,0,是,0,,0,,https://www.whut.edu.cn/
4142010500,湖北工业大学,湖北省,武汉市,本科,,否,否,否,否,现役候选,是,2026软科主榜 162,2026软科主榜 162,,,,,1,0,是,0,,0,,https://www.hbut.edu.cn/
4142010504,华中农业大学,湖北省,武汉市,本科,,否,否,是,是,现役候选,是,2026软科主榜 45,2026软科主榜 45,,,,,1,0,是,0,,0,,https://www.hzau.edu.cn
4142010507,湖北中医药大学,湖北省,武汉市,本科,,否,否,否,否,现役候选,是,2026软科分类标签 中医14,2026软科分类标签 中医14,,,,,2,0,是,0,,0,,https://www.hbucm.edu.cn/
4142010511,华中师范大学,湖北省,武汉市,本科,,否,否,是,是,现役候选,是,2026软科主榜 53,2026软科主榜 53,,,,,2,0,是,0,,0,,https://www.ccnu.edu.cn
4142010512,湖北大学,湖北省,武汉市,本科,,否,否,否,否,现役候选,是,2026软科主榜 121,2026软科主榜 121,,,,,5,0,是,0,,0,,https://www.hubu.edu.cn/
4142010513,湖北师范大学,湖北省,黄石市,本科,,否,否,否,否,现役候选,是,2026软科主榜 312,2026软科主榜 312,,,,,2,0,是,0,,0,,https://www.hbnu.edu.cn
4142010514,黄冈师范学院,湖北省,黄冈市,本科,,否,否,否,否,现役候选,是,2026软科主榜 357,2026软科主榜 357,,,,,2,0,是,0,,0,,https://www.hgnu.edu.cn
4142010517,湖北民族大学,湖北省,恩施土家族苗族自治州,本科,,否,否,否,否,现役候选,是,2026软科分类标签 民13,2026软科分类标签 民13,,,,,2,0,是,0,,0,,https://www.hbmzu.edu.cn/
4142010518,汉江师范学院,湖北省,十堰市,本科,,否,否,否,否,现役候选,是,2026软科分类标签 500+,2026软科分类标签 500+,,,,,4,0,是,0,,0,,https://www.hjnu.edu.cn/
4142010519,湖北文理学院,湖北省,襄阳市,本科,,否,否,否,否,现役候选,是,2026软科主榜 372,2026软科主榜 372,,,,,1,0,是,0,,0,,http://www.hbuas.edu.cn
4142010520,中南财经政法大学,湖北省,武汉市,本科,,否,否,是,是,现役候选,是,2026软科分类标签 财4,2026软科分类标签 财4,,,,,3,0,是,0,,0,,https://www.zuel.edu.cn/
4142010522,武汉体育学院,湖北省,武汉市,本科,,否,否,否,否,现役候选,是,2026软科分类标签 体4,2026软科分类标签 体4,,,,,4,0,是,0,,0,,https://www.whsu.edu.cn/
4142010523,湖北美术学院,湖北省,武汉市,本科,,否,否,否,否,现役候选,是,,,,,,,4,0,是,0,,0,,https://www.hifa.edu.cn/
4142010524,中南民族大学,湖北省,武汉市,本科,,否,否,否,否,现役候选,是,2026软科分类标签 民2,2026软科分类标签 民2,,,,,1,0,是,0,,0,,https://www.scuec.edu.cn
4142010525,湖北汽车工业学院,湖北省,十堰市,本科,,否,否,否,否,现役候选,是,2026软科主榜 341,2026软科主榜 341,,,,,2,0,是,0,,0,,https://www.huat.edu.cn/
4142010528,湖北工程学院,湖北省,孝感市,本科,,否,否,否,否,现役候选,是,2026软科主榜 419,2026软科主榜 419,,,,,2,0,是,0,,0,,https://www.hbeu.edu.cn/
4142010920,湖北理工学院,湖北省,黄石市,本科,,否,否,否,否,现役候选,是,2026软科主榜 414,2026软科主榜 414,,,,,2,0,是,0,,0,,https://www.hbpu.edu.cn/
4142010927,湖北科技学院,湖北省,咸宁市,本科,,否,否,否,否,现役候选,是,2026软科主榜 372,2026软科主榜 372,,,,,2,0,是,0,,0,,https://www.hbust.edu.cn/
4142010929,湖北医药学院,湖北省,十堰市,本科,,否,否,否,否,现役候选,是,2026软科分类标签 医34,2026软科分类标签 医34,,,,,2,0,是,0,,0,,https://www.hbmu.edu.cn/
4142011072,江汉大学,湖北省,武汉市,本科,,否,否,否,否,现役候选,是,2026软科主榜 265,2026软科主榜 265,,,,,2,0,是,0,,0,,https://www.jhun.edu.cn/
4142011075,三峡大学,湖北省,宜昌市,本科,,否,否,否,否,现役候选,是,2026软科主榜 174,2026软科主榜 174,,,,,3,0,是,0,,0,,https://www.ctgu.edu.cn
4142011332,湖北警官学院,湖北省,武汉市,本科,,否,否,否,否,现役候选,是,2026软科分类标签 政27,2026软科分类标签 政27,,,,,5,0,是,0,,0,,https://www.hbpa.edu.cn/
4142011336,荆楚理工学院,湖北省,荆门市,本科,,否,否,否,否,现役候选,是,2026软科分类标签 500+,2026软科分类标签 500+,,,,,2,0,是,0,,0,,https://www.jcut.edu.cn/
4142011524,武汉音乐学院,湖北省,武汉市,本科,,否,否,否,否,现役候选,是,,,,,,,3,0,是,0,,0,,https://www.whcm.edu.cn/
4142011600,湖北经济学院,湖北省,武汉市,本科,,否,否,否,否,现役候选,是,2026软科分类标签 财25,2026软科分类标签 财25,,,,,2,0,是,0,,0,,https://www.hbue.edu.cn/
4142011654,武汉商学院,湖北省,武汉市,本科,,否,否,否,否,现役候选,是,2026软科分类标签 财46,2026软科分类标签 财46,,,,,4,0,是,0,,0,,https://www.wbu.edu.cn
4142011798,武汉东湖学院,湖北省,武汉市,本科,,是,否,否,否,现役候选,是,2026软科主榜 9,2026软科主榜 9,,,,,2,0,是,0,,0,,https://www.wdu.edu.cn
4142011800,汉口学院,湖北省,武汉市,本科,,是,否,否,否,现役候选,是,2026软科分类标签 100+,2026软科分类标签 100+,,,,,2,0,是,0,,0,,https://www.hkxy.edu.cn/
4142012309,武昌首义学院,湖北省,武汉市,本科,,是,否,否,否,现役候选,是,2026软科主榜 11,2026软科主榜 11,,,,,2,0,是,0,,0,,http://www.wsyu.edu.cn/
4142012310,武昌理工学院,湖北省,武汉市,本科,,是,否,否,否,现役候选,是,2026软科主榜 12,2026软科主榜 12,,,,,2,0,是,0,,0,,https://www.wut.edu.cn/
4142012362,武汉生物工程学院,湖北省,武汉市,本科,,是,否,否,否,现役候选,是,2026软科主榜 34,2026软科主榜 34,,,,,2,0,是,0,,0,,https://www.whsw.edu.cn/
4142013188,武汉晴川学院,湖北省,武汉市,本科,,是,否,否,否,现役候选,是,2026软科分类标签 100+,2026软科分类标签 100+,,,,,1,0,是,0,,0,,https://www.qcuwh.edu.cn/
4142013234,湖北大学知行学院,湖北省,武汉市,本科,,是,否,否,否,现役候选,是,,,,,,,1,0,是,0,,0,,https://www.hudazx.edu.cn/
4142013235,武汉城市学院,湖北省,武汉市,本科,,是,否,否,否,现役候选,是,2026软科分类标签 100+,2026软科分类标签 100+,,,,,2,0,是,0,,0,,https://www.wic.edu.cn/
4142013236,三峡大学科技学院,湖北省,宜昌市,本科,,是,否,否,否,现役候选,是,,,,,,,2,0,是,0,,0,,https://kjxy.ctgu.edu.cn/
4142013237,武汉文理学院,湖北省,武汉市,本科,,是,否,否,否,现役候选,是,2026软科分类标签 财27+,2026软科分类标签 财27+,,,,,1,0,是,0,,0,,https://www.whwl.edu.cn/
4142013238,湖北工业大学工程技术学院,湖北省,武汉市,本科,,是,否,否,否,现役候选,是,,,,,,,1,0,是,0,,0,,https://gcxy.hbut.edu.cn/
4142013239,武汉工程大学邮电与信息工程学院,湖北省,武汉市,本科,,是,否,否,否,现役候选,是,,,,,,,2,0,是,0,,0,,http://www.witpt.edu.cn/
4142013240,武汉纺织大学外经贸学院,湖北省,武汉市,本科,,是,否,否,否,现役候选,是,,,,,,,2,0,是,0,,0,,https://www.whcibe.com/
4142013241,武昌工学院,湖北省,武汉市,本科,,是,否,否,否,现役候选,是,2026软科分类标签 100+,2026软科分类标签 100+,,,,,1,0,是,0,,0,,https://www.wuit.cn/
4142013242,武汉工商学院,湖北省,武汉市,本科,,是,否,否,否,现役候选,是,2026软科分类标签 财5,2026软科分类标签 财5,,,,,1,0,是,0,,0,,https://www.wtbu.edu.cn/
4142013245,荆州学院,湖北省,荆州市,本科,,是,否,否,否,现役候选,是,2026软科分类标签 100+,2026软科分类标签 100+,,,,,1,0,是,0,,0,,https://www.jzun.edu.cn/
4142013246,长江大学文理学院,湖北省,荆州市,本科,,是,否,否,否,现役候选,是,,,,,,,2,0,是,0,,0,,https://wlxy.yangtzeu.edu.cn/
4142013247,湖北商贸学院,湖北省,武汉市,本科,,是,否,否,否,现役候选,是,2026软科分类标签 财27+,2026软科分类标签 财27+,,,,,2,0,是,0,,0,,https://www.hbc.edu.cn/
4142013248,湖北汽车工业学院科技学院,湖北省,十堰市,本科,,是,否,否,否,现役候选,是,,,,,,,1,0,是,0,,0,,https://kjxy.huat.edu.cn/
4142013249,湖北医药学院药护学院,湖北省,十堰市,本科,,是,否,否,否,现役候选,是,,,,,,,2,0,是,0,,0,,https://yhgj.hbmu.edu.cn/
4142013250,湖北恩施学院,湖北省,恩施土家族苗族自治州,本科,,是,否,否,否,现役候选,是,2026软科分类标签 100+,2026软科分类标签 100+,,,,,1,0,是,0,,0,,https://www.hbesxy.edu.cn
4142013251,湖北经济学院法商学院,湖北省,武汉市,本科,,是,否,否,否,现役候选,是,,,,,,,1,0,是,0,,0,,https://www.hbfs.edu.cn/
4142013253,武汉体育学院体育科技学院,湖北省,武汉市,本科,,是,否,否,否,现役候选,是,,,,,,,1,0,是,0,,0,,https://kjxy.whsu.edu.cn/
4142013256,湖北师范大学文理学院,湖北省,黄石市,本科,,是,否,否,否,现役候选,是,,,,,,,1,0,是,0,,0,,https://wlxy.hbnu.edu.cn/
4142013257,湖北文理学院理工学院,湖北省,襄阳市,本科,,是,否,否,否,现役候选,是,,,,,,,1,0,是,0,,0,,https://www.hbasstu.net/
4142013258,湖北工程学院新技术学院,湖北省,孝感市,本科,,是,否,否,否,现役候选,是,,,,,,,2,0,是,0,,0,,https://www.hbeutc.cn/
4142013262,文华学院,湖北省,武汉市,本科,,是,否,否,否,现役候选,是,2026软科主榜 43,2026软科主榜 43,,,,,1,0,是,0,,0,,https://www.hustwenhua.net/
4142013634,武汉学院,湖北省,武汉市,本科,,是,否,否,否,现役候选,是,2026软科分类标签 财12,2026软科分类标签 财12,,,,,1,0,是,0,,0,,https://www.whxy.edu.cn/
4142013664,武汉工程科技学院,湖北省,武汉市,本科,,是,否,否,否,现役候选,是,2026软科分类标签 100+,2026软科分类标签 100+,,,,,2,0,是,0,,0,,https://www.wuhues.com/
4142013666,武汉华夏理工学院,湖北省,武汉市,本科,,是,否,否,否,现役候选,是,2026软科分类标签 100+,2026软科分类标签 100+,,,,,2,0,是,0,,0,,http://www.whhxit.edu.cn/
4142013686,武汉传媒学院,湖北省,武汉市,本科,,是,否,否,否,现役候选,是,,,,,,,2,0,是,0,,0,,http://www.whmc.edu.cn
4142014035,武汉设计工程学院,湖北省,武汉市,本科,,是,否,否,否,现役候选,是,2026软科分类标签 100+,2026软科分类标签 100+,,,,,2,0,是,0,,0,,https://www.wids.edu.cn/
4142014099,湖北第二师范学院,湖北省,武汉市,本科,,否,否,否,否,现役候选,是,2026软科主榜 364,2026软科主榜 364,,,,,2,0,是,0,,0,,https://www.hue.edu.cn/
4142010834,武汉职业技术大学,湖北省,武汉市,本科,,否,否,否,否,现役候选,是,,,,,,,3,0,是,0,,0,,https://www.wtc.edu.cn/
4142014899,湖北三峡航空学院,湖北省,宜昌市,本科,,是,否,否,否,现役候选,是,,,,,,,1,0,是,0,,0,,http://www.tgai.edu.cn/
4142010955,黄冈职业技术大学,湖北省,黄冈市,本科,,否,否,否,否,现役候选,是,,,,,,,2,0,是,0,,0,,https://hbhgzy.com.cn
4142012354,襄阳职业技术大学,湖北省,襄阳市,本科,,否,否,否,否,现役候选,是,,,,,,,1,0,是,0,,0,,https://www.hbxytc.cn/
4142014950,网络空间安全学院,湖北省,武汉市,本科,,否,否,否,否,现役候选,是,,,,,,,1,0,是,0,,0,,http://www.csuc.edu.cn
4142012979,湖北三峡职业技术大学,湖北省,宜昌市,本科,,否,否,否,否,现役候选,是,,,,,,,2,0,是,0,,0,,https://www.tgc.edu.cn/
4142010956,长江职业学院,湖北省,武汉市,专科,,否,否,否,否,现役候选,是,,,,,,,2,0,是,0,,0,,https://www.cjxy.edu.cn/
4142011074,荆州理工职业学院,湖北省,荆州市,专科,,否,否,否,否,现役候选,是,,,,,,,1,0,是,0,,0,,https://www.jzlg.edu.cn/index.html
4142011334,湖北工业职业技术学院,湖北省,十堰市,专科,,否,否,否,否,现役候选,是,,,,,,,2,0,是,0,,0,,https://www.hbgyzy.edu.cn/
4142011335,鄂州职业大学,湖北省,鄂州市,专科,,否,否,否,否,现役候选,是,,,,,,,2,0,是,0,,0,,https://www.ezu.cn/
4142011796,武汉城市职业学院,湖北省,武汉市,专科,,否,否,否,否,现役候选,是,,,,,,,2,0,是,0,,0,,https://www.whcp.edu.cn/
4142012051,湖北职业技术学院,湖北省,孝感市,专科,,否,否,否,否,现役候选,是,,,,,,,3,0,是,0,,0,,https://www.hbvtc.edu.cn/
4142012052,武汉船舶职业技术学院,湖北省,武汉市,专科,,否,否,否,否,现役候选,是,,,,,,,1,0,是,0,,0,,https://www.wspc.edu.cn/
4142012347,恩施职业技术学院,湖北省,恩施土家族苗族自治州,专科,,否,否,否,否,现役候选,是,,,,,,,1,0,是,0,,0,,https://www.eszy.edu.cn
4142012369,武汉工贸职业学院,湖北省,武汉市,专科,,是,否,否,否,现役候选,是,,,,,,,1,0,是,0,,0,,http://www.whgmxy.edu.cn/
4142012737,荆州职业技术学院,湖北省,荆州市,专科,,否,否,否,否,现役候选,是,,,,,,,2,0,是,0,,0,,https://www.jzvt.edu.cn/
4142012738,武汉工程职业技术学院,湖北省,武汉市,专科,,否,否,否,否,现役候选,是,,,,,,,6,0,是,0,,0,,https://www.wgxy.edu.cn/
4142012740,仙桃职业学院,湖北省,仙桃市,专科,,否,否,否,否,现役候选,是,,,,,,,1,0,是,0,,0,,https://www.hbxtzy.edu.cn/
4142012744,湖北轻工职业技术学院,湖北省,武汉市,专科,,否,否,否,否,现役候选,是,,,,,,,1,0,是,0,,0,,http://www.hbliti.edu.cn/
4142012752,湖北交通职业技术学院,湖北省,武汉市,专科,,否,否,否,否,现役候选,是,,,,,,,4,0,是,0,,0,,https://www.hbctc.edu.cn/
4142012951,湖北中医药高等专科学校,湖北省,荆州市,专科,,否,否,否,否,现役候选,是,,,,,,,3,0,是,0,,0,,http://www.hbzyy.edu.cn/
4142012952,武汉航海职业技术学院,湖北省,武汉市,专科,,否,否,否,否,现役候选,是,,,,,,,2,0,是,0,,0,,http://www.whhhxy.com/
4142012977,武汉铁路职业技术学院,湖北省,武汉市,专科,,否,否,否,否,现役候选,是,,,,,,,1,0,是,0,,0,,https://www.wru.edu.cn
4142012978,武汉软件工程职业学院,湖北省,武汉市,专科,,否,否,否,否,现役候选,是,,,,,,,3,0,是,0,,0,,https://www.whvcse.edu.cn/
4142012980,随州职业技术学院,湖北省,随州市,专科,,否,否,否,否,现役候选,是,,,,,,,2,0,是,0,,0,,https://www.szvtc.cn/
4142012981,武汉电力职业技术学院,湖北省,武汉市,专科,,否,否,否,否,现役候选,是,,,,,,,1,0,是,0,,0,,https://www.whetc.com/
4142012982,湖北水利水电职业技术学院,湖北省,武汉市,专科,,否,否,否,否,现役候选,是,,,,,,,3,0,是,0,,0,,http://www.hbsy.cn
4142012983,湖北城市建设职业技术学院,湖北省,武汉市,专科,,否,否,否,否,现役候选,是,,,,,,,2,0,是,0,,0,,https://www.hbucvc.edu.cn/
4142012984,武汉警官职业学院,湖北省,武汉市,专科,,否,否,否,否,现役候选,是,,,,,,,2,0,是,0,,0,,https://www.whpa.cn/
4142012985,湖北生物科技职业学院,湖北省,武汉市,专科,,否,否,否,否,现役候选,是,,,,,,,1,0,是,0,,0,,http://www.hbskzy.cn/
4142012986,湖北开放职业学院,湖北省,武汉市,专科,,是,否,否,否,现役候选,是,,,,,,,1,0,是,0,,0,,https://www.hbou.cn/
4142012987,武汉科技职业学院,湖北省,武汉市,专科,,是,否,否,否,现役候选,是,,,,,,,1,0,是,0,,0,,http://www.whkjz.com/
4142012988,武汉外语外事职业学院,湖北省,武汉市,专科,,是,否,否,否,现役候选,是,,,,,,,1,0,是,0,,0,,https://www.wifa.edu.cn/
4142012989,武汉信息传播职业技术学院,湖北省,武汉市,专科,,是,否,否,否,现役候选,是,,,,,,,1,0,是,0,,0,,https://www.whinfo.cn/
4142012990,武昌职业学院,湖北省,武汉市,专科,,是,否,否,否,现役候选,是,,,,,,,1,0,是,0,,0,,https://www.wczy.edu.cn/
4142012991,武汉商贸职业学院,湖北省,武汉市,专科,,是,否,否,否,现役候选,是,,,,,,,3,0,是,0,,0,,https://www.whicu.com
4142013263,湖北艺术职业学院,湖北省,武汉市,专科,,否,否,否,否,现役候选,是,,,,,,,3,0,是,0,,0,,https://www.hca.edu.cn/
4142013264,武汉交通职业学院,湖北省,武汉市,专科,,否,否,否,否,现役候选,是,,,,,,,1,0,是,0,,0,,https://www.whtcc.edu.cn/
4142013265,咸宁职业技术学院,湖北省,咸宁市,专科,,否,否,否,否,现役候选,是,,,,,,,2,0,是,0,,0,,https://www.xnec.cn/
4142013266,长江工程职业技术学院,湖北省,武汉市,专科,,否,否,否,否,现役候选,是,,,,,,,2,0,是,0,,0,,https://www.cjit.edu.cn/
4142013793,江汉艺术职业学院,湖北省,潜江市,专科,,否,否,否,否,现役候选,是,,,,,,,1,0,是,0,,0,,https://www.hbjhart.cn/
4142013796,武汉民政职业学院,湖北省,武汉市,专科,,否,否,否,否,现役候选,是,,,,,,,1,0,是,0,,0,,https://www.whmzxy.edu.cn/
4142013797,湖北黄冈应急管理职业技术学院,湖北省,黄冈市,专科,,否,否,否,否,现役候选,是,,,,,,,1,0,是,0,,0,,http://www.hbpem.com/
4142013798,湖北财税职业学院,湖北省,武汉市,专科,,否,否,否,否,现役候选,是,,,,,,,1,0,是,0,,0,,https://www.hbcszyxy.edu.cn/
4142013799,黄冈科技职业学院,湖北省,黄冈市,专科,,是,否,否,否,现役候选,是,,,,,,,3,0,是,0,,0,,https://www.hbhgkj.edu.cn/
4142013800,湖北国土资源职业学院,湖北省,武汉市,专科,,否,否,否,否,现役候选,是,,,,,,,2,0,是,0,,0,,https://www.hbgt.edu.cn/
4142013801,湖北生态工程职业技术学院,湖北省,武汉市,专科,,否,否,否,否,现役候选,是,,,,,,,1,0,是,0,,0,,https://www.hb-green.com/
4142014061,三峡电力职业学院,湖北省,宜昌市,专科,,否,否,否,否,现役候选,是,,,,,,,2,0,是,0,,0,,http://www.tgcep.ceec.net.cn/
4142014119,湖北科技职业学院,湖北省,武汉市,专科,,否,否,否,否,现役候选,是,,,,,,,2,0,是,0,,0,,https://www.hubstc.com.cn/
4142014197,湖北工程职业学院,湖北省,黄石市,专科,,否,否,否,否,现役候选,是,,,,,,,2,0,是,0,,0,,http://www.hbei.com.cn/
4142014258,三峡旅游职业技术学院,湖北省,宜昌市,专科,,否,否,否,否,现役候选,是,,,,,,,2,0,是,0,,0,,http://www.sxlyzy.com.cn
4142014355,天门职业学院,湖北省,天门市,专科,,否,否,否,否,现役候选,是,,,,,,,1,0,是,0,,0,,http://www.tmzyxy.edu.cn/
4142014356,湖北体育职业学院,湖北省,武汉市,专科,,否,否,否,否,现役候选,是,,,,,,,1,0,是,0,,0,,https://www.hbtyzy.com
4142014357,襄阳汽车职业技术学院,湖北省,襄阳市,专科,,否,否,否,否,现役候选,是,,,,,,,2,0,是,0,,0,,https://www.xyqczy.edu.cn/
4142014467,湖北幼儿师范高等专科学校,湖北省,武汉市,专科,,否,否,否,否,现役候选,是,,,,,,,2,0,是,0,,0,,http://www.hbyz.edu.cn
4142014553,湖北铁道运输职业学院,湖北省,武汉市,专科,,否,否,否,否,现役候选,是,,,,,,,1,0,是,0,,0,,https://www.hcrt.edu.cn/
4142014554,武汉海事职业学院,湖北省,武汉市,专科,,否,否,否,否,现役候选,是,,,,,,,2,0,是,0,,0,,https://www.whmvc.net
4142014555,长江艺术工程职业学院,湖北省,荆州市,专科,,是,否,否,否,现役候选,是,,,,,,,3,0,是,0,,0,,http://www.cjchuanxi.com
4142014571,荆门职业学院,湖北省,荆门市,专科,,否,否,否,否,现役候选,是,,,,,,,1,0,是,0,,0,,https://jmvc.edu.cn/
4142014590,武汉铁路桥梁职业学院,湖北省,武汉市,专科,,否,否,否,否,现役候选,是,,,,,,,2,0,是,0,,0,,https://www.qlxyedu.com/
4142014591,武汉光谷职业学院,湖北省,武汉市,专科,,是,否,否,否,现役候选,是,,,,,,,1,0,是,0,,0,,https://www.whggvc.net
4142014721,湖北健康职业学院,湖北省,咸宁市,专科,,是,否,否,否,现役候选,是,,,,,,,1,0,是,0,,0,,https://www.hbhvc.edu.cn/
4142014755,湖北孝感美珈职业学院,湖北省,孝感市,专科,,是,否,否,否,现役候选,是,,,,,,,1,0,是,0,,0,,https://www.hbxgmgpi.edu.cn/
4142014832,襄阳科技职业学院,湖北省,襄阳市,专科,,否,否,否,否,现役候选,是,,,,,,,1,0,是,0,,0,,https://www.xykjzyxy.edu.cn
4142014833,宜昌科技职业学院,湖北省,宜昌市,专科,,否,否,否,否,现役候选,是,,,,,,,1,0,是,0,,0,,https://www.yckjzy.cn/
4142014866,荆门通用航空职业技术学院,湖北省,荆门市,专科,,否,否,否,否,现役候选,是,,,,,,,1,0,是,0,,0,,https://jmga.edu.cn/
4143010530,湘潭大学,湖南省,湘潭市,本科,,否,否,否,是,现役候选,是,2026软科主榜 117,2026软科主榜 117,,,,,2,0,是,0,,0,,https://www.xtu.edu.cn/
4143010531,吉首大学,湖南省,湘西土家族苗族自治州,本科,,否,否,否,否,现役候选,是,2026软科主榜 323,2026软科主榜 323,,,,,6,0,是,0,,0,,https://www.jsu.edu.cn/
4143010532,湖南大学,湖南省,长沙市,本科,,否,是,是,是,现役候选,是,2026软科主榜 31,2026软科主榜 31,,,,,2,0,是,0,,0,,https://www.hnu.edu.cn/
4143010533,中南大学,湖南省,长沙市,本科,,否,是,是,是,现役候选,是,2026软科主榜 27,2026软科主榜 27,,,,,6,0,是,0,,0,,https://www.csu.edu.cn/
4143010534,湖南科技大学,湖南省,湘潭市,本科,,否,否,否,否,现役候选,是,2026软科主榜 189,2026软科主榜 189,,,,,3,0,是,0,,0,,https://www.hnust.edu.cn/
4143010536,长沙理工大学,湖南省,长沙市,本科,,否,否,否,否,现役候选,是,2026软科主榜 135,2026软科主榜 135,,,,,3,0,是,0,,0,,https://www.csust.edu.cn/
4143010537,湖南农业大学,湖南省,长沙市,本科,,否,否,否,否,现役候选,是,2026软科主榜 166,2026软科主榜 166,,,,,2,0,是,0,,0,,https://www.hunau.edu.cn/
4143010538,中南林业科技大学,湖南省,长沙市,本科,,否,否,否,否,现役候选,是,2026软科主榜 219,2026软科主榜 219,,,,,2,0,是,0,,0,,https://www.csuft.edu.cn/
4143010541,湖南中医药大学,湖南省,长沙市,本科,,否,否,否,否,现役候选,是,2026软科分类标签 中医9,2026软科分类标签 中医9,,,,,3,0,是,0,,0,,https://www.hnucm.edu.cn/
4143010542,湖南师范大学,湖南省,长沙市,本科,,否,否,是,是,现役候选,是,2026软科主榜 92,2026软科主榜 92,,,,,5,0,是,0,,0,,https://www.hunnu.edu.cn/
4143010543,湖南理工大学,湖南省,岳阳市,本科,,否,否,否,否,现役候选,是,2026软科主榜 310,2026软科主榜 310,,,,,1,0,是,0,,0,,https://www.hnist.cn
4143010545,湘南学院,湖南省,郴州市,本科,,否,否,否,否,现役候选,是,2026软科主榜 405,2026软科主榜 405,,,,,2,0,是,0,,0,,https://www.xnu.edu.cn/
4143010546,衡阳师范学院,湖南省,衡阳市,本科,,否,否,否,否,现役候选,是,2026软科主榜 406,2026软科主榜 406,,,,,2,0,是,0,,0,,https://www.hynu.edu.cn/
4143010547,邵阳学院,湖南省,邵阳市,本科,,否,否,否,否,现役候选,是,2026软科主榜 438,2026软科主榜 438,,,,,8,0,是,0,,0,,https://www.hnsyu.edu.cn/
4143010548,怀化学院,湖南省,怀化市,本科,,否,否,否,否,现役候选,是,2026软科主榜 436,2026软科主榜 436,,,,,5,0,是,0,,0,,https://www.hhtc.edu.cn/
4143010549,湖南文理学院,湖南省,常德市,本科,,否,否,否,否,现役候选,是,2026软科主榜 455,2026软科主榜 455,,,,,2,0,是,0,,0,,https://www.huas.edu.cn
4143010551,湖南科技学院,湖南省,永州市,本科,,否,否,否,否,现役候选,是,2026软科主榜 462,2026软科主榜 462,,,,,1,0,是,0,,0,,https://www.huse.edu.cn
4143010553,湖南人文科技学院,湖南省,娄底市,本科,,否,否,否,否,现役候选,是,2026软科主榜 490,2026软科主榜 490,,,,,2,0,是,0,,0,,https://www.huhst.edu.cn/
4143010554,湖南工商大学,湖南省,长沙市,本科,,否,否,否,否,现役候选,是,2026软科分类标签 财26,2026软科分类标签 财26,,,,,4,0,是,0,,0,,https://www.hutb.edu.cn/
4143010555,南华大学,湖南省,衡阳市,本科,,否,否,否,否,现役候选,是,2026软科主榜 198,2026软科主榜 198,,,,,4,0,是,0,,0,,https://www.usc.edu.cn/
4143010823,长沙医学院,湖南省,长沙市,本科,,是,否,否,否,现役候选,是,2026软科主榜 59,2026软科主榜 59,,,,,3,0,是,0,,0,,https://www.csmu.edu.cn/
4143011077,长沙学院,湖南省,长沙市,本科,,否,否,否,否,现役候选,是,2026软科主榜 328,2026软科主榜 328,,,,,1,0,是,0,,0,,http://www.ccsu.cn/
4143011342,湖南工程学院,湖南省,湘潭市,本科,,否,否,否,否,现役候选,是,2026软科主榜 406,2026软科主榜 406,,,,,2,0,是,0,,0,,https://www.hnie.edu.cn/
4143011527,湖南城市学院,湖南省,益阳市,本科,,否,否,否,否,现役候选,是,2026软科主榜 463,2026软科主榜 463,,,,,3,0,是,0,,0,,https://www.hncu.edu.cn/
4143011528,湖南工学院,湖南省,衡阳市,本科,,否,否,否,否,现役候选,是,2026软科主榜 471,2026软科主榜 471,,,,,1,0,是,0,,0,,https://www.hnit.edu.cn/
4143011532,湖南财政经济学院,湖南省,长沙市,本科,,否,否,否,否,现役候选,是,2026软科分类标签 财43,2026软科分类标签 财43,,,,,3,0,是,0,,0,,https://www.hufe.edu.cn/
4143011534,湖南警察学院,湖南省,长沙市,本科,,否,否,否,否,现役候选,是,2026软科分类标签 政28,2026软科分类标签 政28,,,,,2,0,是,0,,0,,https://www.hnpolice.com/
4143011535,湖南工业大学,湖南省,株洲市,本科,,否,否,否,否,现役候选,是,2026软科主榜 293,2026软科主榜 293,,,,,3,0,是,0,,0,,https://www.hut.edu.cn/
4143011538,湖南女子学院,湖南省,长沙市,本科,,否,否,否,否,现役候选,是,2026软科分类标签 语14+,2026软科分类标签 语14+,,,,,2,0,是,0,,0,,http://www.hnwu.edu.cn/
4143012034,湖南第一师范学院,湖南省,长沙市,本科,,否,否,否,否,现役候选,是,2026软科主榜 346,2026软科主榜 346,,,,,2,0,是,0,,0,,https://www.hnfnu.edu.cn/
4143012214,湖南医药学院,湖南省,怀化市,本科,,否,否,否,否,现役候选,是,2026软科分类标签 医56+,2026软科分类标签 医56+,,,,,4,0,是,0,,0,,http://www.hnmu.com.cn/
4143012303,湖南涉外经济学院,湖南省,长沙市,本科,,是,否,否,否,现役候选,是,2026软科分类标签 财11,2026软科分类标签 财11,,,,,2,0,是,0,,0,,http://www.hieu.edu.cn/
4143012599,湘潭大学兴湘学院,湖南省,湘潭市,本科,,是,否,否,否,现役候选,是,,,,,,,1,0,是,0,,0,,
4143012604,湖南工业大学科技学院,湖南省,株洲市,本科,,是,否,否,否,现役候选,是,,,,,,,1,0,是,0,,0,,https://kjxy.hut.edu.cn/
4143012649,湖南科技大学潇湘学院,湖南省,湘潭市,本科,,是,否,否,否,现役候选,是,,,,,,,1,0,是,0,,0,,https://xxxy.hnust.edu.cn/
4143012650,南华大学船山学院,湖南省,衡阳市,本科,,是,否,否,否,现役候选,是,,,,,,,1,0,是,0,,0,,https://csxy.usc.edu.cn
4143012651,湘潭理工学院,湖南省,湘潭市,本科,,是,否,否,否,现役候选,是,2026软科分类标签 财27+,2026软科分类标签 财27+,,,,,1,0,是,0,,0,,https://www.xtit.edu.cn/
4143012652,长沙工业学院,湖南省,长沙市,本科,,否,否,否,否,现役候选,是,2026软科分类标签 500+,2026软科分类标签 500+,,,,,1,0,是,0,,0,,https://www.hncsut.cn/
4143012653,湖南农业大学东方科技学院,湖南省,长沙市,本科,,是,否,否,否,现役候选,是,,,,,,,1,0,是,0,,0,,https://zhxy.hunau.edu.cn/
4143012656,中南林业科技大学涉外学院,湖南省,长沙市,本科,,是,否,否,否,现役候选,是,,,,,,,2,0,是,0,,0,,https://swxy.csuft.edu.cn/
4143012657,常德学院,湖南省,常德市,本科,,是,否,否,否,现役候选,是,2026软科分类标签 100+,2026软科分类标签 100+,,,,,1,0,是,0,,0,,http://www.changdecollege.cn/
4143012658,岳阳学院,湖南省,岳阳市,本科,,是,否,否,否,现役候选,是,2026软科分类标签 100+,2026软科分类标签 100+,,,,,1,0,是,0,,0,,http://www.yyu.edu.cn
4143012659,衡阳师范学院南岳学院,湖南省,衡阳市,本科,,是,否,否,否,现役候选,是,,,,,,,2,0,是,0,,0,,https://nyxy.hynu.edu.cn/
4143012660,湖南工程学院应用技术学院,湖南省,湘潭市,本科,,是,否,否,否,现役候选,是,,,,,,,2,0,是,0,,0,,https://hnieyy.hnie.edu.cn/
4143012661,湖南中医药大学湘杏学院,湖南省,长沙市,本科,,是,否,否,否,现役候选,是,,,,,,,2,0,是,0,,0,,https://xxxy.hnucm.edu.cn/
4143012662,张家界学院,湖南省,张家界市,本科,,是,否,否,否,现役候选,是,2026软科分类标签 100+,2026软科分类标签 100+,,,,,1,0,是,0,,0,,https://www.zjjc.edu.cn/
4143013635,长沙理工大学城南学院,湖南省,长沙市,本科,,是,否,否,否,现役候选,是,,,,,,,1,0,是,0,,0,,https://www.csust.edu.cn/cnxy/
4143013806,长沙师范学院,湖南省,长沙市,本科,,否,否,否,否,现役候选,是,2026软科分类标签 500+,2026软科分类标签 500+,,,,,4,0,是,0,,0,,http://www.cssf.cn/p1/index.html
4143013809,湖南应用技术学院,湖南省,常德市,本科,,是,否,否,否,现役候选,是,2026软科分类标签 100+,2026软科分类标签 100+,,,,,3,0,是,0,,0,,https://www.hatu.edu.cn/
4143013836,湖南信息学院,湖南省,长沙市,本科,,是,否,否,否,现役候选,是,2026软科分类标签 100+,2026软科分类标签 100+,,,,,2,0,是,0,,0,,https://www.hnuit.edu.cn/p1/index.html
4143013924,湖南交通工程学院,湖南省,衡阳市,本科,,是,否,否,否,现役候选,是,2026软科分类标签 100+,2026软科分类标签 100+,,,,,2,0,是,0,,0,,https://www.hnjt.edu.cn/
4143013925,湖南软件职业技术大学,湖南省,湘潭市,本科,,是,否,否,否,现役候选,是,,,,,,,2,0,是,0,,0,,http://www.hnsoftedu.com/
4143013937,湖南汽车工程职业大学,湖南省,株洲市,本科,,否,否,否,否,现役候选,是,,,,,,,2,0,是,0,,0,,https://www.hnae.edu.cn/
4143014900,长沙科技学院,湖南省,长沙市,本科,,是,否,否,否,现役候选,是,,,,,,,1,0,是,0,,0,,http://www.csuse.edu.cn
4143014983,长沙健康学院,湖南省,长沙市,本科,,是,否,否,否,现役候选,是,,,,,,,1,1,是,0,,0,,
4143013921,湖南工艺美术职业大学,湖南省,益阳市,本科,,否,否,否,否,现役候选,是,,,,,,,3,0,是,0,,0,,https://www.hnmeida.com.cn/
4143013043,湖南化工职业技术大学,湖南省,株洲市,本科,,否,否,否,否,现役候选,是,,,,,,,3,0,是,0,,0,,https://www.hnhgzy.com/
3643000496,湘中幼儿师范高等专科学校,湖南省,邵阳市,专科,,否,否,否,否,现役候选,是,,,,,,,2,0,是,0,,0,,https://www.xzyesf.cn/
4143010827,长沙民政职业技术学院,湖南省,长沙市,专科,,否,否,否,否,现役候选,是,,,,,,,2,0,是,0,,0,,https://www.csmzxy.edu.cn/
4143010830,湖南工业职业技术学院,湖南省,长沙市,专科,,否,否,否,否,现役候选,是,,,,,,,2,0,是,0,,0,,http://www.hunangy.com
4143010836,株洲师范高等专科学校,湖南省,株洲市,专科,,否,否,否,否,现役候选,是,,,,,,,2,0,是,0,,0,,https://www.hnzzsz.com/
4143010865,湖南信息职业技术学院,湖南省,长沙市,专科,,否,否,否,否,现役候选,是,,,,,,,2,0,是,0,,0,,https://www.hniu.cn/
4143011601,湖南税务高等专科学校,湖南省,长沙市,专科,,否,否,否,否,现役候选,是,,,,,,,1,0,是,0,,0,,
4143011604,湖南冶金职业技术学院,湖南省,株洲市,专科,,否,否,否,否,已并入湖南工业大学,否,,,,,,,0,0,否,0,,0,,
4143012055,长沙航空职业技术学院,湖南省,长沙市,专科,,否,否,否,否,现役候选,是,,,,,,,3,0,是,0,,0,,https://www.cavtc.cn/
4143012300,湖南大众传媒职业技术学院,湖南省,长沙市,专科,,否,否,否,否,现役候选,是,,,,,,,2,0,是,0,,0,,http://www.hnmmc.cn/
4143012301,永州职业技术学院,湖南省,永州市,专科,,否,否,否,否,现役候选,是,,,,,,,4,0,是,0,,0,,https://www.yongzhouzhiyuan.cn/
4143012302,湖南铁道职业技术学院,湖南省,株洲市,专科,,否,否,否,否,现役候选,是,,,,,,,4,0,是,0,,0,,http://www.hnrpc.com/
4143012304,湖南科技职业学院,湖南省,长沙市,专科,,否,否,否,否,现役候选,是,,,,,,,3,0,是,0,,0,,https://www.hnkjzy.edu.cn/
4143012343,湖南生物机电职业技术学院,湖南省,长沙市,专科,,否,否,否,否,现役候选,是,,,,,,,4,0,是,0,,0,,https://www.hnbemc.edu.cn/
4143012397,湖南交通职业技术学院,湖南省,长沙市,专科,,否,否,否,否,现役候选,是,,,,,,,2,0,是,0,,0,,https://www.hnjtzy.com.cn/
4143012401,湖南商务职业技术学院,湖南省,长沙市,专科,,否,否,否,否,现役候选,是,,,,,,,3,0,是,0,,0,,https://www.hnvcc.edu.cn/
4143012423,湖南体育职业学院,湖南省,长沙市,专科,,否,否,否,否,现役候选,是,,,,,,,2,0,是,0,,0,,https://www.hntyxy.net/index
4143012425,湖南工程职业技术学院,湖南省,长沙市,专科,,否,否,否,否,现役候选,是,,,,,,,2,0,是,0,,0,,https://www.hngczy.cn/
4143012596,保险职业学院,湖南省,长沙市,专科,,否,否,否,否,现役候选,是,,,,,,,1,0,是,0,,0,,https://www.bxxy.com
4143012597,湖南外贸职业学院,湖南省,长沙市,专科,,否,否,否,否,现役候选,是,,,,,,,2,0,是,0,,0,,https://www.hnwmxy.com/index.html
4143012598,湖南网络工程职业学院,湖南省,长沙市,专科,,否,否,否,否,现役候选,是,,,,,,,2,0,是,0,,0,,https://www.hnou.edu.cn/
4143012600,邵阳职业技术学院,湖南省,邵阳市,专科,,否,否,否,否,现役候选,是,,,,,,,1,0,是,0,,0,,https://www.syzyedu.com/
4143012601,湖南司法警官职业学院,湖南省,长沙市,专科,,否,否,否,否,现役候选,是,,,,,,,1,0,是,0,,0,,https://www.hnsfjy.cn/page/default.aspx
4143012603,长沙商贸旅游职业技术学院,湖南省,长沙市,专科,,否,否,否,否,现役候选,是,,,,,,,1,0,是,0,,0,,https://www.hncpu.com/
4143012739,湖南环境生物职业技术学院,湖南省,衡阳市,专科,,否,否,否,否,现役候选,是,,,,,,,2,0,是,0,,0,,https://www.hnebp.edu.cn/
4143012845,湖南邮电职业技术学院,湖南省,长沙市,专科,,否,否,否,否,现役候选,是,,,,,,,2,0,是,0,,0,,https://www.hnptc.edu.cn/
4143012846,湘潭医卫职业技术学院,湖南省,湘潭市,专科,,否,否,否,否,现役候选,是,,,,,,,3,0,是,0,,0,,https://www.xtzy.com/
4143012847,郴州职业技术学院,湖南省,郴州市,专科,,否,否,否,否,现役候选,是,,,,,,,2,0,是,0,,0,,https://www.czzy-edu.com
4143012848,娄底职业技术学院,湖南省,娄底市,专科,,否,否,否,否,现役候选,是,,,,,,,2,0,是,0,,0,,https://www.ldzy.edu.cn/
4143012849,张家界航空工业职业技术学院,湖南省,张家界市,专科,,否,否,否,否,现役候选,是,,,,,,,2,0,是,0,,0,,https://www.zjjhy.edu.cn/
4143013031,长沙环境保护职业技术学院,湖南省,长沙市,专科,,否,否,否,否,现役候选,是,,,,,,,2,0,是,0,,0,,https://www.hbcollege.com.cn/p1/index.html
4143013032,湖南艺术职业学院,湖南省,长沙市,专科,,否,否,否,否,现役候选,是,,,,,,,2,0,是,0,,0,,https://www.arthn.com/
4143013033,湖南机电职业技术学院,湖南省,长沙市,专科,,否,否,否,否,现役候选,是,,,,,,,2,0,是,0,,0,,https://www.hnjdzy.edu.cn/
4143013036,长沙职业技术学院,湖南省,长沙市,专科,,否,否,否,否,现役候选,是,,,,,,,3,0,是,0,,0,,https://www.cszyedu.cn/
4143013037,怀化职业技术学院,湖南省,怀化市,专科,,否,否,否,否,现役候选,是,,,,,,,2,0,是,0,,0,,http://www.hhvtc.com.cn
4143013038,岳阳职业技术学院,湖南省,岳阳市,专科,,否,否,否,否,现役候选,是,,,,,,,4,0,是,0,,0,,https://www.yvtc.edu.cn/
4143013039,常德职业技术学院,湖南省,常德市,专科,,否,否,否,否,现役候选,是,,,,,,,1,0,是,0,,0,,https://www.cdzy.cn/
4143013041,长沙南方职业学院,湖南省,长沙市,专科,,是,否,否,否,现役候选,是,,,,,,,2,0,是,0,,0,,https://www.nfdx.net/
4143013042,潇湘职业学院,湖南省,娄底市,专科,,是,否,否,否,现役候选,是,,,,,,,2,0,是,0,,0,,https://www.hnxxc.com/
4143013044,湖南城建职业技术学院,湖南省,湘潭市,专科,,否,否,否,否,现役候选,是,,,,,,,3,0,是,0,,0,,https://www.hnucc.com/
4143013045,湖南石油化工职业技术学院,湖南省,岳阳市,专科,,否,否,否,否,现役候选,是,,,,,,,2,0,是,0,,0,,https://www.hnshzy.cn/
4143013802,湖南中医药高等专科学校,湖南省,株洲市,专科,,否,否,否,否,现役候选,是,,,,,,,3,0,是,0,,0,,http://www.hntcmc.net
4143013804,湖南民族职业学院,湖南省,岳阳市,专科,,否,否,否,否,现役候选,是,,,,,,,2,0,是,0,,0,,https://www.hnvc.net.cn/
4143013805,湘西民族职业技术学院,湖南省,湘西土家族苗族自治州,专科,,否,否,否,否,现役候选,是,,,,,,,1,0,是,0,,0,,https://www.xxmzy.org.cn/
4143013807,湖南财经工业职业技术学院,湖南省,衡阳市,专科,,否,否,否,否,现役候选,是,,,,,,,1,0,是,0,,0,,http://www.hycgy.com/
4143013808,益阳职业技术学院,湖南省,益阳市,专科,,否,否,否,否,现役候选,是,,,,,,,3,0,是,0,,0,,https://www.yyvtc.cn/
4143013922,湖南九嶷职业技术学院,湖南省,永州市,专科,,否,否,否,否,现役候选,是,,,,,,,1,0,是,0,,0,,http://www.hnxxjsxy.com
4143013923,湖南理工职业技术学院,湖南省,湘潭市,专科,,否,否,否,否,现役候选,是,,,,,,,3,0,是,0,,0,,https://www.xlgy.com/
4143013938,长沙电力职业技术学院,湖南省,长沙市,专科,,否,否,否,否,现役候选,是,,,,,,,1,0,是,0,,0,,http://www.cseptc.net/
4143013939,湖南水利水电职业技术学院,湖南省,长沙市,专科,,否,否,否,否,现役候选,是,,,,,,,2,0,是,0,,0,,https://www.hnslsdxy.com
4143013940,湖南现代物流职业技术学院,湖南省,长沙市,专科,,否,否,否,否,现役候选,是,,,,,,,2,0,是,0,,0,,https://www.hmlc.edu.cn/
4143013941,湖南高速铁路职业技术学院,湖南省,衡阳市,专科,,否,否,否,否,现役候选,是,,,,,,,2,0,是,0,,0,,https://www.htcrh.com/
4143013942,湖南铁路科技职业技术学院,湖南省,株洲市,专科,,否,否,否,否,现役候选,是,,,,,,,4,0,是,0,,0,,https://www.hntky.com/
4143014025,湖南安全技术职业学院,湖南省,长沙市,专科,,否,否,否,否,现役候选,是,,,,,,,1,0,是,0,,0,,https://www.hnvist.cn/
4143014071,湖南电气职业技术学院,湖南省,湘潭市,专科,,否,否,否,否,现役候选,是,,,,,,,2,0,是,0,,0,,http://www.hndq.edu.cn/
4143014072,湖南外国语职业学院,湖南省,长沙市,专科,,是,否,否,否,现役候选,是,,,,,,,3,0,是,0,,0,,https://www.huwai.edu.cn/
4143014097,益阳医学高等专科学校,湖南省,益阳市,专科,,否,否,否,否,现役候选,是,,,,,,,2,0,是,0,,0,,https://www.hnyyyz.com
4143014121,湖南都市职业学院,湖南省,长沙市,专科,,是,否,否,否,现役候选,是,,,,,,,2,0,是,0,,0,,http://www.hnupc.com/
4143014122,湖南电子科技职业学院,湖南省,长沙市,专科,,是,否,否,否,现役候选,是,,,,,,,3,0,是,0,,0,,http://www.dzkjxy.cn/
4143014182,湖南国防工业职业技术学院,湖南省,湘潭市,专科,,否,否,否,否,现役候选,是,,,,,,,2,0,是,0,,0,,https://www.hngfxy.com/
4143014309,湖南高尔夫旅游职业学院,湖南省,常德市,专科,,是,否,否,否,现役候选,是,,,,,,,2,0,是,0,,0,,https://www.hngolfedu.cn/
4143014310,湖南工商职业学院,湖南省,衡阳市,专科,,是,否,否,否,现役候选,是,,,,,,,2,0,是,0,,0,,https://www.hngsxy.com/
4143014322,湖南三一工业职业技术学院,湖南省,长沙市,专科,,是,否,否,否,现役候选,是,,,,,,,1,0,是,0,,0,,https://www.sanyedu.com/
4143014358,长沙卫生职业学院,湖南省,长沙市,专科,,否,否,否,否,现役候选,是,,,,,,,1,0,是,0,,0,,https://www.cswszy.com/
4143014359,湖南食品药品职业学院,湖南省,长沙市,专科,,否,否,否,否,现役候选,是,,,,,,,1,0,是,0,,0,,https://www.hnyzy.cn
4143014360,湖南有色金属职业技术学院,湖南省,株洲市,专科,,否,否,否,否,现役候选,是,,,,,,,3,0,是,0,,0,,https://www.hnyszy.com.cn
4143014406,湖南吉利汽车职业技术学院,湖南省,湘潭市,专科,,是,否,否,否,现役候选,是,,,,,,,1,0,是,0,,0,,http://www.hnqczy.cn/
4143014468,湖南幼儿师范高等专科学校,湖南省,常德市,专科,,否,否,否,否,现役候选,是,,,,,,,2,0,是,0,,0,,https://www.hnyesf.com/
4143014495,湘南幼儿师范高等专科学校,湖南省,郴州市,专科,,否,否,否,否,现役候选,是,,,,,,,2,0,是,0,,0,,http://www.xnyesz.com/
4143014508,湖南劳动人事职业学院,湖南省,长沙市,专科,,否,否,否,否,现役候选,是,,,,,,,2,0,是,0,,0,,http://www.hnlrzy.cn/
4143014663,怀化师范高等专科学校,湖南省,怀化市,专科,,否,否,否,否,现役候选,是,,,,,,,2,0,是,0,,0,,http://www.hhsfgz.com/
4143014690,永州师范高等专科学校,湖南省,永州市,专科,,否,否,否,否,现役候选,是,,,,,,,1,0,是,0,,0,,http://www.hnyznc.com/
4143014691,衡阳幼儿师范高等专科学校,湖南省,衡阳市,专科,,否,否,否,否,现役候选,是,,,,,,,2,0,是,0,,0,,https://www.hyyesz.com/
4143014692,长沙幼儿师范高等专科学校,湖南省,长沙市,专科,,否,否,否,否,现役候选,是,,,,,,,1,0,是,0,,0,,https://www.csysgz.com/
4143014774,益阳师范高等专科学校,湖南省,益阳市,专科,,否,否,否,否,现役候选,是,,,,,,,1,0,是,0,,0,,https://www.newyishi.com/
4143014775,娄底幼儿师范高等专科学校,湖南省,娄底市,专科,,否,否,否,否,现役候选,是,,,,,,,1,0,是,0,,0,,https://www.ldyesz.edu.cn/
4143014814,常德科技职业技术学院,湖南省,常德市,专科,,否,否,否,否,现役候选,是,,,,,,,1,0,是,0,,0,,https://www.cdkjzy.com.cn/
4143014815,邵阳工业职业技术学院,湖南省,邵阳市,专科,,否,否,否,否,现役候选,是,,,,,,,1,0,是,0,,0,,https://www.sygyzy.edu.cn/
4143014816,长沙轨道交通职业学院,湖南省,长沙市,专科,,是,否,否,否,现役候选,是,,,,,,,1,0,是,0,,0,,http://www.csgdjtxy.cn/
4143014817,长沙文创艺术职业学院,湖南省,长沙市,专科,,是,否,否,否,现役候选,是,,,,,,,1,0,是,0,,0,,http://www.cswcxyedu.cn/
4143014818,岳阳现代服务职业学院,湖南省,岳阳市,专科,,是,否,否,否,现役候选,是,,,,,,,1,0,是,0,,0,,https://www.yyxdfwzy.com/
4143014819,郴州思科职业学院,湖南省,郴州市,专科,,是,否,否,否,现役候选,是,,,,,,,1,0,是,0,,0,,http://www.skzyxy.com/
4143014820,衡阳科技职业学院,湖南省,衡阳市,专科,,是,否,否,否,现役候选,是,,,,,,,1,0,是,0,,0,,https://www.hykjxy.cn/
4143014867,怀化工商职业技术学院,湖南省,怀化市,专科,,否,否,否,否,现役候选,是,,,,,,,1,0,是,0,,0,,https://www.hhgszy.cn/
4243050812,湘潭科技职业学院,湖南省,湘潭市,专科,,否,否,否,否,现役候选,是,,,,,,,1,0,是,0,,0,,http://www.xtkjzyxy.cn/
4143014892,长沙医药健康职业学院,湖南省,长沙市,专科,,是,否,否,否,现役候选,是,,,,,,,1,0,是,0,,0,,https://csyyjkzy.com/
4143014902,长沙科技职业学院,湖南省,长沙市,专科,,是,否,否,否,现役候选,是,,,,,,,1,0,是,0,,0,,https://cskjzyxy.com/
4143014903,株洲科技职业学院,湖南省,株洲市,专科,,是,否,否,否,现役候选,是,,,,,,,1,0,是,0,,0,,https://www.zvcst.cn/
4143014904,衡阳理工职业学院,湖南省,衡阳市,专科,,是,否,否,否,现役候选,是,,,,,,,1,0,是,0,,0,,https://www.hylgzyxy.com
4143014905,郴州智能科技职业学院,湖南省,郴州市,专科,,是,否,否,否,现役候选,是,,,,,,,1,0,是,0,,0,,https://znkj.hn.cn/
4143014933,岳阳科技职业学院,湖南省,岳阳市,专科,,是,否,否,否,现役候选,是,,,,,,,1,0,是,0,,0,,https://www.hnyykjzy.cn/
4143014934,邵阳通航职业技术学院,湖南省,邵阳市,专科,,是,否,否,否,现役候选,是,,,,,,,1,0,是,0,,0,,https://www.sgavtc.com/
4144010558,中山大学,广东省,广州市,本科,,否,是,是,是,现役候选,是,2026软科主榜 13,2026软科主榜 13,,,,,6,0,是,0,,0,,https://www.sysu.edu.cn/
4144010559,暨南大学,广东省,广州市,本科,,否,否,是,是,现役候选,是,2026软科主榜 59,2026软科主榜 59,,,,,5,0,是,0,,0,,https://www.jnu.edu.cn/
4144010560,汕头大学,广东省,汕头市,本科,,否,否,否,否,现役候选,是,2026软科主榜 173,2026软科主榜 173,,,,,3,0,是,0,,0,,https://www.stu.edu.cn/
4144010561,华南理工大学,广东省,广州市,本科,,否,是,是,是,现役候选,是,2026软科主榜 32,2026软科主榜 32,,,,,3,0,是,0,,0,,https://www.scut.edu.cn/
4144010564,华南农业大学,广东省,广州市,本科,,否,否,否,是,现役候选,是,2026软科主榜 103,2026软科主榜 103,,,,,2,0,是,0,,0,,https://www.scau.edu.cn/
4144010566,广东海洋大学,广东省,湛江市,本科,,否,否,否,否,现役候选,是,2026软科主榜 298,2026软科主榜 298,,,,,7,0,是,0,,0,,https://www.gdou.edu.cn/
4144010570,广州医科大学,广东省,广州市,本科,,否,否,否,是,现役候选,是,2026软科分类标签 医7,2026软科分类标签 医7,,,,,3,0,是,0,,0,,https://www.gzhmu.edu.cn/
4144010571,广东医科大学,广东省,湛江市,本科,,否,否,否,否,现役候选,是,2026软科分类标签 医33,2026软科分类标签 医33,,,,,2,0,是,0,,0,,https://www.gdmu.edu.cn/
4144010572,广州中医药大学,广东省,广州市,本科,,否,否,否,是,现役候选,是,2026软科分类标签 中医4,2026软科分类标签 中医4,,,,,2,0,是,0,,0,,https://www.gzucm.edu.cn/
4144010573,广东药科大学,广东省,广州市,本科,,否,否,否,否,现役候选,是,2026软科分类标签 医39,2026软科分类标签 医39,,,,,8,0,是,0,,0,,https://www.gdpu.edu.cn/
4144010574,华南师范大学,广东省,广州市,本科,,否,否,是,是,现役候选,是,2026软科主榜 79,2026软科主榜 79,,,,,5,0,是,0,,0,,https://www.scnu.edu.cn/
4144010576,韶关学院,广东省,韶关市,本科,,否,否,否,否,现役候选,是,2026软科主榜 425,2026软科主榜 425,,,,,4,0,是,0,,0,,http://www.sgu.edu.cn/
4144010577,惠州学院,广东省,惠州市,本科,,否,否,否,否,现役候选,是,2026软科主榜 367,2026软科主榜 367,,,,,1,0,是,0,,0,,https://www.hzu.edu.cn/
4144010578,韩山师范学院,广东省,潮州市,本科,,否,否,否,否,现役候选,是,2026软科主榜 472,2026软科主榜 472,,,,,4,0,是,0,,0,,https://www.hstc.edu.cn/
4144010579,岭南师范学院,广东省,湛江市,本科,,否,否,否,否,现役候选,是,2026软科主榜 391,2026软科主榜 391,,,,,4,0,是,0,,0,,https://www.lingnan.edu.cn/
4144010580,肇庆学院,广东省,肇庆市,本科,,否,否,否,否,现役候选,是,2026软科主榜 440,2026软科主榜 440,,,,,4,0,是,0,,0,,https://www.zqu.edu.cn/
4144010582,嘉应学院,广东省,梅州市,本科,,否,否,否,否,现役候选,是,2026软科主榜 499,2026软科主榜 499,,,,,6,0,是,0,,0,,https://www.jyu.edu.cn/
4144010585,广州体育学院,广东省,广州市,本科,,否,否,否,否,现役候选,是,2026软科分类标签 体10,2026软科分类标签 体10,,,,,1,0,是,0,,0,,https://www.gzsport.edu.cn/
4144010586,广州美术学院,广东省,广州市,本科,,否,否,否,否,现役候选,是,,,,,,,4,0,是,0,,0,,https://www.gzarts.edu.cn
4144010587,星海音乐学院,广东省,广州市,本科,,否,否,否,否,现役候选,是,,,,,,,2,0,是,0,,0,,https://www.xhcom.edu.cn/
4144010588,广东技术师范大学,广东省,广州市,本科,,否,否,否,否,现役候选,是,2026软科主榜 314,2026软科主榜 314,,,,,6,0,是,0,,0,,https://www.gpnu.edu.cn/index.htm
4144010590,深圳大学,广东省,深圳市,本科,,否,否,否,否,现役候选,是,2026软科主榜 66,2026软科主榜 66,,,,,3,0,是,0,,0,,https://www.szu.edu.cn/
4144010592,广东财经大学,广东省,广州市,本科,,否,否,否,否,现役候选,是,2026软科分类标签 财21,2026软科分类标签 财21,,,,,3,0,是,0,,0,,https://www.gdufe.edu.cn/
4144010822,广东白云学院,广东省,广州市,本科,,是,否,否,否,现役候选,是,2026软科主榜 39,2026软科主榜 39,,,,,4,0,是,0,,0,,https://www.baiyunu.edu.cn/
4144011078,广州大学,广东省,广州市,本科,,否,否,否,否,现役候选,是,2026软科主榜 105,2026软科主榜 105,,,,,5,0,是,0,,0,,https://www.gzhu.edu.cn/
4144011106,广州航海学院,广东省,广州市,本科,,否,否,否,否,现役候选,是,2026软科主榜 442,2026软科主榜 442,,,,,3,0,是,0,,0,,http://www.gzmtu.edu.cn/
4144011110,广东警官学院,广东省,广州市,本科,,否,否,否,否,现役候选,是,2026软科分类标签 政19,2026软科分类标签 政19,,,,,3,0,是,0,,0,,https://www.gdppla.edu.cn/
4144011347,仲恺农业工程学院,广东省,广州市,本科,,否,否,否,否,现役候选,是,2026软科主榜 353,2026软科主榜 353,,,,,3,0,是,0,,0,,https://www.zhku.edu.cn/
4144011349,五邑大学,广东省,江门市,本科,,否,否,否,否,现役候选,是,2026软科主榜 311,2026软科主榜 311,,,,,2,0,是,0,,0,,https://www.wyu.edu.cn/
4144011540,广东金融学院,广东省,广州市,本科,,否,否,否,否,现役候选,是,2026软科分类标签 财40,2026软科分类标签 财40,,,,,6,0,是,0,,0,,https://www.gduf.edu.cn/
4144011545,电子科技大学中山学院,广东省,中山市,本科,,是,否,否,否,现役候选,是,,,,,,,1,0,是,0,,0,,https://www.zsc.edu.cn/
4144011656,广东石油化工学院,广东省,茂名市,本科,,否,否,否,否,现役候选,是,2026软科主榜 376,2026软科主榜 376,,,,,5,0,是,0,,0,,https://www.gdupt.edu.cn/
4144011819,东莞理工学院,广东省,东莞市,本科,,否,否,否,否,现役候选,是,2026软科主榜 247,2026软科主榜 247,,,,,3,0,是,0,,0,,https://www.dgut.edu.cn/
4144011845,广东工业大学,广东省,广州市,本科,,否,否,否,否,现役候选,是,2026软科主榜 96,2026软科主榜 96,,,,,8,0,是,0,,0,,https://www.gdut.edu.cn/
4144011846,广东外语外贸大学,广东省,广州市,本科,,否,否,否,否,现役候选,是,2026软科分类标签 语6,2026软科分类标签 语6,,,,,3,0,是,0,,0,,https://www.gdufs.edu.cn/
4144011847,佛山大学,广东省,佛山市,本科,,否,否,否,否,现役候选,是,2026软科主榜 237,2026软科主榜 237,,,,,3,0,是,0,,0,,https://www.fosu.edu.cn/
4144012059,广东培正学院,广东省,广州市,本科,,是,否,否,否,现役候选,是,2026软科分类标签 财16,2026软科分类标签 财16,,,,,2,0,是,0,,0,,https://www.peizheng.edu.cn/
4144012121,南方医科大学,广东省,广州市,本科,,否,否,否,否,现役候选,是,2026软科分类标签 医3,2026软科分类标签 医3,,,,,4,0,是,0,,0,,https://www.smu.edu.cn/
4144012574,广东东软学院,广东省,佛山市,本科,,是,否,否,否,现役候选,是,2026软科主榜 82,2026软科主榜 82,,,,,2,0,是,0,,0,,https://www.nuit.edu.cn/
4144012617,广州城市理工学院,广东省,广州市,本科,,是,否,否,否,现役候选,是,2026软科主榜 14,2026软科主榜 14,,,,,1,0,是,0,,0,,https://www.gcu.edu.cn/
4144012618,广州软件学院,广东省,广州市,本科,,是,否,否,否,现役候选,是,2026软科主榜 51,2026软科主榜 51,,,,,2,0,是,0,,0,,https://www.seig.edu.cn/
4144012619,广州南方学院,广东省,广州市,本科,,是,否,否,否,现役候选,是,2026软科主榜 18,2026软科主榜 18,,,,,1,0,是,0,,0,,https://www.nfu.edu.cn
4144012620,广东外语外贸大学南国商学院,广东省,广州市,本科,,是,否,否,否,现役候选,是,,,,,,,1,0,是,0,,0,,https://www.gwng.edu.cn/
4144012621,广州华商学院,广东省,广州市,本科,,是,否,否,否,现役候选,是,2026软科分类标签 财23,2026软科分类标签 财23,,,,,2,0,是,0,,0,,https://www.gdhsc.edu.cn/
4144012622,湛江科技学院,广东省,湛江市,本科,,是,否,否,否,现役候选,是,2026软科主榜 73,2026软科主榜 73,,,,,2,0,是,0,,0,,https://www.zjkju.edu.cn/
4144012623,华南农业大学珠江学院,广东省,广州市,本科,,是,否,否,否,现役候选,是,,,,,,,3,0,是,0,,0,,https://www.scauzj.edu.cn/
4144012668,广州理工学院,广东省,广州市,本科,,是,否,否,否,现役候选,是,2026软科主榜 64,2026软科主榜 64,,,,,3,0,是,0,,0,,https://www.gzist.edu.cn/
4144013177,北京师范大学珠海分校,广东省,珠海市,本科,,是,否,否,否,已终止办学,否,,,,,,,0,0,否,0,,0,,
4144013656,广州华立学院,广东省,广州市,本科,,是,否,否,否,现役候选,是,2026软科分类标签 100+,2026软科分类标签 100+,,,,,2,0,是,0,,0,,https://www.hualixy.edu.cn/
4144013657,广州应用科技学院,广东省,广州市,本科,,是,否,否,否,现役候选,是,2026软科主榜 74,2026软科主榜 74,,,,,2,0,是,0,,0,,https://www.gzasc.edu.cn/
4144013667,广州商学院,广东省,广州市,本科,,是,否,否,否,现役候选,是,2026软科分类标签 财6,2026软科分类标签 财6,,,,,1,0,是,0,,0,,https://www.gcc.edu.cn/
4144013675,广东江门南粤学院,广东省,江门市,本科,,是,否,否,否,现役候选,是,,,,,,,1,0,是,0,,0,,https://www1.bitzh.edu.cn:8081
4144013684,珠海科技学院,广东省,珠海市,本科,,是,否,否,否,现役候选,是,2026软科主榜 3,2026软科主榜 3,,,,,1,0,是,0,,0,,https://www.zcst.edu.cn/
4144013714,广州工商学院,广东省,广州市,本科,,是,否,否,否,现役候选,是,2026软科分类标签 财24,2026软科分类标签 财24,,,,,5,0,是,0,,0,,https://www.gzgs.edu.cn/
4144013717,广州科技职业技术大学,广东省,广州市,本科,,是,否,否,否,现役候选,是,,,,,,,3,0,是,0,,0,,https://www.gkd.edu.cn/
4144013719,广东科技学院,广东省,东莞市,本科,,是,否,否,否,现役候选,是,2026软科主榜 42,2026软科主榜 42,,,,,2,0,是,0,,0,,https://www.gdust.edu.cn/
4144013720,广东理工学院,广东省,肇庆市,本科,,是,否,否,否,现役候选,是,2026软科分类标签 100+,2026软科分类标签 100+,,,,,4,0,是,0,,0,,https://www.gdlgxy.edu.cn/
4144013721,广东工商职业技术大学,广东省,肇庆市,本科,,是,否,否,否,现役候选,是,,,,,,,3,0,是,0,,0,,https://www.gdbtu.edu.cn/
4144013844,东莞城市学院,广东省,东莞市,本科,,是,否,否,否,现役候选,是,2026软科主榜 90,2026软科主榜 90,,,,,1,0,是,0,,0,,https://www.dgcu.edu.cn/
4144013902,广州新华学院,广东省,广州市,本科,,是,否,否,否,现役候选,是,2026软科主榜 45,2026软科主榜 45,,,,,2,0,是,0,,0,,https://www.xhsysu.edu.cn/
4144014278,广东第二师范学院,广东省,广州市,本科,,否,否,否,否,现役候选,是,2026软科主榜 424,2026软科主榜 424,,,,,2,0,是,0,,0,,https://www.gdei.edu.cn/
4144014325,南方科技大学,广东省,深圳市,本科,,否,否,否,是,现役候选,是,2026软科 30,2026 30,,,,,2,0,是,0,,0,,https://www.sustech.edu.cn/
4144014655,深圳技术大学,广东省,深圳市,本科,,否,否,否,否,现役候选,是,2026软科主榜 283,2026软科主榜 283,,,,,1,0,是,0,,0,,https://www.sztu.edu.cn/
4144016401,北师香港浸会大学,广东省,珠海市,本科,,否,否,否,否,现役候选,是,2026软科分类标签 合作9,2026软科分类标签 合作9,,,,,1,0,是,0,,0,,https://www.uic.edu.cn/
4144016412,香港科技大学（广州）,广东省,广州市,本科,,否,否,否,否,现役候选,是,,,,,,,1,0,是,0,,0,,https://hkust-gz.edu.cn/zh/?variant=zh-cn
4144016407,香港中文大学（深圳）,广东省,深圳市,本科,,否,否,否,否,现役候选,是,2026软科合作办学 合作办学1 · 主榜参考 39,2026 合作办学1,39,,,,2,0,是,0,,0,,https://www.cuhk.edu.cn/zh-hans
4144016409,深圳北理莫斯科大学,广东省,深圳市,本科,,否,否,否,否,现役候选,是,2026软科分类标签 合作6,2026软科分类标签 合作6,,,,,2,0,是,0,,0,,https://www.smbu.edu.cn/
4144016410,广东以色列理工学院,广东省,汕头市,本科,,否,否,否,否,现役候选,是,2026软科分类标签 合作7,2026软科分类标签 合作7,,,,,1,0,是,0,,0,,https://www.gtiit.edu.cn
4144014851,香港城市大学（东莞）,广东省,东莞市,本科,,否,否,否,否,现役候选,是,,,,,,,1,0,是,0,,0,,https://cityu-dg.edu.cn
4144011113,深圳职业技术大学,广东省,深圳市,本科,,否,否,否,否,现役候选,是,,,,,,,3,0,是,0,,0,,https://www.szpu.edu.cn/
4144014880,深圳理工大学,广东省,深圳市,本科,,否,否,否,否,现役候选,是,,,,,,,2,0,是,0,,0,,https://www.suat-sz.edu.cn/
4144013810,肇庆医学院,广东省,肇庆市,本科,,否,否,否,否,现役候选,是,,,,,,,3,0,是,0,,0,,https://www.zqmc.edu.cn/
4144010833,广东轻工职业技术大学,广东省,广州市,本科,,否,否,否,否,现役候选,是,,,,,,,2,0,是,0,,0,,https://www.gdqy.edu.cn/
4144010831,顺德职业技术大学,广东省,佛山市,本科,,否,否,否,否,现役候选,是,,,,,,,1,0,是,0,,0,,https://www.sdpt.edu.cn/
4144012046,广州职业技术大学,广东省,广州市,本科,,否,否,否,否,现役候选,是,,,,,,,1,0,是,0,,0,,https://www.gzpyp.edu.cn/
4144012957,深圳信息职业技术大学,广东省,深圳市,本科,,否,否,否,否,现役候选,是,,,,,,,1,0,是,0,,0,,https://www.suit-sz.edu.cn/
4144014942,大湾区大学,广东省,东莞市,本科,,否,否,否,否,现役候选,是,,,,,,,1,0,是,0,,0,,https://www.gbu.edu.cn/
4144010861,广东交通职业技术学院,广东省,广州市,专科,,否,否,否,否,现役候选,是,,,,,,,6,0,是,0,,0,,https://www.gdcp.edu.cn/
4144010862,广东水利电力职业技术学院,广东省,广州市,专科,,否,否,否,否,现役候选,是,,,,,,,2,0,是,0,,0,,https://www.gdsdxy.edu.cn/
4144010965,潮汕职业技术学院,广东省,揭阳市,专科,,是,否,否,否,现役候选,是,,,,,,,1,0,是,0,,0,,http://www.chaoshan.cn/index.html
4144011114,广东南华工商职业学院,广东省,广州市,专科,,否,否,否,否,现役候选,是,,,,,,,4,0,是,0,,0,,https://www.nhic.edu.cn/
4144011121,私立华联学院,广东省,广州市,专科,,是,否,否,否,现役候选,是,,,,,,,1,0,是,0,,0,,https://www.hlu.edu.cn/
4144012040,广州民航职业技术学院,广东省,广州市,专科,,否,否,否,否,现役候选,是,,,,,,,5,0,是,0,,0,,https://gcac.edu.cn/
4144012060,广东松山职业技术学院,广东省,韶关市,专科,,否,否,否,否,现役候选,是,,,,,,,4,0,是,0,,0,,https://www.gdsspt.edu.cn/
4144012322,广东农工商职业技术学院,广东省,广州市,专科,,否,否,否,否,现役候选,是,,,,,,,2,0,是,0,,0,,https://www.gdaib.edu.cn/
4144012325,广东新安职业技术学院,广东省,深圳市,专科,,是,否,否,否,现役候选,是,,,,,,,1,0,是,0,,0,,https://www.gdxa.edu.cn/
4144012327,佛山职业技术学院,广东省,佛山市,专科,,否,否,否,否,现役候选,是,,,,,,,1,0,是,0,,0,,https://www.fspt.edu.cn/
4144012572,广东科学技术职业学院,广东省,广州市,专科,,否,否,否,否,现役候选,是,,,,,,,3,0,是,0,,0,,https://www.gdit.edu.cn/
4144012573,广东食品药品职业学院,广东省,广州市,专科,,否,否,否,否,现役候选,是,,,,,,,2,0,是,0,,0,,https://www.gdyzy.edu.cn/index.do
4144012575,广州康大职业技术学院,广东省,广州市,专科,,是,否,否,否,现役候选,是,,,,,,,1,0,是,0,,0,,https://www.kdvtc.edu.cn/
4144012576,珠海艺术职业学院,广东省,珠海市,专科,,是,否,否,否,现役候选,是,,,,,,,1,0,是,0,,0,,https://www.zhac.edu.cn/
4144012577,广东行政职业学院,广东省,广州市,专科,,否,否,否,否,现役候选,是,,,,,,,2,0,是,0,,0,,https://www.gdxzzy.edu.cn/
4144012578,广东体育职业技术学院,广东省,广州市,专科,,否,否,否,否,现役候选,是,,,,,,,2,0,是,0,,0,,https://www.gdtzy.edu.cn/
4144012736,广东职业技术学院,广东省,佛山市,专科,,否,否,否,否,现役候选,是,,,,,,,5,0,是,0,,0,,https://www.gdpt.edu.cn/
4144012741,广东建设职业技术学院,广东省,广州市,专科,,否,否,否,否,现役候选,是,,,,,,,2,0,是,0,,0,,https://www.gdcvi.edu.cn/
4144012742,广东女子职业技术学院,广东省,广州市,专科,,否,否,否,否,现役候选,是,,,,,,,2,0,是,0,,0,,https://www.gdfs.edu.cn/
4144012743,广东机电职业技术学院,广东省,广州市,专科,,否,否,否,否,现役候选,是,,,,,,,2,0,是,0,,0,,https://www.gdmec.edu.cn/
4144012749,广东岭南职业技术学院,广东省,广州市,专科,,是,否,否,否,现役候选,是,,,,,,,3,0,是,0,,0,,https://lnc.edu.cn/?_=1636428612796
4144012765,汕尾职业技术学院,广东省,汕尾市,专科,,否,否,否,否,现役候选,是,,,,,,,1,0,是,0,,0,,https://www.swpt.edu.cn/
4144012770,罗定职业技术学院,广东省,云浮市,专科,,否,否,否,否,现役候选,是,,,,,,,1,0,是,0,,0,,https://www.ldpoly.edu.cn/
4144012771,阳江职业技术学院,广东省,阳江市,专科,,否,否,否,否,现役候选,是,,,,,,,2,0,是,0,,0,,https://www.yjpt.edu.cn/
4144012772,河源职业技术学院,广东省,河源市,专科,,否,否,否,否,现役候选,是,,,,,,,2,0,是,0,,0,,https://www.hypt.edu.cn/
4144012953,广东邮电职业技术学院,广东省,广州市,专科,,否,否,否,否,现役候选,是,,,,,,,2,0,是,0,,0,,https://www.gupt.edu.cn/
4144012954,汕头职业技术学院,广东省,汕头市,专科,,否,否,否,否,现役候选,是,,,,,,,6,1,是,0,,0,,https://www.stpt.edu.cn/
4144012956,揭阳职业技术学院,广东省,揭阳市,专科,,否,否,否,否,现役候选,是,,,,,,,2,0,是,0,,0,,https://www.jyc.edu.cn/
4144012958,清远职业技术学院,广东省,清远市,专科,,否,否,否,否,现役候选,是,,,,,,,2,0,是,0,,0,,https://www.qypt.edu.cn/
4144012959,广东工贸职业技术学院,广东省,广州市,专科,,否,否,否,否,现役候选,是,,,,,,,6,0,是,0,,0,,https://www.gdgm.edu.cn/
4144012960,广东司法警官职业学院,广东省,广州市,专科,,否,否,否,否,现役候选,是,,,,,,,4,0,是,0,,0,,https://www.gdjpvc.edu.cn/
4144012961,广东亚视演艺职业学院,广东省,肇庆市,专科,,是,否,否,否,现役候选,是,,,,,,,1,0,是,0,,0,,https://www.gdatv.edu.cn/
4144012962,广东省外语艺术职业学院,广东省,广州市,专科,,否,否,否,否,现役候选,是,,,,,,,6,0,是,0,,0,,https://www.gtcfla.edu.cn/
4144013707,广东文艺职业学院,广东省,广州市,专科,,否,否,否,否,现役候选,是,,,,,,,2,0,是,0,,0,,https://www.gdla.edu.cn/
4144013708,广州体育职业技术学院,广东省,广州市,专科,,否,否,否,否,现役候选,是,,,,,,,2,0,是,0,,0,,https://www.gztzy.edu.cn/
4144013709,广州工程技术职业学院,广东省,广州市,专科,,否,否,否,否,现役候选,是,,,,,,,6,0,是,0,,0,,https://www.gzvtc.edu.cn/
4144013710,中山火炬职业技术学院,广东省,中山市,专科,,否,否,否,否,现役候选,是,,,,,,,2,0,是,0,,0,,https://www.zstp.edu.cn/
4144013711,江门职业技术学院,广东省,江门市,专科,,否,否,否,否,现役候选,是,,,,,,,3,0,是,0,,0,,https://www.jmpt.edu.cn/
4144013712,茂名职业技术学院,广东省,茂名市,专科,,否,否,否,否,现役候选,是,,,,,,,3,0,是,0,,0,,https://www.mmpt.edu.cn/
4144013713,珠海城市职业技术学院,广东省,珠海市,专科,,否,否,否,否,现役候选,是,,,,,,,2,0,是,0,,0,,https://www.zhcpt.edu.cn/
4144013715,广州涉外经济职业技术学院,广东省,广州市,专科,,是,否,否,否,现役候选,是,,,,,,,3,0,是,0,,0,,https://www.gziec.edu.cn/
4144013716,广州南洋理工职业学院,广东省,广州市,专科,,是,否,否,否,现役候选,是,,,,,,,1,0,是,0,,0,,https://www.gznylg.edu.cn/
4144013718,惠州经济职业技术学院,广东省,惠州市,专科,,是,否,否,否,现役候选,是,,,,,,,2,0,是,0,,0,,https://www.hzec.edu.cn/
4144013912,广州现代信息工程职业技术学院,广东省,广州市,专科,,是,否,否,否,现役候选,是,,,,,,,1,0,是,0,,0,,https://www.gzmiec.edu.cn/
4144013919,广东理工职业学院,广东省,广州市,专科,,否,否,否,否,现役候选,是,,,,,,,5,0,是,0,,0,,https://www.gdpi.edu.cn/
4144013927,广州华南商贸职业学院,广东省,广州市,专科,,是,否,否,否,现役候选,是,,,,,,,1,0,是,0,,0,,https://www.scbt.edu.cn/
4144013928,广州华立科技职业学院,广东省,广州市,专科,,是,否,否,否,现役候选,是,,,,,,,3,0,是,0,,0,,https://www.gzhlxy.edu.cn/
4144013929,广州城市职业学院,广东省,广州市,专科,,否,否,否,否,现役候选,是,,,,,,,2,0,是,0,,0,,https://www.gcp.edu.cn/
4144013930,广东工程职业技术学院,广东省,广州市,专科,,否,否,否,否,现役候选,是,,,,,,,2,0,是,0,,0,,https://www.gdep.edu.cn/
4144013943,广州铁路职业技术学院,广东省,广州市,专科,,否,否,否,否,现役候选,是,,,,,,,3,0,是,0,,0,,https://www.gtxy.cn
4144014063,广东科贸职业学院,广东省,广州市,专科,,否,否,否,否,现役候选,是,,,,,,,4,0,是,0,,0,,https://www.gdkm.edu.cn/
4144014065,广州科技贸易职业学院,广东省,广州市,专科,,否,否,否,否,现役候选,是,,,,,,,2,0,是,0,,0,,https://www.gzkmu.edu.cn/
4144014066,中山职业技术学院,广东省,中山市,专科,,否,否,否,否,现役候选,是,,,,,,,2,0,是,0,,0,,https://www.zspt.edu.cn/
4144014123,广州珠江职业技术学院,广东省,广州市,专科,,是,否,否,否,现役候选,是,,,,,,,3,0,是,0,,0,,http://www.gzzjxy.edu.cn/
4144014125,广州松田职业学院,广东省,广州市,专科,,是,否,否,否,现役候选,是,,,,,,,1,0,是,0,,0,,https://www.gzst.edu.cn/
4144014126,广东文理职业学院,广东省,湛江市,专科,,是,否,否,否,现役候选,是,,,,,,,1,0,是,0,,0,,https://www.gdwlxy.edu.cn/
4144014136,广州城建职业学院,广东省,广州市,专科,,是,否,否,否,现役候选,是,,,,,,,2,0,是,0,,0,,https://www.gzccc.edu.cn/
4144014263,东莞职业技术学院,广东省,东莞市,专科,,否,否,否,否,现役候选,是,,,,,,,4,0,是,0,,0,,https://www.dgpt.edu.cn/
4144014265,广东南方职业学院,广东省,江门市,专科,,是,否,否,否,现役候选,是,,,,,,,3,0,是,0,,0,,https://www.gdnfu.edu.cn/index.html
4144014266,广州华商职业学院,广东省,广州市,专科,,是,否,否,否,现役候选,是,,,,,,,3,0,是,0,,0,,https://www.gzhsvc.edu.cn/
4144014268,广州华夏职业学院,广东省,广州市,专科,,是,否,否,否,现役候选,是,,,,,,,2,0,是,0,,0,,http://www.gzhxtc.edu.cn/
4144014311,广东环境保护工程职业学院,广东省,佛山市,专科,,否,否,否,否,现役候选,是,,,,,,,3,0,是,0,,0,,https://www.gdpepe.edu.cn/
4144014361,广东青年职业学院,广东省,广州市,专科,,否,否,否,否,已整合入广东行政职业学院（保留原牌子）,否,,,,,,,0,0,否,0,,0,,
4144014362,广州东华职业学院,广东省,广州市,专科,,是,否,否,否,现役候选,是,,,,,,,1,0,是,0,,0,,https://www.gzdhxy.edu.cn/
4144014363,广东创新科技职业学院,广东省,东莞市,专科,,是,否,否,否,现役候选,是,,,,,,,1,0,是,0,,0,,http://www.gdcxxy.edu.cn/
4144014407,广东艺术职业学院,广东省,广州市,专科,,否,否,否,否,现役候选,是,,,,,,,2,0,是,0,,0,,https://www.gdddc.edu.cn
4144014408,惠州卫生职业技术学院,广东省,惠州市,专科,,否,否,否,否,现役候选,是,,,,,,,2,0,是,0,,0,,https://www.hzhsp.edu.cn/
4144014427,广东信息工程职业学院,广东省,肇庆市,专科,,是,否,否,否,现役候选,是,,,,,,,2,0,是,0,,0,,https://www.gdiet.edu.cn/
4144014509,广东生态工程职业学院,广东省,广州市,专科,,否,否,否,否,现役候选,是,,,,,,,2,0,是,0,,0,,http://www.gdsty.edu.cn/
4144014510,惠州城市职业学院,广东省,惠州市,专科,,否,否,否,否,现役候选,是,,,,,,,1,0,是,0,,0,,https://www.hzc.edu.cn/
4144014511,广东碧桂园职业学院,广东省,清远市,专科,,是,否,否,否,现役候选,是,,,,,,,1,0,是,0,,0,,https://www.bgypt.edu.cn/
4144014556,广东茂名健康职业学院,广东省,茂名市,专科,,否,否,否,否,现役候选,是,,,,,,,3,0,是,0,,0,,https://www.gdhvc.edu.cn/
4144014572,广东酒店管理职业技术学院,广东省,东莞市,专科,,是,否,否,否,现役候选,是,,,,,,,1,0,是,0,,0,,https://www.gdjdxy.edu.cn/
4144014587,广东茂名幼儿师范专科学校,广东省,茂名市,专科,,否,否,否,否,现役候选,是,,,,,,,4,0,是,0,,0,,https://gdpnc.edu.cn/
4144014592,广州卫生职业技术学院,广东省,广州市,专科,,否,否,否,否,现役候选,是,,,,,,,6,0,是,0,,0,,https://www.gzws.edu.cn/
4144014609,惠州工程职业学院,广东省,惠州市,专科,,否,否,否,否,现役候选,是,,,,,,,2,0,是,0,,0,,https://www.hzevc.edu.cn/
4144014610,广东江门中医药职业学院,广东省,江门市,专科,,否,否,否,否,现役候选,是,,,,,,,1,0,是,0,,0,,https://www.gdjmcmc.edu.cn/
4144014638,广东茂名农林科技职业学院,广东省,茂名市,专科,,否,否,否,否,现役候选,是,,,,,,,1,0,是,0,,0,,https://www.gdafc.edu.cn/
4144014664,广东江门幼儿师范高等专科学校,广东省,江门市,专科,,否,否,否,否,现役候选,是,,,,,,,1,0,是,0,,0,,https://www.jmpec.edu.cn/
4144014667,广东财贸职业学院,广东省,清远市,专科,,否,否,否,否,现役候选,是,,,,,,,2,0,是,0,,0,,https://www.gdcmxy.edu.cn/
4144014756,广州幼儿师范高等专科学校,广东省,广州市,专科,,否,否,否,否,现役候选,是,,,,,,,2,0,是,0,,0,,https://www.gzptc.edu.cn
4144014757,广东汕头幼儿师范高等专科学校,广东省,汕头市,专科,,否,否,否,否,现役候选,是,,,,,,,1,0,是,0,,0,,https://www.gdstpec.edu.cn/
4144014758,广东梅州职业技术学院,广东省,梅州市,专科,,否,否,否,否,现役候选,是,,,,,,,2,0,是,0,,0,,http://gdmzvtc.edu.cn/
4144014759,广东潮州卫生健康职业学院,广东省,潮州市,专科,,否,否,否,否,现役候选,是,,,,,,,1,0,是,0,,0,,https://www.gdczwzy.edu.cn/
4144014760,广东云浮中医药职业学院,广东省,云浮市,专科,,否,否,否,否,现役候选,是,,,,,,,1,0,是,0,,0,,https://www.gdyfvccm.edu.cn/
4144014761,广东肇庆航空职业学院,广东省,肇庆市,专科,,是,否,否,否,现役候选,是,,,,,,,1,0,是,0,,0,,https://www.gdzqac.edu.cn/
4244050853,湛江幼儿师范专科学校,广东省,湛江市,专科,,否,否,否,否,现役候选,是,,,,,,,5,0,是,0,,0,,https://www.zhjpec.edu.cn/
4144014798,珠海格力职业学院,广东省,珠海市,专科,,是,否,否,否,现役候选,是,,,,,,,1,0,是,0,,0,,
4144014845,深圳城市职业学院,广东省,深圳市,专科,,否,否,否,否,现役候选,是,,,,,,,1,0,是,0,,0,,https://www.szcp.edu.cn
4144014965,广东制造职业技术学院,广东省,广州市,专科,,否,否,否,否,现役候选,是,,,,,,,2,0,是,0,,0,,
4145010593,广西大学,广西壮族自治区,南宁市,本科,,否,否,是,是,现役候选,是,2026软科主榜 86,2026软科主榜 86,,,,,1,0,是,0,,0,,https://www.gxu.edu.cn/
4145010594,广西科技大学,广西壮族自治区,柳州市,本科,,否,否,否,否,现役候选,是,2026软科主榜 329,2026软科主榜 329,,,,,4,0,是,0,,0,,https://www.gxust.edu.cn/
4145010595,桂林电子科技大学,广西壮族自治区,桂林市,本科,,否,否,否,否,现役候选,是,2026软科主榜 183,2026软科主榜 183,,,,,6,0,是,0,,0,,https://www.guet.edu.cn
4145010596,桂林理工大学,广西壮族自治区,桂林市,本科,,否,否,否,否,现役候选,是,2026软科主榜 258,2026软科主榜 258,,,,,6,0,是,0,,0,,https://www.glut.edu.cn/
4145010598,广西医科大学,广西壮族自治区,南宁市,本科,,否,否,否,否,现役候选,是,2026软科分类标签 医18,2026软科分类标签 医18,,,,,6,0,是,0,,0,,https://www.gxmu.edu.cn/
4145010599,右江民族医学院,广西壮族自治区,百色市,本科,,否,否,否,否,现役候选,是,2026软科分类标签 医50,2026软科分类标签 医50,,,,,4,0,是,0,,0,,https://www.ymun.edu.cn/
4145010600,广西中医药大学,广西壮族自治区,南宁市,本科,,否,否,否,否,现役候选,是,2026软科分类标签 中医19,2026软科分类标签 中医19,,,,,4,0,是,0,,0,,https://www.gxtcmu.edu.cn/
4145010601,桂林医科大学,广西壮族自治区,桂林市,本科,,否,否,否,否,现役候选,是,2026软科分类标签 医38,2026软科分类标签 医38,,,,,3,0,是,0,,0,,https://www.glmu.edu.cn/
4145010602,广西师范大学,广西壮族自治区,桂林市,本科,,否,否,否,否,现役候选,是,2026软科主榜 149,2026软科主榜 149,,,,,6,0,是,0,,0,,https://www.gxnu.edu.cn
4145010603,南宁师范大学,广西壮族自治区,南宁市,本科,,否,否,否,否,现役候选,是,2026软科主榜 295,2026软科主榜 295,,,,,6,0,是,0,,0,,https://www.nnnu.edu.cn/
4145010604,广西民族师范学院,广西壮族自治区,崇左市,本科,,否,否,否,否,现役候选,是,2026软科分类标签 500+,2026软科分类标签 500+,,,,,2,0,是,0,,0,,https://www.gxnun.edu.cn/
4145010605,河池学院,广西壮族自治区,河池市,本科,,否,否,否,否,现役候选,是,2026软科分类标签 500+,2026软科分类标签 500+,,,,,1,0,是,0,,0,,https://www.hcnu.edu.cn/
4145010606,玉林师范学院,广西壮族自治区,玉林市,本科,,否,否,否,否,现役候选,是,2026软科主榜 436,2026软科主榜 436,,,,,4,0,是,0,,0,,https://www.ylu.edu.cn/
4145010607,广西艺术学院,广西壮族自治区,南宁市,本科,,否,否,否,否,现役候选,是,,,,,,,5,0,是,0,,0,,https://www.gxau.edu.cn/
4145010608,广西民族大学,广西壮族自治区,南宁市,本科,,否,否,否,否,现役候选,是,2026软科分类标签 民4,2026软科分类标签 民4,,,,,3,0,是,0,,0,,https://www.gxmzu.edu.cn/
4145010609,百色学院,广西壮族自治区,百色市,本科,,否,否,否,否,现役候选,是,2026软科分类标签 500+,2026软科分类标签 500+,,,,,3,0,是,0,,0,,https://www.bsuc.cn/
4145011354,梧州学院,广西壮族自治区,梧州市,本科,,否,否,否,否,现役候选,是,2026软科分类标签 500+,2026软科分类标签 500+,,,,,2,0,是,0,,0,,https://www.gxuwz.edu.cn/
4145011546,广西科技师范学院,广西壮族自治区,来宾市,本科,,否,否,否,否,现役候选,是,2026软科分类标签 500+,2026软科分类标签 500+,,,,,4,0,是,0,,0,,https://www.gxstnu.edu.cn/
4145011548,广西财经学院,广西壮族自治区,南宁市,本科,,否,否,否,否,现役候选,是,2026软科分类标签 财41,2026软科分类标签 财41,,,,,5,0,是,0,,0,,https://www.gxufe.edu.cn/www/myweb/index.html
4145011549,南宁学院,广西壮族自治区,南宁市,本科,,是,否,否,否,现役候选,是,2026软科主榜 44,2026软科主榜 44,,,,,2,0,是,0,,0,,https://unn.edu.cn/
4145011607,北部湾大学,广西壮族自治区,钦州市,本科,,否,否,否,否,现役候选,是,2026软科主榜 422,2026软科主榜 422,,,,,1,0,是,0,,0,,https://www.bbgu.edu.cn/
4145011825,桂林航天工业学院,广西壮族自治区,桂林市,本科,,否,否,否,否,现役候选,是,2026软科分类标签 500+,2026软科分类标签 500+,,,,,3,0,是,0,,0,,https://www.guat.edu.cn
4145011837,桂林旅游学院,广西壮族自治区,桂林市,本科,,否,否,否,否,现役候选,是,2026软科分类标签 财46+,2026软科分类标签 财46+,,,,,3,0,是,0,,0,,https://www.gltu.edu.cn/
4145011838,贺州学院,广西壮族自治区,贺州市,本科,,否,否,否,否,现役候选,是,2026软科主榜 497,2026软科主榜 497,,,,,4,0,是,0,,0,,https://www.hzxy.edu.cn/
4145013520,广西警察学院,广西壮族自治区,南宁市,本科,,否,否,否,否,现役候选,是,2026软科分类标签 政30+,2026软科分类标签 政30+,,,,,3,0,是,0,,0,,http://www.gxjcxy.edu.cn/
4145013524,北海艺术设计学院,广西壮族自治区,北海市,本科,,是,否,否,否,现役候选,是,,,,,,,2,0,是,0,,0,,https://www.sszss.com/?site_id=2
4145016205,广西农业职业技术大学,广西壮族自治区,南宁市,本科,,否,否,否,否,现役候选,是,,,,,,,2,0,是,0,,0,,https://www.gxnzd.edu.cn/
4145013639,柳州工学院,广西壮族自治区,柳州市,本科,,是,否,否,否,现役候选,是,2026软科分类标签 100+,2026软科分类标签 100+,,,,,2,0,是,0,,0,,https://www.lzhit.edu.cn/
4145013640,广西民族大学相思湖学院,广西壮族自治区,南宁市,本科,,是,否,否,否,现役候选,是,,,,,,,1,0,是,0,,0,,http://www.xshxy.cn/
4145013641,桂林学院,广西壮族自治区,桂林市,本科,,是,否,否,否,现役候选,是,2026软科分类标签 100+,2026软科分类标签 100+,,,,,1,0,是,0,,0,,https://www.glc.edu.cn/
4145013642,南宁师范大学师园学院,广西壮族自治区,南宁市,本科,,是,否,否,否,现役候选,是,,,,,,,3,0,是,0,,0,,https://www.gxsy.edu.cn/
4145013643,广西中医药大学赛恩斯新医药学院,广西壮族自治区,南宁市,本科,,是,否,否,否,现役候选,是,,,,,,,1,0,是,0,,0,,https://www.gxzyxysy.com/
4145013644,桂林信息科技学院,广西壮族自治区,桂林市,本科,,是,否,否,否,现役候选,是,2026软科分类标签 100+,2026软科分类标签 100+,,,,,1,0,是,0,,0,,https://www.guit.edu.cn/
4145013645,南宁理工学院,广西壮族自治区,桂林市,本科,,是,否,否,否,现役候选,是,2026软科分类标签 100+,2026软科分类标签 100+,,,,,2,0,是,0,,0,,https://www.bwgl.cn/
4145013830,广西外国语学院,广西壮族自治区,南宁市,本科,,是,否,否,否,现役候选,是,2026软科分类标签 语5+,2026软科分类标签 语5+,,,,,3,0,是,0,,0,,https://gxufl.edu.cn/
4145013890,广西工业学院,广西壮族自治区,北海市,本科,,否,否,否,否,现役候选,是,,,,,,,1,0,是,0,,0,,
4145013920,广西城市职业大学,广西壮族自治区,崇左市,本科,,是,否,否,否,现役候选,是,,,,,,,3,0,是,0,,0,,http://www.gxcvuedu.com/
4145014684,广西职业师范学院,广西壮族自治区,南宁市,本科,,否,否,否,否,现役候选,是,2026软科分类标签 500+,2026软科分类标签 500+,,,,,1,0,是,0,,0,,https://www.gxvnu.edu.cn/
4145011355,南宁职业技术大学,广西壮族自治区,南宁市,本科,,否,否,否,否,现役候选,是,,,,,,,1,0,是,0,,0,,https://www.nnvtu.edu.cn/
4145012104,柳州职业技术大学,广西壮族自治区,柳州市,本科,,否,否,否,否,现役候选,是,,,,,,,2,0,是,0,,0,,https://www.lzpu.edu.cn/
4145011671,桂林师范学院,广西壮族自治区,桂林市,本科,,否,否,否,否,现役候选,是,,,,,,,1,0,是,0,,0,,https://www.glnc.edu.cn/
4145011773,广西职业技术大学,广西壮族自治区,南宁市,本科,,否,否,否,否,现役候选,是,,,,,,,1,0,是,0,,0,,https://www.gxzjy.edu.cn/
4145010035,桂林生命与健康职业技术学院,广西壮族自治区,桂林市,专科,,是,否,否,否,现役候选,是,,,,,,,2,0,是,0,,0,,https://www.glhic.edu.cn/content/2025/xxjj/8121.html
4145010867,广西机电职业技术学院,广西壮族自治区,南宁市,专科,,否,否,否,否,现役候选,是,,,,,,,2,0,是,0,,0,,https://www.gxcme.edu.cn/
4145011350,广西体育高等专科学校,广西壮族自治区,南宁市,专科,,否,否,否,否,现役候选,是,,,,,,,3,0,是,0,,0,,http://www.gxtznn.com/
4145011608,广西水利电力职业技术学院,广西壮族自治区,南宁市,专科,,否,否,否,否,现役候选,是,,,,,,,6,0,是,0,,0,,https://www.gxsdxy.cn
4145012344,广西生态工程职业技术学院,广西壮族自治区,柳州市,专科,,否,否,否,否,现役候选,是,,,,,,,1,0,是,0,,0,,https://www.gxstzy.cn/
4145012356,广西交通职业技术学院,广西壮族自治区,南宁市,专科,,否,否,否,否,现役候选,是,,,,,,,4,0,是,0,,0,,https://www.gxjtc.edu.cn/
4145012364,广西工业职业技术学院,广西壮族自治区,南宁市,专科,,否,否,否,否,现役候选,是,,,,,,,6,0,是,0,,0,,https://www.gxgy.edu.cn/
4145012379,广西国际商务职业技术学院,广西壮族自治区,南宁市,专科,,否,否,否,否,现役候选,是,,,,,,,3,0,是,0,,0,,https://www.gxibvc.net/
4145012392,柳州铁道职业技术学院,广西壮族自治区,柳州市,专科,,否,否,否,否,现役候选,是,,,,,,,1,0,是,0,,0,,https://www.ltzy.edu.cn/
4145013138,广西建设职业技术学院,广西壮族自治区,南宁市,专科,,否,否,否,否,现役候选,是,,,,,,,2,0,是,0,,0,,https://www.gxjsxy.cn/
4145013522,广西现代职业技术学院,广西壮族自治区,河池市,专科,,否,否,否,否,现役候选,是,,,,,,,2,0,是,0,,0,,https://www.gxxd.net.cn
4145013523,北海职业学院,广西壮族自治区,北海市,专科,,否,否,否,否,现役候选,是,,,,,,,5,0,是,0,,0,,https://www.bhzyxy.edu.cn/
4145013526,桂林山水职业学院,广西壮族自治区,桂林市,专科,,是,否,否,否,现役候选,是,,,,,,,4,0,是,0,,0,,http://www.glsszyxy.com/
4145013827,广西经贸职业技术学院,广西壮族自治区,南宁市,专科,,否,否,否,否,现役候选,是,,,,,,,3,0,是,0,,0,,https://www.gxjmxy.edu.cn/
4145013828,广西工商职业技术学院,广西壮族自治区,南宁市,专科,,否,否,否,否,现役候选,是,,,,,,,4,0,是,0,,0,,https://www.gxgsxy.edu.cn/
4145013829,广西演艺职业学院,广西壮族自治区,南宁市,专科,,是,否,否,否,现役候选,是,,,,,,,1,0,是,0,,0,,https://www.gxart.cn
4145013831,广西电力职业技术学院,广西壮族自治区,南宁市,专科,,否,否,否,否,现役候选,是,,,,,,,2,0,是,0,,0,,https://www.gxdlxy.com/
4145014026,广西英华国际职业学院,广西壮族自治区,钦州市,专科,,是,否,否,否,现役候选,是,,,,,,,2,0,是,0,,0,,https://www.gxtic.edu.cn/
4145014067,柳州城市职业学院,广西壮族自治区,柳州市,专科,,否,否,否,否,现役候选,是,,,,,,,2,0,是,0,,0,,https://www.lcvc.edu.cn/
4145014068,百色职业学院,广西壮族自治区,百色市,专科,,否,否,否,否,现役候选,是,,,,,,,3,0,是,0,,0,,https://www.gxbszy.cn/
4145014127,广西工程职业学院,广西壮族自治区,百色市,专科,,是,否,否,否,现役候选,是,,,,,,,2,0,是,0,,0,,http://www.gxgcedu.com/
4145014170,广西理工职业技术学院,广西壮族自治区,崇左市,专科,,是,否,否,否,现役候选,是,,,,,,,3,0,是,0,,0,,https://www.gxlgxy.edu.cn/#/
4145014171,梧州职业学院,广西壮族自治区,梧州市,专科,,否,否,否,否,现役候选,是,,,,,,,2,0,是,0,,0,,http://www.wzzy.edu.cn/
4145014211,广西经济职业学院,广西壮族自治区,南宁市,专科,,是,否,否,否,现役候选,是,,,,,,,2,0,是,0,,0,,https://www.gxevc.com
4145014220,广西幼儿师范高等专科学校,广西壮族自治区,南宁市,专科,,否,否,否,否,现役候选,是,,,,,,,4,0,是,0,,0,,https://www.gxyesf.edu.cn/
4145014312,广西科技职业学院,广西壮族自治区,崇左市,专科,,是,否,否,否,现役候选,是,,,,,,,2,0,是,0,,0,,http://www.gxkjzy.com/
4145014313,广西卫生职业技术学院,广西壮族自治区,南宁市,专科,,否,否,否,否,现役候选,是,,,,,,,3,0,是,0,,0,,https://www.gxwzy.edu.cn/
4145014481,广西培贤国际职业学院,广西壮族自治区,百色市,专科,,是,否,否,否,现役候选,是,,,,,,,2,0,是,0,,0,,https://www.peixianedu.cn/pcindex.html
4145014512,广西金融职业技术学院,广西壮族自治区,南宁市,专科,,否,否,否,否,现役候选,是,,,,,,,2,0,是,0,,0,,http://www.gxjrxy.edu.cn/
4145014546,广西中远职业学院,广西壮族自治区,崇左市,专科,,是,否,否,否,现役候选,是,,,,,,,1,0,是,0,,0,,
4145014573,玉柴职业技术学院,广西壮族自治区,玉林市,专科,,是,否,否,否,现役候选,是,,,,,,,1,0,是,0,,0,,
4145014574,广西蓝天航空职业学院,广西壮族自治区,来宾市,专科,,是,否,否,否,现役候选,是,,,,,,,1,0,是,0,,0,,https://www.gxltu.edu.cn/
4145014611,广西安全工程职业技术学院,广西壮族自治区,南宁市,专科,,否,否,否,否,现役候选,是,,,,,,,2,0,是,0,,0,,http://www.gxaqzy.edu.cn/
4145014668,广西自然资源职业技术学院,广西壮族自治区,崇左市,专科,,否,否,否,否,现役候选,是,,,,,,,2,0,是,0,,0,,https://www.gxnrvtc.edu.cn/
4145014693,钦州幼儿师范高等专科学校,广西壮族自治区,钦州市,专科,,否,否,否,否,现役候选,是,,,,,,,1,1,是,0,,0,,https://www.qzyz.edu.cn/
4145014694,梧州医学高等专科学校,广西壮族自治区,梧州市,专科,,是,否,否,否,现役候选,是,,,,,,,1,0,是,0,,0,,https://www.wuzmc.edu.cn/
4145014722,广西制造工程职业技术学院,广西壮族自治区,南宁市,专科,,否,否,否,否,现役候选,是,,,,,,,1,0,是,0,,0,,https://www.gxzzzy.cn/
4145014723,广西物流职业技术学院,广西壮族自治区,贵港市,专科,,否,否,否,否,现役候选,是,,,,,,,1,0,是,0,,0,,https://www.gxlvtc.edu.cn/
4145014762,防城港职业技术学院,广西壮族自治区,防城港市,专科,,否,否,否,否,现役候选,是,,,,,,,1,0,是,0,,0,,https://www.fcgzy.edu.cn/
4145014763,广西信息职业技术学院,广西壮族自治区,南宁市,专科,,否,否,否,否,现役候选,是,,,,,,,2,0,是,0,,0,,https://www.gxuie.cn/
4145014764,广西农业工程职业技术学院,广西壮族自治区,崇左市,专科,,否,否,否,否,现役候选,是,,,,,,,1,0,是,0,,0,,http://www.gxngy.edu.cn/
4145014765,北海康养职业学院,广西壮族自治区,北海市,专科,,是,否,否,否,现役候选,是,,,,,,,1,0,是,0,,0,,https://www.bhkyxy.com/
4245051675,崇左幼儿师范高等专科学校,广西壮族自治区,崇左市,专科,,否,否,否,否,现役候选,是,,,,,,,2,0,是,0,,0,,http://www.czygz.edu.cn/main.htm
4145014821,广西质量工程职业技术学院,广西壮族自治区,南宁市,专科,,否,否,否,否,现役候选,是,,,,,,,1,0,是,0,,0,,https://www.gxzlgc.edu.cn/
4145014822,桂林信息工程职业学院,广西壮族自治区,桂林市,专科,,是,否,否,否,现役候选,是,,,,,,,1,0,是,0,,0,,https://www.glcie.edu.cn/
4145014868,玉林职业技术学院,广西壮族自治区,玉林市,专科,,否,否,否,否,现役候选,是,,,,,,,1,0,是,0,,0,,https://www.ylzy.edu.cn/
4145014869,广西智能制造职业技术学院,广西壮族自治区,柳州市,专科,,否,否,否,否,现役候选,是,,,,,,,1,0,是,0,,0,,https://new.gxgj.com/
4145014966,贺州职业技术学院,广西壮族自治区,贺州市,专科,,否,否,否,否,现役候选,是,,,,,,,1,1,是,0,,0,,
4145014967,北海海运职业学院,广西壮族自治区,北海市,专科,,是,否,否,否,现役候选,是,,,,,,,1,0,是,0,,0,,https://www.bma-bh.com
4145014968,防城港现代食药品职业学院,广西壮族自治区,防城港市,专科,,是,否,否,否,现役候选,是,,,,,,,1,1,是,0,,0,,
4145014969,贵港应用技术职业学院,广西壮族自治区,贵港市,专科,,是,否,否,否,现役候选,是,,,,,,,1,1,是,0,,0,,
4146010589,海南大学,海南省,海口市,本科,,否,否,是,是,现役候选,是,2026软科主榜 87,2026软科主榜 87,,,,,5,0,是,0,,0,,https://www.hainanu.edu.cn
4146011100,海南热带海洋学院,海南省,三亚市,本科,,否,否,否,否,现役候选,是,2026软科主榜 463,2026软科主榜 463,,,,,2,0,是,0,,0,,https://www.hntou.edu.cn/
4146011658,海南师范大学,海南省,海口市,本科,,否,否,否,否,现役候选,是,2026软科主榜 227,2026软科主榜 227,,,,,3,0,是,0,,0,,https://www.hainnu.edu.cn/
4146011810,海南医科大学,海南省,海口市,本科,,否,否,否,否,现役候选,是,2026软科分类标签 医31,2026软科分类标签 医31,,,,,3,0,是,0,,0,,https://www.muhn.edu.cn/
4146012308,海口经济学院,海南省,海口市,本科,,是,否,否,否,现役候选,是,2026软科分类标签 财18,2026软科分类标签 财18,,,,,2,0,是,0,,0,,https://www.hkc.edu.cn/
4146013811,琼台师范学院,海南省,海口市,本科,,否,否,否,否,现役候选,是,2026软科分类标签 500+,2026软科分类标签 500+,,,,,3,0,是,0,,0,,https://www.qtnu.edu.cn/
4146013892,三亚学院,海南省,三亚市,本科,,是,否,否,否,现役候选,是,2026软科主榜 50,2026软科主榜 50,,,,,1,0,是,0,,0,,https://www.sanyau.edu.cn/
4146014172,海南科技职业大学,海南省,海口市,本科,,是,否,否,否,现役候选,是,,,,,,,3,0,是,0,,0,,https://www.hvust.edu.cn/
4146014829,海南比勒费尔德应用科学大学,海南省,儋州市,本科,,否,否,否,否,现役候选,是,,,,,,,1,0,是,0,,0,,https://www.biuh.org/
4146014944,海南警察学院,海南省,海口市,本科,,否,否,否,否,现役候选,是,,,,,,,1,0,是,0,,0,,https://www.hipolice.edu.cn/
4146014948,海南洛桑旅游大学,海南省,三亚市,本科,,否,否,否,否,现役候选,是,,,,,,,1,0,是,0,,0,,
4146013875,海南经贸职业大学,海南省,海口市,本科,,否,否,否,否,现役候选,是,,,,,,,1,0,是,0,,0,,https://www.hceb.edu.cn/
4146011999,海南职业技术学院,海南省,海口市,专科,,否,否,否,否,现役候选,是,,,,,,,1,0,是,0,,0,,https://www.hcvt.cn/
4146012717,三亚城市职业学院,海南省,三亚市,专科,,是,否,否,否,现役候选,是,,,,,,,1,0,是,0,,0,,https://www.sycsxy.cn
4146013575,海南软件职业技术学院,海南省,琼海市,专科,,否,否,否,否,现役候选,是,,,,,,,1,0,是,0,,0,,https://www.hncst.edu.cn/
4146013576,海南政法职业学院,海南省,海口市,专科,,否,否,否,否,现役候选,是,,,,,,,1,0,是,0,,0,,https://www.hnplc.com
4146013577,海南外国语职业学院,海南省,文昌市,专科,,否,否,否,否,现役候选,是,,,,,,,2,0,是,0,,0,,http://www.hncfs.edu.cn
4146013876,海南工商职业学院,海南省,海口市,专科,,是,否,否,否,现役候选,是,,,,,,,1,0,是,0,,0,,https://www.hntbc.edu.cn/
4146013931,三亚航空旅游职业学院,海南省,三亚市,专科,,是,否,否,否,现役候选,是,,,,,,,1,0,是,0,,0,,https://www.hnasatc.edu.cn/
4146014236,三亚理工职业学院,海南省,三亚市,专科,,是,否,否,否,现役候选,是,,,,,,,1,0,是,0,,0,,http://www.ucsanya.com
4146014575,海南体育职业技术学院,海南省,海口市,专科,,否,否,否,否,现役候选,是,,,,,,,1,0,是,0,,0,,https://www.hnstx.com
4146014612,三亚中瑞酒店管理职业学院,海南省,三亚市,专科,,是,否,否,否,现役候选,是,,,,,,,1,0,是,0,,0,,https://www.his.edu.cn
4146014639,海南健康管理职业技术学院,海南省,澄迈县,专科,,是,否,否,否,现役候选,是,,,,,,,3,0,是,0,,0,,http://www.hainhmc.edu.cn
4146014724,海南卫生健康职业学院,海南省,海口市,专科,,否,否,否,否,现役候选,是,,,,,,,2,0,是,0,,0,,https://www.hnhvc.edu.cn/
4146014846,海南东方新丝路职业学院,海南省,东方市,专科,,是,否,否,否,现役候选,是,,,,,,,1,0,是,0,,0,,https://www.hinsrc.edu.cn/
4146014890,海口旅游职业学院,海南省,海口市,专科,,否,否,否,否,现役候选,是,,,,,,,1,0,是,0,,0,,http://www.hkvts.cn/hkvts/index/index.html
4146014891,海南艺术职业学院,海南省,海口市,专科,,否,否,否,否,现役候选,是,,,,,,,1,0,是,0,,0,,http://www.hnart-edu.cn/
4146014893,三亚护理职业学院,海南省,三亚市,专科,,是,否,否,否,现役候选,是,,,,,,,1,0,是,0,,0,,https://www.syicn.cn
4146014970,海南万宁食品药品职业学院,海南省,万宁市,专科,,是,否,否,否,现役候选,是,,,,,,,1,0,是,0,,0,,https://www.hnwnfpvc.com/
4150010611,重庆大学,重庆市,重庆市,本科,,否,是,是,是,现役候选,是,2026软科主榜 34,2026软科主榜 34,,,,,6,0,是,0,,0,,https://www.cqu.edu.cn/
4150010617,重庆邮电大学,重庆市,重庆市,本科,,否,否,否,否,现役候选,是,2026软科主榜 147,2026软科主榜 147,,,,,2,0,是,0,,0,,https://www.cqupt.edu.cn/
4150010618,重庆交通大学,重庆市,重庆市,本科,,否,否,否,否,现役候选,是,2026软科主榜 191,2026软科主榜 191,,,,,3,0,是,0,,0,,https://www.cqjtu.edu.cn/
4150010631,重庆医科大学,重庆市,重庆市,本科,,否,否,否,否,现役候选,是,2026软科分类标签 医9,2026软科分类标签 医9,,,,,3,0,是,0,,0,,https://www.cqmu.edu.cn/
4150010635,西南大学,重庆市,重庆市,本科,,否,否,是,是,现役候选,是,2026软科主榜 61,2026软科主榜 61,,,,,3,0,是,0,,0,,https://www.swu.edu.cn/
4150010637,重庆师范大学,重庆市,重庆市,本科,,否,否,否,否,现役候选,是,2026软科主榜 215,2026软科主榜 215,,,,,4,0,是,0,,0,,https://www.cqnu.edu.cn
4150010642,重庆文理学院,重庆市,重庆市,本科,,否,否,否,否,现役候选,是,2026软科主榜 307,2026软科主榜 307,,,,,4,0,是,0,,0,,https://www.cqwu.edu.cn/
4150010643,重庆三峡科技大学,重庆市,重庆市,本科,,否,否,否,否,现役候选,是,2026软科主榜 380,2026软科主榜 380,,,,,2,0,是,0,,0,,https://www.sanxiau.edu.cn/
4150010647,长江师范学院,重庆市,重庆市,本科,,否,否,否,否,现役候选,是,2026软科主榜 345,2026软科主榜 345,,,,,2,0,是,0,,0,,https://www.yznu.edu.cn/
4150010650,四川外国语大学,重庆市,重庆市,本科,,否,否,否,否,现役候选,是,2026软科分类标签 语10,2026软科分类标签 语10,,,,,1,0,是,0,,0,,https://www.sisu.edu.cn
4150010652,西南政法大学,重庆市,重庆市,本科,,否,否,否,否,现役候选,是,2026软科分类标签 政3,2026软科分类标签 政3,,,,,4,0,是,0,,0,,https://www.swupl.edu.cn/
4150010655,四川美术学院,重庆市,重庆市,本科,,否,否,否,否,现役候选,是,,,,,,,5,0,是,0,,0,,https://www.scfai.edu.cn
4150011551,重庆科技大学,重庆市,重庆市,本科,,否,否,否,否,现役候选,是,2026软科主榜 279,2026软科主榜 279,,,,,1,0,是,0,,0,,https://www.cqust.edu.cn/
4150011660,重庆理工大学,重庆市,重庆市,本科,,否,否,否,否,现役候选,是,2026软科主榜 243,2026软科主榜 243,,,,,5,0,是,0,,0,,https://www.cqut.edu.cn
4150011799,重庆工商大学,重庆市,重庆市,本科,,否,否,否,否,现役候选,是,2026软科分类标签 财20,2026软科分类标签 财20,,,,,4,0,是,0,,0,,https://www.ctbu.edu.cn/
4150012607,重庆机电职业技术大学,重庆市,重庆市,本科,,是,否,否,否,现役候选,是,,,,,,,2,0,是,0,,0,,https://www.cqvtu.edu.cn/
4150012608,重庆工程学院,重庆市,重庆市,本科,,是,否,否,否,现役候选,是,2026软科分类标签 100+,2026软科分类标签 100+,,,,,3,0,是,0,,0,,https://www.cqie.edu.cn/
4150012616,重庆城市科技学院,重庆市,重庆市,本科,,是,否,否,否,现役候选,是,2026软科主榜 55,2026软科主榜 55,,,,,2,0,是,0,,0,,https://www.cqcst.edu.cn/
4150012757,重庆警察学院,重庆市,重庆市,本科,,否,否,否,否,现役候选,是,2026软科分类标签 政16,2026软科分类标签 政16,,,,,1,0,是,0,,0,,https://www.cqpc.edu.cn
4150013548,重庆人文科技学院,重庆市,重庆市,本科,,是,否,否,否,现役候选,是,2026软科主榜 10,2026软科主榜 10,,,,,2,0,是,0,,0,,https://www.cqrk.edu.cn/
4150013588,重庆外语外事学院,重庆市,重庆市,本科,,是,否,否,否,现役候选,是,2026软科分类标签 语5+,2026软科分类标签 语5+,,,,,2,0,是,0,,0,,http://www.tcsisu.com/
4150013589,重庆对外经贸学院,重庆市,重庆市,本科,,是,否,否,否,现役候选,是,2026软科分类标签 财22,2026软科分类标签 财22,,,,,3,0,是,0,,0,,https://www.ccibe.edu.cn/
4150013590,重庆财经学院,重庆市,重庆市,本科,,是,否,否,否,现役候选,是,2026软科分类标签 财7,2026软科分类标签 财7,,,,,1,0,是,0,,0,,http://www.cfec.edu.cn/
4150013591,重庆工商大学派斯学院,重庆市,重庆市,本科,,是,否,否,否,现役候选,是,,,,,,,1,0,是,0,,0,,https://www.paisi.edu.cn/
4150013627,重庆移通学院,重庆市,重庆市,本科,,是,否,否,否,现役候选,是,2026软科主榜 77,2026软科主榜 77,,,,,2,0,是,0,,0,,https://www.cqytxy.edu.cn/
4150014388,重庆第二师范学院,重庆市,重庆市,本科,,否,否,否,否,现役候选,是,2026软科主榜 433,2026软科主榜 433,,,,,3,0,是,0,,0,,https://www.cque.edu.cn/
4150014830,重庆中医药学院,重庆市,重庆市,本科,,否,否,否,否,现役候选,是,,,,,,,1,0,是,0,,0,,https://www.cqctcm.edu.cn/
4150012609,重庆电子科技职业大学,重庆市,重庆市,本科,,否,否,否,否,现役候选,是,,,,,,,4,0,是,0,,0,,https://www.cqcet.edu.cn/
4150012215,重庆工业职业技术大学,重庆市,重庆市,本科,,否,否,否,否,现役候选,是,,,,,,,2,0,是,0,,0,,https://www.cqipc.edu.cn/
4150012759,重庆工程职业技术大学,重庆市,重庆市,本科,,否,否,否,否,现役候选,是,,,,,,,1,0,是,0,,0,,https://www.cqvie.edu.cn/
4150012758,重庆城市管理职业大学,重庆市,重庆市,本科,,否,否,否,否,现役候选,是,,,,,,,2,0,是,0,,0,,https://www.cqc.edu.cn
4150010870,重庆航天职业技术学院,重庆市,重庆市,专科,,否,否,否,否,现役候选,是,,,,,,,6,0,是,0,,0,,http://www.cqepc.cn
4150011848,重庆电力高等专科学校,重庆市,重庆市,专科,,否,否,否,否,现役候选,是,,,,,,,3,0,是,0,,0,,https://www.cqepc.com.cn/
4150012605,重庆三峡职业学院,重庆市,重庆市,专科,,否,否,否,否,现役候选,是,,,,,,,2,0,是,0,,0,,http://www.cqsxedu.com/
4150012606,重庆工贸职业技术学院,重庆市,重庆市,专科,,否,否,否,否,现役候选,是,,,,,,,1,0,是,0,,0,,https://www.cqgmy.cn/
4150012754,重庆海联职业技术学院,重庆市,重庆市,专科,,是,否,否,否,现役候选,是,,,,,,,1,0,是,0,,0,,http://www.cqhvtc.edu.cn/
4150012755,重庆信息技术职业学院,重庆市,重庆市,专科,,是,否,否,否,现役候选,是,,,,,,,4,0,是,0,,0,,https://www.cqeec.com/
4150012756,重庆传媒职业学院,重庆市,重庆市,专科,,是,否,否,否,现役候选,是,,,,,,,1,0,是,0,,0,,http://www.cqcmxy.com/
4150012820,重庆建筑科技职业学院,重庆市,重庆市,专科,,是,否,否,否,现役候选,是,,,,,,,1,0,是,0,,0,,https://www.cqrec.edu.cn/
4150013734,重庆城市职业学院,重庆市,重庆市,专科,,否,否,否,否,现役候选,是,,,,,,,1,0,是,0,,0,,https://www.cqcvc.edu.cn/
4150013735,重庆水利电力职业技术学院,重庆市,重庆市,专科,,否,否,否,否,现役候选,是,,,,,,,2,0,是,0,,0,,https://www.cqsdzy.edu.cn/index.htm
4150013967,重庆工商职业学院,重庆市,重庆市,专科,,否,否,否,否,现役候选,是,,,,,,,3,0,是,0,,0,,https://www.cqtbi.edu.cn/
4150013968,重庆应用技术职业学院,重庆市,重庆市,专科,,是,否,否,否,现役候选,是,,,,,,,1,0,是,0,,0,,https://www.cqyyzy.com/
4150014008,重庆三峡医药高等专科学校,重庆市,重庆市,专科,,否,否,否,否,现役候选,是,,,,,,,2,0,是,0,,0,,https://www.sxyyc.net/
4150014009,重庆医药高等专科学校,重庆市,重庆市,专科,,否,否,否,否,现役候选,是,,,,,,,3,0,是,0,,0,,https://www.cqyygz.com/
4150014069,重庆青年职业技术学院,重庆市,重庆市,专科,,否,否,否,否,现役候选,是,,,,,,,4,0,是,0,,0,,https://www.cqyu.edu.cn/
4150014128,重庆财经职业学院,重庆市,重庆市,专科,,否,否,否,否,现役候选,是,,,,,,,2,0,是,0,,0,,https://www.cqcfe.com/
4150014173,重庆科创职业学院,重庆市,重庆市,专科,,是,否,否,否,现役候选,是,,,,,,,2,0,是,0,,0,,https://www.cqie.cn/
4150014183,重庆建筑工程职业学院,重庆市,重庆市,专科,,否,否,否,否,现役候选,是,,,,,,,2,0,是,0,,0,,https://www.cqjzc.edu.cn/
4150014237,重庆电讯职业学院,重庆市,重庆市,专科,,是,否,否,否,现役候选,是,,,,,,,2,0,是,0,,0,,https://www.cqdxxy.edu.cn/
4150014238,重庆能源职业学院,重庆市,重庆市,专科,,是,否,否,否,现役候选,是,,,,,,,1,0,是,0,,0,,https://www.cqny.edu.cn/
4150014246,重庆商务职业学院,重庆市,重庆市,专科,,否,否,否,否,现役候选,是,,,,,,,2,0,是,0,,0,,https://www.cqbvc.edu.cn/
4150014267,重庆交通职业学院,重庆市,重庆市,专科,,是,否,否,否,现役候选,是,,,,,,,2,0,是,0,,0,,https://www.cqjy.edu.cn/
4150014315,重庆化工职业学院,重庆市,重庆市,专科,,否,否,否,否,现役候选,是,,,,,,,2,0,是,0,,0,,https://www.cqcivc.edu.cn/
4150014316,重庆旅游职业学院,重庆市,重庆市,专科,,否,否,否,否,现役候选,是,,,,,,,2,0,是,0,,0,,https://www.cqvit.edu.cn/
4150014365,重庆安全技术职业学院,重庆市,重庆市,专科,,否,否,否,否,现役候选,是,,,,,,,3,0,是,0,,0,,https://www.cqvist.net/
4150014366,重庆公共运输职业学院,重庆市,重庆市,专科,,是,否,否,否,现役候选,是,,,,,,,2,0,是,0,,0,,https://www.cqgyzy.com/
4150014367,重庆艺术工程职业学院,重庆市,重庆市,专科,,是,否,否,否,现役候选,是,,,,,,,1,0,是,0,,0,,http://www.cqysxy.com/
4150014368,重庆轻工职业学院,重庆市,重庆市,专科,,是,否,否,否,现役候选,是,,,,,,,2,0,是,0,,0,,https://www.cqivc.com/
4150014369,重庆电信职业学院,重庆市,重庆市,专科,,是,否,否,否,现役候选,是,,,,,,,1,0,是,0,,0,,https://www.cqtc.edu.cn/
4150014370,重庆经贸职业学院,重庆市,重庆市,专科,,是,否,否,否,现役候选,是,,,,,,,2,0,是,0,,0,,https://www.cqvcet.com/
4150014428,重庆幼儿师范高等专科学校,重庆市,重庆市,专科,,否,否,否,否,现役候选,是,,,,,,,5,0,是,0,,0,,https://www.cqyz.edu.cn/
4150014482,重庆文化艺术职业学院,重庆市,重庆市,专科,,否,否,否,否,现役候选,是,,,,,,,1,0,是,0,,0,,https://www.cqca.edu.cn/
4150014491,重庆科技职业学院,重庆市,重庆市,专科,,是,否,否,否,现役候选,是,,,,,,,4,0,是,0,,0,,https://www.cqkjzyxy.com/
4150014557,重庆资源与环境保护职业学院,重庆市,重庆市,专科,,是,否,否,否,现役候选,是,,,,,,,1,0,是,0,,0,,https://www.cqzhxy.cn
4150014576,重庆护理职业学院,重庆市,重庆市,专科,,是,否,否,否,现役候选,是,,,,,,,1,0,是,0,,0,,https://www.cqnvc.edu.cn/
4150014725,重庆理工职业学院,重庆市,重庆市,专科,,是,否,否,否,现役候选,是,,,,,,,1,0,是,0,,0,,https://www.cqip.com.cn/
4150014726,重庆智能工程职业学院,重庆市,重庆市,专科,,是,否,否,否,现役候选,是,,,,,,,1,0,是,0,,0,,https://www.cqai.vip/
4150014727,重庆健康职业学院,重庆市,重庆市,专科,,是,否,否,否,现役候选,是,,,,,,,1,0,是,0,,0,,https://www.cqhve.cn/
4150014766,重庆工信职业学院,重庆市,重庆市,专科,,否,否,否,否,现役候选,是,,,,,,,3,0,是,0,,0,,https://www.cqiivc.com/
4150014776,重庆五一职业技术学院,重庆市,重庆市,专科,,否,否,否,否,现役候选,是,,,,,,,1,0,是,0,,0,,https://www.cqwyp.edu.cn/
4150014838,重庆数字产业职业技术学院,重庆市,重庆市,专科,,是,否,否,否,现役候选,是,,,,,,,1,0,是,0,,0,,https://www.cqsczy.cn
4150014870,重庆现代制造职业学院,重庆市,重庆市,专科,,是,否,否,否,现役候选,是,,,,,,,1,0,是,0,,0,,http://www.cqydxy.com/
4150014935,重庆农业职业学院,重庆市,重庆市,专科,,否,否,否,否,现役候选,是,,,,,,,1,0,是,0,,0,,http://www.cqnyzyxy.cn/
4150014936,重庆安防职业学院,重庆市,重庆市,专科,,是,否,否,否,现役候选,是,,,,,,,1,0,是,0,,0,,https://www.cqvcs.cn/
4150014971,重庆城乡发展职业学院,重庆市,重庆市,专科,,否,否,否,否,现役候选,是,,,,,,,1,1,是,0,,0,,
4150014972,重庆中药职业学院,重庆市,重庆市,专科,,是,否,否,否,现役候选,是,,,,,,,1,1,是,0,,0,,
4151010610,四川大学,四川省,成都市,本科,,否,是,是,是,现役候选,是,2026软科主榜 16,2026软科主榜 16,,,,,5,0,是,0,,0,,https://www.scu.edu.cn/
4151010613,西南交通大学,四川省,成都市,本科,,否,否,是,是,现役候选,是,2026软科主榜 49,2026软科主榜 49,,,,,4,0,是,0,,0,,https://www.swjtu.edu.cn/
4151010614,电子科技大学,四川省,成都市,本科,,否,是,是,是,现役候选,是,2026软科主榜 33,2026软科主榜 33,,,,,4,0,是,0,,0,,https://www.uestc.edu.cn/
4151010615,西南石油大学,四川省,成都市,本科,,否,否,否,是,现役候选,是,2026软科主榜 119,2026软科主榜 119,,,,,3,0,是,0,,0,,https://www.swpu.edu.cn
4151010616,成都理工大学,四川省,成都市,本科,,否,否,否,是,现役候选,是,2026软科主榜 127,2026软科主榜 127,,,,,3,0,是,0,,0,,https://www.cdut.edu.cn/
4151010619,西南科技大学,四川省,绵阳市,本科,,否,否,否,否,现役候选,是,2026软科主榜 205,2026软科主榜 205,,,,,2,0,是,0,,0,,https://www.swust.edu.cn/
4151010621,成都信息工程大学,四川省,成都市,本科,,否,否,否,否,现役候选,是,2026软科主榜 260,2026软科主榜 260,,,,,4,0,是,0,,0,,https://www.cuit.edu.cn/
4151010622,四川轻化工大学,四川省,自贡市,本科,,否,否,否,否,现役候选,是,2026软科主榜 326,2026软科主榜 326,,,,,7,0,是,0,,0,,https://www.suse.edu.cn/
4151010623,西华大学,四川省,成都市,本科,,否,否,否,否,现役候选,是,2026软科主榜 262,2026软科主榜 262,,,,,9,0,是,0,,0,,https://www.xhu.edu.cn/
4151010624,中国民用航空飞行学院,四川省,德阳市,本科,,否,否,否,否,现役候选,是,2026软科主榜 365,2026软科主榜 365,,,,,3,0,是,0,,0,,https://www.cafuc.edu.cn/
4151010626,四川农业大学,四川省,雅安市,本科,,否,否,是,是,现役候选,是,2026软科主榜 134,2026软科主榜 134,,,,,3,0,是,0,,0,,https://www.sicau.edu.cn
4151010628,西昌学院,四川省,凉山彝族自治州,本科,,否,否,否,否,现役候选,是,2026软科主榜 450,2026软科主榜 450,,,,,4,0,是,0,,0,,https://www.xcc.edu.cn/
4151010632,西南医科大学,四川省,泸州市,本科,,否,否,否,否,现役候选,是,2026软科分类标签 医24,2026软科分类标签 医24,,,,,4,0,是,0,,0,,https://www.swmu.edu.cn/
4151010633,成都中医药大学,四川省,成都市,本科,,否,否,否,是,现役候选,是,2026软科分类标签 中医6,2026软科分类标签 中医6,,,,,7,0,是,0,,0,,https://www.cdutcm.edu.cn/
4151010634,川北医学院,四川省,南充市,本科,,否,否,否,否,现役候选,是,2026软科分类标签 医37,2026软科分类标签 医37,,,,,4,0,是,0,,0,,https://www.nsmc.edu.cn/
4151010636,四川师范大学,四川省,成都市,本科,,否,否,否,否,现役候选,是,2026软科主榜 209,2026软科主榜 209,,,,,4,0,是,0,,0,,https://www.sicnu.edu.cn
4151010638,西华师范大学,四川省,南充市,本科,,否,否,否,否,现役候选,是,2026软科主榜 271,2026软科主榜 271,,,,,2,0,是,0,,0,,https://www.cwnu.edu.cn/
4151010639,绵阳师范学院,四川省,绵阳市,本科,,否,否,否,否,现役候选,是,2026软科主榜 386,2026软科主榜 386,,,,,3,0,是,0,,0,,https://www.mtc.edu.cn/
4151010640,内江师范学院,四川省,内江市,本科,,否,否,否,否,现役候选,是,2026软科主榜 408,2026软科主榜 408,,,,,3,0,是,0,,0,,https://www.njtc.edu.cn
4151010641,宜宾学院,四川省,宜宾市,本科,,否,否,否,否,现役候选,是,2026软科主榜 409,2026软科主榜 409,,,,,4,0,是,0,,0,,https://www.yibinu.edu.cn/
4151010644,四川文理学院,四川省,达州市,本科,,否,否,否,否,现役候选,是,2026软科分类标签 500+,2026软科分类标签 500+,,,,,4,0,是,0,,0,,https://www.sasu.edu.cn/
4151010646,阿坝师范学院,四川省,阿坝藏族羌族自治州,本科,,否,否,否,否,现役候选,是,2026软科分类标签 500+,2026软科分类标签 500+,,,,,2,0,是,0,,0,,https://www.abtu.edu.cn/
4151010649,乐山师范学院,四川省,乐山市,本科,,否,否,否,否,现役候选,是,2026软科主榜 426,2026软科主榜 426,,,,,1,0,是,0,,0,,https://www.lsnu.edu.cn/
4151010651,西南财经大学,四川省,成都市,本科,,否,否,是,是,现役候选,是,2026软科分类标签 财5,2026软科分类标签 财5,,,,,2,0,是,0,,0,,https://www.swufe.edu.cn/
4151010653,成都体育学院,四川省,成都市,本科,,否,否,否,否,现役候选,是,2026软科分类标签 体8,2026软科分类标签 体8,,,,,2,0,是,0,,0,,https://www.cdsu.edu.cn/
4151010654,四川音乐学院,四川省,成都市,本科,,否,否,否,否,现役候选,是,,,,,,,3,0,是,0,,0,,https://www.sccm.edu.cn/
4151010656,西南民族大学,四川省,成都市,本科,,否,否,否,否,现役候选,是,2026软科分类标签 民3,2026软科分类标签 民3,,,,,6,0,是,0,,0,,https://www.swun.edu.cn/
4151011079,成都大学,四川省,成都市,本科,,否,否,否,否,现役候选,是,2026软科主榜 241,2026软科主榜 241,,,,,1,0,是,0,,0,,https://www.cdu.edu.cn
4151011116,成都工业学院,四川省,成都市,本科,,否,否,否,否,现役候选,是,2026软科主榜 446,2026软科主榜 446,,,,,4,0,是,0,,0,,https://www.cdtu.edu.cn/
4151011360,攀枝花学院,四川省,攀枝花市,本科,,否,否,否,否,现役候选,是,2026软科主榜 394,2026软科主榜 394,,,,,2,0,是,0,,0,,https://www.pzhu.cn/
4151011552,四川旅游学院,四川省,成都市,本科,,否,否,否,否,现役候选,是,2026软科主榜 483,2026软科主榜 483,,,,,3,0,是,0,,0,,https://www.sctu.edu.cn/
4151011661,四川民族学院,四川省,甘孜藏族自治州,本科,,否,否,否,否,现役候选,是,2026软科分类标签 500+,2026软科分类标签 500+,,,,,4,0,是,0,,0,,https://www.scun.edu.cn/
4151012212,四川警察学院,四川省,泸州市,本科,,否,否,否,否,现役候选,是,2026软科分类标签 政9,2026软科分类标签 政9,,,,,2,0,是,0,,0,,https://www.scpolicec.edu.cn/
4151012636,成都东软学院,四川省,成都市,本科,,是,否,否,否,现役候选,是,2026软科主榜 75,2026软科主榜 75,,,,,2,0,是,0,,0,,https://www.nsu.edu.cn/
4151012969,成都艺术职业大学,四川省,成都市,本科,,是,否,否,否,现役候选,是,,,,,,,3,0,是,0,,0,,http://www.cdau.edu.cn
4151013665,电子科技大学成都学院,四川省,成都市,本科,,是,否,否,否,现役候选,是,,,,,,,3,0,是,0,,0,,https://www.cduestc.cn/
4151013668,成都理工大学工程技术学院,四川省,乐山市,本科,,是,否,否,否,现役候选,是,,,,,,,1,0,是,0,,0,,https://www.cdutetc.cn/
4151013669,四川传媒学院,四川省,成都市,本科,,是,否,否,否,现役候选,是,,,,,,,4,0,是,0,,0,,https://www.scmc.edu.cn/
4151013670,成都银杏酒店管理学院,四川省,成都市,本科,,是,否,否,否,现役候选,是,2026软科分类标签 财27+,2026软科分类标签 财27+,,,,,2,0,是,0,,0,,https://www.gingkoc.edu.cn/
4151013671,成都文理学院,四川省,成都市,本科,,是,否,否,否,现役候选,是,2026软科主榜 36,2026软科主榜 36,,,,,2,0,是,0,,0,,https://www.cdcas.edu.cn/
4151013672,四川工商学院,四川省,成都市,本科,,是,否,否,否,现役候选,是,2026软科主榜 68,2026软科主榜 68,,,,,2,0,是,0,,0,,https://www.stbu.edu.cn/
4151013673,成都外国语学院,四川省,成都市,本科,,是,否,否,否,现役候选,是,2026软科分类标签 语5+,2026软科分类标签 语5+,,,,,2,0,是,0,,0,,https://www.cisisu.edu.cn/
4151013705,成都医学院,四川省,成都市,本科,,否,否,否,否,现役候选,是,2026软科分类标签 医53,2026软科分类标签 医53,,,,,2,0,是,0,,0,,https://www.cmc.edu.cn/
4151013816,四川工业科技学院,四川省,德阳市,本科,,是,否,否,否,现役候选,是,2026软科主榜 95,2026软科主榜 95,,,,,4,0,是,0,,0,,https://www.scit.edu.cn/
4151013903,成都锦城学院,四川省,成都市,本科,,是,否,否,否,现役候选,是,2026软科主榜 26,2026软科主榜 26,,,,,1,0,是,0,,0,,https://www.cdjcc.edu.cn/
4151014037,西南财经大学天府学院,四川省,绵阳市,本科,,是,否,否,否,现役候选,是,,,,,,,5,0,是,0,,0,,https://www.tfswufe.edu.cn/
4151014039,四川大学锦江学院,四川省,眉山市,本科,,是,否,否,否,现役候选,是,,,,,,,2,0,是,0,,0,,https://www.scujj.edu.cn/
4151014043,四川文化艺术学院,四川省,绵阳市,本科,,是,否,否,否,现役候选,是,,,,,,,3,0,是,0,,0,,https://www.sca.edu.cn/
4151014045,绵阳城市学院,四川省,绵阳市,本科,,是,否,否,否,现役候选,是,2026软科分类标签 100+,2026软科分类标签 100+,,,,,2,0,是,0,,0,,https://www.mycc.edu.cn/
4151014262,西南交通大学希望学院,四川省,南充市,本科,,是,否,否,否,现役候选,是,,,,,,,2,0,是,0,,0,,https://www.swjtuhc.cn/
4151014389,成都师范学院,四川省,成都市,本科,,否,否,否,否,现役候选,是,2026软科主榜 388,2026软科主榜 388,,,,,3,0,是,0,,0,,https://www.cdnu.edu.cn/
4151014410,四川电影电视学院,四川省,成都市,本科,,是,否,否,否,现役候选,是,,,,,,,4,0,是,0,,0,,https://www.sfc.edu.cn/
4111012802,吉利学院,四川省,成都市,本科,,是,否,否,否,现役候选,是,2026软科分类标签 100+,2026软科分类标签 100+,,,,,1,0,是,0,,0,,https://www.guc.edu.cn/
4151012763,四川工程职业技术大学,四川省,德阳市,本科,,否,否,否,否,现役候选,是,,,,,,,1,0,是,0,,0,,https://www.scetc.edu.cn/
4151012064,成都航空职业技术大学,四川省,成都市,本科,,否,否,否,否,现役候选,是,,,,,,,1,0,是,0,,0,,https://www.cap.edu.cn/
4151011553,成都轻工职业技术大学,四川省,成都市,本科,,否,否,否,否,现役候选,是,,,,,,,2,0,是,0,,0,,https://www.cdtc.edu.cn/
4151012764,四川建筑职业技术大学,四川省,德阳市,本科,,否,否,否,否,现役候选,是,,,,,,,2,0,是,0,,0,,https://www.scac.edu.cn/
4151014984,广安理工学院,四川省,广安市,本科,,否,否,否,否,现役候选,是,,,,,,,1,0,是,0,,0,,https://www.gaitpo.edu.cn/
4151014985,成都美术学院,四川省,资阳市,本科,,否,否,否,否,现役候选,是,,,,,,,1,0,是,0,,0,,
4151012761,四川交通职业技术大学,四川省,成都市,本科,,否,否,否,否,现役候选,是,,,,,,,1,0,是,0,,0,,https://www.svtcc.edu.cn/
4151011841,民办四川天一学院,四川省,德阳市,专科,,是,否,否,否,现役候选,是,,,,,,,1,0,是,0,,0,,https://sctianyi.net/
4151012065,四川电力职业技术学院,四川省,成都市,专科,,否,否,否,否,现役候选,是,,,,,,,6,0,是,0,,0,,https://www.scdy.edu.cn
4151012635,成都职业技术学院,四川省,成都市,专科,,否,否,否,否,现役候选,是,,,,,,,5,0,是,0,,0,,https://www.cdp.edu.cn/
4151012637,四川化工职业技术学院,四川省,泸州市,专科,,否,否,否,否,现役候选,是,,,,,,,3,0,是,0,,0,,https://sccc.edu.cn/
4151012638,四川水利职业技术学院,四川省,成都市,专科,,否,否,否,否,现役候选,是,,,,,,,6,0,是,0,,0,,https://www.swcvc.edu.cn/
4151012639,南充职业技术学院,四川省,南充市,专科,,否,否,否,否,现役候选,是,,,,,,,3,0,是,0,,0,,https://www.nczy.edu.cn/
4151012640,内江职业技术学院,四川省,内江市,专科,,否,否,否,否,现役候选,是,,,,,,,3,0,是,0,,0,,http://njvtc.edu.cn/
4151012641,四川航天职业技术学院,四川省,成都市,专科,,否,否,否,否,现役候选,是,,,,,,,3,0,是,0,,0,,https://www.scavc.com/
4151012642,四川邮电职业技术学院,四川省,成都市,专科,,否,否,否,否,现役候选,是,,,,,,,1,0,是,0,,0,,https://www.sptc.edu.cn/
4151012751,四川机电职业技术学院,四川省,攀枝花市,专科,,否,否,否,否,现役候选,是,,,,,,,3,0,是,0,,0,,https://www.scemi.com/
4151012753,绵阳职业技术学院,四川省,绵阳市,专科,,否,否,否,否,现役候选,是,,,,,,,2,0,是,0,,0,,https://www.mypt.edu.cn/
4151012762,四川工商职业技术学院,四川省,成都市,专科,,否,否,否,否,现役候选,是,,,,,,,2,0,是,0,,0,,https://www.sctbc.net/
4151012767,达州职业技术学院,四川省,达州市,专科,,否,否,否,否,现役候选,是,,,,,,,3,0,是,0,,0,,https://www.dzvtc.edu.cn/
4151012963,四川托普信息技术职业学院,四川省,成都市,专科,,是,否,否,否,现役候选,是,,,,,,,2,0,是,0,,0,,https://www.scetop.com/
4151012964,四川国际标榜职业学院,四川省,成都市,专科,,是,否,否,否,现役候选,是,,,,,,,2,0,是,0,,0,,https://www.polus.edu.cn/
4151012965,成都农业科技职业学院,四川省,成都市,专科,,否,否,否,否,现役候选,是,,,,,,,2,0,是,0,,0,,https://www.cdnkxy.com
4151012966,宜宾职业技术学院,四川省,宜宾市,专科,,否,否,否,否,现役候选,是,,,,,,,2,0,是,0,,0,,https://www.ybzy.cn/
4151012967,泸州职业技术学院,四川省,泸州市,专科,,否,否,否,否,现役候选,是,,,,,,,1,0,是,0,,0,,https://www.lzy.edu.cn/
4151012968,眉山职业技术学院,四川省,眉山市,专科,,否,否,否,否,现役候选,是,,,,,,,2,0,是,0,,0,,https://www.msvtc.edu.cn/
4151012970,四川职业技术学院,四川省,遂宁市,专科,,否,否,否,否,现役候选,是,,,,,,,5,0,是,0,,0,,https://www.scvtc.edu.cn/
4151013048,乐山职业技术学院,四川省,乐山市,专科,,否,否,否,否,现役候选,是,,,,,,,1,0,是,0,,0,,https://www.lszyxy.edu.cn/
4151013049,雅安职业技术学院,四川省,雅安市,专科,,否,否,否,否,现役候选,是,,,,,,,5,0,是,0,,0,,https://www.yazy.edu.cn/
4151013812,四川商务职业学院,四川省,成都市,专科,,否,否,否,否,现役候选,是,,,,,,,2,0,是,0,,0,,https://www.scsw.edu.cn
4151013813,四川司法警官职业学院,四川省,德阳市,专科,,否,否,否,否,现役候选,是,,,,,,,2,0,是,0,,0,,https://www.sjpopc.edu.cn/
4151013814,广安职业技术学院,四川省,广安市,专科,,否,否,否,否,现役候选,是,,,,,,,4,0,是,0,,0,,https://www.gavtc.cn/
4151013815,四川信息职业技术学院,四川省,广元市,专科,,否,否,否,否,现役候选,是,,,,,,,2,0,是,0,,0,,https://www.scitc.com.cn/
4151014004,四川文化传媒职业学院,四川省,成都市,专科,,是,否,否,否,现役候选,是,,,,,,,4,0,是,0,,0,,https://www.svccc.net/
4151014005,四川华新现代职业学院,四川省,成都市,专科,,否,否,否,否,现役候选,是,,,,,,,2,0,是,0,,0,,https://www.schxmvc.com.cn/
4151014006,四川铁道职业学院,四川省,成都市,专科,,否,否,否,否,现役候选,是,,,,,,,1,0,是,0,,0,,https://www.scrc.edu.cn/
4151014007,四川艺术职业学院,四川省,成都市,专科,,否,否,否,否,现役候选,是,,,,,,,2,0,是,0,,0,,https://www.scapi.cn/
4151014010,四川中医药高等专科学校,四川省,绵阳市,专科,,否,否,否,否,现役候选,是,,,,,,,3,0,是,0,,0,,https://www.scctcm.edu.cn/
4151014070,四川科技职业学院,四川省,成都市,专科,,是,否,否,否,现役候选,是,,,,,,,3,0,是,0,,0,,http://scstc.cn/
4151014086,四川文化产业职业学院,四川省,成都市,专科,,否,否,否,否,现役候选,是,,,,,,,2,0,是,0,,0,,https://www.svcci.cn/
4151014091,四川财经职业学院,四川省,成都市,专科,,否,否,否,否,现役候选,是,,,,,,,1,0,是,0,,0,,https://www.scpcfe.cn/
4151014175,四川城市职业学院,四川省,成都市,专科,,是,否,否,否,现役候选,是,,,,,,,4,0,是,0,,0,,https://www.scuvc.edu.cn/
4151014176,四川现代职业学院,四川省,成都市,专科,,是,否,否,否,现役候选,是,,,,,,,3,0,是,0,,0,,https://www.scmvc.cn
4151014221,四川幼儿师范高等专科学校,四川省,绵阳市,专科,,否,否,否,否,现役候选,是,,,,,,,4,0,是,0,,0,,https://www.scyesz.edu.cn/
4151014323,四川长江职业学院,四川省,成都市,专科,,是,否,否,否,现役候选,是,,,,,,,1,0,是,0,,0,,https://www.sccvc.com/
4151014386,四川三河职业学院,四川省,泸州市,专科,,是,否,否,否,现役候选,是,,,,,,,2,0,是,0,,0,,https://www.scshpc.com
4151014393,川北幼儿师范高等专科学校,四川省,广元市,专科,,否,否,否,否,现役候选,是,,,,,,,1,0,是,0,,0,,https://www.cbyz.edu.cn/
4151014409,四川卫生康复职业学院,四川省,自贡市,专科,,否,否,否,否,现役候选,是,,,,,,,1,0,是,0,,0,,https://www.svchr.edu.cn/
4151014411,四川汽车职业技术学院,四川省,绵阳市,专科,,是,否,否,否,现役候选,是,,,,,,,2,0,是,0,,0,,http://www.scavtc.com/
4151014483,巴中职业技术学院,四川省,巴中市,专科,,是,否,否,否,现役候选,是,,,,,,,2,0,是,0,,0,,https://www.bzzyjsxy.cn/
4151014484,四川希望汽车职业学院,四川省,资阳市,专科,,是,否,否,否,现役候选,是,,,,,,,2,0,是,0,,0,,http://www.qicheedu.com/
4151014485,四川电子机械职业技术学院,四川省,绵阳市,专科,,是,否,否,否,现役候选,是,,,,,,,2,0,是,0,,0,,https://www.scemvtc.com/
4151014486,四川文轩职业学院,四川省,成都市,专科,,是,否,否,否,现役候选,是,,,,,,,2,0,是,0,,0,,http://www.scwxzyxy.cn/
4151014496,川南幼儿师范高等专科学校,四川省,内江市,专科,,否,否,否,否,现役候选,是,,,,,,,2,0,是,0,,0,,https://www.cnyz.edu.cn/
4151014513,四川护理职业学院,四川省,德阳市,专科,,否,否,否,否,现役候选,是,,,,,,,3,0,是,0,,0,,https://www.cnsnvc.edu.cn/
4151014514,成都工业职业技术学院,四川省,成都市,专科,,否,否,否,否,现役候选,是,,,,,,,4,0,是,0,,0,,https://www.cdivtc.edu.cn/
4151014515,四川西南航空职业学院,四川省,成都市,专科,,是,否,否,否,现役候选,是,,,,,,,3,0,是,0,,0,,https://www.xnhkxy.edu.cn
4151014547,成都工贸职业技术学院,四川省,成都市,专科,,否,否,否,否,现役候选,是,,,,,,,3,0,是,0,,0,,https://www.cdgmxy.edu.cn/
4151014548,四川应用技术职业学院,四川省,凉山彝族自治州,专科,,是,否,否,否,现役候选,是,,,,,,,2,0,是,0,,0,,https://www.scasc.cn/
4151014629,西昌民族幼儿师范高等专科学校,四川省,凉山彝族自治州,专科,,否,否,否,否,现役候选,是,,,,,,,2,0,是,0,,0,,https://www.xcmzyz.edu.cn/
4151014640,眉山药科职业学院,四川省,眉山市,专科,,是,否,否,否,现役候选,是,,,,,,,1,0,是,0,,0,,https://www.msykxy.edu.cn/
4151014641,天府新区信息职业学院,四川省,眉山市,专科,,是,否,否,否,现役候选,是,,,,,,,2,0,是,0,,0,,http://www.tficedu.com/
4151014642,德阳城市轨道交通职业学院,四川省,德阳市,专科,,是,否,否,否,现役候选,是,,,,,,,1,0,是,0,,0,,https://www.dcurt.cn/
4151014643,德阳科贸职业学院,四川省,德阳市,专科,,是,否,否,否,现役候选,是,,,,,,,2,0,是,0,,0,,https://www.dyvctt.edu.cn/
4151014644,江阳城建职业学院,四川省,泸州市,专科,,是,否,否,否,现役候选,是,,,,,,,1,0,是,0,,0,,https://www.jyccc.cn/
4151014645,天府新区航空旅游职业学院,四川省,眉山市,专科,,是,否,否,否,现役候选,是,,,,,,,3,0,是,0,,0,,http://www.tfhk.edu.cn/
4151014646,天府新区通用航空职业学院,四川省,眉山市,专科,,是,否,否,否,现役候选,是,,,,,,,2,0,是,0,,0,,https://ausedu.cn/
4151014647,阿坝职业学院,四川省,阿坝藏族羌族自治州,专科,,否,否,否,否,现役候选,是,,,,,,,3,0,是,0,,0,,https://www.abvc.edu.cn/
4151014669,达州中医药职业学院,四川省,达州市,专科,,否,否,否,否,现役候选,是,,,,,,,1,0,是,0,,0,,https://www.dzvccm.edu.cn/
4151014670,内江卫生与健康职业学院,四川省,内江市,专科,,否,否,否,否,现役候选,是,,,,,,,1,0,是,0,,0,,http://www.njnhvc.edu.cn/
4151014671,南充科技职业学院,四川省,南充市,专科,,是,否,否,否,现役候选,是,,,,,,,1,0,是,0,,0,,https://www.nstc.edu.cn/
4151014672,攀枝花攀西职业学院,四川省,攀枝花市,专科,,是,否,否,否,现役候选,是,,,,,,,1,0,是,0,,0,,http://www.pzhpxzyxy.com/
4151014673,资阳口腔职业学院,四川省,资阳市,专科,,是,否,否,否,现役候选,是,,,,,,,2,0,是,0,,0,,https://www.zykqxy.com/
4151014674,资阳环境科技职业学院,四川省,资阳市,专科,,是,否,否,否,现役候选,是,,,,,,,1,0,是,0,,0,,http://zycest.edu.cn/
4151014728,南充文化旅游职业学院,四川省,南充市,专科,,否,否,否,否,现役候选,是,,,,,,,2,0,是,0,,0,,https://www.ncvcct.edu.cn/
4151014729,南充电影工业职业学院,四川省,南充市,专科,,是,否,否,否,现役候选,是,,,,,,,1,0,是,0,,0,,https://www.ncdyxy.com/
4151014730,绵阳飞行职业学院,四川省,绵阳市,专科,,是,否,否,否,现役候选,是,,,,,,,1,0,是,0,,0,,https://www.topflying.com.cn/
4151014731,德阳农业科技职业学院,四川省,德阳市,专科,,是,否,否,否,现役候选,是,,,,,,,1,0,是,0,,0,,https://www.dynky.cn/
4151014732,泸州医疗器械职业学院,四川省,泸州市,专科,,是,否,否,否,现役候选,是,,,,,,,1,0,是,0,,0,,https://www.lzylqx.edu.cn/
4151014767,甘孜职业学院,四川省,甘孜藏族自治州,专科,,否,否,否,否,现役候选,是,,,,,,,2,0,是,0,,0,,https://www.scgzzyxy.com/
4151014768,自贡职业技术学院,四川省,自贡市,专科,,是,否,否,否,现役候选,是,,,,,,,1,0,是,0,,0,,https://www.zgzyjsxy.com/
4251050881,广元中核职业技术学院,四川省,广元市,专科,,是,否,否,否,现役候选,是,,,,,,,1,0,是,0,,0,,https://www.nivtc.com
4251051351,四川体育职业学院,四川省,成都市,专科,,否,否,否,否,现役候选,是,,,,,,,5,0,是,0,,0,,https://www.scsc.edu.cn/
4151014834,遂宁能源职业学院,四川省,遂宁市,专科,,是,否,否,否,现役候选,是,,,,,,,1,0,是,0,,0,,https://www.snvce.edu.cn/nyPortal/#/home?activeKey=001
4151014835,遂宁工程职业学院,四川省,遂宁市,专科,,是,否,否,否,现役候选,是,,,,,,,1,0,是,0,,0,,https://snevc.cn/
4151014836,遂宁职业学院,四川省,遂宁市,专科,,是,否,否,否,现役候选,是,,,,,,,1,0,是,0,,0,,https://suiningc.com/
4151014871,西昌医学高等专科学校,四川省,凉山彝族自治州,专科,,否,否,否,否,现役候选,是,,,,,,,1,0,是,0,,0,,https://www.xcmc.edu.cn/
4151014872,成都轨道交通职业学院,四川省,成都市,专科,,是,否,否,否,现役候选,是,,,,,,,1,0,是,0,,0,,https://edua.chengdurail.com:60001/index.html
4151014937,宜宾工业职业技术学院,四川省,宜宾市,专科,,否,否,否,否,现役候选,是,,,,,,,1,0,是,0,,0,,https://www.ybipc.edu.cn/
4151014938,宜宾医药健康职业学院,四川省,宜宾市,专科,,否,否,否,否,现役候选,是,,,,,,,1,0,是,0,,0,,https://www.ybmh.edu.cn/
4151014973,四川中医药职业学院,四川省,成都市,专科,,否,否,否,否,现役候选,是,,,,,,,1,0,是,0,,0,,
4151014974,四川质量工程职业技术学院,四川省,乐山市,专科,,否,否,否,否,现役候选,是,,,,,,,1,0,是,0,,0,,http://www.scqec.edu.cn/
4151014975,南充卫生职业学院,四川省,南充市,专科,,否,否,否,否,现役候选,是,,,,,,,1,1,是,0,,0,,
4152010657,贵州大学,贵州省,贵阳市,本科,,否,否,是,是,现役候选,是,2026软科主榜 85,2026软科主榜 85,,,,,5,0,是,0,,0,,https://www.gzu.edu.cn/
4152010660,贵州医科大学,贵州省,贵阳市,本科,,否,否,否,否,现役候选,是,2026软科分类标签 医28,2026软科分类标签 医28,,,,,3,0,是,0,,0,,https://www.gmc.edu.cn
4152010661,遵义医科大学,贵州省,遵义市,本科,,否,否,否,否,现役候选,是,2026软科分类标签 医26,2026软科分类标签 医26,,,,,5,0,是,0,,0,,https://www.zmu.edu.cn/
4152010662,贵州中医药大学,贵州省,贵阳市,本科,,否,否,否,否,现役候选,是,2026软科分类标签 中医21,2026软科分类标签 中医21,,,,,3,0,是,0,,0,,https://www.gzy.edu.cn
4152010663,贵州师范大学,贵州省,贵阳市,本科,,否,否,否,否,现役候选,是,2026软科主榜 220,2026软科主榜 220,,,,,4,0,是,0,,0,,https://www.gznu.edu.cn/
4152010664,遵义师范学院,贵州省,遵义市,本科,,否,否,否,否,现役候选,是,2026软科主榜 378,2026软科主榜 378,,,,,2,0,是,0,,0,,https://www.zync.edu.cn/
4152010665,铜仁学院,贵州省,铜仁市,本科,,否,否,否,否,现役候选,是,2026软科主榜 355,2026软科主榜 355,,,,,2,0,是,0,,0,,https://www.gztrc.edu.cn/
4152010666,兴义民族师范学院,贵州省,黔西南布依族苗族自治州,本科,,否,否,否,否,现役候选,是,2026软科分类标签 500+,2026软科分类标签 500+,,,,,5,0,是,0,,0,,https://www.xynun.edu.cn/
4152010667,安顺学院,贵州省,安顺市,本科,,否,否,否,否,现役候选,是,2026软科主榜 494,2026软科主榜 494,,,,,1,0,是,0,,0,,https://www.asu.edu.cn/
4152010668,贵州工程应用技术学院,贵州省,毕节市,本科,,否,否,否,否,现役候选,是,2026软科分类标签 500+,2026软科分类标签 500+,,,,,2,0,是,0,,0,,https://www.gues.edu.cn/
4152010669,凯里学院,贵州省,黔东南苗族侗族自治州,本科,,否,否,否,否,现役候选,是,2026软科主榜 493,2026软科主榜 493,,,,,2,0,是,0,,0,,https://www.kluniv.edu.cn/
4152010670,黔南民族师范学院,贵州省,黔南布依族苗族自治州,本科,,否,否,否,否,现役候选,是,2026软科主榜 372,2026软科主榜 372,,,,,5,0,是,0,,0,,https://www.sgmtu.edu.cn/
4152010671,贵州财经大学,贵州省,贵阳市,本科,,否,否,否,否,现役候选,是,2026软科分类标签 财29,2026软科分类标签 财29,,,,,4,0,是,0,,0,,https://www.gufe.edu.cn
4152010672,贵州民族大学,贵州省,贵阳市,本科,,否,否,否,否,现役候选,是,2026软科分类标签 民7,2026软科分类标签 民7,,,,,3,0,是,0,,0,,https://www.gzmu.edu.cn/
4152010976,贵阳学院,贵州省,贵阳市,本科,,否,否,否,否,现役候选,是,2026软科主榜 369,2026软科主榜 369,,,,,1,0,是,0,,0,,https://www.gyu.edu.cn/
4152010977,六盘水师范学院,贵州省,六盘水市,本科,,否,否,否,否,现役候选,是,2026软科主榜 428,2026软科主榜 428,,,,,1,0,是,0,,0,,https://www.lpssy.edu.cn/
4152011731,贵州商学院,贵州省,贵阳市,本科,,否,否,否,否,现役候选,是,2026软科分类标签 财46+,2026软科分类标签 财46+,,,,,2,0,是,0,,0,,https://www.gzcc.edu.cn
4152012107,贵州警察学院,贵州省,贵阳市,本科,,否,否,否,否,现役候选,是,2026软科分类标签 政29,2026软科分类标签 政29,,,,,2,0,是,0,,0,,https://www.gzjgxy.cn
4152013647,贵州中医药大学时珍学院,贵州省,贵阳市,本科,,是,否,否,否,现役候选,是,,,,,,,1,0,是,0,,0,,https://www.gzyszxy.cn/
4152013648,贵州黔南经济学院,贵州省,黔南布依族苗族自治州,本科,,是,否,否,否,现役候选,是,2026软科分类标签 财21,2026软科分类标签 财21,,,,,1,0,是,0,,0,,https://gzsu.net/
4152013649,贵州黔南科技学院,贵州省,黔南布依族苗族自治州,本科,,是,否,否,否,现役候选,是,2026软科分类标签 100+,2026软科分类标签 100+,,,,,1,0,是,0,,0,,https://www.gzucst.com/
4152013650,贵阳信息科技学院,贵州省,贵阳市,本科,,是,否,否,否,现役候选,是,2026软科分类标签 100+,2026软科分类标签 100+,,,,,1,0,是,0,,0,,https://www.gyiist.edu.cn/
4152013651,贵阳人文科技学院,贵州省,贵阳市,本科,,是,否,否,否,现役候选,是,2026软科主榜 61,2026软科主榜 61,,,,,2,0,是,0,,0,,https://www.gzmdrw.cn/
4152016206,贵阳康养职业大学,贵州省,贵阳市,本科,,否,否,否,否,现役候选,是,,,,,,,1,0,是,0,,0,,https://gyhvu.edu.cn/
4152013653,遵义医科大学医学与科技学院,贵州省,遵义市,本科,,是,否,否,否,现役候选,是,,,,,,,2,0,是,0,,0,,https://mts.zmu.edu.cn/
4152013676,贵州医科大学神奇民族医药学院,贵州省,贵阳市,本科,,是,否,否,否,现役候选,是,,,,,,,2,0,是,0,,0,,https://www.gysqxy.edu.cn/
4152014223,贵州师范学院,贵州省,贵阳市,本科,,否,否,否,否,现役候选,是,2026软科主榜 335,2026软科主榜 335,,,,,3,0,是,0,,0,,https://www.gznc.edu.cn/
4152014440,贵州理工学院,贵州省,贵阳市,本科,,否,否,否,否,现役候选,是,2026软科主榜 411,2026软科主榜 411,,,,,2,0,是,0,,0,,https://www.git.edu.cn/
4152014625,茅台学院,贵州省,遵义市,本科,,是,否,否,否,现役候选,是,2026软科主榜 6,2026软科主榜 6,,,,,2,0,是,0,,0,,https://www.mtxy.edu.cn/
4152012222,贵州交通职业大学,贵州省,贵阳市,本科,,否,否,否,否,现役候选,是,,,,,,,1,0,是,0,,0,,https://www.gzcpu.edu.cn/
4152013055,铜仁职业技术大学,贵州省,铜仁市,本科,,否,否,否,否,现役候选,是,,,,,,,3,0,是,0,,0,,https://www.trzy.edu.cn/
4152013818,贵州轻工职业大学,贵州省,贵阳市,本科,,否,否,否,否,现役候选,是,,,,,,,1,0,是,0,,0,,https://www.gzqy.cn
4152014412,贵州工商职业大学,贵州省,贵阳市,本科,,是,否,否,否,现役候选,是,,,,,,,1,0,是,0,,0,,https://www.gzgsc.edu.cn/
4152013052,贵州工业职业技术大学,贵州省,贵阳市,本科,,否,否,否,否,现役候选,是,,,,,,,2,0,是,0,,0,,https://www.gzky.edu.cn/
4152011663,黔南民族医学高等专科学校,贵州省,黔南布依族苗族自治州,专科,,否,否,否,否,现役候选,是,,,,,,,5,0,是,0,,0,,https://www.qnmc.cn/
4152012223,贵州航天职业技术学院,贵州省,遵义市,专科,,否,否,否,否,现役候选,是,,,,,,,4,0,是,0,,0,,https://www.gzhtzy.edu.cn/
4152012336,贵州电子信息职业技术学院,贵州省,黔东南苗族侗族自治州,专科,,否,否,否,否,现役候选,是,,,,,,,2,0,是,0,,0,,https://www.gzeic.edu.cn/
4152012821,安顺职业技术学院,贵州省,安顺市,专科,,否,否,否,否,现役候选,是,,,,,,,3,0,是,0,,0,,https://www.asotc.cn
4152012822,黔东南民族职业技术学院,贵州省,黔东南苗族侗族自治州,专科,,否,否,否,否,现役候选,是,,,,,,,3,0,是,0,,0,,https://www.qdnpt.edu.cn/
4152012823,黔南民族职业技术学院,贵州省,黔南布依族苗族自治州,专科,,否,否,否,否,现役候选,是,,,,,,,2,0,是,0,,0,,https://www.qnzy.net
4152012824,遵义职业技术学院,贵州省,遵义市,专科,,否,否,否,否,现役候选,是,,,,,,,3,0,是,0,,0,,https://www.zyzy.edu.cn/
4152012850,贵州城市职业学院,贵州省,贵阳市,专科,,是,否,否,否,现役候选,是,,,,,,,2,0,是,0,,0,,http://www.gzcsxy.cn/index.jsp
4152013053,贵州电力职业技术学院,贵州省,贵阳市,专科,,否,否,否,否,现役候选,是,,,,,,,1,0,是,0,,0,,
4152013054,六盘水职业技术学院,贵州省,六盘水市,专科,,否,否,否,否,现役候选,是,,,,,,,1,0,是,0,,0,,https://www.lpszy.cn
4152013817,黔西南民族职业技术学院,贵州省,黔西南布依族苗族自治州,专科,,否,否,否,否,现役候选,是,,,,,,,3,0,是,0,,0,,https://www.qxnvc.edu.cn/
4152014011,遵义医药高等专科学校,贵州省,遵义市,专科,,否,否,否,否,现役候选,是,,,,,,,2,0,是,0,,0,,https://www.zunyiyizhuan.cn/
4152014129,贵阳职业技术学院,贵州省,贵阳市,专科,,否,否,否,否,现役候选,是,,,,,,,3,0,是,0,,0,,https://www.gyvtc.edu.cn/index.htm
4152014198,毕节职业技术学院,贵州省,毕节市,专科,,否,否,否,否,现役候选,是,,,,,,,1,0,是,0,,0,,https://www.gzbjzy.edu.cn/
4152014252,贵州职业技术学院,贵州省,贵阳市,专科,,否,否,否,否,现役候选,是,,,,,,,2,0,是,0,,0,,https://www.gzvti.com/xysy.htm
4152014371,贵州盛华职业学院,贵州省,黔南布依族苗族自治州,专科,,是,否,否,否,现役候选,是,,,,,,,1,0,是,0,,0,,https://www.forerunnercollege.com/
4152014469,贵阳幼儿师范高等专科学校,贵州省,贵阳市,专科,,否,否,否,否,现役候选,是,,,,,,,2,0,是,0,,0,,http://www.gypec.edu.cn
4152014470,铜仁幼儿师范高等专科学校,贵州省,铜仁市,专科,,否,否,否,否,现役候选,是,,,,,,,2,0,是,0,,0,,https://www.trpec.edu.cn
4152014497,黔南民族幼儿师范高等专科学校,贵州省,黔南布依族苗族自治州,专科,,否,否,否,否,现役候选,是,,,,,,,1,0,是,0,,0,,http://www.qnyzh.cn
4152014499,毕节医学高等专科学校,贵州省,毕节市,专科,,否,否,否,否,现役候选,是,,,,,,,3,0,是,0,,0,,https://www.bijiemc.cn
4152014516,贵州建设职业技术学院,贵州省,贵阳市,专科,,否,否,否,否,现役候选,是,,,,,,,2,0,是,0,,0,,https://www.gzjszy.cn
4152014538,毕节幼儿师范高等专科学校,贵州省,毕节市,专科,,否,否,否,否,现役候选,是,,,,,,,2,0,是,0,,0,,https://www.gzbjyz.edu.cn
4152014549,贵州农业职业学院,贵州省,贵阳市,专科,,否,否,否,否,现役候选,是,,,,,,,4,0,是,0,,0,,https://www.gznyzyxy.cn
4152014558,贵州工程职业学院,贵州省,铜仁市,专科,,是,否,否,否,现役候选,是,,,,,,,2,0,是,0,,0,,http://www.gzieu.com
4152014559,贵州工贸职业学院,贵州省,毕节市,专科,,是,否,否,否,现役候选,是,,,,,,,2,0,是,0,,0,,https://www.gzvcit.edu.cn/
4152014577,贵州水利水电职业技术学院,贵州省,贵阳市,专科,,否,否,否,否,现役候选,是,,,,,,,2,0,是,0,,0,,https://www.gzsdzy.cn
4152014578,贵州电子商务职业技术学院,贵州省,贵阳市,专科,,否,否,否,否,现役候选,是,,,,,,,4,0,是,0,,0,,https://www.gzdsxy.org.cn/
4152014579,贵州应用技术职业学院,贵州省,黔南布依族苗族自治州,专科,,是,否,否,否,现役候选,是,,,,,,,2,0,是,0,,0,,https://www.gzyyxy.com/
4152014580,贵州电子科技职业学院,贵州省,贵阳市,专科,,否,否,否,否,现役候选,是,,,,,,,2,0,是,0,,0,,https://www.gzdzxy.cn
4152014613,贵州装备制造职业学院,贵州省,贵阳市,专科,,否,否,否,否,现役候选,是,,,,,,,2,0,是,0,,0,,https://www.gzzbzy.cn/
4152014614,贵州健康职业学院,贵州省,铜仁市,专科,,否,否,否,否,现役候选,是,,,,,,,1,0,是,0,,0,,https://www.gzjkzy.edu.cn/
4152014615,贵州食品工程职业学院,贵州省,贵阳市,专科,,否,否,否,否,现役候选,是,,,,,,,4,0,是,0,,0,,https://www.gzspzy.cn/
4152014616,贵州经贸职业技术学院,贵州省,黔南布依族苗族自治州,专科,,否,否,否,否,现役候选,是,,,,,,,5,0,是,0,,0,,https://www.gzjmzy.cn
4152014617,贵州护理职业技术学院,贵州省,黔南布依族苗族自治州,专科,,否,否,否,否,现役候选,是,,,,,,,2,0,是,0,,0,,https://www.gznvc.com/
4152014630,六盘水幼儿师范高等专科学校,贵州省,六盘水市,专科,,否,否,否,否,现役候选,是,,,,,,,1,0,是,0,,0,,https://lpsyz.cn/
4152014648,毕节工业职业技术学院,贵州省,毕节市,专科,,否,否,否,否,现役候选,是,,,,,,,1,0,是,0,,0,,http://www.bjgzy.cn/
4152014733,贵州机电职业技术学院,贵州省,黔南布依族苗族自治州,专科,,否,否,否,否,现役候选,是,,,,,,,1,0,是,0,,0,,https://www.gztcme.cn/
4152014734,贵州财经职业学院,贵州省,贵阳市,专科,,否,否,否,否,现役候选,是,,,,,,,1,0,是,0,,0,,https://www.gzcfe.edu.cn/
4152014735,贵州民用航空职业学院,贵州省,安顺市,专科,,是,否,否,否,现役候选,是,,,,,,,1,0,是,0,,0,,http://www.gzmhxy.cn/index.html
4152014769,贵州文化旅游职业学院,贵州省,贵阳市,专科,,否,否,否,否,现役候选,是,,,,,,,2,0,是,0,,0,,https://www.gzwhlyzyxy.cn/
4252050963,贵州航空职业技术学院,贵州省,贵阳市,专科,,否,否,否,否,现役候选,是,,,,,,,2,0,是,0,,0,,https://www.gzhkzy.cn/
4152014799,贵州体育职业学院,贵州省,贵阳市,专科,,否,否,否,否,现役候选,是,,,,,,,1,0,是,0,,0,,https://gztyzyxy.com
4152014800,贵州铜仁数据职业学院,贵州省,铜仁市,专科,,是,否,否,否,现役候选,是,,,,,,,1,0,是,0,,0,,https://www.gztrsjzy.cn/
4152014848,贵州传媒职业学院,贵州省,贵阳市,专科,,否,否,否,否,现役候选,是,,,,,,,1,0,是,0,,0,,http://gzcmc.edu.cn/
4152014849,贵州生态能源职业学院,贵州省,贵阳市,专科,,否,否,否,否,现役候选,是,,,,,,,1,0,是,0,,0,,http://www.gzstny.edu.cn/
4152014850,黔东南理工职业学院,贵州省,黔东南苗族侗族自治州,专科,,否,否,否,否,现役候选,是,,,,,,,2,0,是,0,,0,,https://www.qdnpc.edu.cn/
4153010673,云南大学,云南省,昆明市,本科,,否,否,是,是,现役候选,是,2026软科主榜 71,2026软科主榜 71,,,,,3,0,是,0,,0,,https://www.ynu.edu.cn/
4153010674,昆明理工大学,云南省,昆明市,本科,,否,否,否,否,现役候选,是,2026软科主榜 110,2026软科主榜 110,,,,,6,0,是,0,,0,,https://www.kmust.edu.cn
4153010676,云南农业大学,云南省,昆明市,本科,,否,否,否,否,现役候选,是,2026软科主榜 290,2026软科主榜 290,,,,,5,0,是,0,,0,,https://www.ynau.edu.cn/
4153010677,西南林业大学,云南省,昆明市,本科,,否,否,否,否,现役候选,是,2026软科主榜 303,2026软科主榜 303,,,,,1,0,是,0,,0,,https://www.swfu.edu.cn/
4153010678,昆明医科大学,云南省,昆明市,本科,,否,否,否,否,现役候选,是,2026软科分类标签 医22,2026软科分类标签 医22,,,,,3,0,是,0,,0,,https://www.kmmc.cn
4153010679,大理大学,云南省,大理白族自治州,本科,,否,否,否,否,现役候选,是,2026软科主榜 285,2026软科主榜 285,,,,,2,0,是,0,,0,,https://www.dali.edu.cn
4153010680,云南中医药大学,云南省,昆明市,本科,,否,否,否,否,现役候选,是,2026软科分类标签 中医22,2026软科分类标签 中医22,,,,,2,0,是,0,,0,,https://www.ynucm.edu.cn/
4153010681,云南师范大学,云南省,昆明市,本科,,否,否,否,否,现役候选,是,2026软科主榜 198,2026软科主榜 198,,,,,4,0,是,0,,0,,https://www.ynnu.edu.cn/
4153010683,昭通学院,云南省,昭通市,本科,,否,否,否,否,现役候选,是,2026软科分类标签 500+,2026软科分类标签 500+,,,,,2,0,是,0,,0,,https://www.ztu.edu.cn/
4153010684,曲靖师范学院,云南省,曲靖市,本科,,否,否,否,否,现役候选,是,2026软科主榜 400,2026软科主榜 400,,,,,5,0,是,0,,0,,https://www.qjnu.edu.cn/
4153010685,普洱学院,云南省,普洱市,本科,,否,否,否,否,现役候选,是,2026软科分类标签 500+,2026软科分类标签 500+,,,,,2,0,是,0,,0,,https://www.peu.edu.cn/
4153010686,保山学院,云南省,保山市,本科,,否,否,否,否,现役候选,是,2026软科分类标签 500+,2026软科分类标签 500+,,,,,2,0,是,0,,0,,https://www.bsnc.cn/
4153010687,红河学院,云南省,红河哈尼族彝族自治州,本科,,否,否,否,否,现役候选,是,2026软科分类标签 500+,2026软科分类标签 500+,,,,,3,0,是,0,,0,,https://www.uoh.edu.cn/
4153010689,云南财经大学,云南省,昆明市,本科,,否,否,否,否,现役候选,是,2026软科分类标签 财31,2026软科分类标签 财31,,,,,3,0,是,0,,0,,https://www.ynufe.edu.cn/
4153010690,云南艺术学院,云南省,昆明市,本科,,否,否,否,否,现役候选,是,,,,,,,3,0,是,0,,0,,https://www.ynart.edu.cn/
4153010691,云南民族大学,云南省,昆明市,本科,,否,否,否,否,现役候选,是,2026软科分类标签 民10,2026软科分类标签 民10,,,,,2,0,是,0,,0,,https://www.ymu.edu.cn/
4153011390,玉溪师范学院,云南省,玉溪市,本科,,否,否,否,否,现役候选,是,2026软科主榜 467,2026软科主榜 467,,,,,2,0,是,0,,0,,https://www.yxnu.edu.cn/
4153011391,楚雄师范学院,云南省,楚雄彝族自治州,本科,,否,否,否,否,现役候选,是,2026软科分类标签 500+,2026软科分类标签 500+,,,,,3,0,是,0,,0,,https://www.cxtc.edu.cn/
4153011392,云南警官学院,云南省,昆明市,本科,,否,否,否,否,现役候选,是,2026软科分类标签 政23,2026软科分类标签 政23,,,,,2,0,是,0,,0,,https://www.ynpc.edu.cn/
4153011393,昆明学院,云南省,昆明市,本科,,否,否,否,否,现役候选,是,2026软科主榜 389,2026软科主榜 389,,,,,3,0,是,0,,0,,https://www.kmu.edu.cn/
4153011556,文山学院,云南省,文山壮族苗族自治州,本科,,否,否,否,否,现役候选,是,2026软科分类标签 500+,2026软科分类标签 500+,,,,,3,0,是,0,,0,,https://www.wsu.edu.cn/
4153012560,云南经济管理学院,云南省,昆明市,本科,,是,否,否,否,现役候选,是,2026软科分类标签 财15,2026软科分类标签 财15,,,,,2,0,是,0,,0,,https://www.ynjgy.edu.cn/
4153013326,滇池学院,云南省,昆明市,本科,,是,否,否,否,现役候选,是,2026软科主榜 52,2026软科主榜 52,,,,,3,0,是,0,,0,,https://www.dcc.edu.cn
4153013328,丽江文化旅游学院,云南省,丽江市,本科,,是,否,否,否,现役候选,是,2026软科主榜 57,2026软科主榜 57,,,,,1,0,是,0,,0,,https://www.ljwhlyxy.edu.cn/index.html
4153013329,昆明理工大学津桥学院,云南省,昆明市,本科,,是,否,否,否,现役候选,是,,,,,,,3,0,是,0,,0,,http://www.oxbridge.edu.cn/
4153013330,昆明城市学院,云南省,昆明市,本科,,是,否,否,否,现役候选,是,2026软科分类标签 100+,2026软科分类标签 100+,,,,,2,0,是,0,,0,,https://www.kmcc.edu.cn/
4153013331,昆明文理学院,云南省,昆明市,本科,,是,否,否,否,现役候选,是,2026软科分类标签 100+,2026软科分类标签 100+,,,,,2,0,是,0,,0,,https://www.caskm.cn/
4153013332,昆明医科大学海源学院,云南省,昆明市,本科,,是,否,否,否,现役候选,是,,,,,,,4,0,是,0,,0,,https://www.kyhyxy.com/
4153013333,昆明传媒学院,云南省,昆明市,本科,,是,否,否,否,现役候选,是,,,,,,,1,0,是,0,,0,,https://www.cukm.edu.cn/
4153013909,云南工商学院,云南省,昆明市,本科,,是,否,否,否,现役候选,是,2026软科主榜 88,2026软科主榜 88,,,,,3,0,是,0,,0,,https://www.ytbu.edu.cn/
4153014092,滇西科技师范学院,云南省,临沧市,本科,,否,否,否,否,现役候选,是,2026软科分类标签 500+,2026软科分类标签 500+,,,,,1,0,是,0,,0,,https://www.wynu.edu.cn/
4153014623,滇西应用技术大学,云南省,大理白族自治州,本科,,否,否,否,否,现役候选,是,2026软科分类标签 500+,2026软科分类标签 500+,,,,,6,0,是,0,,0,,https://www.wyuas.edu.cn
4153014015,丽江师范学院,云南省,丽江市,本科,,否,否,否,否,现役候选,是,,,,,,,1,0,是,0,,0,,https://www.lj-edu.cn/
4153014016,德宏师范学院,云南省,德宏傣族景颇族自治州,本科,,否,否,否,否,现役候选,是,,,,,,,1,0,是,0,,0,,http://www.dhecw.cn/
4153014012,曲靖健康医学院,云南省,曲靖市,本科,,否,否,否,否,现役候选,是,,,,,,,1,0,是,0,,0,,https://www.qjmc.edu.cn/
4153011557,昆明冶金职业大学,云南省,昆明市,本科,,否,否,否,否,现役候选,是,,,,,,,2,0,是,0,,0,,http://www.kmyz.edu.cn/
4153014212,昆明科技职业大学,云南省,昆明市,本科,,是,否,否,否,现役候选,是,,,,,,,1,0,是,0,,0,,https://www.ynjw.com/
4153012357,云南交通职业技术大学,云南省,昆明市,本科,,否,否,否,否,现役候选,是,,,,,,,2,0,是,0,,0,,https://www.ynjtc.edu.cn/
4153012349,云南国土资源职业学院,云南省,昆明市,专科,,否,否,否,否,现役候选,是,,,,,,,3,0,是,0,,0,,https://www.yngtxy.edu.cn/
4153012393,昆明工业职业技术学院,云南省,昆明市,专科,,否,否,否,否,现役候选,是,,,,,,,2,0,是,0,,0,,https://www.kmvtc.net/bs/f/index-main.html
4153012555,云南农业职业技术学院,云南省,昆明市,专科,,否,否,否,否,现役候选,是,,,,,,,3,0,是,0,,0,,https://www.ynavc.com/
4153012556,云南司法警官职业学院,云南省,昆明市,专科,,否,否,否,否,现役候选,是,,,,,,,2,0,是,0,,0,,https://www.yncpu.net/
4153012558,云南文化艺术职业学院,云南省,昆明市,专科,,否,否,否,否,现役候选,是,,,,,,,2,0,是,0,,0,,https://www.ynarts.cn/
4153012559,云南体育运动职业技术学院,云南省,昆明市,专科,,否,否,否,否,现役候选,是,,,,,,,2,0,是,0,,0,,http://www.ynsvu.edu.cn/
4153012825,云南科技信息职业学院,云南省,昆明市,专科,,是,否,否,否,现役候选,是,,,,,,,2,0,是,0,,0,,http://www.ynkexin.cn/
4153012826,西双版纳职业技术学院,云南省,西双版纳傣族自治州,专科,,否,否,否,否,现役候选,是,,,,,,,2,0,是,0,,0,,https://www.xsbnzy.cn/
4153012851,昆明艺术职业学院,云南省,昆明市,专科,,是,否,否,否,现役候选,是,,,,,,,4,0,是,0,,0,,https://www.kmac.org.cn/
4153012971,玉溪农业职业技术学院,云南省,玉溪市,专科,,否,否,否,否,现役候选,是,,,,,,,2,0,是,0,,0,,http://www.yxnzy.net/
4153013136,云南能源职业技术学院,云南省,曲靖市,专科,,否,否,否,否,现役候选,是,,,,,,,3,0,是,0,,0,,http://www.ynny.cn/
4153013756,云南国防工业职业技术学院,云南省,昆明市,专科,,否,否,否,否,现役候选,是,,,,,,,3,0,是,0,,0,,https://www.ynou.edu.cn/
4153013757,云南机电职业技术学院,云南省,昆明市,专科,,否,否,否,否,现役候选,是,,,,,,,4,0,是,0,,0,,https://www.ynmec.edu.cn/
4153013758,云南林业职业技术学院,云南省,昆明市,专科,,否,否,否,否,现役候选,是,,,,,,,3,0,是,0,,0,,https://www.ynftc.edu.cn/
4153013759,云南城市建设职业学院,云南省,昆明市,专科,,是,否,否,否,现役候选,是,,,,,,,2,0,是,0,,0,,https://www.yncjxy.com/
4153013761,云南工程职业学院,云南省,昆明市,专科,,是,否,否,否,现役候选,是,,,,,,,2,0,是,0,,0,,https://www.ynenc.cn/
4153014013,楚雄医药高等专科学校,云南省,楚雄彝族自治州,专科,,否,否,否,否,现役候选,是,,,,,,,2,0,是,0,,0,,https://www.cxmc.edu.cn/
4153014014,保山中医药高等专科学校,云南省,保山市,专科,,否,否,否,否,现役候选,是,,,,,,,2,0,是,0,,0,,https://www.bsctcm.cn
4153014032,云南新兴职业学院,云南省,昆明市,专科,,是,否,否,否,现役候选,是,,,,,,,2,0,是,0,,0,,https://www.ynxzy.com/
4153014130,云南锡业职业技术学院,云南省,红河哈尼族彝族自治州,专科,,否,否,否,否,现役候选,是,,,,,,,1,0,是,0,,0,,https://www.ytvtc.com
4153014239,云南三鑫职业技术学院,云南省,文山壮族苗族自治州,专科,,是,否,否,否,现役候选,是,,,,,,,1,0,是,0,,0,,http://www.ynsxzy.com/
4153014253,德宏职业学院,云南省,德宏傣族景颇族自治州,专科,,否,否,否,否,现役候选,是,,,,,,,2,0,是,0,,0,,https://www.yndhvc.com/
4153014317,云南商务职业学院,云南省,昆明市,专科,,是,否,否,否,现役候选,是,,,,,,,2,0,是,0,,0,,https://www.ynbvc.com/
4153014372,昆明卫生职业学院,云南省,昆明市,专科,,是,否,否,否,现役候选,是,,,,,,,3,0,是,0,,0,,https://www.kmhvc.cn/
4153014373,云南现代职业技术学院,云南省,楚雄彝族自治州,专科,,否,否,否,否,现役候选,是,,,,,,,2,0,是,0,,0,,http://www.ynmvtc.edu.cn/
4153014381,云南旅游职业学院,云南省,昆明市,专科,,否,否,否,否,现役候选,是,,,,,,,1,0,是,0,,0,,https://www.ynctv.edu.cn/
4153014413,红河卫生职业学院,云南省,红河哈尼族彝族自治州,专科,,否,否,否,否,现役候选,是,,,,,,,2,0,是,0,,0,,https://www.hhwzy.edu.cn/
4153014415,云南外事外语职业学院,云南省,昆明市,专科,,是,否,否,否,现役候选,是,,,,,,,2,0,是,0,,0,,http://www.fafl.cn/
4153014487,大理农林职业技术学院,云南省,大理白族自治州,专科,,否,否,否,否,现役候选,是,,,,,,,2,0,是,0,,0,,http://www.dlafc.com/
4153014534,公安消防部队高等专科学校,云南省,昆明市,专科,,否,否,否,否,已整合组建中国消防救援学院,否,,,,,,,0,0,否,0,,0,,
4153014550,云南财经职业学院,云南省,昆明市,专科,,否,否,否,否,现役候选,是,,,,,,,2,0,是,0,,0,,https://www.ynczy.edu.cn
4153014581,昆明铁道职业技术学院,云南省,昆明市,专科,,否,否,否,否,现役候选,是,,,,,,,4,0,是,0,,0,,http://www.kmtdzy.cn/
4153014582,昭通卫生职业学院,云南省,昭通市,专科,,否,否,否,否,现役候选,是,,,,,,,1,0,是,0,,0,,https://www.ztwzy.cn/
4153014583,大理护理职业学院,云南省,大理白族自治州,专科,,否,否,否,否,现役候选,是,,,,,,,2,0,是,0,,0,,https://www.dlhlzyxy.edu.cn/
4153014584,云南水利水电职业学院,云南省,昆明市,专科,,否,否,否,否,现役候选,是,,,,,,,2,0,是,0,,0,,https://www.ynwater.edu.cn/
4153014618,云南轻纺职业学院,云南省,昆明市,专科,,否,否,否,否,现役候选,是,,,,,,,1,0,是,0,,0,,https://www.ynqfzyxy.cn/
4153014619,云南特殊教育职业学院,云南省,昆明市,专科,,否,否,否,否,现役候选,是,,,,,,,3,0,是,0,,0,,https://www.yntjzy.cn/
4153014620,云南工贸职业技术学院,云南省,昆明市,专科,,否,否,否,否,现役候选,是,,,,,,,1,0,是,0,,0,,https://www.ynit.edu.cn/
4153014631,昆明幼儿师范高等专科学校,云南省,昆明市,专科,,否,否,否,否,现役候选,是,,,,,,,2,0,是,0,,0,,https://www.kmyesf.cn/
4153014649,云南医药健康职业学院,云南省,昆明市,专科,,是,否,否,否,现役候选,是,,,,,,,3,0,是,0,,0,,https://www.ynmhc.com/
4153014675,云南理工职业学院,云南省,昆明市,专科,,是,否,否,否,现役候选,是,,,,,,,1,0,是,0,,0,,https://www.ynlg.com/
4153014676,曲靖职业技术学院,云南省,曲靖市,专科,,否,否,否,否,现役候选,是,,,,,,,1,0,是,0,,0,,http://www.qjzyxy.com/
4153014736,红河职业技术学院,云南省,红河哈尼族彝族自治州,专科,,否,否,否,否,现役候选,是,,,,,,,2,0,是,0,,0,,https://www.hhvtc.cn/
4153014782,玉溪职业技术学院,云南省,玉溪市,专科,,否,否,否,否,现役候选,是,,,,,,,2,0,是,0,,0,,http://www.yxzyjsxy.cn/
4153014783,保山职业学院,云南省,保山市,专科,,否,否,否,否,现役候选,是,,,,,,,1,0,是,0,,0,,http://www.bszyxy.com.cn/
4153014784,昭通职业学院,云南省,昭通市,专科,,否,否,否,否,现役候选,是,,,,,,,1,0,是,0,,0,,https://www.ztzyxy.cn/
4153014801,文山职业技术学院,云南省,文山壮族苗族自治州,专科,,否,否,否,否,现役候选,是,,,,,,,1,0,是,0,,0,,https://wsvtc.cn/
4153014802,丽江职业技术学院,云南省,丽江市,专科,,否,否,否,否,现役候选,是,,,,,,,1,0,是,0,,0,,http://ljzyjsxy.com/
4153014803,香格里拉职业学院,云南省,迪庆藏族自治州,专科,,否,否,否,否,现役候选,是,,,,,,,1,0,是,0,,0,,http://www.xgllzyxy.com/
4153014873,怒江职业技术学院,云南省,怒江傈僳族自治州,专科,,否,否,否,否,现役候选,是,,,,,,,1,0,是,0,,0,,https://www.njzyjsxy.cn/
4153014874,临沧职业学院,云南省,临沧市,专科,,否,否,否,否,现役候选,是,,,,,,,1,0,是,0,,0,,http://www.lczyxy.cn/
4153014875,云南工业信息职业学院,云南省,曲靖市,专科,,否,否,否,否,现役候选,是,,,,,,,1,0,是,0,,0,,https://www.yngxzy.cn/
4153014939,昆明航空职业学院,云南省,昆明市,专科,,是,否,否,否,现役候选,是,,,,,,,1,0,是,0,,0,,https://www.kmavc.com/
4154010693,西藏农牧大学,西藏自治区,林芝市,本科,,否,否,否,否,现役候选,是,2026软科主榜 398,2026软科主榜 398,,,,,1,0,是,0,,0,,http://www.xza.edu.cn/
4154010694,西藏大学,西藏自治区,拉萨市,本科,,否,否,是,是,现役候选,是,2026软科主榜 201,2026软科主榜 201,,,,,6,0,是,0,,0,,https://www.utibet.edu.cn/
4154010695,西藏民族大学,陕西省,咸阳市,本科,,否,否,否,否,现役候选,是,2026软科分类标签 民6,2026软科分类标签 民6,,,,,4,0,是,0,,0,,https://www.xzmu.edu.cn/
4154010696,西藏藏医药大学,西藏自治区,拉萨市,本科,,否,否,否,否,现役候选,是,2026软科分类标签 中医24,2026软科分类标签 中医24,,,,,2,0,是,0,,0,,https://www.ttmc.edu.cn/
4154010692,西藏警官高等专科学校,西藏自治区,拉萨市,专科,,否,否,否,否,现役候选,是,,,,,,,1,0,是,0,,0,,
4154012481,拉萨师范学院,西藏自治区,拉萨市,本科,,否,否,否,否,现役候选,是,,,,,,,1,0,是,0,,0,,http://www.xzlssf.org
4154014085,西藏职业技术学院,西藏自治区,拉萨市,专科,,否,否,否,否,现役候选,是,,,,,,,4,0,是,0,,0,,https://www.xzgzy.cn/
4154014940,日喀则职业技术学院,西藏自治区,日喀则市,专科,,否,否,否,否,现役候选,是,,,,,,,1,1,是,0,,0,,
4161010697,西北大学,陕西省,西安市,本科,,否,否,是,是,现役候选,是,2026软科主榜 70,2026软科主榜 70,,,,,4,0,是,0,,0,,https://www.nwu.edu.cn/
4161010698,西安交通大学,陕西省,西安市,本科,,否,是,是,是,现役候选,是,2026软科主榜 10,2026软科主榜 10,,,,,4,0,是,0,,0,,https://www.xjtu.edu.cn/
4161010699,西北工业大学,陕西省,西安市,本科,,否,是,是,是,现役候选,是,2026软科主榜 23,2026软科主榜 23,,,,,2,0,是,0,,0,,https://www.nwpu.edu.cn/
4161010700,西安理工大学,陕西省,西安市,本科,,否,否,否,否,现役候选,是,2026软科主榜 111,2026软科主榜 111,,,,,3,0,是,0,,0,,https://www.xaut.edu.cn
4161010701,西安电子科技大学,陕西省,西安市,本科,,否,否,是,是,现役候选,是,2026软科主榜 39,2026软科主榜 39,,,,,3,0,是,0,,0,,https://www.xidian.edu.cn/
4161010702,西安工业大学,陕西省,西安市,本科,,否,否,否,否,现役候选,是,2026软科主榜 206,2026软科主榜 206,,,,,2,0,是,0,,0,,https://www.xatu.edu.cn/
4161010703,西安建筑科技大学,陕西省,西安市,本科,,否,否,否,否,现役候选,是,2026软科主榜 118,2026软科主榜 118,,,,,4,0,是,0,,0,,https://cn.xauat.edu.cn
4161010704,西安科技大学,陕西省,西安市,本科,,否,否,否,否,现役候选,是,2026软科主榜 186,2026软科主榜 186,,,,,3,0,是,0,,0,,https://www.xust.edu.cn/
4161010705,西安石油大学,陕西省,西安市,本科,,否,否,否,否,现役候选,是,2026软科主榜 230,2026软科主榜 230,,,,,4,0,是,0,,0,,https://www.xsyu.edu.cn
4161010708,陕西科技大学,陕西省,西安市,本科,,否,否,否,否,现役候选,是,2026软科主榜 132,2026软科主榜 132,,,,,3,0,是,0,,0,,https://www.sust.edu.cn/
4161010709,西安工程大学,陕西省,西安市,本科,,否,否,否,否,现役候选,是,2026软科主榜 253,2026软科主榜 253,,,,,2,0,是,0,,0,,https://www.xpu.edu.cn
4161010710,长安大学,陕西省,西安市,本科,,否,否,是,是,现役候选,是,2026软科主榜 89,2026软科主榜 89,,,,,3,0,是,0,,0,,https://www.chd.edu.cn/
4161010712,西北农林科技大学,陕西省,咸阳市,本科,,否,是,是,是,现役候选,是,2026软科主榜 69,2026软科主榜 69,,,,,3,0,是,0,,0,,https://www.nwsuaf.edu.cn
4161010716,陕西中医药大学,陕西省,咸阳市,本科,,否,否,否,否,现役候选,是,2026软科分类标签 中医18,2026软科分类标签 中医18,,,,,4,0,是,0,,0,,http://www.sntcm.edu.cn/
4161010718,陕西师范大学,陕西省,西安市,本科,,否,否,是,是,现役候选,是,2026软科主榜 63,2026软科主榜 63,,,,,2,0,是,0,,0,,https://www.snnu.edu.cn/
4161010719,延安大学,陕西省,延安市,本科,,否,否,否,否,现役候选,是,2026软科主榜 248,2026软科主榜 248,,,,,4,0,是,0,,0,,https://www.yau.edu.cn/
4161010720,陕西理工大学,陕西省,汉中市,本科,,否,否,否,否,现役候选,是,2026软科主榜 342,2026软科主榜 342,,,,,2,0,是,0,,0,,https://www.snut.edu.cn/
4161010721,宝鸡文理学院,陕西省,宝鸡市,本科,,否,否,否,否,现役候选,是,2026软科主榜 450,2026软科主榜 450,,,,,3,0,是,0,,0,,https://www.bjwlxy.edu.cn/
4161010722,咸阳师范学院,陕西省,咸阳市,本科,,否,否,否,否,现役候选,是,2026软科主榜 486,2026软科主榜 486,,,,,3,0,是,0,,0,,https://www.xync.edu.cn
4161010723,渭南师范学院,陕西省,渭南市,本科,,否,否,否,否,现役候选,是,2026软科主榜 460,2026软科主榜 460,,,,,5,0,是,0,,0,,https://www.wnu.edu.cn/
4161010724,西安外国语大学,陕西省,西安市,本科,,否,否,否,否,现役候选,是,2026软科分类标签 语9,2026软科分类标签 语9,,,,,4,0,是,0,,0,,https://www.xisu.edu.cn/
4161010726,西北政法大学,陕西省,西安市,本科,,否,否,否,否,现役候选,是,2026软科分类标签 政5,2026软科分类标签 政5,,,,,4,0,是,0,,0,,https://www.nwupl.edu.cn/
4161010727,西安体育学院,陕西省,西安市,本科,,否,否,否,否,现役候选,是,2026软科分类标签 体12,2026软科分类标签 体12,,,,,3,0,是,0,,0,,https://www.xaipe.edu.cn/
4161010728,西安音乐学院,陕西省,西安市,本科,,否,否,否,否,现役候选,是,,,,,,,2,0,是,0,,0,,https://www.xacom.edu.cn/
4161010729,西安美术学院,陕西省,西安市,本科,,否,否,否,否,现役候选,是,,,,,,,3,0,是,0,,0,,https://www.xafa.edu.cn
4161011080,西安文理学院,陕西省,西安市,本科,,否,否,否,否,现役候选,是,2026软科主榜 422,2026软科主榜 422,,,,,4,0,是,0,,0,,https://www.xawl.edu.cn/
4161011395,榆林大学,陕西省,榆林市,本科,,否,否,否,否,现役候选,是,2026软科主榜 339,2026软科主榜 339,,,,,3,0,是,0,,0,,https://www.yulinu.edu.cn/
4161011396,商洛学院,陕西省,商洛市,本科,,否,否,否,否,现役候选,是,2026软科分类标签 500+,2026软科分类标签 500+,,,,,3,0,是,0,,0,,http://www.slxy.edu.cn/
4161011397,安康学院,陕西省,安康市,本科,,否,否,否,否,现役候选,是,2026软科分类标签 500+,2026软科分类标签 500+,,,,,4,0,是,0,,0,,https://www.aku.edu.cn/
4161011400,西安培华学院,陕西省,西安市,本科,,是,否,否,否,现役候选,是,2026软科主榜 37,2026软科主榜 37,,,,,3,0,是,0,,0,,https://www.peihua.cn/
4161011560,西安财经大学,陕西省,西安市,本科,,否,否,否,否,现役候选,是,2026软科分类标签 财33,2026软科分类标签 财33,,,,,4,0,是,0,,0,,https://www.xaufe.edu.cn/
4161011664,西安邮电大学,陕西省,西安市,本科,,否,否,否,否,现役候选,是,2026软科主榜 196,2026软科主榜 196,,,,,2,0,是,0,,0,,https://www.xiyou.edu.cn/
4161011736,西安航空学院,陕西省,西安市,本科,,否,否,否,否,现役候选,是,2026软科主榜 444,2026软科主榜 444,,,,,3,0,是,0,,0,,https://www.xaau.edu.cn/
4161011840,西安医学院,陕西省,西安市,本科,,否,否,否,否,现役候选,是,2026软科分类标签 医46,2026软科分类标签 医46,,,,,3,0,是,0,,0,,https://www.xiyi.edu.cn/
4161012712,西安欧亚学院,陕西省,西安市,本科,,是,否,否,否,现役候选,是,2026软科分类标签 财13,2026软科分类标签 财13,,,,,1,0,是,0,,0,,https://www.eurasia.edu/
4161012713,西安外事学院,陕西省,西安市,本科,,是,否,否,否,现役候选,是,2026软科主榜 40,2026软科主榜 40,,,,,1,0,是,0,,0,,https://www.xaiu.edu.cn/
4161012714,西安翻译学院,陕西省,西安市,本科,,是,否,否,否,现役候选,是,2026软科分类标签 语3,2026软科分类标签 语3,,,,,1,0,是,0,,0,,https://www.xafy.edu.cn/
4161012715,西京学院,陕西省,西安市,本科,,是,否,否,否,现役候选,是,2026软科主榜 7,2026软科主榜 7,,,,,1,0,是,0,,0,,https://www.xijing.edu.cn/
4161013121,西安思源学院,陕西省,西安市,本科,,是,否,否,否,现役候选,是,2026软科主榜 62,2026软科主榜 62,,,,,3,0,是,0,,0,,https://www.xasyu.cn/
4161013123,陕西国际商贸学院,陕西省,咸阳市,本科,,是,否,否,否,现役候选,是,2026软科分类标签 财27,2026软科分类标签 财27,,,,,2,0,是,0,,0,,https://www.csiic.edu.cn/
4161013125,陕西服装工程学院,陕西省,咸阳市,本科,,是,否,否,否,现役候选,是,2026软科分类标签 100+,2026软科分类标签 100+,,,,,3,0,是,0,,0,,https://www.sxfu.org
4161013569,西安交通工程学院,陕西省,西安市,本科,,是,否,否,否,现役候选,是,2026软科分类标签 100+,2026软科分类标签 100+,,,,,3,0,是,0,,0,,https://www.xjy.edu.cn/
4161013677,西安交通大学城市学院,陕西省,西安市,本科,,是,否,否,否,现役候选,是,,,,,,,2,0,是,0,,0,,http://www.xjtucc.edu.cn/
4161013678,西北大学现代学院,陕西省,西安市,本科,,是,否,否,否,现役候选,是,,,,,,,1,0,是,0,,0,,https://www.xdxd.cn/
4161013679,西安建筑科技大学华清学院,陕西省,西安市,本科,,是,否,否,否,现役候选,是,,,,,,,2,0,是,0,,0,,https://www.xauat-hqc.com/
4161013680,西安财经大学行知学院,陕西省,西安市,本科,,是,否,否,否,现役候选,是,,,,,,,1,0,是,0,,0,,https://www.xacxz.edu.cn/
4161013681,陕西科技大学镐京学院,陕西省,咸阳市,本科,,是,否,否,否,现役候选,是,,,,,,,1,0,是,0,,0,,https://www.sxhju.cn/
4161013682,西安工商学院,陕西省,西安市,本科,,是,否,否,否,现役候选,是,2026软科分类标签 100+,2026软科分类标签 100+,,,,,1,0,是,0,,0,,https://www.bxait.cn/
4161013683,延安大学西安创新学院,陕西省,西安市,本科,,是,否,否,否,现役候选,是,,,,,,,2,0,是,0,,0,,https://www.xacxxy.com/
4161013685,西安电子科技大学长安学院,陕西省,西安市,本科,,是,否,否,否,已停止办学,否,,,,,,,0,0,否,0,,0,,
4161013738,西安汽车职业大学,陕西省,西安市,本科,,是,否,否,否,现役候选,是,,,,,,,2,0,是,0,,0,,https://www.xvua.edu.cn/
4161013894,西安明德理工学院,陕西省,西安市,本科,,是,否,否,否,现役候选,是,2026软科主榜 86,2026软科主榜 86,,,,,2,0,是,0,,0,,https://www.mdit.edu.cn/
4161014030,西安信息职业大学,陕西省,西安市,本科,,是,否,否,否,现役候选,是,,,,,,,1,0,是,0,,0,,http://www.xivuedu.com/
4161014034,长安大学兴华学院,陕西省,西安市,本科,,是,否,否,否,已停止招生,否,,,,,,,0,0,否,0,,0,,
4161014041,西安理工大学高科学院,陕西省,西安市,本科,,是,否,否,否,现役候选,是,,,,,,,2,0,是,0,,0,,https://www.xthtc.com/
4161014042,西安科技大学高新学院,陕西省,西安市,本科,,是,否,否,否,现役候选,是,,,,,,,1,0,是,0,,0,,https://www.gaoxinedu.com/
4161014390,陕西学前师范学院,陕西省,西安市,本科,,否,否,否,否,现役候选,是,2026软科分类标签 500+,2026软科分类标签 500+,,,,,2,0,是,0,,0,,https://www.snsy.edu.cn/
4161013819,陕西警察学院,陕西省,西安市,本科,,否,否,否,否,现役候选,是,,,,,,,1,0,是,0,,0,,https://www.snpc.edu.cn/index.htm
4161010966,陕西农林职业技术大学,陕西省,咸阳市,本科,,否,否,否,否,现役候选,是,,,,,,,1,0,是,0,,0,,https://www.ylvtc.cn/
4161010828,陕西工业职业技术大学,陕西省,咸阳市,本科,,否,否,否,否,现役候选,是,,,,,,,2,0,是,0,,0,,https://www.sxpi.edu.cn/
4161014945,西安戏剧学院,陕西省,西安市,本科,,否,否,否,否,现役候选,是,,,,,,,1,0,是,0,,0,,https://www.xaad.edu.cn/
4161011826,西安电力高等专科学校,陕西省,西安市,专科,,否,否,否,否,现役候选,是,,,,,,,1,0,是,0,,0,,https://www.xaepi.edu.cn/
4161012510,陕西能源职业技术学院,陕西省,咸阳市,专科,,否,否,否,否,现役候选,是,,,,,,,4,0,是,0,,0,,http://www.snein.edu.cn/
4161012827,陕西国防工业职业技术学院,陕西省,西安市,专科,,否,否,否,否,现役候选,是,,,,,,,3,0,是,0,,0,,https://www.gfxy.com/
4161012828,西安航空职业技术学院,陕西省,西安市,专科,,否,否,否,否,现役候选,是,,,,,,,4,0,是,0,,0,,https://www.xihang.com.cn/
4161012829,陕西财经职业技术学院,陕西省,咸阳市,专科,,否,否,否,否,现役候选,是,,,,,,,2,0,是,0,,0,,https://www.scy.cn
4161012830,陕西交通职业技术学院,陕西省,西安市,专科,,否,否,否,否,现役候选,是,,,,,,,6,0,是,0,,0,,https://www.scct.cn/
4161012831,陕西职业技术学院,陕西省,西安市,专科,,否,否,否,否,现役候选,是,,,,,,,2,0,是,0,,0,,https://www.svtc.edu.cn/
4161013122,西安高新科技职业学院,陕西省,西安市,专科,,是,否,否,否,现役候选,是,,,,,,,1,0,是,0,,0,,https://www.xhtu.com.cn/
4161013124,西安城市建设职业学院,陕西省,西安市,专科,,是,否,否,否,现役候选,是,,,,,,,1,0,是,0,,0,,http://xacsjsedu.com/
4161013566,陕西铁路工程职业技术学院,陕西省,渭南市,专科,,否,否,否,否,现役候选,是,,,,,,,4,0,是,0,,0,,https://www.sxri.net/
4161013567,宝鸡职业技术学院,陕西省,宝鸡市,专科,,否,否,否,否,现役候选,是,,,,,,,3,0,是,0,,0,,https://www.bjvtc.com/
4161013568,陕西航空职业技术学院,陕西省,汉中市,专科,,否,否,否,否,现役候选,是,,,,,,,3,0,是,0,,0,,https://www.sxhkxy.com/
4161013570,陕西电子信息职业技术学院,陕西省,西安市,专科,,是,否,否,否,现役候选,是,,,,,,,2,0,是,0,,0,,https://www.sxitu.com/
4161013736,陕西邮电职业技术学院,陕西省,咸阳市,专科,,否,否,否,否,现役候选,是,,,,,,,3,0,是,0,,0,,https://www.sptc.sn.cn/
4161013737,西安海棠职业学院,陕西省,西安市,专科,,是,否,否,否,现役候选,是,,,,,,,1,0,是,0,,0,,https://www.xahtxy.cn/
4161013739,西安健康工程职业学院,陕西省,西安市,专科,,是,否,否,否,现役候选,是,,,,,,,1,0,是,0,,0,,
4161013932,陕西经济管理职业技术学院,陕西省,西安市,专科,,否,否,否,否,现役候选,是,,,,,,,1,0,是,0,,0,,
4161013945,西安铁路职业技术学院,陕西省,西安市,专科,,否,否,否,否,现役候选,是,,,,,,,6,0,是,0,,0,,http://www.xatzy.com/
4161013946,咸阳职业技术学院,陕西省,咸阳市,专科,,否,否,否,否,现役候选,是,,,,,,,2,0,是,0,,0,,https://www.xianyangzhiyuan.cn/
4161013947,西安职业技术学院,陕西省,西安市,专科,,否,否,否,否,现役候选,是,,,,,,,4,0,是,0,,0,,https://www.xzyedu.com.cn/
4161013948,商洛职业技术学院,陕西省,商洛市,专科,,否,否,否,否,现役候选,是,,,,,,,2,0,是,0,,0,,https://www.slzyjsxy.com/
4161013949,汉中职业技术学院,陕西省,汉中市,专科,,否,否,否,否,现役候选,是,,,,,,,1,0,是,0,,0,,https://www.hzvtc.cn/
4161013950,延安职业技术学院,陕西省,延安市,专科,,否,否,否,否,现役候选,是,,,,,,,2,0,是,0,,0,,https://www.yapt.edu.cn/
4161013951,渭南职业技术学院,陕西省,渭南市,专科,,否,否,否,否,现役候选,是,,,,,,,3,0,是,0,,0,,https://www.wnzy.net/
4161013952,安康职业技术学院,陕西省,安康市,专科,,否,否,否,否,现役候选,是,,,,,,,3,0,是,0,,0,,https://www.akvtc.cn/
4161013953,铜川职业技术学院,陕西省,铜川市,专科,,否,否,否,否,现役候选,是,,,,,,,2,0,是,0,,0,,https://www.tczyxy.net/
4161014028,陕西青年职业学院,陕西省,西安市,专科,,否,否,否,否,现役候选,是,,,,,,,2,0,是,0,,0,,https://www.sxqzy.com/
4161014029,陕西工商职业学院,陕西省,西安市,专科,,否,否,否,否,现役候选,是,,,,,,,4,0,是,0,,0,,https://www.snbc.edu.cn/
4161014031,陕西旅游烹饪职业学院,陕西省,西安市,专科,,是,否,否,否,现役候选,是,,,,,,,4,0,是,0,,0,,https://www.sntcc.cn/
4161014222,西安医学高等专科学校,陕西省,西安市,专科,,是,否,否,否,现役候选,是,,,,,,,2,0,是,0,,0,,https://www.xagdyz.com/
4161014318,榆林职业技术学院,陕西省,榆林市,专科,,否,否,否,否,现役候选,是,,,,,,,1,0,是,0,,0,,https://www.yulinvtc.com.cn/
4161014488,陕西艺术职业学院,陕西省,西安市,专科,,否,否,否,否,现役候选,是,,,,,,,2,0,是,0,,0,,https://www.sxavc.edu.cn/
4161014650,神木职业技术学院,陕西省,榆林市,专科,,否,否,否,否,现役候选,是,,,,,,,2,0,是,0,,0,,https://www.smzy.edu.cn/
4161014651,宝鸡三和职业学院,陕西省,宝鸡市,专科,,是,否,否,否,现役候选,是,,,,,,,1,0,是,0,,0,,https://www.sxshxy.cn/
4161014737,榆林能源科技职业学院,陕西省,榆林市,专科,,是,否,否,否,现役候选,是,,,,,,,1,0,是,0,,0,,https://ylnkxy.com/
4161014770,宝鸡中北职业学院,陕西省,宝鸡市,专科,,是,否,否,否,现役候选,是,,,,,,,1,0,是,0,,0,,https://www.bjzbzyxy.com/
4261050084,陕西机电职业技术学院,陕西省,宝鸡市,专科,,否,否,否,否,现役候选,是,,,,,,,4,0,是,0,,0,,https://www.sxjdzy.cn/
4162010730,兰州大学,甘肃省,兰州市,本科,,否,是,是,是,现役候选,是,2026软科主榜 40,2026软科主榜 40,,,,,3,0,是,0,,0,,https://www.lzu.edu.cn/
4162010731,兰州理工大学,甘肃省,兰州市,本科,,否,否,否,否,现役候选,是,2026软科主榜 204,2026软科主榜 204,,,,,3,0,是,0,,0,,https://www.lut.edu.cn/
4162010732,兰州交通大学,甘肃省,兰州市,本科,,否,否,否,否,现役候选,是,2026软科主榜 192,2026软科主榜 192,,,,,3,0,是,0,,0,,https://www.lzjtu.cn
4162010733,甘肃农业大学,甘肃省,兰州市,本科,,否,否,否,否,现役候选,是,2026软科主榜 235,2026软科主榜 235,,,,,1,0,是,0,,0,,https://www.gsau.edu.cn/
4162010735,甘肃中医药大学,甘肃省,兰州市,本科,,否,否,否,否,现役候选,是,2026软科分类标签 中医25,2026软科分类标签 中医25,,,,,6,0,是,0,,0,,https://www.gszy.edu.cn/reception
4162010736,西北师范大学,甘肃省,兰州市,本科,,否,否,否,否,现役候选,是,2026软科主榜 154,2026软科主榜 154,,,,,4,0,是,0,,0,,https://www.nwnu.edu.cn/
4162010737,兰州城市学院,甘肃省,兰州市,本科,,否,否,否,否,现役候选,是,2026软科主榜 489,2026软科主榜 489,,,,,3,0,是,0,,0,,https://www.lzcu.edu.cn/
4162010738,陇东学院,甘肃省,庆阳市,本科,,否,否,否,否,现役候选,是,2026软科主榜 476,2026软科主榜 476,,,,,1,0,是,0,,0,,https://www.ldxy.edu.cn/
4162010739,天水师范大学,甘肃省,天水市,本科,,否,否,否,否,现役候选,是,2026软科主榜 446,2026软科主榜 446,,,,,1,0,是,0,,0,,https://www.tsnu.edu.cn
4162010740,河西学院,甘肃省,张掖市,本科,,否,否,否,否,现役候选,是,2026软科主榜 448,2026软科主榜 448,,,,,3,0,是,0,,0,,https://www10.hxu.edu.cn/
4162010741,兰州财经大学,甘肃省,兰州市,本科,,否,否,否,否,现役候选,是,2026软科分类标签 财38,2026软科分类标签 财38,,,,,4,0,是,0,,0,,https://www.lzufe.edu.cn
4162010742,西北民族大学,甘肃省,兰州市,本科,,否,否,否,否,现役候选,是,2026软科分类标签 民8,2026软科分类标签 民8,,,,,4,0,是,0,,0,,https://www.xbmu.edu.cn/
4162011406,甘肃政法大学,甘肃省,兰州市,本科,,否,否,否,否,现役候选,是,2026软科分类标签 政14,2026软科分类标签 政14,,,,,3,0,是,0,,0,,https://www.gsupl.edu.cn/
4162011561,甘肃民族师范学院,甘肃省,甘南藏族自治州,本科,,否,否,否,否,现役候选,是,2026软科分类标签 500+,2026软科分类标签 500+,,,,,1,0,是,0,,0,,https://www.gnun.edu.cn
4162011562,兰州文理学院,甘肃省,兰州市,本科,,否,否,否,否,现役候选,是,2026软科分类标签 500+,2026软科分类标签 500+,,,,,2,0,是,0,,0,,https://www.luas.edu.cn/
4162011805,甘肃医学院,甘肃省,平凉市,本科,,否,否,否,否,现役候选,是,2026软科分类标签 医56+,2026软科分类标签 医56+,,,,,2,0,是,0,,0,,https://www.gsmc.edu.cn/
4162011807,兰州工业学院,甘肃省,兰州市,本科,,否,否,否,否,现役候选,是,2026软科分类标签 500+,2026软科分类标签 500+,,,,,3,0,是,0,,0,,https://www.lzit.edu.cn/
4162016209,兰州石化职业技术大学,甘肃省,兰州市,本科,,否,否,否,否,现役候选,是,,,,,,,4,0,是,0,,0,,https://www.lzpuvt.edu.cn/
4162013511,兰州工商学院,甘肃省,兰州市,本科,,是,否,否,否,现役候选,是,2026软科分类标签 财27+,2026软科分类标签 财27+,,,,,1,0,是,0,,0,,http://www.lanzhoutbc.cn/
4162016208,兰州资源环境职业技术大学,甘肃省,兰州市,本科,,否,否,否,否,现役候选,是,,,,,,,2,0,是,0,,0,,https://www.lzre.edu.cn/
4162013514,兰州博文科技学院,甘肃省,兰州市,本科,,是,否,否,否,现役候选,是,2026软科分类标签 100+,2026软科分类标签 100+,,,,,1,0,是,0,,0,,http://www.bowenedu.cn/
4162013515,兰州信息科技学院,甘肃省,兰州市,本科,,是,否,否,否,现役候选,是,2026软科分类标签 100+,2026软科分类标签 100+,,,,,1,0,是,0,,0,,https://www.lzxk.edu.cn/
4162011806,陇南师范学院,甘肃省,陇南市,本科,,否,否,否,否,现役候选,是,,,,,,,1,0,是,0,,0,,https://www.lntc.edu.cn
4162012834,甘肃警察学院,甘肃省,兰州市,本科,,否,否,否,否,现役候选,是,,,,,,,2,0,是,0,,0,,https://www.gsjcxy.edu.cn/
4162012835,甘肃林业职业技术大学,甘肃省,天水市,本科,,否,否,否,否,现役候选,是,,,,,,,2,0,是,0,,0,,https://www.gsfc.edu.cn
4162012539,酒泉职业技术大学,甘肃省,酒泉市,本科,,否,否,否,否,现役候选,是,,,,,,,1,0,是,0,,0,,https://www.jqzy.edu.cn/
4162012836,甘肃工业职业技术大学,甘肃省,天水市,本科,,否,否,否,否,现役候选,是,,,,,,,2,0,是,0,,0,,https://www.gipc.edu.cn
4162013518,武威职业技术大学,甘肃省,武威市,本科,,否,否,否,否,现役候选,是,,,,,,,1,0,是,0,,0,,https://www.wwoc.cn/
4162011808,定西师范高等专科学校,甘肃省,定西市,专科,,否,否,否,否,现役候选,是,,,,,,,1,0,是,0,,0,,
4162012511,甘肃建筑职业技术学院,甘肃省,兰州市,专科,,否,否,否,否,现役候选,是,,,,,,,3,0,是,0,,0,,https://www.gcvtc.edu.cn/
4162012832,兰州外语职业学院,甘肃省,兰州市,专科,,是,否,否,否,现役候选,是,,,,,,,2,0,是,0,,0,,https://www.lzwyedu.com/
4162012833,兰州职业技术学院,甘肃省,兰州市,专科,,否,否,否,否,现役候选,是,,,,,,,3,0,是,0,,0,,https://www.lvu.edu.cn/
4162013519,甘肃交通职业技术学院,甘肃省,兰州市,专科,,否,否,否,否,现役候选,是,,,,,,,3,0,是,0,,0,,https://www.gsjtxy.edu.cn/main/
4162013954,甘肃农业职业技术学院,甘肃省,兰州市,专科,,否,否,否,否,现役候选,是,,,,,,,4,0,是,0,,0,,https://www.gscat.edu.cn/
4162013955,甘肃畜牧工程职业技术学院,甘肃省,武威市,专科,,否,否,否,否,现役候选,是,,,,,,,1,0,是,0,,0,,https://www.xmgcedu.cn/
4162014131,甘肃钢铁职业技术学院,甘肃省,嘉峪关市,专科,,否,否,否,否,现役候选,是,,,,,,,2,0,是,0,,0,,http://www.gsgtzy.cn/gt/default.html
4162014375,甘肃有色冶金职业技术学院,甘肃省,金昌市,专科,,否,否,否,否,现役候选,是,,,,,,,2,0,是,0,,0,,http://www.gsysyj.cn/
4162014376,白银矿冶职业技术学院,甘肃省,白银市,专科,,否,否,否,否,现役候选,是,,,,,,,3,0,是,0,,0,,https://www.bymu.cn
4162014517,甘肃卫生职业学院,甘肃省,兰州市,专科,,否,否,否,否,现役候选,是,,,,,,,3,0,是,0,,0,,http://www.gswx.com.cn/
4162014518,兰州科技职业学院,甘肃省,兰州市,专科,,是,否,否,否,现役候选,是,,,,,,,2,0,是,0,,0,,https://www.lzkjedu.com/
4162014551,庆阳职业技术学院,甘肃省,庆阳市,专科,,否,否,否,否,现役候选,是,,,,,,,2,0,是,0,,0,,https://www.qyvtc.cn/
4162014552,临夏现代职业学院,甘肃省,临夏回族自治州,专科,,否,否,否,否,现役候选,是,,,,,,,2,0,是,0,,0,,http://www.lxxdzy.com
4162014594,兰州现代职业学院,甘肃省,兰州市,专科,,否,否,否,否,现役候选,是,,,,,,,2,0,是,0,,0,,https://www.lzmvc.edu.cn/
4162014595,平凉职业技术学院,甘肃省,平凉市,专科,,否,否,否,否,现役候选,是,,,,,,,2,0,是,0,,0,,https://www.plvtc.cn/
4162014738,培黎职业学院,甘肃省,张掖市,专科,,否,否,否,否,现役候选,是,,,,,,,1,0,是,0,,0,,https://www.plzyxy.com/
4162014771,兰州航空职业技术学院,甘肃省,兰州市,专科,,否,否,否,否,现役候选,是,,,,,,,1,0,是,0,,0,,http://www.lzatc.edu.cn/
4162014772,白银希望职业技术学院,甘肃省,白银市,专科,,是,否,否,否,现役候选,是,,,,,,,1,0,是,0,,0,,http://www.byhvatc.com/
4262051378,甘肃财贸职业学院,甘肃省,兰州市,专科,,否,否,否,否,现役候选,是,,,,,,,4,0,是,0,,0,,https://www.gscmxy.edu.cn/
4162014823,定西职业技术学院,甘肃省,定西市,专科,,否,否,否,否,现役候选,是,,,,,,,1,0,是,0,,0,,https://www.dxvtc.edu.cn/
4163010743,青海大学,青海省,西宁市,本科,,否,否,是,是,现役候选,是,2026软科主榜 203,2026软科主榜 203,,,,,3,0,是,0,,0,,https://www.qhu.edu.cn/
4163010746,青海师范大学,青海省,西宁市,本科,,否,否,否,否,现役候选,是,2026软科主榜 256,2026软科主榜 256,,,,,4,0,是,0,,0,,https://www.qhnu.edu.cn
4163010748,青海民族大学,青海省,西宁市,本科,,否,否,否,否,现役候选,是,2026软科分类标签 民11,2026软科分类标签 民11,,,,,6,0,是,0,,0,,https://www.qhmu.edu.cn/
4163013674,青海大学昆仑学院,青海省,西宁市,本科,,是,否,否,否,现役候选,是,,,,,,,1,0,是,0,,0,,
4163014881,青海理工学院,青海省,西宁市,本科,,否,否,否,否,现役候选,是,,,,,,,1,0,是,0,,0,,https://qhit.edu.cn/
4163012973,青海职业技术大学,青海省,西宁市,本科,,否,否,否,否,现役候选,是,,,,,,,2,0,是,0,,0,,http://www.qhvu.edu.cn/
4163012562,青海卫生职业技术学院,青海省,西宁市,专科,,否,否,否,否,现役候选,是,,,,,,,1,0,是,0,,0,,https://www.qhwszy.edu.cn/
4163012852,青海警官职业学院,青海省,西宁市,专科,,否,否,否,否,现役候选,是,,,,,,,2,0,是,0,,0,,https://www.qhjyedu.com/
4163012972,青海农牧科技职业学院,青海省,西宁市,专科,,否,否,否,否,现役候选,是,,,,,,,2,0,是,0,,0,,https://www.qhxmzy.cn/
4163012974,青海建筑职业技术学院,青海省,西宁市,专科,,否,否,否,否,现役候选,是,,,,,,,2,0,是,0,,0,,https://www.qhavtc.edu.cn/
4163014519,西宁城市职业技术学院,青海省,西宁市,专科,,否,否,否,否,现役候选,是,,,,,,,1,0,是,0,,0,,https://www.xncy.edu.cn/default.html
4163014520,青海高等职业技术学院,青海省,海东市,专科,,否,否,否,否,现役候选,是,,,,,,,2,0,是,0,,0,,https://www.qhvtc.edu.cn/
4163014521,青海柴达木职业技术学院,青海省,海西蒙古族藏族自治州,专科,,否,否,否,否,现役候选,是,,,,,,,1,0,是,0,,0,,http://www.qhcdmzy.edu.cn
4164010749,宁夏大学,宁夏回族自治区,银川市,本科,,否,否,是,是,现役候选,是,2026软科主榜 137,2026软科主榜 137,,,,,8,0,是,0,,0,,https://www.nxu.edu.cn/
4164010752,宁夏医科大学,宁夏回族自治区,银川市,本科,,否,否,否,否,现役候选,是,2026软科分类标签 医21,2026软科分类标签 医21,,,,,4,0,是,0,,0,,https://www.nxmu.edu.cn/
4164010753,宁夏师范大学,宁夏回族自治区,固原市,本科,,否,否,否,否,现役候选,是,2026软科主榜 413,2026软科主榜 413,,,,,2,0,是,0,,0,,https://www.nxnu.edu.cn/
4164011407,北方民族大学,宁夏回族自治区,银川市,本科,,否,否,否,否,现役候选,是,2026软科分类标签 民9,2026软科分类标签 民9,,,,,2,0,是,0,,0,,https://www.nmu.edu.cn/
4164012544,宁夏理工学院,宁夏回族自治区,石嘴山市,本科,,是,否,否,否,现役候选,是,2026软科主榜 70,2026软科主榜 70,,,,,2,0,是,0,,0,,http://www.nxist.com/
4164013325,宁夏大学新华学院,宁夏回族自治区,银川市,本科,,是,否,否,否,现役候选,是,,,,,,,3,0,是,0,,0,,https://xinhua.nxu.edu.cn/
4164013820,银川能源学院,宁夏回族自治区,银川市,本科,,是,否,否,否,现役候选,是,2026软科分类标签 100+,2026软科分类标签 100+,,,,,2,0,是,0,,0,,https://www.ycu.com.cn/
4164014200,银川科技学院,宁夏回族自治区,银川市,本科,,是,否,否,否,现役候选,是,2026软科分类标签 100+,2026软科分类标签 100+,,,,,1,0,是,0,,0,,https://www.ycust.edu.cn/
4164013086,宁夏职业技术大学,宁夏回族自治区,银川市,本科,,否,否,否,否,现役候选,是,,,,,,,1,0,是,0,,0,,https://www.nxtc.edu.cn/
4164013087,宁夏工商职业技术大学,宁夏回族自治区,银川市,本科,,否,否,否,否,现役候选,是,,,,,,,1,0,是,0,,0,,https://www.nxgs.edu.cn/
4164014986,宁夏应用技术学院,宁夏回族自治区,石嘴山市,本科,,是,否,否,否,现役候选,是,,,,,,,1,0,是,0,,0,,http://www.nxmjyyjsxy.cn/
4164012716,宁夏民族职业技术学院,宁夏回族自治区,吴忠市,专科,,否,否,否,否,现役候选,是,,,,,,,2,0,是,0,,0,,https://www.nxmzy.com.cn/
4164012837,宁夏工业职业学院,宁夏回族自治区,银川市,专科,,否,否,否,否,现役候选,是,,,,,,,1,0,是,0,,0,,
4164013088,宁夏财经职业技术学院,宁夏回族自治区,银川市,专科,,否,否,否,否,现役候选,是,,,,,,,2,0,是,0,,0,,https://www.nxcy.edu.cn/
4164013089,宁夏警官职业学院,宁夏回族自治区,银川市,专科,,否,否,否,否,现役候选,是,,,,,,,2,0,是,0,,0,,https://www.nxpc.edu.cn/index.htm
4164013151,宁夏建设职业技术学院,宁夏回族自治区,银川市,专科,,否,否,否,否,现役候选,是,,,,,,,2,0,是,0,,0,,https://www.nxjy.edu.cn/
4164014377,宁夏葡萄酒与防沙治沙职业技术学院,宁夏回族自治区,银川市,专科,,否,否,否,否,现役候选,是,,,,,,,2,0,是,0,,0,,http://www.nxfszs.cn
4164014498,宁夏幼儿师范高等专科学校,宁夏回族自治区,银川市,专科,,否,否,否,否,现役候选,是,,,,,,,3,0,是,0,,0,,https://www.nxpec.edu.cn/
4164014522,宁夏艺术职业学院,宁夏回族自治区,银川市,专科,,否,否,否,否,现役候选,是,,,,,,,1,0,是,0,,0,,http://www.nxyszyxy.com/
4164014624,宁夏体育职业学院,宁夏回族自治区,银川市,专科,,否,否,否,否,现役候选,是,,,,,,,1,0,是,0,,0,,https://www.nxtzy.com.cn/
4164014739,石嘴山工贸职业技术学院,宁夏回族自治区,石嘴山市,专科,,否,否,否,否,现役候选,是,,,,,,,1,0,是,0,,0,,http://www.nxszsgm.com/
4164014804,宁夏卫生健康职业技术学院,宁夏回族自治区,石嘴山市,专科,,否,否,否,否,现役候选,是,,,,,,,1,0,是,0,,0,,https://www.nxwsjkxy.com.cn/xygk/
4164014847,宁夏交通职业技术学院,宁夏回族自治区,银川市,专科,,否,否,否,否,现役候选,是,,,,,,,1,0,是,0,,0,,https://nxctedu.cn/
4164014976,固原农林职业技术学院,宁夏回族自治区,固原市,专科,,否,否,否,否,现役候选,是,,,,,,,0,1,是,0,,0,,
4165010755,新疆大学,新疆维吾尔自治区,乌鲁木齐市,本科,,否,否,是,是,现役候选,是,2026软科主榜 131,2026软科主榜 131,,,,,6,0,是,0,,0,,https://www.xju.edu.cn
4165010757,塔里木大学,新疆维吾尔自治区,阿拉尔市,本科,,否,否,否,否,现役候选,是,2026软科主榜 343,2026软科主榜 343,,,,,2,0,是,0,,0,,https://www.taru.edu.cn/
4165010758,新疆农业大学,新疆维吾尔自治区,乌鲁木齐市,本科,,否,否,否,否,现役候选,是,2026软科主榜 305,2026软科主榜 305,,,,,4,0,是,0,,0,,https://www.xjau.edu.cn
4165010759,石河子大学,新疆维吾尔自治区,石河子市,本科,,否,否,是,是,现役候选,是,2026软科主榜 135,2026软科主榜 135,,,,,6,0,是,0,,0,,https://www.shzu.edu.cn/
4165010760,新疆医科大学,新疆维吾尔自治区,乌鲁木齐市,本科,,否,否,否,否,现役候选,是,2026软科分类标签 医23,2026软科分类标签 医23,,,,,5,0,是,0,,0,,https://www.xjmu.edu.cn/
4165010762,新疆师范大学,新疆维吾尔自治区,乌鲁木齐市,本科,,否,否,否,否,现役候选,是,2026软科主榜 302,2026软科主榜 302,,,,,3,0,是,0,,0,,https://www.xjnu.edu.cn/
4165010763,喀什大学,新疆维吾尔自治区,喀什地区,本科,,否,否,否,否,现役候选,是,2026软科分类标签 500+,2026软科分类标签 500+,,,,,3,0,是,0,,0,,https://www.ksu.edu.cn/
4165010764,伊犁师范大学,新疆维吾尔自治区,伊犁哈萨克自治州,本科,,否,否,否,否,现役候选,是,2026软科主榜 500,2026软科主榜 500,,,,,4,0,是,0,,0,,https://www.ylnu.edu.cn/
4165010766,新疆财经大学,新疆维吾尔自治区,乌鲁木齐市,本科,,否,否,否,否,现役候选,是,2026软科分类标签 财37,2026软科分类标签 财37,,,,,5,0,是,0,,0,,https://www.xjufe.edu.cn/
4165010768,新疆艺术学院,新疆维吾尔自治区,乌鲁木齐市,本科,,否,否,否,否,现役候选,是,,,,,,,4,0,是,0,,0,,https://www.xjart.edu.cn/
4165010994,新疆工程学院,新疆维吾尔自治区,乌鲁木齐市,本科,,否,否,否,否,现役候选,是,2026软科分类标签 500+,2026软科分类标签 500+,,,,,4,0,是,0,,0,,https://www.xjie.edu.cn/
4165010997,昌吉学院,新疆维吾尔自治区,昌吉回族自治州,本科,,否,否,否,否,现役候选,是,2026软科分类标签 500+,2026软科分类标签 500+,,,,,2,0,是,0,,0,,https://www.cjc.edu.cn/
4165012734,新疆警察学院,新疆维吾尔自治区,乌鲁木齐市,本科,,否,否,否,否,现役候选,是,2026软科分类标签 政30+,2026软科分类标签 政30+,,,,,2,0,是,0,,0,,https://www.xjpcedu.cn/
4165013558,新疆理工学院,新疆维吾尔自治区,阿克苏地区,本科,,否,否,否,否,现役候选,是,2026软科分类标签 500+,2026软科分类标签 500+,,,,,2,0,是,0,,0,,https://www.xjit.edu.cn
4165013559,新疆农业大学科学技术学院,新疆维吾尔自治区,乌鲁木齐市,本科,,是,否,否,否,现役候选,是,,,,,,,1,0,是,0,,0,,
4165013560,新疆第二医学院,新疆维吾尔自治区,克拉玛依市,本科,,否,否,否,否,现役候选,是,2026软科分类标签 医56+,2026软科分类标签 医56+,,,,,1,0,是,0,,0,,https://www.xjsmc.edu.cn/
4165013561,新疆科技学院,新疆维吾尔自治区,巴音郭楞蒙古自治州,本科,,否,否,否,否,现役候选,是,2026软科分类标签 财46+,2026软科分类标签 财46+,,,,,2,0,是,0,,0,,https://www.xjust.edu.cn/
4165013628,新疆政法学院,新疆维吾尔自治区,图木舒克市,本科,,否,否,否,否,现役候选,是,2026软科分类标签 500+,2026软科分类标签 500+,,,,,1,0,是,0,,0,,https://www.xjzfu.edu.cn
4165013727,新疆天山职业技术大学,新疆维吾尔自治区,乌鲁木齐市,本科,,是,否,否,否,现役候选,是,,,,,,,2,0,是,0,,0,,http://www.xjtsxy.cn/
4165010765,新疆和田学院,新疆维吾尔自治区,和田地区,本科,,否,否,否,否,现役候选,是,,,,,,,1,0,是,0,,0,,http://www.xjhtc.edu.cn/
4165010995,新疆农业职业技术大学,新疆维吾尔自治区,昌吉回族自治州,本科,,否,否,否,否,现役候选,是,,,,,,,2,0,是,0,,0,,https://www.xjavtu.edu.cn/
4165014897,新疆工业学院,新疆维吾尔自治区,和田地区,本科,,否,否,否,否,现役候选,是,,,,,,,1,0,是,0,,0,,https://www.xjut.edu.cn/
4165011565,乌鲁木齐职业大学,新疆维吾尔自治区,乌鲁木齐市,本科,,否,否,否,否,现役候选,是,,,,,,,7,0,是,0,,0,,http://www.uvu.edu.cn/
4165013926,新疆交通职业技术大学,新疆维吾尔自治区,乌鲁木齐市,本科,,否,否,否,否,现役候选,是,,,,,,,1,0,是,0,,0,,http://www.xjjtedu.com
4165014946,塔里木理工学院,新疆维吾尔自治区,阿拉尔市,本科,,是,否,否,否,现役候选,是,,,,,,,1,0,是,0,,0,,https://www.tarit.cn/index.jsp
4165014947,新疆理工职业大学,新疆维吾尔自治区,喀什地区,本科,,否,否,否,否,现役候选,是,,,,,,,1,0,是,0,,0,,https://www.xjvut.edu.cn/
4165014523,新疆工程职业大学,新疆维吾尔自治区,铁门关市,本科,,否,否,否,否,现役候选,是,,,,,,,1,0,是,0,,0,,https://btc.edu.cn/
4165014987,新疆昆仑科技学院,新疆维吾尔自治区,草湖市,本科,,是,否,否,否,现役候选,是,,,,,,,1,0,是,0,,0,,
4165014489,新疆能源铁道职业技术大学,新疆维吾尔自治区,哈密市,本科,,否,否,否,否,现役候选,是,,,,,,,2,0,是,0,,0,,https://www.xjtzy.net/
4165013956,石河子职业技术大学,新疆维吾尔自治区,石河子市,本科,,否,否,否,否,现役候选,是,,,,,,,1,0,是,0,,0,,https://www.shzv.edu.cn/
4165012514,新疆工业职业技术大学,新疆维吾尔自治区,乌鲁木齐市,本科,,否,否,否,否,现役候选,是,,,,,,,1,0,是,0,,0,,
4165012482,克拉玛依职业技术学院,新疆维吾尔自治区,克拉玛依市,专科,,否,否,否,否,现役候选,是,,,,,,,4,0,是,0,,0,,https://www.kzjsxy.edu.cn/
4165012513,新疆机电职业技术学院,新疆维吾尔自治区,乌鲁木齐市,专科,,否,否,否,否,已并入新疆工程学院,否,,,,,,,0,0,否,0,,0,,
4165012570,新疆能源职业技术学院,新疆维吾尔自治区,乌鲁木齐市,专科,,是,否,否,否,现役候选,是,,,,,,,1,0,是,0,,0,,https://www.xjnyedu.com/
4165012838,昌吉职业技术学院,新疆维吾尔自治区,昌吉回族自治州,专科,,否,否,否,否,现役候选,是,,,,,,,4,0,是,0,,0,,https://www.cjpt.edu.cn/
4165012975,伊犁职业技术学院,新疆维吾尔自治区,伊犁哈萨克自治州,专科,,否,否,否,否,现役候选,是,,,,,,,1,0,是,0,,0,,http://www.ylzyjs.cn/
4165013093,阿克苏职业技术学院,新疆维吾尔自治区,阿克苏地区,专科,,否,否,否,否,现役候选,是,,,,,,,1,0,是,0,,0,,https://www.akszy.com/
4165013094,巴音郭楞职业技术学院,新疆维吾尔自治区,巴音郭楞蒙古自治州,专科,,否,否,否,否,现役候选,是,,,,,,,4,0,是,0,,0,,https://www.xjbyxy.cn
4165013562,新疆建设职业技术学院,新疆维吾尔自治区,乌鲁木齐市,专科,,否,否,否,否,现役候选,是,,,,,,,5,0,是,0,,0,,http://www.xjjsxy.net/
4165013726,新疆现代职业技术学院,新疆维吾尔自治区,乌鲁木齐市,专科,,是,否,否,否,现役候选,是,,,,,,,2,0,是,0,,0,,
4165014138,新疆职业大学,新疆维吾尔自治区,乌鲁木齐市,专科,,否,否,否,否,现役候选,是,,,,,,,5,0,是,0,,0,,https://www.xjvu.edu.cn/
4165014416,新疆体育职业技术学院,新疆维吾尔自治区,乌鲁木齐市,专科,,否,否,否,否,现役候选,是,,,,,,,1,0,是,0,,0,,
4165014417,新疆应用职业技术学院,新疆维吾尔自治区,伊犁哈萨克自治州,专科,,否,否,否,否,现役候选,是,,,,,,,4,0,是,0,,0,,https://www.xjyyedu.cn/
4165014421,新疆师范高等专科学校,新疆维吾尔自治区,乌鲁木齐市,专科,,否,否,否,否,现役候选,是,,,,,,,3,0,是,0,,0,,https://www.xjei.edu.cn/
4165014525,新疆科技职业技术学院,新疆维吾尔自治区,五家渠市,专科,,是,否,否,否,现役候选,是,,,,,,,2,0,是,0,,0,,https://www.xjkjzyjsxy.com/
4165014585,吐鲁番职业技术学院,新疆维吾尔自治区,吐鲁番市,专科,,否,否,否,否,现役候选,是,,,,,,,2,0,是,0,,0,,http://www.tlfzj.com
4165014622,博尔塔拉职业技术学院,新疆维吾尔自治区,博尔塔拉蒙古自治州,专科,,否,否,否,否,现役候选,是,,,,,,,2,0,是,0,,0,,https://www.betltc.edu.cn/
4165014652,和田职业技术学院,新疆维吾尔自治区,和田地区,专科,,否,否,否,否,现役候选,是,,,,,,,1,0,是,0,,0,,https://www.htpt.edu.cn/
4165014661,石河子工程职业技术学院,新疆维吾尔自治区,石河子市,专科,,否,否,否,否,现役候选,是,,,,,,,1,0,是,0,,0,,https://www.shzvce.cn/
4165014677,喀什职业技术学院,新疆维吾尔自治区,喀什地区,专科,,否,否,否,否,现役候选,是,,,,,,,2,0,是,0,,0,,https://www.kszy.edu.cn/
4165014678,克孜勒苏职业技术学院,新疆维吾尔自治区,克孜勒苏柯尔克孜自治州,专科,,否,否,否,否,现役候选,是,,,,,,,1,0,是,0,,0,,http://www.kzvtc.edu.cn/
4165014679,新疆科信职业技术学院,新疆维吾尔自治区,乌鲁木齐市,专科,,是,否,否,否,现役候选,是,,,,,,,1,0,是,0,,0,,https://www.kxedu.net/
4165014680,阿勒泰职业技术学院,新疆维吾尔自治区,阿勒泰地区,专科,,否,否,否,否,现役候选,是,,,,,,,1,0,是,0,,0,,https://www.altzyxy.com/
4165014740,塔城职业技术学院,新疆维吾尔自治区,塔城地区,专科,,否,否,否,否,现役候选,是,,,,,,,2,0,是,0,,0,,https://www.xjtcvtc.cn/
4165014741,塔里木职业技术学院,新疆维吾尔自治区,阿拉尔市,专科,,否,否,否,否,现役候选,是,,,,,,,1,0,是,0,,0,,https://www.tarp.edu.cn/
4165014660,铁门关职业技术学院,新疆维吾尔自治区,铁门关市,专科,,否,否,否,否,现役候选,是,,,,,,,2,0,是,0,,0,,https://tmgxy.edu.cn/
4165014805,新疆司法警官职业学院,新疆维吾尔自治区,乌鲁木齐市,专科,,否,否,否,否,现役候选,是,,,,,,,1,0,是,0,,0,,
4165014806,阿克苏工业职业技术学院,新疆维吾尔自治区,阿克苏地区,专科,,否,否,否,否,现役候选,是,,,,,,,1,0,是,0,,0,,http://www.aksgyxy.com
4165014824,喀什理工职业技术学院,新疆维吾尔自治区,喀什地区,专科,,否,否,否,否,现役候选,是,,,,,,,1,0,是,0,,0,,https://kspvtc.edu.cn/
4165014825,图木舒克职业技术学院,新疆维吾尔自治区,图木舒克市,专科,,否,否,否,否,现役候选,是,,,,,,,1,0,是,0,,0,,https://www.bttmskzy.edu.cn/
4165014826,可克达拉职业技术学院,新疆维吾尔自治区,可克达拉市,专科,,否,否,否,否,现役候选,是,,,,,,,1,0,是,0,,0,,https://www.ccdlvtc.com/
4165014827,新星职业技术学院,新疆维吾尔自治区,新星市,专科,,否,否,否,否,现役候选,是,,,,,,,1,0,是,0,,0,,https://www.xxzyjsxy.cn/
4165014828,昆玉职业技术学院,新疆维吾尔自治区,昆玉市,专科,,否,否,否,否,现役候选,是,,,,,,,1,0,是,0,,0,,https://www.btkyzy.edu.cn
4165014876,乌鲁木齐职业技术学院,新疆维吾尔自治区,乌鲁木齐市,专科,,否,否,否,否,现役候选,是,,,,,,,2,0,是,0,,0,,http://www.uvtc.edu.cn:90/
4165014877,双河职业技术学院,新疆维吾尔自治区,双河市,专科,,否,否,否,否,现役候选,是,,,,,,,1,0,是,0,,0,,
4165014941,阜康职业技术学院,新疆维吾尔自治区,昌吉回族自治州,专科,,否,否,否,否,现役候选,是,,,,,,,2,0,是,0,,0,,https://fkzyedu.cn/index.htm
4165014977,胡杨河职业技术学院,新疆维吾尔自治区,胡杨河市,专科,,否,否,否,否,现役候选,是,,,,,,,1,0,是,0,,0,,
4165014978,新疆石河子航空职业学院,新疆维吾尔自治区,石河子市,专科,,是,否,否,否,现役候选,是,,,,,,,1,0,是,0,,0,,
4211050001,北京市海淀区职工大学,北京市,,成人,,否,否,否,否,现役候选,是,,,,,,,0,0,否,0,,0,,
4211050002,北京市东城区职工业余大学,北京市,,成人,,否,否,否,否,现役候选,是,,,,,,,0,0,否,0,,0,,
4211050004,北京市崇文区职工大学,北京市,,成人,,否,否,否,否,现役候选,是,,,,,,,0,0,否,0,,0,,
4211050005,北京宣武红旗业余大学,北京市,,成人,,否,否,否,否,现役候选,是,,,,,,,0,0,否,0,,0,,
4211050006,北京市石景山区业余大学,北京市,,成人,,否,否,否,否,现役候选,是,,,,,,,1,0,是,0,,0,,
4211050007,北京市朝阳区职工大学,北京市,,成人,,否,否,否,否,现役候选,是,,,,,,,0,0,否,0,,0,,
4211050018,北京医药职工大学,北京市,,成人,,否,否,否,否,现役候选,是,,,,,,,0,0,否,0,,0,,
4211050025,北京市总工会职工大学,北京市,,成人,,否,否,否,否,现役候选,是,,,,,,,0,0,否,0,,0,,
4211050038,中央党校继续教育学院,北京市,,成人,,否,否,否,否,现役候选,是,,,,,,,0,0,否,0,,0,,
4211050043,中国记协职工新闻学院,北京市,,成人,,否,否,否,否,现役候选,是,,,,,,,0,0,否,0,,0,,
4211050044,中南海业余大学,北京市,,成人,,否,否,否,否,现役候选,是,,,,,,,0,0,否,0,,0,,
4211050061,北京教育学院,北京市,,成人,,否,否,否,否,现役候选,是,,,,,,,0,0,否,0,,0,,
4211051160,北京开放大学,北京市,,成人,,否,否,否,否,现役候选,是,,,,,,,1,0,是,0,,0,,
4211051161,国家开放大学,北京市,,成人,,否,否,否,否,现役候选,是,,,,,,,0,0,否,0,,0,,
4211051167,民航管理干部学院,北京市,,成人,,否,否,否,否,现役候选,是,,,,,,,0,0,否,0,,0,,
4211051624,北京市丰台区职工大学,北京市,,成人,,否,否,否,否,现役候选,是,,,,,,,0,0,否,0,,0,,
4211051626,北京市西城经济科学大学,北京市,,成人,,否,否,否,否,现役候选,是,,,,,,,0,0,否,0,,0,,
4211051630,北京市农工商联合总公司职工大学,北京市,,成人,,否,否,否,否,现役候选,是,,,,,,,0,0,否,0,,0,,
4211051643,公安部管理干部学院,北京市,,成人,,否,否,否,否,现役候选,是,,,,,,,0,0,否,0,,0,,
4211051651,国家法官学院,北京市,,成人,,否,否,否,否,现役候选,是,,,,,,,2,0,是,0,,0,,
4211051800,华北电业联合职工大学,北京市,,成人,,否,否,否,否,现役候选,是,,,,,,,0,0,否,0,,0,,
4211051837,首都联合职工大学,北京市,,成人,,否,否,否,否,现役候选,是,,,,,,,0,0,否,0,,0,,
4211051898,国家检察官学院,北京市,,成人,,否,否,否,否,现役候选,是,,,,,,,1,0,是,0,,0,,
4212050063,天津市和平区新华职工大学,天津市,,成人,,否,否,否,否,现役候选,是,,,,,,,0,0,否,0,,0,,
4212050064,天津市河西区职工大学,天津市,,成人,,否,否,否,否,现役候选,是,,,,,,,0,0,否,0,,0,,
4212050065,天津市河东区职工大学,天津市,,成人,,否,否,否,否,现役候选,是,,,,,,,0,0,否,0,,0,,
4212050066,天津市红桥区职工大学,天津市,,成人,,否,否,否,否,现役候选,是,,,,,,,1,0,是,0,,0,,
4212050068,天津市南开区职工大学,天津市,,成人,,否,否,否,否,现役候选,是,,,,,,,0,0,否,0,,0,,
4212050070,天津市建筑工程职工大学,天津市,,成人,,否,否,否,否,现役候选,是,,,,,,,0,0,否,0,,0,,
4212050073,天津市职工经济技术大学,天津市,,成人,,否,否,否,否,现役候选,是,,,,,,,0,0,否,0,,0,,
4212050095,天津市渤海化工职工学院,天津市,,成人,,否,否,否,否,现役候选,是,,,,,,,0,0,否,0,,0,,
4212051171,天津开放大学,天津市,,成人,,否,否,否,否,现役候选,是,,,,,,,0,0,否,0,,0,,
4212051175,天津市政法管理干部学院,天津市,,成人,,否,否,否,否,现役候选,是,,,,,,,0,0,否,0,,0,,
4212051176,天津市工会管理干部学院,天津市,,成人,,否,否,否,否,现役候选,是,,,,,,,0,0,否,0,,0,,
4212051659,天津市房地产局职工大学,天津市,,成人,,否,否,否,否,现役候选,是,,,,,,,0,0,否,0,,0,,
4213051177,河北开放大学,河北省,,成人,,否,否,否,否,现役候选,是,,,,,,,0,0,否,0,,0,,
4213051180,石家庄职工大学,河北省,,成人,,否,否,否,否,现役候选,是,,,,,,,0,0,否,0,,0,,
4231051332,海关管理干部学院,河北省,,成人,,否,否,否,否,现役候选,是,,,,,,,0,0,否,0,,0,,
4213051723,河北管理干部学院,河北省,,成人,,否,否,否,否,现役候选,是,,,,,,,0,0,否,0,,0,,
4213051802,河北青年管理干部学院,河北省,,成人,,否,否,否,否,现役候选,是,,,,,,,0,0,否,0,,0,,
4214050162,太原化学工业集团有限公司职工大学,山西省,,成人,,否,否,否,否,现役候选,是,,,,,,,0,0,否,0,,0,,
4214050163,山西机电职工学院,山西省,,成人,,否,否,否,否,现役候选,是,,,,,,,0,0,否,0,,0,,
4214050164,太原钢铁(集团)有限公司职工钢铁学院,山西省,,成人,,否,否,否,否,现役候选,是,,,,,,,0,0,否,0,,0,,
4214050167,山西煤炭职工联合大学,山西省,,成人,,否,否,否,否,现役候选,是,,,,,,,1,0,是,0,,0,,
4214050169,山西兵器工业职工大学,山西省,,成人,,否,否,否,否,现役候选,是,,,,,,,0,0,否,0,,0,,
4214050175,山西省职工工艺美术学院,山西省,,成人,,否,否,否,否,现役候选,是,,,,,,,0,0,否,0,,0,,
4214051187,山西开放大学,山西省,,成人,,否,否,否,否,现役候选,是,,,,,,,0,0,否,0,,0,,
4215050204,包头市职工大学,内蒙古自治区,,成人,,否,否,否,否,现役候选,是,,,,,,,0,0,否,0,,0,,
4215051192,内蒙古开放大学,内蒙古自治区,,成人,,否,否,否,否,现役候选,是,,,,,,,0,0,否,0,,0,,
4221051087,辽宁兵器工业职工大学,辽宁省,,成人,,否,否,否,否,现役候选,是,,,,,,,0,0,否,0,,0,,
4221051110,大连工人大学,辽宁省,,成人,,否,否,否,否,现役候选,是,,,,,,,1,0,是,0,,0,,
4221051117,空军第四职工大学,辽宁省,,成人,,否,否,否,否,现役候选,是,,,,,,,0,0,否,0,,0,,
4221051118,海军职工大学,辽宁省,,成人,,否,否,否,否,现役候选,是,,,,,,,0,0,否,0,,0,,
4221051120,大连职工大学,辽宁省,,成人,,否,否,否,否,现役候选,是,,,,,,,0,0,否,0,,0,,
4221051125,抚顺矿务局职工工学院,辽宁省,,成人,,否,否,否,否,现役候选,是,,,,,,,0,0,否,0,,0,,
4221051126,抚顺石油化工公司职工大学,辽宁省,,成人,,否,否,否,否,现役候选,是,,,,,,,0,0,否,0,,0,,
4221051138,阜新矿务局职工大学,辽宁省,,成人,,否,否,否,否,现役候选,是,,,,,,,0,0,否,0,,0,,
4221051149,大连市教育学院,辽宁省,,成人,,否,否,否,否,现役候选,是,,,,,,,0,0,否,0,,0,,
4221051196,辽宁开放大学,辽宁省,,成人,,否,否,否,否,现役候选,是,,,,,,,0,0,否,0,,0,,
4221051227,阜新煤炭职工医学专科学校,辽宁省,,成人,,否,否,否,否,现役候选,是,,,,,,,0,0,否,0,,0,,
4221051695,辽宁冶金职工大学,辽宁省,,成人,,否,否,否,否,现役候选,是,,,,,,,0,0,否,0,,0,,
4221051842,辽宁公安司法管理干部学院,辽宁省,,成人,,否,否,否,否,现役候选,是,,,,,,,0,0,否,0,,0,,
4221051843,沈阳机械工业职工大学,辽宁省,,成人,,否,否,否,否,现役候选,是,,,,,,,0,0,否,0,,0,,
4221051845,鞍山钢铁集团公司职工大学,辽宁省,,成人,,否,否,否,否,现役候选,是,,,,,,,0,0,否,0,,0,,
4221051848,沈阳开放大学,辽宁省,,成人,,否,否,否,否,现役候选,是,,,,,,,0,0,否,0,,0,,
4221051849,大连开放大学,辽宁省,,成人,,否,否,否,否,现役候选,是,,,,,,,0,0,否,0,,0,,
4222050226,长春职工大学,吉林省,,成人,,否,否,否,否,现役候选,是,,,,,,,0,0,否,0,,0,,
4222050229,长春市建筑职工业余大学,吉林省,,成人,,否,否,否,否,现役候选,是,,,,,,,0,0,否,0,,0,,
4222050232,长春职工医科大学,吉林省,,成人,,否,否,否,否,现役候选,是,,,,,,,1,0,是,0,,0,,
4222050234,吉林市职工大学,吉林省,,成人,,否,否,否,否,现役候选,是,,,,,,,0,0,否,0,,0,,
4222050236,吉林化学工业公司职工大学,吉林省,,成人,,否,否,否,否,现役候选,是,,,,,,,0,0,否,0,,0,,
4222050242,通化市职工大学,吉林省,,成人,,否,否,否,否,现役候选,是,,,,,,,0,0,否,0,,0,,
4222050243,通化钢铁公司职工大学,吉林省,,成人,,否,否,否,否,现役候选,是,,,,,,,0,0,否,0,,0,,
4222050249,四平农村成人高等专科学校,吉林省,,成人,,否,否,否,否,现役候选,是,,,,,,,0,0,否,0,,0,,
4222050252,吉林省教育学院,吉林省,,成人,,否,否,否,否,现役候选,是,,,,,,,0,0,否,0,,0,,
4222050253,长春教育学院,吉林省,,成人,,否,否,否,否,现役候选,是,,,,,,,0,0,否,0,,0,,
4222051230,吉林开放大学,吉林省,,成人,,否,否,否,否,现役候选,是,,,,,,,0,0,否,0,,0,,
4222051243,吉林省经济管理干部学院,吉林省,,成人,,否,否,否,否,现役候选,是,,,,,,,0,0,否,0,,0,,
4222051704,吉林职工医科大学,吉林省,,成人,,否,否,否,否,现役候选,是,,,,,,,0,0,否,0,,0,,
4222051887,长春开放大学,吉林省,,成人,,否,否,否,否,现役候选,是,,,,,,,0,0,否,0,,0,,
4223050264,黑龙江兵器工业职工大学,黑龙江省,,成人,,否,否,否,否,现役候选,是,,,,,,,0,0,否,0,,0,,
4223050266,哈尔滨航空职工大学,黑龙江省,,成人,,否,否,否,否,现役候选,是,,,,,,,0,0,否,0,,0,,
4223050269,哈尔滨市职工大学,黑龙江省,,成人,,否,否,否,否,现役候选,是,,,,,,,0,0,否,0,,0,,
4223050306,齐齐哈尔市建设职工大学,黑龙江省,,成人,,否,否,否,否,现役候选,是,,,,,,,0,0,否,0,,0,,
4223050311,齐齐哈尔市职工大学,黑龙江省,,成人,,否,否,否,否,现役候选,是,,,,,,,0,0,否,0,,0,,
4223050327,鹤岗矿务局职工大学,黑龙江省,,成人,,否,否,否,否,现役候选,是,,,,,,,0,0,否,0,,0,,
4223050330,大庆石油化工总厂职工大学,黑龙江省,,成人,,否,否,否,否,现役候选,是,,,,,,,1,0,是,0,,0,,
4223050337,黑龙江农垦管理干部学院,黑龙江省,,成人,,否,否,否,否,现役候选,是,,,,,,,0,0,否,0,,0,,
4223050335,黑龙江省经济管理干部学院,黑龙江省,,成人,,否,否,否,否,现役候选,是,,,,,,,0,0,否,0,,0,,
4223050343,黑龙江省政法管理干部学院,黑龙江省,,成人,,否,否,否,否,现役候选,是,,,,,,,0,0,否,0,,0,,
4223050344,黑龙江省教育学院,黑龙江省,,成人,,否,否,否,否,现役候选,是,,,,,,,0,0,否,0,,0,,
4223050349,绥化市教育学院,黑龙江省,,成人,,否,否,否,否,现役候选,是,,,,,,,0,0,否,0,,0,,
4223051244,黑龙江开放大学,黑龙江省,,成人,,否,否,否,否,现役候选,是,,,,,,,0,0,否,0,,0,,
4223051744,黑龙江省商业职工大学,黑龙江省,,成人,,否,否,否,否,现役候选,是,,,,,,,0,0,否,0,,0,,
4223051745,黑龙江省社会科学院职工大学,黑龙江省,,成人,,否,否,否,否,现役候选,是,,,,,,,0,0,否,0,,0,,
4223051876,哈尔滨开放大学,黑龙江省,,成人,,否,否,否,否,现役候选,是,,,,,,,0,0,否,0,,0,,
4231050033,上海科技管理干部学院,上海市,,成人,,否,否,否,否,现役候选,是,,,,,,,0,0,否,0,,0,,
4231050363,上海市黄浦区业余大学,上海市,,成人,,否,否,否,否,现役候选,是,,,,,,,0,0,否,0,,0,,
4231050366,上海市徐汇区业余大学,上海市,,成人,,否,否,否,否,现役候选,是,,,,,,,0,0,否,0,,0,,
4231050367,上海市长宁区业余大学,上海市,,成人,,否,否,否,否,现役候选,是,,,,,,,0,0,否,0,,0,,
4231050368,上海市静安区业余大学,上海市,,成人,,否,否,否,否,现役候选,是,,,,,,,0,0,否,0,,0,,
4231050369,上海市普陀区业余大学,上海市,,成人,,否,否,否,否,现役候选,是,,,,,,,0,0,否,0,,0,,
4231050372,上海市杨浦区业余大学,上海市,,成人,,否,否,否,否,现役候选,是,,,,,,,0,0,否,0,,0,,
4231050393,上海纺织工业职工大学,上海市,,成人,,否,否,否,否,现役候选,是,,,,,,,0,0,否,0,,0,,
4231050424,上海医药职工大学,上海市,,成人,,是,否,否,否,现役候选,是,,,,,,,0,0,否,0,,0,,
4231051252,上海开放大学,上海市,,成人,,否,否,否,否,现役候选,是,,,,,,,5,0,是,0,,0,,
4231051615,上海青年管理干部学院,上海市,,成人,,否,否,否,否,现役候选,是,,,,,,,0,0,否,0,,0,,
4231051852,上海市宝山区业余大学,上海市,,成人,,否,否,否,否,现役候选,是,,,,,,,0,0,否,0,,0,,
4232050460,南京市职工大学,江苏省,,成人,,否,否,否,否,现役候选,是,,,,,,,1,0,是,0,,0,,
4232050461,空军第一职工大学,江苏省,,成人,,否,否,否,否,现役候选,是,,,,,,,0,0,否,0,,0,,
4232050504,南通市工人业余大学,江苏省,,成人,,否,否,否,否,现役候选,是,,,,,,,0,0,否,0,,0,,
4232050526,扬州教育学院,江苏省,,成人,,否,否,否,否,现役候选,是,,,,,,,0,0,否,0,,0,,
4232051255,江苏开放大学,江苏省,,成人,,否,否,否,否,现役候选,是,,,,,,,0,0,否,0,,0,,
4232051257,江苏省省级机关管理干部学院,江苏省,,成人,,否,否,否,否,现役候选,是,,,,,,,0,0,否,0,,0,,
4232051396,南京开放大学,江苏省,,成人,,否,否,否,否,现役候选,是,,,,,,,0,0,否,0,,0,,
4232051828,江苏省青年管理干部学院,江苏省,,成人,,否,否,否,否,现役候选,是,,,,,,,0,0,否,0,,0,,
4233050550,浙江省省级机关职工业余大学,浙江省,,成人,,否,否,否,否,现役候选,是,,,,,,,0,0,否,0,,0,,
4233050551,杭州市工人业余大学,浙江省,,成人,,否,否,否,否,现役候选,是,,,,,,,0,0,否,0,,0,,
4233050554,温州市工人业余大学,浙江省,,成人,,否,否,否,否,现役候选,是,,,,,,,0,0,否,0,,0,,
4233050561,金华教育学院,浙江省,,成人,,否,否,否,否,现役候选,是,,,,,,,1,0,是,0,,0,,
4233051258,浙江开放大学,浙江省,,成人,,否,否,否,否,现役候选,是,,,,,,,0,0,否,0,,0,,
4233051259,浙江经济管理职工大学,浙江省,,成人,,否,否,否,否,现役候选,是,,,,,,,0,0,否,0,,0,,
4233051814,浙江嘉兴教育学院,浙江省,,成人,,否,否,否,否,现役候选,是,,,,,,,0,0,否,0,,0,,
4233051885,宁波开放大学,浙江省,,成人,,否,否,否,否,现役候选,是,,,,,,,0,0,否,0,,0,,
4234050565,淮南市职工大学,安徽省,,成人,,否,否,否,否,现役候选,是,,,,,,,0,0,否,0,,0,,
4234050569,合肥职工科技大学,安徽省,,成人,,否,否,否,否,现役候选,是,,,,,,,0,0,否,0,,0,,
4234050570,合肥市职工大学,安徽省,,成人,,否,否,否,否,现役候选,是,,,,,,,0,0,否,0,,0,,
4234050581,安徽经济管理干部学院,安徽省,,成人,,否,否,否,否,现役候选,是,,,,,,,0,0,否,0,,0,,
4234051265,宿州教育学院,安徽省,,成人,,否,否,否,否,现役候选,是,,,,,,,0,0,否,0,,0,,
4234051388,安徽开放大学,安徽省,,成人,,否,否,否,否,现役候选,是,,,,,,,0,0,否,0,,0,,
4235050591,福建教育学院,福建省,,成人,,否,否,否,否,现役候选,是,,,,,,,0,0,否,0,,0,,
4235051270,福建开放大学,福建省,,成人,,否,否,否,否,现役候选,是,,,,,,,0,0,否,0,,0,,
4235051833,厦门开放大学,福建省,,成人,,否,否,否,否,现役候选,是,,,,,,,0,0,否,0,,0,,
4236050151,江西行政管理干部学院,江西省,,成人,,否,否,否,否,现役候选,是,,,,,,,0,0,否,0,,0,,
4236050603,昌河职工工学院,江西省,,成人,,否,否,否,否,现役候选,是,,,,,,,0,0,否,0,,0,,
4236050607,南昌钢铁有限责任公司职工大学,江西省,,成人,,否,否,否,否,现役候选,是,,,,,,,0,0,否,0,,0,,
4236051281,江西开放大学,江西省,,成人,,否,否,否,否,现役候选,是,,,,,,,0,0,否,0,,0,,
4237050626,山东省水利职工大学,山东省,,成人,,否,否,否,否,现役候选,是,,,,,,,0,0,否,0,,0,,
4237050638,山东兵器工业职工大学,山东省,,成人,,否,否,否,否,现役候选,是,,,,,,,0,0,否,0,,0,,
4237050641,新汶矿务局职工大学,山东省,,成人,,否,否,否,否,现役候选,是,,,,,,,0,0,否,0,,0,,
4237050661,山东省聊城教育学院,山东省,,成人,,否,否,否,否,现役候选,是,,,,,,,0,0,否,0,,0,,
4237050663,山东省济宁教育学院,山东省,,成人,,否,否,否,否,现役候选,是,,,,,,,0,0,否,0,,0,,
4237051286,山东开放大学,山东省,,成人,,否,否,否,否,现役候选,是,,,,,,,0,0,否,0,,0,,
4237051777,兖州矿区职工大学,山东省,,成人,,否,否,否,否,现役候选,是,,,,,,,0,0,否,0,,0,,
4237051779,山东财政职工大学,山东省,,成人,,否,否,否,否,现役候选,是,,,,,,,0,0,否,0,,0,,
4237051858,青岛开放大学,山东省,,成人,,否,否,否,否,现役候选,是,,,,,,,0,0,否,0,,0,,
4241050673,长城铝业公司职工工学院,河南省,,成人,,否,否,否,否,现役候选,是,,,,,,,0,0,否,0,,0,,
4241050674,郑州市职工大学,河南省,,成人,,否,否,否,否,现役候选,是,,,,,,,0,0,否,0,,0,,
4241050680,第一拖拉机制造厂拖拉机学院,河南省,,成人,,否,否,否,否,现役候选,是,,,,,,,0,0,否,0,,0,,
4241050682,洛阳轴承职工大学,河南省,,成人,,否,否,否,否,现役候选,是,,,,,,,0,0,否,0,,0,,
4241050686,洛阳有色金属职工大学,河南省,,成人,,否,否,否,否,现役候选,是,,,,,,,0,0,否,0,,0,,
4241050688,开封空分设备厂职工大学,河南省,,成人,,否,否,否,否,现役候选,是,,,,,,,0,0,否,0,,0,,
4241051287,河南开放大学,河南省,,成人,,否,否,否,否,现役候选,是,,,,,,,0,0,否,0,,0,,
4241051408,焦作职工医学院,河南省,,成人,,否,否,否,否,现役候选,是,,,,,,,1,0,是,0,,0,,
4241051411,磨料磨具工业职工大学,河南省,,成人,,否,否,否,否,现役候选,是,,,,,,,0,0,否,0,,0,,
4241051413,驻马店教育学院,河南省,,成人,,否,否,否,否,现役候选,是,,,,,,,0,0,否,0,,0,,
4242050046,武汉开放大学,湖北省,,成人,,否,否,否,否,现役候选,是,,,,,,,0,0,否,0,,0,,
4242050717,湖北兵器工业职工大学,湖北省,,成人,,否,否,否,否,现役候选,是,,,,,,,0,0,否,0,,0,,
4242050733,湖北省纺织职工大学,湖北省,,成人,,否,否,否,否,现役候选,是,,,,,,,0,0,否,0,,0,,
4242050738,鄂城钢铁厂职工大学,湖北省,,成人,,否,否,否,否,现役候选,是,,,,,,,0,0,否,0,,0,,
4242050740,丹江口工程管理局职工大学,湖北省,,成人,,否,否,否,否,现役候选,是,,,,,,,0,0,否,0,,0,,
4242050742,湖北省直属机关业余大学,湖北省,,成人,,否,否,否,否,现役候选,是,,,,,,,0,0,否,0,,0,,
4242050756,湖北省经济管理干部学院,湖北省,,成人,,否,否,否,否,现役候选,是,,,,,,,0,0,否,0,,0,,
4242050762,十堰教育学院,湖北省,,成人,,否,否,否,否,现役候选,是,,,,,,,0,0,否,0,,0,,
4242051297,大冶钢厂职工大学,湖北省,,成人,,否,否,否,否,现役候选,是,,,,,,,0,0,否,0,,0,,
4242051305,湖北开放大学,湖北省,,成人,,否,否,否,否,现役候选,是,,,,,,,0,0,否,0,,0,,
4242051773,武汉冶金管理干部学院,湖北省,,成人,,否,否,否,否,现役候选,是,,,,,,,0,0,否,0,,0,,
4242051774,湖北武汉公安管理干部学院,湖北省,,成人,,否,否,否,否,现役候选,是,,,,,,,0,0,否,0,,0,,
4242051862,华中电业联合职工大学,湖北省,,成人,,否,否,否,否,现役候选,是,,,,,,,0,0,否,0,,0,,
4243050774,涟源钢铁总厂职工大学,湖南省,,成人,,否,否,否,否,现役候选,是,,,,,,,0,0,否,0,,0,,
4243050788,株洲市职工大学,湖南省,,成人,,否,否,否,否,现役候选,是,,,,,,,1,0,是,0,,0,,
4243050793,湖南航空工业职工工学院,湖南省,,成人,,否,否,否,否,现役候选,是,,,,,,,1,0,是,0,,0,,
4243050794,中钢集团衡阳重机职工大学,湖南省,,成人,,否,否,否,否,现役候选,是,,,,,,,1,0,是,0,,0,,
4243050798,衡阳工业职工大学,湖南省,,成人,,否,否,否,否,现役候选,是,,,,,,,1,0,是,0,,0,,
4243050810,长沙教育学院,湖南省,,成人,,否,否,否,否,现役候选,是,,,,,,,0,0,否,0,,0,,
4243051306,湖南开放大学,湖南省,,成人,,否,否,否,否,现役候选,是,,,,,,,0,0,否,0,,0,,
4243051310,益阳教育学院,湖南省,,成人,,否,否,否,否,现役候选,是,,,,,,,0,0,否,0,,0,,
4243051766,湖南金融技术职工大学,湖南省,,成人,,否,否,否,否,现役候选,是,,,,,,,0,0,否,0,,0,,
4243051767,湖南纺织职工大学,湖南省,,成人,,否,否,否,否,现役候选,是,,,,,,,0,0,否,0,,0,,
4243050784,长沙工业职工大学,湖南省,,成人,,否,否,否,否,现役候选,是,,,,,,,0,0,否,0,,0,,
4244050075,广州金桥管理干部学院,广东省,,成人,,否,否,否,否,现役候选,是,,,,,,,0,0,否,0,,0,,
4244050079,南海成人学院,广东省,,成人,,否,否,否,否,现役候选,是,,,,,,,0,0,否,0,,0,,
4244050821,湛江市业余大学,广东省,,成人,,否,否,否,否,现役候选,是,,,,,,,0,0,否,0,,0,,
4244050826,广东省国防工业职工大学,广东省,,成人,,否,否,否,否,现役候选,是,,,,,,,0,0,否,0,,0,,
4244050835,汕头市业余大学,广东省,,成人,,否,否,否,否,现役候选,是,,,,,,,0,0,否,0,,0,,
4244050837,韶关市职工大学,广东省,,成人,,否,否,否,否,现役候选,是,,,,,,,1,0,是,0,,0,,
4244050855,广州市公安管理干部学院,广东省,,成人,,否,否,否,否,现役候选,是,,,,,,,0,0,否,0,,0,,
4244050859,广东省公安司法管理干部学院,广东省,,成人,,否,否,否,否,现役候选,是,,,,,,,0,0,否,0,,0,,
4244051315,广东开放大学,广东省,,成人,,否,否,否,否,现役候选,是,,,,,,,1,0,是,0,,0,,
4244051317,广东新华教育学院,广东省,,成人,,是,否,否,否,现役候选,是,,,,,,,0,0,否,0,,0,,
4244051319,广东省职工体育运动技术学院,广东省,,成人,,否,否,否,否,现役候选,是,,,,,,,0,0,否,0,,0,,
4244051320,广东社会科学大学,广东省,,成人,,否,否,否,否,现役候选,是,,,,,,,0,0,否,0,,0,,
4244051393,广州开放大学,广东省,,成人,,否,否,否,否,现役候选,是,,,,,,,0,0,否,0,,0,,
4244051888,深圳开放大学,广东省,,成人,,否,否,否,否,现役候选,是,,,,,,,0,0,否,0,,0,,
4245050867,桂林市职工大学,广西壮族自治区,,成人,,否,否,否,否,现役候选,是,,,,,,,0,0,否,0,,0,,
4245050870,广西教育学院,广西壮族自治区,,成人,,否,否,否,否,现役候选,是,,,,,,,0,0,否,0,,0,,
4245051338,广西开放大学,广西壮族自治区,,成人,,否,否,否,否,现役候选,是,,,,,,,0,0,否,0,,0,,
4245051340,广西政法管理干部学院,广西壮族自治区,,成人,,否,否,否,否,现役候选,是,,,,,,,0,0,否,0,,0,,
4246051865,海南开放大学,海南省,,成人,,否,否,否,否,现役候选,是,,,,,,,0,0,否,0,,0,,
4250050901,重庆电力职工大学,重庆市,,成人,,否,否,否,否,现役候选,是,,,,,,,0,0,否,0,,0,,
4250050905,重庆冶金成人学院,重庆市,,成人,,否,否,否,否,现役候选,是,,,,,,,0,0,否,0,,0,,
4250051866,重庆开放大学,重庆市,,成人,,否,否,否,否,现役候选,是,,,,,,,0,0,否,0,,0,,
4251050879,中国工程物理研究院职工工学院,四川省,,成人,,否,否,否,否,现役候选,是,,,,,,,0,0,否,0,,0,,
4251050885,国营涪江机器厂职工大学,四川省,,成人,,否,否,否,否,现役候选,是,,,,,,,0,0,否,0,,0,,
4251050908,第五冶金建设公司职工大学,四川省,,成人,,否,否,否,否,现役候选,是,,,,,,,0,0,否,0,,0,,
4251050913,成都工业职工大学,四川省,,成人,,否,否,否,否,现役候选,是,,,,,,,0,0,否,0,,0,,
4251050919,四川省化工职工大学,四川省,,成人,,否,否,否,否,现役候选,是,,,,,,,0,0,否,0,,0,,
4251050928,中国科学院成都分院职工大学,四川省,,成人,,否,否,否,否,现役候选,是,,,,,,,0,0,否,0,,0,,
4251050930,广元职工医学院,四川省,,成人,,否,否,否,否,现役候选,是,,,,,,,0,0,否,0,,0,,
4251050932,南充市职工大学,四川省,,成人,,否,否,否,否,现役候选,是,,,,,,,0,0,否,0,,0,,
4251051341,四川开放大学,四川省,,成人,,否,否,否,否,现役候选,是,,,,,,,0,0,否,0,,0,,
4251051758,成都市职工大学,四川省,,成人,,否,否,否,否,现役候选,是,,,,,,,0,0,否,0,,0,,
4251051886,成都开放大学,四川省,,成人,,否,否,否,否,现役候选,是,,,,,,,0,0,否,0,,0,,
4252050962,贵州铝厂职工大学,贵州省,,成人,,否,否,否,否,现役候选,是,,,,,,,0,0,否,0,,0,,
4252050965,贵州机械工业职工大学,贵州省,,成人,,否,否,否,否,现役候选,是,,,,,,,0,0,否,0,,0,,
4252051352,贵州开放大学,贵州省,,成人,,否,否,否,否,现役候选,是,,,,,,,0,0,否,0,,0,,
4253051357,云南开放大学,云南省,,成人,,否,否,否,否,现役候选,是,,,,,,,0,0,否,0,,0,,
4261050083,陕西航天职工大学,陕西省,,成人,,否,否,否,否,现役候选,是,,,,,,,0,0,否,0,,0,,
4261050989,西安航空职工大学,陕西省,,成人,,否,否,否,否,现役候选,是,,,,,,,0,0,否,0,,0,,
4261050990,西安飞机工业公司职工工学院,陕西省,,成人,,否,否,否,否,现役候选,是,,,,,,,0,0,否,0,,0,,
4261051001,陕西兵器工业职工大学,陕西省,,成人,,否,否,否,否,现役候选,是,,,,,,,1,0,是,0,,0,,
4261051002,西北电业职工大学,陕西省,,成人,,否,否,否,否,现役候选,是,,,,,,,0,0,否,0,,0,,
4261051006,西安铁路工程职工大学,陕西省,,成人,,否,否,否,否,现役候选,是,,,,,,,0,0,否,0,,0,,
4261051009,西安电力机械制造公司机电学院,陕西省,,成人,,否,否,否,否,现役候选,是,,,,,,,0,0,否,0,,0,,
4261051010,陕西省建筑工程总公司职工大学,陕西省,,成人,,否,否,否,否,现役候选,是,,,,,,,0,0,否,0,,0,,
4261051017,西安市职工大学,陕西省,,成人,,否,否,否,否,现役候选,是,,,,,,,0,0,否,0,,0,,
4261051018,宝鸡市职工大学,陕西省,,成人,,否,否,否,否,现役候选,是,,,,,,,0,0,否,0,,0,,
4261051027,陕西省宝鸡教育学院,陕西省,,成人,,否,否,否,否,现役候选,是,,,,,,,0,0,否,0,,0,,
4261051370,陕西开放大学,陕西省,,成人,,否,否,否,否,现役候选,是,,,,,,,0,0,否,0,,0,,
4261051373,陕西工运学院,陕西省,,成人,,否,否,否,否,现役候选,是,,,,,,,0,0,否,0,,0,,
4261051871,西安开放大学,陕西省,,成人,,否,否,否,否,现役候选,是,,,,,,,0,0,否,0,,0,,
4262051039,兰州铁路工程职工大学,甘肃省,,成人,,否,否,否,否,现役候选,是,,,,,,,0,0,否,0,,0,,
4262051040,甘肃核工业职工大学,甘肃省,,成人,,否,否,否,否,现役候选,是,,,,,,,0,0,否,0,,0,,
4262051042,银光化学材料厂职工大学,甘肃省,,成人,,否,否,否,否,现役候选,是,,,,,,,0,0,否,0,,0,,
4262051374,甘肃开放大学,甘肃省,,成人,,否,否,否,否,现役候选,是,,,,,,,0,0,否,0,,0,,
4263051049,青海省联合职工大学,青海省,,成人,,否,否,否,否,现役候选,是,,,,,,,1,0,是,0,,0,,
4263051382,青海开放大学,青海省,,成人,,否,否,否,否,现役候选,是,,,,,,,0,0,否,0,,0,,
4264051383,宁夏开放大学,宁夏回族自治区,,成人,,否,否,否,否,现役候选,是,,,,,,,0,0,否,0,,0,,
4265051210,新疆生产建设兵团开放大学,新疆维吾尔自治区,,成人,,否,否,否,否,现役候选,是,,,,,,,0,0,否,0,,0,,
4265051387,新疆开放大学,新疆维吾尔自治区,,成人,,否,否,否,否,现役候选,是,,,,,,,0,0,否,0,,0,,
4265051594,喀什教育学院,新疆维吾尔自治区,,成人,,否,否,否,否,现役候选,是,,,,,,,0,0,否,0,,0,,
4265051595,新疆生产建设兵团教育学院,新疆维吾尔自治区,,成人,,否,否,否,否,现役候选,是,,,,,,,0,0,否,0,,0,,
4265051599,和田地区教育学院,新疆维吾尔自治区,,成人,,否,否,否,否,现役候选,是,,,,,,,0,0,否,0,,0,,
4265051717,阿克苏教育学院,新疆维吾尔自治区,,成人,,否,否,否,否,现役候选,是,,,,,,,0,0,否,0,,0,,
