id,u,p,c,d,regp,hostRaw,level,rankLabel,rank,tags,private,source,notes,profileId,officialWebsite,profileAddress,rankingEligible,entityStatus,statusLabel,statusEffectiveFrom,statusSourceUrl,statusEvidence,hostBoundaryStatus,hostOverrideSourceUrl,hostOverrideEvidence,hostOverrideNote,originalHost,preferredRank,latestRankings,admissionFactCount,latestAdmissionYear,financeFactCount,latestFinanceYear
4111010001,北京大学,北京市,北京市,,北京市,北京市,本科,2,1,"['985', '211', '双一流']",False,教育部2026名录（CSV镜像）,,31,https://www.pku.edu.cn/,"燕园校区（校本部）：北京市海淀区颐和园路5号,医学部校区：北京市海淀区学院路38号,昌平校区：北京市昌平区十三陵镇西山口村,深圳研究生院：深圳市南山区西丽镇丽水路深圳大学城北大校区,新燕园校区：北京市昌平区马池口镇",True,,,,,,,,,,,"{'rankingId': 'shanghairanking-bcur', 'edition': '2026', 'sortValue': 2.0, 'label': '2026软科 2', 'sourceUrl': 'https://www.shanghairanking.cn/rankings/bcur/202610'}","{'shanghairanking-bcur': {'id': 'RANK_SR_BCUR_2026_PKU', 'universityName': '北京大学', 'rankingId': 'shanghairanking-bcur', 'agency': 'ShanghaiRanking', 'rankingName': '软科中国大学排名（主榜）', 'edition': '2026', 'rank': 2, 'rankDisplay': '2', 'score': 1036.3, 'scope': 'China-mainland', 'category': '综合', 'sourceUrl': 'https://www.shanghairanking.cn/rankings/bcur/202610', 'publishedAt': '2026-04-15', 'retrievedAt': '2026-09-09', 'verified': True, 'uid': '4111010001', 'rankMidpoint': 2.0, 'referenceRankOrRank': 2.0, 'displayLabel': '2026软科 2'}, 'qs-wur': {'id': 'RANK_QS_WUR_2027_PKU', 'universityName': '北京大学', 'rankingId': 'qs-wur', 'agency': 'QS', 'rankingName': 'QS World University Rankings', 'edition': '2027', 'rank': 13, 'rankDisplay': '13', 'score': 92.6, 'scope': 'world', 'sourceUrl': 'https://www.topuniversities.com/world-university-rankings', 'publishedAt': '2026-06-18', 'retrievedAt': '2026-09-09', 'verified': True, 'uid': '4111010001', 'rankMidpoint': 13.0, 'referenceRankOrRank': 13.0, 'displayLabel': 'QS 2027 13'}, 'the-wur': {'id': 'RANK_THE_WUR_2026_PKU', 'universityName': '北京大学', 'rankingId': 'the-wur', 'agency': 'Times Higher Education', 'rankingName': 'World University Rankings', 'edition': '2026', 'rank': 13, 'rankDisplay': '13', 'score': 92.3, 'scope': 'world', 'sourceUrl': 'https://www.timeshighereducation.com/student/best-universities/best-universities-china', 'retrievedAt': '2026-09-09', 'verified': True, 'uid': '4111010001', 'rankMidpoint': 13.0, 'referenceRankOrRank': 13.0, 'displayLabel': 'THE 2026 13'}, 'arwu': {'id': 'RANK_ARWU_2026_PKU', 'universityName': '北京大学', 'rankingId': 'arwu', 'agency': 'ShanghaiRanking', 'rankingName': 'Academic Ranking of World Universities', 'edition': '2026', 'rank': 22, 'rankDisplay': '22', 'nationalRank': 2, 'score': 45.6, 'scope': 'world', 'sourceUrl': 'https://www.shanghairanking.com/rankings/arwu/2026', 'retrievedAt': '2026-09-09', 'verified': True, 'uid': '4111010001', 'rankMidpoint': 22.0, 'referenceRankOrRank': 22.0, 'displayLabel': 'ARWU 2026 22'}}",0,,0,
4111010002,中国人民大学,北京市,北京市,,北京市,北京市,本科,17,17,"['985', '211', '双一流']",False,教育部2026名录（CSV镜像）,,46,https://www.ruc.edu.cn,"中关村校区：北京市海淀区中关村大街59号,通州校区：北京市通州区运河东大街37号,张自忠路校区：北京市东城区张自忠路3号",True,,,,,,,,,,,"{'rankingId': 'legacy-shanghairanking-bcur', 'edition': '2026', 'sortValue': 17.0, 'label': '2026软科主榜 17', 'sourceUrl': 'https://www.shanghairanking.cn/rankings/bcur/2026', 'legacy': True}",{},0,,0,
4111010003,清华大学,北京市,北京市,,北京市,北京市,本科,1,0,"['985', '211', '双一流']",False,教育部2026名录（CSV镜像）,,140,https://www.tsinghua.edu.cn,北京市海淀区清华大学,True,,,,,,,,,,,"{'rankingId': 'shanghairanking-bcur', 'edition': '2026', 'sortValue': 1.0, 'label': '2026软科 1', 'sourceUrl': 'https://www.shanghairanking.cn/rankings/bcur/202610'}","{'shanghairanking-bcur': {'id': 'RANK_SR_BCUR_2026_TSINGHUA', 'universityName': '清华大学', 'rankingId': 'shanghairanking-bcur', 'agency': 'ShanghaiRanking', 'rankingName': '软科中国大学排名（主榜）', 'edition': '2026', 'rank': 1, 'rankDisplay': '1', 'score': 1087.1, 'scope': 'China-mainland', 'category': '综合', 'sourceUrl': 'https://www.shanghairanking.cn/rankings/bcur/202610', 'publishedAt': '2026-04-15', 'retrievedAt': '2026-09-09', 'verified': True, 'uid': '4111010003', 'rankMidpoint': 1.0, 'referenceRankOrRank': 1.0, 'displayLabel': '2026软科 1'}, 'qs-wur': {'id': 'RANK_QS_WUR_2027_TSINGHUA', 'universityName': '清华大学', 'rankingId': 'qs-wur', 'agency': 'QS', 'rankingName': 'QS World University Rankings', 'edition': '2027', 'rank': 14, 'rankDisplay': '14', 'score': 92.1, 'scope': 'world', 'sourceUrl': 'https://www.topuniversities.com/world-university-rankings', 'publishedAt': '2026-06-18', 'retrievedAt': '2026-09-09', 'verified': True, 'uid': '4111010003', 'rankMidpoint': 14.0, 'referenceRankOrRank': 14.0, 'displayLabel': 'QS 2027 14'}, 'the-wur': {'id': 'RANK_THE_WUR_2026_TSINGHUA', 'universityName': '清华大学', 'rankingId': 'the-wur', 'agency': 'Times Higher Education', 'rankingName': 'World University Rankings', 'edition': '2026', 'rank': 12, 'rankDisplay': '12', 'score': 93.0, 'scope': 'world', 'sourceUrl': 'https://www.timeshighereducation.com/student/best-universities/best-universities-china', 'retrievedAt': '2026-09-09', 'verified': True, 'uid': '4111010003', 'rankMidpoint': 12.0, 'referenceRankOrRank': 12.0, 'displayLabel': 'THE 2026 12'}, 'arwu': {'id': 'RANK_ARWU_2026_TSINGHUA', 'universityName': '清华大学', 'rankingId': 'arwu', 'agency': 'ShanghaiRanking', 'rankingName': 'Academic Ranking of World Universities', 'edition': '2026', 'rank': 18, 'rankDisplay': '18', 'nationalRank': 1, 'score': 48.3, 'scope': 'world', 'sourceUrl': 'https://www.shanghairanking.com/rankings/arwu/2026', 'retrievedAt': '2026-09-09', 'verified': True, 'uid': '4111010003', 'rankMidpoint': 18.0, 'referenceRankOrRank': 18.0, 'displayLabel': 'ARWU 2026 18'}}",0,,0,
4111010004,北京交通大学,北京市,北京市,,北京市,北京市,本科,41,44,"['211', '双一流']",False,教育部2026名录（CSV镜像）,,38,https://www.bjtu.edu.cn/,"西校区：北京市海淀区上园村3号,东校区：北京市海淀区高粱桥斜街44号",True,,,,,,,,,,,"{'rankingId': 'legacy-shanghairanking-bcur', 'edition': '2026', 'sortValue': 44.0, 'label': '2026软科主榜 41', 'sourceUrl': 'https://www.shanghairanking.cn/rankings/bcur/2026', 'legacy': True}",{},0,,0,
4111010005,北京工业大学,北京市,北京市,,北京市,北京市,本科,65,77,"['211', '双一流']",False,教育部2026名录（CSV镜像）,,30,https://www.bjut.edu.cn/,"校本部：北京市朝阳区平乐园100号,中蓝校区：北京市朝阳区惠新东街8号,管庄校区：北京市朝阳区管庄西里20号,花园村校区：北京市海淀区车公庄西路35号,琉璃井校区：北京市东城区永外琉璃井路41号,惠新东街校区：北京市朝阳区惠新东街8号100号,通州校区：北京市通州区潞苑南大街89号",True,,,,,,,,,,,"{'rankingId': 'legacy-shanghairanking-bcur', 'edition': '2026', 'sortValue': 77.0, 'label': '2026软科主榜 65', 'sourceUrl': 'https://www.shanghairanking.cn/rankings/bcur/2026', 'legacy': True}",{},0,,0,
4111010006,北京航空航天大学,北京市,北京市,,北京市,北京市,本科,11,10,"['985', '211', '双一流']",False,教育部2026名录（CSV镜像）,,47,https://www.buaa.edu.cn/,"学院路校区：北京市海淀区学院路37号,沙河校区：北京市昌平区高教园南三街9号",True,,,,,,,,,,,"{'rankingId': 'legacy-shanghairanking-bcur', 'edition': '2026', 'sortValue': 10.0, 'label': '2026软科主榜 11', 'sourceUrl': 'https://www.shanghairanking.cn/rankings/bcur/2026', 'legacy': True}",{},0,,0,
4111010007,北京理工大学,北京市,北京市,,北京市,北京市,本科,14,13,"['985', '211', '双一流']",False,教育部2026名录（CSV镜像）,,143,https://www.bit.edu.cn/,"中关村校区：北京市海淀区中关村南大街5号,良乡校区：北京市房山区良乡高教园区良乡东路,西山校区：北京市海淀区冷泉东路16号,怀来校区：河北省张家口市怀来县,珠海校区：广东省珠海市唐家湾金凤路6号",True,,,,,,,,,,,"{'rankingId': 'legacy-shanghairanking-bcur', 'edition': '2026', 'sortValue': 13.0, 'label': '2026软科主榜 14', 'sourceUrl': 'https://www.shanghairanking.cn/rankings/bcur/2026', 'legacy': True}",{},0,,0,
4111010008,北京科技大学,北京市,北京市,,北京市,北京市,本科,35,35,"['211', '双一流']",False,教育部2026名录（CSV镜像）,,144,https://www.ustb.edu.cn/,"海淀校区：北京市海淀区学院路30号,管庄校区：北京市朝阳区管庄北一里",True,,,,,,,,,,,"{'rankingId': 'legacy-shanghairanking-bcur', 'edition': '2026', 'sortValue': 35.0, 'label': '2026软科主榜 35', 'sourceUrl': 'https://www.shanghairanking.cn/rankings/bcur/2026', 'legacy': True}",{},0,,0,
4111010009,北方工业大学,北京市,北京市,,北京市,北京市,本科,239,336,[],False,教育部2026名录（CSV镜像）,,561,https://www.ncut.edu.cn/,北京市石景山区晋元庄路5号,True,,,,,,,,,,,"{'rankingId': 'legacy-shanghairanking-bcur', 'edition': '2026', 'sortValue': 336.0, 'label': '2026软科主榜 239', 'sourceUrl': 'https://www.shanghairanking.cn/rankings/bcur/2026', 'legacy': True}",{},0,,0,
4111010010,北京化工大学,北京市,北京市,,北京市,北京市,本科,57,64,"['211', '双一流']",False,教育部2026名录（CSV镜像）,,556,https://www.buct.edu.cn/,"朝阳校区：北京市朝阳区北三环东路15号,昌平校区：北京市昌平区南口镇南涧路29号,海淀校区：北京市海淀区紫竹院路98号",True,,,,,,,,,,,"{'rankingId': 'legacy-shanghairanking-bcur', 'edition': '2026', 'sortValue': 64.0, 'label': '2026软科主榜 57', 'sourceUrl': 'https://www.shanghairanking.cn/rankings/bcur/2026', 'legacy': True}",{},0,,0,
4111010011,北京工商大学,北京市,北京市,,北京市,北京市,本科,财11,176,[],False,教育部2026名录（CSV镜像）,,570,https://www.btbu.edu.cn/,"阜成路校区：北京市海淀区阜成路11（33）号,良乡校区：北京市良乡高教园区",True,,,,,,,,,,,"{'rankingId': 'legacy-shanghairanking-bcur', 'edition': '2026', 'sortValue': 176.0, 'label': '2026软科分类标签 财11', 'sourceUrl': 'https://www.shanghairanking.cn/rankings/bcur/2026', 'legacy': True}",{},0,,0,
4111010012,北京服装学院,北京市,北京市,,北京市,北京市,本科,,999999,[],False,教育部2026名录（CSV镜像）,,567,https://www.bift.edu.cn/,"樱花园校区：北京市朝阳区樱花园东街甲2号,芍药居校区：北京市朝阳区芍药居甲1号,通州校区：北京市通州区光华路甲1号",True,,,,,,,,,,,,{},0,,0,
4111010013,北京邮电大学,北京市,北京市,,北京市,北京市,本科,50,56,"['211', '双一流']",False,教育部2026名录（CSV镜像）,,48,https://www.bupt.edu.cn,"西土城路校区：北京市海淀区西土城路10号,沙河校区：北京市昌平区沙河高教园区,海南校区：海南省陵水黎族自治县黎安国际教育创新试验区",True,,,,,,,,,,,"{'rankingId': 'legacy-shanghairanking-bcur', 'edition': '2026', 'sortValue': 56.0, 'label': '2026软科主榜 50', 'sourceUrl': 'https://www.shanghairanking.cn/rankings/bcur/2026', 'legacy': True}",{},0,,0,
4111010015,北京印刷学院,北京市,北京市,,北京市,北京市,本科,281,408,[],False,教育部2026名录（CSV镜像）,,590,https://www.bigc.edu.cn/,北京市大兴区兴华大街（二段）1号,True,,,,,,,,,,,"{'rankingId': 'legacy-shanghairanking-bcur', 'edition': '2026', 'sortValue': 408.0, 'label': '2026软科主榜 281', 'sourceUrl': 'https://www.shanghairanking.cn/rankings/bcur/2026', 'legacy': True}",{},0,,0,
4111010016,北京建筑大学,北京市,北京市,,北京市,北京市,本科,178,246,[],False,教育部2026名录（CSV镜像）,,572,https://www.bucea.edu.cn/,"西城校区：北京市西城区展览馆路1号,大兴校区：北京市大兴区永源路15号",True,,,,,,,,,,,"{'rankingId': 'legacy-shanghairanking-bcur', 'edition': '2026', 'sortValue': 246.0, 'label': '2026软科主榜 178', 'sourceUrl': 'https://www.shanghairanking.cn/rankings/bcur/2026', 'legacy': True}",{},0,,0,
4111010017,北京石油化工学院,北京市,北京市,,北京市,北京市,本科,300,446,[],False,教育部2026名录（CSV镜像）,,580,https://www.bipt.edu.cn/,"清源校区：北京市大兴区黄村清源北路19号,康庄校区：北京市大兴区康庄路与兴泰街交叉路口往东约100米,燕山校区：北京市房山区凤凰亭路7号,房山校区：房山区琉璃河车站东街22号",True,,,,,,,,,,,"{'rankingId': 'legacy-shanghairanking-bcur', 'edition': '2026', 'sortValue': 446.0, 'label': '2026软科主榜 300', 'sourceUrl': 'https://www.shanghairanking.cn/rankings/bcur/2026', 'legacy': True}",{},0,,0,
4111010018,北京电子科技学院,北京市,北京市,,北京市,北京市,本科,233,328,[],False,教育部2026名录（CSV镜像）,,565,https://www.besti.edu.cn/,北京市丰台区富丰路7号,True,,,,,,,,,,,"{'rankingId': 'legacy-shanghairanking-bcur', 'edition': '2026', 'sortValue': 328.0, 'label': '2026软科主榜 233', 'sourceUrl': 'https://www.shanghairanking.cn/rankings/bcur/2026', 'legacy': True}",{},0,,0,
4111010019,中国农业大学,北京市,北京市,,北京市,北京市,本科,24,24,"['985', '211', '双一流']",False,教育部2026名录（CSV镜像）,,557,https://www.cau.edu.cn/,"东校区：北京市海淀区清华东路17号,西校区：北京市海淀区圆明园西路2号",True,,,,,,,,,,,"{'rankingId': 'legacy-shanghairanking-bcur', 'edition': '2026', 'sortValue': 24.0, 'label': '2026软科主榜 24', 'sourceUrl': 'https://www.shanghairanking.cn/rankings/bcur/2026', 'legacy': True}",{},0,,0,
4111010020,北京农学院,北京市,北京市,,北京市,北京市,本科,281,407,[],False,教育部2026名录（CSV镜像）,,578,https://www.bua.edu.cn/,北京市昌平区史各庄街道北农路7号,True,,,,,,,,,,,"{'rankingId': 'legacy-shanghairanking-bcur', 'edition': '2026', 'sortValue': 407.0, 'label': '2026软科主榜 281', 'sourceUrl': 'https://www.shanghairanking.cn/rankings/bcur/2026', 'legacy': True}",{},0,,0,
4111010022,北京林业大学,北京市,北京市,,北京市,北京市,本科,83,107,"['211', '双一流']",False,教育部2026名录（CSV镜像）,,43,https://www.bjfu.edu.cn/,北京市海淀区清华东路35号,True,,,,,,,,,,,"{'rankingId': 'legacy-shanghairanking-bcur', 'edition': '2026', 'sortValue': 107.0, 'label': '2026软科主榜 83', 'sourceUrl': 'https://www.shanghairanking.cn/rankings/bcur/2026', 'legacy': True}",{},0,,0,
4111010023,北京协和医学院,北京市,北京市,,北京市,北京市,本科,医1,14,['双一流'],False,教育部2026名录（CSV镜像）,,573,https://www.pumc.edu.cn,北京市东城区东单三条9号,True,,,,,,,,,,,"{'rankingId': 'legacy-shanghairanking-bcur', 'edition': '2026', 'sortValue': 14.0, 'label': '2026软科分类标签 医1', 'sourceUrl': 'https://www.shanghairanking.cn/rankings/bcur/2026', 'legacy': True}",{},0,,0,
4111010025,首都医科大学,北京市,北京市,,北京市,北京市,本科,医2,39,[],False,教育部2026名录（CSV镜像）,,584,https://www.ccmu.edu.cn/,"校本部：北京市丰台区右安门外西头条10号,燕京医学院：北京市顺义区大东路4号",True,,,,,,,,,,,"{'rankingId': 'legacy-shanghairanking-bcur', 'edition': '2026', 'sortValue': 39.0, 'label': '2026软科分类标签 医2', 'sourceUrl': 'https://www.shanghairanking.cn/rankings/bcur/2026', 'legacy': True}",{},0,,0,
4111010026,北京中医药大学,北京市,北京市,,北京市,北京市,本科,中医1,76,"['211', '双一流']",False,教育部2026名录（CSV镜像）,,49,https://www.bucm.edu.cn/,"和平街校区：北京市朝阳区北三环东路11号,良乡校区：北京市房山区良乡大学城,望京校区：北京市朝阳区望京中环南路6号",True,,,,,,,,,,,"{'rankingId': 'legacy-shanghairanking-bcur', 'edition': '2026', 'sortValue': 76.0, 'label': '2026软科分类标签 中医1', 'sourceUrl': 'https://www.shanghairanking.cn/rankings/bcur/2026', 'legacy': True}",{},0,,0,
4111010027,北京师范大学,北京市,北京市,,北京市,北京市,本科,19,19,"['985', '211', '双一流']",False,教育部2026名录（CSV镜像）,,52,https://www.bnu.edu.cn,"北京校区：北京市海淀区新街口外大街19号,珠海校区：广东省珠海市香洲区唐家湾镇宁堂社区金凤路18号",True,,,,,,,,,,,"{'rankingId': 'legacy-shanghairanking-bcur', 'edition': '2026', 'sortValue': 19.0, 'label': '2026软科主榜 19', 'sourceUrl': 'https://www.shanghairanking.cn/rankings/bcur/2026', 'legacy': True}",{},0,,0,
4111010028,首都师范大学,北京市,北京市,,北京市,北京市,本科,100,129,['双一流'],False,教育部2026名录（CSV镜像）,,589,https://www.cnu.edu.cn/,"校本部：北京市海淀区西三环北路105号,良乡校区：北京市房山区白杨东路1号,北一区：北京市海淀区西三环北路83号,东一区：北京市海淀区阜外白堆子甲23号,东二区：北京市海淀区阜成路北三街5号院,北二区：北京市海淀区西三环北路56号,北三区：北京市海淀区车公庄西路35号,来广营校区：北京市朝阳区来广营西路1号,通州校区：北京市通州区中山街50号",True,,,,,,,,,,,"{'rankingId': 'legacy-shanghairanking-bcur', 'edition': '2026', 'sortValue': 129.0, 'label': '2026软科主榜 100', 'sourceUrl': 'https://www.shanghairanking.cn/rankings/bcur/2026', 'legacy': True}",{},0,,0,
4111010029,首都体育学院,北京市,北京市,,北京市,北京市,本科,体3,370,[],False,教育部2026名录（CSV镜像）,,587,https://www.cupes.edu.cn/,北京市海淀区北三环西路11号,True,,,,,,,,,,,"{'rankingId': 'legacy-shanghairanking-bcur', 'edition': '2026', 'sortValue': 370.0, 'label': '2026软科分类标签 体3', 'sourceUrl': 'https://www.shanghairanking.cn/rankings/bcur/2026', 'legacy': True}",{},0,,0,
4111010030,北京外国语大学,北京市,北京市,,北京市,北京市,本科,语1,98,"['211', '双一流']",False,教育部2026名录（CSV镜像）,,39,https://www.bfsu.edu.cn/,"东校区：北京市海淀区西三环北路2号,西校区：北京市海淀区西三环北路19号",True,,,,,,,,,,,"{'rankingId': 'legacy-shanghairanking-bcur', 'edition': '2026', 'sortValue': 98.0, 'label': '2026软科分类标签 语1', 'sourceUrl': 'https://www.shanghairanking.cn/rankings/bcur/2026', 'legacy': True}",{},0,,0,
4111010031,北京第二外国语学院,北京市,北京市,,北京市,北京市,本科,语7,296,[],False,教育部2026名录（CSV镜像）,,2614,https://www.bisu.edu.cn,北京市朝阳区定福庄南里1号,True,,,,,,,,,,,"{'rankingId': 'legacy-shanghairanking-bcur', 'edition': '2026', 'sortValue': 296.0, 'label': '2026软科分类标签 语7', 'sourceUrl': 'https://www.shanghairanking.cn/rankings/bcur/2026', 'legacy': True}",{},0,,0,
4111010032,北京语言大学,北京市,北京市,,北京市,北京市,本科,语5,157,[],False,教育部2026名录（CSV镜像）,,592,https://www.blcu.edu.cn/,北京市海淀区学院路15号,True,,,,,,,,,,,"{'rankingId': 'legacy-shanghairanking-bcur', 'edition': '2026', 'sortValue': 157.0, 'label': '2026软科分类标签 语5', 'sourceUrl': 'https://www.shanghairanking.cn/rankings/bcur/2026', 'legacy': True}",{},0,,0,
4111010033,中国传媒大学,北京市,北京市,,北京市,北京市,本科,语3,106,"['211', '双一流']",False,教育部2026名录（CSV镜像）,,558,https://www.cuc.edu.cn/,北京市朝阳区定福庄东街一号,True,,,,,,,,,,,"{'rankingId': 'legacy-shanghairanking-bcur', 'edition': '2026', 'sortValue': 106.0, 'label': '2026软科分类标签 语3', 'sourceUrl': 'https://www.shanghairanking.cn/rankings/bcur/2026', 'legacy': True}",{},0,,0,
4111010034,中央财经大学,北京市,北京市,,北京市,北京市,本科,财2,47,"['211', '双一流']",False,教育部2026名录（CSV镜像）,,566,https://www.cufe.edu.cn/,"学院南路校区：北京市海淀区学院南路39号,沙河校区：北京市昌平区顺沙路沙河段1号",True,,,,,,,,,,,"{'rankingId': 'legacy-shanghairanking-bcur', 'edition': '2026', 'sortValue': 47.0, 'label': '2026软科分类标签 财2', 'sourceUrl': 'https://www.shanghairanking.cn/rankings/bcur/2026', 'legacy': True}",{},0,,0,
4111010036,对外经济贸易大学,北京市,北京市,,北京市,北京市,本科,财3,65,"['211', '双一流']",False,教育部2026名录（CSV镜像）,,53,https://www.uibe.edu.cn/,北京市朝阳区惠新东街10号,True,,,,,,,,,,,"{'rankingId': 'legacy-shanghairanking-bcur', 'edition': '2026', 'sortValue': 65.0, 'label': '2026软科分类标签 财3', 'sourceUrl': 'https://www.shanghairanking.cn/rankings/bcur/2026', 'legacy': True}",{},0,,0,
4111010037,北京物资学院,北京市,北京市,,北京市,北京市,本科,财22,343,[],False,教育部2026名录（CSV镜像）,,586,https://www.bwu.edu.cn/,北京市通州区富河大街321号,True,,,,,,,,,,,"{'rankingId': 'legacy-shanghairanking-bcur', 'edition': '2026', 'sortValue': 343.0, 'label': '2026软科分类标签 财22', 'sourceUrl': 'https://www.shanghairanking.cn/rankings/bcur/2026', 'legacy': True}",{},0,,0,
4111010038,首都经济贸易大学,北京市,北京市,,北京市,北京市,本科,财9,150,[],False,教育部2026名录（CSV镜像）,,875,https://www.cueb.edu.cn/,"校本部：北京市丰台区花乡张家路口121号,红庙校区：北京市朝阳门外金台里2号",True,,,,,,,,,,,"{'rankingId': 'legacy-shanghairanking-bcur', 'edition': '2026', 'sortValue': 150.0, 'label': '2026软科分类标签 财9', 'sourceUrl': 'https://www.shanghairanking.cn/rankings/bcur/2026', 'legacy': True}",{},0,,0,
4111010039,中国消防救援学院,北京市,北京市,,北京市,北京市,本科,,999999,[],False,教育部2026名录（CSV镜像）,,3428,https://www.cfri.edu.cn,北京市昌平区南口镇南雁路4号,True,,,,,,,,,,,,{},0,,0,
4111010040,外交学院,北京市,北京市,,北京市,北京市,本科,语4,138,['双一流'],False,教育部2026名录（CSV镜像）,,581,https://www.cfau.edu.cn/,"展览馆路校区：北京市西城区展览馆路24号,沙河校区：北京市昌平区沙河高教园区",True,,,,,,,,,,,"{'rankingId': 'legacy-shanghairanking-bcur', 'edition': '2026', 'sortValue': 138.0, 'label': '2026软科分类标签 语4', 'sourceUrl': 'https://www.shanghairanking.cn/rankings/bcur/2026', 'legacy': True}",{},0,,0,
4111010041,中国人民公安大学,北京市,北京市,,北京市,北京市,本科,政4,193,['双一流'],False,教育部2026名录（CSV镜像）,,576,https://www.ppsuc.edu.cn/,"木樨地校区：北京市西城区木樨地南里1号,团河校区：北京市大兴区金星路9号",True,,,,,,,,,,,"{'rankingId': 'legacy-shanghairanking-bcur', 'edition': '2026', 'sortValue': 193.0, 'label': '2026软科分类标签 政4', 'sourceUrl': 'https://www.shanghairanking.cn/rankings/bcur/2026', 'legacy': True}",{},0,,0,
4111010042,国际关系学院,北京市,北京市,,北京市,北京市,本科,185,255,[],False,教育部2026名录（CSV镜像）,,594,https://www.uir.cn,北京市海淀区坡上村12号,True,,,,,,,,,,,"{'rankingId': 'legacy-shanghairanking-bcur', 'edition': '2026', 'sortValue': 255.0, 'label': '2026软科主榜 185', 'sourceUrl': 'https://www.shanghairanking.cn/rankings/bcur/2026', 'legacy': True}",{},0,,0,
4111010043,北京体育大学,北京市,北京市,,北京市,北京市,本科,体2,245,"['211', '双一流']",False,教育部2026名录（CSV镜像）,,866,https://www.bsu.edu.cn/,北京市海淀区信息路48号,True,,,,,,,,,,,"{'rankingId': 'legacy-shanghairanking-bcur', 'edition': '2026', 'sortValue': 245.0, 'label': '2026软科分类标签 体2', 'sourceUrl': 'https://www.shanghairanking.cn/rankings/bcur/2026', 'legacy': True}",{},0,,0,
4111010045,中央音乐学院,北京市,北京市,,北京市,北京市,本科,,999999,"['211', '双一流']",False,教育部2026名录（CSV镜像）,,40,https://www.ccom.edu.cn/,北京市西城区鲍家街43号,True,,,,,,,,,,,,{},0,,0,
4111010046,中国音乐学院,北京市,北京市,,北京市,北京市,本科,,999999,['双一流'],False,教育部2026名录（CSV镜像）,,571,https://www.ccmusic.edu.cn/,北京市朝阳区安翔路1号,True,,,,,,,,,,,,{},0,,0,
4111010047,中央美术学院,北京市,北京市,,北京市,北京市,本科,,999999,['双一流'],False,教育部2026名录（CSV镜像）,,564,https://www.cafa.edu.cn,"望京校区：北京市朝阳区花家地南街8号,燕郊校区：河北省三河市燕郊经济开发区燕顺路177号,后沙峪校区：北京市顺义区后沙峪镇裕民大街1号,上海校区：上海市临港南汇新城镇环湖南二路1099号",True,,,,,,,,,,,,{},0,,0,
4111010048,中央戏剧学院,北京市,北京市,,北京市,北京市,本科,,999999,['双一流'],False,教育部2026名录（CSV镜像）,,562,https://www.chntheatre.edu.cn,"东城校区：北京市东城区东棉花胡同39号,昌平校区：北京市昌平区宏福中路4号",True,,,,,,,,,,,,{},0,,0,
4111010049,中国戏曲学院,北京市,北京市,,北京市,北京市,本科,,999999,[],False,教育部2026名录（CSV镜像）,,574,https://www.nacta.edu.cn/,北京市丰台区万泉寺400号(菜户营桥与丽泽桥之间),True,,,,,,,,,,,,{},0,,0,
4111010050,北京电影学院,北京市,北京市,,北京市,北京市,本科,,999999,[],False,教育部2026名录（CSV镜像）,,563,https://www.bfa.edu.cn,"海淀校区：北京市海淀区西土城路4号,怀柔校区：北京市怀柔区杨宋镇瑞丰大街1号",True,,,,,,,,,,,,{},0,,0,
4111010051,北京舞蹈学院,北京市,北京市,,北京市,北京市,本科,,999999,[],False,教育部2026名录（CSV镜像）,,585,https://www.bda.edu.cn,北京市海淀区万寿寺路一号,True,,,,,,,,,,,,{},0,,0,
4111010052,中央民族大学,北京市,北京市,,北京市,北京市,本科,民1,99,"['985', '211', '双一流']",False,教育部2026名录（CSV镜像）,,45,https://www.muc.edu.cn/,"海淀校区：北京市海淀区中关村南大街27号,海南国际学院：海南省陵水黎安国际教育创新试验区,丰台校区： 北京市丰台区魏各庄路27号",True,,,,,,,,,,,"{'rankingId': 'legacy-shanghairanking-bcur', 'edition': '2026', 'sortValue': 99.0, 'label': '2026软科分类标签 民1', 'sourceUrl': 'https://www.shanghairanking.cn/rankings/bcur/2026', 'legacy': True}",{},0,,0,
4111010053,中国政法大学,北京市,北京市,,北京市,北京市,本科,政1,63,"['211', '双一流']",False,教育部2026名录（CSV镜像）,,569,https://www.cupl.edu.cn/,"海淀校区：北京市海淀区西土城路25号,昌平校区：北京市昌平区府学路27号",True,,,,,,,,,,,"{'rankingId': 'legacy-shanghairanking-bcur', 'edition': '2026', 'sortValue': 63.0, 'label': '2026软科分类标签 政1', 'sourceUrl': 'https://www.shanghairanking.cn/rankings/bcur/2026', 'legacy': True}",{},0,,0,
4111010054,华北电力大学,北京市,北京市,,北京市,北京市,本科,84,108,"['211', '双一流']",False,教育部2026名录（CSV镜像）,,,,,True,,,,,,,,,,,"{'rankingId': 'legacy-shanghairanking-bcur', 'edition': '2026', 'sortValue': 108.0, 'label': '2026软科主榜 84', 'sourceUrl': 'https://www.shanghairanking.cn/rankings/bcur/2026', 'legacy': True}",{},0,,0,
4111011149,中华女子学院,北京市,北京市,,北京市,北京市,本科,语14,444,[],False,教育部2026名录（CSV镜像）,,568,https://www.cwu.edu.cn/,"校本部：北京市朝阳区育慧东路1号,北校区：北京市昌平区科技园区创新路20号",True,,,,,,,,,,,"{'rankingId': 'legacy-shanghairanking-bcur', 'edition': '2026', 'sortValue': 444.0, 'label': '2026软科分类标签 语14', 'sourceUrl': 'https://www.shanghairanking.cn/rankings/bcur/2026', 'legacy': True}",{},0,,0,
4111011232,北京信息科技大学,北京市,北京市,,北京市,北京市,本科,182,251,[],False,教育部2026名录（CSV镜像）,,879,https://www.bistu.edu.cn/,"小营校区：北京市海淀区清河小营东路12号,沙河校区：北京市昌平区太行路55号,金台路校区：北京市朝阳区金台西路2号,酒仙桥校区：北京市朝阳区酒仙桥红霞路六街坊1号院,北京信息科技大学（张家口）：河北省张家口市怀来县土木镇松苑路3号",True,,,,,,,,,,,"{'rankingId': 'legacy-shanghairanking-bcur', 'edition': '2026', 'sortValue': 251.0, 'label': '2026软科主榜 182', 'sourceUrl': 'https://www.shanghairanking.cn/rankings/bcur/2026', 'legacy': True}",{},0,,0,
4111011413,中国矿业大学（北京）,北京市,北京市,,北京市,北京市,本科,76,91,"['211', '双一流']",False,教育部2026名录（CSV镜像）,,1006,https://www.cumtb.edu.cn/,"学院路校区：北京市海淀区学院路丁11号,沙河校区：北京市昌平区沙河高教园区南二街9号",True,,,,,,,,,,,"{'rankingId': 'legacy-shanghairanking-bcur', 'edition': '2026', 'sortValue': 91.0, 'label': '2026软科主榜 76', 'sourceUrl': 'https://www.shanghairanking.cn/rankings/bcur/2026', 'legacy': True}",{},0,,0,
4111011414,中国石油大学（北京）,北京市,北京市,,北京市,北京市,本科,62,72,"['211', '双一流']",False,教育部2026名录（CSV镜像）,,832,https://www.cup.edu.cn/,北京市昌平区城北街道府学路18号,True,,,,,,,,,,,"{'rankingId': 'legacy-shanghairanking-bcur', 'edition': '2026', 'sortValue': 72.0, 'label': '2026软科主榜 62', 'sourceUrl': 'https://www.shanghairanking.cn/rankings/bcur/2026', 'legacy': True}",{},0,,0,
4111011415,中国地质大学（北京）,北京市,北京市,,北京市,北京市,本科,75,90,"['211', '双一流']",False,教育部2026名录（CSV镜像）,,830,https://www.cugb.edu.cn/,北京市海淀区学院路29号,True,,,,,,,,,,,"{'rankingId': 'legacy-shanghairanking-bcur', 'edition': '2026', 'sortValue': 90.0, 'label': '2026软科主榜 75', 'sourceUrl': 'https://www.shanghairanking.cn/rankings/bcur/2026', 'legacy': True}",{},0,,0,
4111011417,北京联合大学,北京市,北京市,,北京市,北京市,本科,306,458,[],False,教育部2026名录（CSV镜像）,,575,https://www.buu.edu.cn/,北京市朝阳区北四环东路97号,True,,,,,,,,,,,"{'rankingId': 'legacy-shanghairanking-bcur', 'edition': '2026', 'sortValue': 458.0, 'label': '2026软科主榜 306', 'sourceUrl': 'https://www.shanghairanking.cn/rankings/bcur/2026', 'legacy': True}",{},0,,0,
4111011418,北京城市学院,北京市,北京市,,北京市,北京市,本科,13,885,[],True,教育部2026名录（CSV镜像）,民办,559,https://www.bcu.edu.cn/,"顺义校区：北京市顺义区杨镇木燕路杨镇段26号,航天城校区：北京市海淀区西北旺皇后店路6号院,中关村校区：北京市海淀区北四环中路269号",True,,,,,,,,,,,"{'rankingId': 'legacy-shanghairanking-bcur', 'edition': '2026', 'sortValue': 885.0, 'label': '2026软科主榜 13', 'sourceUrl': 'https://www.shanghairanking.cn/rankings/bcur/2026', 'legacy': True}",{},0,,0,
4111011625,中国青年政治学院,北京市,北京市,,北京市,北京市,本科,,999999,[],False,教育部2026名录（CSV镜像）,,,,,True,,,,,,,,,,,,{},0,,0,
4111011831,首钢工学院,北京市,北京市,,北京市,北京市,本科,,999999,[],False,教育部2026名录（CSV镜像）,,583,https://www.sgit.edu.cn/,北京市石景山区晋元庄路6号,True,,,,,,,,,,,,{},0,,0,
4111012453,中国劳动关系学院,北京市,北京市,,北京市,北京市,本科,政11,422,[],False,教育部2026名录（CSV镜像）,,579,https://www.culr.edu.cn/,"北京校区：北京市海淀区增光路45号,涿州校区：河北省保定市涿州市东城坊镇",True,,,,,,,,,,,"{'rankingId': 'legacy-shanghairanking-bcur', 'edition': '2026', 'sortValue': 422.0, 'label': '2026软科分类标签 政11', 'sourceUrl': 'https://www.shanghairanking.cn/rankings/bcur/2026', 'legacy': True}",{},0,,0,
4111013629,首都师范大学科德学院,北京市,北京市,,北京市,北京市,本科,,999999,[],True,教育部2026名录（CSV镜像）,民办,819,https://www.kdcnu.com,北京市大兴区榆垡镇榆祥路10号,True,,,,,,,,,,,,{},0,,0,
4111013630,北京金融科技学院,北京市,北京市,,北京市,北京市,本科,财27+,1071,[],True,教育部2026名录（CSV镜像）,民办,1110,https://www.bjbuft.edu.cn/,北京市通州区宋庄南路甲1号,True,,,,,,,,,,,"{'rankingId': 'legacy-shanghairanking-bcur', 'edition': '2026', 'sortValue': 1071.0, 'label': '2026软科分类标签 财27+', 'sourceUrl': 'https://www.shanghairanking.cn/rankings/bcur/2026', 'legacy': True}",{},0,,0,
4111013901,北京邮电大学世纪学院,北京市,北京市,,北京市,北京市,本科,,999999,[],True,教育部2026名录（CSV镜像）,民办,1115,http://www.ccbupt.cn/,北京市延庆区康庄镇西官路,True,,,,,,,,,,,,{},0,,0,
4111013904,北京工业大学耿丹学院,北京市,北京市,,北京市,北京市,本科,,999999,[],True,教育部2026名录（CSV镜像）,民办,1112,http://www.gengdan.cn/,北京市顺义区牛栏山镇牛富路3号,True,,,,,,,,,,,,{},0,,0,
4111014019,北京警察学院,北京市,北京市,,北京市,北京市,本科,政18,517,[],False,教育部2026名录（CSV镜像）,,3042,https://www.bjpc.edu.cn/,北京市昌平区南口镇南涧路11号,True,,,,,,,,,,,"{'rankingId': 'legacy-shanghairanking-bcur', 'edition': '2026', 'sortValue': 517.0, 'label': '2026软科分类标签 政18', 'sourceUrl': 'https://www.shanghairanking.cn/rankings/bcur/2026', 'legacy': True}",{},0,,0,
4111014201,北京第二外国语学院中瑞酒店管理学院,北京市,北京市,,北京市,北京市,本科,,999999,[],True,教育部2026名录（CSV镜像）,民办,1456,https://www.bhi.edu.cn/,北京市大兴区庞各庄镇工业区田园路11号,True,,,,,,,,,,,,{},0,,0,
4111014430,中国科学院大学,北京市,北京市,,北京市,北京市,本科,,999999,['双一流'],False,教育部2026名录（CSV镜像）,,3145,https://www.ucas.edu.cn/,"玉泉路校区：北京市石景山区玉泉路19号甲,雁栖湖校区：北京市怀柔区雁栖湖东路1号,奥运村校区：北京市朝阳区大屯路甲3号,中关村校区：北京市海淀区中关村东路80号",True,,,,,,,,,,,,{},0,,0,
4111014596,中国社会科学院大学,北京市,北京市,,北京市,北京市,本科,,999999,[],False,教育部2026名录（CSV镜像）,,3254,https://www.ucass.edu.cn/,"良乡校区：北京市房山区长于大街11号,望京校区：北京市朝阳区望京中环南路1号",True,,,,,,,,,,,,{},0,,0,
4111014139,民政职业大学,北京市,北京市,,北京市,北京市,本科,,999999,[],False,教育部2026名录（CSV镜像）,,2294,https://www.bcsa.edu.cn/,"大兴校区：北京市大兴区科苑东路1号,燕郊校区：河北省三河市燕郊高新区燕灵路454号",True,,,,,,,,,,,,{},0,,0,
4111010858,北京科技职业大学,北京市,北京市,,北京市,北京市,本科,,999999,[],False,教育部2026名录（CSV镜像）,,818,https://www.bpu.edu.cn/,北京市经济技术开发区凉水河一街9号,True,,,,,,,,,,,,{},0,,0,
4111010853,北京工业职业技术学院,北京市,北京市,,北京市,北京市,专科,,999999,[],False,教育部2026名录（CSV镜像）,,885,https://www.bgy.edu.cn/,北京市石景山区石门路368号,True,,,,,,,,,,,,{},0,,0,
4111010857,北京信息职业技术学院,北京市,北京市,,北京市,北京市,专科,,999999,[],False,教育部2026名录（CSV镜像）,,882,https://www.bitc.edu.cn,"院本部：北京市朝阳区芳园西路5号,东校区：北京市朝阳区东坝红松园北里甲1号,花乡校区：北京市丰台区花乡辛庄90号",True,,,,,,,,,,,,{},0,,0,
4111011090,北京京北职业技术学院,北京市,北京市,,北京市,北京市,专科,,999999,[],False,教育部2026名录（CSV镜像）,,907,https://www.jbzy.com.cn/,北京市怀柔区小中富乐一区188号,True,,,,,,,,,,,,{},0,,0,
4111011092,北京交通职业技术学院,北京市,北京市,,北京市,北京市,专科,,999999,[],False,教育部2026名录（CSV镜像）,,910,https://www.jtxy.com.cn/,北京市昌平区西关环岛向西1公里,True,,,,,,,,,,,,{},0,,0,
4111011626,北京青年政治学院,北京市,北京市,,北京市,北京市,专科,,999999,[],False,教育部2026名录（CSV镜像）,,881,https://www.bjypc.edu.cn/,"校本部：北京市朝阳区花家地街9号,平谷校区：北京市平谷区夏各庄北中环路36号",True,,,,,,,,,,,,{},0,,0,
4111012448,北京农业职业学院,北京市,北京市,,北京市,北京市,专科,,999999,[],False,教育部2026名录（CSV镜像）,,918,https://www.bvca.edu.cn/,"长阳校区：北京市房山区长阳镇稻田南里5号,清河校区：北京市昌平区回龙观镇二拨子2号,北苑校区：北京市朝阳区北苑路46号院,香山校区：北京市海淀区香山普安店29号",True,,,,,,,,,,,,{},0,,0,
4111012451,北京政法职业学院,北京市,北京市,,北京市,北京市,专科,,999999,[],False,教育部2026名录（CSV镜像）,,897,https://www.bcpl.edu.cn/,"大兴校区：北京市大兴区黄亦路2号（国家新媒体产业基地）,杨闸校区：北京市朝阳区管庄南街1号",True,,,,,,,,,,,,{},0,,0,
4111012561,北京财贸职业学院,北京市,北京市,,北京市,北京市,专科,,999999,[],False,教育部2026名录（CSV镜像）,,899,https://www.bjczy.edu.cn,"校本部：北京市通州区北关大街88号,涿州校区：河北省涿州市双塔区大石桥团结路8号,朝阳校区：北京市朝阳区水碓子东路15号,东城校区：北京市东城区东四南大街礼士胡同41号",True,,,,,,,,,,,,{},0,,0,
4111012564,北京北大方正软件职业技术学院,北京市,北京市,,北京市,北京市,专科,,999999,[],True,教育部2026名录（CSV镜像）,民办,912,https://www.pfc.edu.cn/,北京市通州区东方大学城,True,,,,,,,,,,,,{},0,,0,
4111012565,北京经贸职业学院,北京市,北京市,,北京市,北京市,专科,,999999,[],True,教育部2026名录（CSV镜像）,民办,824,https://www.csuedu.com/,北京市房山区良乡长虹东路高教园区,True,,,,,,,,,,,,{},0,,0,
4111012566,北京经济技术职业学院,北京市,北京市,,北京市,北京市,专科,,999999,[],True,教育部2026名录（CSV镜像）,民办,887,http://www.bibtedu.cn/,河北省廊坊市三河市燕郊经济开发区高楼镇,True,,,,,,,,,,,,{},0,,0,
4111012567,北京戏曲艺术职业学院,北京市,北京市,,北京市,北京市,专科,,999999,[],False,教育部2026名录（CSV镜像）,,911,https://www.bjxx.com.cn/,北京市丰台区马家堡东里8号,True,,,,,,,,,,,,{},0,,0,
4111012568,北京汇佳职业学院,北京市,北京市,,北京市,北京市,专科,,999999,[],True,教育部2026名录（CSV镜像）,民办,823,https://www.hju.net.cn/,北京市昌平区中关村科技园区昌平园创新路20号,True,,,,,,,,,,,,{},0,,0,
4111012733,北京科技经营管理学院,北京市,北京市,,北京市,北京市,专科,,999999,[],True,教育部2026名录（CSV镜像）,民办,825,https://www.jgy1985.cn/,北京市昌平区沙河镇顺沙路6号院,True,,,,,,,,,,,,{},0,,0,
4111013703,北京科技职业学院,北京市,北京市,,北京市,北京市,专科,,999999,[],True,教育部2026名录（CSV镜像）,民办,821,https://www.5aaa.com/,"沙河校区：北京市昌平区沙河沙阳路18号,八达岭校区：北京市延庆区祥元东路1号",True,,,,,,,,,,,,{},0,,0,
4111013728,北京培黎职业学院,北京市,北京市,,北京市,北京市,专科,,999999,[],True,教育部2026名录（CSV镜像）,民办,820,https://www.bjpldx.edu.cn/,北京市海淀区双清路1号,True,,,,,,,,,,,,{},0,,0,
4111014073,北京经济管理职业学院,北京市,北京市,,北京市,北京市,专科,,999999,[],False,教育部2026名录（CSV镜像）,,2700,https://www.biem.edu.cn,"望京校区：北京市朝阳区花家地街12号,固安校区：河北省固安县永定北路005号",True,,,,,,,,,,,,{},0,,0,
4111014075,北京劳动保障职业学院,北京市,北京市,,北京市,北京市,专科,,999999,[],False,教育部2026名录（CSV镜像）,,1378,https://www.bvclss.cn/,"昌平校区：北京市昌平区南口路32号,朝阳校区：北京市朝阳区惠新东街5号",True,,,,,,,,,,,,{},0,,0,
4111014140,北京艺术传媒职业学院,北京市,北京市,,北京市,北京市,专科,,999999,[],True,教育部2026名录（CSV镜像）,民办,2641,http://www.bjamu.cn,北京市海淀区中关村科技园区聂各庄东路10号,True,,,,,,,,,,,,{},0,,0,
4111014215,北京体育职业学院,北京市,北京市,,北京市,北京市,专科,,999999,[],False,教育部2026名录（CSV镜像）,,2629,https://www.bjtzhy.org/,"院本部：北京市丰台区光彩北路4号,昌平区分校区：北京市昌平区沙河镇高教园区内,大兴区分校区：北京市大兴区芦城乡政府路21号",True,,,,,,,,,,,,{},0,,0,
4111014279,北京交通运输职业学院,北京市,北京市,,北京市,北京市,专科,,999999,[],False,教育部2026名录（CSV镜像）,,2637,https://www.bjjt.edu.cn,"大兴校区：北京市大兴区滨河街18号院,海淀校区：北京市海淀区四拨子北路16号院,通州校区：通州梨园镇云景东路90号,沙子口东校区：丰台区定安西里12号楼,沙子口西校区：丰台区东木樨园21号楼,车站路校区：通州区车站路71号院,北新桥校区：东城区北新桥三条36号",True,,,,,,,,,,,,{},0,,0,
4111014395,北京卫生职业学院,北京市,北京市,,北京市,北京市,专科,,999999,[],False,教育部2026名录（CSV镜像）,,2965,https://www.bjhvc.edu.cn/,"第三院区：通州区九棵树东路128号,第二院区：通州区玉带河西街24号,第一院区：房山区窦店镇大窦路12号",True,,,,,,,,,,,,{},0,,0,
4111014588,北京网络职业学院,北京市,北京市,,北京市,北京市,专科,,999999,[],True,教育部2026名录（CSV镜像）,民办,3216,https://www.bjwlxy.org.cn/index/worker/admissions.html,北京市房山区窦大路12号,True,,,,,,,,,,,,{},0,,0,
4112010055,南开大学,天津市,天津市,,天津市,天津市,本科,21,21,"['985', '211', '双一流']",False,教育部2026名录（CSV镜像）,,59,https://www.nankai.edu.cn/,"八里台校区：天津市南开区卫津路94号,津南校区：天津市海河教育园区同砚路38号,泰达校区：天津经济开发区宏达街23号",True,,,,,,,,,,,"{'rankingId': 'legacy-shanghairanking-bcur', 'edition': '2026', 'sortValue': 21.0, 'label': '2026软科主榜 21', 'sourceUrl': 'https://www.shanghairanking.cn/rankings/bcur/2026', 'legacy': True}",{},0,,0,
4112010056,天津大学,天津市,天津市,,天津市,天津市,本科,20,20,"['985', '211', '双一流']",False,教育部2026名录（CSV镜像）,,60,https://www.tju.edu.cn/,"卫津路校区：天津市南开区卫津路92号,北洋园校区：天津市津南区雅观路135号,滨海工业研究院校区：天津市滨海新区临港经济区嘉陵江道48号",True,,,,,,,,,,,"{'rankingId': 'legacy-shanghairanking-bcur', 'edition': '2026', 'sortValue': 20.0, 'label': '2026软科主榜 20', 'sourceUrl': 'https://www.shanghairanking.cn/rankings/bcur/2026', 'legacy': True}",{},0,,0,
4112010057,天津科技大学,天津市,天津市,,天津市,天津市,本科,158,217,[],False,教育部2026名录（CSV镜像）,,82,https://www.tust.edu.cn,"河西校区：天津市河西区大沽南路1038号,滨海校区：天津市经济技术开发区第十三大街9号",True,,,,,,,,,,,"{'rankingId': 'legacy-shanghairanking-bcur', 'edition': '2026', 'sortValue': 217.0, 'label': '2026软科主榜 158', 'sourceUrl': 'https://www.shanghairanking.cn/rankings/bcur/2026', 'legacy': True}",{},0,,0,
4112010058,天津工业大学,天津市,天津市,,天津市,天津市,本科,133,184,['双一流'],False,教育部2026名录（CSV镜像）,,80,https://www.tiangong.edu.cn/,天津市西青区宾水西道399号,True,,,,,,,,,,,"{'rankingId': 'legacy-shanghairanking-bcur', 'edition': '2026', 'sortValue': 184.0, 'label': '2026软科主榜 133', 'sourceUrl': 'https://www.shanghairanking.cn/rankings/bcur/2026', 'legacy': True}",{},0,,0,
4112010059,中国民航大学,天津市,天津市,,天津市,天津市,本科,226,318,[],False,教育部2026名录（CSV镜像）,,88,https://www.cauc.edu.cn,"东丽校区：天津市东丽区津北公路2898号,宁河校区：天津市宁河区现代产业区永定新河北路1号",True,,,,,,,,,,,"{'rankingId': 'legacy-shanghairanking-bcur', 'edition': '2026', 'sortValue': 318.0, 'label': '2026软科主榜 226', 'sourceUrl': 'https://www.shanghairanking.cn/rankings/bcur/2026', 'legacy': True}",{},0,,0,
4112010060,天津理工大学,天津市,天津市,,天津市,天津市,本科,170,235,[],False,教育部2026名录（CSV镜像）,,81,https://www.tjut.edu.cn/,天津市西青区宾水西道391号,True,,,,,,,,,,,"{'rankingId': 'legacy-shanghairanking-bcur', 'edition': '2026', 'sortValue': 235.0, 'label': '2026软科主榜 170', 'sourceUrl': 'https://www.shanghairanking.cn/rankings/bcur/2026', 'legacy': True}",{},0,,0,
4112010061,天津农学院,天津市,天津市,,天津市,天津市,本科,353,525,[],False,教育部2026名录（CSV镜像）,,93,https://www.tjau.edu.cn/,"东校区：天津市西青区津静路22号,西校区：天津市西青区津同路19号,蓟州校区：天津市蓟州区五百户镇青池1村",True,,,,,,,,,,,"{'rankingId': 'legacy-shanghairanking-bcur', 'edition': '2026', 'sortValue': 525.0, 'label': '2026软科主榜 353', 'sourceUrl': 'https://www.shanghairanking.cn/rankings/bcur/2026', 'legacy': True}",{},0,,0,
4112010062,天津医科大学,天津市,天津市,,天津市,天津市,本科,医5,70,"['211', '双一流']",False,教育部2026名录（CSV镜像）,,78,https://www.tmu.edu.cn/,"气象台路校区：天津市和平区气象台路22号,广东路校区：天津市河西区广东路1号",True,,,,,,,,,,,"{'rankingId': 'legacy-shanghairanking-bcur', 'edition': '2026', 'sortValue': 70.0, 'label': '2026软科分类标签 医5', 'sourceUrl': 'https://www.shanghairanking.cn/rankings/bcur/2026', 'legacy': True}",{},0,,0,
4112010063,天津中医药大学,天津市,天津市,,天津市,天津市,本科,中医5,160,['双一流'],False,教育部2026名录（CSV镜像）,,89,https://www.tjutcm.edu.cn/,"团泊校区：天津市静海区团泊新城西区鄱阳湖路10号,玉泉路校区：天津市南开区玉泉路61号",True,,,,,,,,,,,"{'rankingId': 'legacy-shanghairanking-bcur', 'edition': '2026', 'sortValue': 160.0, 'label': '2026软科分类标签 中医5', 'sourceUrl': 'https://www.shanghairanking.cn/rankings/bcur/2026', 'legacy': True}",{},0,,0,
4112010065,天津师范大学,天津市,天津市,,天津市,天津市,本科,160,222,[],False,教育部2026名录（CSV镜像）,,79,https://www.tjnu.edu.cn/,"主校区：天津市西青区宾水西道393号,学前教育学院校区：天津市南开区双峰道38号",True,,,,,,,,,,,"{'rankingId': 'legacy-shanghairanking-bcur', 'edition': '2026', 'sortValue': 222.0, 'label': '2026软科主榜 160', 'sourceUrl': 'https://www.shanghairanking.cn/rankings/bcur/2026', 'legacy': True}",{},0,,0,
4112010066,天津职业技术师范大学,天津市,天津市,,天津市,天津市,本科,343,509,[],False,教育部2026名录（CSV镜像）,,90,https://www.tute.edu.cn,天津市河西区大沽南路1310号,True,,,,,,,,,,,"{'rankingId': 'legacy-shanghairanking-bcur', 'edition': '2026', 'sortValue': 509.0, 'label': '2026软科主榜 343', 'sourceUrl': 'https://www.shanghairanking.cn/rankings/bcur/2026', 'legacy': True}",{},0,,0,
4112010068,天津外国语大学,天津市,天津市,,天津市,天津市,本科,语11,366,[],False,教育部2026名录（CSV镜像）,,87,https://www.tjfsu.edu.cn/,"马场道校区：天津市河西区马场道117号,滨海校区：天津市滨海新区大港学府路60号",True,,,,,,,,,,,"{'rankingId': 'legacy-shanghairanking-bcur', 'edition': '2026', 'sortValue': 366.0, 'label': '2026软科分类标签 语11', 'sourceUrl': 'https://www.shanghairanking.cn/rankings/bcur/2026', 'legacy': True}",{},0,,0,
4112010069,天津商业大学,天津市,天津市,,天津市,天津市,本科,财28,386,[],False,教育部2026名录（CSV镜像）,,85,https://www.tjcu.edu.cn/,天津市北辰区光荣道409号,True,,,,,,,,,,,"{'rankingId': 'legacy-shanghairanking-bcur', 'edition': '2026', 'sortValue': 386.0, 'label': '2026软科分类标签 财28', 'sourceUrl': 'https://www.shanghairanking.cn/rankings/bcur/2026', 'legacy': True}",{},0,,0,
4112010070,天津财经大学,天津市,天津市,,天津市,天津市,本科,财16,241,[],False,教育部2026名录（CSV镜像）,,84,https://www.tjufe.edu.cn,天津市河西区珠江道25号,True,,,,,,,,,,,"{'rankingId': 'legacy-shanghairanking-bcur', 'edition': '2026', 'sortValue': 241.0, 'label': '2026软科分类标签 财16', 'sourceUrl': 'https://www.shanghairanking.cn/rankings/bcur/2026', 'legacy': True}",{},0,,0,
4112010071,天津体育学院,天津市,天津市,,天津市,天津市,本科,体7,483,[],False,教育部2026名录（CSV镜像）,,92,https://www.tjus.edu.cn,"河西校区：天津市河西区卫津南路51号,团泊校区：天津市静海区团泊新城西区东海道16号",True,,,,,,,,,,,"{'rankingId': 'legacy-shanghairanking-bcur', 'edition': '2026', 'sortValue': 483.0, 'label': '2026软科分类标签 体7', 'sourceUrl': 'https://www.shanghairanking.cn/rankings/bcur/2026', 'legacy': True}",{},0,,0,
4112010072,天津音乐学院,天津市,天津市,,天津市,天津市,本科,,999999,[],False,教育部2026名录（CSV镜像）,,94,https://www.tjcm.edu.cn/,"南校区：天津市河东区十四经路9号,北校区：天津市河东区十一经路57号",True,,,,,,,,,,,,{},0,,0,
4112010073,天津美术学院,天津市,天津市,,天津市,天津市,本科,,999999,[],False,教育部2026名录（CSV镜像）,,95,http://www.tjarts.edu.cn,"天纬路校区：天津市河北区天纬路4号,志成路校区：天津市河北区志成路7号",True,,,,,,,,,,,,{},0,,0,
4112010792,天津城建大学,天津市,天津市,,天津市,天津市,本科,318,473,[],False,教育部2026名录（CSV镜像）,,91,https://www.tcu.edu.cn,天津市西青区津静路26号,True,,,,,,,,,,,"{'rankingId': 'legacy-shanghairanking-bcur', 'edition': '2026', 'sortValue': 473.0, 'label': '2026软科主榜 318', 'sourceUrl': 'https://www.shanghairanking.cn/rankings/bcur/2026', 'legacy': True}",{},0,,0,
4112010859,天津天狮学院,天津市,天津市,,天津市,天津市,本科,100+,1056,[],True,教育部2026名录（CSV镜像）,民办,2304,https://www.tianshi.edu.cn/,"翠亨路校区：天津市武清开发区翠亨路128号,泉州路校区：天津市武清开发区泉州路11号",True,,,,,,,,,,,"{'rankingId': 'legacy-shanghairanking-bcur', 'edition': '2026', 'sortValue': 1056.0, 'label': '2026软科分类标签 100+', 'sourceUrl': 'https://www.shanghairanking.cn/rankings/bcur/2026', 'legacy': True}",{},0,,0,
4112012105,天津中德应用技术大学,天津市,天津市,,天津市,天津市,本科,500+,778,[],False,教育部2026名录（CSV镜像）,,858,https://www.tsguas.edu.cn/,天津市海河教育园区雅深路2号,True,,,,,,,,,,,"{'rankingId': 'legacy-shanghairanking-bcur', 'edition': '2026', 'sortValue': 778.0, 'label': '2026软科分类标签 500+', 'sourceUrl': 'https://www.shanghairanking.cn/rankings/bcur/2026', 'legacy': True}",{},0,,0,
4112013658,天津外国语大学滨海外事学院,天津市,天津市,,天津市,天津市,本科,,999999,[],True,教育部2026名录（CSV镜像）,民办,2696,https://bhws.tjfsu.edu.cn/,天津市滨海新区大港学府路60号,True,,,,,,,,,,,,{},0,,0,
4112013659,天津传媒学院,天津市,天津市,,天津市,天津市,本科,,999999,[],True,教育部2026名录（CSV镜像）,民办,2297,https://www.tjcma.edu.cn/,天津市蓟州区盘山大道68号,True,,,,,,,,,,,,{},0,,0,
4112013660,天津商业大学宝德学院,天津市,天津市,,天津市,天津市,本科,,999999,[],True,教育部2026名录（CSV镜像）,民办,2298,https://www.boustead.edu.cn/,天津市西青区津静路28号,True,,,,,,,,,,,,{},0,,0,
4112013661,天津医科大学临床医学院,天津市,天津市,,天津市,天津市,本科,,999999,[],True,教育部2026名录（CSV镜像）,民办,2299,https://www.tmucmc.edu.cn,天津市滨海新区大港学苑路167号,True,,,,,,,,,,,,{},0,,0,
4112013663,南开大学滨海学院,天津市,天津市,,天津市,天津市,本科,,999999,[],True,教育部2026名录（CSV镜像）,民办,,,,True,,,,,,,,,,,,{},0,,0,
4112013896,天津师范大学津沽学院,天津市,天津市,,天津市,天津市,本科,,999999,[],True,教育部2026名录（CSV镜像）,民办,,,,True,,,,,,,,,,,,{},0,,0,
4112013897,天津理工大学中环信息学院,天津市,天津市,,天津市,天津市,本科,,999999,[],True,教育部2026名录（CSV镜像）,民办,2302,https://www.tjzhic.edu.cn/,"校本部：天津市西青区杨柳青柳口路99号,海河园院区：天津海河教育园区雅深路6号",True,,,,,,,,,,,,{},0,,0,
4112013898,北京科技大学天津学院,天津市,天津市,,天津市,天津市,本科,,999999,[],True,教育部2026名录（CSV镜像）,民办,2300,https://tj.ustb.edu.cn/,天津市宝坻区京津新城珠江北环东路1号,True,,,,,,,,,,,,{},0,,0,
4112014038,天津仁爱学院,天津市,天津市,,天津市,天津市,本科,93,989,[],True,教育部2026名录（CSV镜像）,民办,1601,https://www.tjrac.edu.cn/,天津市团泊新城博学苑,True,,,,,,,,,,,"{'rankingId': 'legacy-shanghairanking-bcur', 'edition': '2026', 'sortValue': 989.0, 'label': '2026软科主榜 93', 'sourceUrl': 'https://www.shanghairanking.cn/rankings/bcur/2026', 'legacy': True}",{},0,,0,
4112014087,天津财经大学珠江学院,天津市,天津市,,天津市,天津市,本科,,999999,[],True,教育部2026名录（CSV镜像）,民办,2303,https://zhujiang.tjufe.edu.cn/,天津市宝坻区周良街道祥瑞大街18号,True,,,,,,,,,,,,{},0,,0,
4112012723,天津警察学院,天津市,天津市,,天津市,天津市,本科,,999999,[],False,教育部2026名录（CSV镜像）,,840,https://www.tjjingyuan.cn/,天津市西青区精武镇陈台子路88号,True,,,,,,,,,,,,{},0,,0,
4112011032,天津职业大学,天津市,天津市,,天津市,天津市,本科,,999999,[],False,教育部2026名录（CSV镜像）,,846,https://www.tjtc.edu.cn/,"北辰校区：天津市北辰区洛河道2号,海河园校区：天津市海河教育园区（津南区）雅观路21号",True,,,,,,,,,,,,{},0,,0,
4112012484,天津滨海职业学院,天津市,天津市,,天津市,天津市,专科,,999999,[],False,教育部2026名录（CSV镜像）,,837,https://www.tjbpi.com/,天津市滨海新区塘沽庐山道1101号,True,,,,,,,,,,,,{},0,,0,
4112012487,天津工程职业技术学院,天津市,天津市,,天津市,天津市,专科,,999999,[],False,教育部2026名录（CSV镜像）,,,,,True,,,,,,,,,,,,{},0,,0,
4112012719,天津渤海职业技术学院,天津市,天津市,,天津市,天津市,专科,,999999,[],False,教育部2026名录（CSV镜像）,,838,https://www.tbvtc.edu.cn/,天津市北辰区津榆公路508号,True,,,,,,,,,,,,{},0,,0,
4112012720,天津电子信息职业技术学院,天津市,天津市,,天津市,天津市,专科,,999999,[],False,教育部2026名录（CSV镜像）,,836,https://www.tjdz.edu.cn/,天津市海河教育园区雅深路4号,True,,,,,,,,,,,,{},0,,0,
4112012721,天津机电职业技术学院,天津市,天津市,,天津市,天津市,专科,,999999,[],False,教育部2026名录（CSV镜像）,,841,https://www.suoyuan.com.cn/,天津市海河教育园区雅观路19号,True,,,,,,,,,,,,{},0,,0,
4112012722,天津现代职业技术学院,天津市,天津市,,天津市,天津市,专科,,999999,[],False,教育部2026名录（CSV镜像）,,845,https://www.xdxy.com.cn/,天津市海河教育园区雅观路3号,True,,,,,,,,,,,,{},0,,0,
4112012732,天津轻工职业技术学院,天津市,天津市,,天津市,天津市,专科,,999999,[],False,教育部2026名录（CSV镜像）,,839,https://www.tjlivtc.edu.cn/,天津市海河教育园区雅观路1号,True,,,,,,,,,,,,{},0,,0,
4112012788,天津商务职业学院,天津市,天津市,,天津市,天津市,专科,,999999,[],False,教育部2026名录（CSV镜像）,,855,https://www.tcc1955.edu.cn/,"海河教育园校区：天津市海河教育园区雅观路23号,河东校区：天津市河东区六纬路82号,河西校区：天津市河西区白云山路",True,,,,,,,,,,,,{},0,,0,
4112012803,天津国土资源和房屋职业学院,天津市,天津市,,天津市,天津市,专科,,999999,[],False,教育部2026名录（CSV镜像）,,854,https://www.tjgfxy.com.cn/,天津市滨海新区大港学苑路600号,True,,,,,,,,,,,,{},0,,0,
4112012880,天津医学高等专科学校,天津市,天津市,,天津市,天津市,专科,,999999,[],False,教育部2026名录（CSV镜像）,,835,https://www.tjyzh.cn/,天津市河西区柳林路14号,True,,,,,,,,,,,,{},0,,0,
4112012881,天津开发区职业技术学院,天津市,天津市,,天津市,天津市,专科,,999999,[],False,教育部2026名录（CSV镜像）,,,,,True,,,,,,,,,,,,{},0,,0,
4112012882,天津艺术职业学院,天津市,天津市,,天津市,天津市,专科,,999999,[],False,教育部2026名录（CSV镜像）,,857,https://www.arttj.cn/,"河东校区：天津市河东区娄山道27号,南开校区：天津市南开区苍穹道8号",True,,,,,,,,,,,,{},0,,0,
4112012883,天津交通职业学院,天津市,天津市,,天津市,天津市,专科,,999999,[],False,教育部2026名录（CSV镜像）,,847,https://www.tttc.edu.cn/,天津市西青区西青道269号,True,,,,,,,,,,,,{},0,,0,
4112013700,天津工业职业学院,天津市,天津市,,天津市,天津市,专科,,999999,[],False,教育部2026名录（CSV镜像）,,848,https://www.pctj.edu.cn/,天津市北辰区学海道38号,True,,,,,,,,,,,,{},0,,0,
4112013701,天津石油职业技术学院,天津市,天津市,,天津市,天津市,专科,,999999,[],False,教育部2026名录（CSV镜像）,,852,http://www.tjsyxy.com/,"校本部：天津市静海区团泊洼,滨海校区：天津市滨海新区大港油田",True,,,,,,,,,,,,{},0,,0,
4112013702,天津城市职业学院,天津市,天津市,,天津市,天津市,专科,,999999,[],False,教育部2026名录（CSV镜像）,,851,http://www.tjcsxy.cn,天津市河东区真理道27号,True,,,,,,,,,,,,{},0,,0,
4112013863,天津铁道职业技术学院,天津市,天津市,,天津市,天津市,专科,,999999,[],False,教育部2026名录（CSV镜像）,,859,https://www.tjtdxy.cn/,"北宁校区：天津市河北区建昌道21号,南校区：天津市河北区金钟河大街232号,水西校区：天津市西青区东姜井凯苑路148号",True,,,,,,,,,,,,{},0,,0,
4112013911,天津工艺美术职业学院,天津市,天津市,,天津市,天津市,专科,,999999,[],False,教育部2026名录（CSV镜像）,,849,https://www.gmtj.com/,"革新道校区：天津市河北区红星路革新道10号,建昌道校区：天津市河北区建昌道41号",True,,,,,,,,,,,,{},0,,0,
4112014020,天津城市建设管理职业技术学院,天津市,天津市,,天津市,天津市,专科,,999999,[],False,教育部2026名录（CSV镜像）,,1600,https://www.tjchengjian.com/,"校本部：天津市北辰区光荣道2688号,华苑校区：天津市西青区东清莹道2号,南开校区：天津市南开区南开五马路27号",True,,,,,,,,,,,,{},0,,0,
4112014021,天津生物工程职业技术学院,天津市,天津市,,天津市,天津市,专科,,999999,[],False,教育部2026名录（CSV镜像）,,1195,https://www.tjbio.cn/,"主校区：天津市开发区西区南大街175号,河北校区：天津市河北区宙纬路15号",True,,,,,,,,,,,,{},0,,0,
4112014022,天津海运职业学院,天津市,天津市,,天津市,天津市,专科,,999999,[],False,教育部2026名录（CSV镜像）,,1327,https://www.tjmc.edu.cn/,天津市海河教育园区雅深路8号,True,,,,,,,,,,,,{},0,,0,
4112014102,天津广播影视职业学院,天津市,天津市,,天津市,天津市,专科,,999999,[],False,教育部2026名录（CSV镜像）,,,,,True,,,,,,,,,,,,{},0,,0,
4112014599,天津体育职业学院,天津市,天津市,,天津市,天津市,专科,,999999,[],False,教育部2026名录（CSV镜像）,,3330,https://www.tjvcs.cn,天津市静海区团泊新城西区团泊大道西侧、北华路北侧,True,,,,,,,,,,,,{},0,,0,
4112014600,天津滨海汽车工程职业学院,天津市,天津市,,天津市,天津市,专科,,999999,[],True,教育部2026名录（CSV镜像）,民办,3331,http://www.tqzyxy.com,"津南校区：天津市津南区葛沽镇创新二路36号,武清校区：天津市武清区京津电子商务产业园崔黄口镇兴广路1号",True,,,,,,,,,,,,{},0,,0,
4113010075,河北大学,河北省,保定市,,河北省,保定市,本科,130,178,[],False,教育部2026名录（CSV镜像）,,54,https://www.hbu.edu.cn/,"五四路校区：河北省保定市五四东路180号,七一路校区：河北省保定市七一东路 2666 号,裕华路校区：河北省保定市裕华东路 342号",True,,,,,,,,,,,"{'rankingId': 'legacy-shanghairanking-bcur', 'edition': '2026', 'sortValue': 178.0, 'label': '2026软科主榜 130', 'sourceUrl': 'https://www.shanghairanking.cn/rankings/bcur/2026', 'legacy': True}",{},0,,0,
4113010076,河北工程大学,河北省,邯郸市,,河北省,邯郸市,本科,291,428,[],False,教育部2026名录（CSV镜像）,,602,https://www.hebeu.edu.cn/,河北省邯郸经济技术开发区太极路19号,True,,,,,,,,,,,"{'rankingId': 'legacy-shanghairanking-bcur', 'edition': '2026', 'sortValue': 428.0, 'label': '2026软科主榜 291', 'sourceUrl': 'https://www.shanghairanking.cn/rankings/bcur/2026', 'legacy': True}",{},0,,0,
4113010077,河北地质大学,河北省,石家庄市,,河北省,石家庄市,本科,财32,425,[],False,教育部2026名录（CSV镜像）,,606,https://www.hgu.edu.cn/,"主校区：河北省石家庄市裕华区槐安东路136号,北校区：河北省石家庄市新华区景源街26号,新校区：河北省石家庄市藁城区河北大道 601 号",True,,,,,,,,,,,"{'rankingId': 'legacy-shanghairanking-bcur', 'edition': '2026', 'sortValue': 425.0, 'label': '2026软科分类标签 财32', 'sourceUrl': 'https://www.shanghairanking.cn/rankings/bcur/2026', 'legacy': True}",{},0,,0,
4113010080,河北工业大学,天津市,天津市,,河北省,天津市,本科,107,140,"['211', '双一流']",False,教育部2026名录（CSV镜像）,,41,https://www.hebut.edu.cn/,"北辰校区：天津市北辰区西平道5340号,红桥北院：天津市红桥区丁字沽一号路8号,芬兰校区：河北工业大学天津校区/芬兰拉彭兰塔理工大学,红桥南院：天津市红桥区光荣道29号路,红桥东院：天津市红桥区丁字沽街道光荣道八号河北工业大学东院",True,,,,,,,,,,,"{'rankingId': 'legacy-shanghairanking-bcur', 'edition': '2026', 'sortValue': 140.0, 'label': '2026软科主榜 107', 'sourceUrl': 'https://www.shanghairanking.cn/rankings/bcur/2026', 'legacy': True}",{},0,,0,
4113010081,华北理工大学,河北省,唐山市,,河北省,唐山市,本科,269,383,[],False,教育部2026名录（CSV镜像）,,597,https://www.ncst.edu.cn,河北省唐山市曹妃甸新城渤海大道21号,True,,,,,,,,,,,"{'rankingId': 'legacy-shanghairanking-bcur', 'edition': '2026', 'sortValue': 383.0, 'label': '2026软科主榜 269', 'sourceUrl': 'https://www.shanghairanking.cn/rankings/bcur/2026', 'legacy': True}",{},0,,0,
4113010082,河北科技大学,河北省,石家庄市,,河北省,石家庄市,本科,254,358,[],False,教育部2026名录（CSV镜像）,,55,https://www.hebust.edu.cn/,河北省石家庄市裕华区裕翔街26号,True,,,,,,,,,,,"{'rankingId': 'legacy-shanghairanking-bcur', 'edition': '2026', 'sortValue': 358.0, 'label': '2026软科主榜 254', 'sourceUrl': 'https://www.shanghairanking.cn/rankings/bcur/2026', 'legacy': True}",{},0,,0,
4113010084,河北建筑工程学院,河北省,张家口市,,河北省,张家口市,本科,500+,736,[],False,教育部2026名录（CSV镜像）,,603,https://www.hebiace.edu.cn/,河北省张家口市桥东区朝阳西大街13号,True,,,,,,,,,,,"{'rankingId': 'legacy-shanghairanking-bcur', 'edition': '2026', 'sortValue': 736.0, 'label': '2026软科分类标签 500+', 'sourceUrl': 'https://www.shanghairanking.cn/rankings/bcur/2026', 'legacy': True}",{},0,,0,
4113010085,河北水利电力学院,河北省,沧州市,,河北省,沧州市,本科,500+,737,[],False,教育部2026名录（CSV镜像）,,688,https://www.hbwe.edu.cn/,河北省沧州市黄河西路49号,True,,,,,,,,,,,"{'rankingId': 'legacy-shanghairanking-bcur', 'edition': '2026', 'sortValue': 737.0, 'label': '2026软科分类标签 500+', 'sourceUrl': 'https://www.shanghairanking.cn/rankings/bcur/2026', 'legacy': True}",{},0,,0,
4113010086,河北农业大学,河北省,保定市,,河北省,保定市,本科,189,260,[],False,教育部2026名录（CSV镜像）,,598,https://www.hebau.edu.cn/,"校本部：河北保定莲池区灵雨寺街289号,保定西校区：河北省保定市莲池区乐凯南大街2596号,定州校区：河北省保定市定州市博陵街44号,渤海校区：河北省沧州市中捷产业园区渤海路1号,秦皇岛校区：河北省秦皇岛市海港区河北大街东段52号",True,,,,,,,,,,,"{'rankingId': 'legacy-shanghairanking-bcur', 'edition': '2026', 'sortValue': 260.0, 'label': '2026软科主榜 189', 'sourceUrl': 'https://www.shanghairanking.cn/rankings/bcur/2026', 'legacy': True}",{},0,,0,
4113010089,河北医科大学,河北省,石家庄市,,河北省,石家庄市,本科,医12,144,[],False,教育部2026名录（CSV镜像）,,596,https://www.hebmu.edu.cn/,"中山校区：河北省石家庄市长安区中山东路361号,建华校区北院：河北省石家庄市裕华区建华南大街309号,建华校区南院：河北省石家庄市东岗路48号",True,,,,,,,,,,,"{'rankingId': 'legacy-shanghairanking-bcur', 'edition': '2026', 'sortValue': 144.0, 'label': '2026软科分类标签 医12', 'sourceUrl': 'https://www.shanghairanking.cn/rankings/bcur/2026', 'legacy': True}",{},0,,0,
4113010092,河北北方学院,河北省,张家口市,,河北省,张家口市,本科,医47,541,[],False,教育部2026名录（CSV镜像）,,601,https://www1.hebeinu.edu.cn/,"校本部：河北省张家口市高新区钻石南路11号,东校区：河北省张家口市桥东区中兴北路辅路,南校区：河北省张家口市宣化区沙岭子镇二里半村,北校区：河北省张家口市长青路14号",True,,,,,,,,,,,"{'rankingId': 'legacy-shanghairanking-bcur', 'edition': '2026', 'sortValue': 541.0, 'label': '2026软科分类标签 医47', 'sourceUrl': 'https://www.shanghairanking.cn/rankings/bcur/2026', 'legacy': True}",{},0,,0,
4113010093,承德医学院,河北省,承德市,,河北省,承德市,本科,医42,471,[],False,教育部2026名录（CSV镜像）,,600,https://www.cdmc.edu.cn/,河北省承德市双桥区安远路,True,,,,,,,,,,,"{'rankingId': 'legacy-shanghairanking-bcur', 'edition': '2026', 'sortValue': 471.0, 'label': '2026软科分类标签 医42', 'sourceUrl': 'https://www.shanghairanking.cn/rankings/bcur/2026', 'legacy': True}",{},0,,0,
4113010094,河北师范大学,河北省,石家庄市,,河北省,石家庄市,本科,177,244,[],False,教育部2026名录（CSV镜像）,,595,https://www.hebtu.edu.cn/,"裕华校区：河北省石家庄市南二环东路20号,红旗校区：河北省石家庄市红旗大街469号",True,,,,,,,,,,,"{'rankingId': 'legacy-shanghairanking-bcur', 'edition': '2026', 'sortValue': 244.0, 'label': '2026软科主榜 177', 'sourceUrl': 'https://www.shanghairanking.cn/rankings/bcur/2026', 'legacy': True}",{},0,,0,
4113010096,保定学院,河北省,保定市,,河北省,保定市,本科,500+,710,[],False,教育部2026名录（CSV镜像）,,650,https://www.bdu.edu.cn,河北省保定市莲池区七一东路3027号,True,,,,,,,,,,,"{'rankingId': 'legacy-shanghairanking-bcur', 'edition': '2026', 'sortValue': 710.0, 'label': '2026软科分类标签 500+', 'sourceUrl': 'https://www.shanghairanking.cn/rankings/bcur/2026', 'legacy': True}",{},0,,0,
4113010098,河北民族师范学院,河北省,承德市,,河北省,承德市,本科,483,687,[],False,教育部2026名录（CSV镜像）,,691,https://www.hbun.edu.cn/,河北省承德市高新技术产业开发区学院路西2号,True,,,,,,,,,,,"{'rankingId': 'legacy-shanghairanking-bcur', 'edition': '2026', 'sortValue': 687.0, 'label': '2026软科主榜 483', 'sourceUrl': 'https://www.shanghairanking.cn/rankings/bcur/2026', 'legacy': True}",{},0,,0,
4113010099,唐山师范学院,河北省,唐山市,,河北省,唐山市,本科,438,638,[],False,教育部2026名录（CSV镜像）,,624,https://www.tstc.edu.cn/,"大学道校区：河北省唐山市建设北路156号,学院路校区：河北省唐山市学院路41号",True,,,,,,,,,,,"{'rankingId': 'legacy-shanghairanking-bcur', 'edition': '2026', 'sortValue': 638.0, 'label': '2026软科主榜 438', 'sourceUrl': 'https://www.shanghairanking.cn/rankings/bcur/2026', 'legacy': True}",{},0,,0,
4113010100,廊坊师范学院,河北省,廊坊市,,河北省,廊坊市,本科,466,670,[],False,教育部2026名录（CSV镜像）,,625,https://www.lfnu.edu.cn,"廊坊校区：河北省廊坊市爱民西道100号,空港校区：河北省廊坊市固安县新中东街998号",True,,,,,,,,,,,"{'rankingId': 'legacy-shanghairanking-bcur', 'edition': '2026', 'sortValue': 670.0, 'label': '2026软科主榜 466', 'sourceUrl': 'https://www.shanghairanking.cn/rankings/bcur/2026', 'legacy': True}",{},0,,0,
4113010101,衡水学院,河北省,衡水市,,河北省,衡水市,本科,500+,744,[],False,教育部2026名录（CSV镜像）,,627,https://www.hsnc.edu.cn/,"校本部：河北省衡水市和平西路1088号,滨湖校区：衡水市滨湖新区龙腾路1999号",True,,,,,,,,,,,"{'rankingId': 'legacy-shanghairanking-bcur', 'edition': '2026', 'sortValue': 744.0, 'label': '2026软科分类标签 500+', 'sourceUrl': 'https://www.shanghairanking.cn/rankings/bcur/2026', 'legacy': True}",{},0,,0,
4113010102,石家庄学院,河北省,石家庄市,,河北省,石家庄市,本科,429,627,[],False,教育部2026名录（CSV镜像）,,628,https://www.sjzc.edu.cn/,"南校区：河北省石家庄市高新技术产业开发区珠峰大街288号,北校区：河北省石家庄市高新技术产业开发区长江大道6号",True,,,,,,,,,,,"{'rankingId': 'legacy-shanghairanking-bcur', 'edition': '2026', 'sortValue': 627.0, 'label': '2026软科主榜 429', 'sourceUrl': 'https://www.shanghairanking.cn/rankings/bcur/2026', 'legacy': True}",{},0,,0,
4113010103,邯郸学院,河北省,邯郸市,,河北省,邯郸市,本科,500+,733,[],False,教育部2026名录（CSV镜像）,,629,https://www.hdc.edu.cn/,"邯郸学院本部：河北省邯郸学河北省邯郸市邯山区学院北路530号,大名分院：河北省邯郸市大名县京府大街43号",True,,,,,,,,,,,"{'rankingId': 'legacy-shanghairanking-bcur', 'edition': '2026', 'sortValue': 733.0, 'label': '2026软科分类标签 500+', 'sourceUrl': 'https://www.shanghairanking.cn/rankings/bcur/2026', 'legacy': True}",{},0,,0,
4113010104,邢台学院,河北省,邢台市,,河北省,邢台市,本科,500+,781,[],False,教育部2026名录（CSV镜像）,,609,http://www.xttc.edu.cn/,"主校区：河北省邢台市桥东区泉北东大街88号,机电工程学院校区：河北省邢台市桥西区泉北西大街1169号",True,,,,,,,,,,,"{'rankingId': 'legacy-shanghairanking-bcur', 'edition': '2026', 'sortValue': 781.0, 'label': '2026软科分类标签 500+', 'sourceUrl': 'https://www.shanghairanking.cn/rankings/bcur/2026', 'legacy': True}",{},0,,0,
4113010105,沧州师范学院,河北省,沧州市,,河北省,沧州市,本科,500+,714,[],False,教育部2026名录（CSV镜像）,,651,https://www.caztc.edu.cn,河北省沧州市运河区国风南大道16号,True,,,,,,,,,,,"{'rankingId': 'legacy-shanghairanking-bcur', 'edition': '2026', 'sortValue': 714.0, 'label': '2026软科分类标签 500+', 'sourceUrl': 'https://www.shanghairanking.cn/rankings/bcur/2026', 'legacy': True}",{},0,,0,
4113010107,石家庄铁道大学,河北省,石家庄市,,河北省,石家庄市,本科,231,324,[],False,教育部2026名录（CSV镜像）,,607,https://www.stdu.edu.cn/,"本校区：河北省石家庄市长安区北二环东路17号,龙山校区：河北省石家庄市元氏县姬村镇龙山路10号",True,,,,,,,,,,,"{'rankingId': 'legacy-shanghairanking-bcur', 'edition': '2026', 'sortValue': 324.0, 'label': '2026软科主榜 231', 'sourceUrl': 'https://www.shanghairanking.cn/rankings/bcur/2026', 'legacy': True}",{},0,,0,
4113010216,燕山大学,河北省,秦皇岛市,,河北省,秦皇岛市,本科,109,143,[],False,教育部2026名录（CSV镜像）,,599,https://www.ysu.edu.cn/,河北省秦皇岛市海港区河北大街438号,True,,,,,,,,,,,"{'rankingId': 'legacy-shanghairanking-bcur', 'edition': '2026', 'sortValue': 143.0, 'label': '2026软科主榜 109', 'sourceUrl': 'https://www.shanghairanking.cn/rankings/bcur/2026', 'legacy': True}",{},0,,0,
4113010798,河北科技师范学院,河北省,秦皇岛市,,河北省,秦皇岛市,本科,404,595,[],False,教育部2026名录（CSV镜像）,,1258,https://www.hevttc.edu.cn/,"秦皇岛校区：河北省秦皇岛市海港区河北大街西段360号,昌黎校区：河北省秦皇岛市昌黎县城关镇四街河东113号,开发区校区：河北省秦皇岛经济技术开发区秦皇西大街106号",True,,,,,,,,,,,"{'rankingId': 'legacy-shanghairanking-bcur', 'edition': '2026', 'sortValue': 595.0, 'label': '2026软科主榜 404', 'sourceUrl': 'https://www.shanghairanking.cn/rankings/bcur/2026', 'legacy': True}",{},0,,0,
4113011033,唐山学院,河北省,唐山市,,河北省,唐山市,本科,500+,777,[],False,教育部2026名录（CSV镜像）,,608,https://www.tsc.edu.cn,"大学西道校区：河北省唐山市路北区果园乡大学西道11号,华岩北路：河北省唐山市路北区华岩北路38号,河北路：河北省唐山市路北区河北路17号,龙泽路校区：河北省唐山市路北区龙泽南路51-1号",True,,,,,,,,,,,"{'rankingId': 'legacy-shanghairanking-bcur', 'edition': '2026', 'sortValue': 777.0, 'label': '2026软科分类标签 500+', 'sourceUrl': 'https://www.shanghairanking.cn/rankings/bcur/2026', 'legacy': True}",{},0,,0,
4113011104,应急管理大学,河北省,廊坊市,,河北省,廊坊市,本科,,999999,[],False,教育部2026名录（CSV镜像）,,604,https://www.ncist.edu.cn/index.htm,河北廊坊三河燕郊开发区学院大街467号,True,,,,,,,,,,,,{},0,,0,
4113011105,中国人民警察大学,河北省,廊坊市,,河北省,廊坊市,本科,政8,378,[],False,教育部2026名录（CSV镜像）,,610,https://www.cppu.edu.cn/,"廊坊校区：河北省廊坊市安次区西昌路220号,广州校区：广东省广州市天河区奥体南路399号",True,,,,,,,,,,,"{'rankingId': 'legacy-shanghairanking-bcur', 'edition': '2026', 'sortValue': 378.0, 'label': '2026软科分类标签 政8', 'sourceUrl': 'https://www.shanghairanking.cn/rankings/bcur/2026', 'legacy': True}",{},0,,0,
4113011236,河北体育学院,河北省,石家庄市,,河北省,石家庄市,本科,体13+,814,[],False,教育部2026名录（CSV镜像）,,626,https://www.hepec.edu.cn/,"校本部：河北省石家庄市学府路82号,正定新区校区：河北省石家庄正定新区恒阳路61号",True,,,,,,,,,,,"{'rankingId': 'legacy-shanghairanking-bcur', 'edition': '2026', 'sortValue': 814.0, 'label': '2026软科分类标签 体13+', 'sourceUrl': 'https://www.shanghairanking.cn/rankings/bcur/2026', 'legacy': True}",{},0,,0,
4113011420,河北金融学院,河北省,保定市,,河北省,保定市,本科,财44,602,[],False,教育部2026名录（CSV镜像）,,692,https://www.hbfu.edu.cn/,河北省保定市莲池区韩庄乡恒祥北大街3188号,True,,,,,,,,,,,"{'rankingId': 'legacy-shanghairanking-bcur', 'edition': '2026', 'sortValue': 602.0, 'label': '2026软科分类标签 财44', 'sourceUrl': 'https://www.shanghairanking.cn/rankings/bcur/2026', 'legacy': True}",{},0,,0,
4113011629,北华航天工业学院,河北省,廊坊市,,河北省,廊坊市,本科,385,571,[],False,教育部2026名录（CSV镜像）,,687,https://www.nciae.edu.cn/,"廊坊校区：河北省廊坊市爱民东道133号,固安校区：河北省廊坊市固安高新技术产业开发区航天大道7号",True,,,,,,,,,,,"{'rankingId': 'legacy-shanghairanking-bcur', 'edition': '2026', 'sortValue': 571.0, 'label': '2026软科主榜 385', 'sourceUrl': 'https://www.shanghairanking.cn/rankings/bcur/2026', 'legacy': True}",{},0,,0,
4113011832,河北经贸大学,河北省,石家庄市,,河北省,石家庄市,本科,财23,357,[],False,教育部2026名录（CSV镜像）,,56,https://www.hueb.edu.cn/,"北校区：河北省石家庄市学府路47号,南校区：河北省石家庄市桥西区新石南路238-1号,西校区：河北省石家庄市桥西区红旗大街262号",True,,,,,,,,,,,"{'rankingId': 'legacy-shanghairanking-bcur', 'edition': '2026', 'sortValue': 357.0, 'label': '2026软科分类标签 财23', 'sourceUrl': 'https://www.shanghairanking.cn/rankings/bcur/2026', 'legacy': True}",{},0,,0,
4113011903,中央司法警官学院,河北省,保定市,,河北省,保定市,本科,政15,501,[],False,教育部2026名录（CSV镜像）,,611,https://www.cicp.edu.cn/,河北保定市莲池区中华路街道七一中路103号,True,,,,,,,,,,,"{'rankingId': 'legacy-shanghairanking-bcur', 'edition': '2026', 'sortValue': 501.0, 'label': '2026软科分类标签 政15', 'sourceUrl': 'https://www.shanghairanking.cn/rankings/bcur/2026', 'legacy': True}",{},0,,0,
4113012784,河北传媒学院,河北省,石家庄市,,河北省,石家庄市,本科,,999999,[],True,教育部2026名录（CSV镜像）,民办,1387,https://www.hebic.cn/,"兴安校区：河北省石家庄市栾城区兴安大街109号,警安校区：河北省石家庄市新华区警安路8号,鹿泉校区：河北省石家庄市鹿泉区双同路8号",True,,,,,,,,,,,,{},0,,0,
4113012796,河北工程技术学院,河北省,石家庄市,,河北省,石家庄市,本科,100+,1021,[],True,教育部2026名录（CSV镜像）,民办,721,https://www.hebuet.edu.cn/,"校本部：河北省石家庄市桥西区汇安路39号,灵寿校区：河北省石家庄市灵寿县工业路99号,赞皇校区：河北省石家庄市赞皇县京赞公路（南徐乐段）路西",True,,,,,,,,,,,"{'rankingId': 'legacy-shanghairanking-bcur', 'edition': '2026', 'sortValue': 1021.0, 'label': '2026软科分类标签 100+', 'sourceUrl': 'https://www.shanghairanking.cn/rankings/bcur/2026', 'legacy': True}",{},0,,0,
4113013075,河北美术学院,河北省,石家庄市,,河北省,石家庄市,本科,,999999,[],True,教育部2026名录（CSV镜像）,民办,659,https://www.hbafa.edu.cn/,河北省石家庄市新乐市长寿街道长杨路,True,,,,,,,,,,,,{},0,,0,
4113013391,河北科技学院,河北省,保定市,,河北省,保定市,本科,100+,1022,[],True,教育部2026名录（CSV镜像）,民办,2841,https://www.hbkjxy.edu.cn/,唐山市曹妃甸区新城东海路209号,True,,,,,,,,,,,"{'rankingId': 'legacy-shanghairanking-bcur', 'edition': '2026', 'sortValue': 1022.0, 'label': '2026软科分类标签 100+', 'sourceUrl': 'https://www.shanghairanking.cn/rankings/bcur/2026', 'legacy': True}",{},0,,0,
4113013402,河北外国语学院,河北省,石家庄市,,河北省,石家庄市,本科,语5+,1085,[],True,教育部2026名录（CSV镜像）,民办,748,https://www.hisu.edu.cn/,河北省石家庄市元氏县红旗北大街1218号,True,,,,,,,,,,,"{'rankingId': 'legacy-shanghairanking-bcur', 'edition': '2026', 'sortValue': 1085.0, 'label': '2026软科分类标签 语5+', 'sourceUrl': 'https://www.shanghairanking.cn/rankings/bcur/2026', 'legacy': True}",{},0,,0,
4113013404,河北大学工商学院,河北省,保定市,,河北省,保定市,本科,,999999,[],True,教育部2026名录（CSV镜像）,民办,,,,False,terminating,已停止招生 / 终止办学程序,2020,https://www.thepaper.cn/newsDetail_forward_11090362,教育部教发函〔2021〕16号：自2020年起停止招生，以终止办学、逐步回归举办高校方式实现转设。,,,,,,,{},0,,0,
4113013408,华北理工大学轻工学院,河北省,唐山市,,河北省,唐山市,本科,,999999,[],True,教育部2026名录（CSV镜像）,民办,2833,https://www.qgxy.cn/,"丰润校区：河北省唐山市丰润区南环东道99号,路南校区：河北省唐山市路南区稻地镇,北校区：河北省唐山市路北区高新技术产业园区大学西道11号",True,,,,,,,,,,,,{},0,,0,
4113016204,河北工业职业技术大学,河北省,石家庄市,,河北省,石家庄市,本科,,999999,[],False,教育部2026名录（CSV镜像）,,698,https://www.hbcit.edu.cn/,"红旗校区：河北省石家庄市桥西区红旗大街626号,新石校区：河北省石家庄市桥西区红旗大街333号,西柏坡校区：河北省石家庄市平山县东回舍镇,宣钢分院：河北省张家口市宣化区清远路149号",True,,,,,,,,,,,,{},0,,0,
4113013411,河北师范大学汇华学院,河北省,石家庄市,,河北省,石家庄市,本科,,999999,[],True,教育部2026名录（CSV镜像）,民办,1408,https://huihua.hebtu.edu.cn/,河北省石家庄市红旗大街469号,True,,,,,,,,,,,,{},0,,0,
4113013414,河北经贸大学经济管理学院,河北省,石家庄市,,河北省,石家庄市,本科,,999999,[],True,教育部2026名录（CSV镜像）,民办,1577,https://jgxy.hueb.edu.cn/,河北省石家庄市红旗大街428号,True,,,,,,,,,,,,{},0,,0,
4113013415,河北医科大学临床学院,河北省,石家庄市,,河北省,石家庄市,本科,,999999,[],True,教育部2026名录（CSV镜像）,民办,1576,https://lcxy.hebmu.edu.cn/,河北省石家庄市建华南大街309号,True,,,,,,,,,,,,{},0,,0,
4113016203,河北科技工程职业技术大学,河北省,邢台市,,河北省,邢台市,本科,,999999,[],False,教育部2026名录（CSV镜像）,,697,http://www.hevute.edu.cn/,河北省邢台市信都区泉南西大街473号,True,,,,,,,,,,,,{},0,,0,
4113013578,河北工程大学科信学院,河北省,邯郸市,,河北省,邯郸市,本科,,999999,[],True,教育部2026名录（CSV镜像）,民办,1586,https://kexin.hebeu.edu.cn/,河北省邯郸市光明南大街199号,True,,,,,,,,,,,,{},0,,0,
4113016202,河北石油职业技术大学,河北省,承德市,,河北省,承德市,本科,,999999,[],False,教育部2026名录（CSV镜像）,,689,https://www.hebpu.edu.cn/,河北省承德市高新技术产业开发区学院路2号,True,,,,,,,,,,,,{},0,,0,
4113013592,燕山大学里仁学院,河北省,秦皇岛市,,河北省,秦皇岛市,本科,,999999,[],True,教育部2026名录（CSV镜像）,民办,1585,https://stc.ysu.edu.cn/,河北省秦皇岛市河北大街438号,True,,,,,,,,,,,,{},0,,0,
4113013593,石家庄铁道大学四方学院,河北省,石家庄市,,河北省,石家庄市,本科,,999999,[],True,教育部2026名录（CSV镜像）,民办,1578,https://www.stdusfc.edu.cn/,"南校区：河北省石家庄市元氏县装院路甲一号,西校区：河北省石家庄市中山路西北方大学园",True,,,,,,,,,,,,{},0,,0,
4113013594,河北地质大学华信学院,河北省,石家庄市,,河北省,石家庄市,本科,,999999,[],True,教育部2026名录（CSV镜像）,民办,1402,http://www.hguhx.edu.cn/,"校本部：河北省石家庄市新乐市空港工业园区无繁路69号,小安舍校区：河北省石家庄市新华区景源街26号",True,,,,,,,,,,,,{},0,,0,
4113013595,河北农业大学现代科技学院,河北省,保定市,,河北省,保定市,本科,,999999,[],True,教育部2026名录（CSV镜像）,民办,1581,https://xianke.hebau.edu.cn/,河北省沧州市中捷产业园区渤海路1号,True,,,,,,,,,,,,{},0,,0,
4113013596,华北理工大学冀唐学院,河北省,唐山市,,河北省,唐山市,本科,,999999,[],True,教育部2026名录（CSV镜像）,民办,2847,https://jtxy.ncst.edu.cn/,河北省唐山市曹妃甸新城渤海大道21号,True,,,,,,,,,,,,{},0,,0,
4113013891,保定理工学院,河北省,保定市,,河北省,保定市,本科,100+,1001,[],True,教育部2026名录（CSV镜像）,民办,1167,https://www.cuggw.com/,河北省保定市南二环路1689号,True,,,,,,,,,,,"{'rankingId': 'legacy-shanghairanking-bcur', 'edition': '2026', 'sortValue': 1001.0, 'label': '2026软科分类标签 100+', 'sourceUrl': 'https://www.shanghairanking.cn/rankings/bcur/2026', 'legacy': True}",{},0,,0,
4113013895,燕京理工学院,河北省,廊坊市,,河北省,廊坊市,本科,21,896,[],True,教育部2026名录（CSV镜像）,民办,1398,https://www.yit.edu.cn/,河北省廊坊市三河市燕郊经济开发区迎宾路808号,True,,,,,,,,,,,"{'rankingId': 'legacy-shanghairanking-bcur', 'edition': '2026', 'sortValue': 896.0, 'label': '2026软科主榜 21', 'sourceUrl': 'https://www.shanghairanking.cn/rankings/bcur/2026', 'legacy': True}",{},0,,0,
4113013899,北京中医药大学东方学院,河北省,廊坊市,,河北省,廊坊市,本科,,999999,[],True,教育部2026名录（CSV镜像）,民办,1401,https://www.bucmdf.edu.cn/,"廊坊校区：河北省廊坊市东方大学城教学南区,渤海校区：河北省沧州市渤海新区中捷产业园区渤海3号路东段",True,,,,,,,,,,,,{},0,,0,
4113014202,沧州交通学院,河北省,沧州市,,河北省,沧州市,本科,53,935,[],True,教育部2026名录（CSV镜像）,民办,1461,https://www.czjtu.edu.cn/,河北省黄骅市学院路2009号,True,,,,,,,,,,,"{'rankingId': 'legacy-shanghairanking-bcur', 'edition': '2026', 'sortValue': 935.0, 'label': '2026软科主榜 53', 'sourceUrl': 'https://www.shanghairanking.cn/rankings/bcur/2026', 'legacy': True}",{},0,,0,
4113014225,河北东方学院,河北省,廊坊市,,河北省,廊坊市,本科,100+,1020,[],True,教育部2026名录（CSV镜像）,民办,1539,https://www.hbdfxy.cn/,"主校区：河北省廊坊市开发区东方大学城一期圣陶路,医学院校区：河北省廊坊市开发区东方大学城二期白居易道,文物与艺术学院校区：河北省廊坊市开发区东方大学城一期圣陶路东",True,,,,,,,,,,,"{'rankingId': 'legacy-shanghairanking-bcur', 'edition': '2026', 'sortValue': 1020.0, 'label': '2026软科分类标签 100+', 'sourceUrl': 'https://www.shanghairanking.cn/rankings/bcur/2026', 'legacy': True}",{},0,,0,
4113014432,河北中医药大学,河北省,石家庄市,,河北省,石家庄市,本科,中医20,360,[],False,教育部2026名录（CSV镜像）,,3055,https://www.hebcm.edu.cn,"杏苑校区：河北省石家庄市鹿泉区杏苑路3号,橘泉校区：河北省石家庄市桥西区新石南路326号,祁州校区：河北省保定市安国市保衡南大街99号,东垣校区：河北省石家庄市长安区中山东路389号",True,,,,,,,,,,,"{'rankingId': 'legacy-shanghairanking-bcur', 'edition': '2026', 'sortValue': 360.0, 'label': '2026软科分类标签 中医20', 'sourceUrl': 'https://www.shanghairanking.cn/rankings/bcur/2026', 'legacy': True}",{},0,,0,
4113014458,张家口学院,河北省,张家口市,,河北省,张家口市,本科,500+,792,[],False,教育部2026名录（CSV镜像）,,2902,https://www.zjku.edu.cn/,"平门校区：河北省张家口市桥西区平门大街副19号,明湖校区：河北省张家口市经开区洋河新区景观大道北侧",True,,,,,,,,,,,"{'rankingId': 'legacy-shanghairanking-bcur', 'edition': '2026', 'sortValue': 792.0, 'label': '2026软科分类标签 500+', 'sourceUrl': 'https://www.shanghairanking.cn/rankings/bcur/2026', 'legacy': True}",{},0,,0,
4213051721,河北环境工程学院,河北省,秦皇岛市,,河北省,秦皇岛市,本科,500+,735,[],False,教育部2026名录（CSV镜像）,,2855,https://www.hebuee.edu.cn/,河北省秦皇岛市北戴河区金港大道8号,True,,,,,,,,,,,"{'rankingId': 'legacy-shanghairanking-bcur', 'edition': '2026', 'sortValue': 735.0, 'label': '2026软科分类标签 500+', 'sourceUrl': 'https://www.shanghairanking.cn/rankings/bcur/2026', 'legacy': True}",{},0,,0,
4113012787,唐山工业职业技术大学,河北省,唐山市,,河北省,唐山市,本科,,999999,[],False,教育部2026名录（CSV镜像）,,720,https://www.tsgzy.edu.cn/,河北省唐山市曹妃甸区曹妃甸新城渤海大道25号,True,,,,,,,,,,,,{},0,,0,
4113012884,邢台医学院,河北省,邢台市,,河北省,邢台市,本科,,999999,[],False,教育部2026名录（CSV镜像）,,690,https://www.xtmc.edu.cn,"钢铁路校区：河北省邢台市信都区钢铁北路618号,皇寺校区：邢台市信都区邢昔路9号",True,,,,,,,,,,,,{},0,,0,
4113011034,邯郸职业技术学院,河北省,邯郸市,,河北省,邯郸市,专科,,999999,[],False,教育部2026名录（CSV镜像）,,704,https://www.hd-u.com/,中国河北省邯郸市渚河路141号,True,,,,,,,,,,,,{},0,,0,
4113011238,石家庄职业技术学院,河北省,石家庄市,,河北省,石家庄市,专科,,999999,[],False,教育部2026名录（CSV镜像）,,701,https://www.sjzpt.edu.cn/,"校本部：河北省石家庄市桥西区中山西路长兴街12号,正定校区：河北省石家庄市正定新区天宁路226号、227号",True,,,,,,,,,,,,{},0,,0,
4113011423,张家口职业技术学院,河北省,张家口市,,河北省,张家口市,专科,,999999,[],False,教育部2026名录（CSV镜像）,,696,https://www.zjkptc.edu.cn/,"主校区：河北省张家口市经开区胜利南路50号,新校区：河北省张家口市桥东区站前西大街27号",True,,,,,,,,,,,,{},0,,0,
4113012352,河北软件职业技术学院,河北省,保定市,,河北省,保定市,专科,,999999,[],False,教育部2026名录（CSV镜像）,,717,https://www.hbsi.edu.cn/,"校本部：河北省保定市东风东路999号,阜平校区：河北省保定市阜平县阜东经济开发区",True,,,,,,,,,,,,{},0,,0,
4113012367,河北石油职业技术学院,河北省,廊坊市,,河北省,廊坊市,专科,,999999,[],False,教育部2026名录（CSV镜像）,,,,,True,,,,,,,,,,,,{},0,,0,
4113012389,河北建材职业技术学院,河北省,秦皇岛市,,河北省,秦皇岛市,专科,,999999,[],False,教育部2026名录（CSV镜像）,,756,https://www.hbjcxy.edu.cn/,"校本部：河北省秦皇岛市海港区文育路8号,北校区：河北省秦皇岛市海港区河北大街西段512号",True,,,,,,,,,,,,{},0,,0,
4113012408,河北政法职业学院,河北省,石家庄市,,河北省,石家庄市,专科,,999999,[],False,教育部2026名录（CSV镜像）,,757,http://www.helc.edu.cn/,"校本部：河北省石家庄市新华区友谊北大街569号,五七路校区（老校区）：河北省学府支路（原五七路）21号,学府校区：河北省石家庄市新华区学府路77号,滨河校区：河北省石家庄市桥西区滨河街1号",True,,,,,,,,,,,,{},0,,0,
4113012415,沧州职业技术学院,河北省,沧州市,,河北省,沧州市,专科,,999999,[],False,教育部2026名录（CSV镜像）,,700,https://www.czvtc.cn,"主校区：河北省沧州市运河区九河西路29号,渤海校区：河北省沧州渤海新区中捷产业园区文汇路,孟村学院：河北省孟村回族自治县民族大街128号,河间学院：河北省河间市京开北路",True,,,,,,,,,,,,{},0,,0,
4113012418,河北能源职业技术学院,河北省,唐山市,,河北省,唐山市,专科,,999999,[],False,教育部2026名录（CSV镜像）,,695,http://www.hbnyxy.cn/,河北省唐山市路北区北新西道88号,True,,,,,,,,,,,,{},0,,0,
4113012424,石家庄铁路职业技术学院,河北省,石家庄市,,河北省,石家庄市,专科,,999999,[],False,教育部2026名录（CSV镜像）,,702,http://www.sirt.edu.cn/,"长安校区：河北省石家庄市四水厂路18号,松阳校区：河北省石家庄市灵寿县西外环北路2号",True,,,,,,,,,,,,{},0,,0,
4113012543,保定职业技术学院,河北省,保定市,,河北省,保定市,专科,,999999,[],False,教育部2026名录（CSV镜像）,,703,https://www.bvtc.com.cn/,"校本部：河北省保定市竞秀区朝阳南大街613号,东校区：河北省保定市莲池区五四东路398号,北校区：河北省保定市莲池区长城北大街784号",True,,,,,,,,,,,,{},0,,0,
4113012773,秦皇岛职业技术学院,河北省,秦皇岛市,,河北省,秦皇岛市,专科,,999999,[],False,教育部2026名录（CSV镜像）,,718,https://www.qvc.edu.cn/,河北省秦皇岛市北戴河区海滨联峰北路90号,True,,,,,,,,,,,,{},0,,0,
4113012782,石家庄工程职业学院,河北省,石家庄市,,河北省,石家庄市,专科,,999999,[],True,教育部2026名录（CSV镜像）,民办,750,https://www.sjzevc.com/index/,"学府路校区：河北省石家庄市新华区学府路169号,行唐校区：河北省石家庄市行唐县口头镇北城仔村,灵寿校区：河北省石家庄市灵寿县县城西侧",True,,,,,,,,,,,,{},0,,0,
4113012783,石家庄城市经济职业学院,河北省,石家庄市,,河北省,石家庄市,专科,,999999,[],True,教育部2026名录（CSV镜像）,民办,3332,https://www.sjzcsjjxy.com/,"主校区：河北省石家庄市经济技术开发区岗上镇文明路12号,东校区：河北省石家庄市经济技术开发区（东区）鼎盛街3号",True,,,,,,,,,,,,{},0,,0,
4113012785,唐山职业技术学院,河北省,唐山市,,河北省,唐山市,专科,,999999,[],False,教育部2026名录（CSV镜像）,,727,https://www.tsvtc.edu.cn/,"南湖校区：河北省唐山市丰南区正泰街29号,韩城校区：河北省唐山市路北区韩城,新华道校区：河北省唐山市路北区新华西道120号",True,,,,,,,,,,,,{},0,,0,
4113012786,衡水职业技术学院,河北省,衡水市,,河北省,衡水市,专科,,999999,[],False,教育部2026名录（CSV镜像）,,722,https://www.hsvtc.cn,"主校区：河北省衡水市桃城区红旗大街2373号,安平学院：河北省衡水市安平县教育园区英才街8号,深州学院：河北省衡水市深州市恒信西路99号,武邑校区：河北省衡水市武邑县河钢路西段99号",True,,,,,,,,,,,,{},0,,0,
4113012885,河北艺术职业学院,河北省,石家庄市,,河北省,石家庄市,专科,,999999,[],False,教育部2026名录（CSV镜像）,,724,https://www.hebart.com,"校本部：河北省石家庄市长安区青园街149号,东校区：河北省石家庄市裕华区开发区漓江道346号",True,,,,,,,,,,,,{},0,,0,
4113012887,河北旅游职业学院,河北省,承德市,,河北省,承德市,专科,,999999,[],False,教育部2026名录（CSV镜像）,,726,https://www.hbly.edu.cn/,河北省承德市高新技术产业开发区,True,,,,,,,,,,,,{},0,,0,
4113013070,石家庄财经职业学院,河北省,石家庄市,,河北省,石家庄市,专科,,999999,[],True,教育部2026名录（CSV镜像）,民办,754,https://www.hebcj.cn,"卧龙校区：河北省石家庄市鹿泉区卧龙路99号,学府校区：河北省石家庄市新华区学府路236号",True,,,,,,,,,,,,{},0,,0,
4113013071,河北交通职业技术学院,河北省,石家庄市,,河北省,石家庄市,专科,,999999,[],False,教育部2026名录（CSV镜像）,,729,https://www.hebjtxy.cn/zh,"主校区：石家庄市高新区槐安东路339号,航海分院：天津市河西区黑牛城道纪庄子南里2号,西校区：河北省石家庄市桥西区友谊南大街258号",True,,,,,,,,,,,,{},0,,0,
4113013072,河北化工医药职业技术学院,河北省,石家庄市,,河北省,石家庄市,专科,,999999,[],False,教育部2026名录（CSV镜像）,,693,https://www.hebcpc.cn,河北省石家庄市裕华区方兴路88号,True,,,,,,,,,,,,{},0,,0,
4113013073,石家庄信息工程职业学院,河北省,石家庄市,,河北省,石家庄市,专科,,999999,[],False,教育部2026名录（CSV镜像）,,753,https://www.sjziei.edu.cn,"东校区：河北省石家庄市藁城区天祥大街81号,西校区：河北省石家庄市藁城区天祥大街82号",True,,,,,,,,,,,,{},0,,0,
4113013074,河北对外经贸职业学院,河北省,秦皇岛市,,河北省,秦皇岛市,专科,,999999,[],False,教育部2026名录（CSV镜像）,,2305,https://www.hbiibe.edu.cn,河北省秦皇岛市北戴河新区戴河大街6号,True,,,,,,,,,,,,{},0,,0,
4113013392,保定电力职业技术学院,河北省,保定市,,河北省,保定市,专科,,999999,[],False,教育部2026名录（CSV镜像）,,660,http://www.bddy.cn,河北保定市竞秀区建南街道乐凯南大街1278号,True,,,,,,,,,,,,{},0,,0,
4113013393,河北机电职业技术学院,河北省,邢台市,,河北省,邢台市,专科,,999999,[],False,教育部2026名录（CSV镜像）,,731,https://www.hbjd.edu.cn/,河北省邢台市信都区南大郭镇泉北西大街1169号,True,,,,,,,,,,,,{},0,,0,
4113013394,渤海石油职业学院,河北省,沧州市,,河北省,沧州市,专科,,999999,[],False,教育部2026名录（CSV镜像）,,,,,True,,,,,,,,,,,,{},0,,0,
4113013395,廊坊职业技术学院,河北省,廊坊市,,河北省,廊坊市,专科,,999999,[],False,教育部2026名录（CSV镜像）,,730,https://www.lfzj.edu.cn/,"大学城校区：河北省廊坊市开发区东方大学城二期,西校区：河北省廊坊市爱民西道42号,北校区：河北省廊坊市新源道2号",True,,,,,,,,,,,,{},0,,0,
4113013396,唐山科技职业技术学院,河北省,唐山市,,河北省,唐山市,专科,,999999,[],False,教育部2026名录（CSV镜像）,,744,https://www.tskjzy.edu.cn/,河北省唐山市路南区警钢路68号,True,,,,,,,,,,,,{},0,,0,
4113013397,石家庄邮电职业技术学院,河北省,石家庄市,,河北省,石家庄市,专科,,999999,[],False,教育部2026名录（CSV镜像）,,746,https://www.sjzpc.edu.cn/,"西校区：河北省石家庄市体育南大街318号,东校区：河北省石家庄市翟营南大街51号",True,,,,,,,,,,,,{},0,,0,
4113013398,河北公安警察职业学院,河北省,石家庄市,,河北省,石家庄市,专科,,999999,[],False,教育部2026名录（CSV镜像）,,747,https://www.hebsjy.edu.cn/,河北省石家庄市栾城区太行大街899号,True,,,,,,,,,,,,{},0,,0,
4113013399,石家庄工商职业学院,河北省,石家庄市,,河北省,石家庄市,专科,,999999,[],True,教育部2026名录（CSV镜像）,民办,751,http://www.sjzgsxy.com/,"滨河校区：河北省石家庄市桥西区滨河街3号,南山校区：河北省石家庄市鹿泉区山前大道555号,望山校区：河北省石家庄市鹿泉区望山路12号",True,,,,,,,,,,,,{},0,,0,
4113013400,石家庄理工职业学院,河北省,石家庄市,,河北省,石家庄市,专科,,999999,[],True,教育部2026名录（CSV镜像）,民办,2311,https://www.sjzlg.com/,"鹿泉校区：河北省石家庄市中山西路石柏南大街178号,高邑校区：河北省石家庄高邑县万城镇将军街16号",True,,,,,,,,,,,,{},0,,0,
4113013403,石家庄科技信息职业学院,河北省,石家庄市,,河北省,石家庄市,专科,,999999,[],True,教育部2026名录（CSV镜像）,民办,728,https://www.hebkx.cn,"石家庄校区：河北省石家庄市桥西区红旗大街南端汇学路2号,灵寿校区： 石家庄灵寿经济开发区人民东路",True,,,,,,,,,,,,{},0,,0,
4113013690,河北司法警官职业学院,河北省,邯郸市,,河北省,邯郸市,专科,,999999,[],False,教育部2026名录（CSV镜像）,,725,https://www.jjgxy.com.cn,"校本部：河北省邯郸市丛台区中华北大街515号,石家庄校区：河北省石家庄市桥西区工农路587号",True,,,,,,,,,,,,{},0,,0,
4113013779,沧州医学高等专科学校,河北省,沧州市,,河北省,沧州市,专科,,999999,[],False,教育部2026名录（CSV镜像）,,652,http://www.czmc.cn,河北省沧州市运河区九河西路39号,True,,,,,,,,,,,,{},0,,0,
4113013822,河北女子职业技术学院,河北省,石家庄市,,河北省,石家庄市,专科,,999999,[],False,教育部2026名录（CSV镜像）,,658,http://www.hebnzxy.com,"主校区：河北省石家庄市桥西区汇新路45号,花都校区：河北省石家庄市桥西区红旗大街337号",True,,,,,,,,,,,,{},0,,0,
4113014018,石家庄医学高等专科学校,河北省,石家庄市,,河北省,石家庄市,专科,,999999,[],True,教育部2026名录（CSV镜像）,民办,1445,https://www.sjzmc.cn/,河北省石家庄市灵寿县同新路1号,True,,,,,,,,,,,,{},0,,0,
4113014047,石家庄经济职业学院,河北省,石家庄市,,河北省,石家庄市,专科,,999999,[],True,教育部2026名录（CSV镜像）,民办,2853,https://www.sjzjjxy.com,"高职校区：河北省石家庄市北郊107国道与常山西路交叉口47号,中职校区：河北省石家庄市桥西区三简路,滹沱河本科校区：河北省石家庄市灵寿县三圣院乡",True,,,,,,,,,,,,{},0,,0,
4113014103,冀中职业学院,河北省,保定市,,河北省,保定市,专科,,999999,[],False,教育部2026名录（CSV镜像）,,1602,https://www.jzhxy.edu.cn/,"南校区：河北省保定市定州市刀枪街3号,北校区：河北省保定市定州市北门街北口",True,,,,,,,,,,,,{},0,,0,
4113014158,石家庄人民医学高等专科学校,河北省,石家庄市,,河北省,石家庄市,专科,,999999,[],True,教育部2026名录（CSV镜像）,民办,2309,http://www.sjzpmc.com/,"南校区：石家庄市红旗大街汇丰路18号,北校区：石家庄市正定树林北路188号",True,,,,,,,,,,,,{},0,,0,
4113014185,河北正定师范高等专科学校,河北省,石家庄市,,河北省,石家庄市,专科,,999999,[],False,教育部2026名录（CSV镜像）,,2306,https://www.zdnc.edu.cn/,河北省石家庄市正定县正定镇华安西路29号,True,,,,,,,,,,,,{},0,,0,
4113014208,河北劳动关系职业学院,河北省,石家庄市,,河北省,石家庄市,专科,,999999,[],False,教育部2026名录（CSV镜像）,,1603,https://www.hbgy.edu.cn/,河北省石家庄市红旗大街南端学院路6号,True,,,,,,,,,,,,{},0,,0,
4113014213,石家庄科技职业学院,河北省,石家庄市,,河北省,石家庄市,专科,,999999,[],True,教育部2026名录（CSV镜像）,民办,2310,https://www.sjzkjxy.com/,河北省石家庄市经济技术开发区创业路23号,True,,,,,,,,,,,,{},0,,0,
4113014259,沧州幼儿师范高等专科学校,河北省,沧州市,,河北省,沧州市,专科,,999999,[],False,教育部2026名录（CSV镜像）,,2307,https://www.czptc.edu.cn/,"校本部：河北省沧州市泊头市解放西路光明街150号,沧州校区：河北省沧州市解放东路155号",True,,,,,,,,,,,,{},0,,0,
4113014260,宣化科技职业学院,河北省,张家口市,,河北省,张家口市,专科,,999999,[],False,教育部2026名录（CSV镜像）,,2308,https://www.xhkjzyxy.edu.cn/,"西校区：河北省张家口市宣化区皇城桥北77号,东校区：河北省张家口市宣化区师范街37号",True,,,,,,,,,,,,{},0,,0,
4113014280,廊坊燕京职业技术学院,河北省,廊坊市,,河北省,廊坊市,专科,,999999,[],False,教育部2026名录（CSV镜像）,,2643,https://www.lfyjzjxy.cn/,河北三河经济开发区,True,,,,,,,,,,,,{},0,,0,
4113014281,承德护理职业学院,河北省,承德市,,河北省,承德市,专科,,999999,[],False,教育部2026名录（CSV镜像）,,2642,https://www.cdnvc.edu.cn/,承德市双桥区下二道河子,True,,,,,,,,,,,,{},0,,0,
4113014328,石家庄幼儿师范高等专科学校,河北省,石家庄市,,河北省,石家庄市,专科,,999999,[],False,教育部2026名录（CSV镜像）,,2857,https://www.sjzysgz.com,河北省石家庄市鹿泉开发区御园路88号,True,,,,,,,,,,,,{},0,,0,
4113014335,廊坊卫生职业学院,河北省,廊坊市,,河北省,廊坊市,专科,,999999,[],False,教育部2026名录（CSV镜像）,,2854,https://www.lfwx.net/,河北省廊坊市经济开发区东方大学城四光路南,True,,,,,,,,,,,,{},0,,0,
4113014396,河北轨道运输职业技术学院,河北省,石家庄市,,河北省,石家庄市,专科,,999999,[],False,教育部2026名录（CSV镜像）,,2858,https://www.hbgdys.cn/,"开发区校区：河北省石家庄市经济技术开发区赣江路9号,宁安路校区：石家庄市新华区宁安路43号,阿里山校区：石家庄市经济技术开发区阿里山大街18号",True,,,,,,,,,,,,{},0,,0,
4113014460,保定幼儿师范高等专科学校,河北省,保定市,,河北省,保定市,专科,,999999,[],False,教育部2026名录（CSV镜像）,,3126,https://www.bdysgz.cn/,"涿州校区：河北省保定市涿州市光明路303号,定兴校区：河北省保定市定兴县兴华东路45号",True,,,,,,,,,,,,{},0,,0,
4113014471,河北工艺美术职业学院,河北省,保定市,,河北省,保定市,专科,,999999,[],False,教育部2026名录（CSV镜像）,,3129,https://www.hbgm.edu.cn/,"保定校区：保定市竞秀区七一中路与瑞祥街交口西北角,满城校区：河北省保定市满城区美院路1号",True,,,,,,,,,,,,{},0,,0,
4113014472,渤海理工职业学院,河北省,沧州市,,河北省,沧州市,专科,,999999,[],True,教育部2026名录（CSV镜像）,民办,3124,https://www.bhlgxy.cn/,河北省黄骅市北海路,True,,,,,,,,,,,,{},0,,0,
4113014586,唐山幼儿师范高等专科学校,河北省,唐山市,,河北省,唐山市,专科,,999999,[],False,教育部2026名录（CSV镜像）,,3334,https://www.tsyzh.edu.cn,河北省唐山市高新技术开发区京唐智慧港,True,,,,,,,,,,,,{},0,,0,
4113014601,曹妃甸职业技术学院,河北省,唐山市,,河北省,唐山市,专科,,999999,[],True,教育部2026名录（CSV镜像）,民办,3274,https://www.cct.edu.cn/,河北省唐山市曹妃甸新城行知路25号,True,,,,,,,,,,,,{},0,,0,
4113014632,承德应用技术职业学院,河北省,承德市,,河北省,承德市,专科,,999999,[],False,教育部2026名录（CSV镜像）,,3419,https://www.cdct.edu.cn/,"南校区：河北省承德市高新技术开发区,北校区：河北省承德市双桥区",True,,,,,,,,,,,,{},0,,0,
4113014686,邯郸幼儿师范高等专科学校,河北省,邯郸市,,河北省,邯郸市,专科,,999999,[],False,教育部2026名录（CSV镜像）,,3487,http://www.hdyz.edu.cn/,"主校区：河北省武安市恩元路66号,大名校区：邯郸市大名县育才路43号",True,,,,,,,,,,,,{},0,,0,
4113014695,邯郸科技职业学院,河北省,邯郸市,,河北省,邯郸市,专科,,999999,[],False,教育部2026名录（CSV镜像）,,3495,https://www.hdkz.edu.cn/,河北省邯郸市冀南新区滏阳路1号,True,,,,,,,,,,,,{},0,,0,
4113014696,唐山海运职业学院,河北省,唐山市,,河北省,唐山市,专科,,999999,[],True,教育部2026名录（CSV镜像）,民办,3496,https://www.tmi.edu.cn/,河北省唐山市曹妃甸区曹妃甸新城行知路27号,True,,,,,,,,,,,,{},0,,0,
4113014742,邢台应用技术职业学院,河北省,邢台市,,河北省,邢台市,专科,,999999,[],True,教育部2026名录（CSV镜像）,民办,3571,http://xtyzy.cn/,河北省邢台市威县高新技术开发区开放东路,True,,,,,,,,,,,,{},0,,0,
4213050139,河北资源环境职业技术学院,河北省,石家庄市,,河北省,石家庄市,专科,,999999,[],False,教育部2026名录（CSV镜像）,,2859,https://www.hebzyhj.edu.cn/,"校本部：石家庄市中山西路901号,植物园校区：石家庄市鹿泉区龙康路8号,蟠龙湖校区：河北省石家庄市元氏县装院路68号",True,,,,,,,,,,,,{},0,,0,
4113014785,衡水健康科技职业学院,河北省,衡水市,,河北省,衡水市,专科,,999999,[],False,教育部2026名录（CSV镜像）,,3657,https://hsjkkjzyxy.cn,河北省衡水市滨湖新区红旗大街2197号,True,,,,,,,,,,,,{},0,,0,
4113014786,沧州航空职业学院,河北省,沧州市,,河北省,沧州市,专科,,999999,[],True,教育部2026名录（CSV镜像）,民办,3656,http://www.czhkzy.com/,河北省沧州市渤海新区中捷产业园新海东路,True,,,,,,,,,,,,{},0,,0,
4113014787,邯郸应用技术职业学院,河北省,邯郸市,,河北省,邯郸市,专科,,999999,[],True,教育部2026名录（CSV镜像）,民办,3662,https://www.hvcat.com/#/,河北省邯郸市广平县青莲街南556号,True,,,,,,,,,,,,{},0,,0,
4113014788,秦皇岛工业职业技术学院,河北省,秦皇岛市,,河北省,秦皇岛市,专科,,999999,[],False,教育部2026名录（CSV镜像）,,3632,https://www.qhdgzy.com/,河北省秦皇岛市海港区西港北路58号,True,,,,,,,,,,,,{},0,,0,
4113014852,邢台新能源职业学院,河北省,邢台市,,河北省,邢台市,专科,,999999,[],True,教育部2026名录（CSV镜像）,民办,3710,https://www.xtxny.edu.cn/,河北省邢台市宁晋县滨河西路58号,True,,,,,,,,,,,,{},0,,0,
4113014908,石家庄金融职业学院,河北省,石家庄市,,河北省,石家庄市,专科,,999999,[],True,教育部2026名录（CSV镜像）,民办,3781,http://39.101.71.147/_s3/65/list.psp,校本部：河北省石家庄市井陉冶河西路38号,True,,,,,,,,,,,,{},0,,0,
4113014909,石家庄农林职业学院,河北省,石家庄市,,河北省,石家庄市,专科,,999999,[],True,教育部2026名录（CSV镜像）,民办,3782,https://sjznlxy.com/,河北省石家庄市平山县温塘镇汉塘路66号,True,,,,,,,,,,,,{},0,,0,
4113014951,张家口应用技术职业学院,河北省,张家口市,,河北省,张家口市,专科,,999999,[],False,教育部2026名录（CSV镜像）,,3887,,,True,,,,,,,,,,,,{},0,,0,
4113014952,石家庄康养职业学院,河北省,石家庄市,,河北省,石家庄市,专科,,999999,[],True,教育部2026名录（CSV镜像）,民办,3888,,,True,,,,,,,,,,,,{},0,,0,
4113014953,辛集应用技术职业学院,河北省,石家庄市,,河北省,石家庄市,专科,,999999,[],True,教育部2026名录（CSV镜像）,民办,3890,,,True,,,,,,,,,,,,{},0,,0,
4114010108,山西大学,山西省,太原市,,山西省,太原市,本科,102,133,['双一流'],False,教育部2026名录（CSV镜像）,,262,https://www.sxu.edu.cn/,"坞城校区：山西省太原市小店区坞城路92号,大同校区：山西省大同市平城区同泉路1081号,大东关校区：山西省太原市杏花岭区红沟南街36号,东山校区：山西省太原市小店区南中环东街63号",True,,,,,,,,,,,"{'rankingId': 'legacy-shanghairanking-bcur', 'edition': '2026', 'sortValue': 133.0, 'label': '2026软科主榜 102', 'sourceUrl': 'https://www.shanghairanking.cn/rankings/bcur/2026', 'legacy': True}",{},0,,0,
4114010109,太原科技大学,山西省,太原市,,山西省,太原市,本科,270,385,[],False,教育部2026名录（CSV镜像）,,278,https://www.tyust.edu.cn/,"主校区：山西省太原市万柏林区窊流路66号,南校区：山西省太原市晋源区旧晋祠路二段264号",True,,,,,,,,,,,"{'rankingId': 'legacy-shanghairanking-bcur', 'edition': '2026', 'sortValue': 385.0, 'label': '2026软科主榜 270', 'sourceUrl': 'https://www.shanghairanking.cn/rankings/bcur/2026', 'legacy': True}",{},0,,0,
4114010110,中北大学,山西省,太原市,,山西省,太原市,本科,144,200,[],False,教育部2026名录（CSV镜像）,,277,https://www.nuc.edu.cn/,山西省太原市尖草坪区上兰街道学院路3号,True,,,,,,,,,,,"{'rankingId': 'legacy-shanghairanking-bcur', 'edition': '2026', 'sortValue': 200.0, 'label': '2026软科主榜 144', 'sourceUrl': 'https://www.shanghairanking.cn/rankings/bcur/2026', 'legacy': True}",{},0,,0,
4114010112,太原理工大学,山西省,太原市,,山西省,太原市,本科,97,125,"['211', '双一流']",False,教育部2026名录（CSV镜像）,,139,https://www.tyut.edu.cn/,"迎西校区：山西省太原市万柏林区迎泽西大街79号,虎峪校区：山西省太原市万柏林区新矿院路18号,柏林校区：山西省太原市万柏林区西矿街53号,明向校区：山西省晋中市榆次区大学街209号",True,,,,,,,,,,,"{'rankingId': 'legacy-shanghairanking-bcur', 'edition': '2026', 'sortValue': 125.0, 'label': '2026软科主榜 97', 'sourceUrl': 'https://www.shanghairanking.cn/rankings/bcur/2026', 'legacy': True}",{},0,,0,
4114010113,山西农业大学,山西省,晋中市,,山西省,晋中市,本科,225,317,[],False,教育部2026名录（CSV镜像）,,269,https://www.sxau.edu.cn/,"太谷校区：山西省晋中市太谷区铭贤南路1号,太原龙城校区：山西省太原市小店区龙城大街81号",True,,,,,,,,,,,"{'rankingId': 'legacy-shanghairanking-bcur', 'edition': '2026', 'sortValue': 317.0, 'label': '2026软科主榜 225', 'sourceUrl': 'https://www.shanghairanking.cn/rankings/bcur/2026', 'legacy': True}",{},0,,0,
4114010114,山西医科大学,山西省,太原市,,山西省,太原市,本科,医16,183,[],False,教育部2026名录（CSV镜像）,,271,https://www.sxmu.edu.cn,"川至校区：山西省太原市杏花岭区五一路382号,中都校区：山西省晋中市榆次区文华街55号,迎泽校区：山西省太原市迎泽区新建南路56号",True,,,,,,,,,,,"{'rankingId': 'legacy-shanghairanking-bcur', 'edition': '2026', 'sortValue': 183.0, 'label': '2026软科分类标签 医16', 'sourceUrl': 'https://www.shanghairanking.cn/rankings/bcur/2026', 'legacy': True}",{},0,,0,
4114010117,长治医学院,山西省,长治市,,山西省,长治市,本科,医55,619,[],False,教育部2026名录（CSV镜像）,,279,http://www.czmc.edu.cn,"校本部：山西省长治市解放东街161号,五龙校区：山西省长治市长治县英雄南路1688号",True,,,,,,,,,,,"{'rankingId': 'legacy-shanghairanking-bcur', 'edition': '2026', 'sortValue': 619.0, 'label': '2026软科分类标签 医55', 'sourceUrl': 'https://www.shanghairanking.cn/rankings/bcur/2026', 'legacy': True}",{},0,,0,
4114010118,山西师范大学,山西省,太原市,,山西省,太原市,本科,267,379,[],False,教育部2026名录（CSV镜像）,,272,https://www.sxnu.edu.cn/,山西省太原市小店区太榆路339号,True,,,,,,,,,,,"{'rankingId': 'legacy-shanghairanking-bcur', 'edition': '2026', 'sortValue': 379.0, 'label': '2026软科主榜 267', 'sourceUrl': 'https://www.shanghairanking.cn/rankings/bcur/2026', 'legacy': True}",{},0,,0,
4114010119,太原师范学院,山西省,太原市,,山西省,太原市,本科,383,568,[],False,教育部2026名录（CSV镜像）,,282,http://www.tynu.edu.cn/,"南内环校区：山西省太原市南内环街189号,魏榆校区：山西省晋中市榆次区大学街319号,黄陵校区： 山西省太原市黄陵路19号,侯家巷校区：山西省太原市侯家巷9号",True,,,,,,,,,,,"{'rankingId': 'legacy-shanghairanking-bcur', 'edition': '2026', 'sortValue': 568.0, 'label': '2026软科主榜 383', 'sourceUrl': 'https://www.shanghairanking.cn/rankings/bcur/2026', 'legacy': True}",{},0,,0,
4114010120,山西大同大学,山西省,大同市,,山西省,大同市,本科,470,674,[],False,教育部2026名录（CSV镜像）,,281,https://www.sxdtdx.edu.cn/,"御东校区：山西省大同市平城区兴云街405号,新平旺校区：山西省大同市云冈区平泉路52号",True,,,,,,,,,,,"{'rankingId': 'legacy-shanghairanking-bcur', 'edition': '2026', 'sortValue': 674.0, 'label': '2026软科主榜 470', 'sourceUrl': 'https://www.shanghairanking.cn/rankings/bcur/2026', 'legacy': True}",{},0,,0,
4114010121,晋中学院,山西省,晋中市,,山西省,晋中市,本科,500+,752,[],False,教育部2026名录（CSV镜像）,,921,https://www.jzxy.edu.cn/,山西省晋中市榆次区文华街199号,True,,,,,,,,,,,"{'rankingId': 'legacy-shanghairanking-bcur', 'edition': '2026', 'sortValue': 752.0, 'label': '2026软科分类标签 500+', 'sourceUrl': 'https://www.shanghairanking.cn/rankings/bcur/2026', 'legacy': True}",{},0,,0,
4114010122,长治学院,山西省,长治市,,山西省,长治市,本科,494,700,[],False,教育部2026名录（CSV镜像）,,1257,https://www.czc.edu.cn/,"北校区：山西省长治市保宁门东街73号,南校区：山西省长治市东环路中段96号",True,,,,,,,,,,,"{'rankingId': 'legacy-shanghairanking-bcur', 'edition': '2026', 'sortValue': 700.0, 'label': '2026软科主榜 494', 'sourceUrl': 'https://www.shanghairanking.cn/rankings/bcur/2026', 'legacy': True}",{},0,,0,
4114010123,运城学院,山西省,运城市,,山西省,运城市,本科,500+,790,[],False,教育部2026名录（CSV镜像）,,920,https://www.ycu.edu.cn,山西省运城市复旦西街1155号,True,,,,,,,,,,,"{'rankingId': 'legacy-shanghairanking-bcur', 'edition': '2026', 'sortValue': 790.0, 'label': '2026软科分类标签 500+', 'sourceUrl': 'https://www.shanghairanking.cn/rankings/bcur/2026', 'legacy': True}",{},0,,0,
4114010124,忻州师范学院,山西省,忻州市,,山西省,忻州市,本科,500+,788,[],False,教育部2026名录（CSV镜像）,,280,http://www.xztu.edu.cn,"校本部：山西省忻州市顿奇东街1号,五寨分院：山西省忻州市五寨县学府西街1号,南校区：山西省忻州市忻府区五台山南路忻师南巷10号",True,,,,,,,,,,,"{'rankingId': 'legacy-shanghairanking-bcur', 'edition': '2026', 'sortValue': 788.0, 'label': '2026软科分类标签 500+', 'sourceUrl': 'https://www.shanghairanking.cn/rankings/bcur/2026', 'legacy': True}",{},0,,0,
4114010125,山西财经大学,山西省,太原市,,山西省,太原市,本科,财18,299,[],False,教育部2026名录（CSV镜像）,,275,http://www.sxufe.edu.cn,"坞城校区：山西省太原市坞城路140号,迎泽校区：山西省太原市南内环街135号,东山校区：山西省太原市小店区南中环东街63号",True,,,,,,,,,,,"{'rankingId': 'legacy-shanghairanking-bcur', 'edition': '2026', 'sortValue': 299.0, 'label': '2026软科分类标签 财18', 'sourceUrl': 'https://www.shanghairanking.cn/rankings/bcur/2026', 'legacy': True}",{},0,,0,
4114010809,山西中医药大学,山西省,太原市,,山西省,太原市,本科,中医23,423,[],False,教育部2026名录（CSV镜像）,,919,https://www.sxtcm.edu.cn/,"校本部：山西省晋中市榆次区高校园区大学街121号,太原校区：山西省太原市晋祠路一段89号",True,,,,,,,,,,,"{'rankingId': 'legacy-shanghairanking-bcur', 'edition': '2026', 'sortValue': 423.0, 'label': '2026软科分类标签 中医23', 'sourceUrl': 'https://www.shanghairanking.cn/rankings/bcur/2026', 'legacy': True}",{},0,,0,
4114010812,吕梁学院,山西省,吕梁市,,山西省,吕梁市,本科,500+,758,[],False,教育部2026名录（CSV镜像）,,1638,https://www.llu.edu.cn/,"校本部：山西省吕梁市离石区学院路1号,离石校区：山西省吕梁市离石区文化路102号,汾阳校区：山西省吕梁市汾阳市文峰路8号",True,,,,,,,,,,,"{'rankingId': 'legacy-shanghairanking-bcur', 'edition': '2026', 'sortValue': 758.0, 'label': '2026软科分类标签 500+', 'sourceUrl': 'https://www.shanghairanking.cn/rankings/bcur/2026', 'legacy': True}",{},0,,0,
4114011242,太原学院,山西省,太原市,,山西省,太原市,本科,500+,775,[],False,教育部2026名录（CSV镜像）,,1642,https://www.tyu.edu.cn/,"汾东校区：山西省太原市唐槐产业园区汾东大街7号,滨河校区：山西省太原市南内环街南二巷6号,府东校区：山西省太原市杏花岭街2号",True,,,,,,,,,,,"{'rankingId': 'legacy-shanghairanking-bcur', 'edition': '2026', 'sortValue': 775.0, 'label': '2026软科分类标签 500+', 'sourceUrl': 'https://www.shanghairanking.cn/rankings/bcur/2026', 'legacy': True}",{},0,,0,
4114012111,山西警察学院,山西省,太原市,,山西省,太原市,本科,政30+,812,[],False,教育部2026名录（CSV镜像）,,1640,https://www.sxpc.edu.cn,"校本部：山西省太原市清徐县清东路西北坊段799号,晋祠路校区：山西省太原市万柏林区晋祠路二段27号",True,,,,,,,,,,,"{'rankingId': 'legacy-shanghairanking-bcur', 'edition': '2026', 'sortValue': 812.0, 'label': '2026软科分类标签 政30+', 'sourceUrl': 'https://www.shanghairanking.cn/rankings/bcur/2026', 'legacy': True}",{},0,,0,
4114012779,山西应用科技学院,山西省,太原市,,山西省,太原市,本科,100+,1053,[],True,教育部2026名录（CSV镜像）,民办,1669,https://www.sxcast.edu.cn/,"北格校区：山西省太原市小店区北格榆古路东1号,太谷校区：山西省晋中市太谷县南寺街5号,黄陵校区：山西省太原市小店区北营黄陵路39号",True,,,,,,,,,,,"{'rankingId': 'legacy-shanghairanking-bcur', 'edition': '2026', 'sortValue': 1053.0, 'label': '2026软科分类标签 100+', 'sourceUrl': 'https://www.shanghairanking.cn/rankings/bcur/2026', 'legacy': True}",{},0,,0,
4114016201,山西工程科技职业大学,山西省,太原市,,山西省,太原市,本科,,999999,[],False,教育部2026名录（CSV镜像）,,1665,https://www.sxgkd.edu.cn/,"文华校区：山西省晋中市榆次区文华街369号,太谷校区：山西省晋中市太谷区南山南路126号,尖草坪校区：山西省太原市尖草坪区汾泉路3号",True,,,,,,,,,,,,{},0,,0,
4114013534,山西工学院,山西省,朔州市,,山西省,朔州市,本科,500+,767,[],False,教育部2026名录（CSV镜像）,,2325,https://www.sxct.edu.cn/,"长宁校区：山西省朔州市开发区长宁街11号,平阳校区：朔州市平鲁区平阳西街学苑小区西南侧约160米",True,,,,,,,,,,,"{'rankingId': 'legacy-shanghairanking-bcur', 'edition': '2026', 'sortValue': 767.0, 'label': '2026软科分类标签 500+', 'sourceUrl': 'https://www.shanghairanking.cn/rankings/bcur/2026', 'legacy': True}",{},0,,0,
4114013535,晋中信息学院,山西省,晋中市,,山西省,晋中市,本科,100+,1034,[],True,教育部2026名录（CSV镜像）,民办,2326,https://www.jzci.edu.cn/,山西省晋中市太谷县学院路8号,True,,,,,,,,,,,"{'rankingId': 'legacy-shanghairanking-bcur', 'edition': '2026', 'sortValue': 1034.0, 'label': '2026软科分类标签 100+', 'sourceUrl': 'https://www.shanghairanking.cn/rankings/bcur/2026', 'legacy': True}",{},0,,0,
4114013537,山西电子科技学院,山西省,临汾市,,山西省,临汾市,本科,500+,765,[],False,教育部2026名录（CSV镜像）,,2327,https://www.sxdzkj.edu.cn/,山西省临汾市尧都区滨河西路501号,True,,,,,,,,,,,"{'rankingId': 'legacy-shanghairanking-bcur', 'edition': '2026', 'sortValue': 765.0, 'label': '2026软科分类标签 500+', 'sourceUrl': 'https://www.shanghairanking.cn/rankings/bcur/2026', 'legacy': True}",{},0,,0,
4114013538,山西晋中理工学院,山西省,晋中市,,山西省,晋中市,本科,100+,1052,[],True,教育部2026名录（CSV镜像）,民办,2328,https://www.sxjzit.edu.cn/,山西省晋中市榆次区创业街839号,True,,,,,,,,,,,"{'rankingId': 'legacy-shanghairanking-bcur', 'edition': '2026', 'sortValue': 1052.0, 'label': '2026软科分类标签 100+', 'sourceUrl': 'https://www.shanghairanking.cn/rankings/bcur/2026', 'legacy': True}",{},0,,0,
4114013597,山西科技学院,山西省,晋城市,,山西省,晋城市,本科,500+,768,[],False,教育部2026名录（CSV镜像）,,2329,https://www.sxist.edu.cn/,山西省晋城市泽州县金村镇陵沁线666号,True,,,,,,,,,,,"{'rankingId': 'legacy-shanghairanking-bcur', 'edition': '2026', 'sortValue': 768.0, 'label': '2026软科分类标签 500+', 'sourceUrl': 'https://www.shanghairanking.cn/rankings/bcur/2026', 'legacy': True}",{},0,,0,
4114013598,晋中健康学院,山西省,晋中市,,山西省,晋中市,本科,100+,1033,[],True,教育部2026名录（CSV镜像）,民办,2330,https://www.jzjkxy.com/,"晋祠校区：山西省太原市晋源区晋疗路,晋中校区：山西省晋中市祁县经济开发区",True,,,,,,,,,,,"{'rankingId': 'legacy-shanghairanking-bcur', 'edition': '2026', 'sortValue': 1033.0, 'label': '2026软科分类标签 100+', 'sourceUrl': 'https://www.shanghairanking.cn/rankings/bcur/2026', 'legacy': True}",{},0,,0,
4114013608,山西财经大学华商学院,山西省,太原市,,山西省,太原市,本科,,999999,[],True,教育部2026名录（CSV镜像）,民办,,,,True,,,,,,,,,,,,{},0,,0,
4114013691,山西工商学院,山西省,太原市,,山西省,太原市,本科,财27+,1078,[],True,教育部2026名录（CSV镜像）,民办,2840,https://www.sxtbu.edu.cn/,"龙城校区：太原市坞城南路99号,北格校区：太原市北格镇紫云路36号",True,,,,,,,,,,,"{'rankingId': 'legacy-shanghairanking-bcur', 'edition': '2026', 'sortValue': 1078.0, 'label': '2026软科分类标签 财27+', 'sourceUrl': 'https://www.shanghairanking.cn/rankings/bcur/2026', 'legacy': True}",{},0,,0,
4114014101,太原工业学院,山西省,太原市,,山西省,太原市,本科,474,678,[],False,教育部2026名录（CSV镜像）,,1134,https://www.tit.edu.cn/,山西省太原市尖草坪区新兰路31号,True,,,,,,,,,,,"{'rankingId': 'legacy-shanghairanking-bcur', 'edition': '2026', 'sortValue': 678.0, 'label': '2026软科主榜 474', 'sourceUrl': 'https://www.shanghairanking.cn/rankings/bcur/2026', 'legacy': True}",{},0,,0,
4114014226,运城职业技术大学,山西省,运城市,,山西省,运城市,本科,,999999,[],True,教育部2026名录（CSV镜像）,民办,2332,https://www.ycptu.edu.cn/,山西省运城市学苑北路2555号,True,,,,,,,,,,,,{},0,,0,
4114014434,山西传媒学院,山西省,太原市,,山西省,太原市,本科,,999999,[],False,教育部2026名录（CSV镜像）,,2862,https://www.cusx.edu.cn/,"文华校区：山西省晋中市榆次区文华街125号,东华校区：山西省太原市迎泽区五龙口街",True,,,,,,,,,,,,{},0,,0,
4114014527,山西工程技术学院,山西省,阳泉市,,山西省,阳泉市,本科,500+,766,[],False,教育部2026名录（CSV镜像）,,1650,https://www.sxit.edu.cn/,山西省阳泉市开发区学院路1号,True,,,,,,,,,,,"{'rankingId': 'legacy-shanghairanking-bcur', 'edition': '2026', 'sortValue': 766.0, 'label': '2026软科分类标签 500+', 'sourceUrl': 'https://www.shanghairanking.cn/rankings/bcur/2026', 'legacy': True}",{},0,,0,
4214051189,山西能源学院,山西省,晋中市,,山西省,晋中市,本科,500+,769,[],False,教育部2026名录（CSV镜像）,,3064,https://www.sxie.edu.cn/,"校本部：山西省晋中市榆次区大学街63号,许坦校区：山西省太原市小店区许坦西街28号",True,,,,,,,,,,,"{'rankingId': 'legacy-shanghairanking-bcur', 'edition': '2026', 'sortValue': 769.0, 'label': '2026软科分类标签 500+', 'sourceUrl': 'https://www.shanghairanking.cn/rankings/bcur/2026', 'legacy': True}",{},0,,0,
4114014898,山西医药学院,山西省,吕梁市,,山西省,吕梁市,本科,医56+,798,[],False,教育部2026名录（CSV镜像）,,1152,https://www.sxum.edu.cn,"汾阳校区：山西省汾阳市学院路16号,孝义校区：山西省孝义市敬德街42号",True,,,,,,,,,,,"{'rankingId': 'legacy-shanghairanking-bcur', 'edition': '2026', 'sortValue': 798.0, 'label': '2026软科分类标签 医56+', 'sourceUrl': 'https://www.shanghairanking.cn/rankings/bcur/2026', 'legacy': True}",{},0,,0,
4114013696,山西文化旅游职业大学,山西省,太原市,,山西省,太原市,本科,,999999,[],False,教育部2026名录（CSV镜像）,,1644,https://www.sxvuct.edu.cn/,"唐槐校区：山西省太原市小店区大昌南路17-19号,奶生堂校区：太原市杏花岭区解放路奶生堂25号,许东校区：山西省太原市小店区许坦东街29号,并东校区：太原市迎泽区并州东街95号",True,,,,,,,,,,,,{},0,,0,
4114011630,山西省财政税务专科学校,山西省,太原市,,山西省,太原市,专科,,999999,[],False,教育部2026名录（CSV镜像）,,1639,https://www.sxftc.edu.cn/,山西省太原市万柏林区千峰南路25号,True,,,,,,,,,,,,{},0,,0,
4114012388,长治职业技术学院,山西省,长治市,,山西省,长治市,专科,,999999,[],False,教育部2026名录（CSV镜像）,,1643,https://www.czzy.cn/#/home,"北校区：山西省长治市捉马东大街51号,东校区：山西省长治市潞州区延安中路505号,南校区：山西省长治市太行欢乐谷东侧",True,,,,,,,,,,,,{},0,,0,
4114012774,晋城职业技术学院,山西省,晋城市,,山西省,晋城市,专科,,999999,[],False,教育部2026名录（CSV镜像）,,1428,https://www.sxjczy.cn/jczy/thtl/index.html,"丹河校区：山西省晋城市泽州县丹河新城青山街686号,凤台校区：晋城市凤台东街1658号",True,,,,,,,,,,,,{},0,,0,
4114012776,山西药科职业学院,山西省,太原市,,山西省,太原市,专科,,999999,[],False,教育部2026名录（CSV镜像）,,1201,http://www.sxbac.net.cn/,山西省太原市小店区民航南路16号,True,,,,,,,,,,,,{},0,,0,
4114012780,大同煤炭职业技术学院,山西省,大同市,,山西省,大同市,专科,,999999,[],False,教育部2026名录（CSV镜像）,,2646,https://www.dtmtxy.cn/,山西省大同市云冈区安居街106号,True,,,,,,,,,,,,{},0,,0,
4114012888,山西机电职业技术学院,山西省,长治市,,山西省,长治市,专科,,999999,[],False,教育部2026名录（CSV镜像）,,1647,https://www.sxjdxy.edu.cn/,"太行校区：山西省长治市潞州区保宁东街130号,东湖校区：山西省长治市襄垣县滨河东路东1001号,潞城校区：山西省长治市潞城区学府街1号",True,,,,,,,,,,,,{},0,,0,
4114012890,山西财贸职业技术学院,山西省,太原市,,山西省,太原市,专科,,999999,[],False,教育部2026名录（CSV镜像）,,1648,http://www.sxcmvc.com,山西省太原市武宿民航南路26号,True,,,,,,,,,,,,{},0,,0,
4114012891,山西林业职业技术学院,山西省,太原市,,山西省,太原市,专科,,999999,[],False,教育部2026名录（CSV镜像）,,1548,https://www.sxly.edu.cn/,山西省太原市尖草坪区滨河东路（北段）78号,True,,,,,,,,,,,,{},0,,0,
4114012892,山西水利职业技术学院,山西省,运城市,,山西省,运城市,专科,,999999,[],False,教育部2026名录（CSV镜像）,,1649,https://wwww.sxsy.com.cn/,"运城校区：山西省运城市安邑庙风西路34号,太原胜利桥校区：山西省太原市尖草坪区兴华北环街2号,太原小店校区：山西省太原市小店区马练营路345号",True,,,,,,,,,,,,{},0,,0,
4114012893,阳泉职业技术学院,山西省,阳泉市,,山西省,阳泉市,专科,,999999,[],False,教育部2026名录（CSV镜像）,,3278,https://www.yqzyjsxy.cn/,阳泉市漾泉大街9号,True,,,,,,,,,,,,{},0,,0,
4114013171,临汾职业技术学院,山西省,临汾市,,山西省,临汾市,专科,,999999,[],False,教育部2026名录（CSV镜像）,,1651,https://www.lfvtc.cn,"埝下校区：山西省临汾市尧都区东郊埝下,鼓楼校区：山西省临汾市尧都区鼓楼南大街18号,建设北路校区：山西省临汾市尧都区建设北路113号",True,,,,,,,,,,,,{},0,,0,
4114013528,山西职业技术学院,山西省,太原市,,山西省,太原市,专科,,999999,[],False,教育部2026名录（CSV镜像）,,1420,https://www.sxzy.edu.cn/,"坞城校区：山西省太原市小店区坞城路115号,南中环校区：山西省太原市小店区坞城南路10号,长风校区：山西省太原市迎泽区龙堡街15号,榆次校区：山西省晋中市榆次工业园区兴业街6号",True,,,,,,,,,,,,{},0,,0,
4114013530,山西金融职业学院,山西省,太原市,,山西省,太原市,专科,,999999,[],False,教育部2026名录（CSV镜像）,,1444,https://www.sxjrzyxy.edu.cn/,山西省太原市尖草坪区迎新街南巷10号,True,,,,,,,,,,,,{},0,,0,
4114013532,太原城市职业技术学院,山西省,太原市,,山西省,太原市,专科,,999999,[],False,教育部2026名录（CSV镜像）,,1653,https://www.cntcvc.com/,"兴华街校区：山西省太原市尖草坪区兴华街3号,新兰路校区：山西省太原市尖草坪区新兰路76号,建设路校区：山西省太原市迎泽区建设南路15号",True,,,,,,,,,,,,{},0,,0,
4114013541,山西信息职业技术学院,山西省,临汾市,,山西省,临汾市,专科,,999999,[],True,教育部2026名录（CSV镜像）,民办,1666,https://www.vcit.cn/,山西省临汾市尧都区屯里镇门楼南北街29号,True,,,,,,,,,,,,{},0,,0,
4114013692,山西体育职业学院,山西省,太原市,,山西省,太原市,专科,,999999,[],False,教育部2026名录（CSV镜像）,,1654,https://www.sxptc.com/,山西省太原市小店区黄陵路19号,True,,,,,,,,,,,,{},0,,0,
4114013693,山西警官职业学院,山西省,太原市,,山西省,太原市,专科,,999999,[],False,教育部2026名录（CSV镜像）,,1655,https://www.sxpolice.org/,"校本部：山西省太原市迎泽区双塔南路34号,分校区：山西省太原市坞城路109号",True,,,,,,,,,,,,{},0,,0,
4114013694,山西国际商务职业学院,山西省,太原市,,山西省,太原市,专科,,999999,[],False,教育部2026名录（CSV镜像）,,1656,https://www.sxibs.edu.cn/,山西省太原市小店区龙堡街14号,True,,,,,,,,,,,,{},0,,0,
4114013695,潞安职业技术学院,山西省,长治市,,山西省,长治市,专科,,999999,[],False,教育部2026名录（CSV镜像）,,1657,https://www.lazyjsxy.net/,山西省长治市襄垣县潞安大街168号,True,,,,,,,,,,,,{},0,,0,
4114013698,山西管理职业学院,山西省,临汾市,,山西省,临汾市,专科,,999999,[],False,教育部2026名录（CSV镜像）,,1660,https://www.sxglzyxy.com.cn/,山西省临汾市尧都区滨河街道滨河西路北段,True,,,,,,,,,,,,{},0,,0,
4114013745,山西电力职业技术学院,山西省,太原市,,山西省,太原市,专科,,999999,[],False,教育部2026名录（CSV镜像）,,1661,http://www.vtep.edu.cn/,山西省太原市晋祠路三段160号,True,,,,,,,,,,,,{},0,,0,
4114013821,忻州职业技术学院,山西省,忻州市,,山西省,忻州市,专科,,999999,[],False,教育部2026名录（CSV镜像）,,1662,http://www.xzvtc.org.cn/,山西省忻州市开发区学院路1号,True,,,,,,,,,,,,{},0,,0,
4114013862,山西同文职业技术学院,山西省,晋中市,,山西省,晋中市,专科,,999999,[],True,教育部2026名录（CSV镜像）,民办,1667,https://www.sxtwedu.com/,"校本部：山西省介休市北坛西路239号,榆次校区：山西省晋中市榆次区涂水大街",True,,,,,,,,,,,,{},0,,0,
4114013913,晋中职业技术学院,山西省,晋中市,,山西省,晋中市,专科,,999999,[],False,教育部2026名录（CSV镜像）,,1663,https://www.jzzy.sx.cn/,山西省晋中市榆次区龙湖东大街919号,True,,,,,,,,,,,,{},0,,0,
4114013914,山西华澳商贸职业学院,山西省,晋中市,,山西省,晋中市,专科,,999999,[],True,教育部2026名录（CSV镜像）,民办,1670,http://www.huaao.sx.cn,山西省晋中市榆次工业园区创业街838号,True,,,,,,,,,,,,{},0,,0,
4114013934,山西运城农业职业技术学院,山西省,运城市,,山西省,运城市,专科,,999999,[],False,教育部2026名录（CSV镜像）,,1664,http://www.ycnxy.com/,山西省运城市红旗东街46号,True,,,,,,,,,,,,{},0,,0,
4114014093,运城幼儿师范高等专科学校,山西省,运城市,,山西省,运城市,专科,,999999,[],False,教育部2026名录（CSV镜像）,,1641,https://www.sxycys.com/,山西省运城市空港南区裴相路855号,True,,,,,,,,,,,,{},0,,0,
4114014105,山西老区职业技术学院,山西省,太原市,,山西省,太原市,专科,,999999,[],True,教育部2026名录（CSV镜像）,民办,1340,http://www.sxlqzy.cn,山西省太原市尖草坪区和平北路东流街12号,True,,,,,,,,,,,,{},0,,0,
4114014177,山西经贸职业学院,山西省,太原市,,山西省,太原市,专科,,999999,[],False,教育部2026名录（CSV镜像）,,2322,https://www.sxemc.edu.cn/,"滨河校区：山西省太原市南内环西街1号, 龙山校区：山西省太原市晋祠路三段629号",True,,,,,,,,,,,,{},0,,0,
4114014186,朔州职业技术学院,山西省,朔州市,,山西省,朔州市,专科,,999999,[],False,教育部2026名录（CSV镜像）,,2323,http://www.szvtc.com/,山西省朔州市张辽南路紫金街1号,True,,,,,,,,,,,,{},0,,0,
4114014247,山西铁道职业技术学院,山西省,太原市,,山西省,太原市,专科,,999999,[],False,教育部2026名录（CSV镜像）,,2324,https://www.sxtdzy.edu.cn/,山西省太原市马道坡街57号,True,,,,,,,,,,,,{},0,,0,
4114014270,晋中师范高等专科学校,山西省,晋中市,,山西省,晋中市,专科,,999999,[],False,教育部2026名录（CSV镜像）,,2647,https://www.sxjzsf.edu.cn/,山西省晋中市榆次区广安街189号,True,,,,,,,,,,,,{},0,,0,
4114014271,阳泉师范高等专科学校,山西省,阳泉市,,山西省,阳泉市,专科,,999999,[],False,教育部2026名录（CSV镜像）,,2644,https://www.sxyqsz.cn,山西省阳泉市平定县冠山镇上城街59号,True,,,,,,,,,,,,{},0,,0,
4114014397,运城护理职业学院,山西省,运城市,,山西省,运城市,专科,,999999,[],False,教育部2026名录（CSV镜像）,,2864,https://www.ychlxy.com/,山西省运城市复旦西街2155号,True,,,,,,,,,,,,{},0,,0,
4114014461,运城师范高等专科学校,山西省,运城市,,山西省,运城市,专科,,999999,[],False,教育部2026名录（CSV镜像）,,3276,https://www.sxycsf.com,运城市盐湖区文化产业园学院西路2号,True,,,,,,,,,,,,{},0,,0,
4114014462,朔州师范高等专科学校,山西省,朔州市,,山西省,朔州市,专科,,999999,[],False,教育部2026名录（CSV镜像）,,3277,http://www.shuozhou.gov.cn/ztjs/szszz/,山西省朔州市开发区长宁东街85号,True,,,,,,,,,,,,{},0,,0,
4114014500,吕梁职业技术学院,山西省,吕梁市,,山西省,吕梁市,专科,,999999,[],False,教育部2026名录（CSV镜像）,,3283,https://www.llzy.edu.cn/,山西省吕梁市孝义市湖滨路,True,,,,,,,,,,,,{},0,,0,
4114014627,大同师范高等专科学校,山西省,大同市,,山西省,大同市,专科,,999999,[],False,教育部2026名录（CSV镜像）,,3450,https://www.dtsz.edu.cn/,山西省大同市同泉路1081号,True,,,,,,,,,,,,{},0,,0,
4114014628,太原幼儿师范高等专科学校,山西省,太原市,,山西省,太原市,专科,,999999,[],False,教育部2026名录（CSV镜像）,,3296,http://www.taiyuanyouzhuan.com/,"徐沟校区：山西省太原市清徐县徐沟镇清东路西北坊段888号,兴华校区：山西省太原市兴华街67号",True,,,,,,,,,,,,{},0,,0,
4114014681,山西工程职业学院,山西省,太原市,,山西省,太原市,专科,,999999,[],False,教育部2026名录（CSV镜像）,,1645,https://www.sxgcxy.cn,"龙潭校区：山西省太原市杏花岭区新建路131号,唐槐校区：山西省太原市小店区西贾北街72号,许坦校区：山西省太原市小店区许坦东街40号",True,,,,,,,,,,,,{},0,,0,
4114014687,长治幼儿师范高等专科学校,山西省,长治市,,山西省,长治市,专科,,999999,[],False,教育部2026名录（CSV镜像）,,3540,https://www.sxczyz.edu.cn/,山西省长治市潞州区捉马西大街356号,True,,,,,,,,,,,,{},0,,0,
4114014697,山西通用航空职业技术学院,山西省,大同市,,山西省,大同市,专科,,999999,[],False,教育部2026名录（CSV镜像）,,3497,https://www.sgap.edu.cn/,大同市云州区通航产业园航苑路1号,True,,,,,,,,,,,,{},0,,0,
4114014698,朔州陶瓷职业技术学院,山西省,朔州市,,山西省,朔州市,专科,,999999,[],False,教育部2026名录（CSV镜像）,,3498,https://www.sztczyjsxy.com/p1/index.html,怀仁市怀玉西街壬山大桥西口,True,,,,,,,,,,,,{},0,,0,
4214050166,山西卫生健康职业学院,山西省,太原市,,山西省,太原市,专科,,999999,[],False,教育部2026名录（CSV镜像）,,2865,https://www.sxhvc.com,"文津校区：山西省晋中市榆次区文津街100号,双东校区：山西省太原市双塔寺街22号,康养校区：山西省晋中市太谷区",True,,,,,,,,,,,,{},0,,0,
4114014777,吕梁师范高等专科学校,山西省,吕梁市,,山西省,吕梁市,专科,,999999,[],False,教育部2026名录（CSV镜像）,,3618,https://llsz.edu.cn/,山西省吕梁市方山县大武镇保安村,True,,,,,,,,,,,,{},0,,0,
4114014901,大同数据科技职业学院,山西省,大同市,,山西省,大同市,专科,,999999,[],True,教育部2026名录（CSV镜像）,民办,3755,https://www.czxy.com/,山西省大同市云州区南环东路1999号,True,,,,,,,,,,,,{},0,,0,
4114014954,太原卫生职业学院,山西省,太原市,,山西省,太原市,专科,,999999,[],False,教育部2026名录（CSV镜像）,,3891,,,True,,,,,,,,,,,,{},0,,0,
4114014955,忻州现代康养职业学院,山西省,忻州市,,山西省,忻州市,专科,,999999,[],False,教育部2026名录（CSV镜像）,,3894,,,True,,,,,,,,,,,,{},0,,0,
4115010126,内蒙古大学,内蒙古自治区,呼和浩特市,,内蒙古自治区,呼和浩特市,本科,114,151,"['211', '双一流']",False,教育部2026名录（CSV镜像）,,32,https://www.imu.edu.cn/,"赛罕校区：内蒙古自治区呼和浩特市赛罕区大学西街235号,玉泉校区：内蒙古自治区呼和浩特市玉泉区锡林郭勒南路49号,满洲里学院：内蒙古自治区满洲里市华埠大街1号",True,,,,,,,,,,,"{'rankingId': 'legacy-shanghairanking-bcur', 'edition': '2026', 'sortValue': 151.0, 'label': '2026软科主榜 114', 'sourceUrl': 'https://www.shanghairanking.cn/rankings/bcur/2026', 'legacy': True}",{},0,,0,
4115010127,内蒙古科技大学,内蒙古自治区,包头市,,内蒙古自治区,包头市,本科,314,469,[],False,教育部2026名录（CSV镜像）,,505,https://www.imust.edu.cn/,内蒙古包头市昆都仑区阿尔丁大街7号,True,,,,,,,,,,,"{'rankingId': 'legacy-shanghairanking-bcur', 'edition': '2026', 'sortValue': 469.0, 'label': '2026软科主榜 314', 'sourceUrl': 'https://www.shanghairanking.cn/rankings/bcur/2026', 'legacy': True}",{},0,,0,
4115010128,内蒙古工业大学,内蒙古自治区,呼和浩特市,,内蒙古自治区,呼和浩特市,本科,261,368,[],False,教育部2026名录（CSV镜像）,,508,https://www.imut.edu.cn/,"新城校区：内蒙古自治区呼和浩特市新城区爱民街49号,康巴什校区：内蒙古鄂尔多斯市高新技术产业开发区,金川校区：内蒙古自治区呼和浩特市经济技术开发区金川工业园区,准格尔校区：内蒙古自治区鄂尔多斯市准格尔旗大路新区",True,,,,,,,,,,,"{'rankingId': 'legacy-shanghairanking-bcur', 'edition': '2026', 'sortValue': 368.0, 'label': '2026软科主榜 261', 'sourceUrl': 'https://www.shanghairanking.cn/rankings/bcur/2026', 'legacy': True}",{},0,,0,
4115010129,内蒙古农业大学,内蒙古自治区,呼和浩特市,,内蒙古自治区,呼和浩特市,本科,212,294,[],False,教育部2026名录（CSV镜像）,,517,https://www.imau.edu.cn/,"西校区：内蒙古自治区呼和浩特市赛罕区昭乌达路306号,南校区：内蒙古自治区呼和浩特市赛罕区鄂尔多斯东街29号,东校区：内蒙古自治区呼和浩特市赛罕区学苑东街275号",True,,,,,,,,,,,"{'rankingId': 'legacy-shanghairanking-bcur', 'edition': '2026', 'sortValue': 294.0, 'label': '2026软科主榜 212', 'sourceUrl': 'https://www.shanghairanking.cn/rankings/bcur/2026', 'legacy': True}",{},0,,0,
4115010132,内蒙古医科大学,内蒙古自治区,呼和浩特市,,内蒙古自治区,呼和浩特市,本科,医30,322,[],False,教育部2026名录（CSV镜像）,,525,https://www.immu.edu.cn/,"金山校区：内蒙古自治区呼和浩特市金山经济技术开发区,新华校区：内蒙古自治区呼和浩特市新城区新华大街5号,锡林校区：内蒙古自治区呼和浩特市新城区锡林郭勒南路60号,红山口教学基地：内蒙古自治区呼和浩特市新城区毫沁营镇红山口村",True,,,,,,,,,,,"{'rankingId': 'legacy-shanghairanking-bcur', 'edition': '2026', 'sortValue': 322.0, 'label': '2026软科分类标签 医30', 'sourceUrl': 'https://www.shanghairanking.cn/rankings/bcur/2026', 'legacy': True}",{},0,,0,
4115010135,内蒙古师范大学,内蒙古自治区,呼和浩特市,,内蒙古自治区,呼和浩特市,本科,220,309,[],False,教育部2026名录（CSV镜像）,,519,https://www.imnu.edu.cn/,"赛罕校区：内蒙古呼和浩特市昭乌达路81号,盛乐校区：内蒙古呼和浩特市和林格尔盛乐经济园区",True,,,,,,,,,,,"{'rankingId': 'legacy-shanghairanking-bcur', 'edition': '2026', 'sortValue': 309.0, 'label': '2026软科主榜 220', 'sourceUrl': 'https://www.shanghairanking.cn/rankings/bcur/2026', 'legacy': True}",{},0,,0,
4115010136,内蒙古民族大学,内蒙古自治区,通辽市,,内蒙古自治区,通辽市,本科,民12,504,[],False,教育部2026名录（CSV镜像）,,506,https://www.imun.edu.cn/,"霍林河校区：内蒙古自治区通辽市科尔沁区霍林河大街西536号,西拉木伦校区：内蒙古自治区通辽市科尔沁区西拉木伦大街西996号",True,,,,,,,,,,,"{'rankingId': 'legacy-shanghairanking-bcur', 'edition': '2026', 'sortValue': 504.0, 'label': '2026软科分类标签 民12', 'sourceUrl': 'https://www.shanghairanking.cn/rankings/bcur/2026', 'legacy': True}",{},0,,0,
4115010138,赤峰大学,内蒙古自治区,赤峰市,,内蒙古自治区,赤峰市,本科,500+,718,[],False,教育部2026名录（CSV镜像）,,1042,https://www.cfxy.cn/,内蒙古自治区赤峰市红山区迎宾路1号,True,,,,,,,,,,,"{'rankingId': 'legacy-shanghairanking-bcur', 'edition': '2026', 'sortValue': 718.0, 'label': '2026软科分类标签 500+', 'sourceUrl': 'https://www.shanghairanking.cn/rankings/bcur/2026', 'legacy': True}",{},0,,0,
4115010139,内蒙古财经大学,内蒙古自治区,呼和浩特市,,内蒙古自治区,呼和浩特市,本科,财35,448,[],False,教育部2026名录（CSV镜像）,,529,https://www.imufe.edu.cn/,"西校区：内蒙古呼和浩特市北二环路185号,东校区：内蒙古呼和浩特海拉尔大街47号",True,,,,,,,,,,,"{'rankingId': 'legacy-shanghairanking-bcur', 'edition': '2026', 'sortValue': 448.0, 'label': '2026软科分类标签 财35', 'sourceUrl': 'https://www.shanghairanking.cn/rankings/bcur/2026', 'legacy': True}",{},0,,0,
4115010819,呼伦贝尔学院,内蒙古自治区,呼伦贝尔市,,内蒙古自治区,呼伦贝尔市,本科,500+,748,[],False,教育部2026名录（CSV镜像）,,1242,https://www.hlbec.edu.cn/,"东校区：内蒙古自治区呼伦贝尔市海拉尔区成吉思汗中路26号,西校区：内蒙古自治区呼伦贝尔市海拉尔区西大街123号,北校区：内蒙古自治区呼伦贝尔市牙克石市汇流河站",True,,,,,,,,,,,"{'rankingId': 'legacy-shanghairanking-bcur', 'edition': '2026', 'sortValue': 748.0, 'label': '2026软科分类标签 500+', 'sourceUrl': 'https://www.shanghairanking.cn/rankings/bcur/2026', 'legacy': True}",{},0,,0,
4115011427,集宁师范学院,内蒙古自治区,乌兰察布市,,内蒙古自治区,乌兰察布市,本科,500+,751,[],False,教育部2026名录（CSV镜像）,,1550,http://www.jntc.nm.cn/,"泉山校区：内蒙古自治区乌兰察布市集宁区工农北路59号,白海校区：内蒙古自治区乌兰察布市集宁区白海子镇",True,,,,,,,,,,,"{'rankingId': 'legacy-shanghairanking-bcur', 'edition': '2026', 'sortValue': 751.0, 'label': '2026软科分类标签 500+', 'sourceUrl': 'https://www.shanghairanking.cn/rankings/bcur/2026', 'legacy': True}",{},0,,0,
4115011631,河套学院,内蒙古自治区,巴彦淖尔市,,内蒙古自治区,巴彦淖尔市,本科,500+,745,[],False,教育部2026名录（CSV镜像）,,1624,http://www.hetaodaxue.com/,"双河校区：内蒙古自治区巴彦淖尔市临河区云中大街,旧校区：内蒙古自治区巴彦淖尔市临河区利民东街北150米",True,,,,,,,,,,,"{'rankingId': 'legacy-shanghairanking-bcur', 'edition': '2026', 'sortValue': 745.0, 'label': '2026软科分类标签 500+', 'sourceUrl': 'https://www.shanghairanking.cn/rankings/bcur/2026', 'legacy': True}",{},0,,0,
4115011709,呼和浩特民族学院,内蒙古自治区,呼和浩特市,,内蒙古自治区,呼和浩特市,本科,民13+,809,[],False,教育部2026名录（CSV镜像）,,2316,https://www.imnc.edu.cn/,内蒙古自治区呼和浩特市新城区通道北路56号,True,,,,,,,,,,,"{'rankingId': 'legacy-shanghairanking-bcur', 'edition': '2026', 'sortValue': 809.0, 'label': '2026软科分类标签 民13+', 'sourceUrl': 'https://www.shanghairanking.cn/rankings/bcur/2026', 'legacy': True}",{},0,,0,
4115014199,内蒙古大学创业学院,内蒙古自治区,呼和浩特市,,内蒙古自治区,呼和浩特市,本科,,999999,[],True,教育部2026名录（CSV镜像）,民办,2320,https://www.imuchuangye.cn/,内蒙古自治区呼和浩特市玉泉区万顺街80号,True,,,,,,,,,,,,{},0,,0,
4115014205,内蒙古鸿德文理学院,内蒙古自治区,呼和浩特市,,内蒙古自治区,呼和浩特市,本科,100+,1047,[],True,教育部2026名录（CSV镜像）,民办,1573,https://www.honder.com/,"主校区：内蒙古自治区呼和浩特市新城区机场路29号,北校区：内蒙古自治区呼和浩特市新城区南店街31号,塔利校区：新城区成吉思汗东街和永平路西北侧,云中校区：内蒙古自治区呼和浩特市托克托县双河镇G512",True,,,,,,,,,,,"{'rankingId': 'legacy-shanghairanking-bcur', 'edition': '2026', 'sortValue': 1047.0, 'label': '2026软科分类标签 100+', 'sourceUrl': 'https://www.shanghairanking.cn/rankings/bcur/2026', 'legacy': True}",{},0,,0,
4115014531,内蒙古艺术学院,内蒙古自治区,呼和浩特市,,内蒙古自治区,呼和浩特市,本科,,999999,[],False,教育部2026名录（CSV镜像）,,3215,https://www.imac.edu.cn/,"新华校区：呼和浩特市新城区新华东街101号,云谷校区：呼和浩特市和林格尔新区云谷大道",True,,,,,,,,,,,,{},0,,0,
4115014532,鄂尔多斯应用技术学院,内蒙古自治区,鄂尔多斯市,,内蒙古自治区,鄂尔多斯市,本科,500+,724,[],False,教育部2026名录（CSV镜像）,,3271,https://www.oit.edu.cn/,"康巴什校区：鄂尔多斯市康巴什区鄂尔多斯大街东1号,东胜校区：鄂尔多斯市东胜区科技教育创业园",True,,,,,,,,,,,"{'rankingId': 'legacy-shanghairanking-bcur', 'edition': '2026', 'sortValue': 724.0, 'label': '2026软科分类标签 500+', 'sourceUrl': 'https://www.shanghairanking.cn/rankings/bcur/2026', 'legacy': True}",{},0,,0,
4115012797,内蒙古警察学院,内蒙古自治区,呼和浩特市,,内蒙古自治区,呼和浩特市,本科,,999999,[],False,教育部2026名录（CSV镜像）,,1629,https://www.impc.edu.cn/,"新城区校区：内蒙古自治区呼和浩特市新城区兴安北路11号,和林格尔校区：内蒙古自治区呼和浩特市和林格尔新区金盛路与云港大道交汇处",True,,,,,,,,,,,,{},0,,0,
4115010871,内蒙古建筑职业技术大学,内蒙古自治区,呼和浩特市,,内蒙古自治区,呼和浩特市,本科,,999999,[],False,教育部2026名录（CSV镜像）,,1574,https://www.imaa.edu.cn/,"生态校区：内蒙古自治区呼和浩特市回民区青少年生态园南侧,新华校区：内蒙古自治区呼和浩特市回民区西村前街1号",True,,,,,,,,,,,,{},0,,0,
4115012443,兴安职业技术大学,内蒙古自治区,兴安盟,,内蒙古自治区,兴安盟,本科,,999999,[],False,教育部2026名录（CSV镜像）,,1625,https://www.nmxzy.cn/,内蒙古自治区兴安盟科尔沁右翼前旗都林西街,True,,,,,,,,,,,,{},0,,0,
4115012670,呼和浩特职业技术大学,内蒙古自治区,呼和浩特市,,内蒙古自治区,呼和浩特市,本科,,999999,[],False,教育部2026名录（CSV镜像）,,1626,https://www.hhvc.edu.cn/,内蒙古自治区呼和浩特市赛罕区巴彦镇高职园区,True,,,,,,,,,,,,{},0,,0,
4115011429,内蒙古丰州职业学院,内蒙古自治区,呼和浩特市,,内蒙古自治区,呼和浩特市,专科,,999999,[],True,教育部2026名录（CSV镜像）,民办,1637,https://www.qcdx.net/,"校本部：内蒙古自治区呼和浩特市兴安南路59号,大学城校区：内蒙古自治区呼和浩特市赛罕区大学城",True,,,,,,,,,,,,{},0,,0,
4115012057,包头职业技术学院,内蒙古自治区,包头市,,内蒙古自治区,包头市,专科,,999999,[],False,教育部2026名录（CSV镜像）,,1525,https://www.btvtc.cn/,"建华路校区：内蒙古自治区包头市青山区建华路15号,呼得木林校区：内蒙古自治区包头市青山区呼得木林大街12号,北重分校区：内蒙古自治区包头市青山区青山路129号",True,,,,,,,,,,,,{},0,,0,
4115012671,包头轻工职业技术学院,内蒙古自治区,包头市,,内蒙古自治区,包头市,专科,,999999,[],False,教育部2026名录（CSV镜像）,,1627,https://www.btqy.edu.cn/,内蒙古自治区包头市青山区建华路19号,True,,,,,,,,,,,,{},0,,0,
4115012673,内蒙古电子信息职业技术学院,内蒙古自治区,呼和浩特市,,内蒙古自治区,呼和浩特市,专科,,999999,[],False,教育部2026名录（CSV镜像）,,1163,https://www.imeic.cn/,内蒙古自治区呼和浩特市赛罕区苏尔干街8号,True,,,,,,,,,,,,{},0,,0,
4115012674,内蒙古机电职业技术学院,内蒙古自治区,呼和浩特市,,内蒙古自治区,呼和浩特市,专科,,999999,[],False,教育部2026名录（CSV镜像）,,1394,https://www.imtcme.edu.cn/index.htm,"赛罕校区：内蒙古自治区呼和浩特市大学城学府路1号,海西校区：内蒙古自治区呼和浩特市回民区海拉尔西街",True,,,,,,,,,,,,{},0,,0,
4115012675,内蒙古化工职业学院,内蒙古自治区,呼和浩特市,,内蒙古自治区,呼和浩特市,专科,,999999,[],False,教育部2026名录（CSV镜像）,,1132,http://www.hgzyxy.com.cn,内蒙古自治区呼和浩特市赛罕区高职园区苏尔干街3号,True,,,,,,,,,,,,{},0,,0,
4115012676,内蒙古商贸职业学院,内蒙古自治区,呼和浩特市,,内蒙古自治区,呼和浩特市,专科,,999999,[],False,教育部2026名录（CSV镜像）,,1164,https://www.imvcc.edu.cn/,内蒙古自治区呼和浩特市赛罕区罗家营高职园区,True,,,,,,,,,,,,{},0,,0,
4115012677,锡林郭勒职业学院,内蒙古自治区,锡林郭勒盟,,内蒙古自治区,锡林郭勒盟,专科,,999999,[],False,教育部2026名录（CSV镜像）,,1628,https://www.xlglvc.edu.cn/,"主校区：内蒙古自治区锡林浩特市明安图街11号,北校区：内蒙古自治区锡林浩特市苏尼特街15号",True,,,,,,,,,,,,{},0,,0,
4115012894,内蒙古体育职业学院,内蒙古自治区,呼和浩特市,,内蒙古自治区,呼和浩特市,专科,,999999,[],False,教育部2026名录（CSV镜像）,,1545,http://www.nmtyxy.org.cn/,内蒙古自治区呼和浩特市新城区成吉思汗大街19号,True,,,,,,,,,,,,{},0,,0,
4115013699,乌兰察布职业学院,内蒙古自治区,乌兰察布市,,内蒙古自治区,乌兰察布市,专科,,999999,[],False,教育部2026名录（CSV镜像）,,1524,https://www.ulvc.edu.cn/,"校本部：乌兰察布市集宁新区满达东街曙光南路一号,平地泉校区：内蒙古自治区乌兰察布市察右前旗平地泉镇",True,,,,,,,,,,,,{},0,,0,
4115013740,通辽职业学院,内蒙古自治区,通辽市,,内蒙古自治区,通辽市,专科,,999999,[],False,教育部2026名录（CSV镜像）,,861,http://www.tlzyxy.com/,"内蒙古自治区通辽经济技术开发区那达慕文化园西侧,吐尔基山大街(北绕城线)与保康路交汇处南450米",True,,,,,,,,,,,,{},0,,0,
4115013741,科尔沁艺术职业学院,内蒙古自治区,通辽市,,内蒙古自治区,通辽市,专科,,999999,[],False,教育部2026名录（CSV镜像）,,1630,https://www.keqysxy.com.cn,内蒙古自治区通辽经济开发区辽河大街东段,True,,,,,,,,,,,,{},0,,0,
4115013824,内蒙古交通职业技术学院,内蒙古自治区,赤峰市,,内蒙古自治区,赤峰市,专科,,999999,[],False,教育部2026名录（CSV镜像）,,1153,https://www.imvtcc.edu.cn/,内蒙古自治区赤峰市新城王府大街2号,True,,,,,,,,,,,,{},0,,0,
4115013864,包头钢铁职业技术学院,内蒙古自治区,包头市,,内蒙古自治区,包头市,专科,,999999,[],False,教育部2026名录（CSV镜像）,,1631,https://www.btsvc.edu.cn/,"主校区：内蒙古包头市昆都仑区阿尔丁大街76号,白云鄂博分校区：内蒙古自治区包头市白云区通阳道3号,松梅街分校区：内蒙古自治区包头市昆都仑区少先路25号",True,,,,,,,,,,,,{},0,,0,
4115013915,乌海职业技术学院,内蒙古自治区,乌海市,,内蒙古自治区,乌海市,专科,,999999,[],False,教育部2026名录（CSV镜像）,,1632,https://www.whvtc.net/,内蒙古自治区乌海市海勃湾区市府大道,True,,,,,,,,,,,,{},0,,0,
4115014048,内蒙古科技职业学院,内蒙古自治区,呼和浩特市,,内蒙古自治区,呼和浩特市,专科,,999999,[],True,教育部2026名录（CSV镜像）,民办,1633,http://www.imtvc.cn/,内蒙古自治区呼和浩特市机场高速路44号,True,,,,,,,,,,,,{},0,,0,
4115014049,内蒙古北方职业技术学院,内蒙古自治区,呼和浩特市,,内蒙古自治区,呼和浩特市,专科,,999999,[],True,教育部2026名录（CSV镜像）,民办,1636,https://www.nmbfxy.com,内蒙古自治区呼和浩特市大学城,True,,,,,,,,,,,,{},0,,0,
4115014050,赤峰职业技术学院,内蒙古自治区,赤峰市,,内蒙古自治区,赤峰市,专科,,999999,[],True,教育部2026名录（CSV镜像）,民办,,,,False,nonOperating,已停止办学,2013,https://news.cctv.com/2023/07/11/ARTIy5tl8gW39BrYmudj0m3y230711.shtml,央视网转载《工人日报》调查称，经详细核查，赤峰职业技术学院早在2013年即已停止办学，网上所谓学校官网为仿冒网站。,,,,,,,{},0,,0,
4115014051,内蒙古经贸外语职业学院,内蒙古自治区,呼和浩特市,,内蒙古自治区,呼和浩特市,专科,,999999,[],True,教育部2026名录（CSV镜像）,民办,,,,False,nonRecruiting,已被停止招生资格,2020,https://www.sxks114.com/h-nd-18624.html,公开报道展示并转述内蒙古自治区教育厅2020年公告：内蒙古经贸外语职业学院办学存在较大问题，已被停止任何形式的招生资格；当前自治区教育厅高职院校导航亦不列该校。,,,,,,,{},0,,0,
4115014187,包头铁道职业技术学院,内蒙古自治区,包头市,,内蒙古自治区,包头市,专科,,999999,[],False,教育部2026名录（CSV镜像）,,2318,https://www.bttzy.edu.cn/,内蒙古自治区包头市九原区职业教育园区平安大道7号,True,,,,,,,,,,,,{},0,,0,
4115014219,乌兰察布医学高等专科学校,内蒙古自治区,乌兰察布市,,内蒙古自治区,乌兰察布市,专科,,999999,[],False,教育部2026名录（CSV镜像）,,2317,https://www.wlcbyz.org.cn/,内蒙古自治区乌兰察布市集宁新区满达东街11号,True,,,,,,,,,,,,{},0,,0,
4115014248,鄂尔多斯职业学院,内蒙古自治区,鄂尔多斯市,,内蒙古自治区,鄂尔多斯市,专科,,999999,[],False,教育部2026名录（CSV镜像）,,2319,http://www.ordosvc.cn,内蒙古自治区鄂尔多斯市康巴什区赛罕街1号,True,,,,,,,,,,,,{},0,,0,
4115014282,内蒙古工业职业学院,内蒙古自治区,呼和浩特市,,内蒙古自治区,呼和浩特市,专科,,999999,[],True,教育部2026名录（CSV镜像）,民办,,,,True,,,,,,,,,,,,{},0,,0,
4115014283,呼伦贝尔职业技术学院,内蒙古自治区,呼伦贝尔市,,内蒙古自治区,呼伦贝尔市,专科,,999999,[],False,教育部2026名录（CSV镜像）,,2649,https://www.hlbrzy.com/,呼伦贝尔市中心城新区规划3道街,True,,,,,,,,,,,,{},0,,0,
4115014285,满洲里俄语职业学院,内蒙古自治区,呼伦贝尔市,,内蒙古自治区,呼伦贝尔市,专科,,999999,[],False,教育部2026名录（CSV镜像）,,2650,https://zyxy.mzlxy.cn,内蒙古自治区呼伦贝尔市华埠大街1号,True,,,,,,,,,,,,{},0,,0,
4115014337,内蒙古能源职业学院,内蒙古自治区,呼和浩特市,,内蒙古自治区,呼和浩特市,专科,,999999,[],True,教育部2026名录（CSV镜像）,民办,2935,https://www.nmpower.cn/,呼和浩特市新城区新尼路（生盖营村北900米）,True,,,,,,,,,,,,{},0,,0,
4115014338,赤峰工业职业技术学院,内蒙古自治区,赤峰市,,内蒙古自治区,赤峰市,专科,,999999,[],False,教育部2026名录（CSV镜像）,,2938,https://www.cfgy.cn,赤峰市松山区小河沿大街5号,True,,,,,,,,,,,,{},0,,0,
4115014339,阿拉善职业技术学院,内蒙古自治区,阿拉善盟,,内蒙古自治区,阿拉善盟,专科,,999999,[],False,教育部2026名录（CSV镜像）,,2936,https://www.alszyxy.cn/,"巴彦浩特校区：阿拉善盟阿左旗巴彦浩特镇西城区西花园北街10号,乌斯太校区：阿拉善盟高新技术产业开发区贺兰新区",True,,,,,,,,,,,,{},0,,0,
4115014387,内蒙古美术职业学院,内蒙古自治区,巴彦淖尔市,,内蒙古自治区,巴彦淖尔市,专科,,999999,[],True,教育部2026名录（CSV镜像）,民办,2939,http://www.nmgmsxy.net/,内蒙古巴彦淖尔市临河区双河新区三封路甲1号,True,,,,,,,,,,,,{},0,,0,
4115014463,内蒙古民族幼儿师范高等专科学校,内蒙古自治区,鄂尔多斯市,,内蒙古自治区,鄂尔多斯市,专科,,999999,[],False,教育部2026名录（CSV镜像）,,3221,https://www.immpec.edu.cn/,内蒙古鄂尔多斯市东胜区铁西职业教育园区厚德路18号,True,,,,,,,,,,,,{},0,,0,
4115014501,鄂尔多斯生态环境职业学院,内蒙古自治区,鄂尔多斯市,,内蒙古自治区,鄂尔多斯市,专科,,999999,[],False,教育部2026名录（CSV镜像）,,3223,http://www.ordossthjzyxy.cn/,鄂尔多斯市康巴什区萨如拉北路5号,True,,,,,,,,,,,,{},0,,0,
4115014539,扎兰屯职业学院,内蒙古自治区,呼伦贝尔市,,内蒙古自治区,呼伦贝尔市,专科,,999999,[],False,教育部2026名录（CSV镜像）,,3222,https://zltvc.cn,内蒙古呼伦贝尔扎兰屯市绿林街1号,True,,,,,,,,,,,,{},0,,0,
4115014699,赤峰应用技术职业学院,内蒙古自治区,赤峰市,,内蒙古自治区,赤峰市,专科,,999999,[],False,教育部2026名录（CSV镜像）,,3499,http://www.cfyyzy.cn/,赤峰市松山区查干沐沦大街与大宁路交口,True,,,,,,,,,,,,{},0,,0,
4121010140,辽宁大学,辽宁省,沈阳市,,辽宁省,沈阳市,本科,125,168,"['211', '双一流']",False,教育部2026名录（CSV镜像）,,50,https://www.lnu.edu.cn,"崇山校区：辽宁省沈阳市皇姑区崇山中路66号,蒲河校区：辽宁省沈阳市沈北新区道义南大街58号,辽阳武圣校区：辽宁省辽阳市白塔区青年大街38号",True,,,,,,,,,,,"{'rankingId': 'legacy-shanghairanking-bcur', 'edition': '2026', 'sortValue': 168.0, 'label': '2026软科主榜 125', 'sourceUrl': 'https://www.shanghairanking.cn/rankings/bcur/2026', 'legacy': True}",{},0,,0,
4121010141,大连理工大学,辽宁省,大连市,,辽宁省,大连市,本科,28,28,"['985', '211', '双一流']",False,教育部2026名录（CSV镜像）,,138,https://www.dlut.edu.cn/,"大连凌水主校区：辽宁省大连市甘井子区凌工路2号,开发区校区：辽宁省大连市金普新区图强路321号",True,,,,,,,,,,,"{'rankingId': 'legacy-shanghairanking-bcur', 'edition': '2026', 'sortValue': 28.0, 'label': '2026软科主榜 28', 'sourceUrl': 'https://www.shanghairanking.cn/rankings/bcur/2026', 'legacy': True}",{},0,,0,
4121010142,沈阳工业大学,辽宁省,沈阳市,,辽宁省,沈阳市,本科,198,273,[],False,教育部2026名录（CSV镜像）,,227,https://www.sut.edu.cn/,"中央校区：辽宁省沈阳市经济技术开发区沈辽西路111号,兴顺校区：辽宁省沈阳市铁西区兴顺街南十三路1号,辽阳分校：辽宁省辽阳市宏伟区光华街30号,国家大学科技园：沈阳经济技术开发区四号街20号",True,,,,,,,,,,,"{'rankingId': 'legacy-shanghairanking-bcur', 'edition': '2026', 'sortValue': 273.0, 'label': '2026软科主榜 198', 'sourceUrl': 'https://www.shanghairanking.cn/rankings/bcur/2026', 'legacy': True}",{},0,,0,
4121010143,沈阳航空航天大学,辽宁省,沈阳市,,辽宁省,沈阳市,本科,179,247,[],False,教育部2026名录（CSV镜像）,,209,https://www.sau.edu.cn/,辽宁省沈阳市沈北新区道义南大街37号,True,,,,,,,,,,,"{'rankingId': 'legacy-shanghairanking-bcur', 'edition': '2026', 'sortValue': 247.0, 'label': '2026软科主榜 179', 'sourceUrl': 'https://www.shanghairanking.cn/rankings/bcur/2026', 'legacy': True}",{},0,,0,
4121010144,沈阳理工大学,辽宁省,沈阳市,,辽宁省,沈阳市,本科,254,359,[],False,教育部2026名录（CSV镜像）,,217,https://www.sylu.edu.cn/,辽宁省沈阳市浑南区南屏中路6号,True,,,,,,,,,,,"{'rankingId': 'legacy-shanghairanking-bcur', 'edition': '2026', 'sortValue': 359.0, 'label': '2026软科主榜 254', 'sourceUrl': 'https://www.shanghairanking.cn/rankings/bcur/2026', 'legacy': True}",{},0,,0,
4121010145,东北大学,辽宁省,沈阳市,,辽宁省,沈阳市,本科,38,40,"['985', '211', '双一流']",False,教育部2026名录（CSV镜像）,,134,https://www.neu.edu.cn/,"南湖校区：辽宁省沈阳市和平区文化路3巷11号,浑南校区：辽宁省沈阳市浑南区创新路195号,沈河校区：辽宁省沈阳市沈河区文化东路89号,秦皇岛分校：河北省秦皇岛市经济技术开发区泰山路143号",True,,,,,,,,,,,"{'rankingId': 'legacy-shanghairanking-bcur', 'edition': '2026', 'sortValue': 40.0, 'label': '2026软科主榜 38', 'sourceUrl': 'https://www.shanghairanking.cn/rankings/bcur/2026', 'legacy': True}",{},0,,0,
4121010146,辽宁科技大学,辽宁省,鞍山市,,辽宁省,鞍山市,本科,304,455,[],False,教育部2026名录（CSV镜像）,,222,https://www.ustl.edu.cn,辽宁省鞍山市立山区千山中路189号,True,,,,,,,,,,,"{'rankingId': 'legacy-shanghairanking-bcur', 'edition': '2026', 'sortValue': 455.0, 'label': '2026软科主榜 304', 'sourceUrl': 'https://www.shanghairanking.cn/rankings/bcur/2026', 'legacy': True}",{},0,,0,
4121010147,辽宁工程技术大学,辽宁省,阜新市,,辽宁省,阜新市,本科,271,389,[],False,教育部2026名录（CSV镜像）,,786,https://www.lntu.edu.cn/,"阜新校区中华路校园：辽宁省阜新市细河区中华路47号,葫芦岛校区龙湾校园：辽宁省葫芦岛市兴城市龙湾南大街188号,阜新校区玉龙校园：辽宁省阜新市玉龙路88号",True,,,,,,,,,,,"{'rankingId': 'legacy-shanghairanking-bcur', 'edition': '2026', 'sortValue': 389.0, 'label': '2026软科主榜 271', 'sourceUrl': 'https://www.shanghairanking.cn/rankings/bcur/2026', 'legacy': True}",{},0,,0,
4121010148,辽宁石油化工大学,辽宁省,抚顺市,,辽宁省,抚顺市,本科,263,371,[],False,教育部2026名录（CSV镜像）,,223,https://www.lnpu.edu.cn,辽宁省抚顺市望花区丹东路西段一号,True,,,,,,,,,,,"{'rankingId': 'legacy-shanghairanking-bcur', 'edition': '2026', 'sortValue': 371.0, 'label': '2026软科主榜 263', 'sourceUrl': 'https://www.shanghairanking.cn/rankings/bcur/2026', 'legacy': True}",{},0,,0,
4121010149,沈阳化工大学,辽宁省,沈阳市,,辽宁省,沈阳市,本科,244,346,[],False,教育部2026名录（CSV镜像）,,215,https://www.syuct.edu.cn/,沈阳经济技术开发区11号街,True,,,,,,,,,,,"{'rankingId': 'legacy-shanghairanking-bcur', 'edition': '2026', 'sortValue': 346.0, 'label': '2026软科主榜 244', 'sourceUrl': 'https://www.shanghairanking.cn/rankings/bcur/2026', 'legacy': True}",{},0,,0,
4121010150,大连交通大学,辽宁省,大连市,,辽宁省,大连市,本科,249,352,[],False,教育部2026名录（CSV镜像）,,220,http://www.djtu.edu.cn/,"沙河口校区：辽宁省大连市沙河口区黄河路794号,旅顺口校区：辽宁省大连市旅顺经济技术开发区兴发路216号",True,,,,,,,,,,,"{'rankingId': 'legacy-shanghairanking-bcur', 'edition': '2026', 'sortValue': 352.0, 'label': '2026软科主榜 249', 'sourceUrl': 'https://www.shanghairanking.cn/rankings/bcur/2026', 'legacy': True}",{},0,,0,
4121010151,大连海事大学,辽宁省,大连市,,辽宁省,大连市,本科,113,149,"['211', '双一流']",False,教育部2026名录（CSV镜像）,,33,https://www.dlmu.edu.cn/,"东山校区：辽宁省大连市凌海路1号,西山校区：辽宁省大连市甘井子区凌南路1号",True,,,,,,,,,,,"{'rankingId': 'legacy-shanghairanking-bcur', 'edition': '2026', 'sortValue': 149.0, 'label': '2026软科主榜 113', 'sourceUrl': 'https://www.shanghairanking.cn/rankings/bcur/2026', 'legacy': True}",{},0,,0,
4121010152,大连工业大学,辽宁省,大连市,,辽宁省,大连市,本科,211,292,[],False,教育部2026名录（CSV镜像）,,211,https://www.dlpu.edu.cn/,辽宁省大连市甘井子区轻工苑1号,True,,,,,,,,,,,"{'rankingId': 'legacy-shanghairanking-bcur', 'edition': '2026', 'sortValue': 292.0, 'label': '2026软科主榜 211', 'sourceUrl': 'https://www.shanghairanking.cn/rankings/bcur/2026', 'legacy': True}",{},0,,0,
4121010153,沈阳建筑大学,辽宁省,沈阳市,,辽宁省,沈阳市,本科,222,312,[],False,教育部2026名录（CSV镜像）,,212,https://www.sjzu.edu.cn/,辽宁省沈阳市浑南区浑南东路25号,True,,,,,,,,,,,"{'rankingId': 'legacy-shanghairanking-bcur', 'edition': '2026', 'sortValue': 312.0, 'label': '2026软科主榜 222', 'sourceUrl': 'https://www.shanghairanking.cn/rankings/bcur/2026', 'legacy': True}",{},0,,0,
4121010154,辽宁工业大学,辽宁省,锦州市,,辽宁省,锦州市,本科,279,403,[],False,教育部2026名录（CSV镜像）,,213,https://www.lnut.edu.cn/,辽宁省锦州市古塔区士英街169号,True,,,,,,,,,,,"{'rankingId': 'legacy-shanghairanking-bcur', 'edition': '2026', 'sortValue': 403.0, 'label': '2026软科主榜 279', 'sourceUrl': 'https://www.shanghairanking.cn/rankings/bcur/2026', 'legacy': True}",{},0,,0,
4121010157,沈阳农业大学,辽宁省,沈阳市,,辽宁省,沈阳市,本科,153,211,[],False,教育部2026名录（CSV镜像）,,228,https://www.syau.edu.cn/,辽宁省沈阳市沈河区东陵路120号,True,,,,,,,,,,,"{'rankingId': 'legacy-shanghairanking-bcur', 'edition': '2026', 'sortValue': 211.0, 'label': '2026软科主榜 153', 'sourceUrl': 'https://www.shanghairanking.cn/rankings/bcur/2026', 'legacy': True}",{},0,,0,
4121010158,大连海洋大学,辽宁省,大连市,,辽宁省,大连市,本科,296,439,[],False,教育部2026名录（CSV镜像）,,210,https://www.dlou.edu.cn/,"黑石礁校区：辽宁省大连市沙河口区黑石礁街52号,大黑石校区：辽宁省大连市甘井子区营平路288号,瓦房店校区：辽宁省大连市瓦房店市东长春路二段12号",True,,,,,,,,,,,"{'rankingId': 'legacy-shanghairanking-bcur', 'edition': '2026', 'sortValue': 439.0, 'label': '2026软科主榜 296', 'sourceUrl': 'https://www.shanghairanking.cn/rankings/bcur/2026', 'legacy': True}",{},0,,0,
4121010159,中国医科大学,辽宁省,沈阳市,,辽宁省,沈阳市,本科,医6,73,[],False,教育部2026名录（CSV镜像）,,230,https://www.cmu.edu.cn/,"沈北校区：辽宁省沈阳市沈北新区蒲河路77号,和平校区：辽宁省沈阳市和平区北二马路92号",True,,,,,,,,,,,"{'rankingId': 'legacy-shanghairanking-bcur', 'edition': '2026', 'sortValue': 73.0, 'label': '2026软科分类标签 医6', 'sourceUrl': 'https://www.shanghairanking.cn/rankings/bcur/2026', 'legacy': True}",{},0,,0,
4121010160,锦州医科大学,辽宁省,锦州市,,辽宁省,锦州市,本科,医32,349,[],False,教育部2026名录（CSV镜像）,,207,https://www.jzmu.edu.cn/,辽宁省锦州市凌河区松坡路三段40号,True,,,,,,,,,,,"{'rankingId': 'legacy-shanghairanking-bcur', 'edition': '2026', 'sortValue': 349.0, 'label': '2026软科分类标签 医32', 'sourceUrl': 'https://www.shanghairanking.cn/rankings/bcur/2026', 'legacy': True}",{},0,,0,
4121010161,大连医科大学,辽宁省,大连市,,辽宁省,大连市,本科,医13,148,[],False,教育部2026名录（CSV镜像）,,219,https://www.dmu.edu.cn/,辽宁省大连市旅顺南路西段9号,True,,,,,,,,,,,"{'rankingId': 'legacy-shanghairanking-bcur', 'edition': '2026', 'sortValue': 148.0, 'label': '2026软科分类标签 医13', 'sourceUrl': 'https://www.shanghairanking.cn/rankings/bcur/2026', 'legacy': True}",{},0,,0,
4121010162,辽宁中医药大学,辽宁省,沈阳市,,辽宁省,沈阳市,本科,中医12,262,[],False,教育部2026名录（CSV镜像）,,205,https://www.lnutcm.edu.cn/,"沈阳校区：辽宁省沈阳市皇姑区崇山东路79号,大连校区：辽宁省大连市双D港生命1路77号,本溪校区：辽宁省本溪市溪湖区枫叶路212号",True,,,,,,,,,,,"{'rankingId': 'legacy-shanghairanking-bcur', 'edition': '2026', 'sortValue': 262.0, 'label': '2026软科分类标签 中医12', 'sourceUrl': 'https://www.shanghairanking.cn/rankings/bcur/2026', 'legacy': True}",{},0,,0,
4121010163,沈阳药科大学,辽宁省,沈阳市,,辽宁省,沈阳市,本科,医20,231,[],False,教育部2026名录（CSV镜像）,,226,https://www.syphu.edu.cn/,"校本部：辽宁省沈阳市沈河区文化路103号,南校区：辽宁省本溪市高新技术产业开发区华佗大街26号",True,,,,,,,,,,,"{'rankingId': 'legacy-shanghairanking-bcur', 'edition': '2026', 'sortValue': 231.0, 'label': '2026软科分类标签 医20', 'sourceUrl': 'https://www.shanghairanking.cn/rankings/bcur/2026', 'legacy': True}",{},0,,0,
4121010164,沈阳医学院,辽宁省,沈阳市,,辽宁省,沈阳市,本科,医36,414,[],False,教育部2026名录（CSV镜像）,,202,https://www.symc.edu.cn,辽宁省沈阳市黄河北大街146号,True,,,,,,,,,,,"{'rankingId': 'legacy-shanghairanking-bcur', 'edition': '2026', 'sortValue': 414.0, 'label': '2026软科分类标签 医36', 'sourceUrl': 'https://www.shanghairanking.cn/rankings/bcur/2026', 'legacy': True}",{},0,,0,
4121010165,辽宁师范大学,辽宁省,大连市,,辽宁省,大连市,本科,162,225,[],False,教育部2026名录（CSV镜像）,,225,https://www.lnnu.edu.cn/,"黄河路校区：辽宁省大连市沙河口区黄河路850号,西山湖校区：辽宁省大连市甘井子区柳树南街1号",True,,,,,,,,,,,"{'rankingId': 'legacy-shanghairanking-bcur', 'edition': '2026', 'sortValue': 225.0, 'label': '2026软科主榜 162', 'sourceUrl': 'https://www.shanghairanking.cn/rankings/bcur/2026', 'legacy': True}",{},0,,0,
4121010166,沈阳师范大学,辽宁省,沈阳市,,辽宁省,沈阳市,本科,277,400,[],False,教育部2026名录（CSV镜像）,,221,https://www.synu.edu.cn/,辽宁省沈阳市皇姑区黄河北大街253号,True,,,,,,,,,,,"{'rankingId': 'legacy-shanghairanking-bcur', 'edition': '2026', 'sortValue': 400.0, 'label': '2026软科主榜 277', 'sourceUrl': 'https://www.shanghairanking.cn/rankings/bcur/2026', 'legacy': True}",{},0,,0,
4121010167,渤海大学,辽宁省,锦州市,,辽宁省,锦州市,本科,285,415,[],False,教育部2026名录（CSV镜像）,,214,https://www.bhu.edu.cn/,"松山校区：辽宁省锦州市松山新区科技路19号,滨海校区： 辽宁省锦州市太和区金山大街20号",True,,,,,,,,,,,"{'rankingId': 'legacy-shanghairanking-bcur', 'edition': '2026', 'sortValue': 415.0, 'label': '2026软科主榜 285', 'sourceUrl': 'https://www.shanghairanking.cn/rankings/bcur/2026', 'legacy': True}",{},0,,0,
4121010169,鞍山师范学院,辽宁省,鞍山市,,辽宁省,鞍山市,本科,478,682,[],False,教育部2026名录（CSV镜像）,,204,https://www.asnc.edu.cn,"铁东校区：辽宁省鞍山市铁东区平安街43号,职教城校区：辽宁省鞍山市千山区千山西路690号",True,,,,,,,,,,,"{'rankingId': 'legacy-shanghairanking-bcur', 'edition': '2026', 'sortValue': 682.0, 'label': '2026软科主榜 478', 'sourceUrl': 'https://www.shanghairanking.cn/rankings/bcur/2026', 'legacy': True}",{},0,,0,
4121010172,大连外国语大学,辽宁省,大连市,,辽宁省,大连市,本科,语12,377,[],False,教育部2026名录（CSV镜像）,,216,https://www.dlufl.edu.cn/,"旅顺校区：辽宁省大连市旅顺南路西段6号,中山校区：辽宁省大连市中山区胜利东路26号",True,,,,,,,,,,,"{'rankingId': 'legacy-shanghairanking-bcur', 'edition': '2026', 'sortValue': 377.0, 'label': '2026软科分类标签 语12', 'sourceUrl': 'https://www.shanghairanking.cn/rankings/bcur/2026', 'legacy': True}",{},0,,0,
4121010173,东北财经大学,辽宁省,大连市,,辽宁省,大连市,本科,财6,103,[],False,教育部2026名录（CSV镜像）,,229,https://www.dufe.edu.cn/,辽宁省大连市沙河口区尖山街217号,True,,,,,,,,,,,"{'rankingId': 'legacy-shanghairanking-bcur', 'edition': '2026', 'sortValue': 103.0, 'label': '2026软科分类标签 财6', 'sourceUrl': 'https://www.shanghairanking.cn/rankings/bcur/2026', 'legacy': True}",{},0,,0,
4121010175,中国刑事警察学院,辽宁省,沈阳市,,辽宁省,沈阳市,本科,政7,314,[],False,教育部2026名录（CSV镜像）,,201,https://www.cipuc.edu.cn/,"塔湾校区：辽宁省沈阳市皇姑区塔湾街83号,白山路校区：辽宁省沈阳市于洪区白山路4号,蒲河校区：辽宁省沈阳市于洪区沈北西路116号",True,,,,,,,,,,,"{'rankingId': 'legacy-shanghairanking-bcur', 'edition': '2026', 'sortValue': 314.0, 'label': '2026软科分类标签 政7', 'sourceUrl': 'https://www.shanghairanking.cn/rankings/bcur/2026', 'legacy': True}",{},0,,0,
4121010176,沈阳体育学院,辽宁省,沈阳市,,辽宁省,沈阳市,本科,体5,452,[],False,教育部2026名录（CSV镜像）,,203,http://www.syty.edu.cn/,辽宁省沈阳市苏家屯区金钱松东路36号,True,,,,,,,,,,,"{'rankingId': 'legacy-shanghairanking-bcur', 'edition': '2026', 'sortValue': 452.0, 'label': '2026软科分类标签 体5', 'sourceUrl': 'https://www.shanghairanking.cn/rankings/bcur/2026', 'legacy': True}",{},0,,0,
4121010177,沈阳音乐学院,辽宁省,沈阳市,,辽宁省,沈阳市,本科,,999999,[],False,教育部2026名录（CSV镜像）,,206,https://www.sycm.edu.cn/,"三好校区：辽宁省沈阳市和平区三好街61号,长青校区：辽宁省沈阳市浑南区文汇街18号,桃仙校区：沈阳市浑南区桃仙镇凤凰大街9号,大连校区：辽宁省大连市金州区金石滩金石路33号",True,,,,,,,,,,,,{},0,,0,
4121010178,鲁迅美术学院,辽宁省,沈阳市,,辽宁省,沈阳市,本科,,999999,[],False,教育部2026名录（CSV镜像）,,200,https://www.lumei.edu.cn/,"沈阳莫子山校区：辽宁省沈阳市浑南区创新路160号,沈阳三好街校区：辽宁省辽宁省沈阳市和平区三好街19号,大连金石滩校区：辽宁省大连市金州新区金石滩金石路39号",True,,,,,,,,,,,,{},0,,0,
4121010841,辽宁对外经贸学院,辽宁省,大连市,,辽宁省,大连市,本科,财9,909,[],True,教育部2026名录（CSV镜像）,民办,1244,https://www.luibe.edu.cn/,辽宁省大连市旅顺经济开发区顺乐街33号,True,,,,,,,,,,,"{'rankingId': 'legacy-shanghairanking-bcur', 'edition': '2026', 'sortValue': 909.0, 'label': '2026软科分类标签 财9', 'sourceUrl': 'https://www.shanghairanking.cn/rankings/bcur/2026', 'legacy': True}",{},0,,0,
4121011035,沈阳大学,辽宁省,沈阳市,,辽宁省,沈阳市,本科,266,375,[],False,教育部2026名录（CSV镜像）,,224,https://www.syu.edu.cn/,"北校区：辽宁省沈阳市大东区望花南街21号,南校区：辽宁省沈阳市大东区联合路54号",True,,,,,,,,,,,"{'rankingId': 'legacy-shanghairanking-bcur', 'edition': '2026', 'sortValue': 375.0, 'label': '2026软科主榜 266', 'sourceUrl': 'https://www.shanghairanking.cn/rankings/bcur/2026', 'legacy': True}",{},0,,0,
4121011258,大连大学,辽宁省,大连市,,辽宁省,大连市,本科,287,419,[],False,教育部2026名录（CSV镜像）,,218,https://www.dlu.edu.cn/,辽宁省大连市经济技术开发区学府大街10号,True,,,,,,,,,,,"{'rankingId': 'legacy-shanghairanking-bcur', 'edition': '2026', 'sortValue': 419.0, 'label': '2026软科主榜 287', 'sourceUrl': 'https://www.shanghairanking.cn/rankings/bcur/2026', 'legacy': True}",{},0,,0,
4121011430,辽宁科技学院,辽宁省,本溪市,,辽宁省,本溪市,本科,500+,757,[],False,教育部2026名录（CSV镜像）,,1067,https://www.lnist.edu.cn/,辽宁省本溪市高新技术产业开发区香槐路176号,True,,,,,,,,,,,"{'rankingId': 'legacy-shanghairanking-bcur', 'edition': '2026', 'sortValue': 757.0, 'label': '2026软科分类标签 500+', 'sourceUrl': 'https://www.shanghairanking.cn/rankings/bcur/2026', 'legacy': True}",{},0,,0,
4121011432,辽宁警察学院,辽宁省,大连市,,辽宁省,大连市,本科,政17,510,[],False,教育部2026名录（CSV镜像）,,1212,https://www.lnp.edu.cn/,辽宁省大连市甘井子区营平路260号,True,,,,,,,,,,,"{'rankingId': 'legacy-shanghairanking-bcur', 'edition': '2026', 'sortValue': 510.0, 'label': '2026软科分类标签 政17', 'sourceUrl': 'https://www.shanghairanking.cn/rankings/bcur/2026', 'legacy': True}",{},0,,0,
4121011632,沈阳工程学院,辽宁省,沈阳市,,辽宁省,沈阳市,本科,371,549,[],False,教育部2026名录（CSV镜像）,,1041,https://www.sie.edu.cn/,辽宁省沈阳市沈北新区蒲昌路18号,True,,,,,,,,,,,"{'rankingId': 'legacy-shanghairanking-bcur', 'edition': '2026', 'sortValue': 549.0, 'label': '2026软科主榜 371', 'sourceUrl': 'https://www.shanghairanking.cn/rankings/bcur/2026', 'legacy': True}",{},0,,0,
4121011779,辽东学院,辽宁省,丹东市,,辽宁省,丹东市,本科,500+,756,[],False,教育部2026名录（CSV镜像）,,188,https://www.liaodongu.edu.cn/,"临江校区：辽宁省丹东市振安区临江后街116号,金山校区：辽宁省丹东市元宝区文化路325号",True,,,,,,,,,,,"{'rankingId': 'legacy-shanghairanking-bcur', 'edition': '2026', 'sortValue': 756.0, 'label': '2026软科分类标签 500+', 'sourceUrl': 'https://www.shanghairanking.cn/rankings/bcur/2026', 'legacy': True}",{},0,,0,
4121012026,大连民族大学,辽宁省,大连市,,辽宁省,大连市,本科,民5,398,[],False,教育部2026名录（CSV镜像）,,208,https://new.dlnu.edu.cn/,"开发区校区：大连经济技术开发区辽河西路18号,金石滩校区：大连金石滩旅游度假区金石路31号",True,,,,,,,,,,,"{'rankingId': 'legacy-shanghairanking-bcur', 'edition': '2026', 'sortValue': 398.0, 'label': '2026软科分类标签 民5', 'sourceUrl': 'https://www.shanghairanking.cn/rankings/bcur/2026', 'legacy': True}",{},0,,0,
4121012595,辽宁理工职业大学,辽宁省,锦州市,,辽宁省,锦州市,本科,,999999,[],True,教育部2026名录（CSV镜像）,民办,1702,https://www.lnvut.edu.cn/,"北校区：辽宁省锦州市滨海新区昆山路9号,南校区：辽宁省锦州市经济技术开发区西海路东段二号",True,,,,,,,,,,,,{},0,,0,
4121013198,大连工程学院,辽宁省,大连市,,辽宁省,大连市,本科,,999999,[],True,教育部2026名录（CSV镜像）,民办,1305,http://www.dlutci.edu.cn,辽宁省大连市保税区广宁路1号,True,,,,,,,,,,,,{},0,,0,
4121013199,沈阳工业大学工程学院,辽宁省,辽阳市,,辽宁省,辽阳市,本科,,999999,[],True,教育部2026名录（CSV镜像）,民办,,,,False,nonRecruiting,已停止招生,2015年前,https://www.moe.gov.cn/jyb_xwfb/s5147/201506/t20150630_191703.html,教育部2015年报道辽宁本科专业信息时明确将沈阳工业大学工程学院列为已经停止招生的独立学院。,,,,,,,{},0,,0,
4121013200,沈阳航空航天大学北方科技学院,辽宁省,沈阳市,,辽宁省,沈阳市,本科,,999999,[],True,教育部2026名录（CSV镜像）,民办,,,,False,nonOperating,已停止办学，但未撤销,2020或更早,https://tjj.shenyang.gov.cn/files/ueditor/SYTJJ/jsp/upload/file/20211118/1637193459989050911.pdf,沈阳市统计局《沈阳统计年鉴2021》在2020年高等学校统计表下注明：沈阳航空航天大学北方科技学院已停止办学，但未撤销；后续2022、2023、2024年统计年鉴持续沿用该说明。,,,,,,,{},0,,0,
4121013201,沈阳工学院,辽宁省,抚顺市,,辽宁省,抚顺市,本科,49,930,[],True,教育部2026名录（CSV镜像）,民办,1697,https://www.situ.edu.cn/,辽宁省沈抚示范区滨河路东段1号,True,,,,,,,,,,,"{'rankingId': 'legacy-shanghairanking-bcur', 'edition': '2026', 'sortValue': 930.0, 'label': '2026软科主榜 49', 'sourceUrl': 'https://www.shanghairanking.cn/rankings/bcur/2026', 'legacy': True}",{},0,,0,
4121013203,大连工业大学艺术与信息工程学院,辽宁省,大连市,,辽宁省,大连市,本科,,999999,[],True,教育部2026名录（CSV镜像）,民办,1288,https://www.caie.edu.cn/,辽宁省大连庄河市学府大街117号,True,,,,,,,,,,,,{},0,,0,
4121013207,大连科技学院,辽宁省,大连市,,辽宁省,大连市,本科,100+,1004,[],True,教育部2026名录（CSV镜像）,民办,2338,https://www.dlust.edu.cn/,辽宁省大连市旅顺经济开发区滨港路999-26号,True,,,,,,,,,,,"{'rankingId': 'legacy-shanghairanking-bcur', 'edition': '2026', 'sortValue': 1004.0, 'label': '2026软科分类标签 100+', 'sourceUrl': 'https://www.shanghairanking.cn/rankings/bcur/2026', 'legacy': True}",{},0,,0,
4121013208,沈阳城市建设学院,辽宁省,沈阳市,,辽宁省,沈阳市,本科,100,997,[],True,教育部2026名录（CSV镜像）,民办,2343,https://www.syucu.edu.cn/,辽宁省沈阳市浑南区全运五路501号,True,,,,,,,,,,,"{'rankingId': 'legacy-shanghairanking-bcur', 'edition': '2026', 'sortValue': 997.0, 'label': '2026软科主榜 100', 'sourceUrl': 'https://www.shanghairanking.cn/rankings/bcur/2026', 'legacy': True}",{},0,,0,
4121013212,大连医科大学中山学院,辽宁省,大连市,,辽宁省,大连市,本科,,999999,[],True,教育部2026名录（CSV镜像）,民办,2348,https://www.dmuzs.edu.cn/,辽宁省大连市高新区爱贤街28号,True,,,,,,,,,,,,{},0,,0,
4121013213,锦州医科大学医疗学院,辽宁省,锦州市,,辽宁省,锦州市,本科,,999999,[],True,教育部2026名录（CSV镜像）,民办,2347,https://www.jymu.edu.cn,"松山校区：辽宁省锦州市高新技术产业园区昆明街2A号,滨海校区：辽宁省锦州市经济技术开发区辽东大街10号",True,,,,,,,,,,,,{},0,,0,
4121013215,辽宁师范大学海华学院,辽宁省,大连市,,辽宁省,大连市,本科,,999999,[],True,教育部2026名录（CSV镜像）,民办,2342,https://www.lshhxy.edu.cn/,辽宁省大连市庄河前程大街117号,True,,,,,,,,,,,,{},0,,0,
4121013217,辽宁理工学院,辽宁省,锦州市,,辽宁省,锦州市,本科,100+,1039,[],True,教育部2026名录（CSV镜像）,民办,1166,https://www.lise.edu.cn/,"松山校区：辽宁省锦州市高新技术产业园区昆明街2号,滨海校区：辽宁省锦州市滨海新区金山大街二段3号",True,,,,,,,,,,,"{'rankingId': 'legacy-shanghairanking-bcur', 'edition': '2026', 'sortValue': 1039.0, 'label': '2026软科分类标签 100+', 'sourceUrl': 'https://www.shanghairanking.cn/rankings/bcur/2026', 'legacy': True}",{},0,,0,
4121013218,大连财经学院,辽宁省,大连市,,辽宁省,大连市,本科,财17,949,[],True,教育部2026名录（CSV镜像）,民办,1549,https://www.dlufe.edu.cn/,辽宁省大连市金州新区人文街80号,True,,,,,,,,,,,"{'rankingId': 'legacy-shanghairanking-bcur', 'edition': '2026', 'sortValue': 949.0, 'label': '2026软科分类标签 财17', 'sourceUrl': 'https://www.shanghairanking.cn/rankings/bcur/2026', 'legacy': True}",{},0,,0,
4121013220,沈阳城市学院,辽宁省,沈阳市,,辽宁省,沈阳市,本科,48,929,[],True,教育部2026名录（CSV镜像）,民办,2337,https://www.shenyangcu.edu.cn,辽宁省沈阳市苏家屯区梧桐大街2号,True,,,,,,,,,,,"{'rankingId': 'legacy-shanghairanking-bcur', 'edition': '2026', 'sortValue': 929.0, 'label': '2026软科主榜 48', 'sourceUrl': 'https://www.shanghairanking.cn/rankings/bcur/2026', 'legacy': True}",{},0,,0,
4121013599,大连艺术学院,辽宁省,大连市,,辽宁省,大连市,本科,,999999,[],True,教育部2026名录（CSV镜像）,民办,2353,https://www.dac.edu.cn/,"校本部：辽宁省大连市金普新区同汇路19号,老校区：辽宁省大连市经济技术开发区东北大街92号",True,,,,,,,,,,,,{},0,,0,
4121013609,辽宁中医药大学杏林学院,辽宁省,沈阳市,,辽宁省,沈阳市,本科,,999999,[],True,教育部2026名录（CSV镜像）,民办,2344,http://www.lncmxl.edu.cn/,沈阳市沈北新区沈北路81号,True,,,,,,,,,,,,{},0,,0,
4121013610,辽宁何氏医学院,辽宁省,沈阳市,,辽宁省,沈阳市,本科,78,972,[],True,教育部2026名录（CSV镜像）,民办,2346,https://www.huh.edu.cn/,辽宁省沈阳市浑南新区泗水街66号,True,,,,,,,,,,,"{'rankingId': 'legacy-shanghairanking-bcur', 'edition': '2026', 'sortValue': 972.0, 'label': '2026软科主榜 78', 'sourceUrl': 'https://www.shanghairanking.cn/rankings/bcur/2026', 'legacy': True}",{},0,,0,
4121013621,沈阳科技学院,辽宁省,沈阳市,,辽宁省,沈阳市,本科,100+,1054,[],True,教育部2026名录（CSV镜像）,民办,2350,https://www.syist.edu.cn/,辽宁省沈阳市浑南区全运二西路30号,True,,,,,,,,,,,"{'rankingId': 'legacy-shanghairanking-bcur', 'edition': '2026', 'sortValue': 1054.0, 'label': '2026软科分类标签 100+', 'sourceUrl': 'https://www.shanghairanking.cn/rankings/bcur/2026', 'legacy': True}",{},0,,0,
4121013631,大连东软信息学院,辽宁省,大连市,,辽宁省,大连市,本科,5,873,[],True,教育部2026名录（CSV镜像）,民办,2351,https://www.neusoft.edu.cn/,"软件园校区：辽宁省大连市甘井子区软件园路8号,博川校区：辽宁省大连市高新园区博川路8号",True,,,,,,,,,,,"{'rankingId': 'legacy-shanghairanking-bcur', 'edition': '2026', 'sortValue': 873.0, 'label': '2026软科主榜 5', 'sourceUrl': 'https://www.shanghairanking.cn/rankings/bcur/2026', 'legacy': True}",{},0,,0,
4121013900,辽宁财贸学院,辽宁省,葫芦岛市,,辽宁省,葫芦岛市,本科,财25,969,[],True,教育部2026名录（CSV镜像）,民办,2352,https://www.lncmxy.com,辽宁省兴城市兴海北街167号,True,,,,,,,,,,,"{'rankingId': 'legacy-shanghairanking-bcur', 'edition': '2026', 'sortValue': 969.0, 'label': '2026软科分类标签 财25', 'sourceUrl': 'https://www.shanghairanking.cn/rankings/bcur/2026', 'legacy': True}",{},0,,0,
4121013957,辽宁传媒学院,辽宁省,沈阳市,,辽宁省,沈阳市,本科,语4,882,[],True,教育部2026名录（CSV镜像）,民办,1701,https://www.lncu.edu.cn/,"南校区：辽宁省沈阳市沈北新区沈北路30号,北校区：辽宁省沈阳市沈北新区道义北大街168号",True,,,,,,,,,,,"{'rankingId': 'legacy-shanghairanking-bcur', 'edition': '2026', 'sortValue': 882.0, 'label': '2026软科分类标签 语4', 'sourceUrl': 'https://www.shanghairanking.cn/rankings/bcur/2026', 'legacy': True}",{},0,,0,
4121014435,营口理工学院,辽宁省,营口市,,辽宁省,营口市,本科,500+,789,[],False,教育部2026名录（CSV镜像）,,3061,https://www.yku.edu.cn/,辽宁省营口市博文路46号,True,,,,,,,,,,,"{'rankingId': 'legacy-shanghairanking-bcur', 'edition': '2026', 'sortValue': 789.0, 'label': '2026软科分类标签 500+', 'sourceUrl': 'https://www.shanghairanking.cn/rankings/bcur/2026', 'legacy': True}",{},0,,0,
4121010171,朝阳师范学院,辽宁省,朝阳市,,辽宁省,朝阳市,本科,,999999,[],False,教育部2026名录（CSV镜像）,,1671,https://www.cynu.edu.cn/,辽宁省朝阳市双塔区龙山街四段966号,True,,,,,,,,,,,,{},0,,0,
4121010179,抚顺师范高等专科学校,辽宁省,抚顺市,,辽宁省,抚顺市,专科,,999999,[],False,教育部2026名录（CSV镜像）,,1672,http://www.fsvti.edu.cn/cnc_school/division/01/portal_index.html,辽宁省抚顺市望花区旺力街89号,True,,,,,,,,,,,,{},0,,0,
4121010180,锦州师范高等专科学校,辽宁省,锦州市,,辽宁省,锦州市,专科,,999999,[],False,教育部2026名录（CSV镜像）,,1673,http://www.jzsz.com.cn/,"校本部：辽宁省锦州市凌河区松坡里189号,滨海新校区：辽宁省锦州市经济技术开发区金山大街18号",True,,,,,,,,,,,,{},0,,0,
4121010181,营口职业技术学院,辽宁省,营口市,,辽宁省,营口市,专科,,999999,[],False,教育部2026名录（CSV镜像）,,1677,https://www.ykvtc.edu.cn/,辽宁省营口市西市区新海大街222号,True,,,,,,,,,,,,{},0,,0,
4121010182,铁岭师范高等专科学校,辽宁省,铁岭市,,辽宁省,铁岭市,专科,,999999,[],False,教育部2026名录（CSV镜像）,,1674,https://www.tlsz.com.cn/,辽宁省铁岭市凡河新区黑龙江路45号,True,,,,,,,,,,,,{},0,,0,
4121010845,大连职业技术学院,辽宁省,大连市,,辽宁省,大连市,专科,,999999,[],False,教育部2026名录（CSV镜像）,,1678,https://www.dlvtc.edu.cn/,"夏家河子校区：辽宁省大连市甘井子区夏泊路100号,白云校区：辽宁省大连市西岗区彩云路90号,普湾校区：辽宁省大连市金州区海皮公路,南关岭校区：辽宁省大连市甘井子区南关东街6号",True,,,,,,,,,,,,{},0,,0,
4121010957,辽宁农业职业技术学院,辽宁省,营口市,,辽宁省,营口市,专科,,999999,[],False,教育部2026名录（CSV镜像）,,1679,https://www.lnnzy.ln.cn/,辽宁省营口市鲅鱼圈区科研街1号,True,,,,,,,,,,,,{},0,,0,
4121011037,抚顺职业技术学院,辽宁省,抚顺市,,辽宁省,抚顺市,专科,,999999,[],False,教育部2026名录（CSV镜像）,,1680,http://www.fsvti.edu.cn/cnc_school/division/01/portal_index.html,辽宁省抚顺市经济开发区旺力街89号,True,,,,,,,,,,,,{},0,,0,
4121011249,辽阳职业技术学院,辽宁省,辽阳市,,辽宁省,辽阳市,专科,,999999,[],False,教育部2026名录（CSV镜像）,,1681,https://www.419.com.cn/,辽宁省辽阳市铁西路150号,True,,,,,,,,,,,,{},0,,0,
4121011250,阜新高等专科学校,辽宁省,阜新市,,辽宁省,阜新市,专科,,999999,[],False,教育部2026名录（CSV镜像）,,1675,https://www.fxgz.com.cn/,辽宁省阜新市海州区育红路36号,True,,,,,,,,,,,,{},0,,0,
4121011500,辽宁省交通高等专科学校,辽宁省,沈阳市,,辽宁省,沈阳市,专科,,999999,[],False,教育部2026名录（CSV镜像）,,1676,https://www.lncc.edu.cn/,辽宁省沈阳市沈北新区建设南一路5号,True,,,,,,,,,,,,{},0,,0,
4121011735,辽宁税务高等专科学校,辽宁省,大连市,,辽宁省,大连市,专科,,999999,[],False,教育部2026名录（CSV镜像）,,,,,True,,,,,,,,,,,,{},0,,0,
4121012063,盘锦职业技术学院,辽宁省,盘锦市,,辽宁省,盘锦市,专科,,999999,[],False,教育部2026名录（CSV镜像）,,1682,https://www.pjzy.net.cn/,辽宁省盘锦市辽滨沿海经济技术开发区正邦路999号,True,,,,,,,,,,,,{},0,,0,
4121012590,沈阳航空职业技术学院,辽宁省,沈阳市,,辽宁省,沈阳市,专科,,999999,[],False,教育部2026名录（CSV镜像）,,,,,True,,,,,,,,,,,,{},0,,0,
4121012591,辽宁体育运动职业技术学院,辽宁省,沈阳市,,辽宁省,沈阳市,专科,,999999,[],False,教育部2026名录（CSV镜像）,,,,,True,,,,,,,,,,,,{},0,,0,
4121012592,辽宁职业学院,辽宁省,铁岭市,,辽宁省,铁岭市,专科,,999999,[],False,教育部2026名录（CSV镜像）,,1685,http://www.lnvc.edu.cn/,辽宁省铁岭市银州区岭东街一委,True,,,,,,,,,,,,{},0,,0,
4121012593,辽宁生态工程职业学院,辽宁省,沈阳市,,辽宁省,沈阳市,专科,,999999,[],False,教育部2026名录（CSV镜像）,,3416,https://www.lnstzy.cn/,"南校区：辽宁省沈阳市苏家屯区枫杨路186号,北校区：辽宁省沈阳市沈北新区虎石台街道建设南一路,鞍山市职教城：辽宁省鞍山市铁西区千山西路690号",True,,,,,,,,,,,,{},0,,0,
4121012594,沈阳职业技术学院,辽宁省,沈阳市,,辽宁省,沈阳市,专科,,999999,[],False,教育部2026名录（CSV镜像）,,1687,https://www.vtcsy.edu.cn/,"校本部：辽宁省沈阳市大东区劳动路32号,汽车分院：辽宁省沈阳市沈河区文萃路124号",True,,,,,,,,,,,,{},0,,0,
4121012730,大连商务职业学院,辽宁省,大连市,,辽宁省,大连市,专科,,999999,[],True,教育部2026名录（CSV镜像）,民办,,,,False,nonRecruiting,已停止招生,2015年前,https://www.chinaschool.com.cn/i_region/i_6_liaoning/b_19/b_19.html,当前院校资料页直接标注大连商务职业学院“已停招”，并将院校概述标注为来源于学校官网；辽宁省高等职业教育质量年度报告的2015学年数据也将大连商务职业学院列入已停招院校。学校仍保留教育部普通高校名录标识码，不等同于恢复招生。,,,,,,,{},0,,0,
4121012895,辽宁金融职业学院,辽宁省,沈阳市,,辽宁省,沈阳市,专科,,999999,[],False,教育部2026名录（CSV镜像）,,1688,https://www.lnfvc.edu.cn/,辽宁省沈阳市沈北新区虎石台南大街38号,True,,,,,,,,,,,,{},0,,0,
4121012896,辽宁轨道交通职业学院,辽宁省,沈阳市,,辽宁省,沈阳市,专科,,999999,[],False,教育部2026名录（CSV镜像）,,3106,https://www.lngpi.edu.cn/,辽宁省沈阳经济技术开发区十三号路17甲5号,True,,,,,,,,,,,,{},0,,0,
4121012897,辽宁广告职业学院,辽宁省,沈阳市,,辽宁省,沈阳市,专科,,999999,[],True,教育部2026名录（CSV镜像）,民办,1704,https://www.ggxy.com/,辽宁省沈阳市于洪区造化街道郭大桥村,True,,,,,,,,,,,,{},0,,0,
4121012898,辽宁机电职业技术学院,辽宁省,丹东市,,辽宁省,丹东市,专科,,999999,[],False,教育部2026名录（CSV镜像）,,1690,https://www.lnmec.net.cn/,"仪表园校区：辽宁省丹东市振兴区洋河大街30号,浪头校区：辽宁省丹东市振兴区北环路",True,,,,,,,,,,,,{},0,,0,
4121012899,辽宁经济职业技术学院,辽宁省,沈阳市,,辽宁省,沈阳市,专科,,999999,[],False,教育部2026名录（CSV镜像）,,1691,https://www.lnemci.com,辽宁省沈阳市沈北新区沈北路88号,True,,,,,,,,,,,,{},0,,0,
4121012900,辽宁石化职业技术学院,辽宁省,锦州市,,辽宁省,锦州市,专科,,999999,[],False,教育部2026名录（CSV镜像）,,1692,https://www.lnpc.edu.cn/,"古塔校区：辽宁省锦州市北京路二段四号,滨海校区：辽宁省锦州市太和区柳江街2段2号",True,,,,,,,,,,,,{},0,,0,
4121012931,渤海船舶职业学院,辽宁省,葫芦岛市,,辽宁省,葫芦岛市,专科,,999999,[],False,教育部2026名录（CSV镜像）,,1693,https://www.bhsvc.edu.cn/,辽宁省葫芦岛市兴城市龙兴路29号,True,,,,,,,,,,,,{},0,,0,
4121013958,大连软件职业学院,辽宁省,大连市,,辽宁省,大连市,专科,,999999,[],True,教育部2026名录（CSV镜像）,民办,,,,True,,,,,,,,,,,,{},0,,0,
4121013959,大连翻译职业学院,辽宁省,大连市,,辽宁省,大连市,专科,,999999,[],True,教育部2026名录（CSV镜像）,民办,,,,False,nonRecruiting,已停止招生 / 长期无正常办学活动,2015,https://www.zggx100.com/sys-nd/7865.html,公开高校状态梳理记录大连翻译职业学院2015年已停止招收应届高中毕业生、官网停用；并引用辽宁省民政厅2022年因其连续两年未按规定年检而作出的停止活动6个月行政处罚，说明其不应参与现役高校榜单。,,,,,,,{},0,,0,
4121013960,辽宁商贸职业学院,辽宁省,沈阳市,,辽宁省,沈阳市,专科,,999999,[],False,教育部2026名录（CSV镜像）,,,,,True,,,,,,,,,,,,{},0,,0,
4121013961,大连枫叶职业技术学院,辽宁省,大连市,,辽宁省,大连市,专科,,999999,[],True,教育部2026名录（CSV镜像）,民办,1700,https://www.dlfy.edu.cn/,"大黑石校区：辽宁省大连市甘井子区营城子街道大黑石旅游度假区,七顶山校区：辽宁省大连市金州区七顶山街道",True,,,,,,,,,,,,{},0,,0,
4121014076,辽宁装备制造职业技术学院,辽宁省,沈阳市,,辽宁省,沈阳市,专科,,999999,[],False,教育部2026名录（CSV镜像）,,1694,https://www.ltcem.com/,"校本部：辽宁省沈阳市沈北新区蒲河新城裕农路70号,榆林校区：辽宁省沈阳市大东区榆林大街53号",True,,,,,,,,,,,,{},0,,0,
4121014077,辽河石油职业技术学院,辽宁省,盘锦市,,辽宁省,盘锦市,专科,,999999,[],False,教育部2026名录（CSV镜像）,,1695,https://www.lpvtc.cn/,辽宁省盘锦市盘山县甜水镇,True,,,,,,,,,,,,{},0,,0,
4121014106,辽宁地质工程职业学院,辽宁省,丹东市,,辽宁省,丹东市,专科,,999999,[],False,教育部2026名录（CSV镜像）,,1696,https://www.lngc.edu.cn/,辽宁省丹东市振兴区接梨树大街1号,True,,,,,,,,,,,,{},0,,0,
4121014188,辽宁铁道职业技术学院,辽宁省,锦州市,,辽宁省,锦州市,专科,,999999,[],False,教育部2026名录（CSV镜像）,,2333,https://www.lntdxy.com/,辽宁省锦州市凌河区松坡里129号,True,,,,,,,,,,,,{},0,,0,
4121014189,辽宁建筑职业学院,辽宁省,辽阳市,,辽宁省,辽阳市,专科,,999999,[],False,教育部2026名录（CSV镜像）,,2334,https://www.lnjzxy.edu.cn/,"北校区：辽宁省辽阳市白塔区青年大街24号,南校区：辽宁省辽阳市南郊街11号",True,,,,,,,,,,,,{},0,,0,
4121014209,大连航运职业技术学院,辽宁省,大连市,,辽宁省,大连市,专科,,999999,[],True,教育部2026名录（CSV镜像）,民办,2354,http://www.dlsc.net.cn/,辽宁省大连市旅顺经济开发区金昌街1号,True,,,,,,,,,,,,{},0,,0,
4121014227,大连装备制造职业技术学院,辽宁省,大连市,,辽宁省,大连市,专科,,999999,[],True,教育部2026名录（CSV镜像）,民办,2356,https://www.dlemcedu.cn/,辽宁省大连市金州新区大魏家街道魏兴路66号,True,,,,,,,,,,,,{},0,,0,
4121014228,大连汽车职业技术学院,辽宁省,大连市,,辽宁省,大连市,专科,,999999,[],True,教育部2026名录（CSV镜像）,民办,2357,https://www.dlqcxy.net/,"校本部：辽宁省大连市甘井子区华北路北市商贸街158号,高新校区：大连市旅顺口区宏川东路70号",True,,,,,,,,,,,,{},0,,0,
4121014240,辽宁现代服务职业技术学院,辽宁省,沈阳市,,辽宁省,沈阳市,专科,,999999,[],False,教育部2026名录（CSV镜像）,,2335,https://www.lnxdfwxy.edu.cn,辽宁省沈阳市沈北新区蒲河新城通顺街81号,True,,,,,,,,,,,,{},0,,0,
4121014286,辽宁冶金职业技术学院,辽宁省,本溪市,,辽宁省,本溪市,专科,,999999,[],False,教育部2026名录（CSV镜像）,,2655,http://lnyj.net/,"主校区：辽宁省本溪市明山区平山路154号,分校区：辽宁省本溪市平山区春麓街环山路60号",True,,,,,,,,,,,,{},0,,0,
4121014287,辽宁工程职业学院,辽宁省,铁岭市,,辽宁省,铁岭市,专科,,999999,[],False,教育部2026名录（CSV镜像）,,2652,https://www.lngczyxy.com/,辽宁省铁岭市新城区鸭绿江路18号,True,,,,,,,,,,,,{},0,,0,
4121014288,辽宁城市建设职业技术学院,辽宁省,沈阳市,,辽宁省,沈阳市,专科,,999999,[],False,教育部2026名录（CSV镜像）,,2651,https://www.lncjxy.com,沈阳市沈北新区虎石台开发区蒲硕路88号,True,,,,,,,,,,,,{},0,,0,
4121014289,辽宁医药职业学院,辽宁省,沈阳市,,辽宁省,沈阳市,专科,,999999,[],False,教育部2026名录（CSV镜像）,,2654,https://www.lnvcm.edu.cn/,"沈阳校区：辽宁省沈阳市苏家屯区乔松路2号,本溪校区：辽宁省本溪市溪湖区枫叶路206号",True,,,,,,,,,,,,{},0,,0,
4121014290,铁岭卫生职业学院,辽宁省,铁岭市,,辽宁省,铁岭市,专科,,999999,[],False,教育部2026名录（CSV镜像）,,2656,https://www.lntlhc.com/,辽宁省铁岭市凡河新区钟山路21号,True,,,,,,,,,,,,{},0,,0,
4121014385,沈阳北软信息职业技术学院,辽宁省,沈阳市,,辽宁省,沈阳市,专科,,999999,[],True,教育部2026名录（CSV镜像）,民办,3063,https://www.nsi-soft.com/nsi/index,辽宁省沈阳市沈北路53号,True,,,,,,,,,,,,{},0,,0,
4121014398,辽宁政法职业学院,辽宁省,沈阳市,,辽宁省,沈阳市,专科,,999999,[],False,教育部2026名录（CSV镜像）,,,,,True,,,,,,,,,,,,{},0,,0,
4121014464,辽宁民族师范高等专科学校,辽宁省,沈阳市,,辽宁省,沈阳市,专科,,999999,[],False,教育部2026名录（CSV镜像）,,3228,https://www.lnnc.edu.cn,"沈阳校区：辽宁省沈阳市皇姑区崇山东路45号,阜新校区：辽宁省阜新市细河区育红路40号",True,,,,,,,,,,,,{},0,,0,
4121014473,辽宁轻工职业学院,辽宁省,大连市,,辽宁省,大连市,专科,,999999,[],False,教育部2026名录（CSV镜像）,,3105,https://www.lnli.edu.cn/,辽宁省大连市金普新区金港路288号,True,,,,,,,,,,,,{},0,,0,
4121014526,辽宁特殊教育师范高等专科学校,辽宁省,沈阳市,,辽宁省,沈阳市,专科,,999999,[],False,教育部2026名录（CSV镜像）,,3161,https://www.lntjsz.edu.cn/,沈阳市东陵区柏叶306号,True,,,,,,,,,,,,{},0,,0,
4121014662,辽宁师范高等专科学校,辽宁省,沈阳市,,辽宁省,沈阳市,专科,,999999,[],False,教育部2026名录（CSV镜像）,,3478,https://www.lnnc.ln.cn/,"主校区：沈阳市浑南区沈营大街650-17号,奥体校区：辽宁省沈阳市浑南新区富民南街56号",True,,,,,,,,,,,,{},0,,0,
4121014700,鞍山职业技术学院,辽宁省,鞍山市,,辽宁省,鞍山市,专科,,999999,[],False,教育部2026名录（CSV镜像）,,3500,http://www.aszyjsxy.cn/,辽宁省鞍山市千山西路690号,True,,,,,,,,,,,,{},0,,0,
4221051143,朝阳职业技术学院,辽宁省,朝阳市,,辽宁省,朝阳市,专科,,999999,[],False,教育部2026名录（CSV镜像）,,3895,,,True,,,,,,,,,,,,{},0,,0,
4122010183,吉林大学,吉林省,长春市,,吉林省,长春市,本科,26,26,"['985', '211', '双一流']",False,教育部2026名录（CSV镜像）,,122,https://www.jlu.edu.cn/,"前卫北区：吉林省长春市朝阳区解放大路2519号,前卫南区： 吉林省长春市朝阳区前进大街2699号,南岭校区：吉林省长春市人民大街5988号,新民校区：吉林省长春市朝阳区新民大街828号,朝阳校区：吉林省长春市朝阳区西民主大街938号,和平校区：吉林省长春市绿园区西安大路5333号,南湖校区：吉林省长春市朝阳区南湖大路5372号",True,,,,,,,,,,,"{'rankingId': 'legacy-shanghairanking-bcur', 'edition': '2026', 'sortValue': 26.0, 'label': '2026软科主榜 26', 'sourceUrl': 'https://www.shanghairanking.cn/rankings/bcur/2026', 'legacy': True}",{},0,,0,
4122010184,延边大学,吉林省,延边朝鲜族自治州,,吉林省,延边朝鲜族自治州,本科,157,216,"['211', '双一流']",False,教育部2026名录（CSV镜像）,,129,https://www.ybu.edu.cn/,"延吉校区：吉林省延边朝鲜族自治州延吉市公园街道园航社区公园路977号,珲春校区：吉林省延边朝鲜族自治州珲春市站前大街5588号",True,,,,,,,,,,,"{'rankingId': 'legacy-shanghairanking-bcur', 'edition': '2026', 'sortValue': 216.0, 'label': '2026软科主榜 157', 'sourceUrl': 'https://www.shanghairanking.cn/rankings/bcur/2026', 'legacy': True}",{},0,,0,
4122010186,长春理工大学,吉林省,长春市,,吉林省,长春市,本科,138,190,[],False,教育部2026名录（CSV镜像）,,379,https://www.cust.edu.cn,"东校区：吉林省长春市朝阳区卫星路7089号,南校区：吉林省长春市朝阳区卫星路7186号,西校区：吉林省长春市朝阳区卫星路7989号",True,,,,,,,,,,,"{'rankingId': 'legacy-shanghairanking-bcur', 'edition': '2026', 'sortValue': 190.0, 'label': '2026软科主榜 138', 'sourceUrl': 'https://www.shanghairanking.cn/rankings/bcur/2026', 'legacy': True}",{},0,,0,
4122010188,东北电力大学,吉林省,吉林市,,吉林省,吉林市,本科,208,288,[],False,教育部2026名录（CSV镜像）,,393,https://www.neepu.edu.cn/,吉林省吉林市船营区长春街（路）169号,True,,,,,,,,,,,"{'rankingId': 'legacy-shanghairanking-bcur', 'edition': '2026', 'sortValue': 288.0, 'label': '2026软科主榜 208', 'sourceUrl': 'https://www.shanghairanking.cn/rankings/bcur/2026', 'legacy': True}",{},0,,0,
4122010190,长春工业大学,吉林省,长春市,,吉林省,长春市,本科,245,347,[],False,教育部2026名录（CSV镜像）,,381,https://www.ccut.edu.cn,"南湖校区：吉林省长春市朝阳区延安大街2055号,北湖校区：吉林省长春市高新技术产业开发区北区北远达大街3000号",True,,,,,,,,,,,"{'rankingId': 'legacy-shanghairanking-bcur', 'edition': '2026', 'sortValue': 347.0, 'label': '2026软科主榜 245', 'sourceUrl': 'https://www.shanghairanking.cn/rankings/bcur/2026', 'legacy': True}",{},0,,0,
4122010191,吉林建筑大学,吉林省,长春市,,吉林省,长春市,本科,294,435,[],False,教育部2026名录（CSV镜像）,,395,https://www.jlju.edu.cn,吉林省长春市净月开发区新城大街5088号,True,,,,,,,,,,,"{'rankingId': 'legacy-shanghairanking-bcur', 'edition': '2026', 'sortValue': 435.0, 'label': '2026软科主榜 294', 'sourceUrl': 'https://www.shanghairanking.cn/rankings/bcur/2026', 'legacy': True}",{},0,,0,
4122010192,吉林化工大学,吉林省,吉林市,,吉林省,吉林市,本科,412,604,[],False,教育部2026名录（CSV镜像）,,400,https://www.jlict.edu.cn/,"龙潭校区：吉林省吉林市龙潭区承德街45号,丰满校区：吉林省吉林市丰满区石井街道江炼社区联油路48号,双吉校区：吉林省吉林市经济技术开发区双吉街",True,,,,,,,,,,,"{'rankingId': 'legacy-shanghairanking-bcur', 'edition': '2026', 'sortValue': 604.0, 'label': '2026软科主榜 412', 'sourceUrl': 'https://www.shanghairanking.cn/rankings/bcur/2026', 'legacy': True}",{},0,,0,
4122010193,吉林农业大学,吉林省,长春市,,吉林省,长春市,本科,161,223,[],False,教育部2026名录（CSV镜像）,,384,https://www.jlau.edu.cn,吉林省长春市南关区福祉街道新城大街2888号,True,,,,,,,,,,,"{'rankingId': 'legacy-shanghairanking-bcur', 'edition': '2026', 'sortValue': 223.0, 'label': '2026软科主榜 161', 'sourceUrl': 'https://www.shanghairanking.cn/rankings/bcur/2026', 'legacy': True}",{},0,,0,
4122010199,长春中医药大学,吉林省,长春市,,吉林省,长春市,本科,中医15,287,[],False,教育部2026名录（CSV镜像）,,404,https://www.ccucm.edu.cn/,"净月校区：吉林省长春市净月开发区博硕路1035号,东民主校区：吉林省长春市朝阳区永昌街道杏花村社区东民主大街482号,红旗校区：吉林省长春市朝阳区红旗街道富锦社区工农大路1478号",True,,,,,,,,,,,"{'rankingId': 'legacy-shanghairanking-bcur', 'edition': '2026', 'sortValue': 287.0, 'label': '2026软科分类标签 中医15', 'sourceUrl': 'https://www.shanghairanking.cn/rankings/bcur/2026', 'legacy': True}",{},0,,0,
4122010200,东北师范大学,吉林省,长春市,,吉林省,长春市,本科,48,54,"['211', '双一流']",False,教育部2026名录（CSV镜像）,,142,https://www.nenu.edu.cn/,"人民大街校区：吉林省长春市南关区人民大街5268号,净月大街校区：吉林省长春市净月开发区净月大街2555号",True,,,,,,,,,,,"{'rankingId': 'legacy-shanghairanking-bcur', 'edition': '2026', 'sortValue': 54.0, 'label': '2026软科主榜 48', 'sourceUrl': 'https://www.shanghairanking.cn/rankings/bcur/2026', 'legacy': True}",{},0,,0,
4122010201,北华大学,吉林省,吉林市,,吉林省,吉林市,本科,308,460,[],False,教育部2026名录（CSV镜像）,,374,https://www.beihua.edu.cn,"东校区：吉林省吉林市丰满区江南乡永安村滨江东路3999号,师范分院校区：吉林省吉林市吉林高新技术产业开发区高新街道日升社区吉林大街22号,南校区：吉林省吉林市吉林高新技术产业开发区高新街道师苑社区吉林大街15号,北校区：吉林省吉林市龙潭区山前街道新山社区新山街1号",True,,,,,,,,,,,"{'rankingId': 'legacy-shanghairanking-bcur', 'edition': '2026', 'sortValue': 460.0, 'label': '2026软科主榜 308', 'sourceUrl': 'https://www.shanghairanking.cn/rankings/bcur/2026', 'legacy': True}",{},0,,0,
4122010202,通化师范学院,吉林省,通化市,,吉林省,通化市,本科,459,662,[],False,教育部2026名录（CSV镜像）,,408,https://www.thnu.edu.cn/publish,"育才校区：吉林省通化市东昌区老站街道新园社区育才路950号,海龙校区：吉林省通化市梅河口市福民街道砂轮社区金苑路555号,白山校区：吉林省白山市浑江区江北街道青山湖社区北安大街2998号,文明校区：吉林省通化市东昌区光明街道朝阳社区文明路1078号",True,,,,,,,,,,,"{'rankingId': 'legacy-shanghairanking-bcur', 'edition': '2026', 'sortValue': 662.0, 'label': '2026软科主榜 459', 'sourceUrl': 'https://www.shanghairanking.cn/rankings/bcur/2026', 'legacy': True}",{},0,,0,
4122010203,吉林师范大学,吉林省,四平市,,吉林省,四平市,本科,322,478,[],False,教育部2026名录（CSV镜像）,,390,https://www.jlnu.edu.cn,"四平校区：吉林省四平市铁西区海丰大街1301号,辽源分院校区：辽源市西安区东山街道东山社区仙城大街2348号,长春校区：吉林省长春市高新区卓越大街399号",True,,,,,,,,,,,"{'rankingId': 'legacy-shanghairanking-bcur', 'edition': '2026', 'sortValue': 478.0, 'label': '2026软科主榜 322', 'sourceUrl': 'https://www.shanghairanking.cn/rankings/bcur/2026', 'legacy': True}",{},0,,0,
4122010204,吉林工程技术师范学院,吉林省,长春市,,吉林省,长春市,本科,482,686,[],False,教育部2026名录（CSV镜像）,,405,http://www.jlenu.edu.cn/,"凯旋校区：吉林省长春市宽城区凯旋街道一心街社区凯旋路3050号,长德校区：吉林省长春市宽城区米沙子镇太平村委会长德大街与京哈高速引线交汇处西行300米",True,,,,,,,,,,,"{'rankingId': 'legacy-shanghairanking-bcur', 'edition': '2026', 'sortValue': 686.0, 'label': '2026软科主榜 482', 'sourceUrl': 'https://www.shanghairanking.cn/rankings/bcur/2026', 'legacy': True}",{},0,,0,
4122010205,长春师范大学,吉林省,长春市,,吉林省,长春市,本科,337,497,[],False,教育部2026名录（CSV镜像）,,387,https://www.ccsfu.edu.cn/,"长吉校区：吉林省长春市二道区长吉北路677号,乐群校区：吉林省长春市吉林大路3291号,北湖校区：吉林省长春市高新技术产业开发区奋进乡一间堡社区",True,,,,,,,,,,,"{'rankingId': 'legacy-shanghairanking-bcur', 'edition': '2026', 'sortValue': 497.0, 'label': '2026软科主榜 337', 'sourceUrl': 'https://www.shanghairanking.cn/rankings/bcur/2026', 'legacy': True}",{},0,,0,
4122010206,白城师范学院,吉林省,白城市,,吉林省,白城市,本科,500+,708,[],False,教育部2026名录（CSV镜像）,,410,https://www.bcnu.edu.cn/,"经开校区：吉林省白城市吉林白城经济开发区保平街道阳光社区中兴西大路57号,新立校区（白城师范学院分院）：吉林省白城市吉林白城经济开发区幸福街道二三七社区白平公路50-34号",True,,,,,,,,,,,"{'rankingId': 'legacy-shanghairanking-bcur', 'edition': '2026', 'sortValue': 708.0, 'label': '2026软科分类标签 500+', 'sourceUrl': 'https://www.shanghairanking.cn/rankings/bcur/2026', 'legacy': True}",{},0,,0,
4122010207,吉林财经大学,吉林省,长春市,,吉林省,长春市,本科,财19,313,[],False,教育部2026名录（CSV镜像）,,412,https://www.jlufe.edu.cn,吉林省长春市净月大街3699号,True,,,,,,,,,,,"{'rankingId': 'legacy-shanghairanking-bcur', 'edition': '2026', 'sortValue': 313.0, 'label': '2026软科分类标签 财19', 'sourceUrl': 'https://www.shanghairanking.cn/rankings/bcur/2026', 'legacy': True}",{},0,,0,
4122010208,吉林体育学院,吉林省,长春市,,吉林省,长春市,本科,体13,661,[],False,教育部2026名录（CSV镜像）,,413,https://www.jlsu.edu.cn/,"南岭校区：吉林省长春市自由大路2476号,临河校区：吉林省长春市经开区临河街5699号",True,,,,,,,,,,,"{'rankingId': 'legacy-shanghairanking-bcur', 'edition': '2026', 'sortValue': 661.0, 'label': '2026软科分类标签 体13', 'sourceUrl': 'https://www.shanghairanking.cn/rankings/bcur/2026', 'legacy': True}",{},0,,0,
4122010209,吉林艺术学院,吉林省,长春市,,吉林省,长春市,本科,,999999,[],False,教育部2026名录（CSV镜像）,,1291,https://www.jlart.edu.cn/,"自由大路校区：吉林省长春市朝阳区桂林街道西康路西社区自由大路695号,红旗街校区：吉林省长春市朝阳区湖西街道集安路社区红旗街2077号,建设广场校区：吉林省长春市朝阳区红旗街道天宝社区建设街2663号,松辉路校区：吉林省长春市朝阳区湖西街道富豪社区松辉路226号,繁荣路校区：吉林省长春市南关区鸿城街道繁荣社区人民大街7696号",True,,,,,,,,,,,,{},0,,0,
4122010964,吉林外国语大学,吉林省,长春市,,吉林省,长春市,本科,语1,867,[],True,教育部2026名录（CSV镜像）,民办,411,http://www.jisu.edu.cn/,吉林省长春市净月国家高新技术产业开发区净月大街3658号,True,,,,,,,,,,,"{'rankingId': 'legacy-shanghairanking-bcur', 'edition': '2026', 'sortValue': 867.0, 'label': '2026软科分类标签 语1', 'sourceUrl': 'https://www.shanghairanking.cn/rankings/bcur/2026', 'legacy': True}",{},0,,0,
4122011261,吉林工商学院,吉林省,长春市,,吉林省,长春市,本科,财46+,805,[],False,教育部2026名录（CSV镜像）,,1604,https://www.jlbtc.edu.cn,吉林省长春市九台经济开发区卡伦湖大街1666号,True,,,,,,,,,,,"{'rankingId': 'legacy-shanghairanking-bcur', 'edition': '2026', 'sortValue': 805.0, 'label': '2026软科分类标签 财46+', 'sourceUrl': 'https://www.shanghairanking.cn/rankings/bcur/2026', 'legacy': True}",{},0,,0,
4122011437,长春工程学院,吉林省,长春市,,吉林省,长春市,本科,349,519,[],False,教育部2026名录（CSV镜像）,,394,https://www.ccit.edu.cn,"湖西校区：吉林省长春市朝阳区宽平大路395号,湖东校区：吉林省长春市朝阳区同志街3066号",True,,,,,,,,,,,"{'rankingId': 'legacy-shanghairanking-bcur', 'edition': '2026', 'sortValue': 519.0, 'label': '2026软科主榜 349', 'sourceUrl': 'https://www.shanghairanking.cn/rankings/bcur/2026', 'legacy': True}",{},0,,0,
4122011439,吉林农业科技学院,吉林省,吉林市,,吉林省,吉林市,本科,488,693,[],False,教育部2026名录（CSV镜像）,,1014,https://www.jlnku.edu.cn/,"九站校区：吉林省吉林市吉林经济技术开发区翰林路77号,左家校区：吉林省吉林市昌邑区左家自然保护区学府路1号",True,,,,,,,,,,,"{'rankingId': 'legacy-shanghairanking-bcur', 'edition': '2026', 'sortValue': 693.0, 'label': '2026软科主榜 488', 'sourceUrl': 'https://www.shanghairanking.cn/rankings/bcur/2026', 'legacy': True}",{},0,,0,
4122011441,吉林警察学院,吉林省,长春市,,吉林省,长春市,本科,政26,628,[],False,教育部2026名录（CSV镜像）,,1606,https://www.jljcxy.com/,"净月校区：吉林省长春市长春净月高新技术产业开发区博硕街道博硕社区博硕路1399号,乐山校区：吉林省长春市朝阳区乐山镇糖坊村委会",True,,,,,,,,,,,"{'rankingId': 'legacy-shanghairanking-bcur', 'edition': '2026', 'sortValue': 628.0, 'label': '2026软科分类标签 政26', 'sourceUrl': 'https://www.shanghairanking.cn/rankings/bcur/2026', 'legacy': True}",{},0,,0,
4122011726,长春大学,吉林省,长春市,,吉林省,长春市,本科,368,544,[],False,教育部2026名录（CSV镜像）,,377,https://www.ccu.edu.cn/,"卫星广场校区（东校区）：吉林省长春市朝阳区南湖街道卫星路社区卫星路6543号,高新校区（西校区）：吉林省长春市长春高新技术产业开发区双德街道科苑社区卫星路8326号",True,,,,,,,,,,,"{'rankingId': 'legacy-shanghairanking-bcur', 'edition': '2026', 'sortValue': 544.0, 'label': '2026软科主榜 368', 'sourceUrl': 'https://www.shanghairanking.cn/rankings/bcur/2026', 'legacy': True}",{},0,,0,
4122013600,长春光华学院,吉林省,长春市,,吉林省,长春市,本科,17,890,[],True,教育部2026名录（CSV镜像）,民办,2313,https://www.ghu.edu.cn,"武汉路校区：吉林省长春市经济技术开发区武汉路3555号,合肥路校区：吉林省长春市长春经济技术开发区合肥路与富阳街交汇处东,英俊校区：吉林省长春市二道区英俊镇",True,,,,,,,,,,,"{'rankingId': 'legacy-shanghairanking-bcur', 'edition': '2026', 'sortValue': 890.0, 'label': '2026软科主榜 17', 'sourceUrl': 'https://www.shanghairanking.cn/rankings/bcur/2026', 'legacy': True}",{},0,,0,
4122013601,长春工业大学人文信息学院,吉林省,长春市,,吉林省,长春市,本科,,999999,[],True,教育部2026名录（CSV镜像）,民办,1419,https://www.ccutchi.com/,"校本部：吉林省长春净月国家高新技术产业开发区福祉大路1016号,月北校区：吉林省长春市长春净月高新技术产业开发区福祉街道潭西社区福祉大路1299号",True,,,,,,,,,,,,{},0,,0,
4122013602,长春电子科技学院,吉林省,长春市,,吉林省,长春市,本科,29,905,[],True,教育部2026名录（CSV镜像）,民办,1314,http://www.changdian2001.com/,吉林省长春市宽城区学理路333号,True,,,,,,,,,,,"{'rankingId': 'legacy-shanghairanking-bcur', 'edition': '2026', 'sortValue': 905.0, 'label': '2026软科主榜 29', 'sourceUrl': 'https://www.shanghairanking.cn/rankings/bcur/2026', 'legacy': True}",{},0,,0,
4122013603,长春财经学院,吉林省,长春市,,吉林省,长春市,本科,财2,875,[],True,教育部2026名录（CSV镜像）,民办,2314,https://www.ccufe.edu.cn/,吉林省长春市净月国家高新技术产业开发区擎天树街58号,True,,,,,,,,,,,"{'rankingId': 'legacy-shanghairanking-bcur', 'edition': '2026', 'sortValue': 875.0, 'label': '2026软科分类标签 财2', 'sourceUrl': 'https://www.shanghairanking.cn/rankings/bcur/2026', 'legacy': True}",{},0,,0,
4122013604,吉林建筑科技学院,吉林省,长春市,,吉林省,长春市,本科,23,898,[],True,教育部2026名录（CSV镜像）,民办,1620,http://www.jluat.edu.cn/,吉林省长春市宽城区学建大路1111号,True,,,,,,,,,,,"{'rankingId': 'legacy-shanghairanking-bcur', 'edition': '2026', 'sortValue': 898.0, 'label': '2026软科主榜 23', 'sourceUrl': 'https://www.shanghairanking.cn/rankings/bcur/2026', 'legacy': True}",{},0,,0,
4122013605,长春建筑学院,吉林省,长春市,,吉林省,长春市,本科,65,956,[],True,教育部2026名录（CSV镜像）,民办,1409,http://www.jladi.com/,"奢岭校区：吉林省长春市双阳区奢岭高校园区,高新校区：吉林省长春市长春高新技术产业开发区双德街道阳光社区火炬路1519号",True,,,,,,,,,,,"{'rankingId': 'legacy-shanghairanking-bcur', 'edition': '2026', 'sortValue': 956.0, 'label': '2026软科主榜 65', 'sourceUrl': 'https://www.shanghairanking.cn/rankings/bcur/2026', 'legacy': True}",{},0,,0,
4122013606,长春科技学院,吉林省,长春市,,吉林省,长春市,本科,30,906,[],True,教育部2026名录（CSV镜像）,民办,1274,http://www.jlaudev.com.cn/,吉林省长春市双阳区东华大街1699号,True,,,,,,,,,,,"{'rankingId': 'legacy-shanghairanking-bcur', 'edition': '2026', 'sortValue': 906.0, 'label': '2026软科主榜 30', 'sourceUrl': 'https://www.shanghairanking.cn/rankings/bcur/2026', 'legacy': True}",{},0,,0,
4122013607,吉林动画学院,吉林省,长春市,,吉林省,长春市,本科,,999999,[],True,教育部2026名录（CSV镜像）,民办,1373,https://www.jlai.edu.cn,吉林省长春市高新区博识路168号,True,,,,,,,,,,,,{},0,,0,
4122013622,吉林师范大学博达学院,吉林省,四平市,,吉林省,四平市,本科,,999999,[],True,教育部2026名录（CSV镜像）,民办,1276,http://www.bdxy.com.cn/,"校本部：吉林省四平市铁西区东丰路西1999号,新校区：吉林省四平市铁西区果园街217-3号",True,,,,,,,,,,,,{},0,,0,
4122013623,长春大学旅游学院,吉林省,长春市,,吉林省,长春市,本科,,999999,[],True,教育部2026名录（CSV镜像）,民办,2315,https://www.tccu.edu.cn/,"奢岭校区： 吉林省长春市双阳区奢岭街道幸福村委会长清公路15公里处,净月校区：吉林省长春市长春净月高新技术产业开发区福祉街道潭西社区福祉大路1595号",True,,,,,,,,,,,,{},0,,0,
4122013662,长春人文学院,吉林省,长春市,,吉林省,长春市,本科,85,980,[],True,教育部2026名录（CSV镜像）,民办,1621,https://www.ccrw.edu.cn/,"东校区：吉林省长春市净月高新技术产业开发区博硕路1488号,西校区：吉林省长春市南关区新城大街与南环城路交叉路口",True,,,,,,,,,,,"{'rankingId': 'legacy-shanghairanking-bcur', 'edition': '2026', 'sortValue': 980.0, 'label': '2026软科主榜 85', 'sourceUrl': 'https://www.shanghairanking.cn/rankings/bcur/2026', 'legacy': True}",{},0,,0,
4122013706,吉林医药学院,吉林省,吉林市,,吉林省,吉林市,本科,医56,654,[],False,教育部2026名录（CSV镜像）,,1047,https://www.jlmu.edu.cn/,吉林省吉林市吉林大街5号,True,,,,,,,,,,,"{'rankingId': 'legacy-shanghairanking-bcur', 'edition': '2026', 'sortValue': 654.0, 'label': '2026软科分类标签 医56', 'sourceUrl': 'https://www.shanghairanking.cn/rankings/bcur/2026', 'legacy': True}",{},0,,0,
4122011436,长春汽车职业技术大学,吉林省,长春市,,吉林省,长春市,本科,,999999,[],False,教育部2026名录（CSV镜像）,,1546,https://www.caii.edu.cn/,"校本部：吉林省长春市新红旗大街1777号,范家校区：吉林省长春市公主岭市范家屯镇凯旋社区西胜利大街48号,前程校区：吉林省长春市长春汽车经济技术开发区前程街道富锋村委会心叶路1333号",True,,,,,,,,,,,,{},0,,0,
4122013161,长春职业技术大学,吉林省,长春市,,吉林省,长春市,本科,,999999,[],False,教育部2026名录（CSV镜像）,,1616,https://www.cvit.edu.cn/,"卫星校区：吉林省长春市长春经济技术开发区临河街道北海社区卫星路3278号,世纪校区：吉林省长春市长春经济技术开发区世纪街道红星社区净月大街289号,龙嘉校区：吉林省长春市九台区兴港街道袁家村委会长吉北线26公里处",True,,,,,,,,,,,,{},0,,0,
4122014052,吉林铁道职业技术大学,吉林省,吉林市,,吉林省,吉林市,本科,,999999,[],False,教育部2026名录（CSV镜像）,,1618,https://www.jty.edu.cn/,吉林省吉林市永吉经济开发区吉桦东路1号,True,,,,,,,,,,,,{},0,,0,
3622000335,长春师范高等专科学校,吉林省,长春市,,吉林省,长春市,专科,,999999,[],False,教育部2026名录（CSV镜像）,,3328,https://www.ccnc.edu.cn/,长春市农安经济开发区合隆镇长隆大街2015-1号,True,,,,,,,,,,,,{},0,,0,
4122010847,辽源职业技术学院,吉林省,辽源市,,吉林省,辽源市,专科,,999999,[],False,教育部2026名录（CSV镜像）,,1609,https://lyvtc.edu.cn/,吉林省辽源市光明街777号辽源现代职教园区,True,,,,,,,,,,,,{},0,,0,
4122011044,四平职业大学,吉林省,四平市,,吉林省,四平市,专科,,999999,[],False,教育部2026名录（CSV镜像）,,1610,http://www.spvu.edu.cn/,吉林省四平市铁东区沥山路5117号,True,,,,,,,,,,,,{},0,,0,
4122011440,长春金融高等专科学校,吉林省,长春市,,吉林省,长春市,专科,,999999,[],False,教育部2026名录（CSV镜像）,,1605,https://www.cjgz.edu.cn/,吉林省长春市二道区泉眼镇岗子村委会雾开河大街1666号,True,,,,,,,,,,,,{},0,,0,
4122011823,长春医学高等专科学校,吉林省,长春市,,吉林省,长春市,专科,,999999,[],False,教育部2026名录（CSV镜像）,,1607,https://www.ccmc.edu.cn/,吉林省长春市吉林大路6177号,True,,,,,,,,,,,,{},0,,0,
4122012049,吉林交通职业技术学院,吉林省,长春市,,吉林省,长春市,专科,,999999,[],False,教育部2026名录（CSV镜像）,,1611,https://www.jljy.edu.cn/,"校本部：吉林省长春市高新区电台街63号,高新校区：吉林省长春市朝阳区学苑街219号",True,,,,,,,,,,,,{},0,,0,
4122012306,长春医药职业学院,吉林省,长春市,,吉林省,长春市,专科,,999999,[],True,教育部2026名录（CSV镜像）,民办,1622,http://www.dfzyxy.net/,吉林省长春市宽城区长德街道四家子村委会金汇大路621号,True,,,,,,,,,,,,{},0,,0,
4122012901,吉林司法警官职业学院,吉林省,长春市,,吉林省,长春市,专科,,999999,[],False,教育部2026名录（CSV镜像）,,1612,https://www.jlsfjy.cn/,吉林省长春市合隆经济开发区景苑路1号,True,,,,,,,,,,,,{},0,,0,
4122012902,吉林电子信息职业技术学院,吉林省,吉林市,,吉林省,吉林市,专科,,999999,[],False,教育部2026名录（CSV镜像）,,1613,https://www.jltc.edu.cn/,"汉阳校区：吉林省吉林市龙潭区汉阳街65号,新山校区：吉林省吉林市龙潭区新山街100号",True,,,,,,,,,,,,{},0,,0,
4122012903,吉林工业职业技术学院,吉林省,吉林市,,吉林省,吉林市,专科,,999999,[],False,教育部2026名录（CSV镜像）,,1614,https://www.jvcit.edu.cn,"恒山西路校区：吉林省吉林市丰满区泰山街道实化社区恒山西路15号,吉桦东路校区：吉林省吉林市永吉县永吉经济开发区洋草沟村吉桦东路168号",True,,,,,,,,,,,,{},0,,0,
4122012904,吉林工程职业学院,吉林省,四平市,,吉林省,四平市,专科,,999999,[],False,教育部2026名录（CSV镜像）,,1615,https://jlevc.cn/,"四平校区：吉林省四平市铁东区长发路1299号,梨树校区：吉林省四平市梨树县梨树镇新天阳B区10号楼北142米",True,,,,,,,,,,,,{},0,,0,
4122013743,白城医学高等专科学校,吉林省,白城市,,吉林省,白城市,专科,,999999,[],False,教育部2026名录（CSV镜像）,,1608,https://www.bcmc.edu.cn/,吉林省白城市棉纺路27号,True,,,,,,,,,,,,{},0,,0,
4122013916,长春信息技术职业学院,吉林省,长春市,,吉林省,长春市,专科,,999999,[],True,教育部2026名录（CSV镜像）,民办,1623,https://www.citpc.edu.cn/,"卓越校区：吉林省长春市高新区卓越大街881号,宜居路校区：吉林省长春市长春高新技术产业开发区硅谷街道宜居社区卓越大街3666号",True,,,,,,,,,,,,{},0,,0,
4122013917,松原职业技术学院,吉林省,松原市,,吉林省,松原市,专科,,999999,[],False,教育部2026名录（CSV镜像）,,1617,http://www.sypt.cn,吉林省松原市宁江区中山大街820号,True,,,,,,,,,,,,{},0,,0,
4122014107,白城职业技术学院,吉林省,白城市,,吉林省,白城市,专科,,999999,[],False,教育部2026名录（CSV镜像）,,1619,https://www.bcvit.cn/,吉林省白城市吉林白城经济开发区幸福街道二三七社区白平公路50-34号,True,,,,,,,,,,,,{},0,,0,
4122014190,长白山职业技术学院,吉林省,白山市,,吉林省,白山市,专科,,999999,[],False,教育部2026名录（CSV镜像）,,2312,https://www.cbsvtc.com.cn,吉林省白山市浑江区北安大街2998号,True,,,,,,,,,,,,{},0,,0,
4122014291,吉林科技职业技术学院,吉林省,长春市,,吉林省,长春市,专科,,999999,[],True,教育部2026名录（CSV镜像）,民办,2657,https://www.jilinkj.com/,吉林省长春市二道区长吉南线7777号,True,,,,,,,,,,,,{},0,,0,
4122014340,延边职业技术学院,吉林省,延边朝鲜族自治州,,吉林省,延边朝鲜族自治州,专科,,999999,[],False,教育部2026名录（CSV镜像）,,2955,http://www.ybvtc.com,"校本部：吉林省延边朝鲜族自治州延吉市朝阳川西部新城,开发区校区：吉林省延边朝鲜族自治州延吉市高新技术产业开发区长白山东路3264号",True,,,,,,,,,,,,{},0,,0,
4122014426,吉林城市职业技术学院,吉林省,长春市,,吉林省,长春市,专科,,999999,[],True,教育部2026名录（CSV镜像）,民办,2910,https://www.jlcsxy.com,"凯旋北路校区：吉林省长春市宽城区兰家镇广宁村委会凯旋北路7666号,兴工路校区：吉林省长春市宽城区兰家镇广宁村委会兴工路1343号",True,,,,,,,,,,,,{},0,,0,
4122014567,吉林职业技术学院,吉林省,延边朝鲜族自治州,,吉林省,延边朝鲜族自治州,专科,,999999,[],True,教育部2026名录（CSV镜像）,民办,3337,https://www.jlhtedu.com,吉林省延边朝鲜族自治州龙井市学府路739号,True,,,,,,,,,,,,{},0,,0,
4122014602,吉林水利电力职业学院,吉林省,长春市,,吉林省,长春市,专科,,999999,[],False,教育部2026名录（CSV镜像）,,3329,https://www.jlsy.edu.cn/,吉林省长春市净月开发区聚业大街6566号,True,,,,,,,,,,,,{},0,,0,
4122014603,长春健康职业学院,吉林省,长春市,,吉林省,长春市,专科,,999999,[],True,教育部2026名录（CSV镜像）,民办,3260,http://www.ccvch.com/,吉林省长春市高新区锦河街155号,True,,,,,,,,,,,,{},0,,0,
4122014701,长春早期教育职业学院,吉林省,长春市,,吉林省,长春市,专科,,999999,[],True,教育部2026名录（CSV镜像）,民办,3501,https://www.cczjxy.com/,吉林省长春市长白公路与烧锅大街交汇,True,,,,,,,,,,,,{},0,,0,
4122014702,梅河口康美职业技术学院,吉林省,通化市,,吉林省,通化市,专科,,999999,[],True,教育部2026名录（CSV镜像）,民办,3541,https://www.mhkkmzyjsxy.com/,吉林省梅河口市康美大道2888号,True,,,,,,,,,,,,{},0,,0,
4122014743,吉林通用航空职业技术学院,吉林省,吉林市,,吉林省,吉林市,专科,,999999,[],False,教育部2026名录（CSV镜像）,,3572,https://www.jlthedu.com/Web_Pro/index.aspx,吉林省吉林市高新北区科技大路777号,True,,,,,,,,,,,,{},0,,0,
4122014744,通化医药健康职业学院,吉林省,通化市,,吉林省,通化市,专科,,999999,[],False,教育部2026名录（CSV镜像）,,3573,https://www.thyyjkzyxy.org.cn/,吉林省通化市东昌区保安路1597号,True,,,,,,,,,,,,{},0,,0,
4122014894,长春数字科技职业学院,吉林省,长春市,,吉林省,长春市,专科,,999999,[],True,教育部2026名录（CSV镜像）,民办,3683,http://www.ccszkj.com/index.html,吉林省长春九台经济开发区卡伦湖大街4771号,True,,,,,,,,,,,,{},0,,0,
4122014910,四平现代职业学院,吉林省,四平市,,吉林省,四平市,专科,,999999,[],False,教育部2026名录（CSV镜像）,,3770,http://spxdzyxy.cn/,吉林省四平市铁西区平西乡泉沟村八队,True,,,,,,,,,,,,{},0,,0,
4123010212,黑龙江大学,黑龙江省,哈尔滨市,,黑龙江省,哈尔滨市,本科,155,214,[],False,教育部2026名录（CSV镜像）,,421,https://www.hlju.edu.cn/,黑龙江省哈尔滨市南岗区学府路74号,True,,,,,,,,,,,"{'rankingId': 'legacy-shanghairanking-bcur', 'edition': '2026', 'sortValue': 214.0, 'label': '2026软科主榜 155', 'sourceUrl': 'https://www.shanghairanking.cn/rankings/bcur/2026', 'legacy': True}",{},0,,0,
4123010213,哈尔滨工业大学,黑龙江省,哈尔滨市,,黑龙江省,哈尔滨市,本科,12,11,"['985', '211', '双一流']",False,教育部2026名录（CSV镜像）,,34,https://www.hit.edu.cn,"哈尔滨校区：黑龙江省哈尔滨市南岗区西大直街92号,威海校区：山东省威海市环翠区文化西路2号,深圳校区：广东省深圳市南山区西丽深圳大学城哈工大校区",True,,,,,,,,,,,"{'rankingId': 'legacy-shanghairanking-bcur', 'edition': '2026', 'sortValue': 11.0, 'label': '2026软科主榜 12', 'sourceUrl': 'https://www.shanghairanking.cn/rankings/bcur/2026', 'legacy': True}","{'qs-wur': {'id': 'RANK_QS_WUR_2027_HIT', 'universityName': '哈尔滨工业大学', 'rankingId': 'qs-wur', 'agency': 'QS', 'rankingName': 'QS World University Rankings', 'edition': '2027', 'rank': 190, 'rankDisplay': '190', 'score': 56.8, 'scope': 'world', 'sourceUrl': 'https://www.topuniversities.com/world-university-rankings', 'publishedAt': '2026-06-18', 'retrievedAt': '2026-09-09', 'verified': True, 'uid': '4123010213', 'rankMidpoint': 190.0, 'referenceRankOrRank': 190.0, 'displayLabel': 'QS 2027 190'}}",0,,0,
4123010214,哈尔滨理工大学,黑龙江省,哈尔滨市,,黑龙江省,哈尔滨市,本科,214,297,[],False,教育部2026名录（CSV镜像）,,426,http://www.hrbust.edu.cn/,"西校区：黑龙江省哈尔滨市南岗区学府路52号,南校区：黑龙江省哈尔滨市南岗区征仪路249号,东校区：黑龙江省哈尔滨市香坊区三大动力路23号,威海校区：山东省荣成市学院路2006号",True,,,,,,,,,,,"{'rankingId': 'legacy-shanghairanking-bcur', 'edition': '2026', 'sortValue': 297.0, 'label': '2026软科主榜 214', 'sourceUrl': 'https://www.shanghairanking.cn/rankings/bcur/2026', 'legacy': True}",{},0,,0,
4123010217,哈尔滨工程大学,黑龙江省,哈尔滨市,,黑龙江省,哈尔滨市,本科,43,48,"['211', '双一流']",False,教育部2026名录（CSV镜像）,,124,http://www.hrbeu.edu.cn/,黑龙江省哈尔滨市南岗区南通大街145号,True,,,,,,,,,,,"{'rankingId': 'legacy-shanghairanking-bcur', 'edition': '2026', 'sortValue': 48.0, 'label': '2026软科主榜 43', 'sourceUrl': 'https://www.shanghairanking.cn/rankings/bcur/2026', 'legacy': True}",{},0,,0,
4123010219,黑龙江科技大学,黑龙江省,哈尔滨市,,黑龙江省,哈尔滨市,本科,394,584,[],False,教育部2026名录（CSV镜像）,,450,http://www.usth.edu.cn/,"校本部：黑龙江省哈尔滨市松北区浦源路2468号,嵩山校区：黑龙江省哈尔滨市南岗区嵩山路111号,鸡西校区：黑龙江省鸡西市鸡冠区南星街32号",True,,,,,,,,,,,"{'rankingId': 'legacy-shanghairanking-bcur', 'edition': '2026', 'sortValue': 584.0, 'label': '2026软科主榜 394', 'sourceUrl': 'https://www.shanghairanking.cn/rankings/bcur/2026', 'legacy': True}",{},0,,0,
4123010220,东北石油大学,黑龙江省,大庆市,,黑龙江省,大庆市,本科,213,295,[],False,教育部2026名录（CSV镜像）,,446,https://www.nepu.edu.cn/,"大庆校区：黑龙江省大庆市高新技术产业开发区学府街99号,秦皇岛校区：河北省秦皇岛市河北大街西段550号",True,,,,,,,,,,,"{'rankingId': 'legacy-shanghairanking-bcur', 'edition': '2026', 'sortValue': 295.0, 'label': '2026软科主榜 213', 'sourceUrl': 'https://www.shanghairanking.cn/rankings/bcur/2026', 'legacy': True}",{},0,,0,
4123010222,佳木斯大学,黑龙江省,佳木斯市,,黑龙江省,佳木斯市,本科,387,573,[],False,教育部2026名录（CSV镜像）,,422,https://www.jmsu.edu.cn/,"第一学区：佳木斯市向阳区学府街258号,第二学区：佳木斯市向阳区德祥街348号,第三学区：佳木斯市前进区中山街479号,第四学区：佳木斯市郊区长发镇",True,,,,,,,,,,,"{'rankingId': 'legacy-shanghairanking-bcur', 'edition': '2026', 'sortValue': 573.0, 'label': '2026软科主榜 387', 'sourceUrl': 'https://www.shanghairanking.cn/rankings/bcur/2026', 'legacy': True}",{},0,,0,
4123010223,黑龙江八一农垦大学,黑龙江省,大庆市,,黑龙江省,大庆市,本科,301,449,[],False,教育部2026名录（CSV镜像）,,427,https://www.byau.edu.cn/,黑龙江省大庆市高新区新风路5号,True,,,,,,,,,,,"{'rankingId': 'legacy-shanghairanking-bcur', 'edition': '2026', 'sortValue': 449.0, 'label': '2026软科主榜 301', 'sourceUrl': 'https://www.shanghairanking.cn/rankings/bcur/2026', 'legacy': True}",{},0,,0,
4123010224,东北农业大学,黑龙江省,哈尔滨市,,黑龙江省,哈尔滨市,本科,120,159,"['211', '双一流']",False,教育部2026名录（CSV镜像）,,137,https://www.neau.edu.cn,黑龙江省哈尔滨市香坊区长江路600号,True,,,,,,,,,,,"{'rankingId': 'legacy-shanghairanking-bcur', 'edition': '2026', 'sortValue': 159.0, 'label': '2026软科主榜 120', 'sourceUrl': 'https://www.shanghairanking.cn/rankings/bcur/2026', 'legacy': True}",{},0,,0,
4123010225,东北林业大学,黑龙江省,哈尔滨市,,黑龙江省,哈尔滨市,本科,115,152,"['211', '双一流']",False,教育部2026名录（CSV镜像）,,419,https://www.nefu.edu.cn/,黑龙江省哈尔滨市香坊区和兴路26号,True,,,,,,,,,,,"{'rankingId': 'legacy-shanghairanking-bcur', 'edition': '2026', 'sortValue': 152.0, 'label': '2026软科主榜 115', 'sourceUrl': 'https://www.shanghairanking.cn/rankings/bcur/2026', 'legacy': True}",{},0,,0,
4123010226,哈尔滨医科大学,黑龙江省,哈尔滨市,,黑龙江省,哈尔滨市,本科,医8,97,[],False,教育部2026名录（CSV镜像）,,429,https://www.hrbmu.edu.cn/,"校本部：黑龙江省哈尔滨市南岗区保健路157号,大庆校区：黑龙江省大庆市高新区新阳路39号",True,,,,,,,,,,,"{'rankingId': 'legacy-shanghairanking-bcur', 'edition': '2026', 'sortValue': 97.0, 'label': '2026软科分类标签 医8', 'sourceUrl': 'https://www.shanghairanking.cn/rankings/bcur/2026', 'legacy': True}",{},0,,0,
4123010228,黑龙江中医药大学,黑龙江省,哈尔滨市,,黑龙江省,哈尔滨市,本科,中医16,293,[],False,教育部2026名录（CSV镜像）,,441,https://www.hljucm.net/,黑龙江省哈尔滨市香坊区和平路24号,True,,,,,,,,,,,"{'rankingId': 'legacy-shanghairanking-bcur', 'edition': '2026', 'sortValue': 293.0, 'label': '2026软科分类标签 中医16', 'sourceUrl': 'https://www.shanghairanking.cn/rankings/bcur/2026', 'legacy': True}",{},0,,0,
4123010229,牡丹江医科大学,黑龙江省,牡丹江市,,黑龙江省,牡丹江市,本科,医50,565,[],False,教育部2026名录（CSV镜像）,,453,https://www.mdjmu.cn/,黑龙江省牡丹江市爱民区通乡路3号,True,,,,,,,,,,,"{'rankingId': 'legacy-shanghairanking-bcur', 'edition': '2026', 'sortValue': 565.0, 'label': '2026软科分类标签 医50', 'sourceUrl': 'https://www.shanghairanking.cn/rankings/bcur/2026', 'legacy': True}",{},0,,0,
4123010231,哈尔滨师范大学,黑龙江省,哈尔滨市,,黑龙江省,哈尔滨市,本科,223,315,[],False,教育部2026名录（CSV镜像）,,1062,http://www.hrbnu.edu.cn/,"松北校区：黑龙江省哈尔滨市利民经济开发区师大路1号,江南二校区：黑龙江省哈尔滨市香坊区农林头道街9号,江南校区：黑龙江省哈尔滨市南岗区和兴路50号",True,,,,,,,,,,,"{'rankingId': 'legacy-shanghairanking-bcur', 'edition': '2026', 'sortValue': 315.0, 'label': '2026软科主榜 223', 'sourceUrl': 'https://www.shanghairanking.cn/rankings/bcur/2026', 'legacy': True}",{},0,,0,
4123010232,齐齐哈尔大学,黑龙江省,齐齐哈尔市,,黑龙江省,齐齐哈尔市,本科,381,563,[],False,教育部2026名录（CSV镜像）,,424,https://www.qqhru.edu.cn/,黑龙江省齐齐哈尔市建华区文化大街42号,True,,,,,,,,,,,"{'rankingId': 'legacy-shanghairanking-bcur', 'edition': '2026', 'sortValue': 563.0, 'label': '2026软科主榜 381', 'sourceUrl': 'https://www.shanghairanking.cn/rankings/bcur/2026', 'legacy': True}",{},0,,0,
4123010233,牡丹江师范学院,黑龙江省,牡丹江市,,黑龙江省,牡丹江市,本科,468,672,[],False,教育部2026名录（CSV镜像）,,442,http://www.mdjnu.cn/,黑龙江省牡丹江市爱民区文化街191号,True,,,,,,,,,,,"{'rankingId': 'legacy-shanghairanking-bcur', 'edition': '2026', 'sortValue': 672.0, 'label': '2026软科主榜 468', 'sourceUrl': 'https://www.shanghairanking.cn/rankings/bcur/2026', 'legacy': True}",{},0,,0,
4123010234,哈尔滨学院,黑龙江省,哈尔滨市,,黑龙江省,哈尔滨市,本科,469,673,[],False,教育部2026名录（CSV镜像）,,447,http://www.hrbu.edu.cn/,黑龙江哈尔滨市南岗区哈西街道中兴大道109号,True,,,,,,,,,,,"{'rankingId': 'legacy-shanghairanking-bcur', 'edition': '2026', 'sortValue': 673.0, 'label': '2026软科主榜 469', 'sourceUrl': 'https://www.shanghairanking.cn/rankings/bcur/2026', 'legacy': True}",{},0,,0,
4123010235,大庆师范学院,黑龙江省,大庆市,,黑龙江省,大庆市,本科,500+,721,[],False,教育部2026名录（CSV镜像）,,1012,https://www.dqsy.net,"主校区：黑龙江省大庆市让胡路区西宾西路,方晓校区：黑龙江省大庆市让胡路区方晓街8号",True,,,,,,,,,,,"{'rankingId': 'legacy-shanghairanking-bcur', 'edition': '2026', 'sortValue': 721.0, 'label': '2026软科分类标签 500+', 'sourceUrl': 'https://www.shanghairanking.cn/rankings/bcur/2026', 'legacy': True}",{},0,,0,
4123010236,绥化学院,黑龙江省,绥化市,,黑龙江省,绥化市,本科,500+,774,[],False,教育部2026名录（CSV镜像）,,1063,https://www.shxy.edu.cn/,黑龙江省绥化市北林区黄河南路150号,True,,,,,,,,,,,"{'rankingId': 'legacy-shanghairanking-bcur', 'edition': '2026', 'sortValue': 774.0, 'label': '2026软科分类标签 500+', 'sourceUrl': 'https://www.shanghairanking.cn/rankings/bcur/2026', 'legacy': True}",{},0,,0,
4123010240,哈尔滨商业大学,黑龙江省,哈尔滨市,,黑龙江省,哈尔滨市,本科,财34,443,[],False,教育部2026名录（CSV镜像）,,444,https://www.hrbcu.edu.cn/,"北校区：黑龙江省哈尔滨市松北区学海街1号,南校区：黑龙江省哈尔滨市道里区通达街138号",True,,,,,,,,,,,"{'rankingId': 'legacy-shanghairanking-bcur', 'edition': '2026', 'sortValue': 443.0, 'label': '2026软科分类标签 财34', 'sourceUrl': 'https://www.shanghairanking.cn/rankings/bcur/2026', 'legacy': True}",{},0,,0,
4123010242,哈尔滨体育学院,黑龙江省,哈尔滨市,,黑龙江省,哈尔滨市,本科,体11,548,[],False,教育部2026名录（CSV镜像）,,2189,https://www.hrbipe.edu.cn/,"主校区：黑龙江省哈尔滨市南岗区大成街1号,尚志校区：黑龙江省尚志市帽儿山镇",True,,,,,,,,,,,"{'rankingId': 'legacy-shanghairanking-bcur', 'edition': '2026', 'sortValue': 548.0, 'label': '2026软科分类标签 体11', 'sourceUrl': 'https://www.shanghairanking.cn/rankings/bcur/2026', 'legacy': True}",{},0,,0,
4123010245,哈尔滨金融学院,黑龙江省,哈尔滨市,,黑龙江省,哈尔滨市,本科,财46+,803,[],False,教育部2026名录（CSV镜像）,,711,https://www.hrbfu.edu.cn/,黑龙江省哈尔滨市香坊区电碳路65号,True,,,,,,,,,,,"{'rankingId': 'legacy-shanghairanking-bcur', 'edition': '2026', 'sortValue': 803.0, 'label': '2026软科分类标签 财46+', 'sourceUrl': 'https://www.shanghairanking.cn/rankings/bcur/2026', 'legacy': True}",{},0,,0,
4123011230,齐齐哈尔医学院,黑龙江省,齐齐哈尔市,,黑龙江省,齐齐哈尔市,本科,医50,566,[],False,教育部2026名录（CSV镜像）,,454,https://www.qmu.edu.cn/,黑龙江省齐齐哈尔市建华区西大桥街道卜奎北大街333号,True,,,,,,,,,,,"{'rankingId': 'legacy-shanghairanking-bcur', 'edition': '2026', 'sortValue': 566.0, 'label': '2026软科分类标签 医50', 'sourceUrl': 'https://www.shanghairanking.cn/rankings/bcur/2026', 'legacy': True}",{},0,,0,
4123011445,黑龙江工业学院,黑龙江省,鸡西市,,黑龙江省,鸡西市,本科,500+,741,[],False,教育部2026名录（CSV镜像）,,765,https://www.hljut.edu.cn/,黑龙江鸡西市鸡冠区红星乡和平南大街99号,True,,,,,,,,,,,"{'rankingId': 'legacy-shanghairanking-bcur', 'edition': '2026', 'sortValue': 741.0, 'label': '2026软科分类标签 500+', 'sourceUrl': 'https://www.shanghairanking.cn/rankings/bcur/2026', 'legacy': True}",{},0,,0,
4123011446,黑龙江东方学院,黑龙江省,哈尔滨市,,黑龙江省,哈尔滨市,本科,66,958,[],True,教育部2026名录（CSV镜像）,民办,456,https://www.hljeu.edu.cn,黑龙江省哈尔滨市平房区哈南工业新城哈南十九路1号,True,,,,,,,,,,,"{'rankingId': 'legacy-shanghairanking-bcur', 'edition': '2026', 'sortValue': 958.0, 'label': '2026软科主榜 66', 'sourceUrl': 'https://www.shanghairanking.cn/rankings/bcur/2026', 'legacy': True}",{},0,,0,
4123011635,哈尔滨信息工程学院,黑龙江省,哈尔滨市,,黑龙江省,哈尔滨市,本科,96,992,[],True,教育部2026名录（CSV镜像）,民办,763,https://www.greathiit.com,"哈东校区：黑龙江省哈尔滨市宾西技术开发区大学城9号,江北校区：黑龙江省哈尔滨市利民开发区学院路950号",True,,,,,,,,,,,"{'rankingId': 'legacy-shanghairanking-bcur', 'edition': '2026', 'sortValue': 992.0, 'label': '2026软科主榜 96', 'sourceUrl': 'https://www.shanghairanking.cn/rankings/bcur/2026', 'legacy': True}",{},0,,0,
4123011802,黑龙江工程学院,黑龙江省,哈尔滨市,,黑龙江省,哈尔滨市,本科,455,657,[],False,教育部2026名录（CSV镜像）,,449,http://www.hljit.edu.cn/,黑龙江省哈尔滨市道外区红旗大街999号,True,,,,,,,,,,,"{'rankingId': 'legacy-shanghairanking-bcur', 'edition': '2026', 'sortValue': 657.0, 'label': '2026软科主榜 455', 'sourceUrl': 'https://www.shanghairanking.cn/rankings/bcur/2026', 'legacy': True}",{},0,,0,
4123012729,齐齐哈尔工程学院,黑龙江省,齐齐哈尔市,,黑龙江省,齐齐哈尔市,本科,100+,1048,[],True,教育部2026名录（CSV镜像）,民办,767,https://www.qqhrit.edu.cn/,黑龙江省齐齐哈尔市龙沙区南航街道喜庆路1号,True,,,,,,,,,,,"{'rankingId': 'legacy-shanghairanking-bcur', 'edition': '2026', 'sortValue': 1048.0, 'label': '2026软科分类标签 100+', 'sourceUrl': 'https://www.shanghairanking.cn/rankings/bcur/2026', 'legacy': True}",{},0,,0,
4123013296,黑龙江外国语学院,黑龙江省,哈尔滨市,,黑龙江省,哈尔滨市,本科,语5,993,[],True,教育部2026名录（CSV镜像）,民办,1328,https://www.hiu.edu.cn/,黑龙江省哈尔滨市利民开发区师大南路1号,True,,,,,,,,,,,"{'rankingId': 'legacy-shanghairanking-bcur', 'edition': '2026', 'sortValue': 993.0, 'label': '2026软科分类标签 语5', 'sourceUrl': 'https://www.shanghairanking.cn/rankings/bcur/2026', 'legacy': True}",{},0,,0,
4123013298,黑龙江财经学院,黑龙江省,哈尔滨市,,黑龙江省,哈尔滨市,本科,财27+,1075,[],True,教育部2026名录（CSV镜像）,民办,2537,https://www.hfu.edu.cn/,黑龙江省哈尔滨市利民开发区学院路1230号,True,,,,,,,,,,,"{'rankingId': 'legacy-shanghairanking-bcur', 'edition': '2026', 'sortValue': 1075.0, 'label': '2026软科分类标签 财27+', 'sourceUrl': 'https://www.shanghairanking.cn/rankings/bcur/2026', 'legacy': True}",{},0,,0,
4123013299,哈尔滨石油学院,黑龙江省,哈尔滨市,,黑龙江省,哈尔滨市,本科,100+,1017,[],True,教育部2026名录（CSV镜像）,民办,2535,https://www.hip.edu.cn,黑龙江省哈尔滨市松北区松浦路297号,True,,,,,,,,,,,"{'rankingId': 'legacy-shanghairanking-bcur', 'edition': '2026', 'sortValue': 1017.0, 'label': '2026软科分类标签 100+', 'sourceUrl': 'https://www.shanghairanking.cn/rankings/bcur/2026', 'legacy': True}",{},0,,0,
4123013300,黑龙江工商学院,黑龙江省,哈尔滨市,,黑龙江省,哈尔滨市,本科,100+,1024,[],True,教育部2026名录（CSV镜像）,民办,2532,https://www.hibu.edu.cn/,"松北校区：黑龙江省松北区学院路群英街33号,哈南校区：黑龙江省哈南工业新城崇文路9号",True,,,,,,,,,,,"{'rankingId': 'legacy-shanghairanking-bcur', 'edition': '2026', 'sortValue': 1024.0, 'label': '2026软科分类标签 100+', 'sourceUrl': 'https://www.shanghairanking.cn/rankings/bcur/2026', 'legacy': True}",{},0,,0,
4123013301,哈尔滨远东理工学院,黑龙江省,哈尔滨市,,黑龙江省,哈尔滨市,本科,100+,1018,[],True,教育部2026名录（CSV镜像）,民办,2530,https://www.hfeit.edu.cn/,黑龙江省哈尔滨市利民开发区学院路时代大街158号,True,,,,,,,,,,,"{'rankingId': 'legacy-shanghairanking-bcur', 'edition': '2026', 'sortValue': 1018.0, 'label': '2026软科分类标签 100+', 'sourceUrl': 'https://www.shanghairanking.cn/rankings/bcur/2026', 'legacy': True}",{},0,,0,
4123013303,哈尔滨剑桥学院,黑龙江省,哈尔滨市,,黑龙江省,哈尔滨市,本科,100+,1016,[],True,教育部2026名录（CSV镜像）,民办,2533,https://www.hcc.edu.cn/,黑龙江省哈尔滨市香坊区哈平路239号,True,,,,,,,,,,,"{'rankingId': 'legacy-shanghairanking-bcur', 'edition': '2026', 'sortValue': 1016.0, 'label': '2026软科分类标签 100+', 'sourceUrl': 'https://www.shanghairanking.cn/rankings/bcur/2026', 'legacy': True}",{},0,,0,
4123013304,黑龙江工程学院昆仑旅游学院,黑龙江省,哈尔滨市,,黑龙江省,哈尔滨市,本科,,999999,[],True,教育部2026名录（CSV镜像）,民办,2536,https://www.hljkltc.edu.cn,黑龙江省哈尔滨市哈同G221公路297号二龙山风景区,True,,,,,,,,,,,,{},0,,0,
4123013306,哈尔滨广厦学院,黑龙江省,哈尔滨市,,黑龙江省,哈尔滨市,本科,100+,1014,[],True,教育部2026名录（CSV镜像）,民办,2534,https://www.gsxy.cn/,黑龙江省哈尔滨市利民开发区学院路1号,True,,,,,,,,,,,"{'rankingId': 'legacy-shanghairanking-bcur', 'edition': '2026', 'sortValue': 1014.0, 'label': '2026软科分类标签 100+', 'sourceUrl': 'https://www.shanghairanking.cn/rankings/bcur/2026', 'legacy': True}",{},0,,0,
4123013307,哈尔滨华德学院,黑龙江省,哈尔滨市,,黑龙江省,哈尔滨市,本科,100+,1015,[],True,教育部2026名录（CSV镜像）,民办,2531,https://www.hhdu.edu.cn,黑龙江省哈尔滨新区利民开发区学院路288号（地铁二号线终点站）,True,,,,,,,,,,,"{'rankingId': 'legacy-shanghairanking-bcur', 'edition': '2026', 'sortValue': 1015.0, 'label': '2026软科分类标签 100+', 'sourceUrl': 'https://www.shanghairanking.cn/rankings/bcur/2026', 'legacy': True}",{},0,,0,
4123013744,黑河学院,黑龙江省,黑河市,,黑龙江省,黑河市,本科,500+,740,[],False,教育部2026名录（CSV镜像）,,1045,https://www.hhxy.edu.cn,黑龙江省黑河市爱辉区学院路1号,True,,,,,,,,,,,"{'rankingId': 'legacy-shanghairanking-bcur', 'edition': '2026', 'sortValue': 740.0, 'label': '2026软科分类标签 500+', 'sourceUrl': 'https://www.shanghairanking.cn/rankings/bcur/2026', 'legacy': True}",{},0,,0,
4123014560,哈尔滨音乐学院,黑龙江省,哈尔滨市,,黑龙江省,哈尔滨市,本科,,999999,[],False,教育部2026名录（CSV镜像）,,3270,https://www.hrbcm.edu.cn,哈尔滨市松北区学子街3179号,True,,,,,,,,,,,,{},0,,0,
4123012911,哈尔滨职业技术大学,黑龙江省,哈尔滨市,,黑龙江省,哈尔滨市,本科,,999999,[],False,教育部2026名录（CSV镜像）,,713,http://www.hrbzy.edu.cn/,"校本部：黑龙江省哈尔滨市香坊区哈平路217号,学府校区：黑龙江省哈尔滨市南岗区学府路251号,新阳校区：黑龙江省哈尔滨市道里区新阳路495号,景阳校区：黑龙江省哈尔滨市南岗区前宏路85号",True,,,,,,,,,,,,{},0,,0,
4123012726,黑龙江农业工程职业技术大学,黑龙江省,哈尔滨市,,黑龙江省,哈尔滨市,本科,,999999,[],False,教育部2026名录（CSV镜像）,,738,http://www.hngzy.edu.cn/,"南岗校区：黑龙江省哈尔滨市南岗区哈双路348号,松北校区：黑龙江省哈尔滨市松北区学院路群英街2号",True,,,,,,,,,,,,{},0,,0,
4123012053,哈尔滨建筑科技职业大学,黑龙江省,哈尔滨市,,黑龙江省,哈尔滨市,本科,,999999,[],False,教育部2026名录（CSV镜像）,,715,https://www.hict.org.cn/,黑龙江省哈尔滨市呼兰区学院路999号,True,,,,,,,,,,,,{},0,,0,
4123010238,齐齐哈尔高等师范专科学校,黑龙江省,齐齐哈尔市,,黑龙江省,齐齐哈尔市,专科,,999999,[],False,教育部2026名录（CSV镜像）,,2190,https://www.qqhrtc.com/,黑龙江省齐齐哈尔市民航路566号,True,,,,,,,,,,,,{},0,,0,
4123010872,伊春职业学院,黑龙江省,伊春市,,黑龙江省,伊春市,专科,,999999,[],False,教育部2026名录（CSV镜像）,,768,https://www.yczyxy.org.cn/,黑龙江省伊春市伊美区新兴西大街65号,True,,,,,,,,,,,,{},0,,0,
4123011046,牡丹江大学,黑龙江省,牡丹江市,,黑龙江省,牡丹江市,专科,,999999,[],False,教育部2026名录（CSV镜像）,,766,https://new.mdjdx.cn/html/mdj/index.html,"校本部：黑龙江省牡丹江市爱民区西地明街530号,海林校区：黑龙江省牡丹江市海林市铁西路869号,穆棱校区：黑龙江省牡丹江市穆棱经济开发区",True,,,,,,,,,,,,{},0,,0,
4123011449,黑龙江职业学院,黑龙江省,哈尔滨市,,黑龙江省,哈尔滨市,专科,,999999,[],False,教育部2026名录（CSV镜像）,,716,https://www.hljp.edu.cn,"第一校区：黑龙江哈尔滨市南岗区学府路5号,第二校区：黑龙江哈尔滨市双城区迎宾路162号",True,,,,,,,,,,,,{},0,,0,
4123012490,黑龙江艺术职业学院,黑龙江省,哈尔滨市,,黑龙江省,哈尔滨市,专科,,999999,[],False,教育部2026名录（CSV镜像）,,762,http://hljyzy.org.cn/,黑龙江省哈尔滨市香坊区公滨路108号,True,,,,,,,,,,,,{},0,,0,
4123012718,大庆职业学院,黑龙江省,大庆市,,黑龙江省,大庆市,专科,,999999,[],False,教育部2026名录（CSV镜像）,,708,https://www.dqzyxy.net/,"北校区：黑龙江省大庆市萨尔图区火炬东路7号,南校区：黑龙江省大庆市萨尔图区火炬北二路1号",True,,,,,,,,,,,,{},0,,0,
4123012724,黑龙江林业职业技术学院,黑龙江省,牡丹江市,,黑龙江省,牡丹江市,专科,,999999,[],False,教育部2026名录（CSV镜像）,,707,https://www.hljlzy.com/,"主校区：黑龙江省牡丹江市爱民区文化街99号,南校区：黑龙江省牡丹江市爱民区文华街兴中路118号",True,,,,,,,,,,,,{},0,,0,
4123012725,黑龙江农业职业技术学院,黑龙江省,佳木斯市,,黑龙江省,佳木斯市,专科,,999999,[],False,教育部2026名录（CSV镜像）,,739,http://www.hljnzy.edu.cn/,黑龙江省佳木斯市前进区胜利东路248号,True,,,,,,,,,,,,{},0,,0,
4123012727,黑龙江农垦职业学院,黑龙江省,哈尔滨市,,黑龙江省,哈尔滨市,专科,,999999,[],False,教育部2026名录（CSV镜像）,,737,https://www.hljnkzy.edu.cn/index.htm,"江北校区：黑龙江省哈尔滨市利民经济技术开发区学院路660号,宾西校区：黑龙江省哈尔滨市宾西开发区大学城1号",True,,,,,,,,,,,,{},0,,0,
4123012728,黑龙江司法警官职业学院,黑龙江省,哈尔滨市,,黑龙江省,哈尔滨市,专科,,999999,[],False,教育部2026名录（CSV镜像）,,759,https://www.hljsfjy.org.cn,黑龙江省哈尔滨市香坊区司法路6号,True,,,,,,,,,,,,{},0,,0,
4123012905,鹤岗师范高等专科学校,黑龙江省,鹤岗市,,黑龙江省,鹤岗市,专科,,999999,[],False,教育部2026名录（CSV镜像）,,714,https://www.hgtc.org.cn/,黑龙江省鹤岗市东山区毗邻宝泉岭中心医院,True,,,,,,,,,,,,{},0,,0,
4123012906,哈尔滨电力职业技术学院,黑龙江省,哈尔滨市,,黑龙江省,哈尔滨市,专科,,999999,[],False,教育部2026名录（CSV镜像）,,710,http://hdyzs.zjzw.cn/,黑龙江省哈尔滨市香坊区香电街59号,True,,,,,,,,,,,,{},0,,0,
4123012907,哈尔滨铁道职业技术学院,黑龙江省,哈尔滨市,,黑龙江省,哈尔滨市,专科,,999999,[],False,教育部2026名录（CSV镜像）,,712,https://www.htxy.net/,黑龙江省哈尔滨市平房区哈南第二大道20号,True,,,,,,,,,,,,{},0,,0,
4123012908,大兴安岭职业学院,黑龙江省,大兴安岭地区,,黑龙江省,大兴安岭地区,专科,,999999,[],False,教育部2026名录（CSV镜像）,,709,https://www.dxalu.org.cn/,"校本部：黑龙江省大兴安岭地区加格达奇区机场路18号,漠河校区：黑龙江省大兴安岭地区漠河市西林吉镇和平路1号",True,,,,,,,,,,,,{},0,,0,
4123012910,黑龙江农业经济职业学院,黑龙江省,牡丹江市,,黑龙江省,牡丹江市,专科,,999999,[],False,教育部2026名录（CSV镜像）,,764,https://www.hnyjj.org.cn/,黑龙江牡丹江市西安区201国道,True,,,,,,,,,,,,{},0,,0,
4123013302,哈尔滨传媒职业学院,黑龙江省,哈尔滨市,,黑龙江省,哈尔滨市,专科,,999999,[],True,教育部2026名录（CSV镜像）,民办,3083,https://www.hrbmcc.com/,"一校区：哈尔滨市南岗区京哈公路（102国道）13.5公里处,二校区：哈尔滨市松花路88号",True,,,,,,,,,,,,{},0,,0,
4123013448,黑龙江商业职业学院,黑龙江省,牡丹江市,,黑龙江省,牡丹江市,专科,,999999,[],False,教育部2026名录（CSV镜像）,,741,https://www.hljszy.org.cn/,黑龙江省大庆市龙凤区学伟大街168号,True,,,,,,,,,,,,{},0,,0,
4123013449,黑龙江公安警官职业学院,黑龙江省,哈尔滨市,,黑龙江省,哈尔滨市,专科,,999999,[],False,教育部2026名录（CSV镜像）,,2193,http://www.hlpolice.gov.cn,黑龙江省哈尔滨市呼兰利民开发区学院路333号,True,,,,,,,,,,,,{},0,,0,
4123013451,哈尔滨城市职业学院,黑龙江省,哈尔滨市,,黑龙江省,哈尔滨市,专科,,999999,[],True,教育部2026名录（CSV镜像）,民办,2200,https://www.13451.cn/,黑龙江省哈尔滨市新华开发区城市职业学院,True,,,,,,,,,,,,{},0,,0,
4123013729,黑龙江旅游职业技术学院,黑龙江省,哈尔滨市,,黑龙江省,哈尔滨市,专科,,999999,[],False,教育部2026名录（CSV镜像）,,732,http://www.ljlyzy.org.cn/,"校本部：黑龙江省哈尔滨市南岗区学府路315号,太阳岛校区：黑龙江省哈尔滨市松北区游览街37号,佳木斯校区：黑龙江省佳木斯市向阳区大学路221号",True,,,,,,,,,,,,{},0,,0,
4123013730,黑龙江三江美术职业学院,黑龙江省,佳木斯市,,黑龙江省,佳木斯市,专科,,999999,[],True,教育部2026名录（CSV镜像）,民办,740,https://www.sjmsxy.net.cn/,"校本部：黑龙江省佳木斯市郊区大来镇221国道,哈尔滨教学实习基地：哈尔滨松北区江北中环线19号,哈尔滨新校区：哈尔滨龙美路1号（长江路南段，香坊区与阿城区交界处）",True,,,,,,,,,,,,{},0,,0,
4123013731,黑龙江生态工程职业学院,黑龙江省,哈尔滨市,,黑龙江省,哈尔滨市,专科,,999999,[],False,教育部2026名录（CSV镜像）,,742,http://www.hljstgc.org.cn/,黑龙江省哈尔滨市呼兰区利民开发区学院路1038号,True,,,,,,,,,,,,{},0,,0,
4123013732,黑龙江能源职业学院,黑龙江省,双鸭山市,,黑龙江省,双鸭山市,专科,,999999,[],False,教育部2026名录（CSV镜像）,,733,http://www.hljnyzy.org.cn/,双鸭山市尖山区迎宾大道公立街1号,True,,,,,,,,,,,,{},0,,0,
4123013918,七台河职业学院,黑龙江省,七台河市,,黑龙江省,七台河市,专科,,999999,[],False,教育部2026名录（CSV镜像）,,2194,https://www.qthzyxy.edu.cn/,黑龙江省七台河市桃山区学府街229号,True,,,,,,,,,,,,{},0,,0,
4123013935,黑龙江民族职业学院,黑龙江省,哈尔滨市,,黑龙江省,哈尔滨市,专科,,999999,[],False,教育部2026名录（CSV镜像）,,734,http://www.hljmzzyxy.org.cn/,黑龙江省哈尔滨市哈南工业新城核心区南城15路1号,True,,,,,,,,,,,,{},0,,0,
4123014017,大庆医学高等专科学校,黑龙江省,大庆市,,黑龙江省,大庆市,专科,,999999,[],False,教育部2026名录（CSV镜像）,,2191,http://www.dqygz.com/,黑龙江省大庆市龙凤区火炬路206号,True,,,,,,,,,,,,{},0,,0,
4123014053,黑龙江交通职业技术学院,黑龙江省,哈尔滨市,,黑龙江省,哈尔滨市,专科,,999999,[],False,教育部2026名录（CSV镜像）,,2195,https://www.hljtp.edu.cn/,"哈尔滨校区：黑龙江省哈尔滨新区（江北大学城）学院路88号,齐齐哈尔南校区：黑龙江省齐齐哈尔市铁锋区纺化路1号,齐齐哈尔西校区：黑龙江省齐齐哈尔市铁锋区工校街2号",True,,,,,,,,,,,,{},0,,0,
4123014055,哈尔滨应用职业技术学院,黑龙江省,哈尔滨市,,黑龙江省,哈尔滨市,专科,,999999,[],True,教育部2026名录（CSV镜像）,民办,2199,https://www.hyyzy.com,黑龙江省哈尔滨市道里区机场路998号,True,,,,,,,,,,,,{},0,,0,
4123014095,黑龙江幼儿师范高等专科学校,黑龙江省,牡丹江市,,黑龙江省,牡丹江市,专科,,999999,[],False,教育部2026名录（CSV镜像）,,2192,http://www.hljys.cn/,黑龙江省牡丹江市爱民区西地明街7号,True,,,,,,,,,,,,{},0,,0,
4123014108,哈尔滨科学技术职业学院,黑龙江省,哈尔滨市,,黑龙江省,哈尔滨市,专科,,999999,[],False,教育部2026名录（CSV镜像）,,2196,https://www.hrbkjzy.org.cn/,黑龙江省哈尔滨市阿城区金溪路66号,True,,,,,,,,,,,,{},0,,0,
4123014178,佳木斯职业学院,黑龙江省,佳木斯市,,黑龙江省,佳木斯市,专科,,999999,[],False,教育部2026名录（CSV镜像）,,2529,https://www.jmszy.org.cn/,黑龙江省佳木斯市光复西路786号,True,,,,,,,,,,,,{},0,,0,
4123014272,黑龙江护理高等专科学校,黑龙江省,哈尔滨市,,黑龙江省,哈尔滨市,专科,,999999,[],False,教育部2026名录（CSV镜像）,,2660,https://www.hljnc.edu.cn/,"南岗校区：黑龙江省哈尔滨市南岗区学府路209号,松北校区：黑龙江省哈尔滨市松北区学院路西九大街博雅路2号,黑河校区：黑龙江省黑河市爱辉区中央东大街995号,阿城校区：黑龙江省哈尔滨市阿城区金源路43号,北安校区：黑龙江省黑河市北安市黄山街95号",True,,,,,,,,,,,,{},0,,0,
4123014400,齐齐哈尔理工职业学院,黑龙江省,齐齐哈尔市,,黑龙江省,齐齐哈尔市,专科,,999999,[],True,教育部2026名录（CSV镜像）,民办,2849,https://www.qlgxy.com,富拉尔基区和平大街249号,True,,,,,,,,,,,,{},0,,0,
4123014425,哈尔滨幼儿师范高等专科学校,黑龙江省,哈尔滨市,,黑龙江省,哈尔滨市,专科,,999999,[],False,教育部2026名录（CSV镜像）,,3052,https://www.hayouzhuan.org.cn,哈尔滨市香坊区香东街9号,True,,,,,,,,,,,,{},0,,0,
4123014540,黑龙江冰雪体育职业学院,黑龙江省,哈尔滨市,,黑龙江省,哈尔滨市,专科,,999999,[],False,教育部2026名录（CSV镜像）,,3211,https://www.vcws.org.cn/,"校本部：哈尔滨市松北区滨水大道8801号,二校区：哈尔滨市南岗区学府路209号",True,,,,,,,,,,,,{},0,,0,
4123014633,哈尔滨北方航空职业技术学院,黑龙江省,哈尔滨市,,黑龙江省,哈尔滨市,专科,,999999,[],True,教育部2026名录（CSV镜像）,民办,3420,https://www.habeihang.com/,哈尔滨市阿城区河东街道继水路1号,True,,,,,,,,,,,,{},0,,0,
4123014911,哈尔滨商贸职业学院,黑龙江省,哈尔滨市,,黑龙江省,哈尔滨市,专科,,999999,[],True,教育部2026名录（CSV镜像）,民办,3783,https://www.hrbsmvc.cn/web/#/,哈尔滨市松北区学院路利民西八大街7号,True,,,,,,,,,,,,{},0,,0,
4123014912,齐齐哈尔立德健康职业学院,黑龙江省,齐齐哈尔市,,黑龙江省,齐齐哈尔市,专科,,999999,[],True,教育部2026名录（CSV镜像）,民办,3784,http://www.qlxedu.com,,True,,,,,,,,,,,,{},0,,0,
4123014956,哈尔滨健康职业学院,黑龙江省,哈尔滨市,,黑龙江省,哈尔滨市,专科,,999999,[],True,教育部2026名录（CSV镜像）,民办,3897,,,True,,,,,,,,,,,,{},0,,0,
4131010246,复旦大学,上海市,上海市,,上海市,上海市,本科,5,4,"['985', '211', '双一流']",False,教育部2026名录（CSV镜像）,,132,https://www.fudan.edu.cn,"邯郸校区：上海市杨浦区邯郸路220号,枫林校区：上海市徐汇区东安路130号,张江校区：上海市浦东新区张江高科技园区张衡路825号,江湾校区：上海市杨浦区淞沪路2005号",True,,,,,,,,,,,"{'rankingId': 'shanghairanking-bcur', 'edition': '2026', 'sortValue': 5.0, 'label': '2026软科 5', 'sourceUrl': 'https://www.shanghairanking.cn/rankings/bcur/202610'}","{'shanghairanking-bcur': {'id': 'RANK_SR_BCUR_2026_FUDAN', 'universityName': '复旦大学', 'rankingId': 'shanghairanking-bcur', 'agency': 'ShanghaiRanking', 'rankingName': '软科中国大学排名（主榜）', 'edition': '2026', 'rank': 5, 'rankDisplay': '5', 'score': 792.4, 'scope': 'China-mainland', 'category': '综合', 'sourceUrl': 'https://www.shanghairanking.cn/rankings/bcur/202610', 'publishedAt': '2026-04-15', 'retrievedAt': '2026-09-09', 'verified': True, 'uid': '4131010246', 'rankMidpoint': 5.0, 'referenceRankOrRank': 5.0, 'displayLabel': '2026软科 5'}, 'qs-wur': {'id': 'RANK_QS_WUR_2027_FUDAN', 'universityName': '复旦大学', 'rankingId': 'qs-wur', 'agency': 'QS', 'rankingName': 'QS World University Rankings', 'edition': '2027', 'rank': 26, 'rankDisplay': '26', 'score': 89.0, 'scope': 'world', 'sourceUrl': 'https://www.topuniversities.com/world-university-rankings', 'publishedAt': '2026-06-18', 'retrievedAt': '2026-09-09', 'verified': True, 'uid': '4131010246', 'rankMidpoint': 26.0, 'referenceRankOrRank': 26.0, 'displayLabel': 'QS 2027 26'}, 'the-wur': {'id': 'RANK_THE_WUR_2026_FUDAN', 'universityName': '复旦大学', 'rankingId': 'the-wur', 'agency': 'Times Higher Education', 'rankingName': 'World University Rankings', 'edition': '2026', 'rank': 36, 'rankDisplay': '36', 'score': 79.3, 'scope': 'world', 'sourceUrl': 'https://www.timeshighereducation.com/student/best-universities/best-universities-china', 'retrievedAt': '2026-09-09', 'verified': True, 'uid': '4131010246', 'rankMidpoint': 36.0, 'referenceRankOrRank': 36.0, 'displayLabel': 'THE 2026 36'}}",0,,0,
4131010247,同济大学,上海市,上海市,,上海市,上海市,本科,18,18,"['985', '211', '双一流']",False,教育部2026名录（CSV镜像）,,73,https://www.tongji.edu.cn,"四平路校区：上海市杨浦区四平路1239号,嘉定校区：上海市嘉定区曹安公路4800号,沪西校区：上海市普陀区真南路500号,沪北校区：上海市静安区中山北路727号",True,,,,,,,,,,,"{'rankingId': 'legacy-shanghairanking-bcur', 'edition': '2026', 'sortValue': 18.0, 'label': '2026软科主榜 18', 'sourceUrl': 'https://www.shanghairanking.cn/rankings/bcur/2026', 'legacy': True}",{},0,,0,
4131010248,上海交通大学,上海市,上海市,,上海市,上海市,本科,4,3,"['985', '211', '双一流']",False,教育部2026名录（CSV镜像）,,125,https://www.sjtu.edu.cn/,"闵行校区：上海市闵行区东川路800号,七宝校区：上海市七莘路2678号,崇明校区：上海市崇明区陈家镇教育园区地块,徐汇校区：上海市徐汇区华山路1954号,黄浦校区：上海市重庆南路227号,长宁校区：上海市长宁区法华镇路535号,浦东校区：上海市浦东新区周浦镇紫萍路227号",True,,,,,,,,,,,"{'rankingId': 'shanghairanking-bcur', 'edition': '2026', 'sortValue': 4.0, 'label': '2026软科 4', 'sourceUrl': 'https://www.shanghairanking.cn/rankings/bcur/202610'}","{'shanghairanking-bcur': {'id': 'RANK_SR_BCUR_2026_SJTU', 'universityName': '上海交通大学', 'rankingId': 'shanghairanking-bcur', 'agency': 'ShanghaiRanking', 'rankingName': '软科中国大学排名（主榜）', 'edition': '2026', 'rank': 4, 'rankDisplay': '4', 'score': 894.2, 'scope': 'China-mainland', 'category': '综合', 'sourceUrl': 'https://www.shanghairanking.cn/rankings/bcur/202610', 'publishedAt': '2026-04-15', 'retrievedAt': '2026-09-09', 'verified': True, 'uid': '4131010248', 'rankMidpoint': 4.0, 'referenceRankOrRank': 4.0, 'displayLabel': '2026软科 4'}, 'qs-wur': {'id': 'RANK_QS_WUR_2027_SJTU', 'universityName': '上海交通大学', 'rankingId': 'qs-wur', 'agency': 'QS', 'rankingName': 'QS World University Rankings', 'edition': '2027', 'rank': 36, 'rankDisplay': '36', 'score': 85.8, 'scope': 'world', 'sourceUrl': 'https://www.topuniversities.com/world-university-rankings', 'publishedAt': '2026-06-18', 'retrievedAt': '2026-09-09', 'verified': True, 'uid': '4131010248', 'rankMidpoint': 36.0, 'referenceRankOrRank': 36.0, 'displayLabel': 'QS 2027 36'}, 'the-wur': {'id': 'RANK_THE_WUR_2026_SJTU', 'universityName': '上海交通大学', 'rankingId': 'the-wur', 'agency': 'Times Higher Education', 'rankingName': 'World University Rankings', 'edition': '2026', 'rank': 40, 'rankDisplay': '40', 'score': 77.6, 'scope': 'world', 'sourceUrl': 'https://www.timeshighereducation.com/student/best-universities/best-universities-china', 'retrievedAt': '2026-09-09', 'verified': True, 'uid': '4131010248', 'rankMidpoint': 40.0, 'referenceRankOrRank': 40.0, 'displayLabel': 'THE 2026 40'}, 'arwu': {'id': 'RANK_ARWU_2026_SJTU', 'universityName': '上海交通大学', 'rankingId': 'arwu', 'agency': 'ShanghaiRanking', 'rankingName': 'Academic Ranking of World Universities', 'edition': '2026', 'rank': 27, 'rankDisplay': '27', 'nationalRank': 4, 'score': 41.8, 'scope': 'world', 'sourceUrl': 'https://www.shanghairanking.com/rankings/arwu/2026', 'retrievedAt': '2026-09-09', 'verified': True, 'uid': '4131010248', 'rankMidpoint': 27.0, 'referenceRankOrRank': 27.0, 'displayLabel': 'ARWU 2026 27'}}",0,,0,
4131010251,华东理工大学,上海市,上海市,,上海市,上海市,本科,42,45,"['211', '双一流']",False,教育部2026名录（CSV镜像）,,133,https://www.ecust.edu.cn/,"徐汇校区：上海市徐汇区梅陇路130号,奉贤校区：上海市奉贤区海思路999号,徐汇南校区：上海市徐汇区梅陇路21号",True,,,,,,,,,,,"{'rankingId': 'legacy-shanghairanking-bcur', 'edition': '2026', 'sortValue': 45.0, 'label': '2026软科主榜 42', 'sourceUrl': 'https://www.shanghairanking.cn/rankings/bcur/2026', 'legacy': True}",{},0,,0,
4131010252,上海理工大学,上海市,上海市,,上海市,上海市,本科,106,139,[],False,教育部2026名录（CSV镜像）,,307,https://www.usst.edu.cn/,"校本部：上海杨浦区市军工路516号,徐汇校区：上海市徐汇区复兴中路1195号",True,,,,,,,,,,,"{'rankingId': 'legacy-shanghairanking-bcur', 'edition': '2026', 'sortValue': 139.0, 'label': '2026软科主榜 106', 'sourceUrl': 'https://www.shanghairanking.cn/rankings/bcur/2026', 'legacy': True}",{},0,,0,
4131010254,上海海事大学,上海市,上海市,,上海市,上海市,本科,171,236,[],False,教育部2026名录（CSV镜像）,,313,https://www.shmtu.edu.cn/,"临港校区：上海市浦东新区海港大道1550号,港湾校区：上海市浦东新区浦东大道2600号",True,,,,,,,,,,,"{'rankingId': 'legacy-shanghairanking-bcur', 'edition': '2026', 'sortValue': 236.0, 'label': '2026软科主榜 171', 'sourceUrl': 'https://www.shanghairanking.cn/rankings/bcur/2026', 'legacy': True}",{},0,,0,
4131010255,东华大学,上海市,上海市,,上海市,上海市,本科,72,87,"['211', '双一流']",False,教育部2026名录（CSV镜像）,,135,https://www.dhu.edu.cn/,"延安路校区：上海市长宁区延安西路1882号,松江校区：上海市松江区人民北路2999号,新华路校区：上海市新华路365弄6号",True,,,,,,,,,,,"{'rankingId': 'legacy-shanghairanking-bcur', 'edition': '2026', 'sortValue': 87.0, 'label': '2026软科主榜 72', 'sourceUrl': 'https://www.shanghairanking.cn/rankings/bcur/2026', 'legacy': True}",{},0,,0,
4131010256,上海电力大学,上海市,上海市,,上海市,上海市,本科,188,259,[],False,教育部2026名录（CSV镜像）,,317,https://www.shiep.edu.cn,"临港校区：上海市浦东新区沪城环路1851号,杨浦校区：上海市杨浦区长阳路2588号",True,,,,,,,,,,,"{'rankingId': 'legacy-shanghairanking-bcur', 'edition': '2026', 'sortValue': 259.0, 'label': '2026软科主榜 188', 'sourceUrl': 'https://www.shanghairanking.cn/rankings/bcur/2026', 'legacy': True}",{},0,,0,
4131010259,上海应用技术大学,上海市,上海市,,上海市,上海市,本科,242,342,[],False,教育部2026名录（CSV镜像）,,315,https://www.sit.edu.cn,"奉贤校区：上海市奉贤区海泉路100号,徐汇校区：上海市徐汇区漕宝路120号",True,,,,,,,,,,,"{'rankingId': 'legacy-shanghairanking-bcur', 'edition': '2026', 'sortValue': 342.0, 'label': '2026软科主榜 242', 'sourceUrl': 'https://www.shanghairanking.cn/rankings/bcur/2026', 'legacy': True}",{},0,,0,
4131010262,上海健康医学院,上海市,上海市,,上海市,上海市,本科,医44,499,[],False,教育部2026名录（CSV镜像）,,3194,https://www.sumhs.edu.cn/,上海市浦东新区周祝公路279号,True,,,,,,,,,,,"{'rankingId': 'legacy-shanghairanking-bcur', 'edition': '2026', 'sortValue': 499.0, 'label': '2026软科分类标签 医44', 'sourceUrl': 'https://www.shanghairanking.cn/rankings/bcur/2026', 'legacy': True}",{},0,,0,
4131010264,上海海洋大学,上海市,上海市,,上海市,上海市,本科,142,196,['双一流'],False,教育部2026名录（CSV镜像）,,309,https://www.shou.edu.cn/,"临港新城校区：上海市浦东新区沪城环路999号,军工路校区：上海市杨浦区军工路318号",True,,,,,,,,,,,"{'rankingId': 'legacy-shanghairanking-bcur', 'edition': '2026', 'sortValue': 196.0, 'label': '2026软科主榜 142', 'sourceUrl': 'https://www.shanghairanking.cn/rankings/bcur/2026', 'legacy': True}",{},0,,0,
4131010268,上海中医药大学,上海市,上海市,,上海市,上海市,本科,中医2,84,['双一流'],False,教育部2026名录（CSV镜像）,,310,https://www.shutcm.edu.cn/,上海市浦东新区蔡伦路1200号,True,,,,,,,,,,,"{'rankingId': 'legacy-shanghairanking-bcur', 'edition': '2026', 'sortValue': 84.0, 'label': '2026软科分类标签 中医2', 'sourceUrl': 'https://www.shanghairanking.cn/rankings/bcur/2026', 'legacy': True}",{},0,,0,
4131010269,华东师范大学,上海市,上海市,,上海市,上海市,本科,29,29,"['985', '211', '双一流']",False,教育部2026名录（CSV镜像）,,131,https://www.ecnu.edu.cn/,"闵行校区：上海市闵行区东川路500号,普陀校区：上海市普陀区中山北路3663号",True,,,,,,,,,,,"{'rankingId': 'legacy-shanghairanking-bcur', 'edition': '2026', 'sortValue': 29.0, 'label': '2026软科主榜 29', 'sourceUrl': 'https://www.shanghairanking.cn/rankings/bcur/2026', 'legacy': True}",{},0,,0,
4131010270,上海师范大学,上海市,上海市,,上海市,上海市,本科,123,164,[],False,教育部2026名录（CSV镜像）,,311,https://www.shnu.edu.cn/,"徐汇校区：上海市徐汇区桂林路100号,奉贤校区：上海市奉贤区海思路100号",True,,,,,,,,,,,"{'rankingId': 'legacy-shanghairanking-bcur', 'edition': '2026', 'sortValue': 164.0, 'label': '2026软科主榜 123', 'sourceUrl': 'https://www.shanghairanking.cn/rankings/bcur/2026', 'legacy': True}",{},0,,0,
4131010271,上海外国语大学,上海市,上海市,,上海市,上海市,本科,语2,104,"['211', '双一流']",False,教育部2026名录（CSV镜像）,,136,https://www.shisu.edu.cn/,"虹口校区：上海市虹口区大连西路550号,松江校区：上海市松江区文翔路1550号",True,,,,,,,,,,,"{'rankingId': 'legacy-shanghairanking-bcur', 'edition': '2026', 'sortValue': 104.0, 'label': '2026软科分类标签 语2', 'sourceUrl': 'https://www.shanghairanking.cn/rankings/bcur/2026', 'legacy': True}",{},0,,0,
4131010272,上海财经大学,上海市,上海市,,上海市,上海市,本科,财1,36,"['211', '双一流']",False,教育部2026名录（CSV镜像）,,130,https://www.sufe.edu.cn/,"主校区：上海市杨浦区国定路777号,中山北一路校区：上海市虹口区中山北一路369号,昆山路校区：上海市上海虹口区昆山路146号,武东路校区：上海市杨浦区武东路100号,武川路校区：上海市杨浦区武川路111号",True,,,,,,,,,,,"{'rankingId': 'legacy-shanghairanking-bcur', 'edition': '2026', 'sortValue': 36.0, 'label': '2026软科分类标签 财1', 'sourceUrl': 'https://www.shanghairanking.cn/rankings/bcur/2026', 'legacy': True}",{},0,,0,
4131010273,上海对外经贸大学,上海市,上海市,,上海市,上海市,本科,财14,199,[],False,教育部2026名录（CSV镜像）,,318,https://www.suibe.edu.cn/,"松江校区：上海市松江区文翔路1900号,闵行校区：上海市闵行区漕宝路3349号,古北校区：上海市长宁区古北路620号",True,,,,,,,,,,,"{'rankingId': 'legacy-shanghairanking-bcur', 'edition': '2026', 'sortValue': 199.0, 'label': '2026软科分类标签 财14', 'sourceUrl': 'https://www.shanghairanking.cn/rankings/bcur/2026', 'legacy': True}",{},0,,0,
4131010274,上海海关学院,上海市,上海市,,上海市,上海市,本科,276,399,[],False,教育部2026名录（CSV镜像）,,655,https://www.shcc.edu.cn/,"校本部：上海市浦东新区华夏西路5677号,滴水湖国际校区：上海市浦东新区临港大道11号,苏州分校：苏州市吴中区舟山路58号",True,,,,,,,,,,,"{'rankingId': 'legacy-shanghairanking-bcur', 'edition': '2026', 'sortValue': 399.0, 'label': '2026软科主榜 276', 'sourceUrl': 'https://www.shanghairanking.cn/rankings/bcur/2026', 'legacy': True}",{},0,,0,
4131010276,华东政法大学,上海市,上海市,,上海市,上海市,本科,政2,158,[],False,教育部2026名录（CSV镜像）,,323,https://www.ecupl.edu.cn/,"长宁校区：上海市长宁区万航渡路1575号,松江校区：上海市松江大学园区龙源路555号",True,,,,,,,,,,,"{'rankingId': 'legacy-shanghairanking-bcur', 'edition': '2026', 'sortValue': 158.0, 'label': '2026软科分类标签 政2', 'sourceUrl': 'https://www.shanghairanking.cn/rankings/bcur/2026', 'legacy': True}",{},0,,0,
4131010277,上海体育大学,上海市,上海市,,上海市,上海市,本科,体1,181,['双一流'],False,教育部2026名录（CSV镜像）,,324,https://www.sus.edu.cn/,"杨浦校区：上海市杨浦区清源环路650号,松江校区：上海市松江区文翔路2000号,徐汇校区：上海市徐汇区长桥街道百色路1333号",True,,,,,,,,,,,"{'rankingId': 'legacy-shanghairanking-bcur', 'edition': '2026', 'sortValue': 181.0, 'label': '2026软科分类标签 体1', 'sourceUrl': 'https://www.shanghairanking.cn/rankings/bcur/2026', 'legacy': True}",{},0,,0,
4131010278,上海音乐学院,上海市,上海市,,上海市,上海市,本科,,999999,['双一流'],False,教育部2026名录（CSV镜像）,,326,https://www.shcmusic.edu.cn,"汾阳路校区：上海市徐汇区汾阳路20号,零陵路校区：上海市徐汇区零陵路520号",True,,,,,,,,,,,,{},0,,0,
4131010279,上海戏剧学院,上海市,上海市,,上海市,上海市,本科,,999999,[],False,教育部2026名录（CSV镜像）,,327,https://www.sta.edu.cn/,"华山路校区：上海市静安区华山路630号,莲花路校区：上海市闵行区莲花路211号,虹桥路校区：上海市长宁区虹桥路1674号,昌林路校区：上海市闵行区昌林路800号",True,,,,,,,,,,,,{},0,,0,
4131010280,上海大学,上海市,上海市,,上海市,上海市,本科,60,69,"['211', '双一流']",False,教育部2026名录（CSV镜像）,,76,https://www.shu.edu.cn/,"宝山校区：上海市宝山区上大路99号,延长校区：上海市静安区延长路149号,嘉定校区：上海市嘉定区城中路20号",True,,,,,,,,,,,"{'rankingId': 'legacy-shanghairanking-bcur', 'edition': '2026', 'sortValue': 69.0, 'label': '2026软科主榜 60', 'sourceUrl': 'https://www.shanghairanking.cn/rankings/bcur/2026', 'legacy': True}",{},0,,0,
4131010283,上海公安学院,上海市,上海市,,上海市,上海市,本科,政25,610,[],False,教育部2026名录（CSV镜像）,,3338,https://www.shpc.edu.cn/gaxy/,"浦东校区：上海市浦东新区崇景路100号,闵行校区：上海市闵行区沁春路179号",True,,,,,,,,,,,"{'rankingId': 'legacy-shanghairanking-bcur', 'edition': '2026', 'sortValue': 610.0, 'label': '2026软科分类标签 政25', 'sourceUrl': 'https://www.shanghairanking.cn/rankings/bcur/2026', 'legacy': True}",{},0,,0,
4131010856,上海工程技术大学,上海市,上海市,,上海市,上海市,本科,237,335,[],False,教育部2026名录（CSV镜像）,,308,https://www.sues.edu.cn/,"松江校区：上海市松江区龙腾路333号,长宁校区：上海市长宁区仙霞路350号,虹口校区：上海市虹口区逸仙路88号",True,,,,,,,,,,,"{'rankingId': 'legacy-shanghairanking-bcur', 'edition': '2026', 'sortValue': 335.0, 'label': '2026软科主榜 237', 'sourceUrl': 'https://www.shanghairanking.cn/rankings/bcur/2026', 'legacy': True}",{},0,,0,
4131011047,上海立信会计金融学院,上海市,上海市,,上海市,上海市,本科,财27,384,[],False,教育部2026名录（CSV镜像）,,320,https://www.lixin.edu.cn/,"上川路校区：上海市浦东新区上川路995号,文翔路校区：上海市松江区文翔路2800号,中山西路校区：上海市徐汇区中山西路2230号",True,,,,,,,,,,,"{'rankingId': 'legacy-shanghairanking-bcur', 'edition': '2026', 'sortValue': 384.0, 'label': '2026软科分类标签 财27', 'sourceUrl': 'https://www.shanghairanking.cn/rankings/bcur/2026', 'legacy': True}",{},0,,0,
4131011458,上海电机学院,上海市,上海市,,上海市,上海市,本科,332,491,[],False,教育部2026名录（CSV镜像）,,1092,https://www.sdju.edu.cn/,"临港校区：上海市浦东新区水华路300号,闵行校区：上海市闵行区江川路690号",True,,,,,,,,,,,"{'rankingId': 'legacy-shanghairanking-bcur', 'edition': '2026', 'sortValue': 491.0, 'label': '2026软科主榜 332', 'sourceUrl': 'https://www.shanghairanking.cn/rankings/bcur/2026', 'legacy': True}",{},0,,0,
4131011833,上海杉达学院,上海市,上海市,,上海市,上海市,本科,财4,887,[],True,教育部2026名录（CSV镜像）,民办,329,https://www.sandau.edu.cn/,"金海校区：上海市浦东新区金海路2727号,金桥校区：上海市浦东新区金桥路545号,长寿校区：上海市普陀区长寿路652号,嘉善校区：浙江省嘉善市嘉善县人民大道505号",True,,,,,,,,,,,"{'rankingId': 'legacy-shanghairanking-bcur', 'edition': '2026', 'sortValue': 887.0, 'label': '2026软科分类标签 财4', 'sourceUrl': 'https://www.shanghairanking.cn/rankings/bcur/2026', 'legacy': True}",{},0,,0,
4131011835,上海政法学院,上海市,上海市,,上海市,上海市,本科,政6,302,[],False,教育部2026名录（CSV镜像）,,1011,https://www.shupl.edu.cn/,"青浦校区：上海市青浦区外青松公路7989号,普陀校区：上海市普陀区三源路175号",True,,,,,,,,,,,"{'rankingId': 'legacy-shanghairanking-bcur', 'edition': '2026', 'sortValue': 302.0, 'label': '2026软科分类标签 政6', 'sourceUrl': 'https://www.shanghairanking.cn/rankings/bcur/2026', 'legacy': True}",{},0,,0,
4131012044,上海第二工业大学,上海市,上海市,,上海市,上海市,本科,327,485,[],False,教育部2026名录（CSV镜像）,,312,https://www.sspu.edu.cn/,上海市浦东新区金海路2360号,True,,,,,,,,,,,"{'rankingId': 'legacy-shanghairanking-bcur', 'edition': '2026', 'sortValue': 485.0, 'label': '2026软科主榜 327', 'sourceUrl': 'https://www.shanghairanking.cn/rankings/bcur/2026', 'legacy': True}",{},0,,0,
4131012050,上海商学院,上海市,上海市,,上海市,上海市,本科,财39,516,[],False,教育部2026名录（CSV镜像）,,1010,https://www.sbs.edu.cn/,"奉浦校区：上海市奉贤区东方美谷大道6333号,中山西路校区：上海市徐汇区中山西路2271号,漕宝路校区：上海市徐汇区漕宝路121号,交通路院区：上海市普陀区交通路1933号,共和新院区：上海市静安区共和新路1458号,赤峰路院区：上海市杨浦区赤峰路43号",True,,,,,,,,,,,"{'rankingId': 'legacy-shanghairanking-bcur', 'edition': '2026', 'sortValue': 516.0, 'label': '2026软科分类标签 财39', 'sourceUrl': 'https://www.shanghairanking.cn/rankings/bcur/2026', 'legacy': True}",{},0,,0,
4131012587,上海立达学院,上海市,上海市,,上海市,上海市,本科,100+,1050,[],True,教育部2026名录（CSV镜像）,民办,680,https://www.lidapoly.edu.cn/,上海市松江区车亭公路1788号,True,,,,,,,,,,,"{'rankingId': 'legacy-shanghairanking-bcur', 'edition': '2026', 'sortValue': 1050.0, 'label': '2026软科分类标签 100+', 'sourceUrl': 'https://www.shanghairanking.cn/rankings/bcur/2026', 'legacy': True}",{},0,,0,
4131012799,上海建桥学院,上海市,上海市,,上海市,上海市,本科,27,903,[],True,教育部2026名录（CSV镜像）,民办,676,https://www.gench.edu.cn/,上海市浦东新区沪城环路1111号,True,,,,,,,,,,,"{'rankingId': 'legacy-shanghairanking-bcur', 'edition': '2026', 'sortValue': 903.0, 'label': '2026软科主榜 27', 'sourceUrl': 'https://www.shanghairanking.cn/rankings/bcur/2026', 'legacy': True}",{},0,,0,
4131012914,上海兴伟学院,上海市,上海市,,上海市,上海市,本科,,999999,[],True,教育部2026名录（CSV镜像）,民办,684,https://www.xingwei.edu.cn/,上海市浦东新区惠南镇城南路（又名沪南公路）1635号（靠近观海路）,True,,,,,,,,,,,,{},0,,0,
4131012915,上海中侨职业技术大学,上海市,上海市,,上海市,上海市,本科,,999999,[],True,教育部2026名录（CSV镜像）,民办,706,https://www.shzq.edu.cn,上海市金山区张堰镇漕廊公路3888号,True,,,,,,,,,,,,{},0,,0,
4131013632,上海视觉艺术学院,上海市,上海市,,上海市,上海市,本科,,999999,[],True,教育部2026名录（CSV镜像）,民办,1469,https://www.siva.edu.cn/,上海市松江区文翔路2200号,True,,,,,,,,,,,,{},0,,0,
4131013636,上海外国语大学贤达经济人文学院,上海市,上海市,,上海市,上海市,本科,,999999,[],True,教育部2026名录（CSV镜像）,民办,1304,https://www.xdsisu.edu.cn/,"虹口校区：上海市虹口区东体育会路390号,崇明校区：上海市崇明区东滩大道999号",True,,,,,,,,,,,,{},0,,0,
4131013893,上海师范大学天华学院,上海市,上海市,,上海市,上海市,本科,,999999,[],True,教育部2026名录（CSV镜像）,民办,1215,https://www.sthu.cn/,"主校区：上海市嘉定区胜辛北路1661号,东校区：上海市嘉定区城北路1585弄",True,,,,,,,,,,,,{},0,,0,
4131014423,上海科技大学,上海市,上海市,,上海市,上海市,本科,47,53,['双一流'],False,教育部2026名录（CSV镜像）,,3151,https://www.shanghaitech.edu.cn/,"浦东校区：上海市浦东新区华夏中路393号,岳阳路校区：上海市徐汇区岳阳路319号8号楼",True,,,,,,,,,,,"{'rankingId': 'legacy-shanghairanking-bcur', 'edition': '2026', 'sortValue': 53.0, 'label': '2026软科主榜 47', 'sourceUrl': 'https://www.shanghairanking.cn/rankings/bcur/2026', 'legacy': True}",{},0,,0,
4131016404,上海纽约大学,上海市,上海市,,上海市,上海市,本科,合作3,94,[],False,教育部2026名录（CSV镜像）,中外合作办学及内地与港澳合作办学,3039,https://shanghai.nyu.edu/cn,上海市浦东新区世纪大道1555号,True,,,,,,,,,,,"{'rankingId': 'legacy-shanghairanking-bcur', 'edition': '2026', 'sortValue': 94.0, 'label': '2026软科分类标签 合作3', 'sourceUrl': 'https://www.shanghairanking.cn/rankings/bcur/2026', 'legacy': True}",{},0,,0,
4131010275,上海旅游高等专科学校,上海市,上海市,,上海市,上海市,专科,,999999,[],False,教育部2026名录（CSV镜像）,,2362,https://www.sitsh.edu.cn/,上海市奉贤区海思路500号,True,,,,,,,,,,,,{},0,,0,
4131010851,上海东海职业技术学院,上海市,上海市,,上海市,上海市,专科,,999999,[],True,教育部2026名录（CSV镜像）,民办,669,https://www.esu.edu.cn/,上海市闵行区虹梅南路6001号,True,,,,,,,,,,,,{},0,,0,
4131010852,上海工商职业技术学院,上海市,上海市,,上海市,上海市,专科,,999999,[],True,教育部2026名录（CSV镜像）,民办,685,https://www.sicp.edu.cn/,"嘉定校区：上海市嘉定区外冈镇恒荣路200号（南校门）,青浦校区：上海市青浦区华新镇新凤北路565号",True,,,,,,,,,,,,{},0,,0,
4131011733,上海出版印刷高等专科学校,上海市,上海市,,上海市,上海市,专科,,999999,[],False,教育部2026名录（CSV镜像）,,664,https://www.sppc.edu.cn,"校本部：上海市杨浦区水丰路100号,营口路校区：上海市杨浦区营口路101号,奉贤校区：上海市奉贤区浦星公路5100号",True,,,,,,,,,,,,{},0,,0,
4131012493,上海行健职业学院,上海市,上海市,,上海市,上海市,专科,,999999,[],False,教育部2026名录（CSV镜像）,,686,http://www.shxj.edu.cn/,上海市静安区原平路55号,True,,,,,,,,,,,,{},0,,0,
4131012495,上海城建职业学院,上海市,上海市,,上海市,上海市,专科,,999999,[],False,教育部2026名录（CSV镜像）,,663,https://www.succ.edu.cn,"奉贤校区：上海市奉贤区南亭公路2080号,杨浦校区：上海市杨浦区军工路2360号,宝山校区：上海市宝山区漠河路1168号",True,,,,,,,,,,,,{},0,,0,
4131012497,上海交通职业技术学院,上海市,上海市,,上海市,上海市,专科,,999999,[],False,教育部2026名录（CSV镜像）,,677,https://www.scp.edu.cn/,"凯旋校区：上海市徐汇区凯旋路2050号,浦东校院：上海市浦东新区下盐路2888号,宝山校区：上海市宝山区呼兰路883号,嘉定校区：上海市嘉定区华亭镇双塘村双浏路128号,轨道交通学院：上海市闵行区紫琅路118号（原漕宝路1685弄188号）",True,,,,,,,,,,,,{},0,,0,
4131012498,上海海事职业技术学院,上海市,上海市,,上海市,上海市,专科,,999999,[],False,教育部2026名录（CSV镜像）,,673,https://www.sma.edu.cn,"浦东校区：上海市浦东新区源深路158号,杨浦校区：上海市杨浦区世界路200号",True,,,,,,,,,,,,{},0,,0,
4131012499,上海电子信息职业技术学院,上海市,上海市,,上海市,上海市,专科,,999999,[],False,教育部2026名录（CSV镜像）,,666,https://www.stiei.edu.cn/,"奉贤校区：上海市奉贤区奉城镇瓦洪公路3098号,闵行校区：上海市闵行区剑川路910号,金山校区：上海市金山区学府路1300号,普陀校区：上海市普陀区新村路435号",True,,,,,,,,,,,,{},0,,0,
4131012583,上海震旦职业学院,上海市,上海市,,上海市,上海市,专科,,999999,[],True,教育部2026名录（CSV镜像）,民办,668,https://www.aurora-college.cn/,"校本部：上海市宝山区市一路88号,美兰湖校区：上海市宝山区月罗公路2106号",True,,,,,,,,,,,,{},0,,0,
4131012584,上海民远职业技术学院,上海市,上海市,,上海市,上海市,专科,,999999,[],True,教育部2026名录（CSV镜像）,民办,1726,https://www.shmy.edu.cn,上海浦东新区唐陆路3892号,True,,,,,,,,,,,,{},0,,0,
4131012585,上海欧华职业技术学院,上海市,上海市,,上海市,上海市,专科,,999999,[],True,教育部2026名录（CSV镜像）,民办,,,,False,closed,办学许可证已废止,2022-01-24,https://edu.sh.gov.cn/xxgk2_zdgz_mbjy_01/20220125/8e1beb15111f459882a48d67e7a9cf09.html,上海市教育委员会2022年公告：上海欧华职业技术学院无实际招生、办学行为，办学许可证到期后自然废止并予公告。,,,,,,,{},0,,0,
4131012586,上海思博职业技术学院,上海市,上海市,,上海市,上海市,专科,,999999,[],True,教育部2026名录（CSV镜像）,民办,683,https://sipo.sicfl.edu.cn/,上海市浦东新区城南路1408号,True,,,,,,,,,,,,{},0,,0,
4131012588,上海工艺美术职业学院,上海市,上海市,,上海市,上海市,专科,,999999,[],False,教育部2026名录（CSV镜像）,,671,https://www.sada.edu.cn/,上海市嘉定区嘉行公路851号,True,,,,,,,,,,,,{},0,,0,
4131012798,上海济光职业技术学院,上海市,上海市,,上海市,上海市,专科,,999999,[],True,教育部2026名录（CSV镜像）,民办,674,https://www.shjgu.edu.cn/,"宝山校区：上海市宝山区水产路2859号,杨浦校区：上海市杨浦区武东路51号",True,,,,,,,,,,,,{},0,,0,
4131012800,上海工商外国语职业学院,上海市,上海市,,上海市,上海市,专科,,999999,[],True,教育部2026名录（CSV镜像）,民办,1727,https://www.sicfl.edu.cn/,"校本部：上海市浦东新区惠南镇观海路505号,青浦校区：上海市青浦区新凤北路565号",True,,,,,,,,,,,,{},0,,0,
4131012801,上海科学技术职业学院,上海市,上海市,,上海市,上海市,专科,,999999,[],False,教育部2026名录（CSV镜像）,,679,https://www.scst.edu.cn/,"校本部：上海市嘉定区金沙路280号,闵行校区：上海市闵行区罗锦路42号",True,,,,,,,,,,,,{},0,,0,
4131012912,上海农林职业技术学院,上海市,上海市,,上海市,上海市,专科,,999999,[],False,教育部2026名录（CSV镜像）,,682,https://www.shafc.edu.cn/,上海市松江区中山二路658号,True,,,,,,,,,,,,{},0,,0,
4131012913,上海邦德职业技术学院,上海市,上海市,,上海市,上海市,专科,,999999,[],True,教育部2026名录（CSV镜像）,民办,662,https://www.shbangde.com/,上海市宝山区锦秋路299号,True,,,,,,,,,,,,{},0,,0,
4131013747,上海电影艺术职业学院,上海市,上海市,,上海市,上海市,专科,,999999,[],True,教育部2026名录（CSV镜像）,民办,1724,https://www.shfilmart.com/,"校本部：上海浦东新区张江高科技园区达尔文路188号,金山校区：上海市金山区张堰镇德贤路康和路口",True,,,,,,,,,,,,{},0,,0,
4131013907,上海中华职业技术学院,上海市,上海市,,上海市,上海市,专科,,999999,[],True,教育部2026名录（CSV镜像）,民办,3351,https://www.shzhc.edu.cn/,上海市崇明区层海路 1 号,True,,,,,,,,,,,,{},0,,0,
4131014023,上海工会管理职业学院,上海市,上海市,,上海市,上海市,专科,,999999,[],False,教育部2026名录（CSV镜像）,,,,,False,nonDegreeTraining,已剥离学历教育功能,2016-07,https://www.shghxy.org.cn/xyjj.jhtml,上海工会管理职业学院官网简介明确：2016年7月剥离学历教育功能，全面回归工会干部教育培训和工会理论研究主责主业。,,,,,,,{},0,,0,
4131014394,上海民航职业技术学院,上海市,上海市,,上海市,上海市,专科,,999999,[],False,教育部2026名录（CSV镜像）,,2934,https://www.shcac.edu.cn/,"徐汇校区：上海市徐汇区龙华西路1号,浦东校区：上海市浦东新区学海路100号",True,,,,,,,,,,,,{},0,,0,
4131014745,上海南湖职业技术学院,上海市,上海市,,上海市,上海市,专科,,999999,[],False,教育部2026名录（CSV镜像）,,3574,https://www.shnhvtc.edu.cn/,"校本部：上海市虹口区三门路661号,东校区：上海市虹口区密云路481号,南校区：上海市虹口区四川北路1702弄32号,西校区：上海市虹口区车站北路730号",True,,,,,,,,,,,,{},0,,0,
4131014778,上海科创职业技术学院,上海市,上海市,,上海市,上海市,专科,,999999,[],False,教育部2026名录（CSV镜像）,,3619,http://www.shtivc.edu.cn/,上海市松江区人民北路925号,True,,,,,,,,,,,,{},0,,0,
4131014779,上海闵行职业技术学院,上海市,上海市,,上海市,上海市,专科,,999999,[],False,教育部2026名录（CSV镜像）,,3623,https://smp.mhedu.sh.cn/zhmh/site/mh1/index,上海市闵行区元江路4080号,True,,,,,,,,,,,,{},0,,0,
4131014780,上海现代化工职业学院,上海市,上海市,,上海市,上海市,专科,,999999,[],False,教育部2026名录（CSV镜像）,,3617,https://spa.jsedu.sh.cn/,上海金山区龙胜路1097号,True,,,,,,,,,,,,{},0,,0,
4131014781,上海建设管理职业技术学院,上海市,上海市,,上海市,上海市,专科,,999999,[],False,教育部2026名录（CSV镜像）,,3616,https://www.shcmc.edu.cn/,"青浦徐泾总校区：上海市青浦区徐泾镇高泾路588号,青浦金泽校区：上海市青浦区金泽镇莲金路38弄9号,徐汇校区：上海市徐汇区龙水北路999号",True,,,,,,,,,,,,{},0,,0,
4131014895,上海浦东职业技术学院,上海市,上海市,,上海市,上海市,专科,,999999,[],False,教育部2026名录（CSV镜像）,,3684,https://www.shspdc.edu.cn/,"康梧路校区：上海市浦东新区康梧路978弄57号,龙居路校区：上海市浦东新区龙居路87号",True,,,,,,,,,,,,{},0,,0,
4132010284,南京大学,江苏省,南京市,,江苏省,南京市,本科,6,5,"['985', '211', '双一流']",False,教育部2026名录（CSV镜像）,,111,https://www.nju.edu.cn/,"仙林校区：江苏省南京市栖霞区仙林大道163号,鼓楼校区：江苏省南京市鼓楼区汉口路22号,浦口校区：江苏省南京市浦口区沿江镇学府路8号,苏州校区：江苏省苏州市虎丘区太湖大道",True,,,,,,,,,,,"{'rankingId': 'shanghairanking-bcur', 'edition': '2026', 'sortValue': 6.0, 'label': '2026软科 6', 'sourceUrl': 'https://www.shanghairanking.cn/rankings/bcur/202610'}","{'shanghairanking-bcur': {'id': 'RANK_SR_BCUR_2026_NJU', 'universityName': '南京大学', 'rankingId': 'shanghairanking-bcur', 'agency': 'ShanghaiRanking', 'rankingName': '软科中国大学排名（主榜）', 'edition': '2026', 'rank': 6, 'rankDisplay': '6', 'score': 708.5, 'scope': 'China-mainland', 'category': '综合', 'sourceUrl': 'https://www.shanghairanking.cn/rankings/bcur/202610', 'publishedAt': '2026-04-15', 'retrievedAt': '2026-09-09', 'verified': True, 'uid': '4132010284', 'rankMidpoint': 6.0, 'referenceRankOrRank': 6.0, 'displayLabel': '2026软科 6'}, 'qs-wur': {'id': 'RANK_QS_WUR_2027_NJU', 'universityName': '南京大学', 'rankingId': 'qs-wur', 'agency': 'QS', 'rankingName': 'QS World University Rankings', 'edition': '2027', 'rank': 90, 'rankDisplay': '=90', 'score': 70.4, 'scope': 'world', 'sourceUrl': 'https://www.topuniversities.com/world-university-rankings', 'publishedAt': '2026-06-18', 'retrievedAt': '2026-09-09', 'verified': True, 'uid': '4132010284', 'rankMidpoint': 90.0, 'referenceRankOrRank': 90.0, 'displayLabel': 'QS 2027 =90'}, 'the-wur': {'id': 'RANK_THE_WUR_2026_NJU', 'universityName': '南京大学', 'rankingId': 'the-wur', 'agency': 'Times Higher Education', 'rankingName': 'World University Rankings', 'edition': '2026', 'rank': 62, 'rankDisplay': '=62', 'score': 73.7, 'scope': 'world', 'sourceUrl': 'https://www.timeshighereducation.com/student/best-universities/best-universities-china', 'retrievedAt': '2026-09-09', 'verified': True, 'uid': '4132010284', 'rankMidpoint': 62.0, 'referenceRankOrRank': 62.0, 'displayLabel': 'THE 2026 =62'}}",0,,0,
4132010285,苏州大学,江苏省,苏州市,,江苏省,苏州市,本科,46,52,"['211', '双一流']",False,教育部2026名录（CSV镜像）,,118,https://www.suda.edu.cn/,"天赐庄校区：江苏省苏州市姑苏区十梓街1号,独墅湖校区：江苏省苏州市工业园区仁爱路199号,阳澄湖校区：江苏省苏州市相城区济学路8号,未来校区：江苏省苏州市吴江区久泳西路1号",True,,,,,,,,,,,"{'rankingId': 'legacy-shanghairanking-bcur', 'edition': '2026', 'sortValue': 52.0, 'label': '2026软科主榜 46', 'sourceUrl': 'https://www.shanghairanking.cn/rankings/bcur/2026', 'legacy': True}",{},0,,0,
4132010286,东南大学,江苏省,南京市,,江苏省,南京市,本科,15,15,"['985', '211', '双一流']",False,教育部2026名录（CSV镜像）,,109,https://www.seu.edu.cn/,"四牌楼校区：江苏省南京市玄武区新街口街道大石桥社区四牌楼2号,九龙湖校区：江苏省南京市江宁区东南大学路2号,丁家桥校区：江苏省南京市鼓楼区丁家桥87号,无锡校区：江苏省无锡市新吴区菱湖大道99号,苏州校区：江苏省苏州市苏州工业园区林泉街399号",True,,,,,,,,,,,"{'rankingId': 'legacy-shanghairanking-bcur', 'edition': '2026', 'sortValue': 15.0, 'label': '2026软科主榜 15', 'sourceUrl': 'https://www.shanghairanking.cn/rankings/bcur/2026', 'legacy': True}",{},0,,0,
4132010287,南京航空航天大学,江苏省,南京市,,江苏省,南京市,本科,37,38,"['211', '双一流']",False,教育部2026名录（CSV镜像）,,77,https://www.nuaa.edu.cn/,"明故宫校区：江苏省南京市秦淮区御道街29号,将军路校区：江苏省南京市江宁区将军大道29号,天目湖校区：江苏省溧阳市滨河东路29号",True,,,,,,,,,,,"{'rankingId': 'legacy-shanghairanking-bcur', 'edition': '2026', 'sortValue': 38.0, 'label': '2026软科主榜 37', 'sourceUrl': 'https://www.shanghairanking.cn/rankings/bcur/2026', 'legacy': True}",{},0,,0,
4132010288,南京理工大学,江苏省,南京市,,江苏省,南京市,本科,36,37,"['211', '双一流']",False,教育部2026名录（CSV镜像）,,112,https://www.njust.edu.cn/,"南京校区：江苏省南京市玄武区孝陵卫街200号,江阴校区：江苏省无锡市江阴市滨江西路599号,盱眙校区：江苏省淮安市盱眙县南山大道",True,,,,,,,,,,,"{'rankingId': 'legacy-shanghairanking-bcur', 'edition': '2026', 'sortValue': 37.0, 'label': '2026软科主榜 36', 'sourceUrl': 'https://www.shanghairanking.cn/rankings/bcur/2026', 'legacy': True}",{},0,,0,
4132010289,江苏科技大学,江苏省,镇江市,,江苏省,镇江市,本科,141,195,[],False,教育部2026名录（CSV镜像）,,161,https://www.just.edu.cn/,"长山校区：江苏省镇江市丹徒新区长晖路666号,梦溪校区：江苏省镇江市梦溪路2号,张家港校区（苏州理工学院）：江苏省苏州市张家港市长兴中路8号",True,,,,,,,,,,,"{'rankingId': 'legacy-shanghairanking-bcur', 'edition': '2026', 'sortValue': 195.0, 'label': '2026软科主榜 141', 'sourceUrl': 'https://www.shanghairanking.cn/rankings/bcur/2026', 'legacy': True}",{},0,,0,
4132010290,中国矿业大学,江苏省,徐州市,,江苏省,徐州市,本科,67,81,"['211', '双一流']",False,教育部2026名录（CSV镜像）,,110,https://www.cumt.edu.cn/,"南湖校区：江苏省徐州市铜山区大学路1号,文昌校区：江苏省徐州市泉山区金山东路1号",True,,,,,,,,,,,"{'rankingId': 'legacy-shanghairanking-bcur', 'edition': '2026', 'sortValue': 81.0, 'label': '2026软科主榜 67', 'sourceUrl': 'https://www.shanghairanking.cn/rankings/bcur/2026', 'legacy': True}",{},0,,0,
4132010291,南京工业大学,江苏省,南京市,,江苏省,南京市,本科,88,112,[],False,教育部2026名录（CSV镜像）,,171,https://www.njtech.edu.cn/,"江浦校区：江苏省南京市江北新区浦珠南路30号,丁家桥校区：江苏省南京市鼓楼区新模范马路5号,虹桥校区：江苏省南京市鼓楼区中山北路200号",True,,,,,,,,,,,"{'rankingId': 'legacy-shanghairanking-bcur', 'edition': '2026', 'sortValue': 112.0, 'label': '2026软科主榜 88', 'sourceUrl': 'https://www.shanghairanking.cn/rankings/bcur/2026', 'legacy': True}",{},0,,0,
4132010292,常州大学,江苏省,常州市,,江苏省,常州市,本科,165,227,[],False,教育部2026名录（CSV镜像）,,156,https://www.cczu.edu.cn,"科教城校区：江苏省常州市武进区滆湖中路21号,西太湖校区：江苏省常州市武进区延政西大道2468号",True,,,,,,,,,,,"{'rankingId': 'legacy-shanghairanking-bcur', 'edition': '2026', 'sortValue': 227.0, 'label': '2026软科主榜 165', 'sourceUrl': 'https://www.shanghairanking.cn/rankings/bcur/2026', 'legacy': True}",{},0,,0,
4132010293,南京邮电大学,江苏省,南京市,,江苏省,南京市,本科,82,105,['双一流'],False,教育部2026名录（CSV镜像）,,160,https://www.njupt.edu.cn,"仙林校区：江苏省南京市仙林大学城文苑路9号,三牌楼校区：江苏省南京市新模范马路66号,锁金村校区：江苏省南京市龙蟠路177号",True,,,,,,,,,,,"{'rankingId': 'legacy-shanghairanking-bcur', 'edition': '2026', 'sortValue': 105.0, 'label': '2026软科主榜 82', 'sourceUrl': 'https://www.shanghairanking.cn/rankings/bcur/2026', 'legacy': True}",{},0,,0,
4132010294,河海大学,江苏省,南京市,,江苏省,南京市,本科,63,74,"['211', '双一流']",False,教育部2026名录（CSV镜像）,,116,https://www.hhu.edu.cn/,"西康路校区：江苏省南京市鼓楼区西康路1号,江宁校区：江苏省南京市江宁区佛城西路8号,常州校区：江苏省常州市金坛区河海大道1915号",True,,,,,,,,,,,"{'rankingId': 'legacy-shanghairanking-bcur', 'edition': '2026', 'sortValue': 74.0, 'label': '2026软科主榜 63', 'sourceUrl': 'https://www.shanghairanking.cn/rankings/bcur/2026', 'legacy': True}",{},0,,0,
4132010295,江南大学,江苏省,无锡市,,江苏省,无锡市,本科,52,58,"['211', '双一流']",False,教育部2026名录（CSV镜像）,,86,https://www.jiangnan.edu.cn/,"蠡湖校区：江苏省无锡市蠡湖大道1800号,宜兴校区：江苏省无锡市宜兴市太湖大道181号,霞客湾校区：江苏省无锡市江阴市青阳镇府前路299号江南大学",True,,,,,,,,,,,"{'rankingId': 'legacy-shanghairanking-bcur', 'edition': '2026', 'sortValue': 58.0, 'label': '2026软科主榜 52', 'sourceUrl': 'https://www.shanghairanking.cn/rankings/bcur/2026', 'legacy': True}",{},0,,0,
4132010298,南京林业大学,江苏省,南京市,,江苏省,南京市,本科,93,119,['双一流'],False,教育部2026名录（CSV镜像）,,169,https://www.njfu.edu.cn/,"南京新庄校区：江苏省南京市玄武区龙蟠路159号,淮安校区：江苏省淮安市清江浦区枚皋路1号高等教育园区,南京白马校区：江苏省南京市溧水区白马大道58号",True,,,,,,,,,,,"{'rankingId': 'legacy-shanghairanking-bcur', 'edition': '2026', 'sortValue': 119.0, 'label': '2026软科主榜 93', 'sourceUrl': 'https://www.shanghairanking.cn/rankings/bcur/2026', 'legacy': True}",{},0,,0,
4132010299,江苏大学,江苏省,镇江市,,江苏省,镇江市,本科,81,101,[],False,教育部2026名录（CSV镜像）,,170,https://www.ujs.edu.cn/,"校本部：江苏省镇江市学府路301号,中山校区：江苏省镇江市润州区中山西路63号, 梦溪校区：江苏省镇江市京口区梦溪园巷30号 ,长山校区：江苏省镇江市丹徒区长香西大道537号",True,,,,,,,,,,,"{'rankingId': 'legacy-shanghairanking-bcur', 'edition': '2026', 'sortValue': 101.0, 'label': '2026软科主榜 81', 'sourceUrl': 'https://www.shanghairanking.cn/rankings/bcur/2026', 'legacy': True}",{},0,,0,
4132010300,南京信息工程大学,江苏省,南京市,,江苏省,南京市,本科,98,126,['双一流'],False,教育部2026名录（CSV镜像）,,166,https://www.nuist.edu.cn/,"校本部：江苏省南京市宁六路219号,金牛湖校区：安徽省天长市金牛湖新区茉莉花大道以南金牛湖产教融合园区,无锡校区（已转设为无锡学院）：江苏省无锡市锡山大道333号",True,,,,,,,,,,,"{'rankingId': 'legacy-shanghairanking-bcur', 'edition': '2026', 'sortValue': 126.0, 'label': '2026软科主榜 98', 'sourceUrl': 'https://www.shanghairanking.cn/rankings/bcur/2026', 'legacy': True}",{},0,,0,
4132010304,南通大学,江苏省,南通市,,江苏省,南通市,本科,147,204,[],False,教育部2026名录（CSV镜像）,,787,https://www.ntu.edu.cn,"啬园校区：江苏省南通市啬园路9号,启东校区：启东市高新技术产业开发区南海路1号,启秀校区：江苏省南通市崇川区启秀路19号",True,,,,,,,,,,,"{'rankingId': 'legacy-shanghairanking-bcur', 'edition': '2026', 'sortValue': 204.0, 'label': '2026软科主榜 147', 'sourceUrl': 'https://www.shanghairanking.cn/rankings/bcur/2026', 'legacy': True}",{},0,,0,
4132010305,盐城工学院,江苏省,盐城市,,江苏省,盐城市,本科,334,493,[],False,教育部2026名录（CSV镜像）,,154,https://www.ycit.cn/,"希望大道校区：江苏省盐城市希望大道中路1号,建军东路校区：江苏省盐城市建军东路211号",True,,,,,,,,,,,"{'rankingId': 'legacy-shanghairanking-bcur', 'edition': '2026', 'sortValue': 493.0, 'label': '2026软科主榜 334', 'sourceUrl': 'https://www.shanghairanking.cn/rankings/bcur/2026', 'legacy': True}",{},0,,0,
4132010307,南京农业大学,江苏省,南京市,,江苏省,南京市,本科,55,61,"['211', '双一流']",False,教育部2026名录（CSV镜像）,,113,https://www.njau.edu.cn/,"卫岗校区：江苏省南京市玄武区卫岗1号,滁州科教创新园：滁州市全椒县沙庄路与千佛庵路交口东北侧,白马教学科研基地：江苏南京白马国家农业科技园科技创新核心区,浦口校区：江苏省南京市浦口区点将台路40号,滨江校区：江苏省南京江北新区滨江大道666号",True,,,,,,,,,,,"{'rankingId': 'legacy-shanghairanking-bcur', 'edition': '2026', 'sortValue': 61.0, 'label': '2026软科主榜 55', 'sourceUrl': 'https://www.shanghairanking.cn/rankings/bcur/2026', 'legacy': True}",{},0,,0,
4132010312,南京医科大学,江苏省,南京市,,江苏省,南京市,本科,医4,51,['双一流'],False,教育部2026名录（CSV镜像）,,168,https://www.njmu.edu.cn/,"江宁校区：江苏省南京市江宁区龙眠大道101号,常州校区：常州市武进区延政西大道999号",True,,,,,,,,,,,"{'rankingId': 'legacy-shanghairanking-bcur', 'edition': '2026', 'sortValue': 51.0, 'label': '2026软科分类标签 医4', 'sourceUrl': 'https://www.shanghairanking.cn/rankings/bcur/2026', 'legacy': True}",{},0,,0,
4132010313,徐州医科大学,江苏省,徐州市,,江苏省,徐州市,本科,医19,218,[],False,教育部2026名录（CSV镜像）,,158,https://www.xzhmu.edu.cn/,江苏省徐州市铜山路209号,True,,,,,,,,,,,"{'rankingId': 'legacy-shanghairanking-bcur', 'edition': '2026', 'sortValue': 218.0, 'label': '2026软科分类标签 医19', 'sourceUrl': 'https://www.shanghairanking.cn/rankings/bcur/2026', 'legacy': True}",{},0,,0,
4132010315,南京中医药大学,江苏省,南京市,,江苏省,南京市,本科,中医3,121,['双一流'],False,教育部2026名录（CSV镜像）,,162,https://www.njucm.edu.cn/,"仙林校区：江苏省南京市栖霞区仙林大道138号,汉中门校区：江苏省南京市汉中路282号,泰州校区：江苏省泰州市医药高新技术产业开发区匡时路6号",True,,,,,,,,,,,"{'rankingId': 'legacy-shanghairanking-bcur', 'edition': '2026', 'sortValue': 121.0, 'label': '2026软科分类标签 中医3', 'sourceUrl': 'https://www.shanghairanking.cn/rankings/bcur/2026', 'legacy': True}",{},0,,0,
4132010316,中国药科大学,江苏省,南京市,,江苏省,南京市,本科,医10,113,"['211', '双一流']",False,教育部2026名录（CSV镜像）,,117,https://www.cpu.edu.cn/,"玄武门校区：江苏省南京市鼓楼区童家巷24号,江宁校区：江苏省南京市江宁区龙眠大道639号",True,,,,,,,,,,,"{'rankingId': 'legacy-shanghairanking-bcur', 'edition': '2026', 'sortValue': 113.0, 'label': '2026软科分类标签 医10', 'sourceUrl': 'https://www.shanghairanking.cn/rankings/bcur/2026', 'legacy': True}",{},0,,0,
4132010319,南京师范大学,江苏省,南京市,,江苏省,南京市,本科,58,67,"['211', '双一流']",False,教育部2026名录（CSV镜像）,,115,https://www.njnu.edu.cn/,"随园校区：江苏省南京市鼓楼区宁海路122号,仙林校区：江苏省南京市栖霞区文苑路1号,紫金校区：江苏省南京市玄武区板仓街78号",True,,,,,,,,,,,"{'rankingId': 'legacy-shanghairanking-bcur', 'edition': '2026', 'sortValue': 67.0, 'label': '2026软科主榜 58', 'sourceUrl': 'https://www.shanghairanking.cn/rankings/bcur/2026', 'legacy': True}",{},0,,0,
4132010320,江苏师范大学,江苏省,徐州市,,江苏省,徐州市,本科,172,237,[],False,教育部2026名录（CSV镜像）,,167,http://www.jsnu.edu.cn/,"泉山校区：江苏省徐州市铜山新区上海路101号,云龙校区：江苏省徐州市云龙区和平路57号,奎园校区：江苏省徐州市泉山区解放南路,贾汪校区：江苏省徐州市贾汪区育才路2号",True,,,,,,,,,,,"{'rankingId': 'legacy-shanghairanking-bcur', 'edition': '2026', 'sortValue': 237.0, 'label': '2026软科主榜 172', 'sourceUrl': 'https://www.shanghairanking.cn/rankings/bcur/2026', 'legacy': True}",{},0,,0,
4132010323,淮阴师范学院,江苏省,淮安市,,江苏省,淮安市,本科,331,490,[],False,教育部2026名录（CSV镜像）,,1064,https://www.hytc.edu.cn/,"长江路校区：江苏省淮安市淮阴区长江西路111号,交通路校区：江苏省淮安市清江浦区交通路71号",True,,,,,,,,,,,"{'rankingId': 'legacy-shanghairanking-bcur', 'edition': '2026', 'sortValue': 490.0, 'label': '2026软科主榜 331', 'sourceUrl': 'https://www.shanghairanking.cn/rankings/bcur/2026', 'legacy': True}",{},0,,0,
4132010324,盐城师范学院,江苏省,盐城市,,江苏省,盐城市,本科,350,520,[],False,教育部2026名录（CSV镜像）,,153,https://www.yctu.edu.cn/,"通榆校区：江苏省盐城市亭湖区开放大道50号,新长校区：江苏省盐城市亭湖区希望大道南路2号",True,,,,,,,,,,,"{'rankingId': 'legacy-shanghairanking-bcur', 'edition': '2026', 'sortValue': 520.0, 'label': '2026软科主榜 350', 'sourceUrl': 'https://www.shanghairanking.cn/rankings/bcur/2026', 'legacy': True}",{},0,,0,
4132010327,南京财经大学,江苏省,南京市,,江苏省,南京市,本科,财10,175,[],False,教育部2026名录（CSV镜像）,,164,https://www.nufe.edu.cn/,"仙林校区：江苏省南京市栖霞区仙林大学城文苑路3号,福建路校区：江苏省南京市鼓楼区铁路北街128号,桥头校区：江苏省镇江市句容市下蜀镇桥头镇",True,,,,,,,,,,,"{'rankingId': 'legacy-shanghairanking-bcur', 'edition': '2026', 'sortValue': 175.0, 'label': '2026软科分类标签 财10', 'sourceUrl': 'https://www.shanghairanking.cn/rankings/bcur/2026', 'legacy': True}",{},0,,0,
4132010329,江苏警官学院,江苏省,南京市,,江苏省,南京市,本科,政10,406,[],False,教育部2026名录（CSV镜像）,,1118,https://www.jspi.cn/,"浦口校区：江苏省南京市浦口区石佛寺三宫48号,安德门校区：江苏省南京市雨花台区小行路16号,龙潭校区：江苏省南京市栖霞区岔龙线（东八机线）附近",True,,,,,,,,,,,"{'rankingId': 'legacy-shanghairanking-bcur', 'edition': '2026', 'sortValue': 406.0, 'label': '2026软科分类标签 政10', 'sourceUrl': 'https://www.shanghairanking.cn/rankings/bcur/2026', 'legacy': True}",{},0,,0,
4132010330,南京体育学院,江苏省,南京市,,江苏省,南京市,本科,体6,481,[],False,教育部2026名录（CSV镜像）,,182,https://www.nipes.cn/,"灵谷寺校区：江苏省南京市玄武区灵谷寺路8号,仙林校区：江苏省南京市栖霞区仙林大道169号,五棵松校区：江苏省南京市栖霞区中山门大街南100米",True,,,,,,,,,,,"{'rankingId': 'legacy-shanghairanking-bcur', 'edition': '2026', 'sortValue': 481.0, 'label': '2026软科分类标签 体6', 'sourceUrl': 'https://www.shanghairanking.cn/rankings/bcur/2026', 'legacy': True}",{},0,,0,
4132010331,南京艺术学院,江苏省,南京市,,江苏省,南京市,本科,,999999,[],False,教育部2026名录（CSV镜像）,,149,https://www.nua.edu.cn/,江苏省南京市北京西路74号,True,,,,,,,,,,,,{},0,,0,
4132010332,苏州科技大学,江苏省,苏州市,,江苏省,苏州市,本科,217,303,[],False,教育部2026名录（CSV镜像）,,163,https://www.usts.edu.cn/,"石湖校区：江苏省苏州市虎丘区学府路99号,江枫校区：江苏省苏州市虎丘区滨河路1701号,天平校区：江苏省苏州市高新区长江路55号",True,,,,,,,,,,,"{'rankingId': 'legacy-shanghairanking-bcur', 'edition': '2026', 'sortValue': 303.0, 'label': '2026软科主榜 217', 'sourceUrl': 'https://www.shanghairanking.cn/rankings/bcur/2026', 'legacy': True}",{},0,,0,
4132010333,苏州工学院,江苏省,苏州市,,江苏省,苏州市,本科,287,420,[],False,教育部2026名录（CSV镜像）,,1182,https://www.szut.edu.cn/,"东湖校区：江苏省常熟市南三环路99号,东南校区：江苏省常熟市东南街道湖山路99号",True,,,,,,,,,,,"{'rankingId': 'legacy-shanghairanking-bcur', 'edition': '2026', 'sortValue': 420.0, 'label': '2026软科主榜 287', 'sourceUrl': 'https://www.shanghairanking.cn/rankings/bcur/2026', 'legacy': True}",{},0,,0,
4132010850,南京工业职业技术大学,江苏省,南京市,,江苏省,南京市,本科,,999999,[],False,教育部2026名录（CSV镜像）,,1065,https://www.niit.edu.cn/,"仙林校区：江苏省南京市栖霞区仙林大学城羊山北路1号,中山校区：江苏省南京市秦淮区中山东路532-2号,天堂校区：江苏省南京市秦淮区军农路14号",True,,,,,,,,,,,,{},0,,0,
4132011049,淮安大学,江苏省,淮安市,,江苏省,淮安市,本科,317,472,[],False,教育部2026名录（CSV镜像）,,152,https://www.hyit.edu.cn/,"枚乘路校区：江苏省淮安市枚乘东路1号,北京路校区：江苏省淮安市清江浦区北京北路89号,萧湖校区：江苏省淮安市淮安区城河街1号",True,,,,,,,,,,,"{'rankingId': 'legacy-shanghairanking-bcur', 'edition': '2026', 'sortValue': 472.0, 'label': '2026软科主榜 317', 'sourceUrl': 'https://www.shanghairanking.cn/rankings/bcur/2026', 'legacy': True}",{},0,,0,
4132011055,常州工学院,江苏省,常州市,,江苏省,常州市,本科,336,495,[],False,教育部2026名录（CSV镜像）,,148,https://www.czu.cn/,"辽河路校区：江苏省常州市新北区辽河路666号,巫山路校区：江苏省常州市新北区巫山路1号",True,,,,,,,,,,,"{'rankingId': 'legacy-shanghairanking-bcur', 'edition': '2026', 'sortValue': 495.0, 'label': '2026软科主榜 336', 'sourceUrl': 'https://www.shanghairanking.cn/rankings/bcur/2026', 'legacy': True}",{},0,,0,
4132011117,扬州大学,江苏省,扬州市,,江苏省,扬州市,本科,93,120,[],False,教育部2026名录（CSV镜像）,,173,https://www.yzu.edu.cn/,"荷花池校区：江苏省扬州市大学南路88号,瘦西湖校区：江苏省扬州市邗江区四望亭路180号,文汇路校区：江苏省扬州市文汇东路48号,江阳路北校区：江苏省扬州市江阳中路136号,江阳路南校区：江苏省扬州市江阳中路131号,扬子津校区：扬州市邗江区华扬西路196号",True,,,,,,,,,,,"{'rankingId': 'legacy-shanghairanking-bcur', 'edition': '2026', 'sortValue': 120.0, 'label': '2026软科主榜 93', 'sourceUrl': 'https://www.shanghairanking.cn/rankings/bcur/2026', 'legacy': True}",{},0,,0,
4132011122,三江学院,江苏省,南京市,,江苏省,南京市,本科,31,907,[],True,教育部2026名录（CSV镜像）,民办,1179,https://www.sju.edu.cn/,"铁心桥校区：江苏省南京市雨花台区龙西路310号,南校区：江苏省南京市雨花台区宁水路16号,东山校区：江苏省南京市江宁区中水路58号,东校区：江苏省南京市雨花台区花神大道128号",True,,,,,,,,,,,"{'rankingId': 'legacy-shanghairanking-bcur', 'edition': '2026', 'sortValue': 907.0, 'label': '2026软科主榜 31', 'sourceUrl': 'https://www.shanghairanking.cn/rankings/bcur/2026', 'legacy': True}",{},0,,0,
4132011276,南京工程学院,江苏省,南京市,,江苏省,南京市,本科,273,393,[],False,教育部2026名录（CSV镜像）,,146,https://www.njit.edu.cn/,江苏省南京市江宁科学园弘景大道1号,True,,,,,,,,,,,"{'rankingId': 'legacy-shanghairanking-bcur', 'edition': '2026', 'sortValue': 393.0, 'label': '2026软科主榜 273', 'sourceUrl': 'https://www.shanghairanking.cn/rankings/bcur/2026', 'legacy': True}",{},0,,0,
4132011287,南京审计大学,江苏省,南京市,,江苏省,南京市,本科,财15,220,[],False,教育部2026名录（CSV镜像）,,151,https://www.nau.edu.cn/,"浦口校区：江苏省南京市浦口区江浦街道雨山西路86号,莫愁校区：江苏省南京市鼓楼区北圩路77号",True,,,,,,,,,,,"{'rankingId': 'legacy-shanghairanking-bcur', 'edition': '2026', 'sortValue': 220.0, 'label': '2026软科分类标签 财15', 'sourceUrl': 'https://www.shanghairanking.cn/rankings/bcur/2026', 'legacy': True}",{},0,,0,
4132011460,南京晓庄学院,江苏省,南京市,,江苏省,南京市,本科,333,492,[],False,教育部2026名录（CSV镜像）,,147,https://www.njxzc.edu.cn/,"方山校区：江苏省南京市江宁区弘景大道3601号,莫愁校区：江苏省南京市建邺区汉中门大街123号,晓庄校区（行知园）：南京市栖霞区晓庄中心村132号",True,,,,,,,,,,,"{'rankingId': 'legacy-shanghairanking-bcur', 'edition': '2026', 'sortValue': 492.0, 'label': '2026软科主榜 333', 'sourceUrl': 'https://www.shanghairanking.cn/rankings/bcur/2026', 'legacy': True}",{},0,,0,
4132011463,江苏理工学院,江苏省,常州市,,江苏省,常州市,本科,347,515,[],False,教育部2026名录（CSV镜像）,,150,http://www.jstu.edu.cn/,江苏省常州市中吴大道1801号,True,,,,,,,,,,,"{'rankingId': 'legacy-shanghairanking-bcur', 'edition': '2026', 'sortValue': 515.0, 'label': '2026软科主榜 347', 'sourceUrl': 'https://www.shanghairanking.cn/rankings/bcur/2026', 'legacy': True}",{},0,,0,
4132011641,江苏海洋大学,江苏省,连云港市,,江苏省,连云港市,本科,325,482,[],False,教育部2026名录（CSV镜像）,,3483,https://www.jou.edu.cn/,"苍梧校区：江苏省连云港市海州区苍梧路59号,通灌校区：江苏省连云港市海州区通灌南路108号,宋跳校区：江苏省连云港市海州区昌生路2号,墟沟校区：江苏省连云港市连云区大港西路28号",True,,,,,,,,,,,"{'rankingId': 'legacy-shanghairanking-bcur', 'edition': '2026', 'sortValue': 482.0, 'label': '2026软科主榜 325', 'sourceUrl': 'https://www.shanghairanking.cn/rankings/bcur/2026', 'legacy': True}",{},0,,0,
4132011998,徐州工程学院,江苏省,徐州市,,江苏省,徐州市,本科,363,537,[],False,教育部2026名录（CSV镜像）,,1049,https://www.xzit.edu.cn/,江苏省徐州市云龙区丽水路2号,True,,,,,,,,,,,"{'rankingId': 'legacy-shanghairanking-bcur', 'edition': '2026', 'sortValue': 537.0, 'label': '2026软科主榜 363', 'sourceUrl': 'https://www.shanghairanking.cn/rankings/bcur/2026', 'legacy': True}",{},0,,0,
4132012048,南京特殊教育师范学院,江苏省,南京市,,江苏省,南京市,本科,448,649,[],False,教育部2026名录（CSV镜像）,,1140,https://www.njts.edu.cn/,"燕子矶校区：江苏省南京市栖霞区神农路1号,江宁分校区：江苏省南京市江宁区上坊泥塘泥中村",True,,,,,,,,,,,"{'rankingId': 'legacy-shanghairanking-bcur', 'edition': '2026', 'sortValue': 649.0, 'label': '2026软科主榜 448', 'sourceUrl': 'https://www.shanghairanking.cn/rankings/bcur/2026', 'legacy': True}",{},0,,0,
4132012056,南通理工学院,江苏省,南通市,,江苏省,南通市,本科,82,977,[],True,教育部2026名录（CSV镜像）,民办,1544,https://www.ntit.edu.cn/,"南通校区：江苏省南通市崇川区永兴路211号,海安校区：江苏省海安市经济技术开发区上湖大道1号",True,,,,,,,,,,,"{'rankingId': 'legacy-shanghairanking-bcur', 'edition': '2026', 'sortValue': 977.0, 'label': '2026软科主榜 82', 'sourceUrl': 'https://www.shanghairanking.cn/rankings/bcur/2026', 'legacy': True}",{},0,,0,
4132012213,南京警察学院,江苏省,南京市,,江苏省,南京市,本科,政12,427,[],False,教育部2026名录（CSV镜像）,,1139,https://www.njpu.edu.cn,"仙林校区：江苏省南京市栖霞区仙林大学城文澜路28号,安德门校区：江苏省南京市雨花台区小行路18号,花园路校区：江苏省南京市玄武区花园路11号",True,,,,,,,,,,,"{'rankingId': 'legacy-shanghairanking-bcur', 'edition': '2026', 'sortValue': 427.0, 'label': '2026软科分类标签 政12', 'sourceUrl': 'https://www.shanghairanking.cn/rankings/bcur/2026', 'legacy': True}",{},0,,0,
4132012689,东南大学成贤学院,江苏省,南京市,,江苏省,南京市,本科,,999999,[],True,教育部2026名录（CSV镜像）,民办,1145,http://cxxy.seu.edu.cn,江苏省南京市江北新区东大路6号,True,,,,,,,,,,,,{},0,,0,
4132012917,泰州学院,江苏省,泰州市,,江苏省,泰州市,本科,500+,776,[],False,教育部2026名录（CSV镜像）,,3094,https://www.tzu.edu.cn/,"济川校区：江苏省泰州市济川东路93号,泰兴校区：江苏省泰州市泰兴市国庆东路47号",True,,,,,,,,,,,"{'rankingId': 'legacy-shanghairanking-bcur', 'edition': '2026', 'sortValue': 776.0, 'label': '2026软科分类标签 500+', 'sourceUrl': 'https://www.shanghairanking.cn/rankings/bcur/2026', 'legacy': True}",{},0,,0,
4132013571,无锡太湖学院,江苏省,无锡市,,江苏省,无锡市,本科,19,894,[],True,教育部2026名录（CSV镜像）,民办,2222,http://www.wxu.edu.cn/,江苏省无锡市钱荣路68号,True,,,,,,,,,,,"{'rankingId': 'legacy-shanghairanking-bcur', 'edition': '2026', 'sortValue': 894.0, 'label': '2026软科主榜 19', 'sourceUrl': 'https://www.shanghairanking.cn/rankings/bcur/2026', 'legacy': True}",{},0,,0,
4132013573,金陵科技学院,江苏省,南京市,,江苏省,南京市,本科,351,522,[],False,教育部2026名录（CSV镜像）,,1048,https://www.jit.edu.cn/,"江宁校区：江苏省南京市江宁区弘景大道99号,幕府校区：江苏省南京市栖霞区中心村130号,白下校区：南京市秦淮区洪武路街道长白街100号",True,,,,,,,,,,,"{'rankingId': 'legacy-shanghairanking-bcur', 'edition': '2026', 'sortValue': 522.0, 'label': '2026软科主榜 351', 'sourceUrl': 'https://www.shanghairanking.cn/rankings/bcur/2026', 'legacy': True}",{},0,,0,
4132013579,中国矿业大学徐海学院,江苏省,徐州市,,江苏省,徐州市,本科,,999999,[],True,教育部2026名录（CSV镜像）,民办,1129,https://xhxy.cumt.edu.cn/,江苏省徐州市泉山区金山东路1号,True,,,,,,,,,,,,{},0,,0,
4132013646,南京大学金陵学院,江苏省,南京市,,江苏省,南京市,本科,,999999,[],True,教育部2026名录（CSV镜像）,民办,,,,True,,,,,,,,,,,,{},0,,0,
4132013654,南京理工大学紫金学院,江苏省,南京市,,江苏省,南京市,本科,,999999,[],True,教育部2026名录（CSV镜像）,民办,2541,https://zj.njust.edu.cn,江苏省南京市仙林大学城文澜路89号,True,,,,,,,,,,,,{},0,,0,
4132013655,南京航空航天大学金城学院,江苏省,南京市,,江苏省,南京市,本科,,999999,[],True,教育部2026名录（CSV镜像）,民办,2542,https://nhjcxy.edu.cn/,江苏省南京市江宁区禄口街道航金大道88号,True,,,,,,,,,,,,{},0,,0,
4132013687,南京传媒学院,江苏省,南京市,,江苏省,南京市,本科,,999999,[],True,教育部2026名录（CSV镜像）,民办,2543,https://www.cucn.edu.cn,江苏省南京市江宁区科学园弘景大道3666号,True,,,,,,,,,,,,{},0,,0,
4132013842,南京理工大学泰州科技学院,江苏省,泰州市,,江苏省,泰州市,本科,,999999,[],True,教育部2026名录（CSV镜像）,民办,1143,https://www.nustti.edu.cn/,江苏省泰州市梅兰东路8号,True,,,,,,,,,,,,{},0,,0,
4132013843,南京师范大学泰州学院,江苏省,泰州市,,江苏省,泰州市,本科,,999999,[],True,教育部2026名录（CSV镜像）,民办,1442,https://www.nnutc.edu.cn/,江苏省泰州市海陵区济川东路96号,True,,,,,,,,,,,,{},0,,0,
4132013905,南京工业大学浦江学院,江苏省,南京市,,江苏省,南京市,本科,,999999,[],True,教育部2026名录（CSV镜像）,民办,2544,https://www.njpji.edu.cn/,江苏省南京市溧水区励学路9号,True,,,,,,,,,,,,{},0,,0,
4132013906,南京师范大学中北学院,江苏省,镇江市,,江苏省,镇江市,本科,,999999,[],True,教育部2026名录（CSV镜像）,民办,2545,https://www.nnudy.edu.cn/,江苏省镇江市丹阳市正德路8号,True,,,,,,,,,,,,{},0,,0,
4132013980,南京医科大学康达学院,江苏省,连云港市,,江苏省,连云港市,本科,,999999,[],True,教育部2026名录（CSV镜像）,民办,2546,https://kdc.njmu.edu.cn/,江苏省连云港市海州区花果山大道春晖路88号,True,,,,,,,,,,,,{},0,,0,
4132013981,南京中医药大学翰林学院,江苏省,泰州市,,江苏省,泰州市,本科,,999999,[],True,教育部2026名录（CSV镜像）,民办,,,,True,,,,,,,,,,,,{},0,,0,
4132013982,无锡学院,江苏省,无锡市,,江苏省,无锡市,本科,319,474,[],False,教育部2026名录（CSV镜像）,,1403,https://www.cwxu.edu.cn/,江苏省无锡市锡山大道333号,True,,,,,,,,,,,"{'rankingId': 'legacy-shanghairanking-bcur', 'edition': '2026', 'sortValue': 474.0, 'label': '2026软科主榜 319', 'sourceUrl': 'https://www.shanghairanking.cn/rankings/bcur/2026', 'legacy': True}",{},0,,0,
4132013983,苏州城市学院,江苏省,苏州市,,江苏省,苏州市,本科,419,615,[],False,教育部2026名录（CSV镜像）,,2548,https://www.szcu.edu.cn/,江苏省苏州市吴中区吴中大道1188号,True,,,,,,,,,,,"{'rankingId': 'legacy-shanghairanking-bcur', 'edition': '2026', 'sortValue': 615.0, 'label': '2026软科主榜 419', 'sourceUrl': 'https://www.shanghairanking.cn/rankings/bcur/2026', 'legacy': True}",{},0,,0,
4132013984,苏州大学应用技术学院,江苏省,苏州市,,江苏省,苏州市,本科,,999999,[],True,教育部2026名录（CSV镜像）,民办,2549,https://tec.suda.edu.cn/,江苏省苏州市昆山周庄大学路1号,True,,,,,,,,,,,,{},0,,0,
4132013985,苏州科技大学天平学院,江苏省,南京市,,江苏省,南京市,本科,,999999,[],True,教育部2026名录（CSV镜像）,民办,2550,https://tpxy.usts.edu.cn/,南京市高淳区澄心路29号,True,,,,,,,,,,,,{},0,,0,
4132013986,江苏大学京江学院,江苏省,镇江市,,江苏省,镇江市,本科,,999999,[],True,教育部2026名录（CSV镜像）,民办,1437,https://jjxy.ujs.edu.cn/,江苏省镇江市丹徒区长香西大道537号,True,,,,,,,,,,,,{},0,,0,
4132013987,扬州大学广陵学院,江苏省,扬州市,,江苏省,扬州市,本科,,999999,[],True,教育部2026名录（CSV镜像）,民办,2551,https://glxy.yzu.edu.cn/,江苏省扬州市邗江南路199号,True,,,,,,,,,,,,{},0,,0,
4132013988,江苏师范大学科文学院,江苏省,徐州市,,江苏省,徐州市,本科,,999999,[],True,教育部2026名录（CSV镜像）,民办,2552,http://kwxy.jsnu.edu.cn/,"潘安湖校区：江苏省徐州市潘安湖科教创新区学院路1号,泉山校区：江苏省徐州市铜山区上海路101号",True,,,,,,,,,,,,{},0,,0,
4132013989,南京邮电大学通达学院,江苏省,扬州市,,江苏省,扬州市,本科,,999999,[],True,教育部2026名录（CSV镜像）,民办,2553,https://www.nytdc.edu.cn,江苏省扬州市润扬南路33号,True,,,,,,,,,,,,{},0,,0,
4132013990,南京财经大学红山学院,江苏省,南京市,,江苏省,南京市,本科,,999999,[],True,教育部2026名录（CSV镜像）,民办,1190,http://hs.nufe.edu.cn/,高淳校区：江苏省南京市高淳区鹿鸣大道66号,True,,,,,,,,,,,,{},0,,0,
4132013991,江苏科技大学苏州理工学院,江苏省,苏州市,,江苏省,苏州市,本科,,999999,[],True,教育部2026名录（CSV镜像）,民办,2554,https://justsit.edu.cn/,江苏省张家港市长兴中路8号,True,,,,,,,,,,,,{},0,,0,
4132013992,常州大学怀德学院,江苏省,泰州市,,江苏省,泰州市,本科,,999999,[],True,教育部2026名录（CSV镜像）,民办,1553,https://hdc.cczu.edu.cn/,江苏省靖江市新港大道136号,True,,,,,,,,,,,,{},0,,0,
4132013993,南通大学杏林学院,江苏省,南通市,,江苏省,南通市,本科,,999999,[],True,教育部2026名录（CSV镜像）,民办,2555,https://xlxy.ntu.edu.cn,江苏省启东市滨海工业园南海路1号,True,,,,,,,,,,,,{},0,,0,
4132013994,南京审计大学金审学院,江苏省,南京市,,江苏省,南京市,本科,,999999,[],True,教育部2026名录（CSV镜像）,民办,3340,https://www.naujsc.edu.cn/,南京市仙林大学城仙林大道100号,True,,,,,,,,,,,,{},0,,0,
4132014160,宿迁学院,江苏省,宿迁市,,江苏省,宿迁市,本科,475,679,[],False,教育部2026名录（CSV镜像）,,1170,https://www.squ.edu.cn/,江苏省宿迁市黄河南路399号,True,,,,,,,,,,,"{'rankingId': 'legacy-shanghairanking-bcur', 'edition': '2026', 'sortValue': 679.0, 'label': '2026软科主榜 475', 'sourceUrl': 'https://www.shanghairanking.cn/rankings/bcur/2026', 'legacy': True}",{},0,,0,
4132014436,江苏第二师范学院,江苏省,南京市,,江苏省,南京市,本科,414,608,[],False,教育部2026名录（CSV镜像）,,3149,https://www.jssnu.edu.cn/main.htm,"石湫校区：南京市溧水区新河西路6号,草场门校区：江苏省南京市鼓楼区北京西路77号",True,,,,,,,,,,,"{'rankingId': 'legacy-shanghairanking-bcur', 'edition': '2026', 'sortValue': 608.0, 'label': '2026软科主榜 414', 'sourceUrl': 'https://www.shanghairanking.cn/rankings/bcur/2026', 'legacy': True}",{},0,,0,
4132016403,西交利物浦大学,江苏省,苏州市,,江苏省,苏州市,本科,合作5,134,[],False,教育部2026名录（CSV镜像）,中外合作办学及内地与港澳合作办学,1343,https://www.xjtlu.edu.cn/,"校本部：江苏省苏州市苏州工业园区独墅湖科教创新区仁爱路111号,太仓校区：江苏省苏州市太仓市太仓大道111号",True,,,,,,,,,,,"{'rankingId': 'legacy-shanghairanking-bcur', 'edition': '2026', 'sortValue': 134.0, 'label': '2026软科分类标签 合作5', 'sourceUrl': 'https://www.shanghairanking.cn/rankings/bcur/2026', 'legacy': True}",{},0,,0,
4132016406,昆山杜克大学,江苏省,苏州市,昆山市,江苏省,昆山市,本科,合作4,123,[],False,教育部2026名录（CSV镜像）,中外合作办学及内地与港澳合作办学,3341,https://www.dukekunshan.edu.cn/zh-hans/,江苏省昆山市杜克大道8号,True,,,,,,,,,,,"{'rankingId': 'legacy-shanghairanking-bcur', 'edition': '2026', 'sortValue': 123.0, 'label': '2026软科分类标签 合作4', 'sourceUrl': 'https://www.shanghairanking.cn/rankings/bcur/2026', 'legacy': True}",{},0,,0,
4132011585,连云港师范学院,江苏省,连云港市,,江苏省,连云港市,本科,,999999,[],False,教育部2026名录（CSV镜像）,,1542,https://www.lygsf.edu.cn/,江苏省连云港市海州区圣湖路28号,True,,,,,,,,,,,,{},0,,0,
4132010848,无锡职业技术大学,江苏省,无锡市,,江苏省,无锡市,本科,,999999,[],False,教育部2026名录（CSV镜像）,,1435,https://www.wxit.edu.cn,"太湖校区：江苏省无锡市大学城高浪西路1600号,宜兴校区：江苏省无锡市宜兴环保科技工业园",True,,,,,,,,,,,,{},0,,0,
4132011054,苏州职业技术大学,江苏省,苏州市,,江苏省,苏州市,本科,,999999,[],False,教育部2026名录（CSV镜像）,,1181,https://www.jssvc.edu.cn/,"石湖校区：江苏省苏州市国际教育园南区致能大道106号,干将路校区：江苏省苏州市干将西路1122号",True,,,,,,,,,,,,{},0,,0,
4132011462,扬州职业技术大学,江苏省,扬州市,,江苏省,扬州市,本科,,999999,[],False,教育部2026名录（CSV镜像）,,2538,https://www.yzpc.edu.cn/,"瘦西湖校区：江苏省扬州市翠岗路255号,高邮湖校区：江苏省扬州市高邮市正通新路1号",True,,,,,,,,,,,,{},0,,0,
4132010849,江苏建筑职业技术大学,江苏省,徐州市,,江苏省,徐州市,本科,,999999,[],False,教育部2026名录（CSV镜像）,,1116,http://www.jsjzi.edu.cn/,"泉山校区：江苏省徐州市泉山区学苑路26号,湖西校区：江苏省徐州市沛县东环路",True,,,,,,,,,,,,{},0,,0,
4132012317,常州信息职业技术大学,江苏省,常州市,,江苏省,常州市,本科,,999999,[],False,教育部2026名录（CSV镜像）,,1171,https://www.ccit.js.cn/,江苏省常州市武进区鸣新中路22号,True,,,,,,,,,,,,{},0,,0,
3632000466,盐城幼儿师范高等专科学校,江苏省,盐城市,,江苏省,盐城市,专科,,999999,[],False,教育部2026名录（CSV镜像）,,3342,https://www.yyz.edu.cn/,"学海路校区：江苏省盐城市高职园区学海路28号,海洋路校区：江苏省盐城市高职园区海洋路28号",True,,,,,,,,,,,,{},0,,0,
3632000583,苏州幼儿师范高等专科学校,江苏省,苏州市,,江苏省,苏州市,专科,,999999,[],False,教育部2026名录（CSV镜像）,,3343,https://www.szys.net,苏州市相城区华元路2号,True,,,,,,,,,,,,{},0,,0,
4132010826,明达职业技术学院,江苏省,盐城市,,江苏省,盐城市,专科,,999999,[],True,教育部2026名录（CSV镜像）,民办,2557,https://www.mdut.cn/,江苏省盐城市射阳经济开发区668号,True,,,,,,,,,,,,{},0,,0,
4132010958,江苏工程职业技术学院,江苏省,南通市,,江苏省,南通市,专科,,999999,[],False,教育部2026名录（CSV镜像）,,1069,https://www.jcet.edu.cn/,"崇川校区：江苏省南通市青年中路87号,海门校区：江苏省南通市海门港新区港西大道1118号",True,,,,,,,,,,,,{},0,,0,
4132010960,苏州工艺美术职业技术学院,江苏省,苏州市,,江苏省,苏州市,专科,,999999,[],False,教育部2026名录（CSV镜像）,,2202,https://www.sgmart.edu.cn/,江苏省苏州市吴中大道国际教育园南区致能大道189号,True,,,,,,,,,,,,{},0,,0,
4132011050,连云港职业技术学院,江苏省,连云港市,,江苏省,连云港市,专科,,999999,[],False,教育部2026名录（CSV镜像）,,2203,https://www.lygtc.edu.cn/,江苏省连云港市晨光路2号,True,,,,,,,,,,,,{},0,,0,
4132011051,镇江市高等专科学校,江苏省,镇江市,,江苏省,镇江市,专科,,999999,[],False,教育部2026名录（CSV镜像）,,2201,https://www.zjc.edu.cn/,"校本部：江苏省镇江市高校园区长香西大道518号,丹阳校区：江苏省镇江市丹阳市齐梁路1号",True,,,,,,,,,,,,{},0,,0,
4132011052,南通职业大学,江苏省,南通市,,江苏省,南通市,专科,,999999,[],False,教育部2026名录（CSV镜像）,,2204,https://www.ntvu.edu.cn,"青年路校区：江苏省南通市崇川区青年中路89号,海门校区：江苏省南通市海门区广州路511号,钟秀校区：江苏省南通市崇川区通京大道999号",True,,,,,,,,,,,,{},0,,0,
4132011288,沙洲职业工学院,江苏省,苏州市,,江苏省,苏州市,专科,,999999,[],False,教育部2026名录（CSV镜像）,,2206,https://www.szit.edu.cn/,江苏省苏州市张家港市福新路1号,True,,,,,,,,,,,,{},0,,0,
4132012047,江苏经贸职业技术学院,江苏省,南京市,,江苏省,南京市,专科,,999999,[],False,教育部2026名录（CSV镜像）,,1591,https://www.jvic.edu.cn/,"江宁校区：江苏省南京市江宁区江宁大学城龙眠大道180号,光华校区：江苏省南京市秦淮区光华路石门坎104号",True,,,,,,,,,,,,{},0,,0,
4132012054,九州职业技术学院,江苏省,徐州市,,江苏省,徐州市,专科,,999999,[],True,教育部2026名录（CSV镜像）,民办,2226,http://www.jzp.edu.cn/,江苏省徐州市铜山区嵩山路1号,True,,,,,,,,,,,,{},0,,0,
4132012078,硅湖职业技术学院,江苏省,苏州市,,江苏省,苏州市,专科,,999999,[],True,教育部2026名录（CSV镜像）,民办,2225,https://www.usl.edu.cn/,江苏省昆山市花桥国际商务城绿地大道168号,True,,,,,,,,,,,,{},0,,0,
4132012106,泰州职业技术学院,江苏省,泰州市,,江苏省,泰州市,专科,,999999,[],False,教育部2026名录（CSV镜像）,,2207,https://www.tzpc.edu.cn,江苏省泰州市医药高新区天星路8号,True,,,,,,,,,,,,{},0,,0,
4132012678,江苏联合职业技术学院,江苏省,南京市,,江苏省,南京市,专科,,999999,[],False,教育部2026名录（CSV镜像）,,,,,True,,,,,,,,,,,,{},0,,0,
4132012679,江苏海事职业技术学院,江苏省,南京市,,江苏省,南京市,专科,,999999,[],False,教育部2026名录（CSV镜像）,,1436,https://www.jmi.edu.cn/,江苏省南京市江宁区格致路309号,True,,,,,,,,,,,,{},0,,0,
4132012680,应天职业技术学院,江苏省,南京市,,江苏省,南京市,专科,,999999,[],True,教育部2026名录（CSV镜像）,民办,,,,False,nonRecruiting,已停止招生,2024,https://sgjs.cztgi.edu.cn/2026/0729/c2670a89541/page.htm,江苏省高等职业学校办学能力评价实施方案（2025—2030年）注释明确：应天职业技术学院已于2024年停止招生，不纳入评估名单。,,,,,,,{},0,,0,
4132012681,无锡科技职业学院,江苏省,无锡市,,江苏省,无锡市,专科,,999999,[],False,教育部2026名录（CSV镜像）,,1191,https://www.wxstc.cn/,江苏省无锡市新锡路8号,True,,,,,,,,,,,,{},0,,0,
4132012682,江苏医药职业学院,江苏省,盐城市,,江苏省,盐城市,专科,,999999,[],False,教育部2026名录（CSV镜像）,,1405,https://www.jsmc.edu.cn/,江苏省盐城市解放南路283号,True,,,,,,,,,,,,{},0,,0,
4132012683,扬州环境资源职业技术学院,江苏省,扬州市,,江苏省,扬州市,专科,,999999,[],False,教育部2026名录（CSV镜像）,,,,,True,,,,,,,,,,,,{},0,,0,
4132012684,南通科技职业学院,江苏省,南通市,,江苏省,南通市,专科,,999999,[],False,教育部2026名录（CSV镜像）,,2209,https://www.ntst.edu.cn/,江苏省南通市青年中路136号,True,,,,,,,,,,,,{},0,,0,
4132012685,苏州经贸职业技术学院,江苏省,苏州市,,江苏省,苏州市,专科,,999999,[],False,教育部2026名录（CSV镜像）,,1412,https://www.szjm.edu.cn,江苏省苏州市国际教育园北区学府路287号,True,,,,,,,,,,,,{},0,,0,
4132012686,苏州工业职业技术学院,江苏省,苏州市,,江苏省,苏州市,专科,,999999,[],False,教育部2026名录（CSV镜像）,,1359,http://www.siit.cn/,江苏省苏州市吴中大道（越湖路）国际教育园致能大道1号,True,,,,,,,,,,,,{},0,,0,
4132012687,苏州托普信息职业技术学院,江苏省,苏州市,,江苏省,苏州市,专科,,999999,[],True,教育部2026名录（CSV镜像）,民办,2223,https://www.szetop.edu.cn/,江苏省苏州市昆山市巴城湖滨北路288号,True,,,,,,,,,,,,{},0,,0,
4132012688,苏州卫生职业技术学院,江苏省,苏州市,,江苏省,苏州市,专科,,999999,[],False,教育部2026名录（CSV镜像）,,1388,https://www.szhct.edu.cn/,"石湖校区：江苏省苏州市国际教育园北区科华路28号,书院校区：江苏省苏州市姑苏区书院巷20号,木渎校区：江苏省苏州市吴中区宝带西路1108号",True,,,,,,,,,,,,{},0,,0,
4132012702,无锡商业职业技术学院,江苏省,无锡市,,江苏省,无锡市,专科,,999999,[],False,教育部2026名录（CSV镜像）,,1589,https://www.wxic.edu.cn/,"九龙校区：江苏省无锡市钱胡路809号,姚湾校区：江苏省无锡市滨湖区姚湾立交与西环路交叉口",True,,,,,,,,,,,,{},0,,0,
4132012703,江苏航运职业技术学院,江苏省,南通市,,江苏省,南通市,专科,,999999,[],False,教育部2026名录（CSV镜像）,,1418,https://www.jssc.edu.cn/,江苏省南通市经济技术开发区通盛大道185号,True,,,,,,,,,,,,{},0,,0,
4132012804,南京交通职业技术学院,江苏省,南京市,,江苏省,南京市,专科,,999999,[],False,教育部2026名录（CSV镜像）,,1370,https://www.njitt.edu.cn/,江苏省南京市江宁科学园龙眠大道629号,True,,,,,,,,,,,,{},0,,0,
4132012805,江苏电子信息职业学院,江苏省,淮安市,,江苏省,淮安市,专科,,999999,[],False,教育部2026名录（CSV镜像）,,2210,https://www.jsei.edu.cn/,江苏省淮安市科教产业园枚乘东路3号,True,,,,,,,,,,,,{},0,,0,
4132012806,江苏农牧科技职业学院,江苏省,泰州市,,江苏省,泰州市,专科,,999999,[],False,教育部2026名录（CSV镜像）,,1051,https://www.jsahvc.edu.cn/,"凤凰路校区：江苏省泰州市凤凰东路8号,迎宾路校区：江苏省泰州市海陵区迎宾路58号",True,,,,,,,,,,,,{},0,,0,
4132012807,常州纺织服装职业技术学院,江苏省,常州市,,江苏省,常州市,专科,,999999,[],False,教育部2026名录（CSV镜像）,,1121,https://www.cztgi.edu.cn,江苏省常州市武进区滆湖中路53号,True,,,,,,,,,,,,{},0,,0,
4132012808,苏州农业职业技术学院,江苏省,苏州市,,江苏省,苏州市,专科,,999999,[],False,教育部2026名录（CSV镜像）,,1449,https://www.szai.com/,"校本部：江苏省苏州市姑苏区西园路279号,东山校区：苏州市吴中区东山镇环山公路318号,相城校区：江苏省苏州市相城区园中路699号",True,,,,,,,,,,,,{},0,,0,
4132012809,苏州工业园区职业技术学院,江苏省,苏州市,,江苏省,苏州市,专科,,999999,[],False,教育部2026名录（CSV镜像）,,2211,https://www.ivt.edu.cn/,江苏省苏州市工业园区独墅湖科教创新区若水路1号,True,,,,,,,,,,,,{},0,,0,
4132012918,太湖创意职业技术学院,江苏省,无锡市,,江苏省,无锡市,专科,,999999,[],True,教育部2026名录（CSV镜像）,民办,2227,http://www.wxthcy.edu.cn/,江苏省无锡市滨湖区钱荣路80号,True,,,,,,,,,,,,{},0,,0,
4132012919,炎黄职业技术学院,江苏省,淮安市,,江苏省,淮安市,专科,,999999,[],True,教育部2026名录（CSV镜像）,民办,933,http://www.yhjyjt.cn/,江苏省淮安市涟水炎黄大道东1号,True,,,,,,,,,,,,{},0,,0,
4132012920,南京科技职业学院,江苏省,南京市,,江苏省,南京市,专科,,999999,[],False,教育部2026名录（CSV镜像）,,2212,https://www.njpi.edu.cn/,江苏省南京市江北新区欣乐路188号,True,,,,,,,,,,,,{},0,,0,
4132012921,正德职业技术学院,江苏省,南京市,,江苏省,南京市,专科,,999999,[],True,教育部2026名录（CSV镜像）,民办,2228,https://zd.nuaa.edu.cn/,江苏省南京市江宁区将军大道18号,True,,,,,,,,,,,,{},0,,0,
4132012922,钟山职业技术学院,江苏省,南京市,,江苏省,南京市,专科,,999999,[],True,教育部2026名录（CSV镜像）,民办,1154,https://www.zscollege.com/,江苏省南京市栖霞区马群街169号,True,,,,,,,,,,,,{},0,,0,
4132012923,无锡南洋职业技术学院,江苏省,无锡市,,江苏省,无锡市,专科,,999999,[],True,教育部2026名录（CSV镜像）,民办,1597,http://www.wsoc.edu.cn/,江苏省无锡市滨湖区山水西路88号,True,,,,,,,,,,,,{},0,,0,
4132013017,江南影视艺术职业学院,江苏省,无锡市,,江苏省,无锡市,专科,,999999,[],True,教育部2026名录（CSV镜像）,民办,1453,http://www.jnys.cn,江苏省无锡市藕塘职教园区钱胡路812号,True,,,,,,,,,,,,{},0,,0,
4132013100,金肯职业技术学院,江苏省,南京市,,江苏省,南京市,专科,,999999,[],True,教育部2026名录（CSV镜像）,民办,1397,http://www.njjku.com/,江苏省南京市江宁区铜山金铜路2号,True,,,,,,,,,,,,{},0,,0,
4132013101,常州工业职业技术学院,江苏省,常州市,,江苏省,常州市,专科,,999999,[],False,教育部2026名录（CSV镜像）,,1239,https://www.ciit.edu.cn/,江苏省常州市武进区鸣新中路28号,True,,,,,,,,,,,,{},0,,0,
4132013102,常州工程职业技术学院,江苏省,常州市,,江苏省,常州市,专科,,999999,[],False,教育部2026名录（CSV镜像）,,1151,https://www.czie.edu.cn/,江苏省常州市武进区滆湖中路33号,True,,,,,,,,,,,,{},0,,0,
4132013103,江苏农林职业技术学院,江苏省,镇江市,,江苏省,镇江市,专科,,999999,[],False,教育部2026名录（CSV镜像）,,1434,https://www.jsafc.edu.cn/,"校本部：江苏省句容市文昌东路19号,茅山校区：江苏省镇江市句容市茅山镇",True,,,,,,,,,,,,{},0,,0,
4132013104,江苏食品药品职业技术学院,江苏省,淮安市,,江苏省,淮安市,专科,,999999,[],False,教育部2026名录（CSV镜像）,,1330,https://www.jsfpc.edu.cn/,江苏省淮安市高教园区枚乘路4号,True,,,,,,,,,,,,{},0,,0,
4132013105,建东职业技术学院,江苏省,常州市,,江苏省,常州市,专科,,999999,[],True,教育部2026名录（CSV镜像）,民办,1192,http://www.czjdu.com,江苏省常州市新北区嫩江路1号,True,,,,,,,,,,,,{},0,,0,
4132013106,南京铁道职业技术学院,江苏省,南京市,,江苏省,南京市,专科,,999999,[],False,教育部2026名录（CSV镜像）,,1141,https://www.njrts.edu.cn/,江苏省南京市浦口区珍珠南路65号,True,,,,,,,,,,,,{},0,,0,
4132013107,徐州工业职业技术学院,江苏省,徐州市,,江苏省,徐州市,专科,,999999,[],False,教育部2026名录（CSV镜像）,,1193,https://www.xzcit.edu.cn/,"九里校区：江苏省徐州市鼓楼区襄王路1号,黄河校区：江苏省徐州市鼓楼区黄河北路90号,新沂校区：江苏省新沂市经济开发区马陵山西路与古镇大道交叉口西侧‌‌",True,,,,,,,,,,,,{},0,,0,
4132013108,江苏信息职业技术学院,江苏省,无锡市,,江苏省,无锡市,专科,,999999,[],False,教育部2026名录（CSV镜像）,,1406,https://www.jsit.edu.cn/,"藕塘校区：江苏省无锡市惠山区钱藕路1号,东亭校区：江苏省无锡市锡山区春笋中路18号",True,,,,,,,,,,,,{},0,,0,
4132013110,宿迁职业技术学院,江苏省,宿迁市,,江苏省,宿迁市,专科,,999999,[],False,教育部2026名录（CSV镜像）,,2213,https://www.sqzyxy.com/index.html,江苏省宿迁市湖滨新城合欢路8号,True,,,,,,,,,,,,{},0,,0,
4132013112,南京信息职业技术学院,江苏省,南京市,,江苏省,南京市,专科,,999999,[],False,教育部2026名录（CSV镜像）,,1376,https://www.njcit.cn/,江苏省南京市栖霞区文澜路99号,True,,,,,,,,,,,,{},0,,0,
4132013113,江海职业技术学院,江苏省,扬州市,,江苏省,扬州市,专科,,999999,[],True,教育部2026名录（CSV镜像）,民办,1459,http://www.jhu.cn/,江苏省扬州市扬子江南路5号,True,,,,,,,,,,,,{},0,,0,
4132013114,常州机电职业技术学院,江苏省,常州市,,江苏省,常州市,专科,,999999,[],False,教育部2026名录（CSV镜像）,,2214,https://www.czimt.edu.cn/,江苏省常州市武进区鸣新中路26号,True,,,,,,,,,,,,{},0,,0,
4132013137,江阴职业技术学院,江苏省,无锡市,,江苏省,无锡市,专科,,999999,[],False,教育部2026名录（CSV镜像）,,2215,https://www.jypc.edu.cn/,江苏省无锡市江阴锡澄路168号,True,,,,,,,,,,,,{},0,,0,
4132013748,无锡城市职业技术学院,江苏省,无锡市,,江苏省,无锡市,专科,,999999,[],False,教育部2026名录（CSV镜像）,,2216,http://www.wxcu.edu.cn/,"北校区：江苏省无锡市惠山区钱藕路12号（无锡市职教园内）,南校区：无锡文良路45号",True,,,,,,,,,,,,{},0,,0,
4132013749,无锡工艺职业技术学院,江苏省,无锡市,,江苏省,无锡市,专科,,999999,[],False,教育部2026名录（CSV镜像）,,1361,https://www.wxgyxy.edu.cn/,江苏省宜兴市荆邑南路99号,True,,,,,,,,,,,,{},0,,0,
4132013750,金山职业技术学院,江苏省,镇江市,,江苏省,镇江市,专科,,999999,[],True,教育部2026名录（CSV镜像）,民办,1199,https://www.jscu.cn/,江苏省镇江市扬中金山路1号,True,,,,,,,,,,,,{},0,,0,
4132013751,苏州健雄职业技术学院,江苏省,苏州市,,江苏省,苏州市,专科,,999999,[],False,教育部2026名录（CSV镜像）,,2217,https://www.csit.edu.cn/,江苏省太仓市科教新城健雄路1号,True,,,,,,,,,,,,{},0,,0,
4132013752,盐城工业职业技术学院,江苏省,盐城市,,江苏省,盐城市,专科,,999999,[],False,教育部2026名录（CSV镜像）,,2218,https://www.ycpc.edu.cn/,江苏省盐城市解放南路285号,True,,,,,,,,,,,,{},0,,0,
4132013753,江苏财经职业技术学院,江苏省,淮安市,,江苏省,淮安市,专科,,999999,[],False,教育部2026名录（CSV镜像）,,2219,https://www.jscj.edu.cn/,江苏省淮安市高教园区枚乘东路8号,True,,,,,,,,,,,,{},0,,0,
4132013754,扬州工业职业技术学院,江苏省,扬州市,,江苏省,扬州市,专科,,999999,[],False,教育部2026名录（CSV镜像）,,1155,http://www.ypi.edu.cn/,江苏省扬州市华扬西路199号扬子津科教园,True,,,,,,,,,,,,{},0,,0,
4132013962,苏州百年职业学院,江苏省,苏州市,,江苏省,苏州市,专科,,999999,[],False,教育部2026名录（CSV镜像）,中外合作办学及内地与港澳合作办学,1097,https://www.scc.edu.cn/,江苏省苏州市苏州工业园区仁爱路1号,True,,,,,,,,,,,,{},0,,0,
4132013963,昆山登云科技职业学院,江苏省,苏州市,,江苏省,苏州市,专科,,999999,[],True,教育部2026名录（CSV镜像）,民办,2229,https://www.dyc.edu.cn/,江苏省苏州市昆山市马鞍山西路1058号,True,,,,,,,,,,,,{},0,,0,
4132013964,南京视觉艺术职业学院,江苏省,南京市,,江苏省,南京市,专科,,999999,[],True,教育部2026名录（CSV镜像）,民办,2230,http://www.niva.cn/,江苏省南京市溧水区柘宁东路116号,True,,,,,,,,,,,,{},0,,0,
4132014000,江苏城市职业学院,江苏省,南京市,,江苏省,南京市,专科,,999999,[],False,教育部2026名录（CSV镜像）,,1543,http://www.jscvc.cn,"校本部：江苏省南京市鼓楼区江东北路399号,桥林校区：南京市浦口区桥林街道,应天校区：江苏省南京市建邺区应天大街832号,定淮门东校区：江苏省南京市鼓楼区古平岗35-1号,挹江门校区：江苏省南京市鼓楼区龙池庵62号",True,,,,,,,,,,,,{},0,,0,
4132014001,南京城市职业学院,江苏省,南京市,,江苏省,南京市,专科,,999999,[],False,教育部2026名录（CSV镜像）,,3143,https://www.ncc.edu.cn/,"溧水校区：江苏省南京市溧水区高山路1号,新街口校区：江苏省南京市秦淮区游府西街46号",True,,,,,,,,,,,,{},0,,0,
4132014056,南京机电职业技术学院,江苏省,南京市,,江苏省,南京市,专科,,999999,[],False,教育部2026名录（CSV镜像）,,2220,http://www.nimt.edu.cn/,江苏省南京市高淳区鹿鸣大道33号（团结圩地铁站旁）,True,,,,,,,,,,,,{},0,,0,
4132014163,苏州高博职业学院,江苏省,苏州市,,江苏省,苏州市,专科,,999999,[],True,教育部2026名录（CSV镜像）,民办,2559,http://www.gist.edu.cn/,江苏省苏州市高新区科技城青山路5号,True,,,,,,,,,,,,{},0,,0,
4132014180,南京旅游职业学院,江苏省,南京市,,江苏省,南京市,专科,,999999,[],False,教育部2026名录（CSV镜像）,,2539,https://www.nith.edu.cn/,江苏省南京市江宁区月华西路1号,True,,,,,,,,,,,,{},0,,0,
4132014255,江苏卫生健康职业学院,江苏省,南京市,,江苏省,南京市,专科,,999999,[],False,教育部2026名录（CSV镜像）,,2221,https://www.jshvc.edu.cn/,"浦口路校区：江苏省南京市浦口区黄山岭路69号,汉中路校区：江苏省南京市秦淮区汉中路129号,凤凰西街校区：江苏省南京市鼓楼区凤凰西街150-1号",True,,,,,,,,,,,,{},0,,0,
4132014256,苏州信息职业技术学院,江苏省,苏州市,,江苏省,苏州市,专科,,999999,[],False,教育部2026名录（CSV镜像）,,2558,https://www.szitu.edu.cn/,江苏省苏州市吴江区鲈乡南路1237号,True,,,,,,,,,,,,{},0,,0,
4132014293,宿迁泽达职业技术学院,江苏省,宿迁市,,江苏省,宿迁市,专科,,999999,[],True,教育部2026名录（CSV镜像）,民办,2663,http://www.zdct.cn,江苏省宿迁市湖滨新区学成路666号,True,,,,,,,,,,,,{},0,,0,
4132014295,苏州工业园区服务外包职业学院,江苏省,苏州市,,江苏省,苏州市,专科,,999999,[],False,教育部2026名录（CSV镜像）,,2662,http://www.siso.edu.cn/,苏州市工业园区科教创新区松涛街208号,True,,,,,,,,,,,,{},0,,0,
4132014329,徐州幼儿师范高等专科学校,江苏省,徐州市,,江苏省,徐州市,专科,,999999,[],False,教育部2026名录（CSV镜像）,,3089,https://www.xzyz.edu.cn,"洞山校区：江苏徐州经济技术开发区桃园路6号,碧螺校区：徐州经济技术开发区洞山路17号",True,,,,,,,,,,,,{},0,,0,
4132014401,徐州生物工程职业技术学院,江苏省,徐州市,,江苏省,徐州市,专科,,999999,[],False,教育部2026名录（CSV镜像）,,3090,https://www.xzsw.net.cn/,"泉山校区：徐州市泉山区西三环路297号,沛县校区：徐州市沛县张寨镇区,云龙校区：徐州市云龙区云龙万达北学院路36号,新沂校区：徐州市新沂市沭东大道222号",True,,,,,,,,,,,,{},0,,0,
4132014475,江苏商贸职业学院,江苏省,南通市,,江苏省,南通市,专科,,999999,[],False,教育部2026名录（CSV镜像）,,3109,https://www.jsbc.edu.cn/,江苏省南通市江通路48号,True,,,,,,,,,,,,{},0,,0,
4132014493,南通师范高等专科学校,江苏省,南通市,,江苏省,南通市,专科,,999999,[],False,教育部2026名录（CSV镜像）,,3230,https://www.ntnc.edu.cn,"开发区校区：江苏省南通市经济技术开发区育贤路2号,南通校区：江苏省南通市崇川区城山路24号,如皋校区：江苏省南通市如皋市学宫路1号",True,,,,,,,,,,,,{},0,,0,
4132014528,扬州中瑞酒店职业学院,江苏省,扬州市,,江苏省,扬州市,专科,,999999,[],True,教育部2026名录（CSV镜像）,民办,3344,https://www.yhvc.edu.cn/,江苏省扬州市邗江区文汇西路608号,True,,,,,,,,,,,,{},0,,0,
4132014541,江苏护理职业学院,江苏省,淮安市,,江苏省,淮安市,专科,,999999,[],False,教育部2026名录（CSV镜像）,,3273,https://www.jscn.edu.cn/,"科技路校区：江苏省淮安市清江浦区科技大道9号,黄河路校区：江苏省淮安市淮阴区黄河西路2号",True,,,,,,,,,,,,{},0,,0,
4132014542,江苏财会职业学院,江苏省,连云港市,,江苏省,连云港市,专科,,999999,[],False,教育部2026名录（CSV镜像）,,3224,https://www.jscfa.edu.cn,连云港市海州区春晖路8号,True,,,,,,,,,,,,{},0,,0,
4132014543,江苏城乡建设职业学院,江苏省,常州市,,江苏省,常州市,专科,,999999,[],False,教育部2026名录（CSV镜像）,,3345,http://www.jscc.edu.cn/,"殷村校区：江苏省常州市殷村职教园和裕路1号,清潭校区：江苏省常州市钟楼区木梳路12号",True,,,,,,,,,,,,{},0,,0,
4132014568,江苏航空职业技术学院,江苏省,镇江市,,江苏省,镇江市,专科,,999999,[],False,教育部2026名录（CSV镜像）,,3346,https://www.jatc.edu.cn/,江苏省镇江瑞城路88号,True,,,,,,,,,,,,{},0,,0,
4132014589,江苏安全技术职业学院,江苏省,徐州市,,江苏省,徐州市,专科,,999999,[],False,教育部2026名录（CSV镜像）,,3347,https://www.jscst.edu.cn/,"贾汪校区：江苏省徐州市贾汪区育才路1号,云龙校区：江苏省徐州市云龙区铜山路381号",True,,,,,,,,,,,,{},0,,0,
4132014604,江苏旅游职业学院,江苏省,扬州市,,江苏省,扬州市,专科,,999999,[],False,教育部2026名录（CSV镜像）,,3348,https://www.jstc.edu.cn/,"九龙湖校区：江苏省扬州市毓秀路88号,扬子津校区：江苏省扬州市邗江区华扬西路196号",True,,,,,,,,,,,,{},0,,0,
4132014773,常州幼儿师范高等专科学校,江苏省,常州市,,江苏省,常州市,专科,,999999,[],False,教育部2026名录（CSV镜像）,,3614,https://www.cyzedu.cn,江苏省常州市武进区常武中路28号,True,,,,,,,,,,,,{},0,,0,
4132014841,江苏司法警官职业学院,江苏省,南京市,,江苏省,南京市,专科,,999999,[],False,教育部2026名录（CSV镜像）,,3694,https://www.jssfjy.cn/default.html,"南京校区：江苏省南京市浦口区百合路248号,镇江校区：镇江市京口区桃花坞路26号",True,,,,,,,,,,,,{},0,,0,
4132014853,盐城农业科技职业学院,江苏省,盐城市,,江苏省,盐城市,专科,,999999,[],False,教育部2026名录（CSV镜像）,,3716,http://www.ycnzy.com/,江苏省盐城市青年东路学府路1号,True,,,,,,,,,,,,{},0,,0,
4132014854,宿迁幼儿师范高等专科学校,江苏省,宿迁市,,江苏省,宿迁市,专科,,999999,[],False,教育部2026名录（CSV镜像）,,3717,http://www.sqsf.cn/,江苏省宿迁市湖滨新城区大学城学成路1号,True,,,,,,,,,,,,{},0,,0,
4132014855,无锡师范高等专科学校,江苏省,无锡市,,江苏省,无锡市,专科,,999999,[],False,教育部2026名录（CSV镜像）,,3718,http://www.wxnc.edu.cn/,无锡市惠山区文良路45号（无锡职教园内）,True,,,,,,,,,,,,{},0,,0,
4132014913,常州铁道职业技术学院,江苏省,常州市,,江苏省,常州市,专科,,999999,[],False,教育部2026名录（CSV镜像）,,3785,http://www.cztdxy.cn/207/list.htm,,True,,,,,,,,,,,,{},0,,0,
4132014914,苏州旅游职业学院,江苏省,苏州市,,江苏省,苏州市,专科,,999999,[],False,教育部2026名录（CSV镜像）,,3786,http://www.szlyzyxy.cn/,江苏省苏州市吴中区国际教育园南区致能大道101号,True,,,,,,,,,,,,{},0,,0,
4132014915,南通卫生健康职业学院,江苏省,南通市,,江苏省,南通市,专科,,999999,[],False,教育部2026名录（CSV镜像）,,3767,http://www.nthvc.cn/,江苏省南通经济技术开发区振兴东路288号,True,,,,,,,,,,,,{},0,,0,
4133010335,浙江大学,浙江省,杭州市,,浙江省,杭州市,本科,3,2,"['985', '211', '双一流']",False,教育部2026名录（CSV镜像）,,114,https://www.zju.edu.cn/,"紫金港校区：浙江省杭州市西湖区余杭塘路866号,宁波校区：浙江省宁波市钱湖南路1号,玉泉校区：浙江省杭州市西湖区浙大路38号,西溪校区：浙江省杭州市西湖区天目山路148号,华家池校区：浙江省杭州市江干区凯旋路268号,之江校区：浙江省杭州市西湖区之江路51号,舟山校区：浙江省舟山市定海区浙大路1号,海宁校区：浙江省海宁市海州东路718号",True,,,,,,,,,,,"{'rankingId': 'shanghairanking-bcur', 'edition': '2026', 'sortValue': 3.0, 'label': '2026软科 3', 'sourceUrl': 'https://www.shanghairanking.cn/rankings/bcur/202610'}","{'shanghairanking-bcur': {'id': 'RANK_SR_BCUR_2026_ZJU', 'universityName': '浙江大学', 'rankingId': 'shanghairanking-bcur', 'agency': 'ShanghaiRanking', 'rankingName': '软科中国大学排名（主榜）', 'edition': '2026', 'rank': 3, 'rankDisplay': '3', 'score': 895.6, 'scope': 'China-mainland', 'category': '综合', 'sourceUrl': 'https://www.shanghairanking.cn/rankings/bcur/202610', 'publishedAt': '2026-04-15', 'retrievedAt': '2026-09-09', 'verified': True, 'uid': '4133010335', 'rankMidpoint': 3.0, 'referenceRankOrRank': 3.0, 'displayLabel': '2026软科 3'}, 'qs-wur': {'id': 'RANK_QS_WUR_2027_ZJU', 'universityName': '浙江大学', 'rankingId': 'qs-wur', 'agency': 'QS', 'rankingName': 'QS World University Rankings', 'edition': '2027', 'rank': 47, 'rankDisplay': '47', 'score': 83.5, 'scope': 'world', 'sourceUrl': 'https://www.topuniversities.com/world-university-rankings', 'publishedAt': '2026-06-18', 'retrievedAt': '2026-09-09', 'verified': True, 'uid': '4133010335', 'rankMidpoint': 47.0, 'referenceRankOrRank': 47.0, 'displayLabel': 'QS 2027 47'}, 'the-wur': {'id': 'RANK_THE_WUR_2026_ZJU', 'universityName': '浙江大学', 'rankingId': 'the-wur', 'agency': 'Times Higher Education', 'rankingName': 'World University Rankings', 'edition': '2026', 'rank': 39, 'rankDisplay': '39', 'score': 78.3, 'scope': 'world', 'sourceUrl': 'https://www.timeshighereducation.com/student/best-universities/best-universities-china', 'retrievedAt': '2026-09-09', 'verified': True, 'uid': '4133010335', 'rankMidpoint': 39.0, 'referenceRankOrRank': 39.0, 'displayLabel': 'THE 2026 39'}, 'arwu': {'id': 'RANK_ARWU_2026_ZJU', 'universityName': '浙江大学', 'rankingId': 'arwu', 'agency': 'ShanghaiRanking', 'rankingName': 'Academic Ranking of World Universities', 'edition': '2026', 'rank': 24, 'rankDisplay': '24', 'nationalRank': 3, 'score': 45.2, 'scope': 'world', 'sourceUrl': 'https://www.shanghairanking.com/rankings/arwu/2026', 'retrievedAt': '2026-09-09', 'verified': True, 'uid': '4133010335', 'rankMidpoint': 24.0, 'referenceRankOrRank': 24.0, 'displayLabel': 'ARWU 2026 24'}}",0,,0,
4133010336,杭州电子科技大学,浙江省,杭州市,,浙江省,杭州市,本科,99,128,[],False,教育部2026名录（CSV镜像）,,159,https://www.hdu.edu.cn/,"下沙校区：浙江省杭州市杭州经济开发区白杨街道2号大街1158号,文一校区：浙江省杭州市西湖区文一路115号,东岳校区：浙江省杭州市西湖区大龙驹坞168号,下沙东校区：浙江省杭州市江干区金沙东路,青山湖校区（信息工程学院）：浙江省杭州市临安区青山湖街道杭电路1号",True,,,,,,,,,,,"{'rankingId': 'legacy-shanghairanking-bcur', 'edition': '2026', 'sortValue': 128.0, 'label': '2026软科主榜 99', 'sourceUrl': 'https://www.shanghairanking.cn/rankings/bcur/2026', 'legacy': True}",{},0,,0,
4133010337,浙江工业大学,浙江省,杭州市,,浙江省,杭州市,本科,68,82,[],False,教育部2026名录（CSV镜像）,,242,https://www.zjut.edu.cn/,"朝晖校区：浙江省杭州市拱墅区潮王路18号,屏峰校区：浙江省杭州市西湖区留和路288号,莫干山校区：浙江省湖州市德清县长虹东街999号",True,,,,,,,,,,,"{'rankingId': 'legacy-shanghairanking-bcur', 'edition': '2026', 'sortValue': 82.0, 'label': '2026软科主榜 68', 'sourceUrl': 'https://www.shanghairanking.cn/rankings/bcur/2026', 'legacy': True}",{},0,,0,
4133010338,浙江理工大学,浙江省,杭州市,,浙江省,杭州市,本科,112,147,[],False,教育部2026名录（CSV镜像）,,243,https://www.zstu.edu.cn/,"下沙校区：浙江省杭州市钱塘区2号大街928号,临平校区：浙江省杭州市临平区康泰路8号",True,,,,,,,,,,,"{'rankingId': 'legacy-shanghairanking-bcur', 'edition': '2026', 'sortValue': 147.0, 'label': '2026软科主榜 112', 'sourceUrl': 'https://www.shanghairanking.cn/rankings/bcur/2026', 'legacy': True}",{},0,,0,
4133010340,浙江海洋大学,浙江省,舟山市,,浙江省,舟山市,本科,236,333,[],False,教育部2026名录（CSV镜像）,,248,https://www.zjou.edu.cn/,"新城校区：浙江省舟山市定海区临城街道海大南路1号,定海校区：浙江省舟山市定海区海院路18号",True,,,,,,,,,,,"{'rankingId': 'legacy-shanghairanking-bcur', 'edition': '2026', 'sortValue': 333.0, 'label': '2026软科主榜 236', 'sourceUrl': 'https://www.shanghairanking.cn/rankings/bcur/2026', 'legacy': True}",{},0,,0,
4133010341,浙江农林大学,浙江省,杭州市,,浙江省,杭州市,本科,149,206,[],False,教育部2026名录（CSV镜像）,,249,https://www.zafu.edu.cn/,"东湖校区：浙江省杭州市临安区武肃街666号,衣锦校区：浙江省杭州市临安区衣锦街252号,诸暨校区：浙江省诸暨市浦阳路77号",True,,,,,,,,,,,"{'rankingId': 'legacy-shanghairanking-bcur', 'edition': '2026', 'sortValue': 206.0, 'label': '2026软科主榜 149', 'sourceUrl': 'https://www.shanghairanking.cn/rankings/bcur/2026', 'legacy': True}",{},0,,0,
4133010343,温州医科大学,浙江省,温州市,,浙江省,温州市,本科,医11,117,[],False,教育部2026名录（CSV镜像）,,251,https://www.wmu.edu.cn/,"茶山校区：浙江省温州市瓯海区茶山高教园区,学院路校区：温州市学院西路82号,滨海校区：温州市洞头区北岙街道海韵大道669号",True,,,,,,,,,,,"{'rankingId': 'legacy-shanghairanking-bcur', 'edition': '2026', 'sortValue': 117.0, 'label': '2026软科分类标签 医11', 'sourceUrl': 'https://www.shanghairanking.cn/rankings/bcur/2026', 'legacy': True}",{},0,,0,
4133010344,浙江中医药大学,浙江省,杭州市,,浙江省,杭州市,本科,中医7,172,[],False,教育部2026名录（CSV镜像）,,250,https://www.zcmu.edu.cn/,"滨文校区：浙江省杭州市滨江区滨文路548号,富春校区：浙江省杭州市富阳区百川街260号",True,,,,,,,,,,,"{'rankingId': 'legacy-shanghairanking-bcur', 'edition': '2026', 'sortValue': 172.0, 'label': '2026软科分类标签 中医7', 'sourceUrl': 'https://www.shanghairanking.cn/rankings/bcur/2026', 'legacy': True}",{},0,,0,
4133010345,浙江师范大学,浙江省,金华市,,浙江省,金华市,本科,91,116,[],False,教育部2026名录（CSV镜像）,,241,https://www.zjnu.edu.cn/,"金华校区：浙江省金华市迎宾大道688号,杭州校区：浙江省杭州市萧山高教园区耕文路1108号",True,,,,,,,,,,,"{'rankingId': 'legacy-shanghairanking-bcur', 'edition': '2026', 'sortValue': 116.0, 'label': '2026软科主榜 91', 'sourceUrl': 'https://www.shanghairanking.cn/rankings/bcur/2026', 'legacy': True}",{},0,,0,
4133010346,杭州师范大学,浙江省,杭州市,,浙江省,杭州市,本科,116,153,[],False,教育部2026名录（CSV镜像）,,252,https://www.hznu.edu.cn/,"仓前校区：浙江省杭州市余杭塘路2318号,玉皇山校区：浙江省杭州市西湖区玉皇山路77号,下沙校区：浙江省杭州市江干区下沙高教园区学林街16号",True,,,,,,,,,,,"{'rankingId': 'legacy-shanghairanking-bcur', 'edition': '2026', 'sortValue': 153.0, 'label': '2026软科主榜 116', 'sourceUrl': 'https://www.shanghairanking.cn/rankings/bcur/2026', 'legacy': True}",{},0,,0,
4133010347,湖州师范大学,浙江省,湖州市,,浙江省,湖州市,本科,234,330,[],False,教育部2026名录（CSV镜像）,,253,https://www.huznu.edu.cn/,浙江省湖州市二环东路759号,True,,,,,,,,,,,"{'rankingId': 'legacy-shanghairanking-bcur', 'edition': '2026', 'sortValue': 330.0, 'label': '2026软科主榜 234', 'sourceUrl': 'https://www.shanghairanking.cn/rankings/bcur/2026', 'legacy': True}",{},0,,0,
4133010349,绍兴大学,浙江省,绍兴市,,浙江省,绍兴市,本科,264,373,[],False,教育部2026名录（CSV镜像）,,255,https://www.usx.edu.cn/,"校本部：浙江省绍兴市环城西路508号,南山校区：浙江省绍兴市越城区城南大道900号,兰亭校区：浙江省绍兴市柯桥区兰亭镇,上虞校区：浙江省绍兴市上虞区东山路368号,河西校区：浙江省绍兴市越城区城南大道1077号,宋六陵校区：浙江省越城区富盛镇宝山南麓",True,,,,,,,,,,,"{'rankingId': 'legacy-shanghairanking-bcur', 'edition': '2026', 'sortValue': 373.0, 'label': '2026软科主榜 264', 'sourceUrl': 'https://www.shanghairanking.cn/rankings/bcur/2026', 'legacy': True}",{},0,,0,
4133010350,台州学院,浙江省,台州市,,浙江省,台州市,本科,278,401,[],False,教育部2026名录（CSV镜像）,,254,https://www.tzc.edu.cn/,"椒江校区：浙江省台州市椒江区市府大道1139号,广文校区：浙江省台州市临海市广文路146号,临海校区：浙江省临海市东方大道605号",True,,,,,,,,,,,"{'rankingId': 'legacy-shanghairanking-bcur', 'edition': '2026', 'sortValue': 401.0, 'label': '2026软科主榜 278', 'sourceUrl': 'https://www.shanghairanking.cn/rankings/bcur/2026', 'legacy': True}",{},0,,0,
4133010351,温州大学,浙江省,温州市,,浙江省,温州市,本科,129,174,[],False,教育部2026名录（CSV镜像）,,256,https://www.wzu.edu.cn/,"茶山校区：浙江省温州市瓯海区茶山街道茶山高教园区,学院路校区：浙江省温州市鹿城区学院中路276号",True,,,,,,,,,,,"{'rankingId': 'legacy-shanghairanking-bcur', 'edition': '2026', 'sortValue': 174.0, 'label': '2026软科主榜 129', 'sourceUrl': 'https://www.shanghairanking.cn/rankings/bcur/2026', 'legacy': True}",{},0,,0,
4133010352,丽水学院,浙江省,丽水市,,浙江省,丽水市,本科,365,539,[],False,教育部2026名录（CSV镜像）,,1255,https://www.lsu.edu.cn/main.htm,"莲都校区：浙江省丽水市莲都区学院路1号,松阳校区：浙江省丽水市松阳县水南街道秀峰南路2号",True,,,,,,,,,,,"{'rankingId': 'legacy-shanghairanking-bcur', 'edition': '2026', 'sortValue': 539.0, 'label': '2026软科主榜 365', 'sourceUrl': 'https://www.shanghairanking.cn/rankings/bcur/2026', 'legacy': True}",{},0,,0,
4133010353,浙江工商大学,浙江省,杭州市,,浙江省,杭州市,本科,财8,132,[],False,教育部2026名录（CSV镜像）,,257,http://www.hzic.edu.cn,"下沙校区：浙江省杭州市钱塘区白杨街道学正街18号,教工路校区：浙江省杭州市西湖区教工路149号",True,,,,,,,,,,,"{'rankingId': 'legacy-shanghairanking-bcur', 'edition': '2026', 'sortValue': 132.0, 'label': '2026软科分类标签 财8', 'sourceUrl': 'https://www.shanghairanking.cn/rankings/bcur/2026', 'legacy': True}",{},0,,0,
4133010354,嘉兴大学,浙江省,嘉兴市,,浙江省,嘉兴市,本科,216,300,[],False,教育部2026名录（CSV镜像）,,244,https://www.zjxu.edu.cn/,"梁林校区：浙江省嘉兴市广穹路899号,平湖校区：浙江省嘉兴市平湖市钟埭街道宏建路888号",True,,,,,,,,,,,"{'rankingId': 'legacy-shanghairanking-bcur', 'edition': '2026', 'sortValue': 300.0, 'label': '2026软科主榜 216', 'sourceUrl': 'https://www.shanghairanking.cn/rankings/bcur/2026', 'legacy': True}",{},0,,0,
4133010355,中国美术学院,浙江省,杭州市,,浙江省,杭州市,本科,,999999,['双一流'],False,教育部2026名录（CSV镜像）,,259,https://www.caa.edu.cn/,"南山校区：浙江省杭州市上城区南山路218号,象山校区：浙江省杭州市西湖区转塘镇象山村352号,张江校区：上海市浦东区张江高科技园区泾牛路249号,湘湖校区：浙江省杭州市萧山区溪东线湘湖金融小镇,良渚校区：杭州市余杭区良渚街道古墩路2849号",True,,,,,,,,,,,,{},0,,0,
4133010356,中国计量大学,浙江省,杭州市,,浙江省,杭州市,本科,151,208,[],False,教育部2026名录（CSV镜像）,,247,https://www.cjlu.edu.cn/,"西区：浙江省杭州市钱塘区学源街258号,东区：浙江省杭州市钱塘区学源街168号",True,,,,,,,,,,,"{'rankingId': 'legacy-shanghairanking-bcur', 'edition': '2026', 'sortValue': 208.0, 'label': '2026软科主榜 151', 'sourceUrl': 'https://www.shanghairanking.cn/rankings/bcur/2026', 'legacy': True}",{},0,,0,
4133010876,浙江万里学院,浙江省,宁波市,,浙江省,宁波市,本科,312,465,[],False,教育部2026名录（CSV镜像）,,260,https://www.zwu.edu.cn/,"钱湖校区：浙江省宁波市宁鄞州区钱湖南路8号,回龙校区：浙江省宁波市鄞州区盛莫路1519号,宁海校区：宁波市宁海县一市镇蛇蟠涂园区南区139号",True,,,,,,,,,,,"{'rankingId': 'legacy-shanghairanking-bcur', 'edition': '2026', 'sortValue': 465.0, 'label': '2026软科主榜 312', 'sourceUrl': 'https://www.shanghairanking.cn/rankings/bcur/2026', 'legacy': True}",{},0,,0,
4133011057,浙江科技大学,浙江省,杭州市,,浙江省,杭州市,本科,232,325,[],False,教育部2026名录（CSV镜像）,,246,https://www.zust.edu.cn/,"小和山校区：浙江省杭州市留和路318号,安吉校区：浙江省湖州市安吉县孝源街道中德路1号",True,,,,,,,,,,,"{'rankingId': 'legacy-shanghairanking-bcur', 'edition': '2026', 'sortValue': 325.0, 'label': '2026软科主榜 232', 'sourceUrl': 'https://www.shanghairanking.cn/rankings/bcur/2026', 'legacy': True}",{},0,,0,
4133011058,宁波工程学院,浙江省,宁波市,,浙江省,宁波市,本科,292,430,[],False,教育部2026名录（CSV镜像）,,1189,https://www.nbut.edu.cn/,"风华校区：浙江省宁波市江北区风华路201号,翠柏校区：浙江省宁波市海曙区翠柏路89号,前湾校区：浙江省宁波市前湾新区滨海二路769号",True,,,,,,,,,,,"{'rankingId': 'legacy-shanghairanking-bcur', 'edition': '2026', 'sortValue': 430.0, 'label': '2026软科主榜 292', 'sourceUrl': 'https://www.shanghairanking.cn/rankings/bcur/2026', 'legacy': True}",{},0,,0,
4133011481,浙江水利水电学院,浙江省,杭州市,,浙江省,杭州市,本科,394,587,[],False,教育部2026名录（CSV镜像）,,1364,https://www.zuwe.edu.cn/,"钱塘校区：浙江省杭州市钱塘区二号大街508号,南浔校区：浙江省湖州市南浔区联谊路68号",True,,,,,,,,,,,"{'rankingId': 'legacy-shanghairanking-bcur', 'edition': '2026', 'sortValue': 587.0, 'label': '2026软科主榜 394', 'sourceUrl': 'https://www.shanghairanking.cn/rankings/bcur/2026', 'legacy': True}",{},0,,0,
4133011482,浙江财经大学,浙江省,杭州市,,浙江省,杭州市,本科,财12,179,[],False,教育部2026名录（CSV镜像）,,258,https://www.zufe.edu.cn,"下沙校区：浙江省杭州市下沙高教园区学源街18号,文华校区：浙江省杭州市西湖区文一西路83号,长安校区：浙江省嘉兴市海宁市连航高新区仰山路2号",True,,,,,,,,,,,"{'rankingId': 'legacy-shanghairanking-bcur', 'edition': '2026', 'sortValue': 179.0, 'label': '2026软科分类标签 财12', 'sourceUrl': 'https://www.shanghairanking.cn/rankings/bcur/2026', 'legacy': True}",{},0,,0,
4133011483,浙江警察学院,浙江省,杭州市,,浙江省,杭州市,本科,政13,434,[],False,教育部2026名录（CSV镜像）,,1763,https://www.zjjcxy.cn/,"滨江校区：浙江省杭州市滨江区滨文路555号,临安校区：浙江省杭州市临安锦北街道农林大路2559号",True,,,,,,,,,,,"{'rankingId': 'legacy-shanghairanking-bcur', 'edition': '2026', 'sortValue': 434.0, 'label': '2026软科分类标签 政13', 'sourceUrl': 'https://www.shanghairanking.cn/rankings/bcur/2026', 'legacy': True}",{},0,,0,
4133011488,衢州学院,浙江省,衢州市,,浙江省,衢州市,本科,379,561,[],False,教育部2026名录（CSV镜像）,,2604,https://www.qzc.edu.cn/,浙江省衢州市九华北大道78号,True,,,,,,,,,,,"{'rankingId': 'legacy-shanghairanking-bcur', 'edition': '2026', 'sortValue': 561.0, 'label': '2026软科主榜 379', 'sourceUrl': 'https://www.shanghairanking.cn/rankings/bcur/2026', 'legacy': True}",{},0,,0,
4133011646,宁波大学,浙江省,宁波市,,浙江省,宁波市,本科,78,93,['双一流'],False,教育部2026名录（CSV镜像）,,240,https://www.nbu.edu.cn/,"主校区：浙江省宁波市江北区风华路818号,梅山校区：浙江省宁波市北仑区梅山街道七星南路169号,植物园校区：浙江省宁波市镇海区庄市街道北环东路1188号",True,,,,,,,,,,,"{'rankingId': 'legacy-shanghairanking-bcur', 'edition': '2026', 'sortValue': 93.0, 'label': '2026软科主榜 78', 'sourceUrl': 'https://www.shanghairanking.cn/rankings/bcur/2026', 'legacy': True}",{},0,,0,
4133011647,浙江传媒学院,浙江省,杭州市,,浙江省,杭州市,本科,语8,332,[],False,教育部2026名录（CSV镜像）,,1066,https://www.cuz.edu.cn/,"杭州钱塘校区：浙江省杭州市钱塘区白杨街道学源街998号,桐乡乌镇校区：浙江省桐乡市梧桐街道逾桥西路998号",True,,,,,,,,,,,"{'rankingId': 'legacy-shanghairanking-bcur', 'edition': '2026', 'sortValue': 332.0, 'label': '2026软科分类标签 语8', 'sourceUrl': 'https://www.shanghairanking.cn/rankings/bcur/2026', 'legacy': True}",{},0,,0,
4133011842,浙江树人学院,浙江省,杭州市,,浙江省,杭州市,本科,1,866,[],True,教育部2026名录（CSV镜像）,民办,1791,https://www.zjsru.edu.cn/,"杭州拱宸桥校区：浙江省杭州市拱墅区树人街8号,绍兴杨汛桥校区：浙江省绍兴市柯桥区杨汛桥街道江夏路2016号",True,,,,,,,,,,,"{'rankingId': 'legacy-shanghairanking-bcur', 'edition': '2026', 'sortValue': 866.0, 'label': '2026软科主榜 1', 'sourceUrl': 'https://www.shanghairanking.cn/rankings/bcur/2026', 'legacy': True}",{},0,,0,
4133012792,浙江越秀外国语学院,浙江省,绍兴市,,浙江省,绍兴市,本科,语2,872,[],True,教育部2026名录（CSV镜像）,民办,2402,https://www.zyufl.edu.cn/,"稽山校区：浙江省绍兴市越城区会稽路428号,镜湖校区：浙江省绍兴市越城区群贤中路2801号",True,,,,,,,,,,,"{'rankingId': 'legacy-shanghairanking-bcur', 'edition': '2026', 'sortValue': 872.0, 'label': '2026软科分类标签 语2', 'sourceUrl': 'https://www.shanghairanking.cn/rankings/bcur/2026', 'legacy': True}",{},0,,0,
4133013001,宁波财经学院,浙江省,宁波市,,浙江省,宁波市,本科,财1,871,[],True,教育部2026名录（CSV镜像）,民办,2401,https://www.nbufe.edu.cn/,"本部校区：浙江省宁波市海曙区学院路899号,象山校区：浙江省宁波市象山县大目湾新城丽湾路599号,杭州湾校区：浙江省宁波市（慈溪）杭州湾新区博华路77号",True,,,,,,,,,,,"{'rankingId': 'legacy-shanghairanking-bcur', 'edition': '2026', 'sortValue': 871.0, 'label': '2026软科分类标签 财1', 'sourceUrl': 'https://www.shanghairanking.cn/rankings/bcur/2026', 'legacy': True}",{},0,,0,
4133013021,浙大城市学院,浙江省,杭州市,,浙江省,杭州市,本科,218,305,[],False,教育部2026名录（CSV镜像）,,2379,https://www.hzcu.edu.cn,杭州市拱墅区湖州街51号,True,,,,,,,,,,,"{'rankingId': 'legacy-shanghairanking-bcur', 'edition': '2026', 'sortValue': 305.0, 'label': '2026软科主榜 218', 'sourceUrl': 'https://www.shanghairanking.cn/rankings/bcur/2026', 'legacy': True}",{},0,,0,
4133013022,浙大宁波理工学院,浙江省,宁波市,,浙江省,宁波市,本科,287,421,[],False,教育部2026名录（CSV镜像）,,2380,https://www.nbt.edu.cn/,浙江省宁波市钱湖南路1号,True,,,,,,,,,,,"{'rankingId': 'legacy-shanghairanking-bcur', 'edition': '2026', 'sortValue': 421.0, 'label': '2026软科主榜 287', 'sourceUrl': 'https://www.shanghairanking.cn/rankings/bcur/2026', 'legacy': True}",{},0,,0,
4133013023,杭州医学院,浙江省,杭州市,,浙江省,杭州市,本科,医45,528,[],False,教育部2026名录（CSV镜像）,,1766,https://www.hmc.edu.cn/,"滨江校区：浙江省杭州市滨江区滨文路481号,青山湖科创中心：浙江省杭州市临安区青山湖街道创业街218号,临安校区：浙江省杭州市临安区颐康街8号,黄龙校区：浙江省杭州市西湖区天目山路182号",True,,,,,,,,,,,"{'rankingId': 'legacy-shanghairanking-bcur', 'edition': '2026', 'sortValue': 528.0, 'label': '2026软科分类标签 医45', 'sourceUrl': 'https://www.shanghairanking.cn/rankings/bcur/2026', 'legacy': True}",{},0,,0,
4133013029,浙江广厦建设职业技术大学,浙江省,金华市,,浙江省,金华市,本科,,999999,[],True,教育部2026名录（CSV镜像）,民办,1794,https://www.guangshaxy.com/,"江北校区：浙江省东阳市广福东街1号,木雕小镇校区：浙江省东阳市六石街道水明街168号",True,,,,,,,,,,,,{},0,,0,
4133013275,浙江工业大学之江学院,浙江省,杭州市,,浙江省,杭州市,本科,,999999,[],True,教育部2026名录（CSV镜像）,民办,2381,https://www.zzjc.edu.cn/,浙江省绍兴市柯桥区越州大道958号,True,,,,,,,,,,,,{},0,,0,
4133013276,浙江师范大学行知学院,浙江省,金华市,,浙江省,金华市,本科,,999999,[],True,教育部2026名录（CSV镜像）,民办,2382,https://www.zjxz.edu.cn/,浙江省兰溪市迎宾大道3388号,True,,,,,,,,,,,,{},0,,0,
4133013277,宁波大学科学技术学院,浙江省,宁波市,,浙江省,宁波市,本科,,999999,[],True,教育部2026名录（CSV镜像）,民办,2383,https://www.ndky.edu.cn/,"校本部：浙江省宁波市慈溪市白沙路街道文蔚路521号,周巷校区：慈溪市周巷镇和通路588号",True,,,,,,,,,,,,{},0,,0,
4133013279,杭州电子科技大学信息工程学院,浙江省,杭州市,,浙江省,杭州市,本科,,999999,[],True,教育部2026名录（CSV镜像）,民办,2384,https://www.hziee.edu.cn,浙江省杭州市临安区青山湖街道杭电路1号,True,,,,,,,,,,,,{},0,,0,
4133013280,浙江理工大学科技与艺术学院,浙江省,杭州市,,浙江省,杭州市,本科,,999999,[],True,教育部2026名录（CSV镜像）,民办,2385,https://www.ky.zstu.edu.cn/,浙江省绍兴市上虞区杭州湾上虞经济技术开发区康阳大道58号,True,,,,,,,,,,,,{},0,,0,
4133013283,浙江农林大学暨阳学院,浙江省,绍兴市,,浙江省,绍兴市,本科,,999999,[],True,教育部2026名录（CSV镜像）,民办,2387,https://www.zjyc.edu.cn/,浙江省绍兴市诸暨市浦阳路77号,True,,,,,,,,,,,,{},0,,0,
4133013284,温州医科大学仁济学院,浙江省,温州市,,浙江省,温州市,本科,,999999,[],True,教育部2026名录（CSV镜像）,民办,2388,https://rjxy.wmu.edu.cn/,"滨海校区：浙江省温州市洞头区北岙街道海韵大道669号,学院路校区：浙江省温州市鹿城区学院西路268号,茶山校区：浙江省温州市茶山高教园区",True,,,,,,,,,,,,{},0,,0,
4133013285,浙江中医药大学滨江学院,浙江省,杭州市,,浙江省,杭州市,本科,,999999,[],True,教育部2026名录（CSV镜像）,民办,2389,https://www.zcmu.edu.cn/,"滨文校区：浙江省杭州市滨江区滨文路548号,富春校区：浙江省杭州市富阳区百川街260号",True,,,,,,,,,,,,{},0,,0,
4133013286,杭州师范大学钱江学院,浙江省,杭州市,,浙江省,杭州市,本科,,999999,[],True,教育部2026名录（CSV镜像）,民办,2390,https://qjxy.hznu.edu.cn/,浙江省杭州市江干区下沙高教园区学林街16号,True,,,,,,,,,,,,{},0,,0,
4133013287,湖州学院,浙江省,湖州市,,浙江省,湖州市,本科,370,547,[],False,教育部2026名录（CSV镜像）,,2391,https://www.zjhzu.edu.cn/,湖州市吴兴区妙峰山北路999号,True,,,,,,,,,,,"{'rankingId': 'legacy-shanghairanking-bcur', 'edition': '2026', 'sortValue': 547.0, 'label': '2026软科主榜 370', 'sourceUrl': 'https://www.shanghairanking.cn/rankings/bcur/2026', 'legacy': True}",{},0,,0,
4133013288,绍兴理工学院,浙江省,绍兴市,,浙江省,绍兴市,本科,500+,771,[],False,教育部2026名录（CSV镜像）,,2392,https://www.zsit.edu.cn,浙江省绍兴市群贤中路2799号,True,,,,,,,,,,,"{'rankingId': 'legacy-shanghairanking-bcur', 'edition': '2026', 'sortValue': 771.0, 'label': '2026软科分类标签 500+', 'sourceUrl': 'https://www.shanghairanking.cn/rankings/bcur/2026', 'legacy': True}",{},0,,0,
4133013289,温州理工学院,浙江省,温州市,,浙江省,温州市,本科,360,533,[],False,教育部2026名录（CSV镜像）,,2393,https://www.wzut.edu.cn/,浙江省温州市经济技术开发区金海三道337号,True,,,,,,,,,,,"{'rankingId': 'legacy-shanghairanking-bcur', 'edition': '2026', 'sortValue': 533.0, 'label': '2026软科主榜 360', 'sourceUrl': 'https://www.shanghairanking.cn/rankings/bcur/2026', 'legacy': True}",{},0,,0,
4133013290,浙江工商大学杭州商学院,浙江省,杭州市,,浙江省,杭州市,本科,,999999,[],True,教育部2026名录（CSV镜像）,民办,2394,https://www.zjhzcc.edu.cn/,"桐庐校区：浙江杭州桐庐环城南路66号,校本部：浙江省西湖区教工路149号",True,,,,,,,,,,,,{},0,,0,
4133013291,嘉兴南湖学院,浙江省,嘉兴市,,浙江省,嘉兴市,本科,财45,622,[],False,教育部2026名录（CSV镜像）,,2397,https://www.jxnhu.edu.cn/,浙江省嘉兴市南湖区越秀南路572号,True,,,,,,,,,,,"{'rankingId': 'legacy-shanghairanking-bcur', 'edition': '2026', 'sortValue': 622.0, 'label': '2026软科分类标签 财45', 'sourceUrl': 'https://www.shanghairanking.cn/rankings/bcur/2026', 'legacy': True}",{},0,,0,
4133013292,中国计量大学现代科技学院,浙江省,杭州市,,浙江省,杭州市,本科,,999999,[],True,教育部2026名录（CSV镜像）,民办,2395,https://www.ldxk.edu.cn/,"下沙校区：浙江省杭州市下沙高教园区学源街258号,义乌校区：浙江省义乌市大学路8号",True,,,,,,,,,,,,{},0,,0,
4133013294,浙江财经大学东方学院,浙江省,嘉兴市,,浙江省,嘉兴市,本科,,999999,[],True,教育部2026名录（CSV镜像）,民办,2396,https://www.zufedfc.edu.cn/,浙江省海宁市连杭经济开发区高新区仰山路2号,True,,,,,,,,,,,,{},0,,0,
4133013637,温州商学院,浙江省,温州市,,浙江省,温州市,本科,财10,917,[],True,教育部2026名录（CSV镜像）,民办,2398,https://www.wzbc.edu.cn/,浙江省温州市高教园区,True,,,,,,,,,,,"{'rankingId': 'legacy-shanghairanking-bcur', 'edition': '2026', 'sortValue': 917.0, 'label': '2026软科分类标签 财10', 'sourceUrl': 'https://www.shanghairanking.cn/rankings/bcur/2026', 'legacy': True}",{},0,,0,
4133014206,同济大学浙江学院,浙江省,嘉兴市,,浙江省,嘉兴市,本科,,999999,[],True,教育部2026名录（CSV镜像）,民办,,,,True,,,,,,,,,,,,{},0,,0,
4133014207,上海财经大学浙江学院,浙江省,金华市,,浙江省,金华市,本科,,999999,[],True,教育部2026名录（CSV镜像）,民办,2400,https://www.shufe-zj.edu.cn/,浙江省金华市环城南路99号,True,,,,,,,,,,,,{},0,,0,
4133014275,浙江外国语学院,浙江省,杭州市,,浙江省,杭州市,本科,语13,387,[],False,教育部2026名录（CSV镜像）,,2640,https://www.zisu.edu.cn/,浙江省杭州市西湖区留和路299号,True,,,,,,,,,,,"{'rankingId': 'legacy-shanghairanking-bcur', 'edition': '2026', 'sortValue': 387.0, 'label': '2026软科分类标签 语13', 'sourceUrl': 'https://www.shanghairanking.cn/rankings/bcur/2026', 'legacy': True}",{},0,,0,
4133014535,浙江音乐学院,浙江省,杭州市,,浙江省,杭州市,本科,,999999,[],False,教育部2026名录（CSV镜像）,,3266,https://www.zjcm.edu.cn/,浙江省杭州市西湖区转塘街道浙音路1号,True,,,,,,,,,,,,{},0,,0,
4133014626,西湖大学,浙江省,杭州市,,浙江省,杭州市,本科,,999999,[],True,教育部2026名录（CSV镜像）,民办,3462,https://www.westlake.edu.cn/,"云谷校区：浙江省杭州市西湖区墩余路600号,云栖校区：浙江省杭州市西湖区石龙山街18号",True,,,,,,,,,,,,{},0,,0,
4133016207,浙江药科职业大学,浙江省,宁波市,,浙江省,宁波市,本科,,999999,[],False,教育部2026名录（CSV镜像）,,1765,https://www.zjpc.net.cn/,"奉化校区：浙江省宁波市奉化区四明路666号,鄞州校区：浙江省宁波市鄞县大道东段888号",True,,,,,,,,,,,,{},0,,0,
4133012061,金华职业技术大学,浙江省,金华市,,浙江省,金华市,本科,,999999,[],False,教育部2026名录（CSV镜像）,,1770,https://www.jhc.cn/main.htm,浙江省金华市婺城区海棠西路888号,True,,,,,,,,,,,,{},0,,0,
4133012861,浙江机电职业技术大学,浙江省,杭州市,,浙江省,杭州市,本科,,999999,[],False,教育部2026名录（CSV镜像）,,1355,https://www.zime.edu.cn/,"滨江校区：浙江省杭州市滨江高教园滨文路528号,海宁校区：浙江省海宁市长安镇青年路999号",True,,,,,,,,,,,,{},0,,0,
4133016301,宁波诺丁汉大学,浙江省,宁波市,,浙江省,宁波市,本科,合作2,78,[],False,教育部2026名录（CSV镜像）,中外合作办学及内地与港澳合作办学,1216,https://www.nottingham.edu.cn/cn/index.aspx,浙江省宁波市泰康东路199号,True,,,,,,,,,,,"{'rankingId': 'legacy-shanghairanking-bcur', 'edition': '2026', 'sortValue': 78.0, 'label': '2026软科分类标签 合作2', 'sourceUrl': 'https://www.shanghairanking.cn/rankings/bcur/2026', 'legacy': True}",{},0,,0,
4133016405,温州肯恩大学,浙江省,温州市,,浙江省,温州市,本科,合作8,209,[],False,教育部2026名录（CSV镜像）,中外合作办学及内地与港澳合作办学,3188,https://wku.edu.cn/,中国浙江省温州市瓯海区大学路88号,True,,,,,,,,,,,"{'rankingId': 'legacy-shanghairanking-bcur', 'edition': '2026', 'sortValue': 209.0, 'label': '2026软科分类标签 合作8', 'sourceUrl': 'https://www.shanghairanking.cn/rankings/bcur/2026', 'legacy': True}",{},0,,0,
4133010863,宁波职业技术大学,浙江省,宁波市,,浙江省,宁波市,本科,,999999,[],False,教育部2026名录（CSV镜像）,,1767,https://www.nbpt.edu.cn/main.htm,"本部校区：浙江省宁波经济技术开发区庐山东路388号,余姚校区：浙江省宁波市余姚市开丰路398号,西校区：浙江省宁波市北仑区新大路1069号",True,,,,,,,,,,,,{},0,,0,
4133012872,杭州职业技术大学,浙江省,杭州市,,浙江省,杭州市,本科,,999999,[],False,教育部2026名录（CSV镜像）,,1780,https://www.hzvtc.edu.cn/,浙江省杭州市下沙高教园区学源街68号,True,,,,,,,,,,,,{},0,,0,
4133014943,宁波东方理工大学,浙江省,宁波市,,浙江省,宁波市,本科,,999999,[],True,教育部2026名录（CSV镜像）,民办,3811,https://www.eitech.edu.cn/,浙江省宁波市镇海区蛟川街道海江大道2911号,True,,,,,,,,,,,,{},0,,0,
4133010864,温州职业技术大学,浙江省,温州市,,浙江省,温州市,本科,,999999,[],False,教育部2026名录（CSV镜像）,,1768,https://www.wzvtc.cn/index.html,"高教园区校区：浙江省温州市茶山高教园区（温州大学城）,瑞安校区：温州市瑞安市飞云街道孙桥村,永嘉校区：温州市永嘉县三江街道,瓯海校区：温州市瓯海区仙岩街道瓯海时尚智造小镇温州设计学院,鹿城校区：温州市鹿城区车站大道737号温州职业技术学院鹿城学院",True,,,,,,,,,,,,{},0,,0,
4133012036,浙江交通职业技术学院,浙江省,杭州市,,浙江省,杭州市,专科,,999999,[],False,教育部2026名录（CSV镜像）,,1769,https://www.zjvtit.edu.cn/,"杭州校区：浙江省杭州市古墩路1516号,长兴校区：浙江省湖州市林城镇新林北路39号",True,,,,,,,,,,,,{},0,,0,
4133012645,宁波城市职业技术学院,浙江省,宁波市,,浙江省,宁波市,专科,,999999,[],False,教育部2026名录（CSV镜像）,,1771,https://www.nbcc.cn/,"鄞州校区：宁波市鄞州区学府路9号,奉化校区：宁波市奉化区峰岭路7号",True,,,,,,,,,,,,{},0,,0,
4133012646,浙江电力职业技术学院,浙江省,杭州市,,浙江省,杭州市,专科,,999999,[],False,教育部2026名录（CSV镜像）,,,,,True,,,,,,,,,,,,{},0,,0,
4133012647,浙江同济科技职业学院,浙江省,杭州市,,浙江省,杭州市,专科,,999999,[],False,教育部2026名录（CSV镜像）,,1773,https://www.zjtongji.edu.cn/,浙江省杭州市萧山区宁围街道耕文路418号,True,,,,,,,,,,,,{},0,,0,
4133012789,浙江工商职业技术学院,浙江省,宁波市,,浙江省,宁波市,专科,,999999,[],False,教育部2026名录（CSV镜像）,,1353,https://www.zjbti.net.cn/,"海曙校区：浙江省宁波市海曙区机场路1988号,宁海校区：浙江省宁波市宁海县跃龙街道文华路277号,慈溪校区：浙江省宁波市慈溪市科技西路699号",True,,,,,,,,,,,,{},0,,0,
4133012790,台州职业技术学院,浙江省,台州市,,浙江省,台州市,专科,,999999,[],False,教育部2026名录（CSV镜像）,,1351,https://www.tzvtc.edu.cn/,"校本部：浙江省台州市椒江区葭沚街道学院社区学院路788号,玉环院区：浙江省台州市玉环市经济开发区银湖大道",True,,,,,,,,,,,,{},0,,0,
4133012791,浙江工贸职业技术学院,浙江省,温州市,,浙江省,温州市,专科,,999999,[],False,教育部2026名录（CSV镜像）,,1774,https://www.zjitc.net/,"府东路校区：浙江省温州市鹿城区府东路717号,瓯江口校区：浙江省温州市瓯江口产业集聚区雁云路301号",True,,,,,,,,,,,,{},0,,0,
4133012862,浙江建设职业技术学院,浙江省,杭州市,,浙江省,杭州市,专科,,999999,[],False,教育部2026名录（CSV镜像）,,1349,https://www.zjjs.edu.cn/,"杭州萧山校区：浙江省杭州市萧山高教园区学知路151号,绍兴上虞校区：浙江省绍兴市上虞区五星西路111号",True,,,,,,,,,,,,{},0,,0,
4133012863,浙江艺术职业学院,浙江省,杭州市,,浙江省,杭州市,专科,,999999,[],False,教育部2026名录（CSV镜像）,,1775,https://www.zjvaa.edu.cn/,"滨文路校区：浙江省杭州市滨江区滨文路518号,东冠校区：杭州市滨江区园区中路16号",True,,,,,,,,,,,,{},0,,0,
4133012864,浙江经贸职业技术学院,浙江省,杭州市,,浙江省,杭州市,专科,,999999,[],False,教育部2026名录（CSV镜像）,,1350,https://www.zjiet.edu.cn/,浙江省杭州市钱塘区学林街280号,True,,,,,,,,,,,,{},0,,0,
4133012865,浙江商业职业技术学院,浙江省,杭州市,,浙江省,杭州市,专科,,999999,[],False,教育部2026名录（CSV镜像）,,1341,https://www.zjbc.edu.cn/,"滨江校区：浙江省杭州市滨江区滨文路470号,德胜校区：浙江省杭州市拱墅区德胜路238号",True,,,,,,,,,,,,{},0,,0,
4133012866,浙江经济职业技术学院,浙江省,杭州市,,浙江省,杭州市,专科,,999999,[],False,教育部2026名录（CSV镜像）,,1776,https://www.zjtie.edu.cn/,浙江省杭州市钱塘区白杨街道学正街66号,True,,,,,,,,,,,,{},0,,0,
4133012867,浙江旅游职业学院,浙江省,杭州市,,浙江省,杭州市,专科,,999999,[],False,教育部2026名录（CSV镜像）,,1777,https://www.tourzj.edu.cn/,"杭州校区：浙江省杭州市萧山高教园区耕文路399号,千岛湖校区：浙江省杭州市淳安县文昌镇千岛湖大道2015号",True,,,,,,,,,,,,{},0,,0,
4133012868,浙江育英职业技术学院,浙江省,杭州市,,浙江省,杭州市,专科,,999999,[],True,教育部2026名录（CSV镜像）,民办,1793,https://www.zjyyc.com/,浙江省杭州市经济技术开发区（下沙高教园区）4号大街16号,True,,,,,,,,,,,,{},0,,0,
4133012869,浙江警官职业学院,浙江省,杭州市,,浙江省,杭州市,专科,,999999,[],False,教育部2026名录（CSV镜像）,,1778,https://www.zjjy.com.cn/,浙江省杭州市钱塘区二号大街,True,,,,,,,,,,,,{},0,,0,
4133012870,浙江金融职业学院,浙江省,杭州市,,浙江省,杭州市,专科,,999999,[],False,教育部2026名录（CSV镜像）,,1357,https://www.zfc.edu.cn/,"校本部：浙江省杭州市钱塘区学源街118号,绍兴校区：浙江省绍兴市越城区开元东路118号",True,,,,,,,,,,,,{},0,,0,
4133012871,浙江工业职业技术学院,浙江省,绍兴市,,浙江省,绍兴市,专科,,999999,[],False,教育部2026名录（CSV镜像）,,1779,https://www.zjipc.com/,"梅山校区：浙江省绍兴市曲屯路151号,新昌校区：浙江省绍兴市新昌县南明街道如城大道1号,镜湖校区：浙江省绍兴市站前大道2685号",True,,,,,,,,,,,,{},0,,0,
4133012874,嘉兴职业技术学院,浙江省,嘉兴市,,浙江省,嘉兴市,专科,,999999,[],False,教育部2026名录（CSV镜像）,,1781,https://www.jxvtc.edu.cn/,浙江省嘉兴市桐乡大道547号,True,,,,,,,,,,,,{},0,,0,
4133012875,湖州职业技术学院,浙江省,湖州市,,浙江省,湖州市,专科,,999999,[],False,教育部2026名录（CSV镜像）,,1345,https://www.huvtc.edu.cn/,浙江省湖州市学府路299号,True,,,,,,,,,,,,{},0,,0,
4133012876,绍兴职业技术学院,浙江省,绍兴市,,浙江省,绍兴市,专科,,999999,[],True,教育部2026名录（CSV镜像）,民办,1792,https://www.sxvtc.com/,浙江省绍兴市越城区山阴路526号,True,,,,,,,,,,,,{},0,,0,
4133012877,衢州职业技术学院,浙江省,衢州市,,浙江省,衢州市,专科,,999999,[],False,教育部2026名录（CSV镜像）,,1782,https://www.qzct.net/,浙江省衢州市柯城区白云街道江源路18号,True,,,,,,,,,,,,{},0,,0,
4133012878,丽水职业技术学院,浙江省,丽水市,,浙江省,丽水市,专科,,999999,[],False,教育部2026名录（CSV镜像）,,1783,https://www.lszjy.com/,"白云校区：浙江省丽水市莲都区欣苑街357号,绿谷校区：浙江省丽水市莲都区绿谷大道327号",True,,,,,,,,,,,,{},0,,0,
4133013002,浙江东方职业技术学院,浙江省,温州市,,浙江省,温州市,专科,,999999,[],True,教育部2026名录（CSV镜像）,民办,1798,https://www.zjdfp.edu.cn/,"滨海校区：浙江省温州市龙湾区金海三道433号,文成校区：浙江省温州市文成县南田镇伯温北路1号,甬江校区：浙江省温州市龙湾区甬江路1号,金竹校区：浙江省温州市瓯海区金竹路48号",True,,,,,,,,,,,,{},0,,0,
4133013003,义乌工商职业技术学院,浙江省,金华市,,浙江省,金华市,专科,,999999,[],False,教育部2026名录（CSV镜像）,,1784,https://www.ywicc.edu.cn/,浙江省义乌市学院路2号,True,,,,,,,,,,,,{},0,,0,
4133013025,浙江纺织服装职业技术学院,浙江省,宁波市,,浙江省,宁波市,专科,,999999,[],False,教育部2026名录（CSV镜像）,,1785,https://www.zjff.edu.cn/,浙江省宁波市江北区风华路495号,True,,,,,,,,,,,,{},0,,0,
4133013026,杭州科技职业技术学院,浙江省,杭州市,,浙江省,杭州市,专科,,999999,[],False,教育部2026名录（CSV镜像）,,2378,https://www.hzpt.edu.cn/,"高桥校区：浙江省杭州市富阳高科路198号,严州校区：浙江省杭州市建德梅城镇环城西路52号",True,,,,,,,,,,,,{},0,,0,
4133013027,浙江长征职业技术学院,浙江省,杭州市,,浙江省,杭州市,专科,,999999,[],True,教育部2026名录（CSV镜像）,民办,1795,https://www.zjczxy.cn/,浙江省杭州市西湖区小和山高教园区留和路525号,True,,,,,,,,,,,,{},0,,0,
4133013028,嘉兴南洋职业技术学院,浙江省,嘉兴市,,浙江省,嘉兴市,专科,,999999,[],True,教育部2026名录（CSV镜像）,民办,1797,https://www.jxnyi.edu.cn/?wm=3049_0016,浙江省嘉兴市大德路999号,True,,,,,,,,,,,,{},0,,0,
4133013030,杭州万向职业技术学院,浙江省,杭州市,,浙江省,杭州市,专科,,999999,[],True,教育部2026名录（CSV镜像）,民办,1796,https://www.wxpoly.cn/,"2号校区：浙江省杭州市西湖区花蒋路3号,1号校区：浙江省杭州市西湖区西溪路896号",True,,,,,,,,,,,,{},0,,0,
4133013688,浙江邮电职业技术学院,浙江省,绍兴市,,浙江省,绍兴市,专科,,999999,[],False,教育部2026名录（CSV镜像）,,1786,https://www.zptc.edu.cn/,"绍兴校区：浙江省绍兴市滨海新城开元东路88号,杭州校区：浙江省杭州市拱墅区莫干山路130号",True,,,,,,,,,,,,{},0,,0,
4133013742,宁波卫生职业技术学院,浙江省,宁波市,,浙江省,宁波市,专科,,999999,[],False,教育部2026名录（CSV镜像）,,1787,https://www.nchs.edu.cn/,浙江省宁波市高教园区（南区）学府路51号,True,,,,,,,,,,,,{},0,,0,
4133013746,台州科技职业学院,浙江省,台州市,,浙江省,台州市,专科,,999999,[],False,教育部2026名录（CSV镜像）,,1788,https://www.tzvcst.edu.cn/,浙江省台州市黄岩区嘉木路288号,True,,,,,,,,,,,,{},0,,0,
4133013853,浙江国际海运职业技术学院,浙江省,舟山市,,浙江省,舟山市,专科,,999999,[],False,教育部2026名录（CSV镜像）,,1789,https://www.zimc.cn/,"新城校区：浙江省舟山市临城新区海天大道268号,岱山校区：浙江省舟山市岱山县高亭镇启航路11号",True,,,,,,,,,,,,{},0,,0,
4133013854,浙江体育职业技术学院,浙江省,杭州市,,浙江省,杭州市,专科,,999999,[],False,教育部2026名录（CSV镜像）,,1790,https://www.zjcs.net.cn/,"萧山校区：浙江省杭州市萧山区萧山高教园区弘慧路,教工路校区：浙江省杭州市西湖区教工路49号",True,,,,,,,,,,,,{},0,,0,
4133014088,温州科技职业学院,浙江省,温州市,,浙江省,温州市,专科,,999999,[],False,教育部2026名录（CSV镜像）,,2377,https://www.wzvcst.cn/,浙江省温州市六虹桥路1000号,True,,,,,,,,,,,,{},0,,0,
4133014089,浙江汽车职业技术学院,浙江省,台州市,,浙江省,台州市,专科,,999999,[],True,教育部2026名录（CSV镜像）,民办,2403,http://www.geely.edu.cn/,浙江省临海市大洋街道双林南路589号,True,,,,,,,,,,,,{},0,,0,
4133014090,浙江横店影视职业学院,浙江省,金华市,,浙江省,金华市,专科,,999999,[],True,教育部2026名录（CSV镜像）,民办,1354,http://www.hcft.edu.cn/#/,浙江省东阳市横店镇都督南街138号,True,,,,,,,,,,,,{},0,,0,
4133014269,浙江农业商贸职业学院,浙江省,绍兴市,,浙江省,绍兴市,专科,,999999,[],False,教育部2026名录（CSV镜像）,,3046,https://www.zjabc.edu.cn/,"越城校区：浙江省绍兴市越城区世纪东街770号,柯桥校区：浙江省绍兴市柯桥区平水镇老街",True,,,,,,,,,,,,{},0,,0,
4133014431,浙江特殊教育职业学院,浙江省,杭州市,,浙江省,杭州市,专科,,999999,[],False,教育部2026名录（CSV镜像）,,3208,https://www.zcse.edu.cn/,"小和山校区：浙江省杭州市西湖区留和路527号,天城路校区：浙江省杭州市上城区天城路145号",True,,,,,,,,,,,,{},0,,0,
4133014492,浙江安防职业技术学院,浙江省,温州市,,浙江省,温州市,专科,,999999,[],False,教育部2026名录（CSV镜像）,,3349,https://www.zjcst.edu.cn/,"校本部：浙江省温州市瓯海区瓯海大道2555号,滨海校区：浙江省温州市龙湾区滨海二十三路",True,,,,,,,,,,,,{},0,,0,
4133014703,浙江宇翔职业技术学院,浙江省,湖州市,,浙江省,湖州市,专科,,999999,[],True,教育部2026名录（CSV镜像）,民办,3502,https://www.zjyxxy.com.cn/,浙江安吉灵峰南路438号,True,,,,,,,,,,,,{},0,,0,
4133014746,浙江金华科贸职业技术学院,浙江省,金华市,,浙江省,金华市,专科,,999999,[],True,教育部2026名录（CSV镜像）,民办,3575,https://www.zjjhkm.edu.cn/km_main/,浙江省金华市婺城区丹光东路456号,True,,,,,,,,,,,,{},0,,0,
4133016408,浙江舟山群岛新区旅游与健康职业学院,浙江省,舟山市,,浙江省,舟山市,专科,,999999,[],False,教育部2026名录（CSV镜像）,,3350,https://www.zsthc.com/,浙江省舟山市普陀区朱家尖街道学院路99号,True,,,,,,,,,,,,{},0,,0,
4233050559,宁波幼儿师范高等专科学校,浙江省,宁波市,,浙江省,宁波市,专科,,999999,[],False,教育部2026名录（CSV镜像）,,2905,https://www.ncec.edu.cn/,"杭州湾校区：宁波市前湾新区金慈路316号,宁波校区：浙江省宁波市江北区环城北路西段625号",True,,,,,,,,,,,,{},0,,0,
4133014916,湖州健康职业学院,浙江省,湖州市,,浙江省,湖州市,专科,,999999,[],True,教育部2026名录（CSV镜像）,民办,3787,https://www.hzhvc.com/,浙江省湖州市吴兴区滨湖街道鑫光大道688号,True,,,,,,,,,,,,{},0,,0,
4134010357,安徽大学,安徽省,合肥市,,安徽省,合肥市,本科,101,130,"['211', '双一流']",False,教育部2026名录（CSV镜像）,,67,https://www.ahu.edu.cn/,"磬苑校区：合肥市经济技术开发区九龙路111号,龙河校区：安徽省合肥市蜀山区肥西路3号",True,,,,,,,,,,,"{'rankingId': 'legacy-shanghairanking-bcur', 'edition': '2026', 'sortValue': 130.0, 'label': '2026软科主榜 101', 'sourceUrl': 'https://www.shanghairanking.cn/rankings/bcur/2026', 'legacy': True}",{},0,,0,
4134010358,中国科学技术大学,安徽省,合肥市,,安徽省,合肥市,本科,7,6,"['985', '211', '双一流']",False,教育部2026名录（CSV镜像）,,66,https://www.ustc.edu.cn/,"东校区：安徽省合肥市包河区金寨路96号,西校区：安徽省合肥市蜀山区黄山路443号,南校区：安徽省合肥市包河区徽州大道1129号,中校区：安徽省合肥市蜀山区黄山路373号,北校区：安徽省合肥市蜀山区金寨路96号",True,,,,,,,,,,,"{'rankingId': 'legacy-shanghairanking-bcur', 'edition': '2026', 'sortValue': 6.0, 'label': '2026软科主榜 7', 'sourceUrl': 'https://www.shanghairanking.cn/rankings/bcur/2026', 'legacy': True}","{'qs-wur': {'id': 'RANK_QS_WUR_2027_USTC', 'universityName': '中国科学技术大学', 'rankingId': 'qs-wur', 'agency': 'QS', 'rankingName': 'QS World University Rankings', 'edition': '2027', 'rank': 134, 'rankDisplay': '=134', 'score': 63.9, 'scope': 'world', 'sourceUrl': 'https://www.topuniversities.com/world-university-rankings', 'publishedAt': '2026-06-18', 'retrievedAt': '2026-09-09', 'verified': True, 'uid': '4134010358', 'rankMidpoint': 134.0, 'referenceRankOrRank': 134.0, 'displayLabel': 'QS 2027 =134'}, 'the-wur': {'id': 'RANK_THE_WUR_2026_USTC', 'universityName': '中国科学技术大学', 'rankingId': 'the-wur', 'agency': 'Times Higher Education', 'rankingName': 'World University Rankings', 'edition': '2026', 'rank': 51, 'rankDisplay': '51', 'score': 75.7, 'scope': 'world', 'sourceUrl': 'https://www.timeshighereducation.com/student/best-universities/best-universities-china', 'retrievedAt': '2026-09-09', 'verified': True, 'uid': '4134010358', 'rankMidpoint': 51.0, 'referenceRankOrRank': 51.0, 'displayLabel': 'THE 2026 51'}}",0,,0,
4134010359,合肥工业大学,安徽省,合肥市,,安徽省,合肥市,本科,80,100,"['211', '双一流']",False,教育部2026名录（CSV镜像）,,63,https://www.hfut.edu.cn/,"屯溪路校区：安徽省合肥市包河区屯溪路193号,翡翠湖校区：安徽省合肥市经济技术开发区大学城翡翠路420号",True,,,,,,,,,,,"{'rankingId': 'legacy-shanghairanking-bcur', 'edition': '2026', 'sortValue': 100.0, 'label': '2026软科主榜 80', 'sourceUrl': 'https://www.shanghairanking.cn/rankings/bcur/2026', 'legacy': True}",{},0,,0,
4134010360,安徽工业大学,安徽省,马鞍山市,,安徽省,马鞍山市,本科,193,265,[],False,教育部2026名录（CSV镜像）,,69,https://www.ahut.edu.cn/,"佳山校区：安徽省马鞍山市花山区湖东北路500号,秀山校区：马鞍山市雨山区马向路1530号",True,,,,,,,,,,,"{'rankingId': 'legacy-shanghairanking-bcur', 'edition': '2026', 'sortValue': 265.0, 'label': '2026软科主榜 193', 'sourceUrl': 'https://www.shanghairanking.cn/rankings/bcur/2026', 'legacy': True}",{},0,,0,
4134010361,安徽理工大学,安徽省,淮南市,,安徽省,淮南市,本科,180,249,[],False,教育部2026名录（CSV镜像）,,68,https://www.aust.edu.cn/,"校本部：安徽省淮南市泰丰大街168号,合肥校区：安徽省合肥市双凤工业区凤霞路15号",True,,,,,,,,,,,"{'rankingId': 'legacy-shanghairanking-bcur', 'edition': '2026', 'sortValue': 249.0, 'label': '2026软科主榜 180', 'sourceUrl': 'https://www.shanghairanking.cn/rankings/bcur/2026', 'legacy': True}",{},0,,0,
4134010363,安徽工程大学,安徽省,芜湖市,,安徽省,芜湖市,本科,274,395,[],False,教育部2026名录（CSV镜像）,,316,https://www.ahpu.edu.cn/,"校本部：安徽省芜湖市鸠江区北京中路8号,国际工程师学院校区：安徽省芜湖市经济技术开发区赤铸山东路100号",True,,,,,,,,,,,"{'rankingId': 'legacy-shanghairanking-bcur', 'edition': '2026', 'sortValue': 395.0, 'label': '2026软科主榜 274', 'sourceUrl': 'https://www.shanghairanking.cn/rankings/bcur/2026', 'legacy': True}",{},0,,0,
4134010364,安徽农业大学,安徽省,合肥市,,安徽省,合肥市,本科,143,197,[],False,教育部2026名录（CSV镜像）,,70,https://www.ahau.edu.cn,安徽省合肥市蜀山区长江西路130号,True,,,,,,,,,,,"{'rankingId': 'legacy-shanghairanking-bcur', 'edition': '2026', 'sortValue': 197.0, 'label': '2026软科主榜 143', 'sourceUrl': 'https://www.shanghairanking.cn/rankings/bcur/2026', 'legacy': True}",{},0,,0,
4134010366,安徽医科大学,安徽省,合肥市,,安徽省,合肥市,本科,医14,166,[],False,教育部2026名录（CSV镜像）,,72,https://www.ahmu.edu.cn/,"梅山路校区：安徽省合肥市蜀山区梅山路81号,新医科中心：安徽省合肥市肥西县杭埠河大道2227号,翡翠路校区：安徽省合肥市经济技术开发区翡翠路15号,铜陵路校区：合肥市新站高新技术产业开发区唐河路",True,,,,,,,,,,,"{'rankingId': 'legacy-shanghairanking-bcur', 'edition': '2026', 'sortValue': 166.0, 'label': '2026软科分类标签 医14', 'sourceUrl': 'https://www.shanghairanking.cn/rankings/bcur/2026', 'legacy': True}",{},0,,0,
4134010367,蚌埠医科大学,安徽省,蚌埠市,,安徽省,蚌埠市,本科,医35,413,[],False,教育部2026名录（CSV镜像）,,1022,https://www.bbmc.edu.cn/,"龙子湖校区：安徽省蚌埠市龙子湖区东海大道2600号,治淮校区：安徽省蚌埠市龙子湖区治淮路801号",True,,,,,,,,,,,"{'rankingId': 'legacy-shanghairanking-bcur', 'edition': '2026', 'sortValue': 413.0, 'label': '2026软科分类标签 医35', 'sourceUrl': 'https://www.shanghairanking.cn/rankings/bcur/2026', 'legacy': True}",{},0,,0,
4134010368,皖南医科大学,安徽省,芜湖市,,安徽省,芜湖市,本科,医41,454,[],False,教育部2026名录（CSV镜像）,,325,https://www.wnmc.edu.cn/,"滨江校区北区：安徽省芜湖市弋江区文昌西路22号,滨江校区南区：安徽省芜湖市弋江区文昌西路11号",True,,,,,,,,,,,"{'rankingId': 'legacy-shanghairanking-bcur', 'edition': '2026', 'sortValue': 454.0, 'label': '2026软科分类标签 医41', 'sourceUrl': 'https://www.shanghairanking.cn/rankings/bcur/2026', 'legacy': True}",{},0,,0,
4134010369,安徽中医药大学,安徽省,合肥市,,安徽省,合肥市,本科,中医17,306,[],False,教育部2026名录（CSV镜像）,,1196,https://www.ahtcm.edu.cn/,"少荃湖校区：安徽省合肥市新站区龙子湖路350号,梅山路校区：安徽省合肥市蜀山区梅山路103号,史河路校区：安徽省合肥市蜀山区史河路45号,六安路校区：安徽省合肥市庐阳区寿春路300号",True,,,,,,,,,,,"{'rankingId': 'legacy-shanghairanking-bcur', 'edition': '2026', 'sortValue': 306.0, 'label': '2026软科分类标签 中医17', 'sourceUrl': 'https://www.shanghairanking.cn/rankings/bcur/2026', 'legacy': True}",{},0,,0,
4134010370,安徽师范大学,安徽省,芜湖市,,安徽省,芜湖市,本科,145,201,[],False,教育部2026名录（CSV镜像）,,314,https://www.ahnu.edu.cn/,"赭山校区：安徽省芜湖市北京中路2号,天门山校区：安徽省芜湖市九华北路171号,花津校区：安徽省芜湖市弋江区九华南路189号",True,,,,,,,,,,,"{'rankingId': 'legacy-shanghairanking-bcur', 'edition': '2026', 'sortValue': 201.0, 'label': '2026软科主榜 145', 'sourceUrl': 'https://www.shanghairanking.cn/rankings/bcur/2026', 'legacy': True}",{},0,,0,
4134010371,阜阳师范大学,安徽省,阜阳市,,安徽省,阜阳市,本科,384,570,[],False,教育部2026名录（CSV镜像）,,1023,https://www.fynu.edu.cn/,"西湖校区：安徽省阜阳市颍州区清河西路100号,清河校区：安徽省阜阳市颍州区清河东路741号",True,,,,,,,,,,,"{'rankingId': 'legacy-shanghairanking-bcur', 'edition': '2026', 'sortValue': 570.0, 'label': '2026软科主榜 384', 'sourceUrl': 'https://www.shanghairanking.cn/rankings/bcur/2026', 'legacy': True}",{},0,,0,
4134010372,安庆师范大学,安徽省,安庆市,,安徽省,安庆市,本科,340,503,[],False,教育部2026名录（CSV镜像）,,1024,https://www.aqnu.edu.cn/,"菱湖校区：安徽省安庆市菱湖南路128号,龙山校区：安徽省安庆市集贤北路1318号",True,,,,,,,,,,,"{'rankingId': 'legacy-shanghairanking-bcur', 'edition': '2026', 'sortValue': 503.0, 'label': '2026软科主榜 340', 'sourceUrl': 'https://www.shanghairanking.cn/rankings/bcur/2026', 'legacy': True}",{},0,,0,
4134010373,淮北师范大学,安徽省,淮北市,,安徽省,淮北市,本科,330,488,[],False,教育部2026名录（CSV镜像）,,328,https://www.chnu.edu.cn,"相山校区：安徽省淮北市相山区东山路100号,滨湖校区：安徽省淮北市烈山区沱河东路8号",True,,,,,,,,,,,"{'rankingId': 'legacy-shanghairanking-bcur', 'edition': '2026', 'sortValue': 488.0, 'label': '2026软科主榜 330', 'sourceUrl': 'https://www.shanghairanking.cn/rankings/bcur/2026', 'legacy': True}",{},0,,0,
4134010375,黄山学院,安徽省,黄山市,,安徽省,黄山市,本科,481,685,[],False,教育部2026名录（CSV镜像）,,341,https://www.hsu.edu.cn,"率水校区：安徽省黄山市屯溪区西海路39号,横江校区：安徽省黄山市屯溪区戴震路44号",True,,,,,,,,,,,"{'rankingId': 'legacy-shanghairanking-bcur', 'edition': '2026', 'sortValue': 685.0, 'label': '2026软科主榜 481', 'sourceUrl': 'https://www.shanghairanking.cn/rankings/bcur/2026', 'legacy': True}",{},0,,0,
4134010376,皖西学院,安徽省,六安市,,安徽省,六安市,本科,417,609,[],False,教育部2026名录（CSV镜像）,,337,https://www.wxc.edu.cn,安徽省六安市裕安区鼓楼街道云露桥西月亮岛,True,,,,,,,,,,,"{'rankingId': 'legacy-shanghairanking-bcur', 'edition': '2026', 'sortValue': 609.0, 'label': '2026软科主榜 417', 'sourceUrl': 'https://www.shanghairanking.cn/rankings/bcur/2026', 'legacy': True}",{},0,,0,
4134010377,滁州学院,安徽省,滁州市,,安徽省,滁州市,本科,435,634,[],False,教育部2026名录（CSV镜像）,,1247,https://www.chzu.edu.cn/,"会峰校区：安徽省滁州市琅琊区会峰西路1号,琅琊校区：安徽省滁州市琅琊区琅琊西路2号",True,,,,,,,,,,,"{'rankingId': 'legacy-shanghairanking-bcur', 'edition': '2026', 'sortValue': 634.0, 'label': '2026软科主榜 435', 'sourceUrl': 'https://www.shanghairanking.cn/rankings/bcur/2026', 'legacy': True}",{},0,,0,
4134010378,安徽财经大学,安徽省,蚌埠市,,安徽省,蚌埠市,本科,财17,278,[],False,教育部2026名录（CSV镜像）,,335,https://www.aufe.edu.cn,"龙湖东校区：安徽省蚌埠市龙子湖区曹山路962号,龙湖西校区：安徽省蚌埠市蚌山区宏业路255号",True,,,,,,,,,,,"{'rankingId': 'legacy-shanghairanking-bcur', 'edition': '2026', 'sortValue': 278.0, 'label': '2026软科分类标签 财17', 'sourceUrl': 'https://www.shanghairanking.cn/rankings/bcur/2026', 'legacy': True}",{},0,,0,
4134010379,宿州学院,安徽省,宿州市,,安徽省,宿州市,本科,490,696,[],False,教育部2026名录（CSV镜像）,,1180,https://www.ahszu.edu.cn/,"教育园区校区：安徽省宿州市学府大道1769号,汴河路校区：安徽省宿州市汴河中路49号",True,,,,,,,,,,,"{'rankingId': 'legacy-shanghairanking-bcur', 'edition': '2026', 'sortValue': 696.0, 'label': '2026软科主榜 490', 'sourceUrl': 'https://www.shanghairanking.cn/rankings/bcur/2026', 'legacy': True}",{},0,,0,
4134010380,巢湖学院,安徽省,合肥市,,安徽省,合肥市,本科,479,683,[],False,教育部2026名录（CSV镜像）,,339,https://www.chu.edu.cn,安徽省合肥市巢湖经济开发区半汤路1号,True,,,,,,,,,,,"{'rankingId': 'legacy-shanghairanking-bcur', 'edition': '2026', 'sortValue': 683.0, 'label': '2026软科主榜 479', 'sourceUrl': 'https://www.shanghairanking.cn/rankings/bcur/2026', 'legacy': True}",{},0,,0,
4134010381,淮南师范学院,安徽省,淮南市,,安徽省,淮南市,本科,496,701,[],False,教育部2026名录（CSV镜像）,,333,https://www.hnnu.edu.cn/,"东校区：安徽省淮南市田家庵区学院路278号,泉山校区：安徽省淮南市田家庵区洞山西路",True,,,,,,,,,,,"{'rankingId': 'legacy-shanghairanking-bcur', 'edition': '2026', 'sortValue': 701.0, 'label': '2026软科主榜 496', 'sourceUrl': 'https://www.shanghairanking.cn/rankings/bcur/2026', 'legacy': True}",{},0,,0,
4134010383,铜陵学院,安徽省,铜陵市,,安徽省,铜陵市,本科,财46+,806,[],False,教育部2026名录（CSV镜像）,,340,https://www.tlu.edu.cn/,"翠湖校区：安徽省铜陵市翠湖四路1335号,育秀校区：安徽省铜陵市北京中路297号",True,,,,,,,,,,,"{'rankingId': 'legacy-shanghairanking-bcur', 'edition': '2026', 'sortValue': 806.0, 'label': '2026软科分类标签 财46+', 'sourceUrl': 'https://www.shanghairanking.cn/rankings/bcur/2026', 'legacy': True}",{},0,,0,
4134010878,安徽建筑大学,安徽省,合肥市,,安徽省,合肥市,本科,283,411,[],False,教育部2026名录（CSV镜像）,,322,https://www.ahjzu.edu.cn,"紫云路校区：合肥市经济技术开发区紫云路292号,金寨路校区：合肥市包河区金寨路856号",True,,,,,,,,,,,"{'rankingId': 'legacy-shanghairanking-bcur', 'edition': '2026', 'sortValue': 411.0, 'label': '2026软科主榜 283', 'sourceUrl': 'https://www.shanghairanking.cn/rankings/bcur/2026', 'legacy': True}",{},0,,0,
4134010879,安徽科技工程大学,安徽省,滁州市,,安徽省,滁州市,本科,361,535,[],False,教育部2026名录（CSV镜像）,,331,http://www.ahstu.edu.cn/,"凤阳校区：安徽省滁州市凤阳县东华路9号,滁州校区：滁州市南谯区文慧路999号,蚌埠龙湖校区：安徽省蚌埠市龙龙子湖区黄山大道1501号",True,,,,,,,,,,,"{'rankingId': 'legacy-shanghairanking-bcur', 'edition': '2026', 'sortValue': 535.0, 'label': '2026软科主榜 361', 'sourceUrl': 'https://www.shanghairanking.cn/rankings/bcur/2026', 'legacy': True}",{},0,,0,
4134010959,安徽三联学院,安徽省,合肥市,,安徽省,合肥市,本科,100+,999,[],True,教育部2026名录（CSV镜像）,民办,1847,https://www.slu.edu.cn/,"主校区：安徽省合肥市经济技术开发区合安路47号,亿华校区：安徽省合肥市肥东县东华大道100号",True,,,,,,,,,,,"{'rankingId': 'legacy-shanghairanking-bcur', 'edition': '2026', 'sortValue': 999.0, 'label': '2026软科分类标签 100+', 'sourceUrl': 'https://www.shanghairanking.cn/rankings/bcur/2026', 'legacy': True}",{},0,,0,
4134011059,合肥大学,安徽省,合肥市,,安徽省,合肥市,本科,316,470,[],False,教育部2026名录（CSV镜像）,,338,https://www.hfuu.edu.cn,安徽省合肥市经济技术开发区锦绣大道99号,True,,,,,,,,,,,"{'rankingId': 'legacy-shanghairanking-bcur', 'edition': '2026', 'sortValue': 470.0, 'label': '2026软科主榜 316', 'sourceUrl': 'https://www.shanghairanking.cn/rankings/bcur/2026', 'legacy': True}",{},0,,0,
4134011305,蚌埠学院,安徽省,蚌埠市,,安徽省,蚌埠市,本科,500+,712,[],False,教育部2026名录（CSV镜像）,,1799,https://www.bbc.edu.cn/,安徽省蚌埠市曹山路1866号,True,,,,,,,,,,,"{'rankingId': 'legacy-shanghairanking-bcur', 'edition': '2026', 'sortValue': 712.0, 'label': '2026软科分类标签 500+', 'sourceUrl': 'https://www.shanghairanking.cn/rankings/bcur/2026', 'legacy': True}",{},0,,0,
4134011306,池州学院,安徽省,池州市,,安徽省,池州市,本科,500+,719,[],False,教育部2026名录（CSV镜像）,,1800,https://www.czu.edu.cn/,安徽省池州市教育园区,True,,,,,,,,,,,"{'rankingId': 'legacy-shanghairanking-bcur', 'edition': '2026', 'sortValue': 719.0, 'label': '2026软科分类标签 500+', 'sourceUrl': 'https://www.shanghairanking.cn/rankings/bcur/2026', 'legacy': True}",{},0,,0,
4134012216,安徽新华学院,安徽省,合肥市,,安徽省,合肥市,本科,24,899,[],True,教育部2026名录（CSV镜像）,民办,1848,https://www.axhu.edu.cn/,安徽省合肥市高新区望江西路555号,True,,,,,,,,,,,"{'rankingId': 'legacy-shanghairanking-bcur', 'edition': '2026', 'sortValue': 899.0, 'label': '2026软科主榜 24', 'sourceUrl': 'https://www.shanghairanking.cn/rankings/bcur/2026', 'legacy': True}",{},0,,0,
4134012810,安徽文达信息工程学院,安徽省,合肥市,,安徽省,合肥市,本科,99,996,[],True,教育部2026名录（CSV镜像）,民办,1855,https://www.wenda.edu.cn/index.html,安徽省合肥市紫蓬山风景区森林大道三号,True,,,,,,,,,,,"{'rankingId': 'legacy-shanghairanking-bcur', 'edition': '2026', 'sortValue': 996.0, 'label': '2026软科主榜 99', 'sourceUrl': 'https://www.shanghairanking.cn/rankings/bcur/2026', 'legacy': True}",{},0,,0,
4134012926,亳州学院,安徽省,亳州市,,安徽省,亳州市,本科,500+,713,[],False,教育部2026名录（CSV镜像）,,1519,https://www.bzuu.edu.cn/,"南湖校区：安徽省亳州市高新技术产业开发区汤王大道2266号,文采校区：安徽省亳州市高新技术产业开发区文采路",True,,,,,,,,,,,"{'rankingId': 'legacy-shanghairanking-bcur', 'edition': '2026', 'sortValue': 713.0, 'label': '2026软科分类标签 500+', 'sourceUrl': 'https://www.shanghairanking.cn/rankings/bcur/2026', 'legacy': True}",{},0,,0,
4134013065,安徽外国语学院,安徽省,合肥市,,安徽省,合肥市,本科,语5+,1081,[],True,教育部2026名录（CSV镜像）,民办,2839,http://www.aisu.edu.cn/,安徽省合肥市繁华大道（西）2号,True,,,,,,,,,,,"{'rankingId': 'legacy-shanghairanking-bcur', 'edition': '2026', 'sortValue': 1081.0, 'label': '2026软科分类标签 语5+', 'sourceUrl': 'https://www.shanghairanking.cn/rankings/bcur/2026', 'legacy': True}",{},0,,0,
4134013611,蚌埠工商学院,安徽省,蚌埠市,,安徽省,蚌埠市,本科,财27+,1072,[],True,教育部2026名录（CSV镜像）,民办,2410,https://www.bctb.edu.cn/,安徽省蚌埠市东海大道7100号,True,,,,,,,,,,,"{'rankingId': 'legacy-shanghairanking-bcur', 'edition': '2026', 'sortValue': 1072.0, 'label': '2026软科分类标签 财27+', 'sourceUrl': 'https://www.shanghairanking.cn/rankings/bcur/2026', 'legacy': True}",{},0,,0,
4134013612,合肥理工学院,安徽省,合肥市,,安徽省,合肥市,本科,500+,739,[],False,教育部2026名录（CSV镜像）,,2405,https://www.hfit.edu.cn/,安徽省合肥市巢湖半岛生态科学城治中路6号,True,,,,,,,,,,,"{'rankingId': 'legacy-shanghairanking-bcur', 'edition': '2026', 'sortValue': 739.0, 'label': '2026软科分类标签 500+', 'sourceUrl': 'https://www.shanghairanking.cn/rankings/bcur/2026', 'legacy': True}",{},0,,0,
4134013613,安徽信息工程学院,安徽省,芜湖市,,安徽省,芜湖市,本科,100+,1000,[],True,教育部2026名录（CSV镜像）,民办,2413,https://www.aiit.edu.cn/,安徽省芜湖市湾沚区永和路1号,True,,,,,,,,,,,"{'rankingId': 'legacy-shanghairanking-bcur', 'edition': '2026', 'sortValue': 1000.0, 'label': '2026软科分类标签 100+', 'sourceUrl': 'https://www.shanghairanking.cn/rankings/bcur/2026', 'legacy': True}",{},0,,0,
4134013614,马鞍山学院,安徽省,马鞍山市,,安徽省,马鞍山市,本科,100+,1041,[],True,教育部2026名录（CSV镜像）,民办,2409,https://www.masu.edu.cn/,安徽省马鞍山市当涂县姑孰镇黄池路8号,True,,,,,,,,,,,"{'rankingId': 'legacy-shanghairanking-bcur', 'edition': '2026', 'sortValue': 1041.0, 'label': '2026软科分类标签 100+', 'sourceUrl': 'https://www.shanghairanking.cn/rankings/bcur/2026', 'legacy': True}",{},0,,0,
4134013615,合肥城市学院,安徽省,合肥市,,安徽省,合肥市,本科,100+,1023,[],True,教育部2026名录（CSV镜像）,民办,2412,https://www.cuhf.edu.cn/,"滨湖校区：安徽省合肥市黄麓科教园1号,北城校区：安徽省合肥市金岗大道88号",True,,,,,,,,,,,"{'rankingId': 'legacy-shanghairanking-bcur', 'edition': '2026', 'sortValue': 1023.0, 'label': '2026软科分类标签 100+', 'sourceUrl': 'https://www.shanghairanking.cn/rankings/bcur/2026', 'legacy': True}",{},0,,0,
4134013616,合肥经济学院,安徽省,合肥市,,安徽省,合肥市,本科,财27+,1074,[],True,教育部2026名录（CSV镜像）,民办,2407,https://www.hfue.edu.cn/,"高教基地校区：安徽省合肥市新站区学府路1号,新桥校区：安徽省新站新桥国际产业园丰收大道22号,大学城校区：安徽省合肥市经济技术开发区合安路218号",True,,,,,,,,,,,"{'rankingId': 'legacy-shanghairanking-bcur', 'edition': '2026', 'sortValue': 1074.0, 'label': '2026软科分类标签 财27+', 'sourceUrl': 'https://www.shanghairanking.cn/rankings/bcur/2026', 'legacy': True}",{},0,,0,
4134013617,芜湖学院,安徽省,芜湖市,,安徽省,芜湖市,本科,100+,1064,[],True,教育部2026名录（CSV镜像）,民办,2406,https://www.uwh.edu.cn/,安徽省芜湖市鸠江区苏州路66号,True,,,,,,,,,,,"{'rankingId': 'legacy-shanghairanking-bcur', 'edition': '2026', 'sortValue': 1064.0, 'label': '2026软科分类标签 100+', 'sourceUrl': 'https://www.shanghairanking.cn/rankings/bcur/2026', 'legacy': True}",{},0,,0,
4134013618,安徽医科大学临床医学院,安徽省,合肥市,,安徽省,合肥市,本科,,999999,[],True,教育部2026名录（CSV镜像）,民办,2408,https://www.aycc.edu.cn/,安徽省合肥市蜀山区望江西路1166号,True,,,,,,,,,,,,{},0,,0,
4134013619,阜阳理工学院,安徽省,阜阳市,,安徽省,阜阳市,本科,100+,1005,[],True,教育部2026名录（CSV镜像）,民办,2414,https://fyut.edu.cn/,安徽省阜阳市颍州区阜临路169号,True,,,,,,,,,,,"{'rankingId': 'legacy-shanghairanking-bcur', 'edition': '2026', 'sortValue': 1005.0, 'label': '2026软科分类标签 100+', 'sourceUrl': 'https://www.shanghairanking.cn/rankings/bcur/2026', 'legacy': True}",{},0,,0,
4134013620,淮北理工学院,安徽省,淮北市,,安徽省,淮北市,本科,100+,1025,[],True,教育部2026名录（CSV镜像）,民办,2411,https://www.hblgxy.edu.cn/,安徽省淮北市杜集区高岳街道青年路8号,True,,,,,,,,,,,"{'rankingId': 'legacy-shanghairanking-bcur', 'edition': '2026', 'sortValue': 1025.0, 'label': '2026软科分类标签 100+', 'sourceUrl': 'https://www.shanghairanking.cn/rankings/bcur/2026', 'legacy': True}",{},0,,0,
4134014098,合肥师范学院,安徽省,合肥市,,安徽省,合肥市,本科,414,606,[],False,教育部2026名录（CSV镜像）,,1801,https://www.hfnu.edu.cn/,"三孝口校区：安徽省合肥市金寨路327号,滨湖校区：安徽省合肥市黄麓科教园区书香路,锦绣校区：安徽省合肥市经济技术开发区莲花路1688号",True,,,,,,,,,,,"{'rankingId': 'legacy-shanghairanking-bcur', 'edition': '2026', 'sortValue': 606.0, 'label': '2026软科主榜 414', 'sourceUrl': 'https://www.shanghairanking.cn/rankings/bcur/2026', 'legacy': True}",{},0,,0,
4134014203,皖江工学院,安徽省,马鞍山市,,安徽省,马鞍山市,本科,100+,1057,[],True,教育部2026名录（CSV镜像）,民办,2415,https://www.wjut.edu.cn/,"霍里山校区：安徽省马鞍山市霍里山大道333号,郑蒲港校区：安徽省马鞍山市郑蒲港新区河海中路666号",True,,,,,,,,,,,"{'rankingId': 'legacy-shanghairanking-bcur', 'edition': '2026', 'sortValue': 1057.0, 'label': '2026软科分类标签 100+', 'sourceUrl': 'https://www.shanghairanking.cn/rankings/bcur/2026', 'legacy': True}",{},0,,0,
4134014682,安徽艺术学院,安徽省,合肥市,,安徽省,合肥市,本科,,999999,[],False,教育部2026名录（CSV镜像）,,3461,https://www.ahua.edu.cn/,"丹霞路校区：安徽省合肥市经济技术开发区大学城丹霞路8号,宣城路校区：安徽省合肥市宣城路16号",True,,,,,,,,,,,,{},0,,0,
4134014840,安徽公安学院,安徽省,合肥市,,安徽省,合肥市,本科,,999999,[],False,教育部2026名录（CSV镜像）,,3688,https://www.ahpc.edu.cn/,巢湖市半岛生态科学城治中路1号,True,,,,,,,,,,,,{},0,,0,
4134010869,安徽职业技术大学,安徽省,合肥市,,安徽省,合肥市,本科,,999999,[],False,教育部2026名录（CSV镜像）,,1805,https://www.uta.edu.cn/,安徽省合肥市新站区文忠路2600号,True,,,,,,,,,,,,{},0,,0,
4134011061,芜湖职业技术大学,安徽省,芜湖市,,安徽省,芜湖市,本科,,999999,[],False,教育部2026名录（CSV镜像）,,1807,https://www.whit.edu.cn/,"文津校区：安徽省芜湖市文津西路201号,银湖校区：安徽省芜湖市银湖北路62号,白马校区：安徽省芜湖市长江南路与白马山路交汇处,南陵校区：安徽省芜湖市南陵县龙池路1号",True,,,,,,,,,,,,{},0,,0,
4134012925,安徽第二医学院,安徽省,合肥市,,安徽省,合肥市,本科,,999999,[],False,教育部2026名录（CSV镜像）,,1429,https://www.ahyz.edu.cn/,"新桥校区：安徽省淮南市新桥国际产业园迎宾大道与寿州大道交口,芜湖路校区：安徽省合肥市包河区芜湖路387号,芙蓉路校区：安徽省合肥市蜀山区芙蓉路632号",True,,,,,,,,,,,,{},0,,0,
4134012072,安徽应用技术职业大学,安徽省,芜湖市,,安徽省,芜湖市,本科,,999999,[],False,教育部2026名录（CSV镜像）,,3927,https://www.ahcme.edu.cn/,"校本部：安徽省芜湖市弋江区文昌西路24号,分校区：安徽省芜湖市弋江区高教园区文津西路16号",True,,,,,,,,,,,,{},0,,0,
4134010963,淮北职业技术学院,安徽省,淮北市,,安徽省,淮北市,专科,,999999,[],False,教育部2026名录（CSV镜像）,,1806,https://www.hbtc.edu.cn/,"烈山校区：安徽省淮北市烈山区职教园区元培路1号,相山校区：安徽省淮北市相山区相阳路146号",True,,,,,,,,,,,,{},0,,0,
4134011308,淮南联合大学,安徽省,淮南市,,安徽省,淮南市,专科,,999999,[],False,教育部2026名录（CSV镜像）,,1808,https://www.hnuu.edu.cn/,安徽省淮南市田家庵区洞山西路,True,,,,,,,,,,,,{},0,,0,
4134012073,安徽水利水电职业技术学院,安徽省,合肥市,,安徽省,合肥市,专科,,999999,[],False,教育部2026名录（CSV镜像）,,1810,https://www.ahsdxy.edu.cn/,安徽省合肥市东门合马路18号,True,,,,,,,,,,,,{},0,,0,
4134012074,阜阳职业技术学院,安徽省,阜阳市,,安徽省,阜阳市,专科,,999999,[],False,教育部2026名录（CSV镜像）,,1811,https://www.fyvtc.edu.cn/,安徽省阜阳市清河西路1066号,True,,,,,,,,,,,,{},0,,0,
4134012217,铜陵职业技术学院,安徽省,铜陵市,,安徽省,铜陵市,专科,,999999,[],False,教育部2026名录（CSV镜像）,,1812,http://www.tlpt.edu.cn/,安徽省铜陵市翠湖四路2689号,True,,,,,,,,,,,,{},0,,0,
4134012218,民办万博科技职业学院,安徽省,合肥市,,安徽省,合肥市,专科,,999999,[],True,教育部2026名录（CSV镜像）,民办,1849,https://www.wbc.edu.cn,安徽省淮南市寿县新桥国际产业园阳光大道与公园路交叉口东北侧,True,,,,,,,,,,,,{},0,,0,
4134012219,安徽警官职业学院,安徽省,合肥市,,安徽省,合肥市,专科,,999999,[],False,教育部2026名录（CSV镜像）,,1813,http://www.ahjgxy.edu.cn/,"西校区：安徽省合肥市蜀山区清溪路78号,东校区：安徽省合肥市蜀山区清溪路13号,金安校区：安徽省六安市金安区长淮路6号",True,,,,,,,,,,,,{},0,,0,
4134012220,淮南职业技术学院,安徽省,淮南市,,安徽省,淮南市,专科,,999999,[],False,教育部2026名录（CSV镜像）,,1814,https://www.hnvtc.edu.cn/,"洞山校区：安徽省淮南市田家庵区林场路一号,九龙岗校区：安徽省淮南市大通区九龙岗镇,春申湖校区：安徽省淮南市谢家集区十涧湖西路",True,,,,,,,,,,,,{},0,,0,
4134012334,安徽工业经济职业技术学院,安徽省,合肥市,,安徽省,合肥市,专科,,999999,[],False,教育部2026名录（CSV镜像）,,1815,http://www.ahiec.edu.cn/,安徽省合肥市祁门路66号,True,,,,,,,,,,,,{},0,,0,
4134012410,合肥通用职业技术学院,安徽省,合肥市,,安徽省,合肥市,专科,,999999,[],False,教育部2026名录（CSV镜像）,,1816,http://www.hftyxy.com/,"蜀山校区：合肥市蜀山区长江西路888号,店埠河校区：合肥市肥东县店埠镇长江东路与撮镇路口",True,,,,,,,,,,,,{},0,,0,
4134012811,安徽工贸职业技术学院,安徽省,淮南市,,安徽省,淮南市,专科,,999999,[],False,教育部2026名录（CSV镜像）,,1817,http://www.ahgmedu.cn/,安徽省淮南市国庆西路199号,True,,,,,,,,,,,,{},0,,0,
4134012812,宿州职业技术学院,安徽省,宿州市,,安徽省,宿州市,专科,,999999,[],False,教育部2026名录（CSV镜像）,,1818,https://www.szzy.edu.cn/,安徽省宿州市宿符路,True,,,,,,,,,,,,{},0,,0,
4134012813,六安职业技术学院,安徽省,六安市,,安徽省,六安市,专科,,999999,[],False,教育部2026名录（CSV镜像）,,1819,https://www.lvtc.edu.cn/,安徽省六安市金安区解放北路1488号,True,,,,,,,,,,,,{},0,,0,
4134012814,安徽电子信息职业技术学院,安徽省,蚌埠市,,安徽省,蚌埠市,专科,,999999,[],False,教育部2026名录（CSV镜像）,,1820,https://www.ahdy.edu.cn/,安徽省蚌埠市大学园区曹山路1000号,True,,,,,,,,,,,,{},0,,0,
4134012815,民办合肥经济技术职业学院,安徽省,合肥市,,安徽省,合肥市,专科,,999999,[],True,教育部2026名录（CSV镜像）,民办,1852,https://www.hfet.com/,安徽省合肥市环湖东路中段360号,True,,,,,,,,,,,,{},0,,0,
4134012816,安徽交通职业技术学院,安徽省,合肥市,,安徽省,合肥市,专科,,999999,[],False,教育部2026名录（CSV镜像）,,1821,https://www.acvtc.edu.cn/,"包河校区：安徽省合肥市包河区青年路114号,新桥校区：安徽省新桥国际产业园寿州大道16号",True,,,,,,,,,,,,{},0,,0,
4134012817,安徽体育运动职业技术学院,安徽省,合肥市,,安徽省,合肥市,专科,,999999,[],False,教育部2026名录（CSV镜像）,,1822,http://www.ahty.edu.cn/,安徽省合肥市包河区花园大道595号,True,,,,,,,,,,,,{},0,,0,
4134012924,安徽中医药高等专科学校,安徽省,芜湖市,,安徽省,芜湖市,专科,,999999,[],False,教育部2026名录（CSV镜像）,,1802,https://www.ahzyygz.edu.cn/,安徽省芜湖市乌霞山西路18号,True,,,,,,,,,,,,{},0,,0,
4134013058,合肥职业技术学院,安徽省,合肥市,,安徽省,合肥市,专科,,999999,[],False,教育部2026名录（CSV镜像）,,1823,https://www.htc.edu.cn/,"汇心湖校区：合肥市新站区岱河路2号,巢湖鼓山校区：合肥市巢湖市凤凰山路",True,,,,,,,,,,,,{},0,,0,
4134013059,滁州职业技术学院,安徽省,滁州市,,安徽省,滁州市,专科,,999999,[],False,教育部2026名录（CSV镜像）,,1824,https://www.chzc.edu.cn/,安徽省滁州市丰乐大道2188号,True,,,,,,,,,,,,{},0,,0,
4134013060,池州职业技术学院,安徽省,池州市,,安徽省,池州市,专科,,999999,[],False,教育部2026名录（CSV镜像）,,1825,https://www.czvtc.edu.cn/,安徽省池州市建设西路389号,True,,,,,,,,,,,,{},0,,0,
4134013061,宣城职业技术学院,安徽省,宣城市,,安徽省,宣城市,专科,,999999,[],False,教育部2026名录（CSV镜像）,,1826,https://www.xcvtc.edu.cn/,"敬亭山校区：安徽省宣城市薰化路698号,桃花潭校区：安徽省宣城市泾县泾川镇北郊青狮路1号",True,,,,,,,,,,,,{},0,,0,
4134013062,安徽广播影视职业技术学院,安徽省,合肥市,,安徽省,合肥市,专科,,999999,[],False,教育部2026名录（CSV镜像）,,1827,https://www.amtc.edu.cn/,安徽省合肥市新站区文忠路与学府路交口,True,,,,,,,,,,,,{},0,,0,
4134013064,民办合肥滨湖职业技术学院,安徽省,合肥市,,安徽省,合肥市,专科,,999999,[],True,教育部2026名录（CSV镜像）,民办,2419,https://www.hfbhxy.edu.cn/,安徽省合肥市经济技术开发区方兴大道559号,True,,,,,,,,,,,,{},0,,0,
4134013336,安徽电气工程职业技术学院,安徽省,合肥市,,安徽省,合肥市,专科,,999999,[],False,教育部2026名录（CSV镜像）,,1828,http://www.aepu.com.cn/,安徽省合肥市包河区包河大道56号,True,,,,,,,,,,,,{},0,,0,
4134013337,安徽冶金科技职业学院,安徽省,马鞍山市,,安徽省,马鞍山市,专科,,999999,[],False,教育部2026名录（CSV镜像）,,1829,https://www.avcmt.edu.cn/,"南校区：安徽省马鞍山市湖西南路555号,北校区：安徽省马鞍山市花山区湖南东路750号",True,,,,,,,,,,,,{},0,,0,
4134013338,安徽城市管理职业学院,安徽省,合肥市,,安徽省,合肥市,专科,,999999,[],False,教育部2026名录（CSV镜像）,,1830,https://www.cua.edu.cn/,"新站校区：合肥市新站高新区淮海大道300号,新桥校区：安徽省寿县新桥国际产业园迎宾大道与共建路西南侧,经开校区：安徽省合肥市经济技术开发区耕云路158号",True,,,,,,,,,,,,{},0,,0,
4134013340,安徽工商职业学院,安徽省,合肥市,,安徽省,合肥市,专科,,999999,[],False,教育部2026名录（CSV镜像）,,1832,https://www.ahbvc.edu.cn,"庐阳校区：安徽省合肥市庐阳区北二环砀山路233号,双凤校区：安徽省合肥市双凤经济开发区金宁路北16号",True,,,,,,,,,,,,{},0,,0,
4134013341,安徽中澳科技职业学院,安徽省,合肥市,,安徽省,合肥市,专科,,999999,[],False,教育部2026名录（CSV镜像）,,1833,http://www.acac.edu.cn/,"庐阳校区：安徽省合肥市庐阳区濉溪路312号,新桥校区：安徽省新桥国际产业园迎宾大道199号",True,,,,,,,,,,,,{},0,,0,
4134013342,阜阳科技职业学院,安徽省,阜阳市,,安徽省,阜阳市,专科,,999999,[],True,教育部2026名录（CSV镜像）,民办,1854,http://www.fky.net.cn/,安徽省阜阳市清河西路99号,True,,,,,,,,,,,,{},0,,0,
4134013343,亳州职业技术学院,安徽省,亳州市,,安徽省,亳州市,专科,,999999,[],False,教育部2026名录（CSV镜像）,,1834,https://www.bzy.edu.cn/,安徽省亳州市药都路1625号,True,,,,,,,,,,,,{},0,,0,
4134013344,安徽国防科技职业学院,安徽省,六安市,,安徽省,六安市,专科,,999999,[],False,教育部2026名录（CSV镜像）,,1835,https://www.acdt.edu.cn/,安徽省六安市梅山中路56号,True,,,,,,,,,,,,{},0,,0,
4134013345,安庆职业技术学院,安徽省,安庆市,,安徽省,安庆市,专科,,999999,[],False,教育部2026名录（CSV镜像）,,1836,https://www.aqvtc.edu.cn/,安徽省安庆市天柱山东路99号,True,,,,,,,,,,,,{},0,,0,
4134013346,安徽艺术职业学院,安徽省,合肥市,,安徽省,合肥市,专科,,999999,[],False,教育部2026名录（CSV镜像）,,1837,https://www.artcah.edu.cn/,"宣城路校区：安徽省合肥市包河区宣城路16号,丹霞路校区：安徽省合肥市经济技术开发区丹霞路8号",True,,,,,,,,,,,,{},0,,0,
4134013760,马鞍山师范高等专科学校,安徽省,马鞍山市,,安徽省,马鞍山市,专科,,999999,[],False,教育部2026名录（CSV镜像）,,1803,https://www.massz.edu.cn/,"雨山校区：安徽省马鞍山市雨山区湖西中路85号,滨江校区：安徽省马鞍山市和县禹锡南路369号",True,,,,,,,,,,,,{},0,,0,
4134013845,安徽财贸职业学院,安徽省,合肥市,,安徽省,合肥市,专科,,999999,[],False,教育部2026名录（CSV镜像）,,1838,https://www.afc.edu.cn/,"翡翠校区：安徽省合肥市翡翠路900号,蜀山校区：安徽省合肥市蜀山区望江西路557号,和平校区：安徽省合肥市瑶海区胡岗路13号",True,,,,,,,,,,,,{},0,,0,
4134013846,安徽国际商务职业学院,安徽省,合肥市,,安徽省,合肥市,专科,,999999,[],False,教育部2026名录（CSV镜像）,,1839,https://www.ahiib.edu.cn/main.htm,安徽省合肥市双凤开发区魏武路001号,True,,,,,,,,,,,,{},0,,0,
4134013847,安徽公安职业学院,安徽省,合肥市,,安徽省,合肥市,专科,,999999,[],False,教育部2026名录（CSV镜像）,,,,,True,,,,,,,,,,,,{},0,,0,
4134013848,安徽林业职业技术学院,安徽省,合肥市,,安徽省,合肥市,专科,,999999,[],False,教育部2026名录（CSV镜像）,,1841,https://www.ahlyxy.edu.cn/,"蜀山校区：安徽省合肥市玉兰大道99号,包河校区：安徽省合肥市徽州大道1070号",True,,,,,,,,,,,,{},0,,0,
4134013849,安徽审计职业学院,安徽省,合肥市,,安徽省,合肥市,专科,,999999,[],False,教育部2026名录（CSV镜像）,,1842,https://www.ahsjxy.edu.cn/,"方兴校区：安徽省合肥市经济技术开发区方兴大道509号,包河校区：安徽省合肥市包河区东流路9号",True,,,,,,,,,,,,{},0,,0,
4134013850,安徽新闻出版职业技术学院,安徽省,合肥市,,安徽省,合肥市,专科,,999999,[],False,教育部2026名录（CSV镜像）,,1843,https://www.ahcbxy.edu.cn/,安徽省合肥市经济技术开发区繁华大道220号（明珠广场东1公里）,True,,,,,,,,,,,,{},0,,0,
4134013851,安徽邮电职业技术学院,安徽省,合肥市,,安徽省,合肥市,专科,,999999,[],False,教育部2026名录（CSV镜像）,,1844,https://www.ahptc.cn/cn,安徽省合肥市蜀山区潜山路382号,True,,,,,,,,,,,,{},0,,0,
4134013852,安徽工业职业技术学院,安徽省,铜陵市,,安徽省,铜陵市,专科,,999999,[],False,教育部2026名录（CSV镜像）,,1845,https://www.ahip.cn/,"天井湖校区：安徽省铜陵市长江西路274号,西湖校区：安徽省铜陵市翠湖四路东段3999号",True,,,,,,,,,,,,{},0,,0,
4134014058,民办合肥财经职业学院,安徽省,合肥市,,安徽省,合肥市,专科,,999999,[],True,教育部2026名录（CSV镜像）,民办,1853,https://www.hfcfe.edu.cn/,安徽省合肥市大学城方兴大道998号,True,,,,,,,,,,,,{},0,,0,
4134014096,安庆医药高等专科学校,安徽省,安庆市,,安徽省,安庆市,专科,,999999,[],False,教育部2026名录（CSV镜像）,,1804,https://www.aqmc.edu.cn/,安徽省安庆市宜秀区集贤北路1588号,True,,,,,,,,,,,,{},0,,0,
4134014132,安徽涉外经济职业学院,安徽省,合肥市,,安徽省,合肥市,专科,,999999,[],True,教育部2026名录（CSV镜像）,民办,,,,True,,,,,,,,,,,,{},0,,0,
4134014133,安徽绿海商务职业学院,安徽省,合肥市,,安徽省,合肥市,专科,,999999,[],True,教育部2026名录（CSV镜像）,民办,1851,https://www.lhub.cn/,安徽省合肥市经济技术开发区合安路68号,True,,,,,,,,,,,,{},0,,0,
4134014135,合肥共达职业技术学院,安徽省,合肥市,,安徽省,合肥市,专科,,999999,[],True,教育部2026名录（CSV镜像）,民办,1850,https://www.hfgdxy.cn/,安徽省合肥新站高新技术产业开发区九顶山路68号,True,,,,,,,,,,,,{},0,,0,
4134014137,蚌埠经济技术职业学院,安徽省,蚌埠市,,安徽省,蚌埠市,专科,,999999,[],True,教育部2026名录（CSV镜像）,民办,1857,http://www.bjy.ah.cn,蚌埠市固镇县新马桥镇经济开发区学苑路与惠农大道交叉口,True,,,,,,,,,,,,{},0,,0,
4134014165,民办安徽旅游职业学院,安徽省,阜阳市,,安徽省,阜阳市,专科,,999999,[],True,教育部2026名录（CSV镜像）,民办,,,,True,,,,,,,,,,,,{},0,,0,
4134014191,徽商职业学院,安徽省,合肥市,,安徽省,合肥市,专科,,999999,[],False,教育部2026名录（CSV镜像）,,2404,https://www.hsxy.edu.cn/,"槽郢校区：安徽省合肥市蜀山区槽郢路15号,紫蓬校区：安徽省合肥市紫蓬山森林大道",True,,,,,,,,,,,,{},0,,0,
4134014192,马鞍山职业技术学院,安徽省,马鞍山市,,安徽省,马鞍山市,专科,,999999,[],False,教育部2026名录（CSV镜像）,,1407,https://www.mastc.edu.cn/,安徽省马鞍山市霍里山中路328号,True,,,,,,,,,,,,{},0,,0,
4134014210,安徽现代信息工程职业学院,安徽省,淮南市,,安徽省,淮南市,专科,,999999,[],True,教育部2026名录（CSV镜像）,民办,2420,http://www.ahmodern.cn,安徽省淮南市寿县通淝路,True,,,,,,,,,,,,{},0,,0,
4134014229,安徽矿业职业技术学院,安徽省,淮北市,,安徽省,淮北市,专科,,999999,[],True,教育部2026名录（CSV镜像）,民办,2416,https://www.ahkyzy.edu.cn/,安徽省淮北市相山区鹰山中路22号,True,,,,,,,,,,,,{},0,,0,
4134014230,合肥信息技术职业学院,安徽省,合肥市,,安徽省,合肥市,专科,,999999,[],True,教育部2026名录（CSV镜像）,民办,2418,https://www.hfitu.cn/,安徽省合肥市大学城九龙路115号（安徽大学新校区西门南500米）,True,,,,,,,,,,,,{},0,,0,
4134014273,桐城师范高等专科学校,安徽省,安庆市,,安徽省,安庆市,专科,,999999,[],False,教育部2026名录（CSV镜像）,,2665,https://www.tctc.edu.cn,安徽省桐城市经开区学苑路199号,True,,,,,,,,,,,,{},0,,0,
4134014296,黄山职业技术学院,安徽省,黄山市,,安徽省,黄山市,专科,,999999,[],False,教育部2026名录（CSV镜像）,,2666,https://www.hszy.edu.cn/,安徽省黄山市屯溪区学院路1号,True,,,,,,,,,,,,{},0,,0,
4134014297,滁州城市职业学院,安徽省,滁州市,,安徽省,滁州市,专科,,999999,[],False,教育部2026名录（CSV镜像）,,2667,https://www.czcvc.edu.cn/,安徽省滁州市南谯区醉翁西路101号,True,,,,,,,,,,,,{},0,,0,
4134014298,安徽汽车职业技术学院,安徽省,合肥市,,安徽省,合肥市,专科,,999999,[],False,教育部2026名录（CSV镜像）,,2668,https://www.ahavtc.edu.cn/,"紫云校区：安徽省合肥市经济技术开发区紫云路99号,莲花校区：安徽省合肥经济技术开发区石门路518号",True,,,,,,,,,,,,{},0,,0,
4134014299,皖西卫生职业学院,安徽省,六安市,,安徽省,六安市,专科,,999999,[],False,教育部2026名录（CSV镜像）,,2664,https://www.wahvc.edu.cn,"主校区：安徽省六安市皋城中路406号,裕安校区：安徽省六安市裕安区磨子潭路73号",True,,,,,,,,,,,,{},0,,0,
4134014330,合肥幼儿师范高等专科学校,安徽省,合肥市,,安徽省,合肥市,专科,,999999,[],False,教育部2026名录（CSV镜像）,,3115,https://www.hfpec.edu.cn/,"学林路校区：安徽省合肥市新站高新区学林路1100号,少荃湖校区：安徽省合肥市新站高新区文忠路2299号",True,,,,,,,,,,,,{},0,,0,
4134014342,安徽扬子职业技术学院,安徽省,芜湖市,,安徽省,芜湖市,专科,,999999,[],True,教育部2026名录（CSV镜像）,民办,2923,http://www.ahyzxy.cn/,安徽省芜湖市三山区浮山路68号,True,,,,,,,,,,,,{},0,,0,
4134014378,安徽黄梅戏艺术职业学院,安徽省,安庆市,,安徽省,安庆市,专科,,999999,[],False,教育部2026名录（CSV镜像）,,2922,https://www.hmxxy.edu.cn/hmxxy/,安徽省安庆市宜秀区北部新城凤鸣路8号,True,,,,,,,,,,,,{},0,,0,
4134014418,安徽粮食工程职业学院,安徽省,合肥市,,安徽省,合肥市,专科,,999999,[],False,教育部2026名录（CSV镜像）,,3065,https://www.ahly.edu.cn/,安徽省合肥市瑶海区高教基地学林路2号,True,,,,,,,,,,,,{},0,,0,
4134014419,安徽卫生健康职业学院,安徽省,池州市,,安徽省,池州市,专科,,999999,[],False,教育部2026名录（CSV镜像）,,2921,http://www.ahwsjkxy.edu.cn/,安徽省池州市教育园区学院路9号,True,,,,,,,,,,,,{},0,,0,
4134014420,合肥科技职业学院,安徽省,合肥市,,安徽省,合肥市,专科,,999999,[],True,教育部2026名录（CSV镜像）,民办,3066,https://hfstu.cn/,安徽省合肥市紫蓬山风景区,True,,,,,,,,,,,,{},0,,0,
4134014502,皖北卫生职业学院,安徽省,宿州市,,安徽省,宿州市,专科,,999999,[],False,教育部2026名录（CSV镜像）,,3185,https://www.wbws.edu.cn/,安徽省宿州市埇桥区学府大道1606号,True,,,,,,,,,,,,{},0,,0,
4134014536,阜阳幼儿师范高等专科学校,安徽省,阜阳市,,安徽省,阜阳市,专科,,999999,[],False,教育部2026名录（CSV镜像）,,3256,https://www.fypec.edu.cn/,安徽省阜阳市清河西路259号,True,,,,,,,,,,,,{},0,,0,
4134014704,黄山健康职业学院,安徽省,黄山市,,安徽省,黄山市,专科,,999999,[],True,教育部2026名录（CSV镜像）,民办,3503,https://www.hsvch.edu.cn/,安徽省黄山市休宁县黄山南路28号,True,,,,,,,,,,,,{},0,,0,
4134014747,宿州航空职业学院,安徽省,宿州市,,安徽省,宿州市,专科,,999999,[],True,教育部2026名录（CSV镜像）,民办,3576,https://www.szhkxy.edu.cn/,安徽省宿州市宿马园区马鞍山大道588号,True,,,,,,,,,,,,{},0,,0,
4134014842,芜湖医药健康职业学院,安徽省,芜湖市,,安徽省,芜湖市,专科,,999999,[],True,教育部2026名录（CSV镜像）,民办,3695,http://whyyjkxy.edu.cn/,安徽省芜湖市湾沚区滨湖大道3号,True,,,,,,,,,,,,{},0,,0,
4134014843,芜湖航空职业学院,安徽省,芜湖市,,安徽省,芜湖市,专科,,999999,[],True,教育部2026名录（CSV镜像）,民办,3696,https://www.whavc.com/,安徽省芜湖市湾沚区南湖路2号,True,,,,,,,,,,,,{},0,,0,
4134014844,蚌埠城市轨道交通职业学院,安徽省,蚌埠市,,安徽省,蚌埠市,专科,,999999,[],True,教育部2026名录（CSV镜像）,民办,3697,http://www.bcurt.ac.cn/#/,安徽省蚌埠市淮上区龙华路985号,True,,,,,,,,,,,,{},0,,0,
4134014917,六安应用科技职业学院,安徽省,六安市,,安徽省,六安市,专科,,999999,[],False,教育部2026名录（CSV镜像）,,3788,http://www.lastc.edu.cn/,"六安校区：安徽省六安市金安区长淮路128 号,金寨校区：安徽省金寨县现代产业园区白马峰路30号",True,,,,,,,,,,,,{},0,,0,
4134014957,安徽特殊教育职业学院,安徽省,合肥市,,安徽省,合肥市,专科,,999999,[],False,教育部2026名录（CSV镜像）,,3904,http://www.ahtjzz.cn,,True,,,,,,,,,,,,{},0,,0,
4135010384,厦门大学,福建省,厦门市,,福建省,厦门市,本科,25,25,"['985', '211', '双一流']",False,教育部2026名录（CSV镜像）,,102,https://www.xmu.edu.cn/,"思明校区：福建省厦门市思明区思明南路422号,海韵园区：福建省厦门市思明区厦门软件园对面,漳州校区：福建省漳州招商局经济技术开发区南滨大道300号,翔安校区：福建省厦门市翔安区新店镇翔安南路,马来西亚分校：马来西亚雪兰莪州沙叻丁宜",True,,,,,,,,,,,"{'rankingId': 'legacy-shanghairanking-bcur', 'edition': '2026', 'sortValue': 25.0, 'label': '2026软科主榜 25', 'sourceUrl': 'https://www.shanghairanking.cn/rankings/bcur/2026', 'legacy': True}",{},0,,0,
4135010385,华侨大学,福建省,泉州市,,福建省,泉州市,本科,139,192,[],False,教育部2026名录（CSV镜像）,,465,https://www.hqu.edu.cn/,"泉州校区：福建省泉州市丰泽区城华北路269号,厦门校区：福建省厦门市集美区集美大道668号",True,,,,,,,,,,,"{'rankingId': 'legacy-shanghairanking-bcur', 'edition': '2026', 'sortValue': 192.0, 'label': '2026软科主榜 139', 'sourceUrl': 'https://www.shanghairanking.cn/rankings/bcur/2026', 'legacy': True}",{},0,,0,
4135010386,福州大学,福建省,福州市,,福建省,福州市,本科,77,92,"['211', '双一流']",False,教育部2026名录（CSV镜像）,,103,https://www.fzu.edu.cn/,"旗山校区：福建省福州市闽侯县福州大学城乌龙江北大道2号,铜盘校区：福建省福州市鼓楼区铜盘路软件大道89-1号,集美校区：福建省厦门市集美区理工南路852号,晋江校区：福建省泉州市晋江市金井镇水城路1号",True,,,,,,,,,,,"{'rankingId': 'legacy-shanghairanking-bcur', 'edition': '2026', 'sortValue': 92.0, 'label': '2026软科主榜 77', 'sourceUrl': 'https://www.shanghairanking.cn/rankings/bcur/2026', 'legacy': True}",{},0,,0,
4135010388,福建理工大学,福建省,福州市,,福建省,福州市,本科,275,396,[],False,教育部2026名录（CSV镜像）,,474,https://www.fjut.edu.cn/,"旗山校区：福建省福州市闽侯县上街镇学府南路69号,鼓山校区：福建省福州市晋安区东三环路999号",True,,,,,,,,,,,"{'rankingId': 'legacy-shanghairanking-bcur', 'edition': '2026', 'sortValue': 396.0, 'label': '2026软科主榜 275', 'sourceUrl': 'https://www.shanghairanking.cn/rankings/bcur/2026', 'legacy': True}",{},0,,0,
4135010389,福建农林大学,福建省,福州市,,福建省,福州市,本科,122,163,[],False,教育部2026名录（CSV镜像）,,468,https://www.fafu.edu.cn/,"金山校区：福建省福州市仓山区上下店路15号,旗山校区：福建省福州市闽侯县溪源宫路63号,安溪校区：福建省泉州市安溪县东二环路788号",True,,,,,,,,,,,"{'rankingId': 'legacy-shanghairanking-bcur', 'edition': '2026', 'sortValue': 163.0, 'label': '2026软科主榜 122', 'sourceUrl': 'https://www.shanghairanking.cn/rankings/bcur/2026', 'legacy': True}",{},0,,0,
4135010390,集美大学,福建省,厦门市,,福建省,厦门市,本科,156,215,[],False,教育部2026名录（CSV镜像）,,471,https://www.jmu.edu.cn,福建省厦门市集美区银江路185号,True,,,,,,,,,,,"{'rankingId': 'legacy-shanghairanking-bcur', 'edition': '2026', 'sortValue': 215.0, 'label': '2026软科主榜 156', 'sourceUrl': 'https://www.shanghairanking.cn/rankings/bcur/2026', 'legacy': True}",{},0,,0,
4135010392,福建医科大学,福建省,福州市,,福建省,福州市,本科,医15,170,[],False,教育部2026名录（CSV镜像）,,1020,https://www.fjmu.edu.cn/,"旗山校区：福建省福州市大学新区学府北路1号,乌山校区：福建省福州市交通路88号",True,,,,,,,,,,,"{'rankingId': 'legacy-shanghairanking-bcur', 'edition': '2026', 'sortValue': 170.0, 'label': '2026软科分类标签 医15', 'sourceUrl': 'https://www.shanghairanking.cn/rankings/bcur/2026', 'legacy': True}",{},0,,0,
4135010393,福建中医药大学,福建省,福州市,,福建省,福州市,本科,中医10,243,[],False,教育部2026名录（CSV镜像）,,1021,https://www.fjtcm.edu.cn/,"旗山校区：福建省福州市闽侯县上街邱阳路1号,屏山校区：福建省福州市五四路282号",True,,,,,,,,,,,"{'rankingId': 'legacy-shanghairanking-bcur', 'edition': '2026', 'sortValue': 243.0, 'label': '2026软科分类标签 中医10', 'sourceUrl': 'https://www.shanghairanking.cn/rankings/bcur/2026', 'legacy': True}",{},0,,0,
4135010394,福建师范大学,福建省,福州市,,福建省,福州市,本科,90,115,[],False,教育部2026名录（CSV镜像）,,473,https://www.fjnu.edu.cn/,"仓山校区：福建省福州市仓山区上三路8号,旗山校区：福建省福州市闽侯县上街镇乌龙江中大道18号",True,,,,,,,,,,,"{'rankingId': 'legacy-shanghairanking-bcur', 'edition': '2026', 'sortValue': 115.0, 'label': '2026软科主榜 90', 'sourceUrl': 'https://www.shanghairanking.cn/rankings/bcur/2026', 'legacy': True}",{},0,,0,
4135010395,闽江大学,福建省,福州市,,福建省,福州市,本科,297,440,[],False,教育部2026名录（CSV镜像）,,477,https://www.mju.edu.cn/,"校本部：福建省福州市大学城溪源宫路200号,工业路校区：福建省福州市鼓楼区工业路333号,首山校区：福建省福州市仓山区首山路260号,洪塘校区：福建省福州市仓山区洪塘路40号",True,,,,,,,,,,,"{'rankingId': 'legacy-shanghairanking-bcur', 'edition': '2026', 'sortValue': 440.0, 'label': '2026软科主榜 297', 'sourceUrl': 'https://www.shanghairanking.cn/rankings/bcur/2026', 'legacy': True}",{},0,,0,
4135010397,武夷学院,福建省,南平市,,福建省,南平市,本科,426,624,[],False,教育部2026名录（CSV镜像）,,1858,https://www.wuyiu.edu.cn/,福建省武夷山市百花路358号,True,,,,,,,,,,,"{'rankingId': 'legacy-shanghairanking-bcur', 'edition': '2026', 'sortValue': 624.0, 'label': '2026软科主榜 426', 'sourceUrl': 'https://www.shanghairanking.cn/rankings/bcur/2026', 'legacy': True}",{},0,,0,
4135010398,宁德师范学院,福建省,宁德市,,福建省,宁德市,本科,450,652,[],False,教育部2026名录（CSV镜像）,,1860,http://www.ndnu.edu.cn/,"东侨校区：福建省宁德市东侨经济开发区学院路1号,蕉城校区：福建省宁德市蕉城区蕉城南路98-1号",True,,,,,,,,,,,"{'rankingId': 'legacy-shanghairanking-bcur', 'edition': '2026', 'sortValue': 652.0, 'label': '2026软科主榜 450', 'sourceUrl': 'https://www.shanghairanking.cn/rankings/bcur/2026', 'legacy': True}",{},0,,0,
4135010399,泉州师范学院,福建省,泉州市,,福建省,泉州市,本科,357,531,[],False,教育部2026名录（CSV镜像）,,475,https://www.qztc.edu.cn,"泉州主校区：福建省泉州市丰泽区东海大街398号,南安校区：福建省泉州市南安市码头镇仙美街100号",True,,,,,,,,,,,"{'rankingId': 'legacy-shanghairanking-bcur', 'edition': '2026', 'sortValue': 531.0, 'label': '2026软科主榜 357', 'sourceUrl': 'https://www.shanghairanking.cn/rankings/bcur/2026', 'legacy': True}",{},0,,0,
4135010402,闽南师范大学,福建省,漳州市,,福建省,漳州市,本科,309,461,[],False,教育部2026名录（CSV镜像）,,476,https://www.mnnu.edu.cn/,"北江滨校区：福建省漳州市芗城区县前直街36号,圆山校区：福建省漳州市南靖县圆山大道188号",True,,,,,,,,,,,"{'rankingId': 'legacy-shanghairanking-bcur', 'edition': '2026', 'sortValue': 461.0, 'label': '2026软科主榜 309', 'sourceUrl': 'https://www.shanghairanking.cn/rankings/bcur/2026', 'legacy': True}",{},0,,0,
4135011062,厦门理工学院,福建省,厦门市,,福建省,厦门市,本科,246,348,[],False,教育部2026名录（CSV镜像）,,1061,https://www.xmut.edu.cn/,"集美校区：福建省厦门市集美区理工路600号,思明校区：福建省厦门市思明区思明南路394号",True,,,,,,,,,,,"{'rankingId': 'legacy-shanghairanking-bcur', 'edition': '2026', 'sortValue': 348.0, 'label': '2026软科主榜 246', 'sourceUrl': 'https://www.shanghairanking.cn/rankings/bcur/2026', 'legacy': True}",{},0,,0,
4135011311,三明学院,福建省,三明市,,福建省,三明市,本科,381,564,[],False,教育部2026名录（CSV镜像）,,1261,https://www.fjsmu.edu.cn/,福建省三明市荆东路25号,True,,,,,,,,,,,"{'rankingId': 'legacy-shanghairanking-bcur', 'edition': '2026', 'sortValue': 564.0, 'label': '2026软科主榜 381', 'sourceUrl': 'https://www.shanghairanking.cn/rankings/bcur/2026', 'legacy': True}",{},0,,0,
4135011312,龙岩学院,福建省,龙岩市,,福建省,龙岩市,本科,398,588,[],False,教育部2026名录（CSV镜像）,,1250,https://www.lyun.edu.cn/,福建省龙岩市东肖北路1号,True,,,,,,,,,,,"{'rankingId': 'legacy-shanghairanking-bcur', 'edition': '2026', 'sortValue': 588.0, 'label': '2026软科主榜 398', 'sourceUrl': 'https://www.shanghairanking.cn/rankings/bcur/2026', 'legacy': True}",{},0,,0,
4135011313,福建商学院,福建省,福州市,,福建省,福州市,本科,财46+,800,[],False,教育部2026名录（CSV镜像）,,1861,https://www.fjbu.edu.cn/,"鼓楼校区：福建省福州市鼓楼区黄铺19号,马尾校区：福建省福州市马尾区亭江镇亭江路8号,连江校区：福建省福州市连江县西江滨大道2号",True,,,,,,,,,,,"{'rankingId': 'legacy-shanghairanking-bcur', 'edition': '2026', 'sortValue': 800.0, 'label': '2026软科分类标签 财46+', 'sourceUrl': 'https://www.shanghairanking.cn/rankings/bcur/2026', 'legacy': True}",{},0,,0,
4135011495,福建警察学院,福建省,福州市,,福建省,福州市,本科,政24,579,[],False,教育部2026名录（CSV镜像）,,1859,http://www.fjpsc.edu.cn/,"首山校区：福建省福州市仓山区首山路59号,西二环校区：福州市鼓楼区西二环中路96号,荆溪校区：福州市闽侯县龙山路厚屿210-1号",True,,,,,,,,,,,"{'rankingId': 'legacy-shanghairanking-bcur', 'edition': '2026', 'sortValue': 579.0, 'label': '2026软科分类标签 政24', 'sourceUrl': 'https://www.shanghairanking.cn/rankings/bcur/2026', 'legacy': True}",{},0,,0,
4135011498,莆田学院,福建省,莆田市,,福建省,莆田市,本科,391,581,[],False,教育部2026名录（CSV镜像）,,478,https://www.ptu.edu.cn/,"紫霄校区：福建省莆田市荔城区西天尾镇紫霄东路2121号,学园校区：福建省莆田市城厢区学园中街1133号",True,,,,,,,,,,,"{'rankingId': 'legacy-shanghairanking-bcur', 'edition': '2026', 'sortValue': 581.0, 'label': '2026软科主榜 391', 'sourceUrl': 'https://www.shanghairanking.cn/rankings/bcur/2026', 'legacy': True}",{},0,,0,
4135011784,仰恩大学,福建省,泉州市,,福建省,泉州市,本科,100,998,[],True,教育部2026名录（CSV镜像）,民办,472,https://web.yeu.edu.cn,福建省泉州市洛江区马甲镇仰恩大学,True,,,,,,,,,,,"{'rankingId': 'legacy-shanghairanking-bcur', 'edition': '2026', 'sortValue': 998.0, 'label': '2026软科主榜 100', 'sourceUrl': 'https://www.shanghairanking.cn/rankings/bcur/2026', 'legacy': True}",{},0,,0,
4135012631,厦门医学院,福建省,厦门市,,福建省,厦门市,本科,医48,546,[],False,教育部2026名录（CSV镜像）,,1862,https://www.xmmc.edu.cn/,福建省厦门市集美区灌口中路1999号,True,,,,,,,,,,,"{'rankingId': 'legacy-shanghairanking-bcur', 'edition': '2026', 'sortValue': 546.0, 'label': '2026软科分类标签 医48', 'sourceUrl': 'https://www.shanghairanking.cn/rankings/bcur/2026', 'legacy': True}",{},0,,0,
4135012709,厦门华厦学院,福建省,厦门市,,福建省,厦门市,本科,88,983,[],True,教育部2026名录（CSV镜像）,民办,1897,https://www.hxxy.edu.cn/,福建省厦门市集美文教区天马路288号,True,,,,,,,,,,,"{'rankingId': 'legacy-shanghairanking-bcur', 'edition': '2026', 'sortValue': 983.0, 'label': '2026软科主榜 88', 'sourceUrl': 'https://www.shanghairanking.cn/rankings/bcur/2026', 'legacy': True}",{},0,,0,
4135012710,闽南理工学院,福建省,泉州市,,福建省,泉州市,本科,60,945,[],True,教育部2026名录（CSV镜像）,民办,1895,https://www.mnust.edu.cn/,"宝盖校区：福建省泉州市石狮宝盖风景区龙景路1号,蚶江校区：福建省泉州市石狮厝仔工业区",True,,,,,,,,,,,"{'rankingId': 'legacy-shanghairanking-bcur', 'edition': '2026', 'sortValue': 945.0, 'label': '2026软科主榜 60', 'sourceUrl': 'https://www.shanghairanking.cn/rankings/bcur/2026', 'legacy': True}",{},0,,0,
4135012928,泉州职业技术大学,福建省,泉州市,,福建省,泉州市,本科,,999999,[],True,教育部2026名录（CSV镜像）,民办,1903,https://www.qvtu.edu.cn/,"晋江校区：福建省泉州市晋江市内坑镇大学路,金井校区：福建省泉州市晋江市金井镇职校路1号,泉州校区：福建省泉州市丰泽区坪山路255号",True,,,,,,,,,,,,{},0,,0,
4135012992,闽南科技学院,福建省,泉州市,,福建省,泉州市,本科,100+,1043,[],True,教育部2026名录（CSV镜像）,民办,1892,https://www.mku.edu.cn/,"康美校区：福建省泉州市南安市康美镇康元路8号,江北校区：福建省泉州市南安市美林街道办事处金枝村,美林校区：福建省泉州市南安市柳美南路8号",True,,,,,,,,,,,"{'rankingId': 'legacy-shanghairanking-bcur', 'edition': '2026', 'sortValue': 1043.0, 'label': '2026软科分类标签 100+', 'sourceUrl': 'https://www.shanghairanking.cn/rankings/bcur/2026', 'legacy': True}",{},0,,0,
4135012993,福州工商学院,福建省,福州市,,福建省,福州市,本科,100+,1006,[],True,教育部2026名录（CSV镜像）,民办,1891,https://www.fzgsxy.edu.cn/,福建省福州市永泰葛岭学院路1号,True,,,,,,,,,,,"{'rankingId': 'legacy-shanghairanking-bcur', 'edition': '2026', 'sortValue': 1006.0, 'label': '2026软科分类标签 100+', 'sourceUrl': 'https://www.shanghairanking.cn/rankings/bcur/2026', 'legacy': True}",{},0,,0,
4135013115,厦门工学院,福建省,厦门市,,福建省,厦门市,本科,97,994,[],True,教育部2026名录（CSV镜像）,民办,2421,https://www.xit.edu.cn/,福建省厦门市集美区孙坂南路1251号,True,,,,,,,,,,,"{'rankingId': 'legacy-shanghairanking-bcur', 'edition': '2026', 'sortValue': 994.0, 'label': '2026软科主榜 97', 'sourceUrl': 'https://www.shanghairanking.cn/rankings/bcur/2026', 'legacy': True}",{},0,,0,
4135013468,阳光学院,福建省,福州市,,福建省,福州市,本科,25,901,[],True,教育部2026名录（CSV镜像）,民办,1889,https://www.ygu.edu.cn/,"校本部：福建省福州市经济技术开发区登龙路99号,福州滨海校区：福建省福州市长乐区金滨路999号",True,,,,,,,,,,,"{'rankingId': 'legacy-shanghairanking-bcur', 'edition': '2026', 'sortValue': 901.0, 'label': '2026软科主榜 25', 'sourceUrl': 'https://www.shanghairanking.cn/rankings/bcur/2026', 'legacy': True}",{},0,,0,
4135013469,厦门大学嘉庚学院,福建省,漳州市,,福建省,漳州市,本科,,999999,[],True,教育部2026名录（CSV镜像）,民办,1888,https://www.xujc.com/,建漳州招商局经济技术开发区厦门大学漳州校区嘉庚学院,True,,,,,,,,,,,,{},0,,0,
4135013470,福州大学至诚学院,福建省,福州市,,福建省,福州市,本科,,999999,[],True,教育部2026名录（CSV镜像）,民办,1893,https://www.fdzcxy.edu.cn/,福建省福州市鼓楼区杨桥西路50号,True,,,,,,,,,,,,{},0,,0,
4135013471,集美大学诚毅学院,福建省,厦门市,,福建省,厦门市,本科,,999999,[],True,教育部2026名录（CSV镜像）,民办,1214,https://chengyi.jmu.edu.cn/,福建省厦门市集美区集美大道199号,True,,,,,,,,,,,,{},0,,0,
4135013472,福建师范大学协和学院,福建省,福州市,,福建省,福州市,本科,,999999,[],True,教育部2026名录（CSV镜像）,民办,1890,https://cuc.fjnu.edu.cn/,福建省福州市闽侯上街大学城学府南路68号,True,,,,,,,,,,,,{},0,,0,
4135013762,福州外语外贸学院,福建省,福州市,,福建省,福州市,本科,财3,879,[],True,教育部2026名录（CSV镜像）,民办,2838,https://www.fzfu.com/,"长乐校区：福建省福州市长乐区首占新区育环路28号,滨海校区：福建省福州市长乐区文武砂街道一站利民路128号",True,,,,,,,,,,,"{'rankingId': 'legacy-shanghairanking-bcur', 'edition': '2026', 'sortValue': 879.0, 'label': '2026软科分类标签 财3', 'sourceUrl': 'https://www.shanghairanking.cn/rankings/bcur/2026', 'legacy': True}",{},0,,0,
4135013763,福建江夏学院,福建省,福州市,,福建省,福州市,本科,财42,582,[],False,教育部2026名录（CSV镜像）,,2606,https://www.fjjxu.edu.cn/,福建省福州市溪源宫路2号,True,,,,,,,,,,,"{'rankingId': 'legacy-shanghairanking-bcur', 'edition': '2026', 'sortValue': 582.0, 'label': '2026软科分类标签 财42', 'sourceUrl': 'https://www.shanghairanking.cn/rankings/bcur/2026', 'legacy': True}",{},0,,0,
4135013766,泉州信息工程学院,福建省,泉州市,,福建省,泉州市,本科,35,913,[],True,教育部2026名录（CSV镜像）,民办,1909,https://www.qzuie.edu.cn/,福建省泉州市丰泽区博东路249号,True,,,,,,,,,,,"{'rankingId': 'legacy-shanghairanking-bcur', 'edition': '2026', 'sortValue': 913.0, 'label': '2026软科主榜 35', 'sourceUrl': 'https://www.shanghairanking.cn/rankings/bcur/2026', 'legacy': True}",{},0,,0,
4135013773,福州理工学院,福建省,福州市,,福建省,福州市,本科,100+,1007,[],True,教育部2026名录（CSV镜像）,民办,1913,http://www.fit.edu.cn,"连江校区：福建省福州市连江西江滨大道8号,马尾校区：福建省福州市马尾区仁安路8号",True,,,,,,,,,,,"{'rankingId': 'legacy-shanghairanking-bcur', 'edition': '2026', 'sortValue': 1007.0, 'label': '2026软科分类标签 100+', 'sourceUrl': 'https://www.shanghairanking.cn/rankings/bcur/2026', 'legacy': True}",{},0,,0,
4135014046,福建农林大学金山学院,福建省,福州市,,福建省,福州市,本科,,999999,[],True,教育部2026名录（CSV镜像）,民办,1894,https://jsxy.fafu.edu.cn/main.htm,福建省福州市仓山区上下店路15号,True,,,,,,,,,,,,{},0,,0,
4135014683,福建技术师范学院,福建省,福州市,,福建省,福州市,本科,477,681,[],False,教育部2026名录（CSV镜像）,,3463,https://www.fpnu.edu.cn/,"五马山校区：福建省福清市龙江街道校园新村1号 ,石竹山校区：福建省福清市石竹街道石竹路123号",True,,,,,,,,,,,"{'rankingId': 'legacy-shanghairanking-bcur', 'edition': '2026', 'sortValue': 681.0, 'label': '2026软科主榜 477', 'sourceUrl': 'https://www.shanghairanking.cn/rankings/bcur/2026', 'legacy': True}",{},0,,0,
4135014896,福建福耀科技大学,福建省,福州市,,福建省,福州市,本科,,999999,[],True,教育部2026名录（CSV镜像）,民办,3746,https://www.fyust.edu.cn/,福建省福州高新技术产业开发区智慧大道104号,True,,,,,,,,,,,,{},0,,0,
4135011317,黎明职业大学,福建省,泉州市,,福建省,泉州市,本科,,999999,[],False,教育部2026名录（CSV镜像）,,1506,https://www.lmu.edu.cn,"丰泽校区：福建省泉州市通港西街298号,鲤城校区：福建省泉州市鲤城区中山北路42号",True,,,,,,,,,,,,{},0,,0,
4135011502,福州职业技术大学,福建省,福州市,,福建省,福州市,本科,,999999,[],False,教育部2026名录（CSV镜像）,,1867,https://www.fvti.cn/,"旗山校区：福建省福州市大学城联榕路8号,罗源校区：福建省福州市罗源县松山镇西湾144号,长乐校区：福建省福州市长乐区航城街道里仁工业园区厚德一号",True,,,,,,,,,,,,{},0,,0,
4135010866,福建船政交通职业学院,福建省,福州市,,福建省,福州市,专科,,999999,[],False,教育部2026名录（CSV镜像）,,1864,https://www.fjcpc.edu.cn/,"首山校区：福建省福州市仓山区首山路80号,武夷职教园校区：福建省南平市建阳区童游大街1号船政交通学院职教园,排下校区：福建省福州市仓山区螺州杜园12号",True,,,,,,,,,,,,{},0,,0,
4135011314,漳州职业技术学院,福建省,漳州市,,福建省,漳州市,专科,,999999,[],False,教育部2026名录（CSV镜像）,,1865,https://www.fjzzit.edu.cn/,福建省漳州市芗城区大学路2号,True,,,,,,,,,,,,{},0,,0,
4135011315,闽西职业技术学院,福建省,龙岩市,,福建省,龙岩市,专科,,999999,[],False,教育部2026名录（CSV镜像）,,1866,https://www.mxdx.net/,"校本部：福建省龙岩市新罗区曹溪街道闽大路8号,汀州校区：福建省龙岩市长汀县策武镇稀精工小镇（高德地图：闽西职业技术学院汀州校区）,天马校区：福建省龙岩市新罗区曹溪街道莲南路346号",True,,,,,,,,,,,,{},0,,0,
4135011499,福建华南女子职业学院,福建省,福州市,,福建省,福州市,专科,,999999,[],True,教育部2026名录（CSV镜像）,民办,1899,http://www.hnwomen.com.cn/main.htm,"旗山校区：福建省福州市闽侯县上街镇大学城学府南路66号,高新校区：福建省福州市闽侯县南屿镇新南大道166号,烟台山校区：福建省福州市仓山区乐群路6号",True,,,,,,,,,,,,{},0,,0,
4135012625,福建林业职业技术学院,福建省,南平市,,福建省,南平市,专科,,999999,[],False,教育部2026名录（CSV镜像）,,1868,https://www.fjlzy.com/,"天麟校区：福建省南平市延平区金山路140号,江南校区：福建省南平市延平区海瑞路1号",True,,,,,,,,,,,,{},0,,0,
4135012626,福建信息职业技术学院,福建省,福州市,,福建省,福州市,专科,,999999,[],False,教育部2026名录（CSV镜像）,,1869,https://www.mitu.cn/,"龙腰校区：福建省福州市鼓楼区福飞南路106号,平潭校区：平潭综合实验区麒麟大道西段1号,杜园校区：福建省福州市仓山区螺洲杜园118号",True,,,,,,,,,,,,{},0,,0,
4135012627,福建水利电力职业技术学院,福建省,三明市,,福建省,三明市,专科,,999999,[],False,教育部2026名录（CSV镜像）,,1870,https://www.fjsdxy.com/,"校本部：福建省永安市巴溪大道2199号,福州校区：福建省福州市晋安区连江北路116-1号",True,,,,,,,,,,,,{},0,,0,
4135012628,福建电力职业技术学院,福建省,泉州市,,福建省,泉州市,专科,,999999,[],False,教育部2026名录（CSV镜像）,,1587,http://www.fjdy.net/index.html,"丰泽校区：福建省泉州市丰泽区博东路329号,洛江校区：福建省泉州市洛江区河市镇溪头村洛滨北路",True,,,,,,,,,,,,{},0,,0,
4135012629,厦门海洋职业技术学院,福建省,厦门市,,福建省,厦门市,专科,,999999,[],False,教育部2026名录（CSV镜像）,,1871,https://www.xmoc.edu.cn/,"思明校区：福建省厦门市思明区体育路61号,翔安校区：福建省厦门市翔安区洪钟大道4566号",True,,,,,,,,,,,,{},0,,0,
4135012630,福建农业职业技术学院,福建省,福州市,,福建省,福州市,专科,,999999,[],False,教育部2026名录（CSV镜像）,,1872,https://www.fjny.edu.cn/,"首山校区：福建省福州市仓山区上三路190号,相思岭校区：福州市福清市镜洋镇红星村龟山116号",True,,,,,,,,,,,,{},0,,0,
4135012633,福建卫生职业技术学院,福建省,福州市,,福建省,福州市,专科,,999999,[],False,教育部2026名录（CSV镜像）,,1873,https://www.fjwzy.edu.cn/,福建省福州市闽侯荆溪关口366号,True,,,,,,,,,,,,{},0,,0,
4135012634,泉州医学高等专科学校,福建省,泉州市,,福建省,泉州市,专科,,999999,[],False,教育部2026名录（CSV镜像）,,1863,https://www.qzmc.edu.cn/,"洛江校区：福建省泉州市洛江区安吉路2号,南安校区：福建省南安市罗东镇源昌大道100号",True,,,,,,,,,,,,{},0,,0,
4135012708,福州英华职业学院,福建省,福州市,,福建省,福州市,专科,,999999,[],True,教育部2026名录（CSV镜像）,民办,1896,https://www.fzacc.com/,福建省福州市闽侯荆溪镇荆港路128号,True,,,,,,,,,,,,{},0,,0,
4135012711,泉州纺织服装职业学院,福建省,泉州市,,福建省,泉州市,专科,,999999,[],True,教育部2026名录（CSV镜像）,民办,1898,https://www.qzfzfz.com/,"北校区：福建省石狮市学府路1358号,南校区：福建省石狮市东港路193号",True,,,,,,,,,,,,{},0,,0,
4135012927,泉州华光职业学院,福建省,泉州市,,福建省,泉州市,专科,,999999,[],True,教育部2026名录（CSV镜像）,民办,1912,https://www.hgu.cn/,"台商校区：福建省泉州市台商投资区洛阳大道489号,惠安校区：福建省泉州市惠安县紫山镇聚龙大道",True,,,,,,,,,,,,{},0,,0,
4135013764,闽北职业技术学院,福建省,南平市,,福建省,南平市,专科,,999999,[],False,教育部2026名录（CSV镜像）,,1875,https://www.mbu.cn/,福建省南平市延平区江南新区职教园区海瑞路9号,True,,,,,,,,,,,,{},0,,0,
4135013765,福州黎明职业技术学院,福建省,福州市,,福建省,福州市,专科,,999999,[],True,教育部2026名录（CSV镜像）,民办,1556,https://www.fzlmxy.cn,"地球村校区：福建省福州市闽侯县南屿镇地球村,福屿校区：福建省福州市鼓楼区西二环中路218号",True,,,,,,,,,,,,{},0,,0,
4135013767,厦门演艺职业学院,福建省,厦门市,,福建省,厦门市,专科,,999999,[],True,教育部2026名录（CSV镜像）,民办,1900,https://www.xmyanyi.com/,福建省厦门市翔安区翔安东路1995号,True,,,,,,,,,,,,{},0,,0,
4135013768,厦门华天涉外职业技术学院,福建省,厦门市,,福建省,厦门市,专科,,999999,[],True,教育部2026名录（CSV镜像）,民办,1186,https://www.xmht.com/,厦门市翔安区洪钟大道5088-5200号,True,,,,,,,,,,,,{},0,,0,
4135013769,福州科技职业技术学院,福建省,福州市,,福建省,福州市,专科,,999999,[],True,教育部2026名录（CSV镜像）,民办,1915,https://www.fzstc.com.cn/,"仓山校区：福建省福州市仓山区上下店路60号,大学城校区：福建省福州市闽侯县上街镇红峰村侯官路149号",True,,,,,,,,,,,,{},0,,0,
4135013770,泉州经贸职业技术学院,福建省,泉州市,,福建省,泉州市,专科,,999999,[],False,教育部2026名录（CSV镜像）,,1876,https://www.qzjmc.cn/,福建省泉州市鲤城区南环路1129号,True,,,,,,,,,,,,{},0,,0,
4135013772,湄洲湾职业技术学院,福建省,莆田市,,福建省,莆田市,专科,,999999,[],False,教育部2026名录（CSV镜像）,,1878,https://www.fjmzw.com/,"涵江校区：福建省莆田市涵江区梧塘镇荔涵东大道1001号,仙游校区：福建省莆田市仙游县城区鲤北学府路新师范路1号",True,,,,,,,,,,,,{},0,,0,
4135013969,福建生物工程职业技术学院,福建省,福州市,,福建省,福州市,专科,,999999,[],False,教育部2026名录（CSV镜像）,,1879,https://www.fjvcb.cn/,"洪山桥校区：福建省福州市仓山区建新镇劳光村中店42号,铜盘校区：福建省福州市鼓楼区铜盘路软件大道89号",True,,,,,,,,,,,,{},0,,0,
4135013970,福建艺术职业学院,福建省,福州市,,福建省,福州市,专科,,999999,[],False,教育部2026名录（CSV镜像）,,1880,http://www.fjyszyxy.com,福州市闽侯县甘蔗街道学院路8号（闽侯市民广场旁）,True,,,,,,,,,,,,{},0,,0,
4135013972,福建幼儿师范高等专科学校,福建省,福州市,,福建省,福州市,专科,,999999,[],False,教育部2026名录（CSV镜像）,,2970,http://www.fjys.edu.cn,"仓山校区：福建省福州市仓山区长安路89号,金山校区：福建省福州市仓山区建新镇金山浦上工业集中区鼓楼园15号,白马校区：福建省福州市白马北路勺园里49号",True,,,,,,,,,,,,{},0,,0,
4135013973,厦门城市职业学院,福建省,厦门市,,福建省,厦门市,专科,,999999,[],False,教育部2026名录（CSV镜像）,,1881,https://www.xmcu.edu.cn/,福建省厦门市思明区前埔南路1263号,True,,,,,,,,,,,,{},0,,0,
4135013975,泉州工艺美术职业学院,福建省,泉州市,,福建省,泉州市,专科,,999999,[],False,教育部2026名录（CSV镜像）,,1882,https://www.qzgymy.cn/,福建省泉州市德化县城关学府路100号,True,,,,,,,,,,,,{},0,,0,
4135013976,三明医学科技职业学院,福建省,三明市,,福建省,三明市,专科,,999999,[],False,教育部2026名录（CSV镜像）,,1883,https://www.smykzy.cn/,"三元校区：福建省三明市三元区高岩路6号,生态新城校区：三明市沙县区金桥南路1号",True,,,,,,,,,,,,{},0,,0,
4135013977,宁德职业技术学院,福建省,宁德市,,福建省,宁德市,专科,,999999,[],False,教育部2026名录（CSV镜像）,,1884,https://www.ndzy.cn/,福建省宁德市福安福泰路232号,True,,,,,,,,,,,,{},0,,0,
4135013978,福州软件职业技术学院,福建省,福州市,,福建省,福州市,专科,,999999,[],True,教育部2026名录（CSV镜像）,民办,1914,https://www.fzrjxy.com/,"文岭校区：福建省福州市长乐区滨海大道999号,文武砂校区：福建省福州市长乐区文武砂街道东漳路8号",True,,,,,,,,,,,,{},0,,0,
4135013979,厦门兴才职业技术学院,福建省,厦门市,,福建省,厦门市,专科,,999999,[],True,教育部2026名录（CSV镜像）,民办,1908,http://www.xmxc.com,福建省厦门市集美区后溪镇兴溪路879-889号,True,,,,,,,,,,,,{},0,,0,
4135014059,厦门软件职业技术学院,福建省,厦门市,,福建省,厦门市,专科,,999999,[],True,教育部2026名录（CSV镜像）,民办,1907,https://www.xmist.edu.cn/,福建省厦门市集美区孙坂南路1199号,True,,,,,,,,,,,,{},0,,0,
4135014060,福建体育职业技术学院,福建省,福州市,,福建省,福州市,专科,,999999,[],False,教育部2026名录（CSV镜像）,,1885,http://www.fjipe.cn,福建省福州市鼓楼区福飞南路151号,True,,,,,,,,,,,,{},0,,0,
4135014110,漳州城市职业学院,福建省,漳州市,,福建省,漳州市,专科,,999999,[],False,教育部2026名录（CSV镜像）,,1886,https://www.zcvc.cn/,福建省漳州市芗城区西洋坪路27号,True,,,,,,,,,,,,{},0,,0,
4135014111,厦门南洋职业学院,福建省,厦门市,,福建省,厦门市,专科,,999999,[],True,教育部2026名录（CSV镜像）,民办,1904,https://www.ny2000.com/,福建省厦门市翔安文教区洪钟大道5068号,True,,,,,,,,,,,,{},0,,0,
4135014112,厦门东海职业技术学院,福建省,厦门市,,福建省,厦门市,专科,,999999,[],True,教育部2026名录（CSV镜像）,民办,1906,http://www.xmdh.com/,福建省厦门市同安文教区五显中路280号,True,,,,,,,,,,,,{},0,,0,
4135014113,漳州科技职业学院,福建省,漳州市,,福建省,漳州市,专科,,999999,[],True,教育部2026名录（CSV镜像）,民办,1905,https://www.tfzzkj.cn/,福建省漳州市国道324线 （厦深高铁漳浦站）旁,True,,,,,,,,,,,,{},0,,0,
4135014115,漳州理工职业学院,福建省,漳州市,,福建省,漳州市,专科,,999999,[],True,教育部2026名录（CSV镜像）,民办,1911,https://www.zzlg.org/,"龙文校区：福建省漳州市龙文区鹤鸣路1号,南靖校区：福建省漳州市南靖县319线186号",True,,,,,,,,,,,,{},0,,0,
4135014116,武夷山职业学院,福建省,南平市,,福建省,南平市,专科,,999999,[],True,教育部2026名录（CSV镜像）,民办,1901,https://www.wyszyxy.com/,"校本部：福建省南平市武夷山市百花路360号,建州校区：福建省南平市建瓯市建州新区状元路23号",True,,,,,,,,,,,,{},0,,0,
4135014117,漳州卫生职业学院,福建省,漳州市,,福建省,漳州市,专科,,999999,[],False,教育部2026名录（CSV镜像）,,1887,https://www.zzwzy.edu.cn/,福建省漳州市芗城区西洋坪路29号,True,,,,,,,,,,,,{},0,,0,
4135014231,泉州海洋职业学院,福建省,泉州市,,福建省,泉州市,专科,,999999,[],True,教育部2026名录（CSV镜像）,民办,1902,https://www.qzoi.edu.cn/,福建省石狮市祥芝镇古浮二十区1号,True,,,,,,,,,,,,{},0,,0,
4135014232,泉州轻工职业学院,福建省,泉州市,,福建省,泉州市,专科,,999999,[],True,教育部2026名录（CSV镜像）,民办,2422,http://www.qzqgxy.com,福建省泉州市晋江博览大道,True,,,,,,,,,,,,{},0,,0,
4135014257,厦门安防科技职业学院,福建省,厦门市,,福建省,厦门市,专科,,999999,[],True,教育部2026名录（CSV镜像）,民办,2423,http://www.xmafkj.com/,福建省厦门市翔安区翔安南路3000号,True,,,,,,,,,,,,{},0,,0,
4135014331,泉州幼儿师范高等专科学校,福建省,泉州市,,福建省,泉州市,专科,,999999,[],False,教育部2026名录（CSV镜像）,,2954,https://www.qzygz.edu.cn/,"校本部：福建省泉州市丰泽区嘉祥路801号,永春校区：福建省泉州市永春县城北环路389号",True,,,,,,,,,,,,{},0,,0,
4135014490,闽江师范高等专科学校,福建省,福州市,,福建省,福州市,专科,,999999,[],False,教育部2026名录（CSV镜像）,,3282,http://www.fzmjtc.cn/,"旗山校区：福建省福州市上街大学城学府南路1号,仓山校区：福建省福州市仓山区城门镇城山100号,福清校区：福建省福清市海口镇新山路1号",True,,,,,,,,,,,,{},0,,0,
4135014503,泉州工程职业技术学院,福建省,泉州市,,福建省,泉州市,专科,,999999,[],True,教育部2026名录（CSV镜像）,民办,3352,http://qzgcu.com/,泉州市南安科技教育园区彬星988号（南安一中校区对面）,True,,,,,,,,,,,,{},0,,0,
4135016411,福州墨尔本理工职业学院,福建省,福州市,,福建省,福州市,专科,,999999,[],False,教育部2026名录（CSV镜像）,中外合作办学及内地与港澳合作办学,3259,https://www.fmp.edu.cn/,福建省福州大学城联榕路9号,True,,,,,,,,,,,,{},0,,0,
4135014918,集美工业职业学院,福建省,厦门市,,福建省,厦门市,专科,,999999,[],False,教育部2026名录（CSV镜像）,,3766,https://zs.jmivc.cn/,厦门市集美区杏前路22号,True,,,,,,,,,,,,{},0,,0,
4136010403,南昌大学,江西省,南昌市,,江西省,南昌市,本科,74,89,"['211', '双一流']",False,教育部2026名录（CSV镜像）,,108,https://www.ncu.edu.cn/,"前湖校区：江西省南昌市红谷滩区学府大道999号,青山湖校区：江西省南昌市青山湖区南京东路235号,东湖校区：江西省南昌市东湖区八一大道461号",True,,,,,,,,,,,"{'rankingId': 'legacy-shanghairanking-bcur', 'edition': '2026', 'sortValue': 89.0, 'label': '2026软科主榜 74', 'sourceUrl': 'https://www.shanghairanking.cn/rankings/bcur/2026', 'legacy': True}",{},0,,0,
4136010404,华东交通大学,江西省,南昌市,,江西省,南昌市,本科,194,267,[],False,教育部2026名录（CSV镜像）,,157,https://www.ecjtu.edu.cn/,江西省南昌市新建区白水湖管理处经济技术开发区双港东大街808号,True,,,,,,,,,,,"{'rankingId': 'legacy-shanghairanking-bcur', 'edition': '2026', 'sortValue': 267.0, 'label': '2026软科主榜 194', 'sourceUrl': 'https://www.shanghairanking.cn/rankings/bcur/2026', 'legacy': True}",{},0,,0,
4136010405,东华理工大学,江西省,抚州市,,江西省,抚州市,本科,229,321,[],False,教育部2026名录（CSV镜像）,,176,https://www.ecut.edu.cn/,"南昌校区：江西省南昌市经开区广兰大道418号,抚州校区：江西省抚州市临川区学府路56号",True,,,,,,,,,,,"{'rankingId': 'legacy-shanghairanking-bcur', 'edition': '2026', 'sortValue': 321.0, 'label': '2026软科主榜 229', 'sourceUrl': 'https://www.shanghairanking.cn/rankings/bcur/2026', 'legacy': True}",{},0,,0,
4136010406,南昌航空大学,江西省,南昌市,,江西省,南昌市,本科,181,250,[],False,教育部2026名录（CSV镜像）,,177,https://www.nchu.edu.cn/,"前湖校区：江西省南昌市红谷滩新区丰和南大道696号,上海路校区：江西省南昌市青山湖区上海路173号,共青城校区（科技学院）：江西省九江市共青城市青年大道69号",True,,,,,,,,,,,"{'rankingId': 'legacy-shanghairanking-bcur', 'edition': '2026', 'sortValue': 250.0, 'label': '2026软科主榜 181', 'sourceUrl': 'https://www.shanghairanking.cn/rankings/bcur/2026', 'legacy': True}",{},0,,0,
4136010407,江西理工大学,江西省,赣州市,,江西省,赣州市,本科,202,277,[],False,教育部2026名录（CSV镜像）,,165,https://www.jxust.edu.cn/,"三江校区：江西省赣州市南康区客家大道1958号,红旗校区：江西省赣州市章贡区红旗大道86号,黄金校区：江西省赣州市章贡区客家大道156号,南昌校区：江西省南昌市昌北开发区双港东大街1180号",True,,,,,,,,,,,"{'rankingId': 'legacy-shanghairanking-bcur', 'edition': '2026', 'sortValue': 277.0, 'label': '2026软科主榜 202', 'sourceUrl': 'https://www.shanghairanking.cn/rankings/bcur/2026', 'legacy': True}",{},0,,0,
4136010408,景德镇陶瓷大学,江西省,景德镇市,,江西省,景德镇市,本科,321,476,[],False,教育部2026名录（CSV镜像）,,183,https://www.jci.edu.cn/,"新厂校区：江西景德镇市珠山区陶阳南路27号,湘湖校区：江西省景德镇市湘湖路99号",True,,,,,,,,,,,"{'rankingId': 'legacy-shanghairanking-bcur', 'edition': '2026', 'sortValue': 476.0, 'label': '2026软科主榜 321', 'sourceUrl': 'https://www.shanghairanking.cn/rankings/bcur/2026', 'legacy': True}",{},0,,0,
4136010410,江西农业大学,江西省,南昌市,,江西省,南昌市,本科,207,284,[],False,教育部2026名录（CSV镜像）,,172,https://www.jxau.edu.cn/,"南北校区：江西省南昌市经济技术开发区志敏大道1101号,东校区：江西省南昌市新建区庐山中大道888号",True,,,,,,,,,,,"{'rankingId': 'legacy-shanghairanking-bcur', 'edition': '2026', 'sortValue': 284.0, 'label': '2026软科主榜 207', 'sourceUrl': 'https://www.shanghairanking.cn/rankings/bcur/2026', 'legacy': True}",{},0,,0,
4136010412,江西中医药大学,江西省,南昌市,,江西省,南昌市,本科,中医13,275,[],False,教育部2026名录（CSV镜像）,,185,https://www.jxutcm.edu.cn/,"湾里校区：江西省南昌市新建区梅岭大道1688号,阳明校区：江西省南昌市东湖区阳明路56号,抚生校区：江西省南昌市西湖区抚生路666号",True,,,,,,,,,,,"{'rankingId': 'legacy-shanghairanking-bcur', 'edition': '2026', 'sortValue': 275.0, 'label': '2026软科分类标签 中医13', 'sourceUrl': 'https://www.shanghairanking.cn/rankings/bcur/2026', 'legacy': True}",{},0,,0,
4136010413,赣南医科大学,江西省,赣州市,,江西省,赣州市,本科,医40,447,[],False,教育部2026名录（CSV镜像）,,195,https://gmu.cn,"蓉江校区：江西省赣州市章贡区和谐大道1号,龙南校区：江西省赣州市龙南市外环路1号,章贡校区：江西省赣州市章贡区医学院路1号",True,,,,,,,,,,,"{'rankingId': 'legacy-shanghairanking-bcur', 'edition': '2026', 'sortValue': 447.0, 'label': '2026软科分类标签 医40', 'sourceUrl': 'https://www.shanghairanking.cn/rankings/bcur/2026', 'legacy': True}",{},0,,0,
4136010414,江西师范大学,江西省,南昌市,,江西省,南昌市,本科,126,169,[],False,教育部2026名录（CSV镜像）,,174,https://www.jxnu.edu.cn/,"瑶湖校区：江西省南昌市紫阳大道99号,青山湖校区（科学技术学院）：江西省南昌市北京西路437号",True,,,,,,,,,,,"{'rankingId': 'legacy-shanghairanking-bcur', 'edition': '2026', 'sortValue': 169.0, 'label': '2026软科主榜 126', 'sourceUrl': 'https://www.shanghairanking.cn/rankings/bcur/2026', 'legacy': True}",{},0,,0,
4136010416,上饶师范学院,江西省,上饶市,,江西省,上饶市,本科,457,659,[],False,教育部2026名录（CSV镜像）,,186,http://www.sru.edu.cn/,"校本部：江西省上饶市信州区志敏大道401号,弋阳校区：江西省上饶市弋阳县弋江街道式平路21号",True,,,,,,,,,,,"{'rankingId': 'legacy-shanghairanking-bcur', 'edition': '2026', 'sortValue': 659.0, 'label': '2026软科主榜 457', 'sourceUrl': 'https://www.shanghairanking.cn/rankings/bcur/2026', 'legacy': True}",{},0,,0,
4136010417,宜春学院,江西省,宜春市,,江西省,宜春市,本科,431,629,[],False,教育部2026名录（CSV镜像）,,192,https://www.jxycu.edu.cn/,"校本部：江西省宜春市袁州区学府路576号,厚德校区：江西省宜春市袁州区厚德路6号,北校区：江西省宜春市袁州区宜春北路128号",True,,,,,,,,,,,"{'rankingId': 'legacy-shanghairanking-bcur', 'edition': '2026', 'sortValue': 629.0, 'label': '2026软科主榜 431', 'sourceUrl': 'https://www.shanghairanking.cn/rankings/bcur/2026', 'legacy': True}",{},0,,0,
4136010418,赣南师范大学,江西省,赣州市,,江西省,赣州市,本科,252,355,[],False,教育部2026名录（CSV镜像）,,189,https://www.gnnu.edu.cn/,"蓉江校区：江西省赣州市蓉江新区师大南路1号,章贡校区：赣州市章贡区红旗大道61号,白塔（大学科技园）校区：江西省赣州市章贡区狮子岩大道",True,,,,,,,,,,,"{'rankingId': 'legacy-shanghairanking-bcur', 'edition': '2026', 'sortValue': 355.0, 'label': '2026软科主榜 252', 'sourceUrl': 'https://www.shanghairanking.cn/rankings/bcur/2026', 'legacy': True}",{},0,,0,
4136010419,井冈山大学,江西省,吉安市,,江西省,吉安市,本科,351,521,[],False,教育部2026名录（CSV镜像）,,197,https://www.jgsu.edu.cn/,"青原校区：江西省吉安市青原区学苑路28号,吉福校区：江西省吉安市吉州区吉福路23号,长岗校区：江西省吉安市吉州区长岗北路25号",True,,,,,,,,,,,"{'rankingId': 'legacy-shanghairanking-bcur', 'edition': '2026', 'sortValue': 521.0, 'label': '2026软科主榜 351', 'sourceUrl': 'https://www.shanghairanking.cn/rankings/bcur/2026', 'legacy': True}",{},0,,0,
4136010421,江西财经大学,江西省,南昌市,,江西省,南昌市,本科,财7,131,[],False,教育部2026名录（CSV镜像）,,175,https://www.jxufe.edu.cn/,"蛟桥园校区：江西省南昌市昌北国家经济技术开发区双港东大街169号,麦庐园校区：江西省南昌市昌北国家经济技术开发区玉屏大道,枫林园校区：江西省南昌市昌北国家经济技术开发区枫林大道632号,青山园校区：江西省南昌市青山南路596号",True,,,,,,,,,,,"{'rankingId': 'legacy-shanghairanking-bcur', 'edition': '2026', 'sortValue': 131.0, 'label': '2026软科分类标签 财7', 'sourceUrl': 'https://www.shanghairanking.cn/rankings/bcur/2026', 'legacy': True}",{},0,,0,
4136010846,江西科技学院,江西省,南昌市,,江西省,南昌市,本科,66,959,[],True,教育部2026名录（CSV镜像）,民办,869,https://www.jxut.edu.cn/,江西省南昌市高新区紫阳大道115号江西科技学院,True,,,,,,,,,,,"{'rankingId': 'legacy-shanghairanking-bcur', 'edition': '2026', 'sortValue': 959.0, 'label': '2026软科主榜 66', 'sourceUrl': 'https://www.shanghairanking.cn/rankings/bcur/2026', 'legacy': True}",{},0,,0,
4136010894,景德镇学院,江西省,景德镇市,,江西省,景德镇市,本科,500+,750,[],False,教育部2026名录（CSV镜像）,,889,https://www.jdzu.edu.cn/,江西省景德镇市浮梁县浮梁大道3号,True,,,,,,,,,,,"{'rankingId': 'legacy-shanghairanking-bcur', 'edition': '2026', 'sortValue': 750.0, 'label': '2026软科分类标签 500+', 'sourceUrl': 'https://www.shanghairanking.cn/rankings/bcur/2026', 'legacy': True}",{},0,,0,
4136010895,萍乡学院,江西省,萍乡市,,江西省,萍乡市,本科,500+,759,[],False,教育部2026名录（CSV镜像）,,888,https://www.pxc.jx.cn/,江西省萍乡市萍安北大道211号,True,,,,,,,,,,,"{'rankingId': 'legacy-shanghairanking-bcur', 'edition': '2026', 'sortValue': 759.0, 'label': '2026软科分类标签 500+', 'sourceUrl': 'https://www.shanghairanking.cn/rankings/bcur/2026', 'legacy': True}",{},0,,0,
4136011318,江西科技师范大学,江西省,南昌市,,江西省,南昌市,本科,324,480,[],False,教育部2026名录（CSV镜像）,,190,https://www.jxstnu.edu.cn/,"红角洲校区：江西省南昌市红角洲学府大道589号,枫林校区：江西省南昌市昌北经济开发区枫林大道605号",True,,,,,,,,,,,"{'rankingId': 'legacy-shanghairanking-bcur', 'edition': '2026', 'sortValue': 480.0, 'label': '2026软科主榜 324', 'sourceUrl': 'https://www.shanghairanking.cn/rankings/bcur/2026', 'legacy': True}",{},0,,0,
4136011319,江西水利电力大学,江西省,南昌市,,江西省,南昌市,本科,348,518,[],False,教育部2026名录（CSV镜像）,,867,https://www.juwp.edu.cn/,"瑶湖校区：江西省南昌市高新技术开发区天祥大道289号,彭家桥校区：江西省南昌市青山湖区北京东路59号",True,,,,,,,,,,,"{'rankingId': 'legacy-shanghairanking-bcur', 'edition': '2026', 'sortValue': 518.0, 'label': '2026软科主榜 348', 'sourceUrl': 'https://www.shanghairanking.cn/rankings/bcur/2026', 'legacy': True}",{},0,,0,
4136011504,江西警察学院,江西省,南昌市,,江西省,南昌市,本科,政30,689,[],False,教育部2026名录（CSV镜像）,,874,https://www.jxga.edu.cn/,江西省南昌市新建区梅岭大道1666号,True,,,,,,,,,,,"{'rankingId': 'legacy-shanghairanking-bcur', 'edition': '2026', 'sortValue': 689.0, 'label': '2026软科分类标签 政30', 'sourceUrl': 'https://www.shanghairanking.cn/rankings/bcur/2026', 'legacy': True}",{},0,,0,
4136011508,新余学院,江西省,新余市,,江西省,新余市,本科,500+,787,[],False,教育部2026名录（CSV镜像）,,891,https://www.xyc.edu.cn/index.htm#banner,江西省新余市高新区阳光大道2666号,True,,,,,,,,,,,"{'rankingId': 'legacy-shanghairanking-bcur', 'edition': '2026', 'sortValue': 787.0, 'label': '2026软科分类标签 500+', 'sourceUrl': 'https://www.shanghairanking.cn/rankings/bcur/2026', 'legacy': True}",{},0,,0,
4136011843,九江学院,江西省,九江市,,江西省,九江市,本科,473,677,[],False,教育部2026名录（CSV镜像）,,194,https://www.jju.edu.cn,"主校区：江西省九江市前进东路551号,浔东校区：江西省九江市浔阳东路320号,庐峰校区：江西省九江市浔阳区庐峰路17号",True,,,,,,,,,,,"{'rankingId': 'legacy-shanghairanking-bcur', 'edition': '2026', 'sortValue': 677.0, 'label': '2026软科主榜 473', 'sourceUrl': 'https://www.shanghairanking.cn/rankings/bcur/2026', 'legacy': True}",{},0,,0,
4136012766,江西工程学院,江西省,新余市,,江西省,新余市,本科,81,975,[],True,教育部2026名录（CSV镜像）,民办,957,https://www.jxue.edu.cn,"天工校区：江西省新余市天工南大道1688号,仙来校区：江西省新余市仙来西大道859号,仙女湖校区：江西省新余市仙女湖大道2828号",True,,,,,,,,,,,"{'rankingId': 'legacy-shanghairanking-bcur', 'edition': '2026', 'sortValue': 975.0, 'label': '2026软科主榜 81', 'sourceUrl': 'https://www.shanghairanking.cn/rankings/bcur/2026', 'legacy': True}",{},0,,0,
4136012795,南昌理工学院,江西省,南昌市,,江西省,南昌市,本科,47,927,[],True,教育部2026名录（CSV镜像）,民办,868,https://www.nut.edu.cn/,"南昌校区：江西省南昌经济技术开发区英雄大道901号,丰城校区：江西省丰城市同田学府路16号",True,,,,,,,,,,,"{'rankingId': 'legacy-shanghairanking-bcur', 'edition': '2026', 'sortValue': 927.0, 'label': '2026软科主榜 47', 'sourceUrl': 'https://www.shanghairanking.cn/rankings/bcur/2026', 'legacy': True}",{},0,,0,
4136012938,江西应用科技学院,江西省,南昌市,,江西省,南昌市,本科,100+,1030,[],True,教育部2026名录（CSV镜像）,民办,928,https://www.jxuas.edu.cn/,江西省南昌市新建区宏福大道2888号,True,,,,,,,,,,,"{'rankingId': 'legacy-shanghairanking-bcur', 'edition': '2026', 'sortValue': 1030.0, 'label': '2026软科分类标签 100+', 'sourceUrl': 'https://www.shanghairanking.cn/rankings/bcur/2026', 'legacy': True}",{},0,,0,
4136013418,江西服装学院,江西省,南昌市,,江西省,南昌市,本科,,999999,[],True,教育部2026名录（CSV镜像）,民办,2887,https://www.jift.edu.cn/,江西省南昌市向塘经济开发区丽湖中大道103号,True,,,,,,,,,,,,{},0,,0,
4136013420,南昌职业大学,江西省,南昌市,,江西省,南昌市,本科,,999999,[],True,教育部2026名录（CSV镜像）,民办,909,https://www.nvu.edu.cn/,"凤凰校区：江西省南昌市安义县前进东路8号,香樟校区：江西省南昌市安义县职教城,湾里校区：江西省南昌市湾里区翠岩路200号",True,,,,,,,,,,,,{},0,,0,
4136013421,南昌工学院,江西省,南昌市,,江西省,南昌市,本科,80,974,[],True,教育部2026名录（CSV镜像）,民办,2843,https://www.ncpu.edu.cn/index.php?8,江西省南昌市红谷滩区狮子山大道998号,True,,,,,,,,,,,"{'rankingId': 'legacy-shanghairanking-bcur', 'edition': '2026', 'sortValue': 974.0, 'label': '2026软科主榜 80', 'sourceUrl': 'https://www.shanghairanking.cn/rankings/bcur/2026', 'legacy': True}",{},0,,0,
4136013429,南昌大学科学技术学院,江西省,南昌市,,江西省,南昌市,本科,,999999,[],True,教育部2026名录（CSV镜像）,民办,2427,https://ncuky.edu.cn/,江西省九江共青城市五四大道199号,True,,,,,,,,,,,,{},0,,0,
4136013430,南昌大学共青学院,江西省,九江市,,江西省,九江市,本科,,999999,[],True,教育部2026名录（CSV镜像）,民办,2439,https://www.ndgy.cn/,江西省共青城市南湖大道465号,True,,,,,,,,,,,,{},0,,0,
4136013431,南昌交通学院,江西省,南昌市,,江西省,南昌市,本科,100+,1044,[],True,教育部2026名录（CSV镜像）,民办,2430,https://www.ncjti.edu.cn/,"黄家湖校区：江西省南昌市南昌经济技术开发区广兰大道899号,墨轩湖校区：江西省宜春市靖安县墨轩湖大道1号",True,,,,,,,,,,,"{'rankingId': 'legacy-shanghairanking-bcur', 'edition': '2026', 'sortValue': 1044.0, 'label': '2026软科分类标签 100+', 'sourceUrl': 'https://www.shanghairanking.cn/rankings/bcur/2026', 'legacy': True}",{},0,,0,
4136013432,赣东学院,江西省,抚州市,,江西省,抚州市,本科,500+,725,[],False,教育部2026名录（CSV镜像）,,2432,http://www.gdc.edu.cn,江西省抚州市东临新区国恩大道666号,True,,,,,,,,,,,"{'rankingId': 'legacy-shanghairanking-bcur', 'edition': '2026', 'sortValue': 725.0, 'label': '2026软科分类标签 500+', 'sourceUrl': 'https://www.shanghairanking.cn/rankings/bcur/2026', 'legacy': True}",{},0,,0,
4136013433,南昌航空大学科技学院,江西省,南昌市,,江西省,南昌市,本科,,999999,[],True,教育部2026名录（CSV镜像）,民办,2433,https://www.stcnchu.edu.cn/,江西省南昌市赣江新区共青城市青年大道69号,True,,,,,,,,,,,,{},0,,0,
4136013434,赣南科技学院,江西省,赣州市,,江西省,赣州市,本科,500+,726,[],False,教育部2026名录（CSV镜像）,,2431,https://www.gnust.edu.cn,江西省赣州市章贡区客家大道156号,True,,,,,,,,,,,"{'rankingId': 'legacy-shanghairanking-bcur', 'edition': '2026', 'sortValue': 726.0, 'label': '2026软科分类标签 500+', 'sourceUrl': 'https://www.shanghairanking.cn/rankings/bcur/2026', 'legacy': True}",{},0,,0,
4136013435,景德镇艺术职业大学,江西省,景德镇市,,江西省,景德镇市,本科,,999999,[],True,教育部2026名录（CSV镜像）,民办,2437,https://www.jdzvua.edu.cn/,江西省景德镇市珠山区红塔路999号,True,,,,,,,,,,,,{},0,,0,
4136013436,江西农业大学南昌商学院,江西省,南昌市,,江西省,南昌市,本科,,999999,[],True,教育部2026名录（CSV镜像）,民办,2428,https://ncbcjxau.edu.cn/,江西省赣江新区共青城市青年大道79号,True,,,,,,,,,,,,{},0,,0,
4136013437,南昌医学院,江西省,南昌市,,江西省,南昌市,本科,医54,616,[],False,教育部2026名录（CSV镜像）,,2434,http://www.ncmc.edu.cn,"九龙湖校区：江西省南昌市红谷滩区复兴大道西2699号,象湖校区：江西省南昌市小蓝经济开发区汇仁大道689号",True,,,,,,,,,,,"{'rankingId': 'legacy-shanghairanking-bcur', 'edition': '2026', 'sortValue': 616.0, 'label': '2026软科分类标签 医54', 'sourceUrl': 'https://www.shanghairanking.cn/rankings/bcur/2026', 'legacy': True}",{},0,,0,
4136013438,江西师范大学科学技术学院,江西省,南昌市,,江西省,南昌市,本科,,999999,[],True,教育部2026名录（CSV镜像）,民办,2429,http://www.jxsdky.edu.cn/,江西省共青城市青年大道78号,True,,,,,,,,,,,,{},0,,0,
4136013439,赣南师范大学科技学院,江西省,赣州市,,江西省,赣州市,本科,,999999,[],True,教育部2026名录（CSV镜像）,民办,2436,https://www.gnnustc.com/,江西省赣州市章贡区红旗大道61号,True,,,,,,,,,,,,{},0,,0,
4136013440,南昌应用技术师范学院,江西省,南昌市,,江西省,南昌市,本科,100+,1045,[],True,教育部2026名录（CSV镜像）,民办,2438,https://www.nncat.edu.cn/,"九龙湖校区：江西省南昌市红谷滩新区明月山大道1599号,赣新校区：江西省共青城市南湖新区学府大道1号",True,,,,,,,,,,,"{'rankingId': 'legacy-shanghairanking-bcur', 'edition': '2026', 'sortValue': 1045.0, 'label': '2026软科分类标签 100+', 'sourceUrl': 'https://www.shanghairanking.cn/rankings/bcur/2026', 'legacy': True}",{},0,,0,
4136013441,江西财经大学现代经济管理学院,江西省,南昌市,,江西省,南昌市,本科,,999999,[],True,教育部2026名录（CSV镜像）,民办,2435,https://www.jcxjg.edu.cn/,江西省共青城市青年大道59号,True,,,,,,,,,,,,{},0,,0,
4136013774,豫章师范学院,江西省,南昌市,,江西省,南昌市,本科,500+,791,[],False,教育部2026名录（CSV镜像）,,872,https://www.yuznu.edu.cn/html/,"红角洲校区：江西省南昌市梅岭大道1999号,湾里校区：江西省南昌市新建区湾里紫清路11号",True,,,,,,,,,,,"{'rankingId': 'legacy-shanghairanking-bcur', 'edition': '2026', 'sortValue': 791.0, 'label': '2026软科分类标签 500+', 'sourceUrl': 'https://www.shanghairanking.cn/rankings/bcur/2026', 'legacy': True}",{},0,,0,
4136013776,江西软件职业技术大学,江西省,南昌市,,江西省,南昌市,本科,,999999,[],True,教育部2026名录（CSV镜像）,民办,3464,https://www.jxuspt.com/,"南昌校区：江西省南昌市新建区罗亭镇罗亭大道89号,井冈山校区：江西省井冈山市红军大道88号",True,,,,,,,,,,,,{},0,,0,
4136014437,南昌师范学院,江西省,南昌市,,江西省,南昌市,本科,440,639,[],False,教育部2026名录（CSV镜像）,,2889,http://www.ncnu.edu.cn/,"昌北校区：江西省南昌市经济技术开发区瑞香路889号,青山湖校区：江西省南昌市青山湖区学院路158号",True,,,,,,,,,,,"{'rankingId': 'legacy-shanghairanking-bcur', 'edition': '2026', 'sortValue': 639.0, 'label': '2026软科主榜 440', 'sourceUrl': 'https://www.shanghairanking.cn/rankings/bcur/2026', 'legacy': True}",{},0,,0,
4136014839,江西飞行学院,江西省,南昌市,,江西省,南昌市,本科,,999999,[],False,教育部2026名录（CSV镜像）,,952,https://www.jxfu.edu.cn/,"南昌校区：江西省南昌市红谷滩区红角洲卧龙路269号,吉安校区：江西省吉安市吉安县固桐线",True,,,,,,,,,,,,{},0,,0,
4136011785,江西职业技术大学,江西省,九江市,,江西省,九江市,本科,,999999,[],False,教育部2026名录（CSV镜像）,,893,https://www.jxpu.edu.cn/,"十里校区：江西省九江市濂溪区十里大道1188号,濂溪校区：江西省九江市濂溪区前进东路881号",True,,,,,,,,,,,,{},0,,0,
4136013775,抚州医药学院,江西省,抚州市,,江西省,抚州市,本科,,999999,[],False,教育部2026名录（CSV镜像）,,870,https://www.fzmu.edu.cn,"南校区：江西省抚州市文昌大道2766号,北校区：江西省抚州市东临路9号",True,,,,,,,,,,,,{},0,,0,
4136014403,九江科技职业大学,江西省,九江市,,江西省,九江市,本科,,999999,[],True,教育部2026名录（CSV镜像）,民办,3120,http://www.gqkj.com.cn/,"甘露校区：江西省九江市共青城市共青大道1号,高新校区：共青城市科技一大道以东、高新八路以北",True,,,,,,,,,,,,{},0,,0,
4136014168,南昌科技职业大学,江西省,南昌市,,江西省,南昌市,本科,,999999,[],True,教育部2026名录（CSV镜像）,民办,2440,https://www.thdm.edu.cn,江西省南昌市小蓝经开区汇仁大道1333号,True,,,,,,,,,,,,{},0,,0,
4136013422,江西外语外贸职业大学,江西省,南昌市,,江西省,南昌市,本科,,999999,[],False,教育部2026名录（CSV镜像）,,926,https://www.jxcfs.com/,"瑶湖校区：江西省南昌市天祥大道291号,望城校区：江西省南昌市新建区新城大道1888号",True,,,,,,,,,,,,{},0,,0,
3636000312,上饶幼儿师范高等专科学校,江西省,上饶市,,江西省,上饶市,专科,,999999,[],False,教育部2026名录（CSV镜像）,,3353,http://srygz.com/,上饶市信州区志敏东大道397号,True,,,,,,,,,,,,{},0,,0,
3636000519,抚州幼儿师范高等专科学校,江西省,抚州市,,江西省,抚州市,专科,,999999,[],False,教育部2026名录（CSV镜像）,,3355,https://www.fzpec.cn/,抚州市王安石大道99号,True,,,,,,,,,,,,{},0,,0,
4136010839,江西工业职业技术学院,江西省,南昌市,,江西省,南昌市,专科,,999999,[],False,教育部2026名录（CSV镜像）,,895,https://www.jxgzy.cn/,"青山湖校区：江西省南昌市青山湖区青山湖北大道1988号,高新校区：江西省南昌市青山湖区学院路139号,共青产教融合基地：江西省九江市共青城市科技三大道,化工校区：江西省南昌市东郊江西氨厂侧,瑶湖校区：江西省南昌市昌东高校园区高新区天祥大道388号",True,,,,,,,,,,,,{},0,,0,
4136010888,江西医学高等专科学校,江西省,上饶市,,江西省,上饶市,专科,,999999,[],False,教育部2026名录（CSV镜像）,,2891,http://www.jxyxgz.cn,"三江校区：江西省上饶市信州区志敏大道399号,书院路校区：江西省上饶市信州区书院路与豆芽巷交汇处西南",True,,,,,,,,,,,,{},0,,0,
4136011505,九江职业大学,江西省,九江市,,江西省,九江市,专科,,999999,[],False,教育部2026名录（CSV镜像）,,896,https://www.jjvu.jx.cn/,"濂溪校区：江西省九江市濂溪区濂溪大道88号,鹤问湖校区：江西省九江市浔阳区九瑞大道91号",True,,,,,,,,,,,,{},0,,0,
4136012929,江西司法警官职业学院,江西省,南昌市,,江西省,南昌市,专科,,999999,[],False,教育部2026名录（CSV镜像）,,927,https://www.jxsfjy.cn/,江西省南昌市昌北经济技术开发区长青路76号,True,,,,,,,,,,,,{},0,,0,
4136012930,江西陶瓷工艺美术职业技术学院,江西省,景德镇市,,江西省,景德镇市,专科,,999999,[],False,教育部2026名录（CSV镜像）,,944,http://www.jacti.edu.cn/,江西省景德镇市浮梁县工美大道666号,True,,,,,,,,,,,,{},0,,0,
4136012932,江西旅游商贸职业学院,江西省,南昌市,,江西省,南昌市,专科,,999999,[],False,教育部2026名录（CSV镜像）,,940,https://www.jxlsxy.edu.cn/,江西省南昌市经济技术开发区丁香路1号,True,,,,,,,,,,,,{},0,,0,
4136012933,江西电力职业技术学院,江西省,南昌市,,江西省,南昌市,专科,,999999,[],False,教育部2026名录（CSV镜像）,,931,http://www.jxdlzy.com/site/main/index.html,江西省南昌市昌北经济开发区海棠南路666号,True,,,,,,,,,,,,{},0,,0,
4136012934,江西环境工程职业学院,江西省,赣州市,,江西省,赣州市,专科,,999999,[],False,教育部2026名录（CSV镜像）,,959,https://www.jxhjxy.com/,江西省赣州市经开区东江源大道555号,True,,,,,,,,,,,,{},0,,0,
4136012936,江西艺术职业学院,江西省,南昌市,,江西省,南昌市,专科,,999999,[],False,教育部2026名录（CSV镜像）,,950,https://www.jxysedu.com/home,"庐山中大道校区：江西省南昌市青山湖区庐山中大道1201号,志敏大道校区：江西省南昌市经济技术开发区方志敏大道1799号",True,,,,,,,,,,,,{},0,,0,
4136012937,鹰潭职业技术学院,江西省,鹰潭市,,江西省,鹰潭市,专科,,999999,[],False,教育部2026名录（CSV镜像）,,954,https://www.jxytxy.cn/,"校本部：江西省鹰潭市信江新区滨江东路2号,江铜校区：江西省鹰潭市贵溪市滨江路2号",True,,,,,,,,,,,,{},0,,0,
4136012939,江西信息应用职业技术学院,江西省,南昌市,,江西省,南昌市,专科,,999999,[],False,教育部2026名录（CSV镜像）,,958,https://www.jxcia.com/,"青云谱校区：江西省南昌市青云谱区气象路58号,共青校区：江西省共青城市信息大道1号",True,,,,,,,,,,,,{},0,,0,
4136012940,江西交通职业技术学院,江西省,南昌市,,江西省,南昌市,专科,,999999,[],False,教育部2026名录（CSV镜像）,,913,https://www.jxjtxy.edu.cn/,"经开区校区：江西省南昌经济技术开发区双港东大街644支路395号,新建区校区：江西省南昌市新建区西山镇",True,,,,,,,,,,,,{},0,,0,
4136012941,江西财经职业学院,江西省,九江市,,江西省,九江市,专科,,999999,[],False,教育部2026名录（CSV镜像）,,949,https://www.jxvc.jx.cn/,"浔阳校区：江西省九江市青年路96号,南昌校区：江西省南昌市进贤县钟陵路61号,八里湖校区：江西省九江市八里湖新区八里湖大道216号",True,,,,,,,,,,,,{},0,,0,
4136012942,江西应用技术职业学院,江西省,赣州市,,江西省,赣州市,专科,,999999,[],False,教育部2026名录（CSV镜像）,,948,https://www.jxyy.edu.cn/,江西省赣州市蓉江新区文峰路9号,True,,,,,,,,,,,,{},0,,0,
4136012943,江西现代职业技术学院,江西省,南昌市,,江西省,南昌市,专科,,999999,[],False,教育部2026名录（CSV镜像）,,904,https://www.jxxdxy.edu.cn/,"艾溪湖校区：江西省南昌市昌东大学园区紫阳大道338号,青山湖校区：江西省南昌市青山湖区顺外路388号",True,,,,,,,,,,,,{},0,,0,
4136012944,江西工业工程职业技术学院,江西省,萍乡市,,江西省,萍乡市,专科,,999999,[],False,教育部2026名录（CSV镜像）,,956,https://www.jxvcie.edu.cn/,江西省萍乡市经济开发区玉湖东路106号,True,,,,,,,,,,,,{},0,,0,
4136012976,江西机电职业技术学院,江西省,南昌市,,江西省,南昌市,专科,,999999,[],False,教育部2026名录（CSV镜像）,,943,https://www.jxjdxy.edu.cn/,"下罗校区：江西省南昌市昌北经济开发区枫林大道168号,青云谱校区：江西省南昌市青云谱区迎宾北大道459号,赣新校区：江西省赣江新区永修组团湖东新区样式雷大道1号",True,,,,,,,,,,,,{},0,,0,
4136013419,江西科技职业学院,江西省,南昌市,,江西省,南昌市,专科,,999999,[],True,教育部2026名录（CSV镜像）,民办,923,http://www.jxkeda.com/,江西省南昌市银三角316国道金山一号,True,,,,,,,,,,,,{},0,,0,
4136013423,江西工业贸易职业技术学院,江西省,南昌市,,江西省,南昌市,专科,,999999,[],False,教育部2026名录（CSV镜像）,,900,https://www.jxgmxy.com/,江西省南昌市红谷滩区红角洲嘉言路699号,True,,,,,,,,,,,,{},0,,0,
4136013424,宜春职业技术学院,江西省,宜春市,,江西省,宜春市,专科,,999999,[],False,教育部2026名录（CSV镜像）,,908,https://www.ycvc.jx.cn/,"校本部：江西省宜春市锦绣大道996号,北校区：江西省宜春市中心城区中山西路399号,南校区：江西省宜春市袁州区江西省学府路338号",True,,,,,,,,,,,,{},0,,0,
4136013425,江西应用工程职业学院,江西省,萍乡市,,江西省,萍乡市,专科,,999999,[],False,教育部2026名录（CSV镜像）,,917,https://www.jxatei.net/,"高坑校区：江西省萍乡市安源区高坑镇,下埠校区：江西省萍乡市湘东区下埠镇",True,,,,,,,,,,,,{},0,,0,
4136013426,江西生物科技职业学院,江西省,南昌市,,江西省,南昌市,专科,,999999,[],False,教育部2026名录（CSV镜像）,,925,https://www.jxswkj.com/,江西省南昌市莲塘北大道1636号,True,,,,,,,,,,,,{},0,,0,
4136013427,江西建设职业技术学院,江西省,南昌市,,江西省,南昌市,专科,,999999,[],False,教育部2026名录（CSV镜像）,,955,https://www.jxjsxy.edu.cn/,"小蓝校区：江西省南昌小蓝经济开发区汇仁大道999号,红谷滩校区：江西省南昌市昌北庐山南大道1659号,昌南校区：江西省南昌市南昌县莲塘南大道831号,经开校区：江西省南昌市经济技术开发区黄家湖西路1588号",True,,,,,,,,,,,,{},0,,0,
4136013428,抚州职业技术学院,江西省,抚州市,,江西省,抚州市,专科,,999999,[],False,教育部2026名录（CSV镜像）,,914,https://www.fzjsxy.cn/,江西省抚州市东临路276号,True,,,,,,,,,,,,{},0,,0,
4136013866,江西经济管理职业学院,江西省,南昌市,,江西省,南昌市,专科,,999999,[],False,教育部2026名录（CSV镜像）,,,,,True,,,,,,,,,,,,{},0,,0,
4136013867,江西制造职业技术学院,江西省,南昌市,,江西省,南昌市,专科,,999999,[],False,教育部2026名录（CSV镜像）,,946,https://www.jxmtc.com,"艾溪湖校区：江西省南昌市紫阳大道318号,上海路校区：江西省南昌市青云谱区上海南路168号,丁公路校区：江西省南昌市西湖区丁公路125号",True,,,,,,,,,,,,{},0,,0,
4136013868,江西工程职业学院,江西省,南昌市,,江西省,南昌市,专科,,999999,[],False,教育部2026名录（CSV镜像）,,922,http://www.evc.jx.cn,"京山南路校区：江西省南昌市青云谱区京山南路23号,青山湖校区：江西省南昌市青山湖区北京东路339号,人武校区：江西省南昌市青云谱区迎宾北大道1356号,莲塘校区：江西省南昌市南昌县斗柏路368号,进贤校区：江西省南昌市进贤县胜利中路98号,宜春校区：江西省宜春市袁州区环城南路199号",True,,,,,,,,,,,,{},0,,0,
4136013869,江西青年职业学院,江西省,南昌市,,江西省,南昌市,专科,,999999,[],False,教育部2026名录（CSV镜像）,,942,https://www.jxqy.edu.cn/,江西省南昌市经济技术开发区志敏大道1458号,True,,,,,,,,,,,,{},0,,0,
4136013870,上饶职业技术学院,江西省,上饶市,,江西省,上饶市,专科,,999999,[],False,教育部2026名录（CSV镜像）,,947,https://www.srzy.cn/,江西省上饶市旭日北大道358号,True,,,,,,,,,,,,{},0,,0,
4136013871,江西航空职业技术学院,江西省,南昌市,,江西省,南昌市,专科,,999999,[],True,教育部2026名录（CSV镜像）,民办,953,https://www.jhzyedu.cn,江西省抚州市临川区康公路1号（原灵谷峰大道1号）,True,,,,,,,,,,,,{},0,,0,
4136013872,江西农业工程职业学院,江西省,宜春市,,江西省,宜春市,专科,,999999,[],False,教育部2026名录（CSV镜像）,,941,https://www.jxaevc.com/#/,江西省樟树市四特大道266号,True,,,,,,,,,,,,{},0,,0,
4136013873,赣西科技职业学院,江西省,新余市,,江西省,新余市,专科,,999999,[],True,教育部2026名录（CSV镜像）,民办,951,http://www.ganxidx.com,"渝水校区：江西省新余市劳动北路919号,仙女湖校区：江西省新余市仙女湖大道3039号",True,,,,,,,,,,,,{},0,,0,
4136013965,江西卫生职业学院,江西省,南昌市,,江西省,南昌市,专科,,999999,[],False,教育部2026名录（CSV镜像）,,,,,True,,,,,,,,,,,,{},0,,0,
4136014166,江西新能源科技职业学院,江西省,新余市,,江西省,新余市,专科,,999999,[],True,教育部2026名录（CSV镜像）,民办,2441,https://www.jxnee.edu.cn,江西省新余市高新开发区渝东大道818号,True,,,,,,,,,,,,{},0,,0,
4136014167,江西枫林涉外经贸职业学院,江西省,九江市,,江西省,九江市,专科,,999999,[],True,教育部2026名录（CSV镜像）,民办,2442,http://www.jxfte.com/,江西省赣江新区永修组团,True,,,,,,,,,,,,{},0,,0,
4136014241,江西冶金职业技术学院,江西省,新余市,,江西省,新余市,专科,,999999,[],False,教育部2026名录（CSV镜像）,,2424,http://www.jxyjxy.com,江西省新余市仙女湖风景区仙女湖大道2228号,True,,,,,,,,,,,,{},0,,0,
4136014249,江西管理职业学院,江西省,南昌市,,江西省,南昌市,专科,,999999,[],False,教育部2026名录（CSV镜像）,,3357,https://www.jiangxigzy.cn/,"翠林校区：江西省南昌市南昌县迎宾南大道880号,梅湖校区：江西省南昌市青云谱区岱山街道定山路98号,青山湖校区：江西省南昌市青山湖区南京东路818号",True,,,,,,,,,,,,{},0,,0,
4136014250,江西传媒职业学院,江西省,南昌市,,江西省,南昌市,专科,,999999,[],False,教育部2026名录（CSV镜像）,,2426,https://www.jxcmzyxy.edu.cn/,"蒋巷校区：江西省南昌市蒋巷西大道266号,699文化创意园校区：江西省南昌市青山湖区顺外路181号,智能融媒体产业学院：江西省丰城市曲江府前路001号,青山湖校区：南昌市青山湖区江大南路193号",True,,,,,,,,,,,,{},0,,0,
4136014321,江西工商职业技术学院,江西省,南昌市,,江西省,南昌市,专科,,999999,[],True,教育部2026名录（CSV镜像）,民办,2888,http://www.jxgsxy.net/,江西省南昌市向塘经济开发区丽湖中大道99号,True,,,,,,,,,,,,{},0,,0,
4136014402,景德镇陶瓷职业技术学院,江西省,景德镇市,,江西省,景德镇市,专科,,999999,[],True,教育部2026名录（CSV镜像）,民办,2963,https://www.jcivt.com/,江西省景德镇市浮梁县县衙路119号,True,,,,,,,,,,,,{},0,,0,
4136014465,赣州师范高等专科学校,江西省,赣州市,,江西省,赣州市,专科,,999999,[],False,教育部2026名录（CSV镜像）,,2885,https://www.ganzhsz.cn/,江西省赣州市蓉江新区高校园区35号,True,,,,,,,,,,,,{},0,,0,
4136014476,江西水利职业学院,江西省,南昌市,,江西省,南昌市,专科,,999999,[],False,教育部2026名录（CSV镜像）,,3249,https://www.jxslsd.com,"校本部：江西省南昌市国家经济开发区北山路99号,校址二：江西省赣江新区永修组团湖东新区纵一路1号",True,,,,,,,,,,,,{},0,,0,
4136014494,宜春幼儿师范高等专科学校,江西省,宜春市,,江西省,宜春市,专科,,999999,[],False,教育部2026名录（CSV镜像）,,3327,https://www.ycyesf.cn/,江西省宜春市袁州区硒月大道1699号,True,,,,,,,,,,,,{},0,,0,
4136014504,吉安职业技术学院,江西省,吉安市,,江西省,吉安市,专科,,999999,[],False,教育部2026名录（CSV镜像）,,3187,https://www.japt.com.cn/,"校本部：江西省吉安市吉州区吉安南大道133号,木林森产业学院：江西省吉安市吉安县国家井冈山经济技术开发区南塘路269号,井冈山数字经济产业学院：江西省吉安市井冈山市红军大道88号",True,,,,,,,,,,,,{},0,,0,
4136014505,江西洪州职业学院,江西省,宜春市,,江西省,宜春市,专科,,999999,[],True,教育部2026名录（CSV镜像）,民办,3252,https://www.jxhzxy.com/,江西省丰城市龙津湖总部经济基地大学城,True,,,,,,,,,,,,{},0,,0,
4136014537,江西师范高等专科学校,江西省,鹰潭市,,江西省,鹰潭市,专科,,999999,[],False,教育部2026名录（CSV镜像）,,3253,http://www.jxsfgz.com,江西省鹰潭市信江新区滨江东路1号,True,,,,,,,,,,,,{},0,,0,
4136014544,南昌影视传播职业学院,江西省,南昌市,,江西省,南昌市,专科,,999999,[],True,教育部2026名录（CSV镜像）,民办,3248,https://www.ncyscb.com,江西省南昌市蒋巷大道266号,True,,,,,,,,,,,,{},0,,0,
4136014569,赣南卫生健康职业学院,江西省,赣州市,,江西省,赣州市,专科,,999999,[],False,教育部2026名录（CSV镜像）,,3358,https://www.gnhvc.edu.cn/,江西省赣州市蓉江新区高校园区,True,,,,,,,,,,,,{},0,,0,
4136014656,萍乡卫生职业学院,江西省,萍乡市,,江西省,萍乡市,专科,,999999,[],False,教育部2026名录（CSV镜像）,,3430,https://www.pxhvc.com/,江西省萍乡市安源区武功山中大道333号,True,,,,,,,,,,,,{},0,,0,
4136014657,江西婺源茶业职业学院,江西省,上饶市,,江西省,上饶市,专科,,999999,[],False,教育部2026名录（CSV镜像）,,3431,http://www.jxtvc.com/,江西省婺源县源头新区思口路88号,True,,,,,,,,,,,,{},0,,0,
4136014665,赣州职业技术学院,江西省,赣州市,,江西省,赣州市,专科,,999999,[],False,教育部2026名录（CSV镜像）,,3432,https://www.gzpt.edu.cn/,江西省赣州市经济技术开发区赣州新能源汽车科技城内,True,,,,,,,,,,,,{},0,,0,
4136014705,南昌健康职业技术学院,江西省,南昌市,,江西省,南昌市,专科,,999999,[],False,教育部2026名录（CSV镜像）,,3504,https://www.nchvc.edu.cn/,"九龙湖校区：江西省南昌市红谷滩区复兴大道西3999号,东湖校区：江西省南昌市东湖区苏圃路上营坊9号",True,,,,,,,,,,,,{},0,,0,
4136014706,九江理工职业学院,江西省,九江市,,江西省,九江市,专科,,999999,[],True,教育部2026名录（CSV镜像）,民办,3505,https://www.jjlgedu.com/,江西省九江市出口加工区锦绣大道8号,True,,,,,,,,,,,,{},0,,0,
4136014748,和君职业学院,江西省,赣州市,,江西省,赣州市,专科,,999999,[],True,教育部2026名录（CSV镜像）,民办,3577,https://www.hejuncollege.com/,江西省赣州市会昌县白鹅乡和君教育小镇,True,,,,,,,,,,,,{},0,,0,
4136014807,吉安幼儿师范高等专科学校,江西省,吉安市,,江西省,吉安市,专科,,999999,[],False,教育部2026名录（CSV镜像）,,3637,https://www.japec.edu.cn/,江西省吉安市吉州区吉安南大道131号,True,,,,,,,,,,,,{},0,,0,
4136014808,上饶卫生健康职业学院,江西省,上饶市,,江西省,上饶市,专科,,999999,[],False,教育部2026名录（CSV镜像）,,3639,http://www.srwsjkzyxy.com/,江西省上饶市广丰区迎宾大道99号,True,,,,,,,,,,,,{},0,,0,
4136014837,江西樟树中医药职业学院,江西省,宜春市,,江西省,宜春市,专科,,999999,[],True,教育部2026名录（CSV镜像）,民办,3706,http://www.jxzsxy.com/,江西省宜春市樟树市阁山镇新街路2号,True,,,,,,,,,,,,{},0,,0,
4136014856,赣东职业技术学院,江西省,抚州市,,江西省,抚州市,专科,,999999,[],True,教育部2026名录（CSV镜像）,民办,3707,https://www.gdvtc.com/,江西省抚州市东临新区东临大道1号,True,,,,,,,,,,,,{},0,,0,
4136014906,江西电子信息职业技术学院,江西省,南昌市,,江西省,南昌市,专科,,999999,[],False,教育部2026名录（CSV镜像）,,3760,http://www.jxdzxy.com/,"高新校区：江西省南昌市青山湖区创业路艾溪湖管理处湖西新建区高新开发区创业路925号,湾里校区：江西省南昌市新建区招贤镇七彩路509号",True,,,,,,,,,,,,{},0,,0,
4136014907,鹰潭卫生职业学院,江西省,鹰潭市,,江西省,鹰潭市,专科,,999999,[],True,教育部2026名录（CSV镜像）,民办,3751,http://www.ythvc.com,江西省鹰潭市月湖区鹰雄大道69号,True,,,,,,,,,,,,{},0,,0,
4136014919,九江卫生健康职业学院,江西省,九江市,,江西省,九江市,专科,,999999,[],False,教育部2026名录（CSV镜像）,,3789,https://www.jjhvc.cn/,江西省九江市经济技术开发区城西港区港兴路290号,True,,,,,,,,,,,,{},0,,0,
4136014920,新余职业技术学院,江西省,新余市,,江西省,新余市,专科,,999999,[],False,教育部2026名录（CSV镜像）,,3790,http://www.xyzytc.cn/,,True,,,,,,,,,,,,{},0,,0,
4136014921,赣州起元职业学院,江西省,赣州市,,江西省,赣州市,专科,,999999,[],True,教育部2026名录（CSV镜像）,民办,3791,http://www.qiyuancollege.com/,江西省赣州市于都县工业新区于都大道西侧,True,,,,,,,,,,,,{},0,,0,
4136014922,赣州远恒佳职业学院,江西省,赣州市,,江西省,赣州市,专科,,999999,[],True,教育部2026名录（CSV镜像）,民办,3792,https://www.gzyhj.edu.cn,江西省赣州市安远县兴旺路与重石大道交叉路口往东南约260米,True,,,,,,,,,,,,{},0,,0,
4136014958,鄱阳职业学院,江西省,上饶市,,江西省,上饶市,专科,,999999,[],False,教育部2026名录（CSV镜像）,,3905,http://www.pyzyxy.cn,江西省上饶市鄱阳县236国道与芝田路交叉口西南侧,True,,,,,,,,,,,,{},0,,0,
4136014959,萍乡职业技术学院,江西省,萍乡市,,江西省,萍乡市,专科,,999999,[],False,教育部2026名录（CSV镜像）,,3907,,江西省萍乡市湘东区宝塔路88号,True,,,,,,,,,,,,{},0,,0,
4136014960,景德镇卫生健康职业学院,江西省,景德镇市,,江西省,景德镇市,专科,,999999,[],False,教育部2026名录（CSV镜像）,,3910,,,True,,,,,,,,,,,,{},0,,0,
4137010422,山东大学,山东省,济南市,,山东省,济南市,本科,22,22,"['985', '211', '双一流']",False,教育部2026名录（CSV镜像）,,126,https://www.sdu.edu.cn/,"中心校区：山东省济南市历城区山大南路27号,千佛山校区：山东省济南市历下区经十路17923号,趵突泉校区：山东省济南市文化西路44号,洪家楼校区：山东省济南市历城区洪家楼5号,软件园校区：山东省济南市历下区舜华路中段1500号,兴隆山校区：山东省济南市市中区二环南路12550号,威海校区：山东省威海市环翠区文化西路180号,青岛校区：山东省青岛市即墨区滨海公路72号",True,,,,,,,,,,,"{'rankingId': 'legacy-shanghairanking-bcur', 'edition': '2026', 'sortValue': 22.0, 'label': '2026软科主榜 22', 'sourceUrl': 'https://www.shanghairanking.cn/rankings/bcur/2026', 'legacy': True}",{},0,,0,
4137010423,中国海洋大学,山东省,青岛市,,山东省,青岛市,本科,51,57,"['985', '211', '双一流']",False,教育部2026名录（CSV镜像）,,61,https://www.ouc.edu.cn/,"崂山校区：山东省青岛市崂山区松岭路238号,鱼山校区：山东省青岛市市南区鱼山路5号,浮山校区：山东省青岛市崂山区香港东路23号,西海岸校区：青岛市三沙路1299号",True,,,,,,,,,,,"{'rankingId': 'legacy-shanghairanking-bcur', 'edition': '2026', 'sortValue': 57.0, 'label': '2026软科主榜 51', 'sourceUrl': 'https://www.shanghairanking.cn/rankings/bcur/2026', 'legacy': True}",{},0,,0,
4137010424,山东科技大学,山东省,青岛市,,山东省,青岛市,本科,140,194,[],False,教育部2026名录（CSV镜像）,,537,https://www.sdust.edu.cn/,"青岛校区：山东省青岛市经济技术开发区前湾港路579号,济南校区：山东省济南市天桥区胜利庄路17号,泰安校区东校园：山东省泰安市泰山区岱宗大街223号,泰安校区西校园： 泰安市岱岳区凤凰路79号",True,,,,,,,,,,,"{'rankingId': 'legacy-shanghairanking-bcur', 'edition': '2026', 'sortValue': 194.0, 'label': '2026软科主榜 140', 'sourceUrl': 'https://www.shanghairanking.cn/rankings/bcur/2026', 'legacy': True}",{},0,,0,
4137010425,中国石油大学（华东）,山东省,青岛市,,山东省,青岛市,本科,73,88,"['211', '双一流']",False,教育部2026名录（CSV镜像）,,120,https://www.upc.edu.cn/,"唐岛湾校区：山东省青岛市黄岛区长江西路66号,东营科教园区：山东省东营市东营区北一路739号,古镇口校区：山东省青岛市黄岛区海军路6号",True,,,,,,,,,,,"{'rankingId': 'legacy-shanghairanking-bcur', 'edition': '2026', 'sortValue': 88.0, 'label': '2026软科主榜 73', 'sourceUrl': 'https://www.shanghairanking.cn/rankings/bcur/2026', 'legacy': True}",{},0,,0,
4137010426,青岛科技大学,山东省,青岛市,,山东省,青岛市,本科,167,229,[],False,教育部2026名录（CSV镜像）,,507,https://www.qust.edu.cn/,"崂山校区：山东省青岛市松岭路99号,四方校区：山东省青岛市郑州路53号,高密校区：山东省高密市杏坛西街1号,济南校区：山东省济南市文化东路80号,中德校区：山东省青岛市西海岸新区团结路3698号",True,,,,,,,,,,,"{'rankingId': 'legacy-shanghairanking-bcur', 'edition': '2026', 'sortValue': 229.0, 'label': '2026软科主榜 167', 'sourceUrl': 'https://www.shanghairanking.cn/rankings/bcur/2026', 'legacy': True}",{},0,,0,
4137010427,济南大学,山东省,济南市,,山东省,济南市,本科,175,240,[],False,教育部2026名录（CSV镜像）,,71,https://www.ujn.edu.cn/,"校本部：山东省济南市市中区南辛庄西路336号,舜耕校区：山东省济南市市中区舜耕路13号",True,,,,,,,,,,,"{'rankingId': 'legacy-shanghairanking-bcur', 'edition': '2026', 'sortValue': 240.0, 'label': '2026软科主榜 175', 'sourceUrl': 'https://www.shanghairanking.cn/rankings/bcur/2026', 'legacy': True}",{},0,,0,
4137010429,青岛理工大学,山东省,青岛市,,山东省,青岛市,本科,187,258,[],False,教育部2026名录（CSV镜像）,,509,https://www.qut.edu.cn/,"黄岛校区：山东省青岛市黄岛区嘉陵江东路777号,市北校区：山东省青岛市市北区抚顺路11号,临沂校区：山东省临沂市费县县城东外环108号",True,,,,,,,,,,,"{'rankingId': 'legacy-shanghairanking-bcur', 'edition': '2026', 'sortValue': 258.0, 'label': '2026软科主榜 187', 'sourceUrl': 'https://www.shanghairanking.cn/rankings/bcur/2026', 'legacy': True}",{},0,,0,
4137010430,山东建筑大学,山东省,济南市,,山东省,济南市,本科,251,354,[],False,教育部2026名录（CSV镜像）,,528,https://www.sdjzu.edu.cn,山东省济南市临港开发区凤鸣路1000号,True,,,,,,,,,,,"{'rankingId': 'legacy-shanghairanking-bcur', 'edition': '2026', 'sortValue': 354.0, 'label': '2026软科主榜 251', 'sourceUrl': 'https://www.shanghairanking.cn/rankings/bcur/2026', 'legacy': True}",{},0,,0,
4137010431,齐鲁工业大学,山东省,济南市,,山东省,济南市,本科,151,207,[],False,教育部2026名录（CSV镜像）,,547,https://www.qlu.edu.cn/,"长清校区：山东省济南市长清区大学路3501号,历城校区：山东省济南市历城区桑园路58号,菏泽校区：山东省菏泽市牡丹区北外环路1999号,彩石校区：山东省济南市经十东路28789号",True,,,,,,,,,,,"{'rankingId': 'legacy-shanghairanking-bcur', 'edition': '2026', 'sortValue': 207.0, 'label': '2026软科主榜 151', 'sourceUrl': 'https://www.shanghairanking.cn/rankings/bcur/2026', 'legacy': True}",{},0,,0,
4137010433,山东理工大学,山东省,淄博市,,山东省,淄博市,本科,197,271,[],False,教育部2026名录（CSV镜像）,,540,https://www.sdut.edu.cn/,"西校区：山东省淄博市张店区新村西路266号,东校区：山东省淄博市张店区共青团西路88号",True,,,,,,,,,,,"{'rankingId': 'legacy-shanghairanking-bcur', 'edition': '2026', 'sortValue': 271.0, 'label': '2026软科主榜 197', 'sourceUrl': 'https://www.shanghairanking.cn/rankings/bcur/2026', 'legacy': True}",{},0,,0,
4137010434,山东农业大学,山东省,泰安市,,山东省,泰安市,本科,128,173,[],False,教育部2026名录（CSV镜像）,,542,https://www.sdau.edu.cn/,"岱宗校区：山东省泰安市岱宗大街61号,泮河校区：山东省泰安市泰山区泮河大街7号",True,,,,,,,,,,,"{'rankingId': 'legacy-shanghairanking-bcur', 'edition': '2026', 'sortValue': 173.0, 'label': '2026软科主榜 128', 'sourceUrl': 'https://www.shanghairanking.cn/rankings/bcur/2026', 'legacy': True}",{},0,,0,
4137010435,青岛农业大学,山东省,青岛市,,山东省,青岛市,本科,228,320,[],False,教育部2026名录（CSV镜像）,,491,https://www.qau.edu.cn/,"城阳校区：山东省青岛市城阳区长城路700号,平度校区：山东省青岛市平度市黄海路2-17号,莱阳校区：山东省烟台市莱阳市文化路11号,蓝谷校区：山东省青岛市即墨区鳌山卫街道问海路17号",True,,,,,,,,,,,"{'rankingId': 'legacy-shanghairanking-bcur', 'edition': '2026', 'sortValue': 320.0, 'label': '2026软科主榜 228', 'sourceUrl': 'https://www.shanghairanking.cn/rankings/bcur/2026', 'legacy': True}",{},0,,0,
4137010438,山东第二医科大学,山东省,潍坊市,,山东省,潍坊市,本科,医29,311,[],False,教育部2026名录（CSV镜像）,,553,https://www.sdsmu.edu.cn/,"浮烟山校区：山东省潍坊市潍城区宝通西街7166号,虞河校区：山东省潍坊市奎文区胜利东街4948号",True,,,,,,,,,,,"{'rankingId': 'legacy-shanghairanking-bcur', 'edition': '2026', 'sortValue': 311.0, 'label': '2026软科分类标签 医29', 'sourceUrl': 'https://www.shanghairanking.cn/rankings/bcur/2026', 'legacy': True}",{},0,,0,
4137010439,山东第一医科大学,山东省,济南市,,山东省,济南市,本科,医17,188,[],False,教育部2026名录（CSV镜像）,,551,https://www.sdfmu.edu.cn/,"济南校区：山东省济南市槐荫区青岛路6699号,泰安校区：山东省泰安市岱岳区长城路619号",True,,,,,,,,,,,"{'rankingId': 'legacy-shanghairanking-bcur', 'edition': '2026', 'sortValue': 188.0, 'label': '2026软科分类标签 医17', 'sourceUrl': 'https://www.shanghairanking.cn/rankings/bcur/2026', 'legacy': True}",{},0,,0,
4137010440,山东医药大学,山东省,滨州市,,山东省,滨州市,本科,医25,291,[],False,教育部2026名录（CSV镜像）,,64,https://www.sdmpu.edu.cn/main.htm,"烟台校区：山东省烟台市莱山区港城东大街318号,滨州校区：山东省滨州市滨城区黄河三路522号",True,,,,,,,,,,,"{'rankingId': 'legacy-shanghairanking-bcur', 'edition': '2026', 'sortValue': 291.0, 'label': '2026软科分类标签 医25', 'sourceUrl': 'https://www.shanghairanking.cn/rankings/bcur/2026', 'legacy': True}",{},0,,0,
4137010441,山东中医药大学,山东省,济南市,,山东省,济南市,本科,中医8,233,[],False,教育部2026名录（CSV镜像）,,1142,https://www.sdutcm.edu.cn/,"长清校区：山东省济南市长清大学科技园大学路4655号,国际医学中心：山东省济南市槐荫区济齐路295号,千佛山校区：山东省济南市历下区经十路16369号",True,,,,,,,,,,,"{'rankingId': 'legacy-shanghairanking-bcur', 'edition': '2026', 'sortValue': 233.0, 'label': '2026软科分类标签 中医8', 'sourceUrl': 'https://www.shanghairanking.cn/rankings/bcur/2026', 'legacy': True}",{},0,,0,
4137010443,济宁医学院,山东省,济宁市,,山东省,济宁市,本科,医43,477,[],False,教育部2026名录（CSV镜像）,,1238,https://www.jnmc.edu.cn/,"太白湖校区：山东省济宁市太白湖新区荷花路133号,任城校区：山东省济宁市任城区建设南路45号,日照校区：山东省日照市东港区学苑路669号",True,,,,,,,,,,,"{'rankingId': 'legacy-shanghairanking-bcur', 'edition': '2026', 'sortValue': 477.0, 'label': '2026软科分类标签 医43', 'sourceUrl': 'https://www.shanghairanking.cn/rankings/bcur/2026', 'legacy': True}",{},0,,0,
4137010445,山东师范大学,山东省,济南市,,山东省,济南市,本科,104,136,[],False,教育部2026名录（CSV镜像）,,622,https://www.sdnu.edu.cn/,"千佛山校区：山东省济南市历下区文化东路88号,长清湖校区：山东省济南市长清区大学科技园大学路1号",True,,,,,,,,,,,"{'rankingId': 'legacy-shanghairanking-bcur', 'edition': '2026', 'sortValue': 136.0, 'label': '2026软科主榜 104', 'sourceUrl': 'https://www.shanghairanking.cn/rankings/bcur/2026', 'legacy': True}",{},0,,0,
4137010446,曲阜师范大学,山东省,济宁市,,山东省,济宁市,本科,164,226,[],False,教育部2026名录（CSV镜像）,,510,https://www.qfnu.edu.cn/,"曲阜校区：山东省济宁市曲阜市静轩西路57号,日照校区：山东省日照市东港区烟台北路80号",True,,,,,,,,,,,"{'rankingId': 'legacy-shanghairanking-bcur', 'edition': '2026', 'sortValue': 226.0, 'label': '2026软科主榜 164', 'sourceUrl': 'https://www.shanghairanking.cn/rankings/bcur/2026', 'legacy': True}",{},0,,0,
4137010447,聊城大学,山东省,聊城市,,山东省,聊城市,本科,268,382,[],False,教育部2026名录（CSV镜像）,,494,https://www.lcu.edu.cn/,"东校区：山东省聊城市东昌府区柳园街道湖南路1号,西校区：山东省聊城市东昌府区文化路34号",True,,,,,,,,,,,"{'rankingId': 'legacy-shanghairanking-bcur', 'edition': '2026', 'sortValue': 382.0, 'label': '2026软科主榜 268', 'sourceUrl': 'https://www.shanghairanking.cn/rankings/bcur/2026', 'legacy': True}",{},0,,0,
4137010448,德州学院,山东省,德州市,,山东省,德州市,本科,393,583,[],False,教育部2026名录（CSV镜像）,,65,https://www.dzu.edu.cn/,山东省德州市大学西路566号,True,,,,,,,,,,,"{'rankingId': 'legacy-shanghairanking-bcur', 'edition': '2026', 'sortValue': 583.0, 'label': '2026软科主榜 393', 'sourceUrl': 'https://www.shanghairanking.cn/rankings/bcur/2026', 'legacy': True}",{},0,,0,
4137010449,山东航空学院,山东省,滨州市,,山东省,滨州市,本科,394,586,[],False,教育部2026名录（CSV镜像）,,1210,https://www.sdua.edu.cn/,山东省滨州市黄河五路391号,True,,,,,,,,,,,"{'rankingId': 'legacy-shanghairanking-bcur', 'edition': '2026', 'sortValue': 586.0, 'label': '2026软科主榜 394', 'sourceUrl': 'https://www.shanghairanking.cn/rankings/bcur/2026', 'legacy': True}",{},0,,0,
4137010451,鲁东大学,山东省,烟台市,,山东省,烟台市,本科,240,338,[],False,教育部2026名录（CSV镜像）,,555,https://www.ldu.edu.cn/,山东省烟台市芝罘区红旗中路186号,True,,,,,,,,,,,"{'rankingId': 'legacy-shanghairanking-bcur', 'edition': '2026', 'sortValue': 338.0, 'label': '2026软科主榜 240', 'sourceUrl': 'https://www.shanghairanking.cn/rankings/bcur/2026', 'legacy': True}",{},0,,0,
4137010452,临沂大学,山东省,临沂市,,山东省,临沂市,本科,299,442,[],False,教育部2026名录（CSV镜像）,,496,https://www.lyu.edu.cn/,"主校区：山东省临沂市兰山区工业大道北段西侧,沂水校区：山东省临沂市沂水县文化路1号,费县校区：山东省临沂市费县文化路33号",True,,,,,,,,,,,"{'rankingId': 'legacy-shanghairanking-bcur', 'edition': '2026', 'sortValue': 442.0, 'label': '2026软科主榜 299', 'sourceUrl': 'https://www.shanghairanking.cn/rankings/bcur/2026', 'legacy': True}",{},0,,0,
4137010453,泰山学院,山东省,泰安市,,山东省,泰安市,本科,402,592,[],False,教育部2026名录（CSV镜像）,,550,https://www.tsu.edu.cn/,"北校区：山东省泰安市东岳大街525号,南校区：山东省泰安市高新技术开发区凤天路789号",True,,,,,,,,,,,"{'rankingId': 'legacy-shanghairanking-bcur', 'edition': '2026', 'sortValue': 592.0, 'label': '2026软科主榜 402', 'sourceUrl': 'https://www.shanghairanking.cn/rankings/bcur/2026', 'legacy': True}",{},0,,0,
4137010454,济宁学院,山东省,济宁市,,山东省,济宁市,本科,460,663,[],False,教育部2026名录（CSV镜像）,,2093,https://www.jnxy.edu.cn/,山东省曲阜市杏坛路1号,True,,,,,,,,,,,"{'rankingId': 'legacy-shanghairanking-bcur', 'edition': '2026', 'sortValue': 663.0, 'label': '2026软科主榜 460', 'sourceUrl': 'https://www.shanghairanking.cn/rankings/bcur/2026', 'legacy': True}",{},0,,0,
4137010455,菏泽学院,山东省,菏泽市,,山东省,菏泽市,本科,500+,746,[],False,教育部2026名录（CSV镜像）,,1264,https://www.hezeu.edu.cn/,"主校区：山东省菏泽市牡丹区大学路2269号,东校区：山东省菏泽市牡丹区中华路1166号,单县校区：山东省菏泽市单县文化路30号,郓城校区：山东省菏泽市郓城县东门街南段9号",True,,,,,,,,,,,"{'rankingId': 'legacy-shanghairanking-bcur', 'edition': '2026', 'sortValue': 746.0, 'label': '2026软科分类标签 500+', 'sourceUrl': 'https://www.shanghairanking.cn/rankings/bcur/2026', 'legacy': True}",{},0,,0,
4137010456,山东财经大学,山东省,济南市,,山东省,济南市,本科,财13,198,[],False,教育部2026名录（CSV镜像）,,535,https://www.sdufe.edu.cn/,"圣井校区：山东省济南市章丘区经十东路18602号,燕山校区：山东省济南市历下区二环东路7366号,舜耕校区：山东省济南市市中区舜耕路40号",True,,,,,,,,,,,"{'rankingId': 'legacy-shanghairanking-bcur', 'edition': '2026', 'sortValue': 198.0, 'label': '2026软科分类标签 财13', 'sourceUrl': 'https://www.shanghairanking.cn/rankings/bcur/2026', 'legacy': True}",{},0,,0,
4137010457,山东体育学院,山东省,济南市,,山东省,济南市,本科,体9,500,[],False,教育部2026名录（CSV镜像）,,548,https://www.sdpei.edu.cn,"济南校区：山东省济南市历城区世纪大道10600号,日照校区：山东省日照市东港区山东路685号",True,,,,,,,,,,,"{'rankingId': 'legacy-shanghairanking-bcur', 'edition': '2026', 'sortValue': 500.0, 'label': '2026软科分类标签 体9', 'sourceUrl': 'https://www.shanghairanking.cn/rankings/bcur/2026', 'legacy': True}",{},0,,0,
4137010458,山东艺术学院,山东省,济南市,,山东省,济南市,本科,,999999,[],False,教育部2026名录（CSV镜像）,,549,https://www.sdca.edu.cn/,"长清校区：山东省济南市长清区大学科技园紫薇路6000号,文东校区：山东省济南市历下区文化东路91号",True,,,,,,,,,,,,{},0,,0,
4137010825,齐鲁医药学院,山东省,淄博市,,山东省,淄博市,本科,28,904,[],True,教育部2026名录（CSV镜像）,民办,2135,https://www.qlmu.edu.cn,山东省淄博市大学城人民西路1678号,True,,,,,,,,,,,"{'rankingId': 'legacy-shanghairanking-bcur', 'edition': '2026', 'sortValue': 904.0, 'label': '2026软科主榜 28', 'sourceUrl': 'https://www.shanghairanking.cn/rankings/bcur/2026', 'legacy': True}",{},0,,0,
4137010868,青岛滨海学院,山东省,青岛市,,山东省,青岛市,本科,20,895,[],True,教育部2026名录（CSV镜像）,民办,1245,https://www.qdbhu.edu.cn/,"小珠山校区：山东省青岛市西海岸新区嘉陵江西路425号,大珠山校区：山东省青岛市西海岸新区山川路1568号",True,,,,,,,,,,,"{'rankingId': 'legacy-shanghairanking-bcur', 'edition': '2026', 'sortValue': 895.0, 'label': '2026软科主榜 20', 'sourceUrl': 'https://www.shanghairanking.cn/rankings/bcur/2026', 'legacy': True}",{},0,,0,
4137010904,枣庄学院,山东省,枣庄市,,山东省,枣庄市,本科,432,630,[],False,教育部2026名录（CSV镜像）,,1246,https://www.uzz.edu.cn/,"薛城校区：山东省枣庄市薛城区民生南路1号,市中校区：山东省枣庄市市中区北安路1号",True,,,,,,,,,,,"{'rankingId': 'legacy-shanghairanking-bcur', 'edition': '2026', 'sortValue': 630.0, 'label': '2026软科主榜 432', 'sourceUrl': 'https://www.shanghairanking.cn/rankings/bcur/2026', 'legacy': True}",{},0,,0,
4137010908,山东工艺美术学院,山东省,济南市,,山东省,济南市,本科,,999999,[],False,教育部2026名录（CSV镜像）,,527,https://www.sdada.edu.cn,"长清校区：山东省济南市长清区大学路1255号,千佛山校区：山东省济南市历下区千佛山东路23号",True,,,,,,,,,,,,{},0,,0,
4137011065,青岛大学,山东省,青岛市,,山东省,青岛市,本科,108,141,[],False,教育部2026名录（CSV镜像）,,499,https://www.qdu.edu.cn,"浮山校区：山东省青岛市市南区宁夏路308号,金家岭校区：山东省青岛市崂山区科大支路62号,松山校区：山东省青岛市市北区登州路38号",True,,,,,,,,,,,"{'rankingId': 'legacy-shanghairanking-bcur', 'edition': '2026', 'sortValue': 141.0, 'label': '2026软科主榜 108', 'sourceUrl': 'https://www.shanghairanking.cn/rankings/bcur/2026', 'legacy': True}",{},0,,0,
4137011066,烟台大学,山东省,烟台市,,山东省,烟台市,本科,224,316,[],False,教育部2026名录（CSV镜像）,,554,https://www.ytu.edu.cn/,"校本部：山东省烟台市莱山区清泉路30号,南校区：山东省烟台市莱山区港城东大街100号,八角湾校区：山东省烟台市黄渤海新区八角湾滨海地带",True,,,,,,,,,,,"{'rankingId': 'legacy-shanghairanking-bcur', 'edition': '2026', 'sortValue': 316.0, 'label': '2026软科主榜 224', 'sourceUrl': 'https://www.shanghairanking.cn/rankings/bcur/2026', 'legacy': True}",{},0,,0,
4137011067,潍坊学院,山东省,潍坊市,,山东省,潍坊市,本科,403,593,[],False,教育部2026名录（CSV镜像）,,552,https://www.wfu.edu.cn/,"主校区：山东省潍坊市奎文区东风东街5147号,安顺校区：山东省潍坊市潍城区卧龙西街2829号",True,,,,,,,,,,,"{'rankingId': 'legacy-shanghairanking-bcur', 'edition': '2026', 'sortValue': 593.0, 'label': '2026软科主榜 403', 'sourceUrl': 'https://www.shanghairanking.cn/rankings/bcur/2026', 'legacy': True}",{},0,,0,
4137011324,山东警察学院,山东省,济南市,,山东省,济南市,本科,政30+,811,[],False,教育部2026名录（CSV镜像）,,1204,https://www.sdpc.edu.cn/,"明水校区：山东省济南市章丘区章莱路2555号,文化东路校区：山东省济南市历下区文化东路54号",True,,,,,,,,,,,"{'rankingId': 'legacy-shanghairanking-bcur', 'edition': '2026', 'sortValue': 811.0, 'label': '2026软科分类标签 政30+', 'sourceUrl': 'https://www.shanghairanking.cn/rankings/bcur/2026', 'legacy': True}",{},0,,0,
4137011510,山东交通学院,山东省,济南市,,山东省,济南市,本科,356,529,[],False,教育部2026名录（CSV镜像）,,534,https://www.sdjtu.edu.cn/,"长清校区：山东省济南市长清大学科技园海棠路5001号,无影山校区：山东省济南市天桥区交校路5号,东校区（南院）：山东省济南市燕子山西路40号,威海校区：山东省威海市环翠区双岛湾科技城和兴路1508号,东校区（北院）：山东省济南市桑园路52号",True,,,,,,,,,,,"{'rankingId': 'legacy-shanghairanking-bcur', 'edition': '2026', 'sortValue': 529.0, 'label': '2026软科主榜 356', 'sourceUrl': 'https://www.shanghairanking.cn/rankings/bcur/2026', 'legacy': True}",{},0,,0,
4137011688,山东工商学院,山东省,烟台市,,山东省,烟台市,本科,财36,457,[],False,教育部2026名录（CSV镜像）,,526,https://www.sdtbu.edu.cn/,山东省烟台市莱山区滨海中路191号,True,,,,,,,,,,,"{'rankingId': 'legacy-shanghairanking-bcur', 'edition': '2026', 'sortValue': 457.0, 'label': '2026软科分类标签 财36', 'sourceUrl': 'https://www.shanghairanking.cn/rankings/bcur/2026', 'legacy': True}",{},0,,0,
4137012331,山东女子学院,山东省,济南市,,山东省,济南市,本科,485,690,[],False,教育部2026名录（CSV镜像）,,2609,https://www.sdwu.edu.cn/,"玉函校区：中国山东济南市玉函路45号,长清校区：山东省济南市长清大学科技园大学路2399号",True,,,,,,,,,,,"{'rankingId': 'legacy-shanghairanking-bcur', 'edition': '2026', 'sortValue': 690.0, 'label': '2026软科主榜 485', 'sourceUrl': 'https://www.shanghairanking.cn/rankings/bcur/2026', 'legacy': True}",{},0,,0,
4137012332,烟台南山学院,山东省,烟台市,,山东省,烟台市,本科,32,910,[],True,教育部2026名录（CSV镜像）,民办,2136,https://www.nanshan.edu.cn/,"东海校区：山东省烟台市龙口市东海旅游度假区大学路12号,南山校区：山东省烟台市龙口市南山工业园南山中路1号",True,,,,,,,,,,,"{'rankingId': 'legacy-shanghairanking-bcur', 'edition': '2026', 'sortValue': 910.0, 'label': '2026软科主榜 32', 'sourceUrl': 'https://www.shanghairanking.cn/rankings/bcur/2026', 'legacy': True}",{},0,,0,
4137012843,潍坊科技学院,山东省,潍坊市,,山东省,潍坊市,本科,15,888,[],True,教育部2026名录（CSV镜像）,民办,2134,https://www.wfust.edu.cn/,山东省寿光市金光街1299号,True,,,,,,,,,,,"{'rankingId': 'legacy-shanghairanking-bcur', 'edition': '2026', 'sortValue': 888.0, 'label': '2026软科主榜 15', 'sourceUrl': 'https://www.shanghairanking.cn/rankings/bcur/2026', 'legacy': True}",{},0,,0,
4137013006,山东英才学院,山东省,济南市,,山东省,济南市,本科,56,939,[],True,教育部2026名录（CSV镜像）,民办,2133,https://www.sdycu.edu.cn/,"主校区：山东省济南市高新区英才路2号,北校区：山东省济南市济阳崔寨",True,,,,,,,,,,,"{'rankingId': 'legacy-shanghairanking-bcur', 'edition': '2026', 'sortValue': 939.0, 'label': '2026软科主榜 56', 'sourceUrl': 'https://www.shanghairanking.cn/rankings/bcur/2026', 'legacy': True}",{},0,,0,
4137013015,青岛恒星科技学院,山东省,青岛市,,山东省,青岛市,本科,62,947,[],True,教育部2026名录（CSV镜像）,民办,2141,https://www.hx.cn/,山东省青岛市九水东路588号,True,,,,,,,,,,,"{'rankingId': 'legacy-shanghairanking-bcur', 'edition': '2026', 'sortValue': 947.0, 'label': '2026软科主榜 62', 'sourceUrl': 'https://www.shanghairanking.cn/rankings/bcur/2026', 'legacy': True}",{},0,,0,
4137013320,青岛黄海学院,山东省,青岛市,,山东省,青岛市,本科,22,897,[],True,教育部2026名录（CSV镜像）,民办,2155,https://www.qdhhc.edu.cn/,山东省青岛市西海岸新区灵海路1145号,True,,,,,,,,,,,"{'rankingId': 'legacy-shanghairanking-bcur', 'edition': '2026', 'sortValue': 897.0, 'label': '2026软科主榜 22', 'sourceUrl': 'https://www.shanghairanking.cn/rankings/bcur/2026', 'legacy': True}",{},0,,0,
4137013322,山东现代学院,山东省,济南市,,山东省,济南市,本科,100+,1049,[],True,教育部2026名录（CSV镜像）,民办,2150,http://www.sdxd.edu.cn/,山东省济南市经十东路20288号,True,,,,,,,,,,,"{'rankingId': 'legacy-shanghairanking-bcur', 'edition': '2026', 'sortValue': 1049.0, 'label': '2026软科分类标签 100+', 'sourceUrl': 'https://www.shanghairanking.cn/rankings/bcur/2026', 'legacy': True}",{},0,,0,
4137013324,山东协和学院,山东省,济南市,,山东省,济南市,本科,4,870,[],True,教育部2026名录（CSV镜像）,民办,2837,https://www.sdxiehe.edu.cn/,"郭店校区：山东省济南市历城区济青路6277号,遥墙校区：山东省济南市高新区临港街道温泉路5688号",True,,,,,,,,,,,"{'rankingId': 'legacy-shanghairanking-bcur', 'edition': '2026', 'sortValue': 870.0, 'label': '2026软科主榜 4', 'sourceUrl': 'https://www.shanghairanking.cn/rankings/bcur/2026', 'legacy': True}",{},0,,0,
4137013356,山东工程职业技术大学,山东省,济南市,,山东省,济南市,本科,,999999,[],True,教育部2026名录（CSV镜像）,民办,2146,https://www.suet.edu.cn/,山东省济南市经十东路6196号,True,,,,,,,,,,,,{},0,,0,
4137013359,烟台理工学院,山东省,烟台市,,山东省,烟台市,本科,58,941,[],True,教育部2026名录（CSV镜像）,民办,1446,https://www.yitsd.edu.cn/,山东省烟台市莱山区港城东大街100号,True,,,,,,,,,,,"{'rankingId': 'legacy-shanghairanking-bcur', 'edition': '2026', 'sortValue': 941.0, 'label': '2026软科主榜 58', 'sourceUrl': 'https://www.shanghairanking.cn/rankings/bcur/2026', 'legacy': True}",{},0,,0,
4137013373,聊城大学东昌学院,山东省,聊城市,,山东省,聊城市,本科,,999999,[],True,教育部2026名录（CSV镜像）,民办,2519,https://www.lcudcc.edu.cn/,山东省聊城市北外环路266号,True,,,,,,,,,,,,{},0,,0,
4137013378,青岛城市学院,山东省,青岛市,,山东省,青岛市,本科,16,889,[],True,教育部2026名录（CSV镜像）,民办,1400,https://www.qdc.edu.cn/,山东省青岛市城阳区铁骑山路79号,True,,,,,,,,,,,"{'rankingId': 'legacy-shanghairanking-bcur', 'edition': '2026', 'sortValue': 889.0, 'label': '2026软科主榜 16', 'sourceUrl': 'https://www.shanghairanking.cn/rankings/bcur/2026', 'legacy': True}",{},0,,0,
4137013379,潍坊理工学院,山东省,潍坊市,,山东省,潍坊市,本科,72,964,[],True,教育部2026名录（CSV镜像）,民办,2518,https://www.wfit.edu.cn/,"校本部：山东省青州市云门山南路9888号,中心校区：山东省潍坊市经济开发区民主街7777号",True,,,,,,,,,,,"{'rankingId': 'legacy-shanghairanking-bcur', 'edition': '2026', 'sortValue': 964.0, 'label': '2026软科主榜 72', 'sourceUrl': 'https://www.shanghairanking.cn/rankings/bcur/2026', 'legacy': True}",{},0,,0,
4137013383,山东财经大学燕山学院,山东省,济南市,,山东省,济南市,本科,,999999,[],True,教育部2026名录（CSV镜像）,民办,2966,https://ys.sdufe.edu.cn/,山东省济南市莱芜高新技术产业开发区山财大街5号,True,,,,,,,,,,,,{},0,,0,
4137013386,山东石油化工学院,山东省,东营市,,山东省,东营市,本科,500+,763,[],False,教育部2026名录（CSV镜像）,,2132,https://www.sdipct.edu.cn/,山东省东营市东营区北二路500号,True,,,,,,,,,,,"{'rankingId': 'legacy-shanghairanking-bcur', 'edition': '2026', 'sortValue': 763.0, 'label': '2026软科分类标签 500+', 'sourceUrl': 'https://www.shanghairanking.cn/rankings/bcur/2026', 'legacy': True}",{},0,,0,
4137013387,山东外国语职业技术大学,山东省,日照市,,山东省,日照市,本科,,999999,[],True,教育部2026名录（CSV镜像）,民办,2144,https://www.swut.edu.cn/,山东省日照市山海路99号,True,,,,,,,,,,,,{},0,,0,
4137013624,泰山科技学院,山东省,泰安市,,山东省,泰安市,本科,100+,1055,[],True,教育部2026名录（CSV镜像）,民办,2513,https://www.tskjxy.edu.cn/,山东省泰安市岱岳区山口镇学院西路8号,True,,,,,,,,,,,"{'rankingId': 'legacy-shanghairanking-bcur', 'edition': '2026', 'sortValue': 1055.0, 'label': '2026软科分类标签 100+', 'sourceUrl': 'https://www.shanghairanking.cn/rankings/bcur/2026', 'legacy': True}",{},0,,0,
4137013857,山东华宇工学院,山东省,德州市,,山东省,德州市,本科,78,973,[],True,教育部2026名录（CSV镜像）,民办,2154,https://www.huayu.edu.cn/,山东省德州市大学东路968号,True,,,,,,,,,,,"{'rankingId': 'legacy-shanghairanking-bcur', 'edition': '2026', 'sortValue': 973.0, 'label': '2026软科主榜 78', 'sourceUrl': 'https://www.shanghairanking.cn/rankings/bcur/2026', 'legacy': True}",{},0,,0,
4137013874,山东外事职业大学,山东省,威海市,,山东省,威海市,本科,,999999,[],True,教育部2026名录（CSV镜像）,民办,2148,https://www.sdws.edu.cn/,"威海校区：山东省威海市乳山银滩AAAA旅游度假区,济南校区：山东省济南市天桥区历山北路2号",True,,,,,,,,,,,,{},0,,0,
4137013995,青岛工学院,山东省,青岛市,,山东省,青岛市,本科,98,995,[],True,教育部2026名录（CSV镜像）,民办,2514,https://www.qit.edu.cn/,山东省青岛市胶州市福州南路236号,True,,,,,,,,,,,"{'rankingId': 'legacy-shanghairanking-bcur', 'edition': '2026', 'sortValue': 995.0, 'label': '2026软科主榜 98', 'sourceUrl': 'https://www.shanghairanking.cn/rankings/bcur/2026', 'legacy': True}",{},0,,0,
4137013997,青岛农业大学海都学院,山东省,烟台市,,山东省,烟台市,本科,,999999,[],True,教育部2026名录（CSV镜像）,民办,2516,http://www.hdxy.edu.cn/,山东省莱阳市文化路11号,True,,,,,,,,,,,,{},0,,0,
4137013998,齐鲁理工学院,山东省,济南市,,山东省,济南市,本科,2,868,[],True,教育部2026名录（CSV镜像）,民办,2517,https://www.qlit.edu.cn/,"济南校区：山东省济南市经十东路3028号,曲阜校区：山东省曲阜市有朋路105号",True,,,,,,,,,,,"{'rankingId': 'legacy-shanghairanking-bcur', 'edition': '2026', 'sortValue': 868.0, 'label': '2026软科主榜 2', 'sourceUrl': 'https://www.shanghairanking.cn/rankings/bcur/2026', 'legacy': True}",{},0,,0,
4137013999,山东财经大学东方学院,山东省,泰安市,,山东省,泰安市,本科,,999999,[],True,教育部2026名录（CSV镜像）,民办,1540,https://www.sdor.cn/,山东省泰安市岱岳区正阳门大街66号,True,,,,,,,,,,,,{},0,,0,
4137014002,烟台科技学院,山东省,烟台市,,山东省,烟台市,本科,92,987,[],True,教育部2026名录（CSV镜像）,民办,3602,https://www.ytkj.edu.cn/,山东省烟台市蓬莱区仙境西路34号,True,,,,,,,,,,,"{'rankingId': 'legacy-shanghairanking-bcur', 'edition': '2026', 'sortValue': 987.0, 'label': '2026软科主榜 92', 'sourceUrl': 'https://www.shanghairanking.cn/rankings/bcur/2026', 'legacy': True}",{},0,,0,
4137014100,山东政法学院,山东省,济南市,,山东省,济南市,本科,政22,569,[],False,教育部2026名录（CSV镜像）,,1279,https://www.sdupsl.edu.cn/,"校本部：山东省济南市解放东路63号,研究生校区：山东省济南市历下区历山路49号",True,,,,,,,,,,,"{'rankingId': 'legacy-shanghairanking-bcur', 'edition': '2026', 'sortValue': 569.0, 'label': '2026软科分类标签 政22', 'sourceUrl': 'https://www.shanghairanking.cn/rankings/bcur/2026', 'legacy': True}",{},0,,0,
4137014276,齐鲁师范学院,山东省,济南市,,山东省,济南市,本科,465,669,[],False,教育部2026名录（CSV镜像）,,2607,http://www.qlnu.edu.cn,"章丘校区：山东省济南市章丘区文博路2号,历下校区：山东省济南市历下区历山路36号",True,,,,,,,,,,,"{'rankingId': 'legacy-shanghairanking-bcur', 'edition': '2026', 'sortValue': 669.0, 'label': '2026软科主榜 465', 'sourceUrl': 'https://www.shanghairanking.cn/rankings/bcur/2026', 'legacy': True}",{},0,,0,
4137014277,山东青年政治学院,山东省,济南市,,山东省,济南市,本科,480,684,[],False,教育部2026名录（CSV镜像）,,2608,https://www.sdyu.edu.cn/,山东省济南市历城区经十东路31699号,True,,,,,,,,,,,"{'rankingId': 'legacy-shanghairanking-bcur', 'edition': '2026', 'sortValue': 684.0, 'label': '2026软科主榜 480', 'sourceUrl': 'https://www.shanghairanking.cn/rankings/bcur/2026', 'legacy': True}",{},0,,0,
4137014327,青岛电影学院,山东省,青岛市,,山东省,青岛市,本科,,999999,[],True,教育部2026名录（CSV镜像）,民办,2844,https://www.qdfa.edu.cn/,山东省青岛市黄岛区金沙滩路689号,True,,,,,,,,,,,,{},0,,0,
4137014438,山东管理学院,山东省,济南市,,山东省,济南市,本科,486,691,[],False,教育部2026名录（CSV镜像）,,3004,https://www.sdmu.edu.cn/,"历城校区：山东省济南市历城区桑园路60号,长清校区：山东省济南市长清区丁香路3500号",True,,,,,,,,,,,"{'rankingId': 'legacy-shanghairanking-bcur', 'edition': '2026', 'sortValue': 691.0, 'label': '2026软科主榜 486', 'sourceUrl': 'https://www.shanghairanking.cn/rankings/bcur/2026', 'legacy': True}",{},0,,0,
4137014439,山东农业工程学院,山东省,济南市,,山东省,济南市,本科,500+,762,[],False,教育部2026名录（CSV镜像）,,3005,https://www.sdaeu.edu.cn/,"济南校区：山东省济南市历城区农干院路866号,淄博校区：山东淄博市周村区鲁泰大道6666号",True,,,,,,,,,,,"{'rankingId': 'legacy-shanghairanking-bcur', 'edition': '2026', 'sortValue': 762.0, 'label': '2026软科分类标签 500+', 'sourceUrl': 'https://www.shanghairanking.cn/rankings/bcur/2026', 'legacy': True}",{},0,,0,
4137014878,康复大学,山东省,青岛市,,山东省,青岛市,本科,,999999,[],False,教育部2026名录（CSV镜像）,,3703,https://www.uhrs.edu.cn/,山东省青岛高新区登云路369号,True,,,,,,,,,,,,{},0,,0,
4137013009,淄博职业技术大学,山东省,淄博市,,山东省,淄博市,本科,,999999,[],False,教育部2026名录（CSV镜像）,,2112,https://www.zbvc.edu.cn/,山东省淄博市周村区联通路506号,True,,,,,,,,,,,,{},0,,0,
4137012818,滨州职业技术大学,山东省,滨州市,,山东省,滨州市,本科,,999999,[],False,教育部2026名录（CSV镜像）,,2106,https://www.bzpt.edu.cn/,山东省滨州市黄河十二路919号,True,,,,,,,,,,,,{},0,,0,
4137012062,日照职业技术大学,山东省,日照市,,山东省,日照市,本科,,999999,[],False,教育部2026名录（CSV镜像）,,1336,https://www.rzpt.cn/,"卧龙山校区：山东省日照市烟台北路16号,天台山校区：山东省日照市东港区海洋大道9号",True,,,,,,,,,,,,{},0,,0,
4137010832,山东商业职业技术大学,山东省,济南市,,山东省,济南市,本科,,999999,[],False,教育部2026名录（CSV镜像）,,2097,https://www.sict.edu.cn/,山东省济南市历城区旅游路4516号,True,,,,,,,,,,,,{},0,,0,
4137014979,临沂工学院,山东省,临沂市,,山东省,临沂市,本科,,999999,[],True,教育部2026名录（CSV镜像）,民办,3925,,,True,,,,,,,,,,,,{},0,,0,
4137012819,山东科技职业大学,山东省,潍坊市,,山东省,潍坊市,本科,,999999,[],False,教育部2026名录（CSV镜像）,,2107,https://www.sdvcst.edu.cn/,山东省潍坊市西环路6388号,True,,,,,,,,,,,,{},0,,0,
4137010442,山东医学高等专科学校,山东省,临沂市,,山东省,临沂市,专科,,999999,[],False,教育部2026名录（CSV镜像）,,678,https://www.sdmc.edu.cn/,"临沂校区：山东省临沂市兰山区聚才六路,济南校区：山东省济南市市中区二环南路5460号",True,,,,,,,,,,,,{},0,,0,
4137010444,菏泽医学专科学校,山东省,菏泽市,,山东省,菏泽市,专科,,999999,[],False,教育部2026名录（CSV镜像）,,1165,https://www.hzmc.edu.cn/,山东省菏泽市牡丹区泰山路5025号,True,,,,,,,,,,,,{},0,,0,
4137011827,山东电力高等专科学校,山东省,济南市,,山东省,济南市,专科,,999999,[],False,教育部2026名录（CSV镜像）,,2094,https://www.sepc.edu.cn/,"校本部：山东省济南市二环南路500号,泰安龙潭路校区：泰安市龙潭路179号,泰安明堂路校区：泰安市明堂路9号",True,,,,,,,,,,,,{},0,,0,
4137012070,曲阜远东职业技术学院,山东省,济宁市,,山东省,济宁市,专科,,999999,[],True,教育部2026名录（CSV镜像）,民办,2137,https://www.fareast-edu.net,"曲阜高铁校区：山东省曲阜市曲阜东高铁站西200米孔子大道1号,曲阜校区：山东省曲阜市石门山风景区远大路",True,,,,,,,,,,,,{},0,,0,
4137012324,青岛职业技术学院,山东省,青岛市,,山东省,青岛市,专科,,999999,[],False,教育部2026名录（CSV镜像）,,2098,https://www.qtc.edu.cn/,"黄岛校区：山东省青岛市黄岛区钱塘江路369号,市南校区：山东省青岛市市南区金坛路17号,市北校区：山东省青岛市市北区郭口路2号",True,,,,,,,,,,,,{},0,,0,
4137012326,威海职业学院,山东省,威海市,,山东省,威海市,专科,,999999,[],False,教育部2026名录（CSV镜像）,,2099,https://www.whvc.edu.cn/,山东省威海市科技新城,True,,,,,,,,,,,,{},0,,0,
4137012328,山东职业学院,山东省,济南市,,山东省,济南市,专科,,999999,[],False,教育部2026名录（CSV镜像）,,1513,https://www.sdp.edu.cn/,山东省济南市经十东路23000号,True,,,,,,,,,,,,{},0,,0,
4137012329,山东劳动职业技术学院,山东省,济南市,,山东省,济南市,专科,,999999,[],False,教育部2026名录（CSV镜像）,,2100,https://www.sdlvtc.cn/,"主校区：山东省济南市长清大学科技园区海棠路800号,槐荫校区：山东省济南市经十路23266号",True,,,,,,,,,,,,{},0,,0,
4137012330,莱芜职业技术学院,山东省,济南市,,山东省,济南市,专科,,999999,[],False,教育部2026名录（CSV镜像）,,2101,https://www.lwvc.edu.cn/,山东省济南市莱芜高新区山财大街1号,True,,,,,,,,,,,,{},0,,0,
4137012335,济宁职业技术学院,山东省,济宁市,,山东省,济宁市,专科,,999999,[],False,教育部2026名录（CSV镜像）,,2102,https://www.jnzyjsxy.cn/,山东省济宁市任城区金宇路77号,True,,,,,,,,,,,,{},0,,0,
4137012391,潍坊职业学院,山东省,潍坊市,,山东省,潍坊市,专科,,999999,[],False,教育部2026名录（CSV镜像）,,2103,http://www.sdwfvc.com/,"滨海校区：山东省潍坊市滨海经济技术开发区央子街道汉江东一街02999号,奎文校区：山东省潍坊市东风东街8029号",True,,,,,,,,,,,,{},0,,0,
4137012396,烟台职业学院,山东省,烟台市,,山东省,烟台市,专科,,999999,[],False,教育部2026名录（CSV镜像）,,2104,https://www.ytvc.edu.cn/,山东省烟台市莱山区滨海中路2018号,True,,,,,,,,,,,,{},0,,0,
4137012440,东营职业学院,山东省,东营市,,山东省,东营市,专科,,999999,[],False,教育部2026名录（CSV镜像）,,2105,https://www.dyxy.edu.cn/,山东省东营市府前大街129号,True,,,,,,,,,,,,{},0,,0,
4137012441,聊城职业技术学院,山东省,聊城市,,山东省,聊城市,专科,,999999,[],False,教育部2026名录（CSV镜像）,,1369,http://www.lctvu.sd.cn/,"南校区：山东省聊城市花园北路133号,北校区：山东省聊城市东昌府区新区街道财干路19号",True,,,,,,,,,,,,{},0,,0,
4137012841,山东服装职业学院,山东省,泰安市,,山东省,泰安市,专科,,999999,[],False,教育部2026名录（CSV镜像）,,2108,https://www.sdfzxy.edu.cn/,山东省泰安市天烛峰路299号,True,,,,,,,,,,,,{},0,,0,
4137012842,德州科技职业学院,山东省,德州市,,山东省,德州市,专科,,999999,[],True,教育部2026名录（CSV镜像）,民办,2140,https://www.dzkjxy.com/,"禹城校区：山东省禹城市学院街566号,德州校区：山东省德州天衢新区马颊河路2499号",True,,,,,,,,,,,,{},0,,0,
4137012844,山东力明科技职业学院,山东省,泰安市,,山东省,泰安市,专科,,999999,[],True,教育部2026名录（CSV镜像）,民办,2139,http://edu.6789.com.cn/,"泰安校区：山东省泰安高新区东天门大街999号,济南市中校区：山东省济南市市中区济微路389号",True,,,,,,,,,,,,{},0,,0,
4137012945,山东圣翰财贸职业学院,山东省,济南市,,山东省,济南市,专科,,999999,[],True,教育部2026名录（CSV镜像）,民办,2138,https://www.sdshxy.cn/index.html,山东省济南市长清区大学科技园明发路1666号,True,,,,,,,,,,,,{},0,,0,
4137012946,山东水利职业学院,山东省,日照市,,山东省,日照市,专科,,999999,[],False,教育部2026名录（CSV镜像）,,2109,https://www.sdwcvc.edu.cn/,山东省日照市学苑路677号,True,,,,,,,,,,,,{},0,,0,
4137012947,山东畜牧兽医职业学院,山东省,潍坊市,,山东省,潍坊市,专科,,999999,[],False,教育部2026名录（CSV镜像）,,2110,https://www.sdmy.edu.cn/,山东省潍坊市高新区胜利东街3031号,True,,,,,,,,,,,,{},0,,0,
4137013005,青岛飞洋职业技术学院,山东省,青岛市,,山东省,青岛市,专科,,999999,[],True,教育部2026名录（CSV镜像）,民办,,,,False,nonRecruiting,已停止招生,2014,https://www.moe.gov.cn/jyb_xwfb/s5147/201507/t20150703_192338.html,教育部网站转载《中国教育报》关于青岛市教育局2014年度民办学校年检补检结果，明确青岛飞洋职业技术学院属于被要求停止招生的学历教育学校。,,,,,,,{},0,,0,
4137013007,东营科技职业学院,山东省,东营市,,山东省,东营市,专科,,999999,[],False,教育部2026名录（CSV镜像）,,2145,https://www.dykj.edu.cn/,山东省东营市广饶县迎宾路361号,True,,,,,,,,,,,,{},0,,0,
4137013008,山东交通职业学院,山东省,潍坊市,,山东省,潍坊市,专科,,999999,[],False,教育部2026名录（CSV镜像）,,2111,http://www.sdjtzyxy.com,"潍坊校区：山东省潍坊市渤海路7369号,泰山校区：山东省泰安市岱岳区天平湖路26号",True,,,,,,,,,,,,{},0,,0,
4137013010,山东外贸职业学院,山东省,青岛市,,山东省,青岛市,专科,,999999,[],False,教育部2026名录（CSV镜像）,,2113,https://www.sdwm.cn/,"青岛北校区：山东省青岛市李沧区巨峰路201号,青岛南校区：山东省青岛市市南区江西路62号,泰安新校区（泰安基地）：山东省泰安市岱岳区金牛山路57号,泰安校区：山东省泰安市岱岳区东岳大街497号",True,,,,,,,,,,,,{},0,,0,
4137013011,青岛酒店管理职业技术学院,山东省,青岛市,,山东省,青岛市,专科,,999999,[],False,教育部2026名录（CSV镜像）,,1168,https://www.qchm.edu.cn/,山东省青岛市李沧区九水东路599号,True,,,,,,,,,,,,{},0,,0,
4137013012,山东信息职业技术学院,山东省,潍坊市,,山东省,潍坊市,专科,,999999,[],False,教育部2026名录（CSV镜像）,,2114,https://www.sdcit.edu.cn/,"奎文校区：山东省潍坊市奎文区东风东街7494号,滨海校区：山东省潍坊市滨海经济开发区智慧南二街588号",True,,,,,,,,,,,,{},0,,0,
4137013014,青岛港湾职业技术学院,山东省,青岛市,,山东省,青岛市,专科,,999999,[],False,教育部2026名录（CSV镜像）,,2115,https://www.qdgw.edu.cn/,山东省青岛市黄岛区映山红路316号,True,,,,,,,,,,,,{},0,,0,
4137013316,山东胜利职业学院,山东省,东营市,,山东省,东营市,专科,,999999,[],False,教育部2026名录（CSV镜像）,,2116,http://www.sdslvc.cn/,山东省东营市东营区济南路1号,True,,,,,,,,,,,,{},0,,0,
4137013317,山东经贸职业学院,山东省,潍坊市,,山东省,潍坊市,专科,,999999,[],False,教育部2026名录（CSV镜像）,,2117,http://www.sdecu.com/,山东省潍坊市潍城区青年路2799号,True,,,,,,,,,,,,{},0,,0,
4137013318,山东工业职业学院,山东省,淄博市,,山东省,淄博市,专科,,999999,[],False,教育部2026名录（CSV镜像）,,2118,https://www.sdivc.edu.cn/,山东省淄博市高新区张北路69号,True,,,,,,,,,,,,{},0,,0,
4137013319,山东化工职业学院,山东省,淄博市,,山东省,淄博市,专科,,999999,[],False,教育部2026名录（CSV镜像）,,2119,http://www.sdhg.edu.cn/index.htm,山东省潍坊市滨海经济开发区汉江东一街03699号,True,,,,,,,,,,,,{},0,,0,
4137013321,青岛求实职业技术学院,山东省,青岛市,,山东省,青岛市,专科,,999999,[],True,教育部2026名录（CSV镜像）,民办,2149,http://www.qdqs.com/default.aspx,山东省青岛市城阳区丰海路51号,True,,,,,,,,,,,,{},0,,0,
4137013323,济南职业学院,山东省,济南市,,山东省,济南市,专科,,999999,[],False,教育部2026名录（CSV镜像）,,2120,https://www.jnvc.edu.cn/,"舜耕校区：山东省济南市舜耕路12号,彩石校区：山东省济南市历城区旅游路5518号",True,,,,,,,,,,,,{},0,,0,
4137013355,烟台工程职业技术学院,山东省,烟台市,,山东省,烟台市,专科,,999999,[],False,教育部2026名录（CSV镜像）,,2506,https://www.ytetc.edu.cn/,山东省烟台市经济技术开发区珠江路92号,True,,,,,,,,,,,,{},0,,0,
4137013388,潍坊工商职业学院,山东省,潍坊市,,山东省,潍坊市,专科,,999999,[],True,教育部2026名录（CSV镜像）,民办,2142,http://www.wfgs.edu.cn/,山东省潍坊市诸城市凤凰路5600号,True,,,,,,,,,,,,{},0,,0,
4137013389,德州职业技术学院,山东省,德州市,,山东省,德州市,专科,,999999,[],False,教育部2026名录（CSV镜像）,,2507,https://www.dzvc.edu.cn/,山东省德州市大学东路689号,True,,,,,,,,,,,,{},0,,0,
4137013390,枣庄科技职业学院,山东省,枣庄市,,山东省,枣庄市,专科,,999999,[],False,教育部2026名录（CSV镜像）,,2143,http://www.zzkjxy.edu.cn/,山东省枣庄市滕州市学院东路888号,True,,,,,,,,,,,,{},0,,0,
4137013777,淄博师范高等专科学校,山东省,淄博市,,山东省,淄博市,专科,,999999,[],False,教育部2026名录（CSV镜像）,,2095,https://www.zbnc.edu.cn,山东省淄博市淄川经济开发区唐骏欧铃路99号,True,,,,,,,,,,,,{},0,,0,
4137013778,山东中医药高等专科学校,山东省,烟台市,,山东省,烟台市,专科,,999999,[],False,教育部2026名录（CSV镜像）,,2096,https://www.sdctcm.edu.cn/,"烟台校区：山东省烟台市牟平区滨海东路508号,莱阳校区：山东省烟台市莱阳市文化路6号",True,,,,,,,,,,,,{},0,,0,
4137013855,济南工程职业技术学院,山东省,济南市,,山东省,济南市,专科,,999999,[],False,教育部2026名录（CSV镜像）,,2121,https://www.jngcxy.edu.cn/,山东省济南市章丘区经十东路6088号,True,,,,,,,,,,,,{},0,,0,
4137013856,山东电子职业技术学院,山东省,济南市,,山东省,济南市,专科,,999999,[],False,教育部2026名录（CSV镜像）,,2122,https://www.sdcet.edu.cn/,"章丘校区：山东省济南市章丘大学城文化路888号,和平校区：山东省济南市历下区和平路4号",True,,,,,,,,,,,,{},0,,0,
4137013858,山东旅游职业学院,山东省,济南市,,山东省,济南市,专科,,999999,[],False,教育部2026名录（CSV镜像）,,2123,http://www.sdts.net.cn,山东省济南市经十东路3556号,True,,,,,,,,,,,,{},0,,0,
4137013859,山东铝业职业学院,山东省,淄博市,,山东省,淄博市,专科,,999999,[],False,教育部2026名录（CSV镜像）,,2124,https://slxy.chinalco.com.cn/,"威海校区：山东省威海市南海新区金海路118号,淄博校区：山东省淄博市张店区南定镇山铝花园路8号",True,,,,,,,,,,,,{},0,,0,
4137013861,泰山职业技术学院,山东省,泰安市,,山东省,泰安市,专科,,999999,[],False,教育部2026名录（CSV镜像）,,2125,https://www.tsvc.edu.cn/index.htm,山东省泰安市天烛峰路281号,True,,,,,,,,,,,,{},0,,0,
4137013966,山东药品食品职业学院,山东省,威海市,,山东省,威海市,专科,,999999,[],False,教育部2026名录（CSV镜像）,,2126,http://www.sddfvc.edu.cn/,"威海校区：山东省威海市高技术产业开发区科技新城和兴路1510号,淄博校区：山东省淄博市张店区商场西街74号",True,,,,,,,,,,,,{},0,,0,
4137014078,山东商务职业学院,山东省,烟台市,,山东省,烟台市,专科,,999999,[],False,教育部2026名录（CSV镜像）,,2127,https://www.sdbi.edu.cn/,山东省烟台市高新区海兴路15号,True,,,,,,,,,,,,{},0,,0,
4137014079,山东轻工职业学院,山东省,淄博市,,山东省,淄博市,专科,,999999,[],False,教育部2026名录（CSV镜像）,,1510,https://www.sdlivc.edu.cn/,"校本部：山东省淄博市周村区米山路30号,文昌湖校区：山东省淄博市周村区萌水镇正阳路1号",True,,,,,,,,,,,,{},0,,0,
4137014080,山东城市建设职业学院,山东省,济南市,,山东省,济南市,专科,,999999,[],False,教育部2026名录（CSV镜像）,,2128,https://www.sduc.edu.cn/,山东省济南市旅游路东首4657号,True,,,,,,,,,,,,{},0,,0,
4137014081,烟台汽车工程职业学院,山东省,烟台市,,山东省,烟台市,专科,,999999,[],False,教育部2026名录（CSV镜像）,,2129,http://www.ytqcvc.cn/,山东省烟台市福山区聚贤路1号,True,,,,,,,,,,,,{},0,,0,
4137014082,山东司法警官职业学院,山东省,济南市,,山东省,济南市,专科,,999999,[],False,教育部2026名录（CSV镜像）,,2130,https://www.sdsfjy.edu.cn,"济南校区：山东省济南市二环东路6997号,章丘校区：山东省济南市章丘区章莱路3555号",True,,,,,,,,,,,,{},0,,0,
4137014118,菏泽家政职业学院,山东省,菏泽市,,山东省,菏泽市,专科,,999999,[],False,教育部2026名录（CSV镜像）,,2131,http://www.hzjzxy.com,山东省菏泽市单县开发区学院中路,True,,,,,,,,,,,,{},0,,0,
4137014193,山东传媒职业学院,山东省,济南市,,山东省,济南市,专科,,999999,[],False,教育部2026名录（CSV镜像）,,2508,https://www.sdcmc.edu.cn/,"章丘校区：山东省济南市经十东路8678号,文东校区：山东省济南市文化东路18号",True,,,,,,,,,,,,{},0,,0,
4137014195,临沂职业学院,山东省,临沂市,,山东省,临沂市,专科,,999999,[],False,教育部2026名录（CSV镜像）,,2509,https://www.lyvc.edu.cn/,"主校区：山东省临沂市罗庄区湖东路63号,经开区校区：山东省临沂市河东区香港路与李公河路交叉路口东北280米",True,,,,,,,,,,,,{},0,,0,
4137014196,枣庄职业学院,山东省,枣庄市,,山东省,枣庄市,专科,,999999,[],False,教育部2026名录（CSV镜像）,,2510,https://www.sdzzvc.edu.cn/,"枣庄新城校区：枣庄市祁连山路2169号,台儿庄古城校区：山东省枣庄市台儿庄区东顺路",True,,,,,,,,,,,,{},0,,0,
4137014242,山东理工职业学院,山东省,济宁市,,山东省,济宁市,专科,,999999,[],False,教育部2026名录（CSV镜像）,,2511,http://www.sdpu.edu.cn/,"主校区：山东省济宁市太白湖新区济宁大道37号,嘉祥人才培养基地：山东省济宁市嘉祥县拥军路3号,鱼台人才培养基地：山东省济宁市鱼台县古棠路29号,新校区：山东省济宁市任城区荷花路6号",True,,,,,,,,,,,,{},0,,0,
4137014261,山东文化产业职业学院,山东省,青岛市,,山东省,青岛市,专科,,999999,[],True,教育部2026名录（CSV镜像）,民办,2512,https://www.sdcivc.edu.cn/,山东省青岛市莱西市学院路1号,True,,,,,,,,,,,,{},0,,0,
4137014320,青岛远洋船员职业学院,山东省,青岛市,,山东省,青岛市,专科,,999999,[],False,教育部2026名录（CSV镜像）,,2669,https://www.qmc.edu.cn/,青岛市黄岛区翠岛路123号,True,,,,,,,,,,,,{},0,,0,
4137014332,济南幼儿师范高等专科学校,山东省,济南市,,山东省,济南市,专科,,999999,[],False,教育部2026名录（CSV镜像）,,2959,https://www.jnpec.edu.cn/,"长清校区：山东省济南市长清区大学科技园丹桂路2011号,明湖校区：山东省济南市天桥区明湖西路817号",True,,,,,,,,,,,,{},0,,0,
4137014343,济南护理职业学院,山东省,济南市,,山东省,济南市,专科,,999999,[],False,教育部2026名录（CSV镜像）,,2817,https://www.sdjnwx.com/,济南市历城区港西路3636号,True,,,,,,,,,,,,{},0,,0,
4137014345,泰山护理职业学院,山东省,泰安市,,山东省,泰安市,专科,,999999,[],False,教育部2026名录（CSV镜像）,,2960,https://www.tsvcn.edu.cn/,"主校区：山东省泰安市泰山区迎胜东路8号,新校区：山东省泰安市岱岳区天平大街25号",True,,,,,,,,,,,,{},0,,0,
4137014346,山东海事职业学院,山东省,潍坊市,,山东省,潍坊市,专科,,999999,[],True,教育部2026名录（CSV镜像）,民办,2928,https://www.sdmvc.edu.cn/,"南区：潍坊市滨海经济技术开发区科教创新园区智慧南二街1000号,北区：潍坊滨海经济技术开发区智慧北二街00999号",True,,,,,,,,,,,,{},0,,0,
4137014347,潍坊护理职业学院,山东省,潍坊市,,山东省,潍坊市,专科,,999999,[],False,教育部2026名录（CSV镜像）,,2961,https://www.wfhlxy.com/,"主校区：山东省青州市云门山南路9966号,潍坊校区：潍坊市奎文区鸢飞路1729号,益都校区：潍坊市青州市玲珑山南路4318号",True,,,,,,,,,,,,{},0,,0,
4137014379,潍坊工程职业学院,山东省,潍坊市,,山东省,潍坊市,专科,,999999,[],False,教育部2026名录（CSV镜像）,,2897,https://www.wfec.edu.cn/,"云门山校区：山东省青州市云门山南路8979号,玲珑山校区：山东省青州市玲珑山南路4139号",True,,,,,,,,,,,,{},0,,0,
4137014477,菏泽职业学院,山东省,菏泽市,,山东省,菏泽市,专科,,999999,[],False,教育部2026名录（CSV镜像）,,3113,https://www.hezevc.edu.cn/,山东省菏泽市长城路999号,True,,,,,,,,,,,,{},0,,0,
4137014506,山东艺术设计职业学院,山东省,济南市,,山东省,济南市,专科,,999999,[],True,教育部2026名录（CSV镜像）,民办,3192,https://www.sysy.com.cn/,"黄台校区：山东省济南市航运路北首黄台山庄109号,济阳校区：山东省济南市济阳区黄河大街17号",True,,,,,,,,,,,,{},0,,0,
4137014507,威海海洋职业学院,山东省,威海市,,山东省,威海市,专科,,999999,[],False,教育部2026名录（CSV镜像）,,3227,https://www.whovc.edu.cn/,山东省威海市荣成海湾南路1000号,True,,,,,,,,,,,,{},0,,0,
4137014545,山东特殊教育职业学院,山东省,济南市,,山东省,济南市,专科,,999999,[],False,教育部2026名录（CSV镜像）,,3359,https://www.sdse.cn/,济南市长清区大学科技园安岱路333号,True,,,,,,,,,,,,{},0,,0,
4137014570,烟台黄金职业学院,山东省,烟台市,,山东省,烟台市,专科,,999999,[],True,教育部2026名录（CSV镜像）,民办,3217,https://www.ytgc.edu.cn/,山东省烟台招远市金海大道996号,True,,,,,,,,,,,,{},0,,0,
4137014605,日照航海工程职业学院,山东省,日照市,,山东省,日照市,专科,,999999,[],True,教育部2026名录（CSV镜像）,民办,3360,https://www.rzmevc.edu.cn/,山东省日照市东港区山海路369号,True,,,,,,,,,,,,{},0,,0,
4137014666,青岛工程职业学院,山东省,青岛市,,山东省,青岛市,专科,,999999,[],False,教育部2026名录（CSV镜像）,,3465,https://www.qdec.edu.cn/,青岛市城阳区上马街道龙翔路3号,True,,,,,,,,,,,,{},0,,0,
4137014688,青岛幼儿师范高等专科学校,山东省,青岛市,,山东省,青岛市,专科,,999999,[],False,教育部2026名录（CSV镜像）,,3488,https://www.qdpec.edu.cn/,山东省青岛市胶州经济技术开发区淮河路1007号,True,,,,,,,,,,,,{},0,,0,
4137014689,烟台幼儿师范高等专科学校,山东省,烟台市,,山东省,烟台市,专科,,999999,[],False,教育部2026名录（CSV镜像）,,3489,https://www.ytpec.edu.cn/,山东省烟台市蓬莱区小泰山西路55号,True,,,,,,,,,,,,{},0,,0,
4137014707,烟台文化旅游职业学院,山东省,烟台市,,山东省,烟台市,专科,,999999,[],False,教育部2026名录（CSV镜像）,,3506,https://www.yvcct.edu.cn/,山东省烟台市莱山区火炬大道3966号,True,,,,,,,,,,,,{},0,,0,
4137014708,临沂科技职业学院,山东省,临沂市,,山东省,临沂市,专科,,999999,[],False,教育部2026名录（CSV镜像）,,3507,https://www.lyvust.cn/,山东省临沂市沂河新区分金台路1号,True,,,,,,,,,,,,{},0,,0,
4137014709,青岛航空科技职业学院,山东省,青岛市,,山东省,青岛市,专科,,999999,[],True,教育部2026名录（CSV镜像）,民办,3508,https://www.qdhkxy.com/,山东青岛莱西市店埠镇南城路177号,True,,,,,,,,,,,,{},0,,0,
4137014710,潍坊环境工程职业学院,山东省,潍坊市,,山东省,潍坊市,专科,,999999,[],True,教育部2026名录（CSV镜像）,民办,3509,https://www.wfhgzxy.edu.cn/,山东省昌邑市院校中街217号,True,,,,,,,,,,,,{},0,,0,
4137014749,滨州科技职业学院,山东省,滨州市,,山东省,滨州市,专科,,999999,[],True,教育部2026名录（CSV镜像）,民办,3578,https://www.sdbky.cn/,滨州市黄河十三路505号,True,,,,,,,,,,,,{},0,,0,
4137014809,山东城市服务职业学院,山东省,烟台市,,山东省,烟台市,专科,,999999,[],False,教育部2026名录（CSV镜像）,,3641,https://www.sdcs.edu.cn/,山东省烟台市高新区科创西路60号,True,,,,,,,,,,,,{},0,,0,
4137014810,潍坊食品科技职业学院,山东省,潍坊市,,山东省,潍坊市,专科,,999999,[],True,教育部2026名录（CSV镜像）,民办,3634,http://www.wfspxy.edu.cn,山东省潍坊安丘市经济开发区齐鲁酒地大道369号,True,,,,,,,,,,,,{},0,,0,
4137014811,烟台城市科技职业学院,山东省,烟台市,,山东省,烟台市,专科,,999999,[],True,教育部2026名录（CSV镜像）,民办,3642,https://www.ytcc.edu.cn/,山东省烟台市福山区河滨南路99号,True,,,,,,,,,,,,{},0,,0,
4137014857,德州工程职业学院,山东省,德州市,,山东省,德州市,专科,,999999,[],True,教育部2026名录（CSV镜像）,民办,3709,https://www.dzgcxy.com/,德州市天衢新区崇德八大道5939号,True,,,,,,,,,,,,{},0,,0,
4137014858,日照康养职业学院,山东省,日照市,,山东省,日照市,专科,,999999,[],True,教育部2026名录（CSV镜像）,民办,3690,https://rzky.com.cn/,日照山海天旅游度假区青岛北路139号,True,,,,,,,,,,,,{},0,,0,
4137014859,烟台卫生健康职业学院,山东省,烟台市,,山东省,烟台市,专科,,999999,[],False,教育部2026名录（CSV镜像）,,3689,https://ythealth.edu.cn/,山东省烟台市黄渤海新区安庆路1号,True,,,,,,,,,,,,{},0,,0,
4137014860,山东文化艺术职业学院,山东省,德州市,,山东省,德州市,专科,,999999,[],False,教育部2026名录（CSV镜像）,,3691,https://www.sdvca.cn/,山东省德州市齐河县旅游大道10号,True,,,,,,,,,,,,{},0,,0,
4137014923,聊城科技职业学院,山东省,聊城市,,山东省,聊城市,专科,,999999,[],False,教育部2026名录（CSV镜像）,,3793,https://www.lckjzyxy.edu.cn/index.html,山东省临清市新华南路9号,True,,,,,,,,,,,,{},0,,0,
4137014924,济宁汽车工程职业学院,山东省,济宁市,,山东省,济宁市,专科,,999999,[],True,教育部2026名录（CSV镜像）,民办,3794,http://www.jnqcxy.cn,济宁市梁山县东风路37号,True,,,,,,,,,,,,{},0,,0,
4137014925,日照科技职业学院,山东省,日照市,,山东省,日照市,专科,,999999,[],True,教育部2026名录（CSV镜像）,民办,3795,http://www.rzvcst.cn/,山东省日照市北经济开发区临沂北路6号,True,,,,,,,,,,,,{},0,,0,
4137014926,枣庄应用技术职业学院,山东省,枣庄市,,山东省,枣庄市,专科,,999999,[],True,教育部2026名录（CSV镜像）,民办,3796,https://www.zzyyxy.com/,山东省枣庄市市中区清泉路18号,True,,,,,,,,,,,,{},0,,0,
4137014927,临沂城市职业学院,山东省,临沂市,,山东省,临沂市,专科,,999999,[],True,教育部2026名录（CSV镜像）,民办,3797,http://lycvc.linyi.cn,山东省临沂市罗庄区国家高新区沂河路618号,True,,,,,,,,,,,,{},0,,0,
4137014928,菏泽生物医药职业学院,山东省,菏泽市,,山东省,菏泽市,专科,,999999,[],True,教育部2026名录（CSV镜像）,民办,3798,https://www.hzswyyxy.com,菏泽市鄄城县山东省菏泽市鄄城县黄河大街2999号,True,,,,,,,,,,,,{},0,,0,
4137014961,济宁卫生健康职业学院,山东省,济宁市,,山东省,济宁市,专科,,999999,[],False,教育部2026名录（CSV镜像）,,3913,,,True,,,,,,,,,,,,{},0,,0,
4137014962,青岛健康科技职业学院,山东省,青岛市,,山东省,青岛市,专科,,999999,[],False,教育部2026名录（CSV镜像）,,3893,,,True,,,,,,,,,,,,{},0,,0,
4137014963,德州智能技术职业学院,山东省,德州市,,山东省,德州市,专科,,999999,[],False,教育部2026名录（CSV镜像）,,3896,,,True,,,,,,,,,,,,{},0,,0,
4137014964,滨州健康科技职业学院,山东省,滨州市,,山东省,滨州市,专科,,999999,[],True,教育部2026名录（CSV镜像）,民办,3898,,,True,,,,,,,,,,,,{},0,,0,
4141010078,华北水利水电大学,河南省,郑州市,,河南省,郑州市,本科,249,353,[],False,教育部2026名录（CSV镜像）,,464,https://www.ncwu.edu.cn/,"花园校区：河南省郑州市金水区北环路36号,龙子湖校区：河南省郑州市郑东新区金水东路136号,江淮校区：河南省信阳市罗山县龙池大道236号",True,,,,,,,,,,,"{'rankingId': 'legacy-shanghairanking-bcur', 'edition': '2026', 'sortValue': 353.0, 'label': '2026软科主榜 249', 'sourceUrl': 'https://www.shanghairanking.cn/rankings/bcur/2026', 'legacy': True}",{},0,,0,
4141010459,郑州大学,河南省,郑州市,,河南省,郑州市,本科,44,49,"['211', '双一流']",False,教育部2026名录（CSV镜像）,,62,https://www.zzu.edu.cn/,"校本部：河南省郑州市高新区科学大道100号,南校区：河南省郑州市二七区大学北路75号,北校区：河南省郑州市金水区文化路街道文化路97号,东校区：河南省郑州市二七区大学北路40号,洛阳产业技术研究院：河南省洛阳市周山大道6号",True,,,,,,,,,,,"{'rankingId': 'legacy-shanghairanking-bcur', 'edition': '2026', 'sortValue': 49.0, 'label': '2026软科主榜 44', 'sourceUrl': 'https://www.shanghairanking.cn/rankings/bcur/2026', 'legacy': True}",{},0,,0,
4141010460,河南理工大学,河南省,焦作市,,河南省,焦作市,本科,194,266,[],False,教育部2026名录（CSV镜像）,,463,https://www.hpu.edu.cn/,"南校区：河南省焦作市高新区世纪路2001号,北校区：河南省焦作市解放区解放中路142号,郑州校区：河南省郑州市金水区丰庆路12号,白沙校区：河南省郑州市中牟县刘集街道中天商砼东272米",True,,,,,,,,,,,"{'rankingId': 'legacy-shanghairanking-bcur', 'edition': '2026', 'sortValue': 266.0, 'label': '2026软科主榜 194', 'sourceUrl': 'https://www.shanghairanking.cn/rankings/bcur/2026', 'legacy': True}",{},0,,0,
4141010462,郑州轻工业大学,河南省,郑州市,,河南省,郑州市,本科,258,365,[],False,教育部2026名录（CSV镜像）,,458,https://www.zzuli.edu.cn/,"东风校区：河南省郑州市金水区东风路5号,禹州校区：河南省许昌市禹州市钧台办大学路1号,科学校区：河南省郑州市高新技术产业开发区科学大道136号",True,,,,,,,,,,,"{'rankingId': 'legacy-shanghairanking-bcur', 'edition': '2026', 'sortValue': 365.0, 'label': '2026软科主榜 258', 'sourceUrl': 'https://www.shanghairanking.cn/rankings/bcur/2026', 'legacy': True}",{},0,,0,
4141010463,河南工业大学,河南省,郑州市,,河南省,郑州市,本科,210,290,[],False,教育部2026名录（CSV镜像）,,466,https://www.haut.edu.cn/,"嵩山路校区：河南省郑州市中原区嵩山南路140号,莲花街校区：河南省郑州市国家高新技术开发区莲花街100号,中原路校区：河南省郑州市中原区中原西路195号",True,,,,,,,,,,,"{'rankingId': 'legacy-shanghairanking-bcur', 'edition': '2026', 'sortValue': 290.0, 'label': '2026软科主榜 210', 'sourceUrl': 'https://www.shanghairanking.cn/rankings/bcur/2026', 'legacy': True}",{},0,,0,
4141010464,河南科技大学,河南省,洛阳市,,河南省,洛阳市,本科,176,242,[],False,教育部2026名录（CSV镜像）,,460,https://www.haust.edu.cn/,"开元校区：河南省洛阳市洛龙区开元大道263号,西苑校区：河南省洛阳市涧西区西苑路48号",True,,,,,,,,,,,"{'rankingId': 'legacy-shanghairanking-bcur', 'edition': '2026', 'sortValue': 242.0, 'label': '2026软科主榜 176', 'sourceUrl': 'https://www.shanghairanking.cn/rankings/bcur/2026', 'legacy': True}",{},0,,0,
4141010465,中原工学院,河南省,郑州市,,河南省,郑州市,本科,320,475,[],False,教育部2026名录（CSV镜像）,,481,https://www.zut.edu.cn/,"中原校区：河南省郑州市中原区中原中路41号,龙湖校区：河南省郑州市新郑市双湖经济开发区淮河路1号",True,,,,,,,,,,,"{'rankingId': 'legacy-shanghairanking-bcur', 'edition': '2026', 'sortValue': 475.0, 'label': '2026软科主榜 320', 'sourceUrl': 'https://www.shanghairanking.cn/rankings/bcur/2026', 'legacy': True}",{},0,,0,
4141010466,河南农业大学,河南省,郑州市,,河南省,郑州市,本科,145,202,[],False,教育部2026名录（CSV镜像）,,462,https://www.henau.edu.cn/,"文化路校区：河南省郑州市金水区农业路63号,龙子湖校区：河南省郑州市郑东新区平安大道218号,许昌新区校区：河南省许昌市建安区劳动北路",True,,,,,,,,,,,"{'rankingId': 'legacy-shanghairanking-bcur', 'edition': '2026', 'sortValue': 202.0, 'label': '2026软科主榜 145', 'sourceUrl': 'https://www.shanghairanking.cn/rankings/bcur/2026', 'legacy': True}",{},0,,0,
4141010467,河南科技学院,河南省,新乡市,,河南省,新乡市,本科,359,532,[],False,教育部2026名录（CSV镜像）,,883,https://www.hist.edu.cn/,"东明校区：河南省新乡市红旗区华兰大道655号,百泉校区：河南省新乡市辉县市学院路中段",True,,,,,,,,,,,"{'rankingId': 'legacy-shanghairanking-bcur', 'edition': '2026', 'sortValue': 532.0, 'label': '2026软科主榜 359', 'sourceUrl': 'https://www.shanghairanking.cn/rankings/bcur/2026', 'legacy': True}",{},0,,0,
4141010469,河南牧业经济学院,河南省,郑州市,,河南省,郑州市,本科,500+,743,[],False,教育部2026名录（CSV镜像）,,3073,https://www.hnuahe.edu.cn/,"龙子湖校区：河南省郑州市郑东新区龙子湖北路6号,英才校区：郑州市惠济区英才街146号,北林校区：郑州市金水区北林路16号",True,,,,,,,,,,,"{'rankingId': 'legacy-shanghairanking-bcur', 'edition': '2026', 'sortValue': 743.0, 'label': '2026软科分类标签 500+', 'sourceUrl': 'https://www.shanghairanking.cn/rankings/bcur/2026', 'legacy': True}",{},0,,0,
4141010471,河南中医药大学,河南省,郑州市,,河南省,郑州市,本科,中医11,248,[],False,教育部2026名录（CSV镜像）,,873,https://www.hactcm.edu.cn/,"龙子湖校区：河南省郑州市郑东新区金水东路156号,东明路校区：河南省郑州市金水区金水路1号,人民路校区：河南省郑州市金水区人民路19号,东风路校区：河南省郑州市金水区东风路2号",True,,,,,,,,,,,"{'rankingId': 'legacy-shanghairanking-bcur', 'edition': '2026', 'sortValue': 248.0, 'label': '2026软科分类标签 中医11', 'sourceUrl': 'https://www.shanghairanking.cn/rankings/bcur/2026', 'legacy': True}",{},0,,0,
4141010472,河南医药大学,河南省,新乡市,,河南省,新乡市,本科,医27,304,[],False,教育部2026名录（CSV镜像）,,482,https://www.xxmu.edu.cn/,"新乡校区：河南省新乡市红旗区市金穗大道601号,卫辉校区：河南省新乡市卫辉市学院西路",True,,,,,,,,,,,"{'rankingId': 'legacy-shanghairanking-bcur', 'edition': '2026', 'sortValue': 304.0, 'label': '2026软科分类标签 医27', 'sourceUrl': 'https://www.shanghairanking.cn/rankings/bcur/2026', 'legacy': True}",{},0,,0,
4141010475,河南大学,河南省,开封市,,河南省,开封市,本科,95,122,['双一流'],False,教育部2026名录（CSV镜像）,,459,https://www.henu.edu.cn/,"龙子湖校区：河南省郑州市金水区明理路北段379号,明伦校区：河南省开封市顺河回族区明伦街85号,金明校区：河南省开封市龙亭区金明大道北段",True,,,,,,,,,,,"{'rankingId': 'legacy-shanghairanking-bcur', 'edition': '2026', 'sortValue': 122.0, 'label': '2026软科主榜 95', 'sourceUrl': 'https://www.shanghairanking.cn/rankings/bcur/2026', 'legacy': True}",{},0,,0,
4141010476,河南师范大学,河南省,新乡市,,河南省,新乡市,本科,168,230,[],False,教育部2026名录（CSV镜像）,,833,https://www.htu.edu.cn/,"校本部：河南省新乡市建设东路46号,平原湖校区：河南省新乡市红旗区经七路与纬八路交叉口,科技创新港校区：新乡市平原示范区黄河大道河南师范大学科技创新港",True,,,,,,,,,,,"{'rankingId': 'legacy-shanghairanking-bcur', 'edition': '2026', 'sortValue': 230.0, 'label': '2026软科主榜 168', 'sourceUrl': 'https://www.shanghairanking.cn/rankings/bcur/2026', 'legacy': True}",{},0,,0,
4141010477,信阳师范大学,河南省,信阳市,,河南省,信阳市,本科,337,498,[],False,教育部2026名录（CSV镜像）,,876,https://www.xynu.edu.cn/,"谭山校区：河南省信阳市浉河区南湖路237号,淮河校区：河南省信阳市息县淮河新区大学路1号,信阳理工学院：豫东南高新技术产业开发区(潢川县)南昌大街2号",True,,,,,,,,,,,"{'rankingId': 'legacy-shanghairanking-bcur', 'edition': '2026', 'sortValue': 498.0, 'label': '2026软科主榜 337', 'sourceUrl': 'https://www.shanghairanking.cn/rankings/bcur/2026', 'legacy': True}",{},0,,0,
4141010478,周口师范学院,河南省,周口市,,河南省,周口市,本科,389,578,[],False,教育部2026名录（CSV镜像）,,485,https://www.zknu.edu.cn,河南省周口市川汇区文昌大道中段6号,True,,,,,,,,,,,"{'rankingId': 'legacy-shanghairanking-bcur', 'edition': '2026', 'sortValue': 578.0, 'label': '2026软科主榜 389', 'sourceUrl': 'https://www.shanghairanking.cn/rankings/bcur/2026', 'legacy': True}",{},0,,0,
4141010479,安阳师范学院,河南省,安阳市,,河南省,安阳市,本科,418,611,[],False,教育部2026名录（CSV镜像）,,878,https://www.aynu.edu.cn/,"弦歌大道校区：河南省安阳市弦歌大道436号,文明大道校区：河南省安阳市文明大道265号",True,,,,,,,,,,,"{'rankingId': 'legacy-shanghairanking-bcur', 'edition': '2026', 'sortValue': 611.0, 'label': '2026软科主榜 418', 'sourceUrl': 'https://www.shanghairanking.cn/rankings/bcur/2026', 'legacy': True}",{},0,,0,
4141010480,许昌学院,河南省,许昌市,,河南省,许昌市,本科,409,600,[],False,教育部2026名录（CSV镜像）,,493,https://www.xcu.edu.cn/,"八一路校区：河南省许昌市八一路88号,兴华路校区：河南省许昌市兴华路2111号",True,,,,,,,,,,,"{'rankingId': 'legacy-shanghairanking-bcur', 'edition': '2026', 'sortValue': 600.0, 'label': '2026软科主榜 409', 'sourceUrl': 'https://www.shanghairanking.cn/rankings/bcur/2026', 'legacy': True}",{},0,,0,
4141010481,南阳师范学院,河南省,南阳市,,河南省,南阳市,本科,419,614,[],False,教育部2026名录（CSV镜像）,,487,https://www.nynu.edu.cn/,"校本部：河南省南阳市卧龙区卧龙路1638号,淅川校区：河南省南阳市淅川县永安路1号",True,,,,,,,,,,,"{'rankingId': 'legacy-shanghairanking-bcur', 'edition': '2026', 'sortValue': 614.0, 'label': '2026软科主榜 419', 'sourceUrl': 'https://www.shanghairanking.cn/rankings/bcur/2026', 'legacy': True}",{},0,,0,
4141010482,洛阳师范学院,河南省,洛阳市,,河南省,洛阳市,本科,361,536,[],False,教育部2026名录（CSV镜像）,,484,https://www.lynu.edu.cn/,河南省洛阳市洛龙区李村街道吉庆路6号,True,,,,,,,,,,,"{'rankingId': 'legacy-shanghairanking-bcur', 'edition': '2026', 'sortValue': 536.0, 'label': '2026软科主榜 361', 'sourceUrl': 'https://www.shanghairanking.cn/rankings/bcur/2026', 'legacy': True}",{},0,,0,
4141010483,商丘师范学院,河南省,商丘市,,河南省,商丘市,本科,429,626,[],False,教育部2026名录（CSV镜像）,,489,https://www.sqnu.edu.cn/,"梁园校区：河南省商丘市梁园区平原中路55号,睢阳校区：河南省商丘市睢阳区文化中路298号",True,,,,,,,,,,,"{'rankingId': 'legacy-shanghairanking-bcur', 'edition': '2026', 'sortValue': 626.0, 'label': '2026软科主榜 429', 'sourceUrl': 'https://www.shanghairanking.cn/rankings/bcur/2026', 'legacy': True}",{},0,,0,
4141010484,河南财经政法大学,河南省,郑州市,,河南省,郑州市,本科,财24,362,[],False,教育部2026名录（CSV镜像）,,490,https://www.huel.edu.cn/,"郑东校区：河南省郑州市金水区金水东路180号,文北校区：河南省郑州市金水区文化路80号,文南校区：河南省郑州市金水区文化路90号",True,,,,,,,,,,,"{'rankingId': 'legacy-shanghairanking-bcur', 'edition': '2026', 'sortValue': 362.0, 'label': '2026软科分类标签 财24', 'sourceUrl': 'https://www.shanghairanking.cn/rankings/bcur/2026', 'legacy': True}",{},0,,0,
4141010485,郑州航空工业管理学院,河南省,郑州市,,河南省,郑州市,本科,财30,397,[],False,教育部2026名录（CSV镜像）,,479,https://www.zua.edu.cn,"大学路校区：河南省郑州市大学中路2号,龙子湖校区：河南省郑州市郑东新区文苑西路15号",True,,,,,,,,,,,"{'rankingId': 'legacy-shanghairanking-bcur', 'edition': '2026', 'sortValue': 397.0, 'label': '2026软科分类标签 财30', 'sourceUrl': 'https://www.shanghairanking.cn/rankings/bcur/2026', 'legacy': True}",{},0,,0,
4141010918,黄淮学院,河南省,驻马店市,,河南省,驻马店市,本科,434,633,[],False,教育部2026名录（CSV镜像）,,884,https://www.huanghuai.edu.cn/,"校本部：河南省驻马店市开源大道76号,医学院校区：河南省驻马店市盘龙山路北段2628号",True,,,,,,,,,,,"{'rankingId': 'legacy-shanghairanking-bcur', 'edition': '2026', 'sortValue': 633.0, 'label': '2026软科主榜 434', 'sourceUrl': 'https://www.shanghairanking.cn/rankings/bcur/2026', 'legacy': True}",{},0,,0,
4141010919,平顶山学院,河南省,平顶山市,,河南省,平顶山市,本科,442,643,[],False,教育部2026名录（CSV镜像）,,880,https://www.pdsu.edu.cn/,"湖滨校区：河南省平顶山市新城区未来路南段,东湖校区：河南省平顶山市卫东区平安大道东段,崇文校区：河南省平顶山市新城区崇文路",True,,,,,,,,,,,"{'rankingId': 'legacy-shanghairanking-bcur', 'edition': '2026', 'sortValue': 643.0, 'label': '2026软科主榜 442', 'sourceUrl': 'https://www.shanghairanking.cn/rankings/bcur/2026', 'legacy': True}",{},0,,0,
4141011068,郑州工程技术学院,河南省,郑州市,,河南省,郑州市,本科,500+,794,[],False,教育部2026名录（CSV镜像）,,1922,https://www.zzut.edu.cn/,"英才校区：河南省郑州市惠济区英才街18号,金河校区：河南省郑州市惠济区金河路66号,航海校区：河南省郑州市京广南路1号,龙子湖校区：河南省郑州市郑东新区王新街9号",True,,,,,,,,,,,"{'rankingId': 'legacy-shanghairanking-bcur', 'edition': '2026', 'sortValue': 794.0, 'label': '2026软科分类标签 500+', 'sourceUrl': 'https://www.shanghairanking.cn/rankings/bcur/2026', 'legacy': True}",{},0,,0,
4141011070,洛阳理工学院,河南省,洛阳市,,河南省,洛阳市,本科,377,559,[],False,教育部2026名录（CSV镜像）,,1178,https://www.lit.edu.cn/,"王城校区：河南省洛阳市洛龙区王城大道90号,开元校区：河南省洛阳市洛龙区学子街8号,九都校区：河南省洛阳市洛龙区九都西路44号",True,,,,,,,,,,,"{'rankingId': 'legacy-shanghairanking-bcur', 'edition': '2026', 'sortValue': 559.0, 'label': '2026软科主榜 377', 'sourceUrl': 'https://www.shanghairanking.cn/rankings/bcur/2026', 'legacy': True}",{},0,,0,
4141011071,新乡学院,河南省,新乡市,,河南省,新乡市,本科,498,703,[],False,教育部2026名录（CSV镜像）,,1919,https://www.xxu.edu.cn/,河南省新乡市金穗大道东段191号,True,,,,,,,,,,,"{'rankingId': 'legacy-shanghairanking-bcur', 'edition': '2026', 'sortValue': 703.0, 'label': '2026软科主榜 498', 'sourceUrl': 'https://www.shanghairanking.cn/rankings/bcur/2026', 'legacy': True}",{},0,,0,
4141011326,信阳农林学院,河南省,信阳市,,河南省,信阳市,本科,500+,786,[],False,教育部2026名录（CSV镜像）,,1203,https://www.xyafu.edu.cn/,河南省信阳市平桥区北环路1号,True,,,,,,,,,,,"{'rankingId': 'legacy-shanghairanking-bcur', 'edition': '2026', 'sortValue': 786.0, 'label': '2026软科分类标签 500+', 'sourceUrl': 'https://www.shanghairanking.cn/rankings/bcur/2026', 'legacy': True}",{},0,,0,
4141011329,河南工学院,河南省,新乡市,,河南省,新乡市,本科,500+,742,[],False,教育部2026名录（CSV镜像）,,894,https://www.hait.edu.cn/,河南省新乡市平原路东段699号,True,,,,,,,,,,,"{'rankingId': 'legacy-shanghairanking-bcur', 'edition': '2026', 'sortValue': 742.0, 'label': '2026软科分类标签 500+', 'sourceUrl': 'https://www.shanghairanking.cn/rankings/bcur/2026', 'legacy': True}",{},0,,0,
4141011330,安阳工学院,河南省,安阳市,,河南省,安阳市,本科,492,697,[],False,教育部2026名录（CSV镜像）,,834,https://www.ayit.edu.cn,河南省安阳市黄河大道西段,True,,,,,,,,,,,"{'rankingId': 'legacy-shanghairanking-bcur', 'edition': '2026', 'sortValue': 697.0, 'label': '2026软科主榜 492', 'sourceUrl': 'https://www.shanghairanking.cn/rankings/bcur/2026', 'legacy': True}",{},0,,0,
4141011517,河南工程学院,河南省,郑州市,,河南省,郑州市,本科,444,644,[],False,教育部2026名录（CSV镜像）,,1323,http://www.haue.edu.cn/,"龙湖校区：河南省郑州市新郑龙湖祥和路1号,桐柏路校区：河南省郑州市中原区桐柏路62号,南阳路校区：河南省郑州市金水区群办路6号",True,,,,,,,,,,,"{'rankingId': 'legacy-shanghairanking-bcur', 'edition': '2026', 'sortValue': 644.0, 'label': '2026软科主榜 444', 'sourceUrl': 'https://www.shanghairanking.cn/rankings/bcur/2026', 'legacy': True}",{},0,,0,
4141011652,河南财政金融学院,河南省,郑州市,,河南省,郑州市,本科,财46+,804,[],False,教育部2026名录（CSV镜像）,,1920,https://www.hafu.edu.cn/,"龙子湖校区：河南省郑州市郑东新区龙子湖北路22号,象湖校区：河南省郑州市郑东新区郑开大道76号",True,,,,,,,,,,,"{'rankingId': 'legacy-shanghairanking-bcur', 'edition': '2026', 'sortValue': 804.0, 'label': '2026软科分类标签 财46+', 'sourceUrl': 'https://www.shanghairanking.cn/rankings/bcur/2026', 'legacy': True}",{},0,,0,
4141011653,南阳理工学院,河南省,南阳市,,河南省,南阳市,本科,450,651,[],False,教育部2026名录（CSV镜像）,,853,https://www.nyist.edu.cn/,河南省南阳市长江路80号,True,,,,,,,,,,,"{'rankingId': 'legacy-shanghairanking-bcur', 'edition': '2026', 'sortValue': 651.0, 'label': '2026软科主榜 450', 'sourceUrl': 'https://www.shanghairanking.cn/rankings/bcur/2026', 'legacy': True}",{},0,,0,
4141011765,河南城建学院,河南省,平顶山市,,河南省,平顶山市,本科,454,656,[],False,教育部2026名录（CSV镜像）,,1518,https://www.huuc.edu.cn/,"主校区：河南省平顶山市新城区龙翔大道,东校区：河南省平顶山市新华区和谐路",True,,,,,,,,,,,"{'rankingId': 'legacy-shanghairanking-bcur', 'edition': '2026', 'sortValue': 656.0, 'label': '2026软科主榜 454', 'sourceUrl': 'https://www.shanghairanking.cn/rankings/bcur/2026', 'legacy': True}",{},0,,0,
4141011788,河南警察学院,河南省,郑州市,,河南省,郑州市,本科,政20,550,[],False,教育部2026名录（CSV镜像）,,1430,https://www.hnp.edu.cn/,"校本部：河南省郑州市郑东新区龙子湖东路1号,开封校区：河南省开封市开封市市辖区东京大道,洛阳校区：河南省洛阳市西工区王城大道156号",True,,,,,,,,,,,"{'rankingId': 'legacy-shanghairanking-bcur', 'edition': '2026', 'sortValue': 550.0, 'label': '2026软科分类标签 政20', 'sourceUrl': 'https://www.shanghairanking.cn/rankings/bcur/2026', 'legacy': True}",{},0,,0,
4141011834,黄河科技学院,河南省,郑州市,,河南省,郑州市,本科,8,878,[],True,教育部2026名录（CSV镜像）,民办,469,https://www.hhstu.edu.cn/,"南校区：河南省郑州市紫荆山南路666号,济源校区：河南省济源市济源大道666号,北校区：河南省郑州市航海中路94号",True,,,,,,,,,,,"{'rankingId': 'legacy-shanghairanking-bcur', 'edition': '2026', 'sortValue': 878.0, 'label': '2026软科主榜 8', 'sourceUrl': 'https://www.shanghairanking.cn/rankings/bcur/2026', 'legacy': True}",{},0,,0,
4141012735,郑州警察学院,河南省,郑州市,,河南省,郑州市,本科,政21,556,[],False,教育部2026名录（CSV镜像）,,886,http://www.rpc.edu.cn/,"农业路校区：河南省郑州市农业路31号,龙湖校区：河南省郑州市新郑市龙湖镇",True,,,,,,,,,,,"{'rankingId': 'legacy-shanghairanking-bcur', 'edition': '2026', 'sortValue': 556.0, 'label': '2026软科分类标签 政21', 'sourceUrl': 'https://www.shanghairanking.cn/rankings/bcur/2026', 'legacy': True}",{},0,,0,
4141012746,郑州科技学院,河南省,郑州市,,河南省,郑州市,本科,41,920,[],True,教育部2026名录（CSV镜像）,民办,2452,https://www.zit.edu.cn/,"校本部：河南省郑州市二七区学院路1号,万山湖校区：河南省郑州市荥阳市万山科教园区",True,,,,,,,,,,,"{'rankingId': 'legacy-shanghairanking-bcur', 'edition': '2026', 'sortValue': 920.0, 'label': '2026软科主榜 41', 'sourceUrl': 'https://www.shanghairanking.cn/rankings/bcur/2026', 'legacy': True}",{},0,,0,
4141012747,郑州工业应用技术学院,河南省,郑州市,,河南省,郑州市,本科,46,926,[],True,教育部2026名录（CSV镜像）,民办,1512,https://www.zzuit.edu.cn/,"东校区：河南省郑州市新郑市学院路16号,西校区：河南省郑州市新郑新村镇107国道路东",True,,,,,,,,,,,"{'rankingId': 'legacy-shanghairanking-bcur', 'edition': '2026', 'sortValue': 926.0, 'label': '2026软科主榜 46', 'sourceUrl': 'https://www.shanghairanking.cn/rankings/bcur/2026', 'legacy': True}",{},0,,0,
4141012949,郑州师范学院,河南省,郑州市,,河南省,郑州市,本科,500+,795,[],False,教育部2026名录（CSV镜像）,,1147,https://www.zznu.edu.cn/,河南省郑州市惠济区英才街16号,True,,,,,,,,,,,"{'rankingId': 'legacy-shanghairanking-bcur', 'edition': '2026', 'sortValue': 795.0, 'label': '2026软科分类标签 500+', 'sourceUrl': 'https://www.shanghairanking.cn/rankings/bcur/2026', 'legacy': True}",{},0,,0,
4141013497,郑州财经学院,河南省,郑州市,,河南省,郑州市,本科,财26,978,[],True,教育部2026名录（CSV镜像）,民办,1125,http://www.zzife.edu.cn/,河南省郑州市惠济区天河路36号,True,,,,,,,,,,,"{'rankingId': 'legacy-shanghairanking-bcur', 'edition': '2026', 'sortValue': 978.0, 'label': '2026软科分类标签 财26', 'sourceUrl': 'https://www.shanghairanking.cn/rankings/bcur/2026', 'legacy': True}",{},0,,0,
4141013498,黄河交通学院,河南省,焦作市,,河南省,焦作市,本科,86,981,[],True,教育部2026名录（CSV镜像）,民办,1307,https://www.zjtu.edu.cn/,"西校区：河南省焦作市武陟县迎宾大道333号,东校区：河南省焦作市武陟县河朔大道566号",True,,,,,,,,,,,"{'rankingId': 'legacy-shanghairanking-bcur', 'edition': '2026', 'sortValue': 981.0, 'label': '2026软科主榜 86', 'sourceUrl': 'https://www.shanghairanking.cn/rankings/bcur/2026', 'legacy': True}",{},0,,0,
4141013500,商丘工学院,河南省,商丘市,,河南省,商丘市,本科,84,979,[],True,教育部2026名录（CSV镜像）,民办,1161,https://www.sqgxy.edu.cn/,"长江路校区：河南省商丘市睢阳大道中段236号,阳光路校区：河南省商丘市阳光路188号,虞城校区：河南省商丘市虞城县至诚八路16号",True,,,,,,,,,,,"{'rankingId': 'legacy-shanghairanking-bcur', 'edition': '2026', 'sortValue': 979.0, 'label': '2026软科主榜 84', 'sourceUrl': 'https://www.shanghairanking.cn/rankings/bcur/2026', 'legacy': True}",{},0,,0,
4141013501,河南开封科技传媒学院,河南省,开封市,,河南省,开封市,本科,财20,952,[],True,教育部2026名录（CSV镜像）,民办,1324,https://www.humc.edu.cn/,"金明大道校区：河南省开封市龙亭区金明大道与东京大道交叉口,复兴大道校区：河南省开封市龙亭区东京大道与十三大街交叉口",True,,,,,,,,,,,"{'rankingId': 'legacy-shanghairanking-bcur', 'edition': '2026', 'sortValue': 952.0, 'label': '2026软科分类标签 财20', 'sourceUrl': 'https://www.shanghairanking.cn/rankings/bcur/2026', 'legacy': True}",{},0,,0,
4141013502,中原科技学院,河南省,郑州市,,河南省,郑州市,本科,38,916,[],True,教育部2026名录（CSV镜像）,民办,1530,https://www.zykj.edu.cn/,"许昌校区：河南省许昌市永昌东路266号,郑州校区：河南省郑州市郑东新区郑开大道50号",True,,,,,,,,,,,"{'rankingId': 'legacy-shanghairanking-bcur', 'edition': '2026', 'sortValue': 916.0, 'label': '2026软科主榜 38', 'sourceUrl': 'https://www.shanghairanking.cn/rankings/bcur/2026', 'legacy': True}",{},0,,0,
4141013503,信阳学院,河南省,信阳市,,河南省,信阳市,本科,90,986,[],True,教育部2026名录（CSV镜像）,民办,1532,https://www.xyu.edu.cn/,"浉河校区：河南省信阳市浉河区金牛山街道新七大道237号,南湖校区：河南省信阳市浉河区南湾街道新七大道榕基软件园北侧",True,,,,,,,,,,,"{'rankingId': 'legacy-shanghairanking-bcur', 'edition': '2026', 'sortValue': 986.0, 'label': '2026软科主榜 90', 'sourceUrl': 'https://www.shanghairanking.cn/rankings/bcur/2026', 'legacy': True}",{},0,,0,
4141013504,安阳学院,河南省,安阳市,,河南省,安阳市,本科,76,970,[],True,教育部2026名录（CSV镜像）,民办,2448,https://www.ayxy.edu.cn/,"安阳校区：河南省安阳市中华路南段599号,原阳校区：河南省新乡市原阳县人民路西段6号",True,,,,,,,,,,,"{'rankingId': 'legacy-shanghairanking-bcur', 'edition': '2026', 'sortValue': 970.0, 'label': '2026软科主榜 76', 'sourceUrl': 'https://www.shanghairanking.cn/rankings/bcur/2026', 'legacy': True}",{},0,,0,
4141013505,豫北医学院,河南省,新乡市,,河南省,新乡市,本科,33,911,[],True,教育部2026名录（CSV镜像）,民办,1941,https://www.sqmc.edu.cn/,"平原校区：河南省新乡市平原示范区长江大道15号,新乡校区：河南省新乡市向阳路东段688号",True,,,,,,,,,,,"{'rankingId': 'legacy-shanghairanking-bcur', 'edition': '2026', 'sortValue': 911.0, 'label': '2026软科主榜 33', 'sourceUrl': 'https://www.shanghairanking.cn/rankings/bcur/2026', 'legacy': True}",{},0,,0,
4141013506,新乡工程学院,河南省,新乡市,,河南省,新乡市,本科,54,936,[],True,教育部2026名录（CSV镜像）,民办,2449,https://www.xxgc.edu.cn,河南省新乡市高新区新飞大道南段777号,True,,,,,,,,,,,"{'rankingId': 'legacy-shanghairanking-bcur', 'edition': '2026', 'sortValue': 936.0, 'label': '2026软科主榜 54', 'sourceUrl': 'https://www.shanghairanking.cn/rankings/bcur/2026', 'legacy': True}",{},0,,0,
4141013507,郑州工商学院,河南省,郑州市,,河南省,郑州市,本科,94,990,[],True,教育部2026名录（CSV镜像）,民办,1148,https://www.ztbu.edu.cn,"郑州校区：河南省郑州市郑东新区前程大道169号,兰考校区：河南省开封市兰考县东泰路8号",True,,,,,,,,,,,"{'rankingId': 'legacy-shanghairanking-bcur', 'edition': '2026', 'sortValue': 990.0, 'label': '2026软科主榜 94', 'sourceUrl': 'https://www.shanghairanking.cn/rankings/bcur/2026', 'legacy': True}",{},0,,0,
4141013508,郑州经贸学院,河南省,郑州市,,河南省,郑州市,本科,财14,938,[],True,教育部2026名录（CSV镜像）,民办,1114,https://www.zueb.edu.cn/,"主校区：河南省郑州市南龙湖宜居教育园区双湖大道2号,北校区：河南省郑州市中原中路41号",True,,,,,,,,,,,"{'rankingId': 'legacy-shanghairanking-bcur', 'edition': '2026', 'sortValue': 938.0, 'label': '2026软科分类标签 财14', 'sourceUrl': 'https://www.shanghairanking.cn/rankings/bcur/2026', 'legacy': True}",{},0,,0,
4141014003,商丘学院,河南省,商丘市,,河南省,商丘市,本科,69,961,[],True,教育部2026名录（CSV镜像）,民办,2842,https://www.sqxy.edu.cn/,河南省商丘市北海东路66号,True,,,,,,,,,,,"{'rankingId': 'legacy-shanghairanking-bcur', 'edition': '2026', 'sortValue': 961.0, 'label': '2026软科主榜 69', 'sourceUrl': 'https://www.shanghairanking.cn/rankings/bcur/2026', 'legacy': True}",{},0,,0,
4141014040,郑州商学院,河南省,郑州市,,河南省,郑州市,本科,财19,951,[],True,教育部2026名录（CSV镜像）,民办,2451,https://www.zbu.edu.cn/,"紫荆东校区：郑州市巩义市紫荆路136号, 紫荆西校区：郑州市巩义市紫荆路137号,三彩校区： 郑州市巩义市新兴路6号",True,,,,,,,,,,,"{'rankingId': 'legacy-shanghairanking-bcur', 'edition': '2026', 'sortValue': 951.0, 'label': '2026软科分类标签 财19', 'sourceUrl': 'https://www.shanghairanking.cn/rankings/bcur/2026', 'legacy': True}",{},0,,0,
4141014169,河南科技职业大学,河南省,周口市,,河南省,周口市,本科,,999999,[],True,教育部2026名录（CSV镜像）,民办,2455,https://www.hnvust.cn/,河南省周口市川汇区文昌大道东段6号,True,,,,,,,,,,,,{},0,,0,
4141014333,郑州升达经贸管理学院,河南省,郑州市,,河南省,郑州市,本科,财8,908,[],True,教育部2026名录（CSV镜像）,民办,2836,https://www.shengda.edu.cn,河南省郑州市新郑市龙湖镇文昌路1号,True,,,,,,,,,,,"{'rankingId': 'legacy-shanghairanking-bcur', 'edition': '2026', 'sortValue': 908.0, 'label': '2026软科分类标签 财8', 'sourceUrl': 'https://www.shanghairanking.cn/rankings/bcur/2026', 'legacy': True}",{},0,,0,
4141014654,郑州西亚斯学院,河南省,郑州市,,河南省,郑州市,本科,71,963,[],True,教育部2026名录（CSV镜像）,民办,3423,https://www.sias.edu.cn,河南郑州新郑市人民路168号,True,,,,,,,,,,,"{'rankingId': 'legacy-shanghairanking-bcur', 'edition': '2026', 'sortValue': 963.0, 'label': '2026软科主榜 71', 'sourceUrl': 'https://www.shanghairanking.cn/rankings/bcur/2026', 'legacy': True}",{},0,,0,
4141014831,郑州美术学院,河南省,郑州市,,河南省,郑州市,本科,,999999,[],True,教育部2026名录（CSV镜像）,民办,3663,https://www.zzafa.edu.cn/,河南省郑州市中牟县商都大道西999号,True,,,,,,,,,,,,{},0,,0,
4141014233,漯河食品工程职业大学,河南省,漯河市,,河南省,漯河市,本科,,999999,[],True,教育部2026名录（CSV镜像）,民办,2453,https://www.lsgx.com.cn/,河南省漯河市郾城区文明路与107国道交叉口,True,,,,,,,,,,,,{},0,,0,
4141014879,河南体育学院,河南省,郑州市,,河南省,郑州市,本科,体13+,815,[],False,教育部2026名录（CSV镜像）,,3627,https://www.hasu.edu.cn/,"郑州校区：河南省郑州市惠济区银河街2号,登封校区：河南省郑州市登封市大禹路146号",True,,,,,,,,,,,"{'rankingId': 'legacy-shanghairanking-bcur', 'edition': '2026', 'sortValue': 815.0, 'label': '2026软科分类标签 体13+', 'sourceUrl': 'https://www.shanghairanking.cn/rankings/bcur/2026', 'legacy': True}",{},0,,0,
4141012948,郑州健康学院,河南省,郑州市,,河南省,郑州市,本科,,999999,[],True,教育部2026名录（CSV镜像）,民办,1942,https://www.zzsqmc.edu.cn/,河南省郑州市二七区公明路6号,True,,,,,,,,,,,,{},0,,0,
4141012058,黄河水利职业技术大学,河南省,开封市,,河南省,开封市,本科,,999999,[],False,教育部2026名录（CSV镜像）,,1924,https://www.yrcti.edu.cn,河南省开封市东京大道1号,True,,,,,,,,,,,,{},0,,0,
4141012794,河南工业职业技术大学,河南省,南阳市,,河南省,南阳市,本科,,999999,[],False,教育部2026名录（CSV镜像）,,1547,https://www.hnpi.edu.cn/,"孔明路校区：河南省南阳市杜诗路1666号,方城校区：河南省南阳市方城县秋实路66号,光武路校区：河南省南阳市宛城区工农路291号",True,,,,,,,,,,,,{},0,,0,
4141014949,河南信息科技学院,河南省,鹤壁市,,河南省,鹤壁市,本科,,999999,[],False,教育部2026名录（CSV镜像）,,3880,,河南省鹤壁市淇滨区淇水关路1号,True,,,,,,,,,,,,{},0,,0,
4141014982,河南应用工程学院,河南省,三门峡市,,河南省,三门峡市,本科,,999999,[],False,教育部2026名录（CSV镜像）,,3923,,,True,,,,,,,,,,,,{},0,,0,
4141014981,河南国医学院,河南省,南阳市,,河南省,南阳市,本科,,999999,[],False,教育部2026名录（CSV镜像）,,3918,https://www.hcccm.edu.cn,河南省南阳市宛城区新店乡,True,,,,,,,,,,,,{},0,,0,
4141010843,郑州铁路职业技术大学,河南省,郑州市,,河南省,郑州市,本科,,999999,[],False,教育部2026名录（CSV镜像）,,1156,https://www.zzrvtc.edu.cn/,"新校区：郑州市郑东新区通惠路298号,老校区：河南省郑州市二七区幸福路2号",True,,,,,,,,,,,,{},0,,0,
4141014980,河南能源化工学院,河南省,濮阳市,,河南省,濮阳市,本科,,999999,[],False,教育部2026名录（CSV镜像）,,3922,,,True,,,,,,,,,,,,{},0,,0,
4141010824,河南职业技术学院,河南省,郑州市,,河南省,郑州市,专科,,999999,[],False,教育部2026名录（CSV镜像）,,1050,https://www.hnzj.edu.cn/,郑州市郑东新区龙子湖高校园区平安大道210号,True,,,,,,,,,,,,{},0,,0,
4141010835,漯河职业技术学院,河南省,漯河市,,河南省,漯河市,专科,,999999,[],False,教育部2026名录（CSV镜像）,,1554,https://www.lhvtc.edu.cn/,河南省漯河市源汇区大学路123号,True,,,,,,,,,,,,{},0,,0,
4141010842,三门峡职业技术学院,河南省,三门峡市,,河南省,三门峡市,专科,,999999,[],False,教育部2026名录（CSV镜像）,,1410,https://www.smxpt.cn/,"天鹅湖校区：河南省三门峡市湖滨区崤山西路42号,灵凤湖校区：河南省三门峡市高新区学府路3号",True,,,,,,,,,,,,{},0,,0,
4141011069,开封大学,河南省,开封市,,河南省,开封市,专科,,999999,[],False,教育部2026名录（CSV镜像）,,1520,https://www.kfu.edu.cn/,河南省开封市东京大道,True,,,,,,,,,,,,{},0,,0,
4141011522,焦作大学,河南省,焦作市,,河南省,焦作市,专科,,999999,[],False,教育部2026名录（CSV镜像）,,1923,https://www.jzu.edu.cn/,"南校区：河南省焦作市人民路3066号,北校区：河南省焦作市工业路458号",True,,,,,,,,,,,,{},0,,0,
4141011787,濮阳职业技术学院,河南省,濮阳市,,河南省,濮阳市,专科,,999999,[],False,教育部2026名录（CSV镜像）,,1172,https://www.pyvtc.cn/,河南省濮阳市经济技术开发区黄河西路249号,True,,,,,,,,,,,,{},0,,0,
4141011828,郑州电力高等专科学校,河南省,郑州市,,河南省,郑州市,专科,,999999,[],False,教育部2026名录（CSV镜像）,,902,https://www.zepc.edu.cn,郑州市郑东新区凤栖街296号,True,,,,,,,,,,,,{},0,,0,
4141012067,许昌职业技术学院,河南省,许昌市,,河南省,许昌市,专科,,999999,[],False,教育部2026名录（CSV镜像）,,1925,https://www.xcitc.edu.cn/,河南省许昌市新兴东路4336号,True,,,,,,,,,,,,{},0,,0,
4141012581,河南工业和信息化职业学院,河南省,焦作市,,河南省,焦作市,专科,,999999,[],False,教育部2026名录（CSV镜像）,,3114,https://www.hciit.edu.cn/,河南省焦作市新区碧莲路801号,True,,,,,,,,,,,,{},0,,0,
4141012582,河南水利与环境职业学院,河南省,郑州市,,河南省,郑州市,专科,,999999,[],False,教育部2026名录（CSV镜像）,,3067,https://www.hwec.edu.cn/,"花园路校区：河南省郑州市金水区花园路136号,航空港校区：郑州航空港经济综合实验区双鹤湖片区梅河路与工业十一路交汇处",True,,,,,,,,,,,,{},0,,0,
4141012745,商丘职业技术学院,河南省,商丘市,,河南省,商丘市,专科,,999999,[],False,教育部2026名录（CSV镜像）,,1926,https://www.sqzy.edu.cn/,河南省商丘市神火大道南段566号,True,,,,,,,,,,,,{},0,,0,
4141012748,平顶山工业职业技术学院,河南省,平顶山市,,河南省,平顶山市,专科,,999999,[],False,教育部2026名录（CSV镜像）,,1301,https://www.pzxy.edu.cn,河南省平顶山市湛河区黄河路81号,True,,,,,,,,,,,,{},0,,0,
4141012750,周口职业技术学院,河南省,周口市,,河南省,周口市,专科,,999999,[],False,教育部2026名录（CSV镜像）,,1927,https://www.zkvtc.edu.cn/,"开元校区：河南省周口市开元大道1号,中州校区：河南省周口市中州大道北段455号,文昌校区：河南省周口市文昌大道东段",True,,,,,,,,,,,,{},0,,0,
4141012768,济源职业技术学院,河南省,济源市,,河南省,济源市,专科,,999999,[],False,教育部2026名录（CSV镜像）,,1928,https://www.jyvtc.edu.cn/,"沁园校区：河南省济源市济源大道中段88号,高新校区：河南省济源市黄河大道东段677号",True,,,,,,,,,,,,{},0,,0,
4141012781,河南司法警官职业学院,河南省,郑州市,,河南省,郑州市,专科,,999999,[],False,教育部2026名录（CSV镜像）,,1929,https://www.hnsfjy.edu.cn,河南省郑州市郑龙新区龙子湖高校园区,True,,,,,,,,,,,,{},0,,0,
4141012793,鹤壁职业技术学院,河南省,鹤壁市,,河南省,鹤壁市,专科,,999999,[],False,教育部2026名录（CSV镜像）,,1187,https://www.hbzy.edu.cn/,河南省鹤壁市淇滨区朝歌路5号,True,,,,,,,,,,,,{},0,,0,
4141012950,焦作师范高等专科学校,河南省,焦作市,,河南省,焦作市,专科,,999999,[],False,教育部2026名录（CSV镜像）,,1921,https://www.jzsz.edu.cn/,"山阳路校区：河南省焦作市山阳路998号,学苑路校区：河南省焦作市解放区学苑路8号,丰收路校区：河南省焦作市解放区丰收路4818号",True,,,,,,,,,,,,{},0,,0,
4141013499,河南检察职业学院,河南省,郑州市,,河南省,郑州市,专科,,999999,[],False,教育部2026名录（CSV镜像）,,1930,https://www.hnjc.edu.cn/,河南省郑州市新郑龙湖镇大学园区双湖大道一号,True,,,,,,,,,,,,{},0,,0,
4141013564,河南质量工程职业学院,河南省,平顶山市,,河南省,平顶山市,专科,,999999,[],False,教育部2026名录（CSV镜像）,,1931,https://www.zlxy.edu.cn/,"校本部：河南省平顶山市姚电大道中段23号,舞钢校区：平顶山市舞钢市经济技术开发区建设路与韦河路交叉口路北",True,,,,,,,,,,,,{},0,,0,
4141013565,郑州信息科技职业学院,河南省,郑州市,,河南省,郑州市,专科,,999999,[],False,教育部2026名录（CSV镜像）,,1932,https://www.techcollege.cn/,"龙子湖校区：河南省郑州市郑东新区龙子湖北路36号,黄河路校区：河南省郑州市郑东新区黄河路124号",True,,,,,,,,,,,,{},0,,0,
4141013780,漯河医学高等专科学校,河南省,漯河市,,河南省,漯河市,专科,,999999,[],False,教育部2026名录（CSV镜像）,,890,https://www.lhmc.edu.cn/,"源汇校区：河南省漯河市源汇区大学路148号,昭陵校区：河南省漯河市召陵区中山路与新北环交叉口向南500米路东",True,,,,,,,,,,,,{},0,,0,
4141013781,南阳医学高等专科学校,河南省,南阳市,,河南省,南阳市,专科,,999999,[],False,教育部2026名录（CSV镜像）,,1502,https://www.nymc.edu.cn/,"校本部：河南省南阳市雪枫西路1106号,孔明校区：河南省南阳市卧龙区卧龙路131号",True,,,,,,,,,,,,{},0,,0,
4141013782,商丘医学高等专科学校,河南省,商丘市,,河南省,商丘市,专科,,999999,[],False,教育部2026名录（CSV镜像）,,1100,https://www.sqyx.edu.cn/,河南省商丘市城乡一体化示范区迎宾路666号,True,,,,,,,,,,,,{},0,,0,
4141013783,郑州电子信息职业技术学院,河南省,郑州市,,河南省,郑州市,专科,,999999,[],True,教育部2026名录（CSV镜像）,民办,1150,https://www.zyfb.com/,河南省郑州市中牟县大学路１号,True,,,,,,,,,,,,{},0,,0,
4141013784,信阳职业技术学院,河南省,信阳市,,河南省,信阳市,专科,,999999,[],False,教育部2026名录（CSV镜像）,,1933,https://www.xyvtc.edu.cn/,河南省信阳市羊山新区24大街48号,True,,,,,,,,,,,,{},0,,0,
4141013785,嵩山少林武术职业学院,河南省,郑州市,,河南省,郑州市,专科,,999999,[],True,教育部2026名录（CSV镜像）,民办,1943,https://www.shaolinkungfu.edu.cn/,河南省登封市嵩山路南段,True,,,,,,,,,,,,{},0,,0,
4141013786,郑州工业安全职业学院,河南省,郑州市,,河南省,郑州市,专科,,999999,[],False,教育部2026名录（CSV镜像）,,1934,http://www.zazy.cn,河南省郑州市南龙湖大学城南段（107国道和321省道交叉口）,True,,,,,,,,,,,,{},0,,0,
4141013787,永城职业学院,河南省,商丘市,,河南省,商丘市,专科,,999999,[],False,教育部2026名录（CSV镜像）,,1935,http://www.ycvc.edu.cn/,河南省永城市东城区学府路002号,True,,,,,,,,,,,,{},0,,0,
4141013788,河南经贸职业学院,河南省,郑州市,,河南省,郑州市,专科,,999999,[],False,教育部2026名录（CSV镜像）,,1936,https://www.henetc.edu.cn/,河南省郑州市金水区龙子湖北路58号,True,,,,,,,,,,,,{},0,,0,
4141013789,河南交通职业技术学院,河南省,郑州市,,河南省,郑州市,专科,,999999,[],False,教育部2026名录（CSV镜像）,,1937,https://www.hncc.edu.cn/,"南校区：河南省郑州市航海中路165号,东校区：河南省郑州市郑东新区白沙职教园区通惠路259号",True,,,,,,,,,,,,{},0,,0,
4141013790,河南农业职业学院,河南省,郑州市,,河南省,郑州市,专科,,999999,[],False,教育部2026名录（CSV镜像）,,1938,https://www.hnca.edu.cn/,"校本部：河南省郑州市中牟青年西路38号,洛阳校区：河南省洛阳市启明西路2号",True,,,,,,,,,,,,{},0,,0,
4141013791,郑州旅游职业学院,河南省,郑州市,,河南省,郑州市,专科,,999999,[],False,教育部2026名录（CSV镜像）,,1334,https://www.zztrc.edu.cn/,"主校区：河南省郑州市郑东新区金龙路188号,豫英校区：河南省郑州市管城回族区豫英路1号",True,,,,,,,,,,,,{},0,,0,
4141013792,郑州职业技术学院,河南省,郑州市,,河南省,郑州市,专科,,999999,[],False,教育部2026名录（CSV镜像）,,1939,https://www.zzyedu.cn,河南省郑州市郑上路081号,True,,,,,,,,,,,,{},0,,0,
4141013885,河南信息统计职业学院,河南省,郑州市,,河南省,郑州市,专科,,999999,[],False,教育部2026名录（CSV镜像）,,3068,http://www.hnisvc.com/,"金水校区：河南省郑州市金水区鑫苑路5号,白沙校区：郑州市郑东新区金龙路276号",True,,,,,,,,,,,,{},0,,0,
4141013889,河南林业职业学院,河南省,洛阳市,,河南省,洛阳市,专科,,999999,[],False,教育部2026名录（CSV镜像）,,3361,https://www.hnfvc.edu.cn/,"中州校区：河南省洛阳市中州东路2号,三川校区：河南省洛阳市洛常路168号,黄梅校区：河南省洛阳市黄梅路19号,建春门校区：河南省洛阳市建春门大街与复兴路交叉口向东100米",True,,,,,,,,,,,,{},0,,0,
4141013936,河南工业贸易职业学院,河南省,郑州市,,河南省,郑州市,专科,,999999,[],False,教育部2026名录（CSV镜像）,,1940,https://www.hngm.edu.cn/,"龙湖校区：河南省郑州市新郑龙湖大学城祥云路76号,优胜校区：河南省郑州市金水区优胜北路4号",True,,,,,,,,,,,,{},0,,0,
4141014062,郑州电力职业技术学院,河南省,郑州市,,河南省,郑州市,专科,,999999,[],True,教育部2026名录（CSV镜像）,民办,1944,https://www.zzdl.edu.cn/,"校本部：河南省郑州市新区商都大街东段1933号,祥符校区：河南省开封市产城融合示范区电力路1号",True,,,,,,,,,,,,{},0,,0,
4141014181,河南建筑职业技术学院,河南省,郑州市,,河南省,郑州市,专科,,999999,[],False,教育部2026名录（CSV镜像）,,2444,https://www.hnjs.edu.cn,河南省郑州市二七区工业路51号,True,,,,,,,,,,,,{},0,,0,
4141014235,郑州城市职业学院,河南省,郑州市,,河南省,郑州市,专科,,999999,[],True,教育部2026名录（CSV镜像）,民办,2454,https://www.zcu.edu.cn/,河南省郑州市新密市溱水路618号,True,,,,,,,,,,,,{},0,,0,
4141014243,安阳职业技术学院,河南省,安阳市,,河南省,安阳市,专科,,999999,[],False,教育部2026名录（CSV镜像）,,2445,https://www.ayzy.cn/,河南省安阳市文峰区平原路461号,True,,,,,,,,,,,,{},0,,0,
4141014245,新乡职业技术学院,河南省,新乡市,,河南省,新乡市,专科,,999999,[],False,教育部2026名录（CSV镜像）,,2446,https://www.xxvtc.edu.cn/,"校本部：河南省新乡经济技术开发区经三路6号,北校区：新乡市卫辉市翟阳路与和平路交叉口",True,,,,,,,,,,,,{},0,,0,
4141014251,驻马店职业技术学院,河南省,驻马店市,,河南省,驻马店市,专科,,999999,[],False,教育部2026名录（CSV镜像）,,2447,https://www.zmdvtc.edu.cn/index.htm,"南校区：河南省驻马店市置地大道西段517号,北校区：河南省驻马店市学院路和顺河路交叉口西北",True,,,,,,,,,,,,{},0,,0,
4141014300,焦作工贸职业学院,河南省,焦作市,,河南省,焦作市,专科,,999999,[],True,教育部2026名录（CSV镜像）,民办,2673,https://www.jzcit.edu.cn/,"沁阳校区：河南焦作沁阳香港街1号,山阳校区：焦作市中原路南段1216号",True,,,,,,,,,,,,{},0,,0,
4141014301,许昌陶瓷职业学院,河南省,许昌市,,河南省,许昌市,专科,,999999,[],True,教育部2026名录（CSV镜像）,民办,2675,https://www.xccvc.com/,河南省许昌市建安区永宁街002号,True,,,,,,,,,,,,{},0,,0,
4141014302,郑州理工职业学院,河南省,郑州市,,河南省,郑州市,专科,,999999,[],True,教育部2026名录（CSV镜像）,民办,2676,https://www.zzlgxy.net/,"校本部：郑州市新郑龙湖大学城南107国道西侧,开源校区：郑州市新郑市观音寺镇开源大道1号",True,,,,,,,,,,,,{},0,,0,
4141014303,郑州信息工程职业学院,河南省,郑州市,,河南省,郑州市,专科,,999999,[],True,教育部2026名录（CSV镜像）,民办,2677,https://www.zxxyedu.com/#/?t=1774344258222,"南校区：郑州市中原西路桃贾路19号,北校区：新乡市获嘉县仁爱东路88号",True,,,,,,,,,,,,{},0,,0,
4141014305,长垣烹饪职业技术学院,河南省,新乡市,,河南省,新乡市,专科,,999999,[],True,教育部2026名录（CSV镜像）,民办,2670,https://www.cyprxy.edu.cn/,河南省长垣市蒲东街道华豫大道与山海大道交叉口,True,,,,,,,,,,,,{},0,,0,
4141014306,开封文化艺术职业学院,河南省,开封市,,河南省,开封市,专科,,999999,[],False,教育部2026名录（CSV镜像）,,2674,https://www.kfwyxy.edu.cn/,开封市东京大道中段,True,,,,,,,,,,,,{},0,,0,
4141014307,河南应用技术职业学院,河南省,郑州市,,河南省,郑州市,专科,,999999,[],False,教育部2026名录（CSV镜像）,,2671,https://www.hati.edu.cn/,"郑州校区：郑州市建设西路548号,开封南院校区：开封市职教园区东京大道与第九大街交会处,开封北院校区：开封市职教园区复兴大道与第七大街交会处",True,,,,,,,,,,,,{},0,,0,
4141014308,河南艺术职业学院,河南省,郑州市,,河南省,郑州市,专科,,999999,[],False,教育部2026名录（CSV镜像）,,2672,https://www.hnys.edu.cn/,"新校区：河南省郑州市郑东新区郑开大道132号,文化路校区：河南省郑州市金水区文化路79号",True,,,,,,,,,,,,{},0,,0,
4141014348,河南机电职业学院,河南省,郑州市,,河南省,郑州市,专科,,999999,[],False,教育部2026名录（CSV镜像）,,2912,https://www.hnjd.edu.cn/,郑州南大学城（泰山路与郑新快速路交叉口西200米路南）,True,,,,,,,,,,,,{},0,,0,
4141014349,河南护理职业学院,河南省,安阳市,,河南省,安阳市,专科,,999999,[],False,教育部2026名录（CSV镜像）,,3040,https://www.hnnvc.edu.cn/,"中华路校区：河南省安阳市中华路480号,安漳路校区：河南省安阳市盘庚街67号",True,,,,,,,,,,,,{},0,,0,
4141014350,许昌电气职业学院,河南省,许昌市,,河南省,许昌市,专科,,999999,[],False,教育部2026名录（CSV镜像）,,2913,https://www.xcevc.edu.cn/,河南省许昌市魏文路与永昌大道（北环路）交叉口,True,,,,,,,,,,,,{},0,,0,
4141014351,信阳涉外职业技术学院,河南省,信阳市,,河南省,信阳市,专科,,999999,[],True,教育部2026名录（CSV镜像）,民办,3091,http://www.xyswxy.com/,河南省信阳市新县叶林大道,True,,,,,,,,,,,,{},0,,0,
4141014352,鹤壁汽车工程职业学院,河南省,鹤壁市,,河南省,鹤壁市,专科,,999999,[],True,教育部2026名录（CSV镜像）,民办,2914,https://www.hbqcxy.com/,"淇滨校区：河南省鹤壁市职教园区,朝歌校区：河南省鹤壁市淇县鹤淇大道10000号",True,,,,,,,,,,,,{},0,,0,
4141014353,南阳职业学院,河南省,南阳市,,河南省,南阳市,专科,,999999,[],True,教育部2026名录（CSV镜像）,民办,2906,http://www.nyvc.edu.cn/default.html,河南省南阳西峡白羽北路北端,True,,,,,,,,,,,,{},0,,0,
4141014380,郑州商贸旅游职业学院,河南省,郑州市,,河南省,郑州市,专科,,999999,[],True,教育部2026名录（CSV镜像）,民办,3047,http://www.zzvcct.com,"中原校区：郑州市中原区建设西路347号,新密校区：郑州市新密市未来大道1号",True,,,,,,,,,,,,{},0,,0,
4141014382,河南推拿职业学院,河南省,洛阳市,,河南省,洛阳市,专科,,999999,[],False,教育部2026名录（CSV镜像）,,2969,https://www.hltn.edu.cn/,河南省洛阳市洛龙区学府街10号,True,,,,,,,,,,,,{},0,,0,
4141014383,洛阳职业技术学院,河南省,洛阳市,,河南省,洛阳市,专科,,999999,[],False,教育部2026名录（CSV镜像）,,2931,https://www.lypt.edu.cn/,"伊滨校区：河南省洛阳市伊滨区科技大道6号,高新校区：河南省洛阳市涧西区丰华路20号,西工校区：河南省洛阳市西工区九都路9号,瀍河校区：河南省洛阳市瀍河回族区夹马营路116号,西苑校区：洛阳市涧西区西苑路24号",True,,,,,,,,,,,,{},0,,0,
4141014391,郑州幼儿师范高等专科学校,河南省,郑州市,,河南省,郑州市,专科,,999999,[],False,教育部2026名录（CSV镜像）,,3035,http://www.zyedu.org/,"象湖校区：郑州市郑东新区郑开大道66号,杜岭校区：郑州市金水区市民新村北街9号",True,,,,,,,,,,,,{},0,,0,
4141014392,安阳幼儿师范高等专科学校,河南省,安阳市,,河南省,安阳市,专科,,999999,[],False,教育部2026名录（CSV镜像）,,2907,https://www.ayyz.edu.cn/,河南省安阳市汤阴县人和路东段,True,,,,,,,,,,,,{},0,,0,
4141014405,郑州黄河护理职业学院,河南省,郑州市,,河南省,郑州市,专科,,999999,[],True,教育部2026名录（CSV镜像）,民办,3036,https://www.zyrnvc.com/,"高新校区：郑州市高新技术产业开发区西四环路200号,新密校区：郑州市新密市屏阳路868号",True,,,,,,,,,,,,{},0,,0,
4141014466,河南医学高等专科学校,河南省,郑州市,,河南省,郑州市,专科,,999999,[],False,教育部2026名录（CSV镜像）,,2638,https://www.hamc.edu.cn/,"南校区：河南省郑州市新郑龙湖镇双湖大道8号,北校区：河南省郑州市金水区纬五路8号",True,,,,,,,,,,,,{},0,,0,
4141014478,郑州财税金融职业学院,河南省,郑州市,,河南省,郑州市,专科,,999999,[],False,教育部2026名录（CSV镜像）,,3367,https://www.zzcsjr.edu.cn,"校本部：河南省郑州市郑尉路18号,航空港校区：河南省郑州市中牟县张庄镇港区双和集装箱房厂西南207米",True,,,,,,,,,,,,{},0,,0,
4141014479,南阳农业职业学院,河南省,南阳市,,河南省,南阳市,专科,,999999,[],False,教育部2026名录（CSV镜像）,,3214,http://www.nyca.edu.cn/1/,"雪枫校区：河南省南阳市卧龙区雪枫路与北京路交叉口,卧龙校区：河南省南阳市卧龙区卧龙路338号,淅川校区：南阳市淅川县范蠡大道与红旗路交叉口",True,,,,,,,,,,,,{},0,,0,
4141014480,洛阳科技职业学院,河南省,洛阳市,,河南省,洛阳市,专科,,999999,[],True,教育部2026名录（CSV镜像）,民办,3079,https://www.lku.edu.cn/,河南省洛阳市新安经济技术开发区学院路1号,True,,,,,,,,,,,,{},0,,0,
4141014529,鹤壁能源化工职业学院,河南省,鹤壁市,,河南省,鹤壁市,专科,,999999,[],False,教育部2026名录（CSV镜像）,,3370,https://www.hbnyhgzyxy.com/,河南省鹤壁市淇滨区闽江路东段职教园区,True,,,,,,,,,,,,{},0,,0,
4141014530,平顶山文化艺术职业学院,河南省,平顶山市,,河南省,平顶山市,专科,,999999,[],True,教育部2026名录（CSV镜像）,民办,3373,https://www.pvcca.edu.cn/,河南省平顶山市宝丰县西区,True,,,,,,,,,,,,{},0,,0,
4141014597,濮阳医学高等专科学校,河南省,濮阳市,,河南省,濮阳市,专科,,999999,[],False,教育部2026名录（CSV镜像）,,3362,https://www.pymc.edu.cn/,濮阳市城乡一体化示范区文岩街商鞅路交叉口向东160米路北,True,,,,,,,,,,,,{},0,,0,
4141014598,驻马店幼儿师范高等专科学校,河南省,驻马店市,,河南省,驻马店市,专科,,999999,[],False,教育部2026名录（CSV镜像）,,3364,https://www.zyz.edu.cn/,"盘龙校区：河南省驻马店市盘龙山路2658号,秀山校区：河南省驻马店市确山县学院路399号,汝南校区：河南省驻马店市汝南县城天中大道50号",True,,,,,,,,,,,,{},0,,0,
4141014606,三门峡社会管理职业学院,河南省,三门峡市,,河南省,三门峡市,专科,,999999,[],False,教育部2026名录（CSV镜像）,,3368,http://www.smxcsa.edu.cn/,河南省三门峡市职业教育园区学府路,True,,,,,,,,,,,,{},0,,0,
4141014607,河南轻工职业学院,河南省,郑州市,,河南省,郑州市,专科,,999999,[],False,教育部2026名录（CSV镜像）,,3363,http://www.havcli.edu.cn/,"鑫苑校区：河南省郑州市金水区鑫苑路6号,嵩山校区：河南省郑州市二七区嵩山南路426号,园田校区：河南省郑州市金水区园田路2号",True,,,,,,,,,,,,{},0,,0,
4141014608,河南测绘职业学院,河南省,郑州市,,河南省,郑州市,专科,,999999,[],False,教育部2026名录（CSV镜像）,,3369,https://www.hasm.edu.cn/,郑州市郑东新区工贸路30号,True,,,,,,,,,,,,{},0,,0,
4141014634,信阳航空职业学院,河南省,信阳市,,河南省,信阳市,专科,,999999,[],True,教育部2026名录（CSV镜像）,民办,3365,https://www.xyhkxy.com/,河南省信阳市平桥区震雷山风景区（震雷山商业街路口500米）,True,,,,,,,,,,,,{},0,,0,
4141014635,郑州卫生健康职业学院,河南省,郑州市,,河南省,郑州市,专科,,999999,[],False,教育部2026名录（CSV镜像）,,3371,https://www.zzhvc.com/,郑州市荥阳市京襄路69号,True,,,,,,,,,,,,{},0,,0,
4141014636,河南物流职业学院,河南省,新乡市,,河南省,新乡市,专科,,999999,[],False,教育部2026名录（CSV镜像）,,3366,https://www.hnwlxy.edu.cn/,"郑州校区：河南省郑州市金水区优胜北路3号,平原校区：河南省郑州市黄河大桥北中州大道与郑焦晋（原焦）高速交叉口西侧,新乡校区：新乡市科隆大道114号",True,,,,,,,,,,,,{},0,,0,
4141014637,河南地矿职业学院,河南省,郑州市,,河南省,郑州市,专科,,999999,[],False,教育部2026名录（CSV镜像）,,3372,https://www.hagmc.edu.cn/,河南省郑州市郑东新区白沙园区永继路51号,True,,,,,,,,,,,,{},0,,0,
4141014685,郑州亚欧交通职业学院,河南省,郑州市,,河南省,郑州市,专科,,999999,[],False,教育部2026名录（CSV镜像）,中外合作办学及内地与港澳合作办学,3466,https://www.zzyaou.edu.cn/,郑州市二七区幸福路2号,True,,,,,,,,,,,,{},0,,0,
4141014711,河南女子职业学院,河南省,新乡市,,河南省,新乡市,专科,,999999,[],False,教育部2026名录（CSV镜像）,,3510,https://www.henz.edu.cn/,"南校区：郑州市金水区经七路22号,北校区：新乡市获嘉县亢村镇黄河大道西100米,东校区：郑州市北环路东段10号",True,,,,,,,,,,,,{},0,,0,
4141014712,河南对外经济贸易职业学院,河南省,开封市,,河南省,开封市,专科,,999999,[],False,教育部2026名录（CSV镜像）,,3511,https://www.hnwmxy.edu.cn/,"郑州校区：郑州市金水区文化路91号,开封校区：郑汴一体化示范区职教园区十大街",True,,,,,,,,,,,,{},0,,0,
4141014713,濮阳石油化工职业技术学院,河南省,濮阳市,,河南省,濮阳市,专科,,999999,[],False,教育部2026名录（CSV镜像）,,3512,http://www.pypcc.edu.cn/,河南省濮阳市华龙区苏北东路666号,True,,,,,,,,,,,,{},0,,0,
4141014714,南阳科技职业学院,河南省,南阳市,,河南省,南阳市,专科,,999999,[],False,教育部2026名录（CSV镜像）,,3513,https://www.nystvc.edu.cn/,河南省邓州市人民东路666号,True,,,,,,,,,,,,{},0,,0,
4141014715,兰考三农职业学院,河南省,开封市,,河南省,开封市,专科,,999999,[],False,教育部2026名录（CSV镜像）,,3514,https://www.lksnzyxy.cn/,河南省开封市兰考县济阳大道南段,True,,,,,,,,,,,,{},0,,0,
4141014716,汝州职业技术学院,河南省,平顶山市,,河南省,平顶山市,专科,,999999,[],False,教育部2026名录（CSV镜像）,,3515,https://www.rzvtc.cn/,河南省汝州市科教园区杏坛大街北段,True,,,,,,,,,,,,{},0,,0,
4141014717,林州建筑职业技术学院,河南省,安阳市,,河南省,安阳市,专科,,999999,[],True,教育部2026名录（CSV镜像）,民办,3516,https://www.lcat.edu.cn/,河南省安阳市林州市长春大道东段769号,True,,,,,,,,,,,,{},0,,0,
4141014718,郑州电子商务职业学院,河南省,郑州市,,河南省,郑州市,专科,,999999,[],True,教育部2026名录（CSV镜像）,民办,3517,https://www.zzdsxy.cn,河南省郑州市金岱路186号,True,,,,,,,,,,,,{},0,,0,
4141014719,郑州轨道工程职业学院,河南省,郑州市,,河南省,郑州市,专科,,999999,[],True,教育部2026名录（CSV镜像）,民办,3518,https://www.zzure.edu.cn/,"郑州校区：河南省郑州市中原区建设西路三十里铺,原阳校区：新乡市原阳县景明路与327国道西北角",True,,,,,,,,,,,,{},0,,0,
4141014720,郑州体育职业学院,河南省,郑州市,,河南省,郑州市,专科,,999999,[],True,教育部2026名录（CSV镜像）,民办,3519,https://www.zhengzhoutiyuan.com/,河南省郑州市登封市少林大道西段,True,,,,,,,,,,,,{},0,,0,
4141014750,洛阳文化旅游职业学院,河南省,洛阳市,,河南省,洛阳市,专科,,999999,[],False,教育部2026名录（CSV镜像）,,3579,http://www.lyvcct.cn/,"伊滨校区：河南省洛阳市伊滨区玉泉街299号,老城校区：洛阳市老城区治安南街8号",True,,,,,,,,,,,,{},0,,0,
4141014751,周口文理职业学院,河南省,周口市,,河南省,周口市,专科,,999999,[],False,教育部2026名录（CSV镜像）,,3580,https://www.zkwl.edu.cn/,周口市东新区周口大道5号,True,,,,,,,,,,,,{},0,,0,
4141014752,信阳艺术职业学院,河南省,信阳市,,河南省,信阳市,专科,,999999,[],False,教育部2026名录（CSV镜像）,,3581,http://www.xyvca.edu.cn/,"信阳市羊山校区：河南省信阳市羊山新区经北一路,潢川南校区：河南省潢川县环城东路212号,潢川北校区：河南省信阳市潢川县定城办事处新塘埂19号",True,,,,,,,,,,,,{},0,,0,
4141014753,郑州城建职业学院,河南省,郑州市,,河南省,郑州市,专科,,999999,[],True,教育部2026名录（CSV镜像）,民办,3582,https://www.zzucvc.edu.cn/index.htm,郑州市中原西路6号,True,,,,,,,,,,,,{},0,,0,
4141014754,郑州医药健康职业学院,河南省,郑州市,,河南省,郑州市,专科,,999999,[],True,教育部2026名录（CSV镜像）,民办,3583,https://www.zzyyzy.edu.cn/,郑州市新密市超化新区创业大道3号,True,,,,,,,,,,,,{},0,,0,
4241050709,平顶山职业技术学院,河南省,平顶山市,,河南省,平顶山市,专科,,999999,[],False,教育部2026名录（CSV镜像）,,3098,https://www.pdszy.edu.cn/,"新校区：河南省平顶山市城乡一体化示范区长安大道西段（郑万高铁平顶山站西侧）,园丁校区：河南省平顶山市卫东区园丁路10号",True,,,,,,,,,,,,{},0,,0,
4141014789,南阳工艺美术职业学院,河南省,南阳市,,河南省,南阳市,专科,,999999,[],False,教育部2026名录（CSV镜像）,,3664,https://www.nygymy.edu.cn/,河南省镇平县石佛寺玉佛大道66号,True,,,,,,,,,,,,{},0,,0,
4141014790,濮阳科技职业学院,河南省,濮阳市,,河南省,濮阳市,专科,,999999,[],False,教育部2026名录（CSV镜像）,,3665,http://www.pykjzyxy.com/,河南省濮阳市挥公大道与大庆路交叉口向东500米路北,True,,,,,,,,,,,,{},0,,0,
4141014791,商丘幼儿师范高等专科学校,河南省,商丘市,,河南省,商丘市,专科,,999999,[],False,教育部2026名录（CSV镜像）,,3666,http://www.sqyz.edu.cn/,河南省商丘市归德路与张巡路向西100米,True,,,,,,,,,,,,{},0,,0,
4141014792,周口理工职业学院,河南省,周口市,,河南省,周口市,专科,,999999,[],False,教育部2026名录（CSV镜像）,,3629,http://www.zkpvc.edu.cn/,河南省周口市川汇区太昊路东段6号,True,,,,,,,,,,,,{},0,,0,
4141014793,焦作新材料职业学院,河南省,焦作市,,河南省,焦作市,专科,,999999,[],True,教育部2026名录（CSV镜像）,民办,3667,https://jzxcl.edu.cn,河南省焦作市博爱县人民路1177-1号,True,,,,,,,,,,,,{},0,,0,
4141014794,开封职业学院,河南省,开封市,,河南省,开封市,专科,,999999,[],True,教育部2026名录（CSV镜像）,民办,3668,https://www.kfvc.edu.cn/,"校本部：河南省开封市祥符区黄龙大道1号,产融校区：开封市产城融合示范区和谐路1号（郑民高速杏花营站出口向南7公里，开港大道与和谐路交叉口向东200米路南）",True,,,,,,,,,,,,{},0,,0,
4141014795,洛阳商业职业学院,河南省,洛阳市,,河南省,洛阳市,专科,,999999,[],True,教育部2026名录（CSV镜像）,民办,3669,https://lyvcc.com/,河南省洛阳市洛龙区玉泉街1号,True,,,,,,,,,,,,{},0,,0,
4141014796,郑州软件职业技术学院,河南省,郑州市,,河南省,郑州市,专科,,999999,[],True,教育部2026名录（CSV镜像）,民办,3670,https://www.zzsvtc.edu.cn/,郑州航空港经济综合实验区南海大道36号,True,,,,,,,,,,,,{},0,,0,
4141014797,郑州智能科技职业学院,河南省,郑州市,,河南省,郑州市,专科,,999999,[],True,教育部2026名录（CSV镜像）,民办,3671,https://www.zzcit.edu.cn/,河南省郑州市孟港路6号,True,,,,,,,,,,,,{},0,,0,
4141014812,郑州食品工程职业学院,河南省,郑州市,,河南省,郑州市,专科,,999999,[],True,教育部2026名录（CSV镜像）,民办,3643,https://www.zzfec.edu.cn/,"中华路校区：郑州新郑市中华北路199号,太湖路校区：郑州航空港区华夏大道与太湖路交叉口",True,,,,,,,,,,,,{},0,,0,
4141014813,郑州汽车工程职业学院,河南省,郑州市,,河南省,郑州市,专科,,999999,[],True,教育部2026名录（CSV镜像）,民办,3625,https://www.zzvcae.edu.cn,郑州市中原区兰州路16号,True,,,,,,,,,,,,{},0,,0,
4141014861,驻马店农业工程职业学院,河南省,驻马店市,,河南省,驻马店市,专科,,999999,[],False,教育部2026名录（CSV镜像）,,3723,http://zmdavc.edu.cn/,河南省驻马店市盘龙山路2668号（盘龙山与重阳大道交叉口）,True,,,,,,,,,,,,{},0,,0,
4141014862,信阳科技职业学院,河南省,信阳市,,河南省,信阳市,专科,,999999,[],True,教育部2026名录（CSV镜像）,民办,3727,https://www.xykj.edu.cn/,河南省信阳市平桥区浉河南路东段2号,True,,,,,,,,,,,,{},0,,0,
4141014863,信阳工程职业学院,河南省,信阳市,,河南省,信阳市,专科,,999999,[],True,教育部2026名录（CSV镜像）,民办,3720,https://www.xygczyxy.com/,河南省固始县学院路1号,True,,,,,,,,,,,,{},0,,0,
4141014864,周口城市职业学院,河南省,周口市,,河南省,周口市,专科,,999999,[],True,教育部2026名录（CSV镜像）,民办,3721,https://www.zkcszyxy.com/,河南省周口市建设大道东段19号,True,,,,,,,,,,,,{},0,,0,
4141014865,河南新乡工商职业学院,河南省,新乡市,,河南省,新乡市,专科,,999999,[],True,教育部2026名录（CSV镜像）,民办,3722,http://www.hnxxgs.edu.cn/,河南省新乡市平原示范区科教城嵩山大道369号,True,,,,,,,,,,,,{},0,,0,
4141014929,开封工程职业学院,河南省,开封市,,河南省,开封市,专科,,999999,[],True,教育部2026名录（CSV镜像）,民办,3799,http://www.kfevc.edu.cn/,河南省开封市产城融合示范区融合大道3号,True,,,,,,,,,,,,{},0,,0,
4141014930,开封智慧健康职业学院,河南省,开封市,,河南省,开封市,专科,,999999,[],True,教育部2026名录（CSV镜像）,民办,3800,https://www.kfzhjk.edu.cn/,校本部：开封市产城融合示范区和谐路1号,True,,,,,,,,,,,,{},0,,0,
4141014931,周口智慧能源职业学院,河南省,周口市,,河南省,周口市,专科,,999999,[],True,教育部2026名录（CSV镜像）,民办,3801,http://www.zkzhny.edu.cn/,河南省周口市淮阳区城关镇宛丘大道北侧、羲皇大道西侧,True,,,,,,,,,,,,{},0,,0,
4141014932,平顶山科技职业学院,河南省,平顶山市,,河南省,平顶山市,专科,,999999,[],True,教育部2026名录（CSV镜像）,民办,3802,https://www.pdskj.edu.cn/,河南省平顶山市新华区长安大道西段（市委党校西侧）,True,,,,,,,,,,,,{},0,,0,
4142010486,武汉大学,湖北省,武汉市,,湖北省,武汉市,本科,8,7,"['985', '211', '双一流']",False,教育部2026名录（CSV镜像）,,42,https://www.whu.edu.cn/,"珞珈山主校区：湖北省武汉市武昌区八一路299号,医学部校区：湖北省武汉市武昌区东湖路115号",True,,,,,,,,,,,"{'rankingId': 'legacy-shanghairanking-bcur', 'edition': '2026', 'sortValue': 7.0, 'label': '2026软科主榜 8', 'sourceUrl': 'https://www.shanghairanking.cn/rankings/bcur/2026', 'legacy': True}",{},0,,0,
4142010487,华中科技大学,湖北省,武汉市,,湖北省,武汉市,本科,9,8,"['985', '211', '双一流']",False,教育部2026名录（CSV镜像）,,127,https://www.hust.edu.cn/,"主校区：湖北省武汉市洪山区珞喻路1037号,同济医学院校区：湖北省武汉市汉硚口区航空路13号",True,,,,,,,,,,,"{'rankingId': 'legacy-shanghairanking-bcur', 'edition': '2026', 'sortValue': 8.0, 'label': '2026软科主榜 9', 'sourceUrl': 'https://www.shanghairanking.cn/rankings/bcur/2026', 'legacy': True}",{},0,,0,
4142010488,武汉科技大学,湖北省,武汉市,,湖北省,武汉市,本科,123,165,[],False,教育部2026名录（CSV镜像）,,1007,https://www.wust.edu.cn/,"青山校区：湖北省武汉市青山区和平大道947号,洪山校区：湖北省武汉市洪山区雄楚大道199号,黄家湖校区：湖北省武汉市洪山区青菱街黄家湖西路2号",True,,,,,,,,,,,"{'rankingId': 'legacy-shanghairanking-bcur', 'edition': '2026', 'sortValue': 165.0, 'label': '2026软科主榜 123', 'sourceUrl': 'https://www.shanghairanking.cn/rankings/bcur/2026', 'legacy': True}",{},0,,0,
4142010489,长江大学,湖北省,荆州市,,湖北省,荆州市,本科,184,253,[],False,教育部2026名录（CSV镜像）,,428,https://www.yangtzeu.edu.cn/,"荆州东校区：湖北省荆州市荆州区学苑路1号,武汉校区：湖北省武汉市蔡甸区大学路111号,荆州西校区：湖北省荆州市荆州区荆秘路88号",True,,,,,,,,,,,"{'rankingId': 'legacy-shanghairanking-bcur', 'edition': '2026', 'sortValue': 253.0, 'label': '2026软科主榜 184', 'sourceUrl': 'https://www.shanghairanking.cn/rankings/bcur/2026', 'legacy': True}",{},0,,0,
4142010490,武汉工程大学,湖北省,武汉市,,湖北省,武汉市,本科,169,232,[],False,教育部2026名录（CSV镜像）,,434,https://www.wit.edu.cn/,"流芳校区：湖北省武汉市东湖新技术开发区光谷一路206号,武昌校区：湖北省武汉市洪山区雄楚大道693号",True,,,,,,,,,,,"{'rankingId': 'legacy-shanghairanking-bcur', 'edition': '2026', 'sortValue': 232.0, 'label': '2026软科主榜 169', 'sourceUrl': 'https://www.shanghairanking.cn/rankings/bcur/2026', 'legacy': True}",{},0,,0,
4142010491,中国地质大学（武汉）,湖北省,武汉市,,湖北省,武汉市,本科,56,62,"['211', '双一流']",False,教育部2026名录（CSV镜像）,,121,https://www.cug.edu.cn/,"南望山校区：湖北省武汉市洪山区鲁磨路388号,未来城校区：湖北省武汉市东湖新技术开发区锦程街68号",True,,,,,,,,,,,"{'rankingId': 'legacy-shanghairanking-bcur', 'edition': '2026', 'sortValue': 62.0, 'label': '2026软科主榜 56', 'sourceUrl': 'https://www.shanghairanking.cn/rankings/bcur/2026', 'legacy': True}",{},0,,0,
4142010495,武汉纺织大学,湖北省,武汉市,,湖北省,武汉市,本科,159,219,[],False,教育部2026名录（CSV镜像）,,432,https://www.wtu.edu.cn/,"阳光校区：湖北省武汉市江夏区阳光大道1号,南湖校区：湖北省武汉市洪山区纺织路1号,东湖校区：湖北省武汉市武昌区东湖梨园渔光村1号",True,,,,,,,,,,,"{'rankingId': 'legacy-shanghairanking-bcur', 'edition': '2026', 'sortValue': 219.0, 'label': '2026软科主榜 159', 'sourceUrl': 'https://www.shanghairanking.cn/rankings/bcur/2026', 'legacy': True}",{},0,,0,
4142010496,武汉轻工大学,湖北省,武汉市,,湖北省,武汉市,本科,257,363,[],False,教育部2026名录（CSV镜像）,,436,https://www.whpu.edu.cn/,"常青校区：湖北省武汉市东西湖区常青花园学府南路68号,金银湖校区：湖北省武汉市东西湖区环湖中路36号",True,,,,,,,,,,,"{'rankingId': 'legacy-shanghairanking-bcur', 'edition': '2026', 'sortValue': 363.0, 'label': '2026软科主榜 257', 'sourceUrl': 'https://www.shanghairanking.cn/rankings/bcur/2026', 'legacy': True}",{},0,,0,
4142010497,武汉理工大学,湖北省,武汉市,,湖北省,武汉市,本科,54,60,"['211', '双一流']",False,教育部2026名录（CSV镜像）,,128,https://www.whut.edu.cn/,"马房山校区：湖北省武汉市洪山区珞狮路205号,余家头校区：湖北省武汉市武昌区和平大道1178号,南湖校区：湖北省武汉市洪山区文荟街",True,,,,,,,,,,,"{'rankingId': 'legacy-shanghairanking-bcur', 'edition': '2026', 'sortValue': 60.0, 'label': '2026软科主榜 54', 'sourceUrl': 'https://www.shanghairanking.cn/rankings/bcur/2026', 'legacy': True}",{},0,,0,
4142010500,湖北工业大学,湖北省,武汉市,,湖北省,武汉市,本科,162,224,[],False,教育部2026名录（CSV镜像）,,433,https://www.hbut.edu.cn/,湖北省武汉市洪山区南李路28号,True,,,,,,,,,,,"{'rankingId': 'legacy-shanghairanking-bcur', 'edition': '2026', 'sortValue': 224.0, 'label': '2026软科主榜 162', 'sourceUrl': 'https://www.shanghairanking.cn/rankings/bcur/2026', 'legacy': True}",{},0,,0,
4142010504,华中农业大学,湖北省,武汉市,,湖北省,武汉市,本科,45,50,"['211', '双一流']",False,教育部2026名录（CSV镜像）,,417,https://www.hzau.edu.cn,湖北省武汉市洪山区狮子山街1号,True,,,,,,,,,,,"{'rankingId': 'legacy-shanghairanking-bcur', 'edition': '2026', 'sortValue': 50.0, 'label': '2026软科主榜 45', 'sourceUrl': 'https://www.shanghairanking.cn/rankings/bcur/2026', 'legacy': True}",{},0,,0,
4142010507,湖北中医药大学,湖北省,武汉市,,湖北省,武汉市,本科,中医14,282,[],False,教育部2026名录（CSV镜像）,,437,https://www.hbucm.edu.cn/,"昙华林校区：湖北省武汉市武昌区昙华林188号,黄家湖校区：湖北省武汉市洪山区黄家湖西路16号",True,,,,,,,,,,,"{'rankingId': 'legacy-shanghairanking-bcur', 'edition': '2026', 'sortValue': 282.0, 'label': '2026软科分类标签 中医14', 'sourceUrl': 'https://www.shanghairanking.cn/rankings/bcur/2026', 'legacy': True}",{},0,,0,
4142010511,华中师范大学,湖北省,武汉市,,湖北省,武汉市,本科,53,59,"['211', '双一流']",False,教育部2026名录（CSV镜像）,,420,https://www.ccnu.edu.cn,"校本部：湖北省武汉市洪山区珞喻路152号,南湖校区：湖北省武汉市洪山区雄楚大道382号",True,,,,,,,,,,,"{'rankingId': 'legacy-shanghairanking-bcur', 'edition': '2026', 'sortValue': 59.0, 'label': '2026软科主榜 53', 'sourceUrl': 'https://www.shanghairanking.cn/rankings/bcur/2026', 'legacy': True}",{},0,,0,
4142010512,湖北大学,湖北省,武汉市,,湖北省,武汉市,本科,121,161,[],False,教育部2026名录（CSV镜像）,,425,https://www.hubu.edu.cn/,"武昌校区：湖北省武汉市武昌区友谊大道368号,汉口校区：湖北省武汉市江岸区谌家矶街兴盛路特一号,阳逻校区：湖北省武汉市新洲区阳逻平江东路630号",True,,,,,,,,,,,"{'rankingId': 'legacy-shanghairanking-bcur', 'edition': '2026', 'sortValue': 161.0, 'label': '2026软科主榜 121', 'sourceUrl': 'https://www.shanghairanking.cn/rankings/bcur/2026', 'legacy': True}",{},0,,0,
4142010513,湖北师范大学,湖北省,黄石市,,湖北省,黄石市,本科,312,464,[],False,教育部2026名录（CSV镜像）,,439,https://www.hbnu.edu.cn,湖北省黄石市黄石港区沈家营街道磁湖路11号,True,,,,,,,,,,,"{'rankingId': 'legacy-shanghairanking-bcur', 'edition': '2026', 'sortValue': 464.0, 'label': '2026软科主榜 312', 'sourceUrl': 'https://www.shanghairanking.cn/rankings/bcur/2026', 'legacy': True}",{},0,,0,
4142010514,黄冈师范学院,湖北省,黄冈市,,湖北省,黄冈市,本科,357,530,[],False,教育部2026名录（CSV镜像）,,440,https://www.hgnu.edu.cn,黄冈市黄州区西湖街道新港二路146号,True,,,,,,,,,,,"{'rankingId': 'legacy-shanghairanking-bcur', 'edition': '2026', 'sortValue': 530.0, 'label': '2026软科主榜 357', 'sourceUrl': 'https://www.shanghairanking.cn/rankings/bcur/2026', 'legacy': True}",{},0,,0,
4142010517,湖北民族大学,湖北省,恩施土家族苗族自治州,,湖北省,恩施土家族苗族自治州,本科,民13,513,[],False,教育部2026名录（CSV镜像）,,452,https://www.hbmzu.edu.cn/,湖北恩施土家族苗族自治州恩施市舞阳坝街道学院路39号,True,,,,,,,,,,,"{'rankingId': 'legacy-shanghairanking-bcur', 'edition': '2026', 'sortValue': 513.0, 'label': '2026软科分类标签 民13', 'sourceUrl': 'https://www.shanghairanking.cn/rankings/bcur/2026', 'legacy': True}",{},0,,0,
4142010518,汉江师范学院,湖北省,十堰市,,湖北省,十堰市,本科,500+,734,[],False,教育部2026名录（CSV镜像）,,817,https://www.hjnu.edu.cn/,"十堰校区：湖北省十堰市茅箭区北京南路18号,丹江口校区：湖北省十堰市丹江口市学府路1号",True,,,,,,,,,,,"{'rankingId': 'legacy-shanghairanking-bcur', 'edition': '2026', 'sortValue': 734.0, 'label': '2026软科分类标签 500+', 'sourceUrl': 'https://www.shanghairanking.cn/rankings/bcur/2026', 'legacy': True}",{},0,,0,
4142010519,湖北文理学院,湖北省,襄阳市,,湖北省,襄阳市,本科,372,552,[],False,教育部2026名录（CSV镜像）,,461,http://www.hbuas.edu.cn,湖北省襄阳市襄城区隆中路296号,True,,,,,,,,,,,"{'rankingId': 'legacy-shanghairanking-bcur', 'edition': '2026', 'sortValue': 552.0, 'label': '2026软科主榜 372', 'sourceUrl': 'https://www.shanghairanking.cn/rankings/bcur/2026', 'legacy': True}",{},0,,0,
4142010520,中南财经政法大学,湖北省,武汉市,,湖北省,武汉市,本科,财4,66,"['211', '双一流']",False,教育部2026名录（CSV镜像）,,414,https://www.zuel.edu.cn/,"南湖校区：湖北省武汉市东湖高新技术开发区南湖大道182号,首义校区：湖北省武汉市武昌区武珞路114号",True,,,,,,,,,,,"{'rankingId': 'legacy-shanghairanking-bcur', 'edition': '2026', 'sortValue': 66.0, 'label': '2026软科分类标签 财4', 'sourceUrl': 'https://www.shanghairanking.cn/rankings/bcur/2026', 'legacy': True}",{},0,,0,
4142010522,武汉体育学院,湖北省,武汉市,,湖北省,武汉市,本科,体4,410,[],False,教育部2026名录（CSV镜像）,,448,https://www.whsu.edu.cn/,"东湖校区：湖北省武汉市洪山区珞喻路461号,武当山校区：湖北省十堰市武当山旅游经济特区,藏龙岛校区：湖北省武汉市江夏区藏龙岛科技园区环岛路1号",True,,,,,,,,,,,"{'rankingId': 'legacy-shanghairanking-bcur', 'edition': '2026', 'sortValue': 410.0, 'label': '2026软科分类标签 体4', 'sourceUrl': 'https://www.shanghairanking.cn/rankings/bcur/2026', 'legacy': True}",{},0,,0,
4142010523,湖北美术学院,湖北省,武汉市,,湖北省,武汉市,本科,,999999,[],False,教育部2026名录（CSV镜像）,,451,https://www.hifa.edu.cn/,"藏龙岛校区：武汉市江夏区藏龙岛科技园栗庙路5号,昙华林校区：湖北省武汉市武昌区中山路374号",True,,,,,,,,,,,,{},0,,0,
4142010524,中南民族大学,湖北省,武汉市,,湖北省,武汉市,本科,民2,221,[],False,教育部2026名录（CSV镜像）,,423,https://www.scuec.edu.cn,湖北省武汉市洪山区民族大道182号,True,,,,,,,,,,,"{'rankingId': 'legacy-shanghairanking-bcur', 'edition': '2026', 'sortValue': 221.0, 'label': '2026软科分类标签 民2', 'sourceUrl': 'https://www.shanghairanking.cn/rankings/bcur/2026', 'legacy': True}",{},0,,0,
4142010525,湖北汽车工业学院,湖北省,十堰市,,湖北省,十堰市,本科,341,506,[],False,教育部2026名录（CSV镜像）,,435,https://www.huat.edu.cn/,湖北省十堰市张湾区车城西路167号,True,,,,,,,,,,,"{'rankingId': 'legacy-shanghairanking-bcur', 'edition': '2026', 'sortValue': 506.0, 'label': '2026软科主榜 341', 'sourceUrl': 'https://www.shanghairanking.cn/rankings/bcur/2026', 'legacy': True}",{},0,,0,
4142010528,湖北工程学院,湖北省,孝感市,,湖北省,孝感市,本科,419,613,[],False,教育部2026名录（CSV镜像）,,443,https://www.hbeu.edu.cn/,湖北省孝感市孝南区广场街道交通大道272号,True,,,,,,,,,,,"{'rankingId': 'legacy-shanghairanking-bcur', 'edition': '2026', 'sortValue': 613.0, 'label': '2026软科主榜 419', 'sourceUrl': 'https://www.shanghairanking.cn/rankings/bcur/2026', 'legacy': True}",{},0,,0,
4142010920,湖北理工学院,湖北省,黄石市,,湖北省,黄石市,本科,414,607,[],False,教育部2026名录（CSV镜像）,,1026,https://www.hbpu.edu.cn/,湖北省黄石市桂林北路16号,True,,,,,,,,,,,"{'rankingId': 'legacy-shanghairanking-bcur', 'edition': '2026', 'sortValue': 607.0, 'label': '2026软科主榜 414', 'sourceUrl': 'https://www.shanghairanking.cn/rankings/bcur/2026', 'legacy': True}",{},0,,0,
4142010927,湖北科技学院,湖北省,咸宁市,,湖北省,咸宁市,本科,372,551,[],False,教育部2026名录（CSV镜像）,,457,https://www.hbust.edu.cn/,"温泉校区：湖北省咸宁市咸安区咸宁大道88号,咸安校区：湖北省咸宁市咸安区永安大道2号",True,,,,,,,,,,,"{'rankingId': 'legacy-shanghairanking-bcur', 'edition': '2026', 'sortValue': 551.0, 'label': '2026软科主榜 372', 'sourceUrl': 'https://www.shanghairanking.cn/rankings/bcur/2026', 'legacy': True}",{},0,,0,
4142010929,湖北医药学院,湖北省,十堰市,,湖北省,十堰市,本科,医34,380,[],False,教育部2026名录（CSV镜像）,,438,https://www.hbmu.edu.cn/,湖北省十堰市茅箭区上海路16号,True,,,,,,,,,,,"{'rankingId': 'legacy-shanghairanking-bcur', 'edition': '2026', 'sortValue': 380.0, 'label': '2026软科分类标签 医34', 'sourceUrl': 'https://www.shanghairanking.cn/rankings/bcur/2026', 'legacy': True}",{},0,,0,
4142011072,江汉大学,湖北省,武汉市,,湖北省,武汉市,本科,265,374,[],False,教育部2026名录（CSV镜像）,,430,https://www.jhun.edu.cn/,湖北省武汉市蔡甸区沌阳街道武汉经济技术开发区三角湖路8号,True,,,,,,,,,,,"{'rankingId': 'legacy-shanghairanking-bcur', 'edition': '2026', 'sortValue': 374.0, 'label': '2026软科主榜 265', 'sourceUrl': 'https://www.shanghairanking.cn/rankings/bcur/2026', 'legacy': True}",{},0,,0,
4142011075,三峡大学,湖北省,宜昌市,,湖北省,宜昌市,本科,174,239,[],False,教育部2026名录（CSV镜像）,,431,https://www.ctgu.edu.cn,湖北省宜昌市西陵区窑湾街道大学路8号,True,,,,,,,,,,,"{'rankingId': 'legacy-shanghairanking-bcur', 'edition': '2026', 'sortValue': 239.0, 'label': '2026软科主榜 174', 'sourceUrl': 'https://www.shanghairanking.cn/rankings/bcur/2026', 'legacy': True}",{},0,,0,
4142011332,湖北警官学院,湖北省,武汉市,,湖北省,武汉市,本科,政27,632,[],False,教育部2026名录（CSV镜像）,,1027,https://www.hbpa.edu.cn/,"北校区：湖北省武汉市硚口区南泥湾大道99号,南校区：湖北省武汉市硚口区解放大道86号",True,,,,,,,,,,,"{'rankingId': 'legacy-shanghairanking-bcur', 'edition': '2026', 'sortValue': 632.0, 'label': '2026软科分类标签 政27', 'sourceUrl': 'https://www.shanghairanking.cn/rankings/bcur/2026', 'legacy': True}",{},0,,0,
4142011336,荆楚理工学院,湖北省,荆门市,,湖北省,荆门市,本科,500+,749,[],False,教育部2026名录（CSV镜像）,,1505,https://www.jcut.edu.cn/,湖北荆门市象山大道33号,True,,,,,,,,,,,"{'rankingId': 'legacy-shanghairanking-bcur', 'edition': '2026', 'sortValue': 749.0, 'label': '2026软科分类标签 500+', 'sourceUrl': 'https://www.shanghairanking.cn/rankings/bcur/2026', 'legacy': True}",{},0,,0,
4142011524,武汉音乐学院,湖北省,武汉市,,湖北省,武汉市,本科,,999999,[],False,教育部2026名录（CSV镜像）,,455,https://www.whcm.edu.cn/,"滨江校区：湖北省武汉市武昌区张之洞路1号,解放路校区：湖北省武汉市武昌区解放路255号,司门口校区：湖北省武汉市武昌区解放路427号",True,,,,,,,,,,,,{},0,,0,
4142011600,湖北经济学院,湖北省,武汉市,,湖北省,武汉市,本科,财25,372,[],False,教育部2026名录（CSV镜像）,,445,https://www.hbue.edu.cn/,湖北省武汉市江夏区藏龙岛开发区杨桥湖大道8号,True,,,,,,,,,,,"{'rankingId': 'legacy-shanghairanking-bcur', 'edition': '2026', 'sortValue': 372.0, 'label': '2026软科分类标签 财25', 'sourceUrl': 'https://www.shanghairanking.cn/rankings/bcur/2026', 'legacy': True}",{},0,,0,
4142011654,武汉商学院,湖北省,武汉市,,湖北省,武汉市,本科,财46,666,[],False,教育部2026名录（CSV镜像）,,815,https://www.wbu.edu.cn,"后官湖校区：湖北省武汉市武汉经济技术开发区东风大道816号,墨水湖校区：湖北省武汉市汉阳区墨水湖路48号,马影河校区：湖北省武汉经开区周家河北路以北、育文路两侧、育源路以南",True,,,,,,,,,,,"{'rankingId': 'legacy-shanghairanking-bcur', 'edition': '2026', 'sortValue': 666.0, 'label': '2026软科分类标签 财46', 'sourceUrl': 'https://www.shanghairanking.cn/rankings/bcur/2026', 'legacy': True}",{},0,,0,
4142011798,武汉东湖学院,湖北省,武汉市,,湖北省,武汉市,本科,9,880,[],True,教育部2026名录（CSV镜像）,民办,1159,https://www.wdu.edu.cn,"武汉校区：湖北省武汉市江夏区文化大道301号,嘉鱼教学改革基地：湖北省咸宁市嘉鱼县诗经大道1号",True,,,,,,,,,,,"{'rankingId': 'legacy-shanghairanking-bcur', 'edition': '2026', 'sortValue': 880.0, 'label': '2026软科主榜 9', 'sourceUrl': 'https://www.shanghairanking.cn/rankings/bcur/2026', 'legacy': True}",{},0,,0,
4142011800,汉口学院,湖北省,武汉市,,湖北省,武汉市,本科,100+,1019,[],True,教育部2026名录（CSV镜像）,民办,1105,https://www.hkxy.edu.cn/,"武汉校区：湖北省武汉市江夏区文化大道299号,京山校区：湖北省荆门市京山市京山大道特1号",True,,,,,,,,,,,"{'rankingId': 'legacy-shanghairanking-bcur', 'edition': '2026', 'sortValue': 1019.0, 'label': '2026软科分类标签 100+', 'sourceUrl': 'https://www.shanghairanking.cn/rankings/bcur/2026', 'legacy': True}",{},0,,0,
4142012309,武昌首义学院,湖北省,武汉市,,湖北省,武汉市,本科,11,883,[],True,教育部2026名录（CSV镜像）,民办,1104,http://www.wsyu.edu.cn/,"武昌校区：湖北省武汉市洪山区南李路22号,嘉鱼校区：湖北省咸宁市嘉鱼县诗经大道99号",True,,,,,,,,,,,"{'rankingId': 'legacy-shanghairanking-bcur', 'edition': '2026', 'sortValue': 883.0, 'label': '2026软科主榜 11', 'sourceUrl': 'https://www.shanghairanking.cn/rankings/bcur/2026', 'legacy': True}",{},0,,0,
4142012310,武昌理工学院,湖北省,武汉市,,湖北省,武汉市,本科,12,884,[],True,教育部2026名录（CSV镜像）,民办,1157,https://www.wut.edu.cn/,湖北省武汉市江夏大道16号,True,,,,,,,,,,,"{'rankingId': 'legacy-shanghairanking-bcur', 'edition': '2026', 'sortValue': 884.0, 'label': '2026软科主榜 12', 'sourceUrl': 'https://www.shanghairanking.cn/rankings/bcur/2026', 'legacy': True}",{},0,,0,
4142012362,武汉生物工程学院,湖北省,武汉市,,湖北省,武汉市,本科,34,912,[],True,教育部2026名录（CSV镜像）,民办,1975,https://www.whsw.edu.cn/,湖北省武汉市武汉长江新区汉施路1号,True,,,,,,,,,,,"{'rankingId': 'legacy-shanghairanking-bcur', 'edition': '2026', 'sortValue': 912.0, 'label': '2026软科主榜 34', 'sourceUrl': 'https://www.shanghairanking.cn/rankings/bcur/2026', 'legacy': True}",{},0,,0,
4142013188,武汉晴川学院,湖北省,武汉市,,湖北省,武汉市,本科,100+,1062,[],True,教育部2026名录（CSV镜像）,民办,1974,https://www.qcuwh.edu.cn/,湖北省武汉市东湖高新技术开发区中华科技产业园玉屏大道9号,True,,,,,,,,,,,"{'rankingId': 'legacy-shanghairanking-bcur', 'edition': '2026', 'sortValue': 1062.0, 'label': '2026软科分类标签 100+', 'sourceUrl': 'https://www.shanghairanking.cn/rankings/bcur/2026', 'legacy': True}",{},0,,0,
4142013234,湖北大学知行学院,湖北省,武汉市,,湖北省,武汉市,本科,,999999,[],True,教育部2026名录（CSV镜像）,民办,1963,https://www.hudazx.edu.cn/,湖北省武汉市江岸区谌家矶街兴盛大道特1号,True,,,,,,,,,,,,{},0,,0,
4142013235,武汉城市学院,湖北省,武汉市,,湖北省,武汉市,本科,100+,1059,[],True,教育部2026名录（CSV镜像）,民办,1176,https://www.wic.edu.cn/,"校本部：湖北省武汉市东湖生态旅游风景管理区黄家大湾1号,红安校区：湖北省黄冈市红安县觅儿镇金山大道18号",True,,,,,,,,,,,"{'rankingId': 'legacy-shanghairanking-bcur', 'edition': '2026', 'sortValue': 1059.0, 'label': '2026软科分类标签 100+', 'sourceUrl': 'https://www.shanghairanking.cn/rankings/bcur/2026', 'legacy': True}",{},0,,0,
4142013236,三峡大学科技学院,湖北省,宜昌市,,湖北省,宜昌市,本科,,999999,[],True,教育部2026名录（CSV镜像）,民办,1124,https://kjxy.ctgu.edu.cn/,"校本部：湖北省宜昌市大学路18号,新校区：湖北省宜昌市点军区科教路10号",True,,,,,,,,,,,,{},0,,0,
4142013237,武汉文理学院,湖北省,武汉市,,湖北省,武汉市,本科,财27+,1079,[],True,教育部2026名录（CSV镜像）,民办,2459,https://www.whwl.edu.cn/,湖北省武汉市黄陂区武湖街胜海大道特一号,True,,,,,,,,,,,"{'rankingId': 'legacy-shanghairanking-bcur', 'edition': '2026', 'sortValue': 1079.0, 'label': '2026软科分类标签 财27+', 'sourceUrl': 'https://www.shanghairanking.cn/rankings/bcur/2026', 'legacy': True}",{},0,,0,
4142013238,湖北工业大学工程技术学院,湖北省,武汉市,,湖北省,武汉市,本科,,999999,[],True,教育部2026名录（CSV镜像）,民办,1965,https://gcxy.hbut.edu.cn/,湖北省武汉市洪山区南李路28号附1号,True,,,,,,,,,,,,{},0,,0,
4142013239,武汉工程大学邮电与信息工程学院,湖北省,武汉市,,湖北省,武汉市,本科,,999999,[],True,教育部2026名录（CSV镜像）,民办,1968,http://www.witpt.edu.cn/,"武昌校区：湖北省武汉市洪山区虎泉街366号,邮科院校区：湖北省武汉市洪山区邮科院路88号",True,,,,,,,,,,,,{},0,,0,
4142013240,武汉纺织大学外经贸学院,湖北省,武汉市,,湖北省,武汉市,本科,,999999,[],True,教育部2026名录（CSV镜像）,民办,1316,https://www.whcibe.com/,湖北省武汉市江夏区藏龙岛科技园栗庙路19号,True,,,,,,,,,,,,{},0,,0,
4142013241,武昌工学院,湖北省,武汉市,,湖北省,武汉市,本科,100+,1058,[],True,教育部2026名录（CSV镜像）,民办,1967,https://www.wuit.cn/,湖北省武汉市洪山区白沙三路39号,True,,,,,,,,,,,"{'rankingId': 'legacy-shanghairanking-bcur', 'edition': '2026', 'sortValue': 1058.0, 'label': '2026软科分类标签 100+', 'sourceUrl': 'https://www.shanghairanking.cn/rankings/bcur/2026', 'legacy': True}",{},0,,0,
4142013242,武汉工商学院,湖北省,武汉市,,湖北省,武汉市,本科,财5,891,[],True,教育部2026名录（CSV镜像）,民办,1964,https://www.wtbu.edu.cn/,湖北省武汉市洪山区黄家湖西路3号（黄家湖大学城）,True,,,,,,,,,,,"{'rankingId': 'legacy-shanghairanking-bcur', 'edition': '2026', 'sortValue': 891.0, 'label': '2026软科分类标签 财5', 'sourceUrl': 'https://www.shanghairanking.cn/rankings/bcur/2026', 'legacy': True}",{},0,,0,
4142013245,荆州学院,湖北省,荆州市,,湖北省,荆州市,本科,100+,1032,[],True,教育部2026名录（CSV镜像）,民办,1973,https://www.jzun.edu.cn/,湖北省荆州市荆州区太湖港管理区清刘路,True,,,,,,,,,,,"{'rankingId': 'legacy-shanghairanking-bcur', 'edition': '2026', 'sortValue': 1032.0, 'label': '2026软科分类标签 100+', 'sourceUrl': 'https://www.shanghairanking.cn/rankings/bcur/2026', 'legacy': True}",{},0,,0,
4142013246,长江大学文理学院,湖北省,荆州市,,湖北省,荆州市,本科,,999999,[],True,教育部2026名录（CSV镜像）,民办,1972,https://wlxy.yangtzeu.edu.cn/,湖北省荆州市学苑路33号,True,,,,,,,,,,,,{},0,,0,
4142013247,湖北商贸学院,湖北省,武汉市,,湖北省,武汉市,本科,财27+,1076,[],True,教育部2026名录（CSV镜像）,民办,1966,https://www.hbc.edu.cn/,"武汉校区：湖北省武汉市洪山区雄楚大街634号,咸宁校区：湖北省咸宁市高新区贺胜路508号",True,,,,,,,,,,,"{'rankingId': 'legacy-shanghairanking-bcur', 'edition': '2026', 'sortValue': 1076.0, 'label': '2026软科分类标签 财27+', 'sourceUrl': 'https://www.shanghairanking.cn/rankings/bcur/2026', 'legacy': True}",{},0,,0,
4142013248,湖北汽车工业学院科技学院,湖北省,十堰市,,湖北省,十堰市,本科,,999999,[],True,教育部2026名录（CSV镜像）,民办,1969,https://kjxy.huat.edu.cn/,湖北省十堰市张湾区车城西路167号,True,,,,,,,,,,,,{},0,,0,
4142013249,湖北医药学院药护学院,湖北省,十堰市,,湖北省,十堰市,本科,,999999,[],True,教育部2026名录（CSV镜像）,民办,1158,https://yhgj.hbmu.edu.cn/,"校本部：湖北省十堰市茅箭区人民南路30号,新校区：湖北省十堰市郧阳区学府路67号",True,,,,,,,,,,,,{},0,,0,
4142013250,湖北恩施学院,湖北省,恩施土家族苗族自治州,,湖北省,恩施土家族苗族自治州,本科,100+,1026,[],True,教育部2026名录（CSV镜像）,民办,2461,https://www.hbesxy.edu.cn,湖北省恩施市金龙大道湖北恩施学院,True,,,,,,,,,,,"{'rankingId': 'legacy-shanghairanking-bcur', 'edition': '2026', 'sortValue': 1026.0, 'label': '2026软科分类标签 100+', 'sourceUrl': 'https://www.shanghairanking.cn/rankings/bcur/2026', 'legacy': True}",{},0,,0,
4142013251,湖北经济学院法商学院,湖北省,武汉市,,湖北省,武汉市,本科,,999999,[],True,教育部2026名录（CSV镜像）,民办,1052,https://www.hbfs.edu.cn/,湖北省武汉市江夏区藏龙岛开发区杨桥湖大道8号,True,,,,,,,,,,,,{},0,,0,
4142013253,武汉体育学院体育科技学院,湖北省,武汉市,,湖北省,武汉市,本科,,999999,[],True,教育部2026名录（CSV镜像）,民办,1281,https://kjxy.whsu.edu.cn/,湖北省武汉市江夏区藏龙岛科技园区环岛路1号,True,,,,,,,,,,,,{},0,,0,
4142013256,湖北师范大学文理学院,湖北省,黄石市,,湖北省,黄石市,本科,,999999,[],True,教育部2026名录（CSV镜像）,民办,1970,https://wlxy.hbnu.edu.cn/,湖北省黄石市经济技术开发区金山大道东666号,True,,,,,,,,,,,,{},0,,0,
4142013257,湖北文理学院理工学院,湖北省,襄阳市,,湖北省,襄阳市,本科,,999999,[],True,教育部2026名录（CSV镜像）,民办,1971,https://www.hbasstu.net/,湖北省襄阳市襄城区尹集东街28号,True,,,,,,,,,,,,{},0,,0,
4142013258,湖北工程学院新技术学院,湖北省,孝感市,,湖北省,孝感市,本科,,999999,[],True,教育部2026名录（CSV镜像）,民办,2460,https://www.hbeutc.cn/,湖北省孝感市学院路158号,True,,,,,,,,,,,,{},0,,0,
4142013262,文华学院,湖北省,武汉市,,湖北省,武汉市,本科,43,923,[],True,教育部2026名录（CSV镜像）,民办,1077,https://www.hustwenhua.net/,湖北省武汉市东湖高新技术开发区文华园路8号,True,,,,,,,,,,,"{'rankingId': 'legacy-shanghairanking-bcur', 'edition': '2026', 'sortValue': 923.0, 'label': '2026软科主榜 43', 'sourceUrl': 'https://www.shanghairanking.cn/rankings/bcur/2026', 'legacy': True}",{},0,,0,
4142013634,武汉学院,湖北省,武汉市,,湖北省,武汉市,本科,财12,928,[],True,教育部2026名录（CSV镜像）,民办,1169,https://www.whxy.edu.cn/,湖北省武汉市江夏区黄家湖大道333号,True,,,,,,,,,,,"{'rankingId': 'legacy-shanghairanking-bcur', 'edition': '2026', 'sortValue': 928.0, 'label': '2026软科分类标签 财12', 'sourceUrl': 'https://www.shanghairanking.cn/rankings/bcur/2026', 'legacy': True}",{},0,,0,
4142013664,武汉工程科技学院,湖北省,武汉市,,湖北省,武汉市,本科,100+,1060,[],True,教育部2026名录（CSV镜像）,民办,1144,https://www.wuhues.com/,湖北省武汉市江夏区纸坊街熊廷弼路特8号,True,,,,,,,,,,,"{'rankingId': 'legacy-shanghairanking-bcur', 'edition': '2026', 'sortValue': 1060.0, 'label': '2026软科分类标签 100+', 'sourceUrl': 'https://www.shanghairanking.cn/rankings/bcur/2026', 'legacy': True}",{},0,,0,
4142013666,武汉华夏理工学院,湖北省,武汉市,,湖北省,武汉市,本科,100+,1061,[],True,教育部2026名录（CSV镜像）,民办,1099,http://www.whhxit.edu.cn/,湖北省武汉市东湖新技术开发区关山大道589号,True,,,,,,,,,,,"{'rankingId': 'legacy-shanghairanking-bcur', 'edition': '2026', 'sortValue': 1061.0, 'label': '2026软科分类标签 100+', 'sourceUrl': 'https://www.shanghairanking.cn/rankings/bcur/2026', 'legacy': True}",{},0,,0,
4142013686,武汉传媒学院,湖北省,武汉市,,湖北省,武汉市,本科,,999999,[],True,教育部2026名录（CSV镜像）,民办,2462,http://www.whmc.edu.cn,"武汉校区：湖北省武汉市江夏区光谷大道122号,大悟校区：湖北省大悟县高铁经济试验区将军大道",True,,,,,,,,,,,,{},0,,0,
4142014035,武汉设计工程学院,湖北省,武汉市,,湖北省,武汉市,本科,100+,1063,[],True,教育部2026名录（CSV镜像）,民办,1557,https://www.wids.edu.cn/,"武汉校区：湖北省武汉市江夏区藏龙岛开发区杨桥湖大道,红安校区：湖北省红安经济开发区红安大道特9号",True,,,,,,,,,,,"{'rankingId': 'legacy-shanghairanking-bcur', 'edition': '2026', 'sortValue': 1063.0, 'label': '2026软科分类标签 100+', 'sourceUrl': 'https://www.shanghairanking.cn/rankings/bcur/2026', 'legacy': True}",{},0,,0,
4142014099,湖北第二师范学院,湖北省,武汉市,,湖北省,武汉市,本科,364,538,[],False,教育部2026名录（CSV镜像）,,1356,https://www.hue.edu.cn/,湖北省武汉市东湖新技术开发区高新二路129号,True,,,,,,,,,,,"{'rankingId': 'legacy-shanghairanking-bcur', 'edition': '2026', 'sortValue': 538.0, 'label': '2026软科主榜 364', 'sourceUrl': 'https://www.shanghairanking.cn/rankings/bcur/2026', 'legacy': True}",{},0,,0,
4142010834,武汉职业技术大学,湖北省,武汉市,,湖北省,武汉市,本科,,999999,[],False,教育部2026名录（CSV镜像）,,816,https://www.wtc.edu.cn/,"关山校区：湖北省武汉市洪山区关山大道463号 ,光谷东校区：湖北省鄂州市华容区葛店经济开发区创业大道25号,麻城校区：湖北省麻城市惠东大道特1号",True,,,,,,,,,,,,{},0,,0,
4142014899,湖北三峡航空学院,湖北省,宜昌市,,湖北省,宜昌市,本科,,999999,[],True,教育部2026名录（CSV镜像）,民办,3752,http://www.tgai.edu.cn/,湖北省宜昌市点军区科教路2号,True,,,,,,,,,,,,{},0,,0,
4142010955,黄冈职业技术大学,湖北省,黄冈市,,湖北省,黄冈市,本科,,999999,[],False,教育部2026名录（CSV镜像）,,812,https://hbhgzy.com.cn,"黄州校区：湖北省黄冈市黄州区南湖桃园街109号,武穴校区：湖北省黄冈市武穴市经济开发区电子信息园区",True,,,,,,,,,,,,{},0,,0,
4142012354,襄阳职业技术大学,湖北省,襄阳市,,湖北省,襄阳市,本科,,999999,[],False,教育部2026名录（CSV镜像）,,806,https://www.hbxytc.cn/,湖北省襄阳市襄城区隆中路18号,True,,,,,,,,,,,,{},0,,0,
4142014950,网络空间安全学院,湖北省,武汉市,,湖北省,武汉市,本科,,999999,[],False,教育部2026名录（CSV镜像）,,3873,http://www.csuc.edu.cn,湖北省武汉市东西湖区网安大道26号,True,,,,,,,,,,,,{},0,,0,
4142012979,湖北三峡职业技术大学,湖北省,宜昌市,,湖北省,宜昌市,本科,,999999,[],False,教育部2026名录（CSV镜像）,,1056,https://www.tgc.edu.cn/,"江北校区：湖北省宜昌市体育场路31号,江南校区：湖北省宜昌市点军大道56号",True,,,,,,,,,,,,{},0,,0,
4142010956,长江职业学院,湖北省,武汉市,,湖北省,武汉市,专科,,999999,[],False,教育部2026名录（CSV镜像）,,1106,https://www.cjxy.edu.cn/,"光谷校区：湖北省武汉市洪山区雄楚大街918号,武汉新城校区：湖北省葛店经济开发区电商大道1号",True,,,,,,,,,,,,{},0,,0,
4142011074,荆州理工职业学院,湖北省,荆州市,,湖北省,荆州市,专科,,999999,[],False,教育部2026名录（CSV镜像）,,1945,https://www.jzlg.edu.cn/index.html,湖北省荆州市沙市区工农路22号,True,,,,,,,,,,,,{},0,,0,
4142011334,湖北工业职业技术学院,湖北省,十堰市,,湖北省,十堰市,专科,,999999,[],False,教育部2026名录（CSV镜像）,,1946,https://www.hbgyzy.edu.cn/,湖北省十堰市北京中路38号,True,,,,,,,,,,,,{},0,,0,
4142011335,鄂州职业大学,湖北省,鄂州市,,湖北省,鄂州市,专科,,999999,[],False,教育部2026名录（CSV镜像）,,808,https://www.ezu.cn/,湖北省鄂州市鄂城区凤凰路77号,True,,,,,,,,,,,,{},0,,0,
4142011796,武汉城市职业学院,湖北省,武汉市,,湖北省,武汉市,专科,,999999,[],False,教育部2026名录（CSV镜像）,,2458,https://www.whcp.edu.cn/,"北校区：湖北省武汉市洪山区野芷湖西路26号,南校区：湖北省武汉市洪山区文化大道333号",True,,,,,,,,,,,,{},0,,0,
4142012051,湖北职业技术学院,湖北省,孝感市,,湖北省,孝感市,专科,,999999,[],False,教育部2026名录（CSV镜像）,,810,https://www.hbvtc.edu.cn/,湖北省孝感市玉泉路17号,True,,,,,,,,,,,,{},0,,0,
4142012052,武汉船舶职业技术学院,湖北省,武汉市,,湖北省,武汉市,专科,,999999,[],False,教育部2026名录（CSV镜像）,,1947,https://www.wspc.edu.cn/,湖北省武汉市汉阳区月湖街铁桥南村2号,True,,,,,,,,,,,,{},0,,0,
4142012347,恩施职业技术学院,湖北省,恩施土家族苗族自治州,,湖北省,恩施土家族苗族自治州,专科,,999999,[],False,教育部2026名录（CSV镜像）,,1948,https://www.eszy.edu.cn,湖北省恩施市学院路122号,True,,,,,,,,,,,,{},0,,0,
4142012369,武汉工贸职业学院,湖北省,武汉市,,湖北省,武汉市,专科,,999999,[],True,教育部2026名录（CSV镜像）,民办,1976,http://www.whgmxy.edu.cn/,湖北省武汉市洪山区鲁磨路568号,True,,,,,,,,,,,,{},0,,0,
4142012737,荆州职业技术学院,湖北省,荆州市,,湖北省,荆州市,专科,,999999,[],False,教育部2026名录（CSV镜像）,,1949,https://www.jzvt.edu.cn/,湖北省荆州市荆州大学城学苑路21号,True,,,,,,,,,,,,{},0,,0,
4142012738,武汉工程职业技术学院,湖北省,武汉市,,湖北省,武汉市,专科,,999999,[],False,教育部2026名录（CSV镜像）,,1413,https://www.wgxy.edu.cn/,"校本部：湖北省武汉市新洲区阳逻经济开发区汉施路18号,罗家路校区：湖北省武汉市青山区和平大道941号,凤凰山校区：湖北省武汉市青山区工人村12村520号",True,,,,,,,,,,,,{},0,,0,
4142012740,仙桃职业学院,湖北省,仙桃市,,湖北省,仙桃市,专科,,999999,[],False,教育部2026名录（CSV镜像）,,1950,https://www.hbxtzy.edu.cn/,湖北省仙桃市纺织大道8号,True,,,,,,,,,,,,{},0,,0,
4142012744,湖北轻工职业技术学院,湖北省,武汉市,,湖北省,武汉市,专科,,999999,[],False,教育部2026名录（CSV镜像）,,1951,http://www.hbliti.edu.cn/,湖北省武汉市洪山石牌岭东2路5号,True,,,,,,,,,,,,{},0,,0,
4142012752,湖北交通职业技术学院,湖北省,武汉市,,湖北省,武汉市,专科,,999999,[],False,教育部2026名录（CSV镜像）,,1162,https://www.hbctc.edu.cn/,"藏龙岛校区：武汉市江夏区藏龙岛中洲大道100号,卓刀泉校区：武汉市洪山区雄楚大街455号",True,,,,,,,,,,,,{},0,,0,
4142012951,湖北中医药高等专科学校,湖北省,荆州市,,湖北省,荆州市,专科,,999999,[],False,教育部2026名录（CSV镜像）,,811,http://www.hbzyy.edu.cn/,"南校区：湖北省荆州市学苑路87号,城中校区：湖北省荆州市人民路4号",True,,,,,,,,,,,,{},0,,0,
4142012952,武汉航海职业技术学院,湖北省,武汉市,,湖北省,武汉市,专科,,999999,[],False,教育部2026名录（CSV镜像）,,1016,http://www.whhhxy.com/,湖北省武汉市武昌区喻家湖148号,True,,,,,,,,,,,,{},0,,0,
4142012977,武汉铁路职业技术学院,湖北省,武汉市,,湖北省,武汉市,专科,,999999,[],False,教育部2026名录（CSV镜像）,,1013,https://www.wru.edu.cn,湖北省武汉市江夏区藏龙大道1号,True,,,,,,,,,,,,{},0,,0,
4142012978,武汉软件工程职业学院,湖北省,武汉市,,湖北省,武汉市,专科,,999999,[],False,教育部2026名录（CSV镜像）,,1952,https://www.whvcse.edu.cn/,"光谷校区：湖北省武汉市东湖新技术开发区光谷大道117号,武昌校区：湖北省武汉市武昌区铁机路102号",True,,,,,,,,,,,,{},0,,0,
4142012980,随州职业技术学院,湖北省,随州市,,湖北省,随州市,专科,,999999,[],False,教育部2026名录（CSV镜像）,,1015,https://www.szvtc.cn/,湖北省随州市迎宾大道38号,True,,,,,,,,,,,,{},0,,0,
4142012981,武汉电力职业技术学院,湖北省,武汉市,,湖北省,武汉市,专科,,999999,[],False,教育部2026名录（CSV镜像）,,1953,https://www.whetc.com/,湖北省武汉市洪山区珞喻路189号,True,,,,,,,,,,,,{},0,,0,
4142012982,湖北水利水电职业技术学院,湖北省,武汉市,,湖北省,武汉市,专科,,999999,[],False,教育部2026名录（CSV镜像）,,1074,http://www.hbsy.cn,"南湖校区：湖北省武汉市洪山区珞狮南路306号,汤逊湖校区：湖北省武汉市江夏区经济开发区梁子湖大道6号",True,,,,,,,,,,,,{},0,,0,
4142012983,湖北城市建设职业技术学院,湖北省,武汉市,,湖北省,武汉市,专科,,999999,[],False,教育部2026名录（CSV镜像）,,1068,https://www.hbucvc.edu.cn/,湖北省武汉市东湖高新技术开发区藏龙大道28号,True,,,,,,,,,,,,{},0,,0,
4142012984,武汉警官职业学院,湖北省,武汉市,,湖北省,武汉市,专科,,999999,[],False,教育部2026名录（CSV镜像）,,1019,https://www.whpa.cn/,湖北省武汉市东西湖区东吴大道1206号,True,,,,,,,,,,,,{},0,,0,
4142012985,湖北生物科技职业学院,湖北省,武汉市,,湖北省,武汉市,专科,,999999,[],False,教育部2026名录（CSV镜像）,,1954,http://www.hbskzy.cn/,湖北省武汉市洪山区狮子山野芷湖一号,True,,,,,,,,,,,,{},0,,0,
4142012986,湖北开放职业学院,湖北省,武汉市,,湖北省,武汉市,专科,,999999,[],True,教育部2026名录（CSV镜像）,民办,1978,https://www.hbou.cn/,湖北省武汉市洪山区民族大道56号,True,,,,,,,,,,,,{},0,,0,
4142012987,武汉科技职业学院,湖北省,武汉市,,湖北省,武汉市,专科,,999999,[],True,教育部2026名录（CSV镜像）,民办,1980,http://www.whkjz.com/,湖北省武汉市徐东余家头铁机路特2号,True,,,,,,,,,,,,{},0,,0,
4142012988,武汉外语外事职业学院,湖北省,武汉市,,湖北省,武汉市,专科,,999999,[],True,教育部2026名录（CSV镜像）,民办,1977,https://www.wifa.edu.cn/,武汉市江夏区藏龙岛开发区环岛路3号,True,,,,,,,,,,,,{},0,,0,
4142012989,武汉信息传播职业技术学院,湖北省,武汉市,,湖北省,武汉市,专科,,999999,[],True,教育部2026名录（CSV镜像）,民办,1979,https://www.whinfo.cn/,湖北省武汉市光谷东湖高新技术开发区庙山科技园,True,,,,,,,,,,,,{},0,,0,
4142012990,武昌职业学院,湖北省,武汉市,,湖北省,武汉市,专科,,999999,[],True,教育部2026名录（CSV镜像）,民办,1433,https://www.wczy.edu.cn/,湖北省武汉市江夏经济开发区藏龙岛办事处中洲大道98号,True,,,,,,,,,,,,{},0,,0,
4142012991,武汉商贸职业学院,湖北省,武汉市,,湖北省,武汉市,专科,,999999,[],True,教育部2026名录（CSV镜像）,民办,1424,https://www.whicu.com,"武汉校区：湖北省武汉市东湖新技术开发区光谷二路225号,红安校区：湖北省红安经济开发区金山大道18号",True,,,,,,,,,,,,{},0,,0,
4142013263,湖北艺术职业学院,湖北省,武汉市,,湖北省,武汉市,专科,,999999,[],False,教育部2026名录（CSV镜像）,,1955,https://www.hca.edu.cn/,"校本部：湖北省武汉市洪山区虎泉街126号（地铁2号线虎泉站B出站口）,南湖校区：湖北省武汉市洪山区雄楚大道488号,龙泉校区：湖北省武汉市江夏区龙泉街道兴龙街9号",True,,,,,,,,,,,,{},0,,0,
4142013264,武汉交通职业学院,湖北省,武汉市,,湖北省,武汉市,专科,,999999,[],False,教育部2026名录（CSV镜像）,,1059,https://www.whtcc.edu.cn/,湖北省武汉市洪山区黄家湖西路6号,True,,,,,,,,,,,,{},0,,0,
4142013265,咸宁职业技术学院,湖北省,咸宁市,,湖北省,咸宁市,专科,,999999,[],False,教育部2026名录（CSV镜像）,,1956,https://www.xnec.cn/,湖北省咸宁市咸宁大道118号,True,,,,,,,,,,,,{},0,,0,
4142013266,长江工程职业技术学院,湖北省,武汉市,,湖北省,武汉市,专科,,999999,[],False,教育部2026名录（CSV镜像）,,1008,https://www.cjit.edu.cn/,"文化大道校区：湖北省武汉市江夏区文化大道9号,长江新区校区：湖北省武汉市黄陂区武湖镇汉施大道82号",True,,,,,,,,,,,,{},0,,0,
4142013793,江汉艺术职业学院,湖北省,潜江市,,湖北省,潜江市,专科,,999999,[],False,教育部2026名录（CSV镜像）,,1957,https://www.hbjhart.cn/,湖北省潜江市师范路16号,True,,,,,,,,,,,,{},0,,0,
4142013796,武汉民政职业学院,湖北省,武汉市,,湖北省,武汉市,专科,,999999,[],False,教育部2026名录（CSV镜像）,,915,https://www.whmzxy.edu.cn/,湖北省武汉市洪山区卓刀泉路257号,True,,,,,,,,,,,,{},0,,0,
4142013797,湖北黄冈应急管理职业技术学院,湖北省,黄冈市,,湖北省,黄冈市,专科,,999999,[],False,教育部2026名录（CSV镜像）,,1958,http://www.hbpem.com/,湖北省黄冈市黄冈城东新区南湖工业园南湖路11号,True,,,,,,,,,,,,{},0,,0,
4142013798,湖北财税职业学院,湖北省,武汉市,,湖北省,武汉市,专科,,999999,[],False,教育部2026名录（CSV镜像）,,1959,https://www.hbcszyxy.edu.cn/,湖北省武汉市武昌区白沙洲大道519号,True,,,,,,,,,,,,{},0,,0,
4142013799,黄冈科技职业学院,湖北省,黄冈市,,湖北省,黄冈市,专科,,999999,[],True,教育部2026名录（CSV镜像）,民办,1981,https://www.hbhgkj.edu.cn/,"遗爱湖校区：湖北省黄冈市东坡大道62号,何家湖校区：湖北省黄冈市团风县临江二路与园区中路交汇处",True,,,,,,,,,,,,{},0,,0,
4142013800,湖北国土资源职业学院,湖北省,武汉市,,湖北省,武汉市,专科,,999999,[],False,教育部2026名录（CSV镜像）,,1960,https://www.hbgt.edu.cn/,湖北省武汉市武汉经济技术开发区（汉南区）育才路399号,True,,,,,,,,,,,,{},0,,0,
4142013801,湖北生态工程职业技术学院,湖北省,武汉市,,湖北省,武汉市,专科,,999999,[],False,教育部2026名录（CSV镜像）,,1551,https://www.hb-green.com/,湖北省武汉市江夏区纸坊大街110号,True,,,,,,,,,,,,{},0,,0,
4142014061,三峡电力职业学院,湖北省,宜昌市,,湖北省,宜昌市,专科,,999999,[],False,教育部2026名录（CSV镜像）,,1961,http://www.tgcep.ceec.net.cn/,湖北省宜昌市绿萝路36号,True,,,,,,,,,,,,{},0,,0,
4142014119,湖北科技职业学院,湖北省,武汉市,,湖北省,武汉市,专科,,999999,[],False,教育部2026名录（CSV镜像）,,1982,https://www.hubstc.com.cn/,"关山校区：湖北省武汉市东湖高新技术开发区软件园路2号,鲁巷校区：湖北省武汉市洪山区民族大道26号",True,,,,,,,,,,,,{},0,,0,
4142014197,湖北工程职业学院,湖北省,黄石市,,湖北省,黄石市,专科,,999999,[],False,教育部2026名录（CSV镜像）,,2456,http://www.hbei.com.cn/,湖北省黄石市开发区铁山区大棋大道东366号,True,,,,,,,,,,,,{},0,,0,
4142014258,三峡旅游职业技术学院,湖北省,宜昌市,,湖北省,宜昌市,专科,,999999,[],False,教育部2026名录（CSV镜像）,,2457,http://www.sxlyzy.com.cn,湖北省宜昌市夷陵区汉宜大道205号（宜昌市职教园）,True,,,,,,,,,,,,{},0,,0,
4142014355,天门职业学院,湖北省,天门市,,湖北省,天门市,专科,,999999,[],False,教育部2026名录（CSV镜像）,,2927,http://www.tmzyxy.edu.cn/,湖北省天门市学院路特1号,True,,,,,,,,,,,,{},0,,0,
4142014356,湖北体育职业学院,湖北省,武汉市,,湖北省,武汉市,专科,,999999,[],False,教育部2026名录（CSV镜像）,,2949,https://www.hbtyzy.com,湖北省武汉市东湖新技术开发区高新大道333号,True,,,,,,,,,,,,{},0,,0,
4142014357,襄阳汽车职业技术学院,湖北省,襄阳市,,湖北省,襄阳市,专科,,999999,[],False,教育部2026名录（CSV镜像）,,2948,https://www.xyqczy.edu.cn/,襄阳市襄城区尹集东街66号,True,,,,,,,,,,,,{},0,,0,
4142014467,湖北幼儿师范高等专科学校,湖北省,武汉市,,湖北省,武汉市,专科,,999999,[],False,教育部2026名录（CSV镜像）,,3374,http://www.hbyz.edu.cn,"汤逊湖校区：湖北省武汉市江夏庙山开发区华泰路95号,葛店校区：湖北省鄂州市葛店经济开发区高新东路特1号",True,,,,,,,,,,,,{},0,,0,
4142014553,湖北铁道运输职业学院,湖北省,武汉市,,湖北省,武汉市,专科,,999999,[],False,教育部2026名录（CSV镜像）,,3375,https://www.hcrt.edu.cn/,武汉市洪山区狮子山街钢狮咀1号,True,,,,,,,,,,,,{},0,,0,
4142014554,武汉海事职业学院,湖北省,武汉市,,湖北省,武汉市,专科,,999999,[],False,教育部2026名录（CSV镜像）,,3376,https://www.whmvc.net,武汉市汉口北经济开发区十里棚特1号,True,,,,,,,,,,,,{},0,,0,
4142014555,长江艺术工程职业学院,湖北省,荆州市,,湖北省,荆州市,专科,,999999,[],True,教育部2026名录（CSV镜像）,民办,3377,http://www.cjchuanxi.com,湖北省荆州市纪南生态文化旅游区孙叔敖路1号,True,,,,,,,,,,,,{},0,,0,
4142014571,荆门职业学院,湖北省,荆门市,,湖北省,荆门市,专科,,999999,[],False,教育部2026名录（CSV镜像）,,3378,https://jmvc.edu.cn/,湖北省荆门市掇刀区军马场路3号,True,,,,,,,,,,,,{},0,,0,
4142014590,武汉铁路桥梁职业学院,湖北省,武汉市,,湖北省,武汉市,专科,,999999,[],False,教育部2026名录（CSV镜像）,,3288,https://www.qlxyedu.com/,武汉经济技术开发区（汉南）东荆街马影河大道66号,True,,,,,,,,,,,,{},0,,0,
4142014591,武汉光谷职业学院,湖北省,武汉市,,湖北省,武汉市,专科,,999999,[],True,教育部2026名录（CSV镜像）,民办,3291,https://www.whggvc.net,武汉市江夏区藏龙岛科技园栗庙路6号,True,,,,,,,,,,,,{},0,,0,
4142014721,湖北健康职业学院,湖北省,咸宁市,,湖北省,咸宁市,专科,,999999,[],True,教育部2026名录（CSV镜像）,民办,3520,https://www.hbhvc.edu.cn/,湖北省咸宁市梓山湖生态新城桃源大道66号,True,,,,,,,,,,,,{},0,,0,
4142014755,湖北孝感美珈职业学院,湖北省,孝感市,,湖北省,孝感市,专科,,999999,[],True,教育部2026名录（CSV镜像）,民办,3584,https://www.hbxgmgpi.edu.cn/,湖北省武汉孝感临空经济区教育科技园纵六路,True,,,,,,,,,,,,{},0,,0,
4142014832,襄阳科技职业学院,湖北省,襄阳市,,湖北省,襄阳市,专科,,999999,[],False,教育部2026名录（CSV镜像）,,3672,https://www.xykjzyxy.edu.cn,襄阳市东津新区东津大道6号,True,,,,,,,,,,,,{},0,,0,
4142014833,宜昌科技职业学院,湖北省,宜昌市,,湖北省,宜昌市,专科,,999999,[],False,教育部2026名录（CSV镜像）,,3631,https://www.yckjzy.cn/,湖北省宜昌市汉宜大道205号,True,,,,,,,,,,,,{},0,,0,
4142014866,荆门通用航空职业技术学院,湖北省,荆门市,,湖北省,荆门市,专科,,999999,[],False,教育部2026名录（CSV镜像）,,3715,https://jmga.edu.cn/,湖北省荆门市漳河新区爱飞客大道16号,True,,,,,,,,,,,,{},0,,0,
4143010530,湘潭大学,湖南省,湘潭市,,湖南省,湘潭市,本科,117,154,['双一流'],False,教育部2026名录（CSV镜像）,,385,https://www.xtu.edu.cn/,湖南省湘潭市雨湖区北二环,True,,,,,,,,,,,"{'rankingId': 'legacy-shanghairanking-bcur', 'edition': '2026', 'sortValue': 154.0, 'label': '2026软科主榜 117', 'sourceUrl': 'https://www.shanghairanking.cn/rankings/bcur/2026', 'legacy': True}",{},0,,0,
4143010531,吉首大学,湖南省,湘西土家族苗族自治州,,湖南省,湘西土家族苗族自治州,本科,323,479,[],False,教育部2026名录（CSV镜像）,,386,https://www.jsu.edu.cn/,"吉首校区：湖南省湘西土家族苗族自治州吉首市镇溪街道人民南路120号,张家界校区：湖南省张家界市永定区子午路",True,,,,,,,,,,,"{'rankingId': 'legacy-shanghairanking-bcur', 'edition': '2026', 'sortValue': 479.0, 'label': '2026软科主榜 323', 'sourceUrl': 'https://www.shanghairanking.cn/rankings/bcur/2026', 'legacy': True}",{},0,,0,
4143010532,湖南大学,湖南省,长沙市,,湖南省,长沙市,本科,31,31,"['985', '211', '双一流']",False,教育部2026名录（CSV镜像）,,44,https://www.hnu.edu.cn/,"南校区：湖南省长沙市岳麓区麓山南路2号,财院校区：湖南省长沙市岳麓区石佳冲路109号",True,,,,,,,,,,,"{'rankingId': 'legacy-shanghairanking-bcur', 'edition': '2026', 'sortValue': 31.0, 'label': '2026软科主榜 31', 'sourceUrl': 'https://www.shanghairanking.cn/rankings/bcur/2026', 'legacy': True}",{},0,,0,
4143010533,中南大学,湖南省,长沙市,,湖南省,长沙市,本科,27,27,"['985', '211', '双一流']",False,教育部2026名录（CSV镜像）,,123,https://www.csu.edu.cn/,"岳麓山校区：湖南省长沙市岳麓区麓山南路932号,开福校区：湖南长沙市开福区湘雅路88号,潇湘校区：湖南省长沙市岳麓区潇湘中路405号,麓南校区：湖南省长沙市岳麓区麓山南路605号,杏林校区：湖南省长沙市桐梓坡路172号,天心校区：湖南省长沙市天心区韶山南路22号",True,,,,,,,,,,,"{'rankingId': 'legacy-shanghairanking-bcur', 'edition': '2026', 'sortValue': 27.0, 'label': '2026软科主榜 27', 'sourceUrl': 'https://www.shanghairanking.cn/rankings/bcur/2026', 'legacy': True}",{},0,,0,
4143010534,湖南科技大学,湖南省,湘潭市,,湖南省,湘潭市,本科,189,261,[],False,教育部2026名录（CSV镜像）,,388,https://www.hnust.edu.cn/,湖南省湘潭市雨湖区北二环路,True,,,,,,,,,,,"{'rankingId': 'legacy-shanghairanking-bcur', 'edition': '2026', 'sortValue': 261.0, 'label': '2026软科主榜 189', 'sourceUrl': 'https://www.shanghairanking.cn/rankings/bcur/2026', 'legacy': True}",{},0,,0,
4143010536,长沙理工大学,湖南省,长沙市,,湖南省,长沙市,本科,135,186,[],False,教育部2026名录（CSV镜像）,,389,https://www.csust.edu.cn/,"金盆岭校区：湖南省长沙市天心区万家丽南路二段960号,云塘校区：湖南省长沙市天心区赤岭路45号",True,,,,,,,,,,,"{'rankingId': 'legacy-shanghairanking-bcur', 'edition': '2026', 'sortValue': 186.0, 'label': '2026软科主榜 135', 'sourceUrl': 'https://www.shanghairanking.cn/rankings/bcur/2026', 'legacy': True}",{},0,,0,
4143010537,湖南农业大学,湖南省,长沙市,,湖南省,长沙市,本科,166,228,[],False,教育部2026名录（CSV镜像）,,392,https://www.hunau.edu.cn/,湖南省会长沙市芙蓉区农大路一号,True,,,,,,,,,,,"{'rankingId': 'legacy-shanghairanking-bcur', 'edition': '2026', 'sortValue': 228.0, 'label': '2026软科主榜 166', 'sourceUrl': 'https://www.shanghairanking.cn/rankings/bcur/2026', 'legacy': True}",{},0,,0,
4143010538,中南林业科技大学,湖南省,长沙市,,湖南省,长沙市,本科,219,307,[],False,教育部2026名录（CSV镜像）,,401,https://www.csuft.edu.cn/,湖南省长沙市天心区文源街道韶山南路498号,True,,,,,,,,,,,"{'rankingId': 'legacy-shanghairanking-bcur', 'edition': '2026', 'sortValue': 307.0, 'label': '2026软科主榜 219', 'sourceUrl': 'https://www.shanghairanking.cn/rankings/bcur/2026', 'legacy': True}",{},0,,0,
4143010541,湖南中医药大学,湖南省,长沙市,,湖南省,长沙市,本科,中医9,234,[],False,教育部2026名录（CSV镜像）,,402,https://www.hnucm.edu.cn/,"含浦校区：湖南省长沙市岳麓区含浦科教园学士路300号,东塘校区：湖南省长沙市雨花区韶山中路113号",True,,,,,,,,,,,"{'rankingId': 'legacy-shanghairanking-bcur', 'edition': '2026', 'sortValue': 234.0, 'label': '2026软科分类标签 中医9', 'sourceUrl': 'https://www.shanghairanking.cn/rankings/bcur/2026', 'legacy': True}",{},0,,0,
4143010542,湖南师范大学,湖南省,长沙市,,湖南省,长沙市,本科,92,118,"['211', '双一流']",False,教育部2026名录（CSV镜像）,,58,https://www.hunnu.edu.cn/,"二里半校区：湖南省长沙市岳麓区麓山路36号,南院校区：湖南省长沙市岳麓区岳河西麓山南路,咸嘉湖校区：湖南省长沙市岳麓区桐梓坡路371号,桃花坪校区：湖南省长沙市岳麓区左家垅桃花坪1号,张公岭校区：湖南省长沙市芙蓉区亚大路58号",True,,,,,,,,,,,"{'rankingId': 'legacy-shanghairanking-bcur', 'edition': '2026', 'sortValue': 118.0, 'label': '2026软科主榜 92', 'sourceUrl': 'https://www.shanghairanking.cn/rankings/bcur/2026', 'legacy': True}",{},0,,0,
4143010543,湖南理工大学,湖南省,岳阳市,,湖南省,岳阳市,本科,310,462,[],False,教育部2026名录（CSV镜像）,,396,https://www.hnist.cn,湖南省岳阳市岳阳楼区湘北大道439号,True,,,,,,,,,,,"{'rankingId': 'legacy-shanghairanking-bcur', 'edition': '2026', 'sortValue': 462.0, 'label': '2026软科主榜 310', 'sourceUrl': 'https://www.shanghairanking.cn/rankings/bcur/2026', 'legacy': True}",{},0,,0,
4143010545,湘南学院,湖南省,郴州市,,湖南省,郴州市,本科,405,596,[],False,教育部2026名录（CSV镜像）,,403,https://www.xnu.edu.cn/,"王仙校区：湖南省郴州市苏仙区郴州大道889号,北湖校区：湖南省郴州市北湖区人民西路25号",True,,,,,,,,,,,"{'rankingId': 'legacy-shanghairanking-bcur', 'edition': '2026', 'sortValue': 596.0, 'label': '2026软科主榜 405', 'sourceUrl': 'https://www.shanghairanking.cn/rankings/bcur/2026', 'legacy': True}",{},0,,0,
4143010546,衡阳师范学院,湖南省,衡阳市,,湖南省,衡阳市,本科,406,597,[],False,教育部2026名录（CSV镜像）,,406,https://www.hynu.edu.cn/,"东校区：湖南省衡阳市珠晖区衡花路16号,西校区：湖南省衡阳市雁峰区黄白路165号",True,,,,,,,,,,,"{'rankingId': 'legacy-shanghairanking-bcur', 'edition': '2026', 'sortValue': 597.0, 'label': '2026软科主榜 406', 'sourceUrl': 'https://www.shanghairanking.cn/rankings/bcur/2026', 'legacy': True}",{},0,,0,
4143010547,邵阳学院,湖南省,邵阳市,,湖南省,邵阳市,本科,438,637,[],False,教育部2026名录（CSV镜像）,,418,https://www.hnsyu.edu.cn/,"七里坪校区：湖南省邵阳市大祥区学院路七里坪,邵阳学院附属第一医院：湖南省邵阳市双清区通衡街39号,邵阳学院附属第二医院：邵阳市大祥区宝庆西路18号 ,邵阳学院江北校区：邵阳市北塔区新滩镇办事处磨石社区（魏源西路与北塔路交叉口）,李子园校区：湖南省邵阳市大祥区邵水西路3巷28号",True,,,,,,,,,,,"{'rankingId': 'legacy-shanghairanking-bcur', 'edition': '2026', 'sortValue': 637.0, 'label': '2026软科主榜 438', 'sourceUrl': 'https://www.shanghairanking.cn/rankings/bcur/2026', 'legacy': True}",{},0,,0,
4143010548,怀化学院,湖南省,怀化市,,湖南省,怀化市,本科,436,635,[],False,教育部2026名录（CSV镜像）,,416,https://www.hhtc.edu.cn/,"西校区：湖南省怀化市鹤城区迎丰东路166号,东校区：湖南省怀化市鹤城区迎丰东路798号,鹅梨湾校区：怀化市鹤城区坨院街道办事处泸阳林场",True,,,,,,,,,,,"{'rankingId': 'legacy-shanghairanking-bcur', 'edition': '2026', 'sortValue': 635.0, 'label': '2026软科主榜 436', 'sourceUrl': 'https://www.shanghairanking.cn/rankings/bcur/2026', 'legacy': True}",{},0,,0,
4143010549,湖南文理学院,湖南省,常德市,,湖南省,常德市,本科,455,658,[],False,教育部2026名录（CSV镜像）,,415,https://www.huas.edu.cn,湖南省常德市武陵区白马湖街道洞庭大道3150号,True,,,,,,,,,,,"{'rankingId': 'legacy-shanghairanking-bcur', 'edition': '2026', 'sortValue': 658.0, 'label': '2026软科主榜 455', 'sourceUrl': 'https://www.shanghairanking.cn/rankings/bcur/2026', 'legacy': True}",{},0,,0,
4143010551,湖南科技学院,湖南省,永州市,,湖南省,永州市,本科,462,665,[],False,教育部2026名录（CSV镜像）,,409,https://www.huse.edu.cn,湖南省永州市零陵区杨梓塘路130号,True,,,,,,,,,,,"{'rankingId': 'legacy-shanghairanking-bcur', 'edition': '2026', 'sortValue': 665.0, 'label': '2026软科主榜 462', 'sourceUrl': 'https://www.shanghairanking.cn/rankings/bcur/2026', 'legacy': True}",{},0,,0,
4143010553,湖南人文科技学院,湖南省,娄底市,,湖南省,娄底市,本科,490,695,[],False,教育部2026名录（CSV镜像）,,1070,https://www.huhst.edu.cn/,"校本部：湖南省娄底市娄星区氐星路487号,成慧校区：湖南省娄底市娄星区氐星路866号",True,,,,,,,,,,,"{'rankingId': 'legacy-shanghairanking-bcur', 'edition': '2026', 'sortValue': 695.0, 'label': '2026软科主榜 490', 'sourceUrl': 'https://www.shanghairanking.cn/rankings/bcur/2026', 'legacy': True}",{},0,,0,
4143010554,湖南工商大学,湖南省,长沙市,,湖南省,长沙市,本科,财26,381,[],False,教育部2026名录（CSV镜像）,,407,https://www.hutb.edu.cn/,"南校区：湖南省长沙市岳麓区岳麓大道569号,北校区：湖南省长沙市望城区雷锋大道,海归小镇校区：湖南省长沙市望城区大泽湖街道海归小镇",True,,,,,,,,,,,"{'rankingId': 'legacy-shanghairanking-bcur', 'edition': '2026', 'sortValue': 381.0, 'label': '2026软科分类标签 财26', 'sourceUrl': 'https://www.shanghairanking.cn/rankings/bcur/2026', 'legacy': True}",{},0,,0,
4143010555,南华大学,湖南省,衡阳市,,湖南省,衡阳市,本科,198,272,[],False,教育部2026名录（CSV镜像）,,391,https://www.usc.edu.cn/,"红湘校区：湖南省衡阳市蒸湘区常胜西路28号,雨母校区：湖南省衡阳市高新区衡州大道228号",True,,,,,,,,,,,"{'rankingId': 'legacy-shanghairanking-bcur', 'edition': '2026', 'sortValue': 272.0, 'label': '2026软科主榜 198', 'sourceUrl': 'https://www.shanghairanking.cn/rankings/bcur/2026', 'legacy': True}",{},0,,0,
4143010823,长沙医学院,湖南省,长沙市,,湖南省,长沙市,本科,59,942,[],True,教育部2026名录（CSV镜像）,民办,1243,https://www.csmu.edu.cn/,"长沙校区：湖南省长沙市望城区雷锋大道1501号,衡阳校区：湖南省衡阳市蒸湘区红湘北路258号",True,,,,,,,,,,,"{'rankingId': 'legacy-shanghairanking-bcur', 'edition': '2026', 'sortValue': 942.0, 'label': '2026软科主榜 59', 'sourceUrl': 'https://www.shanghairanking.cn/rankings/bcur/2026', 'legacy': True}",{},0,,0,
4143011077,长沙学院,湖南省,长沙市,,湖南省,长沙市,本科,328,486,[],False,教育部2026名录（CSV镜像）,,1029,http://www.ccsu.cn/,湖南省长沙市开福区洪山路98号,True,,,,,,,,,,,"{'rankingId': 'legacy-shanghairanking-bcur', 'edition': '2026', 'sortValue': 486.0, 'label': '2026软科主榜 328', 'sourceUrl': 'https://www.shanghairanking.cn/rankings/bcur/2026', 'legacy': True}",{},0,,0,
4143011342,湖南工程学院,湖南省,湘潭市,,湖南省,湘潭市,本科,406,598,[],False,教育部2026名录（CSV镜像）,,399,https://www.hnie.edu.cn/,"主校区：湖南省湘潭市岳塘区福星东路88号,书院路校区：湖南省湘潭市岳塘区书院路17号",True,,,,,,,,,,,"{'rankingId': 'legacy-shanghairanking-bcur', 'edition': '2026', 'sortValue': 598.0, 'label': '2026软科主榜 406', 'sourceUrl': 'https://www.shanghairanking.cn/rankings/bcur/2026', 'legacy': True}",{},0,,0,
4143011527,湖南城市学院,湖南省,益阳市,,湖南省,益阳市,本科,463,668,[],False,教育部2026名录（CSV镜像）,,397,https://www.hncu.edu.cn/,湖南省益阳市赫山区赫山街道迎宾东路518号,True,,,,,,,,,,,"{'rankingId': 'legacy-shanghairanking-bcur', 'edition': '2026', 'sortValue': 668.0, 'label': '2026软科主榜 463', 'sourceUrl': 'https://www.shanghairanking.cn/rankings/bcur/2026', 'legacy': True}",{},0,,0,
4143011528,湖南工学院,湖南省,衡阳市,,湖南省,衡阳市,本科,471,675,[],False,教育部2026名录（CSV镜像）,,1983,https://www.hnit.edu.cn/,湖南省衡阳市珠晖区衡花路18号,True,,,,,,,,,,,"{'rankingId': 'legacy-shanghairanking-bcur', 'edition': '2026', 'sortValue': 675.0, 'label': '2026软科主榜 471', 'sourceUrl': 'https://www.shanghairanking.cn/rankings/bcur/2026', 'legacy': True}",{},0,,0,
4143011532,湖南财政经济学院,湖南省,长沙市,,湖南省,长沙市,本科,财43,594,[],False,教育部2026名录（CSV镜像）,,1985,https://www.hufe.edu.cn/,"校本部：湖南省长沙市湘江新区枫林二路139号,雷锋校区：湖南省长沙市湘江新区雷锋街道黄桥大道",True,,,,,,,,,,,"{'rankingId': 'legacy-shanghairanking-bcur', 'edition': '2026', 'sortValue': 594.0, 'label': '2026软科分类标签 财43', 'sourceUrl': 'https://www.shanghairanking.cn/rankings/bcur/2026', 'legacy': True}",{},0,,0,
4143011534,湖南警察学院,湖南省,长沙市,,湖南省,长沙市,本科,政28,641,[],False,教育部2026名录（CSV镜像）,,1986,https://www.hnpolice.com/,湖南省长沙市经济技术开发区远大三路九号,True,,,,,,,,,,,"{'rankingId': 'legacy-shanghairanking-bcur', 'edition': '2026', 'sortValue': 641.0, 'label': '2026软科分类标签 政28', 'sourceUrl': 'https://www.shanghairanking.cn/rankings/bcur/2026', 'legacy': True}",{},0,,0,
4143011535,湖南工业大学,湖南省,株洲市,,湖南省,株洲市,本科,293,432,[],False,教育部2026名录（CSV镜像）,,398,https://www.hut.edu.cn/,"校本部：湖南省株洲市天元区泰山西路88号,东校区：湖南省株洲市荷塘区文化路23号",True,,,,,,,,,,,"{'rankingId': 'legacy-shanghairanking-bcur', 'edition': '2026', 'sortValue': 432.0, 'label': '2026软科主榜 293', 'sourceUrl': 'https://www.shanghairanking.cn/rankings/bcur/2026', 'legacy': True}",{},0,,0,
4143011538,湖南女子学院,湖南省,长沙市,,湖南省,长沙市,本科,语14+,808,[],False,教育部2026名录（CSV镜像）,,1995,http://www.hnwu.edu.cn/,湖南省长沙市中意一路160号,True,,,,,,,,,,,"{'rankingId': 'legacy-shanghairanking-bcur', 'edition': '2026', 'sortValue': 808.0, 'label': '2026软科分类标签 语14+', 'sourceUrl': 'https://www.shanghairanking.cn/rankings/bcur/2026', 'legacy': True}",{},0,,0,
4143012034,湖南第一师范学院,湖南省,长沙市,,湖南省,长沙市,本科,346,514,[],False,教育部2026名录（CSV镜像）,,2463,https://www.hnfnu.edu.cn/,"东方红校区：湖南省长沙市岳麓区枫林三路1015号,城南书院校区：湖南省长沙市天心区书院路356号",True,,,,,,,,,,,"{'rankingId': 'legacy-shanghairanking-bcur', 'edition': '2026', 'sortValue': 514.0, 'label': '2026软科主榜 346', 'sourceUrl': 'https://www.shanghairanking.cn/rankings/bcur/2026', 'legacy': True}",{},0,,0,
4143012214,湖南医药学院,湖南省,怀化市,,湖南省,怀化市,本科,医56+,797,[],False,教育部2026名录（CSV镜像）,,1987,http://www.hnmu.com.cn/,"锦溪校区：湖南省怀化市锦溪南路492号,金海校区：湖南省怀化市怀东路",True,,,,,,,,,,,"{'rankingId': 'legacy-shanghairanking-bcur', 'edition': '2026', 'sortValue': 797.0, 'label': '2026软科分类标签 医56+', 'sourceUrl': 'https://www.shanghairanking.cn/rankings/bcur/2026', 'legacy': True}",{},0,,0,
4143012303,湖南涉外经济学院,湖南省,长沙市,,湖南省,长沙市,本科,财11,921,[],True,教育部2026名录（CSV镜像）,民办,1188,http://www.hieu.edu.cn/,湖南省长沙市岳麓区枫林三路822号,True,,,,,,,,,,,"{'rankingId': 'legacy-shanghairanking-bcur', 'edition': '2026', 'sortValue': 921.0, 'label': '2026软科分类标签 财11', 'sourceUrl': 'https://www.shanghairanking.cn/rankings/bcur/2026', 'legacy': True}",{},0,,0,
4143012599,湘潭大学兴湘学院,湖南省,湘潭市,,湖南省,湘潭市,本科,,999999,[],True,教育部2026名录（CSV镜像）,民办,,,,True,,,,,,,,,,,,{},0,,0,
4143012604,湖南工业大学科技学院,湖南省,株洲市,,湖南省,株洲市,本科,,999999,[],True,教育部2026名录（CSV镜像）,民办,2471,https://kjxy.hut.edu.cn/,湖南省株洲市荷塘区文化路23号,True,,,,,,,,,,,,{},0,,0,
4143012649,湖南科技大学潇湘学院,湖南省,湘潭市,,湖南省,湘潭市,本科,,999999,[],True,教育部2026名录（CSV镜像）,民办,2470,https://xxxy.hnust.edu.cn/,湖南省湘潭市雨湖区桃园路,True,,,,,,,,,,,,{},0,,0,
4143012650,南华大学船山学院,湖南省,衡阳市,,湖南省,衡阳市,本科,,999999,[],True,教育部2026名录（CSV镜像）,民办,2473,https://csxy.usc.edu.cn,湖南省衡阳市常胜西路28号,True,,,,,,,,,,,,{},0,,0,
4143012651,湘潭理工学院,湖南省,湘潭市,,湖南省,湘潭市,本科,财27+,1080,[],True,教育部2026名录（CSV镜像）,民办,2467,https://www.xtit.edu.cn/,湖南省湘潭市雨湖区船行山路3号,True,,,,,,,,,,,"{'rankingId': 'legacy-shanghairanking-bcur', 'edition': '2026', 'sortValue': 1080.0, 'label': '2026软科分类标签 财27+', 'sourceUrl': 'https://www.shanghairanking.cn/rankings/bcur/2026', 'legacy': True}",{},0,,0,
4143012652,长沙工业学院,湖南省,长沙市,,湖南省,长沙市,本科,500+,716,[],False,教育部2026名录（CSV镜像）,,2466,https://www.hncsut.cn/,湖南省长沙市望城区旺旺西路366号,True,,,,,,,,,,,"{'rankingId': 'legacy-shanghairanking-bcur', 'edition': '2026', 'sortValue': 716.0, 'label': '2026软科分类标签 500+', 'sourceUrl': 'https://www.shanghairanking.cn/rankings/bcur/2026', 'legacy': True}",{},0,,0,
4143012653,湖南农业大学东方科技学院,湖南省,长沙市,,湖南省,长沙市,本科,,999999,[],True,教育部2026名录（CSV镜像）,民办,2468,https://zhxy.hunau.edu.cn/,湖南省长沙市芙蓉区农大路1号,True,,,,,,,,,,,,{},0,,0,
4143012656,中南林业科技大学涉外学院,湖南省,长沙市,,湖南省,长沙市,本科,,999999,[],True,教育部2026名录（CSV镜像）,民办,1133,https://swxy.csuft.edu.cn/,湖南省长沙市望城区丁字湾街道,True,,,,,,,,,,,,{},0,,0,
4143012657,常德学院,湖南省,常德市,,湖南省,常德市,本科,100+,1002,[],True,教育部2026名录（CSV镜像）,民办,2474,http://www.changdecollege.cn/,湖南省常德市武陵区高泗路806号,True,,,,,,,,,,,"{'rankingId': 'legacy-shanghairanking-bcur', 'edition': '2026', 'sortValue': 1002.0, 'label': '2026软科分类标签 100+', 'sourceUrl': 'https://www.shanghairanking.cn/rankings/bcur/2026', 'legacy': True}",{},0,,0,
4143012658,岳阳学院,湖南省,岳阳市,,湖南省,岳阳市,本科,100+,1069,[],True,教育部2026名录（CSV镜像）,民办,2475,http://www.yyu.edu.cn,岳阳市岳阳楼区南湖新区赶山西路28号,True,,,,,,,,,,,"{'rankingId': 'legacy-shanghairanking-bcur', 'edition': '2026', 'sortValue': 1069.0, 'label': '2026软科分类标签 100+', 'sourceUrl': 'https://www.shanghairanking.cn/rankings/bcur/2026', 'legacy': True}",{},0,,0,
4143012659,衡阳师范学院南岳学院,湖南省,衡阳市,,湖南省,衡阳市,本科,,999999,[],True,教育部2026名录（CSV镜像）,民办,2479,https://nyxy.hynu.edu.cn/,"老校区：湖南省衡阳市雁峰区黄白路179号,新校区：湖南省衡阳市珠晖区鑫诚路1号",True,,,,,,,,,,,,{},0,,0,
4143012660,湖南工程学院应用技术学院,湖南省,湘潭市,,湖南省,湘潭市,本科,,999999,[],True,教育部2026名录（CSV镜像）,民办,2477,https://hnieyy.hnie.edu.cn/,湖南省湘潭市书院路17号,True,,,,,,,,,,,,{},0,,0,
4143012661,湖南中医药大学湘杏学院,湖南省,长沙市,,湖南省,长沙市,本科,,999999,[],True,教育部2026名录（CSV镜像）,民办,2478,https://xxxy.hnucm.edu.cn/,"东塘校区：湖南省长沙市雨花区韶山中路113号,湘阴校区：湖南省岳阳市湘阴县芙蓉北路湘阴段66号",True,,,,,,,,,,,,{},0,,0,
4143012662,张家界学院,湖南省,张家界市,,湖南省,张家界市,本科,100+,1070,[],True,教育部2026名录（CSV镜像）,民办,2476,https://www.zjjc.edu.cn/,张家界市永定区大庸桥,True,,,,,,,,,,,"{'rankingId': 'legacy-shanghairanking-bcur', 'edition': '2026', 'sortValue': 1070.0, 'label': '2026软科分类标签 100+', 'sourceUrl': 'https://www.shanghairanking.cn/rankings/bcur/2026', 'legacy': True}",{},0,,0,
4143013635,长沙理工大学城南学院,湖南省,长沙市,,湖南省,长沙市,本科,,999999,[],True,教育部2026名录（CSV镜像）,民办,2469,https://www.csust.edu.cn/cnxy/,湖南省长沙市天心区赤岭路45号,True,,,,,,,,,,,,{},0,,0,
4143013806,长沙师范学院,湖南省,长沙市,,湖南省,长沙市,本科,500+,717,[],False,教育部2026名录（CSV镜像）,,1990,http://www.cssf.cn/p1/index.html,"南校区：湖南省长沙市星沙特立路9号,北校区：湖南省长沙市安沙万花园路9号",True,,,,,,,,,,,"{'rankingId': 'legacy-shanghairanking-bcur', 'edition': '2026', 'sortValue': 717.0, 'label': '2026软科分类标签 500+', 'sourceUrl': 'https://www.shanghairanking.cn/rankings/bcur/2026', 'legacy': True}",{},0,,0,
4143013809,湖南应用技术学院,湖南省,常德市,,湖南省,常德市,本科,100+,1029,[],True,教育部2026名录（CSV镜像）,民办,2039,https://www.hatu.edu.cn/,湖南省常德市鼎城区善卷路2508号,True,,,,,,,,,,,"{'rankingId': 'legacy-shanghairanking-bcur', 'edition': '2026', 'sortValue': 1029.0, 'label': '2026软科分类标签 100+', 'sourceUrl': 'https://www.shanghairanking.cn/rankings/bcur/2026', 'legacy': True}",{},0,,0,
4143013836,湖南信息学院,湖南省,长沙市,,湖南省,长沙市,本科,100+,1028,[],True,教育部2026名录（CSV镜像）,民办,2038,https://www.hnuit.edu.cn/p1/index.html,湖南省长沙市（星沙）经济技术开发区毛塘工业园,True,,,,,,,,,,,"{'rankingId': 'legacy-shanghairanking-bcur', 'edition': '2026', 'sortValue': 1028.0, 'label': '2026软科分类标签 100+', 'sourceUrl': 'https://www.shanghairanking.cn/rankings/bcur/2026', 'legacy': True}",{},0,,0,
4143013924,湖南交通工程学院,湖南省,衡阳市,,湖南省,衡阳市,本科,100+,1027,[],True,教育部2026名录（CSV镜像）,民办,2040,https://www.hnjt.edu.cn/,湖南省衡阳市蒸湘区解放大道430号,True,,,,,,,,,,,"{'rankingId': 'legacy-shanghairanking-bcur', 'edition': '2026', 'sortValue': 1027.0, 'label': '2026软科分类标签 100+', 'sourceUrl': 'https://www.shanghairanking.cn/rankings/bcur/2026', 'legacy': True}",{},0,,0,
4143013925,湖南软件职业技术大学,湖南省,湘潭市,,湖南省,湘潭市,本科,,999999,[],True,教育部2026名录（CSV镜像）,民办,2042,http://www.hnsoftedu.com/,"和平校区（老校区）：湖南省湘潭市湘潭经济技术开发区开源路25号 ,九华校区（新校区）：湖南省湘潭市湘潭经济技术开发区湘江路15号",True,,,,,,,,,,,,{},0,,0,
4143013937,湖南汽车工程职业大学,湖南省,株洲市,,湖南省,株洲市,本科,,999999,[],False,教育部2026名录（CSV镜像）,,2030,https://www.hnae.edu.cn/,"东校区：湖南省株洲市石峰区（经开区）智慧路79号,西校区：湖南省株洲市石峰区（经开区）智慧路99号",True,,,,,,,,,,,,{},0,,0,
4143014900,长沙科技学院,湖南省,长沙市,,湖南省,长沙市,本科,,999999,[],True,教育部2026名录（CSV镜像）,民办,3754,http://www.csuse.edu.cn,校本部：湖南省长沙经开区汨罗飞地园学院路1号,True,,,,,,,,,,,,{},0,,0,
4143014983,长沙健康学院,湖南省,长沙市,,湖南省,长沙市,本科,,999999,[],True,教育部2026名录（CSV镜像）,民办,3921,,,True,,,,,,,,,,,,{},0,,0,
4143013921,湖南工艺美术职业大学,湖南省,益阳市,,湖南省,益阳市,本科,,999999,[],False,教育部2026名录（CSV镜像）,,2028,https://www.hnmeida.com.cn/,"校本部：湖南省益阳市赫山区栖霞路135号,东校区：益阳市赫山区桃花仑东路2515号,长沙基地：长沙市长沙县湘龙街道腾辉路76号",True,,,,,,,,,,,,{},0,,0,
4143013043,湖南化工职业技术大学,湖南省,株洲市,,湖南省,株洲市,本科,,999999,[],False,教育部2026名录（CSV镜像）,,2021,https://www.hnhgzy.com/,"石峰校区（北院）：湖南省株洲市石峰区职教大学城智慧路118号,石峰校区（南院）：湖南省株洲市石峰区职教大学城明礼路208号,醴陵校区：湖南省株洲市醴陵市长庆示范区醴陵大道旁",True,,,,,,,,,,,,{},0,,0,
3643000496,湘中幼儿师范高等专科学校,湖南省,邵阳市,,湖南省,邵阳市,专科,,999999,[],False,教育部2026名录（CSV镜像）,,3297,https://www.xzyesf.cn/,湖南省邵阳市大祥区学院南路,True,,,,,,,,,,,,{},0,,0,
4143010827,长沙民政职业技术学院,湖南省,长沙市,,湖南省,长沙市,专科,,999999,[],False,教育部2026名录（CSV镜像）,,1992,https://www.csmzxy.edu.cn/,湖南省长沙市雨花区香樟路421号,True,,,,,,,,,,,,{},0,,0,
4143010830,湖南工业职业技术学院,湖南省,长沙市,,湖南省,长沙市,专科,,999999,[],False,教育部2026名录（CSV镜像）,,1993,http://www.hunangy.com,湖南省长沙市湘江新区含浦中路80号,True,,,,,,,,,,,,{},0,,0,
4143010836,株洲师范高等专科学校,湖南省,株洲市,,湖南省,株洲市,专科,,999999,[],False,教育部2026名录（CSV镜像）,,3379,https://www.hnzzsz.com/,"云龙校区：湖南省株洲市经开区智慧路89号,红旗路校区：湖南省株洲市石峰区红旗北路476号",True,,,,,,,,,,,,{},0,,0,
4143010865,湖南信息职业技术学院,湖南省,长沙市,,湖南省,长沙市,专科,,999999,[],False,教育部2026名录（CSV镜像）,,1994,https://www.hniu.cn/,"望城校区：湖南省长沙市望城区旺旺中路8号,芙蓉校区：湖南省长沙市芙蓉区职院街169号",True,,,,,,,,,,,,{},0,,0,
4143011601,湖南税务高等专科学校,湖南省,长沙市,,湖南省,长沙市,专科,,999999,[],False,教育部2026名录（CSV镜像）,,,,,True,,,,,,,,,,,,{},0,,0,
4143011604,湖南冶金职业技术学院,湖南省,株洲市,,湖南省,株洲市,专科,,999999,[],False,教育部2026名录（CSV镜像）,,,,,False,merged,已并入湖南工业大学,2006,https://job.hut.edu.cn/detail/news?id=19351&menu_id=947,湖南工业大学官方学校简介明确：2006年学校更名为湖南工业大学，同年合并株洲师范高等专科学校和湖南冶金职业技术学院。,,,,,,,{},0,,0,
4143012055,长沙航空职业技术学院,湖南省,长沙市,,湖南省,长沙市,专科,,999999,[],False,教育部2026名录（CSV镜像）,,1984,https://www.cavtc.cn/,"跳马校区：湖南省长沙市雨花区跳马镇,圭塘校区：湖南省长沙市雨花区体院路348号",True,,,,,,,,,,,,{},0,,0,
4143012300,湖南大众传媒职业技术学院,湖南省,长沙市,,湖南省,长沙市,专科,,999999,[],False,教育部2026名录（CSV镜像）,,1996,http://www.hnmmc.cn/,湖南省长沙市星沙经济技术开发区天华路322号,True,,,,,,,,,,,,{},0,,0,
4143012301,永州职业技术学院,湖南省,永州市,,湖南省,永州市,专科,,999999,[],False,教育部2026名录（CSV镜像）,,1997,https://www.yongzhouzhiyuan.cn/,"校本部：湖南省永州市零陵区永州大道289号,医学部：湖南省永州市零陵区南津北路338号,农学部：湖南省永州市冷水滩区梧桐路779号",True,,,,,,,,,,,,{},0,,0,
4143012302,湖南铁道职业技术学院,湖南省,株洲市,,湖南省,株洲市,专科,,999999,[],False,教育部2026名录（CSV镜像）,,1998,http://www.hnrpc.com/,"田心南校区：株洲市石峰区田心路18号,龙西校区：株洲市石峰区田心大道1111号,云龙东校区：株洲市石峰区智慧路123号",True,,,,,,,,,,,,{},0,,0,
4143012304,湖南科技职业学院,湖南省,长沙市,,湖南省,长沙市,专科,,999999,[],False,教育部2026名录（CSV镜像）,,1999,https://www.hnkjzy.edu.cn/,"天心校区（北院）：湖南省长沙市天心区天心大道4291号,天心校区（南院）：湖南省长沙市天心区天心大道4448号,雨花校区：湖南省长沙市雨花区井湾路784号",True,,,,,,,,,,,,{},0,,0,
4143012343,湖南生物机电职业技术学院,湖南省,长沙市,,湖南省,长沙市,专科,,999999,[],False,教育部2026名录（CSV镜像）,,2464,https://www.hnbemc.edu.cn/,"校本部：湖南省长沙市芙蓉区隆平高科技园,马坡岭校区：湖南省长沙市远大二路247号",True,,,,,,,,,,,,{},0,,0,
4143012397,湖南交通职业技术学院,湖南省,长沙市,,湖南省,长沙市,专科,,999999,[],False,教育部2026名录（CSV镜像）,,2000,https://www.hnjtzy.com.cn/,湖南省长沙市黄兴镇湖南交通职业技术学院,True,,,,,,,,,,,,{},0,,0,
4143012401,湖南商务职业技术学院,湖南省,长沙市,,湖南省,长沙市,专科,,999999,[],False,教育部2026名录（CSV镜像）,,2001,https://www.hnvcc.edu.cn/,"商务校区：湖南省长沙市岳麓区雷锋大道413号,外贸校区：湖南省长沙市望城区丁字湾街道外贸路1号",True,,,,,,,,,,,,{},0,,0,
4143012423,湖南体育职业学院,湖南省,长沙市,,湖南省,长沙市,专科,,999999,[],False,教育部2026名录（CSV镜像）,,2002,https://www.hntyxy.net/index,湖南省长沙市雨花区体院路469号,True,,,,,,,,,,,,{},0,,0,
4143012425,湖南工程职业技术学院,湖南省,长沙市,,湖南省,长沙市,专科,,999999,[],False,教育部2026名录（CSV镜像）,,2003,https://www.hngczy.cn/,湖南省长沙市万家丽北路水渡河100号,True,,,,,,,,,,,,{},0,,0,
4143012596,保险职业学院,湖南省,长沙市,,湖南省,长沙市,专科,,999999,[],False,教育部2026名录（CSV镜像）,,1055,https://www.bxxy.com,湖南省长沙市天心区中豹塘路196号,True,,,,,,,,,,,,{},0,,0,
4143012597,湖南外贸职业学院,湖南省,长沙市,,湖南省,长沙市,专科,,999999,[],False,教育部2026名录（CSV镜像）,,2004,https://www.hnwmxy.com/index.html,湖南省长沙市芙蓉北路望城区丁字镇翻身垸,True,,,,,,,,,,,,{},0,,0,
4143012598,湖南网络工程职业学院,湖南省,长沙市,,湖南省,长沙市,专科,,999999,[],False,教育部2026名录（CSV镜像）,,2005,https://www.hnou.edu.cn/,湖南省长沙市青园路168号,True,,,,,,,,,,,,{},0,,0,
4143012600,邵阳职业技术学院,湖南省,邵阳市,,湖南省,邵阳市,专科,,999999,[],False,教育部2026名录（CSV镜像）,,2006,https://www.syzyedu.com/,湖南省邵阳市大祥区城南乡学院路,True,,,,,,,,,,,,{},0,,0,
4143012601,湖南司法警官职业学院,湖南省,长沙市,,湖南省,长沙市,专科,,999999,[],False,教育部2026名录（CSV镜像）,,2007,https://www.hnsfjy.cn/page/default.aspx,湖南省长沙市芙蓉区远大二路1069号,True,,,,,,,,,,,,{},0,,0,
4143012603,长沙商贸旅游职业技术学院,湖南省,长沙市,,湖南省,长沙市,专科,,999999,[],False,教育部2026名录（CSV镜像）,,1198,https://www.hncpu.com/,湖南省长沙市雨花区圭白路16号,True,,,,,,,,,,,,{},0,,0,
4143012739,湖南环境生物职业技术学院,湖南省,衡阳市,,湖南省,衡阳市,专科,,999999,[],False,教育部2026名录（CSV镜像）,,2008,https://www.hnebp.edu.cn/,"北校区：湖南省衡阳市石鼓区望城路165号,南校区：湖南省衡阳市蒸湘区船山西路20号",True,,,,,,,,,,,,{},0,,0,
4143012845,湖南邮电职业技术学院,湖南省,长沙市,,湖南省,长沙市,专科,,999999,[],False,教育部2026名录（CSV镜像）,,2009,https://www.hnptc.edu.cn/,湖南省长沙市天心区南湖路沙湖街128号,True,,,,,,,,,,,,{},0,,0,
4143012846,湘潭医卫职业技术学院,湖南省,湘潭市,,湖南省,湘潭市,专科,,999999,[],False,教育部2026名录（CSV镜像）,,2010,https://www.xtzy.com/,"校本部：湖南省湘潭市岳塘区双拥中路,河西校区：湖南省湘潭市雨湖区和平路54号",True,,,,,,,,,,,,{},0,,0,
4143012847,郴州职业技术学院,湖南省,郴州市,,湖南省,郴州市,专科,,999999,[],False,教育部2026名录（CSV镜像）,,2011,https://www.czzy-edu.com,湖南省郴州市王仙岭郴州大道909号,True,,,,,,,,,,,,{},0,,0,
4143012848,娄底职业技术学院,湖南省,娄底市,,湖南省,娄底市,专科,,999999,[],False,教育部2026名录（CSV镜像）,,2012,https://www.ldzy.edu.cn/,"综合校区：湖南省娄底市娄星区月塘街727号,医卫校区：湖南省娄底市娄星区长青东街799号",True,,,,,,,,,,,,{},0,,0,
4143012849,张家界航空工业职业技术学院,湖南省,张家界市,,湖南省,张家界市,专科,,999999,[],False,教育部2026名录（CSV镜像）,,2013,https://www.zjjhy.edu.cn/,湖南省张家界市武陵山大道学院路1号,True,,,,,,,,,,,,{},0,,0,
4143013031,长沙环境保护职业技术学院,湖南省,长沙市,,湖南省,长沙市,专科,,999999,[],False,教育部2026名录（CSV镜像）,,2014,https://www.hbcollege.com.cn/p1/index.html,湖南省长沙市雨花区木莲东路505号,True,,,,,,,,,,,,{},0,,0,
4143013032,湖南艺术职业学院,湖南省,长沙市,,湖南省,长沙市,专科,,999999,[],False,教育部2026名录（CSV镜像）,,2015,https://www.arthn.com/,湖南省长沙市经济开发区（星沙街道）特立东路719号,True,,,,,,,,,,,,{},0,,0,
4143013033,湖南机电职业技术学院,湖南省,长沙市,,湖南省,长沙市,专科,,999999,[],False,教育部2026名录（CSV镜像）,,2016,https://www.hnjdzy.edu.cn/,湖南省长沙市万家丽北路一段359号,True,,,,,,,,,,,,{},0,,0,
4143013036,长沙职业技术学院,湖南省,长沙市,,湖南省,长沙市,专科,,999999,[],False,教育部2026名录（CSV镜像）,,2017,https://www.cszyedu.cn/,湖南湘江新区谷苑路522号,True,,,,,,,,,,,,{},0,,0,
4143013037,怀化职业技术学院,湖南省,怀化市,,湖南省,怀化市,专科,,999999,[],False,教育部2026名录（CSV镜像）,,2018,http://www.hhvtc.com.cn,湖南省怀化市鹤城区天星西路,True,,,,,,,,,,,,{},0,,0,
4143013038,岳阳职业技术学院,湖南省,岳阳市,,湖南省,岳阳市,专科,,999999,[],False,教育部2026名录（CSV镜像）,,2019,https://www.yvtc.edu.cn/,"校本部：湖南省岳阳市岳阳楼区湘北大道412号,云溪校区：湖南省岳阳市云溪区路口镇长岭村,平江校区：湖南省岳阳市平江县汉昌街道天岳大道与甲山路交汇",True,,,,,,,,,,,,{},0,,0,
4143013039,常德职业技术学院,湖南省,常德市,,湖南省,常德市,专科,,999999,[],False,教育部2026名录（CSV镜像）,,2020,https://www.cdzy.cn/,湖南省常德市武陵区人民路4253号,True,,,,,,,,,,,,{},0,,0,
4143013041,长沙南方职业学院,湖南省,长沙市,,湖南省,长沙市,专科,,999999,[],True,教育部2026名录（CSV镜像）,民办,1017,https://www.nfdx.net/,"校本部：湖南省长沙市岳麓区大学城含浦科教园,方舟校区：湖南省长沙市湘江新区金山桥培文路",True,,,,,,,,,,,,{},0,,0,
4143013042,潇湘职业学院,湖南省,娄底市,,湖南省,娄底市,专科,,999999,[],True,教育部2026名录（CSV镜像）,民办,2045,https://www.hnxxc.com/,湖南省娄底市经济技术开发区,True,,,,,,,,,,,,{},0,,0,
4143013044,湖南城建职业技术学院,湖南省,湘潭市,,湖南省,湘潭市,专科,,999999,[],False,教育部2026名录（CSV镜像）,,2022,https://www.hnucc.com/,"高新校区：湘潭市岳塘区书院路42号,新湖校区：湘潭市岳塘区昭山镇",True,,,,,,,,,,,,{},0,,0,
4143013045,湖南石油化工职业技术学院,湖南省,岳阳市,,湖南省,岳阳市,专科,,999999,[],False,教育部2026名录（CSV镜像）,,2023,https://www.hnshzy.cn/,湖南省岳阳市湘北大道188号,True,,,,,,,,,,,,{},0,,0,
4143013802,湖南中医药高等专科学校,湖南省,株洲市,,湖南省,株洲市,专科,,999999,[],False,教育部2026名录（CSV镜像）,,1988,http://www.hntcmc.net,"芦淞校区：湖南省株洲市芦淞区芦淞路136号,云龙校区：湖南省株洲市石峰区智慧路88号",True,,,,,,,,,,,,{},0,,0,
4143013804,湖南民族职业学院,湖南省,岳阳市,,湖南省,岳阳市,专科,,999999,[],False,教育部2026名录（CSV镜像）,,2024,https://www.hnvc.net.cn/,湖南省岳阳市岳阳楼区湘北大道,True,,,,,,,,,,,,{},0,,0,
4143013805,湘西民族职业技术学院,湖南省,湘西土家族苗族自治州,,湖南省,湘西土家族苗族自治州,专科,,999999,[],False,教育部2026名录（CSV镜像）,,2025,https://www.xxmzy.org.cn/,湖南省湘西土家族苗族自治州吉首市高新技术产业开发区武陵山大道3号,True,,,,,,,,,,,,{},0,,0,
4143013807,湖南财经工业职业技术学院,湖南省,衡阳市,,湖南省,衡阳市,专科,,999999,[],False,教育部2026名录（CSV镜像）,,2026,http://www.hycgy.com/,湖南省衡阳市珠晖区狮山路20号,True,,,,,,,,,,,,{},0,,0,
4143013808,益阳职业技术学院,湖南省,益阳市,,湖南省,益阳市,专科,,999999,[],False,教育部2026名录（CSV镜像）,,2027,https://www.yyvtc.cn/,"校本部：湖南省益阳市迎风桥镇新塘村,高新产业学院：湖南省益阳市赫山区鱼形山路和园山路交汇处",True,,,,,,,,,,,,{},0,,0,
4143013922,湖南九嶷职业技术学院,湖南省,永州市,,湖南省,永州市,专科,,999999,[],False,教育部2026名录（CSV镜像）,,2041,http://www.hnxxjsxy.com,湖南省永州市冷水滩区永州大道2号,True,,,,,,,,,,,,{},0,,0,
4143013923,湖南理工职业技术学院,湖南省,湘潭市,,湖南省,湘潭市,专科,,999999,[],False,教育部2026名录（CSV镜像）,,2029,https://www.xlgy.com/,湖南省湘潭市建设路口河东大道10号,True,,,,,,,,,,,,{},0,,0,
4143013938,长沙电力职业技术学院,湖南省,长沙市,,湖南省,长沙市,专科,,999999,[],False,教育部2026名录（CSV镜像）,,2031,http://www.cseptc.net/,湖南省长沙市经济技术开发区盼盼路（泉塘）,True,,,,,,,,,,,,{},0,,0,
4143013939,湖南水利水电职业技术学院,湖南省,长沙市,,湖南省,长沙市,专科,,999999,[],False,教育部2026名录（CSV镜像）,,2032,https://www.hnslsdxy.com,湖南省长沙市经济技术开发区（星沙）东四路20号西门,True,,,,,,,,,,,,{},0,,0,
4143013940,湖南现代物流职业技术学院,湖南省,长沙市,,湖南省,长沙市,专科,,999999,[],False,教育部2026名录（CSV镜像）,,2033,https://www.hmlc.edu.cn/,湖南省长沙市远大二路泉塘,True,,,,,,,,,,,,{},0,,0,
4143013941,湖南高速铁路职业技术学院,湖南省,衡阳市,,湖南省,衡阳市,专科,,999999,[],False,教育部2026名录（CSV镜像）,,2034,https://www.htcrh.com/,湖南省衡阳市珠晖区三环东路南9号,True,,,,,,,,,,,,{},0,,0,
4143013942,湖南铁路科技职业技术学院,湖南省,株洲市,,湖南省,株洲市,专科,,999999,[],False,教育部2026名录（CSV镜像）,,2035,https://www.hntky.com/,湖南省株洲市石峰区云龙职教城智慧路1号,True,,,,,,,,,,,,{},0,,0,
4143014025,湖南安全技术职业学院,湖南省,长沙市,,湖南省,长沙市,专科,,999999,[],False,教育部2026名录（CSV镜像）,,2036,https://www.hnvist.cn/,湖南省长沙市万家丽北路66号,True,,,,,,,,,,,,{},0,,0,
4143014071,湖南电气职业技术学院,湖南省,湘潭市,,湖南省,湘潭市,专科,,999999,[],False,教育部2026名录（CSV镜像）,,2037,http://www.hndq.edu.cn/,"校本部：湖南省湘潭市岳塘区下摄司街2号,二校区：湖南省湘潭市岳塘区下摄司街36号",True,,,,,,,,,,,,{},0,,0,
4143014072,湖南外国语职业学院,湖南省,长沙市,,湖南省,长沙市,专科,,999999,[],True,教育部2026名录（CSV镜像）,民办,2044,https://www.huwai.edu.cn/,"长沙校区：湖南省长沙市望城区丁字湾街道京阳大道,浏阳校区：湖南省长沙市浏阳市行政中心旁李畋路",True,,,,,,,,,,,,{},0,,0,
4143014097,益阳医学高等专科学校,湖南省,益阳市,,湖南省,益阳市,专科,,999999,[],False,教育部2026名录（CSV镜像）,,1991,https://www.hnyyyz.com,湖南省益阳市迎宾东路516号,True,,,,,,,,,,,,{},0,,0,
4143014121,湖南都市职业学院,湖南省,长沙市,,湖南省,长沙市,专科,,999999,[],True,教育部2026名录（CSV镜像）,民办,2047,http://www.hnupc.com/,中国湖南长沙市远大三路1968号,True,,,,,,,,,,,,{},0,,0,
4143014122,湖南电子科技职业学院,湖南省,长沙市,,湖南省,长沙市,专科,,999999,[],True,教育部2026名录（CSV镜像）,民办,2046,http://www.dzkjxy.cn/,"北校区：湖南省长沙市望城区旺旺西路158号,东校区：湖南省长沙市浏阳经济开发区金阳大道3050号",True,,,,,,,,,,,,{},0,,0,
4143014182,湖南国防工业职业技术学院,湖南省,湘潭市,,湖南省,湘潭市,专科,,999999,[],False,教育部2026名录（CSV镜像）,,2465,https://www.hngfxy.com/,湖南省湘潭市雨湖区楠竹山学院路1号,True,,,,,,,,,,,,{},0,,0,
4143014309,湖南高尔夫旅游职业学院,湖南省,常德市,,湖南省,常德市,专科,,999999,[],True,教育部2026名录（CSV镜像）,民办,2678,https://www.hngolfedu.cn/,湖南省常德市清水湖,True,,,,,,,,,,,,{},0,,0,
4143014310,湖南工商职业学院,湖南省,衡阳市,,湖南省,衡阳市,专科,,999999,[],True,教育部2026名录（CSV镜像）,民办,2679,https://www.hngsxy.com/,湖南省衡阳市石鼓区松木塘,True,,,,,,,,,,,,{},0,,0,
4143014322,湖南三一工业职业技术学院,湖南省,长沙市,,湖南省,长沙市,专科,,999999,[],True,教育部2026名录（CSV镜像）,民办,3111,https://www.sanyedu.com/,湖南省长沙县黄兴大道南段128号,True,,,,,,,,,,,,{},0,,0,
4143014358,长沙卫生职业学院,湖南省,长沙市,,湖南省,长沙市,专科,,999999,[],False,教育部2026名录（CSV镜像）,,3037,https://www.cswszy.com/,湖南省长沙市湘江新区香山大学城岳宁大道6号,True,,,,,,,,,,,,{},0,,0,
4143014359,湖南食品药品职业学院,湖南省,长沙市,,湖南省,长沙市,专科,,999999,[],False,教育部2026名录（CSV镜像）,,2930,https://www.hnyzy.cn,湖南省长沙市岳麓区含浦学士路345号,True,,,,,,,,,,,,{},0,,0,
4143014360,湖南有色金属职业技术学院,湖南省,株洲市,,湖南省,株洲市,专科,,999999,[],False,教育部2026名录（CSV镜像）,,2933,https://www.hnyszy.com.cn,"校本部：株洲市石峰区学林街道香樟社区明礼路197号,南校区：湖南省株洲市荷塘区石宋路1059号",True,,,,,,,,,,,,{},0,,0,
4143014406,湖南吉利汽车职业技术学院,湖南省,湘潭市,,湖南省,湘潭市,专科,,999999,[],True,教育部2026名录（CSV镜像）,民办,3383,http://www.hnqczy.cn/,湖南省湘潭市雨湖区保税路1号,True,,,,,,,,,,,,{},0,,0,
4143014468,湖南幼儿师范高等专科学校,湖南省,常德市,,湖南省,常德市,专科,,999999,[],False,教育部2026名录（CSV镜像）,,3110,https://www.hnyesf.com/,湖南省常德市武陵区高泗路600号常德职教大学城,True,,,,,,,,,,,,{},0,,0,
4143014495,湘南幼儿师范高等专科学校,湖南省,郴州市,,湖南省,郴州市,专科,,999999,[],False,教育部2026名录（CSV镜像）,,3384,http://www.xnyesz.com/,郴州市南岭大道180号,True,,,,,,,,,,,,{},0,,0,
4143014508,湖南劳动人事职业学院,湖南省,长沙市,,湖南省,长沙市,专科,,999999,[],False,教育部2026名录（CSV镜像）,,3385,http://www.hnlrzy.cn/,湖南省长沙经济技术开发区开元东路1319号,True,,,,,,,,,,,,{},0,,0,
4143014663,怀化师范高等专科学校,湖南省,怀化市,,湖南省,怀化市,专科,,999999,[],False,教育部2026名录（CSV镜像）,,3467,http://www.hhsfgz.com/,湖南省怀化市中方荆坪社区,True,,,,,,,,,,,,{},0,,0,
4143014690,永州师范高等专科学校,湖南省,永州市,,湖南省,永州市,专科,,999999,[],False,教育部2026名录（CSV镜像）,,3490,http://www.hnyznc.com/,湖南省永州市零陵区日升路,True,,,,,,,,,,,,{},0,,0,
4143014691,衡阳幼儿师范高等专科学校,湖南省,衡阳市,,湖南省,衡阳市,专科,,999999,[],False,教育部2026名录（CSV镜像）,,3491,https://www.hyyesz.com/,"校本部：湖南省衡阳市雁峰区罗金桥4号,耒阳校区：湖南省衡阳市耒阳市神农路86号",True,,,,,,,,,,,,{},0,,0,
4143014692,长沙幼儿师范高等专科学校,湖南省,长沙市,,湖南省,长沙市,专科,,999999,[],False,教育部2026名录（CSV镜像）,,3492,https://www.csysgz.com/,长沙市湘江新区华强路177号,True,,,,,,,,,,,,{},0,,0,
4143014774,益阳师范高等专科学校,湖南省,益阳市,,湖南省,益阳市,专科,,999999,[],False,教育部2026名录（CSV镜像）,,3608,https://www.newyishi.com/,湖南省益阳市益阳大道（西）238号,True,,,,,,,,,,,,{},0,,0,
4143014775,娄底幼儿师范高等专科学校,湖南省,娄底市,,湖南省,娄底市,专科,,999999,[],False,教育部2026名录（CSV镜像）,,3615,https://www.ldyesz.edu.cn/,湖南省冷水江市荷叶路1号,True,,,,,,,,,,,,{},0,,0,
4143014814,常德科技职业技术学院,湖南省,常德市,,湖南省,常德市,专科,,999999,[],False,教育部2026名录（CSV镜像）,,3644,https://www.cdkjzy.com.cn/,常德市武陵区金丹路605号,True,,,,,,,,,,,,{},0,,0,
4143014815,邵阳工业职业技术学院,湖南省,邵阳市,,湖南省,邵阳市,专科,,999999,[],False,教育部2026名录（CSV镜像）,,3646,https://www.sygyzy.edu.cn/,湖南省邵阳市大祥区学院南路,True,,,,,,,,,,,,{},0,,0,
4143014816,长沙轨道交通职业学院,湖南省,长沙市,,湖南省,长沙市,专科,,999999,[],True,教育部2026名录（CSV镜像）,民办,3673,http://www.csgdjtxy.cn/,长沙临空经济示范区金阳新城督正路219号,True,,,,,,,,,,,,{},0,,0,
4143014817,长沙文创艺术职业学院,湖南省,长沙市,,湖南省,长沙市,专科,,999999,[],True,教育部2026名录（CSV镜像）,民办,3647,http://www.cswcxyedu.cn/,湖南省长沙湘江新区香山教育城紫薇东路168号,True,,,,,,,,,,,,{},0,,0,
4143014818,岳阳现代服务职业学院,湖南省,岳阳市,,湖南省,岳阳市,专科,,999999,[],True,教育部2026名录（CSV镜像）,民办,3648,https://www.yyxdfwzy.com/,湖南省岳阳市临港高新区松杨湖路111号,True,,,,,,,,,,,,{},0,,0,
4143014819,郴州思科职业学院,湖南省,郴州市,,湖南省,郴州市,专科,,999999,[],True,教育部2026名录（CSV镜像）,民办,3649,http://www.skzyxy.com/,湖南省郴州市苏仙区仙福路1号思科职教城,True,,,,,,,,,,,,{},0,,0,
4143014820,衡阳科技职业学院,湖南省,衡阳市,,湖南省,衡阳市,专科,,999999,[],True,教育部2026名录（CSV镜像）,民办,3650,https://www.hykjxy.cn/,湖南省衡阳市蒸湘区解放西路322号,True,,,,,,,,,,,,{},0,,0,
4143014867,怀化工商职业技术学院,湖南省,怀化市,,湖南省,怀化市,专科,,999999,[],False,教育部2026名录（CSV镜像）,,3725,https://www.hhgszy.cn/,湖南省怀化市中方荆坪社区,True,,,,,,,,,,,,{},0,,0,
4243050812,湘潭科技职业学院,湖南省,湘潭市,,湖南省,湘潭市,专科,,999999,[],False,教育部2026名录（CSV镜像）,,3726,http://www.xtkjzyxy.cn/,湘潭市雨湖区高岭路7号,True,,,,,,,,,,,,{},0,,0,
4143014892,长沙医药健康职业学院,湖南省,长沙市,,湖南省,长沙市,专科,,999999,[],True,教育部2026名录（CSV镜像）,民办,3738,https://csyyjkzy.com/,长沙市南横线东段6号,True,,,,,,,,,,,,{},0,,0,
4143014902,长沙科技职业学院,湖南省,长沙市,,湖南省,长沙市,专科,,999999,[],True,教育部2026名录（CSV镜像）,民办,3756,https://cskjzyxy.com/,校本部：湖南省长沙县黄兴大道果园段368号,True,,,,,,,,,,,,{},0,,0,
4143014903,株洲科技职业学院,湖南省,株洲市,,湖南省,株洲市,专科,,999999,[],True,教育部2026名录（CSV镜像）,民办,3757,https://www.zvcst.cn/,校本部：湖南省株洲市渌口区南洲大道1366号,True,,,,,,,,,,,,{},0,,0,
4143014904,衡阳理工职业学院,湖南省,衡阳市,,湖南省,衡阳市,专科,,999999,[],True,教育部2026名录（CSV镜像）,民办,3758,https://www.hylgzyxy.com,湖南省衡阳市耒阳市经济开发区G107国道旁,True,,,,,,,,,,,,{},0,,0,
4143014905,郴州智能科技职业学院,湖南省,郴州市,,湖南省,郴州市,专科,,999999,[],True,教育部2026名录（CSV镜像）,民办,3759,https://znkj.hn.cn/,湖南省郴州市北湖区小埠路18号,True,,,,,,,,,,,,{},0,,0,
4143014933,岳阳科技职业学院,湖南省,岳阳市,,湖南省,岳阳市,专科,,999999,[],True,教育部2026名录（CSV镜像）,民办,3803,https://www.hnyykjzy.cn/,湖南省岳阳市岳阳县荣家湾街道荣湾湖西片区,True,,,,,,,,,,,,{},0,,0,
4143014934,邵阳通航职业技术学院,湖南省,邵阳市,,湖南省,邵阳市,专科,,999999,[],True,教育部2026名录（CSV镜像）,民办,3804,https://www.sgavtc.com/,校本部：邵阳江北雪峰路1号,True,,,,,,,,,,,,{},0,,0,
4144010558,中山大学,广东省,广州市,,广东省,广州市,本科,13,12,"['985', '211', '双一流']",False,教育部2026名录（CSV镜像）,,104,https://www.sysu.edu.cn/,"广州校区南校园：广东省广州市海珠区新港西路135号,广州校区北校园：广东省广州市越秀区中山二路74号,广州校区东校园：广州市番禺区大学城外环东路132号,珠海校区：广东省珠海市香洲区唐家湾,深圳校区：广东省深圳市光明区公常路66号",True,,,,,,,,,,,"{'rankingId': 'legacy-shanghairanking-bcur', 'edition': '2026', 'sortValue': 12.0, 'label': '2026软科主榜 13', 'sourceUrl': 'https://www.shanghairanking.cn/rankings/bcur/2026', 'legacy': True}",{},0,,0,
4144010559,暨南大学,广东省,广州市,,广东省,广州市,本科,59,68,"['211', '双一流']",False,教育部2026名录（CSV镜像）,,106,https://www.jnu.edu.cn/,"石牌校区：广东省广州市天河区黄埔大道西601号,广园东校区：广东省广州市天河区瘦狗岭路377号,深圳校区：广东省深圳市南山区侨城东街6号,珠海校区：广东省珠海市香洲区前山路206号,番禺校区：广东省广州市番禺区新造镇兴业大道东855号",True,,,,,,,,,,,"{'rankingId': 'legacy-shanghairanking-bcur', 'edition': '2026', 'sortValue': 68.0, 'label': '2026软科主榜 59', 'sourceUrl': 'https://www.shanghairanking.cn/rankings/bcur/2026', 'legacy': True}",{},0,,0,
4144010560,汕头大学,广东省,汕头市,,广东省,汕头市,本科,173,238,[],False,教育部2026名录（CSV镜像）,,283,https://www.stu.edu.cn/,"桑浦山校区：广东省汕头市大学路243号,东海岸校区：广东省汕头市翠峰路5号",True,,,,,,,,,,,"{'rankingId': 'legacy-shanghairanking-bcur', 'edition': '2026', 'sortValue': 238.0, 'label': '2026软科主榜 173', 'sourceUrl': 'https://www.shanghairanking.cn/rankings/bcur/2026', 'legacy': True}",{},0,,0,
4144010561,华南理工大学,广东省,广州市,,广东省,广州市,本科,32,32,"['985', '211', '双一流']",False,教育部2026名录（CSV镜像）,,105,https://www.scut.edu.cn/,"五山校区：广东省广州市天河区五山路381号,大学城校区：广东省广州市番禺区外环东路382号,广州国际校区：广东省广州市番禺区兴业大道东777号",True,,,,,,,,,,,"{'rankingId': 'legacy-shanghairanking-bcur', 'edition': '2026', 'sortValue': 32.0, 'label': '2026软科主榜 32', 'sourceUrl': 'https://www.shanghairanking.cn/rankings/bcur/2026', 'legacy': True}",{},0,,0,
4144010564,华南农业大学,广东省,广州市,,广东省,广州市,本科,103,135,['双一流'],False,教育部2026名录（CSV镜像）,,287,https://www.scau.edu.cn/,广东省广州市天河区五山路483号,True,,,,,,,,,,,"{'rankingId': 'legacy-shanghairanking-bcur', 'edition': '2026', 'sortValue': 135.0, 'label': '2026软科主榜 103', 'sourceUrl': 'https://www.shanghairanking.cn/rankings/bcur/2026', 'legacy': True}",{},0,,0,
4144010566,广东海洋大学,广东省,湛江市,,广东省,湛江市,本科,298,441,[],False,教育部2026名录（CSV镜像）,,288,https://www.gdou.edu.cn/,"湖光校区：广东省湛江市麻章区海大路1号,霞山校区：广东省湛江市霞山区解放街道解放东路40号,海滨校区：广东省湛江市霞山区海滨大道中5号,阳江校区：广东省阳江市江城区罗琴路1号",True,,,,,,,,,,,"{'rankingId': 'legacy-shanghairanking-bcur', 'edition': '2026', 'sortValue': 441.0, 'label': '2026软科主榜 298', 'sourceUrl': 'https://www.shanghairanking.cn/rankings/bcur/2026', 'legacy': True}",{},0,,0,
4144010570,广州医科大学,广东省,广州市,,广东省,广州市,本科,医7,96,['双一流'],False,教育部2026名录（CSV镜像）,,295,https://www.gzhmu.edu.cn/,"番禺校区：广东省广州市番禺区新造镇新造路1号,越秀校区：广东省广州市越秀区东风西路195号",True,,,,,,,,,,,"{'rankingId': 'legacy-shanghairanking-bcur', 'edition': '2026', 'sortValue': 96.0, 'label': '2026软科分类标签 医7', 'sourceUrl': 'https://www.shanghairanking.cn/rankings/bcur/2026', 'legacy': True}",{},0,,0,
4144010571,广东医科大学,广东省,湛江市,,广东省,湛江市,本科,医33,376,[],False,教育部2026名录（CSV镜像）,,294,https://www.gdmu.edu.cn/,"湛江校区：广东省湛江市霞山区文明东路2号,东莞校区：广东省东莞市松山湖科技产业园区新城大道1号",True,,,,,,,,,,,"{'rankingId': 'legacy-shanghairanking-bcur', 'edition': '2026', 'sortValue': 376.0, 'label': '2026软科分类标签 医33', 'sourceUrl': 'https://www.shanghairanking.cn/rankings/bcur/2026', 'legacy': True}",{},0,,0,
4144010572,广州中医药大学,广东省,广州市,,广东省,广州市,本科,中医4,127,['双一流'],False,教育部2026名录（CSV镜像）,,289,https://www.gzucm.edu.cn/,"大学城校区：广东省广州市番禺区大学城外环东路232号,三元里校区：广东省广州市白云区机场路12号",True,,,,,,,,,,,"{'rankingId': 'legacy-shanghairanking-bcur', 'edition': '2026', 'sortValue': 127.0, 'label': '2026软科分类标签 中医4', 'sourceUrl': 'https://www.shanghairanking.cn/rankings/bcur/2026', 'legacy': True}",{},0,,0,
4144010573,广东药科大学,广东省,广州市,,广东省,广州市,本科,医39,431,[],False,教育部2026名录（CSV镜像）,,296,https://www.gdpu.edu.cn/,"广州校区大学城校园：广东省广州市番禺区大学城外环东路280号,中山校区：广东省中山市五桂山镇长命水大道9-13号,云浮校区：广东省云浮市云安区西江新城文华路368号,广州校区宝岗校园：广州市海珠区宝岗光汉直街40号,广州校区赤岗校园：广州市海珠区江海大道283号",True,,,,,,,,,,,"{'rankingId': 'legacy-shanghairanking-bcur', 'edition': '2026', 'sortValue': 431.0, 'label': '2026软科分类标签 医39', 'sourceUrl': 'https://www.shanghairanking.cn/rankings/bcur/2026', 'legacy': True}",{},0,,0,
4144010574,华南师范大学,广东省,广州市,,广东省,广州市,本科,79,95,"['211', '双一流']",False,教育部2026名录（CSV镜像）,,98,https://www.scnu.edu.cn/,"广州校区石牌校园：广东省广州市天河区中山大道西55号,广州校区大学城校园：广东省广州市番禺区外环西路378号,佛山校区南海校园：佛山市南海区狮山镇南海软件科技园,汕尾校区滨海校园：汕尾市城区马宫街道",True,,,,,,,,,,,"{'rankingId': 'legacy-shanghairanking-bcur', 'edition': '2026', 'sortValue': 95.0, 'label': '2026软科主榜 79', 'sourceUrl': 'https://www.shanghairanking.cn/rankings/bcur/2026', 'legacy': True}",{},0,,0,
4144010576,韶关学院,广东省,韶关市,,广东省,韶关市,本科,425,621,[],False,教育部2026名录（CSV镜像）,,298,http://www.sgu.edu.cn/,"校本部：广东省韶关市大学路288号,黄田坝校区：广东省韶关市惠民北路64号韶关学院,十里亭校区：广东省韶关市浈江区十里亭镇前进路48号",True,,,,,,,,,,,"{'rankingId': 'legacy-shanghairanking-bcur', 'edition': '2026', 'sortValue': 621.0, 'label': '2026软科主榜 425', 'sourceUrl': 'https://www.shanghairanking.cn/rankings/bcur/2026', 'legacy': True}",{},0,,0,
4144010577,惠州学院,广东省,惠州市,,广东省,惠州市,本科,367,542,[],False,教育部2026名录（CSV镜像）,,300,https://www.hzu.edu.cn/,广东省惠州市惠城区演达大道46号,True,,,,,,,,,,,"{'rankingId': 'legacy-shanghairanking-bcur', 'edition': '2026', 'sortValue': 542.0, 'label': '2026软科主榜 367', 'sourceUrl': 'https://www.shanghairanking.cn/rankings/bcur/2026', 'legacy': True}",{},0,,0,
4144010578,韩山师范学院,广东省,潮州市,,广东省,潮州市,本科,472,676,[],False,教育部2026名录（CSV镜像）,,297,https://www.hstc.edu.cn/,"校本部：广东省潮州市区桥东,东区：广东省潮州市官塘工业园区",True,,,,,,,,,,,"{'rankingId': 'legacy-shanghairanking-bcur', 'edition': '2026', 'sortValue': 676.0, 'label': '2026软科主榜 472', 'sourceUrl': 'https://www.shanghairanking.cn/rankings/bcur/2026', 'legacy': True}",{},0,,0,
4144010579,岭南师范学院,广东省,湛江市,,广东省,湛江市,本科,391,580,[],False,教育部2026名录（CSV镜像）,,299,https://www.lingnan.edu.cn/,"寸金校区：广东省湛江市赤坎区寸金路29号,湖光校区：广东省湛江市麻章区湛江教育基地教育城四路8号,椹川校区：广东省湛江市赤坎区椹川大道北89号",True,,,,,,,,,,,"{'rankingId': 'legacy-shanghairanking-bcur', 'edition': '2026', 'sortValue': 580.0, 'label': '2026软科主榜 391', 'sourceUrl': 'https://www.shanghairanking.cn/rankings/bcur/2026', 'legacy': True}",{},0,,0,
4144010580,肇庆学院,广东省,肇庆市,,广东省,肇庆市,本科,440,640,[],False,教育部2026名录（CSV镜像）,,961,https://www.zqu.edu.cn/,"校本部：广东省肇庆市端州区肇庆大道55号,星湖校区：广东省肇庆市端州区砚都大道北",True,,,,,,,,,,,"{'rankingId': 'legacy-shanghairanking-bcur', 'edition': '2026', 'sortValue': 640.0, 'label': '2026软科主榜 440', 'sourceUrl': 'https://www.shanghairanking.cn/rankings/bcur/2026', 'legacy': True}",{},0,,0,
4144010582,嘉应学院,广东省,梅州市,,广东省,梅州市,本科,499,704,[],False,教育部2026名录（CSV镜像）,,301,https://www.jyu.edu.cn/,"江北校区：广东省梅州市梅江区梅松路100号,江南校区：广东省梅州市梅江区华南大道19号,黄塘校区：广东省梅州市梅江区黄塘路146号,程江校区：广东省梅州市梅县区大新西路241号,丰顺校区：广东省梅州市丰顺县汤南镇紫琳路",True,,,,,,,,,,,"{'rankingId': 'legacy-shanghairanking-bcur', 'edition': '2026', 'sortValue': 704.0, 'label': '2026软科主榜 499', 'sourceUrl': 'https://www.shanghairanking.cn/rankings/bcur/2026', 'legacy': True}",{},0,,0,
4144010585,广州体育学院,广东省,广州市,,广东省,广州市,本科,体10,543,[],False,教育部2026名录（CSV镜像）,,303,https://www.gzsport.edu.cn/,广东省广州市天河区广州大道中1268号,True,,,,,,,,,,,"{'rankingId': 'legacy-shanghairanking-bcur', 'edition': '2026', 'sortValue': 543.0, 'label': '2026软科分类标签 体10', 'sourceUrl': 'https://www.shanghairanking.cn/rankings/bcur/2026', 'legacy': True}",{},0,,0,
4144010586,广州美术学院,广东省,广州市,,广东省,广州市,本科,,999999,[],False,教育部2026名录（CSV镜像）,,304,https://www.gzarts.edu.cn,"昌岗校区：广东省广州市海珠区昌岗东路257号,大学城校区：广东省广州市番禺区广州大学城外环西路168号,佛山校区：佛山市禅城区禅港西路",True,,,,,,,,,,,,{},0,,0,
4144010587,星海音乐学院,广东省,广州市,,广东省,广州市,本科,,999999,[],False,教育部2026名录（CSV镜像）,,305,https://www.xhcom.edu.cn/,"广州大学城校区：广东省广州市番禺区小谷围街大学城外环西路398号,沙河校区：广东省广州市天河区先烈东横路48号",True,,,,,,,,,,,,{},0,,0,
4144010588,广东技术师范大学,广东省,广州市,,广东省,广州市,本科,314,468,[],False,教育部2026名录（CSV镜像）,,964,https://www.gpnu.edu.cn/index.htm,"东校区：广东省广州市天河区中山大道西293号,西校区：广东省广州市天河区龙口西路576号,北校区：广东省广州市越秀区广园西路183号,白云校区：广东省广州市白云区江高镇环镇西路155号,河源校区：广东省河源市东源县东环路教育城内",True,,,,,,,,,,,"{'rankingId': 'legacy-shanghairanking-bcur', 'edition': '2026', 'sortValue': 468.0, 'label': '2026软科主榜 314', 'sourceUrl': 'https://www.shanghairanking.cn/rankings/bcur/2026', 'legacy': True}",{},0,,0,
4144010590,深圳大学,广东省,深圳市,,广东省,深圳市,本科,66,79,[],False,教育部2026名录（CSV镜像）,,284,https://www.szu.edu.cn/,"粤海校区：广东省深圳市南山区南海大道3688号,丽湖校区：广东省深圳市南山区学苑大道1066号",True,,,,,,,,,,,"{'rankingId': 'legacy-shanghairanking-bcur', 'edition': '2026', 'sortValue': 79.0, 'label': '2026软科主榜 66', 'sourceUrl': 'https://www.shanghairanking.cn/rankings/bcur/2026', 'legacy': True}",{},0,,0,
4144010592,广东财经大学,广东省,广州市,,广东省,广州市,本科,财21,327,[],False,教育部2026名录（CSV镜像）,,302,https://www.gdufe.edu.cn/,"广州校区：广东省广州市海珠区仑头路21号,佛山校区：广东省佛山市三水区云东海街道学海中路1号",True,,,,,,,,,,,"{'rankingId': 'legacy-shanghairanking-bcur', 'edition': '2026', 'sortValue': 327.0, 'label': '2026软科分类标签 财21', 'sourceUrl': 'https://www.shanghairanking.cn/rankings/bcur/2026', 'legacy': True}",{},0,,0,
4144010822,广东白云学院,广东省,广州市,,广东省,广州市,本科,39,918,[],True,教育部2026名录（CSV镜像）,民办,966,https://www.baiyunu.edu.cn/,"西校区：广东省广州市白云区江高镇学苑路1号,北校区：广东省广州市白云区钟落潭镇九佛西路280号",True,,,,,,,,,,,"{'rankingId': 'legacy-shanghairanking-bcur', 'edition': '2026', 'sortValue': 918.0, 'label': '2026软科主榜 39', 'sourceUrl': 'https://www.shanghairanking.cn/rankings/bcur/2026', 'legacy': True}",{},0,,0,
4144011078,广州大学,广东省,广州市,,广东省,广州市,本科,105,137,[],False,教育部2026名录（CSV镜像）,,293,https://www.gzhu.edu.cn/,"校本部：广东省广州市番禺区大学城外环西路230号,黄埔校区：广东省广州市黄埔区中新知识城科教创新区,桂花岗校区：广东省广州市越秀区解放北路桂花岗东1号",True,,,,,,,,,,,"{'rankingId': 'legacy-shanghairanking-bcur', 'edition': '2026', 'sortValue': 137.0, 'label': '2026软科主榜 105', 'sourceUrl': 'https://www.shanghairanking.cn/rankings/bcur/2026', 'legacy': True}",{},0,,0,
4144011106,广州航海学院,广东省,广州市,,广东省,广州市,本科,442,642,[],False,教育部2026名录（CSV镜像）,,967,http://www.gzmtu.edu.cn/,"黄埔校区：广东省广州市黄埔区红山三路101号,琶洲校区：广东省广州市海珠区新港东路夏阳大街1号",True,,,,,,,,,,,"{'rankingId': 'legacy-shanghairanking-bcur', 'edition': '2026', 'sortValue': 642.0, 'label': '2026软科主榜 442', 'sourceUrl': 'https://www.shanghairanking.cn/rankings/bcur/2026', 'legacy': True}",{},0,,0,
4144011110,广东警官学院,广东省,广州市,,广东省,广州市,本科,政19,524,[],False,教育部2026名录（CSV镜像）,,963,https://www.gdppla.edu.cn/,"嘉禾校区：广东省广州市白云区东平文盛庄路118号,滨江校区：广东省广州市海珠区滨江东路500号",True,,,,,,,,,,,"{'rankingId': 'legacy-shanghairanking-bcur', 'edition': '2026', 'sortValue': 524.0, 'label': '2026软科分类标签 政19', 'sourceUrl': 'https://www.shanghairanking.cn/rankings/bcur/2026', 'legacy': True}",{},0,,0,
4144011347,仲恺农业工程学院,广东省,广州市,,广东省,广州市,本科,353,526,[],False,教育部2026名录（CSV镜像）,,2480,https://www.zhku.edu.cn/,"海珠校区：广东省广州市海珠区东沙街24号,白云校区：广东省广州市白云区广从八路1188号",True,,,,,,,,,,,"{'rankingId': 'legacy-shanghairanking-bcur', 'edition': '2026', 'sortValue': 526.0, 'label': '2026软科主榜 353', 'sourceUrl': 'https://www.shanghairanking.cn/rankings/bcur/2026', 'legacy': True}",{},0,,0,
4144011349,五邑大学,广东省,江门市,,广东省,江门市,本科,311,463,[],False,教育部2026名录（CSV镜像）,,285,https://www.wyu.edu.cn/,广东省江门市蓬江区白沙街道东成村22号,True,,,,,,,,,,,"{'rankingId': 'legacy-shanghairanking-bcur', 'edition': '2026', 'sortValue': 463.0, 'label': '2026软科主榜 311', 'sourceUrl': 'https://www.shanghairanking.cn/rankings/bcur/2026', 'legacy': True}",{},0,,0,
4144011540,广东金融学院,广东省,广州市,,广东省,广州市,本科,财40,523,[],False,教育部2026名录（CSV镜像）,,1031,https://www.gduf.edu.cn/,"校本部：广东省广州市天河区龙洞迎福路527号,肇庆校区：广东省肇庆市星湖石牌,清远校区：广东省清远市清城区东城街道环城东路北1号",True,,,,,,,,,,,"{'rankingId': 'legacy-shanghairanking-bcur', 'edition': '2026', 'sortValue': 523.0, 'label': '2026软科分类标签 财40', 'sourceUrl': 'https://www.shanghairanking.cn/rankings/bcur/2026', 'legacy': True}",{},0,,0,
4144011545,电子科技大学中山学院,广东省,中山市,,广东省,中山市,本科,,999999,[],True,教育部2026名录（CSV镜像）,民办,2482,https://www.zsc.edu.cn/,广东省中山市石岐区学院路一号,True,,,,,,,,,,,,{},0,,0,
4144011656,广东石油化工学院,广东省,茂名市,,广东省,茂名市,本科,376,558,[],False,教育部2026名录（CSV镜像）,,292,https://www.gdupt.edu.cn/,"官渡校区：广东省茂名市茂南区官渡二路139号,光华校区：广东省茂名市茂南区光华北路7号,西城校区：广东省茂名市茂南区科创路1号",True,,,,,,,,,,,"{'rankingId': 'legacy-shanghairanking-bcur', 'edition': '2026', 'sortValue': 558.0, 'label': '2026软科主榜 376', 'sourceUrl': 'https://www.shanghairanking.cn/rankings/bcur/2026', 'legacy': True}",{},0,,0,
4144011819,东莞理工学院,广东省,东莞市,,广东省,东莞市,本科,247,350,[],False,教育部2026名录（CSV镜像）,,291,https://www.dgut.edu.cn/,"松山湖校区：广东省东莞市松山湖高新技术产业开发区大学路1号,莞城校区：广东省东莞市莞城区学院路251号",True,,,,,,,,,,,"{'rankingId': 'legacy-shanghairanking-bcur', 'edition': '2026', 'sortValue': 350.0, 'label': '2026软科主榜 247', 'sourceUrl': 'https://www.shanghairanking.cn/rankings/bcur/2026', 'legacy': True}",{},0,,0,
4144011845,广东工业大学,广东省,广州市,,广东省,广州市,本科,96,124,[],False,教育部2026名录（CSV镜像）,,286,https://www.gdut.edu.cn/,"校本部：广东省广州市番禺区小谷围街广州大学城外环西路100号,东风路校区：广东省广州市越秀区东风东路729号,龙洞校区：广东省广州市天河区龙洞街迎龙路161号,番禺校区：广东省广州市番禺区钟村街市广路钟三路段11号,揭阳校区：广东省揭阳市粤东新城大学路,沙河校区：广东省广州市天河区先烈东路131号",True,,,,,,,,,,,"{'rankingId': 'legacy-shanghairanking-bcur', 'edition': '2026', 'sortValue': 124.0, 'label': '2026软科主榜 96', 'sourceUrl': 'https://www.shanghairanking.cn/rankings/bcur/2026', 'legacy': True}",{},0,,0,
4144011846,广东外语外贸大学,广东省,广州市,,广东省,广州市,本科,语6,177,[],False,教育部2026名录（CSV镜像）,,290,https://www.gdufs.edu.cn/,"白云山校区：广东省广州市白云区白云大道北2号,大学城校区：中国广州市番禺区小谷围广州大学城",True,,,,,,,,,,,"{'rankingId': 'legacy-shanghairanking-bcur', 'edition': '2026', 'sortValue': 177.0, 'label': '2026软科分类标签 语6', 'sourceUrl': 'https://www.shanghairanking.cn/rankings/bcur/2026', 'legacy': True}",{},0,,0,
4144011847,佛山大学,广东省,佛山市,,广东省,佛山市,本科,237,334,[],False,教育部2026名录（CSV镜像）,,306,https://www.fosu.edu.cn/,"江湾校区：广东省佛山市禅城区江湾一路18号,河滨校区：广东省佛山市禅城区河滨路5号,仙溪校区：广东省佛山市南海区狮山镇广云路33号",True,,,,,,,,,,,"{'rankingId': 'legacy-shanghairanking-bcur', 'edition': '2026', 'sortValue': 334.0, 'label': '2026软科主榜 237', 'sourceUrl': 'https://www.shanghairanking.cn/rankings/bcur/2026', 'legacy': True}",{},0,,0,
4144012059,广东培正学院,广东省,广州市,,广东省,广州市,本科,财16,944,[],True,教育部2026名录（CSV镜像）,民办,965,https://www.peizheng.edu.cn/,广东省广州市花都区赤坭培正路53号,True,,,,,,,,,,,"{'rankingId': 'legacy-shanghairanking-bcur', 'edition': '2026', 'sortValue': 944.0, 'label': '2026软科分类标签 财16', 'sourceUrl': 'https://www.shanghairanking.cn/rankings/bcur/2026', 'legacy': True}",{},0,,0,
4144012121,南方医科大学,广东省,广州市,,广东省,广州市,本科,医3,46,[],False,教育部2026名录（CSV镜像）,,960,https://www.smu.edu.cn/,"广州校区：广东省广州市白云区沙太南路1023-1063号,顺德校区：广东省佛山市顺德区容桂街道马岗大道33号",True,,,,,,,,,,,"{'rankingId': 'legacy-shanghairanking-bcur', 'edition': '2026', 'sortValue': 46.0, 'label': '2026软科分类标签 医3', 'sourceUrl': 'https://www.shanghairanking.cn/rankings/bcur/2026', 'legacy': True}",{},0,,0,
4144012574,广东东软学院,广东省,佛山市,,广东省,佛山市,本科,82,976,[],True,教育部2026名录（CSV镜像）,民办,643,https://www.nuit.edu.cn/,广东省佛山市南海区南海大学城,True,,,,,,,,,,,"{'rankingId': 'legacy-shanghairanking-bcur', 'edition': '2026', 'sortValue': 976.0, 'label': '2026软科主榜 82', 'sourceUrl': 'https://www.shanghairanking.cn/rankings/bcur/2026', 'legacy': True}",{},0,,0,
4144012617,广州城市理工学院,广东省,广州市,,广东省,广州市,本科,14,886,[],True,教育部2026名录（CSV镜像）,民办,2059,https://www.gcu.edu.cn/,广东省广州市花都区学府路1号,True,,,,,,,,,,,"{'rankingId': 'legacy-shanghairanking-bcur', 'edition': '2026', 'sortValue': 886.0, 'label': '2026软科主榜 14', 'sourceUrl': 'https://www.shanghairanking.cn/rankings/bcur/2026', 'legacy': True}",{},0,,0,
4144012618,广州软件学院,广东省,广州市,,广东省,广州市,本科,51,932,[],True,教育部2026名录（CSV镜像）,民办,1308,https://www.seig.edu.cn/,"广州校区：广东省广州市从化区经济开发区高技术产业园广从南路548号,江门校区：广东省江门市新会区双水镇鸿福路99号",True,,,,,,,,,,,"{'rankingId': 'legacy-shanghairanking-bcur', 'edition': '2026', 'sortValue': 932.0, 'label': '2026软科主榜 51', 'sourceUrl': 'https://www.shanghairanking.cn/rankings/bcur/2026', 'legacy': True}",{},0,,0,
4144012619,广州南方学院,广东省,广州市,,广东省,广州市,本科,18,892,[],True,教育部2026名录（CSV镜像）,民办,1096,https://www.nfu.edu.cn,广东省广州市从化区温泉大道882号,True,,,,,,,,,,,"{'rankingId': 'legacy-shanghairanking-bcur', 'edition': '2026', 'sortValue': 892.0, 'label': '2026软科主榜 18', 'sourceUrl': 'https://www.shanghairanking.cn/rankings/bcur/2026', 'legacy': True}",{},0,,0,
4144012620,广东外语外贸大学南国商学院,广东省,广州市,,广东省,广州市,本科,,999999,[],True,教育部2026名录（CSV镜像）,民办,2061,https://www.gwng.edu.cn/,广东省广州市白云区良田中路181号,True,,,,,,,,,,,,{},0,,0,
4144012621,广州华商学院,广东省,广州市,,广东省,广州市,本科,财23,957,[],True,教育部2026名录（CSV镜像）,民办,2060,https://www.gdhsc.edu.cn/,"广州校区：广东省广州市增城区荔湖街华商路1号,肇庆校区：广东省肇庆市四会市东城街道黄岗社区工业大道1号",True,,,,,,,,,,,"{'rankingId': 'legacy-shanghairanking-bcur', 'edition': '2026', 'sortValue': 957.0, 'label': '2026软科分类标签 财23', 'sourceUrl': 'https://www.shanghairanking.cn/rankings/bcur/2026', 'legacy': True}",{},0,,0,
4144012622,湛江科技学院,广东省,湛江市,,广东省,湛江市,本科,73,966,[],True,教育部2026名录（CSV镜像）,民办,2484,https://www.zjkju.edu.cn/,"新湖校区：广东省湛江市麻章区湖光镇教育城新坡路1号,麻章校区：广东省湛江市麻章区学智路2号",True,,,,,,,,,,,"{'rankingId': 'legacy-shanghairanking-bcur', 'edition': '2026', 'sortValue': 966.0, 'label': '2026软科主榜 73', 'sourceUrl': 'https://www.shanghairanking.cn/rankings/bcur/2026', 'legacy': True}",{},0,,0,
4144012623,华南农业大学珠江学院,广东省,广州市,,广东省,广州市,本科,,999999,[],True,教育部2026名录（CSV镜像）,民办,2057,https://www.scauzj.edu.cn/,"广州（从化）校区：广东省广州市从化区江埔街锦洞路168号,肇庆（四会）校区：广东省肇庆市四会市城中街道下㘵经济联合社地段1号",True,,,,,,,,,,,,{},0,,0,
4144012668,广州理工学院,广东省,广州市,,广东省,广州市,本科,64,955,[],True,教育部2026名录（CSV镜像）,民办,2058,https://www.gzist.edu.cn/,"广州校区：广州市白云区太和兴太三路638号,惠州校区：惠州市博罗县龙华镇双龙大道1号,增城校区：广州市增城区中新镇团结山口路169号",True,,,,,,,,,,,"{'rankingId': 'legacy-shanghairanking-bcur', 'edition': '2026', 'sortValue': 955.0, 'label': '2026软科主榜 64', 'sourceUrl': 'https://www.shanghairanking.cn/rankings/bcur/2026', 'legacy': True}",{},0,,0,
4144013177,北京师范大学珠海分校,广东省,珠海市,,广东省,珠海市,本科,,999999,[],True,教育部2026名录（CSV镜像）,民办,,,,False,closed,已终止办学,2024,https://news.bnu.edu.cn/zx/zhxw/109390.htm?dt_dapp=1,北京师范大学依据教育部批复说明：珠海分校2021年停止招生，2024年终止办学。,,,,,,,{},0,,0,
4144013656,广州华立学院,广东省,广州市,,广东省,广州市,本科,100+,1009,[],True,教育部2026名录（CSV镜像）,民办,2056,https://www.hualixy.edu.cn/,"广州校区：广州市增城区广州华立科技园华立路11号,江门校区：江门市新会区崖门镇华立路1号",True,,,,,,,,,,,"{'rankingId': 'legacy-shanghairanking-bcur', 'edition': '2026', 'sortValue': 1009.0, 'label': '2026软科分类标签 100+', 'sourceUrl': 'https://www.shanghairanking.cn/rankings/bcur/2026', 'legacy': True}",{},0,,0,
4144013657,广州应用科技学院,广东省,广州市,,广东省,广州市,本科,74,967,[],True,教育部2026名录（CSV镜像）,民办,1297,https://www.gzasc.edu.cn/,"广州校区：广东省广州市增城区朱村街朱村大道东432号,肇庆校区：广东省肇庆市鼎湖区莲花镇丰乐路20号",True,,,,,,,,,,,"{'rankingId': 'legacy-shanghairanking-bcur', 'edition': '2026', 'sortValue': 967.0, 'label': '2026软科主榜 74', 'sourceUrl': 'https://www.shanghairanking.cn/rankings/bcur/2026', 'legacy': True}",{},0,,0,
4144013667,广州商学院,广东省,广州市,,广东省,广州市,本科,财6,893,[],True,教育部2026名录（CSV镜像）,民办,2055,https://www.gcc.edu.cn/,广东省广州市黄埔区知识大道300号,True,,,,,,,,,,,"{'rankingId': 'legacy-shanghairanking-bcur', 'edition': '2026', 'sortValue': 893.0, 'label': '2026软科分类标签 财6', 'sourceUrl': 'https://www.shanghairanking.cn/rankings/bcur/2026', 'legacy': True}",{},0,,0,
4144013675,广东江门南粤学院,广东省,江门市,,广东省,江门市,本科,,999999,[],True,教育部2026名录（CSV镜像）,民办,1298,https://www1.bitzh.edu.cn:8081,广东省江门市恩平发展大道39号,True,,,,,,,,,,,,{},0,,0,
4144013684,珠海科技学院,广东省,珠海市,,广东省,珠海市,本科,3,869,[],True,教育部2026名录（CSV镜像）,民办,1455,https://www.zcst.edu.cn/,广东省珠海市金湾区三灶镇安基东路8号,True,,,,,,,,,,,"{'rankingId': 'legacy-shanghairanking-bcur', 'edition': '2026', 'sortValue': 869.0, 'label': '2026软科主榜 3', 'sourceUrl': 'https://www.shanghairanking.cn/rankings/bcur/2026', 'legacy': True}",{},0,,0,
4144013714,广州工商学院,广东省,广州市,,广东省,广州市,本科,财24,965,[],True,教育部2026名录（CSV镜像）,民办,633,https://www.gzgs.edu.cn/,"广州校区：广州市花都区狮岭南环路28号,佛山校区：佛山市三水区乐平镇三花路166号",True,,,,,,,,,,,"{'rankingId': 'legacy-shanghairanking-bcur', 'edition': '2026', 'sortValue': 965.0, 'label': '2026软科分类标签 财24', 'sourceUrl': 'https://www.shanghairanking.cn/rankings/bcur/2026', 'legacy': True}",{},0,,0,
4144013717,广州科技职业技术大学,广东省,广州市,,广东省,广州市,本科,,999999,[],True,教育部2026名录（CSV镜像）,民办,1000,https://www.gkd.edu.cn/,"校本部：广东省广州市白云区广从九路1038号,茂名滨海校区：广东省茂名市电白区高地智慧城慧城三街8号大院",True,,,,,,,,,,,,{},0,,0,
4144013719,广东科技学院,广东省,东莞市,,广东省,东莞市,本科,42,922,[],True,教育部2026名录（CSV镜像）,民办,2835,https://www.gdust.edu.cn/,"南城校区：广东省东莞市南城区西湖路99号,松山湖校区：广东省东莞市松山湖高新技术产业开发区东园大道松山湖段2号",True,,,,,,,,,,,"{'rankingId': 'legacy-shanghairanking-bcur', 'edition': '2026', 'sortValue': 922.0, 'label': '2026软科主榜 42', 'sourceUrl': 'https://www.shanghairanking.cn/rankings/bcur/2026', 'legacy': True}",{},0,,0,
4144013720,广东理工学院,广东省,肇庆市,,广东省,肇庆市,本科,100+,1008,[],True,教育部2026名录（CSV镜像）,民办,977,https://www.gdlgxy.edu.cn/,"高要校区：广东省肇庆市高要区祈福大道,鼎湖校区：广东省肇庆市鼎湖区坑口金鼎路",True,,,,,,,,,,,"{'rankingId': 'legacy-shanghairanking-bcur', 'edition': '2026', 'sortValue': 1008.0, 'label': '2026软科分类标签 100+', 'sourceUrl': 'https://www.shanghairanking.cn/rankings/bcur/2026', 'legacy': True}",{},0,,0,
4144013721,广东工商职业技术大学,广东省,肇庆市,,广东省,肇庆市,本科,,999999,[],True,教育部2026名录（CSV镜像）,民办,976,https://www.gdbtu.edu.cn/,"星湖校区：广东省肇庆市端州区北岭七星旅游渡假区内,大旺校区：广东省肇庆市大旺高新产业开发区荔园街3号",True,,,,,,,,,,,,{},0,,0,
4144013844,东莞城市学院,广东省,东莞市,,广东省,东莞市,本科,90,985,[],True,教育部2026名录（CSV镜像）,民办,2483,https://www.dgcu.edu.cn/,广东省东莞市寮步镇文昌路1号,True,,,,,,,,,,,"{'rankingId': 'legacy-shanghairanking-bcur', 'edition': '2026', 'sortValue': 985.0, 'label': '2026软科主榜 90', 'sourceUrl': 'https://www.shanghairanking.cn/rankings/bcur/2026', 'legacy': True}",{},0,,0,
4144013902,广州新华学院,广东省,广州市,,广东省,广州市,本科,45,925,[],True,教育部2026名录（CSV镜像）,民办,1285,https://www.xhsysu.edu.cn/,"广州校区：广东省广州市天河区华美路19号,东莞校区：广东省东莞市麻涌镇沿江西路248号",True,,,,,,,,,,,"{'rankingId': 'legacy-shanghairanking-bcur', 'edition': '2026', 'sortValue': 925.0, 'label': '2026软科主榜 45', 'sourceUrl': 'https://www.shanghairanking.cn/rankings/bcur/2026', 'legacy': True}",{},0,,0,
4144014278,广东第二师范学院,广东省,广州市,,广东省,广州市,本科,424,620,[],False,教育部2026名录（CSV镜像）,,2610,https://www.gdei.edu.cn/,"海珠校区：广东省广州市海珠区新港中路351号,花都校区：广东省广州市花都区迎宾大道西30号",True,,,,,,,,,,,"{'rankingId': 'legacy-shanghairanking-bcur', 'edition': '2026', 'sortValue': 620.0, 'label': '2026软科主榜 424', 'sourceUrl': 'https://www.shanghairanking.cn/rankings/bcur/2026', 'legacy': True}",{},0,,0,
4144014325,南方科技大学,广东省,深圳市,,广东省,深圳市,本科,30,30,['双一流'],False,教育部2026名录（CSV镜像）,,2941,https://www.sustech.edu.cn/,广东省深圳市南山区学苑大道1088号,True,,,,,,,,,,,"{'rankingId': 'shanghairanking-bcur', 'edition': '2026', 'sortValue': 30.0, 'label': '2026软科 30', 'sourceUrl': 'https://www.shanghairanking.cn/rankings/bcur/2026'}","{'shanghairanking-bcur': {'id': 'RANK_SR_BCUR_2026_SUSTECH', 'universityName': '南方科技大学', 'rankingId': 'shanghairanking-bcur', 'agency': 'ShanghaiRanking', 'rankingName': '软科中国大学排名（主榜）', 'edition': '2026', 'rank': 30, 'rankDisplay': '30', 'score': 466.9, 'scope': 'China-mainland', 'category': '综合', 'sourceUrl': 'https://www.shanghairanking.cn/rankings/bcur/2026', 'publishedAt': '2026-04-15', 'retrievedAt': '2026-09-09', 'verified': True, 'uid': '4144014325', 'rankMidpoint': 30.0, 'referenceRankOrRank': 30.0, 'displayLabel': '2026软科 30'}}",0,,0,
4144014655,深圳技术大学,广东省,深圳市,,广东省,深圳市,本科,283,412,[],False,教育部2026名录（CSV镜像）,,3281,https://www.sztu.edu.cn/,广东省深圳市坪山区兰田路3002号,True,,,,,,,,,,,"{'rankingId': 'legacy-shanghairanking-bcur', 'edition': '2026', 'sortValue': 412.0, 'label': '2026软科主榜 283', 'sourceUrl': 'https://www.shanghairanking.cn/rankings/bcur/2026', 'legacy': True}",{},0,,0,
4144016401,北师香港浸会大学,广东省,珠海市,,广东省,珠海市,本科,合作9,213,[],False,教育部2026名录（CSV镜像）,中外合作办学及内地与港澳合作办学,1275,https://www.uic.edu.cn/,广东省珠海市唐家湾金同路2000号,True,,,,,,,,,,,"{'rankingId': 'legacy-shanghairanking-bcur', 'edition': '2026', 'sortValue': 213.0, 'label': '2026软科分类标签 合作9', 'sourceUrl': 'https://www.shanghairanking.cn/rankings/bcur/2026', 'legacy': True}",{},0,,0,
4144016412,香港科技大学（广州）,广东省,广州市,,广东省,广州市,本科,,999999,[],False,教育部2026名录（CSV镜像）,中外合作办学及内地与港澳合作办学,3674,https://hkust-gz.edu.cn/zh/?variant=zh-cn,广州市南沙区笃学路1号,True,,,,,,,,,,,,{},0,,0,
4144016407,香港中文大学（深圳）,广东省,深圳市,,广东省,深圳市,本科,合作1,42,[],False,教育部2026名录（CSV镜像）,中外合作办学及内地与港澳合作办学,3202,https://www.cuhk.edu.cn/zh-hans,深圳市龙岗区龙翔大道2001号,True,,,,,,,,,,,"{'rankingId': 'shanghairanking-bcur', 'edition': '2026', 'sortValue': 39, 'label': '2026软科合作办学 合作办学1 · 主榜参考 39', 'sourceUrl': 'https://www.shanghairanking.cn/rankings/bcur/202614'}","{'shanghairanking-bcur': {'id': 'RANK_SR_BCUR_2026_CUHKSZ', 'universityName': '香港中文大学（深圳）', 'rankingId': 'shanghairanking-bcur', 'agency': 'ShanghaiRanking', 'rankingName': '软科中国合作办学大学排名', 'edition': '2026', 'rank': 1, 'rankDisplay': '合作办学1', 'referenceRank': 39, 'score': 167.2, 'scope': 'China-mainland', 'category': '合作办学', 'sourceUrl': 'https://www.shanghairanking.cn/rankings/bcur/202614', 'publishedAt': '2026-04-15', 'retrievedAt': '2026-09-09', 'verified': True, 'notes': '城市/全国跨类型比较使用referenceRank=39，不把合作办学第1名冒充全国第1名。', 'uid': '4144016407', 'rankMidpoint': 1.0, 'referenceRankOrRank': 39, 'displayLabel': '2026软科合作办学 合作办学1 · 主榜参考 39'}}",0,,0,
4144016409,深圳北理莫斯科大学,广东省,深圳市,,广东省,深圳市,本科,合作6,142,[],False,教育部2026名录（CSV镜像）,中外合作办学及内地与港澳合作办学,3251,https://www.smbu.edu.cn/,深圳市龙岗区大运新城国际大学园路1号,True,,,,,,,,,,,"{'rankingId': 'legacy-shanghairanking-bcur', 'edition': '2026', 'sortValue': 142.0, 'label': '2026软科分类标签 合作6', 'sourceUrl': 'https://www.shanghairanking.cn/rankings/bcur/2026', 'legacy': True}",{},0,,0,
4144016410,广东以色列理工学院,广东省,汕头市,,广东省,汕头市,本科,合作7,191,[],False,教育部2026名录（CSV镜像）,中外合作办学及内地与港澳合作办学,3241,https://www.gtiit.edu.cn,广东省汕头市大学路241号,True,,,,,,,,,,,"{'rankingId': 'legacy-shanghairanking-bcur', 'edition': '2026', 'sortValue': 191.0, 'label': '2026软科分类标签 合作7', 'sourceUrl': 'https://www.shanghairanking.cn/rankings/bcur/2026', 'legacy': True}",{},0,,0,
4144014851,香港城市大学（东莞）,广东省,东莞市,,广东省,东莞市,本科,,999999,[],False,教育部2026名录（CSV镜像）,中外合作办学及内地与港澳合作办学,3687,https://cityu-dg.edu.cn,广东省东莞市松山湖高新技术产业开发区高雄路8号,True,,,,,,,,,,,,{},0,,0,
4144011113,深圳职业技术大学,广东省,深圳市,,广东省,深圳市,本科,,999999,[],False,教育部2026名录（CSV镜像）,,646,https://www.szpu.edu.cn/,"西丽校区：广东省深圳市南山区留仙大道7098号,深汕校区：广东省深圳市深汕合作区赤石镇大水口村,香蜜校区：深圳市福田区香蜜湖街道竹子林职教街3号",True,,,,,,,,,,,,{},0,,0,
4144014880,深圳理工大学,广东省,深圳市,,广东省,深圳市,本科,,999999,[],False,教育部2026名录（CSV镜像）,,3704,https://www.suat-sz.edu.cn/,"光明主校区：深圳市光明区公常路1号,西丽校区：深圳市南山区学苑大道1068号",True,,,,,,,,,,,,{},0,,0,
4144013810,肇庆医学院,广东省,肇庆市,,广东省,肇庆市,本科,,999999,[],False,教育部2026名录（CSV镜像）,,968,https://www.zqmc.edu.cn/,"端州校区：广东省肇庆市端州区西江南路6号,新区校区：广东省肇庆市肇庆新区丰乐路12号,鼎湖校区：广东省肇庆市鼎湖区新城北18区团结路1号",True,,,,,,,,,,,,{},0,,0,
4144010833,广东轻工职业技术大学,广东省,广州市,,广东省,广州市,本科,,999999,[],False,教育部2026名录（CSV镜像）,,2048,https://www.gdqy.edu.cn/,"广州校区：广东省广州市海珠区新港西路152号,南海校区：广东省佛山市南海软件科技园",True,,,,,,,,,,,,{},0,,0,
4144010831,顺德职业技术大学,广东省,佛山市,,广东省,佛山市,本科,,999999,[],False,教育部2026名录（CSV镜像）,,974,https://www.sdpt.edu.cn/,广东省佛山市顺德区德胜东路,True,,,,,,,,,,,,{},0,,0,
4144012046,广州职业技术大学,广东省,广州市,,广东省,广州市,本科,,999999,[],False,教育部2026名录（CSV镜像）,,2481,https://www.gzpyp.edu.cn/,广东省广州市番禺区市良路1342号,True,,,,,,,,,,,,{},0,,0,
4144012957,深圳信息职业技术大学,广东省,深圳市,,广东省,深圳市,本科,,999999,[],False,教育部2026名录（CSV镜像）,,985,https://www.suit-sz.edu.cn/,广东省深圳市龙岗区龙翔大道2188号,True,,,,,,,,,,,,{},0,,0,
4144014942,大湾区大学,广东省,东莞市,,广东省,东莞市,本科,,999999,[],False,教育部2026名录（CSV镜像）,,3810,https://www.gbu.edu.cn/,广东省东莞市松山湖高新技术产业开发区大学路16号,True,,,,,,,,,,,,{},0,,0,
4144010861,广东交通职业技术学院,广东省,广州市,,广东省,广州市,专科,,999999,[],False,教育部2026名录（CSV镜像）,,617,https://www.gdcp.edu.cn/,"天河校区：广东省广州市天河区天源路789号,清远校区：广东省清远市清城区东城街道中宿路34号,花都校区：广东省广州市花都区工业大道11号,国际校区：广东省广州市天河区龙洞街道迎龙路481号",True,,,,,,,,,,,,{},0,,0,
4144010862,广东水利电力职业技术学院,广东省,广州市,,广东省,广州市,专科,,999999,[],False,教育部2026名录（CSV镜像）,,620,https://www.gdsdxy.edu.cn/,"从化校区：广东省广州市从化区环市东路767号,天河校区：广东省广州市天河区天寿路122号",True,,,,,,,,,,,,{},0,,0,
4144010965,潮汕职业技术学院,广东省,揭阳市,,广东省,揭阳市,专科,,999999,[],True,教育部2026名录（CSV镜像）,民办,975,http://www.chaoshan.cn/index.html,广东省普宁市大学路1号,True,,,,,,,,,,,,{},0,,0,
4144011114,广东南华工商职业学院,广东省,广州市,,广东省,广州市,专科,,999999,[],False,教育部2026名录（CSV镜像）,,644,https://www.nhic.edu.cn/,"天河校区：广东省广州市天河区沙太南路113号,清远校区：广东省清远市清城区东城蟠龙园",True,,,,,,,,,,,,{},0,,0,
4144011121,私立华联学院,广东省,广州市,,广东省,广州市,专科,,999999,[],True,教育部2026名录（CSV镜像）,民办,647,https://www.hlu.edu.cn/,广东省广州市天河区东圃小新塘合景路99号,True,,,,,,,,,,,,{},0,,0,
4144012040,广州民航职业技术学院,广东省,广州市,,广东省,广州市,专科,,999999,[],False,教育部2026名录（CSV镜像）,,635,https://gcac.edu.cn/,"机场路校区：广东省广州市白云区机场路向云西街10号,白云机场校区：广东省广州市白云国际机场空港北横六路,花都赤坭校区：广东省广州市花都区赤坭镇髻岭西路26号",True,,,,,,,,,,,,{},0,,0,
4144012060,广东松山职业技术学院,广东省,韶关市,,广东省,韶关市,专科,,999999,[],False,教育部2026名录（CSV镜像）,,972,https://www.gdsspt.edu.cn/,"曲江校区：广东省韶关市曲江区南华曹溪路188号,莲花校区：广东省韶关市浈江区莲花大道北10号,浈江校区：广东省韶关市浈江区狮塘路66号",True,,,,,,,,,,,,{},0,,0,
4144012322,广东农工商职业技术学院,广东省,广州市,,广东省,广州市,专科,,999999,[],False,教育部2026名录（CSV镜像）,,970,https://www.gdaib.edu.cn/,"粤垦路校区：广东省广州市天河区粤垦路198号,增城校区：广东省广州市增城区中新镇风光路393号",True,,,,,,,,,,,,{},0,,0,
4144012325,广东新安职业技术学院,广东省,深圳市,,广东省,深圳市,专科,,999999,[],True,教育部2026名录（CSV镜像）,民办,973,https://www.gdxa.edu.cn/,广东省深圳市南山区沙河东路259号,True,,,,,,,,,,,,{},0,,0,
4144012327,佛山职业技术学院,广东省,佛山市,,广东省,佛山市,专科,,999999,[],False,教育部2026名录（CSV镜像）,,971,https://www.fspt.edu.cn/,广东省佛山市三水区乐平镇职教路3号,True,,,,,,,,,,,,{},0,,0,
4144012572,广东科学技术职业学院,广东省,广州市,,广东省,广州市,专科,,999999,[],False,教育部2026名录（CSV镜像）,,1002,https://www.gdit.edu.cn/,"广州校区：广东省广州市天河区科华街351号,珠海校区：广东省珠海市金湾区珠海大道南侧65号",True,,,,,,,,,,,,{},0,,0,
4144012573,广东食品药品职业学院,广东省,广州市,,广东省,广州市,专科,,999999,[],False,教育部2026名录（CSV镜像）,,2049,https://www.gdyzy.edu.cn/index.do,"龙洞校区：广州市天河区龙洞北路321号,白云校区：广东省广州市白云区钟落潭镇幸福大道东",True,,,,,,,,,,,,{},0,,0,
4144012575,广州康大职业技术学院,广东省,广州市,,广东省,广州市,专科,,999999,[],True,教育部2026名录（CSV镜像）,民办,1005,https://www.kdvtc.edu.cn/,广东省广州市黄埔区龙湖街道,True,,,,,,,,,,,,{},0,,0,
4144012576,珠海艺术职业学院,广东省,珠海市,,广东省,珠海市,专科,,999999,[],True,教育部2026名录（CSV镜像）,民办,649,https://www.zhac.edu.cn/,广东省珠海市金湾区广安路2号,True,,,,,,,,,,,,{},0,,0,
4144012577,广东行政职业学院,广东省,广州市,,广东省,广州市,专科,,999999,[],False,教育部2026名录（CSV镜像）,,1004,https://www.gdxzzy.edu.cn/,"花都校区：广东省广州市花都区迎宾大道西28号,白云校区：广东省广州市白云区钟落潭镇障岗现龙街南101号",True,,,,,,,,,,,,{},0,,0,
4144012578,广东体育职业技术学院,广东省,广州市,,广东省,广州市,专科,,999999,[],False,教育部2026名录（CSV镜像）,,2050,https://www.gdtzy.edu.cn/,"东校区：广东省广州市天河区黄村奥体路52号,北校区：广州市天河区长兴路338号",True,,,,,,,,,,,,{},0,,0,
4144012736,广东职业技术学院,广东省,佛山市,,广东省,佛山市,专科,,999999,[],False,教育部2026名录（CSV镜像）,,612,https://www.gdpt.edu.cn/,"禅城校区：广东省佛山市禅城区澜石二路20号,高明校区：广东省佛山市高明区西江新城学府路8号,江湾校区：佛山市禅城区张槎街道弼塘西二街4号,南海校区：广东省佛山市南海区官窑教育路31号",True,,,,,,,,,,,,{},0,,0,
4144012741,广东建设职业技术学院,广东省,广州市,,广东省,广州市,专科,,999999,[],False,教育部2026名录（CSV镜像）,,616,https://www.gdcvi.edu.cn/,"广州校区：广东省广州市白云区广花二路638号,清远校区：广东省清远市清城区东城街道环城东路北38号",True,,,,,,,,,,,,{},0,,0,
4144012742,广东女子职业技术学院,广东省,广州市,,广东省,广州市,专科,,999999,[],False,教育部2026名录（CSV镜像）,,997,https://www.gdfs.edu.cn/,"番禺校区：广东省广州市番禺区市莲路南浦段2号,海珠校区：广东省广州市海珠区新港西路大江冲29号大院",True,,,,,,,,,,,,{},0,,0,
4144012743,广东机电职业技术学院,广东省,广州市,,广东省,广州市,专科,,999999,[],False,教育部2026名录（CSV镜像）,,615,https://www.gdmec.edu.cn/,"南校区：广东省广州市白云区同和街道蟾蜍石东路2号,北校区：广州市白云区钟落潭高职园区马沥路",True,,,,,,,,,,,,{},0,,0,
4144012749,广东岭南职业技术学院,广东省,广州市,,广东省,广州市,专科,,999999,[],True,教育部2026名录（CSV镜像）,民办,995,https://lnc.edu.cn/?_=1636428612796,"广州校区：广东省广州市天河区大观中路492号,清远校区：广东省清远市清城区东城街道大学东路8号",True,,,,,,,,,,,,{},0,,0,
4144012765,汕尾职业技术学院,广东省,汕尾市,,广东省,汕尾市,专科,,999999,[],False,教育部2026名录（CSV镜像）,,998,https://www.swpt.edu.cn/,广东省汕尾市城区文德路,True,,,,,,,,,,,,{},0,,0,
4144012770,罗定职业技术学院,广东省,云浮市,,广东省,云浮市,专科,,999999,[],False,教育部2026名录（CSV镜像）,,641,https://www.ldpoly.edu.cn/,广东省云浮市罗定市西门岗5号,True,,,,,,,,,,,,{},0,,0,
4144012771,阳江职业技术学院,广东省,阳江市,,广东省,阳江市,专科,,999999,[],False,教育部2026名录（CSV镜像）,,994,https://www.yjpt.edu.cn/,广东省阳江市江城区东山路213号,True,,,,,,,,,,,,{},0,,0,
4144012772,河源职业技术学院,广东省,河源市,,广东省,河源市,专科,,999999,[],False,教育部2026名录（CSV镜像）,,993,https://www.hypt.edu.cn/,广东省河源市东环路大学城,True,,,,,,,,,,,,{},0,,0,
4144012953,广东邮电职业技术学院,广东省,广州市,,广东省,广州市,专科,,999999,[],False,教育部2026名录（CSV镜像）,,983,https://www.gupt.edu.cn/,"广州校区：广东省广州市天河区中山大道西191号,江门校区：广东省江门市蓬江区潮连连荷路25号",True,,,,,,,,,,,,{},0,,0,
4144012954,汕头职业技术学院,广东省,汕头市,,广东省,汕头市,专科,,999999,[],False,教育部2026名录（CSV镜像）,,645,https://www.stpt.edu.cn/,"院本部：广东省汕头市濠江区东湖,金园校区：广东省汕头市金平区金园路23号,东墩校区：广东省汕头市金平区蛇针路8号,新津校区：广东省汕头市龙湖区汕充公路18号",True,,,,,,,,,,,,{},0,,0,
4144012956,揭阳职业技术学院,广东省,揭阳市,,广东省,揭阳市,专科,,999999,[],False,教育部2026名录（CSV镜像）,,640,https://www.jyc.edu.cn/,广东省揭阳市榕城区仙桥紫峰山下,True,,,,,,,,,,,,{},0,,0,
4144012958,清远职业技术学院,广东省,清远市,,广东省,清远市,专科,,999999,[],False,教育部2026名录（CSV镜像）,,984,https://www.qypt.edu.cn/,广东省清远市清城区东城街蟠龙园,True,,,,,,,,,,,,{},0,,0,
4144012959,广东工贸职业技术学院,广东省,广州市,,广东省,广州市,专科,,999999,[],False,教育部2026名录（CSV镜像）,,613,https://www.gdgm.edu.cn/,"天河校区：广州市天河区广州大道北963、1098号,荔湾校区：广州市荔湾区滘口大街5号,白云校区：广州市白云区钟落潭镇广从九路688号",True,,,,,,,,,,,,{},0,,0,
4144012960,广东司法警官职业学院,广东省,广州市,,广东省,广州市,专科,,999999,[],False,教育部2026名录（CSV镜像）,,980,https://www.gdjpvc.edu.cn/,"龙洞校区：广东省广州市天河区龙洞龙腾路245号,石井校区：广东省广州市白云区石井石潭西路30号",True,,,,,,,,,,,,{},0,,0,
4144012961,广东亚视演艺职业学院,广东省,肇庆市,,广东省,肇庆市,专科,,999999,[],True,教育部2026名录（CSV镜像）,民办,631,https://www.gdatv.edu.cn/,广东省肇庆市德庆县致庆大道西39号,True,,,,,,,,,,,,{},0,,0,
4144012962,广东省外语艺术职业学院,广东省,广州市,,广东省,广州市,专科,,999999,[],False,教育部2026名录（CSV镜像）,,619,https://www.gtcfla.edu.cn/,"五山校区：广东省广州市天河区瘦狗岭路463号,燕岭校区：广东省广州市天河区燕岭路495号,海珠校区：广州市海珠区新港中路艺苑南路29号,龙洞校区：广州市天河区龙洞东路128号,天平架校区：广州市天河区天平架兴华直街338号,花都校区：广州市花都区花山镇福源水库山前大道19号",True,,,,,,,,,,,,{},0,,0,
4144013707,广东文艺职业学院,广东省,广州市,,广东省,广州市,专科,,999999,[],False,教育部2026名录（CSV镜像）,,630,https://www.gdla.edu.cn/,"番禺校区：广东省广州市番禺区市广路242号,白云校区：广东省广州市白云区广州大道北同泰路1111号",True,,,,,,,,,,,,{},0,,0,
4144013708,广州体育职业技术学院,广东省,广州市,,广东省,广州市,专科,,999999,[],False,教育部2026名录（CSV镜像）,,979,https://www.gztzy.edu.cn/,"西校区：广东省广州市天河区长兴路338号,东校区：广东省广州市天河区黄村街道体委基地社区奥体路52号",True,,,,,,,,,,,,{},0,,0,
4144013709,广州工程技术职业学院,广东省,广州市,,广东省,广州市,专科,,999999,[],False,教育部2026名录（CSV镜像）,,632,https://www.gzvtc.edu.cn/,"广州校区：广东省广州市越秀区环市东路465号,从化校区：广东省广州市从化区从化大道南79号,龙洞校区：广东省广州市天河区天源路1121号,黄埔校区：广东省广州市黄埔区石化路166号大院",True,,,,,,,,,,,,{},0,,0,
4144013710,中山火炬职业技术学院,广东省,中山市,,广东省,中山市,专科,,999999,[],False,教育部2026名录（CSV镜像）,,648,https://www.zstp.edu.cn/,广东省中山市火炬开发区中山港大道60号,True,,,,,,,,,,,,{},0,,0,
4144013711,江门职业技术学院,广东省,江门市,,广东省,江门市,专科,,999999,[],False,教育部2026名录（CSV镜像）,,988,https://www.jmpt.edu.cn/,"潮连校区：广东省江门市蓬江区潮连大道6号,新宁学院校区：广东省江门市台山市沙岗湖科教文化开发区",True,,,,,,,,,,,,{},0,,0,
4144013712,茂名职业技术学院,广东省,茂名市,,广东省,茂名市,专科,,999999,[],False,教育部2026名录（CSV镜像）,,642,https://www.mmpt.edu.cn/,"北校区：广东省茂名市茂南区文明北路232号,南校区：广东省茂名市电白区沙院镇海城五路1号",True,,,,,,,,,,,,{},0,,0,
4144013713,珠海城市职业技术学院,广东省,珠海市,,广东省,珠海市,专科,,999999,[],False,教育部2026名录（CSV镜像）,,987,https://www.zhcpt.edu.cn/,广东省珠海市金湾区德城路680号,True,,,,,,,,,,,,{},0,,0,
4144013715,广州涉外经济职业技术学院,广东省,广州市,,广东省,广州市,专科,,999999,[],True,教育部2026名录（CSV镜像）,民办,1001,https://www.gziec.edu.cn/,"广州白云校区：广东省广州市白云区沙太路大源北28号,清远佛冈校区：广东清远市佛冈县汤塘镇汤塘西路1、2号",True,,,,,,,,,,,,{},0,,0,
4144013716,广州南洋理工职业学院,广东省,广州市,,广东省,广州市,专科,,999999,[],True,教育部2026名录（CSV镜像）,民办,636,https://www.gznylg.edu.cn/,广东省广州市从化区环市东路1123号,True,,,,,,,,,,,,{},0,,0,
4144013718,惠州经济职业技术学院,广东省,惠州市,,广东省,惠州市,专科,,999999,[],True,教育部2026名录（CSV镜像）,民办,989,https://www.hzec.edu.cn/,广东省惠州市惠城区马安镇新乐路,True,,,,,,,,,,,,{},0,,0,
4144013912,广州现代信息工程职业技术学院,广东省,广州市,,广东省,广州市,专科,,999999,[],True,教育部2026名录（CSV镜像）,民办,999,https://www.gzmiec.edu.cn/,广东省广州市天河区珠吉路660号,True,,,,,,,,,,,,{},0,,0,
4144013919,广东理工职业学院,广东省,广州市,,广东省,广州市,专科,,999999,[],False,教育部2026名录（CSV镜像）,,992,https://www.gdpi.edu.cn/,"校本部：广东省广州市越秀区下塘西路1号,白云山校区：广东省广州市越秀区云泉路162号,南海校区汽车工程学院：广东省佛山市南海区桂城南新三路2号,南海校区工商学部：佛山市南海区桂城南新三路2号,中山校区：广东省中山市五桂山区丹桂路3号",True,,,,,,,,,,,,{},0,,0,
4144013927,广州华南商贸职业学院,广东省,广州市,,广东省,广州市,专科,,999999,[],True,教育部2026名录（CSV镜像）,民办,978,https://www.scbt.edu.cn/,广东省广州市白云区钟落潭镇长腰岭长学路300号,True,,,,,,,,,,,,{},0,,0,
4144013928,广州华立科技职业学院,广东省,广州市,,广东省,广州市,专科,,999999,[],True,教育部2026名录（CSV镜像）,民办,990,https://www.gzhlxy.edu.cn/,"广州校区：广东省广州市增城区广州华立科技园华立路7号,云浮校区：广东省云浮市西江新城云祥大道53号",True,,,,,,,,,,,,{},0,,0,
4144013929,广州城市职业学院,广东省,广州市,,广东省,广州市,专科,,999999,[],False,教育部2026名录（CSV镜像）,,981,https://www.gcp.edu.cn/,"科教城校区：广州市增城区科教大道142号,海珠校区：广东省广州市海珠区新港西路207号",True,,,,,,,,,,,,{},0,,0,
4144013930,广东工程职业技术学院,广东省,广州市,,广东省,广州市,专科,,999999,[],False,教育部2026名录（CSV镜像）,,991,https://www.gdep.edu.cn/,"广州校区：广东省广州市天河区渔兴路18号,清远校区：广东省清远市清城区中宿路27号",True,,,,,,,,,,,,{},0,,0,
4144013943,广州铁路职业技术学院,广东省,广州市,,广东省,广州市,专科,,999999,[],False,教育部2026名录（CSV镜像）,,638,https://www.gtxy.cn,"科教城校区： 广州市增城区科德大道198号,石门校区：广东省广州市白云区庆隆中路100号,执信南校区：广东省广州市越秀区执信南路116号",True,,,,,,,,,,,,{},0,,0,
4144014063,广东科贸职业学院,广东省,广州市,,广东省,广州市,专科,,999999,[],False,教育部2026名录（CSV镜像）,,2051,https://www.gdkm.edu.cn/,"清远校区：清远市清城区中宿路36号,广州白云校区：广州市白云区石庆路388号,广州天河校区：广州市天河区科华街273号",True,,,,,,,,,,,,{},0,,0,
4144014065,广州科技贸易职业学院,广东省,广州市,,广东省,广州市,专科,,999999,[],False,教育部2026名录（CSV镜像）,,2052,https://www.gzkmu.edu.cn/,"番禺校区：广东省广州市番禺区南村镇市新路北段669号,花果山校区：广东省广州市越秀区童心路西胜街42号科协大院5号楼",True,,,,,,,,,,,,{},0,,0,
4144014066,中山职业技术学院,广东省,中山市,,广东省,中山市,专科,,999999,[],False,教育部2026名录（CSV镜像）,,2053,https://www.zspt.edu.cn/,广东省中山市东区博爱七路25号,True,,,,,,,,,,,,{},0,,0,
4144014123,广州珠江职业技术学院,广东省,广州市,,广东省,广州市,专科,,999999,[],True,教育部2026名录（CSV镜像）,民办,2062,http://www.gzzjxy.edu.cn/,"校本部：广州市增城区增城职教园东行4千米,广州校区：广东省广州市增城区增江街塔山大道2号",True,,,,,,,,,,,,{},0,,0,
4144014125,广州松田职业学院,广东省,广州市,,广东省,广州市,专科,,999999,[],True,教育部2026名录（CSV镜像）,民办,2063,https://www.gzst.edu.cn/,广东省广州市增城区朱村大道东432号（广州地铁21号线山田站或朱村站）,True,,,,,,,,,,,,{},0,,0,
4144014126,广东文理职业学院,广东省,湛江市,,广东省,湛江市,专科,,999999,[],True,教育部2026名录（CSV镜像）,民办,2064,https://www.gdwlxy.edu.cn/,广东省廉江市九洲江大道78号,True,,,,,,,,,,,,{},0,,0,
4144014136,广州城建职业学院,广东省,广州市,,广东省,广州市,专科,,999999,[],True,教育部2026名录（CSV镜像）,民办,1289,https://www.gzccc.edu.cn/,"从化校区：广东省广州市从化区环市东路166号,清远校区：广东省清远市佛冈县水头镇学府路1号",True,,,,,,,,,,,,{},0,,0,
4144014263,东莞职业技术学院,广东省,东莞市,,广东省,东莞市,专科,,999999,[],False,教育部2026名录（CSV镜像）,,2684,https://www.dgpt.edu.cn/,"松山湖校区：东莞市松山湖高新技术产业开发区大学路3号,道滘校区：广东省东莞市道滘镇粤晖路3号,大岭山校区：广东省东莞市大岭山镇连平连马路183号",True,,,,,,,,,,,,{},0,,0,
4144014265,广东南方职业学院,广东省,江门市,,广东省,江门市,专科,,999999,[],True,教育部2026名录（CSV镜像）,民办,2682,https://www.gdnfu.edu.cn/index.html,"校本部：江门市江海区五邑路683号,南校区：江门市新会区睦洲镇励耘路2号",True,,,,,,,,,,,,{},0,,0,
4144014266,广州华商职业学院,广东省,广州市,,广东省,广州市,专科,,999999,[],True,教育部2026名录（CSV镜像）,民办,2681,https://www.gzhsvc.edu.cn/,"校本部：广州市增城区荔湖街华商路2号,江门校区：江门市新会区崖门镇华商大道1号",True,,,,,,,,,,,,{},0,,0,
4144014268,广州华夏职业学院,广东省,广州市,,广东省,广州市,专科,,999999,[],True,教育部2026名录（CSV镜像）,民办,2680,http://www.gzhxtc.edu.cn/,广东省广州市从化城鳌大道东772号,True,,,,,,,,,,,,{},0,,0,
4144014311,广东环境保护工程职业学院,广东省,佛山市,,广东省,佛山市,专科,,999999,[],False,教育部2026名录（CSV镜像）,,2683,https://www.gdpepe.edu.cn/,"佛山校区：佛山市南海区桂丹西路98号,广州校区：广州市天河区员村西街5号大院",True,,,,,,,,,,,,{},0,,0,
4144014361,广东青年职业学院,广东省,广州市,,广东省,广州市,专科,,999999,[],False,教育部2026名录（CSV镜像）,,,,,False,mergedBrandRetained,已整合入广东行政职业学院（保留原牌子）,2020-06,https://edu.gd.gov.cn/attachment/0/496/496513/3992524.pdf,广东行政职业学院2022年核准章程明确：学校由原广东行政职业学院和原广东青年职业学院于2020年6月整合而成，对外保留广东青年职业学院牌子。,,,,,,,{},0,,0,
4144014362,广州东华职业学院,广东省,广州市,,广东省,广州市,专科,,999999,[],True,教育部2026名录（CSV镜像）,民办,2942,https://www.gzdhxy.edu.cn/,广州市白云区太和镇穗丰水均田路363号,True,,,,,,,,,,,,{},0,,0,
4144014363,广东创新科技职业学院,广东省,东莞市,,广东省,东莞市,专科,,999999,[],True,教育部2026名录（CSV镜像）,民办,2946,http://www.gdcxxy.edu.cn/,广东省东莞市厚街镇教育园区学府路,True,,,,,,,,,,,,{},0,,0,
4144014407,广东艺术职业学院,广东省,广州市,,广东省,广州市,专科,,999999,[],False,教育部2026名录（CSV镜像）,,2943,https://www.gdddc.edu.cn,"广州东校区：广东省广州市天河区水荫横路13号,广州西校区：广东省佛山市南海区狮山高尔夫路",True,,,,,,,,,,,,{},0,,0,
4144014408,惠州卫生职业技术学院,广东省,惠州市,,广东省,惠州市,专科,,999999,[],False,教育部2026名录（CSV镜像）,,2947,https://www.hzhsp.edu.cn/,广东省惠州市惠城区演达大道,True,,,,,,,,,,,,{},0,,0,
4144014427,广东信息工程职业学院,广东省,肇庆市,,广东省,肇庆市,专科,,999999,[],True,教育部2026名录（CSV镜像）,民办,2944,https://www.gdiet.edu.cn/,广东省肇庆市高新技术产业开发区大旺大道21号,True,,,,,,,,,,,,{},0,,0,
4144014509,广东生态工程职业学院,广东省,广州市,,广东省,广州市,专科,,999999,[],False,教育部2026名录（CSV镜像）,,3240,http://www.gdsty.edu.cn/,"天河校区：广东省广州市天河区广汕一路297号（地铁6号线“龙洞站”D出口）,海珠校区：广东省广州市海珠区赤沙路15号",True,,,,,,,,,,,,{},0,,0,
4144014510,惠州城市职业学院,广东省,惠州市,,广东省,惠州市,专科,,999999,[],False,教育部2026名录（CSV镜像）,,3220,https://www.hzc.edu.cn/,广东省惠州市惠城区三栋镇福长岭明德路1号,True,,,,,,,,,,,,{},0,,0,
4144014511,广东碧桂园职业学院,广东省,清远市,,广东省,清远市,专科,,999999,[],True,教育部2026名录（CSV镜像）,民办,3238,https://www.bgypt.edu.cn/,广东省清远市清城区东城街道大学东路2号,True,,,,,,,,,,,,{},0,,0,
4144014556,广东茂名健康职业学院,广东省,茂名市,,广东省,茂名市,专科,,999999,[],False,教育部2026名录（CSV镜像）,,3237,https://www.gdhvc.edu.cn/,广东省茂名市电白区电海街道安乐东路1号,True,,,,,,,,,,,,{},0,,0,
4144014572,广东酒店管理职业技术学院,广东省,东莞市,,广东省,东莞市,专科,,999999,[],True,教育部2026名录（CSV镜像）,民办,3219,https://www.gdjdxy.edu.cn/,广东省东莞市厚街镇教育园区学府路1号,True,,,,,,,,,,,,{},0,,0,
4144014587,广东茂名幼儿师范专科学校,广东省,茂名市,,广东省,茂名市,专科,,999999,[],False,教育部2026名录（CSV镜像）,,3239,https://gdpnc.edu.cn/,"茂名校区：广东省茂名市西城西路6号,高州校区：广东省高州市区高师路1号",True,,,,,,,,,,,,{},0,,0,
4144014592,广州卫生职业技术学院,广东省,广州市,,广东省,广州市,专科,,999999,[],False,教育部2026名录（CSV镜像）,,3213,https://www.gzws.edu.cn/,"白云校区：广东省广州市白云区广花二路802号,从化校区：广东省广州市从化区大江路18号,天河校区：广州市天河区龙洞渔沙坦西坑大街1号,永横校区：广东省广州市天河区先烈东横路60-1号,广园南校区：广东省广州市白云区广园中路248号,广园北校区：广东省广州市白云区广园中路511号",True,,,,,,,,,,,,{},0,,0,
4144014609,惠州工程职业学院,广东省,惠州市,,广东省,惠州市,专科,,999999,[],False,教育部2026名录（CSV镜像）,,3326,https://www.hzevc.edu.cn/,惠州市惠州大道汤泉段272号,True,,,,,,,,,,,,{},0,,0,
4144014610,广东江门中医药职业学院,广东省,江门市,,广东省,江门市,专科,,999999,[],False,教育部2026名录（CSV镜像）,,3325,https://www.gdjmcmc.edu.cn/,广东省江门市蓬江区龙湾路4号,True,,,,,,,,,,,,{},0,,0,
4144014638,广东茂名农林科技职业学院,广东省,茂名市,,广东省,茂名市,专科,,999999,[],False,教育部2026名录（CSV镜像）,,3451,https://www.gdafc.edu.cn/,广东省茂名市茂南区西城西路9号,True,,,,,,,,,,,,{},0,,0,
4144014664,广东江门幼儿师范高等专科学校,广东省,江门市,,广东省,江门市,专科,,999999,[],False,教育部2026名录（CSV镜像）,,3468,https://www.jmpec.edu.cn/,江门市江海区朝翠路1号,True,,,,,,,,,,,,{},0,,0,
4144014667,广东财贸职业学院,广东省,清远市,,广东省,清远市,专科,,999999,[],False,教育部2026名录（CSV镜像）,,3469,https://www.gdcmxy.edu.cn/,"清远校区：广东省清远市清城区东城街道中宿路28号,广州校区：广东省广州市白云区南岭西路9号",True,,,,,,,,,,,,{},0,,0,
4144014756,广州幼儿师范高等专科学校,广东省,广州市,,广东省,广州市,专科,,999999,[],False,教育部2026名录（CSV镜像）,,3566,https://www.gzptc.edu.cn,"科教城校区：广东省广州市增城区朱村街广州科技教育城科教大道110号,林和校区：广东省广州市天河区林和东路沾益直街121号",True,,,,,,,,,,,,{},0,,0,
4144014757,广东汕头幼儿师范高等专科学校,广东省,汕头市,,广东省,汕头市,专科,,999999,[],False,教育部2026名录（CSV镜像）,,3585,https://www.gdstpec.edu.cn/,广东汕头市濠江区北山湾路28号,True,,,,,,,,,,,,{},0,,0,
4144014758,广东梅州职业技术学院,广东省,梅州市,,广东省,梅州市,专科,,999999,[],False,教育部2026名录（CSV镜像）,,3586,http://gdmzvtc.edu.cn/,"校本部：广东省梅州市梅江区学院路15号,广梅产业园校区：广州梅州产业转移园蕉岭路",True,,,,,,,,,,,,{},0,,0,
4144014759,广东潮州卫生健康职业学院,广东省,潮州市,,广东省,潮州市,专科,,999999,[],False,教育部2026名录（CSV镜像）,,3587,https://www.gdczwzy.edu.cn/,广东省潮州市凤泉湖高新区中山大道西段北侧,True,,,,,,,,,,,,{},0,,0,
4144014760,广东云浮中医药职业学院,广东省,云浮市,,广东省,云浮市,专科,,999999,[],False,教育部2026名录（CSV镜像）,,3588,https://www.gdyfvccm.edu.cn/,广东省云浮市新兴县教育园区,True,,,,,,,,,,,,{},0,,0,
4144014761,广东肇庆航空职业学院,广东省,肇庆市,,广东省,肇庆市,专科,,999999,[],True,教育部2026名录（CSV镜像）,民办,3589,https://www.gdzqac.edu.cn/,广东省肇庆市高要区蚬岗镇宇浩大道10号,True,,,,,,,,,,,,{},0,,0,
4244050853,湛江幼儿师范专科学校,广东省,湛江市,,广东省,湛江市,专科,,999999,[],False,教育部2026名录（CSV镜像）,,3236,https://www.zhjpec.edu.cn/,"湖光校区：湛江市麻章区雷湖快线湛江教育基地南环路1号,遂溪校区：湛江市遂溪县遂海路182号,赤坎校区：湛江市赤坎区寸金四横路8号,廉江校区：湛江市廉江市黄村街17号",True,,,,,,,,,,,,{},0,,0,
4144014798,珠海格力职业学院,广东省,珠海市,,广东省,珠海市,专科,,999999,[],True,教育部2026名录（CSV镜像）,民办,3675,,广东省珠海市香洲区香山路3200号,True,,,,,,,,,,,,{},0,,0,
4144014845,深圳城市职业学院,广东省,深圳市,,广东省,深圳市,专科,,999999,[],False,教育部2026名录（CSV镜像）,,3685,https://www.szcp.edu.cn,深圳市龙岗区龙岗街道五联社区将军帽路1号,True,,,,,,,,,,,,{},0,,0,
4144014965,广东制造职业技术学院,广东省,广州市,,广东省,广州市,专科,,999999,[],False,教育部2026名录（CSV镜像）,,3899,,"增城校区：广州市增城区石滩镇鹤泽路5号,新港校区：广州市海珠新港西路160号",True,,,,,,,,,,,,{},0,,0,
4145010593,广西大学,广西壮族自治区,南宁市,,广西壮族自治区,南宁市,本科,86,110,"['211', '双一流']",False,教育部2026名录（CSV镜像）,,96,https://www.gxu.edu.cn/,广西壮族自治区南宁市大学东路100号,True,,,,,,,,,,,"{'rankingId': 'legacy-shanghairanking-bcur', 'edition': '2026', 'sortValue': 110.0, 'label': '2026软科主榜 86', 'sourceUrl': 'https://www.shanghairanking.cn/rankings/bcur/2026', 'legacy': True}",{},0,,0,
4145010594,广西科技大学,广西壮族自治区,柳州市,,广西壮族自治区,柳州市,本科,329,487,[],False,教育部2026名录（CSV镜像）,,536,https://www.gxust.edu.cn/,"文昌校区：广西柳州市城中区文昌路2号,柳石校区：广西壮族自治区柳州市鱼峰区柳石路257号,柳东校区：广西壮族自治区柳州市鱼峰区官塘大道19号",True,,,,,,,,,,,"{'rankingId': 'legacy-shanghairanking-bcur', 'edition': '2026', 'sortValue': 487.0, 'label': '2026软科主榜 329', 'sourceUrl': 'https://www.shanghairanking.cn/rankings/bcur/2026', 'legacy': True}",{},0,,0,
4145010595,桂林电子科技大学,广西壮族自治区,桂林市,,广西壮族自治区,桂林市,本科,183,252,[],False,教育部2026名录（CSV镜像）,,532,https://www.guet.edu.cn,"金鸡岭校区：广西壮族自治区桂林市七星区金鸡路1号,六合路校区：广西壮族自治区桂林市七星区东江街道六合路123号,花江校区：广西壮族自治区桂林市灵川县灵田镇东田村,北海校区：广西壮族自治区北海市银海区南珠大道9号",True,,,,,,,,,,,"{'rankingId': 'legacy-shanghairanking-bcur', 'edition': '2026', 'sortValue': 252.0, 'label': '2026软科主榜 183', 'sourceUrl': 'https://www.shanghairanking.cn/rankings/bcur/2026', 'legacy': True}",{},0,,0,
4145010596,桂林理工大学,广西壮族自治区,桂林市,,广西壮族自治区,桂林市,本科,258,364,[],False,教育部2026名录（CSV镜像）,,533,https://www.glut.edu.cn/,"桂林屏风校区：广西壮族自治区桂林市七星区建干路12号,桂林雁山校区：广西壮族自治区桂林市雁山区雁山街319号,南宁安吉校区：广西壮族自治区南宁市安吉大道15号,南宁空港校区：崇左市扶绥县空港大道21号",True,,,,,,,,,,,"{'rankingId': 'legacy-shanghairanking-bcur', 'edition': '2026', 'sortValue': 364.0, 'label': '2026软科主榜 258', 'sourceUrl': 'https://www.shanghairanking.cn/rankings/bcur/2026', 'legacy': True}",{},0,,0,
4145010598,广西医科大学,广西壮族自治区,南宁市,,广西壮族自治区,南宁市,本科,医18,210,[],False,教育部2026名录（CSV镜像）,,530,https://www.gxmu.edu.cn/,"南宁本部：广西南宁市青秀区双拥路22号,武鸣校区：广西南宁市武鸣区武华大道武鸣段336号,玉林校区：广西玉林市北流市新圩镇文华路107号,五象校区：广西壮族自治区南宁市良庆区凤凰路23号",True,,,,,,,,,,,"{'rankingId': 'legacy-shanghairanking-bcur', 'edition': '2026', 'sortValue': 210.0, 'label': '2026软科分类标签 医18', 'sourceUrl': 'https://www.shanghairanking.cn/rankings/bcur/2026', 'legacy': True}",{},0,,0,
4145010599,右江民族医学院,广西壮族自治区,百色市,,广西壮族自治区,百色市,本科,医50,567,[],False,教育部2026名录（CSV镜像）,,1033,https://www.ymun.edu.cn/,"校本部：广西壮族自治区百色市城乡路98号,百东校区：广西壮族自治区百色市右江区百色大道",True,,,,,,,,,,,"{'rankingId': 'legacy-shanghairanking-bcur', 'edition': '2026', 'sortValue': 567.0, 'label': '2026软科分类标签 医50', 'sourceUrl': 'https://www.shanghairanking.cn/rankings/bcur/2026', 'legacy': True}",{},0,,0,
4145010600,广西中医药大学,广西壮族自治区,南宁市,,广西壮族自治区,南宁市,本科,中医19,344,[],False,教育部2026名录（CSV镜像）,,1034,https://www.gxtcmu.edu.cn/,"仙葫校区：广西壮族自治区南宁市五合大道13号,明秀校区：广西壮族自治区南宁市明秀东路179号",True,,,,,,,,,,,"{'rankingId': 'legacy-shanghairanking-bcur', 'edition': '2026', 'sortValue': 344.0, 'label': '2026软科分类标签 中医19', 'sourceUrl': 'https://www.shanghairanking.cn/rankings/bcur/2026', 'legacy': True}",{},0,,0,
4145010601,桂林医科大学,广西壮族自治区,桂林市,,广西壮族自治区,桂林市,本科,医38,429,[],False,教育部2026名录（CSV镜像）,,538,https://www.glmu.edu.cn/,"乐群校区：广西壮族自治区桂林市秀峰区乐群路20号,临桂校区：广西壮族自治区桂林市临桂区致远路1号,东城校区：广西壮族自治区桂林市七星区环城北二路109号",True,,,,,,,,,,,"{'rankingId': 'legacy-shanghairanking-bcur', 'edition': '2026', 'sortValue': 429.0, 'label': '2026软科分类标签 医38', 'sourceUrl': 'https://www.shanghairanking.cn/rankings/bcur/2026', 'legacy': True}",{},0,,0,
4145010602,广西师范大学,广西壮族自治区,桂林市,,广西壮族自治区,桂林市,本科,149,205,[],False,教育部2026名录（CSV镜像）,,531,https://www.gxnu.edu.cn,"育才校区：广西壮族自治区桂林市七星区育才路15号,王城校区：广西壮族自治区桂林市秀峰区王城1号,雁山校区：广西壮族自治区桂林市雁山区雁中路1号",True,,,,,,,,,,,"{'rankingId': 'legacy-shanghairanking-bcur', 'edition': '2026', 'sortValue': 205.0, 'label': '2026软科主榜 149', 'sourceUrl': 'https://www.shanghairanking.cn/rankings/bcur/2026', 'legacy': True}",{},0,,0,
4145010603,南宁师范大学,广西壮族自治区,南宁市,,广西壮族自治区,南宁市,本科,295,437,[],False,教育部2026名录（CSV镜像）,,541,https://www.nnnu.edu.cn/,"明秀校区：广西壮族自治区南宁市西乡塘区明秀东路175号,五合校区：广西壮族自治区南宁市青秀区合兴路3号,武鸣校区：广西壮族自治区南宁市武鸣区新宁路508号,长堽校区：广西壮族自治区南宁市兴宁区长堽路27-1号,建政校区：广西南宁市青秀区建政路37号",True,,,,,,,,,,,"{'rankingId': 'legacy-shanghairanking-bcur', 'edition': '2026', 'sortValue': 437.0, 'label': '2026软科主榜 295', 'sourceUrl': 'https://www.shanghairanking.cn/rankings/bcur/2026', 'legacy': True}",{},0,,0,
4145010604,广西民族师范学院,广西壮族自治区,崇左市,,广西壮族自治区,崇左市,本科,500+,729,[],False,教育部2026名录（CSV镜像）,,2364,https://www.gxnun.edu.cn/,广西壮族自治区崇左市城南区佛子路23号,True,,,,,,,,,,,"{'rankingId': 'legacy-shanghairanking-bcur', 'edition': '2026', 'sortValue': 729.0, 'label': '2026软科分类标签 500+', 'sourceUrl': 'https://www.shanghairanking.cn/rankings/bcur/2026', 'legacy': True}",{},0,,0,
4145010605,河池学院,广西壮族自治区,河池市,,广西壮族自治区,河池市,本科,500+,738,[],False,教育部2026名录（CSV镜像）,,1035,https://www.hcnu.edu.cn/,广西壮族自治区河池市宜州区龙江路42号,True,,,,,,,,,,,"{'rankingId': 'legacy-shanghairanking-bcur', 'edition': '2026', 'sortValue': 738.0, 'label': '2026软科分类标签 500+', 'sourceUrl': 'https://www.shanghairanking.cn/rankings/bcur/2026', 'legacy': True}",{},0,,0,
4145010606,玉林师范学院,广西壮族自治区,玉林市,,广西壮族自治区,玉林市,本科,436,636,[],False,教育部2026名录（CSV镜像）,,539,https://www.ylu.edu.cn/,"西校区：广西壮族自治区玉林市教育中路299号,东校区：广西壮族自治区玉林市教育东路东1303号",True,,,,,,,,,,,"{'rankingId': 'legacy-shanghairanking-bcur', 'edition': '2026', 'sortValue': 636.0, 'label': '2026软科主榜 436', 'sourceUrl': 'https://www.shanghairanking.cn/rankings/bcur/2026', 'legacy': True}",{},0,,0,
4145010607,广西艺术学院,广西壮族自治区,南宁市,,广西壮族自治区,南宁市,本科,,999999,[],False,教育部2026名录（CSV镜像）,,1374,https://www.gxau.edu.cn/,"南湖校区：广西壮族自治区南宁市青秀区教育路7号,相思湖校区：广西壮族自治区南宁市乡塘区罗文大道8号,桂林校区：广西壮族自治区桂林市雁山区雁山镇21号",True,,,,,,,,,,,,{},0,,0,
4145010608,广西民族大学,广西壮族自治区,南宁市,,广西壮族自治区,南宁市,本科,民4,392,[],False,教育部2026名录（CSV镜像）,,543,https://www.gxmzu.edu.cn/,"相思湖校区：广西壮族自治区南宁市西乡塘区大学东路188号,思源湖校区：广西壮族自治区南宁市西乡塘区大学西路158号,武鸣校区：广西壮族自治区南宁市武鸣区东盟经济技术开发区发展大道1号",True,,,,,,,,,,,"{'rankingId': 'legacy-shanghairanking-bcur', 'edition': '2026', 'sortValue': 392.0, 'label': '2026软科分类标签 民4', 'sourceUrl': 'https://www.shanghairanking.cn/rankings/bcur/2026', 'legacy': True}",{},0,,0,
4145010609,百色学院,广西壮族自治区,百色市,,广西壮族自治区,百色市,本科,500+,709,[],False,教育部2026名录（CSV镜像）,,1252,https://www.bsuc.cn/,"东合校区：广西壮族自治区百色市右江区中山二路21号,澄碧校区：广西壮族自治区百色市右江区盘百路",True,,,,,,,,,,,"{'rankingId': 'legacy-shanghairanking-bcur', 'edition': '2026', 'sortValue': 709.0, 'label': '2026软科分类标签 500+', 'sourceUrl': 'https://www.shanghairanking.cn/rankings/bcur/2026', 'legacy': True}",{},0,,0,
4145011354,梧州学院,广西壮族自治区,梧州市,,广西壮族自治区,梧州市,本科,500+,780,[],False,教育部2026名录（CSV镜像）,,1251,https://www.gxuwz.edu.cn/,广西壮族自治区梧州市富民三路82号,True,,,,,,,,,,,"{'rankingId': 'legacy-shanghairanking-bcur', 'edition': '2026', 'sortValue': 780.0, 'label': '2026软科分类标签 500+', 'sourceUrl': 'https://www.shanghairanking.cn/rankings/bcur/2026', 'legacy': True}",{},0,,0,
4145011546,广西科技师范学院,广西壮族自治区,来宾市,,广西壮族自治区,来宾市,本科,500+,728,[],False,教育部2026名录（CSV镜像）,,1729,https://www.gxstnu.edu.cn/,"来宾校区：广西壮族自治区来宾市铁北大道966号,柳州校区：广西壮族自治区柳州市柳北区沙塘镇君武路170号",True,,,,,,,,,,,"{'rankingId': 'legacy-shanghairanking-bcur', 'edition': '2026', 'sortValue': 728.0, 'label': '2026软科分类标签 500+', 'sourceUrl': 'https://www.shanghairanking.cn/rankings/bcur/2026', 'legacy': True}",{},0,,0,
4145011548,广西财经学院,广西壮族自治区,南宁市,,广西壮族自治区,南宁市,本科,财41,554,[],False,教育部2026名录（CSV镜像）,,1046,https://www.gxufe.edu.cn/www/myweb/index.html,"相思湖校区：广西壮族自治区南宁市大学西路189号,明秀校区：广西壮族自治区南宁市明秀西路100号,武鸣校区：广西壮族自治区南宁市武鸣区红岭大道636号",True,,,,,,,,,,,"{'rankingId': 'legacy-shanghairanking-bcur', 'edition': '2026', 'sortValue': 554.0, 'label': '2026软科分类标签 财41', 'sourceUrl': 'https://www.shanghairanking.cn/rankings/bcur/2026', 'legacy': True}",{},0,,0,
4145011549,南宁学院,广西壮族自治区,南宁市,,广西壮族自治区,南宁市,本科,44,924,[],True,教育部2026名录（CSV镜像）,民办,1762,https://unn.edu.cn/,广西壮族自治区南宁市龙亭路8号,True,,,,,,,,,,,"{'rankingId': 'legacy-shanghairanking-bcur', 'edition': '2026', 'sortValue': 924.0, 'label': '2026软科主榜 44', 'sourceUrl': 'https://www.shanghairanking.cn/rankings/bcur/2026', 'legacy': True}",{},0,,0,
4145011607,北部湾大学,广西壮族自治区,钦州市,,广西壮族自治区,钦州市,本科,422,617,[],False,教育部2026名录（CSV镜像）,,1256,https://www.bbgu.edu.cn/,广西壮族自治区钦州市滨海新城滨海大道12号,True,,,,,,,,,,,"{'rankingId': 'legacy-shanghairanking-bcur', 'edition': '2026', 'sortValue': 617.0, 'label': '2026软科主榜 422', 'sourceUrl': 'https://www.shanghairanking.cn/rankings/bcur/2026', 'legacy': True}",{},0,,0,
4145011825,桂林航天工业学院,广西壮族自治区,桂林市,,广西壮族自治区,桂林市,本科,500+,731,[],False,教育部2026名录（CSV镜像）,,1731,https://www.guat.edu.cn,广西壮族自治区桂林市金鸡路2号,True,,,,,,,,,,,"{'rankingId': 'legacy-shanghairanking-bcur', 'edition': '2026', 'sortValue': 731.0, 'label': '2026软科分类标签 500+', 'sourceUrl': 'https://www.shanghairanking.cn/rankings/bcur/2026', 'legacy': True}",{},0,,0,
4145011837,桂林旅游学院,广西壮族自治区,桂林市,,广西壮族自治区,桂林市,本科,财46+,801,[],False,教育部2026名录（CSV镜像）,,1732,https://www.gltu.edu.cn/,"雁山校区：广西壮族自治区桂林市雁山区良丰路26号,骖鸾校区：广西壮族自治区桂林市七星区骖鸾路5号",True,,,,,,,,,,,"{'rankingId': 'legacy-shanghairanking-bcur', 'edition': '2026', 'sortValue': 801.0, 'label': '2026软科分类标签 财46+', 'sourceUrl': 'https://www.shanghairanking.cn/rankings/bcur/2026', 'legacy': True}",{},0,,0,
4145011838,贺州学院,广西壮族自治区,贺州市,,广西壮族自治区,贺州市,本科,497,702,[],False,教育部2026名录（CSV镜像）,,1259,https://www.hzxy.edu.cn/,"西校区：广西贺州市八步区潇贺大道3261号,东校区：广西壮族自治区贺州市西约街169号",True,,,,,,,,,,,"{'rankingId': 'legacy-shanghairanking-bcur', 'edition': '2026', 'sortValue': 702.0, 'label': '2026软科主榜 497', 'sourceUrl': 'https://www.shanghairanking.cn/rankings/bcur/2026', 'legacy': True}",{},0,,0,
4145013520,广西警察学院,广西壮族自治区,南宁市,,广西壮族自治区,南宁市,本科,政30+,810,[],False,教育部2026名录（CSV镜像）,,1734,http://www.gxjcxy.edu.cn/,"仙葫校区：广西壮族自治区南宁市青秀区军堂路6号,五合校区：广西壮族自治区南宁市青秀区五合大道7号,长湖校区：广西壮族自治区南宁市青秀区长湖路6号",True,,,,,,,,,,,"{'rankingId': 'legacy-shanghairanking-bcur', 'edition': '2026', 'sortValue': 810.0, 'label': '2026软科分类标签 政30+', 'sourceUrl': 'https://www.shanghairanking.cn/rankings/bcur/2026', 'legacy': True}",{},0,,0,
4145013524,北海艺术设计学院,广西壮族自治区,北海市,,广西壮族自治区,北海市,本科,,999999,[],True,教育部2026名录（CSV镜像）,民办,1758,https://www.sszss.com/?site_id=2,广西壮族自治区北海市新世纪大道1号,True,,,,,,,,,,,,{},0,,0,
4145016205,广西农业职业技术大学,广西壮族自治区,南宁市,,广西壮族自治区,南宁市,本科,,999999,[],False,教育部2026名录（CSV镜像）,,1744,https://www.gxnzd.edu.cn/,"西校区：广西壮族自治区南宁市大学东路176号,东校区：广西南宁市邕武路24号",True,,,,,,,,,,,,{},0,,0,
4145013639,柳州工学院,广西壮族自治区,柳州市,,广西壮族自治区,柳州市,本科,100+,1040,[],True,教育部2026名录（CSV镜像）,民办,2368,https://www.lzhit.edu.cn/,"南校区：广西壮族自治区柳州市鱼峰区新柳大道99号,北校区：广西柳州市鱼峰区安和路16号",True,,,,,,,,,,,"{'rankingId': 'legacy-shanghairanking-bcur', 'edition': '2026', 'sortValue': 1040.0, 'label': '2026软科分类标签 100+', 'sourceUrl': 'https://www.shanghairanking.cn/rankings/bcur/2026', 'legacy': True}",{},0,,0,
4145013640,广西民族大学相思湖学院,广西壮族自治区,南宁市,,广西壮族自治区,南宁市,本科,,999999,[],True,教育部2026名录（CSV镜像）,民办,2370,http://www.xshxy.cn/,广西壮族自治区南宁市江南区友谊路55号,True,,,,,,,,,,,,{},0,,0,
4145013641,桂林学院,广西壮族自治区,桂林市,,广西壮族自治区,桂林市,本科,100+,1011,[],True,教育部2026名录（CSV镜像）,民办,2366,https://www.glc.edu.cn/,广西壮族自治区桂林市雁山区雁山镇雁中路3号,True,,,,,,,,,,,"{'rankingId': 'legacy-shanghairanking-bcur', 'edition': '2026', 'sortValue': 1011.0, 'label': '2026软科分类标签 100+', 'sourceUrl': 'https://www.shanghairanking.cn/rankings/bcur/2026', 'legacy': True}",{},0,,0,
4145013642,南宁师范大学师园学院,广西壮族自治区,南宁市,,广西壮族自治区,南宁市,本科,,999999,[],True,教育部2026名录（CSV镜像）,民办,2369,https://www.gxsy.edu.cn/,"明阳校区：广西壮族自治区南宁市明阳工业区明阳大道15号,防城港校区：广西壮族自治区防城港市防城区友谊路22号",True,,,,,,,,,,,,{},0,,0,
4145013643,广西中医药大学赛恩斯新医药学院,广西壮族自治区,南宁市,,广西壮族自治区,南宁市,本科,,999999,[],True,教育部2026名录（CSV镜像）,民办,2372,https://www.gxzyxysy.com/,广西壮族自治区南宁市青秀区五合大道13号,True,,,,,,,,,,,,{},0,,0,
4145013644,桂林信息科技学院,广西壮族自治区,桂林市,,广西壮族自治区,桂林市,本科,100+,1010,[],True,教育部2026名录（CSV镜像）,民办,2367,https://www.guit.edu.cn/,桂林市临桂区岩图路9号,True,,,,,,,,,,,"{'rankingId': 'legacy-shanghairanking-bcur', 'edition': '2026', 'sortValue': 1010.0, 'label': '2026软科分类标签 100+', 'sourceUrl': 'https://www.shanghairanking.cn/rankings/bcur/2026', 'legacy': True}",{},0,,0,
4145013645,南宁理工学院,广西壮族自治区,桂林市,,广西壮族自治区,桂林市,本科,100+,1046,[],True,教育部2026名录（CSV镜像）,民办,2628,https://www.bwgl.cn/,"南宁校区：广西南宁市广西-东盟经济技术开发区发展大道16号,桂林校区：广西桂林市雁山区雁山镇雁山街317号",True,,,,,,,,,,,"{'rankingId': 'legacy-shanghairanking-bcur', 'edition': '2026', 'sortValue': 1046.0, 'label': '2026软科分类标签 100+', 'sourceUrl': 'https://www.shanghairanking.cn/rankings/bcur/2026', 'legacy': True}",{},0,,0,
4145013830,广西外国语学院,广西壮族自治区,南宁市,,广西壮族自治区,南宁市,本科,语5+,1084,[],True,教育部2026名录（CSV镜像）,民办,2834,https://gxufl.edu.cn/,"五合校区：广西南宁市青秀区五合大道19号,空港校区：广西扶绥县中国 — 东盟南宁空港经济区空港大道89号",True,,,,,,,,,,,"{'rankingId': 'legacy-shanghairanking-bcur', 'edition': '2026', 'sortValue': 1084.0, 'label': '2026软科分类标签 语5+', 'sourceUrl': 'https://www.shanghairanking.cn/rankings/bcur/2026', 'legacy': True}",{},0,,0,
4145013890,广西工业学院,广西壮族自治区,北海市,,广西壮族自治区,北海市,本科,,999999,[],False,教育部2026名录（CSV镜像）,,2373,,广西北海市南珠大道9号,True,,,,,,,,,,,,{},0,,0,
4145013920,广西城市职业大学,广西壮族自治区,崇左市,,广西壮族自治区,崇左市,本科,,999999,[],True,教育部2026名录（CSV镜像）,民办,1756,http://www.gxcvuedu.com/,"空港校区：广西壮族自治区南宁空港经济区同正大道655号,崇左校区：广西壮族自治区崇左市江州区骆越大道1号",True,,,,,,,,,,,,{},0,,0,
4145014684,广西职业师范学院,广西壮族自治区,南宁市,,广西壮族自治区,南宁市,本科,500+,730,[],False,教育部2026名录（CSV镜像）,,3118,https://www.gxvnu.edu.cn/,广西壮族自治区南宁市大学东路105号,True,,,,,,,,,,,"{'rankingId': 'legacy-shanghairanking-bcur', 'edition': '2026', 'sortValue': 730.0, 'label': '2026软科分类标签 500+', 'sourceUrl': 'https://www.shanghairanking.cn/rankings/bcur/2026', 'legacy': True}",{},0,,0,
4145011355,南宁职业技术大学,广西壮族自治区,南宁市,,广西壮族自治区,南宁市,本科,,999999,[],False,教育部2026名录（CSV镜像）,,1736,https://www.nnvtu.edu.cn/,广西壮族自治区南宁市大学西路169号,True,,,,,,,,,,,,{},0,,0,
4145012104,柳州职业技术大学,广西壮族自治区,柳州市,,广西壮族自治区,柳州市,本科,,999999,[],False,教育部2026名录（CSV镜像）,,1739,https://www.lzpu.edu.cn/,"社湾校区：广西壮族自治区柳州市鱼峰区社湾路28号,官塘校区：广西壮族自治区柳州市鱼峰区官塘大道16号",True,,,,,,,,,,,,{},0,,0,
4145011671,桂林师范学院,广西壮族自治区,桂林市,,广西壮族自治区,桂林市,本科,,999999,[],False,教育部2026名录（CSV镜像）,,1730,https://www.glnc.edu.cn/,广西壮族自治区桂林市临桂区飞虎路9号,True,,,,,,,,,,,,{},0,,0,
4145011773,广西职业技术大学,广西壮族自治区,南宁市,,广西壮族自治区,南宁市,本科,,999999,[],False,教育部2026名录（CSV镜像）,,1738,https://www.gxzjy.edu.cn/,广西壮族自治区南宁市江南区明阳大道19号,True,,,,,,,,,,,,{},0,,0,
4145010035,桂林生命与健康职业技术学院,广西壮族自治区,桂林市,,广西壮族自治区,桂林市,专科,,999999,[],True,教育部2026名录（CSV镜像）,民办,3418,https://www.glhic.edu.cn/content/2025/xxjj/8121.html,桂林市秀峰区中隐西路1号,True,,,,,,,,,,,,{},0,,0,
4145010867,广西机电职业技术学院,广西壮族自治区,南宁市,,广西壮族自治区,南宁市,专科,,999999,[],False,教育部2026名录（CSV镜像）,,1735,https://www.gxcme.edu.cn/,"相思湖校区：广西南宁市大学东路101号,江南校区：广西南宁市江南区下津路12号",True,,,,,,,,,,,,{},0,,0,
4145011350,广西体育高等专科学校,广西壮族自治区,南宁市,,广西壮族自治区,南宁市,专科,,999999,[],False,教育部2026名录（CSV镜像）,,1728,http://www.gxtznn.com/,"公园路校区：广西南宁市兴宁区公园路2号,相思湖校区：广西壮族自治区南宁市西乡塘区大学西路176号",True,,,,,,,,,,,,{},0,,0,
4145011608,广西水利电力职业技术学院,广西壮族自治区,南宁市,,广西壮族自治区,南宁市,专科,,999999,[],False,教育部2026名录（CSV镜像）,,1737,https://www.gxsdxy.cn,"长堽校区：广西南宁市兴宁区长堽路99号,里建校区：广西南宁市武鸣区广西-东盟经济开发区长岗大道98号,良庆校区：广西壮族自治区南宁市良庆区五象大道104号",True,,,,,,,,,,,,{},0,,0,
4145012344,广西生态工程职业技术学院,广西壮族自治区,柳州市,,广西壮族自治区,柳州市,专科,,999999,[],False,教育部2026名录（CSV镜像）,,1740,https://www.gxstzy.cn/,广西壮族自治区柳州市柳北区沙塘镇君武路168号,True,,,,,,,,,,,,{},0,,0,
4145012356,广西交通职业技术学院,广西壮族自治区,南宁市,,广西壮族自治区,南宁市,专科,,999999,[],False,教育部2026名录（CSV镜像）,,1741,https://www.gxjtc.edu.cn/,"昆仑校区：广西壮族自治区南宁市兴宁区昆仑大道1258号,园湖校区：广西壮族自治区南宁市青秀区园湖北路12号,相思湖校区：广西壮族自治区南宁市西乡塘区大学东路109号",True,,,,,,,,,,,,{},0,,0,
4145012364,广西工业职业技术学院,广西壮族自治区,南宁市,,广西壮族自治区,南宁市,专科,,999999,[],False,教育部2026名录（CSV镜像）,,1742,https://www.gxgy.edu.cn/,"一校区：广西壮族自治区南宁市秀灵路37号,二校区：广西贵港市桂林路1118号,三校区：广西南宁市武鸣区武缘大道87号",True,,,,,,,,,,,,{},0,,0,
4145012379,广西国际商务职业技术学院,广西壮族自治区,南宁市,,广西壮族自治区,南宁市,专科,,999999,[],False,教育部2026名录（CSV镜像）,,1743,https://www.gxibvc.net/,"大学路校区：广西壮族自治区南宁市大学东路168号,东盟经开区校区：广西壮族自治区南宁市东盟经济技术开发区发展大道109号",True,,,,,,,,,,,,{},0,,0,
4145012392,柳州铁道职业技术学院,广西壮族自治区,柳州市,,广西壮族自治区,柳州市,专科,,999999,[],False,教育部2026名录（CSV镜像）,,1745,https://www.ltzy.edu.cn/,广西壮族自治区柳州市鱼峰区文苑路2号,True,,,,,,,,,,,,{},0,,0,
4145013138,广西建设职业技术学院,广西壮族自治区,南宁市,,广西壮族自治区,南宁市,专科,,999999,[],False,教育部2026名录（CSV镜像）,,1746,https://www.gxjsxy.cn/,"罗文校区：广西壮族自治区南宁市西乡塘区罗文大道33号,武鸣校区：广西壮族自治区南宁市武鸣区发展大道9号",True,,,,,,,,,,,,{},0,,0,
4145013522,广西现代职业技术学院,广西壮族自治区,河池市,,广西壮族自治区,河池市,专科,,999999,[],False,教育部2026名录（CSV镜像）,,2686,https://www.gxxd.net.cn,广西河池市金城江区金城西路02号,True,,,,,,,,,,,,{},0,,0,
4145013523,北海职业学院,广西壮族自治区,北海市,,广西壮族自治区,北海市,专科,,999999,[],False,教育部2026名录（CSV镜像）,,1749,https://www.bhzyxy.edu.cn/,"校本部：广西壮族自治区北海市海城区西藏路48号,工业园区校区：广西壮族自治区北海市海城区台湾路和吉林路交叉口",True,,,,,,,,,,,,{},0,,0,
4145013526,桂林山水职业学院,广西壮族自治区,桂林市,,广西壮族自治区,桂林市,专科,,999999,[],True,教育部2026名录（CSV镜像）,民办,1759,http://www.glsszyxy.com/,"临桂校区：广西壮族自治区桂林市临桂区人民路318号,灵川校区：广西壮族自治区桂林市灵川县灵钢路1号",True,,,,,,,,,,,,{},0,,0,
4145013827,广西经贸职业技术学院,广西壮族自治区,南宁市,,广西壮族自治区,南宁市,专科,,999999,[],False,教育部2026名录（CSV镜像）,,1750,https://www.gxjmxy.edu.cn/,"青山校区：广西壮族自治区南宁市青秀区青山路14号,五合校区：广西壮族自治区南宁市青秀区五合大道13号,明秀校区：广西壮族自治区南宁市西乡塘区明秀东路175号",True,,,,,,,,,,,,{},0,,0,
4145013828,广西工商职业技术学院,广西壮族自治区,南宁市,,广西壮族自治区,南宁市,专科,,999999,[],False,教育部2026名录（CSV镜像）,,1751,https://www.gxgsxy.edu.cn/,"鹏飞校区：广西壮族自治区南宁市西乡塘区鹏飞路15号,武鸣校区：广西壮族自治区南宁市武鸣区红岭大道588号,中尧校区：广西壮族自治区南宁市西乡塘区中尧路15号,新村校区：广西壮族自治区南宁市西乡塘区新村路8号",True,,,,,,,,,,,,{},0,,0,
4145013829,广西演艺职业学院,广西壮族自治区,南宁市,,广西壮族自治区,南宁市,专科,,999999,[],True,教育部2026名录（CSV镜像）,民办,1761,https://www.gxart.cn,广西壮族自治区南宁市江南区明阳工业区明阳四路10号,True,,,,,,,,,,,,{},0,,0,
4145013831,广西电力职业技术学院,广西壮族自治区,南宁市,,广西壮族自治区,南宁市,专科,,999999,[],False,教育部2026名录（CSV镜像）,,1752,https://www.gxdlxy.com/,"五象校区：广西壮族自治区南宁市邕宁区玉洞大道109号,科园校区：广西壮族自治区南宁市科园大道39号",True,,,,,,,,,,,,{},0,,0,
4145014026,广西英华国际职业学院,广西壮族自治区,钦州市,,广西壮族自治区,钦州市,专科,,999999,[],True,教育部2026名录（CSV镜像）,民办,1755,https://www.gxtic.edu.cn/,广西壮族自治区钦州市钦南区西环南路188号,True,,,,,,,,,,,,{},0,,0,
4145014067,柳州城市职业学院,广西壮族自治区,柳州市,,广西壮族自治区,柳州市,专科,,999999,[],False,教育部2026名录（CSV镜像）,,1753,https://www.lcvc.edu.cn/,"校本部：广西壮族自治区柳州市鱼峰区官塘大道文苑路1号,鹿寨分院：广西柳州市鹿寨县十里亭教育集中区",True,,,,,,,,,,,,{},0,,0,
4145014068,百色职业学院,广西壮族自治区,百色市,,广西壮族自治区,百色市,专科,,999999,[],False,教育部2026名录（CSV镜像）,,1754,https://www.gxbszy.cn/,"第一校区：百色市城东路群来坡巷161号,百东新校区：百色市右江区永靖大道",True,,,,,,,,,,,,{},0,,0,
4145014127,广西工程职业学院,广西壮族自治区,百色市,,广西壮族自治区,百色市,专科,,999999,[],True,教育部2026名录（CSV镜像）,民办,1757,http://www.gxgcedu.com/,广西壮族自治区平果市大学城大学路1号,True,,,,,,,,,,,,{},0,,0,
4145014170,广西理工职业技术学院,广西壮族自治区,崇左市,,广西壮族自治区,崇左市,专科,,999999,[],True,教育部2026名录（CSV镜像）,民办,2375,https://www.gxlgxy.edu.cn/#/,"壶兴校区：广西壮族自治区崇左市江州区壶兴路339-1号,城北校区：广西崇左市江州区环城北路",True,,,,,,,,,,,,{},0,,0,
4145014171,梧州职业学院,广西壮族自治区,梧州市,,广西壮族自治区,梧州市,专科,,999999,[],False,教育部2026名录（CSV镜像）,,2374,http://www.wzzy.edu.cn/,广西壮族自治区梧州市三龙大道88号,True,,,,,,,,,,,,{},0,,0,
4145014211,广西经济职业学院,广西壮族自治区,南宁市,,广西壮族自治区,南宁市,专科,,999999,[],True,教育部2026名录（CSV镜像）,民办,2376,https://www.gxevc.com,南宁市华侨投资区教育路2号,True,,,,,,,,,,,,{},0,,0,
4145014220,广西幼儿师范高等专科学校,广西壮族自治区,南宁市,,广西壮族自治区,南宁市,专科,,999999,[],False,教育部2026名录（CSV镜像）,,2365,https://www.gxyesf.edu.cn/,"青秀校区：广西南宁市青秀区民族大道77号,平果校区：广西百色市平果市大学路6号,东盟校区：广西东盟经济技术开发区发展大道2号",True,,,,,,,,,,,,{},0,,0,
4145014312,广西科技职业学院,广西壮族自治区,崇左市,,广西壮族自治区,崇左市,专科,,999999,[],True,教育部2026名录（CSV镜像）,民办,2688,http://www.gxkjzy.com/,广西南宁空港经济区同正大道680号,True,,,,,,,,,,,,{},0,,0,
4145014313,广西卫生职业技术学院,广西壮族自治区,南宁市,,广西壮族自治区,南宁市,专科,,999999,[],False,教育部2026名录（CSV镜像）,,2687,https://www.gxwzy.edu.cn/,"昆仑校区：广西南宁市兴宁区昆仑大道8号,桃源校区：广西南宁市青秀区桃源路37号",True,,,,,,,,,,,,{},0,,0,
4145014481,广西培贤国际职业学院,广西壮族自治区,百色市,,广西壮族自治区,百色市,专科,,999999,[],True,教育部2026名录（CSV镜像）,民办,3212,https://www.peixianedu.cn/pcindex.html,广西平果县大学城大学东路12号,True,,,,,,,,,,,,{},0,,0,
4145014512,广西金融职业技术学院,广西壮族自治区,南宁市,,广西壮族自治区,南宁市,专科,,999999,[],False,教育部2026名录（CSV镜像）,,3218,http://www.gxjrxy.edu.cn/,"东校区：广西南宁市西乡塘区大学东路91号,西校区：广西南宁市西乡塘区大学西路168号",True,,,,,,,,,,,,{},0,,0,
4145014546,广西中远职业学院,广西壮族自治区,崇左市,,广西壮族自治区,崇左市,专科,,999999,[],True,教育部2026名录（CSV镜像）,民办,,,,True,,,,,,,,,,,,{},0,,0,
4145014573,玉柴职业技术学院,广西壮族自治区,玉林市,,广西壮族自治区,玉林市,专科,,999999,[],True,教育部2026名录（CSV镜像）,民办,,,,True,,,,,,,,,,,,{},0,,0,
4145014574,广西蓝天航空职业学院,广西壮族自治区,来宾市,,广西壮族自治区,来宾市,专科,,999999,[],True,教育部2026名录（CSV镜像）,民办,3390,https://www.gxltu.edu.cn/,广西壮族自治区来宾市铁北大道968号,True,,,,,,,,,,,,{},0,,0,
4145014611,广西安全工程职业技术学院,广西壮族自治区,南宁市,,广西壮族自治区,南宁市,专科,,999999,[],False,教育部2026名录（CSV镜像）,,3324,http://www.gxaqzy.edu.cn/,广西南宁市武鸣区红岭大道592号,True,,,,,,,,,,,,{},0,,0,
4145014668,广西自然资源职业技术学院,广西壮族自治区,崇左市,,广西壮族自治区,崇左市,专科,,999999,[],False,教育部2026名录（CSV镜像）,,3470,https://www.gxnrvtc.edu.cn/,中国-东盟南宁空港经济区空港大道东29号,True,,,,,,,,,,,,{},0,,0,
4145014693,钦州幼儿师范高等专科学校,广西壮族自治区,钦州市,,广西壮族自治区,钦州市,专科,,999999,[],False,教育部2026名录（CSV镜像）,,3493,https://www.qzyz.edu.cn/,"钦州校区：广西壮族自治区钦州市钦南区南珠街道西环南路89号,合浦校区：北海市合浦县县城",True,,,,,,,,,,,,{},0,,0,
4145014694,梧州医学高等专科学校,广西壮族自治区,梧州市,,广西壮族自治区,梧州市,专科,,999999,[],True,教育部2026名录（CSV镜像）,民办,3494,https://www.wuzmc.edu.cn/,广西自治区梧州市龙圩区学院北路1号,True,,,,,,,,,,,,{},0,,0,
4145014722,广西制造工程职业技术学院,广西壮族自治区,南宁市,,广西壮族自治区,南宁市,专科,,999999,[],False,教育部2026名录（CSV镜像）,,3521,https://www.gxzzzy.cn/,广西东盟经济技术开发区宝源南路29号,True,,,,,,,,,,,,{},0,,0,
4145014723,广西物流职业技术学院,广西壮族自治区,贵港市,,广西壮族自治区,贵港市,专科,,999999,[],False,教育部2026名录（CSV镜像）,,3522,https://www.gxlvtc.edu.cn/,广西贵港市港北区聚贤路8号,True,,,,,,,,,,,,{},0,,0,
4145014762,防城港职业技术学院,广西壮族自治区,防城港市,,广西壮族自治区,防城港市,专科,,999999,[],False,教育部2026名录（CSV镜像）,,3590,https://www.fcgzy.edu.cn/,广西壮族自治区防城港市防城区江山半岛教育园区,True,,,,,,,,,,,,{},0,,0,
4145014763,广西信息职业技术学院,广西壮族自治区,南宁市,,广西壮族自治区,南宁市,专科,,999999,[],False,教育部2026名录（CSV镜像）,,3591,https://www.gxuie.cn/,"东宝校区：广西南宁市青秀区东宝路1-1号,五象校区：广西南宁市邕宁区步云路31号",True,,,,,,,,,,,,{},0,,0,
4145014764,广西农业工程职业技术学院,广西壮族自治区,崇左市,,广西壮族自治区,崇左市,专科,,999999,[],False,教育部2026名录（CSV镜像）,,3592,http://www.gxngy.edu.cn/,东盟南宁空港扶绥经济区空港大道25号,True,,,,,,,,,,,,{},0,,0,
4145014765,北海康养职业学院,广西壮族自治区,北海市,,广西壮族自治区,北海市,专科,,999999,[],True,教育部2026名录（CSV镜像）,民办,3593,https://www.bhkyxy.com/,北海市银海区金海岸大道666号,True,,,,,,,,,,,,{},0,,0,
4245051675,崇左幼儿师范高等专科学校,广西壮族自治区,崇左市,,广西壮族自治区,崇左市,专科,,999999,[],False,教育部2026名录（CSV镜像）,,3048,http://www.czygz.edu.cn/main.htm,广西崇左市江州区崇善大道55号,True,,,,,,,,,,,,{},0,,0,
4145014821,广西质量工程职业技术学院,广西壮族自治区,南宁市,,广西壮族自治区,南宁市,专科,,999999,[],False,教育部2026名录（CSV镜像）,,3609,https://www.gxzlgc.edu.cn/,南宁市武鸣区南宁华侨投资区(广西东盟经济技术开发区)发展大道12号,True,,,,,,,,,,,,{},0,,0,
4145014822,桂林信息工程职业学院,广西壮族自治区,桂林市,,广西壮族自治区,桂林市,专科,,999999,[],True,教育部2026名录（CSV镜像）,民办,3651,https://www.glcie.edu.cn/,桂林市经济技术开发区木兰街7号,True,,,,,,,,,,,,{},0,,0,
4145014868,玉林职业技术学院,广西壮族自治区,玉林市,,广西壮族自治区,玉林市,专科,,999999,[],False,教育部2026名录（CSV镜像）,,3732,https://www.ylzy.edu.cn/,广西玉林市玉州区空港大学城大学路1号,True,,,,,,,,,,,,{},0,,0,
4145014869,广西智能制造职业技术学院,广西壮族自治区,柳州市,,广西壮族自治区,柳州市,专科,,999999,[],False,教育部2026名录（CSV镜像）,,3733,https://new.gxgj.com/,广西柳州市鱼峰区江东大道66号,True,,,,,,,,,,,,{},0,,0,
4145014966,贺州职业技术学院,广西壮族自治区,贺州市,,广西壮族自治区,贺州市,专科,,999999,[],False,教育部2026名录（CSV镜像）,,3900,,,True,,,,,,,,,,,,{},0,,0,
4145014967,北海海运职业学院,广西壮族自治区,北海市,,广西壮族自治区,北海市,专科,,999999,[],True,教育部2026名录（CSV镜像）,民办,3901,https://www.bma-bh.com,主校区：广西北海市江苏路299号,True,,,,,,,,,,,,{},0,,0,
4145014968,防城港现代食药品职业学院,广西壮族自治区,防城港市,,广西壮族自治区,防城港市,专科,,999999,[],True,教育部2026名录（CSV镜像）,民办,3902,,,True,,,,,,,,,,,,{},0,,0,
4145014969,贵港应用技术职业学院,广西壮族自治区,贵港市,,广西壮族自治区,贵港市,专科,,999999,[],True,教育部2026名录（CSV镜像）,民办,3903,,,True,,,,,,,,,,,,{},0,,0,
4146010589,海南大学,海南省,海口市,,海南省,海口市,本科,87,111,"['211', '双一流']",False,教育部2026名录（CSV镜像）,,504,https://www.hainanu.edu.cn,"海甸校区：海南省海口市美兰区人民大道58号,儋州校区：海南省儋州市那大镇宝岛新村,城西校区：海南省海口市龙华区学院路4号,观澜湖校区：海南省龙华区龙桥镇博片村一带,崖州湾科教园校区：三亚市崖州湾科技城规划一路",True,,,,,,,,,,,"{'rankingId': 'legacy-shanghairanking-bcur', 'edition': '2026', 'sortValue': 111.0, 'label': '2026软科主榜 87', 'sourceUrl': 'https://www.shanghairanking.cn/rankings/bcur/2026', 'legacy': True}",{},0,,0,
4146011100,海南热带海洋学院,海南省,三亚市,,海南省,三亚市,本科,463,667,[],False,教育部2026名录（CSV镜像）,,1249,https://www.hntou.edu.cn/,"三亚校区：海南省三亚市吉阳区育才路1号,五指山校区：海南省五指山市泰翡路1号",True,,,,,,,,,,,"{'rankingId': 'legacy-shanghairanking-bcur', 'edition': '2026', 'sortValue': 667.0, 'label': '2026软科主榜 463', 'sourceUrl': 'https://www.shanghairanking.cn/rankings/bcur/2026', 'legacy': True}",{},0,,0,
4146011658,海南师范大学,海南省,海口市,,海南省,海口市,本科,227,319,[],False,教育部2026名录（CSV镜像）,,511,https://www.hainnu.edu.cn/,"龙昆南校区：海南省海口市琼山区龙昆南路99号,桂林洋校区：海南省海口市美兰区校际一号路3号",True,,,,,,,,,,,"{'rankingId': 'legacy-shanghairanking-bcur', 'edition': '2026', 'sortValue': 319.0, 'label': '2026软科主榜 227', 'sourceUrl': 'https://www.shanghairanking.cn/rankings/bcur/2026', 'legacy': True}",{},0,,0,
4146011810,海南医科大学,海南省,海口市,,海南省,海口市,本科,医31,329,[],False,教育部2026名录（CSV镜像）,,512,https://www.muhn.edu.cn/,"城西校区：海南省海口市龙华区学院路3号,龙华校区：海南省海口市龙华区龙华路33号,桂林洋校区：海南省海口市美兰区国营桂林洋农场",True,,,,,,,,,,,"{'rankingId': 'legacy-shanghairanking-bcur', 'edition': '2026', 'sortValue': 329.0, 'label': '2026软科分类标签 医31', 'sourceUrl': 'https://www.shanghairanking.cn/rankings/bcur/2026', 'legacy': True}",{},0,,0,
4146012308,海口经济学院,海南省,海口市,,海南省,海口市,本科,财18,950,[],True,教育部2026名录（CSV镜像）,民办,1391,https://www.hkc.edu.cn/,海南省海口市桂林洋高校区海涛大道1001号,True,,,,,,,,,,,"{'rankingId': 'legacy-shanghairanking-bcur', 'edition': '2026', 'sortValue': 950.0, 'label': '2026软科分类标签 财18', 'sourceUrl': 'https://www.shanghairanking.cn/rankings/bcur/2026', 'legacy': True}",{},0,,0,
4146013811,琼台师范学院,海南省,海口市,,海南省,海口市,本科,500+,761,[],False,教育部2026名录（CSV镜像）,,1521,https://www.qtnu.edu.cn/,"府城校区：海南省海口市琼山区府城中山路8号,桂林洋校区：海南省海口市美兰区桂林洋高校区",True,,,,,,,,,,,"{'rankingId': 'legacy-shanghairanking-bcur', 'edition': '2026', 'sortValue': 761.0, 'label': '2026软科分类标签 500+', 'sourceUrl': 'https://www.shanghairanking.cn/rankings/bcur/2026', 'legacy': True}",{},0,,0,
4146013892,三亚学院,海南省,三亚市,,海南省,三亚市,本科,50,931,[],True,教育部2026名录（CSV镜像）,民办,1329,https://www.sanyau.edu.cn/,海南省三亚市吉阳区学院路191号,True,,,,,,,,,,,"{'rankingId': 'legacy-shanghairanking-bcur', 'edition': '2026', 'sortValue': 931.0, 'label': '2026软科主榜 50', 'sourceUrl': 'https://www.shanghairanking.cn/rankings/bcur/2026', 'legacy': True}",{},0,,0,
4146014172,海南科技职业大学,海南省,海口市,,海南省,海口市,本科,,999999,[],True,教育部2026名录（CSV镜像）,民办,1432,https://www.hvust.edu.cn/,"美兰校区：海南省海口市美兰区琼山大道18号,云龙校区：海南省海口市云龙镇云定路118号",True,,,,,,,,,,,,{},0,,0,
4146014829,海南比勒费尔德应用科学大学,海南省,儋州市,,海南省,儋州市,本科,,999999,[],False,教育部2026名录（CSV镜像）,境外高等教育机构在海南自由贸易港设立的实施理工农医类学科专业教育的学校,3645,https://www.biuh.org/,海南省儋州市洋浦经济开发区,True,,,,,,,,,,,,{},0,,0,
4146014944,海南警察学院,海南省,海口市,,海南省,海口市,本科,,999999,[],False,教育部2026名录（CSV镜像）,,3812,https://www.hipolice.edu.cn/,校本部：海南省海口市秀英区定海大道1号,True,,,,,,,,,,,,{},0,,0,
4146014948,海南洛桑旅游大学,海南省,三亚市,,海南省,三亚市,本科,,999999,[],False,教育部2026名录（CSV镜像）,境外高等教育机构在海南自由贸易港设立的实施理工农医类学科专业教育的学校,3820,,海南省三亚市海棠区湾坡路108号,True,,,,,,,,,,,,{},0,,0,
4146013875,海南经贸职业大学,海南省,海口市,,海南省,海口市,本科,,999999,[],False,教育部2026名录（CSV镜像）,,1404,https://www.hceb.edu.cn/,海南省海口市桂林洋高校区,True,,,,,,,,,,,,{},0,,0,
4146011999,海南职业技术学院,海南省,海口市,,海南省,海口市,专科,,999999,[],False,教育部2026名录（CSV镜像）,,1382,https://www.hcvt.cn/,海南省海口市龙华区南海大道95号,True,,,,,,,,,,,,{},0,,0,
4146012717,三亚城市职业学院,海南省,三亚市,,海南省,三亚市,专科,,999999,[],True,教育部2026名录（CSV镜像）,民办,2292,https://www.sycsxy.cn,海南省三亚市吉阳区抱坡路100号,True,,,,,,,,,,,,{},0,,0,
4146013575,海南软件职业技术学院,海南省,琼海市,,海南省,琼海市,专科,,999999,[],False,教育部2026名录（CSV镜像）,,1390,https://www.hncst.edu.cn/,海南省琼海市富海路128号,True,,,,,,,,,,,,{},0,,0,
4146013576,海南政法职业学院,海南省,海口市,,海南省,海口市,专科,,999999,[],False,教育部2026名录（CSV镜像）,,2290,https://www.hnplc.com,海南省海口市琼山区新大洲大道280号,True,,,,,,,,,,,,{},0,,0,
4146013577,海南外国语职业学院,海南省,文昌市,,海南省,文昌市,专科,,999999,[],False,教育部2026名录（CSV镜像）,,2291,http://www.hncfs.edu.cn,海南省文昌市教育路178号,True,,,,,,,,,,,,{},0,,0,
4146013876,海南工商职业学院,海南省,海口市,,海南省,海口市,专科,,999999,[],True,教育部2026名录（CSV镜像）,民办,2689,https://www.hntbc.edu.cn/,海口市国兴大道文坛路2号,True,,,,,,,,,,,,{},0,,0,
4146013931,三亚航空旅游职业学院,海南省,三亚市,,海南省,三亚市,专科,,999999,[],True,教育部2026名录（CSV镜像）,民办,2293,https://www.hnasatc.edu.cn/,海南省三亚市凤凰路218号,True,,,,,,,,,,,,{},0,,0,
4146014236,三亚理工职业学院,海南省,三亚市,,海南省,三亚市,专科,,999999,[],True,教育部2026名录（CSV镜像）,民办,2577,http://www.ucsanya.com,海南省三亚市吉阳区学院路191号,True,,,,,,,,,,,,{},0,,0,
4146014575,海南体育职业技术学院,海南省,海口市,,海南省,海口市,专科,,999999,[],False,教育部2026名录（CSV镜像）,,3269,https://www.hnstx.com,海口市国兴大道68号,True,,,,,,,,,,,,{},0,,0,
4146014612,三亚中瑞酒店管理职业学院,海南省,三亚市,,海南省,三亚市,专科,,999999,[],True,教育部2026名录（CSV镜像）,民办,3275,https://www.his.edu.cn,海南省三亚市海棠区湾坡路108号,True,,,,,,,,,,,,{},0,,0,
4146014639,海南健康管理职业技术学院,海南省,澄迈县,,海南省,澄迈县,专科,,999999,[],True,教育部2026名录（CSV镜像）,民办,3279,http://www.hainhmc.edu.cn,"金江校区：海南省澄迈县金江镇文化北路1号,老城校区：海南省澄迈县老城镇北一环路",True,,,,,,,,,,,,{},0,,0,
4146014724,海南卫生健康职业学院,海南省,海口市,,海南省,海口市,专科,,999999,[],False,教育部2026名录（CSV镜像）,,3485,https://www.hnhvc.edu.cn/,"秀华校区：海南省海口市秀英区秀华路32号,椰孩校区：海南省海口市龙华区白水塘路48号",True,,,,,,,,,,,,{},0,,0,
4146014846,海南东方新丝路职业学院,海南省,东方市,,海南省,东方市,专科,,999999,[],True,教育部2026名录（CSV镜像）,民办,3698,https://www.hinsrc.edu.cn/,海南省东方市金月湾滨海旅游度假区,True,,,,,,,,,,,,{},0,,0,
4146014890,海口旅游职业学院,海南省,海口市,,海南省,海口市,专科,,999999,[],False,教育部2026名录（CSV镜像）,,3734,http://www.hkvts.cn/hkvts/index/index.html,海南省海口市秀英区椰海大道398号,True,,,,,,,,,,,,{},0,,0,
4146014891,海南艺术职业学院,海南省,海口市,,海南省,海口市,专科,,999999,[],False,教育部2026名录（CSV镜像）,,3735,http://www.hnart-edu.cn/,海南省海口市桂林洋经济开发区桂林洋大道10号,True,,,,,,,,,,,,{},0,,0,
4146014893,三亚护理职业学院,海南省,三亚市,,海南省,三亚市,专科,,999999,[],True,教育部2026名录（CSV镜像）,民办,3739,https://www.syicn.cn,海南省三亚市育才⽣态区育才镇⽴新路18号,True,,,,,,,,,,,,{},0,,0,
4146014970,海南万宁食品药品职业学院,海南省,万宁市,,海南省,万宁市,专科,,999999,[],True,教育部2026名录（CSV镜像）,民办,3906,https://www.hnwnfpvc.com/,,True,,,,,,,,,,,,{},0,,0,
4150010611,重庆大学,重庆市,重庆市,,重庆市,重庆市,本科,34,34,"['985', '211', '双一流']",False,教育部2026名录（CSV镜像）,,119,https://www.cqu.edu.cn/,"A校区：重庆市沙坪坝区沙正街174号,B校区：重庆市沙坪坝区沙北街83号,C校区：重庆市沙坪坝区陈家湾渝碚路131号,虎溪校区：重庆市沙坪坝区大学城南路55号,两江校区：重庆市渝北区两江大道9号",True,,,,,,,,,,,"{'rankingId': 'legacy-shanghairanking-bcur', 'edition': '2026', 'sortValue': 34.0, 'label': '2026软科主榜 34', 'sourceUrl': 'https://www.shanghairanking.cn/rankings/bcur/2026', 'legacy': True}",{},0,,0,
4150010617,重庆邮电大学,重庆市,重庆市,,重庆市,重庆市,本科,147,203,[],False,教育部2026名录（CSV镜像）,,184,https://www.cqupt.edu.cn/,重庆市南岸区南山街道崇文路2号,True,,,,,,,,,,,"{'rankingId': 'legacy-shanghairanking-bcur', 'edition': '2026', 'sortValue': 203.0, 'label': '2026软科主榜 147', 'sourceUrl': 'https://www.shanghairanking.cn/rankings/bcur/2026', 'legacy': True}",{},0,,0,
4150010618,重庆交通大学,重庆市,重庆市,,重庆市,重庆市,本科,191,263,[],False,教育部2026名录（CSV镜像）,,1018,https://www.cqjtu.edu.cn/,"南岸校区：重庆市南岸区学府大道66号,科学城校区：重庆市双福新区福星大道1号",True,,,,,,,,,,,"{'rankingId': 'legacy-shanghairanking-bcur', 'edition': '2026', 'sortValue': 263.0, 'label': '2026软科主榜 191', 'sourceUrl': 'https://www.shanghairanking.cn/rankings/bcur/2026', 'legacy': True}",{},0,,0,
4150010631,重庆医科大学,重庆市,重庆市,,重庆市,重庆市,本科,医9,102,[],False,教育部2026名录（CSV镜像）,,178,https://www.cqmu.edu.cn/,"袁家岗校区：重庆市渝中区医学院路1号,缙云校区：重庆市沙坪坝区大学城中路61号",True,,,,,,,,,,,"{'rankingId': 'legacy-shanghairanking-bcur', 'edition': '2026', 'sortValue': 102.0, 'label': '2026软科分类标签 医9', 'sourceUrl': 'https://www.shanghairanking.cn/rankings/bcur/2026', 'legacy': True}",{},0,,0,
4150010635,西南大学,重庆市,重庆市,,重庆市,重庆市,本科,61,71,"['211', '双一流']",False,教育部2026名录（CSV镜像）,,934,https://www.swu.edu.cn/,"北碚校区：重庆市北碚区天生路2号,荣昌校区：重庆市荣昌区学院路160号",True,,,,,,,,,,,"{'rankingId': 'legacy-shanghairanking-bcur', 'edition': '2026', 'sortValue': 71.0, 'label': '2026软科主榜 61', 'sourceUrl': 'https://www.shanghairanking.cn/rankings/bcur/2026', 'legacy': True}",{},0,,0,
4150010637,重庆师范大学,重庆市,重庆市,,重庆市,重庆市,本科,215,298,[],False,教育部2026名录（CSV镜像）,,179,https://www.cqnu.edu.cn,"沙坪坝校区：重庆市沙坪坝区天陈路12号,大学城校区：重庆市沙坪坝区大学城中路37号,北碚校区：重庆市北碚区团山堡1号",True,,,,,,,,,,,"{'rankingId': 'legacy-shanghairanking-bcur', 'edition': '2026', 'sortValue': 298.0, 'label': '2026软科主榜 215', 'sourceUrl': 'https://www.shanghairanking.cn/rankings/bcur/2026', 'legacy': True}",{},0,,0,
4150010642,重庆文理学院,重庆市,重庆市,,重庆市,重庆市,本科,307,459,[],False,教育部2026名录（CSV镜像）,,1038,https://www.cqwu.edu.cn/,"红河校区：重庆市永川区红河大道319号,星湖校区：重庆市永川卫星湖文化旅游区",True,,,,,,,,,,,"{'rankingId': 'legacy-shanghairanking-bcur', 'edition': '2026', 'sortValue': 459.0, 'label': '2026软科主榜 307', 'sourceUrl': 'https://www.shanghairanking.cn/rankings/bcur/2026', 'legacy': True}",{},0,,0,
4150010643,重庆三峡科技大学,重庆市,重庆市,,重庆市,重庆市,本科,380,562,[],False,教育部2026名录（CSV镜像）,,198,https://www.sanxiau.edu.cn/,"百安校区：重庆市万州区天星路666号,沙龙校区：重庆市万州区沙龙路二段780号",True,,,,,,,,,,,"{'rankingId': 'legacy-shanghairanking-bcur', 'edition': '2026', 'sortValue': 562.0, 'label': '2026软科主榜 380', 'sourceUrl': 'https://www.shanghairanking.cn/rankings/bcur/2026', 'legacy': True}",{},0,,0,
4150010647,长江师范学院,重庆市,重庆市,,重庆市,重庆市,本科,345,511,[],False,教育部2026名录（CSV镜像）,,191,https://www.yznu.edu.cn/,重庆市涪陵区聚贤大道16号,True,,,,,,,,,,,"{'rankingId': 'legacy-shanghairanking-bcur', 'edition': '2026', 'sortValue': 511.0, 'label': '2026软科主榜 345', 'sourceUrl': 'https://www.shanghairanking.cn/rankings/bcur/2026', 'legacy': True}",{},0,,0,
4150010650,四川外国语大学,重庆市,重庆市,,重庆市,重庆市,本科,语10,341,[],False,教育部2026名录（CSV镜像）,,193,https://www.sisu.edu.cn,重庆市沙坪坝区壮志路33号,True,,,,,,,,,,,"{'rankingId': 'legacy-shanghairanking-bcur', 'edition': '2026', 'sortValue': 341.0, 'label': '2026软科分类标签 语10', 'sourceUrl': 'https://www.shanghairanking.cn/rankings/bcur/2026', 'legacy': True}",{},0,,0,
4150010652,西南政法大学,重庆市,重庆市,,重庆市,重庆市,本科,政3,167,[],False,教育部2026名录（CSV镜像）,,180,https://www.swupl.edu.cn/,"两江校区：重庆市两江新区宝圣大道301号,沙坪坝校区：重庆市沙坪坝区壮志路2号,宝圣湖校区：重庆市渝北区兴科二路1号",True,,,,,,,,,,,"{'rankingId': 'legacy-shanghairanking-bcur', 'edition': '2026', 'sortValue': 167.0, 'label': '2026软科分类标签 政3', 'sourceUrl': 'https://www.shanghairanking.cn/rankings/bcur/2026', 'legacy': True}",{},0,,0,
4150010655,四川美术学院,重庆市,重庆市,,重庆市,重庆市,本科,,999999,[],False,教育部2026名录（CSV镜像）,,196,https://www.scfai.edu.cn,"虎溪校区：重庆市沙坪坝区虎溪大学城南路56号,黄桷坪校区：重庆市九龙坡区黄桷坪正街108号,悦来校区：重庆市两江新区嘉陵江畔、悦来江湾",True,,,,,,,,,,,,{},0,,0,
4150011551,重庆科技大学,重庆市,重庆市,,重庆市,重庆市,本科,279,402,[],False,教育部2026名录（CSV镜像）,,1009,https://www.cqust.edu.cn/,重庆市沙坪坝区大学城东路20号,True,,,,,,,,,,,"{'rankingId': 'legacy-shanghairanking-bcur', 'edition': '2026', 'sortValue': 402.0, 'label': '2026软科主榜 279', 'sourceUrl': 'https://www.shanghairanking.cn/rankings/bcur/2026', 'legacy': True}",{},0,,0,
4150011660,重庆理工大学,重庆市,重庆市,,重庆市,重庆市,本科,243,345,[],False,教育部2026名录（CSV镜像）,,187,https://www.cqut.edu.cn,"花溪校区：重庆市巴南区红光大道69号,两江校区：重庆市渝北区龙兴镇普福大道459号,杨家坪校区：重庆市九龙坡区兴胜路4号",True,,,,,,,,,,,"{'rankingId': 'legacy-shanghairanking-bcur', 'edition': '2026', 'sortValue': 345.0, 'label': '2026软科主榜 243', 'sourceUrl': 'https://www.shanghairanking.cn/rankings/bcur/2026', 'legacy': True}",{},0,,0,
4150011799,重庆工商大学,重庆市,重庆市,,重庆市,重庆市,本科,财20,326,[],False,教育部2026名录（CSV镜像）,,1073,https://www.ctbu.edu.cn/,"南岸校区：重庆市南岸区学府大道19号,南岸校区兰花湖片区：重庆市南岸区学府大道28号,茶园校区：重庆市南岸区梨花大道西侧,江北校区：重庆市江北区董家溪鹅石堡山26号",True,,,,,,,,,,,"{'rankingId': 'legacy-shanghairanking-bcur', 'edition': '2026', 'sortValue': 326.0, 'label': '2026软科分类标签 财20', 'sourceUrl': 'https://www.shanghairanking.cn/rankings/bcur/2026', 'legacy': True}",{},0,,0,
4150012607,重庆机电职业技术大学,重庆市,重庆市,,重庆市,重庆市,本科,,999999,[],True,教育部2026名录（CSV镜像）,民办,1485,https://www.cqvtu.edu.cn/,重庆市璧山区璧青北路1001号,True,,,,,,,,,,,,{},0,,0,
4150012608,重庆工程学院,重庆市,重庆市,,重庆市,重庆市,本科,100+,1003,[],True,教育部2026名录（CSV镜像）,民办,1499,https://www.cqie.edu.cn/,"南泉校区：重庆市巴南区南泉街道白鹤林16号,双桥校区：重庆市双桥经济开发区西湖大道76号",True,,,,,,,,,,,"{'rankingId': 'legacy-shanghairanking-bcur', 'edition': '2026', 'sortValue': 1003.0, 'label': '2026软科分类标签 100+', 'sourceUrl': 'https://www.shanghairanking.cn/rankings/bcur/2026', 'legacy': True}",{},0,,0,
4150012616,重庆城市科技学院,重庆市,重庆市,,重庆市,重庆市,本科,55,937,[],True,教育部2026名录（CSV镜像）,民办,1474,https://www.cqcst.edu.cn/,"永川校区：重庆市永川区光彩大道368号,巴南校区：重庆市巴南区燕尾山路898号",True,,,,,,,,,,,"{'rankingId': 'legacy-shanghairanking-bcur', 'edition': '2026', 'sortValue': 937.0, 'label': '2026软科主榜 55', 'sourceUrl': 'https://www.shanghairanking.cn/rankings/bcur/2026', 'legacy': True}",{},0,,0,
4150012757,重庆警察学院,重庆市,重庆市,,重庆市,重庆市,本科,政16,505,[],False,教育部2026名录（CSV镜像）,,1493,https://www.cqpc.edu.cn,重庆市沙坪坝区大学城景铮路666号,True,,,,,,,,,,,"{'rankingId': 'legacy-shanghairanking-bcur', 'edition': '2026', 'sortValue': 505.0, 'label': '2026软科分类标签 政16', 'sourceUrl': 'https://www.shanghairanking.cn/rankings/bcur/2026', 'legacy': True}",{},0,,0,
4150013548,重庆人文科技学院,重庆市,重庆市,,重庆市,重庆市,本科,10,881,[],True,教育部2026名录（CSV镜像）,民办,1232,https://www.cqrk.edu.cn/,重庆市合川区草街街道,True,,,,,,,,,,,"{'rankingId': 'legacy-shanghairanking-bcur', 'edition': '2026', 'sortValue': 881.0, 'label': '2026软科主榜 10', 'sourceUrl': 'https://www.shanghairanking.cn/rankings/bcur/2026', 'legacy': True}",{},0,,0,
4150013588,重庆外语外事学院,重庆市,重庆市,,重庆市,重庆市,本科,语5+,1083,[],True,教育部2026名录（CSV镜像）,民办,1473,http://www.tcsisu.com/,"两江校区：重庆市渝北区龙石路18号,綦江校区：重庆市綦江区文龙街道学府路1号",True,,,,,,,,,,,"{'rankingId': 'legacy-shanghairanking-bcur', 'edition': '2026', 'sortValue': 1083.0, 'label': '2026软科分类标签 语5+', 'sourceUrl': 'https://www.shanghairanking.cn/rankings/bcur/2026', 'legacy': True}",{},0,,0,
4150013589,重庆对外经贸学院,重庆市,重庆市,,重庆市,重庆市,本科,财22,954,[],True,教育部2026名录（CSV镜像）,民办,1472,https://www.ccibe.edu.cn/,"合川A校区：重庆市合川区学府路88号,合川B校区：重庆市合川区X617与濮湖大道交叉路口西南侧,铜梁校区：重庆市铜梁区学府大道304号",True,,,,,,,,,,,"{'rankingId': 'legacy-shanghairanking-bcur', 'edition': '2026', 'sortValue': 954.0, 'label': '2026软科分类标签 财22', 'sourceUrl': 'https://www.shanghairanking.cn/rankings/bcur/2026', 'legacy': True}",{},0,,0,
4150013590,重庆财经学院,重庆市,重庆市,,重庆市,重庆市,本科,财7,900,[],True,教育部2026名录（CSV镜像）,民办,1475,http://www.cfec.edu.cn/,重庆市巴南区龙洲湾街道尚文大道906号,True,,,,,,,,,,,"{'rankingId': 'legacy-shanghairanking-bcur', 'edition': '2026', 'sortValue': 900.0, 'label': '2026软科分类标签 财7', 'sourceUrl': 'https://www.shanghairanking.cn/rankings/bcur/2026', 'legacy': True}",{},0,,0,
4150013591,重庆工商大学派斯学院,重庆市,重庆市,,重庆市,重庆市,本科,,999999,[],True,教育部2026名录（CSV镜像）,民办,1477,https://www.paisi.edu.cn/,重庆市合川区交通街593号,True,,,,,,,,,,,,{},0,,0,
4150013627,重庆移通学院,重庆市,重庆市,,重庆市,重庆市,本科,77,971,[],True,教育部2026名录（CSV镜像）,民办,1476,https://www.cqytxy.edu.cn/,"合川校区：重庆市合川大学城假日大道1号,綦江校区：重庆市綦江区登瀛大道36号",True,,,,,,,,,,,"{'rankingId': 'legacy-shanghairanking-bcur', 'edition': '2026', 'sortValue': 971.0, 'label': '2026软科主榜 77', 'sourceUrl': 'https://www.shanghairanking.cn/rankings/bcur/2026', 'legacy': True}",{},0,,0,
4150014388,重庆第二师范学院,重庆市,重庆市,,重庆市,重庆市,本科,433,631,[],False,教育部2026名录（CSV镜像）,,1489,https://www.cque.edu.cn/,"南山校区：重庆市南岸区南山街道崇教路1号,学府大道校区：重庆市南岸区学府大道9号",True,,,,,,,,,,,"{'rankingId': 'legacy-shanghairanking-bcur', 'edition': '2026', 'sortValue': 631.0, 'label': '2026软科主榜 433', 'sourceUrl': 'https://www.shanghairanking.cn/rankings/bcur/2026', 'legacy': True}",{},0,,0,
4150014830,重庆中医药学院,重庆市,重庆市,,重庆市,重庆市,本科,,999999,[],False,教育部2026名录（CSV镜像）,,3624,https://www.cqctcm.edu.cn/,重庆市璧山区璧城街道国学路61号,True,,,,,,,,,,,,{},0,,0,
4150012609,重庆电子科技职业大学,重庆市,重庆市,,重庆市,重庆市,本科,,999999,[],False,教育部2026名录（CSV镜像）,,1488,https://www.cqcet.edu.cn/,"大学城校区：重庆市沙坪坝区大学城东路76号,两江校区：重庆市渝北区华山南路16号,歇马校区：重庆市北碚区盐井坝1号,永川校区：重庆市永川区龙马大道 1001 号‌",True,,,,,,,,,,,,{},0,,0,
4150012215,重庆工业职业技术大学,重庆市,重庆市,,重庆市,重庆市,本科,,999999,[],False,教育部2026名录（CSV镜像）,,1478,https://www.cqipc.edu.cn/,"渝北空港校区：重庆市渝北区（空港）桃源大道1000号,南川校区：重庆市南川区景城大道8号",True,,,,,,,,,,,,{},0,,0,
4150012759,重庆工程职业技术大学,重庆市,重庆市,,重庆市,重庆市,本科,,999999,[],False,教育部2026名录（CSV镜像）,,1595,https://www.cqvie.edu.cn/,重庆市江津区圣泉街道南北大道南段1111号,True,,,,,,,,,,,,{},0,,0,
4150012758,重庆城市管理职业大学,重庆市,重庆市,,重庆市,重庆市,本科,,999999,[],False,教育部2026名录（CSV镜像）,,2080,https://www.cqc.edu.cn,"大学城校区：重庆高新区虎溪大学城南二路151号,荣昌校区：重庆市荣昌区昌州街道城南大道488号",True,,,,,,,,,,,,{},0,,0,
4150010870,重庆航天职业技术学院,重庆市,重庆市,,重庆市,重庆市,专科,,999999,[],False,教育部2026名录（CSV镜像）,,1481,http://www.cqepc.cn,"江北校区：重庆市江北区红石路255号,两江校区：重庆市两江新区两江大道1000号,渝北校区：重庆市渝北区松桥路90号,江津校区：重庆市江津区白沙镇滨江西路1号",True,,,,,,,,,,,,{},0,,0,
4150011848,重庆电力高等专科学校,重庆市,重庆市,,重庆市,重庆市,专科,,999999,[],False,教育部2026名录（CSV镜像）,,1479,https://www.cqepc.com.cn/,"九龙坡校区：重庆市九龙坡区黄桷坪街道电力四村9号,潼南校区：重庆市潼南区锦绣大道1000号",True,,,,,,,,,,,,{},0,,0,
4150012605,重庆三峡职业学院,重庆市,重庆市,,重庆市,重庆市,专科,,999999,[],False,教育部2026名录（CSV镜像）,,1487,http://www.cqsxedu.com/,"龙宝校区：重庆市万州区科龙路8号,龙都校区：重庆市万州区天援路216号",True,,,,,,,,,,,,{},0,,0,
4150012606,重庆工贸职业技术学院,重庆市,重庆市,,重庆市,重庆市,专科,,999999,[],False,教育部2026名录（CSV镜像）,,1480,https://www.cqgmy.cn/,重庆市涪陵区涪南路108号,True,,,,,,,,,,,,{},0,,0,
4150012754,重庆海联职业技术学院,重庆市,重庆市,,重庆市,重庆市,专科,,999999,[],True,教育部2026名录（CSV镜像）,民办,1498,http://www.cqhvtc.edu.cn/,两江校区：重庆市两江新区两江大道999号,True,,,,,,,,,,,,{},0,,0,
4150012755,重庆信息技术职业学院,重庆市,重庆市,,重庆市,重庆市,专科,,999999,[],True,教育部2026名录（CSV镜像）,民办,1500,https://www.cqeec.com/,"金龙校区：重庆市万州区金龙平湖路88号,天城校区：重庆市万州区天城巨人路一号,百安校区：重庆市万州区五桥天台路200号,壁山校区：重庆市璧山区金剑路496号",True,,,,,,,,,,,,{},0,,0,
4150012756,重庆传媒职业学院,重庆市,重庆市,,重庆市,重庆市,专科,,999999,[],True,教育部2026名录（CSV镜像）,民办,1492,http://www.cqcmxy.com/,重庆市铜梁区学府大道302号,True,,,,,,,,,,,,{},0,,0,
4150012820,重庆建筑科技职业学院,重庆市,重庆市,,重庆市,重庆市,专科,,999999,[],True,教育部2026名录（CSV镜像）,民办,2081,https://www.cqrec.edu.cn/,重庆市沙坪坝区大学城明德路3号,True,,,,,,,,,,,,{},0,,0,
4150013734,重庆城市职业学院,重庆市,重庆市,,重庆市,重庆市,专科,,999999,[],False,教育部2026名录（CSV镜像）,,1486,https://www.cqcvc.edu.cn/,重庆市永川区兴龙大道1099号,True,,,,,,,,,,,,{},0,,0,
4150013735,重庆水利电力职业技术学院,重庆市,重庆市,,重庆市,重庆市,专科,,999999,[],False,教育部2026名录（CSV镜像）,,1484,https://www.cqsdzy.edu.cn/index.htm,重庆永川区昌州大道东段801号,True,,,,,,,,,,,,{},0,,0,
4150013967,重庆工商职业学院,重庆市,重庆市,,重庆市,重庆市,专科,,999999,[],False,教育部2026名录（CSV镜像）,,1496,https://www.cqtbi.edu.cn/,"华岩校区：重庆市九龙坡区九龙科技园华龙大道1号,合川校区：重庆市合川区高校园区思源路15号",True,,,,,,,,,,,,{},0,,0,
4150013968,重庆应用技术职业学院,重庆市,重庆市,,重庆市,重庆市,专科,,999999,[],True,教育部2026名录（CSV镜像）,民办,1501,https://www.cqyyzy.com/,重庆市合川区大学园区思源路60号,True,,,,,,,,,,,,{},0,,0,
4150014008,重庆三峡医药高等专科学校,重庆市,重庆市,,重庆市,重庆市,专科,,999999,[],False,教育部2026名录（CSV镜像）,,1495,https://www.sxyyc.net/,"百安校区：重庆市万州区百安坝天星路366号,高峰校区：重庆市万州区医学大道366号",True,,,,,,,,,,,,{},0,,0,
4150014009,重庆医药高等专科学校,重庆市,重庆市,,重庆市,重庆市,专科,,999999,[],False,教育部2026名录（CSV镜像）,,1491,https://www.cqyygz.com/,"大学城校区：重庆市沙坪坝区大学城中路82号,九龙坡校区：重庆市九龙坡区五一新村1号,沙坪坝校区：重庆市沙坪坝区汉渝路173号",True,,,,,,,,,,,,{},0,,0,
4150014069,重庆青年职业技术学院,重庆市,重庆市,,重庆市,重庆市,专科,,999999,[],False,教育部2026名录（CSV镜像）,,1494,https://www.cqyu.edu.cn/,"北碚校区：重庆市北碚区歇马盐井坝1号,箭滩河校区：重庆市巴南区龙洲湾街道沿河村,云篆山校区：重庆市巴南区龙洲湾街道箭滨二路1126号",True,,,,,,,,,,,,{},0,,0,
4150014128,重庆财经职业学院,重庆市,重庆市,,重庆市,重庆市,专科,,999999,[],False,教育部2026名录（CSV镜像）,,1483,https://www.cqcfe.com/,重庆市永川区昌州大道中段88号,True,,,,,,,,,,,,{},0,,0,
4150014173,重庆科创职业学院,重庆市,重庆市,,重庆市,重庆市,专科,,999999,[],True,教育部2026名录（CSV镜像）,民办,1348,https://www.cqie.cn/,重庆市永川区昌州大道西段28号,True,,,,,,,,,,,,{},0,,0,
4150014183,重庆建筑工程职业学院,重庆市,重庆市,,重庆市,重庆市,专科,,999999,[],False,教育部2026名录（CSV镜像）,,1490,https://www.cqjzc.edu.cn/,"广阳校区：重庆市南岸区梨花大道857号,东站校区：重庆市南岸区茶园大道289号",True,,,,,,,,,,,,{},0,,0,
4150014237,重庆电讯职业学院,重庆市,重庆市,,重庆市,重庆市,专科,,999999,[],True,教育部2026名录（CSV镜像）,民办,1593,https://www.cqdxxy.edu.cn/,重庆市江津区双福街道学府路65号,True,,,,,,,,,,,,{},0,,0,
4150014238,重庆能源职业学院,重庆市,重庆市,,重庆市,重庆市,专科,,999999,[],True,教育部2026名录（CSV镜像）,民办,1523,https://www.cqny.edu.cn/,重庆市江津区双福新区福星大道2号,True,,,,,,,,,,,,{},0,,0,
4150014246,重庆商务职业学院,重庆市,重庆市,,重庆市,重庆市,专科,,999999,[],False,教育部2026名录（CSV镜像）,,1592,https://www.cqbvc.edu.cn/,"大学城校区：重庆市沙坪坝区大学城中路81号,南岸校区：重庆市南岸区学府大道41号",True,,,,,,,,,,,,{},0,,0,
4150014267,重庆交通职业学院,重庆市,重庆市,,重庆市,重庆市,专科,,999999,[],True,教育部2026名录（CSV镜像）,民办,2691,https://www.cqjy.edu.cn/,重庆市江津区双福街道祥福大道555号,True,,,,,,,,,,,,{},0,,0,
4150014315,重庆化工职业学院,重庆市,重庆市,,重庆市,重庆市,专科,,999999,[],False,教育部2026名录（CSV镜像）,,2699,https://www.cqcivc.edu.cn/,"长寿校区：重庆市长寿区菩提东路2009号,江北校区：重庆市江北区嘉陵四村100号",True,,,,,,,,,,,,{},0,,0,
4150014316,重庆旅游职业学院,重庆市,重庆市,,重庆市,重庆市,专科,,999999,[],False,教育部2026名录（CSV镜像）,,2690,https://www.cqvit.edu.cn/,重庆市黔江区舟白街道学府一路一号（中国黔江城市大峡谷景区旁）,True,,,,,,,,,,,,{},0,,0,
4150014365,重庆安全技术职业学院,重庆市,重庆市,,重庆市,重庆市,专科,,999999,[],False,教育部2026名录（CSV镜像）,,2915,https://www.cqvist.net/,"万州校区：重庆市万州区百安坝安庆路583号,巴南基地：重庆市巴南区南彭街道惠忠路1007号",True,,,,,,,,,,,,{},0,,0,
4150014366,重庆公共运输职业学院,重庆市,重庆市,,重庆市,重庆市,专科,,999999,[],True,教育部2026名录（CSV镜像）,民办,2820,https://www.cqgyzy.com/,重庆市江津区双福街道祥福大道638号,True,,,,,,,,,,,,{},0,,0,
4150014367,重庆艺术工程职业学院,重庆市,重庆市,,重庆市,重庆市,专科,,999999,[],True,教育部2026名录（CSV镜像）,民办,2818,http://www.cqysxy.com/,重庆市铜梁区学府大道267号,True,,,,,,,,,,,,{},0,,0,
4150014368,重庆轻工职业学院,重庆市,重庆市,,重庆市,重庆市,专科,,999999,[],True,教育部2026名录（CSV镜像）,民办,2916,https://www.cqivc.com/,重庆高新区含谷镇宝洪路4号附88号,True,,,,,,,,,,,,{},0,,0,
4150014369,重庆电信职业学院,重庆市,重庆市,,重庆市,重庆市,专科,,999999,[],True,教育部2026名录（CSV镜像）,民办,2821,https://www.cqtc.edu.cn/,重庆市双桥经开区巴岳大道9号,True,,,,,,,,,,,,{},0,,0,
4150014370,重庆经贸职业学院,重庆市,重庆市,,重庆市,重庆市,专科,,999999,[],True,教育部2026名录（CSV镜像）,民办,2819,https://www.cqvcet.com/,重庆市黔江区武陵大道北段1785号,True,,,,,,,,,,,,{},0,,0,
4150014428,重庆幼儿师范高等专科学校,重庆市,重庆市,,重庆市,重庆市,专科,,999999,[],False,教育部2026名录（CSV镜像）,,3062,https://www.cqyz.edu.cn/,"塘坊校区：重庆万州区天城育才路1号,小湾校区：重庆市万州区天城街道董家歇凤路116号,梨园校区：重庆市云阳县望江大道1338号",True,,,,,,,,,,,,{},0,,0,
4150014482,重庆文化艺术职业学院,重庆市,重庆市,,重庆市,重庆市,专科,,999999,[],False,教育部2026名录（CSV镜像）,,3076,https://www.cqca.edu.cn/,重庆市巴南区尚文大道887号,True,,,,,,,,,,,,{},0,,0,
4150014491,重庆科技职业学院,重庆市,重庆市,,重庆市,重庆市,专科,,999999,[],True,教育部2026名录（CSV镜像）,民办,3075,https://www.cqkjzyxy.com/,"万州校区：重庆市万州区双河口滨河路10号,双桥校区：重庆市双桥经济技术开发区天星大道25号",True,,,,,,,,,,,,{},0,,0,
4150014557,重庆资源与环境保护职业学院,重庆市,重庆市,,重庆市,重庆市,专科,,999999,[],True,教育部2026名录（CSV镜像）,民办,3191,https://www.cqzhxy.cn,重庆市大足区二环南路68号,True,,,,,,,,,,,,{},0,,0,
4150014576,重庆护理职业学院,重庆市,重庆市,,重庆市,重庆市,专科,,999999,[],True,教育部2026名录（CSV镜像）,民办,3310,https://www.cqnvc.edu.cn/,重庆市璧山区来凤街道解放东路600号,True,,,,,,,,,,,,{},0,,0,
4150014725,重庆理工职业学院,重庆市,重庆市,,重庆市,重庆市,专科,,999999,[],True,教育部2026名录（CSV镜像）,民办,3523,https://www.cqip.com.cn/,重庆市巴南区东城大道588号,True,,,,,,,,,,,,{},0,,0,
4150014726,重庆智能工程职业学院,重庆市,重庆市,,重庆市,重庆市,专科,,999999,[],True,教育部2026名录（CSV镜像）,民办,3524,https://www.cqai.vip/,重庆市永川区华为大道666号,True,,,,,,,,,,,,{},0,,0,
4150014727,重庆健康职业学院,重庆市,重庆市,,重庆市,重庆市,专科,,999999,[],True,教育部2026名录（CSV镜像）,民办,3525,https://www.cqhve.cn/,重庆市大足区龙岗街道西荣路699号,True,,,,,,,,,,,,{},0,,0,
4150014766,重庆工信职业学院,重庆市,重庆市,,重庆市,重庆市,专科,,999999,[],False,教育部2026名录（CSV镜像）,,3594,https://www.cqiivc.com/,"长寿校区：重庆市长寿高新区北城大道2020号,沙坪坝校区：重庆市沙坪坝区张家湾50号,渝中校区：重庆市渝中区化龙桥交农村360号",True,,,,,,,,,,,,{},0,,0,
4150014776,重庆五一职业技术学院,重庆市,重庆市,,重庆市,重庆市,专科,,999999,[],False,教育部2026名录（CSV镜像）,,3607,https://www.cqwyp.edu.cn/,重庆市巴南区渝南大道1001号,True,,,,,,,,,,,,{},0,,0,
4150014838,重庆数字产业职业技术学院,重庆市,重庆市,,重庆市,重庆市,专科,,999999,[],True,教育部2026名录（CSV镜像）,民办,3681,https://www.cqsczy.cn,重庆市忠县电竞大道110号,True,,,,,,,,,,,,{},0,,0,
4150014870,重庆现代制造职业学院,重庆市,重庆市,,重庆市,重庆市,专科,,999999,[],True,教育部2026名录（CSV镜像）,民办,3711,http://www.cqydxy.com/,重庆市永川区文荟路666号,True,,,,,,,,,,,,{},0,,0,
4150014935,重庆农业职业学院,重庆市,重庆市,,重庆市,重庆市,专科,,999999,[],False,教育部2026名录（CSV镜像）,,3805,http://www.cqnyzyxy.cn/,重庆市永川区南瓜山路66号,True,,,,,,,,,,,,{},0,,0,
4150014936,重庆安防职业学院,重庆市,重庆市,,重庆市,重庆市,专科,,999999,[],True,教育部2026名录（CSV镜像）,民办,3806,https://www.cqvcs.cn/,重庆市綦江区永城镇凤栖路1号,True,,,,,,,,,,,,{},0,,0,
4150014971,重庆城乡发展职业学院,重庆市,重庆市,,重庆市,重庆市,专科,,999999,[],False,教育部2026名录（CSV镜像）,,3908,,,True,,,,,,,,,,,,{},0,,0,
4150014972,重庆中药职业学院,重庆市,重庆市,,重庆市,重庆市,专科,,999999,[],True,教育部2026名录（CSV镜像）,民办,3909,,,True,,,,,,,,,,,,{},0,,0,
4151010610,四川大学,四川省,成都市,,四川省,成都市,本科,16,16,"['985', '211', '双一流']",False,教育部2026名录（CSV镜像）,,99,https://www.scu.edu.cn/,"望江校区：四川省成都市武侯区一环路南一段24号,华西校区：四川省成都市武侯区人民南路三段17号,江安校区：四川省成都市双流区川大路二段2号,眉山校区：四川省眉山市东坡区富牛镇岷黑大道",True,,,,,,,,,,,"{'rankingId': 'legacy-shanghairanking-bcur', 'edition': '2026', 'sortValue': 16.0, 'label': '2026软科主榜 16', 'sourceUrl': 'https://www.shanghairanking.cn/rankings/bcur/2026', 'legacy': True}",{},0,,0,
4151010613,西南交通大学,四川省,成都市,,四川省,成都市,本科,49,55,"['211', '双一流']",False,教育部2026名录（CSV镜像）,,51,https://www.swjtu.edu.cn/,"犀浦校区：四川省成都市郫都区犀安路999号,九里校区：四川省成都市金牛区二环路北一段111号,峨眉校区：四川省乐山市峨眉山市景区路1号,成都东部（国际）校区：四川省成都市东部新区林栖大道三岔TOD区域",True,,,,,,,,,,,"{'rankingId': 'legacy-shanghairanking-bcur', 'edition': '2026', 'sortValue': 55.0, 'label': '2026软科主榜 49', 'sourceUrl': 'https://www.shanghairanking.cn/rankings/bcur/2026', 'legacy': True}",{},0,,0,
4151010614,电子科技大学,四川省,成都市,,四川省,成都市,本科,33,33,"['985', '211', '双一流']",False,教育部2026名录（CSV镜像）,,661,https://www.uestc.edu.cn/,"清水河校区：四川省成都市高新区西源大道2006号,沙河校区：四川省成都市成华区建设北路二段4号,九里堤校区：四川省成都市金牛区九里堤西路8号",True,,,,,,,,,,,"{'rankingId': 'legacy-shanghairanking-bcur', 'edition': '2026', 'sortValue': 33.0, 'label': '2026软科主榜 33', 'sourceUrl': 'https://www.shanghairanking.cn/rankings/bcur/2026', 'legacy': True}",{},0,,0,
4151010615,西南石油大学,四川省,成都市,,四川省,成都市,本科,119,156,['双一流'],False,教育部2026名录（CSV镜像）,,268,https://www.swpu.edu.cn,"成都校区：四川省成都市新都区新都大道8号,南充校区：四川省南充市顺庆区油院路二段1号",True,,,,,,,,,,,"{'rankingId': 'legacy-shanghairanking-bcur', 'edition': '2026', 'sortValue': 156.0, 'label': '2026软科主榜 119', 'sourceUrl': 'https://www.shanghairanking.cn/rankings/bcur/2026', 'legacy': True}",{},0,,0,
4151010616,成都理工大学,四川省,成都市,,四川省,成都市,本科,127,171,['双一流'],False,教育部2026名录（CSV镜像）,,232,https://www.cdut.edu.cn/,"成都校区：四川省成都市成华区二仙桥东三路1号,宜宾校区：四川省宜宾市临港经济技术开发区大学城路三段218号",True,,,,,,,,,,,"{'rankingId': 'legacy-shanghairanking-bcur', 'edition': '2026', 'sortValue': 171.0, 'label': '2026软科主榜 127', 'sourceUrl': 'https://www.shanghairanking.cn/rankings/bcur/2026', 'legacy': True}",{},0,,0,
4151010619,西南科技大学,四川省,绵阳市,,四川省,绵阳市,本科,205,281,[],False,教育部2026名录（CSV镜像）,,263,https://www.swust.edu.cn/,"青义校区：四川省绵阳市涪城区青龙大道中段59号,西山校区：四川省绵阳市涪城区西山南路4号",True,,,,,,,,,,,"{'rankingId': 'legacy-shanghairanking-bcur', 'edition': '2026', 'sortValue': 281.0, 'label': '2026软科主榜 205', 'sourceUrl': 'https://www.shanghairanking.cn/rankings/bcur/2026', 'legacy': True}",{},0,,0,
4151010621,成都信息工程大学,四川省,成都市,,四川省,成都市,本科,260,367,[],False,教育部2026名录（CSV镜像）,,270,https://www.cuit.edu.cn/,"航空港校区：四川省成都市西南航空港经济开发区学府路一段24号,龙泉校区：四川省成都市龙泉驿区阳光城幸福路10号",True,,,,,,,,,,,"{'rankingId': 'legacy-shanghairanking-bcur', 'edition': '2026', 'sortValue': 367.0, 'label': '2026软科主榜 260', 'sourceUrl': 'https://www.shanghairanking.cn/rankings/bcur/2026', 'legacy': True}",{},0,,0,
4151010622,四川轻化工大学,四川省,自贡市,,四川省,自贡市,本科,326,484,[],False,教育部2026名录（CSV镜像）,,273,https://www.suse.edu.cn/,"李白河校区：四川省自贡市大安区永田路100号,汇东校区：四川省自贡市自流井区汇兴路519号,宜宾校区：四川省宜宾市三江新区白塔路1号,黄岭校区：四川省自贡市沿滩区邓关镇学院路15号",True,,,,,,,,,,,"{'rankingId': 'legacy-shanghairanking-bcur', 'edition': '2026', 'sortValue': 484.0, 'label': '2026软科主榜 326', 'sourceUrl': 'https://www.shanghairanking.cn/rankings/bcur/2026', 'legacy': True}",{},0,,0,
4151010623,西华大学,四川省,成都市,,四川省,成都市,本科,262,369,[],False,教育部2026名录（CSV镜像）,,245,https://www.xhu.edu.cn/,"郫都校区：四川省成都市郫都区红光大道9999号,彭州校区：四川省成都市彭州市天彭镇南大街276号,人南校区：四川省成都市武侯区人民南路三段37号,宜宾校区：四川省宜宾市临港经济技术开发区大学城路三段1号",True,,,,,,,,,,,"{'rankingId': 'legacy-shanghairanking-bcur', 'edition': '2026', 'sortValue': 369.0, 'label': '2026软科主榜 262', 'sourceUrl': 'https://www.shanghairanking.cn/rankings/bcur/2026', 'legacy': True}",{},0,,0,
4151010624,中国民用航空飞行学院,四川省,德阳市,,四川省,德阳市,本科,365,540,[],False,教育部2026名录（CSV镜像）,,267,https://www.cafuc.edu.cn/,"广汉校区：四川省德阳市广汉市南昌路四段46号,成都天府校区：四川省成都市东部新区未来科技城福田街道",True,,,,,,,,,,,"{'rankingId': 'legacy-shanghairanking-bcur', 'edition': '2026', 'sortValue': 540.0, 'label': '2026软科主榜 365', 'sourceUrl': 'https://www.shanghairanking.cn/rankings/bcur/2026', 'legacy': True}",{},0,,0,
4151010626,四川农业大学,四川省,雅安市,,四川省,雅安市,本科,134,185,"['211', '双一流']",False,教育部2026名录（CSV镜像）,,100,https://www.sicau.edu.cn,"雅安校区：四川省雅安市雨城区新康路46号,成都校区：四川省成都市温江区惠民路211号,都江堰校区：四川省成都市都江堰市建设路288号",True,,,,,,,,,,,"{'rankingId': 'legacy-shanghairanking-bcur', 'edition': '2026', 'sortValue': 185.0, 'label': '2026软科主榜 134', 'sourceUrl': 'https://www.shanghairanking.cn/rankings/bcur/2026', 'legacy': True}",{},0,,0,
4151010628,西昌学院,四川省,凉山彝族自治州,,四川省,凉山彝族自治州,本科,450,653,[],False,教育部2026名录（CSV镜像）,,929,https://www.xcc.edu.cn/,"安宁校区：四川省凉山彝族自治州西昌市安宁镇学府路1号,邛海校区：四川省凉山彝族自治州西昌市海滨中路24号",True,,,,,,,,,,,"{'rankingId': 'legacy-shanghairanking-bcur', 'edition': '2026', 'sortValue': 653.0, 'label': '2026软科主榜 450', 'sourceUrl': 'https://www.shanghairanking.cn/rankings/bcur/2026', 'legacy': True}",{},0,,0,
4151010632,西南医科大学,四川省,泸州市,,四川省,泸州市,本科,医24,285,[],False,教育部2026名录（CSV镜像）,,274,https://www.swmu.edu.cn/,"城北校区：四川省泸州市龙马潭区香林路1段1号,忠山校区：四川省泸州市忠山路3段319号",True,,,,,,,,,,,"{'rankingId': 'legacy-shanghairanking-bcur', 'edition': '2026', 'sortValue': 285.0, 'label': '2026软科分类标签 医24', 'sourceUrl': 'https://www.shanghairanking.cn/rankings/bcur/2026', 'legacy': True}",{},0,,0,
4151010633,成都中医药大学,四川省,成都市,,四川省,成都市,本科,中医6,162,['双一流'],False,教育部2026名录（CSV镜像）,,264,https://www.cdutcm.edu.cn/,"温江校区：四川省成都市温江区柳台大道1166号,十二桥校区：四川省成都市金牛区十二桥路37号,人南校区：四川省成都市武侯区人民南路四段15号,汪家拐校区：四川省成都市青羊区下汪家拐街16号",True,,,,,,,,,,,"{'rankingId': 'legacy-shanghairanking-bcur', 'edition': '2026', 'sortValue': 162.0, 'label': '2026软科分类标签 中医6', 'sourceUrl': 'https://www.shanghairanking.cn/rankings/bcur/2026', 'legacy': True}",{},0,,0,
4151010634,川北医学院,四川省,南充市,,四川省,南充市,本科,医37,417,[],False,教育部2026名录（CSV镜像）,,276,https://www.nsmc.edu.cn/,"临江校区：四川省南充市顺庆区医大北路1号,顺庆校区：四川省南充市顺庆区涪江路234号",True,,,,,,,,,,,"{'rankingId': 'legacy-shanghairanking-bcur', 'edition': '2026', 'sortValue': 417.0, 'label': '2026软科分类标签 医37', 'sourceUrl': 'https://www.shanghairanking.cn/rankings/bcur/2026', 'legacy': True}",{},0,,0,
4151010636,四川师范大学,四川省,成都市,,四川省,成都市,本科,209,289,[],False,教育部2026名录（CSV镜像）,,265,https://www.sicnu.edu.cn,"狮子山校区：四川省成都市锦江区静安路5号,成龙校区：四川省成都市龙泉驿区成龙大道二段1819号,遂宁校区：遂宁市船山区科教园区科创西路88号",True,,,,,,,,,,,"{'rankingId': 'legacy-shanghairanking-bcur', 'edition': '2026', 'sortValue': 289.0, 'label': '2026软科主榜 209', 'sourceUrl': 'https://www.shanghairanking.cn/rankings/bcur/2026', 'legacy': True}",{},0,,0,
4151010638,西华师范大学,四川省,南充市,,四川省,南充市,本科,271,390,[],False,教育部2026名录（CSV镜像）,,266,https://www.cwnu.edu.cn/,"华凤校区：四川省南充市顺庆区师大路1号,行署校区：四川省南充市顺庆区育英路76号",True,,,,,,,,,,,"{'rankingId': 'legacy-shanghairanking-bcur', 'edition': '2026', 'sortValue': 390.0, 'label': '2026软科主榜 271', 'sourceUrl': 'https://www.shanghairanking.cn/rankings/bcur/2026', 'legacy': True}",{},0,,0,
4151010639,绵阳师范学院,四川省,绵阳市,,四川省,绵阳市,本科,386,572,[],False,教育部2026名录（CSV镜像）,,1082,https://www.mtc.edu.cn/,"高新校区：四川省绵阳市高新区绵兴西路166号,游仙校区：四川省绵阳市游仙区仙人路一段30号",True,,,,,,,,,,,"{'rankingId': 'legacy-shanghairanking-bcur', 'edition': '2026', 'sortValue': 572.0, 'label': '2026软科主榜 386', 'sourceUrl': 'https://www.shanghairanking.cn/rankings/bcur/2026', 'legacy': True}",{},0,,0,
4151010640,内江师范学院,四川省,内江市,,四川省,内江市,本科,408,599,[],False,教育部2026名录（CSV镜像）,,1083,https://www.njtc.edu.cn,"高桥校区：四川省内江市东兴区红桥街1号,桐梓坝校区：四川省内江市东兴区东桐路1124号",True,,,,,,,,,,,"{'rankingId': 'legacy-shanghairanking-bcur', 'edition': '2026', 'sortValue': 599.0, 'label': '2026软科主榜 408', 'sourceUrl': 'https://www.shanghairanking.cn/rankings/bcur/2026', 'legacy': True}",{},0,,0,
4151010641,宜宾学院,四川省,宜宾市,,四川省,宜宾市,本科,409,601,[],False,教育部2026名录（CSV镜像）,,1084,https://www.yibinu.edu.cn/,"A区：四川省宜宾市翠屏区酒圣路8号,B区：四川省宜宾市翠屏区敬业路146号,临港校区：四川省宜宾市临港经济技术开发区大学城路三段5号",True,,,,,,,,,,,"{'rankingId': 'legacy-shanghairanking-bcur', 'edition': '2026', 'sortValue': 601.0, 'label': '2026软科主榜 409', 'sourceUrl': 'https://www.shanghairanking.cn/rankings/bcur/2026', 'legacy': True}",{},0,,0,
4151010644,四川文理学院,四川省,达州市,,四川省,达州市,本科,500+,773,[],False,教育部2026名录（CSV镜像）,,798,https://www.sasu.edu.cn/,"南坝校区：四川省达州市达川区南滨路三段406号,莲湖校区：四川省达州市通川区塔石路519号",True,,,,,,,,,,,"{'rankingId': 'legacy-shanghairanking-bcur', 'edition': '2026', 'sortValue': 773.0, 'label': '2026软科分类标签 500+', 'sourceUrl': 'https://www.shanghairanking.cn/rankings/bcur/2026', 'legacy': True}",{},0,,0,
4151010646,阿坝师范学院,四川省,阿坝藏族羌族自治州,,四川省,阿坝藏族羌族自治州,本科,500+,706,[],False,教育部2026名录（CSV镜像）,,785,https://www.abtu.edu.cn/,四川省阿坝藏族羌族自治州汶川县水磨镇,True,,,,,,,,,,,"{'rankingId': 'legacy-shanghairanking-bcur', 'edition': '2026', 'sortValue': 706.0, 'label': '2026软科分类标签 500+', 'sourceUrl': 'https://www.shanghairanking.cn/rankings/bcur/2026', 'legacy': True}",{},0,,0,
4151010649,乐山师范学院,四川省,乐山市,,四川省,乐山市,本科,426,623,[],False,教育部2026名录（CSV镜像）,,1085,https://www.lsnu.edu.cn/,四川省乐山市滨河路778号,True,,,,,,,,,,,"{'rankingId': 'legacy-shanghairanking-bcur', 'edition': '2026', 'sortValue': 623.0, 'label': '2026软科主榜 426', 'sourceUrl': 'https://www.shanghairanking.cn/rankings/bcur/2026', 'legacy': True}",{},0,,0,
4151010651,西南财经大学,四川省,成都市,,四川省,成都市,本科,财5,80,"['211', '双一流']",False,教育部2026名录（CSV镜像）,,101,https://www.swufe.edu.cn/,"柳林校区：四川省成都市温江区柳台大道555号,光华校区：四川省成都市青羊区光华村街55号",True,,,,,,,,,,,"{'rankingId': 'legacy-shanghairanking-bcur', 'edition': '2026', 'sortValue': 80.0, 'label': '2026软科分类标签 财5', 'sourceUrl': 'https://www.shanghairanking.cn/rankings/bcur/2026', 'legacy': True}",{},0,,0,
4151010653,成都体育学院,四川省,成都市,,四川省,成都市,本科,体8,489,[],False,教育部2026名录（CSV镜像）,,1086,https://www.cdsu.edu.cn/,"东部新区校区：四川省成都市东部新区环湖北路1942号,武侯校区：四川省成都市武侯区体院路2号",True,,,,,,,,,,,"{'rankingId': 'legacy-shanghairanking-bcur', 'edition': '2026', 'sortValue': 489.0, 'label': '2026软科分类标签 体8', 'sourceUrl': 'https://www.shanghairanking.cn/rankings/bcur/2026', 'legacy': True}",{},0,,0,
4151010654,四川音乐学院,四川省,成都市,,四川省,成都市,本科,,999999,[],False,教育部2026名录（CSV镜像）,,1375,https://www.sccm.edu.cn/,"武侯校区：四川省成都市武侯区新生路6号,临空校区：四川省资阳市雁江区资州大道777号,新都校区：四川省成都市新都区蜀龙大道中段620号",True,,,,,,,,,,,,{},0,,0,
4151010656,西南民族大学,四川省,成都市,,四川省,成都市,本科,民3,286,[],False,教育部2026名录（CSV镜像）,,231,https://www.swun.edu.cn/,"武侯校区：四川省成都市一环路南四段16号,航空港校区：四川省成都市双流区航空港开发区大件路文星段168号,太平园校区：四川省成都市武侯区太平园路1号",True,,,,,,,,,,,"{'rankingId': 'legacy-shanghairanking-bcur', 'edition': '2026', 'sortValue': 286.0, 'label': '2026软科分类标签 民3', 'sourceUrl': 'https://www.shanghairanking.cn/rankings/bcur/2026', 'legacy': True}",{},0,,0,
4151011079,成都大学,四川省,成都市,,四川省,成都市,本科,241,339,[],False,教育部2026名录（CSV镜像）,,2491,https://www.cdu.edu.cn,四川省成都市成洛大道2025号,True,,,,,,,,,,,"{'rankingId': 'legacy-shanghairanking-bcur', 'edition': '2026', 'sortValue': 339.0, 'label': '2026软科主榜 241', 'sourceUrl': 'https://www.shanghairanking.cn/rankings/bcur/2026', 'legacy': True}",{},0,,0,
4151011116,成都工业学院,四川省,成都市,,四川省,成都市,本科,446,646,[],False,教育部2026名录（CSV镜像）,,769,https://www.cdtu.edu.cn/,"郫都校区：四川省成都市郫都区中信大道二段1号,大丰校区：四川省成都市新都区大丰镇蓉北路3段442号,花牌坊校区：四川省成都市花牌坊街2号,宜宾校区：四川省宜宾市临港经济技术开发区大学路三段9号",True,,,,,,,,,,,"{'rankingId': 'legacy-shanghairanking-bcur', 'edition': '2026', 'sortValue': 646.0, 'label': '2026软科主榜 446', 'sourceUrl': 'https://www.shanghairanking.cn/rankings/bcur/2026', 'legacy': True}",{},0,,0,
4151011360,攀枝花学院,四川省,攀枝花市,,四川省,攀枝花市,本科,394,585,[],False,教育部2026名录（CSV镜像）,,932,https://www.pzhu.cn/,四川省攀枝花市东区三线大道北段10号,True,,,,,,,,,,,"{'rankingId': 'legacy-shanghairanking-bcur', 'edition': '2026', 'sortValue': 585.0, 'label': '2026软科主榜 394', 'sourceUrl': 'https://www.shanghairanking.cn/rankings/bcur/2026', 'legacy': True}",{},0,,0,
4151011552,四川旅游学院,四川省,成都市,,四川省,成都市,本科,483,688,[],False,教育部2026名录（CSV镜像）,,782,https://www.sctu.edu.cn/,"龙泉校区：四川省成都市龙泉驿区红岭路459号,青羊校区：四川省成都市青羊区一环路西二段17号",True,,,,,,,,,,,"{'rankingId': 'legacy-shanghairanking-bcur', 'edition': '2026', 'sortValue': 688.0, 'label': '2026软科主榜 483', 'sourceUrl': 'https://www.shanghairanking.cn/rankings/bcur/2026', 'legacy': True}",{},0,,0,
4151011661,四川民族学院,四川省,甘孜藏族自治州,,四川省,甘孜藏族自治州,本科,500+,772,[],False,教育部2026名录（CSV镜像）,,784,https://www.scun.edu.cn/,"康定校区：四川省康定市姑咱镇学府路354号,泸定校区：四川省泸定县泸桥镇",True,,,,,,,,,,,"{'rankingId': 'legacy-shanghairanking-bcur', 'edition': '2026', 'sortValue': 772.0, 'label': '2026软科分类标签 500+', 'sourceUrl': 'https://www.shanghairanking.cn/rankings/bcur/2026', 'legacy': True}",{},0,,0,
4151012212,四川警察学院,四川省,泸州市,,四川省,泸州市,本科,政9,388,[],False,教育部2026名录（CSV镜像）,,1352,https://www.scpolicec.edu.cn/,"泸州校区：四川省泸州市江阳区龙透关路186号,成都校区：四川省成都市双流区黄水镇云岭路36号",True,,,,,,,,,,,"{'rankingId': 'legacy-shanghairanking-bcur', 'edition': '2026', 'sortValue': 388.0, 'label': '2026软科分类标签 政9', 'sourceUrl': 'https://www.shanghairanking.cn/rankings/bcur/2026', 'legacy': True}",{},0,,0,
4151012636,成都东软学院,四川省,成都市,,四川省,成都市,本科,75,968,[],True,教育部2026名录（CSV镜像）,民办,770,https://www.nsu.edu.cn/,四川省成都市都江堰市青城山镇东软大道1号,True,,,,,,,,,,,"{'rankingId': 'legacy-shanghairanking-bcur', 'edition': '2026', 'sortValue': 968.0, 'label': '2026软科主榜 75', 'sourceUrl': 'https://www.shanghairanking.cn/rankings/bcur/2026', 'legacy': True}",{},0,,0,
4151012969,成都艺术职业大学,四川省,成都市,,四川省,成都市,本科,,999999,[],True,教育部2026名录（CSV镜像）,民办,773,http://www.cdau.edu.cn,"成都校区：四川省成都市新津区花源街道白云路115号,眉山校区： 眉山市青神县成艺路88号",True,,,,,,,,,,,,{},0,,0,
4151013665,电子科技大学成都学院,四川省,成都市,,四川省,成都市,本科,,999999,[],True,教育部2026名录（CSV镜像）,民办,1131,https://www.cduestc.cn/,"成都校区：四川省成都市高新西区百叶路1号,什邡校区：四川省德阳市什邡市京什东路北段99号",True,,,,,,,,,,,,{},0,,0,
4151013668,成都理工大学工程技术学院,四川省,乐山市,,四川省,乐山市,本科,,999999,[],True,教育部2026名录（CSV镜像）,民办,2493,https://www.cdutetc.cn/,四川省乐山市中区肖坝路222号,True,,,,,,,,,,,,{},0,,0,
4151013669,四川传媒学院,四川省,成都市,,四川省,成都市,本科,,999999,[],True,教育部2026名录（CSV镜像）,民办,2494,https://www.scmc.edu.cn/,"郫都校区东区：四川省成都市郫都区团结街道学院街67号,郫都校区西区：四川省成都市郫都区团结街道花石路116号",True,,,,,,,,,,,,{},0,,0,
4151013670,成都银杏酒店管理学院,四川省,成都市,,四川省,成都市,本科,财27+,1073,[],True,教育部2026名录（CSV镜像）,民办,2495,https://www.gingkoc.edu.cn/,"成都校区：四川省成都市郫都区红光街道广场路北二段60号  ,宜宾校区：四川省宜宾市南溪区凤凰大道18号",True,,,,,,,,,,,"{'rankingId': 'legacy-shanghairanking-bcur', 'edition': '2026', 'sortValue': 1073.0, 'label': '2026软科分类标签 财27+', 'sourceUrl': 'https://www.shanghairanking.cn/rankings/bcur/2026', 'legacy': True}",{},0,,0,
4151013671,成都文理学院,四川省,成都市,,四川省,成都市,本科,36,914,[],True,教育部2026名录（CSV镜像）,民办,2496,https://www.cdcas.edu.cn/,"金堂校区：四川省成都市金堂县学府大道278号,洪河校区：四川省成都市外东洪河中路351号",True,,,,,,,,,,,"{'rankingId': 'legacy-shanghairanking-bcur', 'edition': '2026', 'sortValue': 914.0, 'label': '2026软科主榜 36', 'sourceUrl': 'https://www.shanghairanking.cn/rankings/bcur/2026', 'legacy': True}",{},0,,0,
4151013672,四川工商学院,四川省,成都市,,四川省,成都市,本科,68,960,[],True,教育部2026名录（CSV镜像）,民办,1395,https://www.stbu.edu.cn/,"成都校区：四川省成都市郫都区团结镇学院街65号,眉山校区：四川省眉山市东坡区眉州大道岷东段9号",True,,,,,,,,,,,"{'rankingId': 'legacy-shanghairanking-bcur', 'edition': '2026', 'sortValue': 960.0, 'label': '2026软科主榜 68', 'sourceUrl': 'https://www.shanghairanking.cn/rankings/bcur/2026', 'legacy': True}",{},0,,0,
4151013673,成都外国语学院,四川省,成都市,,四川省,成都市,本科,语5+,1082,[],True,教育部2026名录（CSV镜像）,民办,2497,https://www.cisisu.edu.cn/,"成都校区：四川省成都市都江堰市青城山镇高尔夫大街367号,宜宾校区：四川省宜宾市临港经济技术开发区大学城路三段216号",True,,,,,,,,,,,"{'rankingId': 'legacy-shanghairanking-bcur', 'edition': '2026', 'sortValue': 1082.0, 'label': '2026软科分类标签 语5+', 'sourceUrl': 'https://www.shanghairanking.cn/rankings/bcur/2026', 'legacy': True}",{},0,,0,
4151013705,成都医学院,四川省,成都市,,四川省,成都市,本科,医53,574,[],False,教育部2026名录（CSV镜像）,,1075,https://www.cmc.edu.cn/,"天回校区：四川省成都市金牛区蓉都大道天回路601号,新都校区：四川省成都市新都区新都大道783号",True,,,,,,,,,,,"{'rankingId': 'legacy-shanghairanking-bcur', 'edition': '2026', 'sortValue': 574.0, 'label': '2026软科分类标签 医53', 'sourceUrl': 'https://www.shanghairanking.cn/rankings/bcur/2026', 'legacy': True}",{},0,,0,
4151013816,四川工业科技学院,四川省,德阳市,,四川省,德阳市,本科,95,991,[],True,教育部2026名录（CSV镜像）,民办,801,https://www.scit.edu.cn/,"罗江校区：四川省德阳市罗江区罗江大学路59号,绵竹校区：四川省德阳市绵竹新市经济开发区",True,,,,,,,,,,,"{'rankingId': 'legacy-shanghairanking-bcur', 'edition': '2026', 'sortValue': 991.0, 'label': '2026软科主榜 95', 'sourceUrl': 'https://www.shanghairanking.cn/rankings/bcur/2026', 'legacy': True}",{},0,,0,
4151013903,成都锦城学院,四川省,成都市,,四川省,成都市,本科,26,902,[],True,教育部2026名录（CSV镜像）,民办,2498,https://www.cdjcc.edu.cn/,四川省成都市高新西区西源大道1号,True,,,,,,,,,,,"{'rankingId': 'legacy-shanghairanking-bcur', 'edition': '2026', 'sortValue': 902.0, 'label': '2026软科主榜 26', 'sourceUrl': 'https://www.shanghairanking.cn/rankings/bcur/2026', 'legacy': True}",{},0,,0,
4151014037,西南财经大学天府学院,四川省,绵阳市,,四川省,绵阳市,本科,,999999,[],True,教育部2026名录（CSV镜像）,民办,2502,https://www.tfswufe.edu.cn/,"绵阳校区：四川省绵阳市科创园区园兴西街2号,成都校区(西区)：四川省成都市成华区龙潭街道航天路29号,成都校区(东区)：四川省成都市成华区龙潭街道龙港路399号,德阳校区：四川省德阳市罗江区大学北路99号",True,,,,,,,,,,,,{},0,,0,
4151014039,四川大学锦江学院,四川省,眉山市,,四川省,眉山市,本科,,999999,[],True,教育部2026名录（CSV镜像）,民办,2501,https://www.scujj.edu.cn/,四川省眉山市彭山区锦江大道1号,True,,,,,,,,,,,,{},0,,0,
4151014043,四川文化艺术学院,四川省,绵阳市,,四川省,绵阳市,本科,,999999,[],True,教育部2026名录（CSV镜像）,民办,2500,https://www.sca.edu.cn/,"绵阳校区：四川省绵阳市经开区机场东路83号,梓潼校区：四川省绵阳市梓潼县永利街929号",True,,,,,,,,,,,,{},0,,0,
4151014045,绵阳城市学院,四川省,绵阳市,,四川省,绵阳市,本科,100+,1042,[],True,教育部2026名录（CSV镜像）,民办,2499,https://www.mycc.edu.cn/,"游仙校区：四川省绵阳市游仙区三星路11号,安州校区：四川省绵阳市安州区滨江西路北段11号",True,,,,,,,,,,,"{'rankingId': 'legacy-shanghairanking-bcur', 'edition': '2026', 'sortValue': 1042.0, 'label': '2026软科分类标签 100+', 'sourceUrl': 'https://www.shanghairanking.cn/rankings/bcur/2026', 'legacy': True}",{},0,,0,
4151014262,西南交通大学希望学院,四川省,南充市,,四川省,南充市,本科,,999999,[],True,教育部2026名录（CSV镜像）,民办,2503,https://www.swjtuhc.cn/,四川省成都市金堂县大学城学府大道8号,True,,,,,,,,,,,,{},0,,0,
4151014389,成都师范学院,四川省,成都市,,四川省,成都市,本科,388,575,[],False,教育部2026名录（CSV镜像）,,2869,https://www.cdnu.edu.cn/,"温江校区：四川省成都市温江区海科路东段99号,人民南路校区：四川省成都市武侯区人民南路三段24号,白果林校区：四川省成都市一环路西三段百寿路4号",True,,,,,,,,,,,"{'rankingId': 'legacy-shanghairanking-bcur', 'edition': '2026', 'sortValue': 575.0, 'label': '2026软科主榜 388', 'sourceUrl': 'https://www.shanghairanking.cn/rankings/bcur/2026', 'legacy': True}",{},0,,0,
4151014410,四川电影电视学院,四川省,成都市,,四川省,成都市,本科,,999999,[],True,教育部2026名录（CSV镜像）,民办,2917,https://www.sfc.edu.cn/,"金牛校区：成都市金牛区西华大道593号,安仁校区：四川省成都市安仁镇金山路188号",True,,,,,,,,,,,,{},0,,0,
4111012802,吉利学院,四川省,成都市,,四川省,成都市,本科,100+,1031,[],True,教育部2026名录（CSV镜像）,民办,822,https://www.guc.edu.cn/,四川省成都市东部新区成简大道二段123号,True,,,,,,,,,,,"{'rankingId': 'legacy-shanghairanking-bcur', 'edition': '2026', 'sortValue': 1031.0, 'label': '2026软科分类标签 100+', 'sourceUrl': 'https://www.shanghairanking.cn/rankings/bcur/2026', 'legacy': True}",{},0,,0,
4151012763,四川工程职业技术大学,四川省,德阳市,,四川省,德阳市,本科,,999999,[],False,教育部2026名录（CSV镜像）,,795,https://www.scetc.edu.cn/,四川省德阳市旌阳区八角井街道泰山南路二段801号,True,,,,,,,,,,,,{},0,,0,
4151012064,成都航空职业技术大学,四川省,成都市,,四川省,成都市,本科,,999999,[],False,教育部2026名录（CSV镜像）,,771,https://www.cap.edu.cn/,四川省成都市龙泉驿区车城东七路699号,True,,,,,,,,,,,,{},0,,0,
4151011553,成都轻工职业技术大学,四川省,成都市,,四川省,成都市,本科,,999999,[],False,教育部2026名录（CSV镜像）,,1177,https://www.cdtc.edu.cn/,"犀浦校区：四川省成都市犀浦泰山南街186号,邛崃产教园区：四川省成都市邛崃市君平大道东段379号",True,,,,,,,,,,,,{},0,,0,
4151012764,四川建筑职业技术大学,四川省,德阳市,,四川省,德阳市,本科,,999999,[],False,教育部2026名录（CSV镜像）,,793,https://www.scac.edu.cn/,"德阳校区：四川省德阳市嘉陵江西路4号,成都校区：四川省成都市青白江区万桂路388号",True,,,,,,,,,,,,{},0,,0,
4151014984,广安理工学院,四川省,广安市,,四川省,广安市,本科,,999999,[],False,教育部2026名录（CSV镜像）,,3883,https://www.gaitpo.edu.cn/,四川省广安市理工大道66号,True,,,,,,,,,,,,{},0,,0,
4151014985,成都美术学院,四川省,资阳市,,四川省,资阳市,本科,,999999,[],False,教育部2026名录（CSV镜像）,,3924,,,True,,,,,,,,,,,,{},0,,0,
4151012761,四川交通职业技术大学,四川省,成都市,,四川省,成都市,本科,,999999,[],False,教育部2026名录（CSV镜像）,,800,https://www.svtcc.edu.cn/,四川省成都市温江区柳台大道东段208号,True,,,,,,,,,,,,{},0,,0,
4151011841,民办四川天一学院,四川省,德阳市,,四川省,德阳市,专科,,999999,[],True,教育部2026名录（CSV镜像）,民办,783,https://sctianyi.net/,四川省德阳市绵竹市二环路东段88号,True,,,,,,,,,,,,{},0,,0,
4151012065,四川电力职业技术学院,四川省,成都市,,四川省,成都市,专科,,999999,[],False,教育部2026名录（CSV镜像）,,779,https://www.scdy.edu.cn,"温江校区：四川省成都市温江区春江南路666号,草堂校区：四川省成都市青羊区青华路8号,罗家碾校区：四川省成都市青羊区清江东路39号,青峰岭校区：成都市崇州市怀远镇青峰岭",True,,,,,,,,,,,,{},0,,0,
4151012635,成都职业技术学院,四川省,成都市,,四川省,成都市,专科,,999999,[],False,教育部2026名录（CSV镜像）,,774,https://www.cdp.edu.cn/,"高新校区：成都市高新区益州大道北段15号,花源校区：成都市新津县花源镇花源大道310号,青羊校区：四川省成都市青羊区大石西路56号",True,,,,,,,,,,,,{},0,,0,
4151012637,四川化工职业技术学院,四川省,泸州市,,四川省,泸州市,专科,,999999,[],False,教育部2026名录（CSV镜像）,,797,https://sccc.edu.cn/,"护国校区：四川省泸州市纳溪区护国大道733号,酒谷湖校区：四川省泸州市江阳区黄舣镇酒谷大道七段315号",True,,,,,,,,,,,,{},0,,0,
4151012638,四川水利职业技术学院,四川省,成都市,,四川省,成都市,专科,,999999,[],False,教育部2026名录（CSV镜像）,,802,https://www.swcvc.edu.cn/,"羊马校区：四川省成都市崇州市永和大道366号,都江堰校区：四川省成都市都江堰市水校路88号,清江校区：成都市青羊区清江东路35号,双合校区：成都市都江堰市灌温路2709号",True,,,,,,,,,,,,{},0,,0,
4151012639,南充职业技术学院,四川省,南充市,,四川省,南充市,专科,,999999,[],False,教育部2026名录（CSV镜像）,,794,https://www.nczy.edu.cn/,四川省南充市高坪区小龙宏发路94号,True,,,,,,,,,,,,{},0,,0,
4151012640,内江职业技术学院,四川省,内江市,,四川省,内江市,专科,,999999,[],False,教育部2026名录（CSV镜像）,,2083,http://njvtc.edu.cn/,四川省内江市东兴区汉安大道东四段199号,True,,,,,,,,,,,,{},0,,0,
4151012641,四川航天职业技术学院,四川省,成都市,,四川省,成都市,专科,,999999,[],False,教育部2026名录（CSV镜像）,,796,https://www.scavc.com/,"校本部：四川省成都市龙泉驿区天生路155号,三星堆校区：四川省广汉市航天大道155号",True,,,,,,,,,,,,{},0,,0,
4151012642,四川邮电职业技术学院,四川省,成都市,,四川省,成都市,专科,,999999,[],False,教育部2026名录（CSV镜像）,,805,https://www.sptc.edu.cn/,四川省成都市锦江区静康路536号,True,,,,,,,,,,,,{},0,,0,
4151012751,四川机电职业技术学院,四川省,攀枝花市,,四川省,攀枝花市,专科,,999999,[],False,教育部2026名录（CSV镜像）,,799,https://www.scemi.com/,"马家田校区：四川省攀枝花市东区马家田路65号,金江校区：四川省攀枝花市仁和区金沙江大道东段173号",True,,,,,,,,,,,,{},0,,0,
4151012753,绵阳职业技术学院,四川省,绵阳市,,四川省,绵阳市,专科,,999999,[],False,教育部2026名录（CSV镜像）,,778,https://www.mypt.edu.cn/,四川省绵阳市新一环路北段6号,True,,,,,,,,,,,,{},0,,0,
4151012762,四川工商职业技术学院,四川省,成都市,,四川省,成都市,专科,,999999,[],False,教育部2026名录（CSV镜像）,,780,https://www.sctbc.net/,四川省都江堰市天府大道聚源段8号,True,,,,,,,,,,,,{},0,,0,
4151012767,达州职业技术学院,四川省,达州市,,四川省,达州市,专科,,999999,[],False,教育部2026名录（CSV镜像）,,791,https://www.dzvtc.edu.cn/,"望犀校区：四川省达州市通川区韩家坝犀牛大道书山路1号,徐家坝校区：四川省达州市通川区徐家坝路448号",True,,,,,,,,,,,,{},0,,0,
4151012963,四川托普信息技术职业学院,四川省,成都市,,四川省,成都市,专科,,999999,[],True,教育部2026名录（CSV镜像）,民办,788,https://www.scetop.com/,四川省成都市高新区西区大道2000号,True,,,,,,,,,,,,{},0,,0,
4151012964,四川国际标榜职业学院,四川省,成都市,,四川省,成都市,专科,,999999,[],True,教育部2026名录（CSV镜像）,民办,781,https://www.polus.edu.cn/,四川省成都市龙泉驿区同安街道阳光南路500号,True,,,,,,,,,,,,{},0,,0,
4151012965,成都农业科技职业学院,四川省,成都市,,四川省,成都市,专科,,999999,[],False,教育部2026名录（CSV镜像）,,772,https://www.cdnkxy.com,"柳城校区：四川省成都市温江区德通桥路392号,海科校区：四川省成都市温江区新华大道二段179号",True,,,,,,,,,,,,{},0,,0,
4151012966,宜宾职业技术学院,四川省,宜宾市,,四川省,宜宾市,专科,,999999,[],False,教育部2026名录（CSV镜像）,,2084,https://www.ybzy.cn/,四川省宜宾市南溪区裕华路300号,True,,,,,,,,,,,,{},0,,0,
4151012967,泸州职业技术学院,四川省,泸州市,,四川省,泸州市,专科,,999999,[],False,教育部2026名录（CSV镜像）,,775,https://www.lzy.edu.cn/,四川省泸州市龙马潭区长桥路2号,True,,,,,,,,,,,,{},0,,0,
4151012968,眉山职业技术学院,四川省,眉山市,,四川省,眉山市,专科,,999999,[],False,教育部2026名录（CSV镜像）,,777,https://www.msvtc.edu.cn/,四川省眉山市东坡区富牛镇眉州大道岷东段5号,True,,,,,,,,,,,,{},0,,0,
4151012970,四川职业技术学院,四川省,遂宁市,,四川省,遂宁市,专科,,999999,[],False,教育部2026名录（CSV镜像）,,789,https://www.scvtc.edu.cn/,"校本部：四川省遂宁市学府北路1号,射洪校区：四川省遂宁市射洪经开区富民路177号,安居校区：四川省遂宁市安居区安居大道东段8号,龙凤校区：四川省遂宁市船山区通港大道299号",True,,,,,,,,,,,,{},0,,0,
4151013048,乐山职业技术学院,四川省,乐山市,,四川省,乐山市,专科,,999999,[],False,教育部2026名录（CSV镜像）,,776,https://www.lszyxy.edu.cn/,四川省乐山市市中区青江路中段1336号,True,,,,,,,,,,,,{},0,,0,
4151013049,雅安职业技术学院,四川省,雅安市,,四川省,雅安市,专科,,999999,[],False,教育部2026名录（CSV镜像）,,790,https://www.yazy.edu.cn/,"经开区校区：四川省雅安市经济开发区学道街659号,青年路校区：四川省雅安市雨城区和平中路1号,育才路校区：四川省雅安市雨城区育才路130号",True,,,,,,,,,,,,{},0,,0,
4151013812,四川商务职业学院,四川省,成都市,,四川省,成都市,专科,,999999,[],False,教育部2026名录（CSV镜像）,,2085,https://www.scsw.edu.cn,"文家校区：四川省成都市青羊区文家场文家正街227号,和盛校区：四川省成都市温江区和盛镇星艺大道188号",True,,,,,,,,,,,,{},0,,0,
4151013813,四川司法警官职业学院,四川省,德阳市,,四川省,德阳市,专科,,999999,[],False,教育部2026名录（CSV镜像）,,803,https://www.sjpopc.edu.cn/,"凯江校区：四川省德阳市旌阳区凯江路二段32号,青衣江校区：四川省德阳市旌阳区青衣江东路一段333号",True,,,,,,,,,,,,{},0,,0,
4151013814,广安职业技术学院,四川省,广安市,,四川省,广安市,专科,,999999,[],False,教育部2026名录（CSV镜像）,,792,https://www.gavtc.cn/,"滨江校区：四川省广安市广安区滨江东路98号,奎阁校区：四川省广安市经济技术开发区老关庙路东段1号,岳池校区：四川省广安市岳池县九龙大街1号,前锋校区：四川省广安市前锋区工业6路",True,,,,,,,,,,,,{},0,,0,
4151013815,四川信息职业技术学院,四川省,广元市,,四川省,广元市,专科,,999999,[],False,教育部2026名录（CSV镜像）,,804,https://www.scitc.com.cn/,"东坝校区：四川省广元市利州区奔月路307号,雪峰校区：四川省广元市利州区学府路265号",True,,,,,,,,,,,,{},0,,0,
4151014004,四川文化传媒职业学院,四川省,成都市,,四川省,成都市,专科,,999999,[],True,教育部2026名录（CSV镜像）,民办,2092,https://www.svccc.net/,"成都校区：四川省成都崇州崇庆南路230号,绵竹校区：四川省绵竹市大学城学子路90号",True,,,,,,,,,,,,{},0,,0,
4151014005,四川华新现代职业学院,四川省,成都市,,四川省,成都市,专科,,999999,[],False,教育部2026名录（CSV镜像）,,2091,https://www.schxmvc.com.cn/,"西河校区：四川省成都市龙泉驿区成洛大道3833号,机投校区：四川省成都市武侯区武青北路7号",True,,,,,,,,,,,,{},0,,0,
4151014006,四川铁道职业学院,四川省,成都市,,四川省,成都市,专科,,999999,[],False,教育部2026名录（CSV镜像）,,2086,https://www.scrc.edu.cn/,四川省成都市郫都区安德街道彭温路399号,True,,,,,,,,,,,,{},0,,0,
4151014007,四川艺术职业学院,四川省,成都市,,四川省,成都市,专科,,999999,[],False,教育部2026名录（CSV镜像）,,2087,https://www.scapi.cn/,"温江校区：四川省成都市温江区和盛镇星艺大道366号,武侯校区：四川省成都市武侯区新生路5号",True,,,,,,,,,,,,{},0,,0,
4151014010,四川中医药高等专科学校,四川省,绵阳市,,四川省,绵阳市,专科,,999999,[],False,教育部2026名录（CSV镜像）,,2082,https://www.scctcm.edu.cn/,"主校区：四川省绵阳市教育中路1号,西园：四川省绵阳市涪城区玉龙北街21号",True,,,,,,,,,,,,{},0,,0,
4151014070,四川科技职业学院,四川省,成都市,,四川省,成都市,专科,,999999,[],True,教育部2026名录（CSV镜像）,民办,2090,http://scstc.cn/,"天府校区：天府新区视高经济开发区花海大道大学路1号,环天府校区：环天府新区天府大道陵州大学城1号",True,,,,,,,,,,,,{},0,,0,
4151014086,四川文化产业职业学院,四川省,成都市,,四川省,成都市,专科,,999999,[],False,教育部2026名录（CSV镜像）,,1278,https://www.svcci.cn/,四川省成都市双流区怡心街道锦江路四段399号,True,,,,,,,,,,,,{},0,,0,
4151014091,四川财经职业学院,四川省,成都市,,四川省,成都市,专科,,999999,[],False,教育部2026名录（CSV镜像）,,2088,https://www.scpcfe.cn/,四川省成都市龙泉驿区驿都西路4111号,True,,,,,,,,,,,,{},0,,0,
4151014175,四川城市职业学院,四川省,成都市,,四川省,成都市,专科,,999999,[],True,教育部2026名录（CSV镜像）,民办,2505,https://www.scuvc.edu.cn/,"成都校区：四川省成都市外东洪河中路351号,眉山校区：四川省眉山市岷东新区岷东大道南段1号",True,,,,,,,,,,,,{},0,,0,
4151014176,四川现代职业学院,四川省,成都市,,四川省,成都市,专科,,999999,[],True,教育部2026名录（CSV镜像）,民办,2504,https://www.scmvc.cn,四川省成都市西南航空港华创路1号,True,,,,,,,,,,,,{},0,,0,
4151014221,四川幼儿师范高等专科学校,四川省,绵阳市,,四川省,绵阳市,专科,,999999,[],False,教育部2026名录（CSV镜像）,,2492,https://www.scyesz.edu.cn/,"绵阳校区：四川省绵阳市涪城区教育园区教育西路16号,东校区：四川省江油市东山路北段100号,西校区：四川省江油市诗城路西段125号",True,,,,,,,,,,,,{},0,,0,
4151014323,四川长江职业学院,四川省,成都市,,四川省,成都市,专科,,999999,[],True,教育部2026名录（CSV镜像）,民办,2868,https://www.sccvc.com/,四川省成都市成洛路828号,True,,,,,,,,,,,,{},0,,0,
4151014386,四川三河职业学院,四川省,泸州市,,四川省,泸州市,专科,,999999,[],True,教育部2026名录（CSV镜像）,民办,3096,https://www.scshpc.com,四川省泸州市合江荔城大道500号,True,,,,,,,,,,,,{},0,,0,
4151014393,川北幼儿师范高等专科学校,四川省,广元市,,四川省,广元市,专科,,999999,[],False,教育部2026名录（CSV镜像）,,2920,https://www.cbyz.edu.cn/,四川省广元市利州区学府路218号,True,,,,,,,,,,,,{},0,,0,
4151014409,四川卫生康复职业学院,四川省,自贡市,,四川省,自贡市,专科,,999999,[],False,教育部2026名录（CSV镜像）,,2919,https://www.svchr.edu.cn/,四川省自贡市沿滩区仙市镇仙滩社区德铭路3号,True,,,,,,,,,,,,{},0,,0,
4151014411,四川汽车职业技术学院,四川省,绵阳市,,四川省,绵阳市,专科,,999999,[],True,教育部2026名录（CSV镜像）,民办,2918,http://www.scavtc.com/,四川省绵阳市涪城区金祥南路255号,True,,,,,,,,,,,,{},0,,0,
4151014483,巴中职业技术学院,四川省,巴中市,,四川省,巴中市,专科,,999999,[],True,教育部2026名录（CSV镜像）,民办,3127,https://www.bzzyjsxy.cn/,四川省巴中市经济开发区安康路3号,True,,,,,,,,,,,,{},0,,0,
4151014484,四川希望汽车职业学院,四川省,资阳市,,四川省,资阳市,专科,,999999,[],True,教育部2026名录（CSV镜像）,民办,3072,http://www.qicheedu.com/,四川省资阳市雁江区城南大道1638号,True,,,,,,,,,,,,{},0,,0,
4151014485,四川电子机械职业技术学院,四川省,绵阳市,,四川省,绵阳市,专科,,999999,[],True,教育部2026名录（CSV镜像）,民办,3074,https://www.scemvtc.com/,四川省绵阳市经开区隆康路10号,True,,,,,,,,,,,,{},0,,0,
4151014486,四川文轩职业学院,四川省,成都市,,四川省,成都市,专科,,999999,[],True,教育部2026名录（CSV镜像）,民办,3095,http://www.scwxzyxy.cn/,"成都校区：四川省成都市大邑县锦屏大道9号,遂宁校区：四川省遂宁市大英县新城区文化产业园滨江北路",True,,,,,,,,,,,,{},0,,0,
4151014496,川南幼儿师范高等专科学校,四川省,内江市,,四川省,内江市,专科,,999999,[],False,教育部2026名录（CSV镜像）,,3203,https://www.cnyz.edu.cn/,四川省隆昌市古湖街道人民中路六段368号,True,,,,,,,,,,,,{},0,,0,
4151014513,四川护理职业学院,四川省,德阳市,,四川省,德阳市,专科,,999999,[],False,教育部2026名录（CSV镜像）,,3186,https://www.cnsnvc.edu.cn/,"成都校区：四川省成都市龙泉驿区龙都南路173号,德阳校区：四川省德阳市一环路东一段199号",True,,,,,,,,,,,,{},0,,0,
4151014514,成都工业职业技术学院,四川省,成都市,,四川省,成都市,专科,,999999,[],False,教育部2026名录（CSV镜像）,,3204,https://www.cdivtc.edu.cn/,"天府校区：四川省成都市天府新区大安路818号,金堂校区：四川省成都市金堂县白果街道瑞江路111号,高新校区：四川省成都市高新区府城大道西段769号",True,,,,,,,,,,,,{},0,,0,
4151014515,四川西南航空职业学院,四川省,成都市,,四川省,成都市,专科,,999999,[],True,教育部2026名录（CSV镜像）,民办,3200,https://www.xnhkxy.edu.cn,"西区：四川省成都国际职教城学府大道996号,东区：四川省成都国际职教城杨溪大道999号",True,,,,,,,,,,,,{},0,,0,
4151014547,成都工贸职业技术学院,四川省,成都市,,四川省,成都市,专科,,999999,[],False,教育部2026名录（CSV镜像）,,3193,https://www.cdgmxy.edu.cn/,"郫都校区：成都市郫都区红光镇广场路北三段188号,郫都西校区：成都市郫都区红光镇高店路1666号",True,,,,,,,,,,,,{},0,,0,
4151014548,四川应用技术职业学院,四川省,凉山彝族自治州,,四川省,凉山彝族自治州,专科,,999999,[],True,教育部2026名录（CSV镜像）,民办,3391,https://www.scasc.cn/,四川省西昌市中航东路5号,True,,,,,,,,,,,,{},0,,0,
4151014629,西昌民族幼儿师范高等专科学校,四川省,凉山彝族自治州,,四川省,凉山彝族自治州,专科,,999999,[],False,教育部2026名录（CSV镜像）,,3392,https://www.xcmzyz.edu.cn/,四川省西昌市安宁镇园丁路1号,True,,,,,,,,,,,,{},0,,0,
4151014640,眉山药科职业学院,四川省,眉山市,,四川省,眉山市,专科,,999999,[],True,教育部2026名录（CSV镜像）,民办,3393,https://www.msykxy.edu.cn/,四川省眉山市丹棱县葡园路79号,True,,,,,,,,,,,,{},0,,0,
4151014641,天府新区信息职业学院,四川省,眉山市,,四川省,眉山市,专科,,999999,[],True,教育部2026名录（CSV镜像）,民办,3394,http://www.tficedu.com/,四川省天府新区视高经济开发区大学路286号,True,,,,,,,,,,,,{},0,,0,
4151014642,德阳城市轨道交通职业学院,四川省,德阳市,,四川省,德阳市,专科,,999999,[],True,教育部2026名录（CSV镜像）,民办,3395,https://www.dcurt.cn/,四川省德阳什邡市北京大道京什西路南段196号,True,,,,,,,,,,,,{},0,,0,
4151014643,德阳科贸职业学院,四川省,德阳市,,四川省,德阳市,专科,,999999,[],True,教育部2026名录（CSV镜像）,民办,3396,https://www.dyvctt.edu.cn/,四川省广汉市三星堆大道东段122号,True,,,,,,,,,,,,{},0,,0,
4151014644,江阳城建职业学院,四川省,泸州市,,四川省,泸州市,专科,,999999,[],True,教育部2026名录（CSV镜像）,民办,3397,https://www.jyccc.cn/,四川省泸州市龙马潭区九狮路二段,True,,,,,,,,,,,,{},0,,0,
4151014645,天府新区航空旅游职业学院,四川省,眉山市,,四川省,眉山市,专科,,999999,[],True,教育部2026名录（CSV镜像）,民办,3398,http://www.tfhk.edu.cn/,"天府校区：四川省天府新区剑南大道南延线航空大道中段168号,仁寿校区：四川省眉山市天府仁寿大道66号",True,,,,,,,,,,,,{},0,,0,
4151014646,天府新区通用航空职业学院,四川省,眉山市,,四川省,眉山市,专科,,999999,[],True,教育部2026名录（CSV镜像）,民办,3399,https://ausedu.cn/,四川天府新区天府大道二段666号,True,,,,,,,,,,,,{},0,,0,
4151014647,阿坝职业学院,四川省,阿坝藏族羌族自治州,,四川省,阿坝藏族羌族自治州,专科,,999999,[],False,教育部2026名录（CSV镜像）,,3400,https://www.abvc.edu.cn/,"茂县校区：四川省阿坝州茂县凤仪大道248号,马尔康校区：马尔康市马尔康镇达萨街762号",True,,,,,,,,,,,,{},0,,0,
4151014669,达州中医药职业学院,四川省,达州市,,四川省,达州市,专科,,999999,[],False,教育部2026名录（CSV镜像）,,3433,https://www.dzvccm.edu.cn/,四川省达州市通川区职教园区,True,,,,,,,,,,,,{},0,,0,
4151014670,内江卫生与健康职业学院,四川省,内江市,,四川省,内江市,专科,,999999,[],False,教育部2026名录（CSV镜像）,,3434,http://www.njnhvc.edu.cn/,四川省内江市东兴区汉安大道东四段368号,True,,,,,,,,,,,,{},0,,0,
4151014671,南充科技职业学院,四川省,南充市,,四川省,南充市,专科,,999999,[],True,教育部2026名录（CSV镜像）,民办,3435,https://www.nstc.edu.cn/,四川省南充市多扶工业园区西南大道3号,True,,,,,,,,,,,,{},0,,0,
4151014672,攀枝花攀西职业学院,四川省,攀枝花市,,四川省,攀枝花市,专科,,999999,[],True,教育部2026名录（CSV镜像）,民办,3471,http://www.pzhpxzyxy.com/,四川省米易县攀莲镇铁建路88号,True,,,,,,,,,,,,{},0,,0,
4151014673,资阳口腔职业学院,四川省,资阳市,,四川省,资阳市,专科,,999999,[],True,教育部2026名录（CSV镜像）,民办,3439,https://www.zykqxy.com/,四川省资阳市高新区外环路西三段1666号,True,,,,,,,,,,,,{},0,,0,
4151014674,资阳环境科技职业学院,四川省,资阳市,,四川省,资阳市,专科,,999999,[],True,教育部2026名录（CSV镜像）,民办,3436,http://zycest.edu.cn/,四川省资阳市雁江区大学路1号,True,,,,,,,,,,,,{},0,,0,
4151014728,南充文化旅游职业学院,四川省,南充市,,四川省,南充市,专科,,999999,[],False,教育部2026名录（CSV镜像）,,3526,https://www.ncvcct.edu.cn/,四川省南充市阆中市文旅大道1号,True,,,,,,,,,,,,{},0,,0,
4151014729,南充电影工业职业学院,四川省,南充市,,四川省,南充市,专科,,999999,[],True,教育部2026名录（CSV镜像）,民办,3527,https://www.ncdyxy.com/,四川省南充市顺庆区大学城学院路,True,,,,,,,,,,,,{},0,,0,
4151014730,绵阳飞行职业学院,四川省,绵阳市,,四川省,绵阳市,专科,,999999,[],True,教育部2026名录（CSV镜像）,民办,3528,https://www.topflying.com.cn/,四川省绵阳市北川羌族自治县龙翔大道16号,True,,,,,,,,,,,,{},0,,0,
4151014731,德阳农业科技职业学院,四川省,德阳市,,四川省,德阳市,专科,,999999,[],True,教育部2026名录（CSV镜像）,民办,3529,https://www.dynky.cn/,四川省德阳市罗江区大学北路95号,True,,,,,,,,,,,,{},0,,0,
4151014732,泸州医疗器械职业学院,四川省,泸州市,,四川省,泸州市,专科,,999999,[],True,教育部2026名录（CSV镜像）,民办,3530,https://www.lzylqx.edu.cn/,四川省泸州市纳溪区护国大道800号,True,,,,,,,,,,,,{},0,,0,
4151014767,甘孜职业学院,四川省,甘孜藏族自治州,,四川省,甘孜藏族自治州,专科,,999999,[],False,教育部2026名录（CSV镜像）,,3595,https://www.scgzzyxy.com/,"校本部：甘孜州海螺沟景区南磨大道1号,姑咱校区：四川省甘孜藏族自治州康定市姑咱镇鱼通路117号",True,,,,,,,,,,,,{},0,,0,
4151014768,自贡职业技术学院,四川省,自贡市,,四川省,自贡市,专科,,999999,[],True,教育部2026名录（CSV镜像）,民办,3596,https://www.zgzyjsxy.com/,自贡市大安区恐龙大道外北环路1号,True,,,,,,,,,,,,{},0,,0,
4251050881,广元中核职业技术学院,四川省,广元市,,四川省,广元市,专科,,999999,[],True,教育部2026名录（CSV镜像）,民办,3421,https://www.nivtc.com,四川省广元市利州区清江大道广元中核职业技术学院,True,,,,,,,,,,,,{},0,,0,
4251051351,四川体育职业学院,四川省,成都市,,四川省,成都市,专科,,999999,[],False,教育部2026名录（CSV镜像）,,3401,https://www.scsc.edu.cn/,"太平寺校区：四川省成都市武侯区太平寺路8号,华西坝校区：四川省成都市一环路南三段16号,都江堰校区：四川省成都市都江堰市廖家桥路9号,犀浦校区：四川省成都市郫都区国宁西路566号,双流校区：四川省成都市双流区双江路双流体育中心西侧",True,,,,,,,,,,,,{},0,,0,
4151014834,遂宁能源职业学院,四川省,遂宁市,,四川省,遂宁市,专科,,999999,[],True,教育部2026名录（CSV镜像）,民办,3676,https://www.snvce.edu.cn/nyPortal/#/home?activeKey=001,四川省遂宁市河东新区科创西路9号,True,,,,,,,,,,,,{},0,,0,
4151014835,遂宁工程职业学院,四川省,遂宁市,,四川省,遂宁市,专科,,999999,[],True,教育部2026名录（CSV镜像）,民办,3677,https://snevc.cn/,四川省遂宁市安居区梧桐南路242号,True,,,,,,,,,,,,{},0,,0,
4151014836,遂宁职业学院,四川省,遂宁市,,四川省,遂宁市,专科,,999999,[],True,教育部2026名录（CSV镜像）,民办,3678,https://suiningc.com/,四川省遂宁市船山区空港大道30号,True,,,,,,,,,,,,{},0,,0,
4151014871,西昌医学高等专科学校,四川省,凉山彝族自治州,,四川省,凉山彝族自治州,专科,,999999,[],False,教育部2026名录（CSV镜像）,,3730,https://www.xcmc.edu.cn/,四川省凉山彝族自治州西昌市安宁镇园丁路2号,True,,,,,,,,,,,,{},0,,0,
4151014872,成都轨道交通职业学院,四川省,成都市,,四川省,成都市,专科,,999999,[],True,教育部2026名录（CSV镜像）,民办,3729,https://edua.chengdurail.com:60001/index.html,四川省成都市简阳市三岔街道林栖大道96号,True,,,,,,,,,,,,{},0,,0,
4151014937,宜宾工业职业技术学院,四川省,宜宾市,,四川省,宜宾市,专科,,999999,[],False,教育部2026名录（CSV镜像）,,3763,https://www.ybipc.edu.cn/,宜宾市南溪区仙源街道凤凰路151号,True,,,,,,,,,,,,{},0,,0,
4151014938,宜宾医药健康职业学院,四川省,宜宾市,,四川省,宜宾市,专科,,999999,[],False,教育部2026名录（CSV镜像）,,3764,https://www.ybmh.edu.cn/,宜宾市南溪区仙源街道凤凰路169号,True,,,,,,,,,,,,{},0,,0,
4151014973,四川中医药职业学院,四川省,成都市,,四川省,成都市,专科,,999999,[],False,教育部2026名录（CSV镜像）,,3911,,,True,,,,,,,,,,,,{},0,,0,
4151014974,四川质量工程职业技术学院,四川省,乐山市,,四川省,乐山市,专科,,999999,[],False,教育部2026名录（CSV镜像）,,3912,http://www.scqec.edu.cn/,校本部：四川省峨眉山市光辉路919号,True,,,,,,,,,,,,{},0,,0,
4151014975,南充卫生职业学院,四川省,南充市,,四川省,南充市,专科,,999999,[],False,教育部2026名录（CSV镜像）,,3914,,,True,,,,,,,,,,,,{},0,,0,
4152010657,贵州大学,贵州省,贵阳市,,贵州省,贵阳市,本科,85,109,"['211', '双一流']",False,教育部2026名录（CSV镜像）,,935,https://www.gzu.edu.cn/,"花溪东校区：贵州省贵阳市花溪区花溪大道南段2708号,花溪南校区：贵州省贵阳市花溪区霞晖路,花溪西校区：贵州省贵阳市花溪区甲秀南路西侧",True,,,,,,,,,,,"{'rankingId': 'legacy-shanghairanking-bcur', 'edition': '2026', 'sortValue': 109.0, 'label': '2026软科主榜 85', 'sourceUrl': 'https://www.shanghairanking.cn/rankings/bcur/2026', 'legacy': True}",{},0,,0,
4152010660,贵州医科大学,贵州省,贵阳市,,贵州省,贵阳市,本科,医28,310,[],False,教育部2026名录（CSV镜像）,,515,https://www.gmc.edu.cn,"云漫湖校区：贵州省贵安新区安康大道6号,北校区：贵州省贵阳市北京路9号",True,,,,,,,,,,,"{'rankingId': 'legacy-shanghairanking-bcur', 'edition': '2026', 'sortValue': 310.0, 'label': '2026软科分类标签 医28', 'sourceUrl': 'https://www.shanghairanking.cn/rankings/bcur/2026', 'legacy': True}",{},0,,0,
4152010661,遵义医科大学,贵州省,遵义市,,贵州省,遵义市,本科,医26,301,[],False,教育部2026名录（CSV镜像）,,518,https://www.zmu.edu.cn/,"新蒲校区：贵州省遵义市新蒲新区校园1号路,大连路校区：贵州省遵义市汇川区大连路201号,珠海校区：广东省珠海市金湾区金海岸",True,,,,,,,,,,,"{'rankingId': 'legacy-shanghairanking-bcur', 'edition': '2026', 'sortValue': 301.0, 'label': '2026软科分类标签 医26', 'sourceUrl': 'https://www.shanghairanking.cn/rankings/bcur/2026', 'legacy': True}",{},0,,0,
4152010662,贵州中医药大学,贵州省,贵阳市,,贵州省,贵阳市,本科,中医21,391,[],False,教育部2026名录（CSV镜像）,,521,https://www.gzy.edu.cn,"花溪校区：贵州省贵阳市花溪区花溪大学城栋青路4号,甲秀校区：贵州省贵阳市南明区市东路50号",True,,,,,,,,,,,"{'rankingId': 'legacy-shanghairanking-bcur', 'edition': '2026', 'sortValue': 391.0, 'label': '2026软科分类标签 中医21', 'sourceUrl': 'https://www.shanghairanking.cn/rankings/bcur/2026', 'legacy': True}",{},0,,0,
4152010663,贵州师范大学,贵州省,贵阳市,,贵州省,贵阳市,本科,220,308,[],False,教育部2026名录（CSV镜像）,,514,https://www.gznu.edu.cn/,"花溪校区：贵州省贵安新区花溪大学城贵州师范大学东区,宝山校区：贵州省贵阳市云岩区宝山北路180号",True,,,,,,,,,,,"{'rankingId': 'legacy-shanghairanking-bcur', 'edition': '2026', 'sortValue': 308.0, 'label': '2026软科主榜 220', 'sourceUrl': 'https://www.shanghairanking.cn/rankings/bcur/2026', 'legacy': True}",{},0,,0,
4152010664,遵义师范学院,贵州省,遵义市,,贵州省,遵义市,本科,378,560,[],False,教育部2026名录（CSV镜像）,,523,https://www.zync.edu.cn/,贵州省遵义市新蒲新区（红花岗区新蒲镇）平安大道中段,True,,,,,,,,,,,"{'rankingId': 'legacy-shanghairanking-bcur', 'edition': '2026', 'sortValue': 560.0, 'label': '2026软科主榜 378', 'sourceUrl': 'https://www.shanghairanking.cn/rankings/bcur/2026', 'legacy': True}",{},0,,0,
4152010665,铜仁学院,贵州省,铜仁市,,贵州省,铜仁市,本科,355,527,[],False,教育部2026名录（CSV镜像）,,1266,https://www.gztrc.edu.cn/,贵州省铜仁市碧江区川硐教育园区启航路238号,True,,,,,,,,,,,"{'rankingId': 'legacy-shanghairanking-bcur', 'edition': '2026', 'sortValue': 527.0, 'label': '2026软科主榜 355', 'sourceUrl': 'https://www.shanghairanking.cn/rankings/bcur/2026', 'legacy': True}",{},0,,0,
4152010666,兴义民族师范学院,贵州省,黔西南布依族苗族自治州,,贵州省,黔西南布依族苗族自治州,本科,500+,782,[],False,教育部2026名录（CSV镜像）,,2566,https://www.xynun.edu.cn/,"中心校区：贵州省兴义市木陇街道办兴义路1号,市内校区：贵州省黔西南布依族苗族自治州兴义市湖南街32号",True,,,,,,,,,,,"{'rankingId': 'legacy-shanghairanking-bcur', 'edition': '2026', 'sortValue': 782.0, 'label': '2026软科分类标签 500+', 'sourceUrl': 'https://www.shanghairanking.cn/rankings/bcur/2026', 'legacy': True}",{},0,,0,
4152010667,安顺学院,贵州省,安顺市,,贵州省,安顺市,本科,494,699,[],False,教育部2026名录（CSV镜像）,,1267,https://www.asu.edu.cn/,贵州省安顺市西秀区学院路25号,True,,,,,,,,,,,"{'rankingId': 'legacy-shanghairanking-bcur', 'edition': '2026', 'sortValue': 699.0, 'label': '2026软科主榜 494', 'sourceUrl': 'https://www.shanghairanking.cn/rankings/bcur/2026', 'legacy': True}",{},0,,0,
4152010668,贵州工程应用技术学院,贵州省,毕节市,,贵州省,毕节市,本科,500+,732,[],False,教育部2026名录（CSV镜像）,,1236,https://www.gues.edu.cn/,贵州省毕节市七星关区学院路1号,True,,,,,,,,,,,"{'rankingId': 'legacy-shanghairanking-bcur', 'edition': '2026', 'sortValue': 732.0, 'label': '2026软科分类标签 500+', 'sourceUrl': 'https://www.shanghairanking.cn/rankings/bcur/2026', 'legacy': True}",{},0,,0,
4152010669,凯里学院,贵州省,黔东南苗族侗族自治州,,贵州省,黔东南苗族侗族自治州,本科,493,698,[],False,教育部2026名录（CSV镜像）,,1268,https://www.kluniv.edu.cn/,贵州省凯里经济开发区开元大道3号,True,,,,,,,,,,,"{'rankingId': 'legacy-shanghairanking-bcur', 'edition': '2026', 'sortValue': 698.0, 'label': '2026软科主榜 493', 'sourceUrl': 'https://www.shanghairanking.cn/rankings/bcur/2026', 'legacy': True}",{},0,,0,
4152010670,黔南民族师范学院,贵州省,黔南布依族苗族自治州,,贵州省,黔南布依族苗族自治州,本科,372,553,[],False,教育部2026名录（CSV镜像）,,522,https://www.sgmtu.edu.cn/,"都匀校区：贵州省都匀市剑江大道中段5号,独山校区：贵州省黔南布依族苗族自治州独山县南通南路58号附22号",True,,,,,,,,,,,"{'rankingId': 'legacy-shanghairanking-bcur', 'edition': '2026', 'sortValue': 553.0, 'label': '2026软科主榜 372', 'sourceUrl': 'https://www.shanghairanking.cn/rankings/bcur/2026', 'legacy': True}",{},0,,0,
4152010671,贵州财经大学,贵州省,贵阳市,,贵州省,贵阳市,本科,财29,394,[],False,教育部2026名录（CSV镜像）,,520,https://www.gufe.edu.cn,"花溪校区：贵州省贵阳市花溪区党武街道花溪大学城,河滨校区：贵州省贵阳市南明区河滨街道瑞金南路121号,鹿冲关校区：贵阳市云岩区鹿冲关路276号",True,,,,,,,,,,,"{'rankingId': 'legacy-shanghairanking-bcur', 'edition': '2026', 'sortValue': 394.0, 'label': '2026软科分类标签 财29', 'sourceUrl': 'https://www.shanghairanking.cn/rankings/bcur/2026', 'legacy': True}",{},0,,0,
4152010672,贵州民族大学,贵州省,贵阳市,,贵州省,贵阳市,本科,民7,405,[],False,教育部2026名录（CSV镜像）,,516,https://www.gzmu.edu.cn/,贵州省贵阳市花溪区贵州民族大学大学城校区,True,,,,,,,,,,,"{'rankingId': 'legacy-shanghairanking-bcur', 'edition': '2026', 'sortValue': 405.0, 'label': '2026软科分类标签 民7', 'sourceUrl': 'https://www.shanghairanking.cn/rankings/bcur/2026', 'legacy': True}",{},0,,0,
4152010976,贵阳学院,贵州省,贵阳市,,贵州省,贵阳市,本科,369,545,[],False,教育部2026名录（CSV镜像）,,1071,https://www.gyu.edu.cn/,贵州省贵阳市南明区见龙洞路103号,True,,,,,,,,,,,"{'rankingId': 'legacy-shanghairanking-bcur', 'edition': '2026', 'sortValue': 545.0, 'label': '2026软科主榜 369', 'sourceUrl': 'https://www.shanghairanking.cn/rankings/bcur/2026', 'legacy': True}",{},0,,0,
4152010977,六盘水师范学院,贵州省,六盘水市,,贵州省,六盘水市,本科,428,625,[],False,教育部2026名录（CSV镜像）,,1596,https://www.lpssy.edu.cn/,贵州省六盘水市钟山区明湖路288号,True,,,,,,,,,,,"{'rankingId': 'legacy-shanghairanking-bcur', 'edition': '2026', 'sortValue': 625.0, 'label': '2026软科主榜 428', 'sourceUrl': 'https://www.shanghairanking.cn/rankings/bcur/2026', 'legacy': True}",{},0,,0,
4152011731,贵州商学院,贵州省,贵阳市,,贵州省,贵阳市,本科,财46+,802,[],False,教育部2026名录（CSV镜像）,,1564,https://www.gzcc.edu.cn,贵州省贵阳市白云区麦架镇二十六大道1号,True,,,,,,,,,,,"{'rankingId': 'legacy-shanghairanking-bcur', 'edition': '2026', 'sortValue': 802.0, 'label': '2026软科分类标签 财46+', 'sourceUrl': 'https://www.shanghairanking.cn/rankings/bcur/2026', 'legacy': True}",{},0,,0,
4152012107,贵州警察学院,贵州省,贵阳市,,贵州省,贵阳市,本科,政29,655,[],False,教育部2026名录（CSV镜像）,,2266,https://www.gzjgxy.cn,贵州省贵阳市双龙航空港经济区见龙洞路175号,True,,,,,,,,,,,"{'rankingId': 'legacy-shanghairanking-bcur', 'edition': '2026', 'sortValue': 655.0, 'label': '2026软科分类标签 政29', 'sourceUrl': 'https://www.shanghairanking.cn/rankings/bcur/2026', 'legacy': True}",{},0,,0,
4152013647,贵州中医药大学时珍学院,贵州省,贵阳市,,贵州省,贵阳市,本科,,999999,[],True,教育部2026名录（CSV镜像）,民办,2572,https://www.gzyszxy.cn/,贵州省贵阳市修文龙场街道白龙路9号,True,,,,,,,,,,,,{},0,,0,
4152013648,贵州黔南经济学院,贵州省,黔南布依族苗族自治州,,贵州省,黔南布依族苗族自治州,本科,财21,953,[],True,教育部2026名录（CSV镜像）,民办,2573,https://gzsu.net/,贵州省黔南州惠水县建设西路402号,True,,,,,,,,,,,"{'rankingId': 'legacy-shanghairanking-bcur', 'edition': '2026', 'sortValue': 953.0, 'label': '2026软科分类标签 财21', 'sourceUrl': 'https://www.shanghairanking.cn/rankings/bcur/2026', 'legacy': True}",{},0,,0,
4152013649,贵州黔南科技学院,贵州省,黔南布依族苗族自治州,,贵州省,黔南布依族苗族自治州,本科,100+,1013,[],True,教育部2026名录（CSV镜像）,民办,2275,https://www.gzucst.com/,贵州省黔南州惠水县涟江街道办事处建设西路300号,True,,,,,,,,,,,"{'rankingId': 'legacy-shanghairanking-bcur', 'edition': '2026', 'sortValue': 1013.0, 'label': '2026软科分类标签 100+', 'sourceUrl': 'https://www.shanghairanking.cn/rankings/bcur/2026', 'legacy': True}",{},0,,0,
4152013650,贵阳信息科技学院,贵州省,贵阳市,,贵州省,贵阳市,本科,100+,1012,[],True,教育部2026名录（CSV镜像）,民办,2276,https://www.gyiist.edu.cn/,贵州省贵阳市贵安新区花溪大学城思雅路8号,True,,,,,,,,,,,"{'rankingId': 'legacy-shanghairanking-bcur', 'edition': '2026', 'sortValue': 1012.0, 'label': '2026软科分类标签 100+', 'sourceUrl': 'https://www.shanghairanking.cn/rankings/bcur/2026', 'legacy': True}",{},0,,0,
4152013651,贵阳人文科技学院,贵州省,贵阳市,,贵州省,贵阳市,本科,61,946,[],True,教育部2026名录（CSV镜像）,民办,2574,https://www.gzmdrw.cn/,"花溪校区：贵州省贵阳市花溪区花溪大道南段1166号,大学城校区：贵州省贵阳市花溪区南环高速大学城",True,,,,,,,,,,,"{'rankingId': 'legacy-shanghairanking-bcur', 'edition': '2026', 'sortValue': 946.0, 'label': '2026软科主榜 61', 'sourceUrl': 'https://www.shanghairanking.cn/rankings/bcur/2026', 'legacy': True}",{},0,,0,
4152016206,贵阳康养职业大学,贵州省,贵阳市,,贵州省,贵阳市,本科,,999999,[],False,教育部2026名录（CSV镜像）,,2274,https://gyhvu.edu.cn/,贵州省贵阳市观山湖区石林西路2号,True,,,,,,,,,,,,{},0,,0,
4152013653,遵义医科大学医学与科技学院,贵州省,遵义市,,贵州省,遵义市,本科,,999999,[],True,教育部2026名录（CSV镜像）,民办,2571,https://mts.zmu.edu.cn/,贵州省遵义市新蒲新区园区1号路12号,True,,,,,,,,,,,,{},0,,0,
4152013676,贵州医科大学神奇民族医药学院,贵州省,贵阳市,,贵州省,贵阳市,本科,,999999,[],True,教育部2026名录（CSV镜像）,民办,2575,https://www.gysqxy.edu.cn/,贵州省贵阳市南明区朝钢路8号,True,,,,,,,,,,,,{},0,,0,
4152014223,贵州师范学院,贵州省,贵阳市,,贵州省,贵阳市,本科,335,494,[],False,教育部2026名录（CSV镜像）,,1570,https://www.gznc.edu.cn/,贵州省贵阳市乌当区高新路115号,True,,,,,,,,,,,"{'rankingId': 'legacy-shanghairanking-bcur', 'edition': '2026', 'sortValue': 494.0, 'label': '2026软科主榜 335', 'sourceUrl': 'https://www.shanghairanking.cn/rankings/bcur/2026', 'legacy': True}",{},0,,0,
4152014440,贵州理工学院,贵州省,贵阳市,,贵州省,贵阳市,本科,411,603,[],False,教育部2026名录（CSV镜像）,,2996,https://www.git.edu.cn/,贵州省贵阳市花溪区博士路贵州理工学院,True,,,,,,,,,,,"{'rankingId': 'legacy-shanghairanking-bcur', 'edition': '2026', 'sortValue': 603.0, 'label': '2026软科主榜 411', 'sourceUrl': 'https://www.shanghairanking.cn/rankings/bcur/2026', 'legacy': True}",{},0,,0,
4152014625,茅台学院,贵州省,遵义市,,贵州省,遵义市,本科,6,874,[],True,教育部2026名录（CSV镜像）,民办,3287,https://www.mtxy.edu.cn/,贵州省仁怀市鲁班大道,True,,,,,,,,,,,"{'rankingId': 'legacy-shanghairanking-bcur', 'edition': '2026', 'sortValue': 874.0, 'label': '2026软科主榜 6', 'sourceUrl': 'https://www.shanghairanking.cn/rankings/bcur/2026', 'legacy': True}",{},0,,0,
4152012222,贵州交通职业大学,贵州省,贵阳市,,贵州省,贵阳市,本科,,999999,[],False,教育部2026名录（CSV镜像）,,2267,https://www.gzcpu.edu.cn/,贵州省贵阳市清镇市云站路25号,True,,,,,,,,,,,,{},0,,0,
4152013055,铜仁职业技术大学,贵州省,铜仁市,,贵州省,铜仁市,本科,,999999,[],False,教育部2026名录（CSV镜像）,,1565,https://www.trzy.edu.cn/,"教育园区校区：贵州省铜仁市碧江区自由路2号,木秀坪校区：贵州省铜仁市碧江区川硐街道新地医对面,高新区校区：贵州省铜仁市碧江区智南路与兴智西路交叉口南500米",True,,,,,,,,,,,,{},0,,0,
4152013818,贵州轻工职业大学,贵州省,贵阳市,,贵州省,贵阳市,本科,,999999,[],False,教育部2026名录（CSV镜像）,,2273,https://www.gzqy.cn,贵州省贵阳市贵安新区云安路1号贵州轻工职业技术学院科技新城校区,True,,,,,,,,,,,,{},0,,0,
4152014412,贵州工商职业大学,贵州省,贵阳市,,贵州省,贵阳市,本科,,999999,[],True,教育部2026名录（CSV镜像）,民办,3117,https://www.gzgsc.edu.cn/,贵州贵阳职教城（清镇市双桥路105号）,True,,,,,,,,,,,,{},0,,0,
4152013052,贵州工业职业技术大学,贵州省,贵阳市,,贵州省,贵阳市,本科,,999999,[],False,教育部2026名录（CSV镜像）,,2567,https://www.gzky.edu.cn/,"观山湖校区：贵州省贵阳市观山湖区长岭南路,清镇校区：贵州清镇职教城将军石路3号",True,,,,,,,,,,,,{},0,,0,
4152011663,黔南民族医学高等专科学校,贵州省,黔南布依族苗族自治州,,贵州省,黔南布依族苗族自治州,专科,,999999,[],False,教育部2026名录（CSV镜像）,,1561,https://www.qnmc.cn/,"杉木湖校区：贵州省都匀市匀东镇杉木湖大道东段11号,东山校区：贵州省黔南布依族苗族自治州都匀市文明路63号,青云湖校区：贵州省都匀市匀东镇青云湖大道东段9号",True,,,,,,,,,,,,{},0,,0,
4152012223,贵州航天职业技术学院,贵州省,遵义市,,贵州省,遵义市,专科,,999999,[],False,教育部2026名录（CSV镜像）,,2268,https://www.gzhtzy.edu.cn/,"新蒲大学城校区：贵州省遵义市新蒲新区平安大道,延安路校区：贵州省遵义市红花岗区延安路314号,虾子校区：遵义市红花岗区虾子镇沙岗头",True,,,,,,,,,,,,{},0,,0,
4152012336,贵州电子信息职业技术学院,贵州省,黔东南苗族侗族自治州,,贵州省,黔东南苗族侗族自治州,专科,,999999,[],False,教育部2026名录（CSV镜像）,,2269,https://www.gzeic.edu.cn/,贵州省黔东南自治州凯里市华联路1号,True,,,,,,,,,,,,{},0,,0,
4152012821,安顺职业技术学院,贵州省,安顺市,,贵州省,安顺市,专科,,999999,[],False,教育部2026名录（CSV镜像）,,1567,https://www.asotc.cn,贵州省安顺市西秀工业园区两六路,True,,,,,,,,,,,,{},0,,0,
4152012822,黔东南民族职业技术学院,贵州省,黔东南苗族侗族自治州,,贵州省,黔东南苗族侗族自治州,专科,,999999,[],False,教育部2026名录（CSV镜像）,,1572,https://www.qdnpt.edu.cn/,"凯里校区：贵州省凯里市经济开发区凯开大道1009号,万达校区：贵州省丹寨金钟经济开发区长兴大道北侧",True,,,,,,,,,,,,{},0,,0,
4152012823,黔南民族职业技术学院,贵州省,黔南布依族苗族自治州,,贵州省,黔南布依族苗族自治州,专科,,999999,[],False,教育部2026名录（CSV镜像）,,2270,https://www.qnzy.net,贵州省黔南布依族苗族自治州都匀市甘塘镇绿茵湖产业园区,True,,,,,,,,,,,,{},0,,0,
4152012824,遵义职业技术学院,贵州省,遵义市,,贵州省,遵义市,专科,,999999,[],False,教育部2026名录（CSV镜像）,,1562,https://www.zyzy.edu.cn/,"新蒲校区：贵州省遵义市新蒲新区大学城长征大道,虾子校区：贵州省遵义市新蒲新区虾子镇文化西路57号",True,,,,,,,,,,,,{},0,,0,
4152012850,贵州城市职业学院,贵州省,贵阳市,,贵州省,贵阳市,专科,,999999,[],True,教育部2026名录（CSV镜像）,民办,2277,http://www.gzcsxy.cn/index.jsp,贵州省贵阳市花溪大学城,True,,,,,,,,,,,,{},0,,0,
4152013053,贵州电力职业技术学院,贵州省,贵阳市,,贵州省,贵阳市,专科,,999999,[],False,教育部2026名录（CSV镜像）,,,,,True,,,,,,,,,,,,{},0,,0,
4152013054,六盘水职业技术学院,贵州省,六盘水市,,贵州省,六盘水市,专科,,999999,[],False,教育部2026名录（CSV镜像）,,1563,https://www.lpszy.cn,贵州省六盘水市钟山区钟山大道西段1119号,True,,,,,,,,,,,,{},0,,0,
4152013817,黔西南民族职业技术学院,贵州省,黔西南布依族苗族自治州,,贵州省,黔西南布依族苗族自治州,专科,,999999,[],False,教育部2026名录（CSV镜像）,,2272,https://www.qxnvc.edu.cn/,贵州省兴义市丰都街道办民航大道66号,True,,,,,,,,,,,,{},0,,0,
4152014011,遵义医药高等专科学校,贵州省,遵义市,,贵州省,遵义市,专科,,999999,[],False,教育部2026名录（CSV镜像）,,1451,https://www.zunyiyizhuan.cn/,贵州省遵义市新蒲新区大学城平安北路8号,True,,,,,,,,,,,,{},0,,0,
4152014129,贵阳职业技术学院,贵州省,贵阳市,,贵州省,贵阳市,专科,,999999,[],False,教育部2026名录（CSV镜像）,,1590,https://www.gyvtc.edu.cn/index.htm,"观山湖校区：贵州省贵阳市观山湖区云潭南路609号,华家阁校区：贵州省贵阳市云岩区文笔街86号‌,清镇校区：贵州省贵阳市观山湖区金马大道东150米",True,,,,,,,,,,,,{},0,,0,
4152014198,毕节职业技术学院,贵州省,毕节市,,贵州省,毕节市,专科,,999999,[],False,教育部2026名录（CSV镜像）,,2568,https://www.gzbjzy.edu.cn/,贵州省毕节市金海湖新区职教城文曲路,True,,,,,,,,,,,,{},0,,0,
4152014252,贵州职业技术学院,贵州省,贵阳市,,贵州省,贵阳市,专科,,999999,[],False,教育部2026名录（CSV镜像）,,2569,https://www.gzvti.com/xysy.htm,"云潭南路校区：贵州省贵阳市观山湖区云潭南路3号,八鸽岩路校区：贵州省贵阳市云岩区地矿小区西北角",True,,,,,,,,,,,,{},0,,0,
4152014371,贵州盛华职业学院,贵州省,黔南布依族苗族自治州,,贵州省,黔南布依族苗族自治州,专科,,999999,[],True,教育部2026名录（CSV镜像）,民办,3116,https://www.forerunnercollege.com/,贵州省黔南州惠水县百鸟河数字小镇,True,,,,,,,,,,,,{},0,,0,
4152014469,贵阳幼儿师范高等专科学校,贵州省,贵阳市,,贵州省,贵阳市,专科,,999999,[],False,教育部2026名录（CSV镜像）,,3225,http://www.gypec.edu.cn,贵州省贵阳市清镇市职教城东区,True,,,,,,,,,,,,{},0,,0,
4152014470,铜仁幼儿师范高等专科学校,贵州省,铜仁市,,贵州省,铜仁市,专科,,999999,[],False,教育部2026名录（CSV镜像）,,3229,https://www.trpec.edu.cn,贵州省铜仁市碧江区川硐教育园区,True,,,,,,,,,,,,{},0,,0,
4152014497,黔南民族幼儿师范高等专科学校,贵州省,黔南布依族苗族自治州,,贵州省,黔南布依族苗族自治州,专科,,999999,[],False,教育部2026名录（CSV镜像）,,3302,http://www.qnyzh.cn,贵州省贵定县金南社区利民路48号,True,,,,,,,,,,,,{},0,,0,
4152014499,毕节医学高等专科学校,贵州省,毕节市,,贵州省,毕节市,专科,,999999,[],False,教育部2026名录（CSV镜像）,,3235,https://www.bijiemc.cn,"主校区：贵州省毕节市高新区双山职教城文馨大道1号,东校区：贵州省毕节市大方县杜鹃大道与326国道交叉口北150米",True,,,,,,,,,,,,{},0,,0,
4152014516,贵州建设职业技术学院,贵州省,贵阳市,,贵州省,贵阳市,专科,,999999,[],False,教育部2026名录（CSV镜像）,,3197,https://www.gzjszy.cn,贵阳市清镇市职教城东区百花路,True,,,,,,,,,,,,{},0,,0,
4152014538,毕节幼儿师范高等专科学校,贵州省,毕节市,,贵州省,毕节市,专科,,999999,[],False,教育部2026名录（CSV镜像）,,3306,https://www.gzbjyz.edu.cn,贵州省毕节市金海湖职教城,True,,,,,,,,,,,,{},0,,0,
4152014549,贵州农业职业学院,贵州省,贵阳市,,贵州省,贵阳市,专科,,999999,[],False,教育部2026名录（CSV镜像）,,3234,https://www.gznyzyxy.cn,"清镇校区：贵州省贵阳市清镇市职教城乡愁校区黄柿路3号,乌当校区：贵州省贵阳市乌当区洛湾镇云锦村贵州省畜牧兽医学校附近",True,,,,,,,,,,,,{},0,,0,
4152014558,贵州工程职业学院,贵州省,铜仁市,,贵州省,铜仁市,专科,,999999,[],True,教育部2026名录（CSV镜像）,民办,3205,http://www.gzieu.com,贵州省铜仁市德江县上海路54号（大学城）,True,,,,,,,,,,,,{},0,,0,
4152014559,贵州工贸职业学院,贵州省,毕节市,,贵州省,毕节市,专科,,999999,[],True,教育部2026名录（CSV镜像）,民办,3231,https://www.gzvcit.edu.cn/,贵州省威宁县滨海大道777号,True,,,,,,,,,,,,{},0,,0,
4152014577,贵州水利水电职业技术学院,贵州省,贵阳市,,贵州省,贵阳市,专科,,999999,[],False,教育部2026名录（CSV镜像）,,3233,https://www.gzsdzy.cn,贵州省贵阳市清镇市职教城西区龙井路1号,True,,,,,,,,,,,,{},0,,0,
4152014578,贵州电子商务职业技术学院,贵州省,贵阳市,,贵州省,贵阳市,专科,,999999,[],False,教育部2026名录（CSV镜像）,,3298,https://www.gzdsxy.org.cn/,"清镇校区：贵州省清镇市职教城乡愁大道云站路54号,花果园校区：贵州省贵阳市南明区花果园立交桥附近沙坡路124号,二戈寨校区：贵阳市南明区富源路",True,,,,,,,,,,,,{},0,,0,
4152014579,贵州应用技术职业学院,贵州省,黔南布依族苗族自治州,,贵州省,黔南布依族苗族自治州,专科,,999999,[],True,教育部2026名录（CSV镜像）,民办,3232,https://www.gzyyxy.com/,贵州省福泉市金山办事处金鸡山路,True,,,,,,,,,,,,{},0,,0,
4152014580,贵州电子科技职业学院,贵州省,贵阳市,,贵州省,贵阳市,专科,,999999,[],False,教育部2026名录（CSV镜像）,,3290,https://www.gzdzxy.cn,贵州省贵安新区马场科技新城天玑路1号,True,,,,,,,,,,,,{},0,,0,
4152014613,贵州装备制造职业学院,贵州省,贵阳市,,贵州省,贵阳市,专科,,999999,[],False,教育部2026名录（CSV镜像）,,3301,https://www.gzzbzy.cn/,"清镇校区：贵阳市清镇市职教城东区将军石路1号,南明校区：贵州省贵阳市南明区富源南路(二戈寨)二戈巷1号",True,,,,,,,,,,,,{},0,,0,
4152014614,贵州健康职业学院,贵州省,铜仁市,,贵州省,铜仁市,专科,,999999,[],False,教育部2026名录（CSV镜像）,,3307,https://www.gzjkzy.edu.cn/,贵州省铜仁市川硐教育园区,True,,,,,,,,,,,,{},0,,0,
4152014615,贵州食品工程职业学院,贵州省,贵阳市,,贵州省,贵阳市,专科,,999999,[],False,教育部2026名录（CSV镜像）,,3300,https://www.gzspzy.cn/,"清镇职教城乡愁校区：贵州省贵阳市清镇市清镇职教城乡愁校区桃林路1号,贵阳北校区：贵州省贵阳市南明区瑞金南路121号,贵阳南校区：贵州省贵阳市云岩区新添大道南段304号",True,,,,,,,,,,,,{},0,,0,
4152014616,贵州经贸职业技术学院,贵州省,黔南布依族苗族自治州,,贵州省,黔南布依族苗族自治州,专科,,999999,[],False,教育部2026名录（CSV镜像）,,3303,https://www.gzjmzy.cn,"主校区：贵州省都匀市绿茵湖产业园区,贵阳校区：贵州省贵阳市云岩区白云大道229号,南校区：贵州省黔南布依族苗族自治州都匀市纸房路22号",True,,,,,,,,,,,,{},0,,0,
4152014617,贵州护理职业技术学院,贵州省,黔南布依族苗族自治州,,贵州省,黔南布依族苗族自治州,专科,,999999,[],False,教育部2026名录（CSV镜像）,,3299,https://www.gznvc.com/,"金海校区：贵州省贵定县盘江镇清定桥村文明西路168号,花溪校区：贵州省贵阳市花溪区大职路",True,,,,,,,,,,,,{},0,,0,
4152014630,六盘水幼儿师范高等专科学校,贵州省,六盘水市,,贵州省,六盘水市,专科,,999999,[],False,教育部2026名录（CSV镜像）,,3308,https://lpsyz.cn/,贵州省六盘水市水城区以朵街道住武社区以朵大道8号,True,,,,,,,,,,,,{},0,,0,
4152014648,毕节工业职业技术学院,贵州省,毕节市,,贵州省,毕节市,专科,,999999,[],False,教育部2026名录（CSV镜像）,,3305,http://www.bjgzy.cn/,毕节市金海湖职教城文翰路,True,,,,,,,,,,,,{},0,,0,
4152014733,贵州机电职业技术学院,贵州省,黔南布依族苗族自治州,,贵州省,黔南布依族苗族自治州,专科,,999999,[],False,教育部2026名录（CSV镜像）,,3531,https://www.gztcme.cn/,贵州省都匀市旗山大道北段8号,True,,,,,,,,,,,,{},0,,0,
4152014734,贵州财经职业学院,贵州省,贵阳市,,贵州省,贵阳市,专科,,999999,[],False,教育部2026名录（CSV镜像）,,3532,https://www.gzcfe.edu.cn/,清镇市乡愁校区云站路50号（清镇市站街镇燕尾村、三河村境内）,True,,,,,,,,,,,,{},0,,0,
4152014735,贵州民用航空职业学院,贵州省,安顺市,,贵州省,安顺市,专科,,999999,[],True,教育部2026名录（CSV镜像）,民办,3549,http://www.gzmhxy.cn/index.html,贵州省安顺市平坝区乐平镇（航空小镇）,True,,,,,,,,,,,,{},0,,0,
4152014769,贵州文化旅游职业学院,贵州省,贵阳市,,贵州省,贵阳市,专科,,999999,[],False,教育部2026名录（CSV镜像）,,3597,https://www.gzwhlyzyxy.cn/,"清镇校区：贵州省贵阳市清镇市百花路31号,花溪校区：贵州省贵阳市花溪区迎宾路146号",True,,,,,,,,,,,,{},0,,0,
4252050963,贵州航空职业技术学院,贵州省,贵阳市,,贵州省,贵阳市,专科,,999999,[],False,教育部2026名录（CSV镜像）,,3415,https://www.gzhkzy.cn/,贵州省贵阳市经济技术开发区小孟工业园航空南路,True,,,,,,,,,,,,{},0,,0,
4152014799,贵州体育职业学院,贵州省,贵阳市,,贵州省,贵阳市,专科,,999999,[],False,教育部2026名录（CSV镜像）,,3655,https://gztyzyxy.com,贵州省贵阳市花溪区花溪大道南段638号董家堰,True,,,,,,,,,,,,{},0,,0,
4152014800,贵州铜仁数据职业学院,贵州省,铜仁市,,贵州省,铜仁市,专科,,999999,[],True,教育部2026名录（CSV镜像）,民办,3635,https://www.gztrsjzy.cn/,贵州省铜仁市万山区仁山街道开天职教园区,True,,,,,,,,,,,,{},0,,0,
4152014848,贵州传媒职业学院,贵州省,贵阳市,,贵州省,贵阳市,专科,,999999,[],False,教育部2026名录（CSV镜像）,,3693,http://gzcmc.edu.cn/,贵州省贵阳市清镇市乡愁大道50号,True,,,,,,,,,,,,{},0,,0,
4152014849,贵州生态能源职业学院,贵州省,贵阳市,,贵州省,贵阳市,专科,,999999,[],False,教育部2026名录（CSV镜像）,,3700,http://www.gzstny.edu.cn/,贵州省贵阳市云岩区蔡家关贵工大社区贵工路一号,True,,,,,,,,,,,,{},0,,0,
4152014850,黔东南理工职业学院,贵州省,黔东南苗族侗族自治州,,贵州省,黔东南苗族侗族自治州,专科,,999999,[],False,教育部2026名录（CSV镜像）,,3701,https://www.qdnpc.edu.cn/,"二龙校区：贵州省黔东南州凯里市二龙路309号,镰刀湾校区：凯里市高新区教育园区",True,,,,,,,,,,,,{},0,,0,
4153010673,云南大学,云南省,昆明市,,云南省,昆明市,本科,71,86,"['211', '双一流']",False,教育部2026名录（CSV镜像）,,35,https://www.ynu.edu.cn/,"东陆校区：云南省昆明市五华区翠湖北路2号,呈贡校区：云南省昆明市呈贡区大学城东外环南路",True,,,,,,,,,,,"{'rankingId': 'legacy-shanghairanking-bcur', 'edition': '2026', 'sortValue': 86.0, 'label': '2026软科主榜 71', 'sourceUrl': 'https://www.shanghairanking.cn/rankings/bcur/2026', 'legacy': True}",{},0,,0,
4153010674,昆明理工大学,云南省,昆明市,,云南省,昆明市,本科,110,145,[],False,教育部2026名录（CSV镜像）,,342,https://www.kmust.edu.cn,"呈贡校区：云南省昆明市呈贡区景明南路727号,嵩明校区：云南省昆明市嵩明职教新城空港大道1号,莲华校区：云南省昆明市一二一大街文昌路68号,新迎校区：云南省昆明市环城东路50号",True,,,,,,,,,,,"{'rankingId': 'legacy-shanghairanking-bcur', 'edition': '2026', 'sortValue': 145.0, 'label': '2026软科主榜 110', 'sourceUrl': 'https://www.shanghairanking.cn/rankings/bcur/2026', 'legacy': True}",{},0,,0,
4153010676,云南农业大学,云南省,昆明市,,云南省,昆明市,本科,290,424,[],False,教育部2026名录（CSV镜像）,,343,https://www.ynau.edu.cn/,"校本部：云南省昆明市盘龙区沣源路452号,普洱校区：普洱市思茅区倚象镇帝泊洱大道中段",True,,,,,,,,,,,"{'rankingId': 'legacy-shanghairanking-bcur', 'edition': '2026', 'sortValue': 424.0, 'label': '2026软科主榜 290', 'sourceUrl': 'https://www.shanghairanking.cn/rankings/bcur/2026', 'legacy': True}",{},0,,0,
4153010677,西南林业大学,云南省,昆明市,,云南省,昆明市,本科,303,453,[],False,教育部2026名录（CSV镜像）,,346,https://www.swfu.edu.cn/,云南省昆明市盘龙区白龙寺300号,True,,,,,,,,,,,"{'rankingId': 'legacy-shanghairanking-bcur', 'edition': '2026', 'sortValue': 453.0, 'label': '2026软科主榜 303', 'sourceUrl': 'https://www.shanghairanking.cn/rankings/bcur/2026', 'legacy': True}",{},0,,0,
4153010678,昆明医科大学,云南省,昆明市,,云南省,昆明市,本科,医22,268,[],False,教育部2026名录（CSV镜像）,,347,https://www.kmmc.cn,"呈贡校区：云南省昆明市呈贡区雨花街道春融西路1168号,人民西路校区：云南省昆明市人民西路191号,平政校区：云南省昆明市五华区平政街39号",True,,,,,,,,,,,"{'rankingId': 'legacy-shanghairanking-bcur', 'edition': '2026', 'sortValue': 268.0, 'label': '2026软科分类标签 医22', 'sourceUrl': 'https://www.shanghairanking.cn/rankings/bcur/2026', 'legacy': True}",{},0,,0,
4153010679,大理大学,云南省,大理白族自治州,,云南省,大理白族自治州,本科,285,416,[],False,教育部2026名录（CSV镜像）,,362,https://www.dali.edu.cn,"古城校区：云南省大理白族自治州大理市大理镇弘圣路2号,下关校区：云南省大理白族自治州大理市下关镇万花路22号",True,,,,,,,,,,,"{'rankingId': 'legacy-shanghairanking-bcur', 'edition': '2026', 'sortValue': 416.0, 'label': '2026软科主榜 285', 'sourceUrl': 'https://www.shanghairanking.cn/rankings/bcur/2026', 'legacy': True}",{},0,,0,
4153010680,云南中医药大学,云南省,昆明市,,云南省,昆明市,本科,中医22,418,[],False,教育部2026名录（CSV镜像）,,348,https://www.ynucm.edu.cn/,"呈贡校区：云南省昆明市呈贡区雨花路1076号,白塔校区：云南省昆明市盘龙区白塔路88号",True,,,,,,,,,,,"{'rankingId': 'legacy-shanghairanking-bcur', 'edition': '2026', 'sortValue': 418.0, 'label': '2026软科分类标签 中医22', 'sourceUrl': 'https://www.shanghairanking.cn/rankings/bcur/2026', 'legacy': True}",{},0,,0,
4153010681,云南师范大学,云南省,昆明市,,云南省,昆明市,本科,198,274,[],False,教育部2026名录（CSV镜像）,,344,https://www.ynnu.edu.cn/,"呈贡校区：云南省昆明市呈贡区雨花片区1号,一二·一西南联大校区：云南省昆明市一二·一大街298号",True,,,,,,,,,,,"{'rankingId': 'legacy-shanghairanking-bcur', 'edition': '2026', 'sortValue': 274.0, 'label': '2026软科主榜 198', 'sourceUrl': 'https://www.shanghairanking.cn/rankings/bcur/2026', 'legacy': True}",{},0,,0,
4153010683,昭通学院,云南省,昭通市,,云南省,昭通市,本科,500+,793,[],False,教育部2026名录（CSV镜像）,,2157,https://www.ztu.edu.cn/,云南省昭通市昭阳区国学路,True,,,,,,,,,,,"{'rankingId': 'legacy-shanghairanking-bcur', 'edition': '2026', 'sortValue': 793.0, 'label': '2026软科分类标签 500+', 'sourceUrl': 'https://www.shanghairanking.cn/rankings/bcur/2026', 'legacy': True}",{},0,,0,
4153010684,曲靖师范学院,云南省,曲靖市,,云南省,曲靖市,本科,400,590,[],False,教育部2026名录（CSV镜像）,,1089,https://www.qjnu.edu.cn/,"校本部：云南省曲靖市麒麟区三江大道222号,古城校区：云南省曲靖市麒麟区麒麟西路328号",True,,,,,,,,,,,"{'rankingId': 'legacy-shanghairanking-bcur', 'edition': '2026', 'sortValue': 590.0, 'label': '2026软科主榜 400', 'sourceUrl': 'https://www.shanghairanking.cn/rankings/bcur/2026', 'legacy': True}",{},0,,0,
4153010685,普洱学院,云南省,普洱市,,云南省,普洱市,本科,500+,760,[],False,教育部2026名录（CSV镜像）,,2158,https://www.peu.edu.cn/,云南省普洱市学苑路6号,True,,,,,,,,,,,"{'rankingId': 'legacy-shanghairanking-bcur', 'edition': '2026', 'sortValue': 760.0, 'label': '2026软科分类标签 500+', 'sourceUrl': 'https://www.shanghairanking.cn/rankings/bcur/2026', 'legacy': True}",{},0,,0,
4153010686,保山学院,云南省,保山市,,云南省,保山市,本科,500+,711,[],False,教育部2026名录（CSV镜像）,,2520,https://www.bsnc.cn/,云南省保山市隆阳区远征路16号,True,,,,,,,,,,,"{'rankingId': 'legacy-shanghairanking-bcur', 'edition': '2026', 'sortValue': 711.0, 'label': '2026软科分类标签 500+', 'sourceUrl': 'https://www.shanghairanking.cn/rankings/bcur/2026', 'legacy': True}",{},0,,0,
4153010687,红河学院,云南省,红河哈尼族彝族自治州,,云南省,红河哈尼族彝族自治州,本科,500+,747,[],False,教育部2026名录（CSV镜像）,,355,https://www.uoh.edu.cn/,云南省红河哈尼族彝族自治州蒙自市红河大道,True,,,,,,,,,,,"{'rankingId': 'legacy-shanghairanking-bcur', 'edition': '2026', 'sortValue': 747.0, 'label': '2026软科分类标签 500+', 'sourceUrl': 'https://www.shanghairanking.cn/rankings/bcur/2026', 'legacy': True}",{},0,,0,
4153010689,云南财经大学,云南省,昆明市,,云南省,昆明市,本科,财31,409,[],False,教育部2026名录（CSV镜像）,,356,https://www.ynufe.edu.cn/,"龙泉路校区：云南省昆明市五华区龙泉路237号,安宁校区：云南省昆明市安宁市安宁市金方街道办事处普融路999号",True,,,,,,,,,,,"{'rankingId': 'legacy-shanghairanking-bcur', 'edition': '2026', 'sortValue': 409.0, 'label': '2026软科分类标签 财31', 'sourceUrl': 'https://www.shanghairanking.cn/rankings/bcur/2026', 'legacy': True}",{},0,,0,
4153010690,云南艺术学院,云南省,昆明市,,云南省,昆明市,本科,,999999,[],False,教育部2026名录（CSV镜像）,,360,https://www.ynart.edu.cn/,"呈贡校区：云南省昆明市呈贡区雨花路1577号,麻园校区：云南省昆明市科业路23号",True,,,,,,,,,,,,{},0,,0,
4153010691,云南民族大学,云南省,昆明市,,云南省,昆明市,本科,民10,445,[],False,教育部2026名录（CSV镜像）,,345,https://www.ymu.edu.cn/,"雨花校区：云南省昆明市呈贡区月华街2929号,莲华校区：云南省昆明市五华区一二一大街134号",True,,,,,,,,,,,"{'rankingId': 'legacy-shanghairanking-bcur', 'edition': '2026', 'sortValue': 445.0, 'label': '2026软科分类标签 民10', 'sourceUrl': 'https://www.shanghairanking.cn/rankings/bcur/2026', 'legacy': True}",{},0,,0,
4153011390,玉溪师范学院,云南省,玉溪市,,云南省,玉溪市,本科,467,671,[],False,教育部2026名录（CSV镜像）,,350,https://www.yxnu.edu.cn/,云南省玉溪市红塔区凤凰路134号,True,,,,,,,,,,,"{'rankingId': 'legacy-shanghairanking-bcur', 'edition': '2026', 'sortValue': 671.0, 'label': '2026软科主榜 467', 'sourceUrl': 'https://www.shanghairanking.cn/rankings/bcur/2026', 'legacy': True}",{},0,,0,
4153011391,楚雄师范学院,云南省,楚雄彝族自治州,,云南省,楚雄彝族自治州,本科,500+,720,[],False,教育部2026名录（CSV镜像）,,353,https://www.cxtc.edu.cn/,"雁塔校区：云南省楚雄彝族自治州楚雄市鹿城南路546号,花果山校区：云南省楚雄彝族自治州楚雄市鹿城南路586号",True,,,,,,,,,,,"{'rankingId': 'legacy-shanghairanking-bcur', 'edition': '2026', 'sortValue': 720.0, 'label': '2026软科分类标签 500+', 'sourceUrl': 'https://www.shanghairanking.cn/rankings/bcur/2026', 'legacy': True}",{},0,,0,
4153011392,云南警官学院,云南省,昆明市,,云南省,昆明市,本科,政23,576,[],False,教育部2026名录（CSV镜像）,,359,https://www.ynpc.edu.cn/,云南省昆明市五华区莲华街道教场北路249号,True,,,,,,,,,,,"{'rankingId': 'legacy-shanghairanking-bcur', 'edition': '2026', 'sortValue': 576.0, 'label': '2026软科分类标签 政23', 'sourceUrl': 'https://www.shanghairanking.cn/rankings/bcur/2026', 'legacy': True}",{},0,,0,
4153011393,昆明学院,云南省,昆明市,,云南省,昆明市,本科,389,577,[],False,教育部2026名录（CSV镜像）,,1044,https://www.kmu.edu.cn/,"校本部：云南省昆明市昆明国家经济技术开发区浦新路2号,昆师路校区：云南省昆明市五华区昆师路2号",True,,,,,,,,,,,"{'rankingId': 'legacy-shanghairanking-bcur', 'edition': '2026', 'sortValue': 577.0, 'label': '2026软科主榜 389', 'sourceUrl': 'https://www.shanghairanking.cn/rankings/bcur/2026', 'legacy': True}",{},0,,0,
4153011556,文山学院,云南省,文山壮族苗族自治州,,云南省,文山壮族苗族自治州,本科,500+,779,[],False,教育部2026名录（CSV镜像）,,2521,https://www.wsu.edu.cn/,"校本部：云南省文山壮族苗族自治州文山市学府路66号,文山州职教园区：文山市城南片区文山州职教园区",True,,,,,,,,,,,"{'rankingId': 'legacy-shanghairanking-bcur', 'edition': '2026', 'sortValue': 779.0, 'label': '2026软科分类标签 500+', 'sourceUrl': 'https://www.shanghairanking.cn/rankings/bcur/2026', 'legacy': True}",{},0,,0,
4153012560,云南经济管理学院,云南省,昆明市,,云南省,昆明市,本科,财15,943,[],True,教育部2026名录（CSV镜像）,民办,2184,https://www.ynjgy.edu.cn/,"海源校区：云南省昆明市五华区海屯路296号,安宁校区：云南省安宁市职教园区麒麟路17号",True,,,,,,,,,,,"{'rankingId': 'legacy-shanghairanking-bcur', 'edition': '2026', 'sortValue': 943.0, 'label': '2026软科分类标签 财15', 'sourceUrl': 'https://www.shanghairanking.cn/rankings/bcur/2026', 'legacy': True}",{},0,,0,
4153013326,滇池学院,云南省,昆明市,,云南省,昆明市,本科,52,934,[],True,教育部2026名录（CSV镜像）,民办,2523,https://www.dcc.edu.cn,"校本部：云南省昆明市滇池国家旅游度假区红塔东路2号,杨林校区：云南省昆明市嵩明职教新城文轩路,阳宗海校区：云南省昆明市阳宗海风景名胜区汤池街道",True,,,,,,,,,,,"{'rankingId': 'legacy-shanghairanking-bcur', 'edition': '2026', 'sortValue': 934.0, 'label': '2026软科主榜 52', 'sourceUrl': 'https://www.shanghairanking.cn/rankings/bcur/2026', 'legacy': True}",{},0,,0,
4153013328,丽江文化旅游学院,云南省,丽江市,,云南省,丽江市,本科,57,940,[],True,教育部2026名录（CSV镜像）,民办,2524,https://www.ljwhlyxy.edu.cn/index.html,云南省丽江市古城区玉泉路1号,True,,,,,,,,,,,"{'rankingId': 'legacy-shanghairanking-bcur', 'edition': '2026', 'sortValue': 940.0, 'label': '2026软科主榜 57', 'sourceUrl': 'https://www.shanghairanking.cn/rankings/bcur/2026', 'legacy': True}",{},0,,0,
4153013329,昆明理工大学津桥学院,云南省,昆明市,,云南省,昆明市,本科,,999999,[],True,教育部2026名录（CSV镜像）,民办,2526,http://www.oxbridge.edu.cn/,"高新校区：云南省昆明市五华区国家高新技术产业开发区海源北路1268号,空港校区：云南省昆明市官渡区云桥街(云瑞路)1369号",True,,,,,,,,,,,,{},0,,0,
4153013330,昆明城市学院,云南省,昆明市,,云南省,昆明市,本科,100+,1035,[],True,教育部2026名录（CSV镜像）,民办,1280,https://www.kmcc.edu.cn/,"海源校区：云南省昆明市五华区商院路1号,杨林校区：云南省昆明市嵩明县职教新城文林路1号",True,,,,,,,,,,,"{'rankingId': 'legacy-shanghairanking-bcur', 'edition': '2026', 'sortValue': 1035.0, 'label': '2026软科分类标签 100+', 'sourceUrl': 'https://www.shanghairanking.cn/rankings/bcur/2026', 'legacy': True}",{},0,,0,
4153013331,昆明文理学院,云南省,昆明市,,云南省,昆明市,本科,100+,1036,[],True,教育部2026名录（CSV镜像）,民办,2181,https://www.caskm.cn/,"龙泉校区：云南省昆明市五华区龙泉路岗头村627号,杨林校区：云南省昆明市嵩明职教新城文海路1号",True,,,,,,,,,,,"{'rankingId': 'legacy-shanghairanking-bcur', 'edition': '2026', 'sortValue': 1036.0, 'label': '2026软科分类标签 100+', 'sourceUrl': 'https://www.shanghairanking.cn/rankings/bcur/2026', 'legacy': True}",{},0,,0,
4153013332,昆明医科大学海源学院,云南省,昆明市,,云南省,昆明市,本科,,999999,[],True,教育部2026名录（CSV镜像）,民办,1277,https://www.kyhyxy.com/,"杨林校区：云南省昆明市嵩明职教新城文苑路1号,高新校区：云南省昆明市高新技术产业开发区海源北路389号",True,,,,,,,,,,,,{},0,,0,
4153013333,昆明传媒学院,云南省,昆明市,,云南省,昆明市,本科,,999999,[],True,教育部2026名录（CSV镜像）,民办,2525,https://www.cukm.edu.cn/,云南省昆明市呈贡区七甸街道广博路57号,True,,,,,,,,,,,,{},0,,0,
4153013909,云南工商学院,云南省,昆明市,,云南省,昆明市,本科,88,984,[],True,教育部2026名录（CSV镜像）,民办,2185,https://www.ytbu.edu.cn/,云南省昆明市嵩明职教新城,True,,,,,,,,,,,"{'rankingId': 'legacy-shanghairanking-bcur', 'edition': '2026', 'sortValue': 984.0, 'label': '2026软科主榜 88', 'sourceUrl': 'https://www.shanghairanking.cn/rankings/bcur/2026', 'legacy': True}",{},0,,0,
4153014092,滇西科技师范学院,云南省,临沧市,,云南省,临沧市,本科,500+,722,[],False,教育部2026名录（CSV镜像）,,2165,https://www.wynu.edu.cn/,云南省临沧市临翔区学府路2号,True,,,,,,,,,,,"{'rankingId': 'legacy-shanghairanking-bcur', 'edition': '2026', 'sortValue': 722.0, 'label': '2026软科分类标签 500+', 'sourceUrl': 'https://www.shanghairanking.cn/rankings/bcur/2026', 'legacy': True}",{},0,,0,
4153014623,滇西应用技术大学,云南省,大理白族自治州,,云南省,大理白族自治州,本科,500+,723,[],False,教育部2026名录（CSV镜像）,,3272,https://www.wyuas.edu.cn,"校本部：云南省大理市海东山地新城海月街1号,总部-西校区：云南省大理白族自治州大理市鹤庆路78号附1号,特色学院傣医药学院：云南省西双版纳傣族自治州景洪市宣慰大道93号,普洱茶学院：云南省普洱市思茅区佛莲山路68号,珠宝学院：云南省保山市腾冲市中和镇东坪社区",True,,,,,,,,,,,"{'rankingId': 'legacy-shanghairanking-bcur', 'edition': '2026', 'sortValue': 723.0, 'label': '2026软科分类标签 500+', 'sourceUrl': 'https://www.shanghairanking.cn/rankings/bcur/2026', 'legacy': True}",{},0,,0,
4153014015,丽江师范学院,云南省,丽江市,,云南省,丽江市,本科,,999999,[],False,教育部2026名录（CSV镜像）,,2163,https://www.lj-edu.cn/,云南省丽江市古城区新团片区存信路499号,True,,,,,,,,,,,,{},0,,0,
4153014016,德宏师范学院,云南省,德宏傣族景颇族自治州,,云南省,德宏傣族景颇族自治州,本科,,999999,[],False,教育部2026名录（CSV镜像）,,2164,http://www.dhecw.cn/,云南省德宏傣族景颇族自治州芒市勐焕街道德师路320号,True,,,,,,,,,,,,{},0,,0,
4153014012,曲靖健康医学院,云南省,曲靖市,,云南省,曲靖市,本科,,999999,[],False,教育部2026名录（CSV镜像）,,2161,https://www.qjmc.edu.cn/,云南省曲靖市马龙区龙东路1号,True,,,,,,,,,,,,{},0,,0,
4153011557,昆明冶金职业大学,云南省,昆明市,,云南省,昆明市,本科,,999999,[],False,教育部2026名录（CSV镜像）,,2159,http://www.kmyz.edu.cn/,"安宁校区：云南省昆明市安宁市宁泊路63号,莲华校区：云南省昆明市学府路388号",True,,,,,,,,,,,,{},0,,0,
4153014212,昆明科技职业大学,云南省,昆明市,,云南省,昆明市,本科,,999999,[],True,教育部2026名录（CSV镜像）,民办,2528,https://www.ynjw.com/,云南省昆明市嵩明职教新城长松园１号路,True,,,,,,,,,,,,{},0,,0,
4153012357,云南交通职业技术大学,云南省,昆明市,,云南省,昆明市,本科,,999999,[],False,教育部2026名录（CSV镜像）,,2167,https://www.ynjtc.edu.cn/,"呈贡校区：云南省昆明市呈贡大学城万青路2056号,安宁校区：云南省昆明市安宁市宁湖西路8号",True,,,,,,,,,,,,{},0,,0,
4153012349,云南国土资源职业学院,云南省,昆明市,,云南省,昆明市,专科,,999999,[],False,教育部2026名录（CSV镜像）,,2166,https://www.yngtxy.edu.cn/,"阳宗海校区：云南省昆明市呈贡区七甸街道国土学院路1号,经开校区：云南省经济技术开发区经牛路2号,武定校区：云南省楚雄彝族自治州武定县",True,,,,,,,,,,,,{},0,,0,
4153012393,昆明工业职业技术学院,云南省,昆明市,,云南省,昆明市,专科,,999999,[],False,教育部2026名录（CSV镜像）,,2168,https://www.kmvtc.net/bs/f/index-main.html,云南省昆明市安宁市晓塘路,True,,,,,,,,,,,,{},0,,0,
4153012555,云南农业职业技术学院,云南省,昆明市,,云南省,昆明市,专科,,999999,[],False,教育部2026名录（CSV镜像）,,2169,https://www.ynavc.com/,"茭菱校区：云南省昆明市茭菱路128号,安宁校区：云南省昆明市安宁市浸普路999号,小哨校区：云南省昆明市官渡区小哨",True,,,,,,,,,,,,{},0,,0,
4153012556,云南司法警官职业学院,云南省,昆明市,,云南省,昆明市,专科,,999999,[],False,教育部2026名录（CSV镜像）,,2170,https://www.yncpu.net/,昆明市空港经济区大板桥金盾苑1号,True,,,,,,,,,,,,{},0,,0,
4153012558,云南文化艺术职业学院,云南省,昆明市,,云南省,昆明市,专科,,999999,[],False,教育部2026名录（CSV镜像）,,2171,https://www.ynarts.cn/,云南省昆明市西山区碧鸡镇苏家村17号,True,,,,,,,,,,,,{},0,,0,
4153012559,云南体育运动职业技术学院,云南省,昆明市,,云南省,昆明市,专科,,999999,[],False,教育部2026名录（CSV镜像）,,2172,http://www.ynsvu.edu.cn/,云南省昆明市海埂体院路3号,True,,,,,,,,,,,,{},0,,0,
4153012825,云南科技信息职业学院,云南省,昆明市,,云南省,昆明市,专科,,999999,[],True,教育部2026名录（CSV镜像）,民办,2188,http://www.ynkexin.cn/,云南省昆明市穿金路757-1号,True,,,,,,,,,,,,{},0,,0,
4153012826,西双版纳职业技术学院,云南省,西双版纳傣族自治州,,云南省,西双版纳傣族自治州,专科,,999999,[],False,教育部2026名录（CSV镜像）,,2173,https://www.xsbnzy.cn/,"景洪校区：云南省西双版纳傣族自治州景洪市宣慰大道93号,勐仑校区：云南省西双版纳傣族自治州勐腊县勐仑镇大学城",True,,,,,,,,,,,,{},0,,0,
4153012851,昆明艺术职业学院,云南省,昆明市,,云南省,昆明市,专科,,999999,[],True,教育部2026名录（CSV镜像）,民办,2186,https://www.kmac.org.cn/,"石林校区：昆明市石林彝族自治县石林大道,高新校区：昆明国家高新技术产业开发区——昆明新城区高新技术产业基地",True,,,,,,,,,,,,{},0,,0,
4153012971,玉溪农业职业技术学院,云南省,玉溪市,,云南省,玉溪市,专科,,999999,[],False,教育部2026名录（CSV镜像）,,2174,http://www.yxnzy.net/,云南省玉溪市红塔区研和街道向家庄41号,True,,,,,,,,,,,,{},0,,0,
4153013136,云南能源职业技术学院,云南省,曲靖市,,云南省,曲靖市,专科,,999999,[],False,教育部2026名录（CSV镜像）,,2175,http://www.ynny.cn/,"麒麟校区：云南省曲靖市职教园区文苑北路,沾益校区：云南省曲靖市沾益区龙华街道西河社区",True,,,,,,,,,,,,{},0,,0,
4153013756,云南国防工业职业技术学院,云南省,昆明市,,云南省,昆明市,专科,,999999,[],False,教育部2026名录（CSV镜像）,,2177,https://www.ynou.edu.cn/,"学府校区：云南省昆明市学府路113号,呈贡校区：云南省昆明市呈贡区启秀街318号",True,,,,,,,,,,,,{},0,,0,
4153013757,云南机电职业技术学院,云南省,昆明市,,云南省,昆明市,专科,,999999,[],False,教育部2026名录（CSV镜像）,,2178,https://www.ynmec.edu.cn/,"龙泉校区南院：云南省昆明市盘龙区龙泉路704号,杨林校区：昆明市嵩明职教新城文苑路1号,龙泉校区北院：云南省昆明市盘龙区龙欣路25号、27号",True,,,,,,,,,,,,{},0,,0,
4153013758,云南林业职业技术学院,云南省,昆明市,,云南省,昆明市,专科,,999999,[],False,教育部2026名录（CSV镜像）,,2179,https://www.ynftc.edu.cn/,"金殿校区：云南省昆明市盘龙区穿金路787号,官渡校区：云南省昆明市官渡区跑马山25号,石林校区：云南省昆明市石林县环城东路",True,,,,,,,,,,,,{},0,,0,
4153013759,云南城市建设职业学院,云南省,昆明市,,云南省,昆明市,专科,,999999,[],True,教育部2026名录（CSV镜像）,民办,2183,https://www.yncjxy.com/,云南省昆明市杨林职教园区,True,,,,,,,,,,,,{},0,,0,
4153013761,云南工程职业学院,云南省,昆明市,,云南省,昆明市,专科,,999999,[],True,教育部2026名录（CSV镜像）,民办,2182,https://www.ynenc.cn/,云南省昆明市安宁市职教园区麒麟路15号,True,,,,,,,,,,,,{},0,,0,
4153014013,楚雄医药高等专科学校,云南省,楚雄彝族自治州,,云南省,楚雄彝族自治州,专科,,999999,[],False,教育部2026名录（CSV镜像）,,1399,https://www.cxmc.edu.cn/,云南省楚雄市东盛西路,True,,,,,,,,,,,,{},0,,0,
4153014014,保山中医药高等专科学校,云南省,保山市,,云南省,保山市,专科,,999999,[],False,教育部2026名录（CSV镜像）,,2162,https://www.bsctcm.cn,云南省保山市隆阳区青阳片区职业教育园区,True,,,,,,,,,,,,{},0,,0,
4153014032,云南新兴职业学院,云南省,昆明市,,云南省,昆明市,专科,,999999,[],True,教育部2026名录（CSV镜像）,民办,2187,https://www.ynxzy.com/,云南省昆明市国家经济技术开发区水海子云南新兴职业学院,True,,,,,,,,,,,,{},0,,0,
4153014130,云南锡业职业技术学院,云南省,红河哈尼族彝族自治州,,云南省,红河哈尼族彝族自治州,专科,,999999,[],False,教育部2026名录（CSV镜像）,,2180,https://www.ytvtc.com,云南省红河哈尼族彝族自治州个旧市个金路20号,True,,,,,,,,,,,,{},0,,0,
4153014239,云南三鑫职业技术学院,云南省,文山壮族苗族自治州,,云南省,文山壮族苗族自治州,专科,,999999,[],True,教育部2026名录（CSV镜像）,民办,2527,http://www.ynsxzy.com/,云南省文山壮族苗族自治州文砚路1号,True,,,,,,,,,,,,{},0,,0,
4153014253,德宏职业学院,云南省,德宏傣族景颇族自治州,,云南省,德宏傣族景颇族自治州,专科,,999999,[],False,教育部2026名录（CSV镜像）,,2522,https://www.yndhvc.com/,云南省德宏州芒市营水路11号,True,,,,,,,,,,,,{},0,,0,
4153014317,云南商务职业学院,云南省,昆明市,,云南省,昆明市,专科,,999999,[],True,教育部2026名录（CSV镜像）,民办,2692,https://www.ynbvc.com/,云南省昆明市嵩明县杨林职教园区文苑路4号附1号,True,,,,,,,,,,,,{},0,,0,
4153014372,昆明卫生职业学院,云南省,昆明市,,云南省,昆明市,专科,,999999,[],True,教育部2026名录（CSV镜像）,民办,3041,https://www.kmhvc.cn/,"晋宁校区：云南省昆明市晋宁区东凤路2005号,昆明校区：云南省昆明市五华区黑林铺街道",True,,,,,,,,,,,,{},0,,0,
4153014373,云南现代职业技术学院,云南省,楚雄彝族自治州,,云南省,楚雄彝族自治州,专科,,999999,[],False,教育部2026名录（CSV镜像）,,3087,http://www.ynmvtc.edu.cn/,云南省楚雄市鹿城镇下白庙楚雄州职教园区,True,,,,,,,,,,,,{},0,,0,
4153014381,云南旅游职业学院,云南省,昆明市,,云南省,昆明市,专科,,999999,[],False,教育部2026名录（CSV镜像）,,3088,https://www.ynctv.edu.cn/,云南省昆明市五华区龙泉路268号,True,,,,,,,,,,,,{},0,,0,
4153014413,红河卫生职业学院,云南省,红河哈尼族彝族自治州,,云南省,红河哈尼族彝族自治州,专科,,999999,[],False,教育部2026名录（CSV镜像）,,3112,https://www.hhwzy.edu.cn/,云南省红河州蒙自市银河路南延长线杏林路,True,,,,,,,,,,,,{},0,,0,
4153014415,云南外事外语职业学院,云南省,昆明市,,云南省,昆明市,专科,,999999,[],True,教育部2026名录（CSV镜像）,民办,3044,http://www.fafl.cn/,昆明市杨林职教园区云南外事外语职业学院,True,,,,,,,,,,,,{},0,,0,
4153014487,大理农林职业技术学院,云南省,大理白族自治州,,云南省,大理白族自治州,专科,,999999,[],False,教育部2026名录（CSV镜像）,,3123,http://www.dlafc.com/,云南省大理白族自治州大理市大理古城214国道4路车终点站西侧,True,,,,,,,,,,,,{},0,,0,
4153014534,公安消防部队高等专科学校,云南省,昆明市,,云南省,昆明市,专科,,999999,[],False,教育部2026名录（CSV镜像）,,,,,False,merged,已整合组建中国消防救援学院,2018-09,https://js.119.gov.cn/202606/jsxfww-menu-XXGK-tzgg_c_bb61540cae0049269ea1.html,江苏省消防救援总队2026报考指南明确：中国消防救援学院由原武警警种学院和原公安消防部队高等专科学校整合组建，2018年12月挂牌。,,,,,,,{},0,,0,
4153014550,云南财经职业学院,云南省,昆明市,,云南省,昆明市,专科,,999999,[],False,教育部2026名录（CSV镜像）,,3280,https://www.ynczy.edu.cn,"龙泉校区：云南省昆明市五华区龙泉路408号,大观校区：云南省昆明市西山区庾园路501号",True,,,,,,,,,,,,{},0,,0,
4153014581,昆明铁道职业技术学院,云南省,昆明市,,云南省,昆明市,专科,,999999,[],False,教育部2026名录（CSV镜像）,,3321,http://www.kmtdzy.cn/,"小石坝校区：昆明市经济技术开发区小石坝16号,羊甫校区：昆明市官渡区小板桥镇义路村2号",True,,,,,,,,,,,,{},0,,0,
4153014582,昭通卫生职业学院,云南省,昭通市,,云南省,昭通市,专科,,999999,[],False,教育部2026名录（CSV镜像）,,3319,https://www.ztwzy.cn/,云南省昭通市昭阳区育才路603号,True,,,,,,,,,,,,{},0,,0,
4153014583,大理护理职业学院,云南省,大理白族自治州,,云南省,大理白族自治州,专科,,999999,[],False,教育部2026名录（CSV镜像）,,3322,https://www.dlhlzyxy.edu.cn/,大理市海东新城蔚文街3号,True,,,,,,,,,,,,{},0,,0,
4153014584,云南水利水电职业学院,云南省,昆明市,,云南省,昆明市,专科,,999999,[],False,教育部2026名录（CSV镜像）,,3323,https://www.ynwater.edu.cn/,"富民校区：云南省昆明市富民县永定街道办事处,兰龙潭校区：云南省昆明市盘龙区兰黑路13号",True,,,,,,,,,,,,{},0,,0,
4153014618,云南轻纺职业学院,云南省,昆明市,,云南省,昆明市,专科,,999999,[],False,教育部2026名录（CSV镜像）,,3404,https://www.ynqfzyxy.cn/,云南省昆明市安宁职业教育基地宁泊路54号,True,,,,,,,,,,,,{},0,,0,
4153014619,云南特殊教育职业学院,云南省,昆明市,,云南省,昆明市,专科,,999999,[],False,教育部2026名录（CSV镜像）,,3405,https://www.yntjzy.cn/,"呈贡校区：云南省昆明市呈贡大学城吴家营街道万峰街1909号,西山校区：云南省昆明市西山区棕树营近华浦路和顺巷,石林校区：云南省昆明市石林彝族自治县石林中路行政中心旁",True,,,,,,,,,,,,{},0,,0,
4153014620,云南工贸职业技术学院,云南省,昆明市,,云南省,昆明市,专科,,999999,[],False,教育部2026名录（CSV镜像）,,3406,https://www.ynit.edu.cn/,云南省昆明安宁市昆畹中路23号,True,,,,,,,,,,,,{},0,,0,
4153014631,昆明幼儿师范高等专科学校,云南省,昆明市,,云南省,昆明市,专科,,999999,[],False,教育部2026名录（CSV镜像）,,3456,https://www.kmyesf.cn/,云南省昆明市滇中新区嵩明职教园区文汇路4号,True,,,,,,,,,,,,{},0,,0,
4153014649,云南医药健康职业学院,云南省,昆明市,,云南省,昆明市,专科,,999999,[],True,教育部2026名录（CSV镜像）,民办,3413,https://www.ynmhc.com/,"五华校区：昆明市五华区海屯路296号,安宁校区：安宁市职教园区麒麟路19号,富民校区：昆明市富民县大营镇完家村",True,,,,,,,,,,,,{},0,,0,
4153014675,云南理工职业学院,云南省,昆明市,,云南省,昆明市,专科,,999999,[],True,教育部2026名录（CSV镜像）,民办,3437,https://www.ynlg.com/,云南省昆明市安宁市职教园区麒麟路19号,True,,,,,,,,,,,,{},0,,0,
4153014676,曲靖职业技术学院,云南省,曲靖市,,云南省,曲靖市,专科,,999999,[],False,教育部2026名录（CSV镜像）,,3472,http://www.qjzyxy.com/,云南省曲靖市麒麟区太和东路1308号（珠江源大道东侧曲靖职教园区）,True,,,,,,,,,,,,{},0,,0,
4153014736,红河职业技术学院,云南省,红河哈尼族彝族自治州,,云南省,红河哈尼族彝族自治州,专科,,999999,[],False,教育部2026名录（CSV镜像）,,3539,https://www.hhvtc.cn/,"蒙自校区：云南省红河哈尼族彝族自治州蒙自市红河州职教园区,建水校区：云南省建水县阜安路379号",True,,,,,,,,,,,,{},0,,0,
4153014782,玉溪职业技术学院,云南省,玉溪市,,云南省,玉溪市,专科,,999999,[],False,教育部2026名录（CSV镜像）,,3620,http://www.yxzyjsxy.cn/,"科创校区：玉溪市红塔区科创大道9号,九龙校区：云南省玉溪市红塔区九龙路3号",True,,,,,,,,,,,,{},0,,0,
4153014783,保山职业学院,云南省,保山市,,云南省,保山市,专科,,999999,[],False,教育部2026名录（CSV镜像）,,3621,http://www.bszyxy.com.cn/,云南省保山市隆阳区东城区青堡路与堡城南路交汇处,True,,,,,,,,,,,,{},0,,0,
4153014784,昭通职业学院,云南省,昭通市,,云南省,昭通市,专科,,999999,[],False,教育部2026名录（CSV镜像）,,3622,https://www.ztzyxy.cn/,云南省昭通市昭阳区育才路2号,True,,,,,,,,,,,,{},0,,0,
4153014801,文山职业技术学院,云南省,文山壮族苗族自治州,,云南省,文山壮族苗族自治州,专科,,999999,[],False,教育部2026名录（CSV镜像）,,3660,https://wsvtc.cn/,云南省文山市职园路1号文山州职教园区,True,,,,,,,,,,,,{},0,,0,
4153014802,丽江职业技术学院,云南省,丽江市,,云南省,丽江市,专科,,999999,[],False,教育部2026名录（CSV镜像）,,3659,http://ljzyjsxy.com/,丽江市古城区大研街道文智社区丽江职教园区,True,,,,,,,,,,,,{},0,,0,
4153014803,香格里拉职业学院,云南省,迪庆藏族自治州,,云南省,迪庆藏族自治州,专科,,999999,[],False,教育部2026名录（CSV镜像）,,3661,http://www.xgllzyxy.com/,迪庆藏族自治州香格里拉市建塘镇尼史村委会迎宾大道44号,True,,,,,,,,,,,,{},0,,0,
4153014873,怒江职业技术学院,云南省,怒江傈僳族自治州,,云南省,怒江傈僳族自治州,专科,,999999,[],False,教育部2026名录（CSV镜像）,,3712,https://www.njzyjsxy.cn/,云南省怒江州泸水市大练地街道怒江州职教中心,True,,,,,,,,,,,,{},0,,0,
4153014874,临沧职业学院,云南省,临沧市,,云南省,临沧市,专科,,999999,[],False,教育部2026名录（CSV镜像）,,3713,http://www.lczyxy.cn/,云南省临沧市临翔区博尚镇博尚大学城,True,,,,,,,,,,,,{},0,,0,
4153014875,云南工业信息职业学院,云南省,曲靖市,,云南省,曲靖市,专科,,999999,[],False,教育部2026名录（CSV镜像）,,3714,https://www.yngxzy.cn/,云南省曲靖市沾益区龙华街道太平社区,True,,,,,,,,,,,,{},0,,0,
4153014939,昆明航空职业学院,云南省,昆明市,,云南省,昆明市,专科,,999999,[],True,教育部2026名录（CSV镜像）,民办,3807,https://www.kmavc.com/,云南省昆明市官渡区长水街道办阔叶街6号,True,,,,,,,,,,,,{},0,,0,
4154010693,西藏农牧大学,西藏自治区,林芝市,,西藏自治区,林芝市,本科,398,589,[],False,教育部2026名录（CSV镜像）,,3407,http://www.xza.edu.cn/,西藏林芝市巴宜区育才西路100号,True,,,,,,,,,,,"{'rankingId': 'legacy-shanghairanking-bcur', 'edition': '2026', 'sortValue': 589.0, 'label': '2026软科主榜 398', 'sourceUrl': 'https://www.shanghairanking.cn/rankings/bcur/2026', 'legacy': True}",{},0,,0,
4154010694,西藏大学,西藏自治区,拉萨市,,西藏自治区,拉萨市,本科,201,276,"['211', '双一流']",False,教育部2026名录（CSV镜像）,,364,https://www.utibet.edu.cn/,"纳金校区：西藏自治区拉萨市城关区藏大东路10号,河坝林校区：西藏自治区拉萨市城关区江苏路36号,罗布林卡医学院校区：西藏自治区拉萨市城关区罗布林卡北路1号,罗布林卡财经学院校区：西藏自治区拉萨市城关区金珠中路82号,教育城校区：西藏自治区拉萨市教育城",True,,,,,,,,,,,"{'rankingId': 'legacy-shanghairanking-bcur', 'edition': '2026', 'sortValue': 276.0, 'label': '2026软科主榜 201', 'sourceUrl': 'https://www.shanghairanking.cn/rankings/bcur/2026', 'legacy': True}",{},0,,0,
4154010695,西藏民族大学,陕西省,咸阳市,,西藏自治区,咸阳市,本科,民6,404,[],False,教育部2026名录（CSV镜像）,,470,https://www.xzmu.edu.cn/,"渭城校区：陕西省咸阳市渭城区文汇东路6号,秦汉校区：陕西省咸阳市渭城区西咸新区秦汉新城兰池四路",True,,,,,,,,,,,"{'rankingId': 'legacy-shanghairanking-bcur', 'edition': '2026', 'sortValue': 404.0, 'label': '2026软科分类标签 民6', 'sourceUrl': 'https://www.shanghairanking.cn/rankings/bcur/2026', 'legacy': True}",{},0,,0,
4154010696,西藏藏医药大学,西藏自治区,拉萨市,,西藏自治区,拉萨市,本科,中医24,436,[],False,教育部2026名录（CSV镜像）,,1093,https://www.ttmc.edu.cn/,"校本部：西藏自治区拉萨市城关区当热中路10号,新校区：西藏自治区拉萨市城关区教育城",True,,,,,,,,,,,"{'rankingId': 'legacy-shanghairanking-bcur', 'edition': '2026', 'sortValue': 436.0, 'label': '2026软科分类标签 中医24', 'sourceUrl': 'https://www.shanghairanking.cn/rankings/bcur/2026', 'legacy': True}",{},0,,0,
4154010692,西藏警官高等专科学校,西藏自治区,拉萨市,,西藏自治区,拉萨市,专科,,999999,[],False,教育部2026名录（CSV镜像）,,1916,,西藏自治区拉萨市夺底路68号,True,,,,,,,,,,,,{},0,,0,
4154012481,拉萨师范学院,西藏自治区,拉萨市,,西藏自治区,拉萨市,本科,,999999,[],False,教育部2026名录（CSV镜像）,,1917,http://www.xzlssf.org,西藏自治区拉萨市城关区圣陶南路88号,True,,,,,,,,,,,,{},0,,0,
4154014085,西藏职业技术学院,西藏自治区,拉萨市,,西藏自治区,拉萨市,专科,,999999,[],False,教育部2026名录（CSV镜像）,,1918,https://www.xzgzy.cn/,"西校区：西藏自治区拉萨市金珠中路金农巷5号,北校区：西藏自治区拉萨市夺底路34号",True,,,,,,,,,,,,{},0,,0,
4154014940,日喀则职业技术学院,西藏自治区,日喀则市,,西藏自治区,日喀则市,专科,,999999,[],False,教育部2026名录（CSV镜像）,,3808,,,True,,,,,,,,,,,,{},0,,0,
4161010697,西北大学,陕西省,西安市,,陕西省,西安市,本科,70,85,"['211', '双一流']",False,教育部2026名录（CSV镜像）,,37,https://www.nwu.edu.cn/,"长安校区：陕西省西安市长安区郭杜教育科技产业区学府大道1号,太白校区：陕西省西安市太白北路229号,桃园校区：陕西省西安市高新四路15号",True,,,,,,,,,,,"{'rankingId': 'legacy-shanghairanking-bcur', 'edition': '2026', 'sortValue': 85.0, 'label': '2026软科主榜 70', 'sourceUrl': 'https://www.shanghairanking.cn/rankings/bcur/2026', 'legacy': True}",{},0,,0,
4161010698,西安交通大学,陕西省,西安市,,陕西省,西安市,本科,10,9,"['985', '211', '双一流']",False,教育部2026名录（CSV镜像）,,330,https://www.xjtu.edu.cn/,"兴庆校区：陕西省西安市碑林区咸宁西路28号,雁塔校区：西安市朱雀大街205号,曲江校区：陕西省西安市雁塔区雁翔路99号,中国西部科技创新港校区：西安市长安区河堤路",True,,,,,,,,,,,"{'rankingId': 'legacy-shanghairanking-bcur', 'edition': '2026', 'sortValue': 9.0, 'label': '2026软科主榜 10', 'sourceUrl': 'https://www.shanghairanking.cn/rankings/bcur/2026', 'legacy': True}",{},0,,0,
4161010699,西北工业大学,陕西省,西安市,,陕西省,西安市,本科,23,23,"['985', '211', '双一流']",False,教育部2026名录（CSV镜像）,,107,https://www.nwpu.edu.cn/,"友谊校区：陕西省西安市碑林区友谊西路127号,长安校区：陕西省西安市长安区东祥路1号",True,,,,,,,,,,,"{'rankingId': 'legacy-shanghairanking-bcur', 'edition': '2026', 'sortValue': 23.0, 'label': '2026软科主榜 23', 'sourceUrl': 'https://www.shanghairanking.cn/rankings/bcur/2026', 'legacy': True}",{},0,,0,
4161010700,西安理工大学,陕西省,西安市,,陕西省,西安市,本科,111,146,[],False,教育部2026名录（CSV镜像）,,349,https://www.xaut.edu.cn,"金花校区：陕西省西安市碑林区金花南路5号,曲江校区：陕西省西安市雁塔区雁翔路58号,莲湖校区：陕西省西安市莲湖区大庆路219号",True,,,,,,,,,,,"{'rankingId': 'legacy-shanghairanking-bcur', 'edition': '2026', 'sortValue': 146.0, 'label': '2026软科主榜 111', 'sourceUrl': 'https://www.shanghairanking.cn/rankings/bcur/2026', 'legacy': True}",{},0,,0,
4161010701,西安电子科技大学,陕西省,西安市,,陕西省,西安市,本科,39,41,"['211', '双一流']",False,教育部2026名录（CSV镜像）,,57,https://www.xidian.edu.cn/,"长安校区：陕西省西安市西沣路兴隆段266号,雁塔校区：陕西省西安市太白南路2号",True,,,,,,,,,,,"{'rankingId': 'legacy-shanghairanking-bcur', 'edition': '2026', 'sortValue': 41.0, 'label': '2026软科主榜 39', 'sourceUrl': 'https://www.shanghairanking.cn/rankings/bcur/2026', 'legacy': True}",{},0,,0,
4161010702,西安工业大学,陕西省,西安市,,陕西省,西安市,本科,206,283,[],False,教育部2026名录（CSV镜像）,,361,https://www.xatu.edu.cn/,"金花校区：陕西省西安市新城区金花北路4号,未央校区：陕西省西安市未央区学府中路2号",True,,,,,,,,,,,"{'rankingId': 'legacy-shanghairanking-bcur', 'edition': '2026', 'sortValue': 283.0, 'label': '2026软科主榜 206', 'sourceUrl': 'https://www.shanghairanking.cn/rankings/bcur/2026', 'legacy': True}",{},0,,0,
4161010703,西安建筑科技大学,陕西省,西安市,,陕西省,西安市,本科,118,155,[],False,教育部2026名录（CSV镜像）,,351,https://cn.xauat.edu.cn,"雁塔校区：陕西省西安市碑林区雁塔路中段13号,幸福校区：陕西省西安市新城区幸福南路109号,草堂校区：陕西省西安市草堂寺景区草寺东路",True,,,,,,,,,,,"{'rankingId': 'legacy-shanghairanking-bcur', 'edition': '2026', 'sortValue': 155.0, 'label': '2026软科主榜 118', 'sourceUrl': 'https://www.shanghairanking.cn/rankings/bcur/2026', 'legacy': True}",{},0,,0,
4161010704,西安科技大学,陕西省,西安市,,陕西省,西安市,本科,186,257,[],False,教育部2026名录（CSV镜像）,,352,https://www.xust.edu.cn/,"雁塔校区：陕西省西安市碑林区雁塔中路58号,临潼校区：陕西省西安市临潼区陕鼓大道48号",True,,,,,,,,,,,"{'rankingId': 'legacy-shanghairanking-bcur', 'edition': '2026', 'sortValue': 257.0, 'label': '2026软科主榜 186', 'sourceUrl': 'https://www.shanghairanking.cn/rankings/bcur/2026', 'legacy': True}",{},0,,0,
4161010705,西安石油大学,陕西省,西安市,,陕西省,西安市,本科,230,323,[],False,教育部2026名录（CSV镜像）,,354,https://www.xsyu.edu.cn,"雁塔校区：陕西省西安市雁塔区电子二路东段18号,明德校区：陕西省西安市雁塔区丈八东路11号,鄠邑校区：陕西省西安市鄠邑区丰京路560号",True,,,,,,,,,,,"{'rankingId': 'legacy-shanghairanking-bcur', 'edition': '2026', 'sortValue': 323.0, 'label': '2026软科主榜 230', 'sourceUrl': 'https://www.shanghairanking.cn/rankings/bcur/2026', 'legacy': True}",{},0,,0,
4161010708,陕西科技大学,陕西省,西安市,,陕西省,西安市,本科,132,182,[],False,教育部2026名录（CSV镜像）,,357,https://www.sust.edu.cn/,"未央校区：陕西省西安市未央区未央大学园区,太华路校区：陕西省西安市太华北路43号,咸阳校区：陕西省咸阳市秦都区人民西路49号",True,,,,,,,,,,,"{'rankingId': 'legacy-shanghairanking-bcur', 'edition': '2026', 'sortValue': 182.0, 'label': '2026软科主榜 132', 'sourceUrl': 'https://www.shanghairanking.cn/rankings/bcur/2026', 'legacy': True}",{},0,,0,
4161010709,西安工程大学,陕西省,西安市,,陕西省,西安市,本科,253,356,[],False,教育部2026名录（CSV镜像）,,358,https://www.xpu.edu.cn,"金花校区：陕西省西安市新城区金花南路19号,临潼校区：陕西省西安市临潼区陕鼓大道58号",True,,,,,,,,,,,"{'rankingId': 'legacy-shanghairanking-bcur', 'edition': '2026', 'sortValue': 356.0, 'label': '2026软科主榜 253', 'sourceUrl': 'https://www.shanghairanking.cn/rankings/bcur/2026', 'legacy': True}",{},0,,0,
4161010710,长安大学,陕西省,西安市,,陕西省,西安市,本科,89,114,"['211', '双一流']",False,教育部2026名录（CSV镜像）,,36,https://www.chd.edu.cn/,"北校区：陕西省西安市未央区尚苑路,南校区：陕西省西安市南二环路中段",True,,,,,,,,,,,"{'rankingId': 'legacy-shanghairanking-bcur', 'edition': '2026', 'sortValue': 114.0, 'label': '2026软科主榜 89', 'sourceUrl': 'https://www.shanghairanking.cn/rankings/bcur/2026', 'legacy': True}",{},0,,0,
4161010712,西北农林科技大学,陕西省,咸阳市,,陕西省,咸阳市,本科,69,83,"['985', '211', '双一流']",False,教育部2026名录（CSV镜像）,,332,https://www.nwsuaf.edu.cn,"北校区：陕西省咸阳市杨陵区西农路22号,南校区：陕西省咸阳市杨陵区邰城路3号",True,,,,,,,,,,,"{'rankingId': 'legacy-shanghairanking-bcur', 'edition': '2026', 'sortValue': 83.0, 'label': '2026软科主榜 69', 'sourceUrl': 'https://www.shanghairanking.cn/rankings/bcur/2026', 'legacy': True}",{},0,,0,
4161010716,陕西中医药大学,陕西省,咸阳市,,陕西省,咸阳市,本科,中医18,337,[],False,教育部2026名录（CSV镜像）,,365,http://www.sntcm.edu.cn/,"南校区：陕西省西咸新区西咸大道,北校区：陕西省咸阳市秦都区渭阳中路1号",True,,,,,,,,,,,"{'rankingId': 'legacy-shanghairanking-bcur', 'edition': '2026', 'sortValue': 337.0, 'label': '2026软科分类标签 中医18', 'sourceUrl': 'https://www.shanghairanking.cn/rankings/bcur/2026', 'legacy': True}",{},0,,0,
4161010718,陕西师范大学,陕西省,西安市,,陕西省,西安市,本科,63,75,"['211', '双一流']",False,教育部2026名录（CSV镜像）,,334,https://www.snnu.edu.cn/,"雁塔校区：陕西省西安市雁塔区长安南路199号,长安校区：陕西省西安市长安区西长安街620号",True,,,,,,,,,,,"{'rankingId': 'legacy-shanghairanking-bcur', 'edition': '2026', 'sortValue': 75.0, 'label': '2026软科主榜 63', 'sourceUrl': 'https://www.shanghairanking.cn/rankings/bcur/2026', 'legacy': True}",{},0,,0,
4161010719,延安大学,陕西省,延安市,,陕西省,延安市,本科,248,351,[],False,教育部2026名录（CSV镜像）,,336,https://www.yau.edu.cn/,"杨家岭校区：陕西省延安市宝塔区圣地路580号,新城校区：陕西省延安市新区公学北路1号,萃园校区：陕西省延安市宝塔区延大路4号",True,,,,,,,,,,,"{'rankingId': 'legacy-shanghairanking-bcur', 'edition': '2026', 'sortValue': 351.0, 'label': '2026软科主榜 248', 'sourceUrl': 'https://www.shanghairanking.cn/rankings/bcur/2026', 'legacy': True}",{},0,,0,
4161010720,陕西理工大学,陕西省,汉中市,,陕西省,汉中市,本科,342,507,[],False,教育部2026名录（CSV镜像）,,371,https://www.snut.edu.cn/,陕西省汉中市汉台区东一环路1号,True,,,,,,,,,,,"{'rankingId': 'legacy-shanghairanking-bcur', 'edition': '2026', 'sortValue': 507.0, 'label': '2026软科主榜 342', 'sourceUrl': 'https://www.shanghairanking.cn/rankings/bcur/2026', 'legacy': True}",{},0,,0,
4161010721,宝鸡文理学院,陕西省,宝鸡市,,陕西省,宝鸡市,本科,450,650,[],False,教育部2026名录（CSV镜像）,,369,https://www.bjwlxy.edu.cn/,"石鼓校区：陕西省宝鸡市渭滨区宝光路44号,高新校区：陕西省宝鸡市渭滨区高新大道1号,蟠龙校区：陕西省宝鸡市蟠龙新区龙翔大道003号",True,,,,,,,,,,,"{'rankingId': 'legacy-shanghairanking-bcur', 'edition': '2026', 'sortValue': 650.0, 'label': '2026软科主榜 450', 'sourceUrl': 'https://www.shanghairanking.cn/rankings/bcur/2026', 'legacy': True}",{},0,,0,
4161010722,咸阳师范学院,陕西省,咸阳市,,陕西省,咸阳市,本科,486,692,[],False,教育部2026名录（CSV镜像）,,366,https://www.xync.edu.cn,"渭城校区：陕西省咸阳市渭城区文林路东段1号,秦都校区：陕西省咸阳市秦都区珠泉西路3号",True,,,,,,,,,,,"{'rankingId': 'legacy-shanghairanking-bcur', 'edition': '2026', 'sortValue': 692.0, 'label': '2026软科主榜 486', 'sourceUrl': 'https://www.shanghairanking.cn/rankings/bcur/2026', 'legacy': True}",{},0,,0,
4161010723,渭南师范学院,陕西省,渭南市,,陕西省,渭南市,本科,460,664,[],False,教育部2026名录（CSV镜像）,,368,https://www.wnu.edu.cn/,"朝阳校区：陕西省渭南市临渭区朝阳大街中段西部,汉马校区：陕西省渭南市临渭区站南路24号,西岳校区：陕西省渭南市临渭区朝阳大街中段东部,富平校区：陕西省渭南市富平县怀德大道西段",True,,,,,,,,,,,"{'rankingId': 'legacy-shanghairanking-bcur', 'edition': '2026', 'sortValue': 664.0, 'label': '2026软科主榜 460', 'sourceUrl': 'https://www.shanghairanking.cn/rankings/bcur/2026', 'legacy': True}",{},0,,0,
4161010724,西安外国语大学,陕西省,西安市,,陕西省,西安市,本科,语9,340,[],False,教育部2026名录（CSV镜像）,,373,https://www.xisu.edu.cn/,"长安校区：陕西省西安市长安区郭杜教育科技产业开发区文苑南路,雁塔校区：陕西省西安市雁塔区长安南路437号,振华校区：陕西省西安市莲湖区振华北路4号,雅荷校区：陕西省西安市未央区凤城一路1号",True,,,,,,,,,,,"{'rankingId': 'legacy-shanghairanking-bcur', 'edition': '2026', 'sortValue': 340.0, 'label': '2026软科分类标签 语9', 'sourceUrl': 'https://www.shanghairanking.cn/rankings/bcur/2026', 'legacy': True}",{},0,,0,
4161010726,西北政法大学,陕西省,西安市,,陕西省,西安市,本科,政5,256,[],False,教育部2026名录（CSV镜像）,,376,https://www.nwupl.edu.cn/,"长安校区：陕西省西安市西长安街558号,雁塔校区：陕西省西安市长安南路300号",True,,,,,,,,,,,"{'rankingId': 'legacy-shanghairanking-bcur', 'edition': '2026', 'sortValue': 256.0, 'label': '2026软科分类标签 政5', 'sourceUrl': 'https://www.shanghairanking.cn/rankings/bcur/2026', 'legacy': True}",{},0,,0,
4161010727,西安体育学院,陕西省,西安市,,陕西省,西安市,本科,体12,612,[],False,教育部2026名录（CSV镜像）,,378,https://www.xaipe.edu.cn/,"校本部：陕西省西安市碑林区张家村街道含光路65号,鄠邑校区：西安市鄠邑区甘亭街道东城南路1号",True,,,,,,,,,,,"{'rankingId': 'legacy-shanghairanking-bcur', 'edition': '2026', 'sortValue': 612.0, 'label': '2026软科分类标签 体12', 'sourceUrl': 'https://www.shanghairanking.cn/rankings/bcur/2026', 'legacy': True}",{},0,,0,
4161010728,西安音乐学院,陕西省,西安市,,陕西省,西安市,本科,,999999,[],False,教育部2026名录（CSV镜像）,,380,https://www.xacom.edu.cn/,陕西省西安市雁塔区小寨路街道长安中路108号,True,,,,,,,,,,,,{},0,,0,
4161010729,西安美术学院,陕西省,西安市,,陕西省,西安市,本科,,999999,[],False,教育部2026名录（CSV镜像）,,382,https://www.xafa.edu.cn,"雁塔校区：陕西省西安市雁塔区含光路南段100号,临潼校区：陕西省西安市临潼区秦陵南路53号,长安校区：陕西省西安市长安区神禾一路3000号",True,,,,,,,,,,,,{},0,,0,
4161011080,西安文理学院,陕西省,西安市,,陕西省,西安市,本科,422,618,[],False,教育部2026名录（CSV镜像）,,1043,https://www.xawl.edu.cn/,"高新校区：陕西省西安市雁塔区科技六路一号,书院校区：陕西省西安市碑林区书院门63号,太白校区：陕西省西安市雁塔区电子城街道太白南路212号",True,,,,,,,,,,,"{'rankingId': 'legacy-shanghairanking-bcur', 'edition': '2026', 'sortValue': 618.0, 'label': '2026软科主榜 422', 'sourceUrl': 'https://www.shanghairanking.cn/rankings/bcur/2026', 'legacy': True}",{},0,,0,
4161011395,榆林大学,陕西省,榆林市,,陕西省,榆林市,本科,339,502,[],False,教育部2026名录（CSV镜像）,,1090,https://www.yulinu.edu.cn/,"榆阳校区：陕西省榆林市榆阳区崇文路51号,科创新城校区：陕西省榆林市横山区科创四路,绥德校区：陕西省榆林市绥德县名州镇镇定北街150号",True,,,,,,,,,,,"{'rankingId': 'legacy-shanghairanking-bcur', 'edition': '2026', 'sortValue': 502.0, 'label': '2026软科主榜 339', 'sourceUrl': 'https://www.shanghairanking.cn/rankings/bcur/2026', 'legacy': True}",{},0,,0,
4161011396,商洛学院,陕西省,商洛市,,陕西省,商洛市,本科,500+,764,[],False,教育部2026名录（CSV镜像）,,1262,http://www.slxy.edu.cn/,"北新街校区：陕西省商洛市商州区北新街10号,丹江校区：陕西省商洛市商州区商丹循环工业园商丹大道",True,,,,,,,,,,,"{'rankingId': 'legacy-shanghairanking-bcur', 'edition': '2026', 'sortValue': 764.0, 'label': '2026软科分类标签 500+', 'sourceUrl': 'https://www.shanghairanking.cn/rankings/bcur/2026', 'legacy': True}",{},0,,0,
4161011397,安康学院,陕西省,安康市,,陕西省,安康市,本科,500+,707,[],False,教育部2026名录（CSV镜像）,,1263,https://www.aku.edu.cn/,"江南校区：陕西省安康市汉滨区育才路92号,江北校区：陕西省安康市汉滨区高新技术产业开发区",True,,,,,,,,,,,"{'rankingId': 'legacy-shanghairanking-bcur', 'edition': '2026', 'sortValue': 707.0, 'label': '2026软科分类标签 500+', 'sourceUrl': 'https://www.shanghairanking.cn/rankings/bcur/2026', 'legacy': True}",{},0,,0,
4161011400,西安培华学院,陕西省,西安市,,陕西省,西安市,本科,37,915,[],True,教育部2026名录（CSV镜像）,民办,383,https://www.peihua.cn/,"长安校区：陕西省西安市长安区常宁大街888号,高新校区：陕西省西安市高新区白沙路南段2号,郭杜校区：陕西省西安市长安区学府大道西口",True,,,,,,,,,,,"{'rankingId': 'legacy-shanghairanking-bcur', 'edition': '2026', 'sortValue': 915.0, 'label': '2026软科主榜 37', 'sourceUrl': 'https://www.shanghairanking.cn/rankings/bcur/2026', 'legacy': True}",{},0,,0,
4161011560,西安财经大学,陕西省,西安市,,陕西省,西安市,本科,财33,433,[],False,教育部2026名录（CSV镜像）,,375,https://www.xaufe.edu.cn/,"长安校区：陕西省西安市长安区常宁大街360号,翠华西校区：陕西省西安市雁塔区翠华南路44号,翠华东校区：陕西省西安市雁塔区翠华南路105号,雁塔校区：陕西省西安市雁塔区小寨东路64号",True,,,,,,,,,,,"{'rankingId': 'legacy-shanghairanking-bcur', 'edition': '2026', 'sortValue': 433.0, 'label': '2026软科分类标签 财33', 'sourceUrl': 'https://www.shanghairanking.cn/rankings/bcur/2026', 'legacy': True}",{},0,,0,
4161011664,西安邮电大学,陕西省,西安市,,陕西省,西安市,本科,196,269,[],False,教育部2026名录（CSV镜像）,,363,https://www.xiyou.edu.cn/,"雁塔校区：陕西省西安市长安南路563号,长安校区：陕西省西安市长安区西长安街618号",True,,,,,,,,,,,"{'rankingId': 'legacy-shanghairanking-bcur', 'edition': '2026', 'sortValue': 269.0, 'label': '2026软科主榜 196', 'sourceUrl': 'https://www.shanghairanking.cn/rankings/bcur/2026', 'legacy': True}",{},0,,0,
4161011736,西安航空学院,陕西省,西安市,,陕西省,西安市,本科,444,645,[],False,教育部2026名录（CSV镜像）,,1102,https://www.xaau.edu.cn/,"莲湖校区：陕西省西安市莲湖区西二环259号,阎良校区：陕西省西安市阎良区蓝天二路9号",True,,,,,,,,,,,"{'rankingId': 'legacy-shanghairanking-bcur', 'edition': '2026', 'sortValue': 645.0, 'label': '2026软科主榜 444', 'sourceUrl': 'https://www.shanghairanking.cn/rankings/bcur/2026', 'legacy': True}",{},0,,0,
4161011840,西安医学院,陕西省,西安市,,陕西省,西安市,本科,医46,534,[],False,教育部2026名录（CSV镜像）,,1265,https://www.xiyi.edu.cn/,"未央校区：陕西省西安市未央区辛王路1号,高新校区：陕西省西安市雁塔区二环南路西段168号,含光校区：陕西省西安市碑林区含光北路74号",True,,,,,,,,,,,"{'rankingId': 'legacy-shanghairanking-bcur', 'edition': '2026', 'sortValue': 534.0, 'label': '2026软科分类标签 医46', 'sourceUrl': 'https://www.shanghairanking.cn/rankings/bcur/2026', 'legacy': True}",{},0,,0,
4161012712,西安欧亚学院,陕西省,西安市,,陕西省,西安市,本科,财13,933,[],True,教育部2026名录（CSV镜像）,民办,2256,https://www.eurasia.edu/,陕西省西安市雁塔区东仪路8号,True,,,,,,,,,,,"{'rankingId': 'legacy-shanghairanking-bcur', 'edition': '2026', 'sortValue': 933.0, 'label': '2026软科分类标签 财13', 'sourceUrl': 'https://www.shanghairanking.cn/rankings/bcur/2026', 'legacy': True}",{},0,,0,
4161012713,西安外事学院,陕西省,西安市,,陕西省,西安市,本科,40,919,[],True,教育部2026名录（CSV镜像）,民办,862,https://www.xaiu.edu.cn/,陕西省西安市雁塔区鱼斗路18号,True,,,,,,,,,,,"{'rankingId': 'legacy-shanghairanking-bcur', 'edition': '2026', 'sortValue': 919.0, 'label': '2026软科主榜 40', 'sourceUrl': 'https://www.shanghairanking.cn/rankings/bcur/2026', 'legacy': True}",{},0,,0,
4161012714,西安翻译学院,陕西省,西安市,,陕西省,西安市,本科,语3,876,[],True,教育部2026名录（CSV镜像）,民办,1184,https://www.xafy.edu.cn/,陕西省西安市长安区太乙宫,True,,,,,,,,,,,"{'rankingId': 'legacy-shanghairanking-bcur', 'edition': '2026', 'sortValue': 876.0, 'label': '2026软科分类标签 语3', 'sourceUrl': 'https://www.shanghairanking.cn/rankings/bcur/2026', 'legacy': True}",{},0,,0,
4161012715,西京学院,陕西省,西安市,,陕西省,西安市,本科,7,877,[],True,教育部2026名录（CSV镜像）,民办,1185,https://www.xijing.edu.cn/,陕西省西安市长安区西京路1号,True,,,,,,,,,,,"{'rankingId': 'legacy-shanghairanking-bcur', 'edition': '2026', 'sortValue': 877.0, 'label': '2026软科主榜 7', 'sourceUrl': 'https://www.shanghairanking.cn/rankings/bcur/2026', 'legacy': True}",{},0,,0,
4161013121,西安思源学院,陕西省,西安市,,陕西省,西安市,本科,62,948,[],True,教育部2026名录（CSV镜像）,民办,863,https://www.xasyu.cn/,"校本部：陕西省西安市东郊水安路28号,太白体育基地：宝鸡市太白县东大街太白路1号",True,,,,,,,,,,,"{'rankingId': 'legacy-shanghairanking-bcur', 'edition': '2026', 'sortValue': 948.0, 'label': '2026软科主榜 62', 'sourceUrl': 'https://www.shanghairanking.cn/rankings/bcur/2026', 'legacy': True}",{},0,,0,
4161013123,陕西国际商贸学院,陕西省,咸阳市,,陕西省,咸阳市,本科,财27,988,[],True,教育部2026名录（CSV镜像）,民办,2255,https://www.csiic.edu.cn/,陕西省西安市沣渭新区大学园统一西路35号,True,,,,,,,,,,,"{'rankingId': 'legacy-shanghairanking-bcur', 'edition': '2026', 'sortValue': 988.0, 'label': '2026软科分类标签 财27', 'sourceUrl': 'https://www.shanghairanking.cn/rankings/bcur/2026', 'legacy': True}",{},0,,0,
4161013125,陕西服装工程学院,陕西省,咸阳市,,陕西省,咸阳市,本科,100+,1051,[],True,教育部2026名录（CSV镜像）,民办,2846,https://www.sxfu.org,"主校区：陕西省西安市西咸新区沣西新城同文路1号,周至校区：陕西省西安市鄠邑区505生态园,三原校区：陕西省咸阳市三原县",True,,,,,,,,,,,"{'rankingId': 'legacy-shanghairanking-bcur', 'edition': '2026', 'sortValue': 1051.0, 'label': '2026软科分类标签 100+', 'sourceUrl': 'https://www.shanghairanking.cn/rankings/bcur/2026', 'legacy': True}",{},0,,0,
4161013569,西安交通工程学院,陕西省,西安市,,陕西省,西安市,本科,100+,1066,[],True,教育部2026名录（CSV镜像）,民办,2260,https://www.xjy.edu.cn/,"鄠邑校区：陕西省西安市鄠邑区渼陂西路1号,东校区：陕西省西安市鄠邑区甘亭街道办娄敬路北转盘东",True,,,,,,,,,,,"{'rankingId': 'legacy-shanghairanking-bcur', 'edition': '2026', 'sortValue': 1066.0, 'label': '2026软科分类标签 100+', 'sourceUrl': 'https://www.shanghairanking.cn/rankings/bcur/2026', 'legacy': True}",{},0,,0,
4161013677,西安交通大学城市学院,陕西省,西安市,,陕西省,西安市,本科,,999999,[],True,教育部2026名录（CSV镜像）,民办,2560,http://www.xjtucc.edu.cn/,陕西省西安市北经济技术开发区尚稷路8715号,True,,,,,,,,,,,,{},0,,0,
4161013678,西北大学现代学院,陕西省,西安市,,陕西省,西安市,本科,,999999,[],True,教育部2026名录（CSV镜像）,民办,2252,https://www.xdxd.cn/,陕西省西安市长安区滦镇科教园陈北路1号,True,,,,,,,,,,,,{},0,,0,
4161013679,西安建筑科技大学华清学院,陕西省,西安市,,陕西省,西安市,本科,,999999,[],True,教育部2026名录（CSV镜像）,民办,2253,https://www.xauat-hqc.com/,"幸福校区：陕西省西安市幸福南路109号,楼观校区：西安市周至县楼观镇",True,,,,,,,,,,,,{},0,,0,
4161013680,西安财经大学行知学院,陕西省,西安市,,陕西省,西安市,本科,,999999,[],True,教育部2026名录（CSV镜像）,民办,1415,https://www.xacxz.edu.cn/,陕西省西安市灞桥区狄寨路57号,True,,,,,,,,,,,,{},0,,0,
4161013681,陕西科技大学镐京学院,陕西省,咸阳市,,陕西省,咸阳市,本科,,999999,[],True,教育部2026名录（CSV镜像）,民办,2254,https://www.sxhju.cn/,陕西省西安市西咸新区沣西新城统一大道,True,,,,,,,,,,,,{},0,,0,
4161013682,西安工商学院,陕西省,西安市,,陕西省,西安市,本科,100+,1065,[],True,教育部2026名录（CSV镜像）,民办,2561,https://www.bxait.cn/,陕西省西安市高陵区鹿祥路1235号,True,,,,,,,,,,,"{'rankingId': 'legacy-shanghairanking-bcur', 'edition': '2026', 'sortValue': 1065.0, 'label': '2026软科分类标签 100+', 'sourceUrl': 'https://www.shanghairanking.cn/rankings/bcur/2026', 'legacy': True}",{},0,,0,
4161013683,延安大学西安创新学院,陕西省,西安市,,陕西省,西安市,本科,,999999,[],True,教育部2026名录（CSV镜像）,民办,1558,https://www.xacxxy.com/,"长安校区：陕西省西安市长安区皂河路2号,经开校区：陕西省西安市临潼区渭水一路1号",True,,,,,,,,,,,,{},0,,0,
4161013685,西安电子科技大学长安学院,陕西省,西安市,,陕西省,西安市,本科,,999999,[],True,教育部2026名录（CSV镜像）,民办,,,,False,nonOperating,已停止办学,2019-05,https://ishare.ifeng.com/c/s/7mXXO7537dk,新京报2019年报道：陕西省教育厅确认西安电子科技大学长安学院已经停止办学；其自2012年起长期未接受年检或年检不合格。2026年度年检公开信息仍将其列为“不确定年检结果等次”，不据此恢复城市榜单资格。,,,,,,,{},0,,0,
4161013738,西安汽车职业大学,陕西省,西安市,,陕西省,西安市,本科,,999999,[],True,教育部2026名录（CSV镜像）,民办,2257,https://www.xvua.edu.cn/,"临潼校区：陕西省西安市临潼区秦王一路1号,白鹿原校区：陕西省西安市灞桥区水安路168号",True,,,,,,,,,,,,{},0,,0,
4161013894,西安明德理工学院,陕西省,西安市,,陕西省,西安市,本科,86,982,[],True,教育部2026名录（CSV镜像）,民办,2562,https://www.mdit.edu.cn/,"莲湖校区：西安市莲湖区西北三路28号,长安校区：西安市长安区滦镇陈北路6号",True,,,,,,,,,,,"{'rankingId': 'legacy-shanghairanking-bcur', 'edition': '2026', 'sortValue': 982.0, 'label': '2026软科主榜 86', 'sourceUrl': 'https://www.shanghairanking.cn/rankings/bcur/2026', 'legacy': True}",{},0,,0,
4161014030,西安信息职业大学,陕西省,西安市,,陕西省,西安市,本科,,999999,[],True,教育部2026名录（CSV镜像）,民办,2259,http://www.xivuedu.com/,陕西省西安市长安区常宁大街神禾三路268号,True,,,,,,,,,,,,{},0,,0,
4161014034,长安大学兴华学院,陕西省,西安市,,陕西省,西安市,本科,,999999,[],True,教育部2026名录（CSV镜像）,民办,,,,False,nonRecruiting,已停止招生,2021年前,https://www.xags.edu.cn/tzgg/webinfo/2024/3/1000000000031143.htm,西安工商学院2021年学生转学公示中，长安大学兴华学院学生转出理由明确写为“转出学校停止招生”。,,,,,,,{},0,,0,
4161014041,西安理工大学高科学院,陕西省,西安市,,陕西省,西安市,本科,,999999,[],True,教育部2026名录（CSV镜像）,民办,2564,https://www.xthtc.com/,西安市西咸新区泾河新城,True,,,,,,,,,,,,{},0,,0,
4161014042,西安科技大学高新学院,陕西省,西安市,,陕西省,西安市,本科,,999999,[],True,教育部2026名录（CSV镜像）,民办,2563,https://www.gaoxinedu.com/,陕西省西安市子午大道中段39号,True,,,,,,,,,,,,{},0,,0,
4161014390,陕西学前师范学院,陕西省,西安市,,陕西省,西安市,本科,500+,770,[],False,教育部2026名录（CSV镜像）,,2815,https://www.snsy.edu.cn/,"雁塔校区：陕西省西安市雁塔区小寨兴善寺东街69号,长安校区：西安市长安区神禾二路101号",True,,,,,,,,,,,"{'rankingId': 'legacy-shanghairanking-bcur', 'edition': '2026', 'sortValue': 770.0, 'label': '2026软科分类标签 500+', 'sourceUrl': 'https://www.shanghairanking.cn/rankings/bcur/2026', 'legacy': True}",{},0,,0,
4161013819,陕西警察学院,陕西省,西安市,,陕西省,西安市,本科,,999999,[],False,教育部2026名录（CSV镜像）,,1130,https://www.snpc.edu.cn/index.htm,陕西省西安市浐灞生态区启源二路199号,True,,,,,,,,,,,,{},0,,0,
4161010966,陕西农林职业技术大学,陕西省,咸阳市,,陕西省,咸阳市,本科,,999999,[],False,教育部2026名录（CSV镜像）,,2233,https://www.ylvtc.cn/,陕西省杨凌示范区渭惠路24号,True,,,,,,,,,,,,{},0,,0,
4161010828,陕西工业职业技术大学,陕西省,咸阳市,,陕西省,咸阳市,本科,,999999,[],False,教育部2026名录（CSV镜像）,,2232,https://www.sxpi.edu.cn/,"渭城校区：陕西省咸阳市文汇西路12号,经开校区：陕西省咸阳市秦都区包容路1号",True,,,,,,,,,,,,{},0,,0,
4161014945,西安戏剧学院,陕西省,西安市,,陕西省,西安市,本科,,999999,[],False,教育部2026名录（CSV镜像）,,3813,https://www.xaad.edu.cn/,陕西省西安市西咸新区秦汉新城兰池大道369号,True,,,,,,,,,,,,{},0,,0,
4161011826,西安电力高等专科学校,陕西省,西安市,,陕西省,西安市,专科,,999999,[],False,教育部2026名录（CSV镜像）,,2231,https://www.xaepi.edu.cn/,陕西省西安市新城区长乐西路180号,True,,,,,,,,,,,,{},0,,0,
4161012510,陕西能源职业技术学院,陕西省,咸阳市,,陕西省,咸阳市,专科,,999999,[],False,教育部2026名录（CSV镜像）,,2234,http://www.snein.edu.cn/,"咸阳校区：陕西省咸阳市文林路29号,临潼校区：陕西省西安市临潼区平峪路88号",True,,,,,,,,,,,,{},0,,0,
4161012827,陕西国防工业职业技术学院,陕西省,西安市,,陕西省,西安市,专科,,999999,[],False,教育部2026名录（CSV镜像）,,2235,https://www.gfxy.com/,"北校区：陕西省西安市鄠邑区人民路8号,南校区：陕西省西安市鄠邑区余下中心南街102号",True,,,,,,,,,,,,{},0,,0,
4161012828,西安航空职业技术学院,陕西省,西安市,,陕西省,西安市,专科,,999999,[],False,教育部2026名录（CSV镜像）,,2236,https://www.xihang.com.cn/,"主校区：陕西省西安市阎良区迎宾大道500号,东校区：陕西省西安市阎良区农飞路8号",True,,,,,,,,,,,,{},0,,0,
4161012829,陕西财经职业技术学院,陕西省,咸阳市,,陕西省,咸阳市,专科,,999999,[],False,教育部2026名录（CSV镜像）,,2237,https://www.scy.cn,陕西省咸阳市文林路1号,True,,,,,,,,,,,,{},0,,0,
4161012830,陕西交通职业技术学院,陕西省,西安市,,陕西省,西安市,专科,,999999,[],False,教育部2026名录（CSV镜像）,,1383,https://www.scct.cn/,"文景校区：陕西省西安市文景路19号,自强校区：陕西省西安市自强西路289号,太白校区：陕西省宝鸡市眉县汤峪镇,通远校区：陕西省西安市高陵区旅游大道8509号",True,,,,,,,,,,,,{},0,,0,
4161012831,陕西职业技术学院,陕西省,西安市,,陕西省,西安市,专科,,999999,[],False,教育部2026名录（CSV镜像）,,2238,https://www.svtc.edu.cn/,"白鹿原校区：陕西省西安市灞桥区狄寨路2028号,长安校区：陕西省西安市长安区杜曲街道樊川路3369号",True,,,,,,,,,,,,{},0,,0,
4161013122,西安高新科技职业学院,陕西省,西安市,,陕西省,西安市,专科,,999999,[],True,教育部2026名录（CSV镜像）,民办,2264,https://www.xhtu.com.cn/,西安市西咸新区泾河新城,True,,,,,,,,,,,,{},0,,0,
4161013124,西安城市建设职业学院,陕西省,西安市,,陕西省,西安市,专科,,999999,[],True,教育部2026名录（CSV镜像）,民办,2263,http://xacsjsedu.com/,陕西省西安市高新区东大温泉大道002号,True,,,,,,,,,,,,{},0,,0,
4161013566,陕西铁路工程职业技术学院,陕西省,渭南市,,陕西省,渭南市,专科,,999999,[],False,教育部2026名录（CSV镜像）,,2239,https://www.sxri.net/,"临渭校区：陕西省渭南市站北街东段1号,高新校区：陕西省渭南市高新区胜利大街西段",True,,,,,,,,,,,,{},0,,0,
4161013567,宝鸡职业技术学院,陕西省,宝鸡市,,陕西省,宝鸡市,专科,,999999,[],False,教育部2026名录（CSV镜像）,,2240,https://www.bjvtc.com/,陕西省宝鸡市国家高新产业开发区高新大道239号,True,,,,,,,,,,,,{},0,,0,
4161013568,陕西航空职业技术学院,陕西省,汉中市,,陕西省,汉中市,专科,,999999,[],False,教育部2026名录（CSV镜像）,,1128,https://www.sxhkxy.com/,"南郑校区：陕西省汉中市大河坎镇李家营（经济开发南区）,汉台校区：陕西省汉中市汉台区鑫源街道陈仓路1号",True,,,,,,,,,,,,{},0,,0,
4161013570,陕西电子信息职业技术学院,陕西省,西安市,,陕西省,西安市,专科,,999999,[],True,教育部2026名录（CSV镜像）,民办,1454,https://www.sxitu.com/,陕西省西安市蓝田向阳19号,True,,,,,,,,,,,,{},0,,0,
4161013736,陕西邮电职业技术学院,陕西省,咸阳市,,陕西省,咸阳市,专科,,999999,[],False,教育部2026名录（CSV镜像）,,2241,https://www.sptc.sn.cn/,"咸阳校区：陕西省咸阳市文林路中段,西安校区：陕西省西安市未央区未央湖街道湖滨东路3号",True,,,,,,,,,,,,{},0,,0,
4161013737,西安海棠职业学院,陕西省,西安市,,陕西省,西安市,专科,,999999,[],True,教育部2026名录（CSV镜像）,民办,1284,https://www.xahtxy.cn/,陕西省西安市灞桥区水安路30号,True,,,,,,,,,,,,{},0,,0,
4161013739,西安健康工程职业学院,陕西省,西安市,,陕西省,西安市,专科,,999999,[],True,教育部2026名录（CSV镜像）,民办,,,,True,,,,,,,,,,,,{},0,,0,
4161013932,陕西经济管理职业技术学院,陕西省,西安市,,陕西省,西安市,专科,,999999,[],False,教育部2026名录（CSV镜像）,,,,,True,,,,,,,,,,,,{},0,,0,
4161013945,西安铁路职业技术学院,陕西省,西安市,,陕西省,西安市,专科,,999999,[],False,教育部2026名录（CSV镜像）,,2242,http://www.xatzy.com/,"港务校区：陕西省西安国际港务区港务大道396号,自强校区：陕西省西安市莲湖区自强西路133号,临潼校区：陕西省西安市临潼区西关铁一处院内,龙首校区：陕西省西安市新城区拾翠路副189号",True,,,,,,,,,,,,{},0,,0,
4161013946,咸阳职业技术学院,陕西省,咸阳市,,陕西省,咸阳市,专科,,999999,[],False,教育部2026名录（CSV镜像）,,2243,https://www.xianyangzhiyuan.cn/,陕西省咸阳市沣河新区统一大道,True,,,,,,,,,,,,{},0,,0,
4161013947,西安职业技术学院,陕西省,西安市,,陕西省,西安市,专科,,999999,[],False,教育部2026名录（CSV镜像）,,2244,https://www.xzyedu.com.cn/,"本部：陕西省西安市雁塔区鱼斗路251号,辛家庙校区：陕西省西安市太元路99号",True,,,,,,,,,,,,{},0,,0,
4161013948,商洛职业技术学院,陕西省,商洛市,,陕西省,商洛市,专科,,999999,[],False,教育部2026名录（CSV镜像）,,2245,https://www.slzyjsxy.com/,陕西省商洛市商鞅大道西段丹南新区,True,,,,,,,,,,,,{},0,,0,
4161013949,汉中职业技术学院,陕西省,汉中市,,陕西省,汉中市,专科,,999999,[],False,教育部2026名录（CSV镜像）,,2246,https://www.hzvtc.cn/,陕西省汉中市汉台区宗营镇316国道西侧81号,True,,,,,,,,,,,,{},0,,0,
4161013950,延安职业技术学院,陕西省,延安市,,陕西省,延安市,专科,,999999,[],False,教育部2026名录（CSV镜像）,,2247,https://www.yapt.edu.cn/,陕西省延安市宝塔区枣园路555号,True,,,,,,,,,,,,{},0,,0,
4161013951,渭南职业技术学院,陕西省,渭南市,,陕西省,渭南市,专科,,999999,[],False,教育部2026名录（CSV镜像）,,2248,https://www.wnzy.net/,"高新校区：陕西省渭南市高新区胜利大街西段科教园区,朝阳校区：陕西省渭南市临渭区杜化路4号",True,,,,,,,,,,,,{},0,,0,
4161013952,安康职业技术学院,陕西省,安康市,,陕西省,安康市,专科,,999999,[],False,教育部2026名录（CSV镜像）,,2249,https://www.akvtc.cn/,陕西省安康市高新区安康大道2号,True,,,,,,,,,,,,{},0,,0,
4161013953,铜川职业技术学院,陕西省,铜川市,,陕西省,铜川市,专科,,999999,[],False,教育部2026名录（CSV镜像）,,2250,https://www.tczyxy.net/,陕西省铜川市新区朝阳路8号,True,,,,,,,,,,,,{},0,,0,
4161014028,陕西青年职业学院,陕西省,西安市,,陕西省,西安市,专科,,999999,[],False,教育部2026名录（CSV镜像）,,1127,https://www.sxqzy.com/,"含光校区：陕西省西安市含光北路155号,长安校区：陕西省西安市长安区常宁新区鱼包头街123号",True,,,,,,,,,,,,{},0,,0,
4161014029,陕西工商职业学院,陕西省,西安市,,陕西省,西安市,专科,,999999,[],False,教育部2026名录（CSV镜像）,,2694,https://www.snbc.edu.cn/,"郭杜校区：西安市长安区郭杜北街41号,太白校区：西安市雁塔区电子一路253号,明德校区：西安市雁塔区丈八东路9号,高新校区：西安市莲湖区南二环西段9号",True,,,,,,,,,,,,{},0,,0,
4161014031,陕西旅游烹饪职业学院,陕西省,西安市,,陕西省,西安市,专科,,999999,[],True,教育部2026名录（CSV镜像）,民办,2258,https://www.sntcc.cn/,"泾河新城校区：陕西省西安市西咸新区泾河新城陕旅大道,幸福路校区：陕西省西安市新城区幸福路109号(西安建筑科技大学华清学院内）",True,,,,,,,,,,,,{},0,,0,
4161014222,西安医学高等专科学校,陕西省,西安市,,陕西省,西安市,专科,,999999,[],True,教育部2026名录（CSV镜像）,民办,2565,https://www.xagdyz.com/,西安市鄠邑区纬五路1号,True,,,,,,,,,,,,{},0,,0,
4161014318,榆林职业技术学院,陕西省,榆林市,,陕西省,榆林市,专科,,999999,[],False,教育部2026名录（CSV镜像）,,2693,https://www.yulinvtc.com.cn/,陕西省榆林市高新技术产业园西环路1号,True,,,,,,,,,,,,{},0,,0,
4161014488,陕西艺术职业学院,陕西省,西安市,,陕西省,西安市,专科,,999999,[],False,教育部2026名录（CSV镜像）,,3097,https://www.sxavc.edu.cn/,"文艺南路校区：陕西省西安市文艺南路111号,长安校区：西安市长安区东大街道环山路高冠河桥",True,,,,,,,,,,,,{},0,,0,
4161014650,神木职业技术学院,陕西省,榆林市,,陕西省,榆林市,专科,,999999,[],False,教育部2026名录（CSV镜像）,,3473,https://www.smzy.edu.cn/,陕西省神木市滨河新区学苑路1号,True,,,,,,,,,,,,{},0,,0,
4161014651,宝鸡三和职业学院,陕西省,宝鸡市,,陕西省,宝鸡市,专科,,999999,[],True,教育部2026名录（CSV镜像）,民办,3474,https://www.sxshxy.cn/,宝鸡市宝平路14公里处,True,,,,,,,,,,,,{},0,,0,
4161014737,榆林能源科技职业学院,陕西省,榆林市,,陕西省,榆林市,专科,,999999,[],True,教育部2026名录（CSV镜像）,民办,3538,https://ylnkxy.com/,陕西省榆林市榆阳区国家农业科技示范园区,True,,,,,,,,,,,,{},0,,0,
4161014770,宝鸡中北职业学院,陕西省,宝鸡市,,陕西省,宝鸡市,专科,,999999,[],True,教育部2026名录（CSV镜像）,民办,3598,https://www.bjzbzyxy.com/,陕西省宝鸡市金台区蟠龙新区龙翔大道66号,True,,,,,,,,,,,,{},0,,0,
4261050084,陕西机电职业技术学院,陕西省,宝鸡市,,陕西省,宝鸡市,专科,,999999,[],False,教育部2026名录（CSV镜像）,,3258,https://www.sxjdzy.cn/,"宝福路校区：陕西省宝鸡市金台区宝福路56号,蟠龙新区：陕西省宝鸡市金台区蟠龙新区北社街1号,新福路校区：陕西省宝鸡市金台区新福路5号,千河校区：陕西省宝鸡市陈仓大道千河桥西",True,,,,,,,,,,,,{},0,,0,
4162010730,兰州大学,甘肃省,兰州市,,甘肃省,兰州市,本科,40,43,"['985', '211', '双一流']",False,教育部2026名录（CSV镜像）,,97,https://www.lzu.edu.cn/,"榆中校区：甘肃省兰州市榆中县夏官营镇,城关校区：甘肃省兰州市城关区天水南路222号",True,,,,,,,,,,,"{'rankingId': 'legacy-shanghairanking-bcur', 'edition': '2026', 'sortValue': 43.0, 'label': '2026软科主榜 40', 'sourceUrl': 'https://www.shanghairanking.cn/rankings/bcur/2026', 'legacy': True}",{},0,,0,
4162010731,兰州理工大学,甘肃省,兰州市,,甘肃省,兰州市,本科,204,280,[],False,教育部2026名录（CSV镜像）,,483,https://www.lut.edu.cn/,"兰工坪校区：甘肃省兰州市七里河区兰工坪路287号,彭家坪校区：甘肃省兰州市七里河区彭家坪路36号",True,,,,,,,,,,,"{'rankingId': 'legacy-shanghairanking-bcur', 'edition': '2026', 'sortValue': 280.0, 'label': '2026软科主榜 204', 'sourceUrl': 'https://www.shanghairanking.cn/rankings/bcur/2026', 'legacy': True}",{},0,,0,
4162010732,兰州交通大学,甘肃省,兰州市,,甘肃省,兰州市,本科,192,264,[],False,教育部2026名录（CSV镜像）,,488,https://www.lzjtu.cn,"校本部：甘肃省兰州市安宁区安宁西路88号,铁道校区：甘肃省兰州市城关区平凉路166号",True,,,,,,,,,,,"{'rankingId': 'legacy-shanghairanking-bcur', 'edition': '2026', 'sortValue': 264.0, 'label': '2026软科主榜 192', 'sourceUrl': 'https://www.shanghairanking.cn/rankings/bcur/2026', 'legacy': True}",{},0,,0,
4162010733,甘肃农业大学,甘肃省,兰州市,,甘肃省,兰州市,本科,235,331,[],False,教育部2026名录（CSV镜像）,,492,https://www.gsau.edu.cn/,甘肃省兰州市安宁区营门村1号,True,,,,,,,,,,,"{'rankingId': 'legacy-shanghairanking-bcur', 'edition': '2026', 'sortValue': 331.0, 'label': '2026软科主榜 235', 'sourceUrl': 'https://www.shanghairanking.cn/rankings/bcur/2026', 'legacy': True}",{},0,,0,
4162010735,甘肃中医药大学,甘肃省,兰州市,,甘肃省,兰州市,本科,中医25,450,[],False,教育部2026名录（CSV镜像）,,498,https://www.gszy.edu.cn/reception,"五里铺校区：甘肃省兰州市城关区定西东路35号,甘南校区：甘肃省甘南州合作市人民东街52号,和平校区：甘肃省兰州市和平开发区中医大道1号,定西校区：甘肃省定西市安定区定临路4号",True,,,,,,,,,,,"{'rankingId': 'legacy-shanghairanking-bcur', 'edition': '2026', 'sortValue': 450.0, 'label': '2026软科分类标签 中医25', 'sourceUrl': 'https://www.shanghairanking.cn/rankings/bcur/2026', 'legacy': True}",{},0,,0,
4162010736,西北师范大学,甘肃省,兰州市,,甘肃省,兰州市,本科,154,212,[],False,教育部2026名录（CSV镜像）,,495,https://www.nwnu.edu.cn/,"云亭校区：甘肃省兰州市安宁东路967号,知行校区：甘肃省兰州市安宁区长新路20号",True,,,,,,,,,,,"{'rankingId': 'legacy-shanghairanking-bcur', 'edition': '2026', 'sortValue': 212.0, 'label': '2026软科主榜 154', 'sourceUrl': 'https://www.shanghairanking.cn/rankings/bcur/2026', 'legacy': True}",{},0,,0,
4162010737,兰州城市学院,甘肃省,兰州市,,甘肃省,兰州市,本科,489,694,[],False,教育部2026名录（CSV镜像）,,1269,https://www.lzcu.edu.cn/,"校本部：甘肃省兰州市安宁区街坊路11号,城关校区：甘肃省兰州市城关区嘉峪关西路692号,培黎校区：甘肃省兰州市安宁区安宁东路572号",True,,,,,,,,,,,"{'rankingId': 'legacy-shanghairanking-bcur', 'edition': '2026', 'sortValue': 694.0, 'label': '2026软科主榜 489', 'sourceUrl': 'https://www.shanghairanking.cn/rankings/bcur/2026', 'legacy': True}",{},0,,0,
4162010738,陇东学院,甘肃省,庆阳市,,甘肃省,庆阳市,本科,476,680,[],False,教育部2026名录（CSV镜像）,,1094,https://www.ldxy.edu.cn/,甘肃省庆阳市西峰区兰州路45号,True,,,,,,,,,,,"{'rankingId': 'legacy-shanghairanking-bcur', 'edition': '2026', 'sortValue': 680.0, 'label': '2026软科主榜 476', 'sourceUrl': 'https://www.shanghairanking.cn/rankings/bcur/2026', 'legacy': True}",{},0,,0,
4162010739,天水师范大学,甘肃省,天水市,,甘肃省,天水市,本科,446,647,[],False,教育部2026名录（CSV镜像）,,1095,https://www.tsnu.edu.cn,甘肃省天水市秦州区藉河南路,True,,,,,,,,,,,"{'rankingId': 'legacy-shanghairanking-bcur', 'edition': '2026', 'sortValue': 647.0, 'label': '2026软科主榜 446', 'sourceUrl': 'https://www.shanghairanking.cn/rankings/bcur/2026', 'legacy': True}",{},0,,0,
4162010740,河西学院,甘肃省,张掖市,,甘肃省,张掖市,本科,448,648,[],False,教育部2026名录（CSV镜像）,,502,https://www10.hxu.edu.cn/,"校本部：甘肃省张掖市环城北路846号,医学校区：甘肃省张掖市丹霞东路24号",True,,,,,,,,,,,"{'rankingId': 'legacy-shanghairanking-bcur', 'edition': '2026', 'sortValue': 648.0, 'label': '2026软科主榜 448', 'sourceUrl': 'https://www.shanghairanking.cn/rankings/bcur/2026', 'legacy': True}",{},0,,0,
4162010741,兰州财经大学,甘肃省,兰州市,,甘肃省,兰州市,本科,财38,512,[],False,教育部2026名录（CSV镜像）,,500,https://www.lzufe.edu.cn,"段家滩校区：甘肃省兰州市城关区段家滩496号,和平校区：甘肃省兰州市榆中县开发区薇乐大道4号,东岗校区：甘肃省兰州市城关区甸子街45号",True,,,,,,,,,,,"{'rankingId': 'legacy-shanghairanking-bcur', 'edition': '2026', 'sortValue': 512.0, 'label': '2026软科分类标签 财38', 'sourceUrl': 'https://www.shanghairanking.cn/rankings/bcur/2026', 'legacy': True}",{},0,,0,
4162010742,西北民族大学,甘肃省,兰州市,,甘肃省,兰州市,本科,民8,426,[],False,教育部2026名录（CSV镜像）,,480,https://www.xbmu.edu.cn/,"西北新村校区：甘肃省兰州市西北新村1号,榆中校区：甘肃省兰州市榆中县夏官营镇",True,,,,,,,,,,,"{'rankingId': 'legacy-shanghairanking-bcur', 'edition': '2026', 'sortValue': 426.0, 'label': '2026软科分类标签 民8', 'sourceUrl': 'https://www.shanghairanking.cn/rankings/bcur/2026', 'legacy': True}",{},0,,0,
4162011406,甘肃政法大学,甘肃省,兰州市,,甘肃省,兰州市,本科,政14,467,[],False,教育部2026名录（CSV镜像）,,501,https://www.gsupl.edu.cn/,"安宁西路校区：甘肃省兰州市安宁区安宁西路6号,兰州新区校区：甘肃省兰州市皋兰县贺兰山大道与九龙江街交叉路口往南约230米",True,,,,,,,,,,,"{'rankingId': 'legacy-shanghairanking-bcur', 'edition': '2026', 'sortValue': 467.0, 'label': '2026软科分类标签 政14', 'sourceUrl': 'https://www.shanghairanking.cn/rankings/bcur/2026', 'legacy': True}",{},0,,0,
4162011561,甘肃民族师范学院,甘肃省,甘南藏族自治州,,甘肃省,甘南藏族自治州,本科,500+,727,[],False,教育部2026名录（CSV镜像）,,2358,https://www.gnun.edu.cn,甘肃省甘南藏族自治州合作市知合玛路233号,True,,,,,,,,,,,"{'rankingId': 'legacy-shanghairanking-bcur', 'edition': '2026', 'sortValue': 727.0, 'label': '2026软科分类标签 500+', 'sourceUrl': 'https://www.shanghairanking.cn/rankings/bcur/2026', 'legacy': True}",{},0,,0,
4162011562,兰州文理学院,甘肃省,兰州市,,甘肃省,兰州市,本科,500+,755,[],False,教育部2026名录（CSV镜像）,,1711,https://www.luas.edu.cn/,甘肃省兰州市城关区雁北路400号,True,,,,,,,,,,,"{'rankingId': 'legacy-shanghairanking-bcur', 'edition': '2026', 'sortValue': 755.0, 'label': '2026软科分类标签 500+', 'sourceUrl': 'https://www.shanghairanking.cn/rankings/bcur/2026', 'legacy': True}",{},0,,0,
4162011805,甘肃医学院,甘肃省,平凉市,,甘肃省,平凉市,本科,医56+,796,[],False,教育部2026名录（CSV镜像）,,1705,https://www.gsmc.edu.cn/,甘肃省平凉市崆峒区泾河大道18号,True,,,,,,,,,,,"{'rankingId': 'legacy-shanghairanking-bcur', 'edition': '2026', 'sortValue': 796.0, 'label': '2026软科分类标签 医56+', 'sourceUrl': 'https://www.shanghairanking.cn/rankings/bcur/2026', 'legacy': True}",{},0,,0,
4162011807,兰州工业学院,甘肃省,兰州市,,甘肃省,兰州市,本科,500+,754,[],False,教育部2026名录（CSV镜像）,,1707,https://www.lzit.edu.cn/,"七里河校区：兰州市七里河区龚家坪东路1号,兰州新区校区：兰州市兰州新区长江大道东段1942号",True,,,,,,,,,,,"{'rankingId': 'legacy-shanghairanking-bcur', 'edition': '2026', 'sortValue': 754.0, 'label': '2026软科分类标签 500+', 'sourceUrl': 'https://www.shanghairanking.cn/rankings/bcur/2026', 'legacy': True}",{},0,,0,
4162016209,兰州石化职业技术大学,甘肃省,兰州市,,甘肃省,兰州市,本科,,999999,[],False,教育部2026名录（CSV镜像）,,1710,https://www.lzpuvt.edu.cn/,"西固东校区：甘肃省兰州市西固区山丹街1号,西固西校区：甘肃省兰州市西固区山丹街1539号,新区校区：甘肃省兰州新区贺兰山大道北段1169号,白银校区：甘肃省白银市平川区长征东路122号",True,,,,,,,,,,,,{},0,,0,
4162013511,兰州工商学院,甘肃省,兰州市,,甘肃省,兰州市,本科,财27+,1077,[],True,教育部2026名录（CSV镜像）,民办,2360,http://www.lanzhoutbc.cn/,甘肃省兰州市和平开发区薇乐大道68号,True,,,,,,,,,,,"{'rankingId': 'legacy-shanghairanking-bcur', 'edition': '2026', 'sortValue': 1077.0, 'label': '2026软科分类标签 财27+', 'sourceUrl': 'https://www.shanghairanking.cn/rankings/bcur/2026', 'legacy': True}",{},0,,0,
4162016208,兰州资源环境职业技术大学,甘肃省,兰州市,,甘肃省,兰州市,本科,,999999,[],False,教育部2026名录（CSV镜像）,,1720,https://www.lzre.edu.cn/,"窦家山校区：甘肃省兰州市城关区窦家山36号,段家滩校区：兰州市城关区段家滩路927号",True,,,,,,,,,,,,{},0,,0,
4162013514,兰州博文科技学院,甘肃省,兰州市,,甘肃省,兰州市,本科,100+,1037,[],True,教育部2026名录（CSV镜像）,民办,1559,http://www.bowenedu.cn/,甘肃省兰州市榆中县和平镇薇乐大道,True,,,,,,,,,,,"{'rankingId': 'legacy-shanghairanking-bcur', 'edition': '2026', 'sortValue': 1037.0, 'label': '2026软科分类标签 100+', 'sourceUrl': 'https://www.shanghairanking.cn/rankings/bcur/2026', 'legacy': True}",{},0,,0,
4162013515,兰州信息科技学院,甘肃省,兰州市,,甘肃省,兰州市,本科,100+,1038,[],True,教育部2026名录（CSV镜像）,民办,2361,https://www.lzxk.edu.cn/,甘肃省兰州市兰州新区海河街6号,True,,,,,,,,,,,"{'rankingId': 'legacy-shanghairanking-bcur', 'edition': '2026', 'sortValue': 1038.0, 'label': '2026软科分类标签 100+', 'sourceUrl': 'https://www.shanghairanking.cn/rankings/bcur/2026', 'legacy': True}",{},0,,0,
4162011806,陇南师范学院,甘肃省,陇南市,,甘肃省,陇南市,本科,,999999,[],False,教育部2026名录（CSV镜像）,,1706,https://www.lntc.edu.cn,甘肃省陇南市成县陇南路34号,True,,,,,,,,,,,,{},0,,0,
4162012834,甘肃警察学院,甘肃省,兰州市,,甘肃省,兰州市,本科,,999999,[],False,教育部2026名录（CSV镜像）,,1715,https://www.gsjcxy.edu.cn/,"左家湾校区：甘肃省兰州市城关区大砂坪左家湾169号,魏家庄校区：甘肃省兰州市皋兰县北辰南路1717号",True,,,,,,,,,,,,{},0,,0,
4162012835,甘肃林业职业技术大学,甘肃省,天水市,,甘肃省,天水市,本科,,999999,[],False,教育部2026名录（CSV镜像）,,1716,https://www.gsfc.edu.cn,"校本部：甘肃省天水市麦积区麦积大道200号,清水校区：甘肃省天水市清水县泰山路12号",True,,,,,,,,,,,,{},0,,0,
4162012539,酒泉职业技术大学,甘肃省,酒泉市,,甘肃省,酒泉市,本科,,999999,[],False,教育部2026名录（CSV镜像）,,1713,https://www.jqzy.edu.cn/,甘肃省酒泉市肃州区解放路66号,True,,,,,,,,,,,,{},0,,0,
4162012836,甘肃工业职业技术大学,甘肃省,天水市,,甘肃省,天水市,本科,,999999,[],False,教育部2026名录（CSV镜像）,,1717,https://www.gipc.edu.cn,"校本部：甘肃省天水市麦积区羲皇大道中路369号,秦州校区：甘肃省天水市秦州区赤峪路107号",True,,,,,,,,,,,,{},0,,0,
4162013518,武威职业技术大学,甘肃省,武威市,,甘肃省,武威市,本科,,999999,[],False,教育部2026名录（CSV镜像）,,1718,https://www.wwoc.cn/,甘肃省武威市凉州区西关街学府路1号,True,,,,,,,,,,,,{},0,,0,
4162011808,定西师范高等专科学校,甘肃省,定西市,,甘肃省,定西市,专科,,999999,[],False,教育部2026名录（CSV镜像）,,,,,True,,,,,,,,,,,,{},0,,0,
4162012511,甘肃建筑职业技术学院,甘肃省,兰州市,,甘肃省,兰州市,专科,,999999,[],False,教育部2026名录（CSV镜像）,,1712,https://www.gcvtc.edu.cn/,"兰州校区：甘肃省兰州市七里河区晏家坪三村200号,康乐校区：甘肃省临夏回族自治州康乐县东滨河路001号",True,,,,,,,,,,,,{},0,,0,
4162012832,兰州外语职业学院,甘肃省,兰州市,,甘肃省,兰州市,专科,,999999,[],True,教育部2026名录（CSV镜像）,民办,1588,https://www.lzwyedu.com/,"和平校区：甘肃省兰州市榆中县和平开发区薇乐大道137号,兰州新区：甘肃省兰州市新区职教园区长江大道888号",True,,,,,,,,,,,,{},0,,0,
4162012833,兰州职业技术学院,甘肃省,兰州市,,甘肃省,兰州市,专科,,999999,[],False,教育部2026名录（CSV镜像）,,1714,https://www.lvu.edu.cn/,"校本部：甘肃省兰州市安宁区刘沙公路37号,雁儿湾校区：甘肃省兰州市城关区雁儿湾路191号,桃林校区：甘肃省兰州市安宁区桃林路112号",True,,,,,,,,,,,,{},0,,0,
4162013519,甘肃交通职业技术学院,甘肃省,兰州市,,甘肃省,兰州市,专科,,999999,[],False,教育部2026名录（CSV镜像）,,1719,https://www.gsjtxy.edu.cn/main/,"校本部：甘肃省兰州市兰州新区贺兰山大道北段615号,东校区：甘肃省兰州市城关区雁滩路3918号",True,,,,,,,,,,,,{},0,,0,
4162013954,甘肃农业职业技术学院,甘肃省,兰州市,,甘肃省,兰州市,专科,,999999,[],False,教育部2026名录（CSV镜像）,,1721,https://www.gscat.edu.cn/,"段家滩校区：甘肃省兰州市城关区段家滩路425号,新区校区：甘肃省兰州市皋兰县中川镇牡丹江街1999号,和平校区：甘肃省兰州市榆中县G30(青兰高速公路)",True,,,,,,,,,,,,{},0,,0,
4162013955,甘肃畜牧工程职业技术学院,甘肃省,武威市,,甘肃省,武威市,专科,,999999,[],False,教育部2026名录（CSV镜像）,,1722,https://www.xmgcedu.cn/,甘肃省武威市凉州区黄羊镇学院路70号,True,,,,,,,,,,,,{},0,,0,
4162014131,甘肃钢铁职业技术学院,甘肃省,嘉峪关市,,甘肃省,嘉峪关市,专科,,999999,[],False,教育部2026名录（CSV镜像）,,1723,http://www.gsgtzy.cn/gt/default.html,"东湖校区：甘肃省嘉峪关市体育大道2222号,兰新校区：甘肃省嘉峪关市五一南路3号",True,,,,,,,,,,,,{},0,,0,
4162014375,甘肃有色冶金职业技术学院,甘肃省,金昌市,,甘肃省,金昌市,专科,,999999,[],False,教育部2026名录（CSV镜像）,,2952,http://www.gsysyj.cn/,甘肃省金昌市天津路101号,True,,,,,,,,,,,,{},0,,0,
4162014376,白银矿冶职业技术学院,甘肃省,白银市,,甘肃省,白银市,专科,,999999,[],False,教育部2026名录（CSV镜像）,,3128,https://www.bymu.cn,"南校区：白银市白银区南环路1号白银市体育中心西侧,北校区：白银市白银区建设北路81号",True,,,,,,,,,,,,{},0,,0,
4162014517,甘肃卫生职业学院,甘肃省,兰州市,,甘肃省,兰州市,专科,,999999,[],False,教育部2026名录（CSV镜像）,,3154,http://www.gswx.com.cn/,"新区校区：甘肃省兰州市新区职教园区九龙江街1666号,五里铺校区：甘肃省兰州市城关区东岗西路60号",True,,,,,,,,,,,,{},0,,0,
4162014518,兰州科技职业学院,甘肃省,兰州市,,甘肃省,兰州市,专科,,999999,[],True,教育部2026名录（CSV镜像）,民办,3155,https://www.lzkjedu.com/,甘肃省兰州市兰州东部科技新城园区大道一号,True,,,,,,,,,,,,{},0,,0,
4162014551,庆阳职业技术学院,甘肃省,庆阳市,,甘肃省,庆阳市,专科,,999999,[],False,教育部2026名录（CSV镜像）,,3257,https://www.qyvtc.cn/,甘肃省庆阳市西峰区长庆大道23号,True,,,,,,,,,,,,{},0,,0,
4162014552,临夏现代职业学院,甘肃省,临夏回族自治州,,甘肃省,临夏州,专科,,999999,[],False,教育部2026名录（CSV镜像）,,3294,http://www.lxxdzy.com,甘肃省临夏市北滨河东路43号,True,,,,,,,,,,,,{},0,,0,
4162014594,兰州现代职业学院,甘肃省,兰州市,,甘肃省,兰州市,专科,,999999,[],False,教育部2026名录（CSV镜像）,,3289,https://www.lzmvc.edu.cn/,甘肃省兰州新区职教园区（兰州新区九龙江街500号）,True,,,,,,,,,,,,{},0,,0,
4162014595,平凉职业技术学院,甘肃省,平凉市,,甘肃省,平凉市,专科,,999999,[],False,教育部2026名录（CSV镜像）,,3295,https://www.plvtc.cn/,甘肃省平凉市崆峒区泾河南路16号（彩虹桥东侧）,True,,,,,,,,,,,,{},0,,0,
4162014738,培黎职业学院,甘肃省,张掖市,,甘肃省,张掖市,专科,,999999,[],False,教育部2026名录（CSV镜像）,,3536,https://www.plzyxy.com/,甘肃省张掖市山丹县新城区培黎路,True,,,,,,,,,,,,{},0,,0,
4162014771,兰州航空职业技术学院,甘肃省,兰州市,,甘肃省,兰州市,专科,,999999,[],False,教育部2026名录（CSV镜像）,,3600,http://www.lzatc.edu.cn/,兰州市安宁区万新路274号,True,,,,,,,,,,,,{},0,,0,
4162014772,白银希望职业技术学院,甘肃省,白银市,,甘肃省,白银市,专科,,999999,[],True,教育部2026名录（CSV镜像）,民办,3601,http://www.byhvatc.com/,甘肃省白银市白银区银西产业园区南京路,True,,,,,,,,,,,,{},0,,0,
4262051378,甘肃财贸职业学院,甘肃省,兰州市,,甘肃省,兰州市,专科,,999999,[],False,教育部2026名录（CSV镜像）,,3292,https://www.gscmxy.edu.cn/,"兰州新区职教园校区：甘肃省兰州市兰州新区职教园区海河街766号,兰州市七里河校区：甘肃省兰州市七里河区蒋家坪1号",True,,,,,,,,,,,,{},0,,0,
4162014823,定西职业技术学院,甘肃省,定西市,,甘肃省,定西市,专科,,999999,[],False,教育部2026名录（CSV镜像）,,3652,https://www.dxvtc.edu.cn/,定西市临洮县洮阳镇文峰北路9号,True,,,,,,,,,,,,{},0,,0,
4163010743,青海大学,青海省,西宁市,,青海省,西宁市,本科,203,279,"['211', '双一流']",False,教育部2026名录（CSV镜像）,,367,https://www.qhu.edu.cn/,"校本部：青海省西宁市城北区宁大路251号,藏医学院校区：青海省西宁市城西区昆仑西路与学院巷交叉路口往东北约120米,昆仑学院校区：青海省西宁市城北区宁张路175号",True,,,,,,,,,,,"{'rankingId': 'legacy-shanghairanking-bcur', 'edition': '2026', 'sortValue': 279.0, 'label': '2026软科主榜 203', 'sourceUrl': 'https://www.shanghairanking.cn/rankings/bcur/2026', 'legacy': True}",{},0,,0,
4163010746,青海师范大学,青海省,西宁市,,青海省,西宁市,本科,256,361,[],False,教育部2026名录（CSV镜像）,,370,https://www.qhnu.edu.cn,"城北校区：青海省西宁市城北区海湖大道延长段38号,城西校区：青海省西宁市城西五四西路38号",True,,,,,,,,,,,"{'rankingId': 'legacy-shanghairanking-bcur', 'edition': '2026', 'sortValue': 361.0, 'label': '2026软科主榜 256', 'sourceUrl': 'https://www.shanghairanking.cn/rankings/bcur/2026', 'legacy': True}",{},0,,0,
4163010748,青海民族大学,青海省,西宁市,,青海省,西宁市,本科,民11,466,[],False,教育部2026名录（CSV镜像）,,372,https://www.qhmu.edu.cn/,"东序校区：青海省西宁市八一中路3号,西昆校区：青海省西宁市八一中路72号,博雅校区：青海省西宁市曹二路52号,文实校区：青海省西宁市夏都大街78号,南山校区：青海省西宁市南山东路15号",True,,,,,,,,,,,"{'rankingId': 'legacy-shanghairanking-bcur', 'edition': '2026', 'sortValue': 466.0, 'label': '2026软科分类标签 民11', 'sourceUrl': 'https://www.shanghairanking.cn/rankings/bcur/2026', 'legacy': True}",{},0,,0,
4163013674,青海大学昆仑学院,青海省,西宁市,,青海省,西宁市,本科,,999999,[],True,教育部2026名录（CSV镜像）,民办,,,,True,,,,,,,,,,,,{},0,,0,
4163014881,青海理工学院,青海省,西宁市,,青海省,西宁市,本科,,999999,[],False,教育部2026名录（CSV镜像）,,3731,https://qhit.edu.cn/,青海省西宁市城北区修远街2号,True,,,,,,,,,,,,{},0,,0,
4163012973,青海职业技术大学,青海省,西宁市,,青海省,西宁市,本科,,999999,[],False,教育部2026名录（CSV镜像）,,1569,http://www.qhvu.edu.cn/,"校本部：青海省西宁市城北区生物园区经二路66号,五四校区：青海省西宁市城西区五四大街62号5号",True,,,,,,,,,,,,{},0,,0,
4163012562,青海卫生职业技术学院,青海省,西宁市,,青海省,西宁市,专科,,999999,[],False,教育部2026名录（CSV镜像）,,2278,https://www.qhwszy.edu.cn/,青海省西宁市城北区泓学大街6号,True,,,,,,,,,,,,{},0,,0,
4163012852,青海警官职业学院,青海省,西宁市,,青海省,西宁市,专科,,999999,[],False,教育部2026名录（CSV镜像）,,2279,https://www.qhjyedu.com/,青海省西宁市城中区建新巷22号,True,,,,,,,,,,,,{},0,,0,
4163012972,青海农牧科技职业学院,青海省,西宁市,,青海省,西宁市,专科,,999999,[],False,教育部2026名录（CSV镜像）,,2280,https://www.qhxmzy.cn/,"湟源校区：青海省西宁市湟源县西大街13号,西宁校区：青海省西宁市城北区生物园区宁张路175号",True,,,,,,,,,,,,{},0,,0,
4163012974,青海建筑职业技术学院,青海省,西宁市,,青海省,西宁市,专科,,999999,[],False,教育部2026名录（CSV镜像）,,1568,https://www.qhavtc.edu.cn/,青海省西宁市城中区南川西路96号,True,,,,,,,,,,,,{},0,,0,
4163014519,西宁城市职业技术学院,青海省,西宁市,,青海省,西宁市,专科,,999999,[],False,教育部2026名录（CSV镜像）,,3314,https://www.xncy.edu.cn/default.html,青海省西宁市城北区宁张路295号,True,,,,,,,,,,,,{},0,,0,
4163014520,青海高等职业技术学院,青海省,海东市,,青海省,海东市,专科,,999999,[],False,教育部2026名录（CSV镜像）,,3313,https://www.qhvtc.edu.cn/,青海省海东市乐都区七里店,True,,,,,,,,,,,,{},0,,0,
4163014521,青海柴达木职业技术学院,青海省,海西蒙古族藏族自治州,,青海省,海西蒙古族藏族自治州,专科,,999999,[],False,教育部2026名录（CSV镜像）,,3312,http://www.qhcdmzy.edu.cn,青海省海西州德今哈市都兰西路32号,True,,,,,,,,,,,,{},0,,0,
4164010749,宁夏大学,宁夏回族自治区,银川市,,宁夏回族自治区,银川市,本科,137,189,"['211', '双一流']",False,教育部2026名录（CSV镜像）,,544,https://www.nxu.edu.cn/,"贺兰山校区：宁夏回族自治区银川市西夏区贺兰山西路489号,怀远校区：宁夏回族自治区银川市西夏区文萃北街217号,文萃校区：宁夏回族自治区银川市西夏区贺兰山西路539号,朔方校区：宁夏回族自治区银川市西夏区文萃北街216号,金凤校区：宁夏回族自治区银川市金凤区黄河东路656号,中卫校区：宁夏回族自治区中卫市沙坡头区平安西路,教学实验农场：宁夏回族自治区银川市永宁县望洪镇西河村",True,,,,,,,,,,,"{'rankingId': 'legacy-shanghairanking-bcur', 'edition': '2026', 'sortValue': 189.0, 'label': '2026软科主榜 137', 'sourceUrl': 'https://www.shanghairanking.cn/rankings/bcur/2026', 'legacy': True}",{},0,,0,
4164010752,宁夏医科大学,宁夏回族自治区,银川市,,宁夏回族自治区,银川市,本科,医21,254,[],False,教育部2026名录（CSV镜像）,,546,https://www.nxmu.edu.cn/,"雁湖校区：宁夏回族自治区银川市兴庆区胜利街1160号,双怡校区：宁夏回族自治区银川市兴庆区胜利街692号",True,,,,,,,,,,,"{'rankingId': 'legacy-shanghairanking-bcur', 'edition': '2026', 'sortValue': 254.0, 'label': '2026软科分类标签 医21', 'sourceUrl': 'https://www.shanghairanking.cn/rankings/bcur/2026', 'legacy': True}",{},0,,0,
4164010753,宁夏师范大学,宁夏回族自治区,固原市,,宁夏回族自治区,固原市,本科,413,605,[],False,教育部2026名录（CSV镜像）,,1241,https://www.nxnu.edu.cn/,"古雁校区：宁夏回族自治区固原市原州区新区学院路,文苑校区：宁夏回族自治区固原市原州区文化巷",True,,,,,,,,,,,"{'rankingId': 'legacy-shanghairanking-bcur', 'edition': '2026', 'sortValue': 605.0, 'label': '2026软科主榜 413', 'sourceUrl': 'https://www.shanghairanking.cn/rankings/bcur/2026', 'legacy': True}",{},0,,0,
4164011407,北方民族大学,宁夏回族自治区,银川市,,宁夏回族自治区,银川市,本科,民9,438,[],False,教育部2026名录（CSV镜像）,,545,https://www.nmu.edu.cn/,宁夏回族自治区银川市西夏区文昌北街204号,True,,,,,,,,,,,"{'rankingId': 'legacy-shanghairanking-bcur', 'edition': '2026', 'sortValue': 438.0, 'label': '2026软科分类标签 民9', 'sourceUrl': 'https://www.shanghairanking.cn/rankings/bcur/2026', 'legacy': True}",{},0,,0,
4164012544,宁夏理工学院,宁夏回族自治区,石嘴山市,,宁夏回族自治区,石嘴山市,本科,70,962,[],True,教育部2026名录（CSV镜像）,民办,2288,http://www.nxist.com/,宁夏回族自治区石嘴山市大武口区山水大道学院路1号,True,,,,,,,,,,,"{'rankingId': 'legacy-shanghairanking-bcur', 'edition': '2026', 'sortValue': 962.0, 'label': '2026软科主榜 70', 'sourceUrl': 'https://www.shanghairanking.cn/rankings/bcur/2026', 'legacy': True}",{},0,,0,
4164013325,宁夏大学新华学院,宁夏回族自治区,银川市,,宁夏回族自治区,银川市,本科,,999999,[],True,教育部2026名录（CSV镜像）,民办,2576,https://xinhua.nxu.edu.cn/,宁夏银川市西夏区贺兰山西路686号,True,,,,,,,,,,,,{},0,,0,
4164013820,银川能源学院,宁夏回族自治区,银川市,,宁夏回族自治区,银川市,本科,100+,1068,[],True,教育部2026名录（CSV镜像）,民办,2289,https://www.ycu.com.cn/,"王太校区：宁夏回族自治区银川市永宁县王太堡,滨河校区：宁夏银川市滨河新区国际科教城汉关路与星河街路口",True,,,,,,,,,,,"{'rankingId': 'legacy-shanghairanking-bcur', 'edition': '2026', 'sortValue': 1068.0, 'label': '2026软科分类标签 100+', 'sourceUrl': 'https://www.shanghairanking.cn/rankings/bcur/2026', 'legacy': True}",{},0,,0,
4164014200,银川科技学院,宁夏回族自治区,银川市,,宁夏回族自治区,银川市,本科,100+,1067,[],True,教育部2026名录（CSV镜像）,民办,2615,https://www.ycust.edu.cn/,宁夏银川市西夏区金波北街培华路1号,True,,,,,,,,,,,"{'rankingId': 'legacy-shanghairanking-bcur', 'edition': '2026', 'sortValue': 1067.0, 'label': '2026软科分类标签 100+', 'sourceUrl': 'https://www.shanghairanking.cn/rankings/bcur/2026', 'legacy': True}",{},0,,0,
4164013086,宁夏职业技术大学,宁夏回族自治区,银川市,,宁夏回族自治区,银川市,本科,,999999,[],False,教育部2026名录（CSV镜像）,,2283,https://www.nxtc.edu.cn/,宁夏银川市西夏区大连西路393号,True,,,,,,,,,,,,{},0,,0,
4164013087,宁夏工商职业技术大学,宁夏回族自治区,银川市,,宁夏回族自治区,银川市,本科,,999999,[],False,教育部2026名录（CSV镜像）,,2284,https://www.nxgs.edu.cn/,宁夏回族自治区银川市西夏区大连西路531号,True,,,,,,,,,,,,{},0,,0,
4164014986,宁夏应用技术学院,宁夏回族自治区,石嘴山市,,宁夏回族自治区,石嘴山市,本科,,999999,[],True,教育部2026名录（CSV镜像）,民办,3917,http://www.nxmjyyjsxy.cn/,宁夏回族自治区石嘴山市大武口区学院路999号,True,,,,,,,,,,,,{},0,,0,
4164012716,宁夏民族职业技术学院,宁夏回族自治区,吴忠市,,宁夏回族自治区,吴忠市,专科,,999999,[],False,教育部2026名录（CSV镜像）,,2281,https://www.nxmzy.com.cn/,宁夏回族自治区吴忠市利通区教育园区,True,,,,,,,,,,,,{},0,,0,
4164012837,宁夏工业职业学院,宁夏回族自治区,银川市,,宁夏回族自治区,银川市,专科,,999999,[],False,教育部2026名录（CSV镜像）,,2282,,宁夏回族自治区银川市西夏区朔方路5号,True,,,,,,,,,,,,{},0,,0,
4164013088,宁夏财经职业技术学院,宁夏回族自治区,银川市,,宁夏回族自治区,银川市,专科,,999999,[],False,教育部2026名录（CSV镜像）,,2285,https://www.nxcy.edu.cn/,宁夏回族自治区银川市西夏区学院西路31号,True,,,,,,,,,,,,{},0,,0,
4164013089,宁夏警官职业学院,宁夏回族自治区,银川市,,宁夏回族自治区,银川市,专科,,999999,[],False,教育部2026名录（CSV镜像）,,2286,https://www.nxpc.edu.cn/index.htm,宁夏回族自治区银川市西夏区学院东路350号,True,,,,,,,,,,,,{},0,,0,
4164013151,宁夏建设职业技术学院,宁夏回族自治区,银川市,,宁夏回族自治区,银川市,专科,,999999,[],False,教育部2026名录（CSV镜像）,,2287,https://www.nxjy.edu.cn/,宁夏回族自治区银川市西夏区学院东路355号,True,,,,,,,,,,,,{},0,,0,
4164014377,宁夏葡萄酒与防沙治沙职业技术学院,宁夏回族自治区,银川市,,宁夏回族自治区,银川市,专科,,999999,[],False,教育部2026名录（CSV镜像）,,3099,http://www.nxfszs.cn,银川市三沙源国际生态旅游区南侧,True,,,,,,,,,,,,{},0,,0,
4164014498,宁夏幼儿师范高等专科学校,宁夏回族自治区,银川市,,宁夏回族自治区,银川市,专科,,999999,[],False,教育部2026名录（CSV镜像）,,3409,https://www.nxpec.edu.cn/,宁夏回族自治区银川市滨河新区唐和路211号,True,,,,,,,,,,,,{},0,,0,
4164014522,宁夏艺术职业学院,宁夏回族自治区,银川市,,宁夏回族自治区,银川市,专科,,999999,[],False,教育部2026名录（CSV镜像）,,3410,http://www.nxyszyxy.com/,宁夏回族自治区银川市西夏区同心北街666号,True,,,,,,,,,,,,{},0,,0,
4164014624,宁夏体育职业学院,宁夏回族自治区,银川市,,宁夏回族自治区,银川市,专科,,999999,[],False,教育部2026名录（CSV镜像）,,3411,https://www.nxtzy.com.cn/,宁夏银川市西夏区学院东路360号,True,,,,,,,,,,,,{},0,,0,
4164014739,石嘴山工贸职业技术学院,宁夏回族自治区,石嘴山市,,宁夏回族自治区,石嘴山市,专科,,999999,[],False,教育部2026名录（CSV镜像）,,3535,http://www.nxszsgm.com/,宁夏回族自治区石嘴山市大武口区星光大道南8号,True,,,,,,,,,,,,{},0,,0,
4164014804,宁夏卫生健康职业技术学院,宁夏回族自治区,石嘴山市,,宁夏回族自治区,石嘴山市,专科,,999999,[],False,教育部2026名录（CSV镜像）,,3633,https://www.nxwsjkxy.com.cn/xygk/,宁夏回族自治区石嘴山市大武口区星光大道和学院路交汇处,True,,,,,,,,,,,,{},0,,0,
4164014847,宁夏交通职业技术学院,宁夏回族自治区,银川市,,宁夏回族自治区,银川市,专科,,999999,[],False,教育部2026名录（CSV镜像）,,3699,https://nxctedu.cn/,宁夏回族自治区银川市虹桥南街504号,True,,,,,,,,,,,,{},0,,0,
4164014976,固原农林职业技术学院,宁夏回族自治区,固原市,,宁夏回族自治区,固原市,专科,,999999,[],False,教育部2026名录（CSV镜像）,,3915,,,True,,,,,,,,,,,,{},0,,0,
4165010755,新疆大学,新疆维吾尔自治区,乌鲁木齐市,,新疆维吾尔自治区,乌鲁木齐市,本科,131,180,"['211', '双一流']",False,教育部2026名录（CSV镜像）,,74,https://www.xju.edu.cn,"红湖校区：新疆维吾尔自治区乌鲁木齐市天山区胜利路666号,博达校区：新疆维吾尔自治区乌鲁木齐市水磨沟区华瑞街777号,友好校区：新疆维吾尔自治区乌鲁木齐市沙依巴克区西北路499号,喀什校区：新疆维吾尔自治区喀什地区喀什市学府路",True,,,,,,,,,,,"{'rankingId': 'legacy-shanghairanking-bcur', 'edition': '2026', 'sortValue': 180.0, 'label': '2026软科主榜 131', 'sourceUrl': 'https://www.shanghairanking.cn/rankings/bcur/2026', 'legacy': True}",{},0,,0,
4165010757,塔里木大学,新疆维吾尔自治区,阿拉尔市,,新疆维吾尔自治区,阿拉尔市,本科,343,508,[],False,教育部2026名录（CSV镜像）,,1091,https://www.taru.edu.cn/,"校本部：新疆维吾尔自治区阿拉尔市塔里木大道东1487号,新校区（东扩区）：新疆维吾尔自治区阿拉尔市军垦大道与将军大街交叉口东440米",True,,,,,,,,,,,"{'rankingId': 'legacy-shanghairanking-bcur', 'edition': '2026', 'sortValue': 508.0, 'label': '2026软科主榜 343', 'sourceUrl': 'https://www.shanghairanking.cn/rankings/bcur/2026', 'legacy': True}",{},0,,0,
4165010758,新疆农业大学,新疆维吾尔自治区,乌鲁木齐市,,新疆维吾尔自治区,乌鲁木齐市,本科,305,456,[],False,教育部2026名录（CSV镜像）,,233,https://www.xjau.edu.cn,"老满城校区：新疆维吾尔自治区乌鲁木齐市沙依巴克区农大东路311号,亚心校区：新疆维吾尔自治区乌鲁木齐市沙依巴克区西山新镇聚安路888号,陆港校区：新疆维吾尔自治区乌鲁木齐市头屯河区屯坪北路 200号,天格尔校区（实习林场）：新疆维吾尔自治区昌吉回族自治州昌吉市阿什里哈萨克民族乡",True,,,,,,,,,,,"{'rankingId': 'legacy-shanghairanking-bcur', 'edition': '2026', 'sortValue': 456.0, 'label': '2026软科主榜 305', 'sourceUrl': 'https://www.shanghairanking.cn/rankings/bcur/2026', 'legacy': True}",{},0,,0,
4165010759,石河子大学,新疆维吾尔自治区,石河子市,,新疆维吾尔自治区,石河子市,本科,135,187,"['211', '双一流']",False,教育部2026名录（CSV镜像）,,199,https://www.shzu.edu.cn/,"中校区：新疆维吾尔自治区石河子市北四路280号,北校区：新疆石河子市北四路221号石河子大学北区,南校区：新疆石河子市北二路石河子大学南区,东校区：新疆石河子市北四东路石河子大学东区,北苑新区：新疆石河子市北五路石河子大学北苑新区",True,,,,,,,,,,,"{'rankingId': 'legacy-shanghairanking-bcur', 'edition': '2026', 'sortValue': 187.0, 'label': '2026软科主榜 135', 'sourceUrl': 'https://www.shanghairanking.cn/rankings/bcur/2026', 'legacy': True}",{},0,,0,
4165010760,新疆医科大学,新疆维吾尔自治区,乌鲁木齐市,,新疆维吾尔自治区,乌鲁木齐市,本科,医23,270,[],False,教育部2026名录（CSV镜像）,,234,https://www.xjmu.edu.cn/,"新医路校区：新疆维吾尔自治区乌鲁木齐市新医路393号,雪莲山校区：新疆维吾尔自治区乌鲁木齐市水磨沟区尚德北路567号",True,,,,,,,,,,,"{'rankingId': 'legacy-shanghairanking-bcur', 'edition': '2026', 'sortValue': 270.0, 'label': '2026软科分类标签 医23', 'sourceUrl': 'https://www.shanghairanking.cn/rankings/bcur/2026', 'legacy': True}",{},0,,0,
4165010762,新疆师范大学,新疆维吾尔自治区,乌鲁木齐市,,新疆维吾尔自治区,乌鲁木齐市,本科,302,451,[],False,教育部2026名录（CSV镜像）,,235,https://www.xjnu.edu.cn/,"温泉校区：新疆维吾尔自治区乌鲁木齐市水磨沟区观景路100号,昆仑校区：新疆维吾尔自治区乌鲁木齐市沙依巴克区新医路102号",True,,,,,,,,,,,"{'rankingId': 'legacy-shanghairanking-bcur', 'edition': '2026', 'sortValue': 451.0, 'label': '2026软科主榜 302', 'sourceUrl': 'https://www.shanghairanking.cn/rankings/bcur/2026', 'legacy': True}",{},0,,0,
4165010763,喀什大学,新疆维吾尔自治区,喀什地区,,新疆维吾尔自治区,喀什地区,本科,500+,753,[],False,教育部2026名录（CSV镜像）,,236,https://www.ksu.edu.cn/,"新泉校区：新疆喀什地区喀什市学府大道380号,东城校区：新疆维吾尔自治区喀什地区喀什市城东大道200号,高台校区：新疆维吾尔自治区喀什地区喀什市学院路29号",True,,,,,,,,,,,"{'rankingId': 'legacy-shanghairanking-bcur', 'edition': '2026', 'sortValue': 753.0, 'label': '2026软科分类标签 500+', 'sourceUrl': 'https://www.shanghairanking.cn/rankings/bcur/2026', 'legacy': True}",{},0,,0,
4165010764,伊犁师范大学,新疆维吾尔自治区,伊犁哈萨克自治州,,新疆维吾尔自治区,伊犁哈萨克自治州,本科,500,705,[],False,教育部2026名录（CSV镜像）,,1036,https://www.ylnu.edu.cn/,"校本部：新疆维吾尔自治区伊犁哈萨克自治州伊宁市解放西路448号,东校区：新疆维吾尔自治区伊犁哈萨克自治州伊宁市学府街666号",True,,,,,,,,,,,"{'rankingId': 'legacy-shanghairanking-bcur', 'edition': '2026', 'sortValue': 705.0, 'label': '2026软科主榜 500', 'sourceUrl': 'https://www.shanghairanking.cn/rankings/bcur/2026', 'legacy': True}",{},0,,0,
4165010766,新疆财经大学,新疆维吾尔自治区,乌鲁木齐市,,新疆维吾尔自治区,乌鲁木齐市,本科,财37,496,[],False,教育部2026名录（CSV镜像）,,237,https://www.xjufe.edu.cn/,"校本部：新疆维吾尔自治区乌鲁木齐市北京中路449号,北校区：乌鲁木齐市新市区北京北路1075号,阿勒泰校区：新疆阿勒泰市迎宾路106号",True,,,,,,,,,,,"{'rankingId': 'legacy-shanghairanking-bcur', 'edition': '2026', 'sortValue': 496.0, 'label': '2026软科分类标签 财37', 'sourceUrl': 'https://www.shanghairanking.cn/rankings/bcur/2026', 'legacy': True}",{},0,,0,
4165010768,新疆艺术学院,新疆维吾尔自治区,乌鲁木齐市,,新疆维吾尔自治区,乌鲁木齐市,本科,,999999,[],False,教育部2026名录（CSV镜像）,,238,https://www.xjart.edu.cn/,"东校区：新疆维吾尔自治区乌鲁木齐市天山区团结路734号,西校区：新疆维吾尔自治区乌鲁木齐市天山区团结路620号,金桥校区：新疆维吾尔自治区乌鲁木齐市头屯河区金桥路",True,,,,,,,,,,,,{},0,,0,
4165010994,新疆工程学院,新疆维吾尔自治区,乌鲁木齐市,,新疆维吾尔自治区,乌鲁木齐市,本科,500+,783,[],False,教育部2026名录（CSV镜像）,,2066,https://www.xjie.edu.cn/,"校本部：新疆乌鲁木齐市经济技术开发区(头屯河区)义丁湖路1350号,南昌路校区：乌鲁木齐市南昌路236号",True,,,,,,,,,,,"{'rankingId': 'legacy-shanghairanking-bcur', 'edition': '2026', 'sortValue': 783.0, 'label': '2026软科分类标签 500+', 'sourceUrl': 'https://www.shanghairanking.cn/rankings/bcur/2026', 'legacy': True}",{},0,,0,
4165010997,昌吉学院,新疆维吾尔自治区,昌吉回族自治州,,新疆维吾尔自治区,昌吉回族自治州,本科,500+,715,[],False,教育部2026名录（CSV镜像）,,239,https://www.cjc.edu.cn/,"新城校区：新疆维吾尔自治区昌吉市世纪大道南段9号,园丁校区：新疆维吾尔自治区昌吉市北京北路77号",True,,,,,,,,,,,"{'rankingId': 'legacy-shanghairanking-bcur', 'edition': '2026', 'sortValue': 715.0, 'label': '2026软科分类标签 500+', 'sourceUrl': 'https://www.shanghairanking.cn/rankings/bcur/2026', 'legacy': True}",{},0,,0,
4165012734,新疆警察学院,新疆维吾尔自治区,乌鲁木齐市,,新疆维吾尔自治区,乌鲁木齐市,本科,政30+,813,[],False,教育部2026名录（CSV镜像）,,2068,https://www.xjpcedu.cn/,"长沙路校区：新疆维吾尔自治区乌鲁木齐市新市区长沙路1108号,米东校区：新疆维吾尔自治区乌鲁木齐市米东区柏河乡开泰北路5428号",True,,,,,,,,,,,"{'rankingId': 'legacy-shanghairanking-bcur', 'edition': '2026', 'sortValue': 813.0, 'label': '2026软科分类标签 政30+', 'sourceUrl': 'https://www.shanghairanking.cn/rankings/bcur/2026', 'legacy': True}",{},0,,0,
4165013558,新疆理工学院,新疆维吾尔自治区,阿克苏地区,,新疆维吾尔自治区,阿克苏地区,本科,500+,784,[],False,教育部2026名录（CSV镜像）,,2487,https://www.xjit.edu.cn,新疆维吾尔自治区阿克苏市学府西路1号,True,,,,,,,,,,,"{'rankingId': 'legacy-shanghairanking-bcur', 'edition': '2026', 'sortValue': 784.0, 'label': '2026软科分类标签 500+', 'sourceUrl': 'https://www.shanghairanking.cn/rankings/bcur/2026', 'legacy': True}",{},0,,0,
4165013559,新疆农业大学科学技术学院,新疆维吾尔自治区,乌鲁木齐市,,新疆维吾尔自治区,乌鲁木齐市,本科,,999999,[],True,教育部2026名录（CSV镜像）,民办,,,,True,,,,,,,,,,,,{},0,,0,
4165013560,新疆第二医学院,新疆维吾尔自治区,克拉玛依市,,新疆维吾尔自治区,克拉玛依市,本科,医56+,799,[],False,教育部2026名录（CSV镜像）,,2490,https://www.xjsmc.edu.cn/,新疆维吾尔自治区克拉玛依市胜利路12号,True,,,,,,,,,,,"{'rankingId': 'legacy-shanghairanking-bcur', 'edition': '2026', 'sortValue': 799.0, 'label': '2026软科分类标签 医56+', 'sourceUrl': 'https://www.shanghairanking.cn/rankings/bcur/2026', 'legacy': True}",{},0,,0,
4165013561,新疆科技学院,新疆维吾尔自治区,巴音郭楞蒙古自治州,,新疆维吾尔自治区,巴音郭楞蒙古自治州,本科,财46+,807,[],False,教育部2026名录（CSV镜像）,,2489,https://www.xjust.edu.cn/,"金河校区：新疆维吾尔自治区巴音郭楞蒙古自治州库尔勒市金河路360号,鸿雁校区：新疆维吾尔自治区巴音郭楞蒙古自治州库尔勒市鸿雁新区北京路89号",True,,,,,,,,,,,"{'rankingId': 'legacy-shanghairanking-bcur', 'edition': '2026', 'sortValue': 807.0, 'label': '2026软科分类标签 财46+', 'sourceUrl': 'https://www.shanghairanking.cn/rankings/bcur/2026', 'legacy': True}",{},0,,0,
4165013628,新疆政法学院,新疆维吾尔自治区,图木舒克市,,新疆维吾尔自治区,图木舒克市,本科,500+,785,[],False,教育部2026名录（CSV镜像）,,2631,https://www.xjzfu.edu.cn,新疆图木舒克市前海东街52号,True,,,,,,,,,,,"{'rankingId': 'legacy-shanghairanking-bcur', 'edition': '2026', 'sortValue': 785.0, 'label': '2026软科分类标签 500+', 'sourceUrl': 'https://www.shanghairanking.cn/rankings/bcur/2026', 'legacy': True}",{},0,,0,
4165013727,新疆天山职业技术大学,新疆维吾尔自治区,乌鲁木齐市,,新疆维吾尔自治区,乌鲁木齐市,本科,,999999,[],True,教育部2026名录（CSV镜像）,民办,2079,http://www.xjtsxy.cn/,"校本部：新疆维吾尔自治区乌鲁木齐市水磨沟区观园路1066号,克州校区：新疆克孜勒苏柯尔克孜自治州阿图什市工业园区江苏大道89号",True,,,,,,,,,,,,{},0,,0,
4165010765,新疆和田学院,新疆维吾尔自治区,和田地区,,新疆维吾尔自治区,和田地区,本科,,999999,[],False,教育部2026名录（CSV镜像）,,3705,http://www.xjhtc.edu.cn/,新疆维吾尔自治区和田地区和田县昆仑北路1号,True,,,,,,,,,,,,{},0,,0,
4165010995,新疆农业职业技术大学,新疆维吾尔自治区,昌吉回族自治州,,新疆维吾尔自治区,昌吉回族自治州,本科,,999999,[],False,教育部2026名录（CSV镜像）,,1333,https://www.xjavtu.edu.cn/,"昌吉校区：新疆维吾尔自治区昌吉市文化东路29号,乌鲁木齐校区：新疆维吾尔自治区乌鲁木齐市喀什东路792号",True,,,,,,,,,,,,{},0,,0,
4165014897,新疆工业学院,新疆维吾尔自治区,和田地区,,新疆维吾尔自治区,和田地区,本科,,999999,[],False,教育部2026名录（CSV镜像）,,3753,https://www.xjut.edu.cn/,新疆维吾尔自治区和田地区和田县经济新区黄河路1号,True,,,,,,,,,,,,{},0,,0,
4165011565,乌鲁木齐职业大学,新疆维吾尔自治区,乌鲁木齐市,,新疆维吾尔自治区,乌鲁木齐市,本科,,999999,[],False,教育部2026名录（CSV镜像）,,2070,http://www.uvu.edu.cn/,"祥云教学区：新疆乌鲁木齐市头屯河区祥云中街566号,大学生创新创业孵化基地：新疆乌鲁木齐市天山区幸福路723号,教师培训基地：新疆乌鲁木齐市天山区青年路369号,文光教学区：新疆乌鲁木齐市新市区喀什东路239号,留学生园：新疆乌鲁木齐市天山区幸福路281号",True,,,,,,,,,,,,{},0,,0,
4165013926,新疆交通职业技术大学,新疆维吾尔自治区,乌鲁木齐市,,新疆维吾尔自治区,乌鲁木齐市,本科,,999999,[],False,教育部2026名录（CSV镜像）,,1372,http://www.xjjtedu.com,新疆维吾尔自治区乌鲁木齐市米东区永顺街478号,True,,,,,,,,,,,,{},0,,0,
4165014946,塔里木理工学院,新疆维吾尔自治区,阿拉尔市,,新疆维吾尔自治区,阿拉尔市,本科,,999999,[],True,教育部2026名录（CSV镜像）,民办,3814,https://www.tarit.cn/index.jsp,新疆维吾尔自治区阿拉尔市三五九大街北4040号,True,,,,,,,,,,,,{},0,,0,
4165014947,新疆理工职业大学,新疆维吾尔自治区,喀什地区,,新疆维吾尔自治区,喀什地区,本科,,999999,[],False,教育部2026名录（CSV镜像）,,3815,https://www.xjvut.edu.cn/,新疆喀什地区疏勒县草湖镇纬二路1号,True,,,,,,,,,,,,{},0,,0,
4165014523,新疆工程职业大学,新疆维吾尔自治区,铁门关市,,新疆维吾尔自治区,铁门关市,本科,,999999,[],False,教育部2026名录（CSV镜像）,,3318,https://btc.edu.cn/,新疆维吾尔自治区铁门关市敬业大街2号,True,,,,,,,,,,,,{},0,,0,
4165014987,新疆昆仑科技学院,新疆维吾尔自治区,草湖市,,新疆维吾尔自治区,喀什地区,本科,,999999,[],True,教育部2026名录（CSV镜像）,民办,3926,,,True,,,,,,pending-new-region,https://www.xinjiang.gov.cn/xinjiang/tzgg/202604/3691350b13064945947d8f78933ccb3e.shtml,新疆维吾尔自治区人民政府2026年4月17日公告：设立县级草湖市，草湖市由新疆维吾尔自治区直辖。学校2026招生章程办学地址为草湖市纬二路8号。,学校现实法定位置已精确到县级草湖市；现有离线边界基线早于草湖市设立，待取得2026法定边界后补绘草湖市轮廓。不得继续把该校作为喀什地区本地主体高校。,"{'p': '新疆维吾尔自治区', 'c': '喀什地区', 'd': ''}",,{},0,,0,
4165014489,新疆能源铁道职业技术大学,新疆维吾尔自治区,哈密市,,新疆维吾尔自治区,哈密市,本科,,999999,[],False,教育部2026名录（CSV镜像）,,3092,https://www.xjtzy.net/,"乌鲁木齐校区：新疆维吾尔自治区乌鲁木齐市新市区北京中路233号,哈密校区：新疆哈密市伊州区蒲类路21号",True,,,,,,,,,,,,{},0,,0,
4165013956,石河子职业技术大学,新疆维吾尔自治区,石河子市,,新疆维吾尔自治区,石河子市,本科,,999999,[],False,教育部2026名录（CSV镜像）,,2076,https://www.shzv.edu.cn/,新疆维吾尔自治区石河子市北五路185号（石河子经济技术开发区）,True,,,,,,,,,,,,{},0,,0,
4165012514,新疆工业职业技术大学,新疆维吾尔自治区,乌鲁木齐市,,新疆维吾尔自治区,乌鲁木齐市,本科,,999999,[],False,教育部2026名录（CSV镜像）,,3304,,乌鲁木齐市米东区米东南路3281号,True,,,,,,,,,,,,{},0,,0,
4165012482,克拉玛依职业技术学院,新疆维吾尔自治区,克拉玛依市,,新疆维吾尔自治区,克拉玛依市,专科,,999999,[],False,教育部2026名录（CSV镜像）,,2071,https://www.kzjsxy.edu.cn/,"克拉玛依校区：新疆克拉玛依市克拉玛依区安定路355号,独山子校区：新疆克拉玛依市独山子区北京路10号",True,,,,,,,,,,,,{},0,,0,
4165012513,新疆机电职业技术学院,新疆维吾尔自治区,乌鲁木齐市,,新疆维吾尔自治区,乌鲁木齐市,专科,,999999,[],False,教育部2026名录（CSV镜像）,,,,,False,merged,已并入新疆工程学院,2012,https://jyt.xinjiang.gov.cn/edu/yjs/202403/ba94790afe4e45efb9c9992b3a273ce1/files/30.%E6%96%B0%E7%96%86%E5%B7%A5%E7%A8%8B%E5%AD%A6%E9%99%A22024%E5%B9%B4%E5%8D%95%E4%BD%8D%E9%A2%84%E7%AE%97%E5%85%AC%E5%BC%80%E6%8A%A5%E5%91%8A-2024.11.22.pdf,新疆教育厅公开的新疆工程学院2024年单位预算明确记载：2012年新疆机电职业技术学院并入新疆工程学院；自治区政府实施意见要求实质合并、统一管理。,,,,,,,{},0,,0,
4165012570,新疆能源职业技术学院,新疆维吾尔自治区,乌鲁木齐市,,新疆维吾尔自治区,乌鲁木齐市,专科,,999999,[],True,教育部2026名录（CSV镜像）,民办,2078,https://www.xjnyedu.com/,新疆维吾尔自治区乌鲁木齐达坂城区洛宾路8号,True,,,,,,,,,,,,{},0,,0,
4165012838,昌吉职业技术学院,新疆维吾尔自治区,昌吉回族自治州,,新疆维吾尔自治区,昌吉回族自治州,专科,,999999,[],False,教育部2026名录（CSV镜像）,,1541,https://www.cjpt.edu.cn/,"校本部：新疆维吾尔自治区昌吉高新技术产业开发区兴业大道8号,分校区：新疆维吾尔自治区昌吉回族自治州昌吉市延安北路342号分校区",True,,,,,,,,,,,,{},0,,0,
4165012975,伊犁职业技术学院,新疆维吾尔自治区,伊犁哈萨克自治州,,新疆维吾尔自治区,伊犁哈萨克自治州,专科,,999999,[],False,教育部2026名录（CSV镜像）,,2073,http://www.ylzyjs.cn/,新疆维吾尔自治区伊犁哈萨克自治州伊宁市胜利街179号,True,,,,,,,,,,,,{},0,,0,
4165013093,阿克苏职业技术学院,新疆维吾尔自治区,阿克苏地区,,新疆维吾尔自治区,阿克苏地区,专科,,999999,[],False,教育部2026名录（CSV镜像）,,2074,https://www.akszy.com/,新疆维吾尔自治区阿克苏地区温宿县温宿镇学府路41号,True,,,,,,,,,,,,{},0,,0,
4165013094,巴音郭楞职业技术学院,新疆维吾尔自治区,巴音郭楞蒙古自治州,,新疆维吾尔自治区,巴音郭楞蒙古自治州,专科,,999999,[],False,教育部2026名录（CSV镜像）,,2075,https://www.xjbyxy.cn,"校本部：新疆库尔勒经济技术开发区乐悟路36号,产教融合示范园校区： 新疆维吾尔自治区库尔勒经济技术开发区康盛路东四巷36号,若羌产业学院校区：新疆维吾尔自治区若羌县阿尔金山路",True,,,,,,,,,,,,{},0,,0,
4165013562,新疆建设职业技术学院,新疆维吾尔自治区,乌鲁木齐市,,新疆维吾尔自治区,乌鲁木齐市,专科,,999999,[],False,教育部2026名录（CSV镜像）,,1392,http://www.xjjsxy.net/,"建工校区：乌鲁木齐市西八家户路528号,城建校区：乌鲁木齐市杭州西街272号,建材校区：乌鲁木齐市河滩北路863号",True,,,,,,,,,,,,{},0,,0,
4165013726,新疆现代职业技术学院,新疆维吾尔自治区,乌鲁木齐市,,新疆维吾尔自治区,乌鲁木齐市,专科,,999999,[],True,教育部2026名录（CSV镜像）,民办,2077,,新疆乌鲁木齐市头屯河区祥云东街1600号,True,,,,,,,,,,,,{},0,,0,
4165014138,新疆职业大学,新疆维吾尔自治区,乌鲁木齐市,,新疆维吾尔自治区,乌鲁木齐市,专科,,999999,[],False,教育部2026名录（CSV镜像）,,2486,https://www.xjvu.edu.cn/,"达坂城校区：乌鲁木齐市达坂城区达坂城镇文达路,友好路校区：新疆乌鲁木齐市友好南路413号",True,,,,,,,,,,,,{},0,,0,
4165014416,新疆体育职业技术学院,新疆维吾尔自治区,乌鲁木齐市,,新疆维吾尔自治区,乌鲁木齐市,专科,,999999,[],False,教育部2026名录（CSV镜像）,,2911,,乌鲁木齐市天山区明华街41号,True,,,,,,,,,,,,{},0,,0,
4165014417,新疆应用职业技术学院,新疆维吾尔自治区,伊犁哈萨克自治州,,新疆维吾尔自治区,伊犁哈萨克自治州,专科,,999999,[],False,教育部2026名录（CSV镜像）,,2958,https://www.xjyyedu.cn/,"主校区：新疆维吾尔自治区伊犁哈萨克自治州奎屯市北京西路62号,东校区：新疆维吾尔自治区伊犁哈萨克自治州奎屯市呼图壁街20号,南校区：新疆维吾尔自治区伊犁哈萨克自治州奎屯市阿克苏西路44号",True,,,,,,,,,,,,{},0,,0,
4165014421,新疆师范高等专科学校,新疆维吾尔自治区,乌鲁木齐市,,新疆维吾尔自治区,乌鲁木齐市,专科,,999999,[],False,教育部2026名录（CSV镜像）,,3051,https://www.xjei.edu.cn/,"光明校区：新疆乌鲁木齐市天山区光明路333号,五星校区：新疆乌鲁木齐市水磨沟区五星北路西二巷28号,亚心校区：新疆乌鲁木齐市沙依巴克区西山大学城榆泉南路560号",True,,,,,,,,,,,,{},0,,0,
4165014525,新疆科技职业技术学院,新疆维吾尔自治区,五家渠市,,新疆维吾尔自治区,五家渠市,专科,,999999,[],True,教育部2026名录（CSV镜像）,民办,3408,https://www.xjkjzyjsxy.com/,新疆维吾尔自治区五家渠市猛进南路980号,True,,,,,,,,,,,,{},0,,0,
4165014585,吐鲁番职业技术学院,新疆维吾尔自治区,吐鲁番市,,新疆维吾尔自治区,吐鲁番市,专科,,999999,[],False,教育部2026名录（CSV镜像）,,3316,http://www.tlfzj.com,吐鲁番市示范区库木塔格路168号,True,,,,,,,,,,,,{},0,,0,
4165014622,博尔塔拉职业技术学院,新疆维吾尔自治区,博尔塔拉蒙古自治州,,新疆维吾尔自治区,博尔塔拉蒙古自治州,专科,,999999,[],False,教育部2026名录（CSV镜像）,,3317,https://www.betltc.edu.cn/,新疆博乐市赛里木湖路14号,True,,,,,,,,,,,,{},0,,0,
4165014652,和田职业技术学院,新疆维吾尔自治区,和田地区,,新疆维吾尔自治区,和田地区,专科,,999999,[],False,教育部2026名录（CSV镜像）,,3454,https://www.htpt.edu.cn/,和田市北京工业园区京怀大道10号,True,,,,,,,,,,,,{},0,,0,
4165014661,石河子工程职业技术学院,新疆维吾尔自治区,石河子市,,新疆维吾尔自治区,石河子市,专科,,999999,[],False,教育部2026名录（CSV镜像）,,3424,https://www.shzvce.cn/,新疆石河子市北工业园区北十二路,True,,,,,,,,,,,,{},0,,0,
4165014677,喀什职业技术学院,新疆维吾尔自治区,喀什地区,,新疆维吾尔自治区,喀什地区,专科,,999999,[],False,教育部2026名录（CSV镜像）,,3438,https://www.kszy.edu.cn/,"花城大道校区：新疆维吾尔自治区喀什地区疏附县广州新城花城大道48号,解放南路校区：喀什市解放南路494号",True,,,,,,,,,,,,{},0,,0,
4165014678,克孜勒苏职业技术学院,新疆维吾尔自治区,克孜勒苏柯尔克孜自治州,,新疆维吾尔自治区,克孜勒苏柯尔克孜自治州,专科,,999999,[],False,教育部2026名录（CSV镜像）,,3475,http://www.kzvtc.edu.cn/,新疆维吾尔自治区克孜勒苏柯尔克孜自治州阿图什市轻工业园区创业大道东16院,True,,,,,,,,,,,,{},0,,0,
4165014679,新疆科信职业技术学院,新疆维吾尔自治区,乌鲁木齐市,,新疆维吾尔自治区,乌鲁木齐市,专科,,999999,[],True,教育部2026名录（CSV镜像）,民办,3476,https://www.kxedu.net/,乌鲁木齐市沙依巴克区西山大学城沙枣路1号,True,,,,,,,,,,,,{},0,,0,
4165014680,阿勒泰职业技术学院,新疆维吾尔自治区,阿勒泰地区,,新疆维吾尔自治区,阿勒泰地区,专科,,999999,[],False,教育部2026名录（CSV镜像）,,3477,https://www.altzyxy.com/,新疆阿勒泰地区阿勒泰市迎宾路106号,True,,,,,,,,,,,,{},0,,0,
4165014740,塔城职业技术学院,新疆维吾尔自治区,塔城地区,,新疆维吾尔自治区,塔城地区,专科,,999999,[],False,教育部2026名录（CSV镜像）,,3534,https://www.xjtcvtc.cn/,"校本部：新疆塔城市迎宾路33号,乌苏校区：塔城地区乌苏市南区汉江路612号",True,,,,,,,,,,,,{},0,,0,
4165014741,塔里木职业技术学院,新疆维吾尔自治区,阿拉尔市,,新疆维吾尔自治区,阿拉尔市,专科,,999999,[],False,教育部2026名录（CSV镜像）,,3533,https://www.tarp.edu.cn/,新疆生产建设兵团第一师阿拉尔市青松路工业园区,True,,,,,,,,,,,,{},0,,0,
4165014660,铁门关职业技术学院,新疆维吾尔自治区,铁门关市,,新疆维吾尔自治区,铁门关市,专科,,999999,[],False,教育部2026名录（CSV镜像）,,3455,https://tmgxy.edu.cn/,"主校区：新疆维吾尔自治区铁门关市迎宾大道,分校区：新疆维吾尔自治区巴音郭楞蒙古自治州库尔勒市万艺南路",True,,,,,,,,,,,,{},0,,0,
4165014805,新疆司法警官职业学院,新疆维吾尔自治区,乌鲁木齐市,,新疆维吾尔自治区,乌鲁木齐市,专科,,999999,[],False,教育部2026名录（CSV镜像）,,3679,,新疆维吾尔自治区乌鲁木齐市天山区新泉街556号,True,,,,,,,,,,,,{},0,,0,
4165014806,阿克苏工业职业技术学院,新疆维吾尔自治区,阿克苏地区,,新疆维吾尔自治区,阿克苏地区,专科,,999999,[],False,教育部2026名录（CSV镜像）,,3680,http://www.aksgyxy.com,新疆阿克苏地区库车市文化东路136号,True,,,,,,,,,,,,{},0,,0,
4165014824,喀什理工职业技术学院,新疆维吾尔自治区,喀什地区,,新疆维吾尔自治区,喀什地区,专科,,999999,[],False,教育部2026名录（CSV镜像）,,3653,https://kspvtc.edu.cn/,新疆喀什地区莎车县浦东大道38号,True,,,,,,,,,,,,{},0,,0,
4165014825,图木舒克职业技术学院,新疆维吾尔自治区,图木舒克市,,新疆维吾尔自治区,图木舒克市,专科,,999999,[],False,教育部2026名录（CSV镜像）,,3654,https://www.bttmskzy.edu.cn/,图木舒克市唐王城北路1号,True,,,,,,,,,,,,{},0,,0,
4165014826,可克达拉职业技术学院,新疆维吾尔自治区,可克达拉市,,新疆维吾尔自治区,可克达拉市,专科,,999999,[],False,教育部2026名录（CSV镜像）,,3640,https://www.ccdlvtc.com/,新疆生产建设兵团第四师可克达拉市汉江东路1357号,True,,,,,,,,,,,,{},0,,0,
4165014827,新星职业技术学院,新疆维吾尔自治区,新星市,,新疆维吾尔自治区,新星市,专科,,999999,[],False,教育部2026名录（CSV镜像）,,3638,https://www.xxzyjsxy.cn/,新疆生产建设兵团第十三师新星市先锋大道南侧,True,,,,,,pending-new-region,https://www.xinjiang.gov.cn/xinjiang/zfgbml/202106/0f5b54112d0f43a59f9befc9e40d87da.shtml,新疆维吾尔自治区人民政府2021年2月4日通知明确：经国务院批准设立县级新星市，新星市由自治区直辖，并公布行政区域界线走向。2026年新星职业技术学院招聘公告明确学院坐落第十三师新星市。,学校现实法定位置已精确到县级新星市；当前离线边界包未包含新星市独立边界，因此这是底图边界缺口，不是学校位置缺口。,"{'p': '新疆维吾尔自治区', 'c': '新星市', 'd': ''}",,{},0,,0,
4165014828,昆玉职业技术学院,新疆维吾尔自治区,昆玉市,,新疆维吾尔自治区,昆玉市,专科,,999999,[],False,教育部2026名录（CSV镜像）,,3636,https://www.btkyzy.edu.cn,新疆维吾尔自治区昆玉市长安街269号,True,,,,,,,,,,,,{},0,,0,
4165014876,乌鲁木齐职业技术学院,新疆维吾尔自治区,乌鲁木齐市,,新疆维吾尔自治区,乌鲁木齐市,专科,,999999,[],False,教育部2026名录（CSV镜像）,,3736,http://www.uvtc.edu.cn:90/,"安宁渠校区：乌鲁木齐市新市区乌五公路1499号,太原路校区：乌鲁木齐市新市区太原路949号",True,,,,,,,,,,,,{},0,,0,
4165014877,双河职业技术学院,新疆维吾尔自治区,双河市,,新疆维吾尔自治区,双河市,专科,,999999,[],False,教育部2026名录（CSV镜像）,,3708,,新疆维吾尔自治区双河市光明路137号,True,,,,,,,,,,,,{},0,,0,
4165014941,阜康职业技术学院,新疆维吾尔自治区,昌吉回族自治州,,新疆维吾尔自治区,昌吉回族自治州,专科,,999999,[],False,教育部2026名录（CSV镜像）,,3809,https://fkzyedu.cn/index.htm,"兵戽校区：阜康市城关镇兵戽村,石油基地校区：阜康市准东石油基地育才东路513号",True,,,,,,,,,,,,{},0,,0,
4165014977,胡杨河职业技术学院,新疆维吾尔自治区,胡杨河市,,新疆维吾尔自治区,胡杨河市,专科,,999999,[],False,教育部2026名录（CSV镜像）,,3916,,,True,,,,,,,,,,,,{},0,,0,
4165014978,新疆石河子航空职业学院,新疆维吾尔自治区,石河子市,,新疆维吾尔自治区,石河子市,专科,,999999,[],True,教育部2026名录（CSV镜像）,民办,3892,,,True,,,,,,,,,,,,{},0,,0,
4211050001,北京市海淀区职工大学,北京市,,,北京市,,成人,,999999,[],False,教育部2026名录（CSV镜像）,,,,,True,,,,,,,,,,,,{},0,,0,
4211050002,北京市东城区职工业余大学,北京市,,,北京市,,成人,,999999,[],False,教育部2026名录（CSV镜像）,,,,,True,,,,,,,,,,,,{},0,,0,
4211050004,北京市崇文区职工大学,北京市,,,北京市,,成人,,999999,[],False,教育部2026名录（CSV镜像）,,,,,True,,,,,,,,,,,,{},0,,0,
4211050005,北京宣武红旗业余大学,北京市,,,北京市,,成人,,999999,[],False,教育部2026名录（CSV镜像）,,,,,True,,,,,,,,,,,,{},0,,0,
4211050006,北京市石景山区业余大学,北京市,,,北京市,,成人,,999999,[],False,教育部2026名录（CSV镜像）,,,,,True,,,,,,,,,,,,{},0,,0,
4211050007,北京市朝阳区职工大学,北京市,,,北京市,,成人,,999999,[],False,教育部2026名录（CSV镜像）,,,,,True,,,,,,,,,,,,{},0,,0,
4211050018,北京医药职工大学,北京市,,,北京市,,成人,,999999,[],False,教育部2026名录（CSV镜像）,,,,,True,,,,,,,,,,,,{},0,,0,
4211050025,北京市总工会职工大学,北京市,,,北京市,,成人,,999999,[],False,教育部2026名录（CSV镜像）,,,,,True,,,,,,,,,,,,{},0,,0,
4211050038,中央党校继续教育学院,北京市,,,北京市,,成人,,999999,[],False,教育部2026名录（CSV镜像）,,,,,True,,,,,,,,,,,,{},0,,0,
4211050043,中国记协职工新闻学院,北京市,,,北京市,,成人,,999999,[],False,教育部2026名录（CSV镜像）,,,,,True,,,,,,,,,,,,{},0,,0,
4211050044,中南海业余大学,北京市,,,北京市,,成人,,999999,[],False,教育部2026名录（CSV镜像）,,,,,True,,,,,,,,,,,,{},0,,0,
4211050061,北京教育学院,北京市,,,北京市,,成人,,999999,[],False,教育部2026名录（CSV镜像）,,,,,True,,,,,,,,,,,,{},0,,0,
4211051160,北京开放大学,北京市,,,北京市,,成人,,999999,[],False,教育部2026名录（CSV镜像）,,,,,True,,,,,,,,,,,,{},0,,0,
4211051161,国家开放大学,北京市,,,北京市,,成人,,999999,[],False,教育部2026名录（CSV镜像）,,,,,True,,,,,,,,,,,,{},0,,0,
4211051167,民航管理干部学院,北京市,,,北京市,,成人,,999999,[],False,教育部2026名录（CSV镜像）,,,,,True,,,,,,,,,,,,{},0,,0,
4211051624,北京市丰台区职工大学,北京市,,,北京市,,成人,,999999,[],False,教育部2026名录（CSV镜像）,,,,,True,,,,,,,,,,,,{},0,,0,
4211051626,北京市西城经济科学大学,北京市,,,北京市,,成人,,999999,[],False,教育部2026名录（CSV镜像）,,,,,True,,,,,,,,,,,,{},0,,0,
4211051630,北京市农工商联合总公司职工大学,北京市,,,北京市,,成人,,999999,[],False,教育部2026名录（CSV镜像）,,,,,True,,,,,,,,,,,,{},0,,0,
4211051643,公安部管理干部学院,北京市,,,北京市,,成人,,999999,[],False,教育部2026名录（CSV镜像）,,,,,True,,,,,,,,,,,,{},0,,0,
4211051651,国家法官学院,北京市,,,北京市,,成人,,999999,[],False,教育部2026名录（CSV镜像）,,,,,True,,,,,,,,,,,,{},0,,0,
4211051800,华北电业联合职工大学,北京市,,,北京市,,成人,,999999,[],False,教育部2026名录（CSV镜像）,,,,,True,,,,,,,,,,,,{},0,,0,
4211051837,首都联合职工大学,北京市,,,北京市,,成人,,999999,[],False,教育部2026名录（CSV镜像）,,,,,True,,,,,,,,,,,,{},0,,0,
4211051898,国家检察官学院,北京市,,,北京市,,成人,,999999,[],False,教育部2026名录（CSV镜像）,,,,,True,,,,,,,,,,,,{},0,,0,
4212050063,天津市和平区新华职工大学,天津市,,,天津市,,成人,,999999,[],False,教育部2026名录（CSV镜像）,,,,,True,,,,,,,,,,,,{},0,,0,
4212050064,天津市河西区职工大学,天津市,,,天津市,,成人,,999999,[],False,教育部2026名录（CSV镜像）,,,,,True,,,,,,,,,,,,{},0,,0,
4212050065,天津市河东区职工大学,天津市,,,天津市,,成人,,999999,[],False,教育部2026名录（CSV镜像）,,,,,True,,,,,,,,,,,,{},0,,0,
4212050066,天津市红桥区职工大学,天津市,,,天津市,,成人,,999999,[],False,教育部2026名录（CSV镜像）,,,,,True,,,,,,,,,,,,{},0,,0,
4212050068,天津市南开区职工大学,天津市,,,天津市,,成人,,999999,[],False,教育部2026名录（CSV镜像）,,,,,True,,,,,,,,,,,,{},0,,0,
4212050070,天津市建筑工程职工大学,天津市,,,天津市,,成人,,999999,[],False,教育部2026名录（CSV镜像）,,,,,True,,,,,,,,,,,,{},0,,0,
4212050073,天津市职工经济技术大学,天津市,,,天津市,,成人,,999999,[],False,教育部2026名录（CSV镜像）,,,,,True,,,,,,,,,,,,{},0,,0,
4212050095,天津市渤海化工职工学院,天津市,,,天津市,,成人,,999999,[],False,教育部2026名录（CSV镜像）,,,,,True,,,,,,,,,,,,{},0,,0,
4212051171,天津开放大学,天津市,,,天津市,,成人,,999999,[],False,教育部2026名录（CSV镜像）,,,,,True,,,,,,,,,,,,{},0,,0,
4212051175,天津市政法管理干部学院,天津市,,,天津市,,成人,,999999,[],False,教育部2026名录（CSV镜像）,,,,,True,,,,,,,,,,,,{},0,,0,
4212051176,天津市工会管理干部学院,天津市,,,天津市,,成人,,999999,[],False,教育部2026名录（CSV镜像）,,,,,True,,,,,,,,,,,,{},0,,0,
4212051659,天津市房地产局职工大学,天津市,,,天津市,,成人,,999999,[],False,教育部2026名录（CSV镜像）,,,,,True,,,,,,,,,,,,{},0,,0,
4213051177,河北开放大学,河北省,,,河北省,,成人,,999999,[],False,教育部2026名录（CSV镜像）,,,,,True,,,,,,,,,,,,{},0,,0,
4213051180,石家庄职工大学,河北省,,,河北省,,成人,,999999,[],False,教育部2026名录（CSV镜像）,,,,,True,,,,,,,,,,,,{},0,,0,
4231051332,海关管理干部学院,河北省,,,河北省,,成人,,999999,[],False,教育部2026名录（CSV镜像）,,,,,True,,,,,,,,,,,,{},0,,0,
4213051723,河北管理干部学院,河北省,,,河北省,,成人,,999999,[],False,教育部2026名录（CSV镜像）,,,,,True,,,,,,,,,,,,{},0,,0,
4213051802,河北青年管理干部学院,河北省,,,河北省,,成人,,999999,[],False,教育部2026名录（CSV镜像）,,,,,True,,,,,,,,,,,,{},0,,0,
4214050162,太原化学工业集团有限公司职工大学,山西省,,,山西省,,成人,,999999,[],False,教育部2026名录（CSV镜像）,,,,,True,,,,,,,,,,,,{},0,,0,
4214050163,山西机电职工学院,山西省,,,山西省,,成人,,999999,[],False,教育部2026名录（CSV镜像）,,,,,True,,,,,,,,,,,,{},0,,0,
4214050164,太原钢铁(集团)有限公司职工钢铁学院,山西省,,,山西省,,成人,,999999,[],False,教育部2026名录（CSV镜像）,,,,,True,,,,,,,,,,,,{},0,,0,
4214050167,山西煤炭职工联合大学,山西省,,,山西省,,成人,,999999,[],False,教育部2026名录（CSV镜像）,,,,,True,,,,,,,,,,,,{},0,,0,
4214050169,山西兵器工业职工大学,山西省,,,山西省,,成人,,999999,[],False,教育部2026名录（CSV镜像）,,,,,True,,,,,,,,,,,,{},0,,0,
4214050175,山西省职工工艺美术学院,山西省,,,山西省,,成人,,999999,[],False,教育部2026名录（CSV镜像）,,,,,True,,,,,,,,,,,,{},0,,0,
4214051187,山西开放大学,山西省,,,山西省,,成人,,999999,[],False,教育部2026名录（CSV镜像）,,,,,True,,,,,,,,,,,,{},0,,0,
4215050204,包头市职工大学,内蒙古自治区,,,内蒙古自治区,,成人,,999999,[],False,教育部2026名录（CSV镜像）,,,,,True,,,,,,,,,,,,{},0,,0,
4215051192,内蒙古开放大学,内蒙古自治区,,,内蒙古自治区,,成人,,999999,[],False,教育部2026名录（CSV镜像）,,,,,True,,,,,,,,,,,,{},0,,0,
4221051087,辽宁兵器工业职工大学,辽宁省,,,辽宁省,,成人,,999999,[],False,教育部2026名录（CSV镜像）,,,,,True,,,,,,,,,,,,{},0,,0,
4221051110,大连工人大学,辽宁省,,,辽宁省,,成人,,999999,[],False,教育部2026名录（CSV镜像）,,,,,True,,,,,,,,,,,,{},0,,0,
4221051117,空军第四职工大学,辽宁省,,,辽宁省,,成人,,999999,[],False,教育部2026名录（CSV镜像）,,,,,True,,,,,,,,,,,,{},0,,0,
4221051118,海军职工大学,辽宁省,,,辽宁省,,成人,,999999,[],False,教育部2026名录（CSV镜像）,,,,,True,,,,,,,,,,,,{},0,,0,
4221051120,大连职工大学,辽宁省,,,辽宁省,,成人,,999999,[],False,教育部2026名录（CSV镜像）,,,,,True,,,,,,,,,,,,{},0,,0,
4221051125,抚顺矿务局职工工学院,辽宁省,,,辽宁省,,成人,,999999,[],False,教育部2026名录（CSV镜像）,,,,,True,,,,,,,,,,,,{},0,,0,
4221051126,抚顺石油化工公司职工大学,辽宁省,,,辽宁省,,成人,,999999,[],False,教育部2026名录（CSV镜像）,,,,,True,,,,,,,,,,,,{},0,,0,
4221051138,阜新矿务局职工大学,辽宁省,,,辽宁省,,成人,,999999,[],False,教育部2026名录（CSV镜像）,,,,,True,,,,,,,,,,,,{},0,,0,
4221051149,大连市教育学院,辽宁省,,,辽宁省,,成人,,999999,[],False,教育部2026名录（CSV镜像）,,,,,True,,,,,,,,,,,,{},0,,0,
4221051196,辽宁开放大学,辽宁省,,,辽宁省,,成人,,999999,[],False,教育部2026名录（CSV镜像）,,,,,True,,,,,,,,,,,,{},0,,0,
4221051227,阜新煤炭职工医学专科学校,辽宁省,,,辽宁省,,成人,,999999,[],False,教育部2026名录（CSV镜像）,,,,,True,,,,,,,,,,,,{},0,,0,
4221051695,辽宁冶金职工大学,辽宁省,,,辽宁省,,成人,,999999,[],False,教育部2026名录（CSV镜像）,,,,,True,,,,,,,,,,,,{},0,,0,
4221051842,辽宁公安司法管理干部学院,辽宁省,,,辽宁省,,成人,,999999,[],False,教育部2026名录（CSV镜像）,,,,,True,,,,,,,,,,,,{},0,,0,
4221051843,沈阳机械工业职工大学,辽宁省,,,辽宁省,,成人,,999999,[],False,教育部2026名录（CSV镜像）,,,,,True,,,,,,,,,,,,{},0,,0,
4221051845,鞍山钢铁集团公司职工大学,辽宁省,,,辽宁省,,成人,,999999,[],False,教育部2026名录（CSV镜像）,,,,,True,,,,,,,,,,,,{},0,,0,
4221051848,沈阳开放大学,辽宁省,,,辽宁省,,成人,,999999,[],False,教育部2026名录（CSV镜像）,,,,,True,,,,,,,,,,,,{},0,,0,
4221051849,大连开放大学,辽宁省,,,辽宁省,,成人,,999999,[],False,教育部2026名录（CSV镜像）,,,,,True,,,,,,,,,,,,{},0,,0,
4222050226,长春职工大学,吉林省,,,吉林省,,成人,,999999,[],False,教育部2026名录（CSV镜像）,,,,,True,,,,,,,,,,,,{},0,,0,
4222050229,长春市建筑职工业余大学,吉林省,,,吉林省,,成人,,999999,[],False,教育部2026名录（CSV镜像）,,,,,True,,,,,,,,,,,,{},0,,0,
4222050232,长春职工医科大学,吉林省,,,吉林省,,成人,,999999,[],False,教育部2026名录（CSV镜像）,,,,,True,,,,,,,,,,,,{},0,,0,
4222050234,吉林市职工大学,吉林省,,,吉林省,,成人,,999999,[],False,教育部2026名录（CSV镜像）,,,,,True,,,,,,,,,,,,{},0,,0,
4222050236,吉林化学工业公司职工大学,吉林省,,,吉林省,,成人,,999999,[],False,教育部2026名录（CSV镜像）,,,,,True,,,,,,,,,,,,{},0,,0,
4222050242,通化市职工大学,吉林省,,,吉林省,,成人,,999999,[],False,教育部2026名录（CSV镜像）,,,,,True,,,,,,,,,,,,{},0,,0,
4222050243,通化钢铁公司职工大学,吉林省,,,吉林省,,成人,,999999,[],False,教育部2026名录（CSV镜像）,,,,,True,,,,,,,,,,,,{},0,,0,
4222050249,四平农村成人高等专科学校,吉林省,,,吉林省,,成人,,999999,[],False,教育部2026名录（CSV镜像）,,,,,True,,,,,,,,,,,,{},0,,0,
4222050252,吉林省教育学院,吉林省,,,吉林省,,成人,,999999,[],False,教育部2026名录（CSV镜像）,,,,,True,,,,,,,,,,,,{},0,,0,
4222050253,长春教育学院,吉林省,,,吉林省,,成人,,999999,[],False,教育部2026名录（CSV镜像）,,,,,True,,,,,,,,,,,,{},0,,0,
4222051230,吉林开放大学,吉林省,,,吉林省,,成人,,999999,[],False,教育部2026名录（CSV镜像）,,,,,True,,,,,,,,,,,,{},0,,0,
4222051243,吉林省经济管理干部学院,吉林省,,,吉林省,,成人,,999999,[],False,教育部2026名录（CSV镜像）,,,,,True,,,,,,,,,,,,{},0,,0,
4222051704,吉林职工医科大学,吉林省,,,吉林省,,成人,,999999,[],False,教育部2026名录（CSV镜像）,,,,,True,,,,,,,,,,,,{},0,,0,
4222051887,长春开放大学,吉林省,,,吉林省,,成人,,999999,[],False,教育部2026名录（CSV镜像）,,,,,True,,,,,,,,,,,,{},0,,0,
4223050264,黑龙江兵器工业职工大学,黑龙江省,,,黑龙江省,,成人,,999999,[],False,教育部2026名录（CSV镜像）,,,,,True,,,,,,,,,,,,{},0,,0,
4223050266,哈尔滨航空职工大学,黑龙江省,,,黑龙江省,,成人,,999999,[],False,教育部2026名录（CSV镜像）,,,,,True,,,,,,,,,,,,{},0,,0,
4223050269,哈尔滨市职工大学,黑龙江省,,,黑龙江省,,成人,,999999,[],False,教育部2026名录（CSV镜像）,,,,,True,,,,,,,,,,,,{},0,,0,
4223050306,齐齐哈尔市建设职工大学,黑龙江省,,,黑龙江省,,成人,,999999,[],False,教育部2026名录（CSV镜像）,,,,,True,,,,,,,,,,,,{},0,,0,
4223050311,齐齐哈尔市职工大学,黑龙江省,,,黑龙江省,,成人,,999999,[],False,教育部2026名录（CSV镜像）,,,,,True,,,,,,,,,,,,{},0,,0,
4223050327,鹤岗矿务局职工大学,黑龙江省,,,黑龙江省,,成人,,999999,[],False,教育部2026名录（CSV镜像）,,,,,True,,,,,,,,,,,,{},0,,0,
4223050330,大庆石油化工总厂职工大学,黑龙江省,,,黑龙江省,,成人,,999999,[],False,教育部2026名录（CSV镜像）,,,,,True,,,,,,,,,,,,{},0,,0,
4223050337,黑龙江农垦管理干部学院,黑龙江省,,,黑龙江省,,成人,,999999,[],False,教育部2026名录（CSV镜像）,,,,,True,,,,,,,,,,,,{},0,,0,
4223050335,黑龙江省经济管理干部学院,黑龙江省,,,黑龙江省,,成人,,999999,[],False,教育部2026名录（CSV镜像）,,,,,True,,,,,,,,,,,,{},0,,0,
4223050343,黑龙江省政法管理干部学院,黑龙江省,,,黑龙江省,,成人,,999999,[],False,教育部2026名录（CSV镜像）,,,,,True,,,,,,,,,,,,{},0,,0,
4223050344,黑龙江省教育学院,黑龙江省,,,黑龙江省,,成人,,999999,[],False,教育部2026名录（CSV镜像）,,,,,True,,,,,,,,,,,,{},0,,0,
4223050349,绥化市教育学院,黑龙江省,,,黑龙江省,,成人,,999999,[],False,教育部2026名录（CSV镜像）,,,,,True,,,,,,,,,,,,{},0,,0,
4223051244,黑龙江开放大学,黑龙江省,,,黑龙江省,,成人,,999999,[],False,教育部2026名录（CSV镜像）,,,,,True,,,,,,,,,,,,{},0,,0,
4223051744,黑龙江省商业职工大学,黑龙江省,,,黑龙江省,,成人,,999999,[],False,教育部2026名录（CSV镜像）,,,,,True,,,,,,,,,,,,{},0,,0,
4223051745,黑龙江省社会科学院职工大学,黑龙江省,,,黑龙江省,,成人,,999999,[],False,教育部2026名录（CSV镜像）,,,,,True,,,,,,,,,,,,{},0,,0,
4223051876,哈尔滨开放大学,黑龙江省,,,黑龙江省,,成人,,999999,[],False,教育部2026名录（CSV镜像）,,,,,True,,,,,,,,,,,,{},0,,0,
4231050033,上海科技管理干部学院,上海市,,,上海市,,成人,,999999,[],False,教育部2026名录（CSV镜像）,,,,,True,,,,,,,,,,,,{},0,,0,
4231050363,上海市黄浦区业余大学,上海市,,,上海市,,成人,,999999,[],False,教育部2026名录（CSV镜像）,,,,,True,,,,,,,,,,,,{},0,,0,
4231050366,上海市徐汇区业余大学,上海市,,,上海市,,成人,,999999,[],False,教育部2026名录（CSV镜像）,,,,,True,,,,,,,,,,,,{},0,,0,
4231050367,上海市长宁区业余大学,上海市,,,上海市,,成人,,999999,[],False,教育部2026名录（CSV镜像）,,,,,True,,,,,,,,,,,,{},0,,0,
4231050368,上海市静安区业余大学,上海市,,,上海市,,成人,,999999,[],False,教育部2026名录（CSV镜像）,,,,,True,,,,,,,,,,,,{},0,,0,
4231050369,上海市普陀区业余大学,上海市,,,上海市,,成人,,999999,[],False,教育部2026名录（CSV镜像）,,,,,True,,,,,,,,,,,,{},0,,0,
4231050372,上海市杨浦区业余大学,上海市,,,上海市,,成人,,999999,[],False,教育部2026名录（CSV镜像）,,,,,True,,,,,,,,,,,,{},0,,0,
4231050393,上海纺织工业职工大学,上海市,,,上海市,,成人,,999999,[],False,教育部2026名录（CSV镜像）,,,,,True,,,,,,,,,,,,{},0,,0,
4231050424,上海医药职工大学,上海市,,,上海市,,成人,,999999,[],True,教育部2026名录（CSV镜像）,民办,,,,True,,,,,,,,,,,,{},0,,0,
4231051252,上海开放大学,上海市,,,上海市,,成人,,999999,[],False,教育部2026名录（CSV镜像）,,,,,True,,,,,,,,,,,,{},0,,0,
4231051615,上海青年管理干部学院,上海市,,,上海市,,成人,,999999,[],False,教育部2026名录（CSV镜像）,,,,,True,,,,,,,,,,,,{},0,,0,
4231051852,上海市宝山区业余大学,上海市,,,上海市,,成人,,999999,[],False,教育部2026名录（CSV镜像）,,,,,True,,,,,,,,,,,,{},0,,0,
4232050460,南京市职工大学,江苏省,,,江苏省,,成人,,999999,[],False,教育部2026名录（CSV镜像）,,,,,True,,,,,,,,,,,,{},0,,0,
4232050461,空军第一职工大学,江苏省,,,江苏省,,成人,,999999,[],False,教育部2026名录（CSV镜像）,,,,,True,,,,,,,,,,,,{},0,,0,
4232050504,南通市工人业余大学,江苏省,,,江苏省,,成人,,999999,[],False,教育部2026名录（CSV镜像）,,,,,True,,,,,,,,,,,,{},0,,0,
4232050526,扬州教育学院,江苏省,,,江苏省,,成人,,999999,[],False,教育部2026名录（CSV镜像）,,,,,True,,,,,,,,,,,,{},0,,0,
4232051255,江苏开放大学,江苏省,,,江苏省,,成人,,999999,[],False,教育部2026名录（CSV镜像）,,,,,True,,,,,,,,,,,,{},0,,0,
4232051257,江苏省省级机关管理干部学院,江苏省,,,江苏省,,成人,,999999,[],False,教育部2026名录（CSV镜像）,,,,,True,,,,,,,,,,,,{},0,,0,
4232051396,南京开放大学,江苏省,,,江苏省,,成人,,999999,[],False,教育部2026名录（CSV镜像）,,,,,True,,,,,,,,,,,,{},0,,0,
4232051828,江苏省青年管理干部学院,江苏省,,,江苏省,,成人,,999999,[],False,教育部2026名录（CSV镜像）,,,,,True,,,,,,,,,,,,{},0,,0,
4233050550,浙江省省级机关职工业余大学,浙江省,,,浙江省,,成人,,999999,[],False,教育部2026名录（CSV镜像）,,,,,True,,,,,,,,,,,,{},0,,0,
4233050551,杭州市工人业余大学,浙江省,,,浙江省,,成人,,999999,[],False,教育部2026名录（CSV镜像）,,,,,True,,,,,,,,,,,,{},0,,0,
4233050554,温州市工人业余大学,浙江省,,,浙江省,,成人,,999999,[],False,教育部2026名录（CSV镜像）,,,,,True,,,,,,,,,,,,{},0,,0,
4233050561,金华教育学院,浙江省,,,浙江省,,成人,,999999,[],False,教育部2026名录（CSV镜像）,,,,,True,,,,,,,,,,,,{},0,,0,
4233051258,浙江开放大学,浙江省,,,浙江省,,成人,,999999,[],False,教育部2026名录（CSV镜像）,,,,,True,,,,,,,,,,,,{},0,,0,
4233051259,浙江经济管理职工大学,浙江省,,,浙江省,,成人,,999999,[],False,教育部2026名录（CSV镜像）,,,,,True,,,,,,,,,,,,{},0,,0,
4233051814,浙江嘉兴教育学院,浙江省,,,浙江省,,成人,,999999,[],False,教育部2026名录（CSV镜像）,,,,,True,,,,,,,,,,,,{},0,,0,
4233051885,宁波开放大学,浙江省,,,浙江省,,成人,,999999,[],False,教育部2026名录（CSV镜像）,,,,,True,,,,,,,,,,,,{},0,,0,
4234050565,淮南市职工大学,安徽省,,,安徽省,,成人,,999999,[],False,教育部2026名录（CSV镜像）,,,,,True,,,,,,,,,,,,{},0,,0,
4234050569,合肥职工科技大学,安徽省,,,安徽省,,成人,,999999,[],False,教育部2026名录（CSV镜像）,,,,,True,,,,,,,,,,,,{},0,,0,
4234050570,合肥市职工大学,安徽省,,,安徽省,,成人,,999999,[],False,教育部2026名录（CSV镜像）,,,,,True,,,,,,,,,,,,{},0,,0,
4234050581,安徽经济管理干部学院,安徽省,,,安徽省,,成人,,999999,[],False,教育部2026名录（CSV镜像）,,,,,True,,,,,,,,,,,,{},0,,0,
4234051265,宿州教育学院,安徽省,,,安徽省,,成人,,999999,[],False,教育部2026名录（CSV镜像）,,,,,True,,,,,,,,,,,,{},0,,0,
4234051388,安徽开放大学,安徽省,,,安徽省,,成人,,999999,[],False,教育部2026名录（CSV镜像）,,,,,True,,,,,,,,,,,,{},0,,0,
4235050591,福建教育学院,福建省,,,福建省,,成人,,999999,[],False,教育部2026名录（CSV镜像）,,,,,True,,,,,,,,,,,,{},0,,0,
4235051270,福建开放大学,福建省,,,福建省,,成人,,999999,[],False,教育部2026名录（CSV镜像）,,,,,True,,,,,,,,,,,,{},0,,0,
4235051833,厦门开放大学,福建省,,,福建省,,成人,,999999,[],False,教育部2026名录（CSV镜像）,,,,,True,,,,,,,,,,,,{},0,,0,
4236050151,江西行政管理干部学院,江西省,,,江西省,,成人,,999999,[],False,教育部2026名录（CSV镜像）,,,,,True,,,,,,,,,,,,{},0,,0,
4236050603,昌河职工工学院,江西省,,,江西省,,成人,,999999,[],False,教育部2026名录（CSV镜像）,,,,,True,,,,,,,,,,,,{},0,,0,
4236050607,南昌钢铁有限责任公司职工大学,江西省,,,江西省,,成人,,999999,[],False,教育部2026名录（CSV镜像）,,,,,True,,,,,,,,,,,,{},0,,0,
4236051281,江西开放大学,江西省,,,江西省,,成人,,999999,[],False,教育部2026名录（CSV镜像）,,,,,True,,,,,,,,,,,,{},0,,0,
4237050626,山东省水利职工大学,山东省,,,山东省,,成人,,999999,[],False,教育部2026名录（CSV镜像）,,,,,True,,,,,,,,,,,,{},0,,0,
4237050638,山东兵器工业职工大学,山东省,,,山东省,,成人,,999999,[],False,教育部2026名录（CSV镜像）,,,,,True,,,,,,,,,,,,{},0,,0,
4237050641,新汶矿务局职工大学,山东省,,,山东省,,成人,,999999,[],False,教育部2026名录（CSV镜像）,,,,,True,,,,,,,,,,,,{},0,,0,
4237050661,山东省聊城教育学院,山东省,,,山东省,,成人,,999999,[],False,教育部2026名录（CSV镜像）,,,,,True,,,,,,,,,,,,{},0,,0,
4237050663,山东省济宁教育学院,山东省,,,山东省,,成人,,999999,[],False,教育部2026名录（CSV镜像）,,,,,True,,,,,,,,,,,,{},0,,0,
4237051286,山东开放大学,山东省,,,山东省,,成人,,999999,[],False,教育部2026名录（CSV镜像）,,,,,True,,,,,,,,,,,,{},0,,0,
4237051777,兖州矿区职工大学,山东省,,,山东省,,成人,,999999,[],False,教育部2026名录（CSV镜像）,,,,,True,,,,,,,,,,,,{},0,,0,
4237051779,山东财政职工大学,山东省,,,山东省,,成人,,999999,[],False,教育部2026名录（CSV镜像）,,,,,True,,,,,,,,,,,,{},0,,0,
4237051858,青岛开放大学,山东省,,,山东省,,成人,,999999,[],False,教育部2026名录（CSV镜像）,,,,,True,,,,,,,,,,,,{},0,,0,
4241050673,长城铝业公司职工工学院,河南省,,,河南省,,成人,,999999,[],False,教育部2026名录（CSV镜像）,,,,,True,,,,,,,,,,,,{},0,,0,
4241050674,郑州市职工大学,河南省,,,河南省,,成人,,999999,[],False,教育部2026名录（CSV镜像）,,,,,True,,,,,,,,,,,,{},0,,0,
4241050680,第一拖拉机制造厂拖拉机学院,河南省,,,河南省,,成人,,999999,[],False,教育部2026名录（CSV镜像）,,,,,True,,,,,,,,,,,,{},0,,0,
4241050682,洛阳轴承职工大学,河南省,,,河南省,,成人,,999999,[],False,教育部2026名录（CSV镜像）,,,,,True,,,,,,,,,,,,{},0,,0,
4241050686,洛阳有色金属职工大学,河南省,,,河南省,,成人,,999999,[],False,教育部2026名录（CSV镜像）,,,,,True,,,,,,,,,,,,{},0,,0,
4241050688,开封空分设备厂职工大学,河南省,,,河南省,,成人,,999999,[],False,教育部2026名录（CSV镜像）,,,,,True,,,,,,,,,,,,{},0,,0,
4241051287,河南开放大学,河南省,,,河南省,,成人,,999999,[],False,教育部2026名录（CSV镜像）,,,,,True,,,,,,,,,,,,{},0,,0,
4241051408,焦作职工医学院,河南省,,,河南省,,成人,,999999,[],False,教育部2026名录（CSV镜像）,,,,,True,,,,,,,,,,,,{},0,,0,
4241051411,磨料磨具工业职工大学,河南省,,,河南省,,成人,,999999,[],False,教育部2026名录（CSV镜像）,,,,,True,,,,,,,,,,,,{},0,,0,
4241051413,驻马店教育学院,河南省,,,河南省,,成人,,999999,[],False,教育部2026名录（CSV镜像）,,,,,True,,,,,,,,,,,,{},0,,0,
4242050046,武汉开放大学,湖北省,,,湖北省,,成人,,999999,[],False,教育部2026名录（CSV镜像）,,,,,True,,,,,,,,,,,,{},0,,0,
4242050717,湖北兵器工业职工大学,湖北省,,,湖北省,,成人,,999999,[],False,教育部2026名录（CSV镜像）,,,,,True,,,,,,,,,,,,{},0,,0,
4242050733,湖北省纺织职工大学,湖北省,,,湖北省,,成人,,999999,[],False,教育部2026名录（CSV镜像）,,,,,True,,,,,,,,,,,,{},0,,0,
4242050738,鄂城钢铁厂职工大学,湖北省,,,湖北省,,成人,,999999,[],False,教育部2026名录（CSV镜像）,,,,,True,,,,,,,,,,,,{},0,,0,
4242050740,丹江口工程管理局职工大学,湖北省,,,湖北省,,成人,,999999,[],False,教育部2026名录（CSV镜像）,,,,,True,,,,,,,,,,,,{},0,,0,
4242050742,湖北省直属机关业余大学,湖北省,,,湖北省,,成人,,999999,[],False,教育部2026名录（CSV镜像）,,,,,True,,,,,,,,,,,,{},0,,0,
4242050756,湖北省经济管理干部学院,湖北省,,,湖北省,,成人,,999999,[],False,教育部2026名录（CSV镜像）,,,,,True,,,,,,,,,,,,{},0,,0,
4242050762,十堰教育学院,湖北省,,,湖北省,,成人,,999999,[],False,教育部2026名录（CSV镜像）,,,,,True,,,,,,,,,,,,{},0,,0,
4242051297,大冶钢厂职工大学,湖北省,,,湖北省,,成人,,999999,[],False,教育部2026名录（CSV镜像）,,,,,True,,,,,,,,,,,,{},0,,0,
4242051305,湖北开放大学,湖北省,,,湖北省,,成人,,999999,[],False,教育部2026名录（CSV镜像）,,,,,True,,,,,,,,,,,,{},0,,0,
4242051773,武汉冶金管理干部学院,湖北省,,,湖北省,,成人,,999999,[],False,教育部2026名录（CSV镜像）,,,,,True,,,,,,,,,,,,{},0,,0,
4242051774,湖北武汉公安管理干部学院,湖北省,,,湖北省,,成人,,999999,[],False,教育部2026名录（CSV镜像）,,,,,True,,,,,,,,,,,,{},0,,0,
4242051862,华中电业联合职工大学,湖北省,,,湖北省,,成人,,999999,[],False,教育部2026名录（CSV镜像）,,,,,True,,,,,,,,,,,,{},0,,0,
4243050774,涟源钢铁总厂职工大学,湖南省,,,湖南省,,成人,,999999,[],False,教育部2026名录（CSV镜像）,,,,,True,,,,,,,,,,,,{},0,,0,
4243050788,株洲市职工大学,湖南省,,,湖南省,,成人,,999999,[],False,教育部2026名录（CSV镜像）,,,,,True,,,,,,,,,,,,{},0,,0,
4243050793,湖南航空工业职工工学院,湖南省,,,湖南省,,成人,,999999,[],False,教育部2026名录（CSV镜像）,,,,,True,,,,,,,,,,,,{},0,,0,
4243050794,中钢集团衡阳重机职工大学,湖南省,,,湖南省,,成人,,999999,[],False,教育部2026名录（CSV镜像）,,,,,True,,,,,,,,,,,,{},0,,0,
4243050798,衡阳工业职工大学,湖南省,,,湖南省,,成人,,999999,[],False,教育部2026名录（CSV镜像）,,,,,True,,,,,,,,,,,,{},0,,0,
4243050810,长沙教育学院,湖南省,,,湖南省,,成人,,999999,[],False,教育部2026名录（CSV镜像）,,,,,True,,,,,,,,,,,,{},0,,0,
4243051306,湖南开放大学,湖南省,,,湖南省,,成人,,999999,[],False,教育部2026名录（CSV镜像）,,,,,True,,,,,,,,,,,,{},0,,0,
4243051310,益阳教育学院,湖南省,,,湖南省,,成人,,999999,[],False,教育部2026名录（CSV镜像）,,,,,True,,,,,,,,,,,,{},0,,0,
4243051766,湖南金融技术职工大学,湖南省,,,湖南省,,成人,,999999,[],False,教育部2026名录（CSV镜像）,,,,,True,,,,,,,,,,,,{},0,,0,
4243051767,湖南纺织职工大学,湖南省,,,湖南省,,成人,,999999,[],False,教育部2026名录（CSV镜像）,,,,,True,,,,,,,,,,,,{},0,,0,
4243050784,长沙工业职工大学,湖南省,,,湖南省,,成人,,999999,[],False,教育部2026名录（CSV镜像）,,,,,True,,,,,,,,,,,,{},0,,0,
4244050075,广州金桥管理干部学院,广东省,,,广东省,,成人,,999999,[],False,教育部2026名录（CSV镜像）,,,,,True,,,,,,,,,,,,{},0,,0,
4244050079,南海成人学院,广东省,,,广东省,,成人,,999999,[],False,教育部2026名录（CSV镜像）,,,,,True,,,,,,,,,,,,{},0,,0,
4244050821,湛江市业余大学,广东省,,,广东省,,成人,,999999,[],False,教育部2026名录（CSV镜像）,,,,,True,,,,,,,,,,,,{},0,,0,
4244050826,广东省国防工业职工大学,广东省,,,广东省,,成人,,999999,[],False,教育部2026名录（CSV镜像）,,,,,True,,,,,,,,,,,,{},0,,0,
4244050835,汕头市业余大学,广东省,,,广东省,,成人,,999999,[],False,教育部2026名录（CSV镜像）,,,,,True,,,,,,,,,,,,{},0,,0,
4244050837,韶关市职工大学,广东省,,,广东省,,成人,,999999,[],False,教育部2026名录（CSV镜像）,,,,,True,,,,,,,,,,,,{},0,,0,
4244050855,广州市公安管理干部学院,广东省,,,广东省,,成人,,999999,[],False,教育部2026名录（CSV镜像）,,,,,True,,,,,,,,,,,,{},0,,0,
4244050859,广东省公安司法管理干部学院,广东省,,,广东省,,成人,,999999,[],False,教育部2026名录（CSV镜像）,,,,,True,,,,,,,,,,,,{},0,,0,
4244051315,广东开放大学,广东省,,,广东省,,成人,,999999,[],False,教育部2026名录（CSV镜像）,,,,,True,,,,,,,,,,,,{},0,,0,
4244051317,广东新华教育学院,广东省,,,广东省,,成人,,999999,[],True,教育部2026名录（CSV镜像）,民办,,,,True,,,,,,,,,,,,{},0,,0,
4244051319,广东省职工体育运动技术学院,广东省,,,广东省,,成人,,999999,[],False,教育部2026名录（CSV镜像）,,,,,True,,,,,,,,,,,,{},0,,0,
4244051320,广东社会科学大学,广东省,,,广东省,,成人,,999999,[],False,教育部2026名录（CSV镜像）,,,,,True,,,,,,,,,,,,{},0,,0,
4244051393,广州开放大学,广东省,,,广东省,,成人,,999999,[],False,教育部2026名录（CSV镜像）,,,,,True,,,,,,,,,,,,{},0,,0,
4244051888,深圳开放大学,广东省,,,广东省,,成人,,999999,[],False,教育部2026名录（CSV镜像）,,,,,True,,,,,,,,,,,,{},0,,0,
4245050867,桂林市职工大学,广西壮族自治区,,,广西壮族自治区,,成人,,999999,[],False,教育部2026名录（CSV镜像）,,,,,True,,,,,,,,,,,,{},0,,0,
4245050870,广西教育学院,广西壮族自治区,,,广西壮族自治区,,成人,,999999,[],False,教育部2026名录（CSV镜像）,,,,,True,,,,,,,,,,,,{},0,,0,
4245051338,广西开放大学,广西壮族自治区,,,广西壮族自治区,,成人,,999999,[],False,教育部2026名录（CSV镜像）,,,,,True,,,,,,,,,,,,{},0,,0,
4245051340,广西政法管理干部学院,广西壮族自治区,,,广西壮族自治区,,成人,,999999,[],False,教育部2026名录（CSV镜像）,,,,,True,,,,,,,,,,,,{},0,,0,
4246051865,海南开放大学,海南省,,,海南省,,成人,,999999,[],False,教育部2026名录（CSV镜像）,,,,,True,,,,,,,,,,,,{},0,,0,
4250050901,重庆电力职工大学,重庆市,,,重庆市,,成人,,999999,[],False,教育部2026名录（CSV镜像）,,,,,True,,,,,,,,,,,,{},0,,0,
4250050905,重庆冶金成人学院,重庆市,,,重庆市,,成人,,999999,[],False,教育部2026名录（CSV镜像）,,,,,True,,,,,,,,,,,,{},0,,0,
4250051866,重庆开放大学,重庆市,,,重庆市,,成人,,999999,[],False,教育部2026名录（CSV镜像）,,,,,True,,,,,,,,,,,,{},0,,0,
4251050879,中国工程物理研究院职工工学院,四川省,,,四川省,,成人,,999999,[],False,教育部2026名录（CSV镜像）,,,,,True,,,,,,,,,,,,{},0,,0,
4251050885,国营涪江机器厂职工大学,四川省,,,四川省,,成人,,999999,[],False,教育部2026名录（CSV镜像）,,,,,True,,,,,,,,,,,,{},0,,0,
4251050908,第五冶金建设公司职工大学,四川省,,,四川省,,成人,,999999,[],False,教育部2026名录（CSV镜像）,,,,,True,,,,,,,,,,,,{},0,,0,
4251050913,成都工业职工大学,四川省,,,四川省,,成人,,999999,[],False,教育部2026名录（CSV镜像）,,,,,True,,,,,,,,,,,,{},0,,0,
4251050919,四川省化工职工大学,四川省,,,四川省,,成人,,999999,[],False,教育部2026名录（CSV镜像）,,,,,True,,,,,,,,,,,,{},0,,0,
4251050928,中国科学院成都分院职工大学,四川省,,,四川省,,成人,,999999,[],False,教育部2026名录（CSV镜像）,,,,,True,,,,,,,,,,,,{},0,,0,
4251050930,广元职工医学院,四川省,,,四川省,,成人,,999999,[],False,教育部2026名录（CSV镜像）,,,,,True,,,,,,,,,,,,{},0,,0,
4251050932,南充市职工大学,四川省,,,四川省,,成人,,999999,[],False,教育部2026名录（CSV镜像）,,,,,True,,,,,,,,,,,,{},0,,0,
4251051341,四川开放大学,四川省,,,四川省,,成人,,999999,[],False,教育部2026名录（CSV镜像）,,,,,True,,,,,,,,,,,,{},0,,0,
4251051758,成都市职工大学,四川省,,,四川省,,成人,,999999,[],False,教育部2026名录（CSV镜像）,,,,,True,,,,,,,,,,,,{},0,,0,
4251051886,成都开放大学,四川省,,,四川省,,成人,,999999,[],False,教育部2026名录（CSV镜像）,,,,,True,,,,,,,,,,,,{},0,,0,
4252050962,贵州铝厂职工大学,贵州省,,,贵州省,,成人,,999999,[],False,教育部2026名录（CSV镜像）,,,,,True,,,,,,,,,,,,{},0,,0,
4252050965,贵州机械工业职工大学,贵州省,,,贵州省,,成人,,999999,[],False,教育部2026名录（CSV镜像）,,,,,True,,,,,,,,,,,,{},0,,0,
4252051352,贵州开放大学,贵州省,,,贵州省,,成人,,999999,[],False,教育部2026名录（CSV镜像）,,,,,True,,,,,,,,,,,,{},0,,0,
4253051357,云南开放大学,云南省,,,云南省,,成人,,999999,[],False,教育部2026名录（CSV镜像）,,,,,True,,,,,,,,,,,,{},0,,0,
4261050083,陕西航天职工大学,陕西省,,,陕西省,,成人,,999999,[],False,教育部2026名录（CSV镜像）,,,,,True,,,,,,,,,,,,{},0,,0,
4261050989,西安航空职工大学,陕西省,,,陕西省,,成人,,999999,[],False,教育部2026名录（CSV镜像）,,,,,True,,,,,,,,,,,,{},0,,0,
4261050990,西安飞机工业公司职工工学院,陕西省,,,陕西省,,成人,,999999,[],False,教育部2026名录（CSV镜像）,,,,,True,,,,,,,,,,,,{},0,,0,
4261051001,陕西兵器工业职工大学,陕西省,,,陕西省,,成人,,999999,[],False,教育部2026名录（CSV镜像）,,,,,True,,,,,,,,,,,,{},0,,0,
4261051002,西北电业职工大学,陕西省,,,陕西省,,成人,,999999,[],False,教育部2026名录（CSV镜像）,,,,,True,,,,,,,,,,,,{},0,,0,
4261051006,西安铁路工程职工大学,陕西省,,,陕西省,,成人,,999999,[],False,教育部2026名录（CSV镜像）,,,,,True,,,,,,,,,,,,{},0,,0,
4261051009,西安电力机械制造公司机电学院,陕西省,,,陕西省,,成人,,999999,[],False,教育部2026名录（CSV镜像）,,,,,True,,,,,,,,,,,,{},0,,0,
4261051010,陕西省建筑工程总公司职工大学,陕西省,,,陕西省,,成人,,999999,[],False,教育部2026名录（CSV镜像）,,,,,True,,,,,,,,,,,,{},0,,0,
4261051017,西安市职工大学,陕西省,,,陕西省,,成人,,999999,[],False,教育部2026名录（CSV镜像）,,,,,True,,,,,,,,,,,,{},0,,0,
4261051018,宝鸡市职工大学,陕西省,,,陕西省,,成人,,999999,[],False,教育部2026名录（CSV镜像）,,,,,True,,,,,,,,,,,,{},0,,0,
4261051027,陕西省宝鸡教育学院,陕西省,,,陕西省,,成人,,999999,[],False,教育部2026名录（CSV镜像）,,,,,True,,,,,,,,,,,,{},0,,0,
4261051370,陕西开放大学,陕西省,,,陕西省,,成人,,999999,[],False,教育部2026名录（CSV镜像）,,,,,True,,,,,,,,,,,,{},0,,0,
4261051373,陕西工运学院,陕西省,,,陕西省,,成人,,999999,[],False,教育部2026名录（CSV镜像）,,,,,True,,,,,,,,,,,,{},0,,0,
4261051871,西安开放大学,陕西省,,,陕西省,,成人,,999999,[],False,教育部2026名录（CSV镜像）,,,,,True,,,,,,,,,,,,{},0,,0,
4262051039,兰州铁路工程职工大学,甘肃省,,,甘肃省,,成人,,999999,[],False,教育部2026名录（CSV镜像）,,,,,True,,,,,,,,,,,,{},0,,0,
4262051040,甘肃核工业职工大学,甘肃省,,,甘肃省,,成人,,999999,[],False,教育部2026名录（CSV镜像）,,,,,True,,,,,,,,,,,,{},0,,0,
4262051042,银光化学材料厂职工大学,甘肃省,,,甘肃省,,成人,,999999,[],False,教育部2026名录（CSV镜像）,,,,,True,,,,,,,,,,,,{},0,,0,
4262051374,甘肃开放大学,甘肃省,,,甘肃省,,成人,,999999,[],False,教育部2026名录（CSV镜像）,,,,,True,,,,,,,,,,,,{},0,,0,
4263051049,青海省联合职工大学,青海省,,,青海省,,成人,,999999,[],False,教育部2026名录（CSV镜像）,,,,,True,,,,,,,,,,,,{},0,,0,
4263051382,青海开放大学,青海省,,,青海省,,成人,,999999,[],False,教育部2026名录（CSV镜像）,,,,,True,,,,,,,,,,,,{},0,,0,
4264051383,宁夏开放大学,宁夏回族自治区,,,宁夏回族自治区,,成人,,999999,[],False,教育部2026名录（CSV镜像）,,,,,True,,,,,,,,,,,,{},0,,0,
4265051210,新疆生产建设兵团开放大学,新疆维吾尔自治区,,,新疆维吾尔自治区,,成人,,999999,[],False,教育部2026名录（CSV镜像）,,,,,True,,,,,,,,,,,,{},0,,0,
4265051387,新疆开放大学,新疆维吾尔自治区,,,新疆维吾尔自治区,,成人,,999999,[],False,教育部2026名录（CSV镜像）,,,,,True,,,,,,,,,,,,{},0,,0,
4265051594,喀什教育学院,新疆维吾尔自治区,,,新疆维吾尔自治区,,成人,,999999,[],False,教育部2026名录（CSV镜像）,,,,,True,,,,,,,,,,,,{},0,,0,
4265051595,新疆生产建设兵团教育学院,新疆维吾尔自治区,,,新疆维吾尔自治区,,成人,,999999,[],False,教育部2026名录（CSV镜像）,,,,,True,,,,,,,,,,,,{},0,,0,
4265051599,和田地区教育学院,新疆维吾尔自治区,,,新疆维吾尔自治区,,成人,,999999,[],False,教育部2026名录（CSV镜像）,,,,,True,,,,,,,,,,,,{},0,,0,
4265051717,阿克苏教育学院,新疆维吾尔自治区,,,新疆维吾尔自治区,,成人,,999999,[],False,教育部2026名录（CSV镜像）,,,,,True,,,,,,,,,,,,{},0,,0,
