campus_id,uid,school,campus,address,province,city,status,failure_reason,failure_reason_detail,attempted_sources,last_reviewed
PROFILE1961_0,4142014061,三峡电力职业学院,办学地点（档案未命名）,湖北省宜昌市绿萝路36号,湖北省,宜昌市,RESOLVED,—,政府/教育系统官方,http://so.yichang.gov.cn/search?key=三峡电力职业学院 → 命中宜昌市自然资源局测绘资质公开表; http://zrzy.yichang.gov.cn/content-42422-21299-1.html → 命中「宜昌市西陵区绿萝路 36 号」原文; https://tgcep.ceec.net.cn/ → TLS 不可达（自签证书/连接失败）,2026-09-12
PROFILE125_4,4131010248,上海交通大学,黄浦校区,上海市重庆南路227号,上海市,上海市,RESOLVED,—,学校官网,https://www.shsmu.edu.cn/ — 200，页脚仅『黄浦校区：上海市重庆南路227号』，无区名; https://www.shsmu.edu.cn/lxwm.htm — 404; http://chdi.shsmu.edu.cn/ — DNS ENOTFOUND; https://www.shsmu.edu.cn/chdi/yjtd1/yjs1.htm — 200，命中『地址：上海市黄浦区重庆南路227号』（采用）; 搜狗检索『重庆南路227号 黄浦区』— 用于发现上述 shsmu.edu.cn 子页面,2026-09-12
PROFILE135_2,4131010255,东华大学,新华路校区,上海市新华路365弄6号,上海市,上海市,RESOLVED,—,学校官网,http://xxgk.dhu.edu.cn/2023/0901/c22501a329141/page.htm — 信息公开网「办学地点」文档：命中「新华路校区：上海市长宁区新华路365弄6号，邮编：200052」（采用，200 且正文可读）; http://xxgk.dhu.edu.cn/1w1xxjbqk/list.htm → 该栏目页列出「办学地点（校办）」指向上述文档，为定位入口; http://xxgk.dhu.edu.cn/21681/list.htm 、http://xxgk.dhu.edu.cn/18338/list.htm — 均返回「找不到对应的栏目」，栏目编号与实际路径不符，改用 /1w1xxjbqk/list.htm 后定位成功; https://zs.dhu.edu.cn/2026/0528/c9563a376561/page.htm — 2026年本科招生章程，逐字「学校地处上海，设有三个校区（地址分别为：上海市延安西路 1882 号、上海市松江区人民北路 2999 号、上海市新华路 365 弄 6 号）」，确认门牌现行、但无区名; https://www.dhu.edu.cn/ 学校简介 — 列松江校区、延安路校区、新华路校区三校区，无区名; https://xxgk.dhu.edu.cn/_web/_search/api/search/new.rst?...&q=新华路 — 博达站内检索 API 无命中,2026-09-12
PROFILE564_3,4111010047,中央美术学院,上海校区,上海市临港南汇新城镇环湖南二路1099号,上海市,上海市,RESOLVED,—,学校官网,"WebSearch「中央美术学院 上海校区 环湖南二路1099号 浦东新区」→ 未执行，本 session WebSearch 配额已用尽（200/200）; WebSearch「""环湖南二路1099号"" 中央美术学院 临港」→ 未执行，同上配额耗尽; https://www.cafa.edu.cn/ （curl，绕过证书链问题）→ 200，取得站内导航与搜索入口; http://www.cafa.edu.cn/ → 302 跳 HTTPS，TLS 证书链问题正是上一轮失败原因; https://www.cafa.edu.cn/search/?keyword=中法艺术与设计管理学院 → 200，列出 10 条中法学院相关页面; https://www.cafa.edu.cn/search/?keyword=环湖南二路 → 无相关结果; https://www.cafa.edu.cn/search/?keyword=浦东新区 → 无相关结果; https://www.cafa.edu.cn/sp/campus/ → 校园文化页，无地址信息; https://www.cafa.edu.cn/st/2016/9018887.htm →2016 年上海校区启动新闻，写「落户上海临港主城区」「在上海浦东新区区委、区政府的大力支持下」，但未把门牌与法定区写在同一句; https://www.cafa.edu.cn/st/2021/90121218.htm → 2021 年临港新片区党工委书记调研新闻，写「中央美术学院中法艺术与设计管理学院在浦东办学」，仅有「浦东」非「浦东新区」; https://www.cafa.edu.cn/st/2022/90221789.htm → 招聘公告，落款地址为北京花家地南街8号（校本部），非上海校区; https://www.cafa.edu.cn/sp/nljg/?j=172 → 命中：中法学院介绍页写「校址:上海市浦东新区环湖南二路1099号」; https://xxgk.cafa.edu.cn/ → 200，但首页无校区地址; https://zhaosheng.cafa.edu.cn/ → DNS 解析失败; https://zs.cafa.edu.cn/ → 连接超时; https://www.pudong.gov.cn/ → 504 Gateway Time-out（未作为证据）",2026-09-12
PROFILE194_0,4136011843,九江学院,主校区,江西省九江市前进东路551号,江西省,九江市,RESOLVED,—,学校官网,https://www.jju.edu.cn/xxgk/xxjj.htm → 200，仅「江西省九江市前进东路551号」，无区名; http://job.jju.edu.cn/ → 200，命中「江西省九江市濂溪区前进东路551号九江学院主校区」，accept 依据; WebSearch 九江学院 前进东路551号 濂溪区 → 本会话 WebSearch 配额已耗尽(200/200)，未执行,2026-09-12
PROFILE194_1,4136011843,九江学院,浔东校区,江西省九江市浔阳东路320号,江西省,九江市,RESOLVED,—,学校官网,https://www.jju.edu.cn/ 首页：仅列「学校地址：江西省九江市前进东路551号」，无浔东校区 → 失败; https://www.jju.edu.cn/info/1224/83762.htm 2022年九江学院专升本学生入学须知：命中「九江市浔阳区浔阳东路320号，浔东校区思贤楼503室」; http://www.jju.edu.cn/info/1224/85962.htm 2023年九江学院专升本入学须知：命中「九江市浔阳区浔阳东路320号，浔东校区附楼医务室209室」; 搜索出口：WebFetch/curl 打开 m.sogou.com 命中官网正文页并提取出 pcurl 真实链接；百度/360/搜狗桌面版/cn.bing.com 均被反爬或返回无关结果,2026-09-12
PROFILE2167_0,4153012357,云南交通职业技术大学,呈贡校区,云南省昆明市呈贡大学城万青路2056号,云南省,昆明市,RESOLVED,—,学校官网,https://www.ynjtc.com/info/2251/66322.htm（学校官网采购公告，采购人信息逐字“地址：云南省昆明市呈贡区万青路2056号” ← 采纳证据）; http://www.ynjtc.com/（学校官网首页，可达）,2026-09-12
PROFILE2169_0,4153012555,云南农业职业技术学院,茭菱校区,云南省昆明市茭菱路128号,云南省,昆明市,RESOLVED,—,学校官网,https://www.ynavc.com/main/news/show/22007 (旧URL；仅写“昆明市茭菱路128号”，无区名); https://www.ynavc.com/ (首页页脚同样只写“昆明市茭菱路128号”); https://www.ynavc.com/main/news/word/55?page=5 (校方通知公告列表，定位到 2026.05.07 该公告 /main/news/show/20849); https://www.ynavc.com/main/news/show/20630 (命中：五华区茭菱路128号); https://www.so.com/s?q=茭菱路128号 五华区 (仅地图/商业站第三方命中五华区); https://www.so.com/s?q=茭菱路128号 采购人地址,2026-09-12
PROFILE2175_0,4153013136,云南能源职业技术学院,麒麟校区,云南省曲靖市职教园区文苑北路,云南省,曲靖市,RESOLVED,—,政府/教育系统官方,http://www.ql.gov.cn/news/detail/szjs/76198.html（麒麟区人民政府网站，来源麒麟区住建局，逐字含“麒麟区职教园区…文苑北路顶管工程” ← 采纳证据）; http://www.ql.gov.cn 站内搜索（得到“曲靖市麒麟区文华街道文苑北路23号”等命中）; https://www.ynny.edu.cn/ 与 https://www.ynny.edu.cn/ztb/zbjggs.htm（云南能源职业技术学院官网/招标页，页脚地址“云南省曲靖市职教中心文苑北路8号”，校方自称未写法定区）,2026-09-12
PROFILE1834_0,4134013343,亳州职业技术学院,办学地点（档案未命名）,安徽省亳州市药都路1625号,安徽省,亳州市,RESOLVED,—,政府/教育系统官方,https://www.bzy.edu.cn/zsjy/content_50656 — 学校官网2026年招生章程：办学地址 亳州市药都路 1625号，无区名（连续），未能作为证据; https://ggzy.bozhou.gov.cn/jyxx/002002/002002004/20251023/35cf4116-b952-4b98-97d1-3f6f2f3da8ba.html — 命中「亳州职业技术学院 … 地 址：亳州市谯城区药都路1625号」; https://ggzy.bozhou.gov.cn/jyxx/002002/002002012/20251229/b244a097-fb6d-4703-b334-c87024aa5112.html — 同平台另一采购公告，地址栏同源，未逐字展开; 360地图 POI「亳州职业技术学院 地址：亳州市谯城区药都路1625号」— 仅作线索，不作为证据,2026-09-12
PROFILE1153_0,4115013824,内蒙古交通职业技术学院,办学地点（档案未命名）,内蒙古自治区赤峰市新城王府大街2号,内蒙古自治区,赤峰市,RESOLVED,—,学校官网,http://www.nmjtxy.cn/ -> 200，招生工作处页脚「地址:内蒙古赤峰市松山区新城王府大街2号」，命中松山区; https://www.imvtcc.edu.cn/ -> 200，学院主站页脚「学院地址：内蒙古赤峰市新城王府大街二号」，无区名; http://www.nmjtzyxy.com/、www.nmjtxy.com/、www.cfjtxy.com/ -> 均 000/无解析，域名不存在,2026-09-12
PROFILE529_1,4115010139,内蒙古财经大学,东校区,内蒙古呼和浩特海拉尔大街47号,内蒙古自治区,呼和浩特市,RESOLVED,—,学校官网,https://www.imufe.edu.cn/ — 200，页脚『内蒙古呼和浩特海拉尔大街47号（东)』无区名；另见『回民区北二环路185号』为西校区; https://www.imufe.edu.cn/zsxxw/info/1008/2571.htm — 200，命中『东校区，地址：呼和浩特市新城区海拉尔大街 47号』（采用，经搜狗快照链接解析出真实 URL）,2026-09-12
PROFILE1758_0,4145013524,北海艺术设计学院,办学地点（档案未命名）,广西壮族自治区北海市新世纪大道1号,广西壮族自治区,北海市,RESOLVED,—,学校官网,http://www.sszss.com/ （北海艺术设计学院官网）→ 页脚逐字“地址：广西壮族自治区北海市银海区新世纪大道1号 邮编：536000”，桂公网安备45050302000053号; http://www.sszss.com/ 校园新闻 → “北海市银海区委书记叶海源到我校调研指导”; 头条检索“北海艺术设计学院 新世纪大道1号 银海区” → 命中官网页脚与银海区人民政府页面,2026-09-12
PROFILE166_0,4132010300,南京信息工程大学,校本部,江苏省南京市宁六路219号,江苏省,南京市,RESOLVED,—,学校官网,https://jsgzb.nuist.edu.cn/ → “地址：南京市浦口区宁六路219号 邮编：210044 电话：025-58731455”; https://lib.nuist.edu.cn/ → “地址：江苏省南京市浦口区宁六路219号 邮编：210044”，苏公网安备32011102010187号; https://www.nuist.edu.cn/ 主站 → 未含区（以二级机构页脚为准）,2026-09-12
PROFILE160_1,4132010293,南京邮电大学,三牌楼校区,江苏省南京市新模范马路66号,江苏省,南京市,RESOLVED,—,学校官网,http://ict.njupt.edu.cn/lxwm/list.htm (WebFetch+curl 成功，含鼓楼区); https://www.njupt.edu.cn/ 页脚 (仅南京市新模范马路66号，无区); http://jjy.njupt.edu.cn/ (南京市龙蟠路177号，无区); 搜狗/头条多组「新模范马路66号 鼓楼区」检索,2026-09-12
PROFILE160_0,4132010293,南京邮电大学,仙林校区,江苏省南京市仙林大学城文苑路9号,江苏省,南京市,RESOLVED,—,政府/教育系统官方,http://www.ccgp.gov.cn/cggg/dfgg/cjgg/202609/t20260908_27289784.htm → 命中：采购单位「南京邮电大学」，单位地址「南京市栖霞区文苑路9号」（成功，逐字）; https://search.ccgp.gov.cn/bxsearch?searchtype=2&page_index=1&kw=文苑路9号&timeType=5 → 命中上述成交公告; https://www.njupt.edu.cn/ → 页脚仅「南京市仙林大学城文苑路9号」（功能区），全文无栖霞区; https://m.sogou.com/web/searchList.jsp?keyword=南京邮电大学仙林校区 栖霞区 → CAPTCHA 反爬页,2026-09-12
PROFILE2434_1,4136013437,南昌医学院,象湖校区,江西省南昌市小蓝经济开发区汇仁大道689号,江西省,南昌市,RESOLVED,—,政府/教育系统官方,http://www.nc.gov.cn/qlzhyqfk/fkzn/202108/4c0a0ad80df6453aabe22c6d0e06a47e.shtml — 命中，逐字「南昌美康盛德医学检验实验室　南昌县　南昌市南昌县汇仁大道 689 号」; http://ncx.nc.gov.cn/ncxrmzf/ylwsu/202607/e27e8fdb60f8403b8a8575ed617b8267.shtml — 命中，「地址：南昌县小蓝经济技术开发区汇仁大道689号江西卫生职业学院31栋一层」; http://ncx.nc.gov.cn/ncxrmzf/xzzfgsk/202505/c816f438a4984979a062f56a50ccf090.shtml — 命中，「江西卫生职业学院 南昌县小蓝经济开发区汇仁大道689号」; https://api.so-gov.cn/query/s 南昌县站(siteCode=3601210001) 检索「汇仁大道689号」— 8 条，均为南昌县口径; http://ncx.nc.gov.cn/ncxrmzf/ylwsu/202407/611c828e1bae4eeca225bff63ebc8b57.shtml — 命中，「机构地址：南昌县小蓝经济开发区汇仁大道689号31栋1层」,2026-09-12
PROFILE1850_0,4134014135,合肥共达职业技术学院,办学地点（档案未命名）,安徽省合肥新站高新技术产业开发区九顶山路68号,安徽省,合肥市,RESOLVED,—,学校官网,https://www.hfgdxy.cn/DzsIndex/index/classid/177.html（招生工作）→ 列出《2026年普通高考招生章程》链接; https://www.hfgdxy.cn/Dzs/detail/id/13124.html → 逐字核到『四、办学地址：安徽省合肥市瑶海区合肥新站高新技术产业开发区九顶山路68号』; https://www.hfgdxy.cn/About/index/id/60.html（联系方式）与 https://www.hfgdxy.cn/（首页页脚）→ 只写『合肥新站高新技术产业开发区九顶山路68号』，无区名（对照）; 头条搜索『合肥共达职业技术学院 2025年招生章程 办学地址』→ 第三方转载同句含瑶海区，据此定位到校方官网章程原文,2026-09-12
PROFILE1801_2,4134014098,合肥师范学院,锦绣校区,安徽省合肥市经济技术开发区莲花路1688号,安徽省,合肥市,RESOLVED,—,政府/教育系统官方,ggzy.hefei.gov.cn 全量检索 API（wd=合肥师范学院）→ 命中该挂牌公告; https://ggzy.hefei.gov.cn/jyxx/002003/002003001/20241227/7df2a9f25fc23921a50904c6c7fb22aa.html → 逐字核到『合肥师范学院锦绣校区（合肥市蜀山区莲花路1688号）』; https://zsb.hfnu.edu.cn/zsxx1/zszc.htm（合肥师范学院招生章程）→ 原文『锦绣校区地址：合肥市莲花路1688号』，无区名（仅作旁证）,2026-09-12
PROFILE1611_0,4122012049,吉林交通职业技术学院,校本部,吉林省长春市高新区电台街63号,吉林省,长春市,RESOLVED,—,学校官网,https://www.so.com/s?q=吉林交通职业技术学院 朝阳区 电台街63号 (发现 jljy.edu.cn 中标公告); https://www.jljy.edu.cn/ (官网；页脚“长春市新电台街63号”，无区名); https://www.jljy.edu.cn/info/1018/15114.htm (命中：长春市朝阳区电台街63号); https://www.jljy.edu.cn/sylm/xxgg.htm (通知公告列表，1480条); http://www.ccgp.gov.cn/cggg/dfgg/jzxcs/202410/t20241010_23325116.htm (仅“长春市高新区电台街63号”，功能区); http://www.jjtc.com.cn/ (旧域名，ECONNREFUSED),2026-09-12
PROFILE1927_0,4141012750,周口职业技术学院,开元校区,河南省周口市开元大道1号,河南省,周口市,RESOLVED,—,学校官网,https://www.zkvtc.edu.cn/ → 官网首页页脚仅「地址：河南省周口市开元大道1号（开元校区）| 文昌大道东段（文昌校区）」，无区名; https://www.zkvtc.edu.cn/info/1033/8577.htm → 校内采购公告，「地址：周口市川汇区开元大道1号」，命中 川汇区; https://www.zkvtc.edu.cn/info/1033/8588.htm / 8589.htm / 8594.htm → 同址采购公告互证; https://zs.zkvtc.edu.cn/info/1014/1784.htm → 招生网确认「开元校区＝河南省周口市开元大道1号」; 整站爬取 www.zkvtc.edu.cn 60/90/220 页 → 「川汇区」仅出现在校内采购公告的采购人地址处,2026-09-12
PROFILE1956_0,4142013265,咸宁职业技术学院,办学地点（档案未命名）,湖北省咸宁市咸宁大道118号,湖北省,咸宁市,RESOLVED,—,政府/教育系统官方,http://www.xianning.gov.cn/xxgk/xxgkml/czzj/bmys/2020nxnsbmysgk/202003/t20200310_1942577.shtml（curl -k）→ 命中「学校所在地——咸宁市咸安区咸宁大道118号」原文; http://www.xnec.cn/ 全站爬取 60 页（关键词 咸安区）→ 0 条；官网 footer 仅「地址：湖北省咸宁市咸宁大道118号」无区名; http://www.xianan.gov.cn/ → 站内检索为 /aisp_ssp JS 应用，无法驱动,2026-09-12
PROFILE3083_1,4123013302,哈尔滨传媒职业学院,二校区,哈尔滨市松花路88号,黑龙江省,哈尔滨市,RESOLVED,—,学校官网,https://www.hrbmcc.com/xueyuanjianjie/ — 200，学校官网学院简介“校区地址”载明“二校区位于哈尔滨市双城区松花路88号”，采用; https://www.hrbmcc.com/recruit/2662.html — 200，2026年招生章程只写“二校区：哈尔滨市松花路88号”，无区; https://www.hrbmcc.com/lianxiwomen/ 与全站页脚 — 只写“哈尔滨市松花路88号（二校区） 邮编：150137”，无区; https://www.lzk.hl.cn/search/search_list.jsp（黑龙江省招生考试信息港，POST siteid=4&keywords=哈尔滨传媒职业学院）— 200，返回“没有相关信息”; https://so.toutiao.com/search?keyword=松花路88号 — 第三方（百度百科/大学生必备网）称“双城区”，另有净土寺/中国云谷“平房区松花路”条目，仅作线索; https://nominatim.openstreetmap.org/ 与地图类POI — 显示松花路跨平房区/南岗区/双城区，仅作线索,2026-09-12
PROFILE1062_0,4123010231,哈尔滨师范大学,松北校区,黑龙江省哈尔滨市利民经济开发区师大路1号,黑龙江省,哈尔滨市,RESOLVED,—,政府/教育系统官方,https://www.ganyu.gov.cn/gyjy/gsgg/content/4023706c-5237-4f36-83e5-2885db7fab41.html — 200，连云港市赣榆区人民政府招聘公告，采用; http://www.hrbnu.edu.cn/ — 哈尔滨师范大学官网连接被拒(ECONNREFUSED)且仅HTTP，无法取证; https://so.toutiao.com/search?keyword=哈尔滨师范大学 松北校区 呼兰 — 佐证检索,2026-09-12
PROFILE244_0,4133010354,嘉兴大学,梁林校区,浙江省嘉兴市广穹路899号,浙江省,嘉兴市,RESOLVED,—,学校官网,https://zsb.zjxu.edu.cn/info/10443/86774.htm → HTTP 200，门牌一致但只写「浙江省 嘉兴市 广穹路899号」，无区名; https://www.zjxu.edu.cn/ → HTTP 200，页脚「浙江省嘉兴市广穹路899号」，无区名；南湖区仅出现在无关新闻; http://xxgk.zjxu.edu.cn → HTTP 200，命中「嘉兴市南湖区广穹路899号」✓,2026-09-12
PROFILE793_0,4151012764,四川建筑职业技术大学,德阳校区,四川省德阳市嘉陵江西路4号,四川省,德阳市,RESOLVED,—,学校官网,https://www.scac.edu.cn/xygk/xyjj.htm — 本人复抓：仅「（德阳校区）德阳市嘉陵江西路4号 邮编：618000」，无区名; https://www.scac.edu.cn/xxgk1/xxjj.htm — 学校简介：仅「德阳市嘉陵江西路4号」，全文无「旌阳区」; https://www.scac.edu.cn/info/1013/17932.htm — 招生章程：办学地址只写「德阳市嘉陵江西路4号」，无区名; https://www.scac.edu.cn/info/1140/14214.htm — 考点页：仅「德阳市嘉陵江西路4号」; https://www.scac.edu.cn/info/1013/12413.htm — 仅「德阳市嘉陵江西路4号」; https://www.scac.edu.cn/info/1146/18378.htm — 采购公告：采购人处未写地址; http://search.ccgp.gov.cn/bxsearch?searchtype=1&page_index=1&kw=四川建筑职业技术大学 — 中采网仅有近一周公告，未含区名; http://gjxy.scac.edu.cn/ — 命中：含「四川省德阳市旌阳区嘉陵江西路4号西区8号教学楼」（已 WebFetch 逐字复核）,2026-09-12
PROFILE216_0,4121010172,大连外国语大学,旅顺校区,辽宁省大连市旅顺南路西段6号,辽宁省,大连市,RESOLVED,—,政府/教育系统官方,https://www.dlufl.edu.cn/ 官网首页：仅『旅顺校区和中山校区』，全文无旅顺口区; https://zsb.dlufl.edu.cn/zszc.htm、https://zsb.dlufl.edu.cn/info/1111/1752.htm 招生章程：『办学地点及校址：大连市旅顺南路西段』，无区名; https://zsb.dlufl.edu.cn/ljdw/xygk.htm 学院概况：『学校拥有旅顺校区和中山校区两个校区』，无区名; https://xxgk.dlufl.edu.cn/ 信息公开网：未见区名; 站内 BFS 抓取 www.dlufl.edu.cn 30 页 + zsb.dlufl.edu.cn 25 页，检索『旅顺口区』零命中; WebSearch 会话预算耗尽（200/200）；Bing/百度/搜狗/360/Ecosia/Yandex 均被验证码或降级; https://www.ccgp.gov.cn/cggg/dfgg/zbgg/202506/t20250605_24720880.htm 命中,2026-09-12
PROFILE1787_0,4133013742,宁波卫生职业技术学院,办学地点（档案未命名）,浙江省宁波市高教园区（南区）学府路51号,浙江省,宁波市,RESOLVED,—,学校官网,https://www.nchs.net.cn/ — 首页页脚：宁波市高教园区（南区）学府路51号（无中文法定区）; https://www.nchs.net.cn/2831/list.htm — 学校介绍：中文行仅高教园区，英文行含 Yinzhou; https://www.nchs.net.cn/2813/list.htm — 学校总览：同上三处，仅英文行有 Yinzhou; https://www.nchs.net.cn/2839/list.htm — 交通位置：仅「宁波市高教园区（南区）学府路51号」; https://www.nchs.net.cn/lxfs/list.htm — 联系方式：地址：宁波市鄞州区学府路51号 ← 采用; https://zs.nchs.edu.cn/ 与 /2026/0520/c1064a86636/page.htm — 招生章程页无正文地址; https://www.nbchs.net/ 、www.nbchs.edu.cn 、www.nbwzy.cn 、www.nbwzy.com — 域名不存在；正确域名为 www.nchs.net.cn（经浙江省教育厅高校名单查得）,2026-09-12
PROFILE1767_0,4133010863,宁波职业技术大学,本部校区,浙江省宁波经济技术开发区庐山东路388号,浙江省,宁波市,RESOLVED,—,学校官网,https://www.nbpu.edu.cn/ — 页脚地址为「宁波经济技术开发区庐山东路388号」（功能区，无法定区）; https://www.nbpu.edu.cn/2638/list.htm — 学校简介：庐山东路388号 + 「分设北仑、鄞州、余姚三个校区」，未把北仑区与门牌同句; https://xxgk.webs.nbpu.edu.cn/ — 信息公开网：地址：浙江省宁波市北仑区庐山东路388号 ← 采用; https://zs.nbpu.edu.cn/ — DNS 不存在,2026-09-12
PROFILE1216_0,4133016301,宁波诺丁汉大学,办学地点（档案未命名）,浙江省宁波市泰康东路199号,浙江省,宁波市,RESOLVED,—,学校官网,https://www.nottingham.edu.cn/cn/index.aspx → curl HTTP 504（站点拒绝），WebFetch 成功但页脚仅「中国浙江省宁波市泰康东路199号」无区名; https://www.nottingham.edu.cn/cn/about/contact-us.aspx → WebFetch 成功，命中「浙江省宁波市鄞州区泰康东路199号」✓; https://jobs.nottingham.edu.cn/ → 仅英文地址 199 Taikang East Road，无中文区名,2026-09-12
PROFILE1024_1,4134010372,安庆师范大学,龙山校区,安徽省安庆市集贤北路1318号,安徽省,安庆市,RESOLVED,—,学校官网,https://smkx.aqnu.edu.cn/index.htm → 命中，页脚逐字含“安徽省安庆市宜秀区集贤北路1318号”; https://yyxy.aqnu.edu.cn/ → 页脚仅“安徽安庆集贤北路1318号”，无区名; https://zyhj.aqnu.edu.cn/ → 抓取失败(32字节空页); https://www.aqnu.edu.cn/ → 首页无地址区名; WebSearch → 配额耗尽(200/200)未执行; Bing/DuckDuckGo/Sogou/360 搜索 → 全部被验证码或串行垃圾结果拦截; so.toutiao.com 搜索 → 可用，据此发现上述二级学院页面,2026-09-12
PROFILE1836_0,4134013345,安庆职业技术学院,办学地点（档案未命名）,安徽省安庆市天柱山东路99号,安徽省,安庆市,RESOLVED,—,政府/教育系统官方,https://www.anqing.gov.cn/public/4018866/2007295631.html （安庆市人民政府信息公开《公务员考试考点及周边公交线路》：命中“安庆市迎江区天柱山东路 99号”原文）,2026-09-12
PROFILE1835_0,4134013344,安徽国防科技职业学院,办学地点（档案未命名）,安徽省六安市梅山中路56号,安徽省,六安市,RESOLVED,—,学校官网,https://www.acdt.edu.cn/ → 首页页脚仅写“地址：安徽省六安市梅山中路56号”（不含区），皖公网安备34150102000169（341501 为六安市市辖区，非具体区）; https://www.acdt.edu.cn/sysx/ → 命中“安徽省六安市金安区梅山中路56号 邮编：237011”; https://www.acdt.edu.cn/xxgk/ → 信息公开栏目未见含区地址; https://zs.acdt.edu.cn/ 、https://xxgk.acdt.edu.cn/ → 返回 0 字节不可达; 头条检索“安徽国防科技职业学院 金安区梅山中路56号”“六安市金安区梅山中路56号” → 仅“大家都在搜”建议,2026-09-12
PROFILE1839_0,4134013846,安徽国际商务职业学院,办学地点（档案未命名）,安徽省合肥市双凤开发区魏武路001号,安徽省,合肥市,RESOLVED,—,政府/教育系统官方,ggzy.hefei.gov.cn 全量检索 API（wd=安徽国际商务职业学院 / 魏武路）→ 命中该招标公告; https://ggzy.hefei.gov.cn/jyxx/002001/002001002/20260630/a2e5007d-fb89-414f-a5cf-43ee8019daef.html → 逐字核到『长丰县魏武路1号』,2026-09-12
PROFILE1830_2,4134013338,安徽城市管理职业学院,经开校区,安徽省合肥市经济技术开发区耕云路158号,安徽省,合肥市,RESOLVED,—,政府/教育系统官方,http://www.ahjgbzw.gov.cn/content/detail/6721703c7f8b9ac7148b456a.html — 命中「合肥市蜀山区耕云路158号安徽城市管理职业学院南门东侧」; https://ggzy.hefei.gov.cn/jyxx/002003/002003001/20200914/0c982a7490f743f79453160fed8aecfe.html — 合肥公共资源交易：出租标的地址 安徽城市管理职业学院耕云路校区，项目地址仅「安徽省合肥市」，无区名; http://www.ccgp.gov.cn/cggg/dfgg/zbgg/202605/t20260523_26618632.htm — 政府采购公告：采购单位地址 合肥市瑶海区淮海大道300号（主校区，非经开校区）; 360地图 POI「耕云路 地址：安徽省合肥市蜀山区」— 仅作线索,2026-09-12
PROFILE1842_0,4134013849,安徽审计职业学院,方兴校区,安徽省合肥市经济技术开发区方兴大道509号,安徽省,合肥市,RESOLVED,—,政府/教育系统官方,ggzy.hefei.gov.cn 全量检索 API（wd=安徽审计职业学院 / 方兴大道509号）→ 命中该招标公告; https://ggzy.hefei.gov.cn/jyxx/002001/002001002/20240715/9542aaec-c3f1-4a01-a2ad-a4d993da78c5.html → 逐字核到『地 址：合肥市蜀山区方兴大道509号』; https://sjt.ah.gov.cn/public/9912883/38941040.html（安徽省审计厅）→ 只写『经济技术开发区方兴大道509号』，无区名（作反证）,2026-09-12
PROFILE1832_1,4134013340,安徽工商职业学院,双凤校区,安徽省合肥市双凤经济开发区金宁路北16号,安徽省,合肥市,RESOLVED,—,政府/教育系统官方,ggzy.hefei.gov.cn 全量检索 API（wd=安徽工商职业学院 / 金宁路北16号）→ 命中该结果公告; https://ggzy.hefei.gov.cn/jyxx/002002/002002015/20251021/212c71b0-b256-4451-8491-30d8436f80b9.html → 逐字核到『地址：合肥市长丰县金宁路北16号』,2026-09-12
PROFILE1827_0,4134013062,安徽广播影视职业技术学院,办学地点（档案未命名）,安徽省合肥市新站区文忠路与学府路交口,安徽省,合肥市,RESOLVED,—,政府/教育系统官方,https://ggzy.hefei.gov.cn/jyxx/002002/002002001/20240711/92fc470b-1569-478f-89a0-8b2740cc53c8.html — 命中「地址：合肥市瑶海区文忠路2575号」及「本项目位于安徽省合肥市新站区文忠路与学府路交口」; http://www.ccgp.gov.cn/cggg/dfgg/gzgg/202408/t20240803_22804814.htm — 中国政府采购网更正公告：采购单位地址 合肥市瑶海区文忠路2575号; http://www.ccgp.gov.cn/cggg/dfgg/jzxtpgg/202408/t20240816_22919899.htm — 同上，采购人地址 合肥市瑶海区文忠路2575号; http://www.ccgp.gov.cn/cggg/dfgg/gkzb/202007/t20200721_14688100.htm — 2020年招标公告：地址 合肥市新站区文忠路与学府路交口（仅功能区，无区名）,2026-09-12
PROFILE68_0,4134010361,安徽理工大学,校本部,安徽省淮南市泰丰大街168号,安徽省,淮南市,RESOLVED,—,学校官网,"https://www.aust.edu.cn/xxgk/xxzc.htm → 命中，学校章程第三条含“田家庵区泰丰大街168号”; https://www.aust.edu.cn/index.htm → 页脚仅“安徽省淮南市泰丰大街168号”; https://www.aust.edu.cn/xxgk/xxjj.htm → 学校简介无区名; https://www.aust.edu.cn/search.jsp?wbtreeid=1001 → 站内搜索为JS渲染，无结果; so.toutiao.com 检索「田家庵区泰丰大街168号」「""安徽理工大学"" 田家庵区 泰丰大街」→ 仅第三方院校库(gaokao.cn)给出“本部校区泰丰大街168号”，无官方区名",2026-09-12
PROFILE1820_0,4134012814,安徽电子信息职业技术学院,办学地点（档案未命名）,安徽省蚌埠市大学园区曹山路1000号,安徽省,蚌埠市,RESOLVED,—,政府/教育系统官方,https://ggzy.hefei.gov.cn/jyxx/002002/002002001/20260518/a816b0c3-9081-4502-876d-5f7ae88e340b.html?biaoduanguid=37a341c9-458a-4a3b-80a6-7a8173149f1e （全国公共资源交易平台（安徽省·合肥市）安徽电子信息职业技术学院新能源汽车电力电子基础实训室项目公告：命中“蚌埠市龙子湖区曹山路1000号”）,2026-09-12
PROFILE2448_0,4141013504,安阳学院,安阳校区,河南省安阳市中华路南段599号,河南省,安阳市,RESOLVED,—,学校官网,http://www.ayxy.edu.cn/zsxxw/ → 招生信息网页脚「河南省安阳市文峰区中华路南段599号」，命中; http://www.ayxy.edu.cn/jxjyxy/ → 继续教育学院「安阳市文峰区中华路南段599号」，命中; https://www.ayxy.edu.cn/ZZXY/ → 职业教育学院页脚「安阳市文峰区中华路南段599号」，命中; https://www.ayxy.edu.cn/ 首页页脚 → 仅「河南省安阳市中华路599号」，无区名（与前一轮一致）; https://www.ayxy.edu.cn/contents/6/16737.html → 继续教育校外教学点公布，再次写明文峰区中华路南段599号,2026-09-12
PROFILE908_0,4136013424,宜春职业技术学院,校本部,江西省宜春市锦绣大道996号,江西省,宜春市,RESOLVED,—,政府/教育系统官方,http://jyt.jiangxi.gov.cn/jxjyw/jxgdyx/content/content_1853702726657699840.html (curl 成功，含袁州区); https://www.ycvc.jx.cn/ 页脚 (宜春市锦绣大道996号，无区); https://zjy.jxjst.gov.cn/ 考试批次页 (宜春职业技术学院(宜春市锦绣大道996号)，无区); 头条检索「袁州区锦绣大道996号」定位到省教育厅页,2026-09-12
PROFILE1170_0,4132014160,宿迁学院,办学地点（档案未命名）,江苏省宿迁市黄河南路399号,江苏省,宿迁市,RESOLVED,—,政府/教育系统官方,https://jyj.suqian.gov.cn/sjyj/tzgg/202512/95b3eb403e5e4963a5a26425db78af46.shtml (WebFetch 成功，含宿城区); http://www.ccgp.gov.cn/cggg/dfgg/gkzb/202609/t20260909_27292989.htm (上游，仅宿迁市黄河南路399号); 头条检索「黄河南路399号」定位到市教育局公告,2026-09-12
PROFILE534_0,4137011510,山东交通学院,长清校区,山东省济南市长清大学科技园海棠路5001号,山东省,济南市,RESOLVED,—,学校官网,https://zsw.sdjtu.edu.cn/info/1053/5593.htm → 命中正文“山东省济南市长清区海棠路5001号 山东交通学院1号教学楼1A313”; https://zsw.sdjtu.edu.cn/info/1011/6352.htm 及其官方附件xlsx → “山东省济南市长清区海棠路5001号山东交通学院1号教学楼A座313室”（2026年，互证）; https://zsw.sdjtu.edu.cn/ 与 https://www.sdjtu.edu.cn/ → 页脚“长清校区：济南市长清大学科技园海棠路5001号”（无区名）,2026-09-12
PROFILE2139_0,4137012844,山东力明科技职业学院,泰安校区,山东省泰安高新区东天门大街999号,山东省,泰安市,RESOLVED,—,学校官网,http://edu.6789.com.cn/jiuye/shownews.php?id=1492 → 命中“地址：山东省泰安市岱岳区东天门大街999号（泰安校区）”; http://edu.6789.com.cn/jiuye/ → 列表页同文摘录，可互证; 第三方city8地图“山东省泰安市岱岳区东天门大街999号”仅作线索,2026-09-12
PROFILE2148_0,4137013874,山东外事职业大学,威海校区,山东省威海市乳山银滩AAAA旅游度假区,山东省,威海市,RESOLVED,—,学校官网,http://zsb.sdws.edu.cn/lxwm/list.htm → 命中“威海校区地址：乳山市银滩AAAA级旅游度假区长江路788号”; http://zsb.sdws.edu.cn/2019/0617/c405a5287/page.htm → 同一句重复出现; https://www.sdws.edu.cn/25/list.htm → 学校简介“威海校区：山东省威海市乳山银滩AAAA旅游度假区”，无“乳山市”,2026-09-12
PROFILE2123_0,4137013858,山东旅游职业学院,办学地点（档案未命名）,山东省济南市经十东路3556号,山东省,济南市,RESOLVED,—,学校官网,https://sdts.sdbys.com/jobfair/view/id/36904 → 200，双选会邀请函“举办地址：山东省济南市章丘区经十东路3556号山东旅游职业学院”；页脚“地址：济南市经十东路3556号 邮编：250200”; https://www.sdts.net.cn/ （prior_url，校方官网）→ 0 字节 / ECONNRESET 不可达; 山东旅游职业学院其他域名（sdts.edu.cn 等）→ HTTP 000 不可达,2026-09-12
PROFILE2108_0,4137012841,山东服装职业学院,办学地点（档案未命名）,山东省泰安市天烛峰路299号,山东省,泰安市,RESOLVED,—,政府/教育系统官方,http://www.taggzyjy.com.cn/jydt/002007/002007001/20260312/2d3b50cc-a9b6-4de7-971a-3f584859dbd6.html → www 主机证书 altname 不匹配（证书仅含 taggzyjy.com.cn），改走同路径 co 域名; https://taggzyjy.com.cn/jydt/002007/002007001/20260312/2d3b50cc-a9b6-4de7-971a-3f584859dbd6.html → 成功；原文同时含「招标人：山东服装职业学院」与「地址：泰安市泰山区天烛峰路299号」; WebSearch → 本会话搜索额度已用尽（200/200），无法再检索,2026-09-12
PROFILE2133_0,4137013006,山东英才学院,主校区,山东省济南市高新区英才路2号,山东省,济南市,RESOLVED,—,学校官网,https://www.sdycu.edu.cn/yxy/xygk/lxwm.htm → 命中“通讯地址：山东省济南市历城区英才路二号山东英才学院医学院2012办公室”; https://www.sdycu.edu.cn/iyxy/xygk.htm → 页脚“地址：山东省济南高新技术产业开发区英才路2号”（无区名，用于确认同址）; https://www.sdycu.edu.cn/yxy/xygk/zzjg.htm → 组织机构页地址同为高新区英才路2号,2026-09-12
PROFILE275_1,4114010125,山西财经大学,迎泽校区,山西省太原市南内环街135号,山西省,太原市,RESOLVED,—,政府/教育系统官方,https://www.yingze.gov.cn/gsgg/20230313/30026983.html 迎泽区消防救援大队公告：命中第18条『财经大学北校区 迎泽区南内环街135号』; https://www.sxufe.edu.cn/ 官网首页：『迎泽校区：山西省太原市南内环街135号』（门牌一致，无区名）; https://www.sxufe.edu.cn/gywm/xxgk/xxjj.htm 学校简介：同上,2026-09-12
PROFILE880_2,4141010919,平顶山学院,崇文校区,河南省平顶山市新城区崇文路,河南省,平顶山市,RESOLVED,—,学校官网,https://zsxx.pdsu.edu.cn/index.htm → 页脚“河南省平顶山市新华区崇文路（崇文校区）”; https://zsxx.pdsu.edu.cn/info/1059/2763.htm → 同一页脚原文; https://so.toutiao.com/search?keyword=平顶山学院 新华区 崇文路 → 仅 pdsu.edu.cn 系列页面，无区名,2026-09-12
PROFILE880_0,4141010919,平顶山学院,湖滨校区,河南省平顶山市新城区未来路南段,河南省,平顶山市,RESOLVED,—,学校官网,https://zsxx.pdsu.edu.cn/index.htm → 页脚“地址：河南省平顶山市新华区未来路南段（湖滨校区）  河南省平顶山市新华区崇文路（崇文校区）”; https://zsxx.pdsu.edu.cn/info/1059/2763.htm → 同一页脚原文; https://www.pdsu.edu.cn/ → 页脚“河南省平顶山市城乡一体化示范区未来路南段”（功能区）; https://www.pdsu.edu.cn/xxgk/xxjj.htm → “学校坐落在平顶山市新华区白龟湖畔、国鼎山上”,2026-09-12
PROFILE1744_1,4145016205,广西农业职业技术大学,东校区,广西南宁市邕武路24号,广西壮族自治区,南宁市,RESOLVED,—,政府/教育系统官方,https://www.nanning.gov.cn/ggfw/bmfw/jyfw1/ywjy/cycx_53472/t5333993.html — 命中「南宁市兴宁区邕武路24号」，兴宁区与门牌同句; https://www.nanning.gov.cn/ggfw/bmfw/jyfw1/ywjy/cycx_53472/t5269991.html — 同源学校名单页，同样出现兴宁区+邕武路24号; https://www.nanning.gov.cn/zwgk/.../2026年6月消防监督抽查公示.xlsx（f6） — 第346行「广西沐贵农牧有限责任公司|南宁市兴宁区邕武路24号6-1栋2单元6号房」，独立佐证; https://www.gxnzd.edu.cn/ — 官网仅有门牌「邕武路24号(东校区)」，无区名; https://api.so-gov.cn/query/s siteCode=4501000060 qt=邕武路24号 — 命中上述政府页面,2026-09-12
PROFILE1374_1,4145010607,广西艺术学院,相思湖校区,广西壮族自治区南宁市乡塘区罗文大道8号,广西壮族自治区,南宁市,RESOLVED,—,学校官网,https://design.gxau.edu.cn/ → 成功，页脚「相思湖校区地址：广西南宁市西乡塘区罗文大道8号广西艺术学院设计学院」; https://msxy.gxau.edu.cn/ → 页脚「相思湖校区 南宁市罗文大道8号，邮编530007」（无区名）; https://zsb.gxau.edu.cn/upload/zsb/…/广西艺术学院2024级本科新生入学指南.pdf → PDF 为压缩流，未能解出正文; 搜狗搜索 site:gxau.edu.cn → 多条官网页（设计学院、美术学院、招生就业网）一致为「南宁市西乡塘区罗文大道8号」,2026-09-12
PROFILE280_0,4114010124,忻州师范学院,校本部,山西省忻州市顿奇东街1号,山西省,忻州市,RESOLVED,—,政府/教育系统官方,http://www.ccgp.gov.cn/cggg/dfgg/zbgg/202608/t20260812_27116705.htm — HTTP 200，采「购人信息」栏逐字含「地　　址：忻州市忻府区顿奇东街1号」; https://search.ccgp.gov.cn/bxsearch?searchtype=1&page_index=1&kw=忻州师范学院 — 多条结果，多条公告采购人地址一致; https://www.xztu.edu.cn/ — 域名替换后可达，但页面未写出法定区名（仅作旁证）,2026-09-12
PROFILE769_2,4151011116,成都工业学院,花牌坊校区,四川省成都市花牌坊街2号,四川省,成都市,RESOLVED,—,政府/教育系统官方,http://www.ccgp.gov.cn/cggg/dfgg/gkzb/202312/t20231214_21274330.htm → 打开成功，正文含「金牛区花牌坊街2号」（采用）; https://www.cdtu.edu.cn/ → HTTP 412 反爬拦截,2026-09-12
PROFILE232_1,4151010616,成都理工大学,宜宾校区,四川省宜宾市临港经济技术开发区大学城路三段218号,四川省,宜宾市,RESOLVED,—,政府/教育系统官方,http://www.ccgp.gov.cn/cggg/dfgg/qtgg/202310/t20231025_20946029.htm → 打开成功，正文含翠屏区+218号（采用）; https://www.cdut.edu.cn/ → HTTP 412 RiverSecurity 人机校验，无法读取; https://www.so.com/s?q=成都理工大学宜宾校区 地址 翠屏区 → 后期返回访问异常/验证码页，不可用,2026-09-12
PROFILE1177_0,4151011553,成都轻工职业技术大学,犀浦校区,四川省成都市犀浦泰山南街186号,四川省,成都市,RESOLVED,—,学校官网,http://www.ccgp.gov.cn/cggg/dfgg/zbgg/202609/t20260911_27314279.htm — 采购人地址仅「成都市犀浦泰山南街186号」，无区名; http://www.ccgp.gov.cn/cggg/dfgg/cjgg/202609/t20260909_27295773.htm — 同上，无区名; http://www.cdtc.edu.cn/ — 301 跳转至 https://www.cdqg.edu.cn/; https://www.cdqg.edu.cn/ — 页脚仅「犀浦校区：成都市犀浦泰山南街186号」，无区名; https://www.cdqg.edu.cn/xxgk/xxjj.htm — 「学校坐落于…成都，拥有犀浦校区和邛崃产教园区」，无区名; https://www.cdqg.edu.cn/xxgk/xxzc.htm — 学校章程：只有校区地址行，无「郫都区」; https://www.cdqg.edu.cn/info/1042/42875.htm — 命中：「犀浦校区坐落在成都市郫都区犀浦」; https://www.cdtc.edu.cn/kjfw/kyjg1.htm — 命中：「地址：四川省成都市郫都区犀浦泰山南街186号」（已逐字复核）,2026-09-12
PROFILE1333_1,4165010995,新疆农业职业技术大学,乌鲁木齐校区,新疆维吾尔自治区乌鲁木齐市喀什东路792号,新疆维吾尔自治区,乌鲁木齐市,RESOLVED,—,政府/教育系统官方,http://www.xjnzy.edu.cn/ → https 443 ECONNREFUSED，http 仅返回 615 字节跳转页，无法读取; https://www.bing.com/search?q=新疆农业职业技术大学 喀什东路792号 → 返回与查询无关的结果（Bing 中文检索退化）; https://wap.sogou.com/web/searchList.jsp?keyword=新市区 喀什东路792号 → 命中乌鲁木齐市政府『2024年2月乌鲁木齐市不动产首次登记项目名单』（www.wlmq.gov.cn）; http://www.wlmq.gov.cn/wlmqs/c120458/202403/14d2b986930a46e29dc4982e6d233559.shtml → 200，已逐字核对原文（含第5行本条记录）; http://www.gaokao.cn / 掌上高考、百度百科 → 第三方，仅用于发现线索，未作判据,2026-09-12
PROFILE1392_0,4165013562,新疆建设职业技术学院,建工校区,乌鲁木齐市西八家户路528号,新疆维吾尔自治区,乌鲁木齐市,RESOLVED,—,学校官网,https://www.sogou.com/web?query=新疆建设职业技术学院 西八家户路528号 → 命中校方多页面与教育厅页面; http://www.xjjsxy.net/ → 200，页脚仅三校区地址无区名（建工校区西八家户路528号/城建校区杭州西街272号/建材校区河滩北路863号）; http://www.xjjsxy.net/xygk/xyjj1.htm（学院简介）→ 200，无区名; http://www.xjjsxy.net/tzgg1.htm、/xxgk.htm → 200，无区名; http://www.xjjsxy.net/info/1050/1788.htm（2024招聘公告）→ 200，命中门牌级区名证据; http://dwxcxxzx.xjjsxy.net/info/1036/1519.htm、http://jxjy.xjjsxy.net/info/1023/1236.htm、http://zjb.xjjsxy.net/info/1025/1212.htm → 200，均为门牌级区名证据; http://www.xjjsxy.net/ssjgy.jsp?wbtreeid=1001（站内博达搜索）→ POST 返回“找不到相符的新闻”; https://jyt.xinjiang.gov.cn/ → 200，仅链接至 www.xjjsxy.net，无地址; 腾讯地图/360地图 POI → 第三方，仅线索,2026-09-12
PROFILE2486_1,4165014138,新疆职业大学,友好路校区,新疆乌鲁木齐市友好南路413号,新疆维吾尔自治区,乌鲁木齐市,RESOLVED,—,学校官网,https://www.xjvu.edu.cn/ → 200，页脚仅达坂城校区地址，非本条友好路校区; https://www.xjvu.edu.cn/zjb、/zjb/index.htm 及子页 info/1051/*.htm → 200，未出现区名; https://so.toutiao.com/search?keyword=友好南路413号 沙依巴克区 → 命中校方 xjvu.edu.cn 继续教育学院页面; https://www.xjvu.edu.cn/jxjy/ → 200（栏目页无地址），顺链至 /jxjy/xyjs.htm; https://www.xjvu.edu.cn/jxjy/xyjs.htm → 200，逐字核对命中门牌级区名证据; 腾讯地图 POI、评价网、掌上高考 → 沙依巴克区（第三方，仅线索）,2026-09-12
PROFILE1589_0,4132012702,无锡商业职业技术学院,九龙校区,江苏省无锡市钱胡路809号,江苏省,无锡市,RESOLVED,—,政府/教育系统官方,https://jshrss.jiangsu.gov.cn/art/2024/3/7/art_78506_11169332.html (WebFetch 成功，含惠山区); https://www.wxic.edu.cn/ 与 https://zz.wxic.edu.cn/ 页脚 (无锡市钱胡路809号，无区); https://m.city8.com/wuxi/education/8c3ust79c5ljbfa01e (写滨湖区，第三方，与政府源冲突，不采); https://www.jxhrss/offcn 2022/1104/554201.html (第三方转载同句，仅线索),2026-09-12
PROFILE1191_0,4132012681,无锡科技职业学院,办学地点（档案未命名）,江苏省无锡市新锡路8号,江苏省,无锡市,RESOLVED,—,学校官网,http://www.wxstc.cn/info/1011/10657.htm (curl 成功，建设地点：新吴区新锡路8号); https://www.wxstc.cn/ 首页页脚 (无锡市新锡路8号，无区); https://www.offcn.com/jiaoshi/2022/1010/550689.html (转引无锡市人社局「位于无锡市新吴区新锡路8号」，第三方；其标注原文 hrss.wuxi.gov.cn/doc/2022/10/09/3767638.shtml 已 404); https://www.wxstc.cn/info/1011/4371.htm (工程地点:无锡新区新锡路…，功能区名),2026-09-12
PROFILE1336_0,4137012062,日照职业技术大学,卧龙山校区,山东省日照市烟台北路16号,山东省,日照市,RESOLVED,—,政府/教育系统官方,http://ggzyjy.rizhao.gov.cn/rzwz/jyxx/004002/004002004/20241112/a89961e5-7ada-4b7c-bcd8-21faad2f94ec.html → 200，成交公示原文含“供应商地址：日照市东港区烟台北路16号图文信息楼”及采购人地址“日照市东港区烟台北路16号”; http://gotorzu.rzpt.cn/zszc1.htm （prior_url）→ 200，招生章程仅写“山东省日照市烟台北路16号”，无区名; 日照职业技术学院官网校区介绍页 → 地址仅至市+路，无区名,2026-09-12
PROFILE183_1,4136010408,景德镇陶瓷大学,湘湖校区,江西省景德镇市湘湖路99号,江西省,景德镇市,RESOLVED,—,学校官网,https://www.jcu.edu.cn/ 官网首页：JS 空壳，仅「景德镇陶瓷大学官方网站 中文/English」，无地址文本 → 失败; https://jjjc.jci.edu.cn/ 景德镇陶瓷大学纪检监察机关官网页脚：命中「来信请寄：江西省景德镇市浮梁县湘湖镇湘湖路99号…来访请至：景德镇陶瓷大学湘湖校区行政楼107信访接待室」及「地址：江西省景德镇市浮梁县景德镇陶瓷大学湘湖校区行政楼503室」; so.toutiao.com 检索「湘湖路99号 浮梁县」定位到上述校纪委页面; 浮梁县人民政府（flxdi.gov.cn 等）相关检索未出现该门牌的直接表述,2026-09-12
PROFILE252_0,4133010346,杭州师范大学,仓前校区,浙江省杭州市余杭塘路2318号,浙江省,杭州市,RESOLVED,—,学校官网,https://www.hznu.edu.cn/ → HTTP 200，页脚「地址：浙江省杭州市余杭塘路2318号」，无区名; http://undergrad.hznu.edu.cn/ → HTTP 200，命中「余杭区仓前街道余杭塘路2318号」✓,2026-09-12
PROFILE159_0,4133010336,杭州电子科技大学,下沙校区,浙江省杭州市杭州经济开发区白杨街道2号大街1158号,浙江省,杭州市,RESOLVED,—,学校官网,https://www.hdu.edu.cn/ — 首页：仅校区名，无任何地址句; https://zhaosheng.hdu.edu.cn/ — 招生网页脚：杭州下沙高教园区二号大街（无区）; https://zhaosheng.hdu.edu.cn/art.php?aid=2452 — 2026招生章程正文为图片，取不到文字; https://xxgk.hdu.edu.cn/ — 信息公开页脚：地址：杭州市杭州经济开发区白杨街道2号大街1158号（功能区，无钱塘区）; https://cgzx.hdu.edu.cn/2026/0831/c13049a299851/page.htm — 采购公告：采购人地址 杭州钱塘区高教园区2号大街 ← 采用,2026-09-12
PROFILE815_2,4142011654,武汉商学院,马影河校区,湖北省武汉经开区周家河北路以北、育文路两侧、育源路以南,湖北省,武汉市,RESOLVED,—,政府/教育系统官方,https://ggzyfw.wuhan.gov.cn/whggzy/jygkjt/969286.jhtml (建设地址 汉南区育源路以南、育文路两侧 — 采纳依据); https://ggzyfw.wuhan.gov.cn/whggzy/jygkjt/967418.jhtml (二期工程勘察服务，建设地址同上); https://landchina.mnr.gov.cn/land/jggg/hbgd1/202502/t20250206_9244097.htm (三期工程 行政区 汉南区、项目位置 汉南区周家河北路以北、育仁路以东、土地使用权人 武汉商学院); http://whkf.zrzyhgh.wuhan.gov.cn/pc-1651-339095.html (经开汉南土地成交结果，汉南区教育用地); https://www.whkfq.gov.cn/xwzx/yw/kfqyw/qnxw/202207/t20220729_2014964.html (武汉商学院马影河校区位于汉南马影河畔),2026-09-12
PROFILE170_0,4132010299,江苏大学,校本部,江苏省镇江市学府路301号,江苏省,镇江市,RESOLVED,—,学校官网,https://oec.ujs.edu.cn/ → “江苏大学海外教育学院 江苏省镇江市京口区学府路301号 邮编：212013”; https://www.ujs.edu.cn/ → 页脚仅“地 址：江苏省镇江市学府路301号 邮 编：212013”（无区）; https://ltzx.ujs.edu.cn/ 、江苏大学机械工程学院页面 → 前者无命中，后者含“京口区学府路301号”; 头条检索“江苏大学 京口区学府路301号 通讯地址”“京口区学府路301号” → 多个校属页面命中京口区学府路301号,2026-09-12
PROFILE167_0,4132010320,江苏师范大学,泉山校区,江苏省徐州市铜山新区上海路101号,江苏省,徐州市,RESOLVED,—,学校官网,WebSearch（本 session 预算 200/200 已耗尽，无法再用）; https://www.jsnu.edu.cn/ → connect ECONNREFUSED 202.195.64.105:443；http:// 亦 000; http://welcome.jsnu.edu.cn/ → 200，逐字「泉山校区：江苏省徐州市铜山新区上海路101号」; http://jwc.jsnu.edu.cn/ → 200，逐字「地址：江苏省徐州市铜山区上海路101号 邮政编码：221116」; http://tyxy.jsnu.edu.cn/ → 200，页脚同「江苏省徐州市铜山区上海路101号」; http://bio.jsnu.edu.cn/ → 200，逐字「地址：江苏省徐州市铜山区上海路101号 邮编：116」; http://www.jsnu.edu.cn/（http）→ 200，页脚仍用「铜山新区」; 搜索引擎：sogou（1 次成功即触发 antispider）、cn.bing/duckduckgo/baidu/360/yandex/brave/ecosia 全部验证码或空结果; https://r.jina.ai/... → 000 不可达,2026-09-12
PROFILE957_0,4136012766,江西工程学院,天工校区,江西省新余市天工南大道1688号,江西省,新余市,RESOLVED,—,学校官网,https://www.jxue.edu.cn/2023/0612/c20a1356/page.htm (curl 成功，含渝水区天工南大道 1688 号); https://www.jxue.edu.cn/ 与 https://jwc.jxue.edu.cn/ 、https://jxjy.jxue.edu.cn/ 页脚 (天工校区：江西省新余市天工南大道1688号，无区); http://jyt.jiangxi.gov.cn/jxjyw/jxgdyx/content/content_1853706790346878976.html (江西省教育厅，三校区地址，无区); 头条检索「渝水区天工南大道1688号」定位到校方通知,2026-09-12
PROFILE174_1,4136010414,江西师范大学,青山湖校区（科学技术学院）,江西省南昌市北京西路437号,江西省,南昌市,RESOLVED,—,学校官网,https://www.jxnu.edu.cn/ → 200，仅市级地址（上一轮已试）; https://zcyhqglc.jxnu.edu.cn/ → 200，「［青山湖校区］江西省南昌市北京西路437号 邮政编码：330027」，无区名; https://jxnusp.jxnu.edu.cn/ → 200，命中「江西省南昌市东湖区北京西路437号」，accept 依据; https://www.sogou.com/web?query=... → 首查成功，随后触发 antispider(302),2026-09-12
PROFILE955_1,4136013427,江西建设职业技术学院,红谷滩校区,江西省南昌市昌北庐山南大道1659号,江西省,南昌市,RESOLVED,—,学校官网,https://www.jxjsxy.edu.cn/ → 200，页脚仅「南昌小蓝经济开发区汇仁大道999号(象湖校区)」，无红谷滩信息（上一轮结论一致）; https://zsw.jxjsxy.edu.cn/news-show-486806082484572160.html → 200，2026年招生章程命中 accept 依据; https://zsw.jxjsxy.edu.cn/news-show-486806080471306240.html → 200，2025年招生章程同条佐证; Toutiao 搜索「庐山南大道1659号」→ 仅城市吧(第三方)给出红谷滩区，未作为判据,2026-09-12
PROFILE54_1,4113010075,河北大学,七一路校区,河北省保定市七一东路 2666 号,河北省,保定市,RESOLVED,—,学校官网,https://manage.hbu.edu.cn/szdw/xs/gsglx.htm (curl 成功，含莲池区七一东路2666号); https://www.hbu.edu.cn/xxgk/xxjj.htm 页脚 (七一路校区：河北省保定市七一东路2666号，无区); https://jdjyw.jlu.edu.cn/mportal/company/details?id=9258 (河北大学莲池区，但仅单位级地址，未绑定校区); 头条检索「莲池区七一东路2666号」定位到管理學院页,2026-09-12
PROFILE757_1,4113012408,河北政法职业学院,五七路校区（老校区）,河北省学府支路（原五七路）21号,河北省,石家庄市,RESOLVED,—,学校官网,https://www.helc.edu.cn/xygk1/xyjj.htm → 命中上述整句（逐字，本轮复抓复核通过）,2026-09-12
PROFILE717_0,4113012352,河北软件职业技术学院,校本部,河北省保定市东风东路999号,河北省,保定市,RESOLVED,—,学校官网,https://www.hbsi.edu.cn/ → 200，页脚「地址:河北省保定市东风东路999号」，无区名; https://www.hbsi.edu.cn/info/1004/6164.htm（公开招标公告）→ 200，「采购人…地址：保定市东风东路999号」，无区名; https://zs.hbsi.edu.cn/ → 200，招生网联系方式「地址:河北省保定市莲池区东风东路999号」，accept 依据; https://www.hbsi.edu.cn/ssjgy.jsp 站内搜索「莲池区」→ 0 结果（索引未覆盖）,2026-09-12
PROFILE873_0,4141010471,河南中医药大学,龙子湖校区,河南省郑州市郑东新区金水东路156号,河南省,郑州市,RESOLVED,—,政府/教育系统官方,http://search.ccgp.gov.cn/bxsearch?kw=河南中医药大学&timeType=5 — 命中 40 条，读取 22 条; http://www.ccgp.gov.cn/cggg/dfgg/gkzb/202608/t20260831_27232969.htm — 采购单位地址=郑州市金水区金水东路156号（采用）; http://search.ccgp.gov.cn/bxsearch?kw=龙子湖&timeType=5 — 复现“河南省郑州市郑东新区金水东路156号”写法; https://www.hactcm.edu.cn/ 系站（上一轮）— 只写郑东新区金水路156号,2026-09-12
PROFILE1940_0,4141013936,河南工业贸易职业学院,龙湖校区,河南省郑州市新郑龙湖大学城祥云路76号,河南省,郑州市,RESOLVED,—,政府/教育系统官方,http://search.ccgp.gov.cn/bxsearch?kw=河南工业贸易职业学院&timeType=5 — 命中 20 条; http://www.ccgp.gov.cn/cggg/dfgg/cjgg/202609/t20260901_27247733.htm — 采购单位地址=郑州市新郑市龙湖镇祥云路76号（采用）; http://www.ccgp.gov.cn/cggg/dfgg/jzxcs/202609/t20260908_27285691.htm — 地址：河南省新郑市龙湖镇祥云路76号（互证）; https://so.toutiao.com/search?keyword=新郑市龙湖镇祥云路76号 — 校方招生处页写“新郑龙湖大学城祥云路76号”（无“市”字，未采用）,2026-09-12
PROFILE3073_0,4141010469,河南牧业经济学院,龙子湖校区,河南省郑州市郑东新区龙子湖北路6号,河南省,郑州市,RESOLVED,—,政府/教育系统官方,http://search.ccgp.gov.cn/bxsearch?kw=河南牧业经济学院&timeType=5 — 命中 13 条; http://www.ccgp.gov.cn/cggg/dfgg/jzxcs/202609/t20260903_27258671.htm — 采购单位地址=郑州市金水区龙子湖北路6号（采用）; http://www.ccgp.gov.cn/cggg/dfgg/jzxcs/202609/t20260903_27258643.htm — 龙子湖校区项目，地址写郑州市郑东新区龙子湖北路6号（用于确认校区归属）; https://www.hnuahe.edu.cn/（上一轮）— 页脚仅“郑东新区龙子湖北路6号”,2026-09-12
PROFILE502_0,4162010740,河西学院,校本部,甘肃省张掖市环城北路846号,甘肃省,张掖市,RESOLVED,—,学校官网,https://www.hxu.edu.cn/ → 页脚「地址：甘肃省张掖市甘州区北环路846号」（路名「北环路」与本记录不一致，未采用）; https://www.hxu.edu.cn/xygk/xxjj.htm 、 /xygk.htm 、 /zsw.htm 、 /xxgk.htm → 404；xxgk.hxu.edu.cn → DNS 失败; https://zsw.hxu.edu.cn/ → 「通讯地址：甘肃张掖环城北路846号 邮编：734000」（路名一致但无区名）; https://cgzb.hxu.edu.cn/hwcggg/index.chtml → 采购公告列表（已枚举首 15 条）; https://cgzb.hxu.edu.cn/hwcggg/2008.chtml → 成功；采购人（河西学院）信息栏「张掖市甘州区新墩镇环城北路846号」; WebSearch → 额度已用尽,2026-09-12
PROFILE241_1,4133010345,浙江师范大学,杭州校区,浙江省杭州市萧山高教园区耕文路1108号,浙江省,杭州市,RESOLVED,—,学校官网,https://www.zjnu.edu.cn/ — 页脚仅金华市迎宾大道688号，无杭州校区; https://www.zjnu.edu.cn/3999/list.htm — 仅金华市迎宾大道688号; https://hq.zjnu.edu.cn/ — DNS 不存在; https://hzxq.zjnu.edu.cn/ — 杭州校区管委会：萧山校区地址 + 西湖校区地址 ← 采用,2026-09-12
PROFILE1765_1,4133016207,浙江药科职业大学,鄞州校区,浙江省宁波市鄞县大道东段888号,浙江省,宁波市,RESOLVED,—,学校官网,https://www.zjpu.edu.cn/ → HTTP 200，首页无地址正文，无区名; https://zs.zjpc.net.cn/ 及 /lxwm.htm → HTTP 200，页脚仅「浙江省宁波市奉化区四明路666号」（奉化校区），不指向本条; https://zs.zjpc.net.cn/bkzn/zsjz.htm → HTTP 200，命中「鄞州校区：宁波市鄞州区鄞县大道东段888号」✓; https://zs.zjpc.net.cn/bkzn/zszc.htm → HTTP 200，仅页脚奉化校区地址,2026-09-12
PROFILE2388_2,4133013284,温州医科大学仁济学院,茶山校区,浙江省温州市茶山高教园区,浙江省,温州市,RESOLVED,—,学校官网,https://www.wmu.edu.cn/ 、/xqzl/xywz.htm 、/xqzl/xxgk.htm — 仅「温州茶山高教园区」，无瓯海区; https://zhaosheng.wmu.edu.cn/ 、/zszc.htm 、/info/3159/17412.htm — 温医大2026章程：茶山校区：温州市瓯海区茶山街道高教园区；学院路校区…；滨海校区：温州市洞头区北岙街道海韵大道669号; https://rjxy.wmu.edu.cn/ — 页脚：学院地址：浙江省温州市茶山高教园区; https://rjxy.wmu.edu.cn/info/1029/236081.htm — 仁济学院2026年普通高校招生章程：茶山校区：温州市瓯海区茶山街道高教园区 ← 采用; https://rjxy.wmu.edu.cn/xxfw/lxwm.htm 、/xygk/xyjj.htm — 仅茶山高教园区,2026-09-12
PROFILE1982_0,4142014119,湖北科技职业学院,关山校区,湖北省武汉市东湖高新技术开发区软件园路2号,湖北省,武汉市,RESOLVED,—,政府/教育系统官方,https://www.ccgp-hubei.gov.cn/contract/202305/contract_2c9080bc880a03c701880ebb88452b7f.html (采购人 湖北开放大学 地 址：湖北省武汉市洪山区软件园路2号 — 采纳依据); http://www.ccgp-hubei.gov.cn/notice/202306/notice_1117c47efb294c3eb21ee387b9ebac75.html (供应商名称：湖北开放大学（湖北科技职业学院）；含软件园路2号/洪山区民族大道26号 — 身份桥); https://www.hubstc.edu.cn/xxgk/xxzc.htm (校章：关山校区 东湖新技术开发区软件园路2号；鲁巷校区 洪山区民族大道26号); https://so.toutiao.com/search?keyword=湖北科技职业学院+软件园路2号+洪山区+划拨,2026-09-12
PROFILE2523_2,4153013326,滇池学院,阳宗海校区,云南省昆明市阳宗海风景名胜区汤池街道,云南省,昆明市,RESOLVED,—,政府/教育系统官方,http://sft.yn.gov.cn/tzgg/378112.jhtml（云南省司法厅《云南省阳宗海保护条例（修订草案）》公开征求意见，逐字划分汤池街道/七甸街道/阳宗镇归属 ← 采纳证据）; http://yzh.km.gov.cn/c/2025-05-12/7006355.shtml 与 http://yzh.km.gov.cn/c/2026-06-22/7156155.shtml（阳宗海管委会民办学校督导公示，无校区地址）; https://www.dcc.edu.cn/ 与 https://www.dcc.edu.cn/news/article/202609/1789119252300/（滇池学院官网及阳宗海校区电梯采购公告，均无门牌地址）,2026-09-12
PROFILE2103_1,4137012391,潍坊职业学院,奎文校区,山东省潍坊市东风东街8029号,山东省,潍坊市,RESOLVED,—,学校官网,"http://txc.sdwfvc.com/index.htm → 命中，“奎文校址：山东省潍坊市奎文区东风东街8029号”; http://www.sdwfvc.com/ → 页脚“奎文校址：山东省潍坊市东风东街8029号”，无区名; http://bgs.sdwfvc.com/、https://www.sdwfvc.com/xygk/xyjj.htm → 无区名; so.toutiao.com 检索「""东风东街8029号""」→ 发现 txc.sdwfvc.com 与 www.sdwfvc.com 两条含该门牌的官方页",2026-09-12
PROFILE1923_0,4141011522,焦作大学,南校区,河南省焦作市人民路3066号,河南省,焦作市,RESOLVED,—,学校官网,https://www.jzu.edu.cn/ — 官网首页页脚「地址：河南省焦作市人民路3066号 邮编：454000」，无区名; https://www.jzu.edu.cn/xxgk/xxjs1.htm — 学校介绍，仅页脚地址，无区名; https://www.jzu.edu.cn/xxgk.htm — 学校概况，仅页脚地址，无区名; http://gzc.jzu.edu.cn/list.jsp?urltype=tree.TreeTempUrl&wbtreeid=1012 — 采购公告列表，标题含南/北校区但无区名; https://jy.jzu.edu.cn/module/school_profile/nid-7123 — 就业创业信息网学校概况，命中：所在城市「河南省-焦作市-山阳区」+详细地址「河南省焦作市人民路3066号」（采纳）; https://so.toutiao.com/search?keyword=焦作大学 人民路3066号 山阳区&pd=synthesis — 结果显示 jy.jzu.edu.cn 该页含「河南省-焦作市-山阳区」; https://so.toutiao.com/search?keyword=焦作大学 南校区 北校区 地址&pd=synthesis&dvpf=pc — 确认南校区=人民路3066号、北校区=工业路458号; http://search.ccgp.gov.cn/bxsearch?...kw=雪枫西路/杜诗路… — 中国政府采购网检索接口不可用（日期被强制为当日，返回0条）,2026-09-12
PROFILE1608_0,4122013743,白城医学高等专科学校,办学地点（档案未命名）,吉林省白城市棉纺路27号,吉林省,白城市,RESOLVED,—,学校官网,https://www.bcmc.edu.cn/ 与 /xxgk/xxjj.htm 、/xxgk/dxzc.htm（大学章程『白城市棉纺路27号』）— 200，均无区名; http://www.bcmc.edu.cn/xzc/ （资产采购）— 页脚『吉林省白城市经济开发区棉纺路27号』，为功能区，不采用; http://www.bcmc.edu.cn/xzs/ 与 http://www.bcmc.edu.cn/xzs/info/1003/2081.htm — 200，命中『吉林省白城市洮北区棉纺路 27号』（采用）; http://www.bcmc.edu.cn/hqx/ — 页脚『吉林省白城市棉纺路27号』，无区名,2026-09-12
PROFILE2415_0,4134014203,皖江工学院,霍里山校区,安徽省马鞍山市霍里山大道333号,安徽省,马鞍山市,RESOLVED,—,学校官网,http://jy.wjut.edu.cn/zhao-sheng-zhuan-ti/zhao-sheng-kuai-xun/pageinfo1000010000028394.html — 命中「迁往地址：安徽省马鞍山市雨山区霍里山大道333号 皖江工学院」; https://www.wjut.edu.cn/ — 学校官网页脚：霍里山校区：安徽省马鞍山市霍里山大道333号（无区名）; https://www.wjut.edu.cn/ 招标公告页 — 地址 安徽省马鞍山市霍里山大道333号 皖江工学院 明德楼113室（无区名）,2026-09-12
PROFILE154_0,4132010305,盐城工学院,希望大道校区,江苏省盐城市希望大道中路1号,江苏省,盐城市,RESOLVED,—,学校官网,https://xinxi.ycit.edu.cn/index.htm (curl 成功，含亭湖区希望大道中路1号); https://auto.ycit.edu.cn/ (江苏省盐城市亭湖区希望大道中路1号); https://www.ycit.edu.cn/index.htm 页脚 (希望大道校区…希望大道中路1号，无区); https://www.offcn.com/zhaojing/2022/1125/129109.html (盐城市检察院考点公告转载：亭湖区希望大道中路1号，第三方；原文为微信公众号，已无法读取),2026-09-12
PROFILE1020_1,4135010392,福建医科大学,乌山校区,福建省福州市交通路88号,福建省,福州市,RESOLVED,—,学校官网,https://www.fjmu.edu.cn/ → HTTP 200，提取到学校简介、学校章程等栏目链接; https://www.fjmu.edu.cn/9/list.htm → HTTP 200，页脚「乌山校区：福建省福州市交通路88号（350004）」，无区名; https://www.fjmu.edu.cn/xxzc/list.htm → HTTP 200，命中「学校法定注册地址为福建省福州市台江区交通路88号，设乌山校区和旗山校区」✓,2026-09-12
PROFILE1369_0,4137012441,聊城职业技术学院,南校区,山东省聊城市花园北路133号,山东省,聊城市,RESOLVED,—,学校官网,https://www.lcvtc.edu.cn/info/1050/18815.htm → 200，资格审查通知“聊城职业技术学院（南校区）办公楼203房间（聊城市东昌府区花园北路133号）”。; https://www.lcvtc.edu.cn/ 校区/联系方式页 → 仅写“聊城市花园北路133号”，无区名; 聊城市人民政府网、东昌府区政府网站内检索 → 未取到含本条地址的独立政府原文（未影响结论，校方官网为阶梯①来源）,2026-09-12
PROFILE1388_0,4132012688,苏州卫生职业技术学院,石湖校区,江苏省苏州市国际教育园北区科华路28号,江苏省,苏州市,RESOLVED,—,政府/教育系统官方,"http://www.snd.gov.cn/hqqrmzf/gtgl/202405/f8ba73f53995443ab4a6012a32efc69d.shtml｜虎丘区政府网《用地预审与选址意见书（卫校石湖校区宿舍）》，附件图片含""苏州市虎丘区科华路28号苏州卫生职业技术学院石湖校区内""（决定性证据）; https://www.szhct.edu.cn｜校方《校区地图》：""石湖校区——苏州国际教育园北区科华路28号""（功能区式，用于确认同一校区）; http://www.snd.gov.cn/hqqrmzf/dazhuanyx/201506/79a5ce2d7e594e709ce8ee961a2fe8b0.shtml｜虎丘区政府""大专院校""便民一览表，列""苏州卫生职业技术学院 公办 苏州国际教育园北区科华路28号""（区名未与门牌同句）; http://www.snd.gov.cn/hqqrmzf/ggl/202507/bab2c651df0c40bca1fc80ce44add843.shtml｜虎丘区规划分局《高新区（虎丘区）建设项目规划方案公示（苏州卫生职业技术学院石湖校区学生宿舍项目）》（辅助桥接）; http://www.snd.gov.cn/search5/search/s?siteCode=3205050028｜关键词""科华路""""石湖校区""（14条）检索",2026-09-12
PROFILE163_2,4132010332,苏州科技大学,天平校区,江苏省苏州市高新区长江路55号,江苏省,苏州市,RESOLVED,—,学校官网,"https://zsb.usts.edu.cn/news/News_View.asp?NewsID=317｜2026年全日制普通本科招生章程，""天平校区坐落于苏州高新区（虎丘区）长江路55号""（决定性证据，2026-09-12 复核仍可访问）; http://www.snd.gov.cn/hqqrmzf/gxqywgz/202601/f1da651b771947188a168e2522e5ec07.shtml｜虎丘区政府《关于苏州科技大学新建学生宿舍项目石湖校区项目的公示》：""建设地点：苏州市虎丘区学府路99号石湖校区内""（同校佐证）; https://www.usts.edu.cn/17398/list.htm 及校区介绍页｜页脚""地址：江苏省苏州市虎丘区学府路99号""（注册地佐证）",2026-09-12
PROFILE274_1,4151010632,西南医科大学,忠山校区,四川省泸州市忠山路3段319号,四川省,泸州市,RESOLVED,—,学校官网,https://www.swmu.edu.cn/ — 页脚仅「（忠山校区）泸州市忠山路3段319号」「（城北校区）泸州市龙马潭区香林路1段1号」，忠山校区无区名; https://www.swmu.edu.cn/xqzl/dxzc.htm — 大学章程：第三条仅「忠山校区地址（法定注册地址）：四川省泸州市忠山路3段319号」，无「江阳区」; https://www.ahswmu.cn/ — 附属医院官网，地址「泸州市太平街25号」，无区名; http://search.ccgp.gov.cn/bxsearch?searchtype=1&page_index=1&kw=西南医科大学&timeType=5 — 仅附属医院/附属医院招标，均无校区地址; http://www.swmu.edu.cn/info/1078/37911.htm — 命中：「位于泸州市江阳区忠山路三段319号校内建筑」（已 WebFetch 逐字复核）,2026-09-12
PROFILE231_0,4151010656,西南民族大学,武侯校区,四川省成都市一环路南四段16号,四川省,成都市,RESOLVED,—,政府/教育系统官方,http://www.ccgp.gov.cn/cggg/dfgg/jzxcs/202501/t20250126_24126391.htm → 打开成功，正文含「武侯区一环路南四段16号」（采用）; https://www.swun.edu.cn/ → HTTP 412 反爬拦截,2026-09-12
PROFILE57_1,4161010701,西安电子科技大学,雁塔校区,陕西省西安市太白南路2号,陕西省,西安市,RESOLVED,—,学校官网,https://zsb.xidian.edu.cn/info/1009/6683.htm 本科招生章程：『雁塔校区地址为陕西省西安市太白南路2号』，无区名; https://www.xidian.edu.cn/info/1074/2965.htm 走进西电：『雁塔校区地址：陕西省西安市太白南路2号』，无区名; 站内 BFS 抓取 www.xidian.edu.cn 30 页 + zsb.xidian.edu.cn 30 页检索『雁塔区』零命中; https://www.ccgp.gov.cn/cggg/zygg/cjgg/202606/t20260623_26799943.htm 西电雁塔校区管网改造成交公告：采购单位地址写的是长安区西沣路兴隆段266号（另一校区，不采用）; https://www.xidian.edu.cn/xxgk/xxjj1.htm 学校章程 命中,2026-09-12
PROFILE493_1,4141010480,许昌学院,兴华路校区,河南省许昌市兴华路2111号,河南省,许昌市,RESOLVED,—,学校官网,https://www.sogou.com/link?url=hedJjaC291M_WTkWcaZApqy8bsQN8bNn9_tbd3nFGb3aID2GDo5i77wfeHNvomoV → 跳转解析得真实 URL; https://www.xcu.edu.cn/info/1121/26885.htm → 正文含「许昌市魏都区兴华路2111号」原文，命中,2026-09-12
PROFILE786_2,4121010147,辽宁工程技术大学,阜新校区玉龙校园,辽宁省阜新市玉龙路88号,辽宁省,阜新市,RESOLVED,—,学校官网,https://www.lntu.edu.cn/ 首页：仅阜新校区『中华路47号』与葫芦岛校区，无玉龙路88号; 站内 BFS 抓取 www.lntu.edu.cn 35 页检索『玉龙路88号』零命中；检索『细河区/玉龙路』仅命中人事简历噪声; https://yjsy.lntu.edu.cn/info/1132/3738.htm 研究生招生：『通信地址：辽宁省阜新市细河区中华路47号』（对应另一校园，不采用）; https://jycyfww.lntu.edu.cn/ 命中,2026-09-12
PROFILE1692_0,4121012900,辽宁石化职业技术学院,古塔校区,辽宁省锦州市北京路二段四号,辽宁省,锦州市,RESOLVED,—,学校官网,https://www.lnpc.edu.cn/ 首页：『古塔校区 辽宁省锦州市北京路二段四号』，仅此不含区名; 站内 BFS 抓取 www.lnpc.edu.cn 30 页 → http://www.lnpc.edu.cn/zs/ 与 http://www.lnpc.edu.cn/tyjxb/ 命中,2026-09-12
PROFILE1067_0,4121011430,辽宁科技学院,办学地点（档案未命名）,辽宁省本溪市高新技术产业开发区香槐路176号,辽宁省,本溪市,RESOLVED,—,学校官网,https://www.lnist.edu.cn/xxgk/xxzc.htm（已打开，逐字命中『第三条 学校法定住所地为中国辽宁省本溪市溪湖区石桥子街道香槐路176号。』）,2026-09-12
PROFILE2203_0,4132011050,连云港职业技术学院,办学地点（档案未命名）,江苏省连云港市晨光路2号,江苏省,连云港市,RESOLVED,—,学校官网,https://www.lygtc.edu.cn/ → 200，首页页脚只写「地址：江苏省连云港市晨光路2号 邮编：222000」（无法定区）; http://www.lygtc.edu.cn/xb → 200，逐字「地址：连云港市海州区晨光路2号 邮政编码：222006」; 站内爬取 120 页检索「海州」→ 命中多个学院页脚（jzgcxy/sxzzjxb/xb 等）写「连云港市海州区晨光路2号」; 站内爬取检索「晨光路」→ 另有旧页脚写「连云港市新浦区晨光路2号」（历史区名，未采用）; http://www.lyg.gov.cn/（http）→ 200；其 /TrueCMS/searchController/getResult.do 站内搜索 → 404，未取得结果页; https://so.toutiao.com/search?keyword=连云港职业技术学院 晨光路2号 → 200，仅返回校方首页与百科，无地址细节,2026-09-12
PROFILE340_0,4134010383,铜陵学院,翠湖校区,安徽省铜陵市翠湖四路1335号,安徽省,铜陵市,RESOLVED,—,政府/教育系统官方,https://www.tl.gov.cn/openness/OpennessContent/show/1159601.html （铜陵市人民政府信息公开网 铜陵学院家具采购第3包招标公告：命中“铜官区翠湖四路1335号”）,2026-09-12
PROFILE340_1,4134010383,铜陵学院,育秀校区,安徽省铜陵市北京中路297号,安徽省,铜陵市,RESOLVED,—,政府/教育系统官方,"https://fzggw.ah.gov.cn/public/7011/150477361.html — 命中「铜官区北京中路297号铜陵学院育秀校区内」; https://www.tlu.edu.cn/ — 学校官网首页无区名，页脚未出铜官区; https://zsb.tlu.edu.cn/ — 招生网页脚：学校地址：安徽省铜陵市北京中路297号,安徽省铜陵市翠湖四路东段（无区名）",2026-09-12
PROFILE2347_1,4121013213,锦州医科大学医疗学院,滨海校区,辽宁省锦州市经济技术开发区辽东大街10号,辽宁省,锦州市,RESOLVED,—,学校官网,https://www.jymu.edu.cn/?list_37/1478.html（人才招聘启事）→ curl -k 200，逐字读到「通信地址：辽宁省锦州市太和区（天桥街道）辽东大街 10号 锦州医科大学医疗学院（滨海校区）人力资源部 邮 编： 121013」; https://www.jymu.edu.cn/?list_37/1443.html（学校章程）→ 200，逐字读到「滨海校区： 辽宁省锦州市 经济技术开发区辽东大街 10号，邮政编码：121007」; http://www.jz.gov.cn/zjjz.htm（走进锦州）→ 200，写「下辖……凌河、古塔、太和、松山新区、滨海新区9个县（市）区」，确认滨海新区/经开区为功能区名、不在法定区序列,2026-09-12
PROFILE2201_0,4132011051,镇江市高等专科学校,校本部,江苏省镇江市高校园区长香西大道518号,江苏省,镇江市,RESOLVED,—,政府/教育系统官方,"http://www.dantu.gov.cn/dtwjw/tzgg/202607/6e30cfae93474e88bf92f9635f9722d1.shtml｜丹徒区卫生健康委员会《医疗机构注销公告》：""四、医疗机构地址：镇江市丹徒区长香西大道 518号""（决定性证据）; https://www.zjc.edu.cn/ 及 https://zsw.zjc.edu.cn/view/me7qvbwtvzs8.htm｜校方章程""主校区：江苏省镇江市高校园区长香西大道 518号""（同门牌，功能区式）; https://www.zhenjiang.gov.cn/search4/s（siteCode=3211000002）｜返回""您访问过于频繁""，无结果; https://gaokao.chsi.com.cn｜阳光高考，HTTP 412 不可访问; https://www.ccgp.gov.cn｜政府采购网检索被限流（频繁访问）",2026-09-12
PROFILE1607_0,4122011823,长春医学高等专科学校,办学地点（档案未命名）,吉林省长春市吉林大路6177号,吉林省,长春市,RESOLVED,—,政府/教育系统官方,https://www.ccmc.edu.cn/ 与 /xxgk1/xxjj.htm 、/xxgk1/xxzc.htm（学校章程）— 200，仅『吉林省长春市吉林大路6177号』，无区名; http://www.ccgp.gov.cn/cggg/dfgg/qtgg/202412/t20241213_23864221.htm — 200，命中『采购单位地址 长春市二道区经济技术开发区吉林大路6177号』（采用，经搜狗链接解析出真实 URL）; http://search.ccgp.gov.cn/bxsearch?...kw=吉林大路6177号 — 标题检索 0 条（该检索接口仅覆盖标题，不用于结论）,2026-09-12
PROFILE1616_0,4122013161,长春职业技术大学,卫星校区,吉林省长春市长春经济技术开发区临河街道北海社区卫星路3278号,吉林省,长春市,RESOLVED,—,政府/教育系统官方,http://jyj.lyg.gov.cn/lygsjyj/tzgg/content/c56c3034-1f1f-4172-a409-5de8a46a1d19.html 连云港市教育局通知：可达，逐字命中「吉林省长春市南关区卫星路3278号长春职业技术大学」; https://www.cvit.edu.cn/ 官网页脚：只写「长春市卫星路3278号」，无区名; 头条搜索『卫星路3278号』：发现连云港市教育局线索; https://so.toutiao.com/ 提取结果页外链：定位到 jyj.lyg.gov.cn 原文 URL,2026-09-12
PROFILE1643_0,4114012388,长治职业技术学院,北校区,山西省长治市捉马东大街51号,山西省,长治市,RESOLVED,—,政府/教育系统官方,https://www.changzhi.gov.cn/xxgkml/zfxxgkml/szfzssydw/czsdag_243248/202306/t20230613_2760676.shtml — HTTP 200，正文含「地址：长治市潞州区捉马东大街51号」; https://www.changzhi.gov.cn/ 信息公开栏目 — 同源公告多条，采购人信息一致; http://www.czzy.cn/ — 仅脚本壳页，无可读地址（未用作证据）,2026-09-12
PROFILE2232_0,4161010828,陕西工业职业技术大学,渭城校区,陕西省咸阳市文汇西路12号,陕西省,咸阳市,RESOLVED,—,政府/教育系统官方,https://www.sxpi.edu.cn/xxgk/xxjj.htm TLS 证书校验失败（本地不可读）; http://www.sxpi.edu.cn/ 站内 BFS 40 页：全站页脚仅『地址：中国·咸阳·文汇西路12号 邮编：712000』，无区名；检索『渭城区』只命中区科技计划项目（区校合作，不作地址证据）; Shenma 搜索『陕西工业职业技术大学 渭城区 文汇西路12号』→ 定位 ggzy.shaanxi.gov.cn 命中; https://61.135.231.201/cggg/... 中国政府采购网镜像 IP：抓取为空; 图吧/城市吧地图第三方：仅作线索，未采信,2026-09-12
PROFILE2234_0,4161012510,陕西能源职业技术学院,咸阳校区,陕西省咸阳市文林路29号,陕西省,咸阳市,RESOLVED,—,学校官网,http://zjc.sxny.cn:9113/zsw/ → curl -k 200，逐字读到「咸阳总校 陕西省咸阳市渭城区文林路中段29号 医学校区 西安市临潼区平峪路88号」; http://www.sxny.cn/xxgk/xxjj.htm → 上一轮 404; http://www.sxny.cn/ → 上一轮 404; http://www.sxny.edu.cn/ → 上一轮 getaddrinfo ENOTFOUND（域名无法解析）,2026-09-12
PROFILE507_3,4137010426,青岛科技大学,济南校区,山东省济南市文化东路80号,山东省,济南市,RESOLVED,—,政府/教育系统官方,http://nrp.jinan.gov.cn/col43736/art/2025/art_43736_5147449.html → 200，不动产登记公告“历下区文化东路80号”; http://jnmhc.jinan.gov.cn/col22438/art/2025/art_22438_4823439.html → 200，含“济南市历下区文化东路80号”; https://zs.qust.edu.cn/info/1065/4234.htm → 200，招生章程“济南校区：济南市文化东路 80 号 邮政编码： 250014”，无区名; https://www.qust.edu.cn/ 校区介绍页 → 仅写“济南校区 - 山东省济南市文化东路80号”，无区名,2026-09-12
PROFILE372_0,4163010748,青海民族大学,东序校区,青海省西宁市八一中路3号,青海省,西宁市,RESOLVED,—,政府/教育系统官方,http://www.ccgp.gov.cn/cggg/dfgg/jzxcs/202601/t20260110_26062169.htm — 200，正文含“采购单位地址 城东区八一中路3号”，采用; http://www.qhmu.edu.cn/ 与 https://www.qhmu.edu.cn/ — HTTP 412（加速乐JS挑战），页面无法打开; https://so.toutiao.com/search?keyword=青海民族大学东序校区 — 仅得搜索引擎索引摘要，未作为证据,2026-09-12
PROFILE372_3,4163010748,青海民族大学,文实校区,青海省西宁市夏都大街78号,青海省,西宁市,RESOLVED,—,政府/教育系统官方,http://www.qhpta.org.cn/ncms/article_N032203245138.shtml — 200，青海省2022年公务员考试温馨提示（四）附表，采用; https://so.toutiao.com/search?keyword=青海民族大学文实校区 地址 — 命中 qhmu.edu.cn(412)、青海省人事考试信息网(已开)、教务处页(不可开); http://www.qhmu.edu.cn/ 教务处/招生章程页 — HTTP 412（加速乐）,2026-09-12
PROFILE1572_1,4152012822,黔东南民族职业技术学院,万达校区,贵州省丹寨金钟经济开发区长兴大道北侧,贵州省,黔东南苗族侗族自治州,RESOLVED,—,学校官网,https://wdxq.qdnpt.edu.cn/page.thtml?id=14775 →「丹寨万达校区由万达集团在贵州省丹寨县投资建设」「校区位于丹寨县金钟经济开发区长兴大道主干道北侧」（采信来源）; https://www.qdnpt.edu.cn/ → 页脚「地址：贵州省丹寨金钟经济开发区长兴大道北侧（万达校区）」「贵州省凯里市经济开发区凯开大道1009号（凯里校区）」; https://wdxq.qdnpt.edu.cn/ → 站点结构、栏目与新闻列表; https://aoff.qdnpt.edu.cn/ → 招生章程栏目（未用到）,2026-09-12
PROFILE1124_0,4142013236,三峡大学科技学院,校本部,湖北省宜昌市大学路18号,湖北省,宜昌市,RESOLVED,—,第二轮已取得可采来源,http://kjxy.ctgu.edu.cn/ → HTTP 200，仅「湖北省宜昌市大学路18号 邮编：443002」；「点军区人民政府」为友情链接，非地址证据; http://kjxy.ctgu.edu.cn/zs_zz_/ptzsb.htm → HTTP 200，仅门牌; https://www.ctgu.edu.cn/xxgk2/xxjj.htm → HTTP 200，仅「湖北省宜昌市大学路8号」; http://zb.ctgu.edu.cn/ → HTTP 200，采购招标中心首页无区名,2026-09-12
PROFILE1410_1,4141010842,三门峡职业技术学院,灵凤湖校区,河南省三门峡市高新区学府路3号,河南省,三门峡市,HARD-BLOCKED,D 功能区/大学城无法定区佐证,灵凤湖校区与门牌学府路3号可被官方页面确认，但这些页面唯一的区县标记是功能区「高新区／城乡一体化示范区」，绝不写法定区；三门峡市与陕州区两级政府站的检索为开普云 pageView 动态页，其站内搜索 XHR 端点未暴露（/query/s、/search5/search/s、/igs/front/search.jhtml、/pageView/search.do 全部 404），api.so-gov 亦不接受这两个站点号，因此无法在政府文书（卫健、自然资源、规划、采购、环评、招生）中检索到「陕州区/湖滨区 + 学府路3号」的同句证据。按红线不得把功能区翻译为法定区，也不得按道路推断。,"https://www.sogou.com/web?query=""灵凤湖校区"" 陕州区 → 302 antispider，无结果; https://so.toutiao.com/search?keyword=三门峡职业技术学院 灵凤湖 陕州区 → 仅百科/头条文章，正文无任何法定区名，官方页面只有“三门峡市崤山西路42号”; https://www.smxpt.cn/ → 页面为域名迁移公告，无地址; https://www.smxpt.edu.cn/ → 页脚“地址：河南省三门峡市崤山西路42号”，无区名; https://zsw.smxpt.edu.cn/ → 页脚“地址：三门峡市崤山西路42号”，无区名; http://zfcg.henan.gov.cn/henan/content?infoId=1357447 → 三门峡职业技术学院灵凤湖校区图书馆智慧化建设项目页，仅主办方地址，无采购人地址（原 ccgp-henan.gov.cn 域名证书不匹配 zfcg.henan.gov.cn）; http://search.ccgp.gov.cn/bxsearch?searchtype=1&page_index=1&kw=三门峡职业技术学院 → 标题检索 0 条; https://www.smxpt.edu.cn/xygk/xyjj.htm → 404",2026-09-12
PROFILE125_1,4131010248,上海交通大学,七宝校区,上海市七莘路2678号,上海市,上海市,RESOLVED,—,第二轮已取得可采来源,https://www.sjtu.edu.cn/ — 官网首页，无任何校区门牌地址; https://gk.sjtu.edu.cn/Data/List/bxdd — 信息公开网「办学地点」栏目，正文为空（列表 JS 加载），无地址; https://gk.sjtu.edu.cn/Data/View/376 — 「办学基本情况」，仅列徐汇/闵行/黄浦/长宁/浦东/崇明等校区，不含七宝校区; https://gk.sjtu.edu.cn/Data/View/377 — 「学校办学规模」，无校区地址; https://gk.sjtu.edu.cn/Data/List/jbxx 、/Data/List/gkml 、/data/sitemap 、/sitemap.xml 、/api/Data/List?type=bxdd — 均无「办学地点」正文，API 猜测无效; https://zbcg.sjtu.edu.cn/ 、https://caigou.sjtu.edu.cn/ — 0 字节；zbcg 经 WebFetch 报 ENOTFOUND（域名已不解析）; http://search.ccgp.gov.cn/bxsearch?kw=七莘路2678号（及 kw=七莘路）— 中国政府采购网返回「频繁访问！请稍后再试」限流页（连续两次、间隔重试均同）; https://www.shmh.gov.cn/ — 闵行区人民政府首页，无相关条目; 检索（搜狗wap/360/百度，本机与经跳板 muc-staging 两种出口，关键词含“七莘路2678号”“闵行区”）— 全部被验证码/限流拦截；取得线索：采招网转载上海交通大学采购公告「上海市闵行区七莘路2678号上海交通大学七宝校区内」（2019）、「上海交通大学七宝校区（上海市七莘路2678号）」（2017）,2026-09-13
PROFILE446_0,4123010220,东北石油大学,大庆校区,黑龙江省大庆市高新技术产业开发区学府街99号,黑龙江省,大庆市,HARD-BLOCKED,D 功能区/大学城无法定区佐证,东北石油大学大庆校区的门牌（学府街99号）可被官方页面逐字确认，但全部官方文书写的是功能区「高新技术产业开发区（高新区）」。大庆市与萨尔图区两级政府站群检索可用的全部关键词下，唯一接近法定区的线索是萨尔图区卫健局把“东北石油大学校医院”列入本区医疗机构名单，属机构管辖信息、无地址，且属推断性质，按红线（功能区不翻译、禁止按道路/管辖推断）不足以写入 d。,http://cgxxw.nepu.edu.cn/ — 打开成功，页脚「地址：黑龙江省大庆市高新技术产业开发区学府街99号」（仅功能区）; https://www.nepu.edu.cn/ — 打开成功，同样仅功能区地址; https://so.toutiao.com/search?keyword=萨尔图区学府街99号 — 无「东北石油大学」相关官方同句来源; https://so.toutiao.com/search?keyword=东北石油大学 单位地址 大庆市萨尔图区 学府街99号 — 无命中; http://search.ccgp.gov.cn/bxsearch — 被限流，无法取政府采购公告中的采购人地址,2026-09-12
PROFILE446_1,4123010220,东北石油大学,秦皇岛校区,河北省秦皇岛市河北大街西段550号,河北省,秦皇岛市,HARD-BLOCKED,E 无权威来源,复核通过但未过机器门禁: 来源是搜索引擎/聚合站结果页 'weixin.sogou.com'，不是可复核的原始来源,https://www.nepuqhd.net/ — 东北石油大学秦皇岛校区官网页脚「河北省秦皇岛市河北大街西段550号 邮编066004」; https://www.nepuqhd.net/zsjy/zszn.htm — 招生指南，页脚地址同上; https://www.nepuqhd.net/info/1281/21801.htm — 东北石油大学2026年本科招生章程，「秦皇岛校区地址：河北省秦皇岛市河北大街西段550号」; http://search.ccgp.gov.cn/bxsearch?searchtype=2&...kw=河北大街西段 — 全文检索 134 条，同路段其他单位均标「海港区」，但无550号; http://search.ccgp.gov.cn/bxsearch?searchtype=2&...kw=河北大街西段550号 — 全文检索 0 条; http://search.ccgp.gov.cn/bxsearch?searchtype=2&...kw=东北石油大学秦皇岛校区 — 全文检索 0 条; http://www.qhdhg.gov.cn/ — 海港区政府域名不存在（ENOTFOUND）,2026-09-12
PROFILE176_0,4136010405,东华理工大学,南昌校区,江西省南昌市经开区广兰大道418号,江西省,南昌市,RESOLVED,—,第二轮已取得可采来源,http://ncjk.nc.gov.cn/ncjkq/gkgsgg/202304/7526f39deddd4c10a8ab12342d46ca28.shtml — 「1 经开区广兰大道418号（东华理工大学）」; http://ncjk.nc.gov.cn/ncjkq/zfdt/202501/5675d2ea05064893a19a01dd9d0712f3.shtml — 「东华理工大学 南昌市经济技术开发区广兰大道418号」; https://www.nc.gov.cn/ncszf/shbz/202505/791cae7dcc7c4229b11baa1ff15cc40e/files/2025年度南昌市医保定点医疗机构名单（截至2025年5月26日）.xlsx — 「东华理工大学南昌校区卫生所 东华理工大学南昌经开区广兰大道418号（青岚大道666号」; http://www.nc.gov.cn/ncszf/bzzf/202608/bbbcb00bbefc4c1d827545b3005908a0.shtml — 2012年东华理工大学公共租赁住房项目概况（地块位置瑞香路以南、青岚大道以西，无区名）; https://api.so-gov.cn/query/s 市站/新建区站 检索「东华理工大学 青山湖区」「东华理工大学」— 仅校地活动类新闻，无门牌级区名,2026-09-12
PROFILE109_4,4132010286,东南大学,苏州校区,江苏省苏州市苏州工业园区林泉街399号,江苏省,苏州市,HARD-BLOCKED,D 功能区/大学城无法定区佐证,所有可读官方来源（校方苏州校区站、学校概况页、苏州工业园区政府官网全文检索）对林泉街399号一律使用功能区“苏州工业园区／独墅湖科教创新区”表述，没有任何政府或学校文本把该门牌与 allowed_districts 中任一法定区（吴中区等）同句写出。按红线不得把功能区翻译为法定区，也不得按道路归属推断。,"https://www.seu.edu.cn/17398/list.htm｜学校概况，未列苏州校区地址; http://szxq.seu.edu.cn/main.htm｜东南大学苏州校区站，页脚""地址：苏州市独墅湖科教创新区林泉街399号""（功能区式）; http://www.sipac.gov.cn/search5/search/s?siteCode=3205900024&searchWord=林泉街399号｜6条，法定区名0命中; http://www.sipac.gov.cn/search5/search/s?siteCode=3205900024&searchWord=若水路1号｜15条，法定区名0命中; http://www.sipac.gov.cn/search5/search/s?siteCode=3205900024&searchWord=独墅湖科教创新区｜1048条，前30条抽样法定区名0命中",2026-09-12
PROFILE1145_0,4132012689,东南大学成贤学院,办学地点（档案未命名）,江苏省南京市江北新区东大路6号,江苏省,南京市,HARD-BLOCKED,D 功能区/大学城无法定区佐证,本条功能区为“江北新区”，而 allowed_districts 是浦口区等法定区；江北新区为托管功能区，其政府门户的全部检索结果都只写“江北新区”，唯一的法定区口径文本（浦口区人大建议答复）不含东大路6号，另一条“东大路2号（东大科技园内）”门牌不同、不得冒充。校方官网不可达，没有一级来源。按红线不得功能区翻译、不得用同校其他门牌/其他校区覆盖本条。,https://www.cxxy.seu.edu.cn/ → DNS ENOTFOUND（学校官网不可达）; https://cxxy.seu.edu.cn/ → HTTP 404; https://search.ccgp.gov.cn/bxsearch?searchtype=2&page_index=1&kw=东南大学成贤学院&timeType=5 → 未获得写出法定区的采购人地址（检索遭限流中断）; https://m.sogou.com/web/searchList.jsp?keyword=东南大学成贤学院 江北新区 东大路6号 浦口区 → CAPTCHA 反爬页; https://njna.nanjing.gov.cn/zjxq/xinqugaikuang/202512/t20251231_5755000.html → 江北新区与浦口区一体化融合发展的间接桥梁（无本校区门牌）; https://gaokao.chsi.com.cn/ → HTTP 412（WAF）; https://www.bing.com/search?q=东南大学成贤学院 东大路6号 → 结果与本条无关,2026-09-12
PROFILE123_4,4143010533,中南大学,杏林校区,湖南省长沙市桐梓坡路172号,湖南省,长沙市,RESOLVED,—,第二轮已取得可采来源,https://xysm.csu.edu.cn/ → HTTP 200，页脚「湖南省长沙市桐梓坡路172号 410013」，无区名; https://xysm.csu.edu.cn/xygk/xyjj1.htm → HTTP 200，同上，无区名; https://zhaosheng.csu.edu.cn/ 及 /bkzn/bkzn.htm → HTTP 200，仅「长沙市麓山南路中南大学逸夫楼5楼（岳麓山校区）」，不指向本条; http://czzx.csu.edu.cn/csustatic/index.html → HTTP 200，无桐梓坡路/岳麓区相关内容,2026-09-12
PROFILE267_1,4151010624,中国民用航空飞行学院,成都天府校区,四川省成都市东部新区未来科技城福田街道,四川省,成都市,HARD-BLOCKED,D 功能区/大学城无法定区佐证,本条无路名无门牌，只能走“校区名挂钩”例外，而例外门槛是同一句内同时出现“天府校区”和法定区名。目前所有可得官方原文（学校招生网、学校官网）只出现功能区“东部新区”和“福田街道”，无“简阳市”；成都市与简阳市政府网站均不可达（412/DNS 不解析），四川省两级政府检索未命中，故例外无法满足。按红线禁止把“东部新区托管简阳市”当作翻译依据。,https://zsc.cafuc.edu.cn/info/1002/1434.htm (curl) — 打开成功，原文「学院天府校区位于四川省成都市东部新区福田街道…」，全文无「简阳市」; https://www.cafuc.edu.cn/ (curl) — 打开成功，页脚无天府校区门牌; Toutiao 关键词「中国民用航空飞行学院成都天府校区 简阳市 福田街道」「成都东部新区 托管 简阳市 镇街 福田街道」 — 只有第三方地图 POI（写「成都市简阳市机场东一线」）与抖音百科（写「托管简阳市所属的9个街道、6个镇」），均非可引用的一手官方原文，且未与本站门牌同一句,2026-09-12
PROFILE61_3,4137010423,中国海洋大学,西海岸校区,青岛市三沙路1299号,山东省,青岛市,RESOLVED,—,第二轮已取得可采来源,http://xhaxqyg.ouc.edu.cn/main.htm → “地址：青岛市古镇口军民融合创新示范区三沙路1299号”，功能区名无区; https://www.ouc.edu.cn/31001/list.htm（学校章程）→ 西海岸校区“青岛市三沙路 1299 号”，无区名; https://landchina.mnr.gov.cn/land/cjgs/hbgd/202511/t20251105_10047789.htm → “行政区：黄岛区”，项目名含“西海岸校区”，但宗地坐落≠三沙路1299号; https://landchina.mnr.gov.cn/land/cjgs/hbgd/ → 全国划拨供地列表，无站内搜索入口，未能定位含“三沙路”的地块记录; so.toutiao.com 检索「黄岛区三沙路1299号」「中国海洋大学西海岸校区 划拨 公示 黄岛区 三沙路」→ 仅有第三方微信/青岛新闻网转述“《黄岛区2018年第四批次建设用地的批复》…同意将中国海洋大学西海岸校区…”，原文属山东省政府批复，未取得可读官方原文,2026-09-12
PROFILE2395_0,4133013292,中国计量大学现代科技学院,下沙校区,浙江省杭州市下沙高教园区学源街258号,浙江省,杭州市,HARD-BLOCKED,F 历史/当前校区歧义,独立裁决驳回：全页「钱塘区」4 处——1 处是「钱塘区在下沙高教园区文渊路至文淙路之间新增…泊位」（d 挂的是功能区，同段围合范围给的是文渊路—文淙路而非本条路名学源街），3 处是机构名「钱塘区城发集团交投公司」。「学源街」唯一成句处是「学源街，串联起下沙高教园区14所高校，是一条名副其实的求学之路」，属新闻笔法。门牌 258 与校名全页零命中。挂钩需两级传递，页面只写到「行政区→功能区」这一跳。,https://www.ldxk.edu.cn/ — 官网：仅「义乌校区：浙江省义乌市大学路8号」，无下沙校区; https://zs.cjlu.edu.cn/zgjldxxdkjxy/zsxx.htm — HTTP 412 Precondition Failed; https://jyt.zj.gov.cn/ — 浙江省教育厅高校名单：该院仅给出站点链接，无地址; https://gaokao.chsi.com.cn/...（阳光高考院校库/章程）— HTTP 412 反爬,2026-09-12
PROFILE1524_1,4115013699,乌兰察布职业学院,平地泉校区,内蒙古自治区乌兰察布市察右前旗平地泉镇,内蒙古自治区,乌兰察布市,RESOLVED,—,第二轮已取得可采来源,https://www.ulvc.edu.cn/ (页脚仅集宁新区满达东街曙光南路1号); https://www.ulvc.edu.cn/xygk/xyjj.htm (仅“主校区及平地泉校区两个校区”，无地址); https://zs.ulvc.edu.cn/ (页脚同样仅集宁新区); http://www.ccgp.gov.cn/cggg/dfgg/gkzb/202410/t20241030_23494872.htm (采购人地址：集宁新区满达东街曙光南路1号；行政区域：市辖区); http://search.ccgp.gov.cn/bxsearch?...kw=乌兰察布职业学院&2024 (20条，均为主校区); http://search.ccgp.gov.cn/bxsearch?...kw=平地泉 (0 条); https://www.so.com/s?q=乌兰察布职业学院 平地泉校区 (仅 gaokao.cn/jianyu360.cn 第三方),2026-09-13
PROFILE2170_0,4153012556,云南司法警官职业学院,办学地点（档案未命名）,昆明市空港经济区大板桥金盾苑1号,云南省,昆明市,HARD-BLOCKED,G 复核通过但未过机器门禁,复核通过但未过机器门禁: 引文挂不到本条地址/校区名 '办学地点（档案未命名）'（该记录地址 '昆明市空港经济区大板桥金盾苑1号' 无路名，需：地址连续片段≥6字 / ≥3位门牌 / 或校区名核心与法定区同句）,https://www.so.com/s?q=云南司法警官职业学院 采购人地址 金盾苑 官渡区 (发现 ccgp 2024-05-28 公示); http://www.ccgp.gov.cn/cggg/dfgg/dylygg/202405/t20240528_22212420.htm (命中：昆明市官渡区大板桥); http://www.ccgp.gov.cn/cggg/dfgg/zbgg/202411/t20241112_23591440.htm (仅“地址：昆明市大板桥”，无区名); http://search.ccgp.gov.cn/bxsearch?...kw=云南司法警官职业学院&2024 (列出该校全部2024公告); gaokao.chsi.com.cn 相关通知 (HTTP 412 反爬，未能打开); http://jtj.km.gov.cn/jygz/zsks/index_7.shtml 等 (昆明市教育体育局列表翻页，未取到2020公告URL),2026-09-12
PROFILE2178_1,4153013757,云南机电职业技术学院,杨林校区,昆明市嵩明职教新城文苑路1号,云南省,昆明市,RESOLVED,—,第二轮已取得可采来源,https://zs.ynmec.edu.cn/xw/tzgg/content_27028 — 学校招生章程，命中校址原文「3. 杨林校区：昆明市嵩明职教新城文苑路 1 号 ;」（采用为线索，无「嵩明县」）; https://www.ynmec.edu.cn/ 、https://www.ynmec.edu.cn/xxgk/xxjj — 学校官网及简介/页脚，仅载龙泉校区「云南省昆明市龙泉路704号」，杨林校区无地址无区县; http://www.kmsm.gov.cn/ — 嵩明县人民政府网首页、走进嵩明、十四五教育体育发展规划、自然资源局公告：均无「职教新城」「文苑路」; 云南省招考频道（ynzs.cn）转载的该校校址列表（检索结果中逐字可见）— 仍为「杨林校区：昆明市嵩明职教新城文苑路1号」，无「嵩明县」; 检索（搜狗wap/360/百度，跳板出口）关键词「“文苑路1号” 嵩明县」「嵩明职教新城 位于 嵩明县」— 出口限流/验证码，仅得网易订阅招商文章「嵩明职教新城位于昆明市……」; http://search.ccgp.gov.cn/bxsearch?kw=文苑路1号 — 中国政府采购网限流页，未取得采购公告,2026-09-13
PROFILE2179_2,4153013758,云南林业职业技术学院,石林校区,云南省昆明市石林县环城东路,云南省,昆明市,RESOLVED,—,第二轮已取得可采来源,https://www.ynftc.edu.cn/xygk (仅金殿校区 盘龙区穿金路787号，无石林地址); https://www.ynftc.edu.cn/xwzx/tzgg/zczbgg/ (资产招标公告列表，含石林校区公告); https://www.ynftc.edu.cn/xwzx/tzgg/zczbgg/content_25002 (命中：石林彝族自治县…石林校区); https://www.so.com/s?q=云南林业职业技术学院 石林校区 环城东路 地址 (仅 map.360.cn/isenlin 等第三方；环城东路见第三方媒体); https://www.so.com/s?q=石林彝族自治县人民政府 云南林业职业技术学院石林新校区 启用 (kmsl.gov.cn 链接被 360 跳转包裹，未取得),2026-09-12
PROFILE1519_1,4134012926,亳州学院,文采校区,安徽省亳州市高新技术产业开发区文采路,安徽省,亳州市,HARD-BLOCKED,D 功能区/大学城无法定区佐证,全部分片允许的法定区（利辛县/涡阳县/蒙城县/谯城区）中没有任何一个与记录地址「高新区文采路」同句出现在可核验原文里；校方与政务侧均只提供功能区名。,"http://www.bzuu.edu.cn/10/list.htm（亳州学院学院简介）→ 原文『安徽省亳州市高新技术产业开发区迎春路1号（文采校区）』，无谯城区，路名与记录不符; http://www.bzuu.edu.cn/zzxx/（亳州学院招生信息）→ 原文『地址：安徽省亳州市经济开发区汤王大道2266号』，同为功能区，无谯城区; http://www.bzuu.edu.cn/zzxx/130/list.htm（招生公告列表）→ 页面 JS 渲染，未取到招生章程正文; 头条搜索『亳州学院 文采校区 谯城区 地址』『亳州学院 文采校区 地址』→ 仅命中校方新闻与第三方院校库，无写出谯城区的官方原文; prior_url https://gaokao.chsi.com.cn/sch/schoolInfo--schId-18670467,categoryId-18669722,mindex-1.dhtml（阳光高考院校库）→ 仍为『高新技术产业开发区迎春路1号(文采校区)』，未写谯城区",2026-09-12
PROFILE3581_0,4141014752,信阳艺术职业学院,信阳市羊山校区,河南省信阳市羊山新区经北一路,河南省,信阳市,HARD-BLOCKED,D 功能区/大学城无法定区佐证,无任何官方/校方原文把法定区名（平桥区/浉河区等）与「经北一路」写在同一句；功能区「羊山新区」不构成法定县区。,https://so.toutiao.com/search?keyword=信阳艺术职业学院 羊山新区 经北一路 → 地址卡“羊山校区:河南省信阳市羊山新区经北一路”，官方招生章程均无区名; http://www.xyvca.edu.cn/college/zsxxw → 页脚“河南省信阳市羊山新区经北一路”，无任何区名; https://www.sogou.com/web?query=信阳艺术职业学院 羊山新区 平桥区 → 302 antispider,2026-09-12
PROFILE1588_1,4162012832,兰州外语职业学院,兰州新区,甘肃省兰州市新区职教园区长江大道888号,甘肃省,兰州市,RESOLVED,—,第二轮已取得可采来源,https://www.lzwyedu.com/ （官网页脚只有「兰州新区职教园区长江大道888号」，无县名）; https://m.sogou.com/web/searchList.jsp?keyword=兰州新区职教园区 皋兰县 （命中一次：腾讯地图/360地图/中通快递均把职教园区标为皋兰县，属第三方，仅线索）; http://www.lzxq.gov.cn/zjxq/index.shtml + /system/2024/08/08/031044586.shtml （兰州新区官网：皋兰县西岔、水阜6镇；现托管4镇）; http://www.lanzhou.gov.cn/art/2018/4/4/art_122_465031.html （兰州市政府网：皋兰县增加社区——西岔镇文曲社区）; http://www.lanzhou.gov.cn/art/2018/5/10/art_122_473442.html （兰州市政府网公交稿：西岔镇、职教园区相邻站）; http://www.lanzhou.gov.cn/art/2023/12/24/art_1611_1302503.html （环保督察公示：兰州新区大学城西岔镇污水厂）; https://www.lanzhou.gov.cn/jrobot/search.do?q=职教园区 皋兰县 / 西岔镇 / 九龙江街 / 海河街 等 （站内搜索：无一条把校址门牌与皋兰县同句）; https://www.bing.com/search?...&mkt=zh-CN （返回与查询无关的日文结果，地区错配，不可用）; https://www.baidu.com/s? / https://www.sogou.com/web? / https://www.so.com/s? （全部验证码拦截）; https://www.gsvemc.com/zjyq.htm （兰州新区职教园区服务保障中心「走进园区」：只写区位与院校构成，无县区）,2026-09-12
PROFILE1707_1,4162011807,兰州工业学院,兰州新区校区,兰州市兰州新区长江大道东段1942号,甘肃省,兰州市,HARD-BLOCKED,D 功能区/大学城无法定区佐证,记录地址的路名门牌能对上，但没有任何来源把法定县名与该门牌写在同一句；功能区名「兰州新区」不可当作法定区。,https://www.lzit.edu.cn/ （官网首页无县名，地址只写兰州新区）; http://www.lanzhou.gov.cn/art/2017/11/17/art_122_421483.html （兰州市政府网：兰州工业学院新校区四至，职教园区内）; http://www.lzxq.gov.cn/system/2026/09/11/031432049.shtml （兰州新区规划许可批前公示：项目地址只写「兰州新区科体路以东…」）; http://www.lzxq.gov.cn/system/2024/08/08/031044586.shtml （兰州新区官网：皋兰县西岔、水阜6镇）; http://www.lanzhou.gov.cn/art/2018/4/4/art_122_465031.html （兰州市政府网：西岔镇在皋兰县名下）; https://www.lanzhou.gov.cn/jrobot/search.do?q=兰州工业学院 新区 等 （站内搜索无门牌+县名同句）; https://m.sogou.com/web/searchList.jsp?... （首查命中职教园区→皋兰县第三方标注，随后被验证码拦截）; https://www.bing.com/search 与 baidu/sogou/so.com （无关结果或验证码）,2026-09-12
PROFILE3289_0,4162014594,兰州现代职业学院,办学地点（档案未命名）,甘肃省兰州新区职教园区（兰州新区九龙江街500号）,甘肃省,兰州市,RESOLVED,—,第二轮已取得可采来源,https://www.lzmvc.edu.cn/ （官网首页无地址，仅页脚版权；皋兰县只出现在三下乡地名）; https://www.gsvemc.com/zjyq.htm （职教园区「市统建两校」含兰州现代职业学院；无县区）; http://www.lzxq.gov.cn/system/2026/09/08/031430198.shtml （兰州新区官网：文曲中心社区保障科教园区高校新生入学）; http://www.lzxq.gov.cn/system/2024/08/08/031044586.shtml （皋兰县西岔、水阜6镇）; http://www.lanzhou.gov.cn/art/2018/4/4/art_122_465031.html （皋兰县——西岔镇文曲社区）; http://www.lanzhou.gov.cn/art/2018/5/10/art_122_473442.html ; http://www.lanzhou.gov.cn/art/2023/12/24/art_1611_1302503.html （职教园区与西岔镇关联旁证）; https://www.lanzhou.gov.cn/jrobot/search.do?q=兰州现代职业学院 / 九龙江街 / 职教园区 皋兰县 （无门牌+县名同句）; https://m.sogou.com/web/searchList.jsp?... ；https://www.bing.com/search... （验证码 / 区域错配）,2026-09-13
PROFILE1710_2,4162016209,兰州石化职业技术大学,新区校区,甘肃省兰州新区贺兰山大道北段1169号,甘肃省,兰州市,RESOLVED,—,第二轮已取得可采来源,https://www.lzpcc.edu.cn/ 与 http://www.gsvc.edu.cn/ （DNS/连接失败，无法打开兰州石化职业技术大学、甘肃卫生职业学院）; https://www.gsvemc.com/zjyq.htm （职教园区服务保障中心：职教园区院校构成，无县区）; http://www.lzxq.gov.cn/system/2024/08/08/031044586.shtml （兰州新区官网：皋兰县西岔、水阜6镇）; http://www.lanzhou.gov.cn/art/2018/4/4/art_122_465031.html （兰州市政府网：皋兰县——西岔镇文曲社区）; http://www.lanzhou.gov.cn/art/2023/12/24/art_1611_1302503.html （兰州新区大学城西岔镇污水厂）; https://www.lanzhou.gov.cn/jrobot/search.do?q=西岔镇 / 贺兰山大道 / 职教园区 皋兰县 等 （无门牌+县名同句）; https://m.sogou.com/web/searchList.jsp?... ；https://www.bing.com/search?... （验证码 / 区域错配）,2026-09-13
PROFILE1636_0,4115014049,内蒙古北方职业技术学院,办学地点（档案未命名）,内蒙古自治区呼和浩特市大学城,内蒙古自治区,呼和浩特市,RESOLVED,—,第二轮已取得可采来源,http://www.nmbfxy.com/ -> 200，页脚「学院地址：内蒙古呼和浩特市大学城内蒙古北方职业技术学院」; http://www.nmbfxy.com/contents/3/441.html -> 200，学院简介正文「内蒙古北方职业技术学院坐落于自治区首府呼和浩特市大学城」，无区名; http://www.nmbfxy.com/channels/32.html -> 200，招生章程页页脚同一地址，无区名,2026-09-12
PROFILE525_0,4115010132,内蒙古医科大学,金山校区,内蒙古自治区呼和浩特市金山经济技术开发区,内蒙古自治区,呼和浩特市,RESOLVED,—,第二轮已取得可采来源,https://www.immu.edu.cn/ -> 200，首页页脚「内蒙古呼和浩特市土默特左旗台阁牧镇海拉尔西街191号 邮编：010110」; https://www.immu.edu.cn/xxgk/xxjj.htm -> 200，学校简介正文仅写「设有金山校区、新华校区、锡林校区及红山口教学基地」，页脚「地址：内蒙古呼和浩特市敕勒川乳业开发区」; https://www.immu.edu.cn/xxgk/dxzc.htm -> 200，大学章程第三条列出四个校区地址，金山校区未写法区; https://zs.immu.edu.cn/ -> 000，无法连接,2026-09-12
PROFILE508_1,4115010128,内蒙古工业大学,康巴什校区,内蒙古鄂尔多斯市高新技术产业开发区,内蒙古自治区,鄂尔多斯市,HARD-BLOCKED,D 功能区/大学城无法定区佐证,不存在任何可核验原文在同一句中同时包含本 campus 名「康巴什校区」与法定区名「康巴什区」；政务侧虽有强指向（康巴什区以「内蒙古工业大学新能源学院」为辖区主体），但该称谓不是本条 campus 名的同义形式，属实体名→校区的两跳推断，红线禁止。,https://www.imut.edu.cn/ -> 200，页脚仅列 新城校区/金川校区/准格尔校区 三个地址，无康巴什或鄂尔多斯校区地址; http://www.kbs.gov.cn/ -> 200，康巴什区政府要闻提到「内工大新能源学院」，为区内线索但未与「康巴什校区/高新技术产业开发区」同句挂钩; Toutiao 检索「内蒙古工业大学新能源学院 康巴什」「鄂尔多斯高新技术产业开发区 康巴什区」-> 仅得区政府与自然资源局首页，未能取得明确桥梁原文,2026-09-12
PROFILE508_2,4115010128,内蒙古工业大学,金川校区,内蒙古自治区呼和浩特市经济技术开发区金川工业园区,内蒙古自治区,呼和浩特市,RESOLVED,—,第二轮已取得可采来源,https://www.imut.edu.cn/ -> 200，页脚逐字「金川校区：内蒙古自治区呼和浩特市经济技术开发区金川工业园区　邮编：010080」，无法定区; Bing 检索「金川工业园区 土默特左旗」「内蒙古工业大学金川校区 土默特左旗」-> 该出口返回随机无关结果，未取得可用命中; Toutiao 检索「金川校区 土默特左旗 呼和浩特」-> 仅第三方（澎湃/百科）称「金川这边属于土…」，第三方不得单独作判据,2026-09-12
PROFILE1631_1,4115013864,包头钢铁职业技术学院,白云鄂博分校区,内蒙古自治区包头市白云区通阳道3号,内蒙古自治区,包头市,RESOLVED,—,第二轮已取得可采来源,https://www.btsvc.edu.cn/xygk/xyzc.htm — 域名直连 000（TLS/连接失败），改用 IP 61.134.127.6 + Host 头后 200，命中章程原文; https://61.134.127.6/info/1022/2909.htm — 200，白云鄂博分院签约新闻，全文多处『白云鄂博矿区』但无『通阳道3号』; https://61.134.127.6/search_list.jsp?wbtreeid=1001（站内搜索 POST）— 分别检索『白云鄂博矿区』『通阳道』，仅命中章程页一条; 搜狗 / 头条（so.toutiao.com）检索『通阳道3号 白云鄂博矿区』— 仅得白云鄂博矿区通阳道街道等无关页面，无学校+区名+门牌同句来源,2026-09-13
PROFILE1401_0,4113013899,北京中医药大学东方学院,廊坊校区,河北省廊坊市东方大学城教学南区,河北省,廊坊市,HARD-BLOCKED,E 无权威来源,校方官网（bucmdf.edu.cn）全站只有渤海校区地址，无廊坊/东方大学城/广阳区文字；校方官方微信公众号《2022年招生咨询通道汇总》写「廊坊校区校址：廊坊经济技术开发区东方大学城一期」——「经济技术开发区」是功能区，按红线不得翻译成法定区。写作「河北省廊坊市广阳区东方大学城教学南区」的只有第三方（保定小明同学）；「广阳区东方大学城」的官方表述均属他校（北京城市学院、廊坊职业技术学院）地址，不能顶替本校区。,https://www.bucmdf.edu.cn/ → 页脚仅「学校地址：河北省沧州渤海新区中捷产业园区北京中医药大学东方学院」; https://www.bucmdf.edu.cn/XYGK_dfxyjj.php → 简介同样只有渤海校区地址; https://www.bucmdf.edu.cn/ZSXX_zsjz.php 与 /ZW.php?newsid=6558841 → 招生简章正文无校区清单、无廊坊校区; https://www.bucmdf.edu.cn/ZSXX_lxfs.php → 仅列渤海校区校址,2026-09-12
PROFILE1401_1,4113013899,北京中医药大学东方学院,渤海校区,河北省沧州市渤海新区中捷产业园区渤海3号路东段,河北省,沧州市,HARD-BLOCKED,D 功能区/大学城无法定区佐证,功能区「渤海新区/中捷产业园区」缺法定区桥接，且因记录地址含路名「渤海3号路」，不能改用校区名挂钩；唯一可能给出区名的黄骅市人民政府站未出现「渤海3号路 + 该校 + 黄骅市」同现的文本。,https://www.bucmdf.edu.cn/ZSXX_lxfs.php → 「渤海校区校址：沧州渤海新区中捷产业园区」，无「黄骅市」; https://www.bucmdf.edu.cn/XYGK_dfxyjj.php → 只有渤海校区地址; https://www.bucmdf.edu.cn/ZW.php?newsid=6558841 → 招生简章正文无区名; http://www.cangzhou.gov.cn/cangzhou/c100053/about.shtml → 概况页列出新华区/运河区/黄骅市等，全文「中捷产业园区」0 命中; http://www.huanghua.gov.cn/ 与 http://www.bhna.gov.cn/ → connect ECONNREFUSED,2026-09-12
PROFILE570_1,4111010011,北京工商大学,良乡校区,北京市良乡高教园区,北京市,北京市,RESOLVED,—,第二轮已取得可采来源,https://www.btbu.edu.cn/xxgk/xxgk2/index.htm -> 200，学校简介页脚仅「地址：北京市良乡高教园区」，无区名; https://zsb.btbu.edu.cn/ -> 200，招生网首页，仅见招生就业处（海淀区增光路46号）地址; https://zsb.btbu.edu.cn/zszc/zszc/index.htm -> 200，命中《招生章程》第四条，含「房山区」; https://mp.weixin.qq.com/s/KhURqKHEwXH01OYSMYaDdQ -> 200（校方链接的2026年本科招生章程微信版），同一句含「房山区」,2026-09-12
PROFILE143_4,4111010007,北京理工大学,珠海校区,广东省珠海市唐家湾金凤路6号,广东省,珠海市,RESOLVED,—,第二轮已取得可采来源,"https://www.bitzh.edu.cn/ — 返回跳转壳页（165 字节，window.location.href=""/admin""），无内容; http://bitzh.edu.cn/ — 同上; https://www.bit.edu.cn/ — 可读，但无珠海校区地址/区名; https://search.ccgp.gov.cn/bxsearch?kw=北京理工大学 珠海 — 仅见本部采购人地址「北京市海淀区中关村南大街5号」; https://so.toutiao.com/search?keyword=北京理工大学珠海学院 唐家湾金凤路6号 香洲区 — 无官方域名结果",2026-09-12
PROFILE374_2,4122010201,北华大学,南校区,吉林省吉林市吉林高新技术产业开发区高新街道师苑社区吉林大街15号,吉林省,吉林市,HARD-BLOCKED,D 功能区/大学城无法定区佐证,仲裁接受但未过机器门禁: 来源是搜索引擎/聚合站结果页 'weixin.sogou.com'，不是可复核的原始来源,https://www.beihua.edu.cn/ 全站链接扫描：未找到含法定区的校区地址页; https://www.jlmu.edu.cn/xxfw/bsjt.htm：可达，公交线路含「北华大学南校区(师院)」，仅线索; 头条搜索『北华大学南校区 吉林大街15号 丰满区』：仅第三方与公交线路，无官方区名,2026-09-12
PROFILE374_1,4122010201,北华大学,师范分院校区,吉林省吉林市吉林高新技术产业开发区高新街道日升社区吉林大街22号,吉林省,吉林市,RESOLVED,—,第二轮已取得可采来源,https://www.beihua.edu.cn/ 及子站(lib/jtxy/marx/econ/dean.beihua.edu.cn)：可达，未含本校区法定区; https://www.bhdxsffy.cn/ 北华大学师范分院官网：可达但无地址/区名内容; https://www.jlmu.edu.cn/xxfw/bsjt.htm 吉林医药学院《本市交通》：可达，出现「北华大学南校区(师院)—丰满区政府」公交序列，页脚备案号220211（丰满区），仅线索; 头条搜索『北华大学 吉林大街22号』『北华大学师范分院 丰满区』：仅第三方/公交线路,2026-09-12
PROFILE687_1,4113011629,北华航天工业学院,固安校区,河北省廊坊市固安高新技术产业开发区航天大道7号,河北省,廊坊市,HARD-BLOCKED,D 功能区/大学城无法定区佐证,唯一政府桥接件（固安县人民政府对该校区项目的批前/批后公示）为纯图片扫描件，页面无可引文字；政府主站 www.guan.gov.cn 返回 403，廊坊市站无站内检索，无法另行取得「固安县 + 航天大道7号」同现的可引原文。,https://www.nciae.edu.cn/xxgk/xxjj.htm → 「学校占地面积1600余亩，分廊坊市区东、西校区和固安校区」，无固安校区地址/法定县; https://www.nciae.edu.cn/info/1121/113263.htm → 固安校区新闻，页脚仅「河北省廊坊市爱民东道133号」; toutiao 搜索「北华航天工业学院固安校区」→ 命中固安县人民政府两条规划/批后公示标题（含「固安高新技术产业开发区航天大道7号」），均属 guan.gov.cn; http://www.guan.gov.cn/ 与 /xxgk/、https://xxgk.guan.gov.cn/ → HTTP 403 / 000（多次，含移动 UA、Referer、百度 referer）; https://www.lf.gov.cn/ 可访问，但无站内检索可定位该公示,2026-09-12
PROFILE687_0,4113011629,北华航天工业学院,廊坊校区,河北省廊坊市爱民东道133号,河北省,廊坊市,HARD-BLOCKED,E 无权威来源,仲裁接受但未过机器门禁: 来源是搜索引擎/聚合站结果页 'weixin.sogou.com'，不是可复核的原始来源,https://zb.nciae.edu.cn/lxwm.htm → 200，「廊坊校区地址：河北省廊坊市爱民东道133号」，无区名; https://zb.nciae.edu.cn/info/1039/2746.htm → 200，2026年招生章程，页脚无区名；info/1134/2777.htm → 读取超时; https://www.nciae.edu.cn/ 站内检索（search.jsp）「广阳区」→ 0 命中；「爱民东道133号」→ 仅页脚命中; https://www.nciae.edu.cn/info/1011/113232.htm（拍卖成交公告）→ 200，无区名; Toutiao 搜索「北华航天工业学院 爱民东道133号 广阳区」→ 仅吉林大学就业网/如意了等第三方,2026-09-12
PROFILE323_1,4131010276,华东政法大学,松江校区,上海市松江大学园区龙源路555号,上海市,上海市,RESOLVED,—,第二轮已取得可采来源,"https://www.ecupl.edu.cn/ — 官网页脚『松江校区：松江大学园区龙源路555号』，无『松江区』; http://zsb.ecupl.edu.cn/ — 招生网页脚『通讯地址：上海市松江大学园区龙源路555号明志楼A210』，无『松江区』; http://zsb.ecupl.edu.cn/2026/0601/c8969a226419/page.htm — 2026年全日制本科生招生章程：『长宁校区地址为万航渡路1575号；松江校区地址为龙源路555号』，全文无『松江区』; https://xxgk.ecupl.edu.cn/ — 信息公开网 4 处地址均为『松江大学园区龙源路555号』，无『松江区』; https://rsc.ecupl.edu.cn/11052/list.htm — 人事处页脚同样只写『松江大学园区龙源路555号』; https://www.songjiang.gov.cn/zjsj/stepin.html — 松江区人民政府官网『走进松江』：『松江大学园区地处松江新城规划范围内,总用地约533.33万平方米』并列出华东政法大学等8所高校；『全域旅游』一节各景点多写作『位于松江区XXX路YYY号』，但未收录松江大学城／龙源路555号; https://www.songjiang.gov.cn/shsj_guangfulin/index.html — 广富林街道频道（该校所在街道），无『龙源路』; https://www.songjiang.gov.cn/govxxgk/xxgk.html、/zwgk/009007/major_construction.html、/Template/dynamic/zdly/importField.html、/zmhd/interaction.html — 松江区政府政务公开/重点领域/网上公示，均无相关条目; https://www.songjiang.gov.cn/xwzx/001001/newslist.html — 松江要闻列表，无含『龙源路555号』条目; https://www.songjiang.gov.cn/Template/zcwjku/file.html?search=龙源路555号 — 政策文件库为 JS 动态检索，无结果返回; http://search.ccgp.gov.cn/bxsearch?searchtype=1/2&kw=龙源路555号 — 中国政府采购网标题与全文检索均『共找到 0 条内容』; https://www.zfcg.sh.gov.cn/ — 上海市政府采购网首页无公告正文；http://www.ccgp-shanghai.gov.cn/ — TLS 证书校验失败（unable to verify the first certificate）; https://gaokao.chsi.com.cn/sch/schoolInfo--schId-321,categoryId-4182,mindex-2.dhtml — 阳光高考院校库 HTTP 412 Precondition Failed; https://ghzyj.sh.gov.cn/ — 上海市规划和自然资源局，公示征求意见栏无涉龙源路/华政条目; https://english.songjiang.gov.cn/living/education/257.shtml — 英文版仅写 ECUPL『one in Changning District the other in Songjiang』，未写出完整 district 名; 搜索引擎出口全部失败：cn.bing.com 返回无关结果、www.baidu.com 跳验证码、www.sogou.com 反爬 302、html/lite.duckduckgo.com 与 searx 实例 ECONNREFUSED、www.ecosia.org 403、www.mojeek.com 403、www.startpage.com 被禁、www.yandex.com 验证码",2026-09-12
PROFILE464_1,4141010078,华北水利水电大学,龙子湖校区,河南省郑州市郑东新区金水东路136号,河南省,郑州市,HARD-BLOCKED,D 功能区/大学城无法定区佐证,功能区「郑东新区」无法定县级区桥接证据：所有可及的校方与政府采购原文均只写到路名+门牌「金水东路136号」，缺少法定区名；郑州市、金水区、郑东新区三级政府网站的全文检索均为 JS/XHR 实现，未能取得可用结果。,http://search.ccgp.gov.cn/bxsearch?kw=华北水利水电大学&timeType=5 — 命中 20 条; http://www.ccgp.gov.cn/cggg/dfgg/cjgg/202609/t20260910_27304306.htm — 郑州市金水东路136号; http://www.ccgp.gov.cn/cggg/dfgg/jzxtpgg/202609/t20260904_27268363.htm — 郑州市龙子湖高校园区金水东路136号; https://www.ncwu.edu.cn/（上一轮）— 页脚仅“郑州市金水东路136号”,2026-09-12
PROFILE162_1,4132010315,南京中医药大学,汉中门校区,江苏省南京市汉中路282号,江苏省,南京市,RESOLVED,—,第二轮已取得可采来源,https://www.njucm.edu.cn/ 页脚 (汉中门校区：江苏省南京市汉中路282号，无区；仙林校区写栖霞区); http://nanjing.city8.com/education/8agl2d7a11xdbe2237_address.html (鼓楼区，第三方地图，仅线索); https://m.xflapp.com/xiaoqu/nj-6581016262795591940.html (鼓楼区，第三方房产，仅线索); 头条检索「南京市鼓楼区汉中路282号」「汉中门校区 鼓楼区」「国医堂 汉中路282号」均无官方命中,2026-09-12
PROFILE162_2,4132010315,南京中医药大学,泰州校区,江苏省泰州市医药高新技术产业开发区匡时路6号,江苏省,泰州市,RESOLVED,—,第二轮已取得可采来源,https://www.taizhou.gov.cn/qjtz/tzskfqjj/art/2023/art_05f19733a9874d5ca9dc6c6053f2d408.html → 原文「泰州医药高新区（高港区）…推行「区政合一」管理体制改革的开发区」（成功，逐字）; http://www.cmc.gov.cn/ → 站名「泰州医药高新区管委会（高港区人民政府）」，同一性印证; https://www.njucm.edu.cn/ → 页脚「泰州校区：江苏省泰州市医药高新技术产业开发区匡时路6号（邮编：225300）」（与记录门牌一致，功能区）; http://tz.njucm.edu.cn/ → 「地址：江苏省泰州市中国医药城匡时路6号 邮编：225300」; https://search.ccgp.gov.cn/bxsearch?searchtype=2&page_index=1&kw=匡时路&timeType=5 → 0 条; https://search.ccgp.gov.cn/bxsearch?searchtype=2&page_index=1&kw=泰州校区&timeType=5 → 4 条（南中医泰州校区物业服务招标/更正/中标公告），未出现法定区; https://www.tzgxq.gov.cn/ → DNS ENOTFOUND,2026-09-12
PROFILE113_4,4132010307,南京农业大学,滨江校区,江苏省南京江北新区滨江大道666号,江苏省,南京市,RESOLVED,—,第二轮已取得可采来源,https://www.njau.edu.cn/ → 官网页脚原文只有「南京江北新区滨江大道666号」（功能区），全文无浦口区等法定区; https://jjc.njau.edu.cn/xqgh/jbxxq.htm → 基建处江北新校区页「选址位于南京市江北新区」，仅功能区（此前误访的 bjxq.htm 为 404）; https://search.ccgp.gov.cn/bxsearch?searchtype=2&page_index=1&kw=滨江大道666号&timeType=5 → 命中南京农业大学采购公告，采购单位地址「江苏省南京市江北新区滨江大道666号」、行政区域「南京市江北新区」，仍无法定区; http://www.ccgp.gov.cn/cggg/zygg/gzgg/202609/t20260911_27316349.htm → 同上门牌，采购人地址为江北新区（功能区）; https://njna.nanjing.gov.cn/zjxq/xinqugaikuang/202512/t20251231_5755000.html → 江北新区与浦口区一体化融合发展、统一领导一套班子（间接桥梁）; https://zs.njau.edu.cn/ → DNS ENOTFOUND；https://binjiang.njau.edu.cn/ → DNS ENOTFOUND; https://m.sogou.com/web/searchList.jsp?keyword=江北新区滨江大道666号 浦口区 → CAPTCHA 反爬页; https://gaokao.chsi.com.cn/ → HTTP 412（WAF，院校库不可读）,2026-09-12
PROFILE113_2,4132010307,南京农业大学,白马教学科研基地,江苏南京白马国家农业科技园科技创新核心区,江苏省,南京市,RESOLVED,—,第二轮已取得可采来源,https://www.njau.edu.cn/2024/0311/c1046a128149/page.psp → 成功；标题「校长陈发棣带队赴溧水区推进深化校地合作」，含「白马基地」「溧水区」「溧水区白马镇」，但只有归属/共建表述，无地点句; https://www.njau.edu.cn/ → 页脚只有卫岗/滨江/浦口三校区地址，无白马、无溧水; https://bmjd.njau.edu.cn/ 与 /index.htm 与 /xygk.htm → 页面为空或 404（子站存在但无正文）; WebSearch → 额度已用尽,2026-09-12
PROFILE171_0,4132010291,南京工业大学,江浦校区,江苏省南京市江北新区浦珠南路30号,江苏省,南京市,RESOLVED,—,第二轮已取得可采来源,http://www.ccgp.gov.cn/cggg/dfgg/cjgg/202607/t20260729_27029934.htm → 命中：采购单位「南京工业大学」，采购单位地址「南京市浦口区浦珠南路30号」（成功，逐字）; https://search.ccgp.gov.cn/bxsearch?searchtype=2&page_index=1&kw=浦珠南路30号&timeType=5 → 命中上述成交公告; https://www.njtech.edu.cn/ → 江浦校区写「江北新区浦珠南路30号」（功能区）；同页「鼓楼区」属丁家桥/虹桥校区，非本校区; https://m.sogou.com/web/searchList.jsp?keyword=南京工业大学江浦校区 浦口区 → CAPTCHA 反爬页,2026-09-12
PROFILE1143_0,4132013842,南京理工大学泰州科技学院,办学地点（档案未命名）,江苏省泰州市梅兰东路8号,江苏省,泰州市,RESOLVED,—,第二轮已取得可采来源,https://www.nustti.edu.cn/ 与 https://www.nustti.edu.cn/cgxx2/list.htm 及招标公告详情页 (泰州市梅兰东路8号，无区); https://www.tzhl.gov.cn/xwzx/hlyw/art/2023/art_2583797030c54cdbb56fc417584063b4.html (海陵区政府：活动在该校举行，非地址); https://ditu.city8.com/taizhou/8bkebi7aa5ueb63033_address (海陵区春晖路，第三方); https://www.dxsbb.com/news/93659.html 与 http://www.027art.com/... (海陵区，第三方，仅线索),2026-09-12
PROFILE160_2,4132010293,南京邮电大学,锁金村校区,江苏省南京市龙蟠路177号,江苏省,南京市,RESOLVED,—,第二轮已取得可采来源,https://www.njupt.edu.cn/ 页脚 (南京市龙蟠路177号，无区); http://jjy.njupt.edu.cn/ 与 https://www.njupt.edu.cn/pnjupt/org/tyb/index.psp (均「(南京市龙蟠路177号)」无区); https://nanjing.city8.com/education/8ahl9h7a1n7zbd3061 (玄武区，第三方地图，仅线索); 头条检索「玄武区 龙蟠路177号」「锁金村街道 南京邮电大学」「龙蟠路177号 考点」均无官方命中,2026-09-12
PROFILE391_1,4143010555,南华大学,雨母校区,湖南省衡阳市高新区衡州大道228号,湖南省,衡阳市,HARD-BLOCKED,C 地址冲突,记录路名「衡州大道」无任何官方来源支持，官方原文为「衡祁路228号」（蒸湘区），路名不一致按口径不得采用；无法取得含「衡州大道228号」+法定区的原文，冲突未消解。,https://www.usc.edu.cn/ — 已打开；首页仅有红湘校区，页脚『地址：衡阳市常胜西路28号 邮编：421001』，全页无雨母校区; https://jsjxy.usc.edu.cn/ — 已打开；页脚『地址：中国 湖南 衡阳 常胜西路 雨母校区：湖南省衡阳市蒸湘区衡祁路228号南华大学雨母校区计算机学院 邮编:421001』; https://dqxy.usc.edu.cn/ — 已打开；页脚『雨母校区：湖南省衡阳市蒸湘区衡祁路228号南华大学雨母校区电气工程学院 电话：0734-8282125』; 搜狗(wap/m.sogou)检索『南华大学雨母校区衡州大道228号蒸湘区』 — 官方结果全部为『蒸湘区衡祁路228号』；唯一写『高新区衡州大道228号』的是第三方掌上高考 www.gaokao.cn; WebSearch(Bing/Google/Baidu/360/Yandex/DuckDuckGo/searx 多实例) — 全部验证码、限流或返回垃圾结果，无法作为来源,2026-09-12
PROFILE2628_0,4145013645,南宁理工学院,南宁校区,广西南宁市广西-东盟经济技术开发区发展大道16号,广西壮族自治区,南宁市,RESOLVED,—,第二轮已取得可采来源,https://www.nnlgxy.cn/ （上一轮）— 页脚「广西-东盟经济技术开发区发展大道16号」; http://www.wuming.gov.cn/ — 「武鸣区（含东盟经开区）」; http://www.nanning.gov.cn/ — 武鸣区政府与东盟经开区管委会分列; https://gxdmjkq.nanning.gov.cn/ — 开发区官网未写区县,2026-09-12
PROFILE59_2,4112010055,南开大学,泰达校区,天津经济开发区宏达街23号,天津市,天津市,HARD-BLOCKED,G 复核通过但未过机器门禁,找不到任何官方/政府来源在同一个可逐字引用的连续文本片段内同时给出法定区名与该校区的门牌地址。南开大学泰达学院官网（https://teda.nankai.edu.cn/1468/list.htm）正文只说「泰达学院已成为滨海新区…的聚集地」，同页页脚给出的地址是「天津经济开发区宏达街23号」，写的是功能区名（天津经济开发区）而不是法定区名；南开大学官网首页页脚同样只写「泰达校区：天津经济开发区宏达街23号 [300457]」（对比：八里台校区那条写全了「天津市南开区卫津路94号」）。因此现有引文与记录 address「天津经济开发区宏达街23号」的公共字符串为空——引文里既无「宏达街」也无「,https://teda.nankai.edu.cn/1468/list.htm — 成功；泰达学院简介，含『泰达学院已成为滨海新区高水平科研和高素质人才的聚集地』『依托滨海新区核心区位』，页脚『天津经济开发区宏达街23号　南开大学泰达学院　300457』（采用）; https://teda.nankai.edu.cn/xygk/xyjj.htm — 404 Not Found; https://www.teda.gov.cn/channels/10.html 与 https://www.teda.gov.cn/channels/1255.html — 西区园区概况仅『建区时间：2003年 规划面积：48平方公里』，无行政区划表述; https://so.toutiao.com/search?keyword=南开大学泰达学院宏达街23号 — 仅第三方转载，未采用为判据,2026-09-12
PROFILE2430_0,4136013431,南昌交通学院,黄家湖校区,江西省南昌市南昌经济技术开发区广兰大道899号,江西省,南昌市,RESOLVED,—,第二轮已取得可采来源,https://api.so-gov.cn/query/s 经开区站(siteCode=3601000081) 检索「广兰大道899号」— 9 条，全部仅「南昌经济技术开发区」; http://ncjk.nc.gov.cn/ncjkq/zfdt/202308/cc0263295d2444b5a512486ed44153fb.shtml — 「南昌交通学院 南昌经济技术开发区广兰大道899号」; https://www.nc.gov.cn/yshj/scjg/202106/5824642f4b064d29bfcfd43df15e0103/files/e97f1950e5ec41c688312285aca5896c.docx — 「南昌市广兰大道899号实验实训楼」; https://api.so-gov.cn/query/s 市站/新建区站/青山湖区站 检索「广兰大道899号」— 市站 2 条均无区名；新建区/青山湖区 0 条,2026-09-12
PROFILE2889_0,4136014437,南昌师范学院,昌北校区,江西省南昌市经济技术开发区瑞香路889号,江西省,南昌市,HARD-BLOCKED,D 功能区/大学城无法定区佐证,门牌「瑞香路889号」在全部官方来源中只与功能区「经开区/经济技术开发区」同现；唯一同句出现的法定区「青山湖区」属于另一校区（青山湖校区·学院路158号），不得替代；省教育厅自己的高校简介也未给昌北校区法定区，说明公开渠道确实缺该门牌的法定区原文。,https://api.so-gov.cn/query/s 市站 检索「瑞香路889号」— 1 条，为规划条件核实（「位于经开区瑞香路889号南昌师范学院内」）; http://www.nc.gov.cn/ncszf/ghspjg/202108/50d85e54885b4d819d5c85e722df3007.shtml — 同上，无区名; http://ncjk.nc.gov.cn/ncjkq/zfdt/202501/5675d2ea05064893a19a01dd9d0712f3.shtml — 「南昌师范学院 南昌市经济技术开发区瑞香路889号」; https://api.so-gov.cn/query/s 经开区站/新建区站 检索「瑞香路889号」— 经开区 10 条均无区名；新建区 0 条; https://api.so-gov.cn/query/s 市站 检索「南昌师范学院 青山湖区」— 仅区务新闻，无门牌级区名,2026-09-12
PROFILE909_2,4136013420,南昌职业大学,湾里校区,江西省南昌市湾里区翠岩路200号,江西省,南昌市,HARD-BLOCKED,F 历史/当前校区歧义,官方与备案来源（学校官网《基本信息》、教育部备案学校章程、江西省教育厅网上咨询）对同一门牌「翠岩路200号」一律写「湾里区」，而湾里区已撤销并入新建区且不在 allowed_districts；写法定区「新建区」的仅有第三方本地宝/地图 POI，不能单独采信；把已撤销的「湾里区」翻译成「新建区」属红线禁止的字典式换算，不得执行。,"https://www.gaokao.cn/gk-mb/121/909 掌上高考：湾里校区：江西省南昌市湾里区翠岩路200号（第三方）; 搜狗快照：阳光高考院校库「详细地址：江西省湾里区翠岩路200号(湾里校区)」（权威，但仍写湾里区）; 搜狗快照：江西省教育厅 2021-03-17「江西省南昌市湾里区翠岩路200号(湾里校区)。安义校区为主校区,目前所有专业学生均在安义校区就读」; 搜狗快照：江西省教育厅 2024-05-01 南昌职业大学院校介绍「凤凰校区、香樟校区(在建)、湾里校区3个校区」，未给区名; 搜狗快照：抖音百科引教育部批复「办学地址由『江西省南昌市安义县前进东路8号、江西省南昌市湾里区翠岩路200号』变更为…」; https://sz.bendibao.com/wangdian/dian/5447937.shtm 第三方本地宝「江西省新建区翠岩路200号(湾里校区)」——唯一写新建区，第三方不可采信; http://www.ncpu.edu.cn/ 实为「南昌工学院」站点（页脚/校园地址链接均指向南昌工学院），并非南昌职业大学官网，prior_url 有误",2026-09-12
PROFILE177_0,4136010406,南昌航空大学,前湖校区,江西省南昌市红谷滩新区丰和南大道696号,江西省,南昌市,RESOLVED,—,第二轮已取得可采来源,https://api.so-gov.cn/query/s 市站 检索「红谷滩区丰和南大道696号」— 1 条，为医保名单（同行无「红谷滩区」字样）; https://api.so-gov.cn/query/s 市站 检索「丰和南大道696号」— 2 条（专家名单公示稿 PDF、医保定点名单 xlsx），均无逐字区名; https://www.nc.gov.cn/ncszf/shbz/202505/791cae7dcc7c4229b11baa1ff15cc40e/files/2025年度南昌市医保定点医疗机构名单（截至2025年5月26日）.xlsx — 「南昌航空大学前湖校区医院 南昌市丰和南大道696号」；同表「红谷滩区丰和南大道1555号」「南昌市红谷滩新区丰和南大道2111号」; https://api.so-gov.cn/query/s 红谷滩区站(siteCode=3601130001) — 站点未接入该搜索平台，查询无结果; http://www.nc.gov.cn/ncszf/shzzxx/202606/233287bd4204454fa8619e75f19ca41d.shtml — 仅见「青山湖区上海路173号南昌航空大学」（上海路校区，与记录前湖校区无关）,2026-09-12
PROFILE2433_0,4136013433,南昌航空大学科技学院,办学地点（档案未命名）,江西省南昌市赣江新区共青城市青年大道69号,江西省,南昌市,HARD-BLOCKED,H 其他,地址中的法定县级单元是『共青城市』（九江市代管），而『赣江新区』只是功能区（红线：功能区名不是法定区），两者都不在 allowed_districts（全为南昌市各区县）中；不可能在允许闭集内给出合法 d。疑似该条分片归属有误，应归九江片。,未发起新抓取：法定区（共青城市）不在本记录 allowed_districts 内，不存在可落地的桥梁证据；prior_url 为空,2026-09-12
PROFILE3230_0,4132014493,南通师范高等专科学校,开发区校区,江苏省南通市经济技术开发区育贤路2号,江苏省,南通市,HARD-BLOCKED,D 功能区/大学城无法定区佐证,「育贤路2号」在官方来源中只与「南通经济开发区/南通经济技术开发区」同现，无任何逐字法定区；对开发区全文检索 96 条采购人地址一律写功能区；同页出现的「崇川区」只是中标供应商注册地（钟秀街道人民中路230号），与本校区无关，不得挪用。,https://www.ntnc.edu.cn/ → 页脚原文「地址：南通经济开发区育贤路2号 邮编：226010」，无崇川区/通州区; https://search.ccgp.gov.cn/bxsearch?searchtype=2&page_index=1&kw=南通经济技术开发区&timeType=5 → 96 条，采购人地址均写功能区，无一条出现崇川区/通州区; https://search.ccgp.gov.cn/bxsearch?searchtype=2&page_index=1&kw=育贤路&timeType=5 → 0 条; https://www.nantong.gov.cn/ → HTTP 473（不可达）; https://m.sogou.com/web/searchList.jsp?keyword=南通师范高等专科学校 育贤路2号 崇川区 → CAPTCHA 反爬页,2026-09-12
PROFILE1502_0,4141013781,南阳医学高等专科学校,校本部,河南省南阳市雪枫西路1106号,河南省,南阳市,RESOLVED,—,第二轮已取得可采来源,https://www.nymc.edu.cn/ — 仅「学校地址： 河南省南阳市雪枫西路1106号」，无区名; https://so.toutiao.com/search?keyword=雪枫西路1106号 — 命中官网/就业网/大学生必备网/抖音百科；仅 dxsbb 第三方写「卧龙区」; https://so.toutiao.com/search?keyword=南阳医学高等专科学校 卧龙区 雪枫西路1106号 — 结果未出现区名; https://so.toutiao.com/search?keyword=南阳医学高等专科学校 卧龙区 — 仅第三方聚合站; https://so.toutiao.com/search?keyword=南阳医专 雪枫西路 卧龙 — 未返回有效结果; https://so.toutiao.com/search?keyword=南阳医学高等专科学校 2025年招生章程 办学地址 — 仅命中 m.gaokao.cn（第三方）; https://so.toutiao.com/search?keyword=卧龙区 雪枫西路1106号 — 未返回结果; http://nymc.goworkla.cn/ — 就业信息网（第三方域名 goworkla.cn），仅街道门牌,2026-09-12
PROFILE853_0,4141011653,南阳理工学院,办学地点（档案未命名）,河南省南阳市长江路80号,河南省,南阳市,HARD-BLOCKED,C 地址冲突,带法定区的官方原文路名写作「长江东路80号」，与记录「长江路80号」路名不一致，按口径不得采用；无任何来源把「长江路80号」与「宛城区」同句写出。,https://www.nyist.edu.cn/info/1047/97269.htm → 「地址：南阳市宛城区长江东路80号」（采购人=南阳理工学院）; https://www.nyist.edu.cn/info/1047/111779.htm → 采购人信息「地址：南阳市宛城区长江东路80号」; https://www.nyist.edu.cn/info/1047/111109.htm → 「地址：南阳市长江路80号」（无「宛城区」）; https://www.nyist.edu.cn/info/1047/110439.htm → 两处「地址：南阳市长江路80号」（无「宛城区」）; https://www.nyist.edu.cn/ → 页脚「地址：河南省南阳市长江路80号 邮编：473004」，无「宛城区」; https://zsw.nyist.edu.cn/index.htm 与 /lxwm.htm → 「学校地址：河南省南阳市长江路80号」，无「宛城区」; https://rsc.nyist.edu.cn/info/1421/18279.htm → 「地址：河南省南阳市长江路80号」（人事处页脚），无「宛城区」; https://www.nyist.edu.cn/xwdt/cgxx.htm → 采购公告栏目列表（已枚举 15 条）; WebSearch → 额度已用尽,2026-09-12
PROFILE102_2,4135010384,厦门大学,漳州校区,福建省漳州招商局经济技术开发区南滨大道300号,福建省,厦门市,HARD-BLOCKED,H 其他,校区实体位于漳州市，而记录 allowed_districts 限定为厦门市六区；漳州招商局经济技术开发区又只是功能区而非法定区名。无论证据多充分，都无法在允许闭集内写出合法 d。,未另行抓取：地址所在城市（漳州市）与 allowed_districts（厦门市各区）无交集，任何来源都无法产出合法区名; https://www.bing.com/search?q=%E5%8E%A6%E9%97%A8%E5%A4%A7%E5%AD%A6%20%E6%BC%B3%E5%B7%9E%E6%A0%A1%E5%8C%BA （Bing 返回与本查询无关的结果，不可用）,2026-09-12
PROFILE102_4,4135010384,厦门大学,马来西亚分校,马来西亚雪兰莪州沙叻丁宜,福建省,厦门市,HARD-BLOCKED,H 其他,办学实体在境外（马来西亚雪兰莪州），中国法定县区概念不适用；allowed_districts 又限定为厦门市各区，无法给出合法 d。,未发起抓取：记录地址为境外（马来西亚雪兰莪州沙叻丁宜），allowed_districts 为中国大陆法定区县闭集，结构上不可能命中，抓取无意义,2026-09-12
PROFILE2418_0,4134014230,合肥信息技术职业学院,办学地点（档案未命名）,安徽省合肥市大学城九龙路115号（安徽大学新校区西门南500米）,安徽省,合肥市,HARD-BLOCKED,D 功能区/大学城无法定区佐证,门牌「九龙路115号」在全量政务/采购检索与校方页面中均不带法定区；同页邻近条目（文忠路、学林路一带）区名标注互相矛盾（新站区/新站高新区/瑶海区混用），不能据此推断本门牌所属法定区。按红线不得由功能区推法定区。,http://www.hfitu.cn/zs/newscontent/53299/（2026年招生章程）→ 『地址：合肥市大学城九龙路115号』，无区名; http://hfitu.cn/newstype1431_2020.html（信息公开）→ 『办公地址：安徽省合肥市大学城九龙路115号党政办公室』，无区名; ggzy.hefei.gov.cn 全量检索 API（wd=九龙路115号）→ total=0；wd=合肥信息技术职业学院 → 6 条均无关（肥西县节水型高校等）; 头条搜索『九龙路115号 蜀山区 合肥信息技术职业学院』→ 无写法定区的官方页面,2026-09-12
PROFILE63_1,4134010359,合肥工业大学,翡翠湖校区,安徽省合肥市经济技术开发区大学城翡翠路420号,安徽省,合肥市,HARD-BLOCKED,C 地址冲突,记录地址（翡翠路420号）在全网与公共资源交易平台零命中，官方给出的是「蜀山区丹霞路485号（合肥工业大学翡翠湖校区)」，路名与门牌均与记录不符，按口径不得采用；无法取得含「484/420号+翡翠路」且带法定区的原文。,https://rjxy.hfut.edu.cn/（合工大软件学院）→ 逐字核到『地址 : 安徽省合肥市蜀山区丹霞路485号（合肥工业大学翡翠湖校区)』; https://wgyxy.hfut.edu.cn/_t540/main.psp（合工大外国语学院）→ 『学 院 地 址：安徽省合肥市经济技术开发区大学城丹霞路485号合肥工业大学翡翠湖校区科教楼A栋第15层』（功能区表述）; https://www.hfut.edu.cn/xxgk.htm（学校概况）→ 设有屯溪路/翡翠湖/六安路校区，未给地址区划; ggzy.hefei.gov.cn 全量检索 API（wd=翡翠路420号）→ total=0；（wd=翡翠湖校区）→ 124 条均为『合肥市经开区』或无区名的招标/合同信息; 头条搜索『翡翠路420号 蜀山区 合肥工业大学』→ 无任何来源出现『翡翠路420号』,2026-09-12
PROFILE3115_1,4134014330,合肥幼儿师范高等专科学校,少荃湖校区,安徽省合肥市新站高新区文忠路2299号,安徽省,合肥市,HARD-BLOCKED,D 功能区/大学城无法定区佐证,门牌「文忠路2299号」只与功能区「新站高新区」同现；同区域内他单位区名写法互相矛盾（「合肥市新站区学林路1509号」「合肥市瑶海区岱河路682号」「合肥市新站高新区学林路1100号」并存），不能据此断定本门牌法定区。按红线不得翻译功能区，也不得用同校另一校区（学林路1100号·瑶海区）覆盖本校区。,https://zsb.hfpec.edu.cn/zsjz/gkzs.htm（招生简章）→ 『少荃湖校区地址：安徽省合肥市新站高新区文忠路2299号』，无区名; https://www.hfpec.edu.cn/（校方主页页脚）→ 『少荃湖校区地址：安徽省合肥市新站高新区文忠路2299号』，全页无法定区; ggzy.hefei.gov.cn 全量检索 API（wd=文忠路2299号）→ 1 条《合肥幼儿师范高等专科学校2026年5月政府采购意向》，仍写『少荃湖校区位于安徽省合肥市新站高新区文忠路2299号』; ggzy.hefei.gov.cn（wd=少荃湖校区）→ 合肥幼儿师范记录采购人地址为『合肥市瑶海区学林路1100号』（学林路校区，非本站校区）；另有安徽中医药大学少荃湖校区记为瑶海区（他校，不可替代）,2026-09-12
PROFILE2407_2,4134013616,合肥经济学院,大学城校区,安徽省合肥市经济技术开发区合安路218号,安徽省,合肥市,HARD-BLOCKED,D 功能区/大学城无法定区佐证,门牌「合安路218号」在官方来源中只与功能区「合肥市经济技术开发区」同现，全库检索无命中，无逐字法定区；第三方对区县归属互相矛盾，按红线不得作判据。,https://www.hfue.edu.cn/zsw/（招生网）→ 『大学城校区：合肥市经济技术开发区合安路218号』，无区名; https://www.hfue.edu.cn/col32/index.html（学校简介）→ 『安徽省合肥市经济技术开发区合安路218号（大学城校区）』，无区名; ggzy.hefei.gov.cn 全量检索 API（wd=合安路218号 / 合肥经济学院）→ total=0; 头条搜索『合肥经济学院 招生章程 办学地址 合安路218号』→ 未出现写法定区的官方页面,2026-09-12
PROFILE2407_1,4134013616,合肥经济学院,新桥校区,安徽省新站新桥国际产业园丰收大道22号,安徽省,合肥市,HARD-BLOCKED,C 地址冲突,校区实际位于淮南市寿县新桥国际产业园（法定区=寿县），寿县不在 allowed_districts（仅合肥市九区县）内；功能区名不可翻译，无任何原文可落在允许集内，故在本次判定框架下无法给出 d。,https://www.hfue.edu.cn/zsw/（合肥经济学院招生网）→ 『新桥校区：新桥国际产业园丰收大道22号』，无市/区; https://www.hfue.edu.cn/col32/index.html（学校简介）→ 『新桥国际产业园丰收大道与蜀山大道交口（新桥校区）』，与记录门牌不符且无区名; 头条搜索『新桥国际产业园 寿县 炎刘镇』『合肥经济学院 新桥校区 寿县』→ 寿县人民政府/炎刘镇政务公开：『寿县新桥国际产业园位于淮南市寿县炎刘镇』，新桥新城（炎刘镇境内）为多校集中办学区; ggzy.hefei.gov.cn 全量检索 API（wd=合肥经济学院）→ 命中 0 条,2026-09-12
PROFILE413_1,4122010208,吉林体育学院,临河校区,吉林省长春市经开区临河街5699号,吉林省,长春市,HARD-BLOCKED,C 地址冲突,官方仅以功能区名「经开区」给出该门牌；临河街沿线的法定归属官方文本分别指向南关区（临河街道办事处预算文件）与二道区（榆树市/二道区政府稿件），无任何官方文本把「临河街5699号」明确划入任一法定区，冲突未消解。,https://www.jlsu.edu.cn/ — 上一轮已抓取，临河校区只写「长春市经开区临河街5699号」（功能区）; 长春市政府站群检索『临河街5699号』 → http://tyj.changchun.gov.cn/wyyd/tzjcz/202501/t20250106_3372822.html（第2检测站 经开区 临河街5699号（吉林体育学院临河校区））; 长春市政府站群检索『临河街道办事处』 → http://www.cetdz.gov.cn/zw/zdlyxx/czxx/js/202606/t20260630_3497215.html（长春市南关区临河街道办事处2026年度部门预算）、http://www.cetdz.gov.cn/zw/zjzf/jgzn/202306/t20230616_3183660.html（经开区机构设置含临河街道办事处）; 长春市政府站群检索『临河街』 → http://www.yushu.gov.cn/xxgk/jcgk/zdxm/202609/t20260911_3511695.html（长春市经济开发区临河街5445号）、http://www.yushu.gov.cn/xxgk/jcgk/zdxm/202609/t20260901_3509056.html（长春市二道区临河街旺角综合楼123号房）、http://erdao.changchun.gov.cn/gzdt/zwdt/202608/t20260825_3507902.html（二道区自由大路与临河街交会京东MALL）、http://www.cetdz.gov.cn/zw/ggxx/tzgg/202608/t20260818_3506689.html（经开区南湖大路以南、临河街以东）; 长春市政府站群检索『二道区临河街道』 → 0 结果; 长春市政府站群检索『临河街道派出所』 → 0 结果; so.toutiao.com 检索『吉林体育学院临河校区 临河街5699号 属于哪个街道』 → 仅第三方站点（gaokao.cn、dxsbb、baike.com/掌上高考）给出同一条功能区地址，按来源阶梯只作线索,2026-09-12
PROFILE1014_0,4122011439,吉林农业科技学院,九站校区,吉林省吉林市吉林经济技术开发区翰林路77号,吉林省,吉林市,RESOLVED,—,第二轮已取得可采来源,http://www.jleda.gov.cn/ 首页→栏目扫描：可达，找到文物名录栏目; http://www.jleda.gov.cn/tzgg/202608/t20260814_1332343.html 不可移动文物名录：可达，逐字含「翰林路 77号」，无昌邑区（昌邑=0）; http://www.jleda.gov.cn/tzgg/202606/t20260617_1325568.html 文物安全直接责任人公告：可达，昌邑=0; http://www.jleda.gov.cn/zwyw/index_1..10.html 政务要闻归档逐页扫描：无文物条目; http://www.jlscy.gov.cn/ 昌邑区政府官网→站内搜索(was5) 检索「九站街道」：命中《区划变更》; http://www.jlscy.gov.cn/zjcy/201706/t20170613_61740.html 《区划变更》：可达，原文证明九站街道1998年已划出昌邑区; https://www.jlnku.edu.cn/ 及 wsb.jlnku.edu.cn / szjyb.jlnku.edu.cn：官网只写「吉林市吉林经济技术开发区翰林路77号」，无昌邑区; 头条搜索(so.toutiao.com) 多个组合查询：仅媒体转述含昌邑区; search.ccgp.gov.cn：返回『频繁访问!』被限流,2026-09-12
PROFILE400_2,4122010192,吉林化工大学,双吉校区,吉林省吉林市经济技术开发区双吉街,吉林省,吉林市,RESOLVED,—,第二轮已取得可采来源,https://www.jluct.edu.cn/ 官网及采购/商铺招租公告：只写经开区; http://www.jlscy.gov.cn/zjcy/201706/t20170613_61740.html 《区划变更》：载2016-12-25双吉街道划归经开区代管; http://www.jleda.gov.cn/ 政务要闻/通知公告归档扫描：未发现双吉街法定区表述; 头条搜索『双吉街民航路 昌邑区』『吉林化工大学 双吉校区 哪个区』：仅第三方/打卡帖,2026-09-12
PROFILE1047_0,4122013706,吉林医药学院,办学地点（档案未命名）,吉林省吉林市吉林大街5号,吉林省,吉林市,RESOLVED,—,第二轮已取得可采来源,https://www.jlmu.cn/ 与 https://www.jlmu.cn/xxgk/xxjj.htm 、/zsjy1.htm — 200，均『地址：吉林省吉林市吉林大街5号』，无区名; https://xzs.jlmu.cn/ 、https://xzs.jlmu.cn/lxwm.htm 、https://xzs.jlmu.cn/info/1111/3889.htm（2026招生章程）— 200，仅『吉林国家高新技术产业开发区』功能区; https://xxgk.jlmu.cn/ 、/info/1022/6661.htm（省级政府采购信息公开汇总）、/info/1031/6241.htm（招聘公告）— 200，无『丰满区』; http://www.jlfm.gov.cn/ 与 /zjfm/fmqjj/（丰满区区情简介）、xxgk.jlfm.gov.cn 多个信息公开页 — 均未出现吉林医药学院; so.toutiao.com 精确短语『吉林市丰满区吉林大街5号』— 0 条结果,2026-09-12
PROFILE390_2,4122010203,吉林师范大学,长春校区,吉林省长春市高新区卓越大街399号,吉林省,长春市,RESOLVED,—,第二轮已取得可采来源,https://www.jlnu.edu.cn/ — 上一轮已抓取，长春校区只写『高新技术产业开发区卓越大街399号』（功能区）; 长春市政府站群检索『卓越大街』 → http://chaoyang.changchun.gov.cn/zwgk/zfxxgkzl/zfxxgkbmcyd/202211/t20221123_3089129.html（朝阳区…卓越大街交汇）、http://hjj.changchun.gov.cn/ywdt/zwdt/xqcz/202405/t20240531_3313219.html（已打开，逐字『对朝阳区生态环境问题开展督导抽查』『铁塔路与卓越大街交汇』）; 长春市政府站群检索『超强社区』 → 硅谷街道超强社区属长春新区/高新区（功能区）表述，旁证卓越大街一带为高新区南区; 长春市政府站群检索『吉林师范大学卓越大街』 → 0 结果,2026-09-12
PROFILE395_0,4122010191,吉林建筑大学,办学地点（档案未命名）,吉林省长春市净月开发区新城大街5088号,吉林省,长春市,RESOLVED,—,第二轮已取得可采来源,http://www.jingyue.gov.cn/hd/zxtsbd_43424/202212/t20221228_3100640.html — 已抓取并逐字核对（官方答复：吉林建筑大学属于福祉街道办事处银杏社区）; http://zwgk.changchun.gov.cn/jy/jdbsc/jygxjscykfqfzjdbsc/zfxxgkzn/202104/t20210415_2796419.html — 已抓取并逐字核对（『四、政府信息公开机构 长春市南关区福祉街道办事处』）; http://mzt.jl.gov.cn/mztyw_74291/qhdm/fgwj/202304/t20230410_8691337.html — 吉民行批〔2023〕1号（南关区调整福祉等5个街道、增设永顺等3个街道）; 长春市政府站群检索『银杏社区』 → http://www.jingyue.gov.cn/zw/gggs/202309/t20230904_3223971.html、http://gaj.changchun.gov.cn/sy/tztg/202309/t20230905_3224256.html（永顺街道办事处含银杏社区）、http://www.jingyue.gov.cn/zw/zdly/zdly_publiccul/202111/t20211124_2942800.html、http://zwgk.changchun.gov.cn/jy/jdbsc/jygxjscykfqfzjdbsc/zfxxgkml/202309/t20230925_3230284.html（2022年度长春市南关区福祉街道办事处部门决算公开）; 长春市政府站群检索『新城大街5088号』 → 仅命中净月高新区主任信箱该条,2026-09-12
PROFILE1606_0,4122011441,吉林警察学院,净月校区,吉林省长春市长春净月高新技术产业开发区博硕街道博硕社区博硕路1399号,吉林省,长春市,HARD-BLOCKED,D 功能区/大学城无法定区佐证,净月高新技术产业开发区为功能区，不属 allowed_districts 中任一法定区；记录地址有路名+门牌（博硕路1399号），不得走 name 挂钩，也不得自行把功能区翻译成法定区。可及的一手来源（学校官网）只写「净月经济开发区博硕路1399号」；第三方（邮编库标二道区、城市吧地图）与另一第三方（南关区）互相矛盾，均为地图/邮编类第三方，红线禁用。,https://www.jljcxy.edu.cn/ 官网地址栏：净月经济开发区博硕路1399号（无区）; https://gaokao.chsi.com.cn/ 阳光高考院校库：HTTP 412 拒绝访问; 头条搜索『博硕路1399号』『吉林省长春市二道区博硕路1399号』『吉林警察学院 博硕路1399号 考点』：命中邮编库(二道区)、城市吧地图，均第三方且与「南关区」说法冲突,2026-09-12
PROFILE412_0,4122010207,吉林财经大学,办学地点（档案未命名）,吉林省长春市净月大街3699号,吉林省,长春市,HARD-BLOCKED,D 功能区/大学城无法定区佐证,净月大街横跨二道区/南关区且沿线由净月开发区（功能区）管理；已查到的区属写法都对应不同门牌（258号、4775号、净月大街与永顺路交会），门牌不符不得套用；以道路或不动产单元号（220102…）推区属均为红线禁用的推断。所有一手/政府来源对 3699 号只到路名与功能区。,https://zsb.jlufe.edu.cn/ — 上一轮已抓取，页脚「吉林省长春市净月大街3699号」; 长春市政府站群检索『净月大街3699号』 → http://tyjrswj.changchun.gov.cn/hdjl/lyzx/202207/t20220708_3036388.html（仅路名，无区划）; 长春市政府站群检索『净月大街』 → http://www.yushu.gov.cn/xxgk/jcgk/zdxm/202609/t20260911_3511701.html（长春市二道区净月大街258号）、http://gzj.changchun.gov.cn/ywpd/bdcdj/bdcdj/202608/t20260827_3508338.html（净月开发区净月大街4775号，单元号220102…）、http://wglj.changchun.gov.cn/zjwgl_44812/ysczhyc/202608/t20260823_3507435.html（长春市南关区净月大街与永顺路交会）; 长春市政府站群检索『吉林财经大学』 → 均为活动/志愿类报道，无地址与法定区; so.toutiao.com 检索『净月大街3699号属于哪个街道』 → 无官方结果,2026-09-12
PROFILE1927_1,4141012750,周口职业技术学院,中州校区,河南省周口市中州大道北段455号,河南省,周口市,HARD-BLOCKED,E 无权威来源,学校自身来源一律省略法定区；周口市/川汇区政府公开渠道未检索到把「中州大道北段455号」与「川汇区」并列的权威文本（404/仅活动新闻）。,https://zs.zkvtc.edu.cn/info/1014/1784.htm → 逐字确认中州校区地址，但全页无法定区名; https://zs.zkvtc.edu.cn/info/1029/3052.htm（2026年招生章程）→ 办学地点只写开元大道1号、文昌大道东段，无区名; https://www.zkvtc.edu.cn/info/1033/8594.htm、8590.htm → 中州校区墙体维修/监控重建项目公告，采购人地址为「周口市川汇区开元大道1号」（开元校区），非中州校区地址; 整站爬取 www.zkvtc.edu.cn 220 页 + zs.zkvtc.edu.cn 50 页 → 无「中州大道」字样，无区名; https://zfcg.henan.gov.cn/henan/search?q=川汇区中州大道北段 → 0 条; https://so.toutiao.com/search?keyword=周口职业技术学院中州校区 中州大道北段455号 川汇区 → 仅第三方页面与搜索建议，无官方原文,2026-09-12
PROFILE1927_2,4141012750,周口职业技术学院,文昌校区,河南省周口市文昌大道东段,河南省,周口市,HARD-BLOCKED,E 无权威来源,所有可及来源对文昌校区均只给路名不给区；周口市/川汇区/淮阳区政府渠道未命中该路段的法定区归属。,https://zs.zkvtc.edu.cn/info/1029/3052.htm、info/1006/2974.htm → 招生章程确认「文昌校区：河南省周口市文昌大道东段」，无区名; https://www.zkvtc.edu.cn/ 及 info/1032、info/1033 各页 → 页脚仅「文昌大道东段（文昌校区）」，无区名; 整站爬取 www.zkvtc.edu.cn 220 页 + zs.zkvtc.edu.cn 50 页 → 无区名; https://so.toutiao.com/search?keyword=周口职业技术学院 文昌校区 文昌大道东段 川汇区 → 命中的「河南省周口市川汇区文昌大道中段6号」属周口师范学院（zknu.edu.cn），非本校区，且为「中段」与记录「东段」不符,2026-09-12
PROFILE2649_0,4115014283,呼伦贝尔职业技术学院,办学地点（档案未命名）,呼伦贝尔市中心城新区规划3道街,内蒙古自治区,呼伦贝尔市,HARD-BLOCKED,A 上一轮独立复核未通过,唯一能把该校与该地址挂钩的政府记录只用功能区名『中心城新区』（乃至『市辖区』），没有任何来源在同一可引用原文中给出法定区『海拉尔区』+该校地址；ccgp 行政区域的『海拉尔区』与『市辖区』互相冲突，无法据以定区，而功能区→法定区的翻译属绝对红线。证据不足以落库。,https://www.so.com/s?q=呼伦贝尔职业技术学院 地址 海拉尔区 中心城新区 规划3道街 (发现 ccgp 公告); http://search.ccgp.gov.cn/bxsearch?...kw=呼伦贝尔职业技术学院&2024 (列出2024年公告); http://www.ccgp.gov.cn/cggg/dfgg/jzxcs/202411/t20241106_23543183.htm (命中：采购单位地址=记录地址；行政区域=海拉尔区); http://www.ccgp.gov.cn/cggg/dfgg/gzgg/202609/t20260908_27285131.htm (采购单位地址仅“新城区规划三街”，无区名); https://www.hlbrzy.com/ (官网证书校验失败，未能打开); https://www.so.com/s?q=呼伦贝尔职业技术学院 招生章程 海拉尔区 规划三道街 (仅第三方),2026-09-12
PROFILE2243_0,4161013946,咸阳职业技术学院,办学地点（档案未命名）,陕西省咸阳市沣河新区统一大道,陕西省,咸阳市,HARD-BLOCKED,D 功能区/大学城无法定区佐证,咸阳市、秦都区政府网站检索接口（/so/s?qt=、irs-c-web）依赖 api.so-gov.cn，本机出口 IP 被平台封禁（返回「当前网络地址已被禁用」）；省站检索页为 Vue 前端、结果需 XHR，未找到可用服务端端点。学校官网仅写「西咸新区沣西新城统一大道」功能区，无任何 allowed 法定区。,http://www.xypi.edu.cn/ (curl 200，首页页脚只得功能区地址); 咸阳职业技术学院章程页 (只得「陕西省西安市西咸新区沣西新城统一大道」); so-gov.cn 咸阳站 6104000004 检索「沣西新城 秦都区」：仅有其他单位的一般性案例，无本校桥梁,2026-09-12
PROFILE763_0,4123011635,哈尔滨信息工程学院,哈东校区,黑龙江省哈尔滨市宾西技术开发区大学城9号,黑龙江省,哈尔滨市,HARD-BLOCKED,D 功能区/大学城无法定区佐证,独立裁决驳回：全页「宾县」6 处全部落在会议名「…进校园宾县工作推进会」与参会机构名（宾县医疗保障局/中心/教育局）里；「哈东校区」仅 1 处且不带任何区划归属；本条地址的锚（宾西技术开发区、大学城、9号）全页零命中。该 PDF 是校方学生处的公众号推文导出稿，不是区划认定文书。,https://xsc.greathiit.com/ — 打开成功，页脚得哈东校区地址（仅功能区）; https://xsc.greathiit.com/uploadfile/2025/1024/20251024150003745.pdf — 下载并提取文本，得「在我校哈东校区……宾县医疗保障局……宾县教育局……」，属地线索但无「位于宾县」表述; https://www.greathiit.com/ — 打开成功，官网首页/新闻无任何校区法定区信息; http://www.chinabx.gov.cn/hebbx/c109514/binxian.shtml — 宾县概况未提宾西开发区/大学城; https://so.toutiao.com/search?keyword=宾县宾西经济技术开发区大学城9号 — 结果仅复现学校官网地址，无法定区来源,2026-09-13
PROFILE763_1,4123011635,哈尔滨信息工程学院,江北校区,黑龙江省哈尔滨市利民开发区学院路950号,黑龙江省,哈尔滨市,RESOLVED,—,第二轮已取得可采来源,https://xsc.greathiit.com/ — 打开成功，确认本校江北校区地址「利民开发区学院路950号」（无法定区）; http://www.hxzzxx.com/ — 打开成功，得「学校地址 黑龙江省哈尔滨市呼兰区利民开发区学院路950号」（同址、含法定区）; http://www.hulan.gov.cn/hebhlq/mlhl/meilihulan.shtml — 打开成功，得「市政府批复呼兰区设立呼兰、兰河、腰堡和利民4个街道」; https://so.toutiao.com/search?keyword=哈尔滨信息工程学院 呼兰区 学院路950号 — 第三方（携程）亦写「黑龙江省哈尔滨市呼兰区利民西六大街学院路950号」,2026-09-12
PROFILE429_1,4123010226,哈尔滨医科大学,大庆校区,黑龙江省大庆市高新区新阳路39号,黑龙江省,大庆市,HARD-BLOCKED,D 功能区/大学城无法定区佐证,大庆高新区为功能区；新阳路在《大庆市市区城镇土地级别和基准地价的通知》与《大庆市声环境功能区划分》中同时出现在「萨尔图区、龙凤区」及「龙凤区」的边界描述中，属跨区边界道路，无法确定 39 号所处区属，且不得据此推断。学校与政府来源均未把该门牌与法定区同句写明。,https://zsw.hmudq.edu.cn/ — 打开成功，得「地址：黑龙江省大庆市高新区新阳路39号」（仅功能区）; https://www.hrbmu.edu.cn/ — 上一轮已核，本站只列本部地址（南岗区保健路157号），无大庆校区地址; https://so.toutiao.com/search?keyword=萨尔图区新阳路39号 — 无相关结果; https://so.toutiao.com/search?keyword=哈尔滨医科大学大庆校区 高新区新阳路39号 龙凤区 — 仅复现学校官网地址，无法定区来源,2026-09-12
PROFILE624_0,4113010099,唐山师范学院,大学道校区,河北省唐山市建设北路156号,河北省,唐山市,RESOLVED,—,第二轮已取得可采来源,https://www.tstc.edu.cn/ → 页脚「唐山市高新区建设北路156号」，「路北区」0 命中; https://www.tstc.edu.cn/xxgk/xxzc.htm → 章程第二条仅「高新技术开发区建设北路156 号」; https://gzc.tstc.edu.cn/ 及 /info/1071/6835.htm → 公告写「唐山师范学院（建设北路156号）」；「路北区」仅用于代理机构地址; https://www.so.com/s?q=唐山师范学院 路北区 建设北路 → 首条命中但结果均为 360地图/工商名录/AI 摘要等第三方,2026-09-12
PROFILE624_1,4113010099,唐山师范学院,学院路校区,河北省唐山市学院路41号,河北省,唐山市,HARD-BLOCKED,E 无权威来源,两处“路北区+学院路41号”来源均不可引用：政府站(唐山共产党员网)正文已404；微信公众号的 mp.weixin.qq.com 地址被 weixin.sogou 反爬拦截无法解析。学校官方来源反而只给功能区「高新技术开发区」。,https://www.tstc.edu.cn/xxgk/xxzc.htm → 章程仅称「设有学院路校区和建设路校区」，无学院路校区地址; https://www.tstc.edu.cn/ → 页脚只有建设北路156号，无学院路校区信息; https://www.so.com/s?q=唐山师范学院 学院路41号 → 结果只有第三方院校库/AI 摘要，且未给法定区,2026-09-12
PROFILE3334_0,4113014586,唐山幼儿师范高等专科学校,办学地点（档案未命名）,河北省唐山市高新技术开发区京唐智慧港,河北省,唐山市,HARD-BLOCKED,D 功能区/大学城无法定区佐证,记录地址「河北省唐山市高新技术开发区京唐智慧港」只含功能区名，无路名、无门牌；且「高新技术开发区」不是法定县级行政区。唐山高新区官网原文自证「高新区辖区面积100.3平方公里，位于唐山市中心区，由中心区、老庄子镇、京唐智慧港三部分组成」——同一功能区跨多个法定区，禁止做「高新区=某区」的字典式换算，也无法唯一映射。校方全部官方页面（学校主页、党政办公室 dbxb.tsyzh.edu.cn、tsyzh.edu.cn）一律只写「河北省唐山市高新技术开发区京唐智慧港」，「路北区/路南区/丰润区」0 命中。该记录 campus 字段为占位符「办学地点（档案未命名）」，无法满足校区名挂钩例外要求的「含本,https://www.tsyzh.edu.cn/ → 页脚仅「学校地址：河北省唐山市高新技术开发区京唐智慧港」，无任何法定区名; https://www.tsyzh.edu.cn/xxgk/xxjj.htm → 简介只写「整合搬迁到唐山市高新区新校址」，无区名; https://www.tsyzh.edu.cn/xxgk/xxzc.htm → 页面未渲染出章程正文，仅页脚地址，无区名; https://zhaosheng.tsyzh.edu.cn/ 及 /info/1051/1570.htm（2026招生章程）→ 地址仍为「高新技术开发区京唐智慧港」; https://www.so.com/s?q=唐山幼专 京唐智慧港 哪个区 → 302 跳转验证码，未取得结果,2026-09-12
PROFILE1100_0,4141013782,商丘医学高等专科学校,办学地点（档案未命名）,河南省商丘市城乡一体化示范区迎宾路666号,河南省,商丘市,HARD-BLOCKED,D 功能区/大学城无法定区佐证,记录地址只有功能区「城乡一体化示范区」+迎宾路666号；「城乡一体化示范区」非法定县级行政区，且商丘市城乡一体化示范区跨睢阳区、梁园区（并含虞城县部分区域），无法唯一映射到 allowed_districts 中的任一法定区。学校官网联系页与招生材料一律只写「城乡一体化示范区迎宾路666号」；政府侧（商丘市政府、睢阳区政府、商丘公共资源交易中心）可检索到的地址表述同样不含法定区名。地址含路名+门牌，校园名挂钩例外被明确禁止。,https://www.sqyx.edu.cn/ → 页脚“河南省商丘市城乡一体化示范区迎宾大道666号”; http://www.sqyx.edu.cn/zs/ → 页脚“地址：河南省商丘市城乡一体化示范区迎宾路666号”; https://so.toutiao.com/search?keyword=商丘医学高等专科学校 地址 睢阳区 梁园区 → 仅地图地址卡“城乡一体化示范区迎宾路666号”，无任何法定区名; https://so.toutiao.com/search?keyword=商丘医学高等专科学校 迎宾大道 睢阳区 → 仅得出“睢阳区法院网”，与本校无关; http://search.ccgp.gov.cn/bxsearch?searchtype=1&page_index=1&kw=商丘医学高等专科学校&timeType=6 → 500,2026-09-12
PROFILE1161_0,4141013500,商丘工学院,长江路校区,河南省商丘市睢阳大道中段236号,河南省,商丘市,HARD-BLOCKED,E 无权威来源,学校来源一律省略法定区；政府来源只有与学校的活动类新闻，不含该校区地址的法定区归属；示范区管委会页面把该校(及附属学校)与功能区关联，恰恰不能作为法定区依据。,https://www.sqgxy.edu.cn/ — 首页三校区地址，仅「长江路校区：商丘市睢阳大道中段236号」，无区名; http://www.sqgxy.edu.cn/21/list.htm — 学校简介，同三校区地址，无区名; https://www.sqgxy.edu.cn/19/list.htm — 招标/公示列表，正文仅校区名，无区名; http://www.sqgxy.edu.cn/2026/0701/c66a51587/page.htm — 三校区升级改造招标公告，无区名; https://so.toutiao.com/search?keyword=商丘工学院 睢阳大道中段236号 睢阳区 — 无区名; https://so.toutiao.com/search?keyword=商丘工学院睢阳大道中段236号 — 未返回结果; https://so.toutiao.com/search?keyword=商丘工学院 睢阳区 — 头条返回「抱歉，未找到相关结果」,2026-09-12
PROFILE1161_1,4141013500,商丘工学院,阳光路校区,河南省商丘市阳光路188号,河南省,商丘市,HARD-BLOCKED,E 无权威来源,唯一把「阳光路」与行政单元关联的官方文本指向的是「城乡一体化示范区」(功能区)，不得作为法定区；商丘工学院阳光路188号本身无法定区证据，也无法用同校其他校区之区覆盖。,https://www.sqgxy.edu.cn/ — 「阳光路校区：商丘市阳光路188号」，无区名; http://www.sqgxy.edu.cn/21/list.htm — 学校简介，同址，无区名; https://www.sqgxy.edu.cn/19/list.htm — 招标公告列表，无区名; http://www.sqgxy.edu.cn/2026/0701/c66a51587/page.htm — 含阳光路校区标段，无区名; https://so.toutiao.com/search?keyword=商丘工学院阳光路校区 — 仅显示校区相关搜索词，无区名,2026-09-12
PROFILE2245_0,4161013948,商洛职业技术学院,办学地点（档案未命名）,陕西省商洛市商鞅大道西段丹南新区,陕西省,商洛市,RESOLVED,—,第二轮已取得可采来源,http://www.slzyjsxy.com/ (curl 200，页脚只得功能区地址); so-gov.cn 商洛站 6110000040 检索「商洛职业技术学院 商州区」：无把本校门牌列入法定区的原文,2026-09-13
PROFILE1781_0,4133012874,嘉兴职业技术学院,办学地点（档案未命名）,浙江省嘉兴市桐乡大道547号,浙江省,嘉兴市,HARD-BLOCKED,D 功能区/大学城无法定区佐证,地址含路名+门牌（桐乡大道547号），校区名挂钩例外被禁止。政府来源侧：嘉兴市卫健委双随机检查公示原文写「浙江省嘉兴市经济技术开发区城南街道桐乡大道547号嘉兴职业技术学院16号学生公寓底楼」——只给功能区+街道，不给法定区；嘉兴市卫生监督公示写「嘉兴职业技术学院 浙江省嘉兴市桐乡大道547号」；学校官网页脚写「地址:浙江省嘉兴市桐乡大道547号」。全部分区级证据只出现在百度百科/商业站/地图 POI（被排除）。嘉兴经开区城南街道的法定归属（南湖区 vs 秀洲区）不得由「路通常属于某区」或功能区名称推断，故无法在 allowed_districts 中定值。,"https://www.jxvtc.edu.cn/ → HTTP 200，页脚「地址:浙江省嘉兴市桐乡大道547号」，全文无秀洲区/南湖区; https://www.jxvtc.edu.cn/zbcg.htm → HTTP 200，招标公告均为「嘉兴市桐乡大道547号」，无区名; https://zjw.jxvtc.edu.cn/ → HTTP 200，出现「单位地址：嘉兴市经开区桐乡大道547号」（功能区，不可用）; http://www.jxvtc.edu.cn/xyqf/jjxx.htm 及 /xxzl/gfwx.htm → 仅页脚门牌，无区名; https://www.jxvtc.edu.cn/info/1471/5552.htm 等招标详情页 → 正文为空/无区名; https://gaokao.chsi.com.cn/zsgs/zhangcheng/listVerifedZszc--infoId-7655985882,method-view,schId-1348.dhtml → HTTP 412 反爬拦截",2026-09-12
PROFILE2082_0,4151014010,四川中医药高等专科学校,主校区,四川省绵阳市教育中路1号,四川省,绵阳市,HARD-BLOCKED,D 功能区/大学城无法定区佐证,四川省教育考试院官方页面原文：「办学地点 四川省绵阳市教育中路 1号(南园)、四川省绵阳市教育中路 2号(北园)、四川省绵阳市涪城区玉龙北街21号」——「涪城区」只挂在玉龙北街21号（另一园区）上，主校区「教育中路1号(南园)」在任何官方/政府来源中都没有法定区名。禁止用同校另一校区的地址覆盖本校区，故不能把涪城区判给教育中路1号。学校官网页脚「学校地址：四川省绵阳市教育中路1号」同样无区名（页脚公网安备号 510703 属区划代码推断，与「邮编/区号推断」同类，明令禁止）。地址含路名+门牌，校区名挂钩例外不可用。,"https://www.scctcm.edu.cn/ — 页脚「学校地址：四川省绵阳市教育中路1号 邮政编码：621000」，无区名; https://www.scctcm.edu.cn/xxgk1/xxjj.htm — 学校简介：只有「教育中路1号」，无「涪城区/游仙区/安州区」; https://www.scctcm.edu.cn/xxgk1/xydh.htm — 校园导航：仅地址一行，无区名; https://www.scctcm.edu.cn/info/1003/5238.htm — 学校历史：仅地址一行，无区名; http://zs.scctcm.edu.cn/ 及 http://zs.scctcm.edu.cn/info/1006/6003.htm — 2026高职单招简章：仅页脚「四川省绵阳市教育中路1号」; http://zs.scctcm.edu.cn/info/1006/6024.htm — 9+3单招章程：南园「教育园区教育中路1号」、北园「教育园区教育中路2号」、西园「涪城区玉龙北街21号」；涪城区只属西园; http://www.ccgp.gov.cn/cggg/dfgg/cjgg/202609/t20260911_27313228.htm — 采购人地址「教育园区教育中路1号」，无区名; http://www.ccgp.gov.cn/cggg/dfgg/cjgg/202607/t20260724_27001817.htm — 采购人地址「教育园区教育中路1号」，无区名; http://www.ccgp.gov.cn/cggg/dfgg/jzxcs/202310/t20231018_20898130.htm — 行政区域字段为「市辖区」，采购人地址「四川省绵阳市教育中路1号」，非合法定区; http://www.ccgp.gov.cn/cggg/dfgg/cjgg/202407/t20240722_22692782.htm — 行政区域「市辖区」，采购人地址「绵阳市教育园区教育中路1号」; https://www.sceea.cn/GZDZ/Html/140100.html — 四川省教育考试院转载章程：办学地点同上，无区名; https://gaokao.chsi.com.cn/sch/schoolInfo--schId-1134119,categoryId-1134121,mindex-1.dhtml — 阳光高考院校库（经搜索引擎摘要）：主校区「四川省绵阳市教育中路1、2号」，无区名；直接抓取返回 412 无法打开; 绵阳市政府绵府批复〔2022〕166号（经搜索摘要见文，未获可打开原文）— 只说明由涪城区政府代表市政府向该校颁发国有建设用地划拨决定书，未写教育中路1号，属间接线索",2026-09-12
PROFILE801_1,4151013816,四川工业科技学院,绵竹校区,四川省德阳市绵竹新市经济开发区,四川省,德阳市,HARD-BLOCKED,D 功能区/大学城无法定区佐证,记录地址「四川省德阳市绵竹新市经济开发区」无路名、无门牌，本应走校区名挂钩例外，但例外要求 evidence_quote 同句内出现法定区名——校方官网原文只有「（绵竹校区）四川德阳绵竹新市经济开发区 邮编：618209」，「绵竹」后无「市」字，法定区名「绵竹市」不逐字出现；且该表述整体是功能区（新市经济开发区）+县级市简称的混合，不能据官方页面缺字补全后当作法定区佐证。学校招生网、德阳市政府、绵竹市政府侧均未取得把「绵竹市」与「绵竹校区/新市经济开发区」同句写出的政府文件。,https://www.scit.edu.cn/ (WebFetch) — 打开成功，原文「（罗江校区）四川德阳罗江大学路59号 邮编：618500  （绵竹校区）四川德阳绵竹新市经济开发区 邮编：618209」，全文无「绵竹市」; https://zsw.scit.edu.cn/ (curl) — 打开成功，页脚同一内容; Toutiao 关键词「四川工业科技学院 绵竹校区 地址」「四川工业科技学院绵竹校区 在绵竹市哪里」 — 无「绵竹市」+门牌的官方原文; http://www.mianzhu.gov.cn/ (WebFetch) — getaddrinfo ENOTFOUND，无法核查绵竹市政府站,2026-09-12
PROFILE788_0,4151012963,四川托普信息技术职业学院,办学地点（档案未命名）,四川省成都市高新区西区大道2000号,四川省,成都市,HARD-BLOCKED,E 无权威来源,校方与政府两侧均无任何原文把「西区大道2000号」放进某个法定县级行政区；记录地址仅提到功能区「成都高新区」，按红线不得由功能区反推法定区。,https://www.scetop.com/ 与 http://www.scetop.com/ (curl) — 均只返回 2524 字节 JS 壳页，标题「四川托普信息技术职业学院」，正文无地址; Toutiao 关键词「四川托普信息技术职业学院 地址 西区大道2000号 官网」「四川托普信息技术职业学院 西区大道2000号」 — 官网快照与自媒体均无地址；带法定区的表述一条也没有,2026-09-12
PROFILE2504_0,4151014176,四川现代职业学院,办学地点（档案未命名）,四川省成都市西南航空港华创路1号,四川省,成都市,HARD-BLOCKED,G 复核通过但未过机器门禁,仲裁接受但未过机器门禁: 引文挂不到本条地址 '四川省成都市西南航空港华创路1号'（该记录有路名/门牌，不允许用校区名挂钩）,https://www.scmvc.cn/SiteHtml/1938/ → 打开成功，正文含「位于成都市双流区」，页脚含「华创路1号」（采用）; https://www.scmvc.cn/ → 仅站名无地址,2026-09-12
PROFILE2090_0,4151014070,四川科技职业学院,天府校区,天府新区视高经济开发区花海大道大学路1号,四川省,成都市,HARD-BLOCKED,D 功能区/大学城无法定区佐证,记录把该校区放在成都市，但地址「天府新区视高经济开发区花海大道大学路1号」中的「视高」实际隶属眉山市仁寿县（天府新区眉山片区），不在本记录 allowed_districts（成都市 20 个区县）之内；「天府新区」为功能区非法定区，禁止换算。因此即使取得带法定区名的政府来源，其 d 也必然是仁寿县，越界无法落库；本分片内该记录不可解，属上游城市归属错误。地址含路名（花海大道/大学路）+门牌1号，校区名挂钩例外不适用。,https://www.scstc.cn/ (curl，跟随 301) — 打开成功，页脚原文「学校地址： 四川省天府新区视高经济开发区花海大道大学路1号 四川省环天府新区天府大道陵州大学城1号」; http://www.scstc.cn/ (curl) — 301 到 https，同上; Toutiao 关键词「四川科技职业学院天府校区 视高 仁寿县」 — 命中仁寿县人民政府、眉山市政府相关页，指向仁寿县（眉山市）; Toutiao 关键词「四川科技职业学院 各校区地址 天府校区 仁寿校区 邮编」 — 第三方列出天府校区邮编 620500（仁寿）,2026-09-12
PROFILE2090_1,4151014070,四川科技职业学院,环天府校区,环天府新区天府大道陵州大学城1号,四川省,成都市,HARD-BLOCKED,D 功能区/大学城无法定区佐证,该校区物理地址在眉山市仁寿县（陵州=仁寿古称，视高属仁寿），而本条 allowed_districts 只列成都市各区县，闭集内不存在可落的法定县级行政区；同时所有官方原文只写功能区「环天府新区」，无任何含法定区名的原文。,https://www.scstc.cn/ (curl，跟随 301) — 打开成功，页脚原文含「四川省环天府新区天府大道陵州大学城1号」; Toutiao 关键词「四川科技职业学院环天府校区 陵州大学城 仁寿」 — 命中山寨/第三方称其为「仁寿校区」，并给出后接地址「仁寿校区(环天府…)」; Toutiao 关键词「四川科技职业学院 各校区地址 天府校区 仁寿校区 邮编」 — 第三方汇总页将环天府校区记为仁寿校区,2026-09-12
PROFILE196_2,4150010655,四川美术学院,悦来校区,重庆市两江新区嘉陵江畔、悦来江湾,重庆市,重庆市,HARD-BLOCKED,C 地址冲突,两条政府原文（重庆市政府网：水土组团E分区；两江新区官网：悦来国际会展城）对同一校区所在地块的描述互斥，各自只能推出不同的法定区方向（北碚区 vs 渝北区），且均未写出法定区名；川美官网同句出现「渝北区」的那句是合作关系表述而非坐落表述。冲突未消解，不能定 d。,https://www.scfai.edu.cn/info/1125/30838.htm（开工稿：两江新区嘉陵江畔、悦来江湾）; https://wap.cq.gov.cn/zwgk/zfxxgkzl/fdzdgknr/zdxm/dtxx/202505/t20250512_14602091.html（市政府稿：两江新区水土组团E分区）; http://www.ybq.gov.cn/ 悦来街道相关稿件（已 404，无法打开）,2026-09-12
PROFILE789_1,4151012970,四川职业技术学院,射洪校区,四川省遂宁市射洪经开区富民路177号,四川省,遂宁市,HARD-BLOCKED,D 功能区/大学城无法定区佐证,官方原文全部把地址写作功能区「射洪经开区」，不含法定县级市名「射洪市」；唯一含「射洪市」的官方句子不含门牌，且门牌级证据还出现 117/177 冲突。,https://www.scvtc.edu.cn/xygk/xyjj.htm (WebFetch) — 打开成功，四条校区地址原文，射洪校区为「四川省遂宁市射洪经开区富民路177号」; https://zs.scvtc.edu.cn/ (curl) — socket hang up，招生网不可达; http://www.shehong.gov.cn/ (WebFetch) — 打开成功，站内无「四川职业技术学院」「射洪校区」「富民路」; Toutiao 关键词「射洪市 经开区 富民路177号 四川职业技术学院」「四川职业技术学院射洪校区 射洪市 富民路」 — 无写「射洪市」+门牌的官方原文,2026-09-12
PROFILE789_0,4151012970,四川职业技术学院,校本部,四川省遂宁市学府北路1号,四川省,遂宁市,RESOLVED,—,第二轮已取得可采来源,https://www.scvtc.edu.cn/xygk/xyjj.htm — 河东校区仅「四川省遂宁市学府北路1号」，无区名；「船山区」只挂龙凤校区; https://www.scvtc.edu.cn/xygk/dlwz.htm — 同上，无区名; https://www.scvtc.edu.cn/xygk/xyzc.htm — 学院章程第三条「学校注册地地址为四川省遂宁市学府北路1号」，无区名; https://www.scvtc.edu.cn/ggfw1/zbtb.htm — 招标投标列表页地址栏无区名; http://www.ccgp.gov.cn/cggg/dfgg/gzgg/202609/t20260911_27311193.htm — 采购人地址「四川省遂宁市河东新区学府路1号」：功能区名且路名（学府路）与记录不符，不采用; http://www.ccgp.gov.cn/cggg/dfgg/jzxcs/202411/t20241107_23553923.htm — 命中：「采购人地址：遂宁市船山区学府北路1号」（已 WebFetch 逐字复核）,2026-09-12
PROFILE273_2,4151010622,四川轻化工大学,宜宾校区,四川省宜宾市三江新区白塔路1号,四川省,宜宾市,HARD-BLOCKED,D 功能区/大学城无法定区佐证,唯一官方原文写功能区「三江新区」，不含法定区；指向「翠屏区」的只有地图 POI、百科与商业页，均被规则禁止单独用于定区，且无门牌级政府/校方原文。,https://www.suse.edu.cn/ (WebFetch) — 打开成功，页脚原文「李白河校区：四川省自贡市大安区永田路100号」「宜 宾 校 区：四川省宜宾市三江新区白塔路1号」「汇 东 校 区：四川省自贡市自流井区汇兴路519号」「黄 岭 校 区：四川省自贡市沿滩区邓关镇学院路15号」; https://zs.suse.edu.cn/ (WebFetch) — 打开成功，招生就业处地址只写自贡自流井区汇兴路519号，无宜宾校区门牌，全文无「翠屏区」「白塔路」; Toutiao 关键词「四川轻化工大学宜宾校区 白塔路1号 翠屏区」 — 无写法定区的官方页,2026-09-12
PROFILE2351_1,4121013631,大连东软信息学院,博川校区,辽宁省大连市高新园区博川路8号,辽宁省,大连市,HARD-BLOCKED,D 功能区/大学城无法定区佐证,官方与校方全部原文只写功能区「高新园区」，无行政区别名；「旅顺口区」线索仅来自商业地图与头条搜索建议，违反「禁止用地图 POI 单独定区」。,https://www.neusoft.edu.cn/（官网，博川校区仅写高新园区）; https://jw.neusoft.edu.cn/（教务部，仅『大连市博川路8号』）; so.toutiao.com/search?keyword=博川路8号 高新区 甘井子区（无官方桥接页）,2026-09-12
PROFILE219_0,4121010161,大连医科大学,办学地点（档案未命名）,辽宁省大连市旅顺南路西段9号,辽宁省,大连市,RESOLVED,—,第二轮已取得可采来源,https://www.dmu.edu.cn/xxgk/dyjj.htm → 「学校位于辽宁省大连市旅顺南路西段9号…」与「2007年搬迁至大连市旅顺口区新校园。」（两句，未同句）; https://www.dmu.edu.cn/xxgk/lsyg.htm → 「新校园位于辽宁省大连市旅顺南路西段9号，占地面积151万平方米」；全页无「旅顺口区」; https://www.dmu.edu.cn/ → 页脚「地址：辽宁省大连市旅顺南路西段9号」，无区名; https://yjs.dmu.edu.cn/ 、/xxgk/xyjs.htm 、/zsgz/tzgg.htm 、/zsgz/ptzkss.htm 、/info/1017/9402.htm → 中文行均无「旅顺口区」，仅英文行有 Lvshunkou District; https://xxgk.dmu.edu.cn/ → 「大连旅顺南路西段9号大连医科大学校部302B室」，无区名; https://zs.dmu.edu.cn/ 、https://zsw.dmu.edu.cn/ 、https://zsb.dmu.edu.cn/ 、https://bkzs.dmu.edu.cn/ 、https://zs.dmu.edu.cn/ → DNS 解析失败；https://zhaosheng.dmu.edu.cn/ → ECONNREFUSED; WebSearch → 额度已用尽；Bing/Sogou/Baidu/Mojeek/Qwant/Ecosia/Startpage/Yahoo/Google 经 WebFetch 均不可用（403/验证码/ECONNREFUSED/返回完全无关结果）,2026-09-12
PROFILE208_0,4121012026,大连民族大学,开发区校区,大连经济技术开发区辽河西路18号,辽宁省,大连市,HARD-BLOCKED,D 功能区/大学城无法定区佐证,校方唯一带区名的原文是功能区「金州新区」，不等于法定区「金州区」；其余全为功能区「大连经济技术开发区」。第三方就业网只写「辽宁省大连市金州区」而无门牌，不能作地址级交叉佐证。,so.toutiao.com 反查「辽河西路18号 金州区」（第三方线索为主）; https://es.dljp.gov.cn/（金普新区企业服务平台，SPA 正文不可读）; https://zs.dlnu.edu.cn/info/1038/2031.htm（招生页，仅功能区名）,2026-09-12
PROFILE208_1,4121012026,大连民族大学,金石滩校区,大连金石滩旅游度假区金石路31号,辽宁省,大连市,HARD-BLOCKED,D 功能区/大学城无法定区佐证,所有校方原文只写功能区「大连开发区金石滩／金石滩国家旅游度假区」，不含法定区「金州区」；无门牌级政府/校方原文。,so.toutiao.com 反查「金石路31号 金州区」（无官方桥接页）; https://zs.dlnu.edu.cn/info/1038/2031.htm（招生页，仅功能区名）,2026-09-12
PROFILE138_1,4121010141,大连理工大学,开发区校区,辽宁省大连市金普新区图强路321号,辽宁省,大连市,HARD-BLOCKED,D 功能区/大学城无法定区佐证,校方原文只写功能区「金普新区／大连开发区」，不含法定区「金州区」；唯一含金州区的是商业地图且路名「图强街」不符，双重不合格。,so.toutiao.com/search?keyword=大连理工大学 图强路321号 金州区（命中 ss.dlut.edu.cn、xygzc.dlut.edu.cn、dl.city8.com）; http://xygzc.dlut.edu.cn/info/1034/9807.htm（快照：仅『金普新区图强路321号』，无金州区）; https://dl.city8.com/education/8dhj58811xmyb9d07c_address（第三方，『金州区图强街321号』，路名不符，不采信）,2026-09-12
PROFILE2338_0,4121013207,大连科技学院,办学地点（档案未命名）,辽宁省大连市旅顺经济开发区滨港路999-26号,辽宁省,大连市,HARD-BLOCKED,D 功能区/大学城无法定区佐证,校方全部原文只写功能区「旅顺经济开发区」，不含法定区「旅顺口区」；含「旅顺口区」的仅有商业信息站与 UGC，违反「禁止用商业网站单独定区」。,"https://sub1.dlust.edu.cn/xinxigk/index.asp（已打开，逐字：大连市旅顺经济开发区滨港路999-26号）; https://sub2.dlust.edu.cn/kjcxcyzx/index.php、https://sub2.dlust.edu.cn/jxjyapp/（同一功能区表述）; so.toutiao.com/search?keyword=""滨港路999-26号""（无含旅顺口区的官方页）",2026-09-12
PROFILE2353_0,4121013599,大连艺术学院,校本部,辽宁省大连市金普新区同汇路19号,辽宁省,大连市,RESOLVED,—,第二轮已取得可采来源,"https://www.dac.edu.cn/display/16（原文：辽宁省大连市金普新区同汇路19号 邮编：116600）; so.toutiao.com/search?keyword=""同汇路19号"" 金州区 公示（无官方桥接页）; https://www.dljp.gov.cn/（金普新区管委会首页，正文无同汇路）",2026-09-12
PROFILE2353_1,4121013599,大连艺术学院,老校区,辽宁省大连市经济技术开发区东北大街92号,辽宁省,大连市,HARD-BLOCKED,D 功能区/大学城无法定区佐证,档案地址含功能区「经济技术开发区」+ 门牌「东北大街92号」，但穷尽校方站点全站检索（site:dac.edu.cn 检索「东北大街」「金州区」均零命中）、金普新区管委会 dljp.gov.cn 站内检索、辽宁省教育厅站内检索、精确门牌全网检索后，无任何官方/政府原文把该门牌与法定区「金州区」写在同一句/同一地址串。同址除校方功能区表述外仅有商业站点（dlscds.com「大连开发区东北大街92号-大连艺术学院文创园」），按红线不得单独作判据。另该校区为「老校区」，还须排除历史旧地址风险。,https://www.dac.edu.cn/（原文：辽宁省大连市经济技术开发区东北大街92号(老校区)）; so.toutiao.com/search?keyword=东北大街92号 金州区（无官方桥接页）,2026-09-12
PROFILE3398_0,4151014645,天府新区航空旅游职业学院,天府校区,四川省天府新区剑南大道南延线航空大道中段168号,四川省,眉山市,HARD-BLOCKED,D 功能区/大学城无法定区佐证,档案地址「四川省天府新区剑南大道南延线航空大道中段168号」只含功能区「天府新区」，校方一手页面全站不写法定区；且校方把 168 号标为校本部、把天府校区另置于「天府仁寿大道66号」，与档案「天府校区=168号」冲突，先要解决地址与校区的对应关系。政府侧（眉山市、彭山区、仁寿县、四川省教育厅）无点名该地址并带法定区的原文。指向彭山区的线索均为地图 POI / 招生门户等商业来源。,http://www.tfhk.edu.cn/ → 打开成功；页脚：校本部地址「四川省天府新区剑南大道南延线航空大道中段168号」，天府校区地址「四川省眉山市天府仁寿大道66号」，即官网页脚把168号归为校本部、把天府校区另置于仁寿县，与档案「天府校区=168号」相矛盾; https://www.tfhk.edu.cn/ 学校简介 / 人才招聘须知 → 168号与天府校区归属表述前后不一致; https://www.so.com/s?q=天府新区航空旅游职业学院 彭山区 → 返回访问异常/验证码页，检索通道被封; scps.gov.cn 站内检索（ssjg.jsp）与 ms.gov.cn 眉山市政府检索 → 无命中，未取得点名法定区的权威原文,2026-09-12
PROFILE855_0,4112012788,天津商务职业学院,海河教育园校区,天津市海河教育园区雅观路23号,天津市,天津市,RESOLVED,—,第二轮已取得可采来源,https://hrss.tj.gov.cn/ztzl/ztzl1/tjrcgzw/sypt/zdcyyq/202311/t20231116_6458102.html — 成功；政府页原文『以津南区海河教育园区片区为东翼拓展区』（采用为桥梁证据）; https://www.tcc1955.edu.cn/ — 成功；学校官网页脚『海河教育园校区 天津海河教育园区雅观路23号』（佐证本校区门牌）; https://www.tj.gov.cn/zwgk/ggqsydwxxgk/jy/gdzyxx/ — 成功；天津政务网高职院校信息公开目录含『天津商务职业学院 2024-09-19』，但正文链接为 javascript:void(0) 未展开，未取得区名; https://www.tj.gov.cn/zwgk/ggqsydwxxgk/jy/gdzyxx/202409/t20240920_6734722.html — 成功；同类页面（天津电子信息职业技术学院）办公地址写作『天津市海河教育园雅深路4号』，同样只有功能区名,2026-09-12
PROFILE2302_1,4112013897,天津理工大学中环信息学院,海河园院区,天津海河教育园区雅深路6号,天津市,天津市,HARD-BLOCKED,C 地址冲突,独立裁决驳回：采信所依据的「天津市津南区海河教育园雅深路6号」在第 25 行，主语是天津市仪表无线电工业学校；本页第 11 行把本校明确登记为「天津市西青区杨柳青柳口路99号」，与 d 直接冲突。全页「海河园院区」零命中。附注：本条记录的 address 字段与页面上另一所学校的登记地址逐字相同，疑取自他校，需回头核对。,https://www.tjzhic.edu.cn/ 与 https://www.tjzhic.edu.cn/xygk/ — 成功；学院概况『坐落于千年古镇杨柳青』，页脚『地址：天津市西青区杨柳青柳口路99号 邮编：300380』，全站无『海河园校区』『雅深路』; http://zsxx.tjzhic.edu.cn/ 与 https://zsxx.tjzhic.edu.cn/tjzhic/1760（2026年招生章程） — 页面为JS渲染，仅返回约676字节外壳，未取得地址文本; https://hrss.tj.gov.cn/ztzl/ztzl1/tjrcgzw/sypt/zdcyyq/202311/t20231116_6458102.html — 成功；『以津南区海河教育园区片区为东翼拓展区』（功能区→津南区桥梁成立，但只能证区名，不能证本校区存在）; https://www.tj.gov.cn/zwgk/ggqsydwxxgk/jy/gdzyxx/202409/t20240920_6734722.html — 成功；天津电子信息职业技术学院办公地址『天津市海河教育园雅深路4号』，与记录6号不同; https://so.toutiao.com/search?keyword=天津理工大学中环信息学院海河园校区 — 仅有第三方（百度百科）『有杨柳青校区、海河园校区2个校区』，属引导线索; https://so.toutiao.com/search?keyword=雅深路6号 — 无结果（返回验证挑战，challenge_code）,2026-09-12
PROFILE1195_0,4112014021,天津生物工程职业技术学院,主校区,天津市开发区西区南大街175号,天津市,天津市,RESOLVED,—,第二轮已取得可采来源,https://www.tjbio.cn/ 与 http://www.tjbio.cn/ — 失败；http 301 跳转 https，https 握手失败（code=000、size=0），学校官网不可达; https://www.teda.gov.cn/channels/2273.html — 成功；经开区公共企事业单位信息公开专题，西区机构地址仅『天津经济开发区西区新业九街2号』『天津市开发西区新环北街50号』，无『滨海新区』字样；该校不在名单; https://www.teda.gov.cn/channels/1255.html（西区园区概况）与 https://www.teda.gov.cn/channels/10.html — 成功；仅有建区时间/规划面积，无行政区划表述; https://www.tj.gov.cn/zwgk/ggqsydwxxgk/jy/gdzyxx/ — 成功；15所高职名单中无天津生物工程职业技术学院; https://so.toutiao.com/search?keyword=天津生物工程职业技术学院 西区南大街175号 等 — 仅第三方（大学生必备网/掌上高考/百科）结果称『主校区：天津市开发区西区南大街175号』，属引导线索；后续查询触发验证挑战返回空; http://ms.ga.tj.gov.cn/ — 失败（返回47字节）；仅存『关于滨海新区南大街惠铭路冬旭路路口热力管线敷设施工期间……公告』标题线索，未能打开原文核实南大街归属; http://search.ccgp.gov.cn/bxsearch?kw=天津商务职业学院 — 失败；『频繁访问!中国政府采购网 您的访问过于频繁』（同IP并发被限流）; https://www.ccgp-tianjin.gov.cn/ — 成功（首页可达），但未检索到该校含区名的采购/招标公告; http://www.zhaokao.net/ — 成功（首页可达），无院校地址库页面可查,2026-09-12
PROFILE1642_2,4114011242,太原学院,府东校区,山西省太原市杏花岭街2号,山西省,太原市,HARD-BLOCKED,E 无权威来源,学校官方章程是唯一权威原文，但它对府东校区只给「杏花岭2号」而不给区名；无政府原文把该门牌与「杏花岭区」同句并列。,http://www.tyu.edu.cn/ 官网首页与 https://www.tyu.edu.cn/xxgk/xxjj.htm：无府东校区、无区名; https://zhaosheng.tyu.edu.cn/ 招生网：仅汾东、滨河两校区地址; https://zhaosheng.tyu.edu.cn/info/1061/7301.htm 太原学院2026年招生章程：办学地点未含府东校区; so.toutiao.com 搜索『太原学院 府东校区』『太原学院 府东校区 杏花岭街2号』：结果页为空（限流/无命中）; so.m.sm.cn 搜索『太原学院 府东校区 杏花岭街2号』：返回空; https://so.toutiao.com/search?keyword=「杏花岭街2号」：仅命中杏花岭区政府首页与幸福里房产页，均无该门牌与法定区同句,2026-09-12
PROFILE1642_0,4114011242,太原学院,汾东校区,山西省太原市唐槐产业园区汾东大街7号,山西省,太原市,HARD-BLOCKED,D 功能区/大学城无法定区佐证,功能区「唐槐产业园区」无法定区佐证：校方全站不写小店区；山西省政府采购网被 JS 单页壳与证书不匹配挡住正文（无法读取『采购人地址』字段）；山西省教育厅专页内容为空；小店区政府站内无「汾东大街」；综改示范区管委会只给园区四至范围。仅第三方（吉林大学就业网、城市吧、高三网等）出现「小店区」，按红线只能作线索。,"https://zhaosheng.tyu.edu.cn/info/1061/7301.htm — WebFetch 成功：2026年招生章程「汾东校区：太原市唐槐产业园区汾东大街7号」，无小店区; https://zhaosheng.tyu.edu.cn/ — WebFetch 成功：汾东校区「太原市唐槐产业园区汾东大街7号」，无小店区; https://www.tyu.edu.cn/ — WebFetch 成功：页脚「山西省太原市唐槐产业园区汾东大街7号」，无小店区; http://www.ccgp-shanxi.gov.cn/site/detail?parentId=138010&articleId=ZaJMzJaOdEVPOh/TrswHfQ== — TLS 证书不匹配(证书属*.sxzfcg.zcygov.cn)，http/https 均只返回JS单页壳，无公告正文; http://search.ccgp.gov.cn/bxsearch?...kw=太原学院 — 返回「您的访问过于频繁」限流页; https://gaokao.chsi.com.cn/sch/search.do?... — HTTP 412 反爬，无法读取阳光高考院校库; https://so.toutiao.com/search?keyword=""太原市小店区汾东大街7号"" — 返回太原市人民政府门户网站「小店区」栏目页与第三方相关搜索，未见官方把该门牌与小店区同句的原文",2026-09-12
PROFILE1642_1,4114011242,太原学院,滨河校区,山西省太原市南内环街南二巷6号,山西省,太原市,HARD-BLOCKED,E 无权威来源,官方与政府原文都只写到「南内环街南二巷6号」为止，无一处给出县级区名；南内环街横跨迎泽区/小店区，不得靠路名推断。,http://www.tyu.edu.cn/ 官网首页：页脚仅『地址：山西省太原市唐槐产业园区汾东大街7号』，无区名; https://www.tyu.edu.cn/xxgk/xxjj.htm 学校简介：同上一地址，无区名、无滨河校区; https://zhaosheng.tyu.edu.cn/ 招生网：列『滨河校区：太原市南内环街南二巷6号』，未写区; https://zhaosheng.tyu.edu.cn/info/1061/7301.htm 太原学院2026年招生章程：第九条办学地点仅汾东、滨河两校区，均无区名; https://www.yingze.gov.cn/gsgg/20230313/30026983.html 迎泽区消防救援大队《关于迎泽区2023年度消防安全重点单位的公告》：全文未出现『南内环街南二巷』; http://search.ccgp.gov.cn/bxsearch?kw=南内环街南二巷 标题检索：0条; so.toutiao.com 搜索『南内环街南二巷6号 小店区』：仅命中 hqc.tyu.edu.cn，摘要同样无区名; https://hqc.tyu.edu.cn/ 太原学院后勤保障部：DNS 解析失败,2026-09-12
PROFILE282_3,4114010119,太原师范学院,侯家巷校区,山西省太原市侯家巷9号,山西省,太原市,RESOLVED,—,第二轮已取得可采来源,https://fszx.tynu.edu.cn/ 太原师范学院附属中学官网页脚：『地址：山西省太原市迎泽区侯家巷9号』【命中】; https://www.yingze.gov.cn/gsgg/20230313/30026983.html 迎泽区重点单位公告：第385条『山西大学堂旧址（太原市师范中学校） 太原市侯家巷9号』（佐证）; so.toutiao.com 搜索『「侯家巷9号」』：同时命中上述两页; https://www.tynu.edu.cn/ 官网与 /xygk/xyjj.htm：未载侯家巷校区（仅晋中市榆次区大学街319号）,2026-09-12
PROFILE282_0,4114010119,太原师范学院,南内环校区,山西省太原市南内环街189号,山西省,太原市,HARD-BLOCKED,H 其他,政府或学校官方来源均只在地址里写『太原市南内环街189号』而不带法定区名；唯一能间接指向迎泽区的政府文件（区消防重点单位公告）原文条目无区名前缀，拼接使用不符合「引文逐字含 d 且同句挂钩地址」的口径。腾讯地图 POI（迎泽区迎泽街道南内环街189号）属商业地图，红线禁止单独作为定区证据。,https://www.yingze.gov.cn/gsgg/20230313/30026983.html 迎泽区重点单位公告：第59条『太原圣杰美术培训学校 太原市南内环街189号』（无区名前缀）；第18条带区名但为135号; https://www.tynu.edu.cn/ 与 https://www.tynu.edu.cn/xygk/xyjj.htm 太原师范学院官网：只载『山西省晋中市榆次区大学街319号』，未载南内环校区; https://zs.tynu.edu.cn/ 招生网：首页无可读地址内容; http://infogk.tynu.edu.cn/ 信息公开：仅栏目入口，无校区地址; so.toutiao.com 搜索『南内环街189号』：仅山西省政府采购网详情页摘要『地 址:太原市南内环街189号』（无区名），ccgp-shanxi 详情页因证书域名不匹配无法打开,2026-09-12
PROFILE282_2,4114010119,太原师范学院,黄陵校区,山西省太原市黄陵路19号,山西省,太原市,HARD-BLOCKED,E 无权威来源,学校章程与官方子站一律只写到「黄陵路19号」，不含区名；含「小店区」的表述全部来自第三方高考/房产/媒体站点，不满足 Level 1/2/3 任一级。,https://tynuxb.tynu.edu.cn/ 太原师范学院学报：『山西省太原市黄陵路19号』，无区名; https://www.tynu.edu.cn/ 与 /xygk/xyjj.htm：仅『山西省晋中市榆次区大学街319号』; so.m.sm.cn 搜索『黄陵路19号 太原师范学院』：第三方掌上高考『黄陵校区：山西省太原市黄陵路19号』、优志愿『太原师范学院南校区（小店区黄陵路19号）』、凤凰网处罚报道『位于小店区黄陵路19号』——均为第三方; so.toutiao.com 搜索『「黄陵路19号」』：结果与门牌无关,2026-09-12
PROFILE2099_0,4137012326,威海职业学院,办学地点（档案未命名）,山东省威海市科技新城,山东省,威海市,HARD-BLOCKED,D 功能区/大学城无法定区佐证,记录地址无路名无门牌，本应走「校区名挂钩」例外，但 campus 字段是占位符而非真实校区名，例外不适用；校方与省级教育主管部门原文一律只写功能区「科技新城」，环翠区政府镇街名录不含初村镇（该地由高新区管理），第三方地图 POI 写环翠区但不得采信。,https://www.whvc.edu.cn/ → 页脚“地址：山东省威海市科技新城 邮编：264210”，无法定区; https://www.whvc.edu.cn/zhaosheng/zszc/list.htm → 招生章程列表，标题无地址; https://www.whvc.edu.cn/zhaosheng/2026/0511/c6676a134929/page.htm → 2026招生章程，仅“地址：山东省威海市科技新城”，无法定区; https://www.whvc.edu.cn/zhaosheng/lxwm/list.htm → 联系我们，无法定区; http://www.huancui.gov.cn/col/col57690/index.html → 环翠区下辖镇街列表，无初村镇; 360地图 → “威海市环翠区科技新城(初村北海)”（第三方线索，不采信）,2026-09-12
PROFILE1860_0,4135010398,宁德师范学院,东侨校区,福建省宁德市东侨经济开发区学院路1号,福建省,宁德市,HARD-BLOCKED,D 功能区/大学城无法定区佐证,功能区「东侨经济开发区」无法定区桥接：校方与宁德市政府、蕉城区政府均无「蕉城区+学院路1号」或「东侨校区属蕉城区」的原文；校方反而把「蕉城区」只写给蕉城校区。宁德市人社局等政府文本对东侨地址一律写「东侨开发区」。第三方写蕉城区但属商业/教育门户。,https://www.ndnu.edu.cn/ （仅“东侨经济开发区学院路1号”，无蕉城区）; https://www.ndnu.edu.cn/xxgk/xxjj.htm （仅页脚同一地址，无蕉城区）; http://xxgk.ndnu.edu.cn/ （“宁德市东侨经济开发区学院路1号”，无蕉城区）; http://zsb.ndnu.edu.cn/ （招生办页脚“宁德市东侨经济开发区学院路1号”，无蕉城区）; 搜狗 https://www.sogou.com/web?query=宁德师范学院+蕉城区 （得第三方 jiuzg.com“蕉城区东侨开发区学院路”，及官方招生办“东侨校区/蕉城校区”并列式地址；官方无蕉城区）; 今日头条 https://so.toutiao.com/search?keyword=宁德师范学院 蕉城区 东侨 （结果被截断，未得官方桥梁）,2026-09-12
PROFILE1189_2,4133011058,宁波工程学院,前湾校区,浙江省宁波市前湾新区滨海二路769号,浙江省,宁波市,HARD-BLOCKED,D 功能区/大学城无法定区佐证,功能区「前湾新区」→ 法定区需靠精确门牌桥接，但政府侧「滨海二路」的官方门牌一律是 1188/1238/78 号等，与记录 769 号不同，规则明确禁止门牌不一致的桥接；慈溪市政府文本中虽有「慈溪市…滨海二路1188号」写法，但门牌不同不能覆盖 769 号；唯一「慈溪市+滨海二路769号」来源为商业房产站。,https://www.nbut.edu.cn/ — 官网首页：仅出现「前湾校区」名称，无地址、无慈溪市; https://www.nbut.edu.cn/xxgk/xxjj.htm — 学校简介：三校区名称但唯一地址为江北区风华路201号; https://www.nbut.edu.cn/xxgk/xxzc.htm — 学校章程：「学校法定住所地为浙江省宁波市江北区风华路201号」，无慈溪市; https://www.nbut.edu.cn/xxgk/zjng.htm — 走进宁工：仅风华路201号; https://xxgk.nbut.edu.cn/ 、/gsgg.htm 、/xxgksx.htm — 信息公开：仅风华路201号，无慈溪市/滨海二路; https://hzc.nbut.edu.cn/ — 地方合作：慈溪、杭州湾仅作合作方/学院名出现，无地址; https://news.nbut.edu.cn/ 与 https://news.nbut.edu.cn/info/1003/13849.htm — 证实前湾校区存在，无地址、无慈溪市; https://zsc.nbut.edu.cn/ — 资产管理处：提到「杭州湾校区」，无慈溪市; https://qianwan.nbut.edu.cn/ — DNS 不存在; WebSearch/Bing/百度/搜狗/DuckDuckGo — 本会话搜索配额耗尽或全部反爬拦截，无法检索,2026-09-12
PROFILE2905_0,4233050559,宁波幼儿师范高等专科学校,杭州湾校区,宁波市前湾新区金慈路316号,浙江省,宁波市,HARD-BLOCKED,D 功能区/大学城无法定区佐证,金慈路316号在政府文本中始终被写作“前湾新区/宁波杭州湾新区”（功能区）；唯一涉及该路法定归属的慈溪市民政局地名批复，正文不含“金慈路”字面（仅在标题与附件中），附件对每条道路均写“位于宁波杭州湾新区”，因此不存在“法定区名 + 金慈路(316号)”同句可逐字引用的证据。,https://www.ncec.edu.cn/ 与 xxgk.ncec.edu.cn 全站爬取（关键词 慈溪）→ 0 条; http://www.cixi.gov.cn/ → 站内检索为 /api-gateway/jpaas-jsearch-web-server（JS 应用），按 q/searchWord/keywords 请求均只返回 JS 页面壳，无 JSON 结果; cn.bing.com/search?q=宁波幼儿师范高等专科学校 金慈路316号 → 返回无关诱饵结果（宁波市百科等），无该校条目,2026-09-12
PROFILE1847_0,4134010959,安徽三联学院,主校区,安徽省合肥市经济技术开发区合安路47号,安徽省,合肥市,HARD-BLOCKED,D 功能区/大学城无法定区佐证,所有能查到该校/该门牌的政府来源（省民政厅、省教育厅、合肥市人社局、合肥经开区管委会）都只写“经开区/经济技术开发区/高新区”，没有任何来源把法定县区写在与“合安路47号”同一句可逐字引用文本中；且合安路为跨区干道，不能据路名推定法定区。,https://zsb.slu.edu.cn/2026/0518/c512a57151/page.htm（2026年招生章程）→ 『安徽合肥市经济技术开发区合安路47号』，无区名; https://xxgks.slu.edu.cn/（校方信息公开，上轮）→ 『安徽合肥市经济技术开发区合安路47号』，全页无法定区; ggzy.hefei.gov.cn 全量检索 API（wd=合安路47号）→ total=0；wd=安徽三联学院 → 仅 1 条无关的肥东县人民医院论证公告; 头条搜索『安徽三联学院 招生章程 办学地址 合安路』→ 未出现写蜀山区的官方页面,2026-09-12
PROFILE1802_0,4134012924,安徽中医药高等专科学校,办学地点（档案未命名）,安徽省芜湖市乌霞山西路18号,安徽省,芜湖市,RESOLVED,—,第二轮已取得可采来源,https://www.ahzyygz.edu.cn/sites/bgs → “联系地址：安徽省芜湖市乌霞山西路18号”，无区名; https://www.ahzyygz.edu.cn/sites/jcsjc、/sites/xszzfw、/sites/bwc、/second/ylx → 同为“乌霞山西路18号”，无区名; https://www.ahzyygz.edu.cn/ 首页、/show/35349、/show/35417 采购公告 → 正文与页脚均无区名; so.toutiao.com 检索「弋江区乌霞山西路18号」「安徽中医药高等专科学校 弋江区 芜湖 校区」→ 无官方区名页；仅 city8.com 第三方地图给出“弋江区乌霞山西路18号”,2026-09-12
PROFILE1833_1,4134013341,安徽中澳科技职业学院,新桥校区,安徽省新桥国际产业园迎宾大道199号,安徽省,合肥市,HARD-BLOCKED,H 其他,校区实体在淮南市寿县境内，而记录 allowed_districts 限定为合肥市各区县；地址本身只给功能区名『新桥国际产业园』，没有法定区名。证据再多也无法在允许闭集内写出合法 d，且校方自写门牌（丰收大道6号）与记录门牌（迎宾大道199号）路名不一致，口径本身也需人工复核。,http://www.acac.edu.cn/ — 学校官网页脚：新桥校区 安徽省新桥国际产业园丰收大道6号（功能区，无区名；路名与记录不同）; https://www.shouxian.gov.cn/content/article/8082691 — 寿县人民政府：中澳新桥校区位于新桥国际产业园区丰收大道以西，与迎宾大道、安康大道合围; https://www.fynu.edu.cn/jyxxw/info/1015/11366.htm — 阜阳师范大学就业信息网：地点 安徽中澳科技职业学院新桥校区…（寿县新桥国际产业园迎宾大道199号）; 360地图 POI「安徽中澳科技职业学院新桥校区 地址：淮南市寿县迎宾大道199号」— 仅作线索,2026-09-12
PROFILE1821_1,4134012816,安徽交通职业技术学院,新桥校区,安徽省新桥国际产业园寿州大道16号,安徽省,合肥市,HARD-BLOCKED,H 其他,权威政府来源明确该校区『落户寿县』（淮南市），而记录 allowed_districts 全部是合肥市辖区县，寿县不在其中；地址本身只给功能区名『新桥国际产业园』。无论如何都无法在允许闭集内写出合法 d。,https://www.acvtc.edu.cn/ — 学校官网页脚：新桥校区地址 安徽省新桥国际产业园寿州大道16号（仅功能区，无区名）; https://www.shouxian.gov.cn/zwzx/zwxx/8143470.html — 寿县人民政府：安徽交通职业技术学院新桥校区落户寿县并正式启用（2024-09-09）; http://www.ccgp.gov.cn/cggg/dfgg/gzgg/202402/t20240222_21556245.htm — 政府采购公告：采购单位地址 合肥市包河区太湖东路22号（为青年路/老校区，非新桥校区）,2026-09-12
PROFILE1829_0,4134013337,安徽冶金科技职业学院,南校区,安徽省马鞍山市湖西南路555号,安徽省,马鞍山市,RESOLVED,—,第二轮已取得可采来源,https://www.avcmt.edu.cn/ （安徽冶金科技职业学院官网）→ 页脚“地址：安徽省马鞍山市湖西南路555号”（无区）; 马钢教育培训中心页面（sdyu.edu.cn 侧链）→ 仅“地址：安徽省马…”片段，无区; 头条检索“安徽冶金科技职业学院 湖西南路555号 雨山区”“安徽冶金科技职业学院 南校区 湖西南路555号 雨山区 邮编 243000” → 雨山区/花山区 NO HIT，命中仅大学生必备网第三方,2026-09-12
PROFILE72_2,4134010366,安徽医科大学,翡翠路校区,安徽省合肥市经济技术开发区翡翠路15号,安徽省,合肥市,RESOLVED,—,第二轮已取得可采来源,https://www.ahmu.edu.cn/ （校方官网页脚仅“合肥市经济技术开发区翡翠路15号”，功能区，未写法定区）; https://so.toutiao.com/search?keyword=安徽医科大学翡翠路校区 蜀山区 翡翠路15号 （今日头条搜索：仅返回第三方联想词与排行页，无权威原文含“蜀山区”+门牌）,2026-09-13
PROFILE72_3,4134010366,安徽医科大学,铜陵路校区,合肥市新站高新技术产业开发区唐河路,安徽省,合肥市,HARD-BLOCKED,E 无权威来源,官方原文对该校区只给到「唐河路（与铜陵北路交口）」，属功能区（新站高新区）且无门牌，既不能满足门牌/道路级地址核验，也无任何政府原文给出法定区名。,https://www.ahmu.edu.cn/ （校方官网页脚仅“合肥市新站高新技术产业开发区唐河路”，功能区且无门牌）; https://so.toutiao.com/search?keyword=安徽医科大学铜陵路校区 瑶海区 唐河路 （今日头条搜索：仅第三方联想词，无权威原文）,2026-09-12
PROFILE1830_1,4134013338,安徽城市管理职业学院,新桥校区,安徽省寿县新桥国际产业园迎宾大道与共建路西南侧,安徽省,合肥市,RESOLVED,—,第二轮已取得可采来源,https://www.cua.edu.cn/ — 学校官网页脚：新桥校区 新桥国际产业园迎宾大道与共建路交口（仅功能区，无区名）; https://www.shouxian.gov.cn/ztbd/ztzl/xqyq/yqgz/tpxww/8149932.html — 寿县人民政府：项目位于安徽省寿县新桥国际产业园迎宾大道与共建路西南侧; http://www.ccgp.gov.cn/cggg/dfgg/zbgg/202605/t20260523_26618632.htm — 政府采购公告：采购单位地址 合肥市瑶海区淮海大道300号（该校主校区，非新桥校区）; https://ggzy.hefei.gov.cn/jyxx/002002/002002001/20260626/fb53eace-7cc3-4e95-ad07-eeb26fd3adf2.html — 合肥公共资源交易：采购人地址 合肥市瑶海区淮海大道300号（主校区）,2026-09-12
PROFILE2839_0,4134013065,安徽外国语学院,办学地点（档案未命名）,安徽省合肥市繁华大道（西）2号,安徽省,合肥市,HARD-BLOCKED,C 地址冲突,同一学校（招生章程载明单一办学地点）自述两个不同路名的地址：招生章程作「肥西县紫蓬山风景区森林大道2号」，官网页脚/地理位置页作「繁华大道（西）2号」；门牌同为2号但路名完全不同，无同路段证据，按路名口径不一致规则不得采纳，因此无法把肥西县挂到记录地址上。,http://www.aisu.edu.cn/zsb/info/1097/5251.htm — 官网2026年招生章程：办学地址 安徽省合肥市肥西县紫蓬山风景区森林大道2号；页脚 学院地址:安徽省合肥市繁华大道（西）2号; http://www.aisu.edu.cn/zsb/ — 招生就业网列表与页脚：学院地址:安徽省合肥市繁华大道（西）2号（无区名）; https://www.aisu.edu.cn/xxgk.htm（及 www.aisu.edu.cn 首页 frameset）— 页脚同为繁华大道（西）2号，无区名; https://jyt.ah.gov.cn/xwzx/gdjy/40746615.html — 安徽省教育厅转载：肥西县公安局紫蓬山派出所副所长参加该校讲座（间接旁证，未含记录地址）; 360地图 POI「安徽外国语学院 门面房A区42号 地址：合肥市肥西县紫蓬山管委会繁华大道」— 仅作线索,2026-09-12
PROFILE1845_1,4134013852,安徽工业职业技术学院,西湖校区,安徽省铜陵市翠湖四路东段3999号,安徽省,铜陵市,RESOLVED,—,第二轮已取得可采来源,https://www.ahip.cn/ → “联系我们：天井湖校区 | 安徽省铜陵市长江西路274号；西湖校区 | 安徽省铜陵市翠湖四路东段3999号”（无区）；皖公网安备34070202000061号; 头条检索“安徽工业职业技术学院 西湖校区 翠湖四路东段3999号” → 铜官区/义安区/郊区 均 NO HIT，翠湖四路 亦无命中,2026-09-12
PROFILE316_1,4134010363,安徽工程大学,国际工程师学院校区,安徽省芜湖市经济技术开发区赤铸山东路100号,安徽省,芜湖市,HARD-BLOCKED,A 上一轮独立复核未通过,记录地址为「安徽省芜湖市经济技术开发区赤铸山东路100号」，「经济技术开发区」系功能区，不能据此判定法定县区。唯一逐字同址（赤铸山东路100号）的来源是学校官网（ahpu.edu.cn）页脚「国际工程师学院 地址：安徽省芜湖市赤铸山东路100号」，但该句不含任何法定区，达不到 official 级（有门牌却无区）。全部已查政府来源中，无一条把「鸠江区」与「赤铸山东路100号」配对。官网公网安备号 34020702000311（340207=鸠江区）只是网站备案，不是校区证据，红线禁止据以判定。上一轮合肥公共资源交易平台出现的「鸠江区清水街道安徽工程大学国际工程师学院校区…」属校区名挂钩，而本记,https://ggzy.hefei.gov.cn/jyxx/002002/002002001/20260807/a45bccb7-80f9-4952-ad2e-a169b41df1cb.html?ztbtab=002002004 （全国公共资源交易平台（安徽省·合肥市）2026年安徽省工业和信息化行业职业技能大赛(二次)竞争性磋商公告：命中鸠江区+国际工程师学院校区）,2026-09-12
PROFILE314_1,4134010370,安徽师范大学,天门山校区,安徽省芜湖市九华北路171号,安徽省,芜湖市,RESOLVED,—,第二轮已取得可采来源,https://zsxx.ahnu.edu.cn/info/1042/4233.htm、/info/1042/3723.htm → “芜湖市九华北路 171 号（天门山校区）”，无区名; https://www.ahnu.edu.cn/index/zbgg.htm → 页脚“天门山校区 地址：安徽省芜湖市九华北路171号”，无区名; so.toutiao.com 检索「鸠江区九华北路171号」「安徽师范大学 天门山校区 九华北路171号 鸠江区」「安徽师范大学天门山校区 位于鸠江区」→ 仅芜湖先锋网“天门山公园位于鸠江区”等无关页，无官方区名页,2026-09-12
PROFILE314_0,4134010370,安徽师范大学,赭山校区,安徽省芜湖市北京中路2号,安徽省,芜湖市,RESOLVED,—,第二轮已取得可采来源,https://zsxx.ahnu.edu.cn/info/1042/4233.htm（2026本科招生章程）→ 含“北京中路 2 号（赭山校区）”，无区名; https://zsxx.ahnu.edu.cn/info/1042/3723.htm（2025本科招生章程）→ 同上，无区名; https://www.ahnu.edu.cn/index/zbgg.htm、/info/1106/188300.htm → 页脚“赭山校区 地址：安徽省芜湖市北京中路2号”，无区名; https://www.ahnu.edu.cn/xxgk/xxzc.htm → 返回空页(32字节); so.toutiao.com 检索「镜湖区北京中路2号」「安徽师范大学 赭山校区 镜湖区 地址」→ 无官方区名页,2026-09-12
PROFILE1837_1,4134013346,安徽艺术职业学院,丹霞路校区,安徽省合肥市经济技术开发区丹霞路8号,安徽省,合肥市,RESOLVED,—,第二轮已取得可采来源,https://www.artah.cn/index.php?m=content&c=index&a=show&catid=334&id=14971（2026高考招生简章）→ 丹霞路校区只写『经济技术开发区丹霞路8号』; https://www.artah.cn/index.php?m=content&c=index&a=show&catid=334&id=14591（2026年分类考试招生章程）→ 正文 JS 渲染，未取到地址段; ggzy.hefei.gov.cn 全量检索 API（wd=丹霞路8号 / 安徽艺术职业学院）→ 命中 6 条房产出租与教学楼招标，均为『合肥市丹霞路8号』，无区名; https://ggzy.hefei.gov.cn/jyxx/002003/002003001/20251225/08140307c16e3077855249b9d44ea61d.html → 『合肥市丹霞路8号安徽艺术职业学院女生公寓楼顶场地』，项目地址栏为『安徽省』,2026-09-12
PROFILE1838_0,4134013845,安徽财贸职业学院,翡翠校区,安徽省合肥市翡翠路900号,安徽省,合肥市,RESOLVED,—,第二轮已取得可采来源,https://www.afc.edu.cn/ → 页脚“地址：安徽省合肥市翡翠路900号（翡翠校区）”，另两校区分别写明蜀山区/瑶海区，翡翠校区无区；皖公网安备34012302000393（340123=肥西县，仅旁证）; https://xxgk.afc.edu.cn（安徽财贸职业学院-信息公开）→ “地址:安徽省合肥市翡翠路900号”，同样无区; 头条检索“安徽财贸职业学院 翡翠校区 翡翠路900号 蜀山区”“合肥市翡翠路900号 属于哪个区 经济技术开发区”“安徽财贸职业学院 翡翠校区 肥西县 桃花镇” → 仅第三方与相关搜索建议（合肥经开区翡翠路900号、合肥市肥西县桃花镇翡翠路900号）,2026-09-12
PROFILE878_1,4141010479,安阳师范学院,文明大道校区,河南省安阳市文明大道265号,河南省,安阳市,RESOLVED,—,第二轮已取得可采来源,https://www.aynu.edu.cn/ → 学校地址「河南省安阳市弦歌大道436号」，无区名、无文明大道; 深爬 www.aynu.edu.cn 约150页检索「文明大道」→ 0 命中; 深爬 www.aynu.edu.cn 约150页检索「文峰区」→ 仅见于招标代理公司开标地点与二级学院页，与文明大道校区无关; https://so.toutiao.com/search?keyword=安阳市文峰区文明大道265号 → 结果多为第三方与「大家都在搜」建议，无可采信官方原文,2026-09-12
PROFILE1084_2,4151010641,宜宾学院,临港校区,四川省宜宾市临港经济技术开发区大学城路三段5号,四川省,宜宾市,HARD-BLOCKED,C 地址冲突,仲裁接受但未过机器门禁: 引文挂不到本条地址 '四川省宜宾市临港经济技术开发区大学城路三段5号'（该记录有路名/门牌，不允许用校区名挂钩）,https://www.yibinu.edu.cn/xygk/xxjj.htm — 打开成功，原文含「临港校区：四川省宜宾市翠屏区大学路三段5号」「江北校区：四川省宜宾市翠屏区五粮液大道东段酒圣路8号」; https://zsw.yibinu.edu.cn/ — 打开成功，联系我们处原文「地址:四川省宜宾市翠屏区大学路三段5号 邮编:644005」; Toutiao(searchList) 关键词「临港经济技术开发区大学城路三段5号」「翠屏区大学城路三段5号」「宜宾学院临港校区 大学城路三段5号 翠屏区 邮编」 — 无任何页面把「大学城路三段5号」与「翠屏区」写在同一句; https://www.bing.com/search?q=%22大学城路三段5号%22 (WebFetch) — 返回完全不相关结果，索引无效; Toutiao 结果仅得第三方「抖音百科」写「宜宾学院临港校区，位于宜宾市翠屏区临港经济技术开发区大学城」，属第三方线索不能用,2026-09-12
PROFILE908_1,4136013424,宜春职业技术学院,北校区,江西省宜春市中心城区中山西路399号,江西省,宜春市,RESOLVED,—,第二轮已取得可采来源,"https://zs.ycvc.jx.cn/ 招生工作处：报名及面试地点:宜春市中山西路399号,宜春职业技术学院老校区科技综合楼204室（无区名）; http://www.ycvc.jx.cn/xygk/xxjj.htm 学校简介页脚：地址：江西省宜春市锦绣大道996号（未提中山西路399号）; https://www.ycvc.jx.cn/zcsbglc/ 招标采购中心页脚：地址：宜春市锦绣大道996号; 搜狗快照：校方《2022年面向社会公开招聘合同聘用制人员公告》「成立中职中技部(宜春市中山西路399号)」（无区名）; https://m.sogou.com 检索「中山西路399号 袁州区」：仅腾讯地图 POI 写「江西省宜春市袁州区凤凰街道中山西路399号」，其余官方页面均无区名; 掌上高考：北校区:江西省宜春市中心城区中山西路399号,南校区:江西省宜春市袁州区…（第三方，袁州区挂在南校区）",2026-09-12
PROFILE369_2,4161010721,宝鸡文理学院,蟠龙校区,陕西省宝鸡市蟠龙新区龙翔大道003号,陕西省,宝鸡市,RESOLVED,—,第二轮已取得可采来源,https://www.bjwlxy.cn/ (curl 200，首页/招生页仅高新校区写「渭滨区」，蟠龙校区无法定区); http://www.jintai.gov.cn/ 蟠龙镇调研报道 (确认蟠龙镇属金台区，但与本校无直接关联); toutiao 检索「宝鸡文理学院 蟠龙校区 金台区」「蟠龙新区 龙翔大道003号」：仅第三方线索,2026-09-13
PROFILE1180_1,4134010379,宿州学院,汴河路校区,安徽省宿州市汴河中路49号,安徽省,宿州市,HARD-BLOCKED,E 无权威来源,穷尽官方/政府来源后，无一条把「汴河中路49号」与法定区写在同一句：(1) 宿州学院官网（首页/信息公开/招标采购/招生办/后勤处/保卫处/图书馆）页脚一律只有「安徽省宿州市汴河中路49号（汴河路校区）」，无区名；学校章程页为 JS 空壳，正文不可得；(2) 教育部阳光高考平台只写「汴河路校区:安徽省宿州市汴河中路49号」，无区名；(3) 宿州市人社局公示中出现「埇桥区 … 宿州市汴河路49号宿州学院院内」，但路名与记录不一致（汴河路≠汴河中路），且该行主体是另一所培训机构（宿州市东润/本曦职业培训学校），不能构成对本 campus 的地址级印证；(4) 唯一把「埇桥区」与该门牌同写的来源全部,"https://www.ahszu.edu.cn/xxxw/zbcg.htm → 页脚仅“安徽省宿州市汴河中路49号（汴河路校区）”，无区名; https://www.ahszu.edu.cn/xygk/xxzc.htm → 学校章程页为JS空壳，无正文; https://www.ahszu.edu.cn/index.htm、/zs/、/zs/index.htm → 均为“汴河中路49号/教育园区”，无区名; so.toutiao.com 检索「埇桥区汴河中路49号」「""汴河中路49号"" 埇桥」→ 仅返回埇桥区政府通用页、汴河街道办事处页，不含该门牌; https://hqc.ahszu.edu.cn/ → 后勤处首页，无该地址区名",2026-09-12
PROFILE1818_0,4134012812,宿州职业技术学院,办学地点（档案未命名）,安徽省宿州市宿符路,安徽省,宿州市,RESOLVED,—,第二轮已取得可采来源,https://www.szzy.edu.cn/ （校方页面/页脚仅功能区“高新区”宿符路，无门牌，未写法定区）; https://so.toutiao.com/search?keyword=宿州职业技术学院 埇桥区 宿符路 （今日头条搜索：仅第三方联想词“宿州职业技术学院在宿州的埇桥区”，非权威原文）,2026-09-12
PROFILE2663_0,4132014293,宿迁泽达职业技术学院,办学地点（档案未命名）,江苏省宿迁市湖滨新区学成路666号,江苏省,宿迁市,HARD-BLOCKED,D 功能区/大学城无法定区佐证,学成路666号在全部宿迁市政府索引文本中不存在（精确短语0条），该校的政府记录一律写作“湖滨新城/湖滨新区”功能区，从未与宿豫区或宿城区同句；同路名其他门牌（学成路1号宿迁高等师范学校、学成路2号宿迁开放大学）也都只写“湖滨新区”，无门牌级法定区来源，故无法构造合规 evidence_quote。,https://www.zdct.cn/ → 页脚「坐落于江苏省宿迁市湖滨新区学成路666号」（功能区）; http://www.ccgp.gov.cn/cggg/dfgg/cjgg/202608/t20260827_27217140.htm → 宿迁市第七实验学校地点「宿迁市宿豫区学成路439号」（同路官方桥梁，lead only）; https://search.ccgp.gov.cn/bxsearch?searchtype=2&page_index=1&kw=学成路&timeType=5 → 命中上述公告; https://www.suqian.gov.cn/cnsq/zjsq/zjsq.shtml → 湖滨新区被列为「四个功能区」之一; https://m.sogou.com/web/searchList.jsp?keyword=宿迁泽达职业技术学院 学成路666号 宿豫区 → CAPTCHA 反爬页,2026-09-12
PROFILE2213_0,4132013110,宿迁职业技术学院,办学地点（档案未命名）,江苏省宿迁市湖滨新城合欢路8号,江苏省,宿迁市,HARD-BLOCKED,D 功能区/大学城无法定区佐证,合欢路8号在任何政府文本中都没有与法定区同句出现；可查到的合欢路门牌（66号，建志职业培训学校）与档案门牌8号不同，属被明令禁止的“100号 vs 108号”型证据；宿迁市/湖滨新区的官方文本一律只写功能区，故无法构造合规 evidence_quote。,http://www.sqzyxy.com/ → 页脚「校区地址：江苏省宿迁市湖滨新城合欢路8号」，简介「地处湖滨新区高教园」（功能区）; https://www.suqian.gov.cn/cnsq/zjsq/zjsq.shtml → 原文「下辖沭阳县、泗阳县、泗洪县、宿豫区、宿城区「三县两区」和宿迁经济技术开发区、湖滨新区、苏宿工业园区、洋河新区「四个功能区」」; http://hbxq.suqian.gov.cn/hbxq/zjhb/zjhb.shtml → 湖滨新区「是宿迁中心城市最具特色的功能板块」，无法定区; https://search.ccgp.gov.cn/bxsearch?searchtype=2&page_index=1&kw=合欢路&timeType=5 → 未命中写出宿豫区/宿城区的本校区地址; https://m.sogou.com/web/searchList.jsp?keyword=湖滨新城合欢路8号 宿豫区 → CAPTCHA 反爬页,2026-09-12
PROFILE2111_0,4137013008,山东交通职业学院,潍坊校区,山东省潍坊市渤海路7369号,山东省,潍坊市,HARD-BLOCKED,E 无权威来源,官方/政府来源始终只写「山东省潍坊市渤海路7369号」而无区名：学校官网页脚、学校信息公开站办公地址、山东省公共资源交易中心与潍坊市公共资源交易中心的采购公告均如此；山东省交通运输厅相关招聘/考试页（三处 art 链接）全部 404，未能取得含区名原文。唯一含法定区的来源：(a) 地图 POI——360地图对同一门牌「渤海路7369号」同时给出「高新区」（功能区，红线禁止折算为法定区）与「奎文区」，且把该门牌同时挂到潍坊职业学院(奎文校区)、山东海洋技术大学等多家单位，自相矛盾；(b) 一篇来源不可核实的微信公众号文章写「山东交通职业学院(潍坊市奎文区渤海路7369号)」，无法确认发布主体为政,"http://www.sdjtzyxy.com/ → 页脚“地址：山东省潍坊市渤海路7369号 邮编：261206”，无区名; http://www.sdjtzyxy.com/info/1033/26255.htm（采购公告）→ 无区名; http://xxgk.sdjtzyxy.edu.cn/ → 未取得含区名的地址句; so.toutiao.com 检索「""渤海路7369号""」「奎文区渤海路7369号」「山东交通职业学院 2025 招聘 地址 潍坊」→ 官方页均为“山东省潍坊市渤海路7369号”无区名；山东省交通运输厅招聘页仅见索引号摘要，未取得原文",2026-09-12
PROFILE2154_0,4137013857,山东华宇工学院,办学地点（档案未命名）,山东省德州市大学东路968号,山东省,德州市,HARD-BLOCKED,D 功能区/大学城无法定区佐证,德州市/德城区政府公开全文中不存在「大学东路968号 + 法定区县」的桥接原文；学校官方页面统一使用功能区「天衢新区」表述。,https://www.huayu.edu.cn/info/1030/6177.htm → 逐字“山东省德州经济开发区大学东路968号”; 头条检索“山东华宇工学院 大学东路968号 德州经济开发区 德城区”“山东华宇工学院 大学东路968号 德州经济开发区 德城区” → 仅“大家都在搜 山东省德州市德城区华宇工学院/德州市德城区”建议，无官方原文,2026-09-12
PROFILE2837_1,4137013324,山东协和学院,遥墙校区,山东省济南市高新区临港街道温泉路5688号,山东省,济南市,HARD-BLOCKED,A 上一轮独立复核未通过,记录地址为「山东省济南市高新区临港街道温泉路5688号」，「高新区」系功能区。学校官网（sdxiehe.com）页脚逐字为「地址:山东省济南市历城区济青路6277号(郭店校区) 邮编:250109 山东省济南市高新区临港街道温泉路5688号(遥墙校区) 邮编:250107」——「历城区」仅挂在郭店校区名下，遥墙校区被赋予的是功能区「高新区」，红线禁止把郭店校区的区划套给遥墙校区（禁止使用同校另一校区证据）。政府侧仅得济南市不动产登记公告「历城区临港街道办事处温泉路1766号温泉花园二期17号楼-1001」，同区同路但门牌 1766≠5688，红线禁止以不同门牌推定。济南市政府门户统一检索对「温,http://nrp.jinan.gov.cn/col/col43736/art/2026/art_58242bf352bb4dbbbdee8cf90244dabb.html → 200，不动产登记公告“历城区临港街道办事处温泉路1766号温泉花园二期17号楼1-1001”; http://jnwater.jinan.gov.cn/api-gateway/jpaas-jact-web-server/front/mail-pub-detail?iid=f7f46267e8284f28b1d1ba567d512ff6 → 200，来信件含“济南市历城区遥墙机场西路，周边厂区学校（涉及区域：协和学院遥墙校区…）”; http://jndpc.jinan.gov.cn/col30248/art/2011/art_30248_2745577.html → 200，写“山东协和职业技术学院 遥墙校区建设项目…济发改社会[2010]312号”，未给法定区; http://jnepb.jinan.gov.cn/col10516/art/2020/art_10516_3804911.html → 200，建设地点仅写“高新区”（功能区，不采用）; https://www.sdxiehe.edu.cn/ → 证书错误无法打开；https://www.sdxiehe.com/ → 页脚“山东省济南市高新区临港街道温泉路5688号(遥墙校区) 邮编：250107”; https://www.jinan.gov.cn/api-gateway/jpaas-jsearch-web-server/interface/search/info_new?…&q=协和学院遥墙校区 → 200，站内统一检索,2026-09-12
PROFILE2118_0,4137013318,山东工业职业学院,办学地点（档案未命名）,山东省淄博市高新区张北路69号,山东省,淄博市,RESOLVED,—,第二轮已取得可采来源,https://zs.sdivc.edu.cn/lxwm1/lxwm.htm → “线下咨询地址：山东省淄博市高新区张北路69号山东工业职业学院”，功能区; https://zs.sdivc.edu.cn/bkzn1/zszc1.htm → 页脚“地址：山东省淄博市高新区张北路69号”，功能区; https://zs.sdivc.edu.cn/index.htm → 招生信息网首页，无区名; 头条搜索“山东工业职业学院 张北路69号 张店区/采购/招标” → 仅第三方院校库与百科，无政府/采购原文,2026-09-13
PROFILE2928_1,4137014346,山东海事职业学院,北区,潍坊滨海经济技术开发区智慧北二街00999号,山东省,潍坊市,HARD-BLOCKED,D 功能区/大学城无法定区佐证,「智慧北二街00999号」在潍坊市/寒亭区政府公开全文中无与法定区县名同现的桥接原文；学校 2026 招生章程仅写滨海经济开发区地址。,https://zsb.sdmvc.edu.cn/info/1056/4246.htm → 2026招生章程“北区：山东省潍坊市滨海经济开发区智慧北二街00999号”，功能区; https://www.sdmvc.edu.cn/xxgk/xxjj.htm → 学院简介，无地址/无区名; 第三方（axjx.com“地区:山东潍坊寒亭”）仅作线索,2026-09-12
PROFILE2928_0,4137014346,山东海事职业学院,南区,潍坊市滨海经济技术开发区科教创新园区智慧南二街1000号,山东省,潍坊市,HARD-BLOCKED,D 功能区/大学城无法定区佐证,「智慧南二街1000号」在潍坊市/寒亭区政府公开全文中无与法定区县名同现的桥接原文；学校官方仅写滨海经济技术开发区科教创新园区（功能区）。,https://zsb.sdmvc.edu.cn/info/1056/4246.htm → 2026招生章程“南区：山东省潍坊市滨海经济开发区科教创新园区智慧南二街1000号”，功能区; https://www.sdmvc.edu.cn/xxgk/xxjj.htm → 学院简介，无地址/无区名; https://zsb.sdmvc.edu.cn/ → 招生信息网首页; 第三方city8地图“潍坊市寒亭区成贤路山东海事职业学院”仅作线索,2026-09-12
PROFILE2511_0,4137014242,山东理工职业学院,主校区,山东省济宁市太白湖新区济宁大道37号,山东省,济宁市,HARD-BLOCKED,A 上一轮独立复核未通过,记录地址为「山东省济宁市太白湖新区济宁大道37号」，「太白湖新区」「北湖省级旅游度假区」均为功能区。学校官网（sdpu.edu.cn、lib.sdpu.edu.cn）页脚逐字为「山东理工职业学院 地址：山东省济宁市太白湖新区济宁大道37号 邮政编码：272067」，恰为记录原文，且无任何法定区。政府侧全部来源指向功能区而非任城区：济宁市抽检公示「山东省济宁市北湖省级旅游度假区许庄街道荷花路6号（山东理工职业学院）」、5G 覆盖清单「217 太白湖区 许庄街道 北湖书香名邸 重点场景 济安桥南路山东理工学院西门北」。本轮对任城区政府站（rencheng.gov.cn）与济宁市政府站（jining,https://www.jining.gov.cn/art/2019/3/26/art_33502_1712971.html → 200，太白湖新区低保公示“太白湖新区许庄街道济宁市任城区许庄街道办事处甄庙村005号”; https://www.jining.gov.cn/art/2023/3/23/art_59679_2841108.html → 200，济工信字〔2023〕9号5G清单行“217 太白湖区 许庄街道 北湖书香名邸 重点场景 济安桥南路山东理工学院西门北”; https://www.jining.gov.cn/art/2019/5/17/art_70763_2714417.html → 200，抽检公示“山东省济宁市北湖省级旅游度假区许庄街道荷花路6号（山东理工职业学院）”; https://www.jining.gov.cn/jsearchfront/interfaces/cateSearch.do?websiteid=370800000000000&q=山东理工职业学院 → 200，站内统一检索命中上述条目; https://www.sdlgxy.com/ （校方官网）→ 403 不可达,2026-09-12
PROFILE2126_0,4137013966,山东药品食品职业学院,威海校区,山东省威海市高技术产业开发区科技新城和兴路1510号,山东省,威海市,HARD-BLOCKED,D 功能区/大学城无法定区佐证,「和兴路1510号」在威海市/环翠区政府公开全文中无与法定区县名同现的桥接原文；学校官方只写高技术产业开发区科技新城（功能区）。,https://www.sddfvc.edu.cn/ → 页脚“地址：山东省威海市高技术产业开发区科技新城和兴路1510号”，功能区; https://www.sddfvc.edu.cn/info/1019/5810.htm → 招标公告“地址：威海高技术产业开发区科技新城和兴路1510号”，功能区; https://www.sddfvc.edu.cn/info/1019/5506.htm → 招聘公告，无地址; http://zsxxw.sddfvc.edu.cn/info/1034/1960.htm → 招生咨询电话页，无地址; https://zsw.sdjtu.edu.cn/info/1011/6352.htm 附件xlsx → “威海市环翠区双岛湾科技城1508号”，他校（山东交通学院威海校区）证据，仅作线索,2026-09-12
PROFILE2124_0,4137013859,山东铝业职业学院,威海校区,山东省威海市南海新区金海路118号,山东省,威海市,HARD-BLOCKED,A 上一轮独立复核未通过,记录地址为「山东省威海市南海新区金海路118号」，「南海新区」系功能区。经全量检索，本记录地址存在实质性冲突：山东铝业职业学院自身官方发布的《2025年单独考试招生章程》（经掌上高考转载）写的是「山东铝业职业学院（威海校区），威海市文登区南海新区大学路1号」——法定区为文登区但道路/门牌为「大学路1号」，与记录的「金海路118号」不一致，红线禁止以异路异号来源充当同址证据。文登区政府网（wendeng.gov.cn）可检索到的「金海路」政府条目门牌分别为 187-3号（威海天立高级中学）、126-3号（某体育培训学校）、147号806室、149号718室、12-1号（金海加油站）、77-1/7,http://www.weihai.gov.cn/art/2024/5/9/art_59723_4548627.html → 200，12345热线反馈，文登区答复含“南海新区现代路与金海路交叉口”; http://www.weihai.gov.cn/art/2025/6/20/art_173517_5590428.html → 200，生态环保督察公示原文“威海市文登区南海新区小观镇北黄村黄垒河南岸…”; http://www.wendeng.gov.cn/art/2026/6/8/art_63246_6560826.html → 200，文登区政协提案答复含“山东铝业职业学院南门”; http://www.wendeng.gov.cn/art/2021/3/4/art_76736_2839123.html → 200，写“南海新区大学路1号山东铝业职业学院2号教学楼A座”（路名与金海路118号不一致，不采用）; http://www.weihai.gov.cn/art/2024/12/31/art_103284_31670.html → 200，威海市政府关于文登区小观镇国土空间规划的批复; https://www.weihai.gov.cn/jsearchfront/interfaces/cateSearch.do?websiteid=371000000000000&tpl=62&q=山东铝业职业学院 → 200，站内统一检索命中上述条目; http://www.whnh.gov.cn/（南海新区官网）→ HTTP 000 不可达; 校方候选域名 sdlyvc.edu.cn / sdlyxy.com / slvc.edu.cn → 全部 HTTP 000,2026-09-12
PROFILE2865_1,4214050166,山西卫生健康职业学院,双东校区,山西省太原市双塔寺街22号,山西省,太原市,RESOLVED,—,第二轮已取得可采来源,https://www.sxhvc.com/ 官网首页：页脚『地址：山西·晋中 榆次区文津街100号』，无双东校区地址; https://www.sxhvc.com/yxgk/xyjj.htm 学院简介：『学院拥有双东校区、文津校区和康养校区三个校区』，无双塔寺街、无区名; https://www.yingze.gov.cn/gsgg/20230313/30026983.html 迎泽区重点单位公告：全文未出现『双塔寺街22号』『卫生健康职业学院』『卫生学校』; so.toutiao.com 搜索『双塔寺街22号』『双塔寺街22号 山西卫生健康职业学院』：结果被截断/空; so.m.sm.cn 搜索『双塔寺街22号 山西卫生健康职业学院』：返回空,2026-09-12
PROFILE2840_1,4114013691,山西工商学院,北格校区,太原市北格镇紫云路36号,山西省,太原市,RESOLVED,—,第二轮已取得可采来源,https://www.sxtbu.edu.cn/ 招生网内容页 — 「北格校区：太原市北格镇紫云路36号」，无区名; https://www.sxtbu.edu.cn/department/zsb/ — 无区名; https://search.ccgp.gov.cn/bxsearch?kw=山西工商学院 — 0 条; https://search.ccgp.gov.cn/bxsearch?kw=山西工商 — 0 条; https://so.toutiao.com/search?keyword=北格镇紫云路36号 小店区 — 仅第三方站点,2026-09-12
PROFILE2840_0,4114013691,山西工商学院,龙城校区,太原市坞城南路99号,山西省,太原市,RESOLVED,—,第二轮已取得可采来源,https://www.sxtbu.edu.cn/department/zsb/ — 可读（经 GB18030 转码），仅有「山西省太原市坞城南路99号」，无区名; https://www.sxtbu.edu.cn/ 招生网内容页 nyshow_ry.asp?sxid=188 — 「龙城校区：太原市坞城南路99号」，无区名; https://search.ccgp.gov.cn/bxsearch?kw=山西工商学院 — 0 条; https://search.ccgp.gov.cn/bxsearch?kw=山西工商 — 0 条; https://so.toutiao.com/search?keyword=山西工商学院 坞城南路99号 小店区 — 仅第三方招生站/地图POI,2026-09-12
PROFILE2325_0,4114013534,山西工学院,长宁校区,山西省朔州市开发区长宁街11号,山西省,朔州市,RESOLVED,—,第二轮已取得可采来源,http://www.sxct.edu.cn/ — 可读，地址作「山西省朔州市开发区长宁街11号」，无区名; http://www.ccgp.gov.cn/cggg/dfgg/ 山西工学院公告 t20260828_27227723.htm 等 3 条 — 地址均作「朔州市开发区长宁街11号」; https://gtj.shuozhou.gov.cn/ 不动产登记公告 .../202305/t20230510_438906.html — 出现「开发区长宁街南、招远路西世纪新城」，门牌不同，仅间接线索,2026-09-12
PROFILE1669_1,4114012779,山西应用科技学院,太谷校区,山西省晋中市太谷县南寺街5号,山西省,晋中市,RESOLVED,—,第二轮已取得可采来源,https://www.sxcast.edu.cn/ 官网首页：页脚『地址：山西省太原市小店区榆古路东1号』; https://www.sxcast.edu.cn/xygk/xyjj.html 学校简介：『学校设北格、黄陵和太谷三个校区』，无太谷校区地址与区名；全文无『南寺街』; so.toutiao.com 搜索『「南寺街5号」』『山西应用科技学院太谷校区』：结果页返回空（限流）,2026-09-13
PROFILE1649_0,4114012892,山西水利职业技术学院,运城校区,山西省运城市安邑庙风西路34号,山西省,运城市,RESOLVED,—,第二轮已取得可采来源,http://www.ccgp.gov.cn/cggg/dfgg/ 相关公告 t20260602_26667242.htm — 采购人「山西水利职业技术学院（运城校区）」，地址「山西省运城市安邑庙风西路34号」，无区名; http://www.sxsy.com.cn/about/3323.html — 校区介绍页，运城校区地址同上门牌，无区名; http://www.yanhu.gov.cn/doc/2024/03/20/431917.shtml — 区校合作签约报道（不构成校区区位证据）,2026-09-12
PROFILE1661_0,4114013745,山西电力职业技术学院,办学地点（档案未命名）,山西省太原市晋祠路三段160号,山西省,太原市,RESOLVED,—,第二轮已取得可采来源,https://www.vtep.edu.cn/ — WebFetch ECONNREFUSED（443）；curl 连接失败 code=000; http://www.vtep.edu.cn/ — curl 连接失败 code=000; https://search.ccgp.gov.cn/bxsearch?searchtype=1&page_index=1&kw=山西电力职业技术学院 — 0 条; https://search.ccgp.gov.cn/bxsearch?searchtype=1&page_index=1&kw=山西电力 — 0 条; https://so.toutiao.com/search?keyword=山西电力职业技术学院 晋祠路三段160号 — 仅命中 vtep.edu.cn 自身的缓存路径，站点不可达,2026-09-12
PROFILE2322_1,4114014177,山西经贸职业学院,龙山校区,山西省太原市晋祠路三段629号,山西省,太原市,RESOLVED,—,第二轮已取得可采来源,https://www.sxemc.com/ — TLSV1_ALERT_INTERNAL_ERROR，不可读; https://www.sxemc.edu.cn/ 学院简介页 — 可读，仅有「学院分滨河、龙山两个校区，占地总面积409亩」，无区名; https://www.sxemc.edu.cn/ 招生网/联系我们页 — 地址为「南内环西街1号」，非龙山校区; https://search.ccgp.gov.cn/bxsearch?kw=山西经贸职业学院 — 0 条; https://search.ccgp.gov.cn/bxsearch?kw=山西经贸 — 0 条; https://so.toutiao.com/search?keyword=山西经贸职业学院 龙山校区 晋祠路三段629号 — 无官方域名结果,2026-09-12
PROFILE1655_1,4114013693,山西警官职业学院,分校区,山西省太原市坞城路109号,山西省,太原市,RESOLVED,—,第二轮已取得可采来源,https://www.sxpolice.org/ 官网首页：页脚『地址：太原市迎泽区双塔南路34号』，无坞城路109号; https://www.sxpolice.org/info/1221/44932.htm 《山西警官职业学院坞城校区（原山西司法学校）2025年度单位决算公开》：正文与页脚均只出现双塔南路34号; http://www.sxsfxx.com/ 山西省司法学校官网：ECONNREFUSED（443/80 均不可达）; so.toutiao.com 搜索『山西省司法学校 坞城路109号』：仅第三方职教网『官方地址:山西太原市小店区』与幸福里小区页，无一手来源; https://www.yingze.gov.cn/gsgg/20230313/30026983.html 迎泽区重点单位公告：未出现『坞城路109号』,2026-09-12
PROFILE275_0,4114010125,山西财经大学,坞城校区,山西省太原市坞城路140号,山西省,太原市,RESOLVED,—,第二轮已取得可采来源,https://www.sxufe.edu.cn/ 官网首页：『坞城校区：山西省太原市坞城路140号』，无区名; https://www.sxufe.edu.cn/gywm/xxgk/xxjj.htm 学校简介：『学校分坞城、迎泽和东山三校区办学』，地址无区名; https://www.sxufe.edu.cn/dsxq/index.htm 东山校区页：仅『地址：山西省太原市坞城路140号』与晋公网安备编码，无区名; https://www.sxufe.edu.cn/info/1647/117983.htm 校内采购公告：采购人地址『太原市坞城路140号』，无区名; https://www.yingze.gov.cn/gsgg/20230313/30026983.html 迎泽区重点单位公告：未出现坞城路140号; http://search.ccgp.gov.cn/bxsearch?kw=坞城路140号（含 start_time/end_time 扩展）：0条; so.toutiao.com 搜索『坞城路140号』：仅校内各子站与招生产品页，摘要均无区名,2026-09-12
PROFILE2075_1,4165013094,巴音郭楞职业技术学院,产教融合示范园校区,新疆维吾尔自治区库尔勒经济技术开发区康盛路东四巷36号,新疆维吾尔自治区,巴音郭楞蒙古自治州,HARD-BLOCKED,A 上一轮独立复核未通过,库尔勒市/巴音郭楞蒙古自治州两级政府站检索「康盛路」无任何命中；校方官网唯一含法定区字样的写法是「库尔勒市经济技术开发区」（功能区粘连串），含完整地址（康盛路东四巷36号）的页面又只写「库尔勒经济技术开发区」（功能区）。两条证据分处两页、无法定区与路名/门牌同现的单一逐字引文，也不存在政府文件把该校产教融合示范园校区写入库尔勒市。,https://www.xjbyxy.cn/xygk/xyjj.htm — 「新疆库尔勒经济技术开发区康盛路东四巷36号（产教融合示范园校区）」; https://www.xjbyxy.cn/lxwm.htm — 「库尔勒市经济技术开发区巴音郭楞职业技术学院」; https://www.xjbyxy.cn/ — 页脚「库尔勒市经济技术开发区巴音郭楞职业技术学院」; https://so.toutiao.com/search?keyword=康盛路东四巷36号 — 阳光高考招生章程同址，无库尔勒市; http://www.xjkel.gov.cn/ 与 http://www.xjbz.gov.cn/ — 未提及库尔勒经济技术开发区/康盛路,2026-09-12
PROFILE3098_0,4241050709,平顶山职业技术学院,新校区,河南省平顶山市城乡一体化示范区长安大道西段（郑万高铁平顶山站西侧）,河南省,平顶山市,HARD-BLOCKED,D 功能区/大学城无法定区佐证,「长安大道西段」在平顶山市政府/新华区/湛河区政府公开全文中无可检索的同现桥接原文；学校官方页面统一使用功能区「城乡一体化示范区」表述。,https://www.pdszy.edu.cn/xygk/xyjj.htm → “地处平顶山市城乡一体化示范区长安大道西段”，无区名; https://zsc.pdszy.edu.cn/ → 页脚“城乡一体化示范区长安大道西段(郑万高铁平顶山站西侧)”，无区名; https://so.toutiao.com/search?keyword=平顶山职业技术学院 长安大道西段 → 仅 pdszy.edu.cn 页面; https://so.toutiao.com/search?keyword=平顶山职业技术学院 长安大道 新华区 → 无相关条目,2026-09-12
PROFILE286_4,4144011845,广东工业大学,揭阳校区,广东省揭阳市粤东新城大学路,广东省,揭阳市,RESOLVED,—,第二轮已取得可采来源,https://jyxq.gdut.edu.cn/ — 校区官网首页，无地址区县; https://jyxq.gdut.edu.cn/xqjj.htm — 「揭阳校区坐落于广东省揭阳市粤东新城」，无惠来县; https://jyxq.gdut.edu.cn/info/1067/6113.htm — 仅出现「揭阳」，无惠来县/粤东新城; https://jyxq.gdut.edu.cn/zsgz/bkzs.htm — 仅番禺区地址; https://jyxq.gdut.edu.cn/sysyzbgz/cgzb.htm — 招标公告列表，无惠来县; https://www.gdut.edu.cn/ — 页脚仅番禺区大学城外环西路100号; http://www.jieyang.gov.cn/ 与 http://www.huilai.gov.cn/ — ECONNREFUSED; https://so.toutiao.com/search?keyword=广东工业大学揭阳校区惠来县 — 仅惠来县政府页，无同句证据,2026-09-13
PROFILE976_1,4144013721,广东工商职业技术大学,大旺校区,广东省肇庆市大旺高新产业开发区荔园街3号,广东省,肇庆市,HARD-BLOCKED,C 地址冲突,记录地址的功能区名「大旺高新产业开发区」不能直接当作法定区；唯一能给出法定区的权威来源是肇庆市民政局区划表「四会市 大旺街道 441284004」，但其行内不含记录的路名「荔园街」或门牌「3号」，也含校名，无法与本条地址挂接；且肇庆市政府另一官方文件把高新区与四会市并列表述（「高新区与四会市边界」），官方口径存在张力，不足以填 d。,https://dwxq.gdbtu.edu.cn/ — 页脚仅「广东省肇庆市七星岩旅游景区内」; https://dwxq.gdbtu.edu.cn/about/index.html — 「地址：肇庆高新技术产业开发区荔园街3号」; https://www.sihui.gov.cn/ — 「四会全域（含大旺街道）…辖13个镇（街道）」; https://www.sihui.gov.cn/zjsh/yjls/content/post_3236968.html — 「四会全域（含大旺街道）」「四会（不含大旺街道）」，无「四会市+大旺」同句; https://www.sihui.gov.cn/zjsh/zjjj/ — 镇街概况仅列12个镇街，无大旺街道; https://www.sihui.gov.cn/zjsh/shgk/shgm/content/post_3205441.html — 无大旺; https://www.zqgx.gov.cn/web/tzdw/yqgg/index.html — 「西与四会市毗邻」（与四会说法冲突）; https://www.sihui.gov.cn/zjsh/shgk/jjshfz/index.html — 页面正文为空,2026-09-12
PROFILE613_1,4144012959,广东工贸职业技术学院,办学地点（档案未命名）,1098号,广东省,广州市,RESOLVED,—,第二轮已取得可采来源,https://www.gdgm.edu.cn/604/list.htm → 逐字“天河校区地址：广州市天河区广州大道北963号 邮编：510510；白云校区地址：广州市白云区钟落潭镇广从九路688号；荔湾校区地址：广州市荔湾区芳村大道西滘口街5号”; https://www.gdgm.edu.cn/ → 检索“1098”“963”“广州大道北”“天河区”，1098 NO HIT; 头条检索“广东工贸职业技术学院 1098号 白云校区” → 仅第三方（大学生必备网/掌上高考/零二七艺考）,2026-09-12
PROFILE3586_1,4144014758,广东梅州职业技术学院,广梅产业园校区,广州梅州产业转移园蕉岭路,广东省,梅州市,HARD-BLOCKED,E 无权威来源,记录地址“广州梅州产业转移园蕉岭路”（广梅产业园校区）无门牌，校方来源全程不写该校区法定区。校方 http://www.gdmzvtc.edu.cn/xxgk/xxjj.htm 逐字写“学校位于广东省梅州市梅江区学院路15号。学校占地面积600亩，包括校本部东区、西区、北区，广梅产业园校区”，页脚亦仅“学校地址：广东省梅州市梅江区学院路15号”——“梅江区”只属校本部(另址)，按红线不得借用；广梅产业园属功能区，不得由功能区反推法定区；广东省政务搜索中“蕉岭路”仅作为蕉岭县境内道路出现，与地址无门牌绑定、亦无校方/政府同句表述。,https://www.gdmzvtc.edu.cn/ — 学校官网，仅「学校地址：广东省梅州市梅江区学院路15号」; http://www.meizhou.gov.cn/ — HTTP 521 Unknown Status; http://www.gmcyy.gov.cn/ — getaddrinfo ENOTFOUND; http://www.gmcyy.com/ — HTTP 403; https://so.toutiao.com/search 与 sogou 检索（广梅产业园/蕉岭路/梅县区）— 页面被截断或验证码拦截，无有效原文,2026-09-12
PROFILE1031_1,4144011540,广东金融学院,肇庆校区,广东省肇庆市星湖石牌,广东省,肇庆市,RESOLVED,—,第二轮已取得可采来源,https://zqxq.gduf.edu.cn/ 肇庆校区子站首页：页脚『校址：广州市天河区迎福路527号』，无星湖/石牌; https://zqxq.gduf.edu.cn/index/xqjj.htm 校区简介：『座落在风景秀丽的肇庆市七星岩星湖旅游区』，无区名; https://zs.gduf.edu.cn/ 招生网：仅广州市天河区迎福路527号; https://www.gduf.edu.cn/ 主页（前轮已试）：仅本部天河区地址,2026-09-12
PROFILE792_1,4151013814,广安职业技术学院,奎阁校区,四川省广安市经济技术开发区老关庙路东段1号,四川省,广安市,HARD-BLOCKED,D 功能区/大学城无法定区佐证,「老关庙路东段1号」在广安市政府/广安区/前锋区政府公开全文中无与法定区县名同现的可获取桥接原文；学校官方仅写广安经济技术开发区（功能区）。,https://www.gavtc.cn/ (WebFetch) — 打开成功，只见「滨江校区」「奎阁校区」名称，页脚地址仅「广安市广安区滨江东路98号 邮编：638000」，全文无「老关庙路」「经济技术开发区」; https://www.gavtc.cn/xygk/xyjj.htm (curl) — 404; Toutiao 关键词「广安职业技术学院 奎阁校区 老关庙路」「广安职业技术学院奎阁校区地址 经济技术开发区老关庙路东段1号」「奎阁街道 前锋区 广安经济技术开发区 管辖」「广安奎阁 属于广安区 奎阁街道」 — 只得第三方院校库与自媒体，无政府原文; Toutiao 关键词「老关庙路东段1号」 — 命中「广安消防」隐患曝光文与第三方掌上高考，均未写法定区,2026-09-12
PROFILE990_1,4144013928,广州华立科技职业学院,云浮校区,广东省云浮市西江新城云祥大道53号,广东省,云浮市,RESOLVED,—,第二轮已取得可采来源,https://www.gzhlxy.edu.cn/ — 页脚「云浮市西江新城云祥大道53号」，无云安区; https://www.gzhlxy.edu.cn/cszs/240/list.htm 及 /cszs/2024/0621/c240a63620/page.htm、/cszs/2026/0607/c240a75175/page.htm、/cszs/2023/1018/c240a61141/page.htm、/cszs/2022/0422/c240a54187/page.htm — 均写「云浮市新城云祥大道53号」，无云安区; https://www.yunan.gov.cn/yfyazrzy/gkmlpt/content/1/1819/mpost_1819445.html — 云安区自然资源局：西江新城云祥大道1号（成功）; https://www.yunan.gov.cn/ — 云安区门户，无华立/云祥大道; http://www.yunfu.gov.cn/yfxq/ — 云浮新区核心区西江新城位于都杨镇; https://www.yunfu.gov.cn/ — 云浮市政府门户; 搜狗搜索结果线索 http://www.hlxy.net/ 招生章程「云安区云祥大道53号」— TLS 证书不匹配(host not in cert altnames)，无法抓取原文; http://www.hlxy.net/ 经 r.jina.ai 代理 — ECONNREFUSED,2026-09-13
PROFILE635_1,4144012040,广州民航职业技术学院,白云机场校区,广东省广州市白云国际机场空港北横六路,广东省,广州市,HARD-BLOCKED,E 无权威来源,记录地址“广东省广州市白云国际机场空港北横六路”无门牌，且校方来源全程不写法定区。校方2026招生章程只写“白云机场校区 : 广东省广州市白云国际机场空港北横六路，邮政编码 510470”，无区名；市卫健委诊所登记中该机场区域机构地址为“广州市白云区三元里街机场路向云西街10号、新白云国际机场北工作区横十一路1号宿舍小区2-101、2-102 行政区划：白云区”，路名(横十一路)与记录(空港北横六路)不一致，属不同址，禁止借用；ghzyj.gz.gov.cn 相关“花都校区”文件指向的是赤坭校区(另一校区)，亦不得借用。机场空港片区在公开文本中多以功能区(广州空港经济区)名义出现，按红线不得由,https://www.gcac.edu.cn/xxgk1/xxjj.htm → 学校简介无白云机场校区地址原文; 头条检索“广州民航职业技术学院 白云机场校区 空港北横六路”“广州民航职业学院 白云区 机场路 白云机场校区” → 仅掌上高考第三方“白云机场校区地址:广东省…”及搜索建议,2026-09-12
PROFILE1034_0,4145010600,广西中医药大学,仙葫校区,广西壮族自治区南宁市五合大道13号,广西壮族自治区,南宁市,RESOLVED,—,第二轮已取得可采来源,https://www.gxtcmu.edu.cn/ → HTTP 403; https://www.gxtcmu.edu.cn/rsc/rczp/content_82781 → HTTP 403; https://www.gxtcmu.edu.cn/jyjx → HTTP 403; https://www.gxtcmu.edu.cn/xwzx/tzgg/content_82876 → HTTP 403; https://zs.gxtcmu.edu.cn/ → DNS ENOTFOUND; https://zsb.gxzyxysy.com/ → 打开成功但无地址信息; https://r.jina.ai/https://www.gxtcmu.edu.cn/ → ECONNREFUSED; https://api.allorigins.win/raw?url=…gxtcmu… → HTTP 522; https://api.codetabs.com/v1/proxy?quest=…gxtcmu… → HTTP 522; https://corsproxy.io/?url=…gxtcmu… → HTTP 401; 搜狗/360/头条搜索快照 → 显示官网原文含「南宁市青秀区五合大道13号广西中医药大学仙葫校区」；ccgp.gov.cn 采购公告含「采购单位地址：广西南宁市青秀区五合大道13号」,2026-09-12
PROFILE1034_1,4145010600,广西中医药大学,明秀校区,广西壮族自治区南宁市明秀东路179号,广西壮族自治区,南宁市,RESOLVED,—,第二轮已取得可采来源,https://zrzyj.nanning.gov.cn/zwgk_57/xxgk/ghgl/ghgs/phgs/t5742022.html → 成功，项目地址栏「南宁市西乡塘区明秀东路179号」; https://www.xxtq.gov.cn/xxtqzrzyj/tzgg/t6353442.html → ECONNREFUSED（HTTPS 被拒）; https://www.gxtcmu.edu.cn/rsc/rczp/content_82781 → HTTP 403; 头条搜索跳转 → 解出上述 zrzyj 原文 URL,2026-09-12
PROFILE1743_1,4145012379,广西国际商务职业技术学院,东盟经开区校区,广西壮族自治区南宁市东盟经济技术开发区发展大道109号,广西壮族自治区,南宁市,RESOLVED,—,第二轮已取得可采来源,http://www.wuming.gov.cn/ — 武鸣区人民政府门户：「武鸣区（含东盟经开区）」「武鸣城区 东盟经开区 南宁教育园区融合发展」; https://www.gxibvc.net/ — 学校官网仅页脚「广西南宁市大学东路168号」（校本部），未列东盟经开区校区; http://www.nanning.gov.cn/ — 武鸣区人民政府与广西—东盟经开区管委会分列为县区/派出机构; https://gxdmjkq.nanning.gov.cn/ — 开发区官网「位于广西首府南宁市北30公里」，未写区县; https://so.toutiao.com/search?keyword=广西-东盟经济技术开发区+武鸣区 — 无同句证据,2026-09-12
PROFILE1743_0,4145012379,广西国际商务职业技术学院,大学路校区,广西壮族自治区南宁市大学东路168号,广西壮族自治区,南宁市,RESOLVED,—,第二轮已取得可采来源,https://www.gxibvc.edu.cn/ — 官网简介/联系我们仅「南宁市大学东路168号」，无任何法定区名; https://api.so-gov.cn/query/s siteCode=4501000060 qt=大学东路168号 — 无有效命中; https://api.so-gov.cn/query/s siteCode=4501000060 qt=广西国际商务职业技术学院 — 返回高考投档线等，无地址+区同句; 头条搜索 — 仅第三方线索,2026-09-12
PROFILE1756_0,4145013920,广西城市职业大学,空港校区,广西壮族自治区南宁空港经济区同正大道655号,广西壮族自治区,崇左市,RESOLVED,—,第二轮已取得可采来源,https://www.gxcvuedu.com/ — 学校官网页脚「广西南宁空港经济区同正大道655号」「广西崇左市江州区骆越大道1号」，无扶绥县; https://dnr.gxzf.gov.cn/zfxxgk/fdzdgknr/ygzd/jsydpfwj/t16083041.shtml — 自治区政府批复：中国—东盟南宁空港扶绥经济区…由扶绥县供地; http://www.fusui.gov.cn/xxgk/zdlyxxgk/zdjsxm/zstd/t12985165.shtml — TLS unrecognized name，无法抓取（扶绥县同正大道改造项目线索）; http://www.chongzuo.gov.cn/ 与 https://www.fusui.gov.cn/ — TLS/ECONNREFUSED; https://so.toutiao.com 与 sogou 检索「扶绥县 空港经济区 同正大道」— 得到扶绥县政府同正大道项目线索（未直接抓取到原文）,2026-09-13
PROFILE2365_2,4145014220,广西幼儿师范高等专科学校,东盟校区,广西东盟经济技术开发区发展大道2号,广西壮族自治区,南宁市,RESOLVED,—,第二轮已取得可采来源,https://www.gxyesf.edu.cn/ — 「东盟校区：广西-东盟经济技术开发区发展大道2号　邮编：530100」，无武鸣区; http://www.wuming.gov.cn/ — 「武鸣区（含东盟经开区）」; http://www.nanning.gov.cn/ — 武鸣区政府与东盟经开区管委会分列; https://gxdmjkq.nanning.gov.cn/ — 开发区官网未写区县,2026-09-12
PROFILE1735_0,4145010867,广西机电职业技术学院,相思湖校区,广西南宁市大学东路101号,广西壮族自治区,南宁市,RESOLVED,—,第二轮已取得可采来源,https://www.gxcme.edu.cn/ — 全站爬取90页，40处命中「大学东路101号」，零处「西乡塘区」等区名; https://api.so-gov.cn/query/s siteCode=4501000060 qt=大学东路101号 — totalHits=0; https://api.so-gov.cn/query/s siteCode=4501000060 qt=广西机电职业技术学院 地址 — totalHits=10403，返回公租房/求职补贴/投档线等，无门牌+区桥句; https://www.nanning.gov.cn/ggfw/bmfw/jyfw1/cycx/ 及 t6689272/t6659939 等求职补贴公示 — 仅出现校名，无地址无区; 头条搜索 — 仅返回第三方招生/地图线索，不可作判据,2026-09-13
PROFILE1729_0,4145011546,广西科技师范学院,来宾校区,广西壮族自治区来宾市铁北大道966号,广西壮族自治区,来宾市,RESOLVED,—,第二轮已取得可采来源,https://www.gxstnu.edu.cn/ — 官网简介/联系我们仅「来宾市铁北大道966号」，无区名; 来宾市政府门户站内检索（gx-gbk-search SPA）— 页面为 JS 应用，抓取无结果; https://api.so-gov.cn/query/s siteCode=4513000060 — 「不存在的站点[4513000060]」; https://gaokao.chsi.com.cn/sch/search.do — HTTP 412 反爬，不可用; 广西政采云/广西政府采购网 — luban SPA，无法解析,2026-09-12
PROFILE1046_1,4145011548,广西财经学院,明秀校区,广西壮族自治区南宁市明秀西路100号,广西壮族自治区,南宁市,RESOLVED,—,第二轮已取得可采来源,https://www.gxufe.edu.cn/ → 正文为空（JS 渲染）; https://www.gxufe.edu.cn/www/subWebSites/jxjyxy/ → 仅导航与标题，无地址; https://www.gxufe.edu.cn/www/subWebSites/cwc/ → 仅导航，无地址; https://zs.gxufe.edu.cn/ → DNS ENOTFOUND; 搜狗/360/头条搜索快照 → gxufe.edu.cn 页含「广西南宁市西乡塘区明秀西路100号」；其余为 360地图/掌上高考/工商名录等第三方,2026-09-12
PROFILE1046_0,4145011548,广西财经学院,相思湖校区,广西壮族自治区南宁市大学西路189号,广西壮族自治区,南宁市,RESOLVED,—,第二轮已取得可采来源,https://www.gxufe.edu.cn/ → 正文为空（JS 渲染）; https://www.gxufe.edu.cn/www/subWebSites/cwc/ → 页面仅导航，无地址; https://www.gxufe.edu.cn/www/subWebSites/gzglzx/index.html → 页面仅导航，无地址; https://gxggzy.gxzf.gov.cn/ → SSL handshake failure; https://api.allorigins.win/raw?url=…gxufe… → HTTP 520; 360/搜狗搜索快照 → gxggzy.gxzf.gov.cn 更正公告含「地址:南宁市西乡塘区大学西路189号」；gxufe.edu.cn 财务处页含「广西南宁市西乡塘区大学西路189号」,2026-09-12
PROFILE2854_0,4113014335,廊坊卫生职业学院,办学地点（档案未命名）,河北省廊坊市经济开发区东方大学城四光路南,河北省,廊坊市,HARD-BLOCKED,D 功能区/大学城无法定区佐证,法定区原文缺失：①https://www.lfhvc.edu.cn/xxgk/xxjj.htm 页脚逐字为「联系地址：河北省廊坊市经济开发区东方大学城四光路南」，无区名；②中国政府采购网（政府源）中采购单位「廊坊卫生职业学院本级」地址为「廊坊经济技术开发区李四光道245号」（如 http://www.ccgp.gov.cn/cggg/dfgg/gkzb/202608/t20260820_27173388.htm ），仍无区名，且路名与记录的四光路不一致（四光路 vs 李四光道245号）；③所有公告里的「广阳区」只出现在代理机构/供应商地址（河北泰瑞招标代理 广阳区第五大街酒吧街、供应商 广阳区,https://www.lfhvc.edu.cn/xxgk/xxjj.htm（curl -k，WebFetch 报证书过期）→ 页脚仅「联系地址：河北省廊坊市经济开发区东方大学城四光路南」，无法定区; toutiao/sogou 搜索「廊坊卫生职业学院 东方大学城 广阳区」→ 仅命中「廊坊市广阳区人民政府」站名，无该校与广阳区同句表述; https://www.lf.gov.cn/（廊坊市政府，可访问）→ 未检索到含该校法定区的条目,2026-09-12
PROFILE625_0,4113010100,廊坊师范学院,廊坊校区,河北省廊坊市爱民西道100号,河北省,廊坊市,RESOLVED,—,第二轮已取得可采来源,https://www.lfnu.edu.cn/bgs/ → 命中「地址：河北省廊坊市安次区爱民西道100号 邮政编码：065000」（逐字，本轮复抓复核通过）; https://www.lfnu.edu.cn/bgs/col/1388113074525/index.html → 同一页脚,2026-09-12
PROFILE730_0,4113013395,廊坊职业技术学院,大学城校区,河北省廊坊市开发区东方大学城二期,河北省,廊坊市,RESOLVED,—,第二轮已取得可采来源,https://zsjy.lfzj.edu.cn/ → read ECONNRESET; https://www.lfzj.edu.cn/xygk/xyjj.htm → HTTP 502 Bad Gateway; http://www.lf.gov.cn/Category_82/Index.aspx → 行政区划列广阳区/安次区/廊坊经济技术开发区，无「东方大学城」; http://www.lf.gov.cn/Category_79/Index.aspx → 城市综述无东方大学城,2026-09-12
PROFILE730_1,4113013395,廊坊职业技术学院,西校区,河北省廊坊市爱民西道42号,河北省,廊坊市,RESOLVED,—,第二轮已取得可采来源,微信搜狗 results 页 https://weixin.sogou.com/weixin?type=2&query=廊坊职业技术学院 西校区 爱民西道42号 → 命中官方号「廊坊职业技术学院」文章《叮!你的廊职校园生活说明书已送达…》：报到地址「廊坊市安次区光明西道街道爱民西道42号」; https://weixin.sogou.com/link?url=…（原文跳转）→ 返回搜狗验证码页，打不开 mp.weixin 原文; https://www.lfjz.edu.cn/ → curl 返回 0 字节（首页无任何地址文本，与上一轮结论一致）,2026-09-13
PROFILE1520_0,4141011069,开封大学,办学地点（档案未命名）,河南省开封市东京大道,河南省,开封市,RESOLVED,—,第二轮已取得可采来源,http://www.kfu.edu.cn/ — 「地址:中国 河南 开封 东京大道」，无门牌无区名; https://www.kfu.edu.cn/xxgk/xxjj.htm — 学校简介，仅页脚同址，无区名; https://so.toutiao.com/search?keyword=开封大学 东京大道 龙亭区 地址 — 无区名，仅河南大学/龙亭区政府等旁证; https://so.toutiao.com/search?keyword=开封大学 龙亭区 — 唯一含龙亭区的开封大学条目来自 ruyile.com 第三方院校库; https://so.toutiao.com/search?keyword=开封大学招生章程 — 页面截断，未取到 jyt.henan.gov.cn 章程链接,2026-09-12
PROFILE2902_1,4113014458,张家口学院,明湖校区,河北省张家口市经开区洋河新区景观大道北侧,河北省,张家口市,HARD-BLOCKED,D 功能区/大学城无法定区佐证,法定区原文缺失：中国政府采购网（政府源）中采购单位「张家口学院」全部 18 份公告的地址一律为「张家口市经开区洋河新区景观大道北侧（明湖校区）」或「河北省张家口市经开区洋河新区景观大道北侧(明湖校区)」，未出现任何法定区；唯一出现的「桥西区」是中标供应商地址（河北省张家口市桥西区祭风台街1号搜候大厦），属第三方，不能佐证。校方官网 http://www.zjku.edu.cn/col/1369449782644/index.html 亦只写「桥西区平门大街副19号（平门校区）、经开区洋河新区景观大道北侧（明湖校区）」——对平门校区写了法定区、对明湖校区只写功能区，无法据以定区。,http://www.zjku.edu.cn/col/1369449782644/index.html → 「学校地址：河北省张家口市桥西区平门大街副19号（平门校区）、河北省张家口市经开区洋河新区景观大道北侧（明湖校区）」; toutiao 搜索「张家口学院 明湖校区 属于哪个区 洋河新区」→ 张家口市人民政府（zjk.gov.cn，2025-03-01）同句亦仅「明湖校区位于经开区洋河新区景观…」; https://www.zjk.gov.cn/ 可访问，但未定位到含明湖校区法定区的原文,2026-09-12
PROFILE2140_1,4137012842,德州科技职业学院,德州校区,山东省德州天衢新区马颊河路2499号,山东省,德州市,RESOLVED,—,第二轮已取得可采来源,http://zrzyj.dezhou.gov.cn/n17007675/n47082315/c93680729/content.html → 200，选址意见书含“德州科技职业学院德州校区二期扩建项目…马颊河路以南…李鸣岗村”; http://www.dzlc.gov.cn/n47372276/n47373288/n47396268/n47396284/c72021358/content.html → 200，陵城区征地补偿安置方案公告含“陵城区…李鸣岗村”; http://www.dzlc.gov.cn/n47372276/n47373288/n47396268/n47396284/c88022869/content.html → 200，“本次征收地块三位于安德街道李鸣岗村”; http://zrzyj.dezhou.gov.cn/n17007675/n47082315/c99924989/content.html → 200，另一天衢新区项目同样用371402号，证明该前缀非德城区专属; https://www.dzkjxy.com/ 、 https://www.dztvc.edu.cn/ → 页脚“山东省德州天衢新区马颊河路2499号(德州校区) 邮编：253500”; https://www.dezhou.gov.cn/irs/front/search （POST JSON，穷举 code/configCode/dataTypeId/sign）→ 全部 code 1002 参数错误; http://www.dezhou.gov.cn/jsearchfront/… 、 http://www.dzlc.gov.cn/jsearchfront/… → 404（德州站无TRS检索）; subdomains tianquxinqu./kfq./jjkq./tqxq.dezhou.gov.cn → HTTP 000,2026-09-13
PROFILE1086_0,4151010653,成都体育学院,东部新区校区,四川省成都市东部新区环湖北路1942号,四川省,成都市,RESOLVED,—,第二轮已取得可采来源,https://ggzyjy.sc.gov.cn/jyxx/002002/002002003/20241127/8a69c3a59359e811019361f38d3b2442.html → 打开成功，正文含「简阳市环湖北路1942号」（采用）; https://www.cdsu.edu.cn/ → WEB 应用防火墙人机校验页，无地址,2026-09-12
PROFILE2497_1,4151013673,成都外国语学院,宜宾校区,四川省宜宾市临港经济技术开发区大学城路三段216号,四川省,宜宾市,RESOLVED,—,第二轮已取得可采来源,https://sjxq.yibin.gov.cn/zwgk/jgsz/xxjdzx/202301/t20230105_1809516.html → 打开成功，正文含「翠屏区双城街道大学城路三段222号」（采用）; https://www.yibin.gov.cn/xxgk/rdgz/202010/t20201022_1366651.html → 打开成功但正文仅述启用仪式，无地址、无「翠屏」正文（仅侧栏导航噪声）; https://yibin.cdisu.edu.cn/ → 打开成功但页脚无地址、无区名,2026-09-12
PROFILE769_3,4151011116,成都工业学院,宜宾校区,四川省宜宾市临港经济技术开发区大学路三段9号,四川省,宜宾市,RESOLVED,—,第二轮已取得可采来源,Toutiao 关键词「成都工业学院 宜宾校区 地址 翠屏区」「大学城路三段9号 宜宾」「翠屏区大学城路三段9号」 — 反复命中 xb.cdtu.edu.cn 快照原文「宜宾市临港经济技术开发区大学城路3段9号(宜宾校区)」，但无翠屏区; https://www.cdtu.edu.cn/ (WebFetch/curl) — HTTP 412 Precondition Failed; https://xb.cdtu.edu.cn/ (curl) — 返回 JS 混淆反爬壳，正文不可读; https://zs.cdtu.edu.cn/ (curl) — HTTP 412; https://tyx.cdtu.edu.cn/ — 检索到但仅有体育系新闻，无校区地址,2026-09-13
PROFILE3204_2,4151014514,成都工业职业技术学院,高新校区,四川省成都市高新区府城大道西段769号,四川省,成都市,HARD-BLOCKED,D 功能区/大学城无法定区佐证,法定区原文缺失：①中国政府采购网（政府源）中采购单位「成都工业职业技术学院」的全部公告地址一律为「成都市天府新区（成都片区）正兴街道大安路818号」（天府校区），检索中无「府城大道西段769号」、无「高新校区」地址条目；②精确门牌反查「府城大道西段769号」在 ccgp 命中 0 条；③校方官网 https://www.cdivtc.edu.cn/ 页脚只有「地址：四川天府新区大安路818号」，「高新校区」仅出现在采购标题中无地址；④第三方（成都市司法局「法治成都」2018 考点公告）与 POI 写「成都市高新区府城大道西段769号」，仍是功能区口径，且属商业/非权威或非本校区地址。,https://www.cdivtc.edu.cn/ (WebFetch) — 打开成功，页脚「地址：四川天府新区大安路818号」；「高新校区」仅在采购标题出现；全文无「武侯区」「府城大道西段769号」; https://zsw.cdivtc.edu.cn/ (curl) — HTTP 000，站点不可达; Toutiao 关键词「府城大道西段769号」「成都工业职业技术学院 高新校区 府城大道西段769号」「成都工业职业技术学院高新校区地址 府城大道西段769号」 — 只得法治成都(2018)与自媒体，均写「高新区」; Toutiao 关键词「成都高新区南部园区 府城大道 武侯区 芳草街街道」 — 只得澎湃/博雅地名网等第三方，无把该门牌与武侯区同一句的官方原文,2026-09-12
PROFILE2869_2,4151014389,成都师范学院,白果林校区,四川省成都市一环路西三段百寿路4号,四川省,成都市,HARD-BLOCKED,C 地址冲突,青羊区（校方2013年旧章程，属历史文书不得冒充当前）与金牛区（商业地图/新闻报道，未与门牌4号同句、非官方）两说冲突；现行校方章程与四川省教育厅文件均只写「成都市」不带区；校方官网正文页（含招生章程、学校概况）被瑞数 JS 挑战阻挡（412）无法取得第一手页面，且不得绕过。故无法确定法定区。,"https://www.cdnu.edu.cn/ — 官网首页（经跳板出口可达，66KB 正文），无白果林/百寿路/金牛/青羊信息; https://www.cdnu.edu.cn/zjc/zsgz.htm 、http://www.cdnu.edu.cn/zjc/zsgz.htm 、https://www.cdnu.edu.cn/zjc（招生就业处）、https://www.cdnu.edu.cn/xxgkw/（信息公开）、https://www.cdnu.edu.cn/xygk/xyjj.htm — 均返回约13.3KB 的 JS 挑战页，无正文（本地与跳板出口一致、延时重试无效）；WebFetch 对同域返回 HTTP 412; https://zs.cdnu.edu.cn/ — 0 字节（域名不存在/无响应）; https://gaokao.chsi.com.cn/zsgs/zhangcheng/listVerifedZszc--method-index,ssdm-51.dhtml 、https://gaokao.chsi.com.cn/sch/search--ss-on,option-qg,searchType-1,start-0.dhtml — 各约3.3KB 空壳，未取到章程/院校信息; 检索（搜狗/QQ浏览器，关键词含“百寿路4号 属于哪个区”“成都师范学院 白果林校区”）— 取到线索：校方2023/2024/2026章程「白果林校区：四川省成都市一环路西三段百寿路4号」；2013年校方章程「（白果林校区）成都市青羊区百寿路4号」；腾讯地图「四川省成都市金牛区百寿路4号（中医大省医院地铁站D口）」；大学生必备网「白果林校区（四川省成都市一环路西三段百寿路4号）」; http://search.ccgp.gov.cn/bxsearch?kw=百寿路 — 中国政府采购网限流页，未取得采购公告",2026-09-12
PROFILE774_0,4151012635,成都职业技术学院,高新校区,成都市高新区益州大道北段15号,四川省,成都市,HARD-BLOCKED,C 地址冲突,官方来源的门牌为天益街83号，记录门牌为益州大道北段15号，门牌冲突（15 vs 83）不可采纳；且双方均只给功能区名「高新区」，缺法定县级区名，无法确定 d。,https://www.cdp.edu.cn/ (curl) — 打开成功，原文「地址：高新校区  成都市高新区天益街83号  新津校区（东） 成都市新津区花源大道310号  新津校区（西） 成都市新津区花园街618号」; Toutiao 关键词「成都职业技术学院高新校区 益州大道北段15号 地址」「成都职业技术学院高新校区 益州大道北段15号 武侯区」 — 官方「联系我们」写天益街83号；「武侯区」表述仅见于城市吧第三方地图（写交子北二路）; https://www.cdvtc.edu.cn/ / www.cdvtc.cn / www.cdvtc.com (curl) — 前两者不可达或非本校站点，第三方域名非学校官网,2026-09-12
PROFILE173_2,4132011117,扬州大学,文汇路校区,江苏省扬州市文汇东路48号,江苏省,扬州市,HARD-BLOCKED,B 来源抓取失败,扬州大学官网及全部子域对本机IP返回 HTTP 412 反爬拦截且未绕过；扬州市政府门户统一检索为 jpaas/jsearchfront SPA（各接口路径仅返回壳页）；江苏省政府门户 /jsearchfront/search.do 的服务端检索接口未接通（对任意关键词——包括「江苏」——均返回0条）；江苏省教育考试院站内检索无相关命中；扬州市/广陵区两级站点（yzglq.gov.cn、fgw、ybj、wjw、scjgj、zfcg、ggzyjyzx）栏目逐条遍历均无扬州大学条目；中国政府采购网对本机IP限流（IP 58.213.197.10），江苏政府采购网与江苏市场监管行政许可查询需验证码（,https://www.yzu.edu.cn/ 及各二级域（含 coe/jwc/rsc/xxgk）→ 一律 HTTP 412 WAF 挑战; https://zhaobiao.yzu.edu.cn/ 、http://zhaosheng.yzu.edu.cn/ → 200 但均为登录系统页，无地址; https://www.sogou.com/web?query=扬州大学 文汇东路48号 → 首次可用，后续 antispider; https://so.toutiao.com/search?keyword=扬州大学 文汇东路48号 → 200，命中 yzu 二级域教师主页（「扬州市文汇东路48号10号楼412室」，无法定区）; https://www.so.com/s 、m.so.com 、cn.bing.com（含 format=rss）、baidu、yandex、brave、ecosia → 验证码/反爬/无结果; http://search.ccgp.gov.cn 、http://www.ccgp-jiangsu.gov.cn → 限流与图形验证码,2026-09-12
PROFILE173_3,4132011117,扬州大学,江阳路北校区,江苏省扬州市江阳中路136号,江苏省,扬州市,RESOLVED,—,第二轮已取得可采来源,https://www.yzu.edu.cn/ 及 coe/jwc/rsc/xxgk/yyylxy 等二级域 → HTTP 412; https://zhaobiao.yzu.edu.cn/ → 200（登录页，无地址）; https://so.toutiao.com/search?keyword=扬州大学 江阳中路136号 江阳路北校区 → 仅楼栋相关搜索词，无官方地址页; https://www.sogou.com/web?query=… → antispider 验证码; http://www.ccgp-jiangsu.gov.cn/ → 检索需图形验证码,2026-09-12
PROFILE173_4,4132011117,扬州大学,江阳路南校区,江苏省扬州市江阳中路131号,江苏省,扬州市,RESOLVED,—,第二轮已取得可采来源,https://www.yzu.edu.cn/ 及 coe/jwc/rsc/xxgk 等二级域 → HTTP 412; https://zhaobiao.yzu.edu.cn/ → 200（登录页，无地址）; https://so.toutiao.com/search?keyword=扬州大学 江阳中路136号 江阳路北校区 → 无官方地址结果（同批校区一并检索）; https://www.sogou.com/web?query=… → antispider; http://search.ccgp.gov.cn → 限流,2026-09-12
PROFILE173_0,4132011117,扬州大学,荷花池校区,江苏省扬州市大学南路88号,江苏省,扬州市,RESOLVED,—,第二轮已取得可采来源,https://www.yzu.edu.cn/ → HTTP 412，响应体为 WAF JS 挑战（$_ts 脚本），http:// 亦 412; https://coe.yzu.edu.cn/ 与 /index.htm → HTTP 412（该页即「扬州大学各校区地址」，头条摘要显示其含邗江区）; https://xxgk.yzu.edu.cn/ 、jwc/rsc/wxy/yyylxy/dkxy/dangan/cszx/nxy/phys/xyh → 412 或 000; https://zhaobiao.yzu.edu.cn/ → 200 但为采购系统登录页，无地址; http://zhaosheng.yzu.edu.cn/ → 200 但为中职职教高考登录系统，无地址; https://yzu.edu.cn/ → 200 但为无关应用「E安校总控台」; http://search.ccgp.gov.cn/bxsearch?...kw=扬州大学 文汇东路 → 「频繁访问!中国政府采购网」限流; http://www.ccgp-jiangsu.gov.cn/jiangsu/cggg_search.html → 200 但检索表单带 validateCode 图形验证码，无法提交; http://www.yangzhou.gov.cn/ → 200，但站内搜索为 jpaas JS/AJAX，未取得可用的检索结果页; 头条第 3 方线索：city8/携程「扬州市邗江区大学南路88号」、coe.yzu.edu.cn 摘要（仅线索，未采信）,2026-09-12
PROFILE914_0,4136013428,抚州职业技术学院,办学地点（档案未命名）,江西省抚州市东临路276号,江西省,抚州市,RESOLVED,—,第二轮已取得可采来源,https://www.fzjsxy.cn/ 首页页脚：地址：江西省抚州市东临路276号（无区名）; https://www.fzjsxy.cn/news-show-4847.html 学院简介：学院位于抚州市东临路276号，占地面积约865亩（无区名）; https://zsc.fzjsxy.cn/ 招生信息网页脚：地址：江西省抚州市东临路276号（无区名）; https://www.fzjsxy.cn/news-list-xinxigongkai.html 与 news-list-xueyuanzhidu.html：均只出现页脚地址，无区名; 搜狗/头条检索「东临路276号 临川区」：无官方来源；东临新区管委会页面仅说明其下辖乡镇跨临川区/东乡区; so.toutiao.com 检索仅出现搜索联想词「江西省抚州市临川区东临路276号」，非来源页面,2026-09-13
PROFILE2446_0,4141014245,新乡职业技术学院,校本部,河南省新乡经济技术开发区经三路6号,河南省,新乡市,HARD-BLOCKED,D 功能区/大学城无法定区佐证,法定区原文缺失：①中国政府采购网（政府源）中采购单位「新乡职业技术学院」的全部公告地址为「河南省新乡市经济技术开发区经三路六号」或「新乡市经济技术开发区经三路6号」，逐份扫描未见红旗区/牧野区；②公告中唯一的「红旗区」是代理机构地址（河南省中业兴盛工程管理有限公司 红旗区金穗大道东98号），属第三方，不能佐证；③校方 https://www.xxvtc.edu.cn/ 与 https://zs.xxvtc.edu.cn/ 页脚均为「河南省新乡市经济技术开发区经三路六号」；④河南政务服务网/公网安备六位码等不含区名逐字，按规则不可用。,https://www.xxvtc.edu.cn/ → 页脚“地址：河南省新乡市经济技术开发区经三路六号”，无区名; https://zs.xxvtc.edu.cn/ → 页脚“河南省新乡市经济技术开发区经三路六号”，无区名; http://www.ccgp.gov.cn/cggg/dfgg/gkzb/202609/t20260909_27292433.htm → 采购人地址“河南省新乡市经济技术开发区经三路六号”，无区名; https://so.toutiao.com/search?keyword=新乡职业技术学院 经三路 红旗区 → 仅 xxvtc.edu.cn 页面,2026-09-12
PROFILE234_0,4165010760,新疆医科大学,新医路校区,新疆维吾尔自治区乌鲁木齐市新医路393号,新疆维吾尔自治区,乌鲁木齐市,RESOLVED,—,第二轮已取得可采来源,https://www.xjmu.edu.cn/ — 新医路校区段无区名；雪莲山校区写水磨沟区（他校区，不可套用）; 头条搜索 新疆医科大学 新医路校区 地址 — 仅第三方院校库/地图 POI; 乌鲁木齐市政府门户检索渠道 — 未找到可用接口; https://gaokao.chsi.com.cn/sch/search.do — HTTP 412 反爬,2026-09-12
PROFILE1392_1,4165013562,新疆建设职业技术学院,城建校区,乌鲁木齐市杭州西街272号,新疆维吾尔自治区,乌鲁木齐市,HARD-BLOCKED,E 无权威来源,记录地址“乌鲁木齐市杭州西街272号”（城建校区）无区名可核。校方 http://www.xjjsxy.net 页脚逐字“城建校区:乌鲁木齐市杭州西街272号 邮编:830026”；学院章程 http://www.xjjsxy.net/info/1026/1566.htm 逐字“分校区：乌鲁木齐市杭州西街 272 号（城建校区）；乌鲁木齐市河滩北路 863 号（建材校区）。”，两处均无区；“新市区”只出现在校方招标页对建工校区(西八家户路528号)/建材校区(河滩北路863号)的表述中，属其他校区，按红线禁借用；新疆人社厅2010技工院校表仅“杭州西街272号，（830026）”无区列；能配到,https://wap.sogou.com/web/searchList.jsp?keyword=新市区杭州西街272号 → 只命中第三方地图、安居客、校方无区名页脚; https://wap.sogou.com/web/searchList.jsp?keyword=新市区杭州西街 乌鲁木齐 政府 → 命中 uhdz.gov.cn 市场监管局通告（含“高新区（新市区）杭州西街”）、乌鲁木齐市委党校/新疆财经大学招生简章等; http://www.uhdz.gov.cn/zfxxgk/fdzdgknr/6rmrzenm3y/spypjg1/content_11270 → 200，逐字核对：仅路名级，无 272 号; http://www.110.com/fagui/law_171971.html（乌鲁木齐市人民政府道路命名文件转载页）→ 200 但正文为空（1032 字节），未取到“杭州西街位于新市区中部”原文; http://www.sayibak.gov.cn/search4/s?searchWord=友好南路413号 → 404，沙区政府站内搜索不可用; http://www.uhdz.gov.cn/ → 200，首页无可用站内搜索入口; http://www.wlmq.gov.cn/wlmqs/c120458/ → 403 Forbidden，无法枚举不动产登记月度名单; 腾讯地图/360地图 POI → 新市区杭州路街道杭州西街272号（第三方，禁用）,2026-09-12
PROFILE1392_2,4165013562,新疆建设职业技术学院,建材校区,乌鲁木齐市河滩北路863号,新疆维吾尔自治区,乌鲁木齐市,HARD-BLOCKED,E 无权威来源,[分类:官方仅到市级别地址] 校方官网及全部二级学院子站页脚逐字只有「建材校区:乌鲁木齐市河滩北路863号 邮编:830054」，全站无任何法定区名；校方招标公告中的采购人详细地址是「乌鲁木齐市新市区西八家户路528号」，那是建工校区(总校)地址，按红线不得用来覆盖本条建材校区；阳光高考(教育部平台)同样只写「新疆乌鲁木齐市河滩北路863号」。唯一提到新市区的官方句挂的是西八家户路528号(另一校区)。第三方称新市区，单独不可采信；河滩北路本身跨区(第三方显示92号、528号在水磨沟区，1067号在新市区)，路名级亦不可用。,https://wap.sogou.com/web/searchList.jsp?keyword=河滩北路863号 新市区 公示 → 命中 btdsys.gov.cn（兵团十一师，新市区河滩北路1067号，路名级）、高考升学网（第三方，新市区河滩北路863号建材校区）; https://wap.sogou.com/web/searchList.jsp?keyword=新市区河滩北路863号 → 200，无官方命中; https://wap.sogou.com/web/searchList.jsp?keyword=河滩北路863号 → 反爬拦截（响应仅 5.4KB 验证码页）; https://so.toutiao.com/search?keyword=新市区河滩北路863号 / 河滩北路863号 建财校区 新市区 / 河滩北路863号 不动产 / 河滩北路863号 乌鲁木齐 社区 → 均无结果; https://so.toutiao.com/search?keyword=河滩北路属于哪个区 → 显示河滩北路跨水磨沟区(92号、528号)与新市区(1067号)，佐证路名级不可用; http://www.xjjsxy.net/ 及各子站（jdgc/jxjy/hqcwsj/zjb）→ 200，页脚均只写“乌鲁木齐市河滩北路863号”无区名; 中国政府采购网 search.ccgp.gov.cn → 2920 字节“您的访问过于频繁”拦截页; 腾讯地图/58同城/安居客/百度AI摘要 → 称新市（银川路），第三方，禁用,2026-09-12
PROFILE237_0,4165010766,新疆财经大学,校本部,新疆维吾尔自治区乌鲁木齐市北京中路449号,新疆维吾尔自治区,乌鲁木齐市,RESOLVED,—,第二轮已取得可采来源,https://www.xjufe.edu.cn/xxgk/xxjj/index.htm — 页脚门牌「乌鲁木齐市北京中路449号」，无区名; https://www.xjufe.edu.cn/ — 首页无区名; 乌鲁木齐市政府门户检索渠道 — 未找到可用接口; 头条搜索 — 仅第三方院校库/地图线索,2026-09-12
PROFILE2216_1,4132013748,无锡城市职业技术学院,南校区,无锡文良路45号,江苏省,无锡市,RESOLVED,—,第二轮已取得可采来源,http://zsjyc.wxcu.edu.cn/default.php?mod=c&s=ssccbc8e2（来校路线）→ 200，逐字确认「南校区…输入“无锡文良路45号”」，但无法定区; http://zsjyc.wxcu.edu.cn/default.php?mod=c&s=ss885a460（联系方式）→ 200，只有「学校地址：无锡市惠山区钱藕路 12 号」; http://www.wxcu.edu.cn/ → 200，逐字「学校地址：无锡市惠山区钱藕路12号」; http://rsc.wxcu.edu.cn/ 、mkszy/dwzzb/cxcy/lyxy/jzyhjgc/kjx/wlwgc/tbys/myjr → 200 或 connect 失败，均无文良路/惠山区文良路45号; http://sfxy.wxcu.edu.cn/ 与 https:// → 000 connect 失败（上轮该页含目标句）; https://xxgk.wxcu.edu.cn/ 爬取 40 页 → 无「文良路」; http://www.huishan.gov.cn/ 、zrzy.wuxi.gov.cn/ggzyjy.wuxi.gov.cn → 200 但站内搜索为 wzq JS SPA，未取得可用检索结果; https://so.toutiao.com/search?keyword=无锡城市职业技术学院 文良路45号 → 命中校方「来校路线」及第三方 zhijiao.cn（「南校区：无锡市惠山区文良路45号」，仅线索）,2026-09-13
PROFILE1435_1,4132010848,无锡职业技术大学,宜兴校区,江苏省无锡市宜兴环保科技工业园,江苏省,无锡市,HARD-BLOCKED,D 功能区/大学城无法定区佐证,法定区原文缺失：①校方招标采购中心官方页 https://cght.wxut.edu.cn/sfw_zbcms/e?page=cms.detail&cid=102867&aid=103465《招标采购中心赴宜兴校区和大创园进行调研交流》全文多次出现「宜兴校区」，但通篇无「宜兴市」等法定区名；②校基建处 https://jjb.wxit.edu.cn/（新闻「宜兴校区建设项目可行性研究」）现返回 502 Bad Gateway，正文不可读；③中国政府采购网关键词「无锡职业技术大学/无锡职业技术学院」抓取 30 份公告，采购单位地址一律「无锡市高浪西路1600号」，无宜兴、无宜兴校区；④宜兴市人民,https://zs.wxit.edu.cn/info/2011/9281.htm → 2026 招生章程全文对「宜兴」0 命中，仅太湖校区「江苏省无锡市滨湖区高浪西路1600号」; https://www.wxit.edu.cn/ → 页脚仅「学校地址：江苏省无锡市高浪西路1600号」; https://search.ccgp.gov.cn/bxsearch?searchtype=2&page_index=1&kw=无锡职业技术大学&timeType=5 → 采购人地址「无锡市高浪西路1600号」，无宜兴校区; https://www.yxedz.gov.cn/ → DNS ENOTFOUND（宜兴环保科技工业园官网不可达）; https://m.sogou.com/web/searchList.jsp?keyword=无锡职业技术大学宜兴校区 → CAPTCHA 反爬页,2026-09-12
PROFILE347_1,4153010678,昆明医科大学,人民西路校区,云南省昆明市人民西路191号,云南省,昆明市,HARD-BLOCKED,E 无权威来源,[分类:官方仅到市级别地址] 校方官网逐字写「人民西路校区：昆明市人民西路191号（正在综合改造）」，只到市一级；学校章程仅给呈贡校区地址(不得跨校区套用)。昆明市政府门户智能检索 API(govsearch.kunming.cn，覆盖 www.km.gov.cn)对「人民西路191号」「人民西路校区」「昆明医科大学人民西路校区」均为 0 命中。唯一政府侧线索是 2016 年昆明市政府(www.km.gov.cn，2016-08-22)与昆明市自然资源和规划局(zrzygh.km.gov.cn，2016-03-26)关于「昆明医科大学人民西路校区综合改造项目A1-1地块」的批前/批后公示，摘要,"https://www.kmmu.edu.cn/ (仅呈贡区春融西路1168号); https://www.so.com/s?q=""人民西路191号"" 昆明医科大学 (360地图西山区；专企查矛盾); https://www.so.com/s?q=昆明医科大学 采购人地址 人民西路191号 西山区 (无 ccgp/kmmu 命中); https://www.so.com/s?q=""西山区人民西路191号"" (仅地图/房产/企业站第三方); https://www.so.com/s?q=""KCXS2012-32"" 人民西路191号 (仅百度知道/云南房网第三方); https://www.so.com/s?q=昆明医科大学人民西路校区 环评 公示 西山区人民西路191号 昆明市生态环境局 (环评报告仅在 wenku/book118 等第三方托管)",2026-09-12
PROFILE1277_0,4153013332,昆明医科大学海源学院,杨林校区,云南省昆明市嵩明职教新城文苑路1号,云南省,昆明市,RESOLVED,—,第二轮已取得可采来源,https://zs.kyhyxy.com/KyhyxyZS/WebB/Home/NewsDetail?AWw13-cjjKjt1u6zDQFlJ2e_xbIrAq7b8xdoJGM6cPg=.shtml（学校招生页，只写“云南省昆明市嵩明职教新城文苑路1号”，无“嵩明县”）; http://www.kmsm.gov.cn/znss/?SiteID=66（嵩明县政府站内搜索页；后端 sheng.so-gov.cn 维护中，改为直接调用 /govsearch 接口）; http://www.kmsm.gov.cn/govsearch/api/v1/kmcn/search（POST 全字段+appId/appKey，ps=10002_66；keyword=文苑路/职教新城/杨林镇文苑路/文苑路1号/海源学院 均返回结果）; http://www.kmsm.gov.cn/c/2025-07-25/7035379.shtml（嵩明县自然资源局规划条件变更批前公示：与文海路交叉口西北侧地块，逐字“位于嵩明职教新城大学城片区，文苑路与文海路交叉口西北侧”）; http://www.kmsm.gov.cn/c/2025-06-02/7017927.shtml（嵩明县职教新城康养中心招商项目：位于职教新城大学城片区文苑路与文博路交叉口东北侧）; http://www.kmsm.gov.cn/c/2023-11-20/6765891.shtml（文苑社区概况：位于嵩明杨林大学城，覆盖嵩明职教新城管委会规划区域；办公地址：嵩明县杨林镇职教园区领秀知识城小区一期众创空间一楼）; http://www.kmsm.gov.cn/c/2024-12-03/6938384.shtml（文苑卫生室执业登记公示：地址：嵩明县杨林镇文苑社区云谷小镇1期s30幢一层商铺）; http://www.kmsm.gov.cn/c/2025-11-18/7077465.shtml（《昆明市嵩明县职教新城嵩明大学城单元D-01-02号地块控制性详细规划维护》方案公示 ← 采纳证据）,2026-09-12
PROFILE2181_1,4153013331,昆明文理学院,杨林校区,云南省昆明市嵩明职教新城文海路1号,云南省,昆明市,HARD-BLOCKED,A 上一轮独立复核未通过,[分类:F 独立复核未通过] 档案地址「云南省昆明市嵩明职教新城文海路1号」含路名与门牌，按规则不得使用 name 挂钩，必须存在同时含法定县「嵩明县」与该路/门牌的单一来源。已逐一重开：昆明文理学院官网（caskm.edu.cn/lxfs.html 及全站页脚）逐字「杨林校区 中国云南省昆明市嵩明县杨林职教园区」——有法定县「嵩明县」，无「文海路」；云南省招生考试院（ynzs.cn/yxlb/contents/1533/221.html）与湖南省教育考试院（hneeb.cn/hnxxg/html/yxzc24/5346.html）发布的本校招生章程均逐字「（二）杨林校区：云南省昆明市嵩明职教,https://www.caskm.edu.cn/ (首页页脚：杨林校区 中国云南省昆明市嵩明县杨林职教园区); https://www.caskm.edu.cn/lxfs.html (命中); https://www.so.com/s?q=昆明文理学院 官网 招生章程 嵩明 文海路1号 (仅掌上高考/chinapp 等第三方含“嵩明职教新城文海路1号”); https://www.so.com/s?q=昆明文理学院 杨林校区 文海路1号 嵩明 (第三方为主); http://www.kmsm.gov.cn/ (嵩明县政府站，443 连接被拒，未打开),2026-09-12
PROFILE342_1,4153010674,昆明理工大学,嵩明校区,云南省昆明市嵩明职教新城空港大道1号,云南省,昆明市,RESOLVED,—,第二轮已取得可采来源,https://pwee.kust.edu.cn/info/1293/1930.htm（prior_url 学校页，只写“嵩明职教新城空港大道1号”，无“嵩明县”）; http://www.kmsm.gov.cn/govsearch/api/v1/kmcn/search（POST keyword=空港大道/空港大道1号/昆明理工大学嵩明校区/职教新城 空港大道 号）; http://www.kmsm.gov.cn/c/2024-04-24/6842402.shtml（昆明理工大学嵩明校区建设项目（一期）建设用地规划许可证批后公布，嵩明县人民政府发布，正文仅图片）; http://www.kmsm.gov.cn/c/2024-12-07/6941152.shtml（职教新城“交地即交证”：昆明理工大学嵩明校区、昆明文理学院杨林西校区等，未含路名门牌）; http://www.kmsm.gov.cn/c/2025-09-24/7057149.shtml（《昆明市嵩明县职教新城军长单元控制性详细规划（修编）》公示：嵩明县人民政府同意启动、嵩明县国土空间规划和土地储备委员会审议通过）; http://www.kmsm.gov.cn/c/2026-04-02/7123172.shtml（嵩明杨林经开区官军路、空港大道绿化浇洒系统改造工程规划核实意见批后公布，证号“核字第嵩明县202600018号”）; http://www.kmsm.gov.cn/c/2025-05-14/7007121.shtml（嵩明德康诊所备案公告，逐字“嵩明县…空港大道2号” ← 采纳证据）,2026-09-12
PROFILE2186_1,4153012851,昆明艺术职业学院,高新校区,昆明国家高新技术产业开发区——昆明新城区高新技术产业基地,云南省,昆明市,HARD-BLOCKED,D 功能区/大学城无法定区佐证,记录地址是纯功能区（昆明国家高新技术产业开发区—昆明新城区高新技术产业基地），既无路名也无门牌，名称挂钩例外要求引文同句含「高新校区」+法定区，但全网检索无一条官方/政府来源把「昆明艺术职业学院高新校区」与任一法定区写在一起；命中的「呈贡区祥瑞路1号」对应的是另一个校区名（呈贡校区），不能替代「高新校区」；仅有的马金铺/呈贡区线索来自地产与招聘自媒体。昆明高新区跨五华区、西山区、呈贡区，直接译区属红线。,http://www.kmac.org.cn/（学校官网，GBK；页脚仅“地址：昆明市官渡区环湖东路昆明艺术职业学院”，全站无“高新”）; http://www.kmac.org.cn/v2ReadNews.asp?NewsID=2034（《关于规范收费行为及办学地点的通知》，正文空白，无校区/地址信息）; http://www.kmac.org.cn/v2ReadNews.asp?NewsID=1950（2025年招生章程，仅给主校区地址，无高新校区）; prior_url 为空，无先验线索可复核,2026-09-12
PROFILE2323_0,4114014186,朔州职业技术学院,办学地点（档案未命名）,山西省朔州市张辽南路紫金街1号,山西省,朔州市,RESOLVED,—,第二轮已取得可采来源,https://search.ccgp.gov.cn/bxsearch?searchtype=1&page_index=1&kw=朔州职业技术学院 — 多条公告，采购人地址均作「山西省朔州市朔城区张辽路」; http://www.ccgp.gov.cn/cggg/dfgg/ 相关公告页（4 条）— 「采购人信息」地址一致为「朔城区张辽路」，无「张辽南路紫金街1号」; https://so.toutiao.com/search?keyword=朔州职业技术学院 张辽南路紫金街1号 — 无官方域名结果,2026-09-12
PROFILE159_3,4133010336,杭州电子科技大学,下沙东校区,浙江省杭州市江干区金沙东路,浙江省,杭州市,HARD-BLOCKED,E 无权威来源,[分类:校区名与地址同官方不符] 杭电官网与招生章程的校区列表只有下沙校区/文一校区/东岳校区/绍兴校区/青山湖校区，不存在「下沙东校区」；www.hdu.edu.cn、cgzx.hdu.edu.cn 全站检索「金沙东路」0 命中。杭电自述下沙校区地址为「杭州市钱塘区白杨街道2号大街1158号」，与本条记录地址(金沙东路)不是同一地址，属另一地址，按红线不得覆盖。记录自带的「江干区」已于 2021 年撤销，且不在 allowed_districts 内；「下沙→钱塘区」属常识推断，禁止。未发现杭州境内存在名为「金沙东路」的道路，无法确证该门牌存在。,https://www.hdu.edu.cn/ → 首页导航/页脚，仅「中国・浙江・杭州」，校区列表无「下沙东校区」; 爬取 www.hdu.edu.cn 60 页检索「金沙东路|下沙东」→ 0 命中; https://www.hdu.edu.cn/11790/list.htm 等页 → 「钱塘区」仅出现在「杭州市钱塘区人民政府」友情链接，非地址证据; https://so.toutiao.com/search?keyword=杭州电子科技大学下沙东校区 → 无结果,2026-09-12
PROFILE3379_0,4143010836,株洲师范高等专科学校,云龙校区,湖南省株洲市经开区智慧路89号,湖南省,株洲市,HARD-BLOCKED,B 来源抓取失败,无来源同时写明「株洲师范高等专科学校（云龙校区）」+「智慧路89号」+allowed_districts 内任一法定区。政府原文只给功能区「云龙示范区/株洲经开区」；石峰区、荷塘区两份政府文件对「智慧路」的法定区归属互相冲突且均不涉及本校。,http://hnzzsz.com/ 、http://www.hnzzsz.com/ 、https://www.hnzzsz.com/ → HTTP 502（size≈1210），站内不可用; http://www.zzsfgz.com/ 、http://www.zzszgz.cn/ → 连接失败（000）; http://searching.hunan.gov.cn/hunan/103000000/news?query=株洲师范高等专科学校 → 结果由 XHR 注入，页面无内联条目; http://jyt.hunan.gov.cn/ → 未发现可用的静态检索入口; http://search.ccgp.gov.cn/bxsearch?kw=株洲师范高等专科学校 → 「您的访问过于频繁」IP 限流,2026-09-12
PROFILE533_2,4145010596,桂林理工大学,南宁安吉校区,广西壮族自治区南宁市安吉大道15号,广西壮族自治区,南宁市,RESOLVED,—,第二轮已取得可采来源,https://nnfx.glut.edu.cn/fxgaikuang/fxjj.htm — 逐字「安吉校区 地址：南宁市安吉大道15号 邮编：530001 电话：0771-2204366」，无区; https://nnfx.glut.edu.cn/index.htm — 「南宁安吉校区 地址：南宁市安吉大道15号」，无区; https://www.glut.edu.cn/wzdt.htm — 站点地图，无南宁安吉校区区名; https://www.nanning.gov.cn/.../2026年7月消防监督抽查.xlsx（f8/f9） — 「南宁市工贸职业技术学校|南宁市安吉大道15号」，同门牌他校，且未写区; https://api.so-gov.cn/query/s siteCode=4501000060 qt=安吉大道15号 — 未见「西乡塘区+安吉大道15号」同句,2026-09-12
PROFILE1731_0,4145011825,桂林航天工业学院,办学地点（档案未命名）,广西壮族自治区桂林市金鸡路2号,广西壮族自治区,桂林市,HARD-BLOCKED,B 来源抓取失败,复核通过但未过机器门禁: 引文挂不到本条地址 '广西壮族自治区桂林市金鸡路2号'（该记录有路名/门牌，不允许用校区名挂钩）,https://www.guat.edu.cn/ — 官网只写「桂林市金鸡路2号」，无区名; https://gaokao.chsi.com.cn/sch/search.do — HTTP 412 反爬; https://api.so-gov.cn/query/s siteCode=4501000060 qt=金鸡路 — 命中的是南宁市江南区金鸡路（沙井中学19号、三津水厂28号等），与桂林无关，不能套用; 头条搜索 — 仅第三方线索,2026-09-12
PROFILE2374_0,4145014171,梧州职业学院,办学地点（档案未命名）,广西壮族自治区梧州市三龙大道88号,广西壮族自治区,梧州市,RESOLVED,—,第二轮已取得可采来源,https://www.wzzy.edu.cn/ — 官网「地址：广西梧州市三龙大道 88号」，无区名; 梧州市政府门户站内检索（gx-gbk-search SPA / https 返回 000）— 不可达; https://zwfw.gxzf.gov.cn/... wyb_search.js 省级检索 — SPA，无法解析; https://gaokao.chsi.com.cn/sch/search.do — HTTP 412 反爬,2026-09-12
PROFILE448_1,4142010522,武汉体育学院,武当山校区,湖北省十堰市武当山旅游经济特区,湖北省,十堰市,HARD-BLOCKED,D 功能区/大学城无法定区佐证,武当山旅游经济特区是功能区（法定属丹江口市），记录地址无路名无门牌，仅能走名称挂钩，但检索不到任何把「武当山校区」与「丹江口市」写在同一句的官方或政府来源；现有一切来源要么只写功能区「十堰市武当山旅游经济特区」，要么写的是另一个名称「武当山国际武术学院」，均不满足挂钩条件。,https://www.whsu.edu.cn/ (仅列本部地址，无武当山校区); https://zs.whsu.edu.cn/ (无); https://yjsy.whsu.edu.cn/ (无); http://www.shiyan.gov.cn/xxgk/xxgk_fdgk/xxgk_zdmsxx/jy/gdjyxx/202211/t20221107_4125758.shtml (十堰市高等教育页，内容为湖北医药学院介绍，仅把「武当山」「丹江口」作地理描述，无该校区); https://landchina.mnr.gov.cn 划拨供地检索（武当山/丹江口市 0 命中）; https://so.toutiao.com/search?keyword=武汉体育学院武当山国际武术学院+丹江口市 (无权威来源),2026-09-12
PROFILE1099_0,4142013666,武汉华夏理工学院,办学地点（档案未命名）,湖北省武汉市东湖新技术开发区关山大道589号,湖北省,武汉市,HARD-BLOCKED,D 功能区/大学城无法定区佐证,门牌 589 号在政府考点表中被武汉市财政局反复写作「关山大道589号」而不给法定区，且同表对同路段的武汉职业技术学院写「洪山区关山大道463号」，属同路不同门牌，不可移用；无任何官方或政府来源写出「洪山区关山大道589号」。,https://www.whhxit.edu.cn/ (仅东湖新技术开发区); http://www.ccgp-hubei.gov.cn/notice/202306/notice_1117c47efb294c3eb21ee387b9ebac75.html (同路名洪山区关山大道463号，属武汉职业技术学院); https://m.anjuke.com/wh/community/847581/ 与 https://m.xflapp.com/xiaoqu/wh-6580945890138128644.html (第三方，仅线索); https://so.toutiao.com/search?keyword=武汉华夏理工学院+洪山区+关山大道589号 (无官方来源),2026-09-12
PROFILE815_0,4142011654,武汉商学院,后官湖校区,湖北省武汉市武汉经济技术开发区东风大道816号,湖北省,武汉市,RESOLVED,—,第二轮已取得可采来源,https://www.wbu.edu.cn/ 与 https://www.wbu.edu.cn/5/list.htm (仅经开区东风大道816号); https://so.toutiao.com/search?keyword=蔡甸区东风大道816号 (0 命中); https://www.caidian.gov.cn/zwgk/xxgkml/zdxm/xmjys/202204/t20220422_1959776.shtml (无关); https://www.caidian.gov.cn/zwgk/zwdt/gsgg/202208/t20220819_2026064.shtml (内容为沌口街路名/住宅区，非该校); https://landchina.mnr.gov.cn 划拨供地检索（东风大道816号 0 命中）,2026-09-12
PROFILE1424_0,4142012991,武汉商贸职业学院,武汉校区,湖北省武汉市东湖新技术开发区光谷二路225号,湖北省,武汉市,HARD-BLOCKED,D 功能区/大学城无法定区佐证,复核通过但未过机器门禁: 来源是搜索引擎/聚合站结果页 'weixin.sogou.com'，不是可复核的原始来源,http://www.whicu.com/ (仅功能区); https://www.ccgp-hubei.gov.cn/contract/202404/contract_34da6666053e41219b534b210040eea5.html (抓取为空/无相关内容); http://www.ccgp-hubei.gov.cn/contract/202311/contract_47c225968e9243fe9d09fa56025f3a9c.html; http://www.ccgp-hubei.gov.cn/contract/202304/contract_a6d002ce840441b289d6a820b113b225.html; https://so.toutiao.com/search?keyword=江夏区+光谷二路225号+土地,2026-09-12
PROFILE1424_1,4142012991,武汉商贸职业学院,红安校区,湖北省红安经济开发区金山大道18号,湖北省,武汉市,HARD-BLOCKED,H 其他,实际法定县级行政区为湖北省黄冈市红安县，不在本条 allowed_districts（东西湖区、新洲区、武昌区、汉南区、汉阳区、江夏区、江岸区、江汉区、洪山区、硚口区、蔡甸区、青山区、黄陂区）内，且禁止把功能区『红安经济开发区』翻译成列表内任一区。,https://www.wic.edu.cn/ (同址金山大道18号逐字为黄冈市红安县觅儿寺镇); https://so.toutiao.com/search?keyword=武汉商贸职业学院+红安校区+红安县,2026-09-12
PROFILE1176_0,4142013235,武汉城市学院,校本部,湖北省武汉市东湖生态旅游风景管理区黄家大湾1号,湖北省,武汉市,HARD-BLOCKED,D 功能区/大学城无法定区佐证,复核通过但未过机器门禁: 来源是搜索引擎/聚合站结果页 'weixin.sogou.com'，不是可复核的原始来源,https://www.wic.edu.cn/ 与 https://www.wic.edu.cn/index.aspx (仅功能区); https://so.toutiao.com/search?keyword=武汉城市学院+洪山区+黄家大湾1号 (无官方来源); https://so.toutiao.com/search?keyword=黄家大湾1号+划拨+洪山区 (0 命中),2026-09-12
PROFILE434_0,4142010490,武汉工程大学,流芳校区,湖北省武汉市东湖新技术开发区光谷一路206号,湖北省,武汉市,HARD-BLOCKED,D 功能区/大学城无法定区佐证,土地划拨记录的「行政区」只到「武汉市本级」，政府与官方考点表一律用功能区「东湖新技术开发区」，唯一写出「江夏区光谷一路206号」的是自媒体账号，不能作为唯一依据。,https://zsb.wit.edu.cn/ (仅东湖新技术开发区光谷一路206号); https://landchina.mnr.gov.cn/land/jggg/hbgd1/202510/t20251016_10022733.htm (流芳校区划拨记录，行政区=武汉市本级); https://jwc.wit.edu.cn/info/1015/7061.htm; http://www.jiangxia.gov.cn/xxgk_22343/zc/qtwj/xz_22354/202001/t20200103_515872.shtml; https://so.toutiao.com/search?keyword=武汉工程大学+流芳校区+划拨+供地,2026-09-12
PROFILE1975_0,4142012362,武汉生物工程学院,办学地点（档案未命名）,湖北省武汉市武汉长江新区汉施路1号,湖北省,武汉市,RESOLVED,—,第二轮已取得可采来源,https://www.whsw.cn/xxgk1/xxjj.htm (长江新区汉施路1号); https://www.whsw.edu.cn/ 与 https://www.whsw.edu.cn/index.htm (同上); https://landchina.mnr.gov.cn/land/cjgs/hbgd/202311/t20231130_8637047.htm (黄陂区武湖街汉施公路划拨公示，受让人为桥梁公司，非该校); https://so.toutiao.com/search?keyword=武汉生物工程学院+新洲区+汉施路1号+划拨+土地,2026-09-12
PROFILE1557_1,4142014035,武汉设计工程学院,红安校区,湖北省红安经济开发区红安大道特9号,湖北省,武汉市,HARD-BLOCKED,H 其他,实际法定县级行政区为湖北省黄冈市红安县，不在本条 allowed_districts（全部为武汉市辖区）内；功能区『红安经济开发区』不得翻译为列表内任一区。,https://so.toutiao.com/search?keyword=武汉设计工程学院+红安校区+红安大道特9号; https://www.wic.edu.cn/ (红安经济开发区同片区地址逐字含「黄冈市红安县」),2026-09-12
PROFILE1952_0,4142012978,武汉软件工程职业学院,光谷校区,湖北省武汉市东湖新技术开发区光谷大道117号,湖北省,武汉市,HARD-BLOCKED,D 功能区/大学城无法定区佐证,记录地址本身写出的维一是功能区「东湖新技术开发区」，且所有官方与政府来源都沿用该功能区写法；自然资源部土地市场同片区划拨记录的行政区字段只到「武汉市本级」，不落到江夏区/洪山区；因此不存在任何可逐字引用的法定区名与「光谷大道117号」同句或同址。,https://www.whvcse.edu.cn/ (仅功能区); https://www.ccgp-hubei.gov.cn/notice/202410/notice_b709e735b3708872895de965302088ef.html (含光谷大道117号，仍为功能区); https://landchina.mnr.gov.cn/land/jggg/hbgd1/202510/t20251022_10029492.htm (光谷片区划拨记录，行政区=武汉市本级); https://so.toutiao.com/search?keyword=武汉软件工程职业学院+光谷大道117号+划拨,2026-09-12
PROFILE283_1,4144010560,汕头大学,东海岸校区,广东省汕头市翠峰路5号,广东省,汕头市,RESOLVED,—,第二轮已取得可采来源,https://zs.stu.edu.cn/info/1034/19581.htm 汕头大学2026年招生章程：正文『东海岸校区：广东省汕头市翠峰路5号』（无区名）；页脚『广东省汕头市金平区大学路243号』; https://zs.stu.edu.cn/ 招生网首页：仅金平区大学路243号; https://www.stu.edu.cn/ 官网首页：无可读地址；https://www.stu.edu.cn/xxgk/xxjj.htm 返回404; so.toutiao.com 搜索『汕头大学东海岸校区 澄海区』『「翠峰路5号」』：结果页被截断/返回空,2026-09-12
PROFILE1459_0,4132013113,江海职业技术学院,办学地点（档案未命名）,江苏省扬州市扬子江南路5号,江苏省,扬州市,RESOLVED,—,第二轮已取得可采来源,https://www.jhu.cn/ → 页脚“学院地址：江苏省扬州市扬子江南路5号 邮编：225101”，全站检索“邗江” NO HIT；苏公网安备32100102010122号; http://zs.jhu.cn/ 、https://xxgk.jhu.cn/ → 返回 0 字节不可达; 头条检索“江海职业技术学院 邗江区 扬子江南路 政府”“江海职业技术学院 地址 江苏省扬州市邗江区” → 邗江区仅见于“大家都在搜/相关搜索”建议,2026-09-12
PROFILE1051_0,4132012806,江苏农牧科技职业学院,凤凰路校区,江苏省泰州市凤凰东路8号,江苏省,泰州市,RESOLVED,—,第二轮已取得可采来源,https://www.jsahvc.edu.cn/ 与 http:// → 均 HTTP 412; http://zs.jsahvc.edu.cn/ 、jwc/rsc/hqc/bwc/tsg/xxgk/jxjy/kjc.jsahvc.edu.cn → 全部 502; http://www.taizhou.gov.cn/ 、http://jyj.taizhou.gov.cn/ 、http://www.hailing.gov.cn/ → 200 但站内搜索为 js/jquery 渲染，未取得结果页; http://ggzy.taizhou.gov.cn/search/fullsearch.html?wd=凤凰东路 → 200 但结果由 JS 异步加载，空框架; https://so.toutiao.com/search?keyword=海陵区凤凰东路8号 / 江苏农牧科技职业学院 凤凰东路 → 两次均无结果; https://www.sogou.com/web 、m.so.com 、baidu、bing、ddg → 验证码/反爬,2026-09-12
PROFILE1069_0,4132010958,江苏工程职业技术学院,崇川校区,江苏省南通市青年中路87号,江苏省,南通市,RESOLVED,—,第二轮已取得可采来源,https://www.jcet.edu.cn/ 首页 (南通市青年中路87号，无区); http://xxgk.jcet.edu.cn/ (办公地址：南通市青年中路87号，无区); https://www.jcet.edu.cn/info/1006/262963.htm 与 /256073.htm (崇川校区(南通市青年中路87号)，无区); https://cg.jcet.edu.cn/ 采购公告 (未含区名); https://e0dd560f6ac12baf12f03c80be665bb2.casb.sdyu.edu.cn/wx/default.php (写崇川区，非权威镜像，仅线索),2026-09-12
PROFILE3346_0,4132014568,江苏航空职业技术学院,办学地点（档案未命名）,江苏省镇江瑞城路88号,江苏省,镇江市,HARD-BLOCKED,D 功能区/大学城无法定区佐证,存在把「瑞城路88号」逐字写入的政府文件（镇江市发改委批复），但该文件只声明功能区「镇江新区」；镇政府/区政府门户全文检索无任何「京口区+瑞城路」同句；第三方地图的「京口区」属禁用来源。法定区缺失且不可由功能区翻译。,https://www.jatc.edu.cn/ 、https://zs.jatc.edu.cn/mainm.htm 、https://zzb.jatc.edu.cn/mainm.htm (均写镇江新区瑞城路88号); https://m.city8.com/zhenjiang/education/8bfj5s7a36aebfd04f_address (京口区，第三方地图，仅线索); 头条检索「京口区 瑞城路88号」「瑞城路88号 丹徒区」「江苏航空职业技术学院 招标 瑞城路」均无官方命中（仅见京口区/丹徒区/镇江新区并列的土地征收成片开发方案，未涉及该门牌）,2026-09-12
PROFILE2219_0,4132013753,江苏财经职业技术学院,办学地点（档案未命名）,江苏省淮安市高教园区枚乘东路8号,江苏省,淮安市,RESOLVED,—,第二轮已取得可采来源,http://www.jscj.edu.cn/ → 页脚「淮安市高教园区枚乘东路8号」（功能区）; http://www.ccgp.gov.cn/cggg/dfgg/cjgg/202606/t20260616_26758505.htm → 「江苏省淮安市清江浦区枚乘东路3号」（同路官方桥梁，另一主体，lead only）; https://search.ccgp.gov.cn/bxsearch?searchtype=2&page_index=1&kw=枚乘东路&timeType=5 → 命中；本校自身采购公告地址为「淮安市高教园区枚乘东路8号」无法定区; https://m.sogou.com/web/searchList.jsp?keyword=江苏财经职业技术学院 枚乘东路8号 清江浦区 → CAPTCHA 反爬页,2026-09-13
PROFILE1330_0,4132013104,江苏食品药品职业技术学院,办学地点（档案未命名）,江苏省淮安市高教园区枚乘路4号,江苏省,淮安市,RESOLVED,—,第二轮已取得可采来源,https://www.jsfpc.edu.cn/ → 页脚「校址：江苏省淮安市高教园区枚乘路4号」（功能区）; https://search.ccgp.gov.cn/bxsearch?searchtype=2&page_index=1&kw=江苏食品药品职业技术学院&timeType=5 → 采购人地址「江苏省淮安市高教园区枚乘东路4号」（路名「枚乘东路」与本条「枚乘路」不符）; http://www.ccgp.gov.cn/cggg/dfgg/cjgg/202606/t20260616_26758505.htm → 江苏电子信息职业学院「江苏省淮安市清江浦区枚乘东路3号」（枚乘东路的清江浦区桥梁，路名口径不同，lead only）; https://m.sogou.com/web/searchList.jsp?keyword=枚乘路4号 清江浦区 → CAPTCHA 反爬页,2026-09-12
PROFILE913_0,4136012940,江西交通职业技术学院,经开区校区,江西省南昌经济技术开发区双港东大街644支路395号,江西省,南昌市,HARD-BLOCKED,C 地址冲突,校方与南昌市自然资源和规划局均只给功能区「南昌经济技术开发区」，无法定区；第三方对蛟桥镇/双港的区属（青山湖区 vs 新建区）互相冲突且均非官方，且「道路通常位于某区」式推断被红线禁止。,"http://www.jxjtxy.edu.cn/ → 200，页脚“（经开区校区）南昌经济技术开发区双港东大街644支路395号 邮编：330013；（新建区校区）南昌市新建区西山镇”，无经开区校区的法定区名; https://so.toutiao.com/search?keyword=""双港东大街644支路395号"" → 命中南昌市自然资源和规划局、江西省教育厅、招生网页面，均只写“南昌经济技术开发区”; https://so.toutiao.com/search?keyword=南昌经济技术开发区 蛟桥镇 属于哪个区 行政区划 → 百科称蛟桥镇属青山湖区；博雅地名网下罗村区划代码 360112003200 指向新建区，二者冲突; https://www.bing.com/search?format=rss&q=双港东大街 → 搜索引擎被拦截，返回无关结果",2026-09-12
PROFILE946_0,4136013867,江西制造职业技术学院,艾溪湖校区,江西省南昌市紫阳大道318号,江西省,南昌市,RESOLVED,—,第二轮已取得可采来源,http://www.jxmtc.com/jxgc 校方页脚：地址:江西省南昌市紫阳大道318号（无区名）; 搜狗快照：校方微信公众号《2024年单独招生考试考生须知》「考点一:江西制造职业技术学院(南昌市紫阳大道318号)」（无区名）; https://m.dxsbb.com/news/94856.html 第三方：艾溪湖校区(江西省南昌市高新区紫阳大道318号); 腾讯地图 POI：江西省南昌市南昌县昌东镇大学园区紫阳大道318号; 360地图：南昌市南昌县昌东镇紫阳大道318号; https://gaokao.chsi.com.cn/sch/schoolInfo--schId-2094.dhtml 阳光高考院校库：抓取未返回含区名地址; http://search.ccgp.gov.cn（中国政府采购网检索）被限流：『您的访问过于频繁』,2026-09-13
PROFILE926_0,4136013422,江西外语外贸职业大学,瑶湖校区,江西省南昌市天祥大道291号,江西省,南昌市,RESOLVED,—,第二轮已取得可采来源,https://gcglx.jxcfs.com/index.htm 与 https://www.jxcfs.com/ (江西省南昌市天祥大道291号，无区); https://yjs.nit.edu.cn/ 、https://cct.nit.edu.cn/ (南昌高新技术开发区天祥大道289号（瑶湖校区），他校且功能区); https://www.dxsbb.com/news/94848.html 、https://www.youbianku.com/江西外语外贸职业学院 (第三方，无区); 头条检索「南昌县 天祥大道291号」「南昌县 天祥大道 江西外语外贸职业学院」无官方命中,2026-09-13
PROFILE956_0,4136012944,江西工业工程职业技术学院,办学地点（档案未命名）,江西省萍乡市经济开发区玉湖东路106号,江西省,萍乡市,HARD-BLOCKED,D 功能区/大学城无法定区佐证,官方三源（校官网、校招生网、省教育厅）都只声明功能区「萍乡经开区」，能写出「安源区玉湖东路」的全是第三方地图/房产站（红线禁用），政府自身仅在「玉湖东路1号（市政府）」等其他门牌出现，无法与 106 号同址互证。,"https://www.jxvcie.edu.cn/ → 200，“地址：江西省萍乡市经济开发区玉湖东路106号”，无区名; https://so.toutiao.com/search?keyword=""玉湖东路106号"" → 命中官网与招生信息网（zsw.jxvcie.edu.cn），同为“萍乡市开发区玉湖东路106号”; https://so.toutiao.com/search?keyword=安源区 玉湖东路 江西工业工程职业技术学院 萍乡经开区 → 无相关结果",2026-09-12
PROFILE895_3,4136010839,江西工业职业技术学院,化工校区,江西省南昌市东郊江西氨厂侧,江西省,南昌市,HARD-BLOCKED,D 功能区/大学城无法定区佐证,本条地址只有厂区名（江西氨厂侧），无可比对的路名/门牌；可用的官方原文（校招生章程）只给到功能区「高新区」与镇名「昌东镇」，无法定区；而昌东镇属南昌县、氮厂片区属青山湖区这两条都靠行政区划常识/第三方推断，红线禁止用于落 d，且地址本身无路无门牌使 road 级互证也无法建立。,https://www.jxgzy.cn/ → 200，页脚「江西省南昌市东郊江西氨厂侧(化工校区)」，无区名; http://zsw.jxgzy.cn/news-show-1638.html → 200，《2026年招生章程》「化工校区：江西省南昌市高新区昌东镇尤氨路以东」，仅功能区; Toutiao 搜索「江西工业职业技术学院 化工校区 青山湖区 氨厂」「江西工业职业技术学院 化工校区 昌东镇 尤氨路」→ 仅第三方位图/百科，无官方法定区表述; http://www.nc.gov.cn/ncszf/ghspjg/202304/3a896fd20cc84820b535adb5bbaf16a5.shtml（尤氨路规划审批）→ 200，未见可挂钩本校区的法定区表述,2026-09-12
PROFILE895_4,4136010839,江西工业职业技术学院,瑶湖校区,江西省南昌市昌东高校园区高新区天祥大道388号,江西省,南昌市,HARD-BLOCKED,D 功能区/大学城无法定区佐证,有官方来源写出完整门牌「天祥大道388号」，但其行政层级一律止于功能区「昌东高校园区/高新区」；「昌东镇属南昌县」只能由县级执法主体名单间接推得，属行政区划推断（红线禁止），且无任何来源把「388号」与南昌县/青山湖区同句写出；门牌存在使 road 级接受不适用。,https://api.so-gov.cn/query/s 市站 检索「天祥大道388号」— 1 条（食品抽检汇总表，仅「高新区昌东高校园区」）; https://www.nc.gov.cn/yshj/scjg/202012/4e7c0cd14ec54e22a4d606c8509f91e8/files/24eef47e4bfa4dfa84edc50b835c13c6.xlsx — 「江西省南昌市高新区昌东高校园区天祥大道388号」; https://api.so-gov.cn/query/s 经开区站/南昌县站 检索「天祥大道388号」— 均 0 条; http://ncx.nc.gov.cn/ncxrmzf/sfjgsgg/202505/37f62393dba249e1aad28f2144bd6e18.shtml — 南昌县执法主体确认（昌东镇、麻丘镇）; http://ncx.nc.gov.cn/ncxrmzf/sthjjgsgg/202606/815d34e83ceb4ae78520e75e0330a048.shtml — 南昌县声环境功能区方案含天祥大道（无门牌）,2026-09-12
PROFILE957_2,4136012766,江西工程学院,仙女湖校区,江西省新余市仙女湖大道2828号,江西省,新余市,HARD-BLOCKED,D 功能区/大学城无法定区佐证,门牌「仙女湖大道2828号」在官方原文中反复出现且一致，但行政层级到「新余市」为止；「仙女湖区」是功能区，不得据此翻译为渝水区/分宜县；无任何来源把该门牌与法定区同句写出。,"http://zsc.jxue.edu.cn/ → 200，页脚只写“天工校区：江西省新余市天工南大道1688号”，无仙女湖大道门牌; https://so.toutiao.com/search?keyword=""仙女湖大道2828号"" → 命中江西省教育厅、招生章程、中国教育在线，均只写“新余市仙女湖大道2828号”; https://so.toutiao.com/search?keyword=渝水区 仙女湖大道2828号 江西工程学院 仙女湖校区 → 仅第三方（掌上高考、大学生必备网）; https://www.jxue.edu.cn/ → 200，未见地址行",2026-09-12
PROFILE3253_0,4136014537,江西师范高等专科学校,办学地点（档案未命名）,江西省鹰潭市信江新区滨江东路1号,江西省,鹰潭市,HARD-BLOCKED,D 功能区/大学城无法定区佐证,校官网逐字含门牌但与法定区无关；「信江新区→月湖区」的区级映射虽来自政府来源，但既不含路名也不含门牌，无法与记录的「滨江东路1号」挂钩；第三方地图的「月湖区滨江东路」为红线禁用来源。故无法定区可落。,"http://www.jxsfgz.com/ → 200，“地址：江西省鹰潭市信江新区滨江东路1号 邮政编码：335000”，无区名; http://xjxq.yingtan.gov.cn/ → 200（需 GBK 解码），信江新区管委会站，未见“新区概况”与月湖区归属表述; https://so.toutiao.com/search?keyword=""滨江东路1号"" 鹰潭 信江新区 → 仅命中信江新区管委会、月湖区/贵溪市政府首页与“大家都在搜”联想，无“月湖区+门牌”同句原文",2026-09-12
PROFILE955_0,4136013427,江西建设职业技术学院,小蓝校区,江西省南昌小蓝经济开发区汇仁大道999号,江西省,南昌市,RESOLVED,—,第二轮已取得可采来源,"https://www.jxjsxy.edu.cn/ → 200，页脚“办公地址：江西省南昌小蓝经济开发区汇仁大道999号 邮编：330200 (象湖校区)”，无区名; https://so.toutiao.com/search?keyword=""汇仁大道999号"" → 命中就业网、财务处页，均只写“小蓝经济开发区”; https://so.toutiao.com/search?keyword=南昌县 汇仁大道999号 小蓝经开区 江西建设职业技术学院 → 仅第三方（大学生必备网、掌上高考）与无关页，无“南昌县+门牌”同句原文; https://www.bing.com/search?format=rss&q=汇仁大道999号 → 搜索引擎被拦截，返回无关结果",2026-09-12
PROFILE955_3,4136013427,江西建设职业技术学院,经开校区,江西省南昌市经济技术开发区黄家湖西路1588号,江西省,南昌市,HARD-BLOCKED,D 功能区/大学城无法定区佐证,本门牌的所有政府文书（经开区双随机、区生态环境局土壤调查报告）与校方文书都以「南昌经济技术开发区」为前缀书写，无任何一份与法定区名同句；唯一写「新建区」的是中公教育（商业招生网站），红线禁止单独采信，且其未直接书写校址。功能区名不得翻译为法定区，故无可采信链。,"https://www.jxjsxy.edu.cn/ → 200，页脚只有小蓝校区地址，无经开校区; https://so.toutiao.com/search?keyword=""黄家湖西路1588号"" → 命中中公教育（第三方，写“南昌市新建区经济技术开发区黄家湖西路1588号”）、招生章程转载（只写“南昌市经开区”）; https://so.toutiao.com/search?keyword=新建区 黄家湖西路1588号 江西建设职业技术学院 经开校区 → 无相关结果",2026-09-12
PROFILE943_2,4136012976,江西机电职业技术学院,赣新校区,江西省赣江新区永修组团湖东新区样式雷大道1号,江西省,南昌市,HARD-BLOCKED,H 其他,实际法定县级行政区为江西省九江市永修县，不在本条 allowed_districts（东湖区、南昌县、安义县、新建区、红谷滩区、西湖区、进贤县、青云谱区、青山湖区）内。,"https://so.toutiao.com/search?keyword=""玉湖东路106号""（同批检索中对赣江新区/永修未获结果）→ 无相关官方来源; https://www.gaokao.cn/school/943（上轮 prior_url）→ 第三方，且地址指向永修县",2026-09-12
PROFILE2442_0,4136014167,江西枫林涉外经贸职业学院,办学地点（档案未命名）,江西省赣江新区永修组团,江西省,九江市,HARD-BLOCKED,A 上一轮独立复核未通过,复攻已找到官方来源，但本条地址无路名/门牌，校区名为占位符「办学地点（档案未命名）」，来源既无法用地址锚也无法用校区名挂钩。,https://www.yongxiu.gov.cn/bmxzxxgk/bmgk/zrzyj/zdly/zrzy_308235/202404/t20240415_6496060.html — 命中，逐字含「一、项目位置：江西省永修县艾城镇」; https://www.yongxiu.gov.cn/bmxzxxgk/bmgk/zrzyj/zdly/zrzy_308235/202303/t20230323_5979540.html — 命中，同一学校「一、项目位置：江西省 永修县艾城镇」; https://www.yongxiu.gov.cn/bmxzxxgk/bmgk/zrzyj/zdly/ggzypz_308231/tdzs/202601/t20260109_7146055.html — 命中，永修县人民政府（枫林学院及配套）征地补偿安置公告，涉艾城镇马湾村/青山村; https://www.yongxiu.gov.cn/bmxzxxgk/bmgk/zrzyj/zdly/zrzy_308235/202507/t20250721_6977525.html — 标题含学校名，正文为空/仅附件（不可引用）; IRS 永修县站检索「江西枫林涉外经贸职业学院」「枫林学院」「赣江新区永修组团 永修县」— 均命中上述县级文件,2026-09-12
PROFILE867_0,4136011319,江西水利电力大学,瑶湖校区,江西省南昌市高新技术开发区天祥大道289号,江西省,南昌市,RESOLVED,—,第二轮已取得可采来源,https://api.so-gov.cn/query/s 市站 检索「天祥大道289号」— 4 条，全部仅「高新区／高新技术产业开发区」; https://www.nc.gov.cn/scgzbz/spypaqjg/202404/d05ed98a297b48e197922ca61718d92e/files/44bed6154c524e22a0af2b89dc55c008.xlsx — 「江西省南昌市高新技术产业开发区天祥大道289号南昌工程学院第三食堂一楼、二楼」; https://www.nc.gov.cn/ncszf/shbz/202505/791cae7dcc7c4229b11baa1ff15cc40e/files/2025年度南昌市医保定点医疗机构名单（截至2025年5月26日）.xlsx — 「H36011100201 南昌工程学院医院 南昌高新区天祥大道289号」; http://ncx.nc.gov.cn/ncxrmzf/sthjjgsgg/202606/815d34e83ceb4ae78520e75e0330a048.shtml — 南昌县声环境功能区方案列出天祥大道/瑶湖西大道（无门牌）; http://ncx.nc.gov.cn/ncxrmzf/sfjgsgg/202505/37f62393dba249e1aad28f2144bd6e18.shtml — 「1.南昌高新技术产业开发区昌东镇人民政府」列入南昌县执法主体名单; https://api.so-gov.cn/query/s 南昌县站 检索「天祥大道289号」— 0 条,2026-09-13
PROFILE959_0,4136012934,江西环境工程职业学院,办学地点（档案未命名）,江西省赣州市经开区东江源大道555号,江西省,赣州市,HARD-BLOCKED,D 功能区/大学城无法定区佐证,该门牌仅出现在校方官网（写「赣州经济技术开发区」）与第三方招生/媒体（写「赣州经开区」）；赣州市、章贡区、赣县区三级站内检索对「东江源大道555号」0 命中，市旅行社一览表（唯一含大量章贡区门牌地址的市府文书）也不含该门牌。经开区功能区名不能翻译为章贡区/南康区/赣县区。,"https://www.jxhjxy.com/ → 200，“地址：江西省赣州市经济技术开发区东江源大道555号”，无区名; https://so.toutiao.com/search?keyword=""东江源大道555号"" → 命中掌上高考、招生章程、网易（第三方）均写“赣州经开区”，无区名; https://so.toutiao.com/search?keyword=江西环境工程职业学院 东江源大道555号 章贡区 蟠龙 → 无相关结果",2026-09-12
PROFILE904_0,4136012943,江西现代职业技术学院,艾溪湖校区,江西省南昌市昌东大学园区紫阳大道338号,江西省,南昌市,HARD-BLOCKED,D 功能区/大学城无法定区佐证,唯一把本门牌与区名同句的政府线索来自高新区自建名单，但其对该门牌的写法是「南昌高新技术产业开发区紫阳大道338号」，无「青山湖区/南昌县」；同页带「青山湖区」的紫阳大道地址门牌为1216号、1266号等，门牌不同不可移用。校方章程/页脚亦只写功能区。,"https://www.jxxdxy.edu.cn/ → 200，页脚仅“江西省南昌市昌东大学园区紫阳大道338号”，无区名; https://so.toutiao.com/search?keyword=""紫阳大道338号"" → 只命中校内二级学院页（jxjyxy/hnxy/xyh 等，均为同一功能区地址）与第三方（大学生必备网、gaokao.cn、抖音百科）; https://so.toutiao.com/search?keyword=青山湖区 紫阳大道338号 江西现代职业技术学院 → 无相关结果; https://www.bing.com/search?format=rss&q=紫阳大道338号 → 搜索引擎被拦截，返回与查询无关的固定结果",2026-09-12
PROFILE165_3,4136010407,江西理工大学,南昌校区,江西省南昌市昌北开发区双港东大街1180号,江西省,南昌市,HARD-BLOCKED,D 功能区/大学城无法定区佐证,市自然资源和规划局、经开区消防、校方管委会三类来源对该门牌均写「经济技术开发区/昌北开发区」。同路不同门牌（双港东大街333号、双港路808号）在经开区自建文书中带「青山湖区」，但门牌不同，按红线不得把同路他门牌的区属迁移到本门牌。,https://api.so-gov.cn/query/s 南昌市政府站(siteCode=3601000001) 检索「双港东大街1180号」— 2 条，均无区名; http://www.nc.gov.cn/ncszf/ghspjg/202201/2896190ae590498e93bb1f19d234986f.shtml 江西理工大学南昌校区综合实验楼项目规划条件核实 — 「位于经开区双港东大街1180号」; https://www.nc.gov.cn/scgzbz/spypaqjg/202312/c4d11ab9f1624f738f0b3065cb2d7c42/files/3b21f95ef18a4afe8a7e39f3bfc3126d.xlsx — 「南昌市经济技术开发区双港东大街1180号」; https://api.so-gov.cn/query/s 南昌经开区站(siteCode=3601000081) 检索「双港东大街1180号」— 0 条; http://ncjk.nc.gov.cn/ncjkq/zfdt/202412/0f0e23fb594d4ae7966aad6ba7298b8d.shtml — 同页出现「青山湖区双港东大街333号」（另一门牌）,2026-09-12
PROFILE175_2,4136010421,江西财经大学,枫林园校区,江西省南昌市昌北国家经济技术开发区枫林大道632号,江西省,南昌市,HARD-BLOCKED,D 功能区/大学城无法定区佐证,同门牌的两篇经开区官方文书与学校后勤/采购文书的写法均为「南昌经济技术开发区枫林大道632号」；唯一带「青山湖区」的是 city8 地图 POI，且其路名为「枫林西大街」而非「枫林大道」，既触红线（POI 不得单独定区）又属异名道路。经开区功能区名不能翻译为法定区。,https://api.so-gov.cn/query/s 经开区站(siteCode=3601000081) 检索「枫林大道632号」— 8 条，全部为「南昌经济技术开发区」前缀; http://ncjk.nc.gov.cn/ncjkq/zfdt/202312/13ecddc60c8d47bbb4026fe065da9cfd.shtml — 「江西省南昌市南昌经济技术开发区枫林大道632号江西财经大学枫林园校区生活服务中心1-6层」; http://ncjk.nc.gov.cn/ncjkq/ylws/202411/1ed2b8a531014bcf97b5a233472b7677.shtml — 「南昌经济技术开发区枫林大道632号江西财经大学枫林园校区生活服务中心1-6层」; https://api.so-gov.cn/query/s 市站/新建区站/青山湖区站 检索「枫林大道632号」— 市站 1 条（江财枫林园食堂，无区名）、新建区 0 条、青山湖区 0 条,2026-09-12
PROFILE175_1,4136010421,江西财经大学,麦庐园校区,江西省南昌市昌北国家经济技术开发区玉屏大道,江西省,南昌市,HARD-BLOCKED,A 上一轮独立复核未通过,[分类:F 独立复核未通过] 档案地址「江西省南昌市昌北国家经济技术开发区玉屏大道」含路名，按规则不得使用 name 挂钩，必须存在同时含法定区与「玉屏大道」的单一来源。已重开：江西财经大学官网页脚逐字「麦庐园校区：江西省南昌市昌北国家经济技术开发区玉屏大道665号 邮编：330032」——有路名门牌，无区名；南昌经开区门户（ncjk.nc.gov.cn）《2024年度“双随机、一公开”12月份监督抽查名单》逐字「江西省南昌市青山湖区江西财经大学麦庐校区静庐B栋一楼B106」——有区名与校区名，但无「玉屏大道」。二者无法在单一引文内同时满足 d 与地址挂钩；而按规则含路名时禁用 name 挂钩,http://ncjk.nc.gov.cn/ncjkq/zfdt/202412/0f0e23fb594d4ae7966aad6ba7298b8d.shtml — 命中，「江西省南昌市青山湖区江西财经大学麦庐校区静庐B栋一楼B106」; https://api.so-gov.cn/query/s 市站 检索「青山湖区 江西财经大学麦庐」— 仅校地合作类新闻，无门牌级信息; https://www.nc.gov.cn/ncszf/shbz/202505/791cae7dcc7c4229b11baa1ff15cc40e/files/2025年度南昌市医保定点医疗机构名单（截至2025年5月26日）.xlsx — 「江西财经大学医院 江西财经大学校内（含蛟桥园、麦庐园、枫林园）」无区名; https://api.so-gov.cn/query/s 青山湖区站(siteCode=3601110001) 检索「玉屏大道」/「江西财经大学 麦庐」— 无门牌级命中,2026-09-12
PROFILE949_2,4136012941,江西财经职业学院,八里湖校区,江西省九江市八里湖新区八里湖大道216号,江西省,九江市,HARD-BLOCKED,D 功能区/大学城无法定区佐证,校方官网对八里湖校区只写「八里湖新区」（且赣公网安备/ICP 号段属编码线索，按红线禁止反推）；九江市政府文书在该路上只出现166号（市民服务中心）且亦写功能区。八里湖新区横跨浔阳区/濂溪区/柴桑区，功能区名不得翻译为任一法定区；同校浔阳校区属另一校区不可移用。,IRS 九江市站 https://zmhd.jiujiang.gov.cn/irs/front/search（code=183f883089d）检索「八里湖大道216号」— 0 条; IRS 九江市站检索「八里湖新区 濂溪区 柴桑区」— 0 条; https://blhxq.jiujiang.gov.cn/01/01/01/202108/t20210825_5217577.html 八里湖新区概况 — 仅「与浔阳区、濂溪区、经开区、柴桑区……毗邻」; https://blhxq.jiujiang.gov.cn/01/01/01/202607/t20260716_7275786.html 八里湖新区概况（新版）— 无区划隶属表述; https://www.lianxi.gov.cn/zwzx/lxsx/202208/t20220819_5803624.shtml / http://www.jjxw.cn/zsck/xxjy/jxcjzyxy/202208/t20220823_5642577.html — 濂溪区与该校校友会合作洽谈，区校合作非校址,2026-09-12
PROFILE942_0,4136013869,江西青年职业学院,办学地点（档案未命名）,江西省南昌市经济技术开发区志敏大道1458号,江西省,南昌市,RESOLVED,—,第二轮已取得可采来源,"https://www.jxqy.edu.cn/ → 200，页脚“学院地址：江西省南昌市昌北国家经济技术开发区方志敏大道1458号”，无区名且路名与本条不一致; https://so.toutiao.com/search?keyword=""志敏大道1458号"" → 命中教务处页（同为经开区地址）与城市吧（第三方，标“青山湖区蛟桥镇／青山湖区志敏大道”）; https://so.toutiao.com/search?keyword=江西青年职业学院 志敏大道1458号 中标 采购 青山湖区 → 无政府来源命中",2026-09-13
PROFILE1800_0,4134011306,池州学院,办学地点（档案未命名）,安徽省池州市教育园区,安徽省,池州市,HARD-BLOCKED,A 上一轮独立复核未通过,复核通过但未过机器门禁: 引文挂不到本条地址/校区名 '办学地点（档案未命名）'（该记录地址 '安徽省池州市教育园区' 无路名，需：地址连续片段≥6字 / ≥3位门牌 / 或校区名核心与法定区同句）,http://zs.czu.edu.cn/zsxx/zszc/3.htm （池州学院招生信息网招生章程：命中“学校地址：安徽省池州市贵池区牧之路199号”，同文含“办学地址：安徽省池州市教育园区1号”）,2026-09-12
PROFILE227_0,4121010142,沈阳工业大学,中央校区,辽宁省沈阳市经济技术开发区沈辽西路111号,辽宁省,沈阳市,RESOLVED,—,第二轮已取得可采来源,https://www.sut.edu.cn/xxgk.htm → curl -k 200，页脚逐字读到「中央校区 : 沈阳经济技术开发区沈辽西路111号」「兴顺校区 : 沈阳市铁西区兴顺街南十三路1号」「国家大学科技园 : 沈阳经济技术开发区四号街20号」（上一轮 WebFetch 报 unable to verify the first certificate，本轮 curl -k 成功）; https://www.tiexi.gov.cn/zhtx/ → curl -k 200，逐字读到「铁西区位于沈阳市西南部，由主城区、沈阳经济技术开发区（以下简称“经开区”）和中德（沈阳）高端装备制造产业园（以下简称“中德园”）组成。」; https://gaokao.chsi.com.cn（阳光高考）→ HTTP 412 WAF，两轮均无法读取; https://search.ccgp.gov.cn/bxsearch → 返回「您的访问过于频繁」限流,2026-09-12
PROFILE227_3,4121010142,沈阳工业大学,国家大学科技园,沈阳经济技术开发区四号街20号,辽宁省,沈阳市,HARD-BLOCKED,A 上一轮独立复核未通过,记录地址「沈阳经济技术开发区四号街20号」只含功能性区名（经济技术开发区），路名四号街存在（不得用 name 挂钩），必须找到官方/政府来源把「铁西区」与「四号街/20号」写到同一处。实际结果：沈阳工业大学国家大学科技园官网（sutpark.sut.edu.cn）首页页脚确实同时出现该地址与「铁西区」，但「铁西区」仅作为奖项名「铁西区2023年全面振兴新突破贡献奖」出现，并非地址所属法定区，不能作为 d 的挂钩；同一站「联系我们」页只有地址、完全没有「铁西」。官网、沈阳工业大学主站、搜索引擎均未找到任何页面在同一句中把「铁西区」与该校区地址绑定。,https://www.sut.edu.cn/xxgk.htm → curl -k 200，逐字读到「国家大学科技园 : 沈阳经济技术开发区四号街20号 邮编 : 110027」; https://www.tiexi.gov.cn/zhtx/ → curl -k 200，逐字读到铁西区由主城区+沈阳经济技术开发区+中德园组成; https://gaokao.chsi.com.cn（阳光高考院校库）→ HTTP 412，无法读取; https://search.ccgp.gov.cn → 限流（您的访问过于频繁）,2026-09-12
PROFILE226_1,4121010163,沈阳药科大学,南校区,辽宁省本溪市高新技术产业开发区华佗大街26号,辽宁省,本溪市,HARD-BLOCKED,D 功能区/大学城无法定区佐证,功能区“本溪高新技术产业开发区（沈本新城/药都）”覆盖石桥子街道，法定归属为溪湖区，但这是“道路/园区→法定区”的推断；溪湖区政府原文只在中风险区通告里把某段华佗大街划入溪湖区，既未出现“26号”也未出现该校，按红线（禁止道路通常位于某区式推断）不得据此定区。,https://spe.syphu.edu.cn/szdw1/dsfc/sssds/2.htm（快照：通讯地址 辽宁省本溪高新技术产业开发区华佗大街26号）; http://www.xihu.gov.cn/（溪湖区人民政府网，列有『石桥子街道办事处』，但无华佗大街绑定）; so.toutiao.com/search?keyword=石桥子街道 华佗大街 沈阳药科大学（命中第三方房产站，写溪湖区）,2026-09-12
PROFILE2307_1,4113014259,沧州幼儿师范高等专科学校,沧州校区,河北省沧州市解放东路155号,河北省,沧州市,HARD-BLOCKED,E 无权威来源,分类 E_no_authority：唯一权威来源(校方招生章程)只写到『河北省沧州市解放东路155号（沧州校区）』，无区名；本轮新增的沧州市人民政府站内检索对『解放东路155号』与『幼儿师范高等专科学校 地址』均返回 0 条，政府侧无任何含区表述。,http://zhaoshengjiuye.czptc.edu.cn/html/professional_settings/1006.html → 招生章程逐字「地址：河北省沧州市解放东路155号（沧州校区）」「河北省泊头市解放西路150号（泊头校区）」，无法定区; http://www.czptc.edu.cn/html/gaikuang/1840.html → 学校简介「学校现有沧州、泊头两个校区」，页脚仅「河北省泊头市解放西路光明街150号」，无法定区; toutiao/sogou 搜索「沧州 解放东路155号 属于哪个区」「沧州幼儿师范高等专科学校 沧州校区 新华区」→ 仅搜索联想出现「河北省沧州市新华区解放东路155号」，无权威页面; 河北省政府采购网(ccgp-hebei)/沧州市政府(cangzhou.gov.cn) 均无站内检索可定位该校公告,2026-09-12
PROFILE700_1,4113012415,沧州职业技术学院,渤海校区,河北省沧州渤海新区中捷产业园区文汇路,河北省,沧州市,HARD-BLOCKED,D 功能区/大学城无法定区佐证,本条地址只有路名“文汇路”，无门牌；能拿到的全部校方与政府原文都止于功能区“沧州渤海新区/中捷产业园区”，未出现法定区名“黄骅市”。按红线不得把功能区翻译为黄骅市，且跨实体“仅同一路名”不构成 Level 3。,https://www.czvtc.cn/ → 页脚「河北省沧州市新华区文昌路23号」（主校区），无渤海校区地址; https://www.czvtc.cn/bhxq/xqjj/content_15293 → 渤海校区简介只写「中捷产业园区的科教园区」，无区名、无门牌; https://www.czvtc.cn/bhxq/xxfw/content_15292 → 乘车路线仅「黄骅车站」「黄骅东出口」，无行政区表述; https://www.czvtc.cn/xxgk/xxgkqd/jbxx/xxzcjzddgxgzzd/content_11107 → 章程第二条「学院地址：沧州市运河区九河西路29号」; http://www.cangzhou.gov.cn/cangzhou/c100053/about.shtml → 概况页「中捷产业园区」0 命中,2026-09-12
PROFILE1539_0,4113014225,河北东方学院,主校区,河北省廊坊市开发区东方大学城一期圣陶路,河北省,廊坊市,HARD-BLOCKED,B 来源抓取失败,无来源同时写明「河北东方学院（主校区）」+「圣陶路/东方大学城一期」+allowed_districts 内任一法定区。唯一含门牌路名的来源（校方官网）只给功能区「廊坊经济技术开发区」；其余平台只能证明同园区其他学校（二期居易道）属广阳区，不能套用。,https://www.hbdfxy.cn/ → 仅返回标题「河北东方学院官网」，无正文/页脚/链接; https://www.hbdfxy.cn/xygk/xyjj.htm → 同上，只有标题; https://www.hbdfxy.edu.cn/ → getaddrinfo ENOTFOUND; https://zs.hbdfxy.cn/ → getaddrinfo ENOTFOUND; https://web.archive.org/ → 环境禁止抓取,2026-09-12
PROFILE1539_1,4113014225,河北东方学院,医学院校区,河北省廊坊市开发区东方大学城二期白居易道,河北省,廊坊市,HARD-BLOCKED,B 来源抓取失败,河北东方学院官方发布的两个章程均把校址落在功能区「廊坊经济技术开发区/东方大学城」，不含任何法定区。2026年招生章程原文：「学校地址：河北省廊坊经济技术开发区东方大学城」；专升本招生章程原文：「就学校校区：河北省廊坊市东方大学城」。含白居易道（有路名）→ name-hook 禁用；无任何官方/政府页面把「白居易道」与广阳区/安次区同句写出。,https://www.hbdfxy.cn/ → 仅标题，无内容; https://www.hbdfxy.cn/xygk/xyjj.htm → 仅标题; https://www.hbdfxy.edu.cn/ → ENOTFOUND; https://www.lf.gov.cn/Category_79/Index.aspx（廊坊城市综述）→ 只列「2个市辖区（广阳、安次）」及1个国家级经开区，未出现东方大学城,2026-09-12
PROFILE1539_2,4113014225,河北东方学院,文物与艺术学院校区,河北省廊坊市开发区东方大学城一期圣陶路东,河北省,廊坊市,HARD-BLOCKED,B 来源抓取失败,河北东方学院官方章程只写「河北省廊坊经济技术开发区东方大学城」「河北省廊坊市东方大学城」，均无法定区；站点检索「圣陶路」0 命中；无任何官方/政府页面把「圣陶路」与广阳区/安次区同句写出。地址含路名→不得用校区名挂钩。,https://www.hbdfxy.cn/ → 仅返回标题; https://www.hbdfxy.com/ → connect ECONNREFUSED; https://www.lf.gov.cn/Category_82/Index.aspx（廊坊行政区划）→ 列出广阳区/安次区/廊坊经济技术开发区，但无东方大学城与法定区同句的表述,2026-09-12
PROFILE729_0,4113013071,河北交通职业技术学院,主校区,石家庄市高新区槐安东路339号,河北省,石家庄市,RESOLVED,—,第二轮已取得可采来源,https://www.hejtxy.edu.cn/ → SPA 首页无地址；/xygk/xyjj.htm 等栏目路径 404; 阳光高考院校库 / 本地宝 / 新浪转学校单招指南 / 河北省政府采购公告 → 均为「石家庄市高新区槐安东路339号」（功能区）; toutiao 搜索「槐安东路339号 裕华区」→ 省政府采购列表混排出现「裕华区 雅清街30号」（另一采购人），非同句；知乎答「石家庄市裕华区珠江大道219号(主校区)」（第三方）,2026-09-12
PROFILE601_3,4113010092,河北北方学院,北校区,河北省张家口市长青路14号,河北省,张家口市,HARD-BLOCKED,E 无权威来源,分类 E_no_authority：没有任何官方/政府文本把『长青路14号』与法定区(桥西区/桥东区二选一)并列；仅有的区属线索来自商业 POI 与第三方问答且门牌不一致。,https://www.hebeinu.edu.cn/ → 200，页脚「张家口市经开区钻石南路11号」; https://zs.hebeinu.edu.cn/web/article/1855.html → 200，招生章程「办学地址 河北省张家口市」，无区、无长青路; https://www.hebeinu.edu.cn/index.php?s=/List/index/cid/11.html（学校简介）→ 200，只提四个校区不列地址; https://www.hebeinu.edu.cn/index.php?s=/Show/index/cid/50/id/15253.html（采购公告）→ 200，「地址：张家口市经开区钻石南路11号」; https://www.hebeinu.edu.cn/index.php?s=/Search/index.html 站内检索「长青路14号」「北校区」→ 无相关结果; Toutiao 搜索「河北北方学院 长青路14号」→ 0 结果,2026-09-12
PROFILE601_0,4113010092,河北北方学院,校本部,河北省张家口市高新区钻石南路11号,河北省,张家口市,RESOLVED,—,第二轮已取得可采来源,https://www.hebeinu.edu.cn/ → 页脚「地址：张家口市经开区钻石南路11号」; http://xxgk.hebeinu.edu.cn/ → 「联系地址：河北省张家口市高新区钻石南路11号」; https://www.hebeinu.edu.cn/index.php?s=/Show/index/cid/50/id/15250.html → 页脚仍为「经开区钻石南路11号」，正文无区名; https://www.zjk.gov.cn/channel/1/index.html → 市情页无行政区划/经开区归属表述; http://www.zjkqd.gov.cn/ → TLS 证书不匹配，无法读取,2026-09-12
PROFILE54_2,4113010075,河北大学,裕华路校区,河北省保定市裕华东路 342号,河北省,保定市,HARD-BLOCKED,E 无权威来源,分类 E_no_authority：门牌证据充分但法定区缺失；allowed_districts 内 莲池区/竞秀区 两候选无法从逐字文本排他。,https://www.hbu.edu.cn/xxgk/xxjj.htm (裕华路校区：河北省保定市裕华东路342号，无区); https://yxb.hbu.edu.cn/ 、http://jcyxy.hbu.edu.cn/ 、https://zyxy.hbu.edu.cn/?cid=3&m=show (地址：河北省保定市裕华东路342号，均无区); https://zyxy.hbu.edu.cn/?cid=18&id=2255&m=show (页面已变更，未再出现莲池区校区列表); https://jdjyw.jlu.edu.cn/mportal/company/details?id=9258 (仅单位地址「河北省保定市莲池区」，未绑定裕华路校区); 头条检索「莲池区裕华东路342号」「保定市莲池区裕华东路」「河北大学裕华路校区 莲池区」均无官方命中,2026-09-12
PROFILE2305_0,4113013074,河北对外经贸职业学院,办学地点（档案未命名）,河北省秦皇岛市北戴河新区戴河大街6号,河北省,秦皇岛市,HARD-BLOCKED,D 功能区/大学城无法定区佐证,北戴河新区为功能区，跨北戴河区、抚宁区（南戴河街道）与昌黎县，不能翻译；现有全部官方原文都把该校区写成“北戴河新区戴河大街6号”，无任何法定区与“戴河大街6号”同句；按红线不得据道路或功能区推断。,https://www.hbiibe.edu.cn/ — 官网首页页脚「学院地址：河北省秦皇岛市北戴河新区戴河大街6号」; https://www.hbiibe.edu.cn/zsw2025/ — 招生网首页，地址同上; https://www.hbiibe.edu.cn/zsw2025/columns/cd481f4a-.../index.html — 招生简章栏目; https://www.hbiibe.edu.cn/zsw2025/columns/cd481f4a-.../202602/20/73afd4f1-....html — 2026年高职单招招生简章，地址同上; http://www.ccgp.gov.cn/cggg/dfgg/jzxtpgg/202608/t20260819_27161263.htm — 外租校区项目谈判公告，采购单位地址仍是「秦皇岛市北戴河新区戴河大街6号」，行政区域栏仅「秦皇岛市」; http://search.ccgp.gov.cn/bxsearch?searchtype=2&...kw=戴河大街 — 标题检索 0 条,2026-09-12
PROFILE41_2,4113010080,河北工业大学,芬兰校区,河北工业大学天津校区/芬兰拉彭兰塔理工大学,天津市,天津市,HARD-BLOCKED,H 其他,该校区为境外（芬兰 LUT）办学项目，物理与法定归属都不在天津市 16 个区县内的任何一处；学校统一页脚的主校区地址（北辰区西平道5340号）不得用于本条。,https://www.hebut.edu.cn/ — 官网首页：页脚「地址：天津市北辰区西平道 5340 号 邮编：300401」（主校区），导航含「芬兰校区」链接; https://finland.hebut.edu.cn/ — 官方芬兰校区站（34KB，经跳板可达）：内容为芬兰LUT大学/拉彭兰塔市政府/芬兰驻华大使等，毕业典礼在芬兰LUT大学举行，无天津市任何区县地址（采用）; https://fi.hebut.edu.cn/ — 0 字节，域名不存在,2026-09-12
PROFILE602_0,4113010076,河北工程大学,办学地点（档案未命名）,河北省邯郸经济技术开发区太极路19号,河北省,邯郸市,RESOLVED,—,第二轮已取得可采来源,https://www.hebeu.edu.cn/ — 官网首页页脚「河北省邯郸经济技术开发区太极路19号」，无任何区县; http://zhaosheng.hebeu.edu.cn/ — 本科招生网，地址同上; http://zhaosheng.hebeu.edu.cn/info/1141/20504.htm — 2026年普通本科招生章程第三条，地址同上，正文其余「区」字仅指「自治区/直辖市」; http://zhaosheng.hebeu.edu.cn/index/zsjz.htm — 招生简章列表，正文未渲染; http://www.ccgp.gov.cn/cggg/dfgg/zbgg/202609/t20260909_27297974.htm — 新校区垃圾清运中标公告，采购单位地址「河北省邯郸经济技术开发区太极路19号」; http://search.ccgp.gov.cn/bxsearch?searchtype=2&...kw=太极路19号 — 全文检索 64 条，全部为同一功能区地址; http://search.ccgp.gov.cn/bxsearch?searchtype=2&...kw=河北工程大学 — 全文检索 91 条，未有任何法定区版本,2026-09-12
PROFILE726_0,4113012887,河北旅游职业学院,办学地点（档案未命名）,河北省承德市高新技术产业开发区,河北省,承德市,HARD-BLOCKED,D 功能区/大学城无法定区佐证,本条记录地址既无路名也无门牌（仅“河北省承德市高新技术产业开发区”），本可走“校区名挂钩”唯一例外，但记录 campus 字段为占位符“办学地点（档案未命名）”，不存在可挂钩的校区名，故该例外无法适用；同时未找到任何原文把该校区/学校与法定区（双桥区等）同句或同址写出，按红线不得由功能区推断。,http://www.hbly.edu.cn/ → 页脚「承德市高教园区」，无区名、无门牌; http://www.chengde.gov.cn/ → 未见高新区所属法定区表述; http://www.cdkfq.gov.cn/ → 首页全文无「双桥区」,2026-09-12
PROFILE691_0,4113010098,河北民族师范学院,办学地点（档案未命名）,河北省承德市高新技术产业开发区学院路西2号,河北省,承德市,HARD-BLOCKED,D 功能区/大学城无法定区佐证,唯一逐字命中门牌的官方来源反而把该址写作功能区「承德市高新区学院路西2号」，而非任何法定区；同页其他考点写「双桥区」，说明来源刻意区分二者，不能拿双桥区覆盖。,https://www.hbun.edu.cn/ → 页脚仅「地址:承德市高教园区河北民族师范学院」，无区名、无门牌; http://www.chengde.gov.cn/ → 首页县区概况仅链接 http://www.sqq.gov.cn/ ，无高新区归属表述; http://www.sqq.gov.cn/col/col3912/index.html → 页面无正文可读; http://www.cdkfq.gov.cn/ 与 /col/col12616/index.html?number=G00004 → 开发区首页/概况页均未出现「双桥区」,2026-09-12
PROFILE1258_2,4113010798,河北科技师范学院,开发区校区,河北省秦皇岛经济技术开发区秦皇西大街106号,河北省,秦皇岛市,HARD-BLOCKED,D 功能区/大学城无法定区佐证,无任何政府/官方来源把「秦皇西大街106号」与法定区同写；学校自身刻意只用功能区名。,http://zhaosheng.hevttc.edu.cn/ — 招生网首页，逐字列出秦皇岛校区（海港区）、昌黎校区（昌黎县）、开发区校区（经济技术开发区）三处地址; http://zhaosheng.hevttc.edu.cn/info/1073/2710.htm — 2026年普通本科招生章程，「开发区校区：河北省秦皇岛经济技术开发区秦皇西大街106号」; https://www.hevttc.edu.cn/ — 官网首页页脚「河北秦皇岛河北大街西段360号」，无开发区校区; http://cgzx.hevttc.edu.cn/ — 采购信息栏目 8 条，地址只到「秦皇岛」，无区县; http://search.ccgp.gov.cn/bxsearch?searchtype=2&...kw=河北科技师范学院 — 命中限流，未取得; http://search.ccgp.gov.cn/bxsearch?searchtype=2&...kw=秦皇西大街106号 — 全文检索 0 条; http://search.ccgp.gov.cn/bxsearch?searchtype=2&...kw=秦皇西大街 — 标题检索 0 条,2026-09-12
PROFILE2858_0,4113014396,河北轨道运输职业技术学院,开发区校区,河北省石家庄市经济技术开发区赣江路9号,河北省,石家庄市,RESOLVED,—,第二轮已取得可采来源,http://www.ccgp.gov.cn/cggg/dfgg/zbgg/202607/t20260702_26855670.htm — 开发区校区能源费用托管中标公告，采购单位地址逐字为「石家庄市经济技术开发区赣江路9号」，无法定区; https://www.hbgdys.edu.cn/ — 官网首页页脚「地址：石家庄经济技术开发区赣江路9号 宁安路43号」，无法定区; https://www.hbgdys.edu.cn/xxgk1/index.htm — 信息公开栏目，全页地址同上，无法定区; http://search.ccgp.gov.cn/bxsearch?searchtype=2&...kw=赣江路 — 全文检索 48 条，逐条摘要仅见「石家庄市经济技术开发区赣江路9号」，无一条写出法定区; http://search.ccgp.gov.cn/bxsearch?searchtype=2&...kw=轨道运输职业技术学院 — 标题检索 27 条，均为同一地址，无法定区; http://www.sjzjkq.gov.cn/ — 石家庄经开区管委会域名不存在（ENOTFOUND）,2026-09-13
PROFILE2858_2,4113014396,河北轨道运输职业技术学院,阿里山校区,石家庄市经济技术开发区阿里山大街18号,河北省,石家庄市,RESOLVED,—,第二轮已取得可采来源,https://www.hbgdys.cn/ → 页脚「地址：石家庄经济技术开发区赣江路9号 宁安路43号」，无阿里山校区; https://zsxx.hbgdys.cn/（招生信息网）→ 未见阿里山校区地址/法定区; toutiao 搜索「阿里山大街18号 藁城区」「石家庄经济技术开发区 阿里山大街 属于哪个区」→ 阿里山大街15号标藁城区、146号标裕华区，均为第三方地图/房产信息,2026-09-13
PROFILE1937_1,4141013789,河南交通职业技术学院,东校区,河南省郑州市郑东新区白沙职教园区通惠路259号,河南省,郑州市,HARD-BLOCKED,D 功能区/大学城无法定区佐证,独立裁决驳回：全页「中牟」仅 3 处，全部是文书标题/发文机关名「中牟县人民政府征收土地预公告」；正文零命中。通惠路虽出现 3 次，但每次接的都是白沙镇的村，与中牟县不同句不同段；门牌 259 与「职教」全页零命中。,http://search.ccgp.gov.cn/bxsearch?kw=河南交通职业技术学院&timeType=5 — 命中 37 条; http://www.ccgp.gov.cn/cggg/dfgg/zbgg/202609/t20260902_27252934.htm — 郑东新区白沙职教园区通惠路259号; http://www.ccgp.gov.cn/cggg/dfgg/gkzb/202608/t20260828_27221405.htm — 郑州市二七区航海中路165号（航海路校区，非本条）; https://xxgk.hncc.edu.cn/（信息公开网，经头条检索）— 地址：河南省郑州市白沙职教园区通惠路259号; https://www.hncc.edu.cn/（上一轮）— 仅功能区,2026-09-12
PROFILE462_1,4141010466,河南农业大学,龙子湖校区,河南省郑州市郑东新区平安大道218号,河南省,郑州市,HARD-BLOCKED,D 功能区/大学城无法定区佐证,学校官网在同一页脚对文化路校区写金水区、对龙子湖校区只写郑东新区，明确不作同区处理；无任何来源把「平安大道218号」与金水区同写。,http://search.ccgp.gov.cn/bxsearch?kw=河南农业大学&timeType=5 — 命中 21 条; http://www.ccgp.gov.cn/cggg/dfgg/gkzb/202608/t20260826_27205221.htm — 郑州市郑东新区平安大道218号; http://www.ccgp.gov.cn/cggg/dfgg/cjgg/202608/t20260826_27205114.htm — 郑州市郑东新区平安大道218号; https://www.henau.edu.cn/（上一轮）— 同页文化路校区写金水区、许昌校区写建安区，龙子湖校区只写郑东新区,2026-09-12
PROFILE1938_1,4141013790,河南农业职业学院,洛阳校区,河南省洛阳市启明西路2号,河南省,洛阳市,HARD-BLOCKED,E 无权威来源,分类 E_no_authority：无政府或校方官方文本把『启明西路2号』与法定区(瀍河回族区/老城区 等)并列，allowed_districts 内候选无法排他。,http://www.hnca.edu.cn/ 全站爬取 45 页（关键词 洛阳校区/启明西路）→ 仅 /px/xygk/xyzc/list_2070_1.html 章程含该地址，无区名; https://www.ly.gov.cn/search/?keyword=河南农业职业学院（及 河南农业职业学院洛阳）→ 页面为 JS 框架，改为直连 API; https://t.ly.gov.cn/search-api/open/api/external?keywords=启明西路2号&siteId=4103000021 → 命中结果均为道路整治新闻，无该校; https://t.ly.gov.cn/search-api/open/api/external?allKeyword=启明西路2号（精确短语）→ totalRow=0; http://www.chanhe.gov.cn/ss?keywords=启明西路2号（及 q/searchWord/key/keyword 四种参数）→ 返回 JS 搜索壳，无内联结果; WebSearch 本会话额度已耗尽（200/200）；cn.bing.com / www.sogou.com → 反爬或返回无关诱饵结果,2026-09-12
PROFILE1929_0,4141012781,河南司法警官职业学院,办学地点（档案未命名）,河南省郑州市郑龙新区龙子湖高校园区,河南省,郑州市,HARD-BLOCKED,C 地址冲突,所有第一手来源（校方官网、校方招生网、中国政府采购网采购公告）都只写功能区「郑东新区」；记录 address 无路名门牌而 campus 字段为占位符，无法套用校区名挂钩例外，故无法定区。,http://search.ccgp.gov.cn/bxsearch?kw=河南司法警官职业学院&timeType=5 — 命中 22 条; http://www.ccgp.gov.cn/cggg/dfgg/gkzb/202608/t20260831_27236994.htm — 采购单位地址=郑州市郑东新区金水东路166号; http://www.ccgp.gov.cn/cggg/dfgg/gkzb/202608/t20260824_27192240.htm — 同上; https://www.hnsfjy.edu.cn/（上一轮）— 页脚仅“郑东新区金水东路166号”,2026-09-12
PROFILE1518_0,4141011765,河南城建学院,主校区,河南省平顶山市新城区龙翔大道,河南省,平顶山市,HARD-BLOCKED,B 来源抓取失败,官方（河南省教育厅）与政府（河南省政府采购网）来源都以功能区限定该址，从未出现「新华区/湛河区+龙翔大道」。河南省教育厅2026年招生章程原文：「学校位于河南省平顶山市新城区龙翔大道，邮编467036」。新城区、城乡一体化示范区均非法定县级区划。,http://www.ccgp.gov.cn/cggg/dfgg/cjgg/202609/t20260910_27305372.htm → 采购人地址“河南省平顶山市新城区龙翔大道”; https://zs.huuc.edu.cn/ → 页脚“地址：河南省平顶山市新城区龙翔大道”; https://www.sogou.com/web?query=河南城建学院 龙翔大道 新华区 成交公告 → 返回摘要称 jyt.henan.gov.cn/ccgp-henan.gov.cn/hnsggzyjy.henan.gov.cn 页面把地址写作“新华区龙翔大道”，但 URL 被截断，重试均 302 antispider; https://so.toutiao.com/search?keyword=新华区龙翔大道 河南城建学院 → 仅 huuc.edu.cn 系列页面，摘要不含该词组; http://search.ccgp.gov.cn/bxsearch?searchtype=1&page_index=1&kw=河南城建学院 → 仅 1 条（7 天窗口），无更早记录；加 timeType 参数返回 500,2026-09-12
PROFILE466_1,4141010463,河南工业大学,莲花街校区,河南省郑州市国家高新技术开发区莲花街100号,河南省,郑州市,HARD-BLOCKED,D 功能区/大学城无法定区佐证,学校官网与政府采购网对「莲花街100号」一概只写高新区；学校用「中原区」的那条属嵩山南路140号（另一校区）。高新区管委会官网概况页也不出现「中原区」。,http://search.ccgp.gov.cn/bxsearch?kw=河南工业大学&timeType=5 — 命中 40 条，读取 24 条; http://www.ccgp.gov.cn/cggg/dfgg/gkzb/202608/t20260806_27084890.htm — 郑州市高新区莲花街100号; http://www.ccgp.gov.cn/cggg/dfgg/zbgg/202609/t20260909_27296973.htm — 郑州市高新技术开发区莲花街100号; https://xkjs.haut.edu.cn/（经头条检索）— “中国.郑州.中原区嵩山南路140号”系嵩山路校区，非本条,2026-09-12
PROFILE1547_0,4141012794,河南工业职业技术大学,孔明路校区,河南省南阳市杜诗路1666号,河南省,南阳市,RESOLVED,—,第二轮已取得可采来源,https://www.hnpi.edu.cn/ — 首页「孔明校区：南阳市杜诗路1666号」，无区名; https://www.hnpi.edu.cn/193/list.htm — 学校简介仅「坐落在…南阳」，无区名; https://www.hnpi.edu.cn/zsxx/ — 招生信息网「通讯地址：河南省南阳市杜诗路1666号」，无区名; http://jyt.henan.gov.cn/2022/06-13/2466302.html — 河南省教育厅刊载招生章程，「办学地点：河南省南阳市杜诗路1666号（孔明路校区）」，无区名; https://jyt.henan.gov.cn/2024/08-19/3052103.html — 教育厅校情页「办公地址：河南省南阳市杜诗路1666号」，无区名; https://so.toutiao.com/search?keyword=河南工业职业技术学院 孔明校区 杜诗路1666号 宛城区 — 无区名; https://so.toutiao.com/search?keyword=河南工业职业技术学院 宛城区 — 未出现「校名+宛城区」的组合条目,2026-09-13
PROFILE833_2,4141010476,河南师范大学,科技创新港校区,新乡市平原示范区黄河大道河南师范大学科技创新港,河南省,新乡市,HARD-BLOCKED,D 功能区/大学城无法定区佐证,无任何来源把「黄河大道」与该校区同法定区同写；「平原示范区」为跨原阳县/延津县的功能区，无单一法定区可落。,https://www.htu.edu.cn/ → 页脚仅“地址：河南省新乡市建设东路46号 邮编：453007”，无区名; http://www.htu.edu.cn/2026/0905/c8954a403058/page.htm → 仅提“建设路校区、科技创新港校区和平原湖校区”，无地址无区名; http://www.htu.edu.cn/2026/0907/c8954a403273/page.htm → 科技创新港校区开学典礼，无地址无区名; https://so.toutiao.com/search?keyword=河南师范大学 科技创新港 平原示范区 原阳县 → 返回人民日报等无关结果; https://www.sogou.com/web?query=河南师范大学 科技创新港 平原示范区 原阳县 → 302 antispider,2026-09-12
PROFILE3361_1,4141013889,河南林业职业学院,三川校区,河南省洛阳市洛常路168号,河南省,洛阳市,RESOLVED,—,第二轮已取得可采来源,https://jyt.henan.gov.cn/2025/07-09/3178839.html — 教育厅招生章程，「三川校区：河南省洛阳市洛常路168号」，全文无区名（门牌匹配，采纳为校区对应证据）; https://www.hnfvc.edu.cn/ — 首页「联系地址：中国-河南省洛阳市中州东路2号」，无区名; https://www.hnfvc.edu.cn/xygk — 学校概况，无区名; https://www.hnfvc.edu.cn/xygk/xyzc — 学院章程栏为图片，无法取文本; https://www.hnfvc.edu.cn/xxgk — 信息公开首页，仅中州东路地址，无区名; https://so.toutiao.com/search?keyword=河南林业职业学院 三川校区 洛常路168号 — 命中教育厅章程与抖音百科，均无区名; https://so.toutiao.com/search?keyword=河南林业职业学院三川校区 — 仅百科介绍三川校区为洛阳经济学校并入，无区名; https://so.toutiao.com/search?keyword=洛常路168号 — 未返回结果,2026-09-13
PROFILE3067_1,4141012582,河南水利与环境职业学院,航空港校区,郑州航空港经济综合实验区双鹤湖片区梅河路与工业十一路交汇处,河南省,郑州市,HARD-BLOCKED,C 地址冲突,可读到的全部来源（校方招生网、校方主站、新区建设网、中国政府采购网）对航空港校区都只写功能区「郑州航空港经济综合实验区」；该功能区跨新郑市/中牟县/管城回族区，无法定区来源可落。,http://search.ccgp.gov.cn/bxsearch?kw=河南水利与环境职业学院&timeType=5 — 命中 16 条; http://www.ccgp.gov.cn/cggg/dfgg/cjgg/202608/t20260817_27148130.htm — 河南省郑州市金水区花园路136号（花园路校区，非本条）; https://so.toutiao.com/search?keyword=河南水利与环境职业学院 航空港校区 梅河路 — 仅百科/房产等第三方; https://zs.hwec.edu.cn/（上一轮）— 门牌“梅河路266号”与本条“梅河路与工业十一路交汇处”不符,2026-09-12
PROFILE3366_1,4141014636,河南物流职业学院,平原校区,河南省郑州市黄河大桥北中州大道与郑焦晋（原焦）高速交叉口西侧,河南省,郑州市,HARD-BLOCKED,D 功能区/大学城无法定区佐证,地址位于黄河以北（新乡市平原示范区），与记录 city=郑州市 矛盾，allowed_districts（全为郑州辖区）内无正确落点；学校官网对平原校区亦不写法定义。,https://www.hnwlxy.edu.cn/ — 「平原校区：郑州黄河大桥北中州大道与郑焦晋（原焦）高速交叉口西侧」，无区名; https://www.hnwlxy.edu.cn/xxgk1.htm — 学校概况，同址，无区名; https://www.hnwlxy.edu.cn/xxgk1/xxgk1.htm — 信息公开，同址，无区名; https://so.toutiao.com/search?keyword=河南物流职业学院新乡校区 — 各二级部门页均只列三校区街道地址，无区名; https://so.toutiao.com/search?keyword=新乡市科隆大道114号 — 同校页面摘要显示平原校区地址仍无区名,2026-09-12
PROFILE3366_2,4141014636,河南物流职业学院,新乡校区,新乡市科隆大道114号,河南省,新乡市,RESOLVED,—,第二轮已取得可采来源,https://www.hnwlxy.edu.cn/ — 三校区地址，「新乡校区：新乡市科隆大道114号」，无区名; https://www.hnwlxy.edu.cn/xxgk1.htm — 学校概况导航，同址，无区名; https://www.hnwlxy.edu.cn/xxgk1/xxgk1.htm — 信息公开，同址，无区名; https://www.hnwlxy.edu.cn/xxgk1/xxzc.htm — 学校章程栏目为空，无内容; http://www.hnwlxy.edu.cn/zsjyc/zsxx/zsjz.htm — 招生简章列表无地址内容; https://so.toutiao.com/search?keyword=科隆大道114号 — 未返回有效结果; https://so.toutiao.com/search?keyword=新乡市科隆大道114号 — 命中该校各二级部门页与第三方百科，均只写「新乡市科隆大道114号」，无区名; https://so.toutiao.com/search?keyword=河南物流职业学院 新乡 科隆大道114号 红旗区 — 无区名,2026-09-13
PROFILE463_0,4141010460,河南理工大学,南校区,河南省焦作市高新区世纪路2001号,河南省,焦作市,HARD-BLOCKED,B 来源抓取失败,焦作高新技术产业开发区（高新区）为功能区；河南省教育厅公开的中标公告原文为「地址：河南省焦作市世纪路2001号」，无法定区名。门牌号虽与记录一致，但来源不写区，无法据以确定法定区。,https://www.hpu.edu.cn/xxgk/xxjj.htm → “南校区：河南省焦作市世纪路2001号”“北校区：河南省焦作市解放中路142号”，无区名; http://www.ccgp.gov.cn/cggg/dfgg/gkzb/202609/t20260908_27288760.htm → 采购人地址“河南省焦作市世纪路2001号”; http://www.ccgp.gov.cn/cggg/dfgg/gzgg/202609/t20260911_27314926.htm → 采购人地址“焦作市世纪大道2001号”; http://gaj.jiaozuo.gov.cn/ → certificate has expired，无法读取（线索来自头条检索摘要“河南省焦作市山阳区世纪路1519号”）; https://so.toutiao.com/search?keyword=河南理工大学 南校区 世纪路2001号 → 结果页被截断，仅见焦作公安网为唯一含“山阳区+世纪路”的条目; https://zs.hpu.edu.cn/ → 302 跳转至 webvpn 登录页,2026-09-12
PROFILE1430_0,4141011788,河南警察学院,校本部,河南省郑州市郑东新区龙子湖东路1号,河南省,郑州市,HARD-BLOCKED,D 功能区/大学城无法定区佐证,本条 campus 实体落在功能区「郑东新区」内，官方全部写法只有「郑东新区龙子湖东路1号」；法定区名与本条门牌从未在任何官方/政务来源中同现。允许的 12 个法定区内没有任何一个能被证据支撑，按红线不能把「郑东新区」翻译成金水区。,http://search.ccgp.gov.cn/bxsearch?kw=河南警察学院&timeType=5 — 命中 22 条公告; http://www.ccgp.gov.cn/cggg/dfgg/zbgg/202609/t20260903_27260665.htm — 采购单位地址=河南省郑州市龙子湖东路1号，无法定区; http://www.ccgp.gov.cn/cggg/dfgg/zbgg/202609/t20260902_27252254.htm — 采购单位地址=郑州市龙子湖东路1号，无法定区; https://so.toutiao.com/search?keyword=郑州市中原区莲花街100号 等组合 — 仅第三方线索; https://www.hnp.edu.cn/info/1134/7601.htm（上一轮）— 金水区属俭学街校区，非本校区,2026-09-12
PROFILE1920_0,4141011652,河南财政金融学院,龙子湖校区,河南省郑州市郑东新区龙子湖北路22号,河南省,郑州市,HARD-BLOCKED,D 功能区/大学城无法定区佐证,该校区唯一区级信息是功能区「郑东新区」；没有官方来源把法定区（金水区/管城回族区/中牟县）与「龙子湖北路22号」同现。金水区这一写法只出现在商业地图 POI（city8），按红线不得据此落库。,http://search.ccgp.gov.cn/bxsearch?kw=河南财政金融学院&timeType=5 — 命中 11 条; http://www.ccgp.gov.cn/cggg/dfgg/cjgg/202608/t20260810_27103167.htm — 采购单位地址=郑州市郑东新区龙子湖北路22号; http://www.ccgp.gov.cn/cggg/dfgg/gzgg/202607/t20260729_27034797.htm — 同上; https://www.hafu.edu.cn/（上一轮）— 页脚仅功能区; https://so.toutiao.com/search?keyword=河南财政金融学院 龙子湖北路22号 金水区 — 无官方落地区名页,2026-09-12
PROFILE1912_0,4135012927,泉州华光职业学院,台商校区,福建省泉州市台商投资区洛阳大道489号,福建省,泉州市,HARD-BLOCKED,A 上一轮独立复核未通过,记录地址「福建省泉州市台商投资区洛阳大道489号」含路名洛阳大道+门牌489号（不得用 name 挂钩），功能性区名「台商投资区」不是法定区，须由官方/政府来源把法定区「惠安县」与洛阳大道489号写到一起。实际结果：泉州华光职业学院官网（hgu.cn）页脚逐字给出「福建省泉州市台商投资区洛阳大道489号」与「福建省泉州市惠安县紫山镇聚龙大道」，即官方来源对本校区只写功能性区「台商投资区」，而「惠安县」只挂在同校另一个校区（惠安校区/紫山镇聚龙大道）上——按「不得使用同校其他校区」的红线，不能据此推得本校区属惠安县。招生章程（第三方转载）亦只写「台商投资区洛阳大道489号」。找不到任何官方/政府,https://www.hgu.cn/ （页脚两地址：“福建省泉州市台商投资区洛阳大道489号”与“福建省泉州市惠安县紫山镇聚龙大道”，无区县桥梁）; https://www.hgu.cn/lanmu/4.html （概况页同样只见功能区“泉州市台商投资区”）; http://www.qzts.gov.cn/ （泉州台商投资区管委会官网：页脚“泉州台商投资区行政办公大楼”；财政公开栏目出现“惠安县洛阳镇人民政府/惠安县东园镇人民政府”）; http://www.qzts.gov.cn/zjtstzq/qztstzqgk/ （概况逐字“辖洛阳镇、东园镇、张坂镇、百崎回族乡四个乡镇，共78个行政村。”）; https://www.huian.gov.cn/zjha/ （惠安县政府建置沿革：洛阳镇等4乡镇行政事务委托台商投资区管委会管理，惠安县实际管辖12个镇 → 桥梁成立）; 今日头条 https://so.toutiao.com/search?keyword=台商投资区 洛阳镇 惠安县 （得 ggzyjy.quanzhou.gov.cn“惠安县科学技术局 洛阳镇 陈坝村…”及 qzts.gov.cn 结果，佐证洛阳镇属惠安县口径）,2026-09-12
PROFILE550_0,4137010453,泰山学院,北校区,山东省泰安市东岳大街525号,山东省,泰安市,HARD-BLOCKED,E 无权威来源,校方（官网、党委宣传部、人事处、基建处、2026 招生章程）在写该门牌时一律只到市级「泰安市东岳大街525号」，不存在任何法定区名字样；唯一含区的表述来自自媒体，不可采信。,"https://xcb.tsu.edu.cn/ → 页脚“地址：泰安市东岳大街525号 Email：webmaster@tsu.edu.cn”，无区名; https://www.tsu.edu.cn/、/main.psp、/index.psp → 无地址区名; https://rsc.tsu.edu.cn/、http://jjc.tsu.edu.cn/ → 无人事/基建公告给出该门牌的区名; https://www.tsu.edu.cn/xxgk/xxzc.htm → 空页(23字节); so.toutiao.com 检索「泰山区东岳大街525号」「泰山学院 北校区 南校区 泰山区 岱岳区」「""泰山学院"" ""泰山区""」→ 无可挂钩的官方区名页",2026-09-12
PROFILE550_1,4137010453,泰山学院,南校区,山东省泰安市高新技术开发区凤天路789号,山东省,泰安市,RESOLVED,—,第二轮已取得可采来源,https://zhaosheng.tsu.edu.cn/2026/0511/c1258a136193/page.htm → 2026招生章程，仅“学校地址：泰安市东岳大街525号”; https://zhaosheng.tsu.edu.cn/2026/0729/c1254a138959/page.htm 与 .../c1254a138960/page.htm → 天平湖/凤凰湖校区页，正文由JS加载，无地址; https://jjc.tsu.edu.cn/2237/list.htm → 南校区基建动态列表（渲染后取链接）; https://jjc.tsu.edu.cn/2025/0324/c2237a115531/page.htm → 南校区2号综合楼立项批复，无地址/无区名; 第三方头条帖“国泰民安”招标计划“岱岳区凤天路789号”仅作线索，未找到官方原文,2026-09-12
PROFILE1769_0,4133012036,浙江交通职业技术学院,杭州校区,浙江省杭州市古墩路1516号,浙江省,杭州市,RESOLVED,—,第二轮已取得可采来源,https://www.zjvtit.edu.cn/ → HTTP 200，页脚「地址：浙江省杭州市古墩路1516号」，无区名; http://xxgk.zjvtit.edu.cn/ → HTTP 200，页脚及纪委地址均为「杭州市古墩路1516号」，无区名; https://www.zjvtit.edu.cn/index/jjgk.htm → HTTP 200，仅门牌，另出现「杭州市莫干山路1515号」亦无区名; http://zs.zjvtit.edu.cn/ 及 /a/2025412/1065.shtml 等招生章程页 → 「办学地点：杭州校区（江省杭州市古墩路1516号）」，无区名,2026-09-13
PROFILE1774_1,4133012791,浙江工贸职业技术学院,瓯江口校区,浙江省温州市瓯江口产业集聚区雁云路301号,浙江省,温州市,HARD-BLOCKED,D 功能区/大学城无法定区佐证,独立裁决驳回：全页「洞头区」4 处全部是机构名或网站名（卫健局名、受理科室名、署名、SiteName）；本条地址「瓯江口产业集聚区灵昆街道雁云路301号」本身不含区，d 从未与雁云路同现。,https://www.zjitc.net/xxgk/xxjj.htm — 学校简介：瓯江口校区：温州市瓯江口产业集聚区雁云路301号; https://www.zjitc.net/xxgk/xxzc.htm — 学校章程：法定住所为浙江省温州市瓯江口产业集聚区雁云路301号; http://zs.zjitc.net/info/1018/4276.htm — 提前招生章程：瓯江口校区：温州市海经区昆鹏街道雁云路301号; https://www.zjitc.net/info/1018/65828.htm — 招标公告：采购人地址 温州市瓯江口产业集聚区雁云路301号; https://www.zjitc.net/xxfb/xxgk/xxjbqk.htm 、/xxfb/zbgg.htm — 基本情况与3664条招标公告列表：均无洞头区; http://ojk.wenzhou.gov.cn/ — 温州海经区官网：全文无「洞头区」; http://www.dongtou.gov.cn/ 与 /col/col1229473403/index.html — 洞头区乡镇街道名单无昆鹏街道、灵昆街道; https://gaokao.chsi.com.cn/zsgs/zhangcheng/... — HTTP 412 反爬,2026-09-12
PROFILE1786_0,4133013688,浙江邮电职业技术学院,绍兴校区,浙江省绍兴市滨海新城开元东路88号,浙江省,绍兴市,RESOLVED,—,第二轮已取得可采来源,https://www.zptc.cn/ — HTTP 412 Precondition Failed; https://www.zptc.edu.cn/ — HTTP 412 Precondition Failed; https://zs.zptc.cn/ — HTTP 412 Precondition Failed; https://www.zptc.cn/index.htm — HTTP 412 Precondition Failed; https://r.jina.ai/https://www.zptc.cn/ — connect ECONNREFUSED; https://api.allorigins.win/raw|get?url=... — HTTP 500 / 522 / 408; https://corsproxy.io/ 、https://proxy.corsfix.com/ 、https://api.cors.lol/ — HTTP 403 / 400 / 429; https://jyt.zj.gov.cn/ — 高校名单仅给 https://www.zptc.edu.cn 链接，无地址; http://jyj.sx.gov.cn/ — 无在绍高校名录与地址,2026-09-13
PROFILE504_4,4146010589,海南大学,崖州湾科教园校区,三亚市崖州湾科技城规划一路,海南省,三亚市,HARD-BLOCKED,A 上一轮独立复核未通过,记录地址「三亚市崖州湾科技城规划一路」含路名规划一路（不得用 name 挂钩），须有来源把法定区「崖州区」与「规划一路」写到一起（同一引文/表格）。实际结果：海南大学崖州校区官网（yz.hainanu.edu.cn）页脚给出「海南大学崖州校区管理委员会 地址：海南省三亚市崖州区」——含 d=崖州区但完全没有「规划一路」，且记录地址本身有路名，name 挂钩不适用；找不到任何官方/政府来源把「崖州区」与「规划一路」绑定，也找不到「崖州湾科技城规划一路」这一路的政府/官方出处。,https://yz.hainanu.edu.cn/ → 成功；站名「海南大学崖州校区管理委员会」，页脚「地址：海南省三亚市崖州区」，要闻含「骆清铭在崖州湾科教园宣讲《教育强国建设规划纲要（2024—2035年）》精神」; WebSearch → 额度已用尽,2026-09-12
PROFILE152_0,4132011049,淮安大学,枚乘路校区,江苏省淮安市枚乘东路1号,江苏省,淮安市,RESOLVED,—,第二轮已取得可采来源,https://www.hau.edu.cn/ → 枚乘路校区「经济技术开发区枚乘东路1号」；北京路校区「清江浦区北京北路89号」；萧湖校区「淮安区城河街1号」（多校区）; http://www.ccgp.gov.cn/cggg/dfgg/cjgg/202606/t20260616_26758505.htm → 「江苏省淮安市清江浦区枚乘东路3号」（同路官方桥梁，另一主体，lead only）; https://search.ccgp.gov.cn/bxsearch?searchtype=2&page_index=1&kw=枚乘东路&timeType=5 → 命中上述清江浦区地址; https://m.sogou.com/web/searchList.jsp?keyword=淮安大学 枚乘东路1号 清江浦区 → CAPTCHA 反爬页,2026-09-12
PROFILE646_1,4144011113,深圳职业技术大学,深汕校区,广东省深圳市深汕合作区赤石镇大水口村,广东省,深圳市,HARD-BLOCKED,D 功能区/大学城无法定区佐证,深汕特别合作区的法定县级行政区是汕尾市海丰县（原海丰县四镇整建制划入合作区管理，行政区划未改），而本条 allowed_districts 只有深圳市 9 个区。海丰县不在闭集内，功能区名又不得翻译成深圳市某区，因此无解。,https://www.szss.gov.cn/ （深汕特别合作区管委会/深汕网）→ “走进深汕……下辖原汕尾市海丰县鹅埠、小漠、赤石、鲘门四镇”; 深圳职业技术大学官网深汕校区相关页面 → 只写“深汕校区”，无具体法定区表述; 头条检索“深圳职业技术大学 深汕校区 赤石镇 海丰县” → 命中均为深汕合作区管委会内容，海丰县为唯一法定归属线索,2026-09-12
PROFILE251_1,4133010343,温州医科大学,学院路校区,温州市学院西路82号,浙江省,温州市,RESOLVED,—,第二轮已取得可采来源,https://www.wmu.edu.cn/ → HTTP 200，主站地址为「温州茶山高教园区」，未涉及学院路校区; https://zhaosheng.wmu.edu.cn/info/3159/17412.htm → HTTP 200，原文「学院路校区：温州市 鹿城区 学院西路 268 号」，门牌与本条 82 号不符,2026-09-12
PROFILE1768_0,4133010864,温州职业技术大学,高教园区校区,浙江省温州市茶山高教园区（温州大学城）,浙江省,温州市,RESOLVED,—,第二轮已取得可采来源,https://www.wzvtc.cn/ — 页脚：中国·温州茶山高教园区（温州大学城）; https://www.wzvtc.cn/list/9.html — 学校简介：仅「高教园区校区」名称与茶山高教园区; https://zs.wzvtc.cn/ 、/xxjs/list.htm 、/39009/list.htm — 均仅「温州茶山高教园区」，无瓯海区; https://zs.wzvtc.cn/2023/0511/c38835a81651/page.htm — 2023普通高校招生章程：高教园区校区：温州茶山高教园区（温州大学城）；瓯海区仅见于独立的瓯海校区条目; https://zs.wzvtc.cn/2022/0531/c38835a81627/page.htm — 2022章程：高教园区校区同样无瓯海区; https://xxgk.wzvtc.cn/ — 信息公开：无校区地址; https://gaokao.chsi.com.cn/...（阳光高考 2026 章程）— HTTP 412 反爬,2026-09-12
PROFILE2248_0,4161013951,渭南职业技术学院,高新校区,陕西省渭南市高新区胜利大街西段科教园区,陕西省,渭南市,RESOLVED,—,第二轮已取得可采来源,http://www.wnzy.net/ (curl 200，页脚只得功能区地址); 渭南市政府事业单位/公开页 (「地址 渭南市高新区胜利大街西段科教园区」，仍为功能区); so-gov.cn 渭南站 6105000008 检索「渭南职业技术学院 临渭区」：无桥梁原文,2026-09-12
PROFILE1068_0,4142012983,湖北城市建设职业技术学院,办学地点（档案未命名）,湖北省武汉市东湖高新技术开发区藏龙大道28号,湖北省,武汉市,RESOLVED,—,第二轮已取得可采来源,https://www.hbucvc.edu.cn/ (校址：湖北省武汉市东湖高新技术开发区藏龙大道28号，无江夏区/洪山区); https://www.ccgp-hubei.gov.cn/notice/202410/notice_b709e735b3708872895de965302088ef.html (采购人地址同上，仍为功能区); http://www.ccgp-hubei.gov.cn/notice/202305/notice_87347c8087d44c3cb4c5a152400d75ab.html (同上); https://www.ccgp-hubei.gov.cn/notice/202304/notice_b9a6fdb7c2bf45d4bb25b7b81912e132.html (同上); https://so.toutiao.com/search?keyword=藏龙大道28号+建设地址+武汉 (仅得上述页面),2026-09-12
PROFILE1026_0,4142010920,湖北理工学院,办学地点（档案未命名）,湖北省黄石市桂林北路16号,湖北省,黄石市,RESOLVED,—,第二轮已取得可采来源,https://www.hbpu.edu.cn/ → HTTP 200，页脚「地址：湖北省黄石市桂林北路16号」，无区名; https://www.hbpu.edu.cn/xxgk/xxjj.htm → HTTP 200，仅页脚门牌; https://www.hbpu.edu.cn/cgxx/cggg.htm 及 info/1153/38364.htm、38377.htm、38407.htm、38244.htm → 采购人地址仅门牌；下陆区仅出现在代理公司地址; http://zsxx.hbpu.edu.cn/ → JS 渲染，正文仅 734 字节，无内容,2026-09-13
PROFILE1356_0,4142014099,湖北第二师范学院,办学地点（档案未命名）,湖北省武汉市东湖新技术开发区高新二路129号,湖北省,武汉市,RESOLVED,—,第二轮已取得可采来源,https://www.hue.edu.cn/ (页脚仅东湖新技术开发区高新二路129号); http://www.ccgp-hubei.gov.cn/notice/202304/notice_8371da45fb504945b67ca71b3a7a5874.html (同上); http://www.ccgp-hubei.gov.cn/notice/202305/notice_a056c223ff3a4bc7bed5220f2d1ad6c5.html (同上); http://www.ccgp-hubei.gov.cn/notice/202307/notice_c96a44192df440cda382f5fade99d318.html (同上); https://so.toutiao.com/search?keyword=湖北第二师范学院+江夏区+高新二路129号 (无官方来源),2026-09-13
PROFILE2464_1,4143012343,湖南生物机电职业技术学院,马坡岭校区,湖南省长沙市远大二路247号,湖南省,长沙市,RESOLVED,—,第二轮已取得可采来源,https://www.hnbemc.edu.cn/ 爬取约150页检索「芙蓉区」→ 仅体检医院、共建单位等无关语境; 同站检索「远大二路」→ 0 命中; https://www.hnbemc.edu.cn/channel/23/2026/0902/detail-71973.html 等 → 仅提「东湖、马坡岭两校区」，无门牌无区名; https://so.toutiao.com/search?keyword=远大二路247号 → 无结果,2026-09-12
PROFILE2046_1,4143014122,湖南电子科技职业学院,东校区,湖南省长沙市浏阳经济开发区金阳大道3050号,湖南省,长沙市,HARD-BLOCKED,D 功能区/大学城无法定区佐证,独立裁决驳回：5 处「浏阳市」分别在发布机关名、规划方案名、来源署名与落款；「金阳大道」5 次全部只作另一道路工程项目的端点参照。门牌 3050 全页零命中、「东校区」零命中、全页无「号」字。,http://www.dzkjxy.cn/ — 已打开；页脚『地址：湖南省长沙市望城区旺旺西路158号』（为北校区），全站未见东校区地址或法定区; 搜狗检索『湖南电子科技职业学院东校区金阳大道3050号』 — 湖南招生考试信息港/湖南省教育厅公示摘要：『东校区地址位于湖南省长沙市浏阳经济技术开发区金阳大道3050号』，无『浏阳市』; 搜狗检索『湖南电子科技职业学院浏阳校区位于浏阳市』 — 长沙市政府门户网站转载《浏阳市：湖南电子科技职业学院浏阳校区项目开工》及《【实施情况】医教住行全面升级…》，称项目在浏阳经开区(高新区)、『促进浏阳市高等教育与职业教育的发展』（仅摘要，未打开原页）; searching.hunan.gov.cn(长沙市政府站群统一搜索) — 结果由 JS 渲染，无法取回条目; http://jyt.hunan.gov.cn/jyt/sjyt/xxgk/tzgg/index.html — 已打开；公示列表无该条历史公示链接; https://www.changsha.gov.cn/ — 已打开；仅能取到站内搜索入口，检索参数无效,2026-09-12
PROFILE1985_1,4143011532,湖南财政经济学院,雷锋校区,湖南省长沙市湘江新区雷锋街道黄桥大道,湖南省,长沙市,RESOLVED,—,第二轮已取得可采来源,https://www.hufe.edu.cn/ — 已打开；『主校区：湖南省长沙市湘江新区枫林二路139号』『雷锋校区：湖南省长沙市湘江新区雷锋街道黄桥大道』（无区）; https://www.hufe.edu.cn/xygk/xqjs.htm — HTTP 返回 404/空内容; 搜狗检索『湖南财政经济学院雷锋校区黄桥大道望城区』 — 官网招生章程(zs.hufe.edu.cn 2024/2025)与雷锋学院简介均只到『湘江新区(长沙高新区)雷锋街道』层级; 搜狗检索『湖南财政经济学院雷锋校区望城区雷锋街道』 — 学校官网2022级新生报到注意事项(仅摘要)出现『望城区谷苑路…接送新生至雷锋校区』；第三方知乎/大学生必备网/腾讯地图称望城区; WebFetch Big/Google/Baidu — 限流/验证码,2026-09-12
PROFILE2518_1,4137013379,潍坊理工学院,中心校区,山东省潍坊市经济开发区民主街7777号,山东省,潍坊市,RESOLVED,—,第二轮已取得可采来源,http://www.wfit.edu.cn/html/cn/about/xuexiaojianjie → 页脚“中心校区：山东省潍坊市经济开发区民主街7777号”，功能区; http://zsb.wfit.edu.cn/html/zszc/2026/0626/17737.html → 2026招生章程“中心校区（潍坊）：山东省潍坊市经济开发区民主街7777号”，功能区; 第三方（掌上高考“山东省潍坊市寒亭区民主街7777号”、启信宝“经济开发区张氏街道民主街7777号”）仅作线索,2026-09-12
PROFILE2103_0,4137012391,潍坊职业学院,滨海校区,山东省潍坊市滨海经济技术开发区央子街道汉江东一街02999号,山东省,潍坊市,HARD-BLOCKED,D 功能区/大学城无法定区佐证,『滨海经济技术开发区』是功能区（其管委会为市政府派出机构），不得翻译为法定区。潍坊市站群统一搜索可全量检索全部市级与区县站点，政府来源一律写『滨海区/滨海经济技术开发区央子街道』，从未出现『寒亭区央子街道』；潍坊市社会救助月报把『寒亭区』与『滨海经济开发区』列为两个并列县市区，进一步说明二者在政府口径中并非同一法定区。唯一把该片区写作法定区的原文是『潍坊市寒亭区(滨海)汉江东一街03699号』，属山东化工职业学院另一校区，学校不同、门牌不同（03699≠02999），按规则不得移用。,https://www.sdwfvc.com/xygk/xyjj.htm → “滨海校区：山东省潍坊市滨海经济技术开发区央子街道汉江东一街02999号”（功能区）; https://zs.sdwfvc.com/ → 招生信息网，未取得含法定区的地址原文; https://www.sdhg.edu.cn 山东化工职业学院招聘公告（转载）→ “潍坊市寒亭区(滨海)汉江东一街03699号”，他校证据，仅作线索; 第三方（好位置网/360地图）写“潍坊市寒亭区潍坊职业学院(滨海校区)”仅作线索,2026-09-12
PROFILE1172_0,4141011787,濮阳职业技术学院,办学地点（档案未命名）,河南省濮阳市经济技术开发区黄河西路249号,河南省,濮阳市,HARD-BLOCKED,D 功能区/大学城无法定区佐证,『经济技术开发区』是功能区。濮阳市政府站内搜索对『黄河西路249号』返回0条、对『华龙区』相关内容返回0条；可检索到的唯一政府表述是『归属经开区管辖』（功能区），校官网简介亦只写『河南省濮阳市黄河西路249号』无区名。全流程未出现『华龙区』与该地址或该校同句的官方原文。,http://www.pyvtc.cn/xxgk/xyjj.htm → “地址：河南省濮阳市黄河西路249号”，无区名; https://so.toutiao.com/search?keyword=濮阳职业技术学院 黄河西路249号 → 仅 pyvtc.edu.cn 系列页面，全页无“华龙区”; https://www.sogou.com/web?query=濮阳职业技术学院 黄河西路249号 华龙区 → 结果中“华龙区”仅见于腾讯地图 POI“河南省濮阳市华龙区黄河西路249号”（第三方，仅线索）,2026-09-12
PROFILE554_2,4137011066,烟台大学,八角湾校区,山东省烟台市黄渤海新区八角湾滨海地带,山东省,烟台市,HARD-BLOCKED,D 功能区/大学城无法定区佐证,『黄渤海新区』是功能区，且跨福山区与蓬莱区，本体归属本身有歧义，不得直接翻译为法定区。校官网仅写功能区『黄渤海新区四平路1号』（且与记录地址『八角湾滨海地带』形式不一致，无法按门牌挂钩）；记录地址无路名无门牌，理论上可用『校区名挂钩』例外，但始终未找到任何把『八角湾校区』与『福山区/蓬莱区』写入同一句的官方或政府原文。烟台市政府门户及各区市站点对外均无可用站内搜索接口（/els-service 与 /jiansuo/js/url.js 全部软404；福山区搜索表单 action 指向内网 IP 183.201.254.101，实为山西浮山县站点，不可用）；山东省政府统一搜索仅索引省级站点。,https://www.ytu.edu.cn/xxgk/xxjj.htm — WebFetch 成功：八角湾校区写作「山东省烟台市黄渤海新区四平路1号」，无福山区; https://www.ytu.edu.cn/ — WebFetch 成功：仅有主校区/南校区/科教园区三地址链接，无八角湾校区专页; https://zcc.ytu.edu.cn/zfcgzx/zbgg.htm — WebFetch 成功：1137条招标公告列表，页面内无「福山区/黄渤海新区/四平路/八角湾」; https://so.toutiao.com/search?keyword=烟台大学 八角湾校区 属于哪个区 福山 — 只返回第三方(抖音百科「八角街道属福山区（烟台开发区）」、city8地图、水母网)，无官方原文; https://so.toutiao.com/search?keyword=烟台黄渤海新区 福山区 八角湾 烟台大学科教园区 — 仅烟台开发区管委会(yteda)门户及会展中心页面，未见法定区与门牌同句; https://www.bing.com/search?... — Bing 对中文查询返回无关结果，不可用,2026-09-12
PROFILE2506_0,4137013355,烟台工程职业技术学院,办学地点（档案未命名）,山东省烟台市经济技术开发区珠江路92号,山东省,烟台市,HARD-BLOCKED,D 功能区/大学城无法定区佐证,门牌「珠江路92号」已有官方原文，但官方原文（校方章程、省自考助学名单、省普通话站点汇总）一律只写功能区「烟台经济技术开发区/开发区」，无任何法定区；法定区表述仅来自商业门户「烟台大学生网」，属红线禁止的单独定区来源，福山区/芝罘区之间无法用现有权威原文判定。,https://www.ytetc.edu.cn/content/about.html → “学校地址：烟台经济技术开发区珠江路92号”，功能区; https://zs.ytetc.edu.cn/news/show-751.html → 2026招生章程“学校地址：烟台经济技术开发区珠江路92号”，功能区; https://zs.ytetc.edu.cn/ → 招生信息网首页; 第三方（city8地图、掌上高考）写“福山区”仅作线索,2026-09-12
PROFILE1921_0,4141012950,焦作师范高等专科学校,山阳路校区,河南省焦作市山阳路998号,河南省,焦作市,HARD-BLOCKED,E 无权威来源,复核通过但未过机器门禁: 引文挂不到本条地址 '河南省焦作市山阳路998号'（该记录有路名/门牌，不允许用校区名挂钩）,https://www.jzsz.edu.cn/ → 页脚「地址：焦作市山阳路998号」，无区名; 深爬 www.jzsz.edu.cn 约150页检索「山阳区」→ 仅见供应商名称「焦作市山阳区诚诚科技商店」，非地址; https://www.jzsz.edu.cn/xxgk/list.htm → 学校简介仅「现有山阳路、丰收路、学苑路 3 个校区」，无区名; https://zfcg.henan.gov.cn/henan/search?q=山阳路998号 → 0 条（该站索引不含地址串）; https://so.toutiao.com/search?keyword=焦作市山阳区山阳路998号 → 仅第三方聚合与搜索建议，未给出官方原文,2026-09-12
PROFILE766_2,4123011046,牡丹江大学,穆棱校区,黑龙江省牡丹江市穆棱经济开发区,黑龙江省,牡丹江市,HARD-BLOCKED,A 上一轮独立复核未通过,记录地址「黑龙江省牡丹江市穆棱经济开发区」既无路名也无门牌（只有功能性区名「穆棱经济开发区」），故 name 挂钩适用：引文须在同一句内同时含本校区名（记录 campus=穆棱校区，允许「X校区≈X主校区」同义）与法定区名「穆棱市」。实际结果：穆棱市人民政府与牡丹江大学所有可查页面都无法在同一句中同时给出「穆棱校区」与「穆棱市」——穆棱市政府新闻用词是「牡丹江大学穆棱边境学院」「市经济开发区教育中心」「我市」，均非「穆棱校区」，且「穆棱市」只出现在来源署名/融媒体中心等非同一句位置；学校简介（new.mdjdx.cn）在同一句中列出「……海林校区、穆棱校区七部分组成」，而「与穆棱市共建职教集团,http://www.muling.gov.cn/mdjmlsrmzf/c103148/zjyq.shtml — 打开成功，取得含「穆棱市」与「穆棱经济开发区」的桥梁原文; http://www.muling.gov.cn/ — 打开成功，为穆棱市人民政府官网，页脚「主办：穆棱市人民政府办公室 网站标识码：2310850001」; http://www.mdjdx.cn/ — 打开成功，牡丹江大学官网仅列本部「牡丹江市西地明街530号」，新闻见「牡丹江大学穆棱边境学院」「我校赴穆棱市开展县域产教联合体建设专项调研」，未列穆棱校区门牌; https://so.toutiao.com/search?keyword=牡丹江大学 穆棱 校区 边境学院 地址 穆棱市 — 仅第三方百科（穆棱分校位于穆棱市城南北路以北），仅作线索,2026-09-12
PROFILE539_1,4145010606,玉林师范学院,东校区,广西壮族自治区玉林市教育东路东1303号,广西壮族自治区,玉林市,HARD-BLOCKED,B 来源抓取失败,官方（ylu.edu.cn 页脚与《章程》「法定住所」）与政府（广西政府门户 IRS 全站检索）来源均未把门牌「1303号」与「玉州区」等同句写出。官网原文：「东校区(广西玉林市教育东路 东 1303号 邮编:537000)」。有门牌号但来源不写区，无法确定法定区。,https://www.ylu.edu.cn/ — 官网东校区地址「教育东路东1303号」，无区名; 玉林市政府门户站内检索（gx-gbk-search SPA，https 返回 000）— 不可达; https://gaokao.chsi.com.cn/sch/search.do — HTTP 412 反爬; 头条搜索 — 仅第三方线索,2026-09-12
PROFILE539_0,4145010606,玉林师范学院,西校区,广西壮族自治区玉林市教育中路299号,广西壮族自治区,玉林市,HARD-BLOCKED,B 来源抓取失败,官方与政府来源都只写「玉林市教育中路299号」，无「玉州区」字样。门牌号与记录一致但来源不写区，不能据此确定法定区。,https://www.ylu.edu.cn/ — 官网地址「教育中路299号」等，无区名; 玉林市政府门户站内检索（gx-gbk-search SPA，https 返回 000）— 不可达; https://gaokao.chsi.com.cn/sch/search.do — HTTP 412 反爬; https://search.ccgp.gov.cn/bxsearch — 「您的访问过于频繁」，限流不可用; 头条搜索 — 仅第三方线索,2026-09-12
PROFILE3595_0,4151014767,甘孜职业学院,校本部,甘孜州海螺沟景区南磨大道1号,四川省,甘孜藏族自治州,RESOLVED,—,第二轮已取得可采来源,https://www.sceea.cn/GZDZ/Html/147670.html → 首次抓取正文为空，二次抓取成功，正文含「泸定县燕子沟镇南磨大道 1号」（采用）,2026-09-12
PROFILE498_2,4162010735,甘肃中医药大学,和平校区,甘肃省兰州市和平开发区中医大道1号,甘肃省,兰州市,HARD-BLOCKED,C 地址冲突,校方同一条页脚要么给「榆中县」但路名写「岐黄路」，要么路名写「中医大道」但只有功能区「和平开发区」；两条均来自校方，却分别缺区/缺路名，无法在「地址级一致 + 法定区」两个条件下同时成立。,https://www.gszy.edu.cn/ → 页脚同时给出「五里铺校区：甘肃省兰州市城关区定西东路35号」与「和平校区：甘肃省兰州市榆中县和平镇岐黄路1号」; https://www.gszy.edu.cn/reception/school/list/1.htm → 同上；页面明确无「中医大道」字样; https://www.gszy.edu.cn/xygk.htm → 仅返回标题「中医药大学门户首页」，无正文; https://www.gszy.edu.cn/reception/school → 404; https://www.gszy.edu.cn/reception/notice/list/index → 列表为动态加载，抓不到条目; https://zs.gszy.edu.cn/ 、 https://yjs.gszy.edu.cn/ → DNS 解析失败; http://xxgk.gszy.edu.cn/ 、 http://rsc.gszy.edu.cn/html/cid/32.html 、 https://jwc.gszy.edu.cn/html/cid/100.html 、 https://zsb.gszy.edu.cn/ → 全部 HTTP 412 Precondition Failed; WebSearch → 额度已用尽,2026-09-12
PROFILE1719_0,4162013519,甘肃交通职业技术学院,校本部,甘肃省兰州市兰州新区贺兰山大道北段615号,甘肃省,兰州市,HARD-BLOCKED,D 功能区/大学城无法定区佐证,门牌「贺兰山大道北段615号」有校方与第三方多份原文，但全部只写「兰州新区/兰州新区职教园区」，法定县区从未出现；「皋兰县拥有西岔镇」与「兰州新区西岔园区」属间接推断，非原文桥梁，未达门槛。,http://www.gsjtxy.edu.cn/main/ 与 https://www.gsjtxy.edu.cn/main/content/2/t2026831-2-32226.html （校方官网：地址只写「兰州新区贺兰山大道北段615号」；开学典礼稿出现皋兰县人民武装部）; http://www.gsvemc.com/zjyq.htm （职教园区服务保障中心：甘肃交通职业技术学院列入职教园区自建院校）; http://www.lzxq.gov.cn/system/2024/08/08/031044586.shtml （皋兰县西岔、水阜6镇）; http://www.lanzhou.gov.cn/art/2018/4/4/art_122_465031.html （皋兰县——西岔镇文曲社区）; https://www.lanzhou.gov.cn/jrobot/search.do?q=甘肃交通职业技术学院 / 贺兰山大道 （无门牌+县名同句）; https://m.sogou.com/web/searchList.jsp?... ；https://www.bing.com/search... （验证码 / 区域错配）,2026-09-12
PROFILE3154_0,4162014517,甘肃卫生职业学院,新区校区,甘肃省兰州市新区职教园区九龙江街1666号,甘肃省,兰州市,RESOLVED,—,第二轮已取得可采来源,http://www.ccgp.gov.cn/cggg/dfgg/gzgg/202609/t20260907_27280206.htm （复核：采购人地址只写「甘肃省兰州新区职教园区九龙江街1666号」，无县名）; http://www.lzxq.gov.cn/system/2024/08/08/031044586.shtml （兰州新区官网：皋兰县西岔、水阜6镇）; http://www.lanzhou.gov.cn/art/2018/4/4/art_122_465031.html （兰州市政府网：皋兰县——西岔镇文曲社区）; http://www.lanzhou.gov.cn/art/2018/5/10/art_122_473442.html （西岔镇、职教园区相邻站）; https://www.gsvemc.com/zjyq.htm （职教园区「省统建三校一区」含甘肃卫生职业学院；无县区）; https://www.lanzhou.gov.cn/jrobot/search.do?q=九龙江街 / 甘肃卫生职业学院 / 职教园区 皋兰县 （均无门牌+县名同句）; https://m.sogou.com/web/searchList.jsp?... ；https://www.bing.com/search... （验证码 / 区域错配）,2026-09-12
PROFILE3292_0,4262051378,甘肃财贸职业学院,兰州新区职教园校区,甘肃省兰州市兰州新区职教园区海河街766号,甘肃省,兰州市,RESOLVED,—,第二轮已取得可采来源,https://www.gscmxy.edu.cn/ （官网地址原文「甘肃省兰州市兰州新区职教园区海河街766号」，无县名；邮编730207）; https://www.gscmxy.edu.cn/info/1010/4182.htm （宿舍粉刷项目环评公示：正文为图片，无法取文本）; http://www.lzxq.gov.cn/system/2024/08/08/031044586.shtml （兰州新区官网：皋兰县西岔、水阜6镇）; http://www.lanzhou.gov.cn/art/2018/4/4/art_122_465031.html （兰州市政府网：皋兰县——西岔镇文曲社区）; https://www.gsvemc.com/zjyq.htm （职教园区「省统建三校一区」含甘肃财贸职业学院；无县区）; https://www.lanzhou.gov.cn/jrobot/search.do?q=甘肃财贸职业学院 / 海河街 / 职教园区 皋兰县 （无门牌+县名同句）; https://m.sogou.com/web/searchList.jsp?... ；https://www.bing.com/search... （验证码 / 区域错配）,2026-09-13
PROFILE1131_0,4151013665,电子科技大学成都学院,成都校区,四川省成都市高新西区百叶路1号,四川省,成都市,HARD-BLOCKED,D 功能区/大学城无法定区佐证,「郫都区」与门牌「百叶路1号」同句的文本仅见于商业考试培训机构与本地商业招聘号；政府侧 pu 郫都区政府网 302 后未取到含驻区高校门牌的原文，成都高新区管委会站点 HTTP 412 不可读，阳光高考（chsi）HTTP 412 反爬，故无政府/校方原文可用。,https://www.cduestc.cn/ (curl) — 打开成功，原文「点此进入成都校区 四川省成都市高新西区百叶路1号」，全站无「郫都区」; https://www.cduestc.cn/cduestc/init_1040100/list-introduction (上一轮 URL) — 本轮未能取到含法定区的地址; Toutiao 关键词「电子科技大学成都学院 百叶路1号」「电子科技大学成都学院 百叶路1号 郫都区」 — 官方页无郫都区；郫都区表述全部来自城市吧/高三网等第三方; https://gaokao.chsi.com.cn/ (curl) — HTTP 412 反爬，阳光高考院校库不可读,2026-09-12
PROFILE410_0,4122010206,白城师范学院,经开校区,吉林省白城市吉林白城经济开发区保平街道阳光社区中兴西大路57号,吉林省,白城市,RESOLVED,—,第二轮已取得可采来源,https://www.bcnu.edu.cn/ 及 /xqzl/xxjj.htm、/whxy/xxbs.htm、https://xxgk.bcnu.edu.cn/：洮北=0; https://www.bcnu.edu.cn/xxgk/dxzc.htm（沿用前轮）：只写中兴西大路57号; http://www.taobei.gov.cn/ 与 http://www.jlbc.gov.cn/ 站内搜索(139.209.204.132:8080/was5/search)：返回空壳 TRSWAS5.1，无法检索; 头条搜索『白城市洮北区中兴西大路57号 白城师范学院』：命中吉林大学就业创业网/职教网，均未给出完整门牌,2026-09-12
PROFILE2415_1,4134014203,皖江工学院,郑蒲港校区,安徽省马鞍山市郑蒲港新区河海中路666号,安徽省,马鞍山市,HARD-BLOCKED,D 功能区/大学城无法定区佐证,门牌「河海中路666号」的原文一律写功能区「郑蒲港新区」；「和县」仅出现在商业号（和县人才网、掌上和州）与郑蒲港新区管委会官方号的宣传文中，且不同句、无门牌；和县政府网 DNS 解析失败、郑蒲港新区站点抓取为空，无法取得「和县+河海中路666号」的官方同句原文。,https://www.wjut.edu.cn/zhengpugangxiaoqu/ （校方郑蒲港校区页：仅“郑蒲港校区：安徽省马鞍山市郑蒲港新区河海中路666号”，无“和县”）; https://www.wjut.edu.cn/zhengpugangxiaoqu/xiaoqugaikuang/pageinfo593.html （校区介绍全文：无“和县”，无任何法定区）; https://www.mas.gov.cn/ （马鞍山市政府网首页：抓取成功但无“和县”相关命中）; https://www.hexian.gov.cn/ / http://zpg.mas.gov.cn/ （和县政府网、郑蒲港新区站点：抓取返回空，未能访问）; https://so.toutiao.com/search?keyword=皖江工学院郑蒲港校区 和县第十七届人大代表选举 （今日头条搜索：仅第三方联想词与聚合页，无权威原文含“和县”+校区）,2026-09-12
PROFILE2218_0,4132013752,盐城工业职业技术学院,办学地点（档案未命名）,江苏省盐城市解放南路285号,江苏省,盐城市,HARD-BLOCKED,D 功能区/大学城无法定区佐证,门牌「解放南路285号」有多份官方原文，但区级表述只有功能区「盐南新区」，无亭湖区/盐都区；盐南高新区由亭湖区/盐都区析置，法定归属在两者之间无法由现有权威原文判定；地图 POI 与招聘号指向盐都区属第三方线索，不得作依据。,http://www.ycpc.edu.cn/ → 页脚「地址：江苏省盐城市解放南路285号 邮编：224005」，无法定区; http://www.ccgp.gov.cn/cggg/dfgg/zbgg/202608/t20260828_27227048.htm → 采购人「盐城工业职业技术学院」，概要「盐城市解放南路265号」与正文「盐城市盐南新区解放南路285号」自相矛盾; http://www.ccgp.gov.cn/cggg/dfgg/zbgg/202608/t20260807_27093256.htm → 同写「盐城市盐南新区解放南路285号」（功能区）; https://www.jseea.cn/webfile/yxdt/2015-08-12/18317.html → 江苏省教育考试院「学校地址：盐城市解放南路285号」（仅市）; https://search.ccgp.gov.cn/bxsearch?searchtype=2&page_index=1&kw=盐南新区&timeType=5 → 6 条，地址均为盐南新区，无亭湖区/盐都区; https://search.ccgp.gov.cn/bxsearch?searchtype=2&page_index=1&kw=盐都区解放南路&timeType=5 → 遭限流（您的访问过于频繁）; https://m.sogou.com/web/searchList.jsp?keyword=盐城工业职业技术学院 盐都区 → CAPTCHA 反爬页,2026-09-12
PROFILE154_1,4132010305,盐城工学院,建军东路校区,江苏省盐城市建军东路211号,江苏省,盐城市,RESOLVED,—,第二轮已取得可采来源,https://www.ycit.edu.cn/index.htm 页脚 (建军东路校区：江苏省盐城市建军东路211号，无区); https://mse.ycit.edu.cn/ (地址：江苏省盐城市建军东路211号 盐城工学院建军东路校区知达楼，无区); https://zbxx.ycit.edu.cn/ 与 /info/1003/24241.htm 建军东路校区招标公告 (无区); 头条检索「亭湖区 建军东路211号」「盐城市亭湖区建军东路211号」无官方命中,2026-09-13
PROFILE1682_0,4121012063,盘锦职业技术学院,办学地点（档案未命名）,辽宁省盘锦市辽滨沿海经济技术开发区正邦路999号,辽宁省,盘锦市,HARD-BLOCKED,D 功能区/大学城无法定区佐证,[分类:功能区无法律归属证据] 记录地址「辽滨沿海经济技术开发区正邦路999号」（学校官网与市教育局名录均写作「辽东湾新区正邦路999号」）中的「辽滨沿海经济技术开发区/辽东湾新区」均为功能区，非法定县级行政区。盘锦市政府门户站内检索「正邦路」的全部命中（闲置土地处置公示、企业地址公告等）一律把行政区标注为「辽东湾新区」，盘锦市自然资源局更把「辽东湾新区闲置土地处置公示」与「大洼区闲置土地处置公示」并列分列，说明其公开口径不将该区域并入法定区；无任何政府来源把「正邦路999号」与 allowed_districts（大洼区等）并列，按红线禁止功能区→法定区推断，故不可解。,"https://zs.pjzy.net.cn/（已打开：辽宁省盘锦市辽东湾新区正邦路999号）; http://ldwxq.panjin.gov.cn/（辽东湾新区管委会，仅功能区名）; so.toutiao.com/search?keyword=""正邦路999号"" 盘锦职业技术学院（无含大洼区的官方页）",2026-09-12
PROFILE2309_0,4113014158,石家庄人民医学高等专科学校,南校区,石家庄市红旗大街汇丰路18号,河北省,石家庄市,HARD-BLOCKED,B 来源抓取失败,学校官网三个变体（www.sjzrmyz.com / sjzrmyz.com / 其它猜测域名）均 ECONNREFUSED(000)；gaokao.chsi.com.cn、www.chsi.com.cn 全部返回 HTTP 412 瑞数 JS 挑战；河北省教育考试院站内检索 (/hbksy/search/result) 未按 Query 过滤、恒返回通用列表；石家庄市教育局检索无结果。任何可获得来源都未写「桥西区+红旗大街/汇丰路」。,http://www.sjzrmyz.com/ 、https://www.sjzrmyz.com/ 、/xygk/ → 全部 000（拒绝连接）; 阳光高考院校库（gaokao.chsi.com.cn，经搜索摘要）：详细地址「河北省石家庄市红旗南大街汇丰西路18号」，无法定区; toutiao/sogou 搜索「…汇丰路18号 桥西区」→ 腾讯地图 POI「河北省石家庄市桥西区汇丰路18号」、大学生必备网「南校区(河北省石家庄市桥西区红旗南大街汇丰西路18号)」（均第三方）,2026-09-12
PROFILE3332_1,4113012783,石家庄城市经济职业学院,东校区,河北省石家庄市经济技术开发区（东区）鼎盛街3号,河北省,石家庄市,HARD-BLOCKED,C 地址冲突,记录路名「鼎盛街」无任何官方/政府来源，且校方自述地址为另一路名（渠北路88号）且不带法定区；功能区名不得换算为法定区。,https://www.sjzcsjjxy.com/ — 官网首页页脚：东校区「渠北路88号」、岗上校区「岗上镇文明路12号」，均无法定区; https://www.sjzcsjjxy.com/html/csxxgk/ — 信息公开页，地址同上; https://www.sjzcsjjxy.com/html/zsjyzszc/4555.html — 2026年高职单招简章，「东校区地址：河北省石家庄市经济技术开发区（东区）渠北路88号」; http://search.ccgp.gov.cn/bxsearch?searchtype=2&...kw=石家庄城市经济职业学院 — 中国政府采购网全文检索 0 条; http://search.ccgp.gov.cn/bxsearch?searchtype=2&...kw=鼎盛街 — 全文检索 0 条,2026-09-12
PROFILE628_1,4113010102,石家庄学院,北校区,河北省石家庄市高新技术产业开发区长江大道6号,河北省,石家庄市,HARD-BLOCKED,E 无权威来源,记录地址「长江大道6号」本身缺校方印证，且唯一带该路名的是功能区名「高新区（高新技术产业开发区）」；功能区→法定区的翻译被红线禁止，故无经得起核验的法定区。,https://www.sjzc.edu.cn/ — 官网首页页脚仅「高新技术开发区珠峰大街288号」，活动条目出现「南校区」「北校区」但无地址; https://www.sjzc.edu.cn/columns/bb227ffe-5d7a-41ba-8f4c-824653db4d22/index.html — 学校简介（数据截至2026年6月），只说南北两个校区，地址同上; https://www.sjzc.edu.cn/xsc/columns/b359204b-2050-42e2-a467-c6b6a12f408f/index.html — 招生栏目，页脚地址同上; https://www.sjzc.edu.cn/xsc/columns/c2d14103-.../202605/28/2d3e45e1-....html 与 2025 版章程页 — 正文未渲染，仅有页脚地址; http://gzc.sjzc.edu.cn/columns/db6ae6ad-.../index.html — 招投标栏目 80 条，全页无「北校区」「长江大道」; http://www.ccgp.gov.cn/cggg/dfgg/jzxcs/202608/t20260831_27238032.htm — 北校区化学实验楼门窗更新磋商公告，采购人地址仍为珠峰大街288号，无项目地点; http://search.ccgp.gov.cn/bxsearch?searchtype=2&...kw=长江大道 — 全文检索 260 条，河北相关只有「石家庄市高新技术开发区长江大道89号」（联通公司），与本校无关; http://search.ccgp.gov.cn/bxsearch?searchtype=2&...kw=石家庄学院 — 全文检索 18 条，含北校区项目，但地址均为珠峰大街288号,2026-09-12
PROFILE728_1,4113013403,石家庄科技信息职业学院,灵寿校区,石家庄灵寿经济开发区人民东路,河北省,石家庄市,RESOLVED,—,第二轮已取得可采来源,https://www.hebkx.cn/ — 官网首页页脚「石家庄市红旗大街南端汇学路2号（石家庄校区） 石家庄灵寿经济开发区工业路科纺大街（灵寿校区）」; https://www.hebkx.cn/index.php?c=category&id=58 — 「联系我们」，正文写「石家庄灵寿经济开发区人民东路（灵寿校区）」，与记录路名一致但无「灵寿县」; https://www.hebkx.cn/index.php?c=category&id=118 — 「公交路线」，只有「灵寿汽车站」「灵寿经济开发区」; https://www.hebkx.cn/jiuyezs — 招生栏目，地址以图片呈现无可读文字; https://www.hebkx.cn/index.php?c=show&id=559 — 电梯采购招标公告，正文无地址，仅页脚功能区地址; https://www.hebkx.cn/index.php?c=show&id=38 — 招生简章页 404; http://search.ccgp.gov.cn/bxsearch?searchtype=2&...kw=石家庄科技信息职业学院 — 全文检索 0 条; http://search.ccgp.gov.cn/bxsearch?searchtype=2&...kw=灵寿经济开发区 — 全文检索 0 条,2026-09-12
PROFILE2853_0,4113014047,石家庄经济职业学院,高职校区,河北省石家庄市北郊107国道与常山西路交叉口47号,河北省,石家庄市,RESOLVED,—,第二轮已取得可采来源,https://www.sjzjjxy.com/ → 页面仅标题，JS 渲染无地址; toutiao 搜索「石家庄经济职业学院 常山西路47号 属于哪个区」→ 仅城市吧地图 POI「常山西路47号石家庄经济(外事)学院」与联想词「桥西区」「灵寿区」，无权威来源; 正定县人民政府相关检索仅命中无关条目,2026-09-13
PROFILE1578_1,4113013593,石家庄铁道大学四方学院,西校区,河北省石家庄市中山路西北方大学园,河北省,石家庄市,HARD-BLOCKED,E 无权威来源,需要一条同时含「石家庄市某法定区」+「中山西路/中山路…北方大学园」的官方/政府文本。学校章程、简介、招生章程、采购公告、采购成交公告全部只写「中山路西北方大学园」不含区；一旦要用区，只能靠邮编(050228)、园区名(北方大学园)或地图POI，均属明令禁止的定区方式。,https://www.stdusfc.edu.cn/ — 官方首页，页脚仅「装院路甲一号 邮编051132」，无西校区、无区县; https://www.stdusfc.edu.cn/index.php/about-us-2/jj — 学院简介，只提两个校区无名称无地址; http://search.ccgp.gov.cn/bxsearch?searchtype=2&...kw=四方学院 — 中国政府采购网全文检索 0 条; http://search.ccgp.gov.cn/bxsearch?searchtype=2&...kw=北方大学园 — 全文检索 0 条; http://search.ccgp.gov.cn/bxsearch?searchtype=2&...kw=石家庄铁道大学四方学院 — 全文检索 0 条; Bing/Baidu/Sogou/360/DuckDuckGo/Yandex/searx — 全部被反爬拦截或返回与查询无关的缓存内容，无可用结果,2026-09-12
PROFILE1867_0,4135011502,福州职业技术大学,旗山校区,福建省福州市大学城联榕路8号,福建省,福州市,RESOLVED,—,第二轮已取得可采来源,https://www.fvti.cn/ （首页无任何实体地址）; https://www.fvti.cn/144/list.htm （“坐落于福州市大学城”，无区县）; https://www.fvti.cn/128/list.htm （“坐落于福州市大学城”，无区县）; http://www.fvti.cn/231/list.htm （页脚“福建省福州大学城联榕路8号”，无闽侯县）; 今日头条 https://so.toutiao.com/search?keyword=福州职业技术学院 联榕路8号 闽侯县 （仅第三方 fz.city8.com 写“闽侯县联榕路”，非官方）,2026-09-12
PROFILE1021_1,4135010393,福建中医药大学,屏山校区,福建省福州市五四路282号,福建省,福州市,RESOLVED,—,第二轮已取得可采来源,https://www.fjtcm.edu.cn/ → HTTP 200，提取到学校简介、学校位置、乘车路线等链接; https://www.fjtcm.edu.cn/1294/list.htm → HTTP 200，仅「福建省福州市闽侯上街邱阳路1号」; https://www.fjtcm.edu.cn/1339/list.htm（学校位置）→ HTTP 200，仅闽侯上街邱阳路1号; https://www.fjtcm.edu.cn/1340/list.htm（乘车路线）→ HTTP 200，提到「福建中医药大学屏山校区」但无门牌、无鼓楼区,2026-09-12
PROFILE1020_0,4135010392,福建医科大学,旗山校区,福建省福州市大学新区学府北路1号,福建省,福州市,RESOLVED,—,第二轮已取得可采来源,https://www.fjmu.edu.cn/ （首部“福建省福州市大学新区学府北路1号（350122）”，无闽侯县）; https://www.fjmu.edu.cn/9/list.htm （学校简介：同上，无闽侯县）; https://www.fjmu.edu.cn/zs/ 与 https://www.fjmu.edu.cn/zs/2023/0510/c4186a180740/page.htm （招生网及2023招生章程：仍只有“大学新区学府北路1号”，无闽侯县）; http://xxgk.fjmu.edu.cn/ （信息公开页“福建省福州市大学新区学府北路1号福建医科大学”，无闽侯县）; https://mp.weixin.qq.com/s/7brwv9NdXuOABUaihLCy5g （2026招生章程微信版：返回“环境异常”验证页，读不到）; 今日头条 https://so.toutiao.com/search?keyword=学府北路1号 闽侯县 （唯一含“闽侯县”的是福建工程学院旗山校区“学府南路69号”，非本校、非本路）,2026-09-12
PROFILE1630_0,4115013741,科尔沁艺术职业学院,办学地点（档案未命名）,内蒙古自治区通辽经济开发区辽河大街东段,内蒙古自治区,通辽市,RESOLVED,—,第二轮已取得可采来源,https://www.keqysxy.com.cn/ -> 200，页脚「学院地址：内蒙古通辽经济开发区辽河大街东段」，无区名; https://www.keqysxy.com.cn/about/63.html -> 200，章程「学院法定注册地为…经济技术开发区辽河大街」，无区名; https://www.keqysxy.com.cn/about/8.html -> 200，学院简介正文无地址; http://kfq.tongliao.gov.cn/ -> 200，开发区管委会门户，导航中开发区与科尔沁区并列，未写隶属,2026-09-12
PROFILE255_0,4133010349,绍兴大学,校本部,浙江省绍兴市环城西路508号,浙江省,绍兴市,HARD-BLOCKED,C 地址冲突,记录地址（环城西路508号）与学校官方地址（城南大道1077号/越城区）不一致，且环城西路508号在官方与政府来源中均无出处；不得用同校另一地址的区覆盖本条。,https://www.usx.edu.cn/ → HTTP 200，页脚「地址：绍兴市城南大道1077号」，无区名; https://zs.usx.edu.cn/info/1003/7101.htm → HTTP 200，原文「校本部：绍兴市越城区城南大道 1077 号。兰亭校区：绍兴市柯桥区兰亭街道。上虞校区：绍兴市上虞区东山路368号。」，无环城西路508号,2026-09-12
PROFILE1082_0,4151010639,绵阳师范学院,高新校区,四川省绵阳市高新区绵兴西路166号,四川省,绵阳市,HARD-BLOCKED,D 功能区/大学城无法定区佐证,[分类:功能区无法律归属证据] 记录地址「高新区绵兴西路166号」中的「高新区（科技城直管区）」为功能区，非法定县级行政区；allowed_districts 中唯一可能对应的涪城区，没有任何政府来源与「绵兴西路166号」并列。绵阳市自然资源部门供地结果的「行政区」栏只列「四川省>绵阳市本级」、项目位置只写「永兴镇」；规划批前公示只写「位于绵阳高新区（科技城直管区）永兴镇」；涪城区政府发布的「涪城区（高新区片区）永兴镇…」征地文书是结构性并列、均不含绵兴西路；把「涪城区永兴镇绵兴西路166号」写全的只有商业地图（360地图），按红线不得作唯一依据。功能区名不得直译为法定区，故不可解。,https://www.mtc.edu.cn/ (curl) — 打开成功，原文「地址：四川省绵阳市高新区绵兴西路166号 邮编：621000」，全文无「涪城区」「游仙区」; https://zsw.mtc.edu.cn/ (curl) — HTTP 000 不可达; Toutiao 关键词「绵兴西路166号 涪城区」「绵阳师范学院高新校区 绵兴西路166号 属于哪个区」「绵阳高新区 永兴镇 涪城区 绵阳师范学院高新校区」「绵阳高新区属于哪个区 涪城区 托管」 — 「涪城区绵兴西路166号」只出现在相关搜索联想词，无官方页面原文,2026-09-12
PROFILE2519_0,4137013373,聊城大学东昌学院,办学地点（档案未命名）,山东省聊城市北外环路266号,山东省,聊城市,RESOLVED,—,第二轮已取得可采来源,https://www.lcudcc.edu.cn/ → 页脚“地址：山东省聊城市北外环路266号”（无区）; 聊城经济技术开发区管委会官网 → 仅功能区页面，无对该校的法定区表述; 头条检索“聊城大学东昌学院 北外环路266号 东昌府区 邮编”“聊城大学东昌学院 地址 东昌府区 北外环路266号 官网” → 东昌府区仅见于第三方/搜索建议,2026-09-12
PROFILE968_1,4144013810,肇庆医学院,新区校区,广东省肇庆市肇庆新区丰乐路12号,广东省,肇庆市,RESOLVED,—,第二轮已取得可采来源,https://www.zqmc.edu.cn/ — 新区校区地址「广东省肇庆市肇庆新区丰乐路12号」，无区县; https://sbc.zqmc.edu.cn/ — 采购公告「办公地址：广东省肇庆市肇庆新区丰乐路12号肇庆医学院行政楼5楼」; https://www.zhaoqing.gov.cn/ — 找到「鼎湖区、肇庆新区」并列文件; https://www.zhaoqing.gov.cn/xxgk/zcfg/szfwj/content/post_3252449.html — 鼎湖区、肇庆新区并列，未明示隶属; https://www.zhaoqing.gov.cn/xxgk/zcjd/snzc/content/post_3252453.html — 解读中无高要区; https://www.zqxq.gov.cn/ — getaddrinfo ENOTFOUND; https://so.toutiao.com/search?keyword=肇庆医学院新区校区丰乐路12号 — 无同句证据,2026-09-12
PROFILE2211_0,4132012809,苏州工业园区职业技术学院,办学地点（档案未命名）,江苏省苏州市工业园区独墅湖科教创新区若水路1号,江苏省,苏州市,HARD-BLOCKED,D 功能区/大学城无法定区佐证,[分类:功能区无法律归属证据] 记录地址「工业园区独墅湖科教创新区若水路1号」中「苏州工业园区」为国家级经济技术开发区（功能区）、「独墅湖科教创新区」为园区内部功能区，二者均非法定县级行政区且均不在 allowed_districts 内。苏州市人民政府门户站内检索「若水路」结果为空（该路名只出现在交通、教育类信息中，且一律写作「苏州工业园区若水路1号」）；苏州市发改委备案通知书亦只写「建设地点：苏州工业园区若水路1号」。无任何政府来源把「若水路1号」归入吴中区/相城区/姑苏区等法定区，按红线禁止功能区→法定区推断，故不可解。,"https://www.ivt.edu.cn/｜学院简介/页脚""学院地址：苏州工业园区独墅湖科教创新区若水路1号""（功能区式）; http://www.sipac.gov.cn/search5/search/s?siteCode=3205900024&searchWord=若水路1号｜15条，法定区名0命中; http://www.sipac.gov.cn/search5/search/s?siteCode=3205900024&searchWord=独墅湖科教创新区｜1048条，抽样无法定区名; http://www.sipac.gov.cn/search5/search/s?siteCode=3205900024&searchWord=林泉街399号｜6条，法定区名0命中",2026-09-12
PROFILE1412_0,4132012685,苏州经贸职业技术学院,办学地点（档案未命名）,江苏省苏州市国际教育园北区学府路287号,江苏省,苏州市,RESOLVED,—,第二轮已取得可采来源,"http://www.snd.gov.cn/hqqrmzf/gxqbmwj/201805/7d381388e5a041d29d208ce67fad1b24.shtml｜苏虎人社〔2018〕53号，地址句含""学府路287号""，发文机关为苏州市虎丘区人社局（最强线索）; http://www.snd.gov.cn/hqqrmzf/dazhuanyx/201506/79a5ce2d7e594e709ce8ee961a2fe8b0.shtml｜虎丘区政府""大专院校""一览表，逐字列苏州经贸职业技术学院 + 苏州国际教育园北区学府路287号; http://www.snd.gov.cn/hqqrmzf/gxqbmwj/201511/c4129996f1f349b494468baf7b2541ab.shtml｜《关于认定高新区大学生创业基地的通知》苏高新人社〔2015〕63号，落款苏州高新区人社局/苏州市虎丘区人社局，认定苏州经贸职业技术学院（无地址）; https://www.szjm.edu.cn/ 与 https://zs.szjm.edu.cn｜校方招生章程""学校办学地址：苏州市国际教育园北区学府路287号""（功能区式）; http://www.snd.gov.cn/search5/search/s?siteCode=3205050028｜关键词""学府路287号""""现代服务业产教园""""苏州经贸职业技术学院""（46条）检索，未见规划/选址文书",2026-09-12
PROFILE627_0,4113010101,衡水学院,校本部,河北省衡水市和平西路1088号,河北省,衡水市,RESOLVED,—,第二轮已取得可采来源,https://zhaosheng.hsnc.edu.cn/info/1023/1366.htm → 200，招生章程「桃城校区：河北省衡水市和平西路1088号」，无「桃城区」字样; https://zhaosheng.hsnc.edu.cn/xyzy1/lxwm.htm → 200，「学校地址：河北省衡水市和平西路1088号」，无区名; https://ztb.hsnc.edu.cn/info/1034/6717.htm、6716.htm、6715.htm（中标/更正公告）→ 200，采购人均写「衡水市和平西路1088号」；文中「桃城区」只出现在采购代理机构地址，非本校; https://www.hsnc.edu.cn/xxgk.htm、https://www.hsnc.edu.cn/index.htm → 200，页脚「地址：河北省衡水市和平西路1088号」，无区名; 站内检索 search.jsp / ssjg.jsp（hsnc.edu.cn、ztb.hsnc.edu.cn）→ 404，索引不可用; Toutiao 搜索「和平西路1088号 桃城区」「衡水学院 桃城区 政府」→ 仅城市吧/幸福里/邮编库等第三方,2026-09-13
PROFILE627_1,4113010101,衡水学院,滨湖校区,衡水市滨湖新区龙腾路1999号,河北省,衡水市,HARD-BLOCKED,D 功能区/大学城无法定区佐证,记录地址「衡水市滨湖新区龙腾路1999号」中的「滨湖新区」是功能区，校方《衡水学院2026年全日制普通本科招生章程》第二条只逐字写「滨湖校区：河北省衡水市龙腾路1999号」，未写桃城区/冀州区。本轮穷尽衡水市政府门户（hanweb jrobot）智能检索：「龙腾路1999号」全文 0 条；「龙腾路」仅有 2023 年马拉松交通管制等无关页，无任何政府页把该路与法定区同句；「衡水学院滨湖校区」命中的均为领导调研/重点项目新闻（art_46_513838、art_46_319330 等），仅以并列罗列方式出现「桃城区、冀州区、衡水高新区」等区名，属「新闻罗列」而非「门牌+法定区同句」，按红线不得据,http://zhaosheng.hsnc.edu.cn/ — 招生网首页，仅有电话邮箱，无地址; http://zhaosheng.hsnc.edu.cn/info/1023/1366.htm — 2026年全日制普通本科招生章程第二条，「滨湖校区：河北省衡水市龙腾路1999号」，无法定区; https://www.hsnc.edu.cn/ 与 https://www.hsnc.edu.cn/wzsy.htm — 官网首页，页脚「河北省衡水市和平西路1088号」，无滨湖校区; http://search.ccgp.gov.cn/bxsearch?searchtype=1&...kw=衡水学院滨湖校区&timeType=5 — 13 条滨湖校区采购公告，采购人地址均为和平西路1088号; http://www.ccgp.gov.cn/cggg/dfgg/zbgg/202608/t20260805_27078207.htm — 滨湖校区机房建设中标公告，含区地址只有中标供应商的「桃城区人民西路」; http://search.ccgp.gov.cn/bxsearch?searchtype=2&...kw=龙腾路1999号 — 全文检索 0 条,2026-09-12
PROFILE1343_0,4132016403,西交利物浦大学,校本部,江苏省苏州市苏州工业园区独墅湖科教创新区仁爱路111号,江苏省,苏州市,HARD-BLOCKED,D 功能区/大学城无法定区佐证,记录地址「江苏省苏州市苏州工业园区独墅湖科教创新区仁爱路111号」为功能区口径。校方官网 https://www.xjtlu.edu.cn/zh/about/contact 逐字仅「地址：江苏省苏州市工业园区独墅湖科教创新区仁爱路111号 邮编：215123」；上一轮站内爬取 40 页检索法定区名 0 命中，本轮无新增校方页面。政府侧：苏州工业园区管委会 sipac.gov.cn 站内搜索为开普云 JS 异步（/search5/html/searchResult.html，页面仅返回模板与 siteCode 占位，检索结果由脚本拉取），未能取得以「仁爱路111号」为键的服务器渲染结果；苏州市吴,https://www.xjtlu.edu.cn/zh/about/contact → 200，逐字「地址：江苏省苏州市工业园区独墅湖科教创新区仁爱路111号 邮编：215123」（仅功能区）; 对 www.xjtlu.edu.cn 站内爬取 40 页，检索「吴中区」「虎丘区」→ 0 命中; http://www.sipac.gov.cn/search5/html/searchResult.html?searchWord=仁爱路111号 → 200 但「您访问过于频繁」且结果为 JS 异步; http://www.suzhou.gov.cn/ 、http://ggzy.suzhou.gov.cn/ → 200 但站内搜索为 JS/SPA（/search/index.html、searchinput_index 均由脚本处理）; http://zrzyj.suzhou.gov.cn/ → 000 不可达; https://www.sogou.com/web 、so.toutiao.com 、m.so.com 、baidu、bing、yandex → 验证码/反爬/无结果,2026-09-12
PROFILE480_0,4162010742,西北民族大学,西北新村校区,甘肃省兰州市西北新村1号,甘肃省,兰州市,RESOLVED,—,第二轮已取得可采来源,https://www.xbmu.edu.cn/ → HTTP 200，页脚「地址：甘肃省兰州市西北新村1号　邮编：730030」，另有「西北新村校区大礼堂」，无区名; https://www.xbmu.edu.cn/xxgk/xxjs.htm → HTTP 200，学校简介+页脚，无区名; https://www.xbmu.edu.cn/zsjy/zsgz.htm → HTTP 200，仅页脚门牌; https://zs.xbmu.edu.cn/ → 连接失败（DNS/连接不可达）,2026-09-12
PROFILE245_3,4151010623,西华大学,宜宾校区,四川省宜宾市临港经济技术开发区大学城路三段1号,四川省,宜宾市,HARD-BLOCKED,D 功能区/大学城无法定区佐证,记录地址「四川省宜宾市临港经济技术开发区大学城路三段1号」由功能区「临港经济技术开发区」「大学城」构成。校方侧：西华大学官网页脚仅成都本部地址；宜宾校区站点 yb.xhu.edu.cn 直连 000 不可达，本轮复测仍不可达。政府侧：翠屏区政府站内检索为 Inspur IRS 前端 SPA（https://www.cuiping.gov.cn/irs-c-web/search.html?tenantId=7005&code=18808a495c2&searchWord=大学城路三段 返回 395KB 模板页，正文为「加载中」，检索结果由 JS 拉取），页面内未暴露可直调的服务器端检索接口；宜宾,https://www.xhu.edu.cn/ (WebFetch) — 打开成功，页脚仅「地址：中国·四川·成都市 西华大学(610039)」，无宜宾校区地址; https://yb.xhu.edu.cn/ (curl) — 连接失败（HTTP 000），无法直读宜宾校区站点; Toutiao 关键词「西华大学宜宾校区 大学城路三段1号」「西华大学宜宾校区 地址 翠屏区」 — 只得「宜宾市三江新区大学城」片段，功能区; Toutiao 关键词「宜宾市翠屏区临港经济技术开发区大学城路三段」 — 无命中,2026-09-12
PROFILE51_3,4151010613,西南交通大学,成都东部（国际）校区,四川省成都市东部新区林栖大道三岔TOD区域,四川省,成都市,HARD-BLOCKED,D 功能区/大学城无法定区佐证,西南交通大学官网页脚逐字「东部（国际）校区地址：中国四川省成都市东部新区林栖大道88号，641419」——一是只写功能区「东部新区」，未写简阳市等 allowed_districts 中任何法定区；二是来源门牌「林栖大道88号」与记录地址「林栖大道三岔TOD区域」不一致（记录无门牌，来源为88号），故连 Level-3 的「同址门牌」挂钩也不成立，只能寄望于政府侧「林栖大道」+「简阳市」同句。本轮尝试：简阳市政府域名 www.jianyang.gov.cn 与 jianyang.gov.cn 均 DNS 解析失败（getaddrinfo failed），站点不可达；成都市人民政府 chengd,https://www.swjtu.edu.cn/ (WebFetch) — 打开成功，页脚四条地址原文，东部校区仅「东部新区林栖大道88号」，无「简阳市」; Toutiao 关键词「西南交通大学东部国际校区 林栖大道 简阳市三岔」「西南交通大学东部新区校区 林栖大道 属于简阳市吗」「西南交通大学东部校区 项目 简阳 建设地点 公示 环评」 — 只得携程攻略/抖音百科/高三网等第三方，无官方项目公示或政府原文,2026-09-12
PROFILE180_0,4150010652,西南政法大学,两江校区,重庆市两江新区宝圣大道301号,重庆市,重庆市,RESOLVED,—,第二轮已取得可采来源,https://appa.swupl.edu.cn/（HTTP 412 + JS 挑战，正文不可读）; https://rsc.swupl.edu.cn/zxns/、https://itc.swupl.edu.cn/index.htm（同被 412 拦截）; https://www.swupl.edu.cn/pub/xzzt/XinXiGongKai/...（信息公开报告，同 412）; http://archive.org/wayback/available?url=appa.swupl.edu.cn（连接超时，不可用）,2026-09-12
PROFILE330_1,4161010698,西安交通大学,雁塔校区,西安市朱雀大街205号,陕西省,西安市,RESOLVED,—,第二轮已取得可采来源,http://www.yanta.gov.cn/search.html?...&keywords=西安交通大学雁塔校区 → 200，命中区教育局《2026年雁塔区幼儿园秋季招生信息一览表》含「西安交通大学医学 校区 幼儿园 西安 市雁塔区朱雀大街207号」; http://www.yanta.gov.cn/xxgk/zdxxgk/jyjxly/jydd/2093244343777800194.html（2026年雁塔区幼儿园一览表）→ 200，逐字读到「西安交通大学医学校区幼儿园 西安市雁塔区朱雀大街207号」; https://www.xjtu.edu.cn/jdgk/jdjj.htm → 200，仅「学校现有兴庆、雁塔、曲江和中国西部科技创新港 4 个校区」；页脚「地址：陕西省西安市咸宁西路28号」，雁塔校区无区名; https://gaokao.chsi.com.cn（阳光高考）→ HTTP 412 WAF，无法读取,2026-09-12
PROFILE383_1,4161011400,西安培华学院,高新校区,陕西省西安市高新区白沙路南段2号,陕西省,西安市,RESOLVED,—,第二轮已取得可采来源,https://www.peihua.cn/ (curl 200，页脚高新校区只写功能区，门牌逐字一致); toutiao 检索「西安培华学院高新校区 白沙路」：仅第三方线索，无法定区,2026-09-12
PROFILE2244_1,4161013947,西安职业技术学院,辛家庙校区,陕西省西安市太元路99号,陕西省,西安市,RESOLVED,—,第二轮已取得可采来源,https://www.weiyang.gov.cn/search.html?tab=all&sortType=time&scope=title%2CresourceSummary%2CresourceContent&keywords=太元路 → 200，命中「陕西省西安市未央区太元路59号西安职业技术学院辛家庙校区5号楼四单元一层整层」; https://www.weiyang.gov.cn/zwgk/qzqd/spjgxx/2074759552609341441.html → 200，逐字复核该句（未央区数据和行政审批服务局 核发《诊所备案凭证》公示，2026-07-08）; https://www.xzyedu.com.cn/xygk/lxfs.htm → 上一轮 200，仅「学校地址：陕西省西安市雁塔区鱼斗路251号(西三环南段)」与辛家庙校区咨询电话，无太元路99号及区名,2026-09-12
PROFILE364_4,4154010694,西藏大学,教育城校区,西藏自治区拉萨市教育城,西藏自治区,拉萨市,HARD-BLOCKED,D 功能区/大学城无法定区佐证,独立裁决驳回：本条地址无路名无门牌，唯一的锚是与校区名同形的功能区通名「教育城」，属同形词误配，且用地址里的词去证明地址构成循环论证。该 2017 年页面「西藏大学」0 次、「校区」0 次、逐字「拉萨市教育城」0 次；该校区 2024 年 11 月才奠基、2026 年仍在中期建设阶段，2017 年的文章在时间上不可能是它的选址证据。【附注：d=城关区 经多重独立政府文书（食药监通告把教育城写为「拉萨市城关区蔡公堂乡教育城学府路」等）表明**事实上大概率正确**，本条的结论可能对，但本条引证不合格——解锁条件：把该在建校区接到城关区的用地预审/规划许可/选址公示，或区划公告。】,https://www.utibet.edu.cn/ （只剩域名更换公告，无校区地址）; https://www.xzu.edu.cn/ 与 https://www.xzu.edu.cn/xxgk/xxjj.htm、/xxgk.htm、/xygk/xxjj.htm （首页为模板占位符，概况页均 404）; https://zjc.utibet.edu.cn/ （页脚“西藏自治区拉萨市城关区江苏路36号”，系他校区，无教育城）; https://www.lasa.gov.cn/lasa/yxls/yx.shtml （拉萨市“印象·行政区划”：下辖城关区等8县区+经开区/柳梧新区/文创园区，无教育城归属）; http://www.cgq.gov.cn/ 与 http://www.cgq.gov.cn/cgqrmzf/xzqh/202001/c398ea9f0aa14e4a97521561e09aab77.shtml （城关区辖12街道含蔡公堂街道，但无“教育城”）; 搜狗 https://www.sogou.com/web?query=西藏大学 教育城校区 城关区 （得第三方同济设计四院“位于拉萨市城关区东南侧”及城关区政务网转载标题，均非可得原文的官方桥梁）; 今日头条 https://so.toutiao.com/search?keyword=教育城 拉萨 城关区 （结果区被截断，无可引用原文）,2026-09-13
PROFILE1918_1,4154014085,西藏职业技术学院,北校区,西藏自治区拉萨市夺底路34号,西藏自治区,拉萨市,RESOLVED,—,第二轮已取得可采来源,https://www.xzgzy.cn/ 爬取150页检索「城关区」→ 命中项全部为西校区（拉萨市城关区金珠中路金农巷5号），非北校区; 同站检索「夺底路」→ 0 命中；检索「北校区」→ 0 命中; https://www.xzgzy.cn/info/1023/4061.htm、4065.htm、4071.htm → 均为西校区采购公告; https://so.toutiao.com/search?keyword=夺底路34号 → 无结果,2026-09-12
PROFILE1918_0,4154014085,西藏职业技术学院,西校区,西藏自治区拉萨市金珠中路金农巷5号,西藏自治区,拉萨市,RESOLVED,—,第二轮已取得可采来源,https://www.xzgzy.cn/ → HTTP 200，页脚「拉萨市金珠中路金农巷5号」，无区名; https://www.xzgzy.cn/xxgk/xxjj.htm → HTTP 200，学校简介仅门牌，无区名; https://www.xzgzy.cn/zsjyw/ → HTTP 200，招生就业栏目无区名; https://www.xzgzy.cn/zsjyw/info/1004/1283.htm、1284.htm、1285.htm → 正文为空，无内容,2026-09-12
PROFILE493_0,4141010480,许昌学院,八一路校区,河南省许昌市八一路88号,河南省,许昌市,RESOLVED,—,第二轮已取得可采来源,https://www.xcu.edu.cn/ — 首页「地 址：中国·河南·许昌市八一路88号」，无区名; https://www.xcu.edu.cn/xxgk/xxjj.htm — 学校简介，仅「坐落于…许昌市」，无区名; https://zcglc.xcu.edu.cn/xxgg.htm — 招标采购公告列表，页脚仅「许昌市八一路88号」，无区名; https://jy.xcu.edu.cn/ — 就业信息网「院校地址：许昌市八一路88号」，无区名; https://so.toutiao.com/search?keyword=许昌学院 八一路88号 魏都区 — 「魏都区八一路88号」仅见于头条自媒体（青春学园/城市百科君）与高三网; https://so.toutiao.com/search?keyword=许昌学院就业信息网 — 仅第三方 goworkla.cn,2026-09-12
PROFILE515_0,4152010660,贵州医科大学,云漫湖校区,贵州省贵安新区安康大道6号,贵州省,贵阳市,HARD-BLOCKED,D 功能区/大学城无法定区佐证,记录地址「贵州省贵安新区安康大道6号」为功能区口径，记录 city=贵阳市，allowed_districts 只有贵阳各区县（乌当/云岩/修文/南明/开阳/息烽/清镇/白云/花溪/观山湖）。本轮冲突证据明确：①微信公众号文章《新校区交通篇|跟我“易”起去学校!》逐字「贵州医科大学(云漫湖校区)(贵州省安顺市平坝区马场镇安康大道交兴安大道西南侧)」；②今日头条城市卡片逐字「贵州省安顺市平坝区马场镇安康大道」，搜索建议词「贵州医科大学云漫湖校区是安顺吗」。两处均指向安顺市平坝区马场镇，而「平坝区」不在本记录 allowed_districts 内，且与记录 city=贵阳市 直接矛盾；贵安新区直,https://www.gmc.edu.cn/xxgk/xxjj.htm → 仅「贵州省贵安新区安康大道6号」，无任何法定区; https://www.gmc.edu.cn/ → 页脚同上，邮编561113; https://www.gmc.edu.cn/xxgk/xxzc.htm → 页面只有栏目标题，无章程条文; https://www.gaxq.gov.cn/galy/xzqh/202605/t20260506_90143104.html → 不列乡镇、无法定区; https://www.bing.com/search?q=贵州医科大学云漫湖校区+地址+平坝区 → 返回无关结果; 多个搜索引擎（duckduckgo/mojeek/so.com/baidu/chinaso）均不可用,2026-09-12
PROFILE515_1,4152010660,贵州医科大学,北校区,贵州省贵阳市北京路9号,贵州省,贵阳市,RESOLVED,—,第二轮已取得可采来源,https://www.gmc.edu.cn/xxgk/xxjj.htm → HTTP 200，「通讯地址：贵州省贵安新区安康大道6号贵州医科大学」（功能区）; https://www.gmc.edu.cn/xxgk/xxzc.htm → HTTP 200，同通讯地址; http://zkb.gmc.edu.cn/info/1029/4740.htm → HTTP 200，「第五条 学校地址：贵州省贵阳市北京路 9号（北校区）」「贵州省贵安新区安康大道 6号（云漫湖校区）」，无云岩区; https://www.gmc.edu.cn/zsjy1/zsxx.htm → HTTP 200，招生信息栏目无区名; http://zkb.gmc.edu.cn/ → HTTP 200，招生就业处首页无区名,2026-09-12
PROFILE514_0,4152010663,贵州师范大学,花溪校区,贵州省贵安新区花溪大学城贵州师范大学东区,贵州省,贵阳市,HARD-BLOCKED,D 功能区/大学城无法定区佐证,[分类:校名挂钩失败] 地址无路名无门牌，只能用校名挂钩；官方原文中“花溪校区”与“花溪区”始终不同句。,https://www.gznu.edu.cn/xxgk/xxjj.htm → 页脚仅「贵州省贵安新区花溪大学城」，无「花溪区」; https://www.gznu.edu.cn/xxgk/xxzc.htm → HTTP 404（章程页不存在）; https://www.gaxq.gov.cn/galy/ →「直管区面积491平方公里，辖4乡（镇、街道）」，不列名; http://www.gaxq.gov.cn/galy/xzqh/202605/t20260506_90143104.html → 仅两句，无花溪区/大学城; http://www.huaxi.gov.cn/ 与 https://www.guiyang.gov.cn/ → 花溪区政府站无「花溪大学城」，贵阳市政府站仅有区县友链; https://www.bing.com/search?q=贵安新区花溪大学城+花溪区+行政区划 → 返回与查询无关的垃圾结果; https://html.duckduckgo.com/lite/、https://www.mojeek.com/、https://www.so.com/、https://www.baidu.com/、https://www.chinaso.com/ → 全部被拒（ECONNREFUSED/403/验证码/404）,2026-09-12
PROFILE2268_0,4152012223,贵州航天职业技术学院,新蒲大学城校区,贵州省遵义市新蒲新区平安大道,贵州省,遵义市,RESOLVED,—,第二轮已取得可采来源,http://www.gzhtzy.edu.cn/ → 页脚「通信地址：贵州省遵义市新蒲新区平安大道」; http://www.gzhtzy.edu.cn/xygk/xygk.htm → 三校区表述，无红花岗区; https://www.xinpu.gov.cn/ → 页脚「贵州省遵义市红花岗区播州大道1号开投大厦」（管委会驻地）; https://www.xinpu.gov.cn/zjxp/lsyg/、/zjxp/xzqh/ → 托管沿革，无平安大道与法定区同现; https://www.zyhhg.gov.cn/zwgk/xzxxgkml/ → 红花岗区无新蒲/新中/礼仪街道,2026-09-12
PROFILE3358_0,4136014569,赣南卫生健康职业学院,办学地点（档案未命名）,江西省赣州市蓉江新区高校园区,江西省,赣州市,HARD-BLOCKED,D 功能区/大学城无法定区佐证,同上：来源存在且已核，但本条地址无可挂钩的地址锚，校区名为占位符。,https://www.gnhvc.edu.cn/ → 200，“学校地址：江西·赣州蓉江新区”，无区名; https://so.toutiao.com/search?keyword=赣南卫生健康职业学院 蓉江新区高校园区 章贡区 → 仅官网与抖音百科（第三方，称赣州大学城位于蓉江新区），无“章贡区+地址”同句原文,2026-09-12
PROFILE189_0,4136010418,赣南师范大学,蓉江校区,江西省赣州市蓉江新区师大南路1号,江西省,赣州市,HARD-BLOCKED,D 功能区/大学城无法定区佐证,[分类:政府源只到功能区；法定区仅黏着他校区] 政府采购公告把“师大南路1号”与该校区绑定但只有“蓉江新区”；唯一的“章贡区”属于同校章贡校区（红旗大道61号），跨校区套用被红线禁止。,"https://www.gnnu.edu.cn/ → 200，“地址：江西省赣州市蓉江新区师大南路”，无门牌、无区名; https://so.toutiao.com/search?keyword=""师大南路1号"" 赣南师范大学 蓉江 → 命中官网、教务处、中国教育在线，均只写“蓉江新区师大南路”; https://so.toutiao.com/search?keyword=赣州 蓉江新区 范围 章贡区 南康区 托管 → 无有效政府来源",2026-09-12
PROFILE2885_0,4136014465,赣州师范高等专科学校,办学地点（档案未命名）,江西省赣州市蓉江新区高校园区35号,江西省,赣州市,HARD-BLOCKED,D 功能区/大学城无法定区佐证,[分类:政府源无区名；门牌一致但路名不一致] 政府采购公告只到“蓉江新区高校园区35号”；写“章贡区”者仅地图 POI/商业站（红线禁用）且路名与本记录不符。,"http://www.ganzhsz.cn/ 与 https://www.ganzhsz.cn/ 官网：均为 JS 单页空壳（<div id=""app"">），无地址文本; http://www.ganzhsz.cn/assets/index-C62rma8N.js 与 /config/app.json：无可用 API 端点，无法取到简介/联系方式正文; http://zs.ganzhsz.cn/ 、http://zhaosheng.ganzhsz.cn/ ：连接失败（ECONNREFUSED/000）; 买购网：江西省赣州市章贡区蓉江新区高校园区（第三方）; 微信公众平台《赣州事业单位考点分布图》：江西省赣州市章贡区蓉江新区高校园区赣南大道35号（非官方页面，且路名不符）; 360地图：赣州市章贡区黄金岭街道赣州开发区高校园区（地图 POI，仅线索）; 赣州市蓉江新区管委会/赣州市自然资源局检索：无把高校园区35号与法定区并列的原文",2026-09-12
PROFILE205_1,4121010162,辽宁中医药大学,大连校区,辽宁省大连市双D港生命1路77号,辽宁省,大连市,HARD-BLOCKED,D 功能区/大学城无法定区佐证,[分类:官方只写功能区] 校方（含其就业信息网）与省级考试机构原文一律写“双D港生命1路77号”，无任何法定区；唯一“金州区”来源为地图 POI（禁用）与无法实抓、路名写法不符的双选会片段。,so.toutiao.com 反查「双D港 生命1路77号」（无官方桥接页）; https://www.lnutcm.edu.cn/（官网，仅功能区名）,2026-09-12
PROFILE2334_1,4121014189,辽宁建筑职业学院,南校区,辽宁省辽阳市南郊街11号,辽宁省,辽阳市,RESOLVED,—,第二轮已取得可采来源,http://zjj.liaoyang.gov.cn/tzgg/20260429/668a53ab-c29f-4f68-b46a-c512a44dc77c.html → 直接GET 404（但该路径是该站官方全文检索给出的规范链接）; http://zjj.liaoyang.gov.cn/inteligentsearch/rest/inteligentSearch/getFullTextData → POST 200，返回该文全文，含「南校区位于辽阳市白塔区南郊路11号」; http://www.liaoyang.gov.cn/inteligentsearch/rest/inteligentSearch/getFullTextData → POST 200，同一索引，另返回辽阳市自然资源局规划许可证文「辽宁建筑职业学院南校区体育馆改造工程 建设位置：辽阳市白塔区北临八一街、西临南常路」; https://zs.lnjzxy.edu.cn/FileUploads/zs/site/2024/05/09/ZZWN02UH090KZWMAIM.docx → 200，逐字读到「南校区地址：辽宁省辽阳市白塔区八一街11号」（学校官方招生章程）; https://www.lnjzxy.edu.cn/（含 /channel/enem、/channel/school）→ curl -k 200，页脚仅写「南校区 辽宁省辽阳市南郊街11号」，无区名; https://www.lnjzxy.com/ → 上一轮 unable to verify the first certificate，本轮未再作为证据,2026-09-12
PROFILE1166_1,4121013217,辽宁理工学院,滨海校区,辽宁省锦州市滨海新区金山大街二段3号,辽宁省,锦州市,HARD-BLOCKED,D 功能区/大学城无法定区佐证,[分类:全部官方源止于功能区] 教育部批复与学校招生章程原文均为“锦州市滨海新区金山大街二段3号”，无“太和区”；出现“太和区”的均为代理机构地址或另一学校地址。,https://www.lise.edu.cn/（校方官网，无滨海校区地址与法定区）; so.toutiao.com/search?keyword=锦州 金山大街 太和区 滨海新区（命中渤海大学滨海校区，非本记录）,2026-09-12
PROFILE861_0,4115013740,通辽职业学院,办学地点（档案未命名）,内蒙古自治区通辽经济技术开发区那达慕文化园西侧,内蒙古自治区,通辽市,HARD-BLOCKED,D 功能区/大学城无法定区佐证,[分类:无路名门牌且校名未知；政府源地址与本记录不符] 校名未知→校名挂钩不可用；唯一含科尔沁区的政府公告地址（辽河大街路北）与本记录地址（那达慕文化园西侧）不一致，不能证明同一校区。,https://jyj.tongliao.gov.cn/xwzx/bmdt/202307/t20230731_704114.html -> 200，正文地址「内蒙古自治区通辽市经济技术开发区辽河大街东段」；页面「科尔沁区」仅出现在导航栏旗县区链接; http://www.tlzyxy.com/ -> 404（根路径）；http://zsw.tlzyxy.com/ -> 500；站点无法取得可用页面; Toutiao 检索「通辽经济技术开发区 科尔沁区 管辖」-> 只得到开发区管委会与区政府首页，无隶属表述,2026-09-12
PROFILE861_1,4115013740,通辽职业学院,办学地点（档案未命名）,吐尔基山大街(北绕城线)与保康路交汇处南450米,内蒙古自治区,通辽市,RESOLVED,—,第二轮已取得可采来源,https://jyj.tongliao.gov.cn/xwzx/bmdt/202307/t20230731_704114.html -> 200，仅「经济技术开发区」，无区名; http://www.tlzyxy.com/ -> 404；http://zsw.tlzyxy.com/ -> 500; http://kfq.tongliao.gov.cn/ -> 200，开发区管委会门户，无隶属表述,2026-09-12
PROFILE518_0,4152010661,遵义医科大学,新蒲校区,贵州省遵义市新蒲新区校园1号路,贵州省,遵义市,HARD-BLOCKED,D 功能区/大学城无法定区佐证,遵义医科大学官网、学校概况页、招生页脚注只写「贵州省遵义市新蒲新区校园1号路（新蒲校区）」，全站不出现任何法定区名；新蒲/遵义市政府站群搜索索引损坏（/so/search.shtml 对「遵义」「新蒲」「遵义医科大学」一律返回约 0 条），无法用政府全文检索建立桥梁。且存在来源冲突：新蒲新区驻地写「红花岗区播州大道1号」，而新蒲新区实际管辖跨原红花岗区/汇川区/遵义县，法定归属非唯一，不能凭功能区反推单一法定区。,https://www.zmu.edu.cn/、/zygk/zyjj.htm、/zygk/xxzc.htm → 页脚仅「贵州省遵义市新蒲新区校园1号路（新蒲校区）」，无红花岗区; https://www.zmu.edu.cn/index/xxgk/xxndbg.htm → 年度报告列表，无地址法定区信息; https://zyzb.zmu.edu.cn/、/index_02_1.html → 招生章程栏目与条目链接; https://zyzb.zmu.edu.cn/axzdoc/2026061054846.html → 正文编码乱码，无法判读; https://www.xinpu.gov.cn/zjxp/lsyg/、/zjxp/xzqh/、https://www.xinpu.gov.cn/ 页脚 → 新区沿革与「红花岗区播州大道1号」驻地; https://www.stats.gov.cn/sj/tjbz/tjyqhdmhcxhfdm/2023/52/03/520302.html、520304.html → HTTP 404，无法用统计用区划代码复核,2026-09-12
PROFILE1451_0,4152014011,遵义医药高等专科学校,办学地点（档案未命名）,贵州省遵义市新蒲新区大学城平安北路8号,贵州省,遵义市,HARD-BLOCKED,C 地址冲突,官方地址只给功能区「新蒲新区」，无任何法定区；功能区不得换算为法定区，旧式「红花岗区新蒲新区」复合地址来源不明且属历史表述。,https://zbb.zunyiyizhuan.cn/info/1009/2297.htm 及同站多页页脚 → 「贵州省遵义市红花岗区新蒲新区平安大道北段8号」，路名与档案不符; http://www.zunyi.gov.cn/ → 首页无可用站内检索（JS 驱动）; http://search.ccgp.gov.cn/bxsearch → IP 限流；cn.bing.com / sogou → 反爬,2026-09-12
PROFILE1562_1,4152012824,遵义职业技术学院,虾子校区,贵州省遵义市新蒲新区虾子镇文化西路57号,贵州省,遵义市,HARD-BLOCKED,F 历史/当前校区歧义,该地址的政府与校方原文一律只写功能区「新蒲新区虾子镇」，红线下不得把功能区翻译为法定区；虾子镇法定归属在政府文件（原属遵义县→播州区）与第三方统计用区划代码（520302109→红花岗区）之间存在真实冲突，且没有任何政府原文把任一法定区与「文化西路57号」同写；学校官网亦无虾子校区地址；技师学院已于2024年8月搬离虾子一带，本校区当前适用性存疑。,http://www.xinpu.gov.cn/zjxp/lsyg/ →「2013年7月，遵义县虾子、三渡、永乐三镇划新蒲新区托管」「1998年，新蒲镇划归红花岗区管辖」; http://www.xinpu.gov.cn/zjxp/xzqh/ →「共代管新舟、虾子、永乐、三渡和喇叭五镇，新蒲、新中、礼仪三办」; https://www.xinpu.gov.cn/zjxp/ → 仅「托管5镇3街道」，不列名; https://www.zyhhg.gov.cn/zwgk/xzxxgkml/ → 15个乡镇街道，无虾子镇/新蒲街道; https://www.zybz.gov.cn/xcbz/ → 播州区只给「辖17个镇、5个街道、2个民族乡」; https://www.xinpu.gov.cn/ 页脚 →「贵州省遵义市红花岗区播州大道1号开投大厦」（系管委会驻地，非本校区地址）,2026-09-12
PROFILE2677_0,4141014303,郑州信息工程职业学院,南校区,郑州市中原西路桃贾路19号,河南省,郑州市,HARD-BLOCKED,C 地址冲突,唯一权威文本（河南省教育厅招生章程）只写到「郑州市中原西路桃贾路19号」，无任何法定区；第三方来源既无区又与官方门牌冲突；不得以邮编推区。,http://www.zxxyedu.com/ → SPA 壳，无地址文本; https://www.zhengzhou.gov.cn/search.jspx?q=郑州信息工程职业学院 → 命中收费标准备案函/招聘，均无校址; https://public.zhengzhou.gov.cn/D300201X/10168074.jhtml 、/8649963.jhtml 、/9045878.jhtml → 正文仅收费标准条款，无地址; https://www.zhengzhou.gov.cn/search.jspx?q=桃贾路 → 751 条，均无关（农科院观赏桃、诊所备案等）,2026-09-12
PROFILE1932_1,4141013565,郑州信息科技职业学院,黄河路校区,河南省郑州市郑东新区黄河路124号,河南省,郑州市,HARD-BLOCKED,E 无权威来源,官方/政府原文只给出龙子湖校区（金水区或郑东新区龙子湖北路36号）的区名，与本条黄河路校区（黄河路124号）不同校区，红线禁止挪用；把「金水区」与「黄河路124号」同句的唯一来源是商业职教目录 m.zhijiao.cn（职教网），属商业招生/名录网站，红线禁止单独据以定区。该校官网与政府门户均未出现「黄河路124号 + 法定区」的原文。,http://search.ccgp.gov.cn/bxsearch?kw=郑州信息科技职业学院&timeType=5 — 命中 26 条，全部为龙子湖北路36号; http://www.ccgp.gov.cn/cggg/dfgg/cjgg/202608/t20260803_27061402.htm — 郑州市金水区龙子湖北路36号（非本校区）; https://so.toutiao.com/search?keyword=郑州信息科技职业学院 黄河路124号 官网 地址 — 仅第三方招聘/招生章程，第五条办学地址写龙子湖校区; https://so.toutiao.com/search?keyword=郑州市金水区黄河路124号 — 第三方房产/河南开放大学旧页面,2026-09-12
PROFILE1512_1,4141012747,郑州工业应用技术学院,西校区,河南省郑州市新郑新村镇107国道路东,河南省,郑州市,RESOLVED,—,第二轮已取得可采来源,https://zzb.zzuit.edu.cn/bmgk.htm — 西校区只写“新郑高新技术开发区107国道东侧”; https://www.zzuit.edu.cn/xxgk.htm、/lxwm.htm — 只写东校区“郑州市新郑市学院路16号”; http://search.ccgp.gov.cn/bxsearch?kw=郑州工业应用技术学院&timeType=5 — 0 条; https://so.toutiao.com/search?keyword=郑州工业应用技术学院 新郑市新村镇107国道 — 无官方地址页,2026-09-13
PROFILE1922_2,4141011068,郑州工程技术学院,航海校区,河南省郑州市京广南路1号,河南省,郑州市,HARD-BLOCKED,E 无权威来源,学校自身对其航海校区只写「河南省郑州市京广南路1号（航海校区）」而不写区名；政府来源中该校地址一律为主校区「惠济区英才街18号」，与本条校区不同，红线禁止挪用；不得以「京广南路通常位于某区」推断。,https://zs.zzut.edu.cn/info/1133/2790.htm（及 www.zzut.edu.cn curl -k）→ 招生章程原文，航海校区无区名; https://www.zhengzhou.gov.cn/search.jspx?q=京广南路1号（带 cookie jar + Referer）→ 1265 条，前若干条均为道路工程类，无该校; https://www.zhengzhou.gov.cn/search.jspx?q=航海校区 → 无该校法定区信息; https://public.zhengzhou.gov.cn/D1703X/10110849.jhtml（2026年度高层次人才招聘公告）→ 仅「郑州市惠济区英才街18号，郑州工程技术学院人事处」，且全页无「校区」字样; https://public.zhengzhou.gov.cn/D190105X/9948316.jhtml → 正文为附件PDF链接，正文无校址,2026-09-12
PROFILE1922_3,4141011068,郑州工程技术学院,龙子湖校区,河南省郑州市郑东新区王新街9号,河南省,郑州市,HARD-BLOCKED,D 功能区/大学城无法定区佐证,郑州工程技术学院官网页脚与郑州市政府网发布的《郑州工程技术学院2026年度高层次人才招聘公告》只给出另一校区「郑州市惠济区英才街18号」，按红线禁止用同校其他campus的区覆盖本条。郑东新区/金水区站群检索「王新街9号」「王新街 金水区」只返回道路工程类政府信息，无「金水区＋王新街9号」同现的官方原文；未绕过任何登录/权限控制。,https://zs.zzut.edu.cn/info/1133/2790.htm → 原文为「郑东新区王新街9号」，无区名; https://www.zhengzhou.gov.cn/search.jspx?q=王新街9号 → 201 条，仅见「王新街（东三环-高铁东侧）封闭施工」等道路新闻（郑东新区管委会），无该校与法定区对应; https://www.zhengzhou.gov.cn/search.jspx?q=龙子湖校区 → 无该校法定区信息,2026-09-12
PROFILE1944_0,4141014062,郑州电力职业技术学院,校本部,河南省郑州市新区商都大街东段1933号,河南省,郑州市,RESOLVED,—,第二轮已取得可采来源,https://www.zzdl.edu.cn/ — 主校区：河南省郑州市中牟新区商都大街东段1933号; https://www.zzdl.edu.cn/xygk/lxwm.htm — 联系我们页面无地址文本（图片）; http://search.ccgp.gov.cn/bxsearch?kw=郑州电力职业技术学院&timeType=5 — 0 条; https://so.toutiao.com/search?keyword=河南省郑州市中牟县商都大街东段1933号 — 无官方区名句,2026-09-13
PROFILE1944_1,4141014062,郑州电力职业技术学院,祥符校区,河南省开封市产城融合示范区电力路1号,河南省,开封市,RESOLVED,—,第二轮已取得可采来源,https://www.zzdl.edu.cn/ → “祥符校区（产城融合示范区）：河南省开封市产城融合示范区电力路1号”，无区名; https://www.zzdl.edu.cn/xygk/xyjj.htm → 同上，无区名; https://so.toutiao.com/search?keyword=郑州电力职业技术学院 电力路1号 开封 → 地址条“祥符校区:河南省开封市产城融合示范区电力路1号”，无“祥符区”; http://search.ccgp.gov.cn/bxsearch?searchtype=1&page_index=1&kw=郑州电力职业技术学院 → 标题检索 0 条,2026-09-13
PROFILE902_0,4141011828,郑州电力高等专科学校,办学地点（档案未命名）,郑州市郑东新区凤栖街296号,河南省,郑州市,HARD-BLOCKED,D 功能区/大学城无法定区佐证,郑东新区网可检索到的该校文件仅《郑州电力高等专科学校实训B楼建设工程规划许可证批后公告》与《建筑方案征求意见表》，其「建设地点」为「龙阳西路东、豫兴大道南」，与记录门牌不一致（红线禁止拿其他地址冒充当前地址），文号「建字第4101222025GG0047576号」中的 410122 仅为区划代码、非逐字「中牟县」；中国政府采购网可读页面只写「郑州市郑东新区凤栖街296号」。不存在含「中牟县＋凤栖街296号」的官方原文。,http://www.ccgp.gov.cn/cggg/dfgg/zbgg/202609/t20260904_27267749.htm — 采购单位地址=郑州市郑东新区凤栖街296号（本轮成功读取）; http://www.ccgp.gov.cn/cggg/dfgg/gzgg/202608/t20260820_27174148.htm — 同上; http://www.ccgp.gov.cn/cggg/dfgg/gkzb/202608/t20260806_27083627.htm — 同上; http://search.ccgp.gov.cn/bxsearch?kw=凤栖街296号&timeType=5 — 0 条,2026-09-12
PROFILE1114_1,4141013508,郑州经贸学院,北校区,河南省郑州市中原中路41号,河南省,郑州市,HARD-BLOCKED,E 无权威来源,郑州经贸学院自身从未提及其「北校区」，也未在官网写「中原中路41号」；「中原中路41号」的官方持有者是中原工学院，其官网原文同样不写法定区；把「中原中路41号」与「中原区」同句的来源仅为商业房产/搜索建议，红线禁止单独据以定区；又不得以「中原路必属中原区」式推断。,https://www.zueb.edu.cn/ — 官网首页，仅龙湖校区与上街校区两个地址，无北校区/中原中路41号，无「中原区」; https://so.toutiao.com/search?keyword=郑州经贸学院北校区在哪个区 — 无北校区对应结果；唯一含区名的条目是「郑州经贸职业学院新校区-惠济区」（另一所学校）; https://so.toutiao.com/search?keyword=中原中路41号 — 命中结果全部指向中原工学院（zut.edu.cn），与郑州经贸学院无关; https://so.toutiao.com/search?keyword=中原中路41号&dvpf=pc — 同上，未出现官方区名; https://so.toutiao.com/search?keyword=郑州经贸学院 中原中路 — 未返回结果,2026-09-12
PROFILE458_2,4141010462,郑州轻工业大学,科学校区,河南省郑州市高新技术产业开发区科学大道136号,河南省,郑州市,HARD-BLOCKED,D 功能区/大学城无法定区佐证,郑州轻工业大学官网页脚与政府采购（中国政府采购网成交公告）可读页面均只写「郑州市高新区（高新技术开发区）科学大道136号」，无任何法定区名；郑州高新区站群检索「科学大道136号」「郑州轻工业大学」「轻工业大学 科学大道」只返回该校与高新区的其他事务（提案答复、校地签约、新校区新闻、高新区道路施工），无「中原区/荥阳市＋科学大道136号」同现的官方原文。,http://search.ccgp.gov.cn/bxsearch?kw=郑州轻工业大学&timeType=5 — 命中 22 条; http://www.ccgp.gov.cn/cggg/dfgg/cjgg/202608/t20260824_27193943.htm — 郑州市高新区科学大道136号; http://www.ccgp.gov.cn/cggg/dfgg/cjgg/202608/t20260811_27111227.htm — 郑州市高新技术开发区科学大道136号; https://www.zzuli.edu.cn/（上一轮）— 页脚仅“郑州市高新区科学大道136号”,2026-09-12
PROFILE1156_0,4141010843,郑州铁路职业技术大学,新校区,郑州市郑东新区通惠路298号,河南省,郑州市,HARD-BLOCKED,D 功能区/大学城无法定区佐证,所有可触达的权威页面（学校官网首页/学校简介/学校概况）对通惠路298号的表述均止于功能区「郑东新区」，未出现 allowed_districts 中任何法定区名；郑州市政府站内搜索不可用、省/国家采购平台限流或验证码墙，无法取得「法定区 + 通惠路298号」的逐字共现。,https://www.zzrvtc.edu.cn/100/listm.htm → 页脚“版权所有@郑州铁路职业技术学院 地址:河南省郑州市郑东新区通惠路298号”; https://www.zzrvtc.edu.cn/ → 仅郑东新区功能区表述; https://so.toutiao.com/search?keyword=郑州铁路职业技术学院 通惠路298号 金水区 → 唯一地址表述“河南省郑州市郑东新区通惠路298号”，全页无“金水区”“中牟县”; http://search.ccgp.gov.cn/bxsearch?searchtype=1&page_index=1&kw=郑州铁路职业技术学院 → 4 条公告，均未含法定区地址,2026-09-12
PROFILE1499_1,4150012608,重庆工程学院,双桥校区,重庆市双桥经济开发区西湖大道76号,重庆市,重庆市,RESOLVED,—,第二轮已取得可采来源,https://www.cqie.edu.cn/html/57/Index.shtml（已打开并解码GB2312：『双桥校区：重庆市双桥经济技术开发区通桥街道西湖大道76号』）; http://zs.cqie.edu.cn/html/57/Index.shtml（同上，逐字一致）; http://www.dazu.gov.cn/qzfjz/tqjdbsc/index.html（已打开：『通桥街道办事处_重庆市大足区人民政府』）; http://www.dazu.gov.cn/jkq/sqjkq/（大足区人民政府站内双桥经开区管委会专栏）,2026-09-12
PROFILE1038_1,4150010642,重庆文理学院,星湖校区,重庆市永川卫星湖文化旅游区,重庆市,重庆市,RESOLVED,—,第二轮已取得可采来源,https://www.cqwu.edu.cn/ 站内 BFS 30 页：页脚统一为『星湖校区：重庆市永川卫星湖文化旅游区』『红河校区：重庆市永川区红河大道319号』，永川区只落在红河校区; https://zb.cqwu.edu.cn/ 站内 BFS 30 页 → article_428725.html 命中; 探子域 xhxq/xh/xinghu/xhgw.cqwu.edu.cn 均 302，无可读内容; Shenma 搜索『重庆文理学院 星湖校区 永川区』仅得第三方站点（掌上高考/职成教育网等），不作判据,2026-09-12
PROFILE2250_0,4161013953,铜川职业技术学院,办学地点（档案未命名）,陕西省铜川市新区朝阳路8号,陕西省,铜川市,HARD-BLOCKED,D 功能区/大学城无法定区佐证,铜川方所有官方文本对朝阳路8号一律标注功能区「铜川市新区」，无任何法定区名；铜川市政府站内搜索接口（404 / Vue API）与陕西省政府采购网搜索（验证码）均不可用，无法取得「法定区 + 朝阳路8号」的逐字共现。,http://www.tczyxy.net/ (curl 200，页脚只得「铜川市朝阳路8号」); so-gov.cn 铜川新区 6102900003 / 耀州 6102040007：均返回「站点类型不支持」，无法检索; toutiao 检索「铜川职业技术学院 耀州区」：仅第三方招生站,2026-09-12
PROFILE2289_1,4164013820,银川能源学院,滨河校区,宁夏银川市滨河新区国际科教城汉关路与星河街路口,宁夏回族自治区,银川市,HARD-BLOCKED,A 上一轮独立复核未通过,复核通过但未过机器门禁: 引文挂不到本条地址 '宁夏银川市滨河新区国际科教城汉关路与星河街路口'（该记录有路名/门牌，不允许用校区名挂钩）,https://www.nxpec.edu.cn/xsc/index.htm — 成功；页脚原文『地址：银川市兴庆区滨河新区国际科教城』（采用为桥梁证据）; https://www.nxpec.edu.cn/ 与 https://www.nxpec.edu.cn/tsg/ — 成功；同类页脚同文，互相印证; https://www.yinchuan.gov.cn/xxgk/bmxxgkml/sfgw/xxgkml_1867/yata_1880/202109/t20210918_3038524.html — 成功；银川市发改委答复原文『2019 年滨河新区撤销移交……调整由兴庆区、灵武市、永宁县负责』（佐证）; https://www.ycu.com.cn/list/9614.html — 成功；银川能源学院学校简介『学校现有王太校区、滨河校区两个校区』，页脚仅『宁夏回族自治区银川市永宁县王太堡银川能源学院 邮编：750100』，无滨河校区区名; https://www.ycu.com.cn/ 招生/首页 — 成功；仅有永宁县王太堡地址; https://so.toutiao.com/search?keyword=银川能源学院滨河校区 — 仅第三方（掌上高考等）结果，未采用为判据,2026-09-12
PROFILE2347_0,4121013213,锦州医科大学医疗学院,松山校区,辽宁省锦州市高新技术产业园区昆明街2A号,辽宁省,锦州市,HARD-BLOCKED,D 功能区/大学城无法定区佐证,唯一可触达的官方表述使用功能区『高新技术产业园区』，无任何法定区名；锦州市太和区政府站内搜索的关键词参数不生效（无法枚举该区公告），辽宁省教育厅站内搜索无结果，锦州市公共资源交易网与辽宁省政府采购网均连接超时，无法取得「法定区 + 昆明街2A号」的逐字共现。,https://www.jymu.edu.cn/?list_37/1443.html（学校章程）→ curl -k 200，仅「松山校区：辽宁省锦州市高新技术产业园区昆明街 2A号；邮政编码：121013」，无区名; http://www.jzssxq.gov.cn/zjss/gxgk.htm（锦州高新区/松山新区管委会 区情简介）→ 200，仅面积/人口/街道数，无所属法定区; http://www.jzth.gov.cn/ 站内检索（POST search.jsp，base64）「昆明街」「锦州医科大学医疗学院」「松山校区」→ 无门牌记录; http://www.jz.gov.cn/ 站内检索（POST hhjsjgy.jsp）「昆明街」「锦州医科大学医疗学院」→ 仅公交候车亭、凌河区松坡路校区等无关内容; http://www.jz.gov.cn/info/1177/45275.htm（锦州市城区土地级别基准地价）→ 200，正文仅通知语，无门牌清单; https://weixin.sogou.com/weixin?type=2&query=松山校区 昆明街2A号 → 仅第三方招聘汇总写「锦州市松山新区昆明街2A号」，仍为功能区名，非权威来源,2026-09-12
PROFILE1673_1,4121010180,锦州师范高等专科学校,滨海新校区,辽宁省锦州市经济技术开发区金山大街18号,辽宁省,锦州市,HARD-BLOCKED,D 功能区/大学城无法定区佐证,滨海新校区地址在官方文本中只挂功能区『经济技术开发区』，无任何法定区名；锦州市太和区政府搜索关键词不生效、辽宁省教育厅检索无果、头条搜索空结果，取得「法定区 + 金山大街18号」逐字共现的政府/官方来源全部失败。,"https://www.jzsz.com.cn/（校方官网，仅功能区名）; so.toutiao.com/search?keyword=""金山大街18号"" 锦州师范高等专科学校（命中渤海大学滨海校区，无区名）; so.toutiao.com/search?keyword=锦州经济技术开发区 属于 太和区 政府（仅太和区政府首页，无金山大街）",2026-09-12
PROFILE404_0,4122010199,长春中医药大学,净月校区,吉林省长春市净月开发区博硕路1035号,吉林省,长春市,RESOLVED,—,第二轮已取得可采来源,https://www.ccucm.edu.cn/ 与 zsb 子域 — 上一轮证书错误/getaddrinfo 失败，本轮仍未取得原文; 长春市政府站群检索『博硕路1035号』 → http://ccrs.changchun.gov.cn/ywdt/tzgg/202503/t20250312_3452511.html、http://ccrs.changchun.gov.cn/ywdt/tzgg/202310/t20231019_3451886.html、http://www.yushu.gov.cn/xxgk/zdly/spyp/202201/t20220105_2968533.html、http://wglj.changchun.gov.cn/sy_44789/gzfw/202105/t20210519_2821655.html（全部只到功能区）; 长春市政府站群检索『南关区博硕街道』 → http://zwgk.changchun.gov.cn/jy/jdbsc/jygxjscykfqbsjdbsc/zfxxgkml/202309/t20230925_3230006.html（2022年度长春市南关区博硕街道办事处部门决算公开，仅证明街道法定区，无博硕路归属）; 长春市政府站群检索『博硕社区』 → http://www.jingyue.gov.cn/zw/gggs/202309/t20230904_3223971.html（博硕街道东界净月大街以西；净月大街1009号采样亭）、http://www.jingyue.gov.cn/zw/zdly/zdly_medical/202212/t20221206_3094885.html; http://gzj.changchun.gov.cn/ywpd/bdcdj/bdcdj/202511/t20251103_3437748.html — 不动产登记公告，博硕街道虹桥村单元号 220102014344JA00702（与本校址无对应）; 长春市政府站群检索『长春中医药大学』 → http://erdao.changchun.gov.cn/gzdt/jzdt1/202609/t20260911_3511663.html（二道区东站街道社区义诊，区校活动，不作地址证据）,2026-09-13
PROFILE1621_0,4122013662,长春人文学院,东校区,吉林省长春市净月高新技术产业开发区博硕路1488号,吉林省,长春市,HARD-BLOCKED,D 功能区/大学城无法定区佐证,学校官网因 WAF JS 挑战不可访问（不得绕过），无官方地址原文；长春市政府站群对博硕路1488号零命中，对校名命中的都是与地址无关的活动报道，没有任何来源把该门牌与法定区名写在一起。,https://www.ccrw.edu.cn/ (HTTP 412 反爬，未打开); https://zs.ccrw.edu.cn/ (DNS 不存在); https://www.so.com/s?q=长春人文学院 博硕路1488号 南关区 净月 (南关区仅见 map.360.cn/elong 第三方); https://www.so.com/s?q=长春人文学院 官网 ccrw.edu.cn 招生章程 净月 博硕路1488号 (无 ccrw.edu.cn / gov.cn 命中); https://www.so.com/s?q=长春人文学院 净月校区 招生章程 南关区 博硕路 (无官方命中),2026-09-12
PROFILE1623_0,4122013916,长春信息技术职业学院,卓越校区,吉林省长春市高新区卓越大街881号,吉林省,长春市,HARD-BLOCKED,D 功能区/大学城无法定区佐证,无任何来源把「卓越大街881号」与法定区名写在同一条原文里；政府站群中卓越大街的路段信息（高新区/新区-高新、朝阳区富锋街道）属于功能区标注或仅路名共现，按红线不得用于推断门牌归属。,https://www.citpc.edu.cn/ 数字传媒学院、航空学院、建筑工程系、招生简章：只写高新区卓越大街881号; http://intellsearch.changchun.gov.cn/was5/web/search?channelid=238484&searchword=卓越大街881号：无结果; http://intellsearch.changchun.gov.cn/was5/web/search?channelid=238484&searchword=卓越大街：命中富锋街道片区文件，非本校区; 头条搜索『卓越大街881号 长春市 区』『卓越大街881号 中标 采购』：无官方区名,2026-09-12
PROFILE1623_1,4122013916,长春信息技术职业学院,宜居路校区,吉林省长春市长春高新技术产业开发区硅谷街道宜居社区卓越大街3666号,吉林省,长春市,HARD-BLOCKED,D 功能区/大学城无法定区佐证,没有任何权威原文把「卓越大街3666号」与法定区名写在同一处；政府站群对该门牌零命中，命中的『硅谷街道宜居社区』报道只有社区名，无区名且无门牌，不能作为定区证据。,https://www.citpc.edu.cn/ 章程/院系页：只写高新区卓越大街3666号; http://intellsearch.changchun.gov.cn/was5/web/search?channelid=238484&searchword=卓越大街3666号：无结果; https://www.ccxq.gov.cn/ 等长春新区/开发区站点探测：可达但不写法定区; 头条搜索『卓越大街3666号』：无官方命中,2026-09-12
PROFILE2313_1,4122013600,长春光华学院,合肥路校区,吉林省长春市长春经济技术开发区合肥路与富阳街交汇处东,吉林省,长春市,HARD-BLOCKED,A 上一轮独立复核未通过,红队复核驳回：引文建设地点为「富阳街与丙七路交汇东行200米」，本条地址为「合肥路与富阳街交汇处东」，两者只共用富阳街、交叉路不同，是另一个路口；引文中的「二道区」出现在招标人全称及其住所中，并非对建设地点法定归属的陈述。按「路名须与 campus 地址一致」的口径不达标，故从已解决集撤回，退回城市级。,https://www.ghu.edu.cn/ — 上一轮已抓取；页脚逐字「合肥路校区：吉林省长春市长春经济技术开发区合肥路与富阳街交汇处东」，只有功能区名; 长春市政府站群检索『富阳街』 → http://www.cetdz.gov.cn/dt/jzdt/202109/t20210913_2900821.html（东方广场街道清理富阳街两侧）、http://www.cetdz.gov.cn/zw/ggxx/jsgcztb/zbgg/202107/t20210714_2868232.html（东方广场街道六合社区工程，建设地点富阳街与丙七路交汇东行200米）、http://www.cetdz.gov.cn/zw/ggxx/tzgg/202608/t20260828_3508553.html（东方和著一期：富阳街以西、合肥路以北）; 长春市政府站群检索『二道区东方广场』 → http://www.cetdz.gov.cn/zw/zdlyxx/czxx/js/202605/t20260528_3489955.html（长春市二道区东方广场街道2026年部门预算，已打开确认标题逐字）、http://www.cetdz.gov.cn/zw/zdlyxx/czxx/js/202509/t20250925_3430224.html（长春市二道区东方广场街道办事处2024年度部门决算公开）; 长春市政府站群检索『东方广场街道』 → http://www.cetdz.gov.cn/zyxw/202609/t20260910_3511404.html、http://zwgk.changchun.gov.cn/jk/jdbsc/jjjskfqdfgcjdbsc/zfxxgkml/202609/t20260908_3510788.html,2026-09-12
PROFILE377_1,4122011726,长春大学,高新校区（西校区）,吉林省长春市长春高新技术产业开发区双德街道科苑社区卫星路8326号,吉林省,长春市,RESOLVED,—,第二轮已取得可采来源,长春市政府站群检索『南关区…/街道』系列；及『科苑社区』相关; http://mzt.jl.gov.cn/mztyw_74291/qhdm/fgwj/202007/t20200703_7299783.html — 省民政厅吉民行批〔2020〕3号，已打开并逐字核对（双德街道辖科苑等7个社区，属朝阳区）; http://www.ccgp.gov.cn/cggg/dfgg/dylygg/202512/t20251215_25927130.htm — 中国政府采购网单一来源公示『长春市朝阳区双德街道办事处阳光社区、湖光社区、科苑社区办公用房租赁采购项目』; https://www.jl.gov.cn/ggzy/zfcg/dylylzgs/202512/t20251215_9371769.html — 吉林省公共资源交易平台同项目公示; http://www.ccgp.gov.cn/cggg/dfgg/qtgg/202312/t20231222_21320945.htm — 上一轮依据页（只写高新区卫星路8326号，无街道）; so.toutiao.com 检索『长春大学 高新校区 双德街道』 → 无更优官方来源,2026-09-12
PROFILE2315_1,4122013623,长春大学旅游学院,净月校区,吉林省长春市长春净月高新技术产业开发区福祉街道潭西社区福祉大路1595号,吉林省,长春市,HARD-BLOCKED,E 无权威来源,独立裁决驳回：全页「南关区」只出现在发布局名「长春市生态环境局南关区分局」、主办单位与网站页脚自己的通讯地址（南关区家苑路399号）；本条地址福祉大路1595号在福祉街道，引文涉及的是净月街道，福祉大路从未与南关区相关联。,https://www.tccu.edu.cn/ (TLS 证书校验失败，未打开); https://www.so.com/s?q=长春大学旅游学院 净月校区 福祉大路1595号 南关区 (南关区仅 map.360.cn); https://www.so.com/s?q=长春大学旅游学院 官网 招生章程 福祉大路1595号 (官网 www.tccu.edu.cn 存在但未含地址于摘要); https://www.so.com/s?q=长春大学旅游学院 官网 (确认域名为 tccu.edu.cn),2026-09-12
PROFILE1419_0,4122013601,长春工业大学人文信息学院,校本部,吉林省长春净月国家高新技术产业开发区福祉大路1016号,吉林省,长春市,HARD-BLOCKED,D 功能区/大学城无法定区佐证,该校门牌在政府与校方公开文本中一律以「净月（国家高新技术产业）开发区」表述，长春各区/开发区网站对「福祉大路1016号」零命中；唯一带法定区的政府文书（南关区XX街道决算、南关区玉潭镇/新湖镇公文）只能证明净月代管单元的法定建制归属，无法把该门牌定位到具体建制街道，同句「南关区+福祉大路1016号」在全部已检索来源中不存在。,https://www.ccutchi.com/ 及教务处/商学院/建设工程学院页：只写净月国家高新技术产业开发区; http://intellsearch.changchun.gov.cn/was5/web/search?channelid=238484&searchword=福祉大路1016号：无结果; 头条搜索『福祉大路1016号』『长春市南关区福祉大路1016号』：仅第三方（含「福祉路1016号」写法差异）,2026-09-12
PROFILE387_1,4122010205,长春师范大学,乐群校区,吉林省长春市吉林大路3291号,吉林省,长春市,RESOLVED,—,第二轮已取得可采来源,https://zhaosheng.ccsfu.edu.cn/ (socket hang up); https://zhaosheng.ccsfu.edu.cn/zsxx/ (socket hang up); https://www.ccsfu.edu.cn/ (socket hang up); https://www.ccsfu.edu.cn/index.htm (socket hang up); https://www.so.com/s?q=长春师范大学 乐群校区 二道区 吉林大路3291号 招生 (唯一 edu.cn 命中为 zhaosheng.ccsfu.edu.cn 的 2026 章程); https://www.so.com/s?q=长春师范大学 2026年招生章程 乐群校区 (第三方转述),2026-09-12
PROFILE387_2,4122010205,长春师范大学,北湖校区,吉林省长春市高新技术产业开发区奋进乡一间堡社区,吉林省,长春市,HARD-BLOCKED,A 上一轮独立复核未通过,同上：来源存在且已核，但本条地址无可挂钩的地址锚，校区名为占位符。,https://www.ccsfu.edu.cn/ — 上一轮不可达，无原文; 长春市政府站群检索『一间堡』/『奋进乡』 → 命中并打开 http://zwgk.changchun.gov.cn/ccxq/xzrmzf/kcqfjxrmzf/zfxxgkml/202211/t20221110_3083634.html（已抓取正文逐字核对，发文机关 奋进乡人民政府，标题含『长春市宽城区』）; so.toutiao.com 检索『长春师范大学 北湖校区 一间堡』 → 无更优官方来源,2026-09-12
PROFILE1409_1,4122013605,长春建筑学院,高新校区,吉林省长春市长春高新技术产业开发区双德街道阳光社区火炬路1519号,吉林省,长春市,HARD-BLOCKED,D 功能区/大学城无法定区佐证,长春高新区系功能区，长春市公开文书对该门牌/该道路一律用功能区名；朝阳区（唯一在 allowed_districts 中且与双德街道相关的城区）站内零命中，无法形成「区+火炬路1519号」同句证据。,http://www.jladi.edu.cn/ 招生章程：只写高新区双德街道; http://intellsearch.changchun.gov.cn/was5/web/search?channelid=238484&searchword=火炬路1519号：无结果; http://intellsearch.changchun.gov.cn/was5/web/search?channelid=238484&searchword=火炬路：无结果; 头条搜索『吉林省长春市朝阳区火炬路1519号』『火炬路1519号 采购 公告』：仅第三方院校库/学校页,2026-09-12
PROFILE1546_2,4122011436,长春汽车职业技术大学,前程校区,吉林省长春市长春汽车经济技术开发区前程街道富锋村委会心叶路1333号,吉林省,长春市,HARD-BLOCKED,D 功能区/大学城无法定区佐证,汽开区是跨法定县区组建的功能区，其管委会与环评、招标文书对「心叶路」一律只写「长春汽车经济技术开发区」；心叶路1333号与任何法定区同句的官方原文在全网政府站内检索中均不存在，且开发区史料本身显示其辖区横跨绿园区/朝阳区/公主岭市，任何归区推断都属红线禁止的猜测。,https://www.caii.edu.cn/ 前轮与本次：只写汽车经济技术开发区; http://www.caida.gov.cn/ 汽开区官网：可达（功能区政府站，不写法定区）; http://intellsearch.changchun.gov.cn/was5/web/search?channelid=238484&searchword=卓越大街：可达（示例用法）; 头条搜索『长春市绿园区心叶路』『心叶路1333号 长春汽车职业技术大学』：无官方命中,2026-09-12
PROFILE1616_1,4122013161,长春职业技术大学,世纪校区,吉林省长春市长春经济技术开发区世纪街道红星社区净月大街289号,吉林省,长春市,HARD-BLOCKED,D 功能区/大学城无法定区佐证,经开区为功能区，其自产文书把「净月大街」地址一律记为「经开区/经济开发区」；学校章程对其他校区写法定区（九台区）、对世纪校区只写功能区，说明官方口径本身缺该项。未找到任何政府/校方文书把「净月大街289号」与法定区名写在同一句。,https://www.cvit.edu.cn/ 《学校章程》：世纪校区只写经济技术开发区; 头条搜索『净月大街289号 集合地点 通知』『吉林省长春市二道区净月大街289号』：仅城市吧/楼盘网等第三方; http://intellsearch.changchun.gov.cn/ 长春市政务统一检索：朝阳区频道对相关门牌无结果,2026-09-12
PROFILE2314_0,4122013603,长春财经学院,办学地点（档案未命名）,吉林省长春市净月国家高新技术产业开发区擎天树街58号,吉林省,长春市,HARD-BLOCKED,D 功能区/大学城无法定区佐证,净月高新区各街道的法定建制虽可由「长春市南关区XX街道」公文题名侧面印证，但既无文书把「擎天树街58号」（或该门牌所属街道）与「南关区」同句写出，也无文书给出该门牌的建制街道归属；按「禁止道路通常位于某区式推断」不能仅凭功能区代管关系定区。,https://www.ccufe.edu.cn/ — 上一轮已抓取，通讯地址只写净月高新技术产业开发区擎天树街58号; 长春市政府站群检索『擎天树街58号』 → http://www.jingyue.gov.cn/zw/gggs/202009/t20200911_2511816.html、http://www.jingyue.gov.cn/zw/zdly/zdly_fwzs/202109/t20210927_2910350.html、http://www.jingyue.gov.cn/zw/wgkzl/jcgk/xmjs/202011/t20201130_2613350.html（均『净月开发区擎天树街58号』）; 长春市政府站群检索『擎天树街』 → 全部为『净月区/净月开发区』表述（福祉大路与擎天树街交汇、永顺路南地块等），无街道名; 长春市政府站群检索『长春财经学院』 → http://nanguan.changchun.gov.cn/ywdt/tzgg/202511/t20251124_3442457.html（南关区人社局培训活动，区校关系，不作地址证据）; so.toutiao.com 检索『长春财经学院 属于哪个街道』 → 仅第三方站点（gaokao.cn/dxsbb 等），按来源阶梯只作线索,2026-09-12
PROFILE1106_1,4142010956,长江职业学院,武汉新城校区,湖北省葛店经济开发区电商大道1号,湖北省,武汉市,HARD-BLOCKED,H 其他,实际法定县级行政区为湖北省鄂州市（葛店经济技术开发区，法定区为华容区），不在本条 allowed_districts（全部为武汉市辖区）内；『葛店经济开发区』『武汉新城』均为功能区名，不得翻译为列表内任一区。,https://www.cjxy.edu.cn/xxgk/xxjj.htm (校区简介); https://so.toutiao.com/search?keyword=长江职业学院+葛店+校区 (均为葛店开发区/鄂州表述),2026-09-12
PROFILE3377_0,4142014555,长江艺术工程职业学院,办学地点（档案未命名）,湖北省荆州市纪南生态文化旅游区孙叔敖路1号,湖北省,荆州市,HARD-BLOCKED,D 功能区/大学城无法定区佐证,荆州区、沙市区等法定区名与「孙叔敖路1号」同句的官方原文不存在：学校自述地址、政府规划许可、省市招生咨询材料一律使用「纪南生态文化旅游区/文旅区纪南镇」；荆州区卫健部门的属地监督名单只出现单位名而无地址，属禁止的推断型证据。,http://www.cjchuanxi.edu.cn/ 与 http://www.cjchuanxi.com/ → 页面可达，footer 为「荆州市纪南生态文化旅游区孙叔敖路1号」，无区名; www.cjchuanxi.edu.cn 全站爬取（关键词 荆州区）→ 0 条; http://www.jingzhou.gov.cn/ → 首页无可用站内检索表单（JS 驱动）; http://jyt.hubei.gov.cn/site/jyt/search.html?searchWord=长江艺术工程职业学院 → 结果经 AJAX 注入，无内联结果; http://search.ccgp.gov.cn/bxsearch?kw=长江艺术工程职业学院 → 「您的访问过于频繁」（IP 58.213.197.10 被限流），等待 75 秒后重试仍被限流,2026-09-12
PROFILE1017_1,4143013041,长沙南方职业学院,方舟校区,湖南省长沙市湘江新区金山桥培文路,湖南省,长沙市,RESOLVED,—,第二轮已取得可采来源,https://www.nfdx.net/ — 已打开；首页无任何校区地址; https://www.nfdx.net/xygk/lxwm/ — 已打开；『学校地址：长沙市岳麓区大学城含浦科教园（中南大学往西南方向3公里）』（仅本部）; https://www.nfdx.net/xygk/xyjj/ — 已打开；『学校地处湖南省长沙市湘江新区』（功能区）; https://www.nfdx.net/2026/tzgg_0527/2887.html — 已打开；2026招生章程只写本部『岳麓区大学城含浦科教园』，未列方舟校区; 搜狗检索『长沙南方职业学院方舟校区望城区培文路』 — 2024单招章程/湖南招生考试信息港摘要『湘江新区金山桥培文路(方舟校区)』，无区；安居客/腾讯地图(第三方)指向望城区; WebFetch 打开 Bing/搜狗/百度等搜索页 — 均被限流或返回无关结果,2026-09-12
PROFILE279_1,4114010117,长治医学院,五龙校区,山西省长治市长治县英雄南路1688号,山西省,长治市,RESOLVED,—,第二轮已取得可采来源,https://www.czmc.edu.cn/xygk/xyjj.htm 学院简介：『现有校本部和五龙校区两个校区』，无五龙校区地址/区名; https://www.czmc.edu.cn/ 官网首页：无五龙校区地址; http://zsjy.czmc.edu.cn/ 招生就业网：证书域名不匹配，无法打开; so.toutiao.com 搜索『长治医学院五龙校区』：结果页返回空（限流）,2026-09-12
PROFILE279_0,4114010117,长治医学院,校本部,山西省长治市解放东街161号,山西省,长治市,RESOLVED,—,第二轮已取得可采来源,https://www.czmc.edu.cn/ 官网首页：『地址：山西省长治市解放东街161号』，无区名; https://www.czmc.edu.cn/xygk/xyjj.htm 学院简介：页脚同上，无区名; https://www.czmc.edu.cn/info/1381/209831.htm 校内询比采购公告：采购人地址『山西省长治市解放东街161号』，无区名; http://zsjy.czmc.edu.cn/ 招生就业网：证书域名不匹配（cert altnames 仅 czmc.edu.cn/www.czmc.edu.cn），无法打开,2026-09-12
PROFILE1643_2,4114012388,长治职业技术学院,南校区,山西省长治市太行欢乐谷东侧,山西省,长治市,HARD-BLOCKED,E 无权威来源,记录地址为地标式「太行欢乐谷东侧」，无路名门牌；而「校区名挂钩」例外要求来源把「长治职业技术学院南校区」与法定区写在同一句，任何官方/政府来源都不含「南校区」的地址或区名；地标「太行欢乐谷」的所在县不能用来推校区区划。,https://www.czzy.cn/ → 9825 字节，未含地址/区划信息；http://xxgk.czzy.cn/ → 4767 字节，无地址; 头条检索“长治职业技术学院 南校区 太行欢乐谷 潞州区 地址”“长治职业技术学院 南校区 地址 在哪” → 潞州区 NO HIT；命中掌上高考（北校区=捉马东大街51号）、高三网、长治市人社局培训开班表，均未含南校区法定区,2026-09-12
PROFILE1854_0,4134013342,阜阳科技职业学院,办学地点（档案未命名）,安徽省阜阳市清河西路99号,安徽省,阜阳市,HARD-BLOCKED,E 无权威来源,学校官网原文「安徽省阜阳市清河西路99号」不含法定区；含「颍州区」的说法只出现在商业招生/教育聚合站与搜索建议中，红线禁止单独据以定区；政府侧含区的同路段条目为「颍州区清河西路123号」，门牌与本条 99 号不一致，红线禁止代替。,头条检索“阜阳科技职业学院 清河西路99号 颍州区”“阜阳科技职业学院 清河西路99号 颍州区 邮编 236000”“阜阳科技职业学院 网址 招生网” → 命中均为掌上高考/大学生必备网等第三方，以及“相关搜索 颍州区阜阳科技职业技术学校”建议; 阜阳市人民政府网、阜阳市人社局（2022年9月补贴性职业技能培训开班计划表，含培训机构与办班地址）→ 未检索到含该校法定区的原文,2026-09-12
PROFILE1889_0,4135013468,阳光学院,校本部,福建省福州市经济技术开发区登龙路99号,福建省,福州市,RESOLVED,—,第二轮已取得可采来源,https://www.ygu.edu.cn/xxgk/xxzc.htm（curl -k）→ 章程第二条原文，仅「（马尾）」; www.ygu.edu.cn 全站页脚抓取 → 仅「福州经济技术开发区登龙路99号（福州校本部）」，无「马尾区」; https://zsb.ygu.edu.cn/ 页脚 → 「福建省福州市长乐区金滨路999号（福州滨海校区）」; http://www.mawei.gov.cn/ → 首页无可用的站内检索入口（/ssp 搜索 API 需 siteId+apiName，apiName 未取得）; cn.bing.com / www.sogou.com 检索「阳光学院 马尾区 登龙路99号」→ 反爬（sogou 302 至 antispider）或无关诱饵结果,2026-09-12
PROFILE365_0,4161010716,陕西中医药大学,南校区,陕西省西咸新区西咸大道,陕西省,咸阳市,HARD-BLOCKED,C 地址冲突,独立裁决驳回：全页「秦都区」10 处全部是发布/审批机构名（秦都区人民政府、秦都区生态环境局、秦都区信息中心、秦都分局）、该局自己的通讯地址（秦都区安虹路南段左岸吧街）、页脚站址（秦都区渭阳中路1号）。环评表格「建设地点」栏原文为「西咸大道中段陕西中医药大学南校区内」，既无区名也无门牌。,http://www.sntcm.edu.cn/ (首页页脚「地址：陕西省西咸新区西咸大道 邮编：712046」，只写功能区); 陕西中医药大学学校简介页 (「南校区位于西咸新区沣河之畔」，无门牌无法定区); 咸阳市人民政府政务公开附件表格 (xianyang.gov.cn，含「陕西中医药大学南校区校内」的秦都区行),2026-09-13
PROFILE2255_0,4161013123,陕西国际商贸学院,办学地点（档案未命名）,陕西省西安市沣渭新区大学园统一西路35号,陕西省,西安市,HARD-BLOCKED,D 功能区/大学城无法定区佐证,唯一能把「统一西路35号」写进法定县区的权威原文写的是「咸阳市秦都区」，与本条记录的 city=西安市 及 allowed_districts（临潼区/长安区/鄠邑区等西安市各区）冲突。功能区的「沣渭新区/沣西新城」横跨西安、咸阳两市，在无原文的情况下不得据功能区名反推西安市某区；而现有权威原文的落点是咸阳，故本条在 allowed 集合内无法落定。,http://www.csiic.com/ (curl 200，页面只得功能区地址，门牌35号一致); so-gov.cn 西安站 6101000007 检索「陕西国际商贸学院 长安区」：无桥梁原文,2026-09-12
PROFILE2258_0,4161014031,陕西旅游烹饪职业学院,泾河新城校区,陕西省西安市西咸新区泾河新城陕旅大道,陕西省,西安市,HARD-BLOCKED,D 功能区/大学城无法定区佐证,学校自身公开招标公告原文写「陕西旅游烹饪职业学院(陕西省咸阳市泾阳县三渠镇农科路)」，把本校的法定县级行政区明确为泾阳县；泾河新城是按托管机制跨咸阳/西安的功能区，其泾干街道/永乐镇/崇文镇/高庄镇行政上属泾阳县，依法不得由功能区名反推。泾阳县不在 allowed_districts（全部为西安市各区）内，而在 allowed 内无任何原文支撑，故本条在本轮 allowed 集合下无法落定。,http://www.sntcc.cn/ (curl 200，页脚只见功能区地址); so-gov.cn 西安/咸阳站检索「陕西旅游烹饪职业学院 泾河新城 泾阳县」：无权威桥梁原文,2026-09-12
PROFILE2846_0,4161013125,陕西服装工程学院,主校区,陕西省西安市西咸新区沣西新城同文路1号,陕西省,西安市,HARD-BLOCKED,D 功能区/大学城无法定区佐证,记录地址为「西咸新区沣西新城同文路1号」。本轮唯一把「同文路」挂到法定区上的原文，是「咸阳市秦都区陈杨寨街道同文路社区」一类秦都区属地表述；而提到本校的秦都区来源写的门牌是「咸阳市秦都区沣西新城崇文路1号」（路名 崇文路 ≠ 记录 同文路，门牌虽同为1号但路名不符，按门牌+路名口径不得采信）。沣西新城跨咸阳/西安托管，依法不得据功能区名反推西安市某区；在 allowed_districts 内无任何原文支撑，故无法落定。,https://www.sxfu.cn/ (curl 200，页面只得功能区地址); 咸阳市人民政府公开附件表格 (同文路仅见于秦都区其他项目行，与陕服无关); so-gov.cn 西安站 6101000007 检索「陕西服装工程学院 长安区」：无桥梁原文,2026-09-12
PROFILE357_1,4161010708,陕西科技大学,太华路校区,陕西省西安市太华北路43号,陕西省,西安市,HARD-BLOCKED,E 无权威来源,仅有的官方文本（学校官网简介、学校章程）均无法定区名；西安市、新城区、未央区三级政府检索均无「太华北路43号」；门牌无法挂靠到任何法定区，且不得用「太华北路其他门牌在未央区」的推断。,"https://www.sust.edu.cn/index.htm 与 https://www.sust.edu.cn/xxgk/xxjj.htm → curl -k 200，逐字读到「西安未央校区地址：陕西省西安市未央大学园区 邮编：710021 太华路校区地址：陕西省西安市太华北路43号 邮编：710016 咸阳校区地址：陕西省咸阳市人民西路49号 邮编：712081」，无区名; http://www.xincheng.gov.cn/search.html?...&keywords=太华北路43号 → 200，6条结果均非该门牌；keywords=陕西科技大学 → 56条均为无关内容; https://www.weiyang.gov.cn/search.html?...&keywords=太华北路43号 → 200，224条均为太华北路其他门牌（北延伸线16号、大明宫万达）；keywords=陕西科技大学太华路校区 → 8条，命中未央区应急避难场所表「陕西科技大学 未央区未央湖街道武德路116号」; https://zs.sust.edu.cn/ → HTTP 403 拦截; https://openapp.sust.edu.cn/aop_web/webber/search/search/search/queryPage → POST 返回 {""msg"":""token不存在"",""code"":401}; https://weixin.sogou.com/weixin?type=2&query=太华北路43号 陕西科技大学 → 第三方文章写「未央区太华北路43号」，属线索级，且与其他第三方来源（新城区）矛盾",2026-09-12
PROFILE1128_0,4161013568,陕西航空职业技术学院,南郑校区,陕西省汉中市大河坎镇李家营（经济开发南区）,陕西省,汉中市,RESOLVED,—,第二轮已取得可采来源,http://www.sxhkxy.com/ 及站内 BFS 30 页：仅有『陕西省汉中市大河坎』页脚，与『南郑校区和汉台校区』表述，无区名; http://search.ccgp.gov.cn/bxsearch?... 中国政府采购网检索：本机与服务端 IP 均被限流（频繁访问/验证码）; Shenma 搜索『陕西航空职业技术学院 南郑区 大河坎』→ 定位 rsj.hanzhong.gov.cn 命中; hanzhong.bidizhaobiao.com（第三方汉中招标网）：仅作线索,2026-09-12
PROFILE2239_1,4161013566,陕西铁路工程职业技术学院,高新校区,陕西省渭南市高新区胜利大街西段,陕西省,渭南市,HARD-BLOCKED,D 功能区/大学城无法定区佐证,仲裁: 复核员正确：证据在该 URL 上不存在（不是抓取失败，refetched=true）。研究者原文不可核验，属拼接误引，本条不能 accept。,http://www.sxri.net/ (curl 200，页脚只得功能区地址；同页临渭校区写临渭区); 渭南市政府规划公示页 (「高新校区用地位于渭南市高新南区…」，仍为功能区); so-gov.cn 渭南站 6105000008 检索「陕西铁路工程职业技术学院 临渭区」：无桥梁原文,2026-09-12
PROFILE1015_0,4142012980,随州职业技术学院,办学地点（档案未命名）,湖北省随州市迎宾大道38号,湖北省,随州市,RESOLVED,—,第二轮已取得可采来源,http://www.ccgp-hubei.gov.cn/notice/202303/notice_HBS33139.html (地址同页且含「项目监管地：曾都区」); https://www.szvtc.cn/index.htm 与 https://www.szvtc.cn/xxgk/xxjj.htm (地址：湖北省随州市迎宾大道38号；简介「城南新区迎宾大道」); http://www.suizhou.gov.cn/ggqsydwxxgk/jiaoyu/xx/index.shtml (公共企事业单位信息公开-学校目录，仅普通高中/幼儿教育，无该校); http://gtj.suizhou.gov.cn/?cat_id=11746 (随州市自然资源和规划局栏目，未取得对应地块); https://so.toutiao.com/search?keyword=随州职业技术学院+划拨供地+土地市场+曾都区,2026-09-12
PROFILE790_0,4151013049,雅安职业技术学院,经开区校区,四川省雅安市经济开发区学道街659号,四川省,雅安市,HARD-BLOCKED,D 功能区/大学城无法定区佐证,仲裁接受但未过机器门禁: 来源是搜索引擎/聚合站结果页 'weixin.sogou.com'，不是可复核的原始来源,http://www.yazy.edu.cn/ (curl) — 打开成功，页脚三条校区地址原文如上; http://zs.yazy.edu.cn/ (curl) — 打开成功，页脚「经开区校区：雅安经济技术开发区学道街659号 青年路校区：雅安市雨城区和平中路1号 育才路校区：雅安市雨城区育才路130号」; https://bwc.yazy.edu.cn/ (Toutiao 命中) — 站内标题含「雅安职业技术学院（雨城区）」但为活动标题，非校区地址; https://www.yazjy.com/ (WebFetch) — 证书不匹配，非本校域名; Toutiao 关键词「学道街659号 雨城区」「雅安职业技术学院 经开区校区 学道街659号 地址」 — 无写「雨城区」+学道街659号的官方原文,2026-09-12
PROFILE1245_1,4137010868,青岛滨海学院,大珠山校区,山东省青岛市西海岸新区山川路1568号,山东省,青岛市,HARD-BLOCKED,D 功能区/大学城无法定区佐证,仲裁接受但未过机器门禁: 来源是搜索引擎/聚合站结果页 'weixin.sogou.com'，不是可复核的原始来源,"https://www.qdbhu.edu.cn/ — WebFetch 成功：页脚「大珠山校区地址：青岛西海岸新区山川路1568号」，无黄岛区; https://zsb.qdbhu.edu.cn/ — WebFetch 成功：招生网页脚同样只用西海岸新区; https://so.toutiao.com/search?keyword=""青岛市黄岛区山川路1568号"" — 精确串检索：返回的官方页面(医学院/学校简介)均为「西海岸新区」，黄岛区仅见于安居客/地图等第三方",2026-09-12
PROFILE1245_0,4137010868,青岛滨海学院,小珠山校区,山东省青岛市西海岸新区嘉陵江西路425号,山东省,青岛市,RESOLVED,—,第二轮已取得可采来源,https://www.qdbhu.edu.cn/ — WebFetch 成功：页脚「小珠山校区地址：青岛西海岸新区嘉陵江西路425号」「大珠山校区地址：青岛西海岸新区山川路1568号」，无黄岛区; https://zsb.qdbhu.edu.cn/ — WebFetch 成功：页脚「地址:青岛西海岸新区嘉陵江西路425号青岛滨海学院小珠山校区昌德楼1楼」; https://zsb.qdbhu.edu.cn/xxgk/zszc.htm — WebFetch 成功：招生章程索引页，仅页脚地址，同前; https://www.qdbhu.edu.cn/InformationDisclosure — WebFetch 成功：无任何地址/区名; https://so.toutiao.com/search?keyword=青岛滨海学院 黄岛区 嘉陵江西路425号 — 只得图书馆页「青岛市西海岸新区嘉陵江西路425号」及第三方相关搜索(黄岛区嘉陵江西路516号等); https://so.toutiao.com/search?keyword=青岛滨海学院小珠山校区 属于哪个区 黄岛区 — 仅第三方线索(黄岛区滨海学院小珠山校区)，无官方原文,2026-09-13
PROFILE507_4,4137010426,青岛科技大学,中德校区,山东省青岛市西海岸新区团结路3698号,山东省,青岛市,RESOLVED,—,第二轮已取得可采来源,"http://zs.qust.edu.cn/ — WebFetch 成功：页脚「中德国际合作区（中德校区） - 山东省青岛市西海岸新区团结路3698号」，无黄岛区; http://zs.qust.edu.cn/zsxx/zszc.htm — WebFetch 成功：招生章程列表页，仅页脚地址; https://sbc.qust.edu.cn/ — WebFetch 成功：验收/采购公告列表，页面无「黄岛区/西海岸新区/团结路3698号/中德校区」; https://so.toutiao.com/search?keyword=""青岛市黄岛区团结路3698号"" — 精确串未见官方原文; https://so.toutiao.com/search?keyword=中德生态园 属于黄岛区 团结路 — 命中贸促会青岛市分会邀请函「黄岛区团结路2877号中德生态园」，门牌不符，仅作线索",2026-09-12
PROFILE2155_0,4137013320,青岛黄海学院,办学地点（档案未命名）,山东省青岛市西海岸新区灵海路1145号,山东省,青岛市,RESOLVED,—,第二轮已取得可采来源,"https://www.qdhhc.edu.cn/ — WebFetch 成功：页脚「地址：中国青岛西海岸新区灵海路1145号」，无黄岛区; https://www.qdhhc.edu.cn/zhaoshengban/p_detail.aspx?id=63211 — 官网列出的2026年招生简章入口(未取到含法定区原文); https://so.toutiao.com/search?keyword=""青岛市黄岛区灵海路1145号"" — 精确串检索：官方页面均写「西海岸新区灵海路1145号」，黄岛区仅出现在第三方相关搜索; https://so.toutiao.com/search?keyword=青岛黄海学院 灵海路1145号 属于黄岛区吗 — 仅学校官网与第三方线索，无官方法定区原文",2026-09-12
PROFILE372_4,4163010748,青海民族大学,南山校区,青海省西宁市南山东路15号,青海省,西宁市,HARD-BLOCKED,B 来源抓取失败,承载「南山校区 + 法定区 + 地址」的原始页面全部位于 qhmu.edu.cn，该域被加速乐 JS 挑战（HTTP 412）全站拦截；其余官方渠道（青海省公共资源交易网全文检索、城东区政府站内搜索、青海省教育厅站内搜索、中国政府采购网、青海省政府采购网）要么索引为空、要么 IP 限流、要么会话/WAF 校验失败，均检索不到该校区地址。故无法取得可逐字引用的法定区证据。,https://so.toutiao.com/search?keyword=青海民族大学南山校区 地址 — 仅命中 qhmu.edu.cn 基建处/学生处页(412) 与省公共资源交易网(仅格尔木)，无“南山校区+区”原文; https://www.qhpta.org.cn/ （青海省人事考试信息网）历年公务员/事业单位考点表 — 无南山校区; http://www.qhmu.edu.cn/ — HTTP 412（加速乐），无法打开; http://www.qhggzyjy.gov.cn/…全文检索API — “南山校区”返回0条（索引仅格尔木）; http://search.ccgp.gov.cn/bxsearch — “访问过于频繁”限流,2026-09-12
PROFILE372_2,4163010748,青海民族大学,博雅校区,青海省西宁市曹二路52号,青海省,西宁市,HARD-BLOCKED,E 无权威来源,官方渠道全被 412／JS 壳阻断，未绕过访问控制；唯一可读的政府来源指向的是东序校区而非博雅校区，地址不匹配。,http://www.qhggzyjy.gov.cn/…（青海省公共资源交易网）2021《青海民族大学博雅校区围墙挡土墙、土方改造项目》 — 200，仅载“联系地址：西宁市城东区八一中路3号”，无博雅校区地址; http://www.qhmu.edu.cn/ 招生章程/校区简介 — HTTP 412（加速乐），无法打开; https://so.toutiao.com/search?keyword=青海民族大学博雅校区 地址 — 命中 qhmu.edu.cn(412) 与青海省人事考试信息网(2022考点表无博雅校区)；第三方条目称“城东区博雅路”，仅作线索; http://search.ccgp.gov.cn/bxsearch — “访问过于频繁”限流，检索不可用,2026-09-12
PROFILE372_1,4163010748,青海民族大学,西昆校区,青海省西宁市八一中路72号,青海省,西宁市,HARD-BLOCKED,B 来源抓取失败,唯一载明「城东区八一中路72号 青海民族大学西昆校区」的原始页面（校方国际教育学院招生简章、基建处询价公告）全部位于 qhmu.edu.cn，该域被加速乐 JS 挑战（HTTP 412）全站拦截，无法打开逐字取证；其余政府检索渠道（青海省公共资源交易网、中国政府采购网、青海省政府采购网、青海省教育厅、城东区政府、西宁市政府）分别因索引为空、IP 限流、JS 挑战、会话校验失败或仅命中无地址通讯稿而无法提供可引用的原文。搜索索引摘要与第三方（百科/地图 POI）按口径只能作线索、不能单独定区。,https://so.toutiao.com/search?keyword=青海民族大学西昆校区 地址 — 索引摘要显示“西宁市城东区八一中路72号”“建设地点位于青海民族大学西昆校区（西宁市城东区八一中路72号）”，但承载页面为 qhmu.edu.cn，无法打开取证; http://www.qhmu.edu.cn/ 及 zhaosheng./jwc. 等子域 — HTTP 412（加速乐），首页与所有 HTML 路径均不可读; http://search.ccgp.gov.cn/bxsearch?...kw=青海民族大学西昆校区 — 返回“您的访问过于频繁”限流页，检索不可用; http://www.qhggzyjy.gov.cn/ggzy/search/fullsearch.html（青海省公共资源交易网全文检索）及其后端 /inteligentsearch/rest/inteligentSearch/getFullTextData — 索引仅覆盖格尔木(geem)项目，“西昆校区”返回0条; https://www.lzk.hl.cn/search/search_list.jsp（黑龙江省招考网）— 与本条无关，未命中,2026-09-12
PROFILE297_0,4144010578,韩山师范学院,校本部,广东省潮州市区桥东,广东省,潮州市,HARD-BLOCKED,A 上一轮独立复核未通过,复核通过但未过机器门禁: 引文挂不到本条地址/校区名 '校本部'（该记录地址 '广东省潮州市区桥东' 无路名，需：地址连续片段≥6字 / ≥3位门牌 / 或校区名核心与法定区同句）,http://www.ccgp.gov.cn/cggg/dfgg/gkzb/202609/t20260902_27251879.htm — HTTP 200，采购单位地址「潮州市湘桥区桥东」; https://search.ccgp.gov.cn/bxsearch?searchtype=1&page_index=1&kw=韩山师范学院 — 多条公告，采购单位地址口径一致; https://www.hstc.edu.cn/ — 官网反爬拦截，未取得可读邮编地址页（未用作证据）,2026-09-12
PROFILE298_1,4144010576,韶关学院,黄田坝校区,广东省韶关市惠民北路64号韶关学院,广东省,韶关市,RESOLVED,—,第二轮已取得可采来源,https://www.sgu.edu.cn/ 官网首页：页脚『地址：中国.广东省.韶关市浈江区大学路288号』; http://www.sgu.edu.cn/sygk/xxjj.htm 学校简介：『有韶乐园（主校区）、黄田坝、十里亭等校区』，无黄田坝地址；无『惠民北路』; http://www.sgu.edu.cn/zsxxw/zszc/zszc.htm 招生章程页：仅有浈江区大学路; http://www.sgu.edu.cn/zsxxw/info/1037/12048.htm 2025年招生简章：仅有浈江区大学路（正文为图片）; http://zs.sgu.edu.cn/ 招生网：ECONNREFUSED,2026-09-12
PROFILE2447_1,4141014251,驻马店职业技术学院,北校区,河南省驻马店市学院路和顺河路交叉口西北,河南省,驻马店市,HARD-BLOCKED,E 无权威来源,记录地址无门牌且无任何来源命中；可用政府来源指向的是该校另外两条地址，属「同校其他地址」不可用；校网与规划公示均无法定区。,https://www.zmdvtc.edu.cn/ → python TLS 握手失败（SSLError），改用 curl 成功；页脚地址只到市一级; curl 爬取 www.zmdvtc.edu.cn 70 页 → 「驿城区」仅见于「驿城区人民法院」庭审进校园新闻，无校区地址区名; 站内检索「顺河路/学院路/置地大道/校址」→ 0 命中; https://zfcg.henan.gov.cn/henan/search?q=驿城区学院路 → 仅1条 2020 年驿城区园林绿化所设计合同，与本条无关,2026-09-12
PROFILE200_2,4121010178,鲁迅美术学院,大连金石滩校区,辽宁省大连市金州新区金石滩金石路39号,辽宁省,大连市,HARD-BLOCKED,D 功能区/大学城无法定区佐证,鲁迅美术学院官方全站只写功能区「金普新区」(大连金石滩校区：大连市金普新区金石滩金石路39号)，全站 0 处「金州区」。金石滩街道的法定县区确为金州区，但按红线禁止把功能区直接翻译成法定区，也禁止用「道路通常在某区」推断。缺一份把「金石路39号 / 鲁美大连校区」与法定区「金州区」同写的官方或政府原文。地址含路名+门牌，不能用校区名挂钩例外。,so.toutiao.com/search?keyword=金石路39号 鲁迅美术学院 金州区（命中 lumei.edu.cn 首页、es.dljp.gov.cn 金普新区企业服务平台）; https://www.lumei.edu.cn/（官网，无金州区）; https://es.dljp.gov.cn/（SPA，正文不可读）,2026-09-12
PROFILE2914_0,4141014352,鹤壁汽车工程职业学院,淇滨校区,河南省鹤壁市职教园区,河南省,鹤壁市,RESOLVED,—,第二轮已取得可采来源,https://www.hbqcxy.com/ — curl timeout；WebFetch 60000ms timeout; http://www.hbqcxy.com/ — timeout; http://search.ccgp.gov.cn/bxsearch?kw=鹤壁汽车工程职业学院&timeType=5 — 0 条; https://so.toutiao.com/search?keyword=鹤壁汽车工程职业学院 河南省鹤壁市淇滨区 — 第三方院校库“淇滨校区:河南省鹤壁市职教园区”; https://so.toutiao.com/search?keyword=河南省鹤壁市淇滨区职教园区 大学路 — 仅第三方聚合站（鹤壁技师学院）; http://www.hbjsxy.cn/ — 页面需 JS/加速，无可读正文,2026-09-12
PROFILE954_0,4136012937,鹰潭职业技术学院,校本部,江西省鹰潭市信江新区滨江东路2号,江西省,鹰潭市,HARD-BLOCKED,E 无权威来源,官方（学校官网＋省教育厅核准章程）一致使用功能区名，无法定区；政府侧检索被 JS 渲染／缺 websiteid 阻断，未绕过访问控制。,http://www.jxsfgz.com/（同市另一校，仅作对照）→ 200，无该校信息; 候选域名探测：ytzy.edu.cn / www.ytzy.edu.cn / ytvtc.cn / jxytzy.com / ytzyxy.com / jxytzyxy.edu.cn → 000（不可达）；ytzyjsxy.com → 301 跳转到 666.zhihu.click 垃圾站，非学校站点; https://so.toutiao.com/search?keyword=鹰潭职业技术学院 滨江东路2号 → 无相关结果; https://so.toutiao.com/search?keyword=月湖区 滨江东路 鹰潭职业技术学院 信江新区 → 仅月湖区政府首页，无该校地址,2026-09-12
PROFILE469_0,4141011834,黄河科技学院,南校区,河南省郑州市紫荆山南路666号,河南省,郑州市,RESOLVED,—,第二轮已取得可采来源,https://www.hhstu.edu.cn/ — 首页「郑州市紫荆山南路666号(南校区)」，无区名; http://xxgk.hhstu.edu.cn/ — 信息公开网「地址：郑州市紫荆山南路666号（黄河科技学院南校区）」，无区名; http://hqjt.hhstu.edu.cn/index.htm — 后勤集团「学校校址：河南省郑州市航海中路94号(北校区) 郑州市紫荆山南路666号(南校区)」，无区名; http://mksxy.hhstu.edu.cn/ — 「地址：郑州市紫荆山南路666号(南校区)」，无区名; https://fszz.hhstu.edu.cn/lxwm.htm — 「地址:郑州市紫荆山南路666号」，无区名; https://so.toutiao.com/search?keyword=紫荆山南路666号 — 「管城回族区」仅见于太平洋汽车网等第三方; https://so.toutiao.com/search?keyword=黄河科技学院 南校区 紫荆山南路666号 管城回族区 — 结果区未渲染; https://so.toutiao.com/search?keyword=黄河科技学院 管城回族区 紫荆山南路 — 官方命中仅为区校合作新闻（不构成地址证据）; https://so.toutiao.com/search?keyword=黄河科技学院 南大门 批复 管城回族区 — 无 gov.cn 来源，无区名,2026-09-13
PROFILE884_1,4141010918,黄淮学院,医学院校区,河南省驻马店市盘龙山路北段2628号,河南省,驻马店市,HARD-BLOCKED,E 无权威来源,一手官方（校方）文本无区名；唯一可用的政府区名表述挂在另一所学校名下且无门牌，不满足「地址完全／高度一致」；把同一路段推出区划属禁止的推断。,https://www.huanghuai.edu.cn/ — 首页「地址：河南省驻马店市开源大道76号」，无区名; https://www.huanghuai.edu.cn/xxgkPG/xxjjXW/index.htm — 学校简介，仅「位于…驻马店市」，无区名; https://nursing.huanghuai.edu.cn/xzlm/zszx01/86d00670e8ec4ea6a1c7714e8f608e32.htm — 医学院官网「学校地址：…盘龙山路北段2628号（医学院校区）」，无区名; https://zhaosheng.huanghuai.edu.cn/bkzn/c9c6d29265f64ba296a758ed59e093dd.htm — 招生章程第四条同址，无区名; https://so.toutiao.com/search?keyword=盘龙山路北段2628号 — 命中官方医学院页面，均无区名; https://so.toutiao.com/search?keyword=黄淮学院 盘龙山路2628号 — 无区名; https://so.toutiao.com/search?keyword=黄淮学院医学院 驿城区 — 「驿城区」仅见于驻马店民盟、天中大公关网等非校址条目,2026-09-12
PROFILE740_3,4123013730,黑龙江三江美术职业学院,办学地点（档案未命名）,香坊区与阿城区交界处）,黑龙江省,佳木斯市,HARD-BLOCKED,C 地址冲突,记录地址片段指向哈尔滨市香坊区/阿城区（不在 allowed_districts=佳木斯市法定区集合内），与该记录 city 字段冲突；无路名/门牌且缺校区名，无法使用校区名挂钩；跨市导致允许区集合不匹配。,未发起抓取：地址残缺且位于哈尔滨市（香坊区/阿城区交界），两区均不在 allowed_districts（佳木斯市辖区）内，结构上不成立,2026-09-12
PROFILE740_2,4123013730,黑龙江三江美术职业学院,哈尔滨新校区,哈尔滨龙美路1号（长江路南段,黑龙江省,佳木斯市,HARD-BLOCKED,H 其他,本条 campus 位于哈尔滨市（来源原文自述香坊区/阿城区交界），而 c 字段与 allowed_districts 全部是佳木斯市辖区，二者互斥；d 必须在 allowed_districts 内，故不存在可接受的答案。这是记录 city 归属错误 + allowed_districts 由错误 city 派生导致的结构性阻断，不是检索能力问题。,未发起抓取：地址在哈尔滨市，而 city=佳木斯市、allowed_districts 全为佳木斯辖区，结构上不匹配；且地址字段残缺（「哈尔滨龙美路1号（长江路南段」）,2026-09-12
PROFILE427_0,4123010223,黑龙江八一农垦大学,办学地点（档案未命名）,黑龙江省大庆市高新区新风路5号,黑龙江省,大庆市,HARD-BLOCKED,C 地址冲突,政府/官方来源（历史建筑通知、校方简介、市公安局回复）只写「开发区/高新区新风路5号」这一功能区地址，无任何法定区；高新区跨萨尔图区与龙凤区，禁止字典式换算，第三方两说冲突。,https://www.byau.edu.cn/ — 打开成功，页脚「地址：黑龙江省大庆市高新区新风路５号」，无法定区; http://dhp.daqing.gov.cn/ — 打开成功（大庆高新区管委会官网），无行政区归属表述，新闻标题「李世峰到高新区龙凤区萨尔图区调研」反将三者并列; https://www.daqing.gov.cn/ — 打开成功，仅见县区网站链接「高新区 http://dhp.daqing.gov.cn/」，无归属说明; https://so.toutiao.com/search?keyword=黑龙江八一农垦大学 新增风路5号 萨尔图区 — 命中吉林大学就业网转载招聘「单位地址 黑龙江省大庆市萨尔图区」（非门牌级、非官网原文）; https://so.toutiao.com/search?keyword=萨尔图区新风路5号 — 仅得第三方地图写「龙凤区新风路5号」，与上一线索冲突,2026-09-12
PROFILE737_1,4123012727,黑龙江农垦职业学院,宾西校区,黑龙江省哈尔滨市宾西开发区大学城1号,黑龙江省,哈尔滨市,HARD-BLOCKED,D 功能区/大学城无法定区佐证,学校全部官方页面(含宾西校区各二级学院子站页脚)对宾西校区一律只写功能区「宾西开发区」：原文「地址：黑龙江省哈尔滨市宾西开发区大学城1号 邮编：150431」，无「宾县」。宾西经济技术开发区法定属宾县，但按红线不得把功能区翻译成法定区，也不得按邮编(150431)猜区或按「道路通常在某区」推断。缺一份政府/官方来源把「宾西开发区大学城1号」或「黑龙江农垦职业学院宾西校区」与「宾县」同写。地址含门牌「1号」，不适用校区名挂钩例外。,https://zs.hljnkzy.edu.cn/ — 打开成功，页脚仅「地址：黑龙江省哈尔滨市利民开发区学院路660号」，无宾西校区地址; https://zs.hljnkzy.edu.cn/info/1005/8341.htm — 打开成功，正文为 PDF 附件；提取文本得「报到地点：黑龙江省哈尔滨市宾西开发区大学城 1 号」，无法定区; https://www.hljnkzy.edu.cn/index.htm — 打开成功，页脚只有江北校区地址，无宾西校区法定区; http://www.chinabx.gov.cn/hebbx/c109514/binxian.shtml — 打开成功，宾县概况只写 5乡12镇，未提宾西开发区与大学城; http://www.chinabx.gov.cn/hebbx/tzgg/gklist.shtml — 打开成功，通知公告无大学城/开发区地块公示; http://search.ccgp.gov.cn/bxsearch?...kw=宾西开发区大学城 — 返回「频繁访问!中国政府采购网」，本出口 IP 58.213.197.10 被限流; https://www.so.com/s、https://www.sogou.com/web — 均跳验证码/异常页面，无法检索,2026-09-12
