campus_id,uid,school,campus,address,province,city,round1_category,round2_status,current_gap,round1_reason,round2_reason,round2_blocked_attempted,round2_blocked_unlock,attempted_sources,last_reviewed
PROFILE1077_0,,文华学院,办学地点（档案未命名）,湖北省武汉市东湖高新技术开发区文华园路8号,湖北省,武汉市,M 商业地图定区补救（V5.4 遗留）,HARD-BLOCKED,yes,V5.4 期间以商业地图 POI 定区（landed_d=洪山区）,全库检索后仍无「政府/官方来源 + 洪山区 + 文华园路8号（或同一路名）」的原文；现有唯一写法是功能区名，法定区仅存在于商业地图 POI 与 UGC 文本中。,,,,2026-09-12
PROFILE1114_0,,郑州经贸学院,主校区,河南省郑州市南龙湖宜居教育园区双湖大道2号,河南省,郑州市,M 商业地图定区补救（V5.4 遗留）,HARD-BLOCKED,yes,V5.4 期间以商业地图 POI 定区（landed_d=新郑市）,无任何可打开的政府/官方页面原文同时含「新郑市」与「双湖大道2号/双湖大道」。土地市场网的政府记录仅见于检索摘要，无法打开原文核验，不得作为证据。,,,,2026-09-12
PROFILE1328_0,,黑龙江外国语学院,办学地点（档案未命名）,黑龙江省哈尔滨市利民开发区师大南路1号,黑龙江省,哈尔滨市,M 商业地图定区补救（V5.4 遗留）,HARD-BLOCKED,yes,V5.4 期间以商业地图 POI 定区（landed_d=呼兰区）,学校官网自述地址为“哈尔滨市利民开发区师大南路1号”（功能区名，非法定区）。可用的两条政府检索通道均不可用：哈尔滨市政府站检索 www.harbin.gov.cn/so/s 为 JS 渲染，后端 p.so-gov.cn/query/s 三种参数形式均返回“系统维护中”；黑龙江省教育厅 jyt.hlj.gov.cn 使用同一 so-gov 平台（/so/s?qt=），同样不可用；呼兰区政府 www.hulan.gov.cn 站内检索表单无 action、试 /search.shtml 返回 404 nginx，均无法检索。,,,,2026-09-12
PROFILE1433_0,,武昌职业学院,办学地点（档案未命名）,湖北省武汉市江夏经济开发区藏龙岛办事处中洲大道98号,湖北省,武汉市,M 商业地图定区补救（V5.4 遗留）,RESOLVED,no,V5.4 期间以商业地图 POI 定区（landed_d=江夏区）,已改用可采权威来源,,,http://www.jiangxia.gov.cn/ztzl/sqxzjc/qzgbm/whsjxqjyj_97228/202607/t20260706_2817150.shtml,2026-09-12
PROFILE1530_1,,中原科技学院,郑州校区,河南省郑州市郑东新区郑开大道50号,河南省,郑州市,M 商业地图定区补救（V5.4 遗留）,HARD-BLOCKED,yes,V5.4 期间以商业地图 POI 定区（landed_d=中牟县）,不存在可打开的政府/官方页面原文同时含「中牟县」与「郑开大道50号（或郑开大道）」。,,,,2026-09-12
PROFILE1650_0,,山西工程技术学院,办学地点（档案未命名）,山西省阳泉市开发区学院路1号,山西省,阳泉市,M 商业地图定区补救（V5.4 遗留）,HARD-BLOCKED,yes,V5.4 期间以商业地图 POI 定区（landed_d=郊区）,学校官网“联系地址：山西省阳泉市开发区学院路1号”，无“郊区”。阳泉市郊区人民政府门户（www.yqjq.gov.cn）检索表单指向 /was5/web/search（POST），以 searchword/山西工程技术学院 等参数实测返回 404 Not Found（nginx），检索未部署；阳泉市政府 www.yq.gov.cn 检索跳转 irs-c-web/yqszf/search.shtml，其结果为 Vue 前端模板，检索 JSON 接口未定位成功，未能取得任何把“郊区”与“学院路1号”同现的政府文本。,,,,2026-09-12
PROFILE1674_0,,铁岭师范高等专科学校,办学地点（档案未命名）,辽宁省铁岭市凡河新区黑龙江路45号,辽宁省,铁岭市,M 商业地图定区补救（V5.4 遗留）,HARD-BLOCKED,yes,V5.4 期间以商业地图 POI 定区（landed_d=铁岭县）,辽宁省教育厅全站检索是唯一可用的政府检索通道：检索“黑龙江路”返回 0 条；检索“铁岭师范高等专科学校”13 条均为职教升格答复、双选会新闻、单招院校名单，均不含校址与法定区；检索“凡河新区”仅 2 条且无该校地址。铁岭市政府与铁岭县政府门户均为同一套 /search/pcRender，POST/GET 实测返回固定总数、查询词被忽略；学校官网域名（tlsz.edu.cn、tlszedu.cn、tlptc.edu.cn、tlsf.cn、lntlsz.cn 等）均不解析，tlsf.com.cn 为无关站点，未找到官网地址页。,,,,2026-09-12
PROFILE1923_1,,焦作大学,北校区,河南省焦作市工业路458号,河南省,焦作市,M 商业地图定区补救（V5.4 遗留）,RESOLVED,no,V5.4 期间以商业地图 POI 定区（landed_d=山阳区）,已改用可采权威来源,,,http://hnsggzyjy.henan.gov.cn/jyxx/002002/002002003/20230524/7ce54586-3aa6-4232-95ef-fc230a172d1c.html,2026-09-12
PROFILE2031_0,,长沙电力职业技术学院,办学地点（档案未命名）,湖南省长沙市经济技术开发区盼盼路（泉塘）,湖南省,长沙市,M 商业地图定区补救（V5.4 遗留）,HARD-BLOCKED,yes,V5.4 期间以商业地图 POI 定区（landed_d=长沙县）,无政府/官方原文同时含「长沙县」与「盼盼路（挂靠长沙电力职业技术学院或盼盼路门牌）」。,,,,2026-09-12
PROFILE2042_0,,湖南软件职业技术大学,和平校区（老校区）,湖南省湘潭市湘潭经济技术开发区开源路25号,湖南省,湘潭市,M 商业地图定区补救（V5.4 遗留）,RESOLVED,no,V5.4 期间以商业地图 POI 定区（landed_d=雨湖区）,已改用可采权威来源,,,http://gxt.hunan.gov.cn/gxt/rkb/jsjbkxz/202305/t20230519_29344932.html,2026-09-12
PROFILE2042_1,,湖南软件职业技术大学,九华校区（新校区）,湖南省湘潭市湘潭经济技术开发区湘江路15号,湖南省,湘潭市,M 商业地图定区补救（V5.4 遗留）,HARD-BLOCKED,yes,V5.4 期间以商业地图 POI 定区（landed_d=雨湖区）,无政府/官方原文同时含「雨湖区（或其他法定区）」与「湘江路15号」，且九华校区唯一可用证据不得由和平校区外推。,,,,2026-09-12
PROFILE215_0,,沈阳化工大学,办学地点（档案未命名）,沈阳经济技术开发区11号街,辽宁省,沈阳市,M 商业地图定区补救（V5.4 遗留）,HARD-BLOCKED,yes,V5.4 期间以商业地图 POI 定区（landed_d=铁西区）,校方最权威的自述是《沈阳化工大学章程》第二条『学校校址：辽宁省沈阳市沈阳经济技术开发区11号街』与官网页脚『地址：沈阳经济技术开发区11号街』——只有功能区，无『铁西区』。唯一把学校与『铁西区』写在同一页的校方来源是 https://www.syuct.edu.cn/info/1046/5077.htm（『大中小学思政课一体化建设工作研讨会暨铁西区大中小学思政课一体化建设工作交流会』，沈阳市铁西区教育局共同主办，会议在沈阳化工大学举行），但该引文的主体是铁西区教育局与会议，不含本 campus 的道路名『11号街』，不满足“引文必须能挂到本条 campus 地址且道路名出现”的门槛。把『沈阳经济技术开发区』直接折算成『铁西区』属被明令禁止的“功能区名直接翻译成法定区”。沈阳市政府/铁西区政府检索通道为 Vue SPA（/dist/index.html，接口 /search_show 需登录态，直接请求 404），省教育厅站亦无可用检索。,,,,2026-09-12
PROFILE2254_0,,陕西科技大学镐京学院,办学地点（档案未命名）,陕西省西安市西咸新区沣西新城统一大道,陕西省,西安市,M 商业地图定区补救（V5.4 遗留）,HARD-BLOCKED,yes,V5.4 期间以商业地图 POI 定区（landed_d=秦都区）,本校区的真实法定区是咸阳市秦都区（西咸新区沣西新城为功能区，托管秦都区钓台街道等），不在本条 allowed_districts（全部为西安市辖区）内；闭集内任何一个区都无法被证据支持，且地图给定值本身就跨市。,,,,2026-09-12
PROFILE2390_0,,杭州师范大学钱江学院,办学地点（档案未命名）,浙江省杭州市江干区下沙高教园区学林街16号,浙江省,杭州市,M 商业地图定区补救（V5.4 遗留）,HARD-BLOCKED,yes,V5.4 期间以商业地图 POI 定区（landed_d=钱塘区）,"全站检索显示：本校区地址在政府/官方来源中一律写成""杭州市下沙高教园区学林街16号""（历史""江干区""写法已被区划调整抹去），没有任何政府或官方来源写出""钱塘区学林街16号""或""钱塘区下沙高教园区学林街16号""；""钱塘区""只出现在承办单位等非地址语境。缺少能把 d 逐字挂到本条地址的引文。 【回滚未生效·如实记录】本条 overrides 已清空 d，但构建期 build.py 的地址级推断又填回 钱塘区（districtInferenceMethod=exact-same-city-address-inheritance，districtSourceKind=address-inherited）。该推断是项目既有的、仅凭地址确定性的机制（同城同地址/地址内逐字法定区名），非地图 POI；是否收紧属另一项改动，本轮不改，但本条在覆盖统计中仍计为「已到最低法定边界」，并非城市级缺口。",,,,2026-09-12
PROFILE2530_0,,哈尔滨远东理工学院,办学地点（档案未命名）,黑龙江省哈尔滨市利民开发区学院路时代大街158号,黑龙江省,哈尔滨市,M 商业地图定区补救（V5.4 遗留）,RESOLVED,no,V5.4 期间以商业地图 POI 定区（landed_d=呼兰区）,已改用可采权威来源,,,https://www.hfeit.edu.cn/intro/weizhi.html,2026-09-12
PROFILE2606_0,,福建江夏学院,办学地点（档案未命名）,福建省福州市溪源宫路2号,福建省,福州市,M 商业地图定区补救（V5.4 遗留）,HARD-BLOCKED,yes,V5.4 期间以商业地图 POI 定区（landed_d=闽侯县）,"该校区位于福州地区大学新校区（闽侯县上街镇），但学校自身与政府来源均只写到""福州地区大学新校区溪源宫路2号""或""福州地区大学新校区""，从不写出""闽侯县""；府级站点检索该门牌 0 命中。既无 Level 1/2，也无法构造含""闽侯县+溪源宫路""的 Level 3 佐证。",,,,2026-09-12
PROFILE2662_0,,苏州工业园区服务外包职业学院,办学地点（档案未命名）,苏州市工业园区科教创新区松涛街208号,江苏省,苏州市,M 商业地图定区补救（V5.4 遗留）,HARD-BLOCKED,yes,V5.4 期间以商业地图 POI 定区（landed_d=虎丘区）,"校园落在苏州工业园区（功能区）范围内，项目现有法定区闭集包含虎丘区/吴中区/姑苏区等，但没有政府或官方来源把""松涛街208号""与其中任一个区名写在一起；园区管委会检索被限流，苏州市智能搜索为前端 JS，省级政府采购与自然资源检索未命中该门牌。地图给""虎丘区""本身属自动地理编码，不得作证据。",,,,2026-09-12
PROFILE3089_0,,徐州幼儿师范高等专科学校,洞山校区,江苏徐州经济技术开发区桃园路6号,江苏省,徐州市,M 商业地图定区补救（V5.4 遗留）,HARD-BLOCKED,yes,V5.4 期间以商业地图 POI 定区（landed_d=鼓楼区）,"该校区地址在官方来源中一律止于功能区名""徐州经济技术开发区""（托管街道属功能区口径），没有任何政府或官方来源把""桃园路6号""与""鼓楼区""写在同一句；中国政府采购网的""行政区域""字段也只到""徐州市""。无引文可承载 d。",,,,2026-09-12
PROFILE3089_1,,徐州幼儿师范高等专科学校,碧螺校区,徐州经济技术开发区洞山路17号,江苏省,徐州市,M 商业地图定区补救（V5.4 遗留）,HARD-BLOCKED,yes,V5.4 期间以商业地图 POI 定区（landed_d=鼓楼区）,"该校区的地址在公开来源中甚至难以检索到（学校官网正文只出现洞山校区地址），且没有任何政府/官方来源把""洞山路17号""与""鼓楼区""并列写出。无引文可承载 d。",,,,2026-09-12
PROFILE3249_1,,江西水利职业学院,校址二,江西省赣江新区永修组团湖东新区纵一路1号,江西省,南昌市,M 商业地图定区补救（V5.4 遗留）,HARD-BLOCKED,yes,V5.4 期间以商业地图 POI 定区（landed_d=永修县）,真实法定区是九江市永修县（永修组团），不在本条仅含南昌市辖区县的闭集内；闭集内任何区县都无法被证据支持。,,,,2026-09-12
PROFILE3329_0,,吉林水利电力职业学院,办学地点（档案未命名）,吉林省长春市净月开发区聚业大街6566号,吉林省,长春市,M 商业地图定区补救（V5.4 遗留）,HARD-BLOCKED,yes,V5.4 期间以商业地图 POI 定区（landed_d=南关区）,"该校区位于长春净月高新技术产业开发区（功能区），地址在官方来源中从不带法定区；净月高新区在长春市政府门户中与""行政区划""并列单列。府级站内检索门牌 0 命中，未找到把""聚业大街6566号""与""南关区""写在一起且属于本校区地址的引文。",,,,2026-09-12
PROFILE3332_0,,石家庄城市经济职业学院,主校区,河北省石家庄市经济技术开发区岗上镇文明路12号,河北省,石家庄市,M 商业地图定区补救（V5.4 遗留）,RESOLVED,no,V5.4 期间以商业地图 POI 定区（landed_d=藁城区）,已改用可采权威来源,,,http://www.gc.gov.cn/columns/a9b3c0b8-2c08-400e-b0f2-05d06e7ba615/202112/21/f421a725-9514-4afd-a460-033602a5151a.html,2026-09-12
PROFILE3342_0,,盐城幼儿师范高等专科学校,学海路校区,江苏省盐城市高职园区学海路28号,江苏省,盐城市,M 商业地图定区补救（V5.4 遗留）,RESOLVED,no,V5.4 期间以商业地图 POI 定区（landed_d=盐都区）,已改用可采权威来源,,,https://zsjyc.yyz.edu.cn/2022/0919/c1463a19389/pagem.htm,2026-09-12
PROFILE3342_1,,盐城幼儿师范高等专科学校,海洋路校区,江苏省盐城市高职园区海洋路28号,江苏省,盐城市,M 商业地图定区补救（V5.4 遗留）,RESOLVED,no,V5.4 期间以商业地图 POI 定区（landed_d=盐都区）,已改用可采权威来源,,,https://zsjyc.yyz.edu.cn/2022/0919/c1463a19389/pagem.htm,2026-09-12
PROFILE3368_0,,三门峡社会管理职业学院,办学地点（档案未命名）,河南省三门峡市职业教育园区学府路,河南省,三门峡市,M 商业地图定区补救（V5.4 遗留）,HARD-BLOCKED,yes,V5.4 期间以商业地图 POI 定区（landed_d=灵宝市）,无任何官方/政府来源写出「法定区名+学府路」或该校区宗地所属行政区/村集体；学校仅写功能区「三门峡城乡一体化示范区」，政府侧站内检索不可用，地图落点灵宝市无独立佐证。,,,,2026-09-12
PROFILE3369_0,,河南测绘职业学院,办学地点（档案未命名）,郑州市郑东新区工贸路30号,河南省,郑州市,M 商业地图定区补救（V5.4 遗留）,HARD-BLOCKED,yes,V5.4 期间以商业地图 POI 定区（landed_d=中牟县）,无法定来源把「中牟县」与「工贸路30号」写在同一地址上；仅有同一路名不同宗地的征收预公告与无法定区的功能区地址。,,,,2026-09-12
PROFILE3461_0,,安徽艺术学院,丹霞路校区,安徽省合肥市经济技术开发区大学城丹霞路8号,安徽省,合肥市,M 商业地图定区补救（V5.4 遗留）,HARD-BLOCKED,yes,V5.4 期间以商业地图 POI 定区（landed_d=蜀山区）,学校自述只有校区名无区名；合肥/蜀山区政府站点被拒（HTTP 521）；so-gov 未收录合肥相关站点；无任何来源写出「蜀山区丹霞路8号」。,,,,2026-09-12
PROFILE3641_0,,山东城市服务职业学院,办学地点（档案未命名）,山东省烟台市高新区科创西路60号,山东省,烟台市,M 商业地图定区补救（V5.4 遗留）,HARD-BLOCKED,yes,V5.4 期间以商业地图 POI 定区（landed_d=莱山区）,无任何政府/官方来源写出「莱山区（或其它法定区）+科创西路60号」；功能区「烟台高新区」无独立法定区映射证据；莱山区政府网/住建局公示均无科创西路。,,,,2026-09-12
PROFILE3643_1,,郑州食品工程职业学院,太湖路校区,郑州航空港区华夏大道与太湖路交叉口,河南省,郑州市,M 商业地图定区补救（V5.4 遗留）,HARD-BLOCKED,yes,V5.4 期间以商业地图 POI 定区（landed_d=新郑市）,无任何官方/政府来源把「新郑市」与「太湖路/华夏大道」写在同一地址上；航空港区规划公示仅含路名无法定区；新郑市政府站内搜索不可用。,,,,2026-09-12
PROFILE3670_0,,郑州软件职业技术学院,办学地点（档案未命名）,郑州航空港经济综合实验区南海大道36号,河南省,郑州市,M 商业地图定区补救（V5.4 遗留）,HARD-BLOCKED,yes,V5.4 期间以商业地图 POI 定区（landed_d=新郑市）,官方/政府来源对『南海大道36号』一律只给功能区名『郑州航空港经济综合实验区』，无任何法定县级单元；唯一含『南海大道』的政府文件是不同宗地，不能作门牌定区。,,,,2026-09-12
PROFILE3767_0,,南通卫生健康职业学院,办学地点（档案未命名）,江苏省南通经济技术开发区振兴东路288号,江苏省,南通市,M 商业地图定区补救（V5.4 遗留）,HARD-BLOCKED,yes,V5.4 期间以商业地图 POI 定区（landed_d=崇川区）,政府来源只写功能区『南通经济技术开发区』；无任何政府/官方来源把振兴东路288号逐字落到『崇川区』。,,,,2026-09-12
PROFILE411_0,,吉林外国语大学,办学地点（档案未命名）,吉林省长春市净月国家高新技术产业开发区净月大街3658号,吉林省,长春市,M 商业地图定区补救（V5.4 遗留）,HARD-BLOCKED,yes,V5.4 期间以商业地图 POI 定区（landed_d=南关区）,学校官方全部页面只写'长春市净月大街3658号'(无区名)；长春市政府门户与净月高新区管委会站内检索均无该门牌结果，故 landed_d=南关区 无合法来源支撑(原 landed_evidence 引用的门址地图属禁止来源)。,,,,2026-09-12
PROFILE870_0,,抚州医药学院,南校区,江西省抚州市文昌大道2766号,江西省,抚州市,M 商业地图定区补救（V5.4 遗留）,HARD-BLOCKED,yes,V5.4 期间以商业地图 POI 定区（landed_d=临川区）,政府/官方来源对该门牌只给功能区（高新区）或不给区；唯一含『临川区』的同址原文出自商业站转载，规则禁止商业站作佐证；原始抚州市卫健委公告经专栏页/jsearch/分页接口均取不到正文。,,,,2026-09-12
PROFILE927_0,,江西司法警官职业学院,办学地点（档案未命名）,江西省南昌市昌北经济技术开发区长青路76号,江西省,南昌市,M 商业地图定区补救（V5.4 遗留）,HARD-BLOCKED,yes,V5.4 期间以商业地图 POI 定区（landed_d=新建区）,官方来源无区；司法厅快照给的是功能区『红谷滩新区』且与记录地址不符、页面正文不可读；无任何政府原文把长青路76号逐字落到法定区『新建区』。,,,,2026-09-12
PROFILE931_0,,江西电力职业技术学院,办学地点（档案未命名）,江西省南昌市昌北经济开发区海棠南路666号,江西省,南昌市,M 商业地图定区补救（V5.4 遗留）,HARD-BLOCKED,yes,V5.4 期间以商业地图 POI 定区（landed_d=新建区）,政府/官方来源只到功能区『昌北经济开发区/南昌经济技术开发区』；含海棠南路的政府批复是它宗地块且无区；含该门牌的招聘公告为商业站转载。无任何政府原文把海棠南路666号逐字落到法定区。,,,,2026-09-12
PROFILE948_0,,江西应用技术职业学院,办学地点（档案未命名）,江西省赣州市蓉江新区文峰路9号,江西省,赣州市,M 商业地图定区补救（V5.4 遗留）,HARD-BLOCKED,yes,V5.4 期间以商业地图 POI 定区（landed_d=章贡区）,官方来源只写功能区『蓉江新区』；与『章贡区』同现的地址要么属它校区（红旗大道27号），要么属它实体（白云小学文峰路校区），不能用于本 campus；无政府原文把文峰路9号逐字落到章贡区。,,,,2026-09-12
V53_HEN_SMx_01,,,,,河南省,三门峡市,M 商业地图定区补救（V5.4 遗留）,HARD-BLOCKED,yes,V5.4 期间以商业地图 POI 定区（landed_d=灵宝市）,官方/政府来源只给功能区『城乡一体化示范区』；唯一行政区为灵宝市的政府文件是它宗土地出让公告；无政府原文把学府路3号逐字落到法定区（灵宝市或陕州区）。,,,,2026-09-12
PROFILE1014_0,4122011439,吉林农业科技学院,九站校区,吉林省吉林市吉林经济技术开发区翰林路77号,吉林省,吉林市,D 功能区/大学城无法定区佐证,RESOLVED,no,functional_zone_only,government,,,http://www.jlcity.gov.cn/bmwz/hbj/zcfg/shbjgfxwj/202512/t20251209_1298359.html — 吉林市人民政府禁燃区通告：逐字含「昌邑区（含经开区）…翰林路」与「翰林路-吉林农业科技学院围墙」，命中; http://www.jleda.gov.cn/tzgg/202608/t20260814_1332343.html — 吉林经开区不可移动文物名录：仅「吉林经济技术开发区九站街道 翰林路 77 号」功能区; http://www.jlscy.gov.cn/zjcy/201706/t20170613_61740.html — 昌邑区政府《区划变更》：1998 年九站街道划出（与市政府现行口径冲突）; https://www.jlnku.edu.cn/ — 吉林农业科技学院官网：仅功能区地址; https://so.toutiao.com/search?keyword=吉林农业科技学院 九站校区 昌邑区,2026-09-12
PROFILE1015_0,4142012980,随州职业技术学院,办学地点（档案未命名）,湖北省随州市迎宾大道38号,湖北省,随州市,H 其他,RESOLVED,no,other,government,,,站内检索命中并逐字核对: http://www.suizhou.gov.cn/zwgk/xxgk/xxgkzfcg/zbjggg/202311/t20231120_1170282.shtml; 随州市人民政府站内检索后端(POST): http://www.suizhou.gov.cn/ssp/search/api/search?keyWord=曾都区迎宾大道38号&siteId=ff8080818bd0e0db018bd1839c460001; 随州市人民政府站内检索后端(POST): keyWord=随州职业技术学院 / keyWord=迎宾大道38号; 曾都区人民政府站内检索后端(POST): http://www.zengdu.gov.cn/ssp/search/api/search?keyWord=随州职业技术学院 / 迎宾大道 / 职业技术学院 （均 0 命中，该站索引未覆盖教育栏目）; http://www.zengdu.gov.cn/zwgk/fdzdgknr/shsyjs/jy/zdjyxx/202605/t20260514_1426197.shtml （曾都区教育局页：地址=湖北省随州市迎宾大道38号随州职业技术学院云桂楼，但主角是随州机电工程学校，且正文无「曾都区」字样，未采用）; https://xxgk.szvtc.edu.cn/ （校信息公开网：地址只有「湖北省随州市迎宾大道38号」，无区名）,2026-09-12
PROFILE1017_1,4143013041,长沙南方职业学院,方舟校区,湖南省长沙市湘江新区金山桥培文路,湖南省,长沙市,D 功能区/大学城无法定区佐证,RESOLVED,no,functional_zone_only,government,,,http://www.yuelu.gov.cn/yl_xxgk/bmxxgkml/qwjj/tzgg/202311/t20231123_11296799.html; http://www.yuelu.gov.cn/yl_xxgk/bmxxgkml/qwjj/tzgg/202412/t20241224_11695949.html; https://searching.hunan.gov.cn/hunan/971101000/all?q=培文路; https://searching.hunan.gov.cn/hunan/971101000/all?q=方舟校区医务室; https://api.so-gov.cn/query/s siteCode=4301120002 qt=培文路/方舟校区,2026-09-12
PROFILE1020_0,4135010392,福建医科大学,旗山校区,福建省福州市大学新区学府北路1号,福建省,福州市,D 功能区/大学城无法定区佐证,RESOLVED,no,functional_zone_only,government,,,https://www.minhou.gov.cn/xjwz/zwgk/gzdt/bmdt/202201/t20220104_4284045.htm; 闽侯县人民政府门户站内检索: 学府北路1号 / 福建医科大学旗山校区,2026-09-12
PROFILE1021_1,4135010393,福建中医药大学,屏山校区,福建省福州市五四路282号,福建省,福州市,E 无权威来源,RESOLVED,no,no_authoritative_source,official,,,http://bgs.fjtcm.edu.cn/2025/0422/c595a104240/page.htm,2026-09-12
PROFILE1026_0,4142010920,湖北理工学院,办学地点（档案未命名）,湖北省黄石市桂林北路16号,湖北省,黄石市,E 无权威来源,RESOLVED,no,no_authoritative_source,校方自己给该门牌时只到「黄石市」；政府侧唯一带「下陆区」的原文属于招标代理公司地址（不同主体、不同门牌），不得移用为学校的区名证据。,①抓取官网/简介/采购公告列表与多篇详情；②抓取湖北省政府采购网多篇公告并逐条区分采购人与代理地址；③尝试黄石市人社局考点公告（403）；④尝试国家级政府采购网全文检索（服务器 IP 被限流）；⑤尝试学校招生章程（JS 渲染/跳转商业站，无正文）。,需出现「下陆区」或「黄石港区」等与「桂林北路16号」同句的官方或政府原文：黄石市人社局/湖北省人事考试院考点公告（考点地址含区名）、消防救援机构重点单位公示、生态环境部门环评/排污许可公示的建设地点、或政府采购公告中的采购人地址（含区名）。,https://www.hbpu.edu.cn/（页脚「地址：湖北省黄石市桂林北路16号」）; https://www.hbpu.edu.cn/xxgk/xxjj.htm（学校简介，仅页脚门牌）; https://www.hbpu.edu.cn/cgxx/cggg.htm 及 info/1153/38364.htm、38377.htm、38407.htm、38244.htm（采购人地址仅门牌；下陆区仅出现在代理公司地址）; http://www.ccgp-hubei.gov.cn/notice/202311/notice_6143030890d2480c8a1d8d517ffb5e22.html（采购人地址「湖北省黄石市桂林北路16号」，代理「黄石市下陆区广州路5号」）; http://zsxx.hbpu.edu.cn/（招生工作处，仅跳转商业平台 zhinengdayi.com/hbpu，无正文）; https://www.hbpu.edu.cn/zsjy/zsxx.htm（404）,2026-09-13
PROFILE102_2,4135010384,厦门大学,漳州校区,福建省漳州招商局经济技术开发区南滨大道300号,福建省,厦门市,H 其他,HARD-BLOCKED,yes,other,校区实体位于漳州市，而记录 allowed_districts 限定为厦门市六区；漳州招商局经济技术开发区又只是功能区而非法定区名。无论证据多充分，都无法在允许闭集内写出合法 d。,解析记录地址行政层级（漳州市境内的功能区）；对照 allowed_districts 全为厦门市各区，确认无交集；检索 query：『厦门大学漳州校区 属于哪个区 漳州市』『厦门大学漳州校区 地址 龙海区』；上一轮 reject 结论复核一致。,需人工确认该 campus 的归属市应为漳州市，并把 allowed_districts 由厦门市六区改为漳州市法定区（如龙海区），方可据漳州市/龙海区政府公开文件落库。,记录地址自证：漳州招商局经济技术开发区南滨大道300号（漳州市境内，功能区名）; 国家统计局区划代码（漳州市 3506：龙海区 350604、漳浦县 350623）; query: 厦门大学漳州校区 属于哪个区 漳州市,2026-09-12
PROFILE102_4,4135010384,厦门大学,马来西亚分校,马来西亚雪兰莪州沙叻丁宜,福建省,厦门市,H 其他,HARD-BLOCKED,yes,other,办学实体在境外（马来西亚雪兰莪州），中国法定县区概念不适用；allowed_districts 又限定为厦门市各区，无法给出合法 d。,以记录地址判定境外属性；核对 allowed_districts 全为厦门市各区确认无适用项；检索 query：『厦门大学马来西亚分校 地址 属于哪个区 中国』；上一轮 reject 结论复核一致。,该条本质上不应归属任何中国法定县区。需上游把此 campus 标注为境外/不适用（或从需定区的数据集中剔除），而非期待新证据解锁。,记录地址自证：马来西亚雪兰莪州沙叻丁宜（境外）; query: 厦门大学马来西亚分校 地址 属于哪个区 中国,2026-09-12
PROFILE1031_1,4144011540,广东金融学院,肇庆校区,广东省肇庆市星湖石牌,广东省,肇庆市,E 无权威来源,RESOLVED,no,no_authoritative_source,official,,,https://www.gduf.edu.cn/xygk/gjzc.htm; site:gduf.edu.cn 肇庆校区 星湖石牌; 广东省人民政府 广东金融学院 章程 肇庆校区 端州区,2026-09-12
PROFILE1034_0,4145010600,广西中医药大学,仙葫校区,广西壮族自治区南宁市五合大道13号,广西壮族自治区,南宁市,B 来源抓取失败,RESOLVED,no,source_inaccessible,official,,,https://www.gxtcmu.edu.cn/rsc/rczp/content_82781; https://www.gxtcmu.edu.cn/ 站内检索 五合大道13号,2026-09-12
PROFILE1034_1,4145010600,广西中医药大学,明秀校区,广西壮族自治区南宁市明秀东路179号,广西壮族自治区,南宁市,A 上一轮独立复核未通过,RESOLVED,no,独立复核要求降级人工复审（引文/地址挂钩未达 verified 门槛）,government,,,https://zrzyj.nanning.gov.cn/zwgk_57/xxgk/ghgl/ghgs/phgs/t5742022.html; https://www.xxtq.gov.cn/xxtqzrzyj/tzgg/t6353442.html; https://www.gxtcmu.edu.cn/,2026-09-12
PROFILE1038_1,4150010642,重庆文理学院,星湖校区,重庆市永川卫星湖文化旅游区,重庆市,重庆市,A 上一轮独立复核未通过,RESOLVED,no,独立复核要求降级人工复审（引文/地址挂钩未达 verified 门槛）,official,,,https://zb.cqwu.edu.cn/article_428725.html（重庆文理学院本科招生信息网，逐字「学校坐落在重庆市永川区，有红河、星湖两个校区。」）; https://www.cqwu.edu.cn/channel_25601.html 及主站 BFS 30 页（页脚「红河校区：重庆市永川区红河大道319号 星湖校区：重庆市永川卫星湖文化旅游区」）; so.toutiao.com 检索「重庆文理学院 星湖校区 永川区 位于」「重庆文理学院 星湖校区 地址」; 子域探测 xhxq/xh/xinghu/xhgw.cqwu.edu.cn（302，无可读内容）,2026-09-12
PROFILE1046_0,4145011548,广西财经学院,相思湖校区,广西壮族自治区南宁市大学西路189号,广西壮族自治区,南宁市,B 来源抓取失败,RESOLVED,no,source_inaccessible,official,,,https://www.gxufe.edu.cn/www/subWebSites/cgzx/detail.html?informationid=1706897,2026-09-12
PROFILE1046_1,4145011548,广西财经学院,明秀校区,广西壮族自治区南宁市明秀西路100号,广西壮族自治区,南宁市,B 来源抓取失败,RESOLVED,no,source_inaccessible,official,,,https://www.gxufe.edu.cn/www/subWebSites/cgzx/detail.html?informationid=1713001,2026-09-12
PROFILE1047_0,4122013706,吉林医药学院,办学地点（档案未命名）,吉林省吉林市吉林大街5号,吉林省,吉林市,D 功能区/大学城无法定区佐证,RESOLVED,no,functional_zone_only,government,,,http://xxgk.jlcity.gov.cn/gzbm/fcj_1/xbgkml/202301/t20230118_1103504.html — 吉林市住建局招标公告：命中「吉林市丰满区吉林大街5号，吉林医药学院院内」; http://www.jlcity.gov.cn/bmwz/zzj/xfzl/xfysgg/202604/t20260416_1318322.html — 2026 消防验收意见书：只写「吉林高新技术产业开发区吉林大街5号」（功能区），佐证同一门牌; https://www.jlmu.cn/ 、https://xzs.jlmu.cn/info/1111/3889.htm（2026 招生章程）— 只写「吉林市吉林大街5号」/「吉林国家高新技术产业开发区」; http://www.jlfm.gov.cn/sy/gsgg/202404/t20240426_1203893.html — 丰满区消防重点单位名单：含吉林医药学院附属医院，未含本校; https://so.toutiao.com/search?keyword=吉林市丰满区吉林大街5号,2026-09-12
PROFILE1051_0,4132012806,江苏农牧科技职业学院,凤凰路校区,江苏省泰州市凤凰东路8号,江苏省,泰州市,B 来源抓取失败,RESOLVED,no,source_inaccessible,government,,,http://ggzy.taizhou.gov.cn/inteligentsearch/rest/esinteligentsearch/getFullTextDataNew wd=凤凰东路8号、江苏农牧科技职业学院、凤凰路校区 → 命中; http://ggzy.taizhou.gov.cn/jyxx/001004/001004004/20240719/5bf400e3-be2d-4e34-9baf-75733738b9dd.html（已逐字核验）; http://ggzy.taizhou.gov.cn/jyxx/001004/001004004/20211011/f478a164-1936-4693-ad6c-74d2c2963527.html（已逐字核验）; http://ggzy.taizhou.gov.cn/jyxx/001001/001001001/20200527/d0419b3b-6e37-4edd-b5d0-841e383128db.html（牧院生活区：建设地点 泰州市海陵区凤凰东路8号）; https://www.jsahvc.edu.cn/ → HTTP 412，全部二级域 502; http://www.taizhou.gov.cn/ 与 http://www.hailing.gov.cn/ → 200 但站内搜索为 JS 渲染，无可用检索接口,2026-09-12
PROFILE1068_0,4142012983,湖北城市建设职业技术学院,办学地点（档案未命名）,湖北省武汉市东湖高新技术开发区藏龙大道28号,湖北省,武汉市,D 功能区/大学城无法定区佐证,RESOLVED,no,functional_zone_only,official,,,https://zhaosheng.hbucvc.edu.cn/info/1006/1541.htm; https://www.hbucvc.edu.cn/; https://www.ccgp-hubei.gov.cn/notice/202410/notice_b709e735b3708872895de965302088ef.html (采购人地址仅功能区); 武汉市站群统一搜索(TRS iSearch) 检索「藏龙大道28号」「藏龙岛」,2026-09-12
PROFILE1069_0,4132010958,江苏工程职业技术学院,崇川校区,江苏省南通市青年中路87号,江苏省,南通市,E 无权威来源,RESOLVED,no,no_authoritative_source,official,,,https://www.jcet.edu.cn/xygk/xxzc.htm → 逐字「学校法定住所为中华人民共和国江苏省南通市崇川区青年中路87号。学校设有崇川校区、…」（命中）; https://www.jcet.edu.cn/info/1006/288603.htm → 逐字「踏勘现场地址：崇川校区南通市崇川区青年中路87号，联系人：顾老师」（命中，含校区名）; https://www.jcet.edu.cn/ 全站爬取(needle=崇川区) → 100 页，另命中 288593/288393/288383 等同类询价公告; 上轮：https://www.jcet.edu.cn/ 、http://xxgk.jcet.edu.cn/ 、https://cg.jcet.edu.cn/ → 只见「南通市青年中路87号」无区名,2026-09-12
PROFILE1082_0,4151010639,绵阳师范学院,高新校区,四川省绵阳市高新区绵兴西路166号,四川省,绵阳市,D 功能区/大学城无法定区佐证,HARD-BLOCKED,yes,functional_zone_only,[分类:功能区无法律归属证据] 记录地址「高新区绵兴西路166号」中的「高新区（科技城直管区）」为功能区，非法定县级行政区；allowed_districts 中唯一可能对应的涪城区，没有任何政府来源与「绵兴西路166号」并列。绵阳市自然资源部门供地结果的「行政区」栏只列「四川省>绵阳市本级」、项目位置只写「永兴镇」；规划批前公示只写「位于绵阳高新区（科技城直管区）永兴镇」；涪城区政府发布的「涪城区（高新区片区）永兴镇…」征地文书是结构性并列、均不含绵兴西路；把「涪城区永兴镇绵兴西路166号」写全的只有商业地图（360地图），按红线不得作唯一依据。功能区名不得直译为法定区，故不可解。,"绵阳市政府站群搜索（search5, siteCode 5107000013, wordPlace=0）多次检索校名/路名/门牌；涪城区政府站搜索（siteCode 5107030009, wordPlace=0）；绵阳市自然资源和规划局供地结果公示图逐张读图（确认「行政区」栏仅到「绵阳市本级」，项目位置仅「永兴镇」）；涪城区（高新区片区）永兴镇征地补偿安置方案等多篇征地文书全文检索「绵兴西路」均为0命中；api.landchina.com 土地市场网接口（全部 301 不可用）；头条搜索招投标公告（绵阳师范学院高新校区16-17号学生宿舍建设项目施工，未出现含法定区名的建设地点）；360地图/bytravel 命中「涪城区永兴镇绵兴西路166号」但属商业地图，红线禁用。",需出现把「绵兴西路166号」（或「绵阳师范学院高新校区」）直接归属法定区县的政府文书，例如：绵阳市/四川省自然资源部门供地结果或不动产登记中「行政区」栏=涪城区且项目位置含绵兴西路166号；涪城区政府或区级部门公文写明「辖区绵阳师范学院（绵兴西路166号）」；涪城区公安门牌编制公告或统计用区划代码文书把该门牌列入涪城区。quote 必须同现「涪城区」与「绵兴西路」。,"https://www.my.gov.cn/search5/search/s (siteCode=5107000013, wordPlace=0) 检索: 绵阳师范学院高新校区 / 绵兴西路166号 / 永兴镇; https://www.myfc.gov.cn/search5/search/s (siteCode=5107030009, wordPlace=0) 涪城区政府检索: 绵阳师范学院 / 绵兴西路 / 永兴镇; http://zrzyhghj.my.gov.cn/ 供地结果公示图（行政区=四川省>绵阳市本级，项目位置=永兴镇，土地使用权人=绵阳师范学院）; http://zrzyhghj.my.gov.cn//myszgj/c100850/ 涪城区（高新区片区）永兴镇征地补偿安置方案（3篇全文检索「绵兴西路」=0）; api.landchina.com /tCjgs/deal/list, /tGdxm/result/list (POST 均返回 code 301); https://so.toutiao.com/search 检索: 绵阳师范学院高新校区16-17号学生宿舍建设项目施工招标公告 / 绵阳师范学院绵兴西路166号涪城区",2026-09-12
PROFILE1084_2,4151010641,宜宾学院,临港校区,四川省宜宾市临港经济技术开发区大学城路三段5号,四川省,宜宾市,C 地址冲突,HARD-BLOCKED,yes,conflicting_address,仲裁接受但未过机器门禁: 引文挂不到本条地址 '四川省宜宾市临港经济技术开发区大学城路三段5号'（该记录有路名/门牌，不允许用校区名挂钩）,,,"https://zsw.yibinu.edu.cn/info/1043/2429.htm — 宜宾学院2026年招生章程（2026-05-21）逐字「临港校区地址：四川省宜宾市翠屏区大学路三段5号。」; https://www.yibinu.edu.cn/xygk/xxjj.htm — 学校简介「临港校区：四川省宜宾市翠屏区大学路三段5号」; https://zsw.yibinu.edu.cn/ — 「地址:四川省宜宾市翠屏区大学路三段5号 邮编:644005」; http://edu.sc.gov.cn/guestweb4/s POST searchWord=宜宾学院 临港校区 — 四川省教育厅公告逐字「宜宾学院临港校区二期416办公室（地址：四川省宜宾市翠屏区大学路三段5号…）」; https://so.toutiao.com/search?keyword=""大学城路三段5号"" — 仅第三方（掌上高考/抖音百科）出现记录写法; https://so.toutiao.com/search?keyword=成都理工大学 宜宾校区 大学城路三段218号 — 成都理工大学宜宾校区官网（yb.cdut.edu.cn）「校区地址：四川省宜宾市临港经济技术开发区大学城路三段218号」；西华大学宜宾校区官网「宜宾市三江新区大学城(大学路三段1号)」",2026-09-12
PROFILE1086_0,4151010653,成都体育学院,东部新区校区,四川省成都市东部新区环湖北路1942号,四川省,成都市,A 上一轮独立复核未通过,RESOLVED,no,独立复核要求降级人工复审（引文/地址挂钩未达 verified 门槛）,government,,,https://ggzyjy.sc.gov.cn/jyxx/002002/002002003/20241127/8a69c3a59359e811019361f38d3b2442.html; https://www.cdsu.edu.cn/,2026-09-12
PROFILE1099_0,4142013666,武汉华夏理工学院,办学地点（档案未命名）,湖北省武汉市东湖新技术开发区关山大道589号,湖北省,武汉市,D 功能区/大学城无法定区佐证,HARD-BLOCKED,yes,functional_zone_only,门牌 589 号在政府考点表中被武汉市财政局反复写作「关山大道589号」而不给法定区，且同表对同路段的武汉职业技术学院写「洪山区关山大道463号」，属同路不同门牌，不可移用；无任何官方或政府来源写出「洪山区关山大道589号」。,1) 直接抓取武汉市财政局三个年度考点地址页（2021/2024/2025），确认该校条目只有功能区/无区；2) 微信索引「武汉华夏理工学院 洪山区 关山大道589号」→0 命中、「…洪山区 关山大道」→仅校方 2017 帖把洪山区挂李纸路；3) 头条搜索「洪山区 关山大道589号 武汉华夏理工学院」→仅掌上高考、大学生必备网（均写东湖新技术开发区）；4) 校方官网 whhxit.edu.cn 仍为东湖新技术开发区；5) 商业房产/地图 POI（安居客、幸福里、360地图）出现洪山区，按红线不得作唯一依据。,需出现下列任一：(a) 洪山区人民政府或武汉市自然资源/规划部门的文件（征地、划拨、规划许可、环保备案）同句含「洪山区」+「关山大道589号」；(b) 校方官网/招生章程把地址改写为含法定区的完整地址；(c) 该校事业单位/民办学校登记或年检记录的「办学地址」含法定区。,https://czj.wuhan.gov.cn/kjfw/HJFWZQ/202505/t20250512_2579613.html（2025 考点表：武汉华夏理工学院 关山大道589号，无区）; https://czj.wuhan.gov.cn/kjfw/HJFWZQ/202405/t20240513_2400945.html（2024 考点表：武汉华夏理工学院（西门）关山大道589号，无区）; https://czj.wuhan.gov.cn/BMDT/TZGG/202111/t20211108_1829023.html（2021 考点表：武汉东湖新技术开发区关山大道589号，无区）; https://weixin.sogou.com/weixin?type=2&query=武汉华夏理工学院 洪山区 关山大道589号（0 命中）; https://weixin.sogou.com/weixin?type=2&query=武汉华夏理工学院 洪山区 关山大道（仅校方 2017 帖，洪山区挂李纸路）; https://so.toutiao.com/search?keyword=洪山区 关山大道589号 武汉华夏理工学院（仅掌上高考/大学生必备网，均为东湖新技术开发区）,2026-09-12
PROFILE109_4,4132010286,东南大学,苏州校区,江苏省苏州市苏州工业园区林泉街399号,江苏省,苏州市,D 功能区/大学城无法定区佐证,HARD-BLOCKED,yes,functional_zone_only,所有可读官方来源（校方苏州校区站、学校概况页、苏州工业园区政府官网全文检索）对林泉街399号一律使用功能区“苏州工业园区／独墅湖科教创新区”表述，没有任何政府或学校文本把该门牌与 allowed_districts 中任一法定区（吴中区等）同句写出。按红线不得把功能区翻译为法定区，也不得按道路归属推断。,①校方苏州校区站与学校概况页原文；②苏州工业园区政府官网（开普云 search5，siteCode=3205900024）四组关键词全库检索并逐条阅读；③Toutiao 和 Baidu 精确短语检索“吴中区林泉街399号”。均未取得法定区与门牌同句证据。,需要以下任一新证据：①苏州市吴中区（或姑苏区/相城区/虎丘区）政府发布的文件、规划/土地/环评公示或医疗机构执业登记公示中，把“林泉街399号”（或“东南大学苏州校区”）与法定区同句写出；②教育部或江苏省教育厅核准的《东南大学章程》/苏州校区办学批文中写明苏州校区法定区住所；③苏州市自然资源和规划局的宗地公示，其“行政区”字段与林泉街399号地块挂钩。,http://szxq.seu.edu.cn/main.htm (东南大学苏州校区站，页脚“地址：苏州市独墅湖科教创新区林泉街399号”); https://www.seu.edu.cn/17398/list.htm (东南大学学校概况，未列苏州校区地址); http://www.sipac.gov.cn/search5/search/s?siteCode=3205900024 检索 “林泉街399号”(6条，全部为“苏州工业园区 林泉街399号 东南大学国家大学科技园”); http://www.sipac.gov.cn/search5/search/s?siteCode=3205900024 检索 “东南大学苏州校区”(59条)、“东南大学 医务室”(137条)、“独墅湖科教创新区 医务室”; Toutiao: “吴中区林泉街399号”; Baidu: “吴中区林泉街399号”（被安全验证拦截）,2026-09-12
PROFILE1100_0,4141013782,商丘医学高等专科学校,办学地点（档案未命名）,河南省商丘市城乡一体化示范区迎宾路666号,河南省,商丘市,D 功能区/大学城无法定区佐证,HARD-BLOCKED,yes,functional_zone_only,记录地址只有功能区「城乡一体化示范区」+迎宾路666号；「城乡一体化示范区」非法定县级行政区，且商丘市城乡一体化示范区跨睢阳区、梁园区（并含虞城县部分区域），无法唯一映射到 allowed_districts 中的任一法定区。学校官网联系页与招生材料一律只写「城乡一体化示范区迎宾路666号」；政府侧（商丘市政府、睢阳区政府、商丘公共资源交易中心）可检索到的地址表述同样不含法定区名。地址含路名+门牌，校园名挂钩例外被明确禁止。,1) 学校官网（sqyx.edu.cn）学校简介/联系我们全站检索「城乡一体化示范区/睢阳区」；2) 睢阳区政府 www.suiyangqu.gov.cn、商丘市政府 www.shangqiu.gov.cn 站内检索「迎宾路666号」；3) 商丘公共资源交易 ggzyjy.shangqiu.gov.cn 检索校名；4) 河南省教育厅、河南省卫健委（医疗机构执业登记）公示检索；5) 中国政府采购网 ccgp 检索（返回「频繁访问」，IP 被限）；6) toutiao/sogou 组合检索「商丘医学高等专科学校 + 睢阳区」。,需商丘市政府/河南省教育厅/睢阳区政府任一文件把「迎宾路666号 商丘医学高等专科学校」与法定区名（睢阳区或梁园区）写在同一地址句内，例如事业单位法人登记住所、土地划拨/不动产权属公示、医疗机构执业许可变更公示、或政府投资的建设项目招标公告中的项目地址。,toutiao query: 商丘医学高等专科学校 睢阳区 地址 → 仅 syqfy.hncourt.gov.cn、www.suiyangqu.gov.cn、www.shangqiu.gov.cn 等首页，无条目; sogou query: 商丘医学高等专科学校 迎宾路666号 睢阳区; https://www.suiyangqu.gov.cn/ 睢阳区人民政府 站内检索「商丘医学高等专科学校」; https://www.shangqiu.gov.cn/ 商丘市人民政府; https://ggzyjy.shangqiu.gov.cn/ 商丘市公共资源交易中心; https://www.sqyx.edu.cn/ 学校官网 联系我们/招生简章（仅「城乡一体化示范区迎宾路666号」）,2026-09-12
PROFILE1106_1,4142010956,长江职业学院,武汉新城校区,湖北省葛店经济开发区电商大道1号,湖北省,武汉市,H 其他,HARD-BLOCKED,yes,other,实际法定县级行政区为湖北省鄂州市（葛店经济技术开发区，法定区为华容区），不在本条 allowed_districts（全部为武汉市辖区）内；『葛店经济开发区』『武汉新城』均为功能区名，不得翻译为列表内任一区。,1) Toutiao 查询式『长江职业学院 武汉新城校区 葛店经济技术开发区 华容区 电商大道』→ 湖北省政府采购网逐字『项目监管地:鄂州葛店经济开发区』；鄂州市华容区交通运输局武汉新城工程公告（华容区）。2) https://www.cjxy.edu.cn/xxgk/xxjj.htm 校区简介 → 仅『葛店/武汉新城』表述，无武汉市辖区。3) 上一轮旁证：第三方与学校来源均为葛店开发区/鄂州表述。,待把该条 city 更正为鄂州市（或 allowed_districts 增加鄂州市华容区）后即可落库：可用鄂州市人民政府/华容区人民政府或湖北省政府采购网（葛店开发区）来源把『华容区』与该校区地址写在同一句。,Toutiao 查询式：长江职业学院 武汉新城校区 葛店经济技术开发区 华容区 电商大道 — 湖北省政府采购网『项目监管地:鄂州葛店经济开发区』；鄂州市华容区交通运输局公告; https://www.cjxy.edu.cn/xxgk/xxjj.htm — 校区简介（葛店/武汉新城，无武汉市辖区）; Toutiao 查询式：长江职业学院 葛店 校区,2026-09-12
PROFILE1114_1,4141013508,郑州经贸学院,北校区,河南省郑州市中原中路41号,河南省,郑州市,E 无权威来源,HARD-BLOCKED,yes,no_authoritative_source,郑州经贸学院自身从未提及其「北校区」，也未在官网写「中原中路41号」；「中原中路41号」的官方持有者是中原工学院，其官网原文同样不写法定区；把「中原中路41号」与「中原区」同句的来源仅为商业房产/搜索建议，红线禁止单独据以定区；又不得以「中原路必属中原区」式推断。,1) 郑州经贸学院官网 www.zueb.edu.cn 全页核读，仅龙湖校区/上街校区两址。2) 中原工学院官网 www.zut.edu.cn 核读「地址：河南省郑州市中原中路41号」，同样无区名。3) 专项检索「中原中路41号 中原区」→ 命中仅房产网站与「相关搜索」（中原区中原西路223号等建议），无官方原文。4) 专项检索「中原工学院 中原中路41号 中原区 地址」→ 无结果。5) 专项检索「郑州经贸学院 北校区 中原中路41号 中原区」→ 无结果。6) 校名 + 区名反向检索「郑州经贸学院北校区在哪个区」→ 无对应结果，唯一含区名条目属另一所学校。,需要以下任一：郑州经贸学院官网/招生章程首次写出「北校区」及其法定区（如「郑州市中原区中原中路41号」）原文；或郑州市中原区人民政府/教育局/自然资源和规划局公开文件中出现「中原中路41号」并写明所属法定区，且能证明该址现为郑州经贸学院北校区使用；或该校北校区的办学许可、消防备案、政府采购公告把校区地址写成「XX区中原中路41号」原文。,https://www.zueb.edu.cn/ → 官网首页逐字仅「龙湖校区：河南省郑州市南龙湖宜居教育园双湖大道2号」「上街校区：河南省郑州市上街区五云路1号」，无北校区/中原中路41号/中原区; https://www.zut.edu.cn/ → 中原工学院官网「地址：河南省郑州市中原中路41号」，无区名; https://so.toutiao.com/search?keyword=郑州经贸学院北校区在哪个区 → 无北校区对应结果; https://so.toutiao.com/search?keyword=中原中路41号 → 命中全部指向中原工学院（zut.edu.cn），与郑州经贸学院无关; https://so.toutiao.com/search?keyword=中原中路41号 中原区 → 仅商业房产网站与「相关搜索」建议（中原区中原西路223号等），无官方原文; https://so.toutiao.com/search?keyword=中原工学院 中原中路41号 中原区 地址 → 无结果,2026-09-12
PROFILE1124_0,4142013236,三峡大学科技学院,校本部,湖北省宜昌市大学路18号,湖北省,宜昌市,E 无权威来源,RESOLVED,no,no_authoritative_source,official,,,http://kjxy.ctgu.edu.cn/info/1012/143101.htm（200，面试公告，含「宜昌市西陵区大学路18号三峡大学科技学院C4教学楼一楼」）; http://kjxy.ctgu.edu.cn/（200，页脚仅「湖北省宜昌市大学路18号」，无区名）; https://www.ctgu.edu.cn/xxgk2/xxjj.htm（200，仅「大学路8号」）; http://zb.ctgu.edu.cn/（200，无区名）,2026-09-12
PROFILE1128_0,4161013568,陕西航空职业技术学院,南郑校区,陕西省汉中市大河坎镇李家营（经济开发南区）,陕西省,汉中市,A 上一轮独立复核未通过,RESOLVED,no,独立复核要求降级人工复审（引文/地址挂钩未达 verified 门槛）,government,,,"https://rsj.hanzhong.gov.cn/hzrsjwz/gsgg/202605/a0e66bbcbb164e5aa6065f58fc4aaf4c.shtml（汉中市人社局公示公告，考点条目逐字含「陕西航空职业技术学院（南郑校区）」与「汉中市南郑区大河坎红军路南段」）; http://rsj.hanzhong.gov.cn/hzrsjwz/gsgg/202410/7bf38ad25a384f4786ad66db0c444e1d.shtml（2024 提醒逐字「特别提醒,陕西航空职业技术学院,地址:南郑区大河坎镇红军路,不是本次考试考点。」）; http://www.sxhkxy.com/ 及站内 BFS 30 页（页脚仅「陕西省汉中市大河坎」，无区名）; so.toutiao.com 检索「陕西航空职业技术学院 南郑区 大河坎」「陕西航空职业技术学院 南郑校区 地址」",2026-09-12
PROFILE1131_0,4151013665,电子科技大学成都学院,成都校区,四川省成都市高新西区百叶路1号,四川省,成都市,D 功能区/大学城无法定区佐证,HARD-BLOCKED,yes,functional_zone_only,「郫都区」与门牌「百叶路1号」同句的文本仅见于商业考试培训机构与本地商业招聘号；政府侧 pu 郫都区政府网 302 后未取到含驻区高校门牌的原文，成都高新区管委会站点 HTTP 412 不可读，阳光高考（chsi）HTTP 412 反爬，故无政府/校方原文可用。,1) https://www.cduestc.cn/ ：原文「点此进入成都校区 四川省成都市高新西区百叶路1号」，全站无「郫都区」；2) 搜狗微信『郫都区 百叶路1号』：仅商业/自媒体（北京峰源结构设计、郫都全搜索、郫都微生活）写「郫都区百叶路1号」，另见公司地址「郫都区百叶路8号」非该校；3) http://www.pidu.gov.cn/ → 302 至 https://www.pidu.gov.cn/ （未取得驻区高校门牌含区名的原文）；4) https://www.cdht.gov.cn/ HTTP 412；5) https://gaokao.chsi.com.cn/ HTTP 412 反爬（未绕过）。,需郫都区人民政府/成都市教育局/四川省教育厅原文，同句写出「电子科技大学成都学院」与「郫都区」并挂到「百叶路1号」；或该校办学许可证/事业单位（民办学校）登记地址、教育部备案的住所条款载明法定区。,https://www.cduestc.cn/ （官网原文「点此进入成都校区 四川省成都市高新西区百叶路1号」，全站无「郫都区」）; 搜狗微信『郫都区 百叶路1号』：仅商业/自媒体写「郫都区百叶路1号」（北京峰源结构设计、郫都全搜索、郫都微生活），仅作线索; http://www.pidu.gov.cn/ → 302 至 https://www.pidu.gov.cn/ （未取得含区名的驻区高校原文）; https://www.cdht.gov.cn/ HTTP 412；https://gaokao.chsi.com.cn/ HTTP 412 反爬（未绕过）,2026-09-12
PROFILE113_2,4132010307,南京农业大学,白马教学科研基地,江苏南京白马国家农业科技园科技创新核心区,江苏省,南京市,D 功能区/大学城无法定区佐证,RESOLVED,no,functional_zone_only,official,,,https://www.njau.edu.cn/2024/0311/c1046a128149/page.psp → 仅有归属/共建表述「白马基地既是南京农业大学的、也是溧水区的」，无地点句; https://www.njau.edu.cn/ → 页脚只有卫岗/滨江/浦口三校区，无白马、无溧水; https://bmjd.njau.edu.cn/ 与 /index.htm 与 /xygk.htm → 空或 404; https://nx.njau.edu.cn/info/1169/7846.htm → 成功；命中「7月8日，团队成员李世华与邵伟豪前往南京溧水区南京农业大学白马教学科研基地…开展实地调研」; https://www.njau.edu.cn/2025/0331/c1105a134179/page.htm 与 /2025/0401/c1108a134194/page.htm → 成功；「溧水高级中学师生走进南京农业大学白马教学科研基地」（方向佐证）,2026-09-12
PROFILE113_4,4132010307,南京农业大学,滨江校区,江苏省南京江北新区滨江大道666号,江苏省,南京市,D 功能区/大学城无法定区佐证,RESOLVED,no,functional_zone_only,official,,,"https://nndyy.njau.edu.cn/yygk/yyjj.htm → 逐字『院区地址\n滨江院区：位于南京市浦口区滨江大道666号，联系电话：025-84399120\n卫岗院区：位于玄武区卫岗1号…\n浦口院区：位于浦口区点将台路40号…』; https://www.njau.edu.cn/ → 页脚只写功能区『滨江校区：江苏省南京江北新区滨江大道666号，211800』; https://www.njau.edu.cn/_web/_search/restful/api/search.rst 站内检索『浦口区 滨江校区』『滨江大道666号』→ 只有校方新闻与商业转载，无区名+门牌同现的原句; https://njna.nanjing.gov.cn/njsjbxqglwyh/202512/t20251201_5701450.html → 政府公示『项目位于江北新区滨江大道666号，南京农业大学滨江校区东侧』（功能区）; https://njna.nanjing.gov.cn/njsjbxqglwyh/202508/t20250805_5621595.html → 浦口区顶山街道办事处答复『南京农业大学滨江校区位于江北新区与浦口区的行政交界地带…』（未直接断言属浦口区，仅背景）; Toutiao 检索『""滨江大道666号"" 浦口区』→ 联想词与商业邮编/地图站（禁用），无政府原文",2026-09-12
PROFILE1143_0,4132013842,南京理工大学泰州科技学院,办学地点（档案未命名）,江苏省泰州市梅兰东路8号,江苏省,泰州市,E 无权威来源,RESOLVED,no,no_authoritative_source,government,,,https://www.nustti.edu.cn/ 及全部子站页脚(仅“地址：江苏省泰州市梅兰东路8号 邮编225300”，无区); https://www.jiangsu.gov.cn/jrobot/search.do?pg=10&p=1&tpl=2&category=&webid=67&od=1&q=梅兰东路8号 (命中省人社厅该页); toutiao: 南京理工大学泰州科技学院 海陵区 地址 / 梅兰东路8号 / 泰州 考点 梅兰东路8号; 泰州市政府 www.taizhou.gov.cn /search/ 与 searchapi(search-all 全返回 code100 不可用),2026-09-12
PROFILE1145_0,4132012689,东南大学成贤学院,办学地点（档案未命名）,江苏省南京市江北新区东大路6号,江苏省,南京市,D 功能区/大学城无法定区佐证,HARD-BLOCKED,yes,functional_zone_only,本条功能区为“江北新区”，而 allowed_districts 是浦口区等法定区；江北新区为托管功能区，其政府门户的全部检索结果都只写“江北新区”，唯一的法定区口径文本（浦口区人大建议答复）不含东大路6号，另一条“东大路2号（东大科技园内）”门牌不同、不得冒充。校方官网不可达，没有一级来源。按红线不得功能区翻译、不得用同校其他门牌/其他校区覆盖本条。,①校官网两个域名（DNS/404）；②江北新区政府门户 igs 检索五组关键词并逐页打开命中的全部公示页（行政许可 3 期、行政处罚 1 期、环评 2 期、规划批前 2 期）；③中国政府采购网检索（限流）；④Baidu、Sogou、Toutiao 的精确短语检索。全部未取得“浦口区（或其他法定区）＋东大路6号”同句证据。,需要以下任一新证据：①东南大学成贤学院官网恢复可访问并写出含法定区的校址；②南京市浦口区/江北新区卫生健康局对“东南大学成贤学院医务室”等驻校机构的执业登记或校验公示，写明机构地址为浦口区东大路6号；③南京市或浦口区规划/土地/环评公示把“东大路6号”宗地与法定区（浦口区）同句挂钩；④教育部/江苏省教育厅核准的《东南大学成贤学院章程》中“学校住所”条款写明法定区。,https://www.cxxy.seu.edu.cn/ (东南大学成贤学院官网，DNS ENOTFOUND); https://cxxy.seu.edu.cn/ (HTTP 404); https://njna.nanjing.gov.cn/igs/front/search.jhtml?code=c1c8a0a187b3404a9e7e1b048f90610c&siteId=118&searchWord=东大路6号 (7条，逐页核验：2026-06-01 环评拟批公示、2024-09-13 环评拟批公示(东大路2号)、20240630/20231120/20240119 行政许可公示、20181103 行政处罚公示(东大路2号)、2025-04-15 环评公示(东大路2号)); https://njna.nanjing.gov.cn/igs/front/search.jhtml?...&searchWord=成贤学院 (32条，含“地铁3号线，乘至东大成贤学院站”“泰山街道天景社区…对接辖区内…东南大学成贤学院团支部”等，均无法定区＋门牌); https://njna.nanjing.gov.cn/igs/front/search.jhtml?...&searchWord=浦口区东大路 (2条：浦口区人大第0139号建议答复(仅“沿山大道至东大路段”)、20181103 行政处罚公示(东大路2号)); https://njna.nanjing.gov.cn/igs/front/search.jhtml?...&searchWord=泰山街道 东大路 (5条，含东南大学江北校区批前公示“项目位于江北新区泰山街道…南至东大路”),2026-09-12
PROFILE1156_0,4141010843,郑州铁路职业技术大学,新校区,郑州市郑东新区通惠路298号,河南省,郑州市,D 功能区/大学城无法定区佐证,HARD-BLOCKED,yes,functional_zone_only,所有可触达的权威页面（学校官网首页/学校简介/学校概况）对通惠路298号的表述均止于功能区「郑东新区」，未出现 allowed_districts 中任何法定区名；郑州市政府站内搜索不可用、省/国家采购平台限流或验证码墙，无法取得「法定区 + 通惠路298号」的逐字共现。,1) 学校官网三处页面逐字核对（仅郑东新区）；2) 郑州市政府门户 search.jspx 与 public.zhengzhou.gov.cn 搜索（参数被 302 丢弃，不可用）；3) 中国政府采购网全文检索（持续「频繁访问」限流）；4) 头条 SSR 搜索 4 组查询式（仅返回自媒体「珂尔谈规划」白沙组团用地公示与搜索建议词「郑州铁路职业技术大学中牟校区」，均为非权威线索，不能作为定区证据）；5) 通用搜索引擎（Bing/Baidu/Sogou/360/DDG/Yandex/Google/searx 等）全部被挡或返回无关结果。,需要任意一条政府或学校官方原文同时逐字包含法定区名与「通惠路298号」，例如郑州市自然资源和规划局／中牟县人民政府／金水区人民政府的用地公示、征收公告、事业单位登记信息中写「中牟县……通惠路298号」或「金水区……通惠路298号」；或该校招生章程／办学许可证上的「郑州市XX区通惠路298号」。仅有「郑东新区白沙组团」这类功能区表述永远不足以解锁。,https://www.zzrvtc.edu.cn/ （页脚原文：地址：河南省郑州市郑东新区通惠路298号 邮编：451460）; https://www.zzrvtc.edu.cn/xxjj/list.htm （原文：新校区位于地理位置优越、发展前景广阔的郑东新区）; https://www.zzrvtc.edu.cn/xxgk/list.htm; http://www.zhengzhou.gov.cn/search.jspx?q=通惠路298号 （302 后丢参，仅返回「请输入搜索关键字！」）; http://public.zhengzhou.gov.cn/?a=search&q=通惠路298号; http://search.ccgp.gov.cn/bxsearch?searchtype=1&kw=通惠路298号 （频繁访问限流）,2026-09-12
PROFILE1161_0,4141013500,商丘工学院,长江路校区,河南省商丘市睢阳大道中段236号,河南省,商丘市,E 无权威来源,HARD-BLOCKED,yes,no_authoritative_source,学校来源一律省略法定区；政府来源只有与学校的活动类新闻，不含该校区地址的法定区归属；示范区管委会页面把该校(及附属学校)与功能区关联，恰恰不能作为法定区依据。,"校招生网；商丘市政府全文检索(sqsearch, SessionVerify 流程)；睢阳区政府/示范区管委会站；教育部批复文本；toutiao 多组门牌/区名组合",需政府来源在同句写出「睢阳区(或梁园区)+睢阳大道中段236号」并指向商丘工学院长江路校区，如商丘市自然资源和规划局规划/土地公示、河南省教育考试院考点公示、政府采购公告。,https://www.sqgxy.edu.cn/zs/main.htm; https://www.shangqiu.gov.cn/s?sid=0&wd=商丘工学院 (sqsearch.py，仅睢阳区产学研签约新闻与示范区管委会页); https://www.suiyangqu.gov.cn/zwgk/.../content_223666 (睢阳区与商丘工学院产学研签约，无地址); https://www.sqxq.gov.cn/sfqgk/tssfq/content_3812 (示范区“图说示范区 商丘工学院”); toutiao: 商丘工学院 睢阳大道中段236号 / 睢阳区 地址 / 采购 招标 睢阳大道中段236号; 教育部2023批复(仅列三条地址，无区),2026-09-12
PROFILE1161_1,4141013500,商丘工学院,阳光路校区,河南省商丘市阳光路188号,河南省,商丘市,E 无权威来源,HARD-BLOCKED,yes,no_authoritative_source,唯一把「阳光路」与行政单元关联的官方文本指向的是「城乡一体化示范区」(功能区)，不得作为法定区；商丘工学院阳光路188号本身无法定区证据，也无法用同校其他校区之区覆盖。,校招生网；商丘市政府全文检索；示范区管委会政务公开栏目；toutiao 多组组合检索,需政府来源在同句写出「睢阳区(或梁园区)+阳光路188号」并指向商丘工学院阳光路校区（考点公示/规划公示/采购公告），且证明该门牌不在功能区口径下。,https://www.sqgxy.edu.cn/zs/main.htm; https://www.sqxq.gov.cn/zwgk/fdzdgknr/zdlyxxgk/yjly/mbjy/content_153404 (示范区科教文体局：商丘工学院附属兴华学校阳光路校区=华商大道与阳光路交叉口，示范区); https://www.shangqiu.gov.cn/s?sid=0&wd=商丘工学院 阳光路 地址; toutiao: 商丘工学院 阳光路188号 / 商丘 专升本 考点 商丘工学院 地址,2026-09-12
PROFILE1166_1,4121013217,辽宁理工学院,滨海校区,辽宁省锦州市滨海新区金山大街二段3号,辽宁省,锦州市,D 功能区/大学城无法定区佐证,HARD-BLOCKED,yes,functional_zone_only,[分类:全部官方源止于功能区] 教育部批复与学校招生章程原文均为“锦州市滨海新区金山大街二段3号”，无“太和区”；出现“太和区”的均为代理机构地址或另一学校地址。,搜狗检索“辽宁理工学院 金山大街二段3号”“辽宁理工学院 采购人信息 地址 锦州 太和区”“锦州滨海新区 太和区 金山大街 项目”；检索中华人民共和国教育部批复、阳光高考院校信息库、掌上高考、校 2024 招生章程、校总务处招租公告、辽宁招标 lntb.gov.cn 锦州滨海新区项目备案、中国政府采购网锦州师专滨海校区门牌项目；上轮另试校方官网（仅涉高新区另一校区）。,官方/政府原文把“金山大街二段3号（金山路2段3#）”与太和区（或凌河区/古塔区/凌海市）写进同一地址串，例如锦州市政府采购或自然资源局文件中的该校现址全址。,中华人民共和国教育部《关于同意辽宁理工学院变更办学地址的批复》; 阳光高考院校信息库、掌上高考 m.gaokao.cn; 辽宁理工学院 2024 年招生章程、总务处滨海校区招租公告; 辽宁招标 www.lntb.gov.cn 锦州滨海新区项目备案/书面报告; 中国政府采购网锦州师范高等专科学校滨海校区门牌制作项目; 搜狗检索“辽宁理工学院 金山大街二段3号”等,2026-09-12
PROFILE1172_0,4141011787,濮阳职业技术学院,办学地点（档案未命名）,河南省濮阳市经济技术开发区黄河西路249号,河南省,濮阳市,D 功能区/大学城无法定区佐证,HARD-BLOCKED,yes,functional_zone_only,『经济技术开发区』是功能区。濮阳市政府站内搜索对『黄河西路249号』返回0条、对『华龙区』相关内容返回0条；可检索到的唯一政府表述是『归属经开区管辖』（功能区），校官网简介亦只写『河南省濮阳市黄河西路249号』无区名。全流程未出现『华龙区』与该地址或该校同句的官方原文。,①打通并使用濮阳市人民政府站内搜索接口（zwxx_search.thtml），检索黄河西路249号（0结果）、濮阳职业技术学院、黄河西路 濮阳职业技术学院；②打开校官网学院简介确认地址无区名；③打开濮阳市人民政府答复稿，确认官方只写『归属经开区管辖』；④核对站内搜索的华龙区人民政府条目计数（0）。,需出现把『濮阳职业技术学院』（或『黄河西路249号』）与『华龙区』写入同一句的官方/政府原文，例如濮阳市或华龙区自然资源和规划局、不动产登记中心、民政局就该校区地块发布的规划许可、不动产登记或区划公告。,濮阳市人民政府站内搜索(https://www.puyang.gov.cn/zwxx/zwxx_search.thtml?keyword=…) 检索「黄河西路249号」「濮阳职业技术学院」「黄河西路 濮阳职业技术学院」; http://www.pyvtc.cn/xxgk/xyjj.htm (校官网简介：『地址：河南省濮阳市黄河西路249号』，无区名); https://www.puyang.gov.cn/content/2024/27683.html (濮阳市人民政府对省人大建议的答复：『濮阳职业技术学院和濮阳工学院新校区位于我市城区西部，归属经开区管辖』，仅功能区); 濮阳市人民政府站内搜索『黄河西路249号』结果计数为0，『华龙区人民政府』计数为0,2026-09-12
PROFILE1176_0,4142013235,武汉城市学院,校本部,湖北省武汉市东湖生态旅游风景管理区黄家大湾1号,湖北省,武汉市,D 功能区/大学城无法定区佐证,HARD-BLOCKED,yes,functional_zone_only,复核通过但未过机器门禁: 来源是搜索引擎/聚合站结果页 'weixin.sogou.com'，不是可复核的原始来源,,,"https://weixin.sogou.com/weixin?type=2&query=武汉城市学院 洪山区 黄家大湾（命中校方官方号+同址院校官方号）; 公众号「武汉城市学院」《住在城院|新入学的小萌新们,这些入学干粮已为你们准备好了!》; 公众号「武汉城市学院」《2020年武汉科技大学城市学院校外迎新乘地铁交通路线》; 公众号「武汉外语外事职业学院」《黄家大湾校区2020级新生报到须知》（同址）; 公众号「武汉市退役军人事务局」《2022年武汉市退役军人和军属秋季网络招聘会…》（写东湖生态旅游风景区，功能区）; https://so.toutiao.com/search?keyword=洪山区 黄家大湾1号（无官方来源）",2026-09-12
PROFILE1180_1,4134010379,宿州学院,汴河路校区,安徽省宿州市汴河中路49号,安徽省,宿州市,E 无权威来源,HARD-BLOCKED,yes,no_authoritative_source,穷尽官方/政府来源后，无一条把「汴河中路49号」与法定区写在同一句：(1) 宿州学院官网（首页/信息公开/招标采购/招生办/后勤处/保卫处/图书馆）页脚一律只有「安徽省宿州市汴河中路49号（汴河路校区）」，无区名；学校章程页为 JS 空壳，正文不可得；(2) 教育部阳光高考平台只写「汴河路校区:安徽省宿州市汴河中路49号」，无区名；(3) 宿州市人社局公示中出现「埇桥区 … 宿州市汴河路49号宿州学院院内」，但路名与记录不一致（汴河路≠汴河中路），且该行主体是另一所培训机构（宿州市东润/本曦职业培训学校），不能构成对本 campus 的地址级印证；(4) 唯一把「埇桥区」与该门牌同写的来源全部是地图 POI（腾讯地图、360地图）与商业站，按红线不得单独作判据；(5) 宿州市及埇桥区政府站点检索命中项均为汴河街道办事处等机构页，不含该门牌。宿州市城区即埇桥区属推断，规则禁止。,试过：宿州学院官网 8 个站点页脚与全文 grep（ahszu.edu.cn 首页/xxgk/wzsy.htm/xxxw/zbcg.htm/zs/index.htm/xygk/xxzc.htm、hqc/ bwc/ tsg.ahszu.edu.cn）；教育部阳光高考院校信息库；宿州市人社局《职业培训机构年审结果公示》《抽查结果公示》；宿州市/埇桥区政府门户与汴河街道办事处信息公开页；腾讯地图与360地图 POI；搜索引擎 toutiao（so.toutiao.com，7 组查询串）、sogou（wap.sogou.com，含多次验证码）、360（m.so.com，含验证码）。全部无法产出「埇桥区+汴河中路49号」同句的官方/政府原文。,需要出现「埇桥区 + 汴河中路49号」同句的政府/官方原文，例如：宿州市或埇桥区政府采购/公共资源交易公告中「采购人：宿州学院 地址：宿州市埇桥区汴河中路49号」；安徽省教育厅核准备案的《宿州学院章程》住所条款原文（含区名）；宿州市自然资源和规划局/住建局涉及该地块的批前公示；或宿州市教育、消防部门名单中以「埇桥区汴河中路49号（宿州学院汴河路校区）」形式列示。若届时仍只拿得到「汴河路49号」写法，需以政府来源同时给出路名对应关系（汴河路=汴河中路）方可解锁。,https://www.ahszu.edu.cn/ 首页页脚：「地址：安徽省宿州市学府大道1769号（教育园区校区） 安徽省宿州市汴河中路49号（汴河路校区）」（无区名）; https://www.ahszu.edu.cn/xxgk/wzsy.htm 信息公开页：「地址:皖宿州汴河中路49号(西区) 安徽宿州教育园区(东区)」（无区名）; https://www.ahszu.edu.cn/xxxw/zbcg.htm 、/zs/index.htm、/xygk/xxzc.htm（学校章程页，正文为JS空壳）、https://hqc.ahszu.edu.cn/ 、https://bwc.ahszu.edu.cn/ 、https://tsg.ahszu.edu.cn/ （页脚同「汴河中路49号（汴河路校区）」，均无区名）; 教育部阳光高考平台（院校信息库）：「汴河路校区:安徽省宿州市汴河中路49号」（无区名）; 宿州市人力资源和社会保障局《宿州市职业培训机构年审/抽查结果公示》：「埇桥区 … 宿州市汴河路49号宿州学院院内」（路名为汴河路≠记录汴河中路，且该行主体为宿州市东润/本曦职业培训学校等其他机构，不能作本 campus 地址级印证）; 腾讯地图 POI「安徽省宿州市埇桥区东关街道汴河中路49号」、360地图「宿州学院(汴河路校区) 宿州市埇桥区东关街道汴河中路49号」（地图 POI，按红线不得单独作判据）,2026-09-12
PROFILE1189_2,4133011058,宁波工程学院,前湾校区,浙江省宁波市前湾新区滨海二路769号,浙江省,宁波市,D 功能区/大学城无法定区佐证,HARD-BLOCKED,yes,functional_zone_only,功能区「前湾新区」→ 法定区需靠精确门牌桥接，但政府侧「滨海二路」的官方门牌一律是 1188/1238/78 号等，与记录 769 号不同，规则明确禁止门牌不一致的桥接；慈溪市政府文本中虽有「慈溪市…滨海二路1188号」写法，但门牌不同不能覆盖 769 号；唯一「慈溪市+滨海二路769号」来源为商业房产站。,"已试路径：①校方 nbut.edu.cn 全站（首页、学校章程、招生网、信息公开、新闻网，含 site: 检索「慈溪」）；②浙江省教育厅 jyt.zj.gov.cn 站内；③前湾新区管委会 qianwan.gov.cn 站内；④慈溪市政府 cixi.gov.cn 站内；⑤精确门牌反查「""滨海二路769号""」+ 慈溪市/前湾新区。冲突来源：校方只写功能区；政府文本同路不同门牌（1188/1238）；商业站写「慈溪市庵东镇杭州湾新区滨海二路769号」。",需政府或校方原文同时含「滨海二路769号」与法定区名「慈溪市」，例如慈溪市政府/前湾新区管委会/宁波市自然资源和规划局前湾新区分局对宁波工程学院前湾校区的用地批文、规划许可、采购公告（采购人地址栏）、消防或食品经营公示写作「慈溪市前湾新区滨海二路769号」；或校方在官方地址串中把前湾校区补写为「宁波市慈溪市…滨海二路769号」。,"https://www.nbut.edu.cn/ ；https://xsc.nbut.edu.cn/ （招生章程：前湾校区,宁波市前湾新区滨海二路769号）; so.toutiao.com/search?keyword=""滨海二路769号""; so.toutiao.com/search?keyword=慈溪市 滨海二路769号; so.toutiao.com/search?keyword=""前湾新区"" ""滨海二路769号""; so.toutiao.com/search?keyword=site:cixi.gov.cn 滨海二路 （官方文本仅 1188号/1238号/78号等，无 769号）; so.toutiao.com/search?keyword=site:qianwan.gov.cn 滨海二路 （机构地址均为「宁波前湾新区滨海二路1188号」）",2026-09-12
PROFILE1195_0,4112014021,天津生物工程职业技术学院,主校区,天津市开发区西区南大街175号,天津市,天津市,D 功能区/大学城无法定区佐证,RESOLVED,no,functional_zone_only,government,,,"https://jy.tj.gov.cn/BMFW/ggqsydwxx/GDZYXX3353/202409/t20240920_6734607.html （命中：办公地址 天津市东丽区经济技术开发区西区南大街175号）; so.toutiao.com/search?keyword=site:jy.tj.gov.cn 生物工程职业技术学院; so.toutiao.com/search?keyword=""南大街175号""; so.toutiao.com/search?keyword=""南大街175号"" 天津; so.toutiao.com/search?keyword=""开发区西区南大街"" 滨海新区; so.toutiao.com/search?keyword=site:teda.gov.cn 南大街175号（经开区消防抽查公示，均无区名且不含该校）",2026-09-12
PROFILE123_4,4143010533,中南大学,杏林校区,湖南省长沙市桐梓坡路172号,湖南省,长沙市,E 无权威来源,RESOLVED,no,no_authoritative_source,official,,,https://sydwxb.csu.edu.cn/（200，页脚「地址：湖南省长沙市岳麓区桐梓坡路172号 中南大学杏林校区 实验动物学部 邮编：410013」）; https://xysm.csu.edu.cn/ 及 /xygk/xyjj1.htm（200，仅「桐梓坡路172号」无区名）; https://zhaosheng.csu.edu.cn/、http://czzx.csu.edu.cn/csustatic/index.html（200，无同句原文）,2026-09-12
PROFILE1245_0,4137010868,青岛滨海学院,小珠山校区,山东省青岛市西海岸新区嘉陵江西路425号,山东省,青岛市,D 功能区/大学城无法定区佐证,RESOLVED,no,functional_zone_only,与 PROFILE1245_1 同源、同判定逻辑。研究者给的 source_url 是同一个 weixin.sogou 检索结果页（非文章本体），故该 URL 上引文不出现（复核员 quote_found=false 成立）。我独立再现：检索『青岛滨海学院 2023年招生简章 嘉陵江西路425号』→ HTTP 200 命中同一篇文章（署名『青岛滨海学院』校方自有公众号）逐字『地址为黄岛区嘉陵江西路425号;大珠山校区位于古镇口军民融合…』；同页另有校方自出文本交叉印证同一门牌：招生办公室『青岛西海岸新区嘉陵江西路425号(小珠山校区)』、校医院『小珠山校区地址:青岛黄岛区嘉陵江路425号』、校友会『青岛市经济技术开发区嘉陵江西路425号』、继续教育学院『山东省青岛市西海岸新区嘉陵江西路425号』。法定区『黄岛区』逐字在引文内，门牌『嘉陵江西路425号』与本条记录地址完全一致，address_match=doorplate。d=黄岛区 可核验成立，判 accept（须将 source_url 更正为文章本体 URL）。,,,"weixin.sogou.com 检索「青岛滨海学院2023年招生简章」：本校账号原文摘要含「小珠山校区位于新区的政务、商务、金融中心,地址为黄岛区嘉陵江西路425号」与「地址为黄岛区嘉陵江西路425号;大珠山校区位于古镇口军民融合创新示范区内」; weixin.sogou.com 检索「青岛滨海学院 校医院 招聘 黄岛区 嘉陵江西路425号」：学校校医院/附属医院招聘公告原文「通讯地址:青岛西海岸新区(黄岛区)嘉陵江西路425号」「地址是青岛滨海学院岱德楼409室（青岛市黄岛区嘉陵江西路425号）」; https://www.qdbhu.edu.cn/ 与 https://zsb.qdbhu.edu.cn/ 页脚跟（仅「青岛西海岸新区嘉陵江西路425号」，无区名，作对照）; https://www.qdbhu.edu.cn/InformationDisclosure（无地址）",2026-09-13
PROFILE1245_1,4137010868,青岛滨海学院,大珠山校区,山东省青岛市西海岸新区山川路1568号,山东省,青岛市,D 功能区/大学城无法定区佐证,HARD-BLOCKED,yes,functional_zone_only,仲裁接受但未过机器门禁: 来源是搜索引擎/聚合站结果页 'weixin.sogou.com'，不是可复核的原始来源,,,"weixin.sogou.com 检索「青岛滨海学院2023年招生简章」：命中本校账号「权威发布!青岛滨海学院2023年招生简章来了!」及校友会账号、山东高考一点通转载，摘要原文含「大珠山校区位于古镇口军民融合创新示范区内,地址为黄岛区山川路1568号.」; https://www.qdbhu.edu.cn/ 与 https://zsb.qdbhu.edu.cn/ 页脚跟（仅「青岛西海岸新区山川路1568号」，无区名，作对照）; https://zsb.qdbhu.edu.cn/xxgk/zsjz.htm → https://zsb.qdbhu.edu.cn/info/1231/1481.htm（2023年招生简章正文页，正文为脚本加载，页面实体不含区名）",2026-09-12
PROFILE1258_2,4113010798,河北科技师范学院,开发区校区,河北省秦皇岛经济技术开发区秦皇西大街106号,河北省,秦皇岛市,D 功能区/大学城无法定区佐证,HARD-BLOCKED,yes,functional_zone_only,无任何政府/官方来源把「秦皇西大街106号」与法定区同写；学校自身刻意只用功能区名。,①学校招生网/招生章程（含逐字门牌）；②学校官网与采购页；③政府采购网地址检索（限流/0条）；④toutiao「位于海港区+秦皇西大街」等 4 组检索；⑤头条寻人走失地点（非可靠来源）。,需要秦皇岛经济技术开发区（西区）落界文件或海港区政府/自然资源部门把「秦皇西大街106号」明确列入海港区的原文；或学校事业单位登记住所、校舍不动产权属证明中的法定区表述。,http://zhaosheng.hevttc.edu.cn/info/1073/2710.htm — 2026年招生章程「开发区校区：河北省秦皇岛经济技术开发区秦皇西大街106号」（门牌一致，无法定区）; so.toutiao.com 查询式：「海港区秦皇西大街106号」「位于海港区 秦皇西大街」「秦皇岛经济技术开发区 海港区 管辖」「河北科技师范学院 开发区校区 海港区」; 头条寻人走失公告（转引）：「走失地点:河北省秦皇岛市海港区秦皇西大街秦皇新天地附近」「河北省秦皇岛市海港区秦皇西大街天成佳境小区」——无门牌、来源为家属报案，非政府佐证; https://www.hevttc.edu.cn/ 与 http://cgzx.hevttc.edu.cn/（上一轮）页脚/采购只到「秦皇岛」; http://search.ccgp.gov.cn（中国政府采购网）按「秦皇西大街106号」「秦皇西大街」检索（上一轮）：0 条且限流,2026-09-12
PROFILE125_1,4131010248,上海交通大学,七宝校区,上海市七莘路2678号,上海市,上海市,E 无权威来源,RESOLVED,no,no_authoritative_source,记录地址「上海市七莘路2678号」带路名+门牌，引文必须同时含法定区「闵行区」与该门牌，且来源须为官网（一级）或政府/官方（三级）。上海交通大学现行官方来源（官网、信息公开「办学基本情况」校区清单、终身教育学院联系我们）均不再写七宝校区地址；唯一写出「上海市闵行区七莘路2678号」的是学生组织号（上海交大电院学生会）、第三方（沪上利民、贡翔教育网、国际课程面面观）与上海市住建委培训通知的转载，均非可采信的官网/政府原文；上海市政府统一检索与政府采购网全文检索对「七莘路2678号」「上海交通大学七宝校区」「七宝校区」均 0 命中。不能据「七宝镇属闵行区」推断，故不写 d。,试过：(1) 官网 sjtu.edu.cn 全站 BFS 80 页 + bwc/xygl/jjc.sjtu.edu.cn 首页，均无「七莘路/七宝校区」；lec.sjtu.edu.cn/ContactUs 只写「上海市长宁区法华镇路535号」；jxjy.sjtu.edu.cn 不解析；zbcg.sjtu.edu.cn / caigou.sjtu.edu.cn 0 字节。(2) 信息公开 gk.sjtu.edu.cn /Data/View/376、/Data/List/bxdd：校区清单为徐汇/闵行/黄浦/长宁/浦东/崇明，不含七宝，列表 SPA 无正文。(3) 政府侧：www.shanghai.gov.cn 统一检索（POST search.sh.gov.cn，siteId=all）三组关键词全部 0 条；www.shmh.gov.cn 返回 202 反爬挑战未绕过；www.zfcg.sh.gov.cn 为 SPA 未找到检索接口；search.ccgp.gov.cn 全文检索「七莘路2678号」0 条。(4) 微信检索：精确「七莘路2678号」0 条；「上海交通大学 七宝校区」「七宝校区 地址」仅得上海交大官方号疫情文章（无地址）与学生/第三方账号的带区名地址。(5) Bing/Sogou网页/360 等检索出口均被反爬或返回无关结果。,需要以下任一新证据解锁：(1) 上海交通大学自身域名原始页面出现「七宝校区……闵行区七莘路2678号」（恢复 zbcg.sjtu.edu.cn 采购公告、gk.sjtu.edu.cn「办学地点」正文、农业与生物学院七宝时期页面、继续教育学院国际教育招生简章官网版）；(2) 政府/教育主管部门原文写有「上海交通大学七宝校区（闵行区七莘路2678号）」（上海市教育考试院考点安排表、上海市教委审批备案文件、闵行区政府文件）；(3) Wayback/网页快照恢复 2019 年上海交大采购公告「上海市闵行区七莘路2678号上海交通大学七宝校区内」一手页面（本轮 archive.org 不可达）。,https://gk.sjtu.edu.cn/Data/View/376（校区清单不含七宝校区）; https://gk.sjtu.edu.cn/Data/List/bxdd（办学地点，正文 SPA 空）; https://lec.sjtu.edu.cn/ContactUs/index.aspx（地址为长宁区法华镇路535号，全站无七莘路/七宝/闵行）; https://www.sjtu.edu.cn/ BFS 80页 + bwc/xygl/jjc.sjtu.edu.cn：0 命中; https://zbcg.sjtu.edu.cn/、https://caigou.sjtu.edu.cn/（0 字节/不解析）; https://weixin.sogou.com/weixin?type=2&query=七莘路2678号（0 条）；query=上海交通大学 七宝校区；query=交大 七宝校区 七莘路,2026-09-13
PROFILE1277_0,4153013332,昆明医科大学海源学院,杨林校区,云南省昆明市嵩明职教新城文苑路1号,云南省,昆明市,A 上一轮独立复核未通过,RESOLVED,no,独立复核要求降级人工复审（引文/地址挂钩未达 verified 门槛）,government,,,https://rsj.km.gov.cn/c/2025-03-25/4958991.shtml → 命中（采用），考点表内逐字「云南省昆明市嵩明县杨林职教园区文苑路」; http://www.kmsm.gov.cn/c/2023-12-01/6779177.shtml → 嵩明县政府竣工备案公示，逐字「昆明市嵩明县杨林职教园区文苑路与文海路交叉口 昆明医科大学海源学院」; http://www.kmsm.gov.cn/c/2025-11-18/7077465.shtml → 嵩明职教新城控规公示（含「嵩明县人民政府」字样），正文无文苑路,2026-09-12
PROFILE1330_0,4132013104,江苏食品药品职业技术学院,办学地点（档案未命名）,江苏省淮安市高教园区枚乘路4号,江苏省,淮安市,C 地址冲突,RESOLVED,no,conflicting_address,government,,,http://tyjrj.huaian.gov.cn/col/13854_515454/art/o/17407584/17424400091507Zq0iWr4.html → 淮安市退役军人事务局承训机构表（2026-03-02），江苏食品药品职业技术学院地址=淮安市清江浦区枚乘路4号【采纳】; https://www.jsfpc.edu.cn/ → 页脚「校址：江苏省淮安市高教园区枚乘路4号」（功能区，确认路名门牌一致）; toutiao so 检索「江苏食品药品职业技术学院 枚乘路4号 清江浦区」→ 发现上述政府表; http://search.ccgp.gov.cn（中国政府采购网）→ 本轮仍被「访问过于频繁」限流，未能检索,2026-09-12
PROFILE1343_0,4132016403,西交利物浦大学,校本部,江苏省苏州市苏州工业园区独墅湖科教创新区仁爱路111号,江苏省,苏州市,D 功能区/大学城无法定区佐证,HARD-BLOCKED,yes,functional_zone_only,记录地址「江苏省苏州市苏州工业园区独墅湖科教创新区仁爱路111号」为功能区口径。校方官网 https://www.xjtlu.edu.cn/zh/about/contact 逐字仅「地址：江苏省苏州市工业园区独墅湖科教创新区仁爱路111号 邮编：215123」；上一轮站内爬取 40 页检索法定区名 0 命中，本轮无新增校方页面。政府侧：苏州工业园区管委会 sipac.gov.cn 站内搜索为开普云 JS 异步（/search5/html/searchResult.html，页面仅返回模板与 siteCode 占位，检索结果由脚本拉取），未能取得以「仁爱路111号」为键的服务器渲染结果；苏州市吴中区真实域名 www.szwz.gov.cn 本机 TLS 握手失败（SSLV3_ALERT_HANDSHAKE_FAILURE）且 curl 返回 000，无法直读；www.wuzhong.gov.cn 实为宁夏吴忠市政府（已核验页面标题「吴忠市人民政府」），非苏州吴中区，不可用。故门牌与法定区无同句原文。,https://www.xjtlu.edu.cn/zh/about/contact（仅功能区「工业园区独墅湖科教创新区仁爱路111号 邮编215123」）；https://www.sipac.gov.cn/search5/html/searchResult.html（开普云 JS 模板页 108KB，无服务器渲染结果，页面内 siteCode 均为占位或他站）；https://www.sipac.gov.cn/（首页仅暴露 /search5/html/searchResult.html）；https://www.szwz.gov.cn/（苏州市吴中区，TLS 握手失败，curl 000）；https://www.wuzhong.gov.cn/（已核为宁夏吴忠市人民政府，排除）；上一轮：www.suzhou.gov.cn、ggzy.suzhou.gov.cn 站内搜索均为 JS/SPA，zrzyj.suzhou.gov.cn 域名不可达。,解锁所需新证据：苏州市、吴中区、姑苏区或苏州工业园区任一官方来源在同一句内同时写出「仁爱路111号」与法定区名。可预期形态：该地块的不动产权证书/土地出让合同公告、建设工程规划许可批后公布、施工许可、环评受理公示、政府采购公告标的地址栏，或江苏省教育厅/苏州市事业单位登记管理局对该校住所地的登记公告。另可取路径：江苏政务服务网或苏州市公共资源交易中心（ggzy.suzhou.gov.cn）检索「仁爱路111号」招投标文件正文（若能取得服务器端渲染或可下载的招标文件）。,https://www.xjtlu.edu.cn/zh/about/contact; https://www.sipac.gov.cn/search5/html/searchResult.html; https://www.sipac.gov.cn/; https://www.szwz.gov.cn/; https://www.wuzhong.gov.cn/; https://so.toutiao.com/search?keyword=西交利物浦大学 仁爱路111号 吴中区,2026-09-12
PROFILE1356_0,4142014099,湖北第二师范学院,办学地点（档案未命名）,湖北省武汉市东湖新技术开发区高新二路129号,湖北省,武汉市,D 功能区/大学城无法定区佐证,RESOLVED,no,functional_zone_only,记录地址所在『东湖新技术开发区（东湖高新区）』是功能区，跨洪山区/江夏区，不得直接翻译为法定区。武汉市政府站群统一搜索全量检索后，官方与政府来源一律只写『东湖新技术开发区高新二路129号』；唯一带『洪山区』的政府来源（洪山区综合整治通报等）指向本记录之外的卓刀泉校区，按规则不得移用。未取得任何把『湖北第二师范学院/高新二路129号』与洪山区或江夏区写在同一句的官方原文。,①武汉市站群 TRS iSearch 统一搜索接口（siteId=10，全站可检索）逐词检索：高新二路129号、湖北第二师范学院、湖口社区、关东街道、高新二路 洪山区、湖口 规划公示、土地/不动产权；②武汉市司法局法考考点指南页（政府文件），只写『东湖新技术开发区高新二路129号』；③武汉市声环境功能区划定规定（政府规范性文件），提到该校区但无区名；④校官网 hue.edu.cn 及湖北省政府采购网多份公告，采购人地址逐字为功能区；⑤洪山区命中页面逐一打开核对，内容均为卓刀泉校区，属另一校区，禁用。,需出现把『湖北第二师范学院』（或『高新二路129号』）与『洪山区』或『江夏区』写入同一句的官方/政府原文，例如：武汉市自然资源和规划局、洪山区或江夏区政府就该地块的建设用地规划许可/不动产登记/征收公告；或学校官网、招生章程中明确写出法定区的版本。,"武汉市站群统一搜索(TRS iSearch API, https://www.wuhan.gov.cn/igs/front/search.jhtml) 全站检索「高新二路129号」「湖北第二师范学院」「湖口社区」「关东街道」「规划公示」「土地」「不动产权」; https://www.wuhan.gov.cn/zwgk/tzgg/202309/t20230913_2263527.shtml (武汉市司法局法考指南：『东湖新技术开发区高新二路129号』，仅功能区); https://www.wuhan.gov.cn/zwgk/xxgk/zfwj/gfxwj/202604/t20260429_2758930.shtml (声环境功能区规定：『湖北第二师范学院（主校区）：…南至高新二路…』，无区名); http://www.hue.edu.cn/ 及湖北省政府采购网多份公告(采购人地址逐字『武汉市东湖新技术开发区高新二路129号』，仅功能区); https://www.wuhan.gov.cn/whyw/gqdt/202604/t20260413_2752469.shtml 等洪山区命中页面 — 经核均为卓刀泉校区(另一校区)，按规则禁用",2026-09-13
PROFILE138_1,4121010141,大连理工大学,开发区校区,辽宁省大连市金普新区图强路321号,辽宁省,大连市,D 功能区/大学城无法定区佐证,HARD-BLOCKED,yes,functional_zone_only,校方原文只写功能区「金普新区／大连开发区」，不含法定区「金州区」；唯一含金州区的是商业地图且路名「图强街」不符，双重不合格。,1) 大连理工大学软件学院页脚与本科招生章程逐字核对；2) 商业地图 POI 仅作线索（路名不符，不采信）；3) 头条多组门牌级精确检索（图强路321号+金州区、公告、新生报到）；4) 教育部高等学校章程核准书途径检索未获该校区法定区。均无门牌级法定区原文。,需要任一新证据：(a) 金州区政府／大连市自然资源局／大连理工大学开发区校区 的官方文件（土地、规划、不动产、校区注册地址变更公告）写出「金州区图强路321号」；(b) 若某官方来源写「图强街321号」且同时标注法定区，需先澄清路名是「图强路」还是「图强街」；(c) 教育部或辽宁省教育厅核准的学校章程若载明开发区校区住所及法定区。,"https://ss.dlut.edu.cn/ （软件学院页脚「地址：辽宁省大连市金普新区图强路321号」）; http://xygzc.dlut.edu.cn/info/1034/9807.htm （本科招生章程「大连开发区校区注册地址为辽宁省大连市金普新区图强路321号」）; https://dl.city8.com/education/8dhj58811xmyb9d07c_address （第三方「辽宁省大连市金州区图强街321号」，路名不符，不采信）; 头条搜索「""图强路321号"" 金州区」「""金州区图强路321号""」「大连理工大学 开发区校区 图强路321号 金州区 公告」「大连理工大学 开发区校区 新生报到 金州区 地址」— 均无门牌级法定区原文",2026-09-12
PROFILE1392_1,4165013562,新疆建设职业技术学院,城建校区,乌鲁木齐市杭州西街272号,新疆维吾尔自治区,乌鲁木齐市,E 无权威来源,HARD-BLOCKED,yes,no_authoritative_source,记录地址“乌鲁木齐市杭州西街272号”（城建校区）无区名可核。校方 http://www.xjjsxy.net 页脚逐字“城建校区:乌鲁木齐市杭州西街272号 邮编:830026”；学院章程 http://www.xjjsxy.net/info/1026/1566.htm 逐字“分校区：乌鲁木齐市杭州西街 272 号（城建校区）；乌鲁木齐市河滩北路 863 号（建材校区）。”，两处均无区；“新市区”只出现在校方招标页对建工校区(西八家户路528号)/建材校区(河滩北路863号)的表述中，属其他校区，按红线禁借用；新疆人社厅2010技工院校表仅“杭州西街272号，（830026）”无区列；能配到“新市区”的仅为腾讯地图/天眼查等地图商企 POI 与商业招生聚合站，按红线不得作为唯一依据。,"校方 http://www.xjjsxy.net 页脚与 http://www.xjjsxy.net/info/1026/1566.htm 学院章程（均只“杭州西街272号”，无区）；校方招标公告页(建工校区 西八家户路528号 / 建材校区 河滩北路863号)（“新市区”仅属这些其他校区）；新疆人社厅技工院校表 https://rst.xinjiang.gov.cn/xjrst/c112727/201005/88d98b0f32cf41189509796401ecb5ff.shtml（“杭州西街272号，（830026）”，无区列）；阳光高考 gaokao.chsi.com.cn（HTTP 412，未绕过）；Sogou 站内限定查询 '""杭州西街272号"" site:gov.cn'（触发验证码 CAPTCHA，未得结果）；site:xjjsxy.net 杭州西街272号 新市区。",需要出现把“杭州西街272号”或“城建校区”与法定区(新市区)在同句绑定的校方或政府文本——例如新疆维吾尔自治区教育厅/人社厅或乌鲁木齐市政府的批复、规划许可、校方含区名的招生章程或采购公告、或事业单位登记信息中带区名的该校区地址。,"http://www.xjjsxy.net; http://www.xjjsxy.net/info/1026/1566.htm; https://rst.xinjiang.gov.cn/xjrst/c112727/201005/88d98b0f32cf41189509796401ecb5ff.shtml; gaokao.chsi.com.cn; Sogou ""杭州西街272号"" site:gov.cn; site:xjjsxy.net 杭州西街272号 新市区",2026-09-12
PROFILE1392_2,4165013562,新疆建设职业技术学院,建材校区,乌鲁木齐市河滩北路863号,新疆维吾尔自治区,乌鲁木齐市,E 无权威来源,HARD-BLOCKED,yes,no_authoritative_source,[分类:官方仅到市级别地址] 校方官网及全部二级学院子站页脚逐字只有「建材校区:乌鲁木齐市河滩北路863号 邮编:830054」，全站无任何法定区名；校方招标公告中的采购人详细地址是「乌鲁木齐市新市区西八家户路528号」，那是建工校区(总校)地址，按红线不得用来覆盖本条建材校区；阳光高考(教育部平台)同样只写「新疆乌鲁木齐市河滩北路863号」。唯一提到新市区的官方句挂的是西八家户路528号(另一校区)。第三方称新市区，单独不可采信；河滩北路本身跨区(第三方显示92号、528号在水磨沟区，1067号在新市区)，路名级亦不可用。,1) 全站爬 www.xjjsxy.net + jdgc/szhj/zjb/jxjy 子站；2) 校方招标公告页(采购人地址)；3) 阳光高考院校库；4) so.toutiao.com 四组关键词；5) 新疆招生考试院 xjzk.gov.cn 站内爬取；6) 中国政府采购网 ccgp 直连与 WebFetch；7) 新疆政采云 ccgp-xinjiang/zfcg.czt.xinjiang.gov.cn；8) Sogou/360/百度/Bing(RSS)/DDG/Yandex 检索通道全部被验证码封锁。,取得任一政府/官方原文把「河滩北路863号」与法定区(新市区/水磨沟区/沙依巴克区)写在同一句即可落地。候选：乌鲁木齐市政府或新市区、水磨沟区政府门户的政务公开/建设项目及环评公示、不动产登记公示、人事考试或高考考点安排、以及该校建材校区建设项目的规划许可公告；新疆政采云中若出现以「建材校区/河滩北路863号」为采购人地址的公告亦可。,http://www.xjjsxy.net/ 及 jdgc/szhj/zjb/jxjy 子站全站爬取(needle=河滩北路) → 页脚一律只有「建材校区:乌鲁木齐市河滩北路863号 邮编:830054」，无任何法定区名; http://www.xjjsxy.net/info/1050/2097.htm 、/2099.htm 、/2079.htm 招标/遴选公告 → 采购人详细地址=「乌鲁木齐市新市区西八家户路528号」(建工校区/总校，属另一校区，红线禁止套用); 阳光高考院校库 gaokao.chsi.com.cn（经 so.toutiao.com 检索命中）→「新疆乌鲁木齐市河滩北路863号」，无区名; https://so.toutiao.com/search?keyword=河滩北路863号 新市区 / 河滩北路863号 水磨沟区 / 新疆建设职业技术学院 建材校区 考点 地址 / 新疆建设职业技术学院采购人地址河滩北路863号 → 仅第三方(高考升学网/大学生必备网/地图)与无关结果; https://www.xjzk.gov.cn/ (新疆招生考试院) 站内爬取(建材校区、河滩北路) → 0 命中; http://search.ccgp.gov.cn/bxsearch?...buyerName=新疆建设职业技术学院 → 直连返回 2920 字节「访问过于频繁」拦截页，WebFetch 请求 HTTP 500,2026-09-12
PROFILE1401_0,4113013899,北京中医药大学东方学院,廊坊校区,河北省廊坊市东方大学城教学南区,河北省,廊坊市,E 无权威来源,HARD-BLOCKED,yes,no_authoritative_source,校方官网（bucmdf.edu.cn）全站只有渤海校区地址，无廊坊/东方大学城/广阳区文字；校方官方微信公众号《2022年招生咨询通道汇总》写「廊坊校区校址：廊坊经济技术开发区东方大学城一期」——「经济技术开发区」是功能区，按红线不得翻译成法定区。写作「河北省廊坊市广阳区东方大学城教学南区」的只有第三方（保定小明同学）；「广阳区东方大学城」的官方表述均属他校（北京城市学院、廊坊职业技术学院）地址，不能顶替本校区。,试过：(1) 校方官网 www.bucmdf.edu.cn 首页/XYGK_dfxyjj.php/ZSXX_lxfs.php/ZSXX_zsjz.php 及 XYSZ、DJZC 等栏目爬取：只有渤海校区地址。(2) 微信检索 query=北京中医药大学东方学院 廊坊校区（校方官方号只写「廊坊经济技术开发区东方大学城一期」）；query=东方大学城 广阳区（「广阳区东方大学城」来自北京城市学院、廊坊职业技术学院等其他学校官方号；含「广阳区东方大学城教学南区」的仅第三方「保定小明同学」）。(3) 政府侧 www.lf.gov.cn 首页无可用站内检索入口；www.lfgy.gov.cn、gyq.lf.gov.cn 域名不解析；河北省教育考试院/廊坊市教育局未找到可检索接口。,需要出现同时含「北京中医药大学东方学院（廊坊校区）」与法定区名「广阳区」或「安次区」的官网/政府原文：河北省教育考试院招生计划或年检公示、廊坊市教育局/广阳区政府文件，或学校官网、官方公众号公布的廊坊校区地址出现法定区名。,https://www.bucmdf.edu.cn/、/XYGK_dfxyjj.php、/ZSXX_lxfs.php、/ZSXX_zsjz.php（仅渤海校区地址）; https://weixin.sogou.com/weixin?type=2&query=北京中医药大学东方学院 廊坊校区（官方号写「廊坊经济技术开发区东方大学城一期」）; https://weixin.sogou.com/weixin?type=2&query=东方大学城 广阳区（广阳区表述均属他校官方号或第三方）; http://www.lf.gov.cn/（无站内检索入口）；www.lfgy.gov.cn / gyq.lf.gov.cn（域名不解析）,2026-09-12
PROFILE1401_1,4113013899,北京中医药大学东方学院,渤海校区,河北省沧州市渤海新区中捷产业园区渤海3号路东段,河北省,沧州市,D 功能区/大学城无法定区佐证,HARD-BLOCKED,yes,functional_zone_only,功能区「渤海新区/中捷产业园区」缺法定区桥接，且因记录地址含路名「渤海3号路」，不能改用校区名挂钩；唯一可能给出区名的黄骅市人民政府站未出现「渤海3号路 + 该校 + 黄骅市」同现的文本。,1) 校方原始页：https://www.bucmdf.edu.cn/ 首页页脚逐字『学校地址：河北省沧州渤海新区中捷产业园区北京中医药大学东方学院』；https://www.bucmdf.edu.cn/ZSXX_lxfs.php（上一轮）『渤海校区校址：沧州渤海新区中捷产业园区』→ 均无法定区、无路名门牌。2) 中捷产业园区管委会站全文检索 POST http://www.zhongjie.gov.cn/guestweb4/s (siteCode=1309000005) 检索「北京中医药大学东方学院」命中 26 条，逐条取原文：施工许可公示（…/ghjsxx/202304/a2068d3369a143f195451b03c2cc9073.shtml）、水土保持受理公示（…/202308/dc487c55a1ee415f85e43109c0b57f04.shtml）等，建设地点/通讯地址一律「沧州渤海新区中捷产业园区」「中捷产业园区黄骅新城」，无「黄骅市」。3) 黄骅市人民政府站全文检索 POST http://www.huanghua.gov.cn/guestweb4/s (siteCode=1309830011)：『东方学院』命中 33 条（均为活动新闻，已抓取 http://www.huanghua.gov.cn/huanghua/c109052/202505/7643ffd,需要一份政府（沧州市人民政府/黄骅市人民政府/沧州渤海新区管委会）或校方原文，在同句内出现「北京中医药大学东方学院（渤海校区）」或路名「渤海3号路」并同时写出法定县级区名「黄骅市」。可行来源举例：中捷产业园区行政审批局公示中若出现含区名的建设地点写法、黄骅市或渤海新区的土地出让/不动产登记/消防验收文件正文、河北省政府采购或公共资源交易平台含「采购人地址：黄骅市…」的条目、或把固安县式「纯图片公示」变为可读文本版本。,https://www.bucmdf.edu.cn/ → 页脚逐字『学校地址：河北省沧州渤海新区中捷产业园区北京中医药大学东方学院』（无区名、无路名门牌）; https://www.bucmdf.edu.cn/ZSXX_lxfs.php → 『渤海校区校址：沧州渤海新区中捷产业园区』（功能区）; http://www.zhongjie.gov.cn/guestweb4/s?siteCode=1309000005 检索『北京中医药大学东方学院』→ 26 条施工许可/规划/水保/消防公示，建设地点全为『沧州渤海新区中捷产业园区』; http://www.zhongjie.gov.cn/zhongjie/ghjsxx/202304/a2068d3369a143f195451b03c2cc9073.shtml （施工许可证公示）与 http://www.zhongjie.gov.cn/zhongjie/ghjsxx/202308/dc487c55a1ee415f85e43109c0b57f04.shtml （水土保持受理公示）→ 取全文核对，无『黄骅市』; http://www.huanghua.gov.cn/guestweb4/s?siteCode=1309830011 检索『东方学院』(33条) / 『渤海3号路』(4条) → 前者全为活动新闻，后者为2009-2011黄骅新城道路施工新闻，无该校地址+区名同现; http://www.huanghua.gov.cn/huanghua/c109052/202505/7643ffd4633f4af39a3e0c36954d8083.shtml → 正文无该校地址与区名,2026-09-12
PROFILE1409_1,4122013605,长春建筑学院,高新校区,吉林省长春市长春高新技术产业开发区双德街道阳光社区火炬路1519号,吉林省,长春市,D 功能区/大学城无法定区佐证,HARD-BLOCKED,yes,functional_zone_only,长春高新区系功能区，长春市公开文书对该门牌/该道路一律用功能区名；朝阳区（唯一在 allowed_districts 中且与双德街道相关的城区）站内零命中，无法形成「区+火炬路1519号」同句证据。,channelid=238484 检索词：火炬路1519 / 火炬路 / 长春建筑学院 / 火炬路 长春建筑学院（均 0 命中）；长春高新区、汽开区 253788、经开区 276480、绿园区 232891、二道区 208929 各频道同法检索「火炬路」；市规划自然资源局 298083 检索「火炬路」；校方官网招生章程（只写高新区双德街道）；https://api.so-gov.cn/query/s 尝试 2201000001/2201040001/2201040002（ok=false）,需官方文书把「火炬路1519号」或至少「火炬路」与「朝阳区」（或其他法定区）同句写出，典型来源：①朝阳区政府/长春高新区管委会的环评受理与审批公示（建设地点列）；②长春市规划和自然资源局的规划许可、土地供应/出让公告中地块位置含「火炬路」且标注法定区；③市场监督管理局食品经营许可（食堂）或卫健部门医务室设置的「双公示」住所地址；④校方与属地政府联合发布的公文（征兵、消防、疫苗接种）写明「朝阳区火炬路1519号」。,http://intellsearch.changchun.gov.cn/was5/web/search?channelid=238484&searchword=火炬路1519; http://intellsearch.changchun.gov.cn/was5/web/search?channelid=238484&searchword=火炬路; http://intellsearch.changchun.gov.cn/was5/web/search?channelid=238484&searchword=长春建筑学院; http://intellsearch.changchun.gov.cn/was5/web/search?channelid=298083&searchword=火炬路; https://api.so-gov.cn/query/s siteCode=2201000001 qt=火炬路1519号,2026-09-12
PROFILE1410_1,4141010842,三门峡职业技术学院,灵凤湖校区,河南省三门峡市高新区学府路3号,河南省,三门峡市,D 功能区/大学城无法定区佐证,HARD-BLOCKED,yes,functional_zone_only,灵凤湖校区与门牌学府路3号可被官方页面确认，但这些页面唯一的区县标记是功能区「高新区／城乡一体化示范区」，绝不写法定区；三门峡市与陕州区两级政府站的检索为开普云 pageView 动态页，其站内搜索 XHR 端点未暴露（/query/s、/search5/search/s、/igs/front/search.jhtml、/pageView/search.do 全部 404），api.so-gov 亦不接受这两个站点号，因此无法在政府文书（卫健、自然资源、规划、采购、环评、招生）中检索到「陕州区/湖滨区 + 学府路3号」的同句证据。按红线不得把功能区翻译为法定区，也不得按道路推断。,①校方官网及招生网全站；②河南省教育厅招生章程原文；③三门峡市政府站 www.smx.gov.cn 与陕州区政府站 www.shanzhou.gov.cn 的站内检索（探测并试调四种开普云检索接口）；④api.so-gov.cn 两个候选站点号；⑤Toutiao 与 Baidu 精确短语检索。均未产出法定区与门牌同句的官方文本。,需要以下任一新证据：①三门峡市/陕州区政府站群搜索（开普云 pageView）的真实 XHR 检索端点或站点号，使能全库检索“学府路3号/灵凤湖校区”；②陕州区卫生健康局（医疗机构执业登记/校验公示）、陕州区自然资源局（土地划拨/出让、规划公示）、河南省或三门峡市政府采购公告中，把“学府路3号／灵凤湖校区”与“陕州区”（或湖滨区）写入同一句的页面。,https://www.smxpt.cn/ (校官网，域名迁移公告，无地址信息); https://zsw.smxpt.cn/ (招生网，页脚仅“三门峡市崤山西路42号”，无区名); 河南省教育厅官方招生章程页：“（二）灵凤湖校区：三门峡市城乡一体化示范区（高新区）学府路3号”; http://www.smx.gov.cn/pageView/informationSearch.html (开普云 pageView 动态检索页，站内搜索 XHR 端点未暴露；试 /query/s、/search5/search/s、/igs/front/search.jhtml、/pageView/search.do 均 404); http://www.shanzhou.gov.cn/pageView/informationSearch.html (陕州区，同上不可提取); POST https://api.so-gov.cn/query/s?siteCode=4112000001 → “不存在的站点[4112000001]”,2026-09-12
PROFILE1412_0,4132012685,苏州经贸职业技术学院,办学地点（档案未命名）,江苏省苏州市国际教育园北区学府路287号,江苏省,苏州市,D 功能区/大学城无法定区佐证,RESOLVED,no,functional_zone_only,government,,,http://www.snd.gov.cn/hqqrmzf/c108327/201704/b38a3239b0ed4e0bb61f990099007d76.shtml（本轮命中页，苏州高新区管委会/虎丘区人民政府，表格逐字含「苏州市虎丘区横塘国际教育园（北区）学府路287号」）; http://www.snd.gov.cn/search5/search/s?siteCode=3205050028（上一轮关键词检索入口，本轮改用直读公示表格）; https://www.szjm.edu.cn/（校方页脚「地址：苏州国际教育园北区学府路287号」，仅功能区，仅作门牌锚点校验）,2026-09-12
PROFILE1419_0,4122013601,长春工业大学人文信息学院,校本部,吉林省长春净月国家高新技术产业开发区福祉大路1016号,吉林省,长春市,D 功能区/大学城无法定区佐证,HARD-BLOCKED,yes,functional_zone_only,该校门牌在政府与校方公开文本中一律以「净月（国家高新技术产业）开发区」表述，长春各区/开发区网站对「福祉大路1016号」零命中；唯一带法定区的政府文书（南关区XX街道决算、南关区玉潭镇/新湖镇公文）只能证明净月代管单元的法定建制归属，无法把该门牌定位到具体建制街道，同句「南关区+福祉大路1016号」在全部已检索来源中不存在。,校方官网 https://www.ccutchi.com/ 页脚（逐字无区）；https://www.ccrw.edu.cn/ 返回 412 WAF；净月站内检索 channelid=234276 检索词：福祉大路1016 / 1016号 / 人文信息 / 福祉大路 / 南关区 / 福祉街道 / 部门决算；南关区 channelid=286770 检索词：长春工业大学人文信息学院 / 福祉大路 / 福祉大路1016 / 永兴街道（均 0 命中）；二道区 208929、朝阳区 238484、绿园区 232891、市门户 291010、市生态环境局 277780、市规划自然资源局 298083、市教育局 259147、市建委 209959、市人社局 282473；https://api.so-gov.cn/query/s 站点码 2201000001/2201000002/2200000001（ok=false，长春未收录）,需要出现同时含法定县级区名与「福祉大路1016号」的官方文书，典型来源：①长春市各城区（南关区/二道区/朝阳区等）或净月高新区发布的环评、规划许可、施工许可、政府采购中标公告，采购人/建设地点写作「XX区福祉大路1016号」；②南关区XX街道（福祉/永兴/净月街道）的决算、公示、社区公告中出现该门牌；③省级教育行政部门（吉林省教育厅）民办高校办学许可证/信息公开中的住所地址；④双公示（卫健、市场监管、消防）对「长春工业大学人文信息学院/长春人文学院」校区食堂或医务室的许可文书。,https://www.ccutchi.com/; https://www.ccrw.edu.cn/; http://intellsearch.changchun.gov.cn/was5/web/search?channelid=234276&searchword=福祉大路1016; http://intellsearch.changchun.gov.cn/was5/web/search?channelid=234276&searchword=南关区; http://intellsearch.changchun.gov.cn/was5/web/search?channelid=286770&searchword=福祉大路; http://intellsearch.changchun.gov.cn/was5/web/search?channelid=208929&searchword=福祉大路,2026-09-12
PROFILE1424_0,4142012991,武汉商贸职业学院,武汉校区,湖北省武汉市东湖新技术开发区光谷二路225号,湖北省,武汉市,D 功能区/大学城无法定区佐证,HARD-BLOCKED,yes,functional_zone_only,复核通过但未过机器门禁: 来源是搜索引擎/聚合站结果页 'weixin.sogou.com'，不是可复核的原始来源,,,"https://weixin.sogou.com/weixin?type=2&query=武汉商贸职业学院 江夏区 光谷二路225号（命中校方官方公众号两篇+湖北中医药大学继续教育学院官方号）; 公众号「武汉商贸职业学院」《2026级新生必看:吃住学全攻略来了!(武汉校区篇)》; 公众号「武汉商贸校团委」《你好,新生|叮~这份开学攻略谁还没看?》; 公众号「湖北中医药大学继续教育学院」教学站点联系方式/2022级成人高考新生入学须知; https://zs.whicu.com/（校方招生网页脚：学校地址 湖北省武汉市东湖新技术开发区光谷二路225号——功能区写法，与本条官方公众号的法定区写法并存）; https://czj.wuhan.gov.cn/kjfw/HJFWZQ/202505/t20250512_2579613.html（政府考点表：武汉东湖新技术开发区光谷二路225号）",2026-09-12
PROFILE1424_1,4142012991,武汉商贸职业学院,红安校区,湖北省红安经济开发区金山大道18号,湖北省,武汉市,H 其他,HARD-BLOCKED,yes,other,实际法定县级行政区为湖北省黄冈市红安县，不在本条 allowed_districts（东西湖区、新洲区、武昌区、汉南区、汉阳区、江夏区、江岸区、江汉区、洪山区、硚口区、蔡甸区、青山区、黄陂区）内，且禁止把功能区『红安经济开发区』翻译成列表内任一区。,1) Toutiao 查询式『红安经济开发区 金山大道18号 红安县 觅儿寺镇 武汉商贸职业学院』→ 红安县人民政府『红安简介』（隶属黄冈市）+ 红安县觅儿寺镇副镇长调研该校 + 中国教育在线报道。2) 同址旁证 https://www.wic.edu.cn/ → 金山大道18号逐字含『湖北省黄冈市红安县觅儿寺镇』。3) 中国教育在线 / 湖北省政府采购网检索 → 红安县均归黄冈市。,待把该条 city 更正为黄冈市（或 allowed_districts 增加红安县）后即可落库：可用红安县人民政府或黄冈市政府/湖北省政府采购网来源把『红安县』与该校区地址写在同一句（现有 https://www.wic.edu.cn/ 同址逐字已含『黄冈市红安县觅儿寺镇金山大道18号』，可用作地址级交叉佐证）。,Toutiao 查询式：红安经济开发区 金山大道18号 红安县 觅儿寺镇 武汉商贸职业学院; https://www.wic.edu.cn/ — 同址『红安校区 湖北省黄冈市红安县觅儿寺镇金山大道18号』（旁证片区法定区）; 红安县人民政府门户『红安简介』— 红安原名黄安，隶属于湖北省黄冈市; Toutiao 查询式：武汉商贸职业学院 红安校区 红安县,2026-09-12
PROFILE1430_0,4141011788,河南警察学院,校本部,河南省郑州市郑东新区龙子湖东路1号,河南省,郑州市,D 功能区/大学城无法定区佐证,HARD-BLOCKED,yes,functional_zone_only,本条 campus 实体落在功能区「郑东新区」内，官方全部写法只有「郑东新区龙子湖东路1号」；法定区名与本条门牌从未在任何官方/政务来源中同现。允许的 12 个法定区内没有任何一个能被证据支撑，按红线不能把「郑东新区」翻译成金水区。,校方官网（hnp.edu.cn 页脚/学生处/采购公告）逐页核；金水区人民政府站内全文检索（/search.jspx）检索「龙子湖东路」「龙子湖东路1号」，均为 0 条；郑州市人民政府站内全文检索（/search.jspx）检索同一门牌，51 条均为词切分噪声；中国政府采购网 22 条近半年公告逐条看「采购单位地址」；郑州市公共资源交易中心 Epoint 全文接口两种查询式；toutiao 搜索多组合；河南省教育厅 schoolSearch 需验证码（按简报不绕过，未使用）。,需要出现把「金水区」（或管城回族区/中牟县）与本条门牌「龙子湖东路1号」写在同一来源的官方/政务页面，例如：金水区卫健委或郑州市卫健委关于该校医疗机构登记的公示、河南省教育厅高校章程核准书中的校区地址、该校事业单位法人登记住所、或郑州市自然资源和规划局涉及该门牌的用地/规划公示。,https://www.jinshui.gov.cn/search.jspx?q=龙子湖东路 → 金水区人民政府站内全文检索 0 条；q=龙子湖东路1号 亦 0 条; https://www.zhengzhou.gov.cn/search.jspx?q=龙子湖东路1号 → 51 条模糊命中（按词切分），无一条把法定区与该门牌同现; 郑州市公共资源交易中心 Epoint 全文接口 wd=龙子湖东路1号（33 条，全部郑东新区）/ wd=金水区龙子湖东路1号（55 条，均不相关）; http://search.ccgp.gov.cn/bxsearch?kw=河南警察学院 → 22 条公告，采购单位地址只有「郑州市龙子湖东路1号」「郑州市郑东新区龙子湖东路1号」「河南省郑州市龙子湖东路1号」; https://www.hnp.edu.cn/ 官网页脚「地址：中国·河南·郑州市龙子湖东路1号」+ 学生处页面「河南省郑州市郑东新区龙子湖高校园区龙子湖东路1号」; https://so.toutiao.com/search?keyword=河南警察学院+金水区+龙子湖东路1号 → 仅郑东新区写法；检出线索为百度百科（红线下不得单独使用）,2026-09-12
PROFILE1435_1,4132010848,无锡职业技术大学,宜兴校区,江苏省无锡市宜兴环保科技工业园,江苏省,无锡市,D 功能区/大学城无法定区佐证,HARD-BLOCKED,yes,functional_zone_only,法定区原文缺失：①校方招标采购中心官方页 https://cght.wxut.edu.cn/sfw_zbcms/e?page=cms.detail&cid=102867&aid=103465《招标采购中心赴宜兴校区和大创园进行调研交流》全文多次出现「宜兴校区」，但通篇无「宜兴市」等法定区名；②校基建处 https://jjb.wxit.edu.cn/（新闻「宜兴校区建设项目可行性研究」）现返回 502 Bad Gateway，正文不可读；③中国政府采购网关键词「无锡职业技术大学/无锡职业技术学院」抓取 30 份公告，采购单位地址一律「无锡市高浪西路1600号」，无宜兴、无宜兴校区；④宜兴市人民政府 http://www.yixing.gov.cn/ 及其环科园栏目 http://www.yixing.gov.cn/yxedz/index.shtml 未检索到该校条目（站内搜索端点均 404）；⑤园区官网 www.yxedz.gov.cn DNS 不可达；⑥记录地址既无路名也无门牌，虽适用校区名挂钩例外，但未取得含「宜兴校区」+「宜兴市」同句的任何原文；⑦第三方论坛「无锡职业技术学院宜兴校区来啦」（陶都论坛）属自媒体，按红线不可单独作依据。,1) https://cght.wxut.edu.cn/sfw_zbcms/e?page=cms.detail&cid=102867&aid=103465（含宜兴校区、无宜兴市）；2) https://cght.wxut.edu.cn/sfw_zbcms/e?page=cms.news&cid=102867 与 cms.psms.gglist&type=YXGK（意向公开）页，无地址；3) https://jjb.wxit.edu.cn/（HTTP 502，基建处新闻源不可读）；4) 中国政府采购网关键词「无锡职业技术大学」「无锡职业技术学院」逐份公告扫描（地址一律 无锡市高浪西路1600号）；5) http://www.yixing.gov.cn/ 与 http://www.yixing.gov.cn/zrzyghj/（自然资源和规划局）栏目扫描；站内搜索端点 /jrobot/search.do、/jsearchfront/... 均 404；6) https://www.yxedz.gov.cn/（DNS ENOTFOUND）；7) 头条多组检索「无锡职业技术大学 宜兴校区 宜兴市」「宜兴市 无锡职业技术大学 宜兴校区 项目」「无锡职业技术学院 宜兴校区 签约/开工/奠基」「中国宜兴环保科技工业园 地址 宜兴市」——仅得校方页面快照与自媒体论坛帖。,需含「宜兴校区 + 宜兴市」同句（或直接给出法定区的校区地址）的权威原文：如学校信息公开 http://xxgkw.wxut.edu.cn 或基建处新校区建设公示、宜兴市自然资源和规划局（www.yixing.gov.cn/zrzyghj/）对该校区用地的供地/规划选址/建设工程规划许可公示、宜兴市或无锡市政府工作报告/重点项目建设清单、江苏省教育厅公示；待项目由「可行性研究」进入立项/供地阶段后该证据可期。,https://cght.wxut.edu.cn/sfw_zbcms/e?page=cms.detail&cid=102867&aid=103465（招标采购中心赴宜兴校区和大创园调研，有『宜兴校区』无『宜兴市』）; https://jjb.wxit.edu.cn/（基建处，HTTP 502）; 中国政府采购网 ccgp 关键词「无锡职业技术大学」「无锡职业技术学院」逐份公告扫描（采购单位地址一律 无锡市高浪西路1600号）; http://www.yixing.gov.cn/、http://www.yixing.gov.cn/yxedz/index.shtml、http://www.yixing.gov.cn/zrzyghj/（未检索到该校条目；站内搜索端点 404）; https://www.yxedz.gov.cn/（DNS ENOTFOUND）; http://xxgkw.wxut.edu.cn（信息公开门户，未检索到宜兴校区）,2026-09-12
PROFILE143_4,4111010007,北京理工大学,珠海校区,广东省珠海市唐家湾金凤路6号,广东省,珠海市,B 来源抓取失败,RESOLVED,no,source_inaccessible,government,,,http://www.zhxz.gov.cn/zhxzmzj/gkmlpt/content/3/3668/post_3668671.html; http://www.zhxz.gov.cn/zhxzmzj/img/0/434/434435/3668671.png; https://search.gd.gov.cn/api/search/all sid=756005/756001 keywords=金凤路 唐家湾; https://zhrsj.zhuhai.gov.cn/attachment/0/435/435240/3911128.pdf; https://zhrsj.zhuhai.gov.cn/attachment/0/432/432106/3896911.pdf,2026-09-12
PROFILE1451_0,4152014011,遵义医药高等专科学校,办学地点（档案未命名）,贵州省遵义市新蒲新区大学城平安北路8号,贵州省,遵义市,C 地址冲突,HARD-BLOCKED,yes,conflicting_address,官方地址只给功能区「新蒲新区」，无任何法定区；功能区不得换算为法定区，旧式「红花岗区新蒲新区」复合地址来源不明且属历史表述。,1) 校方官网 https://www.zunyiyizhuan.cn/ 与招生/招标站 http://zbb.zunyiyizhuan.cn/（地址均为「新蒲新区平安大道北段8号」，无区）；2) so-gov 试 5203000000 / 5203000001 / 5203000020（均无效）；http://www.zunyi.gov.cn/ 站内搜索为 JS 渲染（SearchTypeRender），无可用接口；3) so.toutiao.com 检索「遵义医药高等专科学校 红花岗区 平安大道 事业单位」「遵义医药高等专科学校 住所 事业单位法人 平安大道」「遵义医药高等专科学校 贵州省教育厅 名单 地址」（无带法定区的权威来源）。,需要遵义市/红花岗区政府、贵州省教育厅以「红花岗区（或汇川区/播州区）+ 平安大道北段8号（或平安北路8号）+ 遵义医药高等专科学校」形式发布的文件（事业单位登记住所、环评/规划公示、招生章程），且需说明该旧复合地址是否仍现行有效。,https://www.zunyiyizhuan.cn/; http://zbb.zunyiyizhuan.cn/; https://api.so-gov.cn/query/s siteCode=5203000000 qt=遵义医药高等专科学校; http://www.zunyi.gov.cn/; https://so.toutiao.com/search?keyword=遵义医药高等专科学校 红花岗区 平安大道 事业单位; https://so.toutiao.com/search?keyword=遵义医药高等专科学校 住所 事业单位法人 平安大道,2026-09-12
PROFILE1459_0,4132013113,江海职业技术学院,办学地点（档案未命名）,江苏省扬州市扬子江南路5号,江苏省,扬州市,E 无权威来源,RESOLVED,no,no_authoritative_source,official,,,https://www.jhu.cn/show/52/5297/index.html → 逐字「地  址：扬州市邗江区扬子江南路5号」（命中）; https://www.jhu.cn/ 全站爬取(needle=邗江) → 另有校园新闻提及「扬州市邗江区双桥街道文苑社区」等，佐证学校活动范围在邗江区; 上轮：https://www.jhu.cn/ 页脚「学院地址：江苏省扬州市扬子江南路5号 邮编：225101」无区名；http://zs.jhu.cn/ 、https://xxgk.jhu.cn/ 不可达,2026-09-12
PROFILE1499_1,4150012608,重庆工程学院,双桥校区,重庆市双桥经济开发区西湖大道76号,重庆市,重庆市,A 上一轮独立复核未通过,RESOLVED,no,独立复核要求降级人工复审（引文/地址挂钩未达 verified 门槛）,government,,,https://admin.cq.gov.cn/zwgk/zfxxgkml/zdlyxxgk/jy1/jyzt/gz2026nqggk/zsjz/202606/t20260602_15720634.html（重庆市人民政府网发布《重庆工程学院2026年招生章程》，逐字含「大足区双桥校区」与「双桥校区：重庆市双桥经济开发区西湖大道76号」）; https://www.cqie.edu.cn/ 与 http://zs.cqie.edu.cn/ 及子站 BFS 30 页（页脚逐字「双桥校区：重庆市双桥经济技术开发区通桥街道西湖大道76号」，全校站内无「大足区」）; http://www.dazu.gov.cn/qzfjz/tqjdbsc/index.html（通桥街道页，逐字「通桥街道办事处_重庆市大足区人民政府」，页内无校园/地址）; http://www.dazu.gov.cn/jkq/sqjkq/ 及公示公告多页（双桥经开区管委会专栏，无「工程学院」）; https://www.dazu.gov.cn/irs/front/search（大足区集约化 IRS 搜索接口，POST 恒返回 code 1000 系统错误，无法站内检索）; so.toutiao.com 检索「大足区 西湖大道76号」「重庆工程学院 双桥校区 大足区」「大足区通桥街道西湖大道76号」「重庆工程学院 考点 西湖大道76号」等,2026-09-12
PROFILE1502_0,4141013781,南阳医学高等专科学校,校本部,河南省南阳市雪枫西路1106号,河南省,南阳市,E 无权威来源,RESOLVED,no,no_authoritative_source,official,,,https://zhaosheng.nymc.edu.cn/info/1056/2162.htm; https://zhaosheng.nymc.edu.cn/info/1056/2129.htm,2026-09-12
PROFILE1512_1,4141012747,郑州工业应用技术学院,西校区,河南省郑州市新郑新村镇107国道路东,河南省,郑州市,D 功能区/大学城无法定区佐证,RESOLVED,no,functional_zone_only,学校官网西校区页只写「西校区：河南省郑州市新郑高新技术开发区107国道东侧」（功能区口径），学校章程第六条只写东校区「河南省郑州市新郑市学院路16号」——属同校其他campus，按红线禁止套用。新郑市政府网可检索到的该校全部文件（规划许可证批后 D49Y/2192675、批前 D49Y/2123410、环评受理 D250302X/2070964）建设地址均为东校区「新郑市学院路南侧、湖滨路东侧」；不存在含「新郑市＋107国道（新村镇）」且指向西校区的官方原文。,逐条尝试：新郑市政府站搜索（jspx）多组关键词；新郑市自然资源局规划许可批后/批前公示；新郑市环保局环评受理公示；新郑市政府提案答复（仅PDF）；学校官网西校区简介与学校章程；中国政府采购网标题检索（0 条）。所有命中地址均属东校区或为功能区口径。,需要含「新郑市…107国道（东侧）/新村镇」并明确对应西校区的政府原文，例如新郑市自然资源局对西校区地块的建设用地规划许可/土地出让/征收公告，或该校西校区的不动产权、消防、教育主管备案中同时出现「新郑市」与西校区门牌的页面。,https://www.xinzheng.gov.cn/search.jspx?q=郑州工业应用技术学院 西校区 / 107国道 郑州工业应用技术学院 / 新村镇 107国道; https://public.xinzheng.gov.cn/D250302X/2070964.jhtml（环评受理公示：建设地址=新郑市学院路南侧、湖滨路东侧，属东校区）; https://public.xinzheng.gov.cn/D49Y/2192675.jhtml 、/D49Y/2123410.jhtml（规划许可批后/批前公示，正文无地址）; https://public.xinzheng.gov.cn/D1101X/8752515.jhtml（减速带建议答复，仅PDF）; https://zzb.zzuit.edu.cn/bmgk.htm（西校区=新郑高新技术开发区107国道东侧）; https://www.zzuit.edu.cn/xxgk/xc.htm（章程第六条，仅东校区地址）,2026-09-13
PROFILE1518_0,4141011765,河南城建学院,主校区,河南省平顶山市新城区龙翔大道,河南省,平顶山市,B 来源抓取失败,HARD-BLOCKED,yes,source_inaccessible,官方（河南省教育厅）与政府（河南省政府采购网）来源都以功能区限定该址，从未出现「新华区/湛河区+龙翔大道」。河南省教育厅2026年招生章程原文：「学校位于河南省平顶山市新城区龙翔大道，邮编467036」。新城区、城乡一体化示范区均非法定县级区划。,河南省统一政府检索 https://searchapi.henan.gov.cn/open/api/external?keywords=龙翔大道&siteId=4500000003（命中该校章程，正文无区）、keywords=河南城建学院、siteId=4500000001（www.henan.gov.cn，仅「平顶山市龙翔大道西延工程」市政新闻）；http://jyt.henan.gov.cn/2026/06-06/3363023.html、http://jyt.henan.gov.cn/2025/07-05/3177645.html；河南省政府采购网 http://ccgp-henan.gov.cn/henan/search?q=河南城建学院&ctk=…（正文「服务地点：河南城建学院龙翔校区（河南省平顶山市城乡一体化示范区龙翔大道）」）；Bing RSS「河南城建学院」+「新华区」。,河南省/平顶山市政府、自然资源和规划局或民政部门页面写出「新华区（或湛河区）龙翔大道」或「……河南城建学院……新华区龙翔大道」。,https://searchapi.henan.gov.cn/open/api/external?keywords=龙翔大道&siteId=4500000003; http://jyt.henan.gov.cn/2026/06-06/3363023.html; http://jyt.henan.gov.cn/2025/07-05/3177645.html; http://ccgp-henan.gov.cn/henan/search?q=河南城建学院; https://www.henan.gov.cn/2023/08-08/2793607.html; Bing RSS: 河南城建学院 新华区,2026-09-12
PROFILE1519_1,4134012926,亳州学院,文采校区,安徽省亳州市高新技术产业开发区文采路,安徽省,亳州市,D 功能区/大学城无法定区佐证,HARD-BLOCKED,yes,functional_zone_only,全部分片允许的法定区（利辛县/涡阳县/蒙城县/谯城区）中没有任何一个与记录地址「高新区文采路」同句出现在可核验原文里；校方与政务侧均只提供功能区名。,校官网 https://www.bzuu.edu.cn/ 同源全站爬取 90 页（关键词「谯城区」0 命中），页脚原文仅「校址：安徽省亳州市高新技术产业开发区汤王大道2266号（南湖校区） 安徽省亳州市高新技术产业开发区文采路（文采校区）」；https://so.toutiao.com/search?keyword=亳州学院 文采路 谯城区 、…keyword=亳州学院 招标公告 亳州市谯城区 文采路 、…keyword=亳州学院 文采校区 地址 谯城区 均无同句命中；安徽省人民政府一网搜 https://www.ah.gov.cn/site/search/6781961?keywords=亳州学院 文采路 结果 0 条；http://www.bozhou.gov.cn/ 返回 HTTP 412 无法检索；http://www.qiaocheng.gov.cn/ DNS 不存在。,需要出现含「谯城区」+「文采路」的校方或政务原文，例如：亳州学院官网招标/事业单位地址公告、亳州市或谯城区政府公开文件、安徽省教育厅高等教育处文件中把文采校区地址写作「亳州市谯城区文采路…」的页面。,https://www.bzuu.edu.cn/; https://so.toutiao.com/search?keyword=亳州学院 文采路 谯城区; https://so.toutiao.com/search?keyword=亳州学院 招标公告 亳州市谯城区 文采路; https://www.ah.gov.cn/site/search/6781961?keywords=亳州学院 文采路; http://www.bozhou.gov.cn/; http://www.qiaocheng.gov.cn/,2026-09-12
PROFILE1520_0,4141011069,开封大学,办学地点（档案未命名）,河南省开封市东京大道,河南省,开封市,E 无权威来源,RESOLVED,no,no_authoritative_source,official,,,https://www.kfu.edu.cn/info/1165/28082.htm; site:kfu.edu.cn 东京大道 龙亭区; https://www.kfu.edu.cn/ 采购公告 地 址 东京大道,2026-09-12
PROFILE1524_1,4115013699,乌兰察布职业学院,平地泉校区,内蒙古自治区乌兰察布市察右前旗平地泉镇,内蒙古自治区,乌兰察布市,E 无权威来源,RESOLVED,no,no_authoritative_source,校方来源（ulvc.edu.cn 学院简介/页脚/通知公告）只写「学院有主校区及平地泉校区两个校区」，不给平地泉校区地址；唯一定位来源写作简称「察右前旗」（如乌兰察布市中小企业公共服务平台《2023届毕业生生源信息》「南校区(原乌盟农牧学校校区)位于察右前旗平地泉镇」）。d 必须是法定全称「察哈尔右翼前旗」且逐字出现在引文中，按红线不得把简称当作法定全称、不得自行替换。,"试过：(1) 校方 ulvc.edu.cn 全站 BFS 150 页 + /xygk/xyjj.htm + /index/tzgg.htm：无平地泉校区地址、无「察哈尔右翼前旗」。(2) 察哈尔右翼前旗人民政府站 cyqq.gov.cn 检索后端 https://www.wulanchabu.gov.cn/es/query?（siteid=5c921a9a07e246f189220e98ad430dec，searchType/tcontesType 多组组合）关键词「平地泉」「平地泉镇」「察哈尔右翼前旗」「职业学院」全部返回 data:""[]""。(3) 乌兰察布市政府站检索接口（siteid=8d01edbbe34a420cb5ea43a74b9c87a9）「平地泉校区」「乌兰察布职业学院」均 0 条。(4) 微信检索 query=乌兰察布职业学院 平地泉 / query=平地泉校区 / query=乌兰察布职业学院南校区 平地泉 / query=察哈尔右翼前旗 平地泉 职业学院：均无「平地泉校区」与「察哈尔右翼前旗」同句的官方原文。(5) ccgp 全文检索「平地泉」0 条，本机 IP 被限流。",需要出现同时含「乌兰察布职业学院（平地泉校区/南校区）」与「察哈尔右翼前旗」的官方原文：察哈尔右翼前旗人民政府征地/规划/环评公示，内蒙古自治区发改委项目备案，乌兰察布市公共资源交易中心或内蒙古政府采购网该校平地泉校区项目招标公告（建设地点字段常写法定全称），或学校官网通知公告正文。,"https://www.ulvc.edu.cn/xygk/xyjj.htm（仅「主校区及平地泉校区两个校区」，无地址；页脚仅主校区「集宁新区满达东街曙光南路1号」）; https://www.ulvc.edu.cn/index/tzgg.htm（通知公告 JS 列表；全站 BFS 150 页无平地泉校区地址）; http://www.cyqq.gov.cn/ssfw/index.html?keyword=…（检索接口 es/query，多组参数，全部 data:""[]""）; https://www.wulanchabu.gov.cn/ssfw/index.html（市政府检索 0 条）; https://weixin.sogou.com/weixin?type=2&query=乌兰察布职业学院 平地泉；query=平地泉校区（含区名者均为「察右前旗」简称）; http://search.ccgp.gov.cn/bxsearch 全文检索「平地泉」0 条",2026-09-13
PROFILE152_0,4132011049,淮安大学,枚乘路校区,江苏省淮安市枚乘东路1号,江苏省,淮安市,D 功能区/大学城无法定区佐证,RESOLVED,no,functional_zone_only,government,,,http://jsggzy.jszwfw.gov.cn/jyxx/003006/003006001/20240719/N0117FCZZ241100.html（江苏省公共资源交易网，2026-09-12 重抓复核，逐字命中）; https://so.toutiao.com/search?keyword=淮安大学 枚乘路校区 枚乘东路1号,2026-09-12
PROFILE1539_0,4113014225,河北东方学院,主校区,河北省廊坊市开发区东方大学城一期圣陶路,河北省,廊坊市,B 来源抓取失败,HARD-BLOCKED,yes,source_inaccessible,无来源同时写明「河北东方学院（主校区）」+「圣陶路/东方大学城一期」+allowed_districts 内任一法定区。唯一含门牌路名的来源（校方官网）只给功能区「廊坊经济技术开发区」；其余平台只能证明同园区其他学校（二期居易道）属广阳区，不能套用。,"河北省人民政府检索 http://www.hebei.gov.cn/s?q=圣陶路 / 河北东方学院 / 东方大学城（fix=1，均「没有搜索到」）；廊坊市政府站内检索 http://www.lf.gov.cn/search.aspx（title 检索，返回「很抱歉！未能搜到您想要的内容」，索引为空）；廊坊市教育局 jyj.lf.gov.cn（200，无检索入口）；广阳区政府站内 ES 检索 http://www.guangyang.gov.cn/cms/es/search/highlightSearch.do（返回 {""result"":false,""msg"":""es has closed""}）；广阳区政府 mcms 检索 /mcms/search.do（结果由 JS 加载，无服务端结果）；河北公共资源交易平台 http://szj.hebei.gov.cn/fullsearch.html 及 /inteligentsearch/rest/esinteligentsearch/getFullTextDataNew（河北东方学院 1 条且 404；圣陶路 0 条）；校方数据接口 https://hbdfprod.bydst.cn/user/article/list?tabBarId=10/12/28 与 /user/article/info?id=5131/10271/15953（仅",需要一份把「河北东方学院（主校区）」与「圣陶路」或「东方大学城一期」及法定区（广阳区/安次区）写在同一句/同一表的政府来源，例如：廊坊市或广阳区/安次区公共资源交易公告中的「采购人/采购单位地址」、廊坊市教育局或河北省教育厅的民办学校名录与办学许可（载明住所），廊坊市自然资源和规划局的征地/规划许可，市场监管/消防/住建的许可或重点单位名单（含地址一栏），或校方官网域名改版后恢复为静态可读的「联系我们/学校简介」页——且其地址若新增法定区即可直接定区；若仍只写「廊坊经济技术开发区」，还需一份明文说明该开发区由哪个法定区管辖的政府文件（而非字典翻译）。,"http://www.hebei.gov.cn/s?q=圣陶路 / 河北东方学院 / 东方大学城 → 0 命中; http://www.lf.gov.cn/search.aspx（GBK，fieldOption=title，keyword=圣陶路 / 河北东方学院 / 大学城）→ 均「未能搜到」，索引为空; http://www.guangyang.gov.cn/mcms/search.do → 结果由 JS 加载；http://www.guangyang.gov.cn/cms/es/search/highlightSearch.do → {""msg"":""es has closed""}; http://www.guangyang.gov.cn/xingzhengquhua.html（行政区划页，仅列「廊坊经济技术开发区…大学城社区」，未点名本校/圣陶路）; http://szj.hebei.gov.cn/fullsearch.html 与 /inteligentsearch/rest/esinteligentsearch/getFullTextDataNew（wd=河北东方学院、圣陶路、东方大学城、东方大学城一期）; http://szj.hebei.gov.cn/jyxxgk/002001/002001002/002001002003/20250909/e5ef662e-7db7-475a-9473-dd4faf2659ac.html → HTTP 404（唯一命中已失效）",2026-09-12
PROFILE1539_1,4113014225,河北东方学院,医学院校区,河北省廊坊市开发区东方大学城二期白居易道,河北省,廊坊市,B 来源抓取失败,HARD-BLOCKED,yes,source_inaccessible,河北东方学院官方发布的两个章程均把校址落在功能区「廊坊经济技术开发区/东方大学城」，不含任何法定区。2026年招生章程原文：「学校地址：河北省廊坊经济技术开发区东方大学城」；专升本招生章程原文：「就学校校区：河北省廊坊市东方大学城」。含白居易道（有路名）→ name-hook 禁用；无任何官方/政府页面把「白居易道」与广阳区/安次区同句写出。,学校CMS全文接口 https://hbdfprod.bydst.cn/user/article/info?id=31120 与 id=28582（正文均为功能区）；站内检索 https://hbdfprod.bydst.cn/user/search/list?keywords=白居易道（total:0）、keywords=东方大学城；廊坊市政府站内检索 https://www.lf.gov.cn/search.aspx?fieldOption=title&modelID=0&searchType=0&keyword=东方大学城（仅1条无关）；河北省教育考试院检索 http://www.hebeea.edu.cn/hbksy/search/result?SiteID=122&Query=河北东方学院（接口未按Query过滤，返回通用列表）；学校2025年报考指南PDF（扫描件，仅提取19字符）；Bing RSS「东方大学城」+「广阳区」；www.hebei.gov.cn 搜索端点无法定位（gotoSearchByFix 定义缺失、/irs/front/search 404）。,出现「广阳区（或安次区）……东方大学城二期白居易道」同句的官方/政府页面，例如廊坊市或河北省教育厅公开的民办学校办学许可证/校区规划许可/命名批复，或学校官网「法定住所」页。,https://hbdfprod.bydst.cn/user/article/info?id=31120; https://hbdfprod.bydst.cn/user/article/info?id=28582; https://hbdfprod.bydst.cn/user/search/list?keywords=白居易道; https://www.lf.gov.cn/search.aspx?fieldOption=title&modelID=0&searchType=0&keyword=东方大学城; http://www.hebeea.edu.cn/hbksy/search/result?SiteID=122&Query=河北东方学院; http://www.hebei.gov.cn/onclick.js,2026-09-12
PROFILE1539_2,4113014225,河北东方学院,文物与艺术学院校区,河北省廊坊市开发区东方大学城一期圣陶路东,河北省,廊坊市,B 来源抓取失败,HARD-BLOCKED,yes,source_inaccessible,河北东方学院官方章程只写「河北省廊坊经济技术开发区东方大学城」「河北省廊坊市东方大学城」，均无法定区；站点检索「圣陶路」0 命中；无任何官方/政府页面把「圣陶路」与广阳区/安次区同句写出。地址含路名→不得用校区名挂钩。,同 PROFILE1539_1：学校CMS https://hbdfprod.bydst.cn/user/article/info?id=31120 / id=28582；站内检索 keywords=圣陶路、keywords=东方大学城（0 命中）；廊坊市政府 https://www.lf.gov.cn/search.aspx?...keyword=东方大学城；河北省教育考试院 http://www.hebeea.edu.cn/hbksy/search/result?SiteID=122&Query=河北东方学院；Bing RSS 相关查询；www.hebei.gov.cn 检索端点缺失。,出现「广阳区（或安次区）……东方大学城一期圣陶路」同句的官方/政府页面（民办学校办学许可、校区规划许可、命名批复或学校法定住所页）。,https://hbdfprod.bydst.cn/user/article/info?id=31120; https://hbdfprod.bydst.cn/user/search/list?keywords=圣陶路; https://www.lf.gov.cn/search.aspx?fieldOption=title&modelID=0&searchType=0&keyword=东方大学城; http://www.hebeea.edu.cn/hbksy/search/result?SiteID=122&Query=河北东方学院,2026-09-12
PROFILE1546_2,4122011436,长春汽车职业技术大学,前程校区,吉林省长春市长春汽车经济技术开发区前程街道富锋村委会心叶路1333号,吉林省,长春市,D 功能区/大学城无法定区佐证,HARD-BLOCKED,yes,functional_zone_only,汽开区是跨法定县区组建的功能区，其管委会与环评、招标文书对「心叶路」一律只写「长春汽车经济技术开发区」；心叶路1333号与任何法定区同句的官方原文在全网政府站内检索中均不存在，且开发区史料本身显示其辖区横跨绿园区/朝阳区/公主岭市，任何归区推断都属红线禁止的猜测。,channelid=253788 检索词：心叶路 / 心叶路1333 / 富锋 / 长春汽车职业技术大学；绿园区 232891 检索「心叶路」；朝阳区 238484 检索「富锋」「心叶路」；市规划自然资源局 298083 检索「心叶路」；校方前程校区项目建设公告；汽开区地块土壤污染状况调查报告公示；https://api.so-gov.cn/query/s siteCode=2201000001 qt=心叶路1333号,需官方文书把「心叶路1333号」（或至少「心叶路」+该校）与法定区名同句写出，典型来源：①长春市规划和自然资源局/汽开区规划分局的建设工程规划许可（建设地址列）或土地出让/征收公告，写明「朝阳区心叶路…」或「绿园区心叶路…」；②汽开区生态环境分局的建设项目环评受理/审批公示中建设地点含门牌并标注法定区；③长春市民政/统计部门的界线与统计用区划文本把该门牌落到具体村（富锋村）所属法定区；④校方与属地政府联合公文（征兵、医保定点、消防检查）写明「XX区心叶路1333号」。,http://intellsearch.changchun.gov.cn/was5/web/search?channelid=253788&searchword=心叶路; http://intellsearch.changchun.gov.cn/was5/web/search?channelid=253788&searchword=心叶路1333; http://intellsearch.changchun.gov.cn/was5/web/search?channelid=232891&searchword=心叶路; http://intellsearch.changchun.gov.cn/was5/web/search?channelid=238484&searchword=富锋; http://intellsearch.changchun.gov.cn/was5/web/search?channelid=298083&searchword=心叶路,2026-09-12
PROFILE1547_0,4141012794,河南工业职业技术大学,孔明路校区,河南省南阳市杜诗路1666号,河南省,南阳市,E 无权威来源,RESOLVED,no,no_authoritative_source,分类 E_no_authority：官方证据齐备但法定区字段缺失，allowed_districts 内 宛城区/卧龙区 无法排他。,https://www.hnpi.edu.cn/（首页『孔明校区：南阳市杜诗路1666号』无区）；https://www.hnpi.edu.cn/193/list.htm（学校简介仅『坐落在…南阳』）；https://www.hnpi.edu.cn/zsxx/（『通讯地址：河南省南阳市杜诗路1666号』无区）；http://jyt.henan.gov.cn/2022/06-13/2466302.html 与 http://m.jyt.henan.gov.cn/2022/06-13/2466302.html（本轮抓取 186768 字节，逐字『办学地点：河南省南阳市杜诗路1666号（孔明路校区）』，无区）；https://jyt.henan.gov.cn/2024/08-19/3052103.html（校情页『办公地址：河南省南阳市杜诗路1666号』无区）；https://www.nanyang.gov.cn/search?keyword=杜诗路1666号（表单 action=/search，结果异步 JS 渲染）；头条检索『杜诗路1666号 河南工业职业技术学院』『河南工业职业技术学院 宛城区』。,需要南阳市政府、宛城区(或卧龙区)政府或河南省教育厅文件把『杜诗路1666号』与法定区名逐字并列；或该校《章程》住所条款写出区名。,https://www.hnpi.edu.cn/ (『孔明校区：南阳市杜诗路1666号』，无区); https://www.hnpi.edu.cn/zsxx/ (『通讯地址：河南省南阳市杜诗路1666号』，无区); http://m.jyt.henan.gov.cn/2022/06-13/2466302.html (河南省教育厅刊载招生章程，逐字无区); https://jyt.henan.gov.cn/2024/08-19/3052103.html (教育厅校情页，无区); https://www.nanyang.gov.cn/search?keyword=杜诗路1666号 (JS 渲染，无内联结果); https://so.toutiao.com/search?keyword=杜诗路1666号 河南工业职业技术学院,2026-09-13
PROFILE154_1,4132010305,盐城工学院,建军东路校区,江苏省盐城市建军东路211号,江苏省,盐城市,E 无权威来源,RESOLVED,no,no_authoritative_source,校方全部来源（含该校区专属招标公告与 2026 招生章程）在写「建军东路211号」时均无任何法定区名字样。,①Crawl 学校主页/材料学院/招投标办/招标详情页并全站检索「亭湖」；②下载并读图核对 2026 招生章程附件图片；③toutiao 与 Bing 多组「门牌+亭湖区」检索；④尝试亭湖区/盐城市政府侧来源（无检索通道可用）。,需出现「亭湖区」与「建军东路211号」同句的官方或政府原文：盐城市教育局/招生考试机构考点公告、盐城市人社局考场安排、消防救援重点单位公示、政府采购公告采购人地址（含区名）、或规划公示。,https://www.ycit.edu.cn/index.htm（页脚「（建军东路校区）江苏省盐城市建军东路211号 邮编：224051」）; https://mse.ycit.edu.cn/（「地址：江苏省盐城市建军东路211号 盐城工学院建军东路校区知达楼」）; https://zbxx.ycit.edu.cn/ 与 /info/1003/24241.htm（建军东路校区招标公告，无区名）; https://zjb.ycit.edu.cn/info/1078/2547.htm 及所附 2026 招生章程图片（逐字「建军东路校区（江苏省盐城市建军东路 211 号）」，无区名；已用 PIL 裁剪后读图确认）; so.toutiao.com / cn.bing.com 检索「亭湖区 建军东路211号」「盐城市亭湖区建军东路211号」→ 无官方命中,2026-09-13
PROFILE1557_1,4142014035,武汉设计工程学院,红安校区,湖北省红安经济开发区红安大道特9号,湖北省,武汉市,H 其他,HARD-BLOCKED,yes,other,实际法定县级行政区为湖北省黄冈市红安县，不在本条 allowed_districts（全部为武汉市辖区）内；功能区『红安经济开发区』不得翻译为列表内任一区。,1) Toutiao 查询式『武汉设计工程学院 红安校区 红安大道 红安县 黄冈市』→ 红安县人民政府门户（隶属黄冈市）+ 红安县本地官方页面；未见任何把它落到武汉市任一区的官方来源。2) 同片区旁证：Toutiao『红安经济开发区 金山大道18号 红安县 觅儿寺镇』与 https://www.wic.edu.cn/ 逐字『黄冈市红安县觅儿寺镇』。,待把该条 city 更正为黄冈市（或 allowed_districts 增加红安县）后，用红安县人民政府/黄冈市政府或湖北省政府采购网来源把『红安县』与『红安大道特9号』写在同一句即可落库。,Toutiao 查询式：武汉设计工程学院 红安校区 红安大道 红安县 黄冈市; 红安县人民政府门户『红安简介』— 红安原名黄安，隶属于湖北省黄冈市; https://www.wic.edu.cn/ — 红安经济开发区同片区地址逐字含『黄冈市红安县觅儿寺镇』; Toutiao 查询式：红安经济开发区 金山大道18号 红安县 觅儿寺镇,2026-09-12
PROFILE1562_1,4152012824,遵义职业技术学院,虾子校区,贵州省遵义市新蒲新区虾子镇文化西路57号,贵州省,遵义市,F 历史/当前校区歧义,HARD-BLOCKED,yes,historical_current_ambiguity,该地址的政府与校方原文一律只写功能区「新蒲新区虾子镇」，红线下不得把功能区翻译为法定区；虾子镇法定归属在政府文件（原属遵义县→播州区）与第三方统计用区划代码（520302109→红花岗区）之间存在真实冲突，且没有任何政府原文把任一法定区与「文化西路57号」同写；学校官网亦无虾子校区地址；技师学院已于2024年8月搬离虾子一带，本校区当前适用性存疑。,1) 抓取并调用遵义市政府站内全文检索接口（https://www.zunyi.gov.cn/irs/front/search，从 /material/siteFile/2025/js/index.js 与 search.js 反解出端点与参数），逐词检索「文化西路57号」「虾子校区」「遵义技师学院」「文化西路」「虾子镇文化」「中桥特色集镇」均 0 条，「虾子镇」仅 2 条（托管通知、规划公示，均无门牌）。2) 抓取遵府办发〔2013〕122号：证实「遵义县虾子、三渡、永乐三镇委托新蒲新区代管」，2013年7月8日签订行政区划管理委托书。3) 抓取《新蒲新区虾子片区第七单元（教场坝片区）地块详细规划》批前公示（只写功能区新蒲新区虾子）。4) 抓取学院官网 /xygk/xyjj.htm（四个校区无地址）、/jsxy/xbjj/xyjj.htm（技师学院2024年8月搬迁到新蒲新区中桥特色集镇）、/zsw 招生网（仅「遵义市新蒲新区大学城」）。5) 尝试国家统计局统计用区划代码页（stats.gov.cn .../520302109.html），WAF 统一返回 404，未能取得政府一手代码。6) 头条/搜狗检索该门牌，仅命中百科/地图/商业库，红线下不可采信。,需出现政府一手原文把「虾子镇」或「文化西路57号」与法定区同写，例如：红花岗区或播州区政府、自然资源/民政部门的土地、规划、采购、环评文件中出现「红花岗区虾子镇文化西路57号」或「播州区虾子镇…」；或学校官网/招生章程写明「虾子校区：X区…文化西路57号」。旁证方向：若能以合法方式取得 https://www.stats.gov.cn/sj/tjbz/tjyqhdmhcxhfdm/ 该镇统计用区划代码页（政府一手），可厘清虾子镇法定归属，但仍须与门牌地址挂钩的政府原文才可解锁。,https://www.zunyi.gov.cn/irs/front/search — 遵义市政府全文检索 API（POST JSON，参数由 search.js 反解）：文化西路57号/虾子校区/遵义技师学院/文化西路/虾子镇文化 均 0 条；虾子镇 仅 2 条; https://www.zunyi.gov.cn/zwgk/zfwj/zfbf/201710/t20171025_68772749.html — 遵府办发〔2013〕122号《关于做好新蒲新区托管遵义县虾子、三渡和永乐三镇有关事项的通知》：「决定将遵义县虾子、三渡、永乐三镇委托新蒲新区管理，并于 2013年7月8日 签订了行政区划管理委托书」; https://www.zunyi.gov.cn/zwgk/zfxxgkzl/fdzdgknr/ghjh_5861824/kjgh/202410/t20241012_85929320.html — 《新蒲新区虾子片区第七单元（教场坝片区）地块详细规划》批前公示（仅写功能区新蒲新区虾子）; http://www.zyzy.edu.cn/xygk/xyjj.htm — 学院官网学校简介：「学院现设有新蒲、虾子、官井、中桥四个校区」；页脚「贵州省遵义市红花岗区新蒲新区大学城长征大道」（系新蒲校区地址，不得挪用）; http://www.zyzy.edu.cn/jsxy/xbjj/xyjj.htm — 技师学院简介：「2024年8月搬迁到新蒲新区中桥特色集镇办学」; http://www.zyzy.edu.cn/zsw — 学院招生网：地址仅「遵义市新蒲新区大学城」,2026-09-12
PROFILE1578_1,4113013593,石家庄铁道大学四方学院,西校区,河北省石家庄市中山路西北方大学园,河北省,石家庄市,E 无权威来源,HARD-BLOCKED,yes,no_authoritative_source,需要一条同时含「石家庄市某法定区」+「中山西路/中山路…北方大学园」的官方/政府文本。学校章程、简介、招生章程、采购公告、采购成交公告全部只写「中山路西北方大学园」不含区；一旦要用区，只能靠邮编(050228)、园区名(北方大学园)或地图POI，均属明令禁止的定区方式。,已穷尽校方自有源(招生网招生章程、学院简介、首页footer、tzgg采购/成交公告、Joomla站内检索)、省级教育行政部门(河北省教育厅首页无检索)、市级政府(石家庄市政府检索页为JS壳且无可调API)、政府采购门户(ccgp-hebei仅JS跳转)、国家级平台(教育部阳光高考412拦截)、研招网报考点公告(无地址)。,解锁需出现以下任一新证据：①石家庄市(.gov.cn)/河北省教育厅/河北省自然资源厅文件中就本地块写出「桥西区（或鹿泉区/长安区/新华区）中山西路…北方大学园」；②该校区用地划拨/规划公示、不动产或消防/建设工程许可公示含「法定区+路名+门牌」；③河北省教育厅核准的《石家庄铁道大学四方学院章程》载明法定住所含法定县级区名；④学校在西校区名义下的招标/采购公告中出现「石家庄市XX区XX路XX号」。,https://zs.stdusfc.edu.cn/index.php?option=com_content&view=article&id=282 (2026年普通本科招生章程：第二十三条仅「西校区地址：河北省石家庄市中山路西北方大学园 邮编：050228」「南校区地址：河北省石家庄市装院路甲一号 邮编：051132」); https://www.stdusfc.edu.cn/index.php/about-us-2/jj (学院简介：仅「学院现有两个校区」，无地址无区); https://www.stdusfc.edu.cn/ (首页/footer 仅「地址：河北省石家庄市装院路甲一号 邮编：051132 冀公网安备13011002000167号」); https://www.stdusfc.edu.cn/index.php/tzgg-2/303 / 305 / 306 / 307 (新华校区采购成交公告，全文无「区」级地址); https://www.stdusfc.edu.cn/index.php/component/finder/search?q=北方大学园 (Joomla com_finder 站内检索，索引返回「没找到」); http://jyt.hebei.gov.cn/ (河北省教育厅首页：无站内检索入口/无检索表单),2026-09-12
PROFILE1588_1,4162012832,兰州外语职业学院,兰州新区,甘肃省兰州市新区职教园区长江大道888号,甘肃省,兰州市,D 功能区/大学城无法定区佐证,RESOLVED,no,functional_zone_only,official,,,https://www.lzwyedu.com/xwmb/tzgg/31200.htm; https://www.lzwyedu.com/; https://so.toutiao.com/search?keyword=兰州外语职业学院 长江大道888号,2026-09-12
PROFILE159_3,4133010336,杭州电子科技大学,下沙东校区,浙江省杭州市江干区金沙东路,浙江省,杭州市,E 无权威来源,HARD-BLOCKED,yes,no_authoritative_source,[分类:校区名与地址同官方不符] 杭电官网与招生章程的校区列表只有下沙校区/文一校区/东岳校区/绍兴校区/青山湖校区，不存在「下沙东校区」；www.hdu.edu.cn、cgzx.hdu.edu.cn 全站检索「金沙东路」0 命中。杭电自述下沙校区地址为「杭州市钱塘区白杨街道2号大街1158号」，与本条记录地址(金沙东路)不是同一地址，属另一地址，按红线不得覆盖。记录自带的「江干区」已于 2021 年撤销，且不在 allowed_districts 内；「下沙→钱塘区」属常识推断，禁止。未发现杭州境内存在名为「金沙东路」的道路，无法确证该门牌存在。,1) 爬取 www.hdu.edu.cn(needle=金沙东路/下沙东/金沙)；2) 爬取 cgzx.hdu.edu.cn(needdle=金沙 与 钱塘)；3) so.toutiao.com 三组关键词；4) 复核上轮结论；5) 浙江省/杭州市政府门户(可达但检索为 JS SPA)。,先由权威来源确认「金沙东路」这一道路名在杭州确实存在及其所属法定区，并出现「杭州电子科技大学下沙东校区」或「金沙东路」与法定区同句的官方原文。候选：杭州市钱塘区人民政府/杭州市规划和自然资源局的命名与规划公示、杭州市教育局、杭电官网或采购中心新发布的含该校区名的公告。,https://www.hdu.edu.cn/ 及爬取 60+ 页(needle=金沙东路|下沙东|金沙) → 0 命中；校区导航仅 下沙/文一/东岳/绍兴/青山湖 校区; https://cgzx.hdu.edu.cn/ (杭电采购中心) 爬取(needle=金沙) → 0 命中；(needle=钱塘) → 命中多条「浙江省杭州市钱塘新区2号大街1158号」「杭州市钱塘区白杨街道2号大街1158号」「杭州钱塘区高教园区2号大街」，均为下沙校区(2号大街)地址，与本条记录的金沙东路不是同一地址; https://so.toutiao.com/search?keyword=金沙东路 杭州 / 杭州电子科技大学 下沙东校区 / 杭州电子科技大学 下沙东校区 地址 江干区 → 未发现杭州存在「金沙东路」；仅见第三方(杭电超算中心页)称「杭州电子科技大学(下沙校区)浙江省杭州市江干区2号大街1158号」; 上轮：https://so.toutiao.com/search?keyword=杭州电子科技大学下沙东校区 → 无结果；https://www.hdu.edu.cn/11790/list.htm → 「钱塘区」仅出现在「杭州市钱塘区人民政府」友情链接; https://www.zj.gov.cn/、https://www.hangzhou.gov.cn/ 首页可达但检索为 JS SPA，未取得「金沙东路」相关结果,2026-09-12
PROFILE1606_0,4122011441,吉林警察学院,净月校区,吉林省长春市长春净月高新技术产业开发区博硕街道博硕社区博硕路1399号,吉林省,长春市,D 功能区/大学城无法定区佐证,HARD-BLOCKED,yes,functional_zone_only,净月高新技术产业开发区为功能区，不属 allowed_districts 中任一法定区；记录地址有路名+门牌（博硕路1399号），不得走 name 挂钩，也不得自行把功能区翻译成法定区。可及的一手来源（学校官网）只写「净月经济开发区博硕路1399号」；第三方（邮编库标二道区、城市吧地图）与另一第三方（南关区）互相矛盾，均为地图/邮编类第三方，红线禁用。,https://www.jljcxy.edu.cn/ 官网地址栏仅「长春市净月经济开发区博硕路1399号」；https://gaokao.chsi.com.cn/ 阳光高考院校库 HTTP 412 拒绝（WAF，未绕过）；http://intellsearch.changchun.gov.cn/was5/web/search?channelid=291010 长春市政府站群检索「博硕路1399号」「博硕路」「净月大街3699号」均为 0 结果（站群未收录净月高新区成员站）；https://so.toutiao.com/search?keyword=博硕路1399号 命中邮编库(二道区)、城市吧地图（第三方且互相冲突）；https://so.toutiao.com/search?keyword=消防安全重点单位 吉林警察学院 博硕路 无果；https://html.duckduckgo.com/html/ 与 https://lite.duckduckgo.com/lite/ 人机验证拦截，bing/baidu/搜狗 均反爬。,需要以下任一原文（含「博硕路1399号」或「吉林警察学院净月校区」与「南关区」/「二道区」同句）：长春市消防救援支队或净月高新区消防救援大队的消防安全重点单位/双随机抽查名单；长春市招生考试中心或吉林省教育考试院的高考/研考考点公告；长春市规划和自然资源局（gzj.changchun.gov.cn）不动产登记或规划许可公示；南关区/二道区政府官网的属地单位名单。,https://www.jljcxy.edu.cn/ — 官网地址栏（功能区）; https://gaokao.chsi.com.cn/ 阳光高考院校库 — HTTP 412 拒绝访问（未绕过）; http://intellsearch.changchun.gov.cn/was5/web/search?channelid=291010&searchword=博硕路1399号 — 长春市政府站群，0 结果; https://so.toutiao.com/search?keyword=博硕路1399号; https://so.toutiao.com/search?keyword=吉林省长春市二道区博硕路1399号; https://html.duckduckgo.com/html/?q=博硕路1399号 — 人机验证拦截,2026-09-12
PROFILE160_2,4132010293,南京邮电大学,锁金村校区,江苏省南京市龙蟠路177号,江苏省,南京市,E 无权威来源,RESOLVED,no,no_authoritative_source,corroborated,,,"https://www.njupt.edu.cn/ 及相关子站(仅“南京市龙蟠路177号”，无区); http://jshrss.jiangsu.gov.cn/art/2024/3/29/art_78504_11206113.html (命中玄武区龙蟠路177号); http://jshrss.jiangsu.gov.cn/art/2024/10/23/art_77526_9041605.html (省人事考试中心联系方式); weixin.sogou 检索：公众号「江苏人社」巡视工作公告 /「青柠观海」南京海关面试提醒 /「南邮应用青年」开学指南; 玄武区政府 www.xwzf.gov.cn (siteId123 JS SPA, 未定位API)",2026-09-12
PROFILE1616_1,4122013161,长春职业技术大学,世纪校区,吉林省长春市长春经济技术开发区世纪街道红星社区净月大街289号,吉林省,长春市,D 功能区/大学城无法定区佐证,HARD-BLOCKED,yes,functional_zone_only,经开区为功能区，其自产文书把「净月大街」地址一律记为「经开区/经济开发区」；学校章程对其他校区写法定区（九台区）、对世纪校区只写功能区，说明官方口径本身缺该项。未找到任何政府/校方文书把「净月大街289号」与法定区名写在同一句。,channelid=276480 检索词：净月大街289 / 净月大街 / 长春职业技术大学；二道区 208929 检索词：净月大街 / 福祉大路；市门户 291010 检索「长春职业技术大学」；市规划自然资源局 298083 检索「净月大街」；学校章程原文（世纪校区/龙嘉校区对照）；https://api.so-gov.cn/query/s siteCode=2201000001 qt=净月大街289号,需官方文书把「净月大街289号」与法定区名同句写出，典型来源：①经开区/二道区教育局或疫情防控、征兵、消防类公文点名该校并附「XX区净月大街289号」；②长春市规划和自然资源局的该校区规划许可/土地供应公告（位置列+法定区）；③市场监管/卫健双公示对该校区食堂、医务室的许可住所地址；④学校向省级教育行政部门备案的办学地址（若含法定区）。,http://intellsearch.changchun.gov.cn/was5/web/search?channelid=276480&searchword=净月大街289; http://intellsearch.changchun.gov.cn/was5/web/search?channelid=276480&searchword=净月大街; http://intellsearch.changchun.gov.cn/was5/web/search?channelid=208929&searchword=净月大街; http://intellsearch.changchun.gov.cn/was5/web/search?channelid=298083&searchword=净月大街; http://intellsearch.changchun.gov.cn/was5/web/search?channelid=291010&searchword=长春职业技术大学,2026-09-12
PROFILE1621_0,4122013662,长春人文学院,东校区,吉林省长春市净月高新技术产业开发区博硕路1488号,吉林省,长春市,D 功能区/大学城无法定区佐证,HARD-BLOCKED,yes,functional_zone_only,学校官网因 WAF JS 挑战不可访问（不得绕过），无官方地址原文；长春市政府站群对博硕路1488号零命中，对校名命中的都是与地址无关的活动报道，没有任何来源把该门牌与法定区名写在一起。,1) 学校官网直取（412，未绕过访问控制）；2) 长春市政府站群全域频道（218113）与南关区频道（286770）分别检索「博硕路1488号」「长春人文学院」；3) 头条 SSR 搜索租查询式；4) 通用搜索引擎（WebSearch 额度耗尽；Bing/Baidu/Sogou/360/DDG/Yandex/Google/searx 等全部被挡或返回无关结果）。,需要一条可公开访问的权威页面逐字写出「南关区……博硕路1488号」（如长春人文学院官网/信息公开栏、南关区政府或长春市教育局的公告、事业单位法人登记住所、招生章程封面），或学校官网恢复可访问后的官方地址页。仅凭『净月开发区』等功能区表述或活动报道不能解锁。,https://www.ccrw.edu.cn/ （HTTP 412 WAF JS 挑战，浏览器头齐备仍不可取；未绕过）; http://intellsearch.changchun.gov.cn/was5/web/search?channelid=218113&searchword=博硕路1488号 （0 命中）; http://intellsearch.changchun.gov.cn/was5/web/search?channelid=286770&searchword=博硕路1488号 （南关区频道，0 命中）; http://intellsearch.changchun.gov.cn/was5/web/search?channelid=218113&searchword=长春人文学院 （仅活动报道，无地址）; https://so.toutiao.com/search?keyword=长春人文学院 东校区 博硕路1488号; https://so.toutiao.com/search?keyword=博硕路1488号 南关区,2026-09-12
PROFILE1623_0,4122013916,长春信息技术职业学院,卓越校区,吉林省长春市高新区卓越大街881号,吉林省,长春市,D 功能区/大学城无法定区佐证,HARD-BLOCKED,yes,functional_zone_only,无任何来源把「卓越大街881号」与法定区名写在同一条原文里；政府站群中卓越大街的路段信息（高新区/新区-高新、朝阳区富锋街道）属于功能区标注或仅路名共现，按红线不得用于推断门牌归属。,1) 学院官网首页抓取（无有效地址-区共现）；2) 长春市政府站群全域频道（218113）检索「卓越大街881号」「卓越大街3666号」（0 命中）与「卓越大街」（仅功能区/路名条目）；3) 朝阳区频道/南关区频道同关键词（0 命中）；4) 头条 SSR 搜索；5) 通用搜索引擎全部被挡。,需要权威原文同时逐字包含法定区名与「卓越大街881号」，例如朝阳区政府或长春新区（高新区）管委会经区政府口径发布的公告中写「朝阳区卓越大街881号」，或学院办学许可证/事业单位登记住所、政府采购合同中的采购人地址。仅『朝阳区富锋街道双山南路与卓越大街交汇』这类异门牌、仅路名的共现不能解锁。,https://www.citpc.edu.cn/ （首页抓取成功但无「区+卓越大街+门牌」表述）; http://intellsearch.changchun.gov.cn/was5/web/search?channelid=218113&searchword=卓越大街881号 （0 命中）; http://intellsearch.changchun.gov.cn/was5/web/search?channelid=218113&searchword=卓越大街 （命中：「新区-高新 卓越大街以东地块」土地挂牌表；「朝阳区富锋街道双山南路与卓越大街交汇」防汛责任人表；地铁5号线卓越大街站等——均为功能区或仅路名，非本门牌）; https://so.toutiao.com/search?keyword=长春信息技术职业学院 卓越大街881号 高新区; http://intellsearch.changchun.gov.cn/was5/web/search?channelid=218113&searchword=卓越大街3666号 （0 命中）,2026-09-12
PROFILE1623_1,4122013916,长春信息技术职业学院,宜居路校区,吉林省长春市长春高新技术产业开发区硅谷街道宜居社区卓越大街3666号,吉林省,长春市,D 功能区/大学城无法定区佐证,HARD-BLOCKED,yes,functional_zone_only,没有任何权威原文把「卓越大街3666号」与法定区名写在同一处；政府站群对该门牌零命中，命中的『硅谷街道宜居社区』报道只有社区名，无区名且无门牌，不能作为定区证据。,1) 长春市政府站群全域频道（218113）分别检索「卓越大街3666号」「宜居社区卓越大街」「硅谷街道宜居社区」；2) 学院官网首页核对；3) 南关区/净月频道交叉检索；4) 头条 SSR 搜索；5) 通用搜索引擎全部被挡。,需要权威原文逐字包含法定区名与「卓越大街3666号」（例如朝阳区政府或长春新区管委会经区政府口径的公告写「朝阳区……卓越大街3666号」，或该校事业单位登记住所/办学许可证/采购合同公告中的采购人地址）。仅『硅谷街道宜居社区』或『高新区卓越大街』这样的街道/功能区表述都不构成解锁。,http://intellsearch.changchun.gov.cn/was5/web/search?channelid=218113&searchword=卓越大街3666号 （0 命中）; http://intellsearch.changchun.gov.cn/was5/web/search?channelid=218113&searchword=宜居社区卓越大街 （0 命中）; http://intellsearch.changchun.gov.cn/was5/web/search?channelid=218113&searchword=硅谷街道宜居社区 （命中公积金/长发集团志愿服务报道，无区名与门牌共现）; https://www.citpc.edu.cn/ （首页无该门牌+法定区表述）; https://so.toutiao.com/search?keyword=长春信息技术职业学院 宜居路校区 卓越大街3666号,2026-09-12
PROFILE162_1,4132010315,南京中医药大学,汉中门校区,江苏省南京市汉中路282号,江苏省,南京市,E 无权威来源,RESOLVED,no,no_authoritative_source,official,,,http://zs.njucm.edu.cn/2020/0703/c4152a65110/page.htm（200，正文挂招生章程 PDF 附件）; http://zs.njucm.edu.cn/_upload/article/files/78/87/0bf3aa9b405dbb48d111d8ba4fee/447ee500-5525-4b34-922f-45c06e62a763.pdf（200，pdftotext -enc UTF-8 提取出鼓楼区+汉中路282号原文）; https://www.njucm.edu.cn/ 站内检索 API（/_web/_search/api/searchCon/create.rst，base64 searchInfo）：「汉中路282号」「汉中路」0 命中；「鼓楼区」60 条均为标题级新闻,2026-09-12
PROFILE162_2,4132010315,南京中医药大学,泰州校区,江苏省泰州市医药高新技术产业开发区匡时路6号,江苏省,泰州市,A 上一轮独立复核未通过,RESOLVED,no,独立复核要求降级人工复审（引文/地址挂钩未达 verified 门槛）,government,,,http://www.ccgp-jiangsu.gov.cn/finscms/FinsCms_DATA/202212/1671183731945086158.doc; http://www.ccgp-jiangsu.gov.cn/; Toutiao: 南京中医药大学泰州校区 匡时路6号 高港区; https://so.toutiao.com/search?keyword=%E5%8D%97%E4%BA%AC%E4%B8%AD%E5%8C%BB%E8%8D%AF%E5%A4%A7%E5%AD%A6%E6%B3%B0%E5%B7%9E%E6%A0%A1%E5%8C%BA+%E5%8C%A1%E6%97%B6%E8%B7%AF6%E5%8F%B7; ccxq.jlnu.edu.cn / taizhou.njucm.edu.cn / tzxq.njucm.edu.cn (DNS 失败); https://www.gaogang.gov.cn (DNS 失败),2026-09-12
PROFILE1630_0,4115013741,科尔沁艺术职业学院,办学地点（档案未命名）,内蒙古自治区通辽经济开发区辽河大街东段,内蒙古自治区,通辽市,D 功能区/大学城无法定区佐证,RESOLVED,no,functional_zone_only,government,,,"http://www.keerqin.gov.cn/zwgk/zfxxgk/fdzdgknr/zdlyxx/wgjy/jyzc/202503/t20250326_932355.html; http://www.keerqin.gov.cn/zwgk/zfxxgk/fdzdgknr/zdlyxx/wgjy/jyzc/202503/t20250317_929772.html; https://www.tongliao.gov.cn/nmsearch/trssearch/searchAll.do (siteId=8, searchTag=all, position=0) 检索: 科尔沁艺术职业学院 / 辽河大街东段",2026-09-12
PROFILE1631_1,4115013864,包头钢铁职业技术学院,白云鄂博分校区,内蒙古自治区包头市白云区通阳道3号,内蒙古自治区,包头市,H 其他,RESOLVED,no,other,唯一把门牌与区名写进同一句的官方来源（学校章程）写的是非全称『白云区』；而逐字使用法定全称『白云鄂博矿区』的政府来源均不含门牌『通阳道3号』。无法在「引文逐字包含 d 且同句挂钩地址」的口径下同时满足两项。,包头钢铁职业技术学院章程页（https://www.btsvc.edu.cn/xygk/xyzc.htm，IP+Host 直连读到原文）；白云鄂博矿区人民政府站内检索接口 /nmsearch/trssearch/searchAll.do?siteId=65&allKeywords=通阳道 多页翻取；白云鄂博矿区大事记页（http://www.byeb.gov.cn/zwgk/zfgb/202304/t20230401_889277.html）；包钢金石班招生简章（http://www.byeb.gov.cn/xwzx/tzgg/202201/t20220113_879251.html）；用『白云区通阳道办事处』简称的区政府新闻页（http://www.byeb.gov.cn/zwgk/fdzdgknr/zdlyxxgk/ylws/202405/t20240522_892162.html）；搜索引擎 query：『白云鄂博矿区 通阳道3号』『包头钢铁职业技术学院 白云鄂博分院 通阳道』。,一份政府或学校官方页面在同句逐字同时出现『白云鄂博矿区』与『通阳道3号』（或『通阳道』）；或一份权威文件（如国家统计局区划代码表、包头市民政局区划公示）明确说明本语境下『白云区』即『白云鄂博矿区』。,内蒙古包头钢铁职业技术学院学校章程页 https://www.btsvc.edu.cn/xygk/xyzc.htm（IP 直连 + Host 头取得原文，同句写『白云区通阳道3号』）; 白云鄂博矿区人民政府站内检索 http://www.byeb.gov.cn/nmsearch/trssearch/searchAll.do?siteId=65&searchTag=all&allKeywords=通阳道; 白云鄂博矿区大事记 http://www.byeb.gov.cn/zwgk/zfgb/202304/t20230401_889277.html; 包钢金石班招生简章 http://www.byeb.gov.cn/xwzx/tzgg/202201/t20220113_879251.html; 白云鄂博矿区人民政府新闻（使用『白云区通阳道办事处』简称）http://www.byeb.gov.cn/zwgk/fdzdgknr/zdlyxxgk/ylws/202405/t20240522_892162.html; query: 白云鄂博矿区 通阳道3号 / 包头钢铁职业技术学院 白云鄂博分院 通阳道,2026-09-13
PROFILE1636_0,4115014049,内蒙古北方职业技术学院,办学地点（档案未命名）,内蒙古自治区呼和浩特市大学城,内蒙古自治区,呼和浩特市,D 功能区/大学城无法定区佐证,RESOLVED,no,functional_zone_only,official,,,https://www.nmbfxy.com/channels/22.html; http://www.nmbfxy.com/channels/46.html; https://so.toutiao.com/search?keyword=内蒙古北方职业技术学院 赛罕区,2026-09-12
PROFILE1642_0,4114011242,太原学院,汾东校区,山西省太原市唐槐产业园区汾东大街7号,山西省,太原市,D 功能区/大学城无法定区佐证,HARD-BLOCKED,yes,functional_zone_only,功能区「唐槐产业园区」无法定区佐证：校方全站不写小店区；山西省政府采购网被 JS 单页壳与证书不匹配挡住正文（无法读取『采购人地址』字段）；山西省教育厅专页内容为空；小店区政府站内无「汾东大街」；综改示范区管委会只给园区四至范围。仅第三方（吉林大学就业网、城市吧、高三网等）出现「小店区」，按红线只能作线索。,"已试路径：①校方 tyu.edu.cn 全站（招生网、官网页脚、后勤保障部、学生工作部）；②山西省教育厅 jyt.shanxi.gov.cn 站内及其「太原学院」专页；③山西省政府采购网 ccgp-shanxi.gov.cn（luban/detail 与 ZcyAnnouncement 多篇公告，均返回仅含站名的 JS 壳）；④太原市政府门户网站；⑤小店区政府 xiaodian.gov.cn 站内；⑥山西转型综合改革示范区管委会；⑦精确门牌反查「""汾东大街7号""」+ 公示/小店区/唐槐产业园区。冲突来源：第三方多写「小店区汾东大街7号」，官方一律只写功能区。",需取得山西省政府采购网/山西省公共资源交易平台「太原学院」采购公告正文（其采购人地址字段通常写作「小店区汾东大街7号」），或山西省/太原市自然资源局、住建局、发改委对汾东校区（原太原大学新校区）项目的批文、土地划拨/规划许可公示中出现「小店区」+「汾东大街7号」同句；亦可由小店区政府正式文件点名该门牌。,"https://zhaosheng.tyu.edu.cn/info/1061/7301.htm （2026招生章程：汾东校区 太原市唐槐产业园区汾东大街7号）; https://www.tyu.edu.cn/ ；https://hqc.tyu.edu.cn/ （后勤保障部办公地址：太原市唐槐产业园区汾东大街7号）; so.toutiao.com/search?keyword=""汾东大街7号""; so.toutiao.com/search?keyword=""汾东大街7号"" 小店区; so.toutiao.com/search?keyword=""汾东大街7号"" 公示; so.toutiao.com/search?keyword=site:xiaodian.gov.cn 汾东大街（零结果）",2026-09-12
PROFILE1642_1,4114011242,太原学院,滨河校区,山西省太原市南内环街南二巷6号,山西省,太原市,E 无权威来源,HARD-BLOCKED,yes,no_authoritative_source,官方与政府原文都只写到「南内环街南二巷6号」为止，无一处给出县级区名；南内环街横跨迎泽区/小店区，不得靠路名推断。,1) 学校章程（HTML）与招生章程抓取；2) 官网/简介页脚；3) 太原市站内检索；4) 迎泽区消防重点单位公告全文核验；5) 中国政府采购网标题检索；6) 头条/神马关键词；7) 后勤保障部子站 DNS 探测。,需要一条政府/官方原文同时出现「小店区」或「迎泽区」与「南内环街南二巷6号」（例如辖区街道办/区教育局公示、太原市不动产或规划公示、学校章程修订版法定住所条款）。,https://www.tyu.edu.cn/info/1221/1831.htm 太原学院章程：「滨河校区（南内环街南二巷6号）」无区名; https://zhaosheng.tyu.edu.cn/ 招生网与 https://zhaosheng.tyu.edu.cn/info/1061/7301.htm 2026年招生章程：「滨河校区 太原市南内环街南二巷6号」无区名; http://www.tyu.edu.cn/ 与 https://www.tyu.edu.cn/xxgk/xxjj.htm：页脚「山西省太原市唐槐产业园区汾东大街7号」无区名; https://www.yingze.gov.cn/gsgg/20230313/30026983.html 迎泽区消防救援大队《迎泽区2023年度消防安全重点单位的公告》：全文无「南内环街南二巷」; http://search.ccgp.gov.cn/bxsearch?kw=南内环街南二巷 标题检索：0 条; https://hqc.tyu.edu.cn/ 太原学院后勤保障部：DNS 解析失败,2026-09-12
PROFILE1642_2,4114011242,太原学院,府东校区,山西省太原市杏花岭街2号,山西省,太原市,E 无权威来源,HARD-BLOCKED,yes,no_authoritative_source,学校官方章程是唯一权威原文，但它对府东校区只给「杏花岭2号」而不给区名；无政府原文把该门牌与「杏花岭区」同句并列。,1) 学校章程与招生章程全文抓取（含 PDF/HTML）；2) 官网首页/学校简介页脚；3) 太原市政府站内检索（JS 渲染）；4) 头条与神马多组关键词；5) 杏花岭区消防救援重点单位公告类文件检索。,需要一条政府/官方原文同时出现「杏花岭区」与「杏花岭街2号」（例如杏花岭区政府、太原市规划和自然资源局、太原市教育局公示，或学校章程修订版写明法定住所的区名）。,https://www.tyu.edu.cn/info/1221/1831.htm 太原学院章程：「府东校区（杏花岭2号）」——有校区无区名; https://zhaosheng.tyu.edu.cn/info/1061/7301.htm 太原学院2026年招生章程：办学地点未含府东校区; http://www.tyu.edu.cn/ 与 https://www.tyu.edu.cn/xxgk/xxjj.htm：页脚「山西省太原市唐槐产业园区汾东大街7号」无区名; 太原市政府检索 http://www.taiyuan.gov.cn/so/s?siteCode=1401000055&tab=all&toolsStatus=1&qt=杏花岭街2号 （JS 渲染，无服务端结果）; so.toutiao.com 「太原学院 府东校区」「太原学院 府东校区 杏花岭街2号」「杏花岭街2号」：仅命中区政府首页与幸福里房产页，无门牌与法定区同句; so.m.sm.cn 「太原学院 府东校区 杏花岭街2号」返回空,2026-09-12
PROFILE1643_2,4114012388,长治职业技术学院,南校区,山西省长治市太行欢乐谷东侧,山西省,长治市,E 无权威来源,HARD-BLOCKED,yes,no_authoritative_source,记录地址为地标式「太行欢乐谷东侧」，无路名门牌；而「校区名挂钩」例外要求来源把「长治职业技术学院南校区」与法定区写在同一句，任何官方/政府来源都不含「南校区」的地址或区名；地标「太行欢乐谷」的所在县不能用来推校区区划。,1) 长治职业技术学院官网 www.czzy.cn（9825 字节）核读，未含地址/区划信息。2) 学校信息公开站 xxgk.czzy.cn（4767 字节）核读，无地址。3) 检索「长治职业技术学院 南校区 太行欢乐谷 潞州区 地址」→ 潞州区 NO HIT；仅命中掌上高考（北校区 = 捉马东大街51号）、高三网、长治市人社局培训开班表，均不含南校区法定区。4) 检索「长治职业技术学院 南校区 地址 在哪」→ 仅北校区/东校区信息。5) 本轮追加：按「长治职业技术学院 南校区」检索，仍未出现南校区的街道/门牌或含区原文。,需要以下任一：长治职业技术学院官网/招生章程或政府来源首次写出「南校区」的规范地址（含路名门牌）并同时写出法定区；或该校南校区的用地规划公示、校舍产权/消防备案、政府采购公告中出现南校区地址 + 法定区原文；或长治市（潞州区/上党区/壶关县）政府文件中把「太行欢乐谷东侧」这一地标与该校南校区及法定区写在同一句。,https://www.czzy.cn/ → 9825 字节，未含地址/区划信息; http://xxgk.czzy.cn/ → 4767 字节，无地址; https://so.com/s?q=长治职业技术学院 南校区 太行欢乐谷 潞州区 地址 → 潞州区 NO HIT；仅北校区(捉马东大街51号)/东校区; https://so.com/s?q=长治职业技术学院 南校区 地址 在哪 → 掌上高考/高三网/长治市人社局开班表，均无南校区法定区; https://so.toutiao.com/search?keyword=长治职业技术学院 南校区 → 未出现南校区的街道/门牌，无含法定区原文,2026-09-12
PROFILE1649_0,4114012892,山西水利职业技术学院,运城校区,山西省运城市安邑庙风西路34号,山西省,运城市,E 无权威来源,RESOLVED,no,no_authoritative_source,government,,,https://www.yuncheng.gov.cn/doc/2023/10/13/382155.shtml — 运城市政府 运环罚字〔2023〕01049号：命中『盐湖区安邑庙风西路34号……山西水利职业技术学院』; https://www.yuncheng.gov.cn/search2/api/select q=TITLE:庙风西路34号 / TITLE:安邑庙风西路 — 命中上述决定书; http://www.sxsy.com.cn/about/3323.html — 校方校区介绍页，运城校区仅『运城市安邑庙风西路34号』无区名; http://www.ccgp.gov.cn/cggg/dfgg/ 公告 t20260602_26667242.htm — 采购人地址同门牌，无区名; http://www.yanhu.gov.cn/doc/2024/03/20/431917.shtml — 区校合作签约报道（不作区位证据）,2026-09-12
PROFILE1655_1,4114013693,山西警官职业学院,分校区,山西省太原市坞城路109号,山西省,太原市,E 无权威来源,RESOLVED,no,no_authoritative_source,government,,,https://www.tyxd.gov.cn/u/cms/site12/202405/09173043cxft.xls — 小店区政府食品小经营店备案明细：『小店区坞城街道坞城路109号山西省司法学校』（UTF-16LE 单元格逐字核验）; https://www.tyxd.gov.cn/u/cms/site12/202604/28155411v48n.xls — 小店区政府2026年残保金名单：另见『太原市坞城路109号』（印证该地址真实存在）; https://api.so-gov.cn/query/s (siteCode=1401000055) qt=坞城路109号 — 命中上述两份小店区政府表格; https://www.sxpolice.org/ 官网首页与 /info/1221/44932.htm 决算公开 — 仅『迎泽区双塔南路34号』，无坞城路109号; http://www.sxsfxx.com/（山西省司法学校官网）— ECONNREFUSED; https://gaokao.chsi.com.cn/zsgs/zhangcheng/listVerifedZszc--infoId-6650685038.dhtml — 反爬（$_ts 混淆壳，无正文）,2026-09-12
PROFILE165_3,4136010407,江西理工大学,南昌校区,江西省南昌市昌北开发区双港东大街1180号,江西省,南昌市,D 功能区/大学城无法定区佐证,HARD-BLOCKED,yes,functional_zone_only,市自然资源和规划局、经开区消防、校方管委会三类来源对该门牌均写「经济技术开发区/昌北开发区」。同路不同门牌（双港东大街333号、双港路808号）在经开区自建文书中带「青山湖区」，但门牌不同，按红线不得把同路他门牌的区属迁移到本门牌。,1) 精确门牌反查（so-gov 市站/经开区站、Toutiao site:nc.gov.cn），三类来源全部功能区前缀。2) 市自然资源和规划局规划核实两篇（2021、2025）逐字核对，建设位置写「南昌经济技术开发区双港东大街1180号」。3) 校方官网（jxust.edu.cn 全域检索「青山湖区」0 条；南昌校区管委会页脚为功能区地址）。4) 同路他门牌的区名（333号、808号→青山湖区）逐一识别但按红线放弃移用。,需要新增证据：含「青山湖区双港东大街1180号」（或该校区的含区名门牌）的政府/校方原文，例如不动产登记公告、土地出让/划拨公示、学校信息公开中的含区名地址；或经开区托管范围划转批文中明确该门牌法定所属区。,https://ncgwh.jxust.edu.cn/index.htm — 江西理工大学南昌校区管委会页脚「学校地址：江西省南昌市昌北开发区双港东大街1180号 邮编：330013」（功能区）; https://bnr.nc.gov.cn/ncszrzyj/jsxmpqgg/202504/3516109ce3934992988e84832e39fa0b.shtml 及 202112/b22dad1ce43843e2b76a79e26f4640dd.shtml — 南昌市自然资源和规划局规划条件核实：「南昌经济技术开发区双港东大街1180号江西理工大学南昌校区」（无区名）; https://www.nc.gov.cn/scgzbz/spypaqjg/202312/c4d11ab9f1624f738f0b3065cb2d7c42/files/3b21f95ef18a4afe8a7e39f3bfc3126d.xlsx — 「南昌市经济技术开发区双港东大街1180号」; https://ncjk.nc.gov.cn/ncjkq/zfdt/202501/5675d2ea05064893a19a01dd9d0712f3.shtml — 经开区消防抽查名单：「江西理工大学（南昌校区） 南昌市经济技术开发区双港东大街1180号」「华东交通大学 南昌市经济技术开发区双港路808号」（另一门牌）; https://ncjk.nc.gov.cn/ncjkq/zfdt/202504/c25db35b0c894eeba274bfed3117fdee.shtml — 同区名单出现「江西省南昌市青山湖区双港东大街333号德益财苑」「青山湖区华东交通大学二食堂」（均为同路他门牌）; https://so.toutiao.com/search?keyword=site:jxust.edu.cn 青山湖区 ,2026-09-12
PROFILE1661_0,4114013745,山西电力职业技术学院,办学地点（档案未命名）,山西省太原市晋祠路三段160号,山西省,太原市,B 来源抓取失败,RESOLVED,no,source_inaccessible,government,,,http://www.jinyuan.gov.cn/uploadfiles/202112/03/2021120312133766892000.pdf; http://www.jinyuan.gov.cn/ 站内检索 山西电力职业技术学院 / 晋祠路三段160号,2026-09-12
PROFILE1669_1,4114012779,山西应用科技学院,太谷校区,山西省晋中市太谷县南寺街5号,山西省,晋中市,E 无权威来源,RESOLVED,no,no_authoritative_source,缺『太谷区』与『南寺街5号』（或太谷校区）同句出现的政府/校方原文；记录本身用的是已撤销的『太谷县』，不得自行改写为太谷区。,① https://www.sxcast.edu.cn/xygk/xyjj.html — 学校简介『学校设北格、黄陵和太谷三个校区』，全文无『南寺街』；② http://www.taigu.gov.cn/s?sid=0&wd=南寺街 — 太谷区政府站内检索，仅命中南寺街7号/10号/43号（文旅局、文物所、古城院落），无南寺街5号、无该校；③ http://www.taigu.gov.cn/s?sid=0&wd=山西应用科技学院 — 仅 2019 年太谷县食药抽检公告（一/二食堂）与 2026『三下乡』活动，均无地址；④ http://www.taigu.gov.cn/zwgk/bmxxgkml/zfzcbm/45scjdglj/fdzdgknrscjdglj/zcwjjscjdglj/tzgg45scjdglj/content_3945 — 2019年食品安全监督抽检信息公告，无门牌；⑤ http://jyt.shanxi.gov.cn/ — 山西省教育厅站无可用站内检索接口（/content/search 404）；⑥ http://www.sxjz.gov.cn/（晋中市政府）— 连接失败(000)；⑦ https://api.so-gov.cn/query/s (siteCode=1401000055，山西全省库) qt=南寺街 / 太谷校区 — 无命中；⑧ https:/,需要出现以下任一情形的政府或校方原文（可逐字引用）：①太谷区（或晋中市）政府文件写明『山西应用科技学院太谷校区……太谷区南寺街5号』；②太谷区市场监督管理局/营商环境局的食品经营许可或备案明细表（同小店区、晋源区同类表格）中含该校食堂的『太谷区南寺街5号』条目；③校方官网/招生章程列出太谷校区完整地址含『太谷区』。亦可补查山西省招生考试网(sxkszx.cn)院校地址库、晋中市教育局公示、以及太谷区 2019 年后（2020—2021）集中公示归档页。,https://www.sxcast.edu.cn/xygk/xyjj.html — 学校简介：『学校设北格、黄陵和太谷三个校区』，无太谷校区地址与区名; http://www.taigu.gov.cn/s?sid=0&wd=南寺街 — 太谷区政府站内检索：仅南寺街7号/10号等，无5号; http://www.taigu.gov.cn/s?sid=0&wd=山西应用科技学院 — 仅 2019 抽检公告与活动报道，无地址; http://www.taigu.gov.cn/zwgk/bmxxgkml/zfzcbm/45scjdglj/fdzdgknrscjdglj/zcwjjscjdglj/tzgg45scjdglj/content_3945 — 2019年太谷县食品安全监督抽检信息公告（无门牌）; http://jyt.shanxi.gov.cn/ — 无站内检索接口; http://www.sxjz.gov.cn/ — 连接失败 000,2026-09-13
PROFILE1673_1,4121010180,锦州师范高等专科学校,滨海新校区,辽宁省锦州市经济技术开发区金山大街18号,辽宁省,锦州市,D 功能区/大学城无法定区佐证,HARD-BLOCKED,yes,functional_zone_only,滨海新校区地址在官方文本中只挂功能区『经济技术开发区』，无任何法定区名；锦州市太和区政府搜索关键词不生效、辽宁省教育厅检索无果、头条搜索空结果，取得「法定区 + 金山大街18号」逐字共现的政府/官方来源全部失败。,1) 学校主站页脚与招生网页脚逐字比对（主站=经开区金山大街18号；招生网=凌河区松坡路189号，属另一校区，不可用）；2) 锦州市太和区人民政府站内搜索（关键词未生效）；3) 辽宁省教育厅站内检索；4) 头条 SSR 搜索「太和区 金山大街18号」；5) 辽宁省政府采购网、锦州市公共资源交易网（超时）；6) 通用搜索引擎全部被挡。,需要政府或学校官方文本逐字写出「太和区……金山大街18号」（例如太和区人民政府征收/规划公告、辽宁省教育厅新校区批复、学校办学许可证），且必须是滨海新校区（金山大街18号）而非松坡路189号主校区。功能区『经开区』或主校区地址都不能解锁。,https://www.jzsz.com.cn/ （页脚原文：学校地址：辽宁省锦州市经济技术开发区金山大街18号 邮政编码：121007）; http://zsw.jzsf.edu.cn/ （页脚原文：地址：锦州市凌河区松坡路189号 —— 属主校区，非金山大街18号，禁止套用）; http://jzth.gov.cn/search.jsp?wbtreeid=1001&searchword=金山大街 （关键词未生效）; http://jyt.ln.gov.cn/search/pcRender?channelid=267538&...&q=金山大街18号; https://so.toutiao.com/search?keyword=太和区 金山大街18号 （返回空结果页）,2026-09-12
PROFILE1682_0,4121012063,盘锦职业技术学院,办学地点（档案未命名）,辽宁省盘锦市辽滨沿海经济技术开发区正邦路999号,辽宁省,盘锦市,D 功能区/大学城无法定区佐证,HARD-BLOCKED,yes,functional_zone_only,[分类:功能区无法律归属证据] 记录地址「辽滨沿海经济技术开发区正邦路999号」（学校官网与市教育局名录均写作「辽东湾新区正邦路999号」）中的「辽滨沿海经济技术开发区/辽东湾新区」均为功能区，非法定县级行政区。盘锦市政府门户站内检索「正邦路」的全部命中（闲置土地处置公示、企业地址公告等）一律把行政区标注为「辽东湾新区」，盘锦市自然资源局更把「辽东湾新区闲置土地处置公示」与「大洼区闲置土地处置公示」并列分列，说明其公开口径不将该区域并入法定区；无任何政府来源把「正邦路999号」与 allowed_districts（大洼区等）并列，按红线禁止功能区→法定区推断，故不可解。,盘锦市政府门户 P8CMS 搜索（allstation / govdwzf 两种 site）以「正邦路」检索并逐条读全文，命中全部标注「辽东湾新区」；盘锦市自然资源局闲置土地处置公示分类核对（辽东湾新区与大洼区分列）；盘锦市教育局提案答复与2024年职业院校名录（地址仅「辽东湾新区正邦路999号」）；大洼区人民政府站内检索无该门牌结果；头条搜索未获「大洼区+正邦路」政府证据（仅博雅地名网等非官方来源）。,需出现把「正邦路999号」直接归属法定区县的政府文书，例如：辽宁省/盘锦市自然资源部门供地结果或不动产登记中「行政区」栏=大洼区且项目位置含正邦路999号；大洼区公安分局门牌编制公告把正邦路999号列入大洼区；或明确辽东湾新区托管范围/法定区划归属的政府文件写明该区域属大洼区。quote 必须同现「大洼区」与「正邦路」。,https://www.panjin.gov.cn/search/?keyword=正邦路&site=allstation （闲置土地处置公示等，行政区一律「辽东湾新区」）; https://www.panjin.gov.cn/search/search.php 检索: 辽东湾新区 大洼区 / 正邦路999号; http://zrzyhghj.panjin.gov.cn/ 辽东湾新区与大洼区闲置土地处置公示分类; https://jyj.panjin.gov.cn/2024_10/17_15/content-428076.html （2024年盘锦市职业院校学校名录：辽东湾新区正邦路999号）; http://www.dawa.gov.cn/ 大洼区人民政府站内检索: 正邦路 / 盘锦职业技术学院; https://so.toutiao.com/search 检索: 辽东湾新区 属于 大洼区 正邦路 / 盘锦职业技术学院正邦路999号 大洼区,2026-09-12
PROFILE1707_1,4162011807,兰州工业学院,兰州新区校区,兰州市兰州新区长江大道东段1942号,甘肃省,兰州市,D 功能区/大学城无法定区佐证,HARD-BLOCKED,yes,functional_zone_only,记录地址的路名门牌能对上，但没有任何来源把法定县名与该门牌写在同一句；功能区名「兰州新区」不可当作法定区。,https://www.lzit.edu.cn/xxgk/xxzc.htm（学校章程，地址栏只有「兰州新区西岔镇」）；https://www.lzit.edu.cn/ 同源全站爬取 90 页（「皋兰县」0 命中）；皋兰县政府站检索 https://www.lanzhou.gov.cn/jrobot/search.do?webid=16&pg=10&od=2&p=1&q=长江大道东段1942号 → 「抱歉，没有找到…」；https://so.toutiao.com/search?keyword=兰州工业学院 长江大道东段1942号 皋兰县 无同句命中；兰州新区管委会 http://www.lzxq.gov.cn/ 搜索接口仅返回 JS 壳（m_fullsearch 无有效结果）。,需要出现「皋兰县」+「长江大道东段1942号」（或「皋兰县西岔镇长江大道东段1942号」）的校方或政府原文，例如兰州工业学院招标/事业单位登记公告、皋兰县或兰州市政府公开文件。,https://www.lzit.edu.cn/xxgk/xxzc.htm; https://www.lzit.edu.cn/; https://www.lanzhou.gov.cn/jrobot/search.do?webid=16&q=长江大道东段1942号; https://so.toutiao.com/search?keyword=兰州工业学院 长江大道东段1942号 皋兰县; http://www.lzxq.gov.cn/,2026-09-12
PROFILE1710_2,4162016209,兰州石化职业技术大学,新区校区,甘肃省兰州新区贺兰山大道北段1169号,甘肃省,兰州市,D 功能区/大学城无法定区佐证,RESOLVED,no,functional_zone_only,门牌可对上，但法定区名（皋兰县或永登县）从未与该校新区校区地址同句出现在官方/校方原文；校方自己在该栏位写的是功能区「兰州新区」。,http://www.lzpuvt.edu.cn/dxzc/list.htm（大学章程/校区地址）；http://www.lzpuvt.edu.cn/ 同源全站爬取 90 页（皋兰县/永登县/西岔/秦川/中川 全 0 命中）；校站搜索接口 http://www.lzpuvt.edu.cn/_web/_search/restful/api/direct.rst?keyword=皋兰县 无结果；皋兰县政府站检索 https://www.lanzhou.gov.cn/jrobot/search.do?webid=16&q=贺兰山大道北段1169号 → 「抱歉，没有找到…」；https://so.toutiao.com/search?keyword=贺兰山大道北段1169号 仅安居客等商业站命中（商业来源，线索）。,需要官方/校方原文出现「皋兰县」（或「永登县」）+「贺兰山大道北段1169号」，例如该校招标公告、甘肃省或兰州市政府文件中学校用地/项目公示的选址表述。,http://www.lzpuvt.edu.cn/dxzc/list.htm; http://www.lzpuvt.edu.cn/; http://www.lzpuvt.edu.cn/_web/_search/restful/api/direct.rst?keyword=皋兰县; https://www.lanzhou.gov.cn/jrobot/search.do?webid=16&q=贺兰山大道北段1169号; https://so.toutiao.com/search?keyword=贺兰山大道北段1169号,2026-09-13
PROFILE1719_0,4162013519,甘肃交通职业技术学院,校本部,甘肃省兰州市兰州新区贺兰山大道北段615号,甘肃省,兰州市,D 功能区/大学城无法定区佐证,HARD-BLOCKED,yes,functional_zone_only,门牌「贺兰山大道北段615号」有校方与第三方多份原文，但全部只写「兰州新区/兰州新区职教园区」，法定县区从未出现；「皋兰县拥有西岔镇」与「兰州新区西岔园区」属间接推断，非原文桥梁，未达门槛。,1) 校方 https://www.gsjtxy.edu.cn/main/content/2/t2026831-2-32226.html ：军训稿出现「皋兰县人民武装部政治科参谋张裕」，但与地址不同句，属属地推断；2) 搜狗微信『甘肃交通职业技术学院 贺兰山大道北段615号 皋兰』：校方/系部原文均为「兰州新区贺兰山大道北段615号」，「甘肃华政英才」招聘公告为「甘肃省兰州新区贺兰山大道北段615号 邮编730207」，无县名；3) 搜狗微信『甘肃交通职业技术学院 皋兰县 西岔』：仅得「兰州新区西岔园区党委书记柴建民」（功能区）及2017年省园丁奖名单，无县名+门牌同句；4) http://www.lzxq.gov.cn/system/2024/08/08/031044586.shtml 与 http://www.lanzhou.gov.cn/art/2018/4/4/art_122_465031.html ：皋兰县辖西岔镇，属间接；5) https://www.lanzhou.gov.cn/jrobot/search.do?q=贺兰山大道（无命中）。,需皋兰县人民政府、兰州市教育局或甘肃省教育厅等官方原文，把「贺兰山大道北段615号」与「皋兰县」写入同句（如同类考试考点表/消防验收/事业单位登记）；或该校法人登记地址含法定县区。,https://www.gsjtxy.edu.cn/main/content/2/t2026831-2-32226.html （校方官网：地址只写「兰州新区贺兰山大道北段615号」；军训稿出现「皋兰县人民武装部」但不同句）; 搜狗微信『甘肃交通职业技术学院 贺兰山大道北段615号 皋兰』：校方/系部原文「学院新校区位于兰州新区职教园区（兰州新区贺兰山大道北段615号）」；「甘肃华政英才」招聘公告「甘肃省兰州新区贺兰山大道北段615号 邮政编码:730207」; 搜狗微信『甘肃交通职业技术学院 皋兰县 西岔』：仅「兰州新区西岔园区党委书记柴建民」与2017年园丁奖名单，无县名+门牌同句; http://www.lzxq.gov.cn/system/2024/08/08/031044586.shtml （兰州新区官网：皋兰县西岔、水阜6镇）; http://www.lanzhou.gov.cn/art/2018/4/4/art_122_465031.html （兰州市政府网：皋兰县——西岔镇文曲社区）,2026-09-12
PROFILE171_0,4132010291,南京工业大学,江浦校区,江苏省南京市江北新区浦珠南路30号,江苏省,南京市,A 上一轮独立复核未通过,RESOLVED,no,独立复核要求降级人工复审（引文/地址挂钩未达 verified 门槛）,government,,,http://www.ccgp.gov.cn/cggg/dfgg/cjgg/202607/t20260729_27029934.htm; https://search.ccgp.gov.cn/bxsearch (返回 频繁访问 限流); Toutiao: 南京工业大学 江浦校区 浦珠南路30号 浦口区; Toutiao: 南京工业大学 江北新区 浦珠南路30号,2026-09-12
PROFILE1729_0,4145011546,广西科技师范学院,来宾校区,广西壮族自治区来宾市铁北大道966号,广西壮族自治区,来宾市,B 来源抓取失败,RESOLVED,no,source_inaccessible,government,,,"http://www.laibin.gov.cn/xxgk/fdzdgknr/zdlyxxgk_1/zdjsxm/pzjg/t11758221.shtml; http://www.laibin.gov.cn/xxgk/fdzdgknr/zdlyxxgk_1/shgysy/jyly/jyzcygh/t13690225.shtml; https://www.xingbin.gov.cn/irs/front/search (IRS JSON API, code=18a871d31f2) keywords=铁北大道966号; https://zfcg.gxzf.gov.cn/portal/category keyword=广西科技师范学院",2026-09-12
PROFILE1731_0,4145011825,桂林航天工业学院,办学地点（档案未命名）,广西壮族自治区桂林市金鸡路2号,广西壮族自治区,桂林市,B 来源抓取失败,HARD-BLOCKED,yes,source_inaccessible,复核通过但未过机器门禁: 引文挂不到本条地址 '广西壮族自治区桂林市金鸡路2号'（该记录有路名/门牌，不允许用校区名挂钩）,,,https://www.guilin.gov.cn/irs/front/search（siteCode 19ae1f7f9c5 桂林市 / 19a9bb85f61 七星区）wd=桂林航天工业学院、金鸡路2号、七星区金鸡路、金鸡; http://www.glqx.gov.cn/zfxxgk/fdzdgknr/zdxxgk/shgysyjsly/hjbhly/jsxmhjyxpjsp/t26556259.shtml（已逐字核验）; http://www.glqx.gov.cn/zfxxgk/fdzdgknr/jcxxgk/zcwjk/bmwj/qtdw/P020251212658219875036.docx（七星区市场监管局2023年特种设备计划表，已逐字核验行：桂林航天工业学院 / 桂林市金鸡路2号）; http://www.glqx.gov.cn/zfxxgk/fdzdgknr/jcxxgk/zcwjk/bmwj/qtdw/P020251212660632921128.docx; http://www.glqx.gov.cn/zfxxgk/fdzdgknr/jcxxgk/zcwjk/bmwj/qtdw/P020251212658588283456.docx; http://www.glqx.gov.cn/zwdt/gsgg/P020251212608395422497.doc,2026-09-12
PROFILE1735_0,4145010867,广西机电职业技术学院,相思湖校区,广西南宁市大学东路101号,广西壮族自治区,南宁市,E 无权威来源,RESOLVED,no,no_authoritative_source,"记录地址“广西南宁市大学东路101号（相思湖校区）”无区名可核。校方招生章程/联系方式页只写“学校地址：1.广西南宁市大学东路101号（相思湖校区） 2.广西南宁市江南区下津路12号（江南校区）。邮政编码：530007。”，区名(江南区)只挂在江南校区名下，按红线不得用另一校区覆盖本记录；广西招生考试院 https://www.gxeea.cn/view/content_619_29004.htm 仅写“在相思湖校区(南宁市大学东路101号)办学”，同样无区。政府搜索(api.so-gov.cn, siteCode=4501000060)以门牌/校区名多组组合均未检索到把“大学东路101号”与任一法定区同句绑定的权威页面。",校方 http://zs.gxcme.edu.cn/lxwm.htm 与 http://zs.gxcme.edu.cn/ptgk/zszc.htm（仅江南校区给区名，相思湖校区不给）；广西招生考试院 https://www.gxeea.cn/view/content_619_29004.htm（“在相思湖校区(南宁市大学东路101号)办学”，无区）；https://api.so-gov.cn/query/s siteCode=4501000060 qt=大学东路101号（totalHits=0）；同接口 qt=相思湖校区 等组合；site:gxcme.edu.cn 大学东路101号 西乡塘区。,需要出现把“大学东路101号”或“相思湖校区”与法定区(西乡塘区)在同句绑定的校方或政府文本——例如广西教育厅/南宁市政府对相思湖校区的批复、规划许可、校方含区名的招生章程或采购公告、或南宁市公办高校名单中带有“西乡塘区大学东路101号”的记录。,http://zs.gxcme.edu.cn/lxwm.htm; http://zs.gxcme.edu.cn/ptgk/zszc.htm; https://www.gxeea.cn/view/content_619_29004.htm; https://api.so-gov.cn/query/s siteCode=4501000060 qt=大学东路101号; site:gxcme.edu.cn 大学东路101号 西乡塘区,2026-09-13
PROFILE173_0,4132011117,扬州大学,荷花池校区,江苏省扬州市大学南路88号,江苏省,扬州市,B 来源抓取失败,RESOLVED,no,source_inaccessible,government,,,http://jsggzy.jszwfw.gov.cn/inteligentsearch/rest/esinteligentsearch/getFullTextDataNew wd=大学南路88号 → 命中; http://jsggzy.jszwfw.gov.cn/jyxx/003006/003006004/20240830/N0117FCZZ240908.html（已逐字核验）; http://jsggzy.jszwfw.gov.cn/jyxx/003006/003006004/20240830/N0117FCZZ240907.html（同址另一标的）; https://www.yzu.edu.cn/ 及 coe.yzu.edu.cn（官方「扬州大学各校区地址」页）→ HTTP 412，未能打开; http://www.hj.gov.cn/（邗江区政府）→ 200，但站内检索为 JS 注入，无可用检索接口,2026-09-12
PROFILE173_2,4132011117,扬州大学,文汇路校区,江苏省扬州市文汇东路48号,江苏省,扬州市,B 来源抓取失败,HARD-BLOCKED,yes,source_inaccessible,扬州大学官网及全部子域对本机IP返回 HTTP 412 反爬拦截且未绕过；扬州市政府门户统一检索为 jpaas/jsearchfront SPA（各接口路径仅返回壳页）；江苏省政府门户 /jsearchfront/search.do 的服务端检索接口未接通（对任意关键词——包括「江苏」——均返回0条）；江苏省教育考试院站内检索无相关命中；扬州市/广陵区两级站点（yzglq.gov.cn、fgw、ybj、wjw、scjgj、zfcg、ggzyjyzx）栏目逐条遍历均无扬州大学条目；中国政府采购网对本机IP限流（IP 58.213.197.10），江苏政府采购网与江苏市场监管行政许可查询需验证码（遵守不绕过访问控制红线，未破解）。,校方: yzu.edu.cn 及 7 个子域（HTTP 412 WAF）；统一检索: www.yangzhou.gov.cn（jpaas-jsearch-server/jsearchfront 全部路径为 SPA 壳）、www.jiangsu.gov.cn/jsearchfront/search.do（服务端返回0条）、www.jseea.cn/search（无命中）、so.jiangsu.gov.cn / search.jiangsu.gov.cn（不可达）；地方站点栏目: yzglq.gov.cn、fgw/ybj/wjw/scjgj/zjj/jtj/yangzhou.gov.cn、zfcg.yangzhou.gov.cn、ggzyjyzx.yangzhou.gov.cn；采购/许可: ccgp.gov.cn（限流）、ccgp-jiangsu.gov.cn（验证码）、jsggzy.jszwfw.gov.cn、scjgj.jszwfw.gov.cn:12691（验证码）；r.jina.ai 等公共阅读代理不可达。,需出现一份政府或校方原文，在同一句中同时含「扬州大学文汇路校区」或「文汇东路48号」与法定区名「广陵区」，例如：扬州市/广陵区政府或部门的采购招标、规划许可、食品经营许可、医保定点名单公示，或扬州大学官网在非 412 网络环境下的校区地址页。若后续从可访问网络环境取到 yzu.edu.cn 任一含校区地址的页面，或江苏省政府统一检索接口恢复，即可解锁。,https://www.yzu.edu.cn/ 及 rsc/jwc/dkxy/cszx/yyylxy/zwbhxy/xxgk 等子域 (全部 HTTP 412 WAF); http://www.yangzhou.gov.cn/ jsearchfront/search.do (jpaas SPA，仅返回壳页); https://www.jiangsu.gov.cn/jsearchfront/search.do?q=扬州大学文汇路校区&websiteid=320000000100000&searchid=12&p=1&tpl=38&sortType=0 (服务端检索对任意关键词含「江苏」均返回0条); https://www.jseea.cn/search/?wd=扬州大学文汇路校区 (无相关内容); https://www.jseea.cn/search/?wd=文汇东路48号 (无相关内容); https://www.jseea.cn/webfile/examination/graduateenrollment/ (仅网上报名公告，无考点地址),2026-09-12
PROFILE173_3,4132011117,扬州大学,江阳路北校区,江苏省扬州市江阳中路136号,江苏省,扬州市,B 来源抓取失败,RESOLVED,no,source_inaccessible,government,,,https://www.yzu.edu.cn/ 及 zhaoban/news 等二级域 → 全部 HTTP 412（瑞数 WAF）; http://yzu.edu.cn/ → 200 但为无关应用「E安校总控台」; http://jsggzy.jszwfw.gov.cn/inteligentsearch/rest/esinteligentsearch/getFullTextDataNew wd=江阳中路136号 → 命中; http://jsggzy.jszwfw.gov.cn/jyxx/003006/003006001/20250710/N0117FCZZ251946.html（已逐字核验）; http://jsggzy.jszwfw.gov.cn/jyxx/003004/003004006/20241209/a12d4c92e4d94a0cae38704ce6be0697.html（已逐字核验）; http://ggzyjy.yangzhou.gov.cn/ → 连接失败 000,2026-09-12
PROFILE173_4,4132011117,扬州大学,江阳路南校区,江苏省扬州市江阳中路131号,江苏省,扬州市,B 来源抓取失败,RESOLVED,no,source_inaccessible,corroborated,,,http://jsggzy.jszwfw.gov.cn/inteligentsearch/rest/esinteligentsearch/getFullTextDataNew wd=江阳中路131号 → 命中; http://jsggzy.jszwfw.gov.cn/jyxx/003004/003004006/20231023/f6f8e859f2824323b88178b7aa97d9f6.html（已逐字核验：供应商地址：江苏省扬州市邗江区江阳中路131号）; http://jsggzy.jszwfw.gov.cn/jyxx/003006/003006001/20250618/N0117FCZZ251107.html（江阳路南校区招租，正文为 JS 渲染，未静态含地址）; wd=江阳路南校区 → 有「扬州大学江阳路南校区体育场地翻新工程」等标题，但均无「邗江区+131号」同现; https://www.yzu.edu.cn/ → HTTP 412; https://www.jsahvc.edu.cn/ 对照检索 → 412,2026-09-12
PROFILE1743_0,4145012379,广西国际商务职业技术学院,大学路校区,广西壮族自治区南宁市大学东路168号,广西壮族自治区,南宁市,E 无权威来源,RESOLVED,no,no_authoritative_source,official,,,https://www.gxibvc.edu.cn/info/1863/15465.htm; site:gxibvc.edu.cn 大学东路168号 西乡塘区; https://api.so-gov.cn/query/s siteCode=4501000060 qt=大学东路168号,2026-09-12
PROFILE1743_1,4145012379,广西国际商务职业技术学院,东盟经开区校区,广西壮族自治区南宁市东盟经济技术开发区发展大道109号,广西壮族自治区,南宁市,A 上一轮独立复核未通过,RESOLVED,no,独立复核要求降级人工复审（引文/地址挂钩未达 verified 门槛）,corroborated,,,http://www.wuming.gov.cn/gk/fdzdgknr/shgysyjslygk/tpgjly/fpxm_43589/P020250225395524183541.xlsx; https://zrzyj.nanning.gov.cn/zwgk_57/xxgk/ghgl/ghgs/phgs/t5742092.html; http://www.wuming.gov.cn/gk/fdzdgknr/zdjsxmpzhsslygk/zstd/t4400994.html; http://www.wuming.gov.cn/yw/gggs/P020260807346153571131.pdf; https://www.gxibvc.net/,2026-09-12
PROFILE1756_0,4145013920,广西城市职业大学,空港校区,广西壮族自治区南宁空港经济区同正大道655号,广西壮族自治区,崇左市,A 上一轮独立复核未通过,RESOLVED,no,独立复核要求降级人工复审（引文/地址挂钩未达 verified 门槛）,记录地址「广西壮族自治区南宁空港经济区同正大道655号」，主体部分「南宁空港经济区」是功能区（其实体为「中国—东盟南宁空港扶绥经济区」），功能区名不得字典翻译为法定区；原引用的自治区政府批复（桂政土批函〔2019〕842号）主体是华阳路道路工程与扶绥种畜场，与本校区及门牌无关。扶绥县/崇左市政府站无任何写「扶绥县同正大道655号」或把该校空港校区定位到具体法定区的页面。,1) 广西政府站群检索（POST http://www.gxzf.gov.cn/irs/front/search，code=18a871bf966 扶绥县 / 181aedaa917 崇左市 / 18a872f43c7 崇左市自然资源局 / 189682f495f 自治区门户）：关键词「同正大道655号」「城市职业大学」「城市职业学院」「空港校区」「空港经济区」「空港扶绥」「大学城」「职业大学」——仅命中历年政府工作报告泛提及，无地址级命中；2) https://www.gxcvuedu.com/（官网页脚「广西南宁空港经济区同正大道655号」，无扶绥县）；3) https://dnr.gxzf.gov.cn/zfxxgk/fdzdgknr/ygzd/jsydpfwj/t16083041.shtml（自治区批复，主体为道路工程/扶绥种畜场）；4)「崇政办发〔2019〕2号附件3」重大项目表（列到扶绥县人民政府，但无该校）。,需要扶绥县/崇左市自然资源或住建部门的选址意见书、建设用地规划许可、不动产登记或征地公告，其中写明法定区（扶绥县）与「同正大道655号」或「广西城市职业大学空港校区」同现；或该校在政府文件（教育/发改部门批复）中被明确落到扶绥县并带地址。,"https://www.gxcvuedu.com/; https://dnr.gxzf.gov.cn/zfxxgk/fdzdgknr/ygzd/jsydpfwj/t16083041.shtml; http://www.fusui.gov.cn/xxgk/gzbg/t41771.shtml; http://www.fusui.gov.cn/xxgk/gzbg/t41774.shtml; http://www.chongzuo.gov.cn/jcxxgk_1/zfgb/zfgb_2019/zfgb_2019_11/zfgb_2019_1_zfwj/P020211109488285208828.xls; http://www.gxzf.gov.cn/irs/front/search (POST JSON, code=18a871bf966/181aedaa917/189682f495f)",2026-09-13
PROFILE175_1,4136010421,江西财经大学,麦庐园校区,江西省南昌市昌北国家经济技术开发区玉屏大道,江西省,南昌市,A 上一轮独立复核未通过,HARD-BLOCKED,yes,独立复核要求降级人工复审（引文/地址挂钩未达 verified 门槛）,[分类:F 独立复核未通过] 档案地址「江西省南昌市昌北国家经济技术开发区玉屏大道」含路名，按规则不得使用 name 挂钩，必须存在同时含法定区与「玉屏大道」的单一来源。已重开：江西财经大学官网页脚逐字「麦庐园校区：江西省南昌市昌北国家经济技术开发区玉屏大道665号 邮编：330032」——有路名门牌，无区名；南昌经开区门户（ncjk.nc.gov.cn）《2024年度“双随机、一公开”12月份监督抽查名单》逐字「江西省南昌市青山湖区江西财经大学麦庐校区静庐B栋一楼B106」——有区名与校区名，但无「玉屏大道」。二者无法在单一引文内同时满足 d 与地址挂钩；而按规则含路名时禁用 name 挂钩，故此前用校区名桥接的 accept 不成立。该页本轮已改 403，且搜索引擎通道全部被封，无法继续扩大检索面。,①南昌经开区门户 ncjk.nc.gov.cn/ncjkq/zfdt/202412/0f0e23fb594d4ae7966aad6ba7298b8d.shtml《2024年度“双随机、一公开”12月份监督抽查名单》（有「青山湖区江西财经大学麦庐校区…」无「玉屏大道」；本轮该页已 403）；②江西财经大学官网页脚（有「玉屏大道665号」无区名）；③校方招生/简介/联系方式子站（空壳或 403）；④阳光高考平台（412 反爬）；⑤搜索引擎通道 Bing RSS（结果污染）、Sogou/360/Baidu/神马（验证码或 antispider）、WebSearch（200/200 配额耗尽）。,需要一份把「青山湖区」（或「新建区」）与「玉屏大道」写在同一份文书/同一句的政府或官方来源，例如：①南昌经开区或青山湖区消防救援/市场监管「双随机」名单中直接写到该校「玉屏大道665号」门牌；②江西省教育考试院招生计划中的「办学地点」栏把「玉屏大道665号」与法定区写在一起；③学校官网/招生章程出现「南昌市青山湖区玉屏大道665号」这样含法定区的完整地址串；④ncjk.nc.gov.cn 恢复访问后核验其名单中是否另有含「玉屏大道」的行。,http://ncjk.nc.gov.cn/ncjkq/zfdt/202412/0f0e23fb594d4ae7966aad6ba7298b8d.shtml → 曾可打开（南昌经开区《2024年度“双随机、一公开”12月份监督抽查名单》），逐字「江西省南昌市青山湖区江西财经大学麦庐校区静庐B栋一楼B106」；本轮该页已 403; https://www.jxufe.edu.cn/（全站页脚）→ 逐字「麦庐园校区：江西省南昌市昌北国家经济技术开发区玉屏大道665号 邮编：330032」，无区名; https://zs.jxufe.edu.cn/ 与 https://www.jxufe.edu.cn/xxgk/xxjj.htm、https://www.jxufe.edu.cn/lxfs.htm → 返回 98/37 字节空壳或 403，无区名; https://gaokao.chsi.com.cn 阳光高考平台 → 412 反爬，未取到含法定区的办学地点; https://wap.sogou.com / https://www.bing.com/search (RSS) / https://m.baidu.com / https://m.sm.cn → 验证码、antispider 或结果污染；WebSearch 配额 200/200 耗尽,2026-09-12
PROFILE175_2,4136010421,江西财经大学,枫林园校区,江西省南昌市昌北国家经济技术开发区枫林大道632号,江西省,南昌市,D 功能区/大学城无法定区佐证,HARD-BLOCKED,yes,functional_zone_only,同门牌的两篇经开区官方文书与学校后勤/采购文书的写法均为「南昌经济技术开发区枫林大道632号」；唯一带「青山湖区」的是 city8 地图 POI，且其路名为「枫林西大街」而非「枫林大道」，既触红线（POI 不得单独定区）又属异名道路。经开区功能区名不能翻译为法定区。,1) 精确门牌反查：so-gov 市站/经开区站/新建区站/青山湖区站 检索「枫林大道632号」。2) 校方官网（xyjs.jxufe.edu.cn 校园地图）核对该校区官方地址 — 亦为功能区且门牌与记录不一致。3) 经开区双随机/卫健名单逐篇核对，全部功能区前缀。4) 商业地图 POI 线索识别后按红线弃用（含路名不一致）。,需要新增证据：政府文书写「青山湖区枫林大道632号」或「新建区枫林大道632号」同句（如校区用地规划核实、消防/卫生许可、土地公告），或学校官网（含校园地图/信息公开）任一处写明含区名的「XX区枫林大道632号」。,http://xyjs.jxufe.edu.cn/news-show-1824.html — 江西财经大学校园建设处「校园地图·枫林园校区」：「地址：江西省南昌市昌北国家经济技术开发区双港东大街169号 邮编：330013」（同校官方，仍功能区；且地址与记录的门牌不一致）; http://ncjk.nc.gov.cn/ncjkq/zfdt/202312/13ecddc60c8d47bbb4026fe065da9cfd.shtml — 「江西省南昌市南昌经济技术开发区枫林大道632号江西财经大学枫林园校区生活服务中心1-6层」; http://ncjk.nc.gov.cn/ncjkq/ylws/202411/1ed2b8a531014bcf97b5a233472b7677.shtml — 「南昌经济技术开发区枫林大道632号江西财经大学枫林园校区生活服务中心1-6层」; https://api.so-gov.cn/query/s 市站/新建区站/青山湖区站 检索「枫林大道632号」— 市站 1 条（江财枫林园食堂，无区名）、新建区 0 条、青山湖区 0 条; https://nc.city8.com/media/87i20n76ftmlbb3aa4_address — 商业地图 POI「青山湖区枫林西大街632号」（红线禁止用 POI 定区，且「枫林西大街」≠「枫林大道」，名称不同不可等同）,2026-09-12
PROFILE1768_0,4133010864,温州职业技术大学,高教园区校区,浙江省温州市茶山高教园区（温州大学城）,浙江省,温州市,D 功能区/大学城无法定区佐证,RESOLVED,no,functional_zone_only,government,,,http://www.ccgp.gov.cn/cggg/dfgg/zbgg/202608/t20260829_27231276.htm（中国政府采购网，2026-09-12 重抓并逐字复核；2026-09-10 曾被 ccgp 频控，本轮恢复）; https://www.wzvtc.cn/ 校方官网页眉「温州职业技术大学」（确认与原温州职业技术学院同一主体）与页脚「地址: 中国·温州茶山高教园区（温州大学城）」——仅功能区，未采用; https://so.toutiao.com/search?keyword=温州职业技术大学 温州职业技术学院 升格 职业本科 茶山,2026-09-12
PROFILE1769_0,4133012036,浙江交通职业技术学院,杭州校区,浙江省杭州市古墩路1516号,浙江省,杭州市,E 无权威来源,RESOLVED,no,no_authoritative_source,校方全部对外地址表述均止于「浙江省杭州市古墩路1516号」，不存在把该门牌与拱墅区/西湖区写在同一句的官方或政府原文。,①逐一抓取学校主页、信息公开网、机构概况、招生章程并全文检索「拱墅」「西湖」；②抓取招生章程具体页面比对校址条目；③toutiao 与 Bing 多组「门牌+候选区名」检索；④尝试经学校章程/教育厅核准文本取得住所条款（公开渠道未获带区名版本）。,需出现「拱墅区」或「西湖区」与「古墩路1516号」同句的官方或政府原文：浙江省教育考试院/杭州市教育考试院考点公告、杭州市人社局考场安排、消防救援重点单位公示、政府采购公告采购人地址（含区名）、或规划许可公示。,"https://www.zjvtit.edu.cn/（页脚「地址：浙江省杭州市古墩路1516号」）; http://xxgk.zjvtit.edu.cn/（信息公开网页脚与纪委地址均「杭州市古墩路1516号」）; https://www.zjvtit.edu.cn/index/jjgk.htm（仅门牌，另见「杭州市莫干山路1515号」，无区名）; https://zs.zjvtit.edu.cn/a/2026521/1123.shtml（2026 招生章程「二、校址 杭州校区，浙江省杭州市古墩路 1516号」）; so.toutiao.com / cn.bing.com 检索「""古墩路1516号"" 拱墅区」「浙江交通职业技术学院 地址 区」→ 无官方带区名原文",2026-09-13
PROFILE176_0,4136010405,东华理工大学,南昌校区,江西省南昌市经开区广兰大道418号,江西省,南昌市,D 功能区/大学城无法定区佐证,RESOLVED,no,functional_zone_only,official,,,https://fsxdz.ecut.edu.cn/main.htm (东华理工大学放射性地质国家级实验教学示范中心，页脚地址原文); http://ncjk.nc.gov.cn/ncjkq/gkgsgg/202304/7526f39deddd4c10a8ab12342d46ca28.shtml (经开区就业技能培训计划表：“经开区广兰大道418号（东华理工大学）”); http://ncjk.nc.gov.cn/ncjkq/zfdt/202501/5675d2ea05064893a19a01dd9d0712f3.shtml (经开区消防专项抽查名单); 南昌市医保定点名单、市监抽检表（均为“经济技术开发区广兰大道418号”）,2026-09-12
PROFILE1774_1,4133012791,浙江工贸职业技术学院,瓯江口校区,浙江省温州市瓯江口产业集聚区雁云路301号,浙江省,温州市,D 功能区/大学城无法定区佐证,HARD-BLOCKED,yes,functional_zone_only,独立裁决驳回：全页「洞头区」4 处全部是机构名或网站名（卫健局名、受理科室名、署名、SiteName）；本条地址「瓯江口产业集聚区灵昆街道雁云路301号」本身不含区，d 从未与雁云路同现。,,,http://www.dongtou.gov.cn/art/2020/9/24/art_1229516962_58576953.html（温州市洞头区人民政府·区卫生健康局公示，2026-09-12 抓取并逐字复核）; https://search.zj.gov.cn/api-gateway/jpaas-jsearch-web-server/interface/search/app/info?serviceId=YcTOd1ftgC5dxzJ8RhCBN&websiteid=330305000000&q=浙江工贸职业技术学院（浙江省政府统一搜索接口，覆盖 www.dongtou.gov.cn / rdcwh.dongtou.gov.cn / jw.dongtou.gov.cn；q=雁云路301号 命中 0 条，q=浙江工贸职业技术学院 命中 2 条，本证据即其中之一）; http://rdcwh.dongtou.gov.cn/art/2022/10/27/art_1264042_58871334.html（洞头区人大·昆鹏街道人大赴浙江工贸职业技术学院调研，无地址，未采用）; https://www.dongtou.gov.cn/ 官网首页与 /cms_files/jcms1/web1832/site/script/0/1081738541634.js（定位站内搜索入口）; 校方官网页脚「瓯江口校区：温州市瓯江口产业集聚区雁云路301号」（仅功能区，未采用）,2026-09-12
PROFILE177_0,4136010406,南昌航空大学,前湖校区,江西省南昌市红谷滩新区丰和南大道696号,江西省,南昌市,D 功能区/大学城无法定区佐证,RESOLVED,no,functional_zone_only,government,,,https://api.so-gov.cn/query/s 市站 检索「红谷滩区丰和南大道696号」— 1 条为医保名单，同行无「红谷滩区」字样; https://www.nc.gov.cn/ncszf/shbz/202505/791cae7dcc7c4229b11baa1ff15cc40e/files/2025年度南昌市医保定点医疗机构名单（截至2025年5月26日）.xlsx → 「南昌航空大学前湖校区医院 南昌市丰和南大道696号」，无逐字区名; https://www.nchu.edu.cn/xxgk/xxjj → 页脚「地址：南昌市丰和南大道696号」，无区名; https://www.nchu.edu.cn/xxgk/xxzc → 学校章程「注册地址为：中国江西省南昌市丰和南大道696号」，无区名; http://www.jxeea.cn/jxsjyksy/tzgg17/content/content_1977653423840366592.html → 「10406 南昌航空大学 江西省南昌市红谷滩新区丰和南大道696号」（功能区写法，不可用）; http://jyt.jiangxi.gov.cn/jxjyw/jxgdyx/content/content_1853700761609498624.html → 成功；命中「学校拥有前湖、上海路、共青城三个校区，分别位于南昌市红谷滩区丰和南大道696号…」,2026-09-12
PROFILE1781_0,4133012874,嘉兴职业技术学院,办学地点（档案未命名）,浙江省嘉兴市桐乡大道547号,浙江省,嘉兴市,D 功能区/大学城无法定区佐证,HARD-BLOCKED,yes,functional_zone_only,地址含路名+门牌（桐乡大道547号），校区名挂钩例外被禁止。政府来源侧：嘉兴市卫健委双随机检查公示原文写「浙江省嘉兴市经济技术开发区城南街道桐乡大道547号嘉兴职业技术学院16号学生公寓底楼」——只给功能区+街道，不给法定区；嘉兴市卫生监督公示写「嘉兴职业技术学院 浙江省嘉兴市桐乡大道547号」；学校官网页脚写「地址:浙江省嘉兴市桐乡大道547号」。全部分区级证据只出现在百度百科/商业站/地图 POI（被排除）。嘉兴经开区城南街道的法定归属（南湖区 vs 秀洲区）不得由「路通常属于某区」或功能区名称推断，故无法在 allowed_districts 中定值。,1) 嘉兴市卫健委、嘉兴市卫生监督所 art_ 系列公示逐页抓取；2) 南湖区政府 www.nanhu.gov.cn、秀洲区政府 www.xiuzhou.gov.cn、嘉兴市政府 www.jiaxing.gov.cn 站内检索「桐乡大道547号」；3) 浙江省政务服务统一搜索 search.zj.gov.cn（JS 渲染，取不回结果）；4) 浙江政府采购 zfcg.czt.zj.gov.cn；5) 学校官网 jxvtc.edu.cn 全站页脚与机构介绍；6) toutiao/sogou 组合检索「嘉兴职业技术学院 + 南湖区 + 桐乡大道547号」。,需嘉兴市政府、南湖区政府或秀洲区政府文件把「桐乡大道547号 嘉兴职业技术学院」与法定区名同句，例如事业单位法人登记住所、不动产/土地登记公示、政府信息公开中的学校基本信息表、或政府发布的检查/点位表中带「南湖区」或「秀洲区」的全称地址。,https://wsjkw.jiaxing.gov.cn/art/2022/11/25/art_1228990187_58869905.html → 「嘉兴市经开城南皓创理发店 浙江省嘉兴市经济技术开发区城南街道桐乡大道547号嘉兴职业技术学院16号学生公寓底楼」，「南湖区」0 命中; http://jxszwsjb.jiaxing.gov.cn/art/2025/1/2/art_1229743572_764925.html → 「联系地址 嘉兴市桐乡大道547号」; https://www.jxvtc.edu.cn/ → 页脚「地址:浙江省嘉兴市桐乡大道547号」; https://www.nanhu.gov.cn/ 、https://www.xiuzhou.gov.cn/ 、https://www.jiaxing.gov.cn/ 站内检索「桐乡大道547号」; https://search.zj.gov.cn/api-gateway/jpaas-jsearch-web-server/search（JS 渲染）; https://zfcg.czt.zj.gov.cn/ 浙江政府采购 检索校名,2026-09-12
PROFILE1786_0,4133013688,浙江邮电职业技术学院,绍兴校区,浙江省绍兴市滨海新城开元东路88号,浙江省,绍兴市,B 来源抓取失败,RESOLVED,no,source_inaccessible,https://www.zptc.edu.cn/ 与 https://zs.zptc.edu.cn/ 均以 HTTP 412（RiverSecurity/瑞数）阻断，需执行 JS 挑战方可访问——这属于访问控制，不得绕过。浙江省政府统一检索仅覆盖 www.zj.gov.cn，无绍兴/越城区内容；「滨海新城」为功能区。,https://www.zptc.edu.cn/xygk/xxjj.htm (HTTP 412)、https://zs.zptc.edu.cn/ (HTTP 412)；浙江省政府搜索 https://search.zj.gov.cn/api-gateway/jpaas-jsearch-web-server/interface/search/app/info?q=开元东路88号&serviceId=YcTOd1ftgC5dxzJ8RhCBN&websiteid=330000000000（0 条）、q=浙江邮电职业技术学院（仅 www.zj.gov.cn 结果，无地址）；Bing RSS「开元东路88号」+绍兴（无关结果）。,绍兴市/越城区政府或教育部门页面写出「越城区……开元东路88号」，或学校官网在挑战解除后（如由对方提供可直连镜像/文档）可访问的校情与地址页。,https://www.zptc.edu.cn/xygk/xxjj.htm; https://zs.zptc.edu.cn/; https://search.zj.gov.cn/api-gateway/jpaas-jsearch-web-server/interface/search/app/info?q=开元东路88号&serviceId=YcTOd1ftgC5dxzJ8RhCBN; Bing RSS: 开元东路88号 绍兴,2026-09-13
PROFILE1800_0,4134011306,池州学院,办学地点（档案未命名）,安徽省池州市教育园区,安徽省,池州市,A 上一轮独立复核未通过,HARD-BLOCKED,yes,独立复核要求降级人工复审（引文/地址挂钩未达 verified 门槛）,复核通过但未过机器门禁: 引文挂不到本条地址/校区名 '办学地点（档案未命名）'（该记录地址 '安徽省池州市教育园区' 无路名，需：地址连续片段≥6字 / ≥3位门牌 / 或校区名核心与法定区同句）,,,https://zrzyghj.chizhou.gov.cn/Content/show/585992.html → 命中（采用），逐字「2、池州学院联系电话：0566-2746861；办公地址：池州市贵池区教育园区牧之路199号。」; http://zs.czu.edu.cn/zsxx/zszc/3.htm → 池州学院招生信息网招生章程，逐字「学校地址：安徽省池州市贵池区牧之路199号」，同文另有「办学地址：安徽省池州市教育园区1号」; http://www.czu.edu.cn/xxgk/xxjj.htm → 校方简介「校址:安徽省池州市教育园区(247000)」，无区名,2026-09-12
PROFILE1802_0,4134012924,安徽中医药高等专科学校,办学地点（档案未命名）,安徽省芜湖市乌霞山西路18号,安徽省,芜湖市,E 无权威来源,RESOLVED,no,no_authoritative_source,official,,,https://www.ahzyygz.edu.cn/show/27990/site/1811 章程发布页（链接至章程 PDF）; https://admin.ahzyygz.edu.cn/Uploads/file/20231123/655ef35d81c2e.pdf 章程 PDF（pdftotext -enc UTF-8 抽取第三条）; https://www.ahzyygz.edu.cn/sites/bgs 、/sites/jcsjc、/sites/xszzfw、/sites/bwc 页脚「安徽省芜湖市乌霞山西路18号」（无区名，作为交叉核验）,2026-09-12
PROFILE180_0,4150010652,西南政法大学,两江校区,重庆市两江新区宝圣大道301号,重庆市,重庆市,B 来源抓取失败,RESOLVED,no,source_inaccessible,government,,,"https://www.cqggzy.com/search?keyword=西南政法大学 （重庆市公共资源交易网站内搜索，服务端渲染，命中679条）; https://www.cqggzy.com/searchDetail/1670866942283788288?categoryNum=014005001 （命中：采购人地址：重庆市渝北区宝圣大道301号）; https://www.cqggzy.com/searchDetail/1670929317804421120?categoryNum=014005002 （同项目澄清公告，同地址）; https://www.swupl.edu.cn/ （校官网首页 footer：两江校区：重庆市两江新区宝圣大道301号——功能区名，非法定区，不可用）; https://appa.swupl.edu.cn/、https://xxgk.swupl.edu.cn/、https://zs.swupl.edu.cn/ （均 HTTP 412，jsl JS 挑战；curl/-k/浏览器UA/cookie jar 会话均无效）; https://www.cq.gov.cn/irs/front/search?qt=... （返回 {""success"":false,""msg"":""系统错误""}，缺 code 参数，未能检索）",2026-09-12
PROFILE1818_0,4134012812,宿州职业技术学院,办学地点（档案未命名）,安徽省宿州市宿符路,安徽省,宿州市,D 功能区/大学城无法定区佐证,RESOLVED,no,functional_zone_only,corroborated,,,"安徽省政府统一搜索精确短语：""宿符路""（TOTAL 1）、""宿州职业技术学院""+""埇桥""（TOTAL 1870）; https://jtj.ahsz.gov.cn/public/2655601/190439201.html （宿州市交通运输局，逐字命中）; https://www.szyq.gov.cn/public/6623455/162946931.html （埇桥区市场监管局检查结果，含安徽省宿州市宿符路东侧87号）; https://jyt.ah.gov.cn/xwzx/tzgg/33413961.html （安徽省教育厅2011年远程教育校外学习中心备案名单：华东师范大学 宿州职业技术学院 宿州市宿符路）; https://rsj.ahsz.gov.cn/rsks/rsks/195781991.html （宿州市人社局通知，写作宿州市高新区宿符路，功能区）",2026-09-12
PROFILE1821_1,4134012816,安徽交通职业技术学院,新桥校区,安徽省新桥国际产业园寿州大道16号,安徽省,合肥市,H 其他,HARD-BLOCKED,yes,other,权威政府来源明确该校区『落户寿县』（淮南市），而记录 allowed_districts 全部是合肥市辖区县，寿县不在其中；地址本身只给功能区名『新桥国际产业园』。无论如何都无法在允许闭集内写出合法 d。,寿县人民政府门户 https://www.shouxian.gov.cn 两篇原文（2024-09-09 启用报道、七所高校情况汇总）；校方官网新闻地址比对；核对 allowed_districts 全为合肥市辖区县；检索 query：『安徽交通职业技术学院新桥校区 寿州大道16号 属于哪个区』『新桥国际产业园 寿县 高校』。,需人工确认该条 allowed_districts 是否应改为淮南市（加入寿县），或该 campus 的归属市判定是否有误；一旦允许集合含寿县，即可直接以寿县人民政府公开文件落库。,https://www.shouxian.gov.cn/zwzx/zwxx/8143470.html（2024-09-09『安徽交通职业技术学院新桥校区落户寿县并正式启用』）; https://www.shouxian.gov.cn/content/article/8082691（《新桥国际产业园七所高校情况汇总》）; query: 安徽交通职业技术学院新桥校区 寿州大道16号 属于哪个区; 校方官网新闻（新桥校区地址只写功能区『安徽省新桥国际产业园寿州大道16号』，无区名；招生办电话 0554 为淮南区号，仅旁证）,2026-09-12
PROFILE1829_0,4134013337,安徽冶金科技职业学院,南校区,安徽省马鞍山市湖西南路555号,安徽省,马鞍山市,E 无权威来源,RESOLVED,no,no_authoritative_source,official,,,http://www.avcmt.edu.cn/Home/ContentShowList/1?cid=265&did=47913 学院章程（2023修订版）第三条; https://www.avcmt.edu.cn/ 官网首页页脚「地址：安徽省马鞍山市湖西南路555号」（无区名，作为交叉核验）; https://www.masys.gov.cn/site/search/6784001?keywords=湖西南路555号&isAllSite=true 马鞍山雨山区政府站内检索（辅助）,2026-09-12
PROFILE1830_1,4134013338,安徽城市管理职业学院,新桥校区,安徽省寿县新桥国际产业园迎宾大道与共建路西南侧,安徽省,合肥市,H 其他,RESOLVED,no,other,实际法定县级行政区为安徽省淮南市寿县，而本条 allowed_districts 全部为合肥市辖区/县/县级市（包河区、巢湖市、庐江县、庐阳区、瑶海区、肥东县、肥西县、蜀山区、长丰县），寿县不在其内，无法给出合法 d；且『新桥国际产业园』是功能区名，禁止翻译成任何法定区。,1) 寿县人民政府/寿县融媒体中心《安徽城市管理职业学院新桥校区奠基仪式 项目进入全面施工阶段》(https://www.shouxian.gov.cn/ztbd/ztzl/xqyq/yqgz/tpxww/8149932.html) → 逐字确认在寿县，无任何合肥市区县。2) 校方官网 https://www.cua.edu.cn/ 页脚 → 仅写『新桥国际产业园迎宾大道与共建路交口』，无区名。3) 中国政府采购网 http://www.ccgp.gov.cn/cggg/dfgg/zbgg/202605/t20260523_26618632.htm → 采购单位地址『合肥市瑶海区淮海大道300号』，是主校区。4) 合肥公共资源交易 https://ggzy.hefei.gov.cn/... → 同上为主校区。5) Toutiao 查询式『安徽城市管理职业学院 新桥校区 寿县』确认异地办学。,待把该条 city 更正为淮南市（或把 allowed_districts 改为含寿县）后即可落库：寿县人民政府/寿县融媒体中心原文『学院新桥校区项目位于安徽省寿县新桥国际产业园迎宾大道与共建路西南侧』与记录地址的路名『迎宾大道』『共建路』完全一致（门牌记录本身无、来源亦无，属路名级），d=寿县为法定县级行政区。,https://www.shouxian.gov.cn/ztbd/ztzl/xqyq/yqgz/tpxww/8149932.html — 寿县人民政府：新桥校区项目位于安徽省寿县新桥国际产业园迎宾大道与共建路西南侧；异地办学新模式; https://www.cua.edu.cn/ — 校方官网页脚：新桥校区 新桥国际产业园迎宾大道与共建路交口（仅功能区，无区名）; http://www.ccgp.gov.cn/cggg/dfgg/zbgg/202605/t20260523_26618632.htm — 政府采购公告：采购单位地址 合肥市瑶海区淮海大道300号（校本部）; https://ggzy.hefei.gov.cn/jyxx/002002/002002001/20260626/fb53eace-7cc3-4e95-ad07-eeb26fd3adf2.html — 合肥公共资源交易：采购人地址 合肥市瑶海区淮海大道300号（校本部）; Toutiao 查询式：安徽城市管理职业学院 新桥校区 寿县 / 新桥国际产业园 迎宾大道 共建路,2026-09-12
PROFILE1833_1,4134013341,安徽中澳科技职业学院,新桥校区,安徽省新桥国际产业园迎宾大道199号,安徽省,合肥市,H 其他,HARD-BLOCKED,yes,other,校区实体在淮南市寿县境内，而记录 allowed_districts 限定为合肥市各区县；地址本身只给功能区名『新桥国际产业园』，没有法定区名。证据再多也无法在允许闭集内写出合法 d，且校方自写门牌（丰收大道6号）与记录门牌（迎宾大道199号）路名不一致，口径本身也需人工复核。,寿县人民政府门户 https://www.shouxian.gov.cn 检索并读《新桥国际产业园七所高校情况汇总》原文；核对 allowed_districts 全为合肥市辖区县；比对校方官网页脚地址与记录地址差异；检索 query：『安徽中澳科技职业学院新桥校区 迎宾大道199号 属于哪个区』『新桥国际产业园 属于哪个县 寿县』。,需人工确认该条归属：把 allowed_districts 由合肥市改为淮南市（加入寿县），即可据寿县人民政府公开文件落库；或提供该校在合肥市辖区内的真实办学点地址。,https://www.shouxian.gov.cn/content/article/8082691（寿县人民政府《新桥国际产业园七所高校情况汇总》2023-07-20）; query: 安徽中澳科技职业学院新桥校区 迎宾大道199号 属于哪个区; 安徽中澳科技职业学院官网页脚『新桥校区：安徽省新桥国际产业园丰收大道6号』（与记录门牌迎宾大道199号路名不同）,2026-09-12
PROFILE1837_1,4134013346,安徽艺术职业学院,丹霞路校区,安徽省合肥市经济技术开发区丹霞路8号,安徽省,合肥市,D 功能区/大学城无法定区佐证,RESOLVED,no,functional_zone_only,government,,,"安徽省政府统一搜索 www.ah.gov.cn/anhuisearch/front/queryFromEs（platformName=ah_search_all）精确短语：""蜀山区丹霞路8号""（TOTAL 3）、""丹霞路8号""（TOTAL 23）、""安徽艺术职业学院""+""蜀山区""、""安徽艺术职业学院丹霞路校区""; https://www.changfeng.gov.cn/public/19411/112541264.html （长丰县人民政府通知，逐字命中）; https://wjw.hefei.gov.cn/public/17771/43671881.html （合肥市卫健委医疗机构设置许可公示，写作合肥市经开区丹霞西路8号）; https://jyt.ah.gov.cn/xwzx/tzgg/33404041.html （安徽省教育厅2008年艺术类统考简章，写作合肥市经济开发区大学城，丹霞路8号）; https://www.baohe.gov.cn/xxgk/zzjg/jzjyq/bgjd/gzdt/6417871.html （包河区芜湖东路社区征兵宣传稿，提及辖区安徽艺术职业学院丹霞路校区）",2026-09-12
PROFILE1838_0,4134013845,安徽财贸职业学院,翡翠校区,安徽省合肥市翡翠路900号,安徽省,合肥市,D 功能区/大学城无法定区佐证,RESOLVED,no,functional_zone_only,government,,,"安徽省政府统一搜索精确短语：""桃花镇翡翠路900号""（TOTAL 3）、""翡翠路900号""（TOTAL 114）、""安徽财贸职业学院""+""肥西""、""安徽财贸职业学院""+""蜀山区""; https://www.ahfeixi.gov.cn/public/18701/112716218.html （肥西县卫生监督所抽检公示，逐字命中）; https://www.ahfeixi.gov.cn/public/14401/105392787.html （肥西县自然资源和规划局对安徽财贸职业学院改扩建项目批前公示）; https://sfj.tl.gov.cn/tlssfj/c00048/pc/content/content_1729293918012743680.html （铜陵市司法局公告，写作合肥市经开区翡翠路900号）",2026-09-12
PROFILE1845_1,4134013852,安徽工业职业技术学院,西湖校区,安徽省铜陵市翠湖四路东段3999号,安徽省,铜陵市,E 无权威来源,RESOLVED,no,no_authoritative_source,corroborated,,,https://ggzyjyzx.tl.gov.cn/jyxx/003002/003002006/20260306/ac20a1c0-cebe-4826-8843-a605990e8d7b.html （铜陵市公共资源交易中心合同公告：采购人 铜陵理工学校 地址 铜陵市铜官区翠湖四路东段3999号；另有「履约地点：铜陵市翠湖四路东段3999号」）; https://www.ahip.cn/ 官网「联系我们」：天井湖校区 安徽省铜陵市长江西路274号；西湖校区 安徽省铜陵市翠湖四路东段3999号（无区名）; toutiao 检索「安徽工业职业技术学院 采购人 地址 翠湖四路东段3999号」「安徽工业职业技术学院 西湖校区 铜官区 翠湖四路」→ 仅校方官网与第三方聚合站，无含区名的官方原文,2026-09-12
PROFILE1847_0,4134010959,安徽三联学院,主校区,安徽省合肥市经济技术开发区合安路47号,安徽省,合肥市,D 功能区/大学城无法定区佐证,HARD-BLOCKED,yes,functional_zone_only,所有能查到该校/该门牌的政府来源（省民政厅、省教育厅、合肥市人社局、合肥经开区管委会）都只写“经开区/经济技术开发区/高新区”，没有任何来源把法定县区写在与“合安路47号”同一句可逐字引用文本中；且合安路为跨区干道，不能据路名推定法定区。,安徽省政府统一搜索精确短语“合安路47号”（全省16条）逐条核查；调取安徽省民政厅社会组织行政许可列表、安徽省教育厅民办高校名单、合肥市人社局合人社秘〔2019〕251号、合肥经开区管委会社会组织许可。所有来源均只写“经开区/经济技术开发区/高新区”，无一条把法定县区与“合安路47号”同句绑定。,需要政府来源把“合安路47号”（或该校区实际门牌）与某个法定区（蜀山区/肥西县/包河区等）写入同一句可逐字引用文本，例如该校区的土地划拨/规划许可公示、不动产/门牌地名公告，或该区市场监管、卫生、教育部门对该校（或校内经营主体）的行政检查、许可记录。,"安徽省政府统一搜索（ah_search_all）精确短语：""合安路47号""（TOTAL 16）、""安徽三联学院""、""合安路""; https://mz.ah.gov.cn/public/21761/122866451.html （安徽省民政厅行政许可列表）; https://jyt.ah.gov.cn/public/7071/40464289.html （安徽省教育厅民办高校名单）; https://rsj.hefei.gov.cn/public/7781/104625221.html （合肥市人社局合人社秘〔2019〕251号）; https://hetda.hefei.gov.cn/public/19861/110929940.html （合肥经开区管委会社会组织许可）",2026-09-12
PROFILE1854_0,4134013342,阜阳科技职业学院,办学地点（档案未命名）,安徽省阜阳市清河西路99号,安徽省,阜阳市,E 无权威来源,HARD-BLOCKED,yes,no_authoritative_source,学校官网原文「安徽省阜阳市清河西路99号」不含法定区；含「颍州区」的说法只出现在商业招生/教育聚合站与搜索建议中，红线禁止单独据以定区；政府侧含区的同路段条目为「颍州区清河西路123号」，门牌与本条 99 号不一致，红线禁止代替。,1) 学校官网 www.fky.net.cn 核读：仅「地址：安徽省阜阳市清河西路99号」，无区名。2) 检索「阜阳科技职业学院 清河西路99号 颍州区」→ 仅掌上高考/大学生必备网等第三方。3) 检索「阜阳科技职业学院 清河西路99号 地址」→ 仅「大学生必备网」等第三方。4) 检索「阜阳科技职业学院 采购 地址」→ 无政府原文。5) 阜阳市人民政府网、阜阳市人社局（2022年9月补贴性职业技能培训开班计划表，含培训机构与办班地址）→ 未检索到含该校法定区的原文。6) 采用「颍州区清河西路123号」政府条目被门牌不一致规则排除。,需要以下任一：阜阳科技职业学院官网/招生章程把地址写成含法定区的完整形式（如「阜阳市颍州区清河西路99号」）原文；或阜阳市/颍州区人民政府及其教育局、人社局的公开文件（办学许可、民办学校年检、职业技能培训开班表、采购公告）中出现该校名 + 「清河西路99号」并同时写出法定区；或该校办学地址的房产/用地、消防备案文件把「清河西路99号」与法定区写在同一句。,http://www.fky.net.cn/ → 「地址：安徽省阜阳市清河西路99号」，无区名; https://so.toutiao.com/search?keyword=阜阳科技职业学院 清河西路99号 颍州区 → 仅掌上高考/大学生必备网等第三方及「相关搜索」建议; https://so.toutiao.com/search?keyword=阜阳科技职业学院 清河西路99号 地址 → 仅「大学生必备网」类第三方; https://so.toutiao.com/search?keyword=阜阳科技职业学院 采购 地址 → 无政府原文命中; 阜阳市人民政府网 / 阜阳市人社局 2022年9月补贴性职业技能培训开班计划表 → 未检索到含该校法定区的原文；最接近的政府条目为「颍州区清河西路123号」（门牌不一致，排除）,2026-09-12
PROFILE1860_0,4135010398,宁德师范学院,东侨校区,福建省宁德市东侨经济开发区学院路1号,福建省,宁德市,D 功能区/大学城无法定区佐证,HARD-BLOCKED,yes,functional_zone_only,功能区「东侨经济开发区」无法定区桥接：校方与宁德市政府、蕉城区政府均无「蕉城区+学院路1号」或「东侨校区属蕉城区」的原文；校方反而把「蕉城区」只写给蕉城校区。宁德市人社局等政府文本对东侨地址一律写「东侨开发区」。第三方写蕉城区但属商业/教育门户。,"已试路径：①校方 ndnu.edu.cn 全站及各子站（信息公开/招生办/宣传部/团委/二级学院，含 site: 检索「蕉城区」）；②蕉城区政府 jiaocheng.gov.cn 站内；③宁德市政府 ningde.gov.cn 站内（自然资源局、住建局、人社局、教育局、文旅局）；④精确地址反查「""东侨经济开发区学院路1号""」+ 蕉城/街道/划拨/规划；⑤招生办「联系我们」校区并列地址核对。冲突来源：第三方站写「蕉城区东侨开发区学院路」，官方文本只用功能区名。",需宁德市蕉城区政府或其自然资源局、住建局、教育局出具的点名「东侨经济开发区学院路1号」（或宁德师范学院东侨校区）并带法定区「蕉城区」的原文，例如建设用地规划许可、土地划拨/出让公示、消防设计审查验收、考试考点公示；或校方改版后在官方地址串中把东侨校区写作「宁德市蕉城区东侨…学院路1号」。,"https://www.ndnu.edu.cn/ ；http://xxgk.ndnu.edu.cn/ ；http://zsb.ndnu.edu.cn/ （地址：福建省宁德市东侨经济开发区学院路1号，无蕉城区）; so.toutiao.com/search?keyword=""东侨经济开发区学院路1号""; so.toutiao.com/search?keyword=site:ndnu.edu.cn 蕉城区 （仅校企/征兵/乡村振兴类新闻，无地址，且征兵一文只写「东侨校区第一会议室」）; so.toutiao.com/search?keyword=site:jiaocheng.gov.cn 学院路 （零结果）; so.toutiao.com/search?keyword=site:ningde.gov.cn 宁德师范学院 学院路（无命中）; so.toutiao.com/search?keyword=宁德师范学院 学院路1号 划拨 / 建设用地 规划 蕉城",2026-09-12
PROFILE1867_0,4135011502,福州职业技术大学,旗山校区,福建省福州市大学城联榕路8号,福建省,福州市,D 功能区/大学城无法定区佐证,RESOLVED,no,functional_zone_only,government,,,http://www.fzcl.gov.cn/xjwz/zwgk/gggs/202505/t20250519_5021074.htm; https://www.minhou.gov.cn/sjwz/szgbm/shgk/xzzfjdws/202212/t20221206_4481275.htm; 闽侯县人民政府门户站内检索: 联榕路8号 / 福州职业技术学院,2026-09-12
PROFILE1889_0,4135013468,阳光学院,校本部,福建省福州市经济技术开发区登龙路99号,福建省,福州市,D 功能区/大学城无法定区佐证,RESOLVED,no,functional_zone_only,government,,,https://api.so-gov.cn/query/s siteCode=3501000001 qt=登龙路99号; https://www.fuzhou.gov.cn/zwgk/zdlyxxgk/aqsc/bnxx/202602/t20260203_5280793.htm; https://www.fuzhou.gov.cn/zwgk/zdlyxxgk/ssjygk/202011/P020201111358178968607.xls（食品抽检表同款写法「福建省福州市马尾区福州经济技术开发区登龙路99号阳光学院…」）; https://www.fuzhou.gov.cn/zgfzzt/srsj/zfxxgkzl/gkml_31841/gzdt_31848/201904/t20190409_2801397.htm（市人社局：阳光学院（福州经济技术开发区（马尾）卧龙山登龙路99号））; https://api.so-gov.cn/query/s siteCode=3501000002 qt=登龙路99号（ok=false，站点未收录）,2026-09-12
PROFILE189_0,4136010418,赣南师范大学,蓉江校区,江西省赣州市蓉江新区师大南路1号,江西省,赣州市,D 功能区/大学城无法定区佐证,HARD-BLOCKED,yes,functional_zone_only,[分类:政府源只到功能区；法定区仅黏着他校区] 政府采购公告把“师大南路1号”与该校区绑定但只有“蓉江新区”；唯一的“章贡区”属于同校章贡校区（红旗大道61号），跨校区套用被红线禁止。,搜狗检索“赣南师范大学 采购人信息 地址 师大南路”“师大南路1号 章贡区”“赣南师范大学 蓉江校区 章贡区 师大南路1号”；检索/阅读江西省公共资源交易平台、中国政府采购网、江西省人民政府转载页、江西中公、阳光高考、掌上高考、赣南师范大学招生信息网与学校章程；上轮另试校官网页脚与蓉江新区/章贡区/赣州市政府站内搜索、章贡区为蓉江新区征地责任主体的对口文件。,任一官方/政府原文把“师大南路1号”与章贡区（或南康区/赣县区）写进同一句/同一地址串（如“赣州市章贡区蓉江新区师大南路1号”）。,江西省公共资源交易平台 www.jxsggzy.cn 采购公告（赣南师范大学）; 中国政府采购网采购单位地址页（赣南师范大学）; 江西省人民政府转载页; zs.gnnu.edu.cn 赣南师范大学招生信息网 2025 年本科招生章程; www.gnnu.edu.cn 赣南师范大学章程（2023 修订核准稿）; 阳光高考院校信息库、掌上高考 m.gaokao.cn,2026-09-12
PROFILE1912_0,4135012927,泉州华光职业学院,台商校区,福建省泉州市台商投资区洛阳大道489号,福建省,泉州市,A 上一轮独立复核未通过,HARD-BLOCKED,yes,独立复核要求降级人工复审（引文/地址挂钩未达 verified 门槛）,记录地址「福建省泉州市台商投资区洛阳大道489号」含路名洛阳大道+门牌489号（不得用 name 挂钩），功能性区名「台商投资区」不是法定区，须由官方/政府来源把法定区「惠安县」与洛阳大道489号写到一起。实际结果：泉州华光职业学院官网（hgu.cn）页脚逐字给出「福建省泉州市台商投资区洛阳大道489号」与「福建省泉州市惠安县紫山镇聚龙大道」，即官方来源对本校区只写功能性区「台商投资区」，而「惠安县」只挂在同校另一个校区（惠安校区/紫山镇聚龙大道）上——按「不得使用同校其他校区」的红线，不能据此推得本校区属惠安县。招生章程（第三方转载）亦只写「台商投资区洛阳大道489号」。找不到任何官方/政府,1) 抓取 http://www.hgu.cn/ 首页页脚逐字比对：本校区地址写「台商投资区洛阳大道489号」，惠安县仅出现在另一校区「惠安县紫山镇聚龙大道」。2) 头条搜索「华光职业学院 台商校区 惠安县 洛阳镇」「台商投资区 洛阳大道489号 华光」「惠安县 洛阳大道489号 洛阳镇」，结果仅商业/百科站（大学生必备网、掌上高考、高考网、高三网），且掌上高考写洛阳大道491号、与记录489号门牌冲突。3) 尝试惠安县人民政府站内搜索（search.html 返回 404）、泉州市教育局/台商投资区官网未取到含该地址的政府页。,需要惠安县人民政府、泉州市教育局、泉州台商投资区管委会（作为惠安县派出机构但有正式文号）或学校官网明确写出「（泉州华光职业学院台商校区/总校区）位于惠安县洛阳大道489号」的正式文本；或惠安县行政区划/地名公告把洛阳大道489号划归惠安县。仅凭「台商投资区辖域原属惠安县」的行政沿革推断不合规。,http://www.hgu.cn/ (学校官网页脚，本校区仅写台商投资区); http://www.qzhg.edu.cn/ (学校官网，同上); toutiao search: 华光职业学院 台商校区 惠安县 洛阳镇 / 台商投资区 洛阳大道489号 华光 / 惠安县 洛阳大道489号 洛阳镇; 大学生必备网 / 掌上高考 / 高考网（商业站，仅作线索，不作为证据；掌上高考门牌491号与记录冲突）,2026-09-12
PROFILE1918_0,4154014085,西藏职业技术学院,西校区,西藏自治区拉萨市金珠中路金农巷5号,西藏自治区,拉萨市,E 无权威来源,RESOLVED,no,no_authoritative_source,official,,,https://www.xzgzy.cn/info/1023/4061.htm,2026-09-12
PROFILE1918_1,4154014085,西藏职业技术学院,北校区,西藏自治区拉萨市夺底路34号,西藏自治区,拉萨市,E 无权威来源,RESOLVED,no,no_authoritative_source,official,,,https://www.xzgzy.cn/info/1023/3602.htm,2026-09-12
PROFILE1920_0,4141011652,河南财政金融学院,龙子湖校区,河南省郑州市郑东新区龙子湖北路22号,河南省,郑州市,D 功能区/大学城无法定区佐证,HARD-BLOCKED,yes,functional_zone_only,该校区唯一区级信息是功能区「郑东新区」；没有官方来源把法定区（金水区/管城回族区/中牟县）与「龙子湖北路22号」同现。金水区这一写法只出现在商业地图 POI（city8），按红线不得据此落库。,校方官网页脚、招生就业处/保卫处等二级站点；政府采购网 11 条公告的「采购单位地址」字段逐条核对；金水区人民政府与郑州市人民政府站内全文检索（/search.jspx）两处均无；河南省政府采购网 Epoint 接口探测（404）；toutiao 多组合检索。,需要把「金水区」（或管城回族区/中牟县）与「龙子湖北路22号」写在同一来源的官方/政务页面，例如金水区卫健委的该校医疗机构执业登记公示、金水区教育局或郑州市教育局的该校相关文件、河南省教育厅章程核准书中的校区地址。,https://www.jinshui.gov.cn/search.jspx?q=龙子湖北路22号 → 0 条；q=龙子湖东路 → 0 条; https://www.zhengzhou.gov.cn/search.jspx?q=龙子湖北路22号 → 37 条模糊命中，无一条把法定区与该门牌同现; http://search.ccgp.gov.cn/bxsearch?kw=河南财政金融学院 → 11 条公告，采购单位地址 7 条为「郑州市郑东新区龙子湖北路22号」，其余仅校名; https://www.hafu.edu.cn/ 页脚「龙子湖校区：郑州市郑东新区龙子湖高校园区龙子湖北路22号」（功能区）; https://so.toutiao.com/search?keyword=河南财政金融学院+龙子湖北路22号+金水区 → 命中 zz.city8.com「郑州市金水区龙子湖街道河南财政金融学院龙子湖校区龙子湖北路22号」，属商业地图 POI，红线禁止单独使用，只能作线索; https://zfcg.henan.gov.cn/inteligentsearch/rest/esinteligentsearch/getFullTextDataNew → HTTP 404（河南省政府采购网非该接口，本轮未能建立可检索通道）,2026-09-12
PROFILE1921_0,4141012950,焦作师范高等专科学校,山阳路校区,河南省焦作市山阳路998号,河南省,焦作市,E 无权威来源,HARD-BLOCKED,yes,no_authoritative_source,复核通过但未过机器门禁: 引文挂不到本条地址 '河南省焦作市山阳路998号'（该记录有路名/门牌，不允许用校区名挂钩）,,,http://zs.jzsz.edu.cn/（招生信息网首页，页脚「联系地址：河南省焦作市山阳区998号」；同页「联系地址：河南省焦作市山阳路998号」）; http://zs.jzsz.edu.cn/main.htm（同站首页正文，含 11 篇招生文章链接）; http://zs.jzsz.edu.cn/2026/0624/c124a53188/page.htm 与 /2026/0626/c124a53197/page.htm（2026 招生章程/简章，正文为图片，页脚仅「河南省焦作市」）; http://zs.jzsz.edu.cn/124/list.htm、/zszn/list.htm（招生信息、招生指南列表）; https://www.jzsz.edu.cn/ 与 /xxgk/list.htm（官网页脚「焦作市山阳路998号」、简介仅「山阳路、丰收路、学苑路 3 个校区」，均无区名）; so.toutiao.com 检索「焦作师范高等专科学校 山阳区 998号」「山阳区山阳路998号」→ 无官方命中,2026-09-12
PROFILE1922_2,4141011068,郑州工程技术学院,航海校区,河南省郑州市京广南路1号,河南省,郑州市,E 无权威来源,HARD-BLOCKED,yes,no_authoritative_source,学校自身对其航海校区只写「河南省郑州市京广南路1号（航海校区）」而不写区名；政府来源中该校地址一律为主校区「惠济区英才街18号」，与本条校区不同，红线禁止挪用；不得以「京广南路通常位于某区」推断。,1) 招生章程原文（学校官网 zs.zzut.edu.cn 及其 curl -k 镜像）逐字核读，航海校区条目不写区名。2) 郑州市人民政府门户站内检索「京广南路1号」1265 条，前若干条均为道路工程类，无该校。3) 郑州市人民政府门户站内检索「航海校区」，无该校法定区信息。4) 郑州市政务公开平台的该校高层次人才招聘公告、预算类页面，仅出现「郑州市惠济区英才街18号，郑州工程技术学院人事处」，全页无「校区」字样。5) 另一政务公开页正文仅为附件 PDF 链接，正文无校址。6) 本轮追加：按「郑州工程技术学院 航海校区 京广南路1号」检索，命中仅为百科镜像与无关市政公司网站，无任何法定区原文；中国政府采购网方向暂不可用（本机共享出口 IP 限流）。,需要以下任一：郑州工程技术学院招生章程/官网改版后为航海校区补写法定区；郑州市二七区或管城回族区人民政府（含教育局、自然资源和规划局）公开文件、用地规划许可或校舍消防/备案文件中出现「京广南路1号」并同时写出所属法定区；或该校航海校区的政府采购公告把采购单位（校区）地址写成「XX区京广南路1号」原文。,https://zs.zzut.edu.cn/info/1133/2790.htm → 《2026年招生章程》原文「河南省郑州市京广南路1号（航海校区）」，无区名; https://www.zhengzhou.gov.cn/search.jspx?q=京广南路1号 （带 cookie jar + Referer）→ 1265 条，均为道路工程类，无该校; https://www.zhengzhou.gov.cn/search.jspx?q=航海校区 → 无该校法定区信息; https://public.zhengzhou.gov.cn/D1703X/10110849.jhtml → 仅「郑州市惠济区英才街18号，郑州工程技术学院人事处」，且全页无「校区」字样; https://public.zhengzhou.gov.cn/D190105X/9948316.jhtml → 正文为附件 PDF 链接，正文无校址; https://so.toutiao.com/search?keyword=郑州工程技术学院 航海校区 京广南路1号 → 仅百科镜像与市政公司噪声，无任何含法定区的原文,2026-09-12
PROFILE1922_3,4141011068,郑州工程技术学院,龙子湖校区,河南省郑州市郑东新区王新街9号,河南省,郑州市,D 功能区/大学城无法定区佐证,HARD-BLOCKED,yes,functional_zone_only,郑州工程技术学院官网页脚与郑州市政府网发布的《郑州工程技术学院2026年度高层次人才招聘公告》只给出另一校区「郑州市惠济区英才街18号」，按红线禁止用同校其他campus的区覆盖本条。郑东新区/金水区站群检索「王新街9号」「王新街 金水区」只返回道路工程类政府信息，无「金水区＋王新街9号」同现的官方原文；未绕过任何登录/权限控制。,逐条尝试：金水区政府站搜索（王新街9号、王新街、郑州工程技术学院、龙子湖）；郑东新区政府站搜索（王新街、王新街+金水区、中牟县）；王新街道路工程与封闭施工公告全文；学校招聘公告与部门预算/决算；龙子湖街道办机构地址页。均未出现该校区与法定区同现的原文。,需要含「金水区（或郑东新区驻地为金水区的街道）＋王新街9号」的政府原文，例如郑州市自然资源和规划局/金水区对该校龙子湖校区地块的规划许可或征收公告、该校龙子湖校区不动产权/消防备案/事业单位登记住所页面。,https://www.jinshui.gov.cn/search.jspx?q=王新街9号（5 条，均无该校/该门牌）; https://www.jinshui.gov.cn/search.jspx?q=王新街 / 龙子湖 郑州工程技术学院 / 郑州工程技术学院; https://www.zhengdong.gov.cn/search.jspx?q=王新街 / 王新街 金水区 / 中牟县; https://public.zhengdong.gov.cn/02SDB/988731.jhtml（王新街道路工程监理评标结果公示，无区名）; https://www.zhengdong.gov.cn/response/9235424.jhtml（王新街封闭施工绕行）; https://public.zhengzhou.gov.cn/D1703X/10110849.jhtml（学校另一校区招聘公告：惠济区英才街18号）,2026-09-12
PROFILE1927_1,4141012750,周口职业技术学院,中州校区,河南省周口市中州大道北段455号,河南省,周口市,E 无权威来源,HARD-BLOCKED,yes,no_authoritative_source,学校自身来源一律省略法定区；周口市/川汇区政府公开渠道未检索到把「中州大道北段455号」与「川汇区」并列的权威文本（404/仅活动新闻）。,校章程页+校内多子站+周口市政府站检索(s 404)+河南省教育考试院站点检索+政府采购/公共资源交易+toutiao 五组门牌/区名组合检索,需一条可抓取的政府来源在同句写出「川汇区(或淮阳区)+中州大道北段455号」，如周口市/川汇区人民政府信息公开、河南省教育考试院/周口市教育局考点公示、土地划拨或政府采购公示。,https://zs.zkvtc.edu.cn/info/1029/3052.htm; https://www.zkvtc.edu.cn/ 及各子站(jxjy/zhongzhuan/kewai); toutiao: 周口职业技术学院 中州大道北段455号 / 周口职业技术学院 川汇区 / 中州校区 川汇区 / 招标 中州大道北段455号; https://www.zhoukou.gov.cn/s?sid=0&wd=周口职业技术学院 (404); 河南省教育考试院检索 (https://zlcms.wes2.com/zlcms/search/result?SiteID=128); gaokao.cn 周口职业技术学院招生章程页,2026-09-12
PROFILE1927_2,4141012750,周口职业技术学院,文昌校区,河南省周口市文昌大道东段,河南省,周口市,E 无权威来源,HARD-BLOCKED,yes,no_authoritative_source,所有可及来源对文昌校区均只给路名不给区；周口市/川汇区/淮阳区政府渠道未命中该路段的法定区归属。,校章程页+校内子站+周口市政府站检索+河南省教育考试院检索+toutiao 多组路名/区名组合检索,需政府来源在同句写出「川汇区(或淮阳区)+文昌大道(东段)」并明确指向周口职业技术学院文昌校区（如考点公示、规划公示、采购公告）。,https://zs.zkvtc.edu.cn/info/1029/3052.htm; https://www.zkvtc.edu.cn/ 及各子站; toutiao: 周口职业技术学院 文昌大道 淮阳区 / 周口职业技术学院 川汇区 地址 / 周口职业技术学院 开元大道1号 川汇区; https://www.zhoukou.gov.cn/ 站内检索(404),2026-09-12
PROFILE1929_0,4141012781,河南司法警官职业学院,办学地点（档案未命名）,河南省郑州市郑龙新区龙子湖高校园区,河南省,郑州市,C 地址冲突,HARD-BLOCKED,yes,conflicting_address,所有第一手来源（校方官网、校方招生网、中国政府采购网采购公告）都只写功能区「郑东新区」；记录 address 无路名门牌而 campus 字段为占位符，无法套用校区名挂钩例外，故无法定区。,1) https://www.hnsfjy.edu.cn/ → 页脚「地址：河南省郑州市郑东新区金水东路166号 备案/许可证号：豫ICP备10013097号-3 豫公网安备41010702002284号」；2) https://www.hnsfjy.edu.cn/zsjy/index.htm → 「地址：河南省郑州市郑东新区金水东路166号（龙子湖高校园区）」；3) toutiao 检索「河南司法警官职业学院 龙子湖 金水区 地址」「河南司法警官职业学院 金水区 龙子湖高校园区 地址」→ 只有百度百科「新校区又称郑东校区…地址为郑州市郑东新区龙子湖高校园区」（禁止单独用百科定区）；4) 中国政府采购网（上一轮）22 条公告采购单位地址均为「郑州市郑东新区金水东路166号」，无区名。,需要一条把「龙子湖高校园区」或「金水东路166号」与法定区（金水区/管城回族区）写在一起的政府来源，例如郑州市自然资源和规划局对该校区的规划许可/用地公示、河南省教育厅或河南省司法厅带区的文件、郑州市不动产/规划公示。,https://www.hnsfjy.edu.cn/ → 页脚「河南省郑州市郑东新区金水东路166号」（功能区）; https://www.hnsfjy.edu.cn/zsjy/index.htm → 「河南省郑州市郑东新区金水东路166号（龙子湖高校园区）」（功能区）; http://www.ccgp.gov.cn/cggg/dfgg/gkzb/202608/t20260831_27236994.htm（上一轮）→ 采购单位地址=郑州市郑东新区金水东路166号（功能区）; toutiao 检索「河南司法警官职业学院 龙子湖 金水区 地址」→ 仅百度百科（郑东新区龙子湖高校园区），不可单独定区,2026-09-12
PROFILE1932_1,4141013565,郑州信息科技职业学院,黄河路校区,河南省郑州市郑东新区黄河路124号,河南省,郑州市,E 无权威来源,HARD-BLOCKED,yes,no_authoritative_source,官方/政府原文只给出龙子湖校区（金水区或郑东新区龙子湖北路36号）的区名，与本条黄河路校区（黄河路124号）不同校区，红线禁止挪用；把「金水区」与「黄河路124号」同句的唯一来源是商业职教目录 m.zhijiao.cn（职教网），属商业招生/名录网站，红线禁止单独据以定区。该校官网与政府门户均未出现「黄河路124号 + 法定区」的原文。,1) 中国政府采购网按校名全量检索，26 条公告的采购单位地址全部为龙子湖北路36号（龙子湖校区），另有 2 条写「郑州市金水区龙子湖北路36号」，均为他校区，按红线不得挪用。2) 校名 + 门牌检索，仅商业职教目录 m.zhijiao.cn 给出「金水区 + 黄河路124号」，属商业名录，不能单独定区。3) 河南省中等职业学校名录检索，未取得政府名录原文（该「中专部」条目的官方出处未找到）。4) 河南开放大学官网 www.hnou.edu.cn 抓取仅 3066 字节 JS 壳页，无地址。5) 百度百科「河南开放大学位于河南省郑州市金水区」属百科，红线禁止单独采用，且主体不是本条校区。6) 政府采购方向：ccgp 命中该校采购单位地址一律为龙子湖校区，无法反推黄河路校区。,需要以下任一：河南省教育厅/郑州市教育局发布的官方中职或高职学校名录用原文列出「郑州信息科技职业学院（中专部）……金水区黄河路124号」；或郑州信息科技职业学院/河南开放大学官网（非 SPA/非 JS 壳页）或政府信息公开、事业单位登记、政府采购文件中出现「郑州市金水区黄河路124号」原文；或该校黄河路校区（黄河路124号）的用地规划公示、房产/不动产权属公示、消防或教育行政备案文件，把该门牌与法定区写在同一句。,http://search.ccgp.gov.cn/bxsearch?kw=郑州信息科技职业学院&timeType=5 → 命中26条，采购单位地址全部为龙子湖北路36号（龙子湖校区）; http://www.ccgp.gov.cn/cggg/dfgg/cjgg/202608/t20260803_27061402.htm → 「郑州市金水区龙子湖北路36号」（非本校区）; https://so.toutiao.com/search?keyword=郑州信息科技职业学院 黄河路124号 地址 → 仅 m.zhijiao.cn（职教网）出现「河南省郑州市金水区郑州市黄河路124号(郑州信息科技职业学院中专部)」，商业名录，只能作线索; https://so.toutiao.com/search?keyword=河南省中等职业学校名单 郑州信息科技职业学院中专部 地址 → 无政府名录原文命中; https://so.toutiao.com/search?keyword=郑州信息科技职业学院 黄河路124号 金水区 政府采购 → 命中中国政府采购网条目的采购单位地址为「郑州市金水区龙子湖北路36号」（龙子湖校区），非本校区; https://so.toutiao.com/search?keyword=河南开放大学 黄河路124号 金水区 → 仅百度百科「位于河南省郑州市金水区」与相关搜索建议，非官方原文,2026-09-12
PROFILE1937_1,4141013789,河南交通职业技术学院,东校区,河南省郑州市郑东新区白沙职教园区通惠路259号,河南省,郑州市,D 功能区/大学城无法定区佐证,HARD-BLOCKED,yes,functional_zone_only,所有官方页面对该校区只用「郑东新区/白沙职教园区/白沙园区」等功能区名；「中牟县」只出现在白沙镇其他小区的房本报道里，与本门牌无关。,①学校官网/信息公开/招生页（逐字门牌）；②政府采购网公告（逐字门牌）；③河南商报房本报道（中牟县前缀，非本址）；④toutiao 5 组「中牟县/白沙/通惠路」检索；⑤河南省/郑州市自然资源、发改、环评类关键词检索未命中。,需要中牟县政府或郑州市不动产登记中心把「白沙职教园区通惠路259号」列入中牟县的政府原文（如征迁公告、不动产/规划或政府采购采购人地址含中牟县），或该校事业单位登记住所含法定区。,https://www.hncc.edu.cn/ — 页脚逐字「东校区地址：河南省郑州市郑东新区白沙职教园区通惠路259号 邮编：451460 南校区地址：河南省郑州市航海中路165号」（无法定区）; http://www.ccgp.gov.cn/cggg/dfgg/zbgg/202609/t20260902_27252934.htm — 「郑东新区白沙职教园区通惠路259号」（无法定区）; 河南商报《因为地址多了这三个字，郑东新区一小区的房本办理卡了壳》 — 「郑东新区白沙镇…房管局推送给不动产登记中心的信息显示，小区地址为『中牟县郑东新区润…』」（媒体、非同一地址）; so.toutiao.com 查询式：「通惠路259号 中牟县」「中牟县 白沙镇 通惠路」「位于中牟县 通惠路」「郑东新区白沙职教园区 通惠路259号」「中牟县 白沙职教园区 河南交通职业技术学院」; https://xxgk.hncc.edu.cn/（上一轮信息公开网）— 地址同功能区,2026-09-12
PROFILE1938_1,4141013790,河南农业职业学院,洛阳校区,河南省洛阳市启明西路2号,河南省,洛阳市,E 无权威来源,HARD-BLOCKED,yes,no_authoritative_source,分类 E_no_authority：无政府或校方官方文本把『启明西路2号』与法定区(瀍河回族区/老城区 等)并列，allowed_districts 内候选无法排他。,http://www.hnca.edu.cn/px/xygk/xyzc/list_2070_1.html（章程含『河南省洛阳市启明西路 2 号』，无区）；http://www.hnca.edu.cn/ 全站爬取 45 页（关键词 洛阳校区/启明西路）无区名；https://t.ly.gov.cn/search-api/open/api/external?allKeyword=启明西路2号&siteId=4103000021 → totalRow=0；https://t.ly.gov.cn/search-api/open/api/external?keywords=启明西路2号&siteId=4103000021 → 仅道路整治新闻；http://www.chanhe.gov.cn/ss?keywords=启明西路2号（及 q/searchWord/key/keyword 四种参数）→ 返回 JS 搜索壳；头条检索『启明西路2号』『洛阳市 启明西路 河南农业职业学院』。,需要洛阳市政府、瀍河回族区政府或该校官方文件把『启明西路2号』与法定区名逐字并列；或该校《章程》修订稿/事业单位登记公告写明洛阳校区法定区。,http://www.hnca.edu.cn/px/xygk/xyzc/list_2070_1.html (章程『河南省洛阳市启明西路 2 号』，无区); http://www.hnca.edu.cn/ 全站 45 页爬取，无区名; https://t.ly.gov.cn/search-api/open/api/external?allKeyword=启明西路2号&siteId=4103000021 (totalRow=0); https://t.ly.gov.cn/search-api/open/api/external?keywords=启明西路2号&siteId=4103000021 (仅道路新闻); http://www.chanhe.gov.cn/ss?keywords=启明西路2号 (JS 搜索壳); https://so.toutiao.com/search?keyword=启明西路2号,2026-09-12
PROFILE1944_0,4141014062,郑州电力职业技术学院,校本部,河南省郑州市新区商都大街东段1933号,河南省,郑州市,D 功能区/大学城无法定区佐证,RESOLVED,no,functional_zone_only,学校官网联系我们、学校简介页与郑州市市场监督管理局转载的该校招聘公告均逐字写「河南省郑州市中牟新区商都大街东段1933号」，不含「中牟县」；郑州市发改委收费备案函、中牟县发改委关于郑州电力中等专业学校收费标准批复、中牟县民政局民办非企业变更名单等政府文件均不含该校址门牌，全站检索「商都大街东段1933号」无命中。政府页面自称「中牟新区（县）」，但该写法不含子串「中牟县」，不能作为合格 evidence_quote。,逐条尝试：中牟县政府站搜索（商都大街东段1933号及其精确短语、商都大街、电力职业技术学院、中等专业学校、郑州电力中等专业学校、白沙镇）；郑州市政府站搜索（商都大街东段1933号、郑州电力职业技术学院）；郑州市市监局招聘公告页；郑州市/中牟县发改委收费文件；中牟县民政局民办非企业变更名单；学校官网联系我们与简介页。均无「中牟县＋商都大街东段1933号」原文。,需要出现「中牟县＋商都大街东段1933号」（或「中牟县商都大街」+该校名）的政府/官方原文，例如中牟县自然资源局对该校地块的建设用地/建设工程规划许可证公示（410122 系列文号所在批次）、河南省教育厅或中牟县教育局的办学许可/年检公告校址栏、该校事业单位/民非法人登记住所。,"http://www.zhongmu.gov.cn/search.jspx?q=商都大街东段1933号 / ""商都大街东段1933号"" / 商都大街东段 / 郑州电力职业技术学院 / 电力职业技术学院 / 中等专业学校 / 郑州电力中等专业学校 / 白沙镇; https://www.zhengzhou.gov.cn/search.jspx?q=商都大街东段1933号 / 郑州电力职业技术学院; https://amr.zhengzhou.gov.cn/jycyzl/8886741.jhtml（市监局转载招聘公告：中牟新区商都大街东段1933号）; https://public.zhengzhou.gov.cn/D300201X/10038213.jhtml 、/D300201X/10037202.jhtml（收费备案/批复函，无校址）; https://public.zhongmu.gov.cn/D300201X/9469015.jhtml（中牟县发改委批复，无校址）; https://public.zhongmu.gov.cn/D281102X/9774807.jhtml 、/D281102X/8872069.jhtml（中牟县民政局民办非企业变更名单，无校址）",2026-09-13
PROFILE1944_1,4141014062,郑州电力职业技术学院,祥符校区,河南省开封市产城融合示范区电力路1号,河南省,开封市,D 功能区/大学城无法定区佐证,RESOLVED,no,functional_zone_only,已有强线索但均为功能区口径或缺门牌：祥符区公安局西姜寨派出所（辖区）走进「郑州电力职业技术学院祥符校区」；祥符区税务局走访「郑州电力职业技术学院（祥符校区）」；祥符区政府页「2025年初，原祥符区西姜寨乡划入开封市产城融合示范区」；开封市市场监管局公告「原由祥符区市场监督管理局登记的西姜寨镇…变更为…产城融合示范区分局」；开封市生态环境局环评公示「开封市祥符区产城融合示范区…46号厂房」。以上均不能在同一句/同一页面同时提供法定区与记录门牌（电力路1号），故不予 accept。,逐条尝试：开封市政府站群全文检索（含祥符区子站）多组关键词（电力路、电力路1号、祥符区+电力路、产城融合示范区+电力路、郑州电力职业技术学院祥符校区、中原科教城、西姜寨产城融合、产城融合土地）；祥符区政府通车仪式页、祥符区公安分局页、祥符区税务局页、开封市政府「开封样板」页、开封市市场监管局登记机关调整公告、开封市生态环境局环评公示全文。无「祥符区＋电力路1号」同现原文。,需要出现「祥符区…电力路1号」或「祥符区…电力路」的政府/官方原文：例如开封市或祥符区自然资源和规划局对该校区地块的建设工程规划许可/土地出让/征收公告（含门牌或四至）、开封市生态环境局对该项目的环评受理公示含建设地址、祥符区教育体育局对该校的办学许可/招生备案校址页。,https://www.kaifeng.gov.cn/search5/search/s（POST siteCode=4102000008）searchWord=电力路 / 电力路1号 / 祥符区 电力路 / 产城融合示范区 电力路 / 郑州电力职业技术学院 祥符校区 / 职业学院 祥符校区 规划许可证 / 中原科教城 祥符区 / 西姜寨 产城融合 / 祥符区 产城融合 土地; http://www.xiangfuqu.gov.cn/kfsxfqwz/c00086/pc/content/content_1877610393648316416.html（祥符区政府：和谐路、电力路、林荫北路通车仪式，无「祥符区＋电力路」同句）; http://gaj.kaifeng.gov.cn/kfsgajwz/sgajgzdt/pc/content/content_1926819600024813568.html（祥符区公安局西姜寨派出所走进郑州电力职业技术学院祥符校区，无门牌）; http://www.xiangfuqu.gov.cn/kfsxfqwz/jsjf/pc/content/content_1879477837259804672.html（祥符区税务局走访郑州电力职业技术学院（祥符校区），无门牌）; https://www.kaifeng.gov.cn/kfsrmzfwz/zwyw/pc/content/content_1737171438250795008.html（打造产教产城融合的「开封样板」：电力路+该校祥符校区，同篇无「祥符区」）; http://scjg.kaifeng.gov.cn/kfsscjdgljwz/scjgjtzgg/pc/content/content_2051980269924691968.html（西姜寨镇登记机关由祥符区局变更为产城融合示范区分局）,2026-09-13
PROFILE1952_0,4142012978,武汉软件工程职业学院,光谷校区,湖北省武汉市东湖新技术开发区光谷大道117号,湖北省,武汉市,D 功能区/大学城无法定区佐证,HARD-BLOCKED,yes,functional_zone_only,记录地址本身写出的维一是功能区「东湖新技术开发区」，且所有官方与政府来源都沿用该功能区写法；自然资源部土地市场同片区划拨记录的行政区字段只到「武汉市本级」，不落到江夏区/洪山区；因此不存在任何可逐字引用的法定区名与「光谷大道117号」同句或同址。,1) 校官网与二级站页脚实抓；2) 湖北省政府采购网本校公告三份（含2023/2024）实抓；3) 自然资源部土地市场网(landchina.mnr.gov.cn)光谷片区划拨供地记录，行政区字段=武汉市本级；4) 武汉市政府门户站内全文检索；5) Toutiao 精确短语检索「光谷大道117号」「江夏区光谷大道117号」。,需要一份武汉市/江夏区（或洪山区）政府或自然资源部门文件，在同一条宗地/划拨/规划记录中同时写出「光谷大道117号」与法定区（如「江夏区光谷大道117号」或土地市场记录「行政区：江夏区」且宗地位置含该门牌），或校方某页脚改用带法定区的地址。否则本功能区内高校校区无法定区不可解。,"https://www.whvcse.edu.cn/ (官网页脚，仅功能区); http://www.ccgp-hubei.gov.cn/notice/202303/notice_79a09fd158b14a1eaa96a115788e6735.html (湖北省政府采购网，逐字「武汉市东湖新技术开发区光谷大道117号」); http://www.ccgp-hubei.gov.cn/notice/202410/notice_b709e735b3708872895de965302088ef.html (含光谷大道117号，仍为功能区); https://landchina.mnr.gov.cn/land/jggg/hbgd1/202510/t20251022_10029492.htm (光谷片区划拨记录，行政区=武汉市本级); https://so.toutiao.com/search?keyword=""光谷大道117号"" (命中仅官网/湖北省政府采购网，均为功能区); https://so.toutiao.com/search?keyword=""江夏区光谷大道117号"" (0 条有效命中)",2026-09-12
PROFILE196_2,4150010655,四川美术学院,悦来校区,重庆市两江新区嘉陵江畔、悦来江湾,重庆市,重庆市,C 地址冲突,HARD-BLOCKED,yes,conflicting_address,两条政府原文（重庆市政府网：水土组团E分区；两江新区官网：悦来国际会展城）对同一校区所在地块的描述互斥，各自只能推出不同的法定区方向（北碚区 vs 渝北区），且均未写出法定区名；川美官网同句出现「渝北区」的那句是合作关系表述而非坐落表述。冲突未消解，不能定 d。,已抓取并逐字提取：https://wap.cq.gov.cn/zwgk/zfxxgkzl/fdzdgknr/zdxm/dtxx/202505/t20250512_14602091.html（「四川美术学院悦来校区位于重庆两江新区水土组团E分区，坐落于嘉陵江畔」，无渝北区/北碚区）；https://www.liangjiang.gov.cn/mixmedia/a/202505/13/WS682276c3e4b0840ed5662d60.html（「四川美术学院悦来校区位于重庆两江新区悦来国际会展城，坐落于嘉陵江畔」）；https://www.scfai.edu.cn/info/1125/30838.htm（开工稿全文抽取，含「渝北区」长句与「悦来街道相关领导」名单）；https://www.scfai.edu.cn/xxgk/xxjj.htm 与 /xxgk.htm（237字节空壳）、https://www.scfai.edu.cn/zsb/index.htm（1603字节，无校区地址）；http://www.ybq.gov.cn/ 悦来街道相关稿件（本机 IP 403 Forbidden / WebFetch 证书 altname 不匹配，无法读取）；so.toutiao.com 检索「四川美术学院悦来校区渝北区」「四川美术学院悦来校区批前公示」「四川美术学院悦来校区 悦来街道 渝,需要以下任一新证据：(a) 重庆市规划和自然资源局或两江新区管委会对该项目的建设用地规划许可证/建设工程规划许可公示（载明建设位置含法定区与门牌或街道）；(b) 重庆市发改委年度重点项目名单中该项目「所在区县」栏（渝北区或北碚区）；(c) 川美官方或渝北区/北碚区政府文本直接写出「四川美术学院悦来校区位于渝北区/北碚区…」的坐落句；(d) 该校区的门牌号（届时可按门牌+路名常规链路取证）。,https://wap.cq.gov.cn/zwgk/zfxxgkzl/fdzdgknr/zdxm/dtxx/202505/t20250512_14602091.html; https://www.liangjiang.gov.cn/mixmedia/a/202505/13/WS682276c3e4b0840ed5662d60.html; https://www.scfai.edu.cn/info/1125/30838.htm; https://www.scfai.edu.cn/xxgk/xxjj.htm 、https://www.scfai.edu.cn/zsb/index.htm; http://www.ybq.gov.cn/ （403 / 证书不匹配，未读取）; so.toutiao.com 检索「四川美术学院悦来校区渝北区」「四川美术学院悦来校区批前公示」,2026-09-12
PROFILE1975_0,4142012362,武汉生物工程学院,办学地点（档案未命名）,湖北省武汉市武汉长江新区汉施路1号,湖北省,武汉市,D 功能区/大学城无法定区佐证,RESOLVED,no,functional_zone_only,government,,,https://www.whxinzhou.gov.cn/xxgk_29/zcfg/gsgg/202207/P020220722433287157021.pdf（新洲区人民政府《新洲区学校名单》，pdftotext 提取）; https://so.toutiao.com/search?keyword=新洲区 医疗机构目录 武汉生物工程学院医院; https://weixin.sogou.com/weixin?type=2&query=武汉商贸职业学院 江夏区 光谷二路225号（同类政府/官方渠道检索法）; https://www.whsw.cn/xxgk1/xxjj.htm（校方官网：武汉市长江新区汉施路1号，功能区）; https://landchina.mnr.gov.cn/land/cjgs/hbgd/202311/t20231130_8637047.htm（黄陂区武湖街汉施公路划拨，非该校）,2026-09-12
PROFILE1985_1,4143011532,湖南财政经济学院,雷锋校区,湖南省长沙市湘江新区雷锋街道黄桥大道,湖南省,长沙市,D 功能区/大学城无法定区佐证,RESOLVED,no,functional_zone_only,government,,,http://www.yuelu.gov.cn/yl_xxgk/bmxxgkml/qwjj/tzgg/202310/t20231011_11246279.html; https://www.hufe.edu.cn/ (官网仅写『雷锋校区：湖南省长沙市湘江新区雷锋街道黄桥大道』，无区); searching.hunan.gov.cn 长沙/望城区站群统一搜索 检索「湖南财政经济学院雷锋校区」「黄桥大道」「雷锋街道 黄桥大道」,2026-09-12
PROFILE200_2,4121010178,鲁迅美术学院,大连金石滩校区,辽宁省大连市金州新区金石滩金石路39号,辽宁省,大连市,D 功能区/大学城无法定区佐证,HARD-BLOCKED,yes,functional_zone_only,鲁迅美术学院官方全站只写功能区「金普新区」(大连金石滩校区：大连市金普新区金石滩金石路39号)，全站 0 处「金州区」。金石滩街道的法定县区确为金州区，但按红线禁止把功能区直接翻译成法定区，也禁止用「道路通常在某区」推断。缺一份把「金石路39号 / 鲁美大连校区」与法定区「金州区」同写的官方或政府原文。地址含路名+门牌，不能用校区名挂钩例外。,1) 学校官网全域：首页页脚、全部 20 篇 /info/1207/*.htm 招生类文章(含 2026 本科招生简章、2026 第二学士学位简章)均只写「金普新区金石滩金石路39号」，0 处「金州区」；2) 探测 dlxq/dalian/dlgc 等大连校区子站路径均 404；3) 教育部研招网 yz.chsi.com.cn 院校库(schId-368011)无地址字段；4) 阳光高考 gaokao.chsi.com.cn 被 WAF 412 拦截(直连与代理均 412)；5) 中国政府采购网 search.ccgp.gov.cn 关键词检索返回「频繁访问」IP 限流；6) 辽宁政府采购网(SPA)、大连公共资源交易 ggzyjy.dl.gov.cn(SPA)均无可用文本检索；7) 大连金普新区 dljp.gov.cn 政府网搜索为 JS 接口，无静态检索入口；8) 多引擎检索：Bing 中文长尾索引极差(仅对常见词有效，长尾返回完全无关结果)，百度/搜狗/360/Google/Yandex/DuckDuckGo 全部验证码或反爬拦截；9) so.toutiao.com 十余组关键词(金石路39号/金州区金石滩金石路39号/鲁美大连校区 金州区/四六级考点/研考考点/奠基/招标/消防)均未命中含法定区的原文。,需要出现下列任一：①大连市金州区(或金州区消防救援大队/住建局/自然资源局)的政府公示、处罚、消防重点单位名单、工程验收备案中把「金石路39号」或「鲁迅美术学院大连校区」与「金州区」同写；②辽宁省/大连市教育考试机构发布的考点名单(研考/四六级/美术统考)中列出该校区完整地址含法定区；③中国政府采购网/辽宁政府采购网上该校作为采购人时的公告正文含「金州区」，届时可解除出口 IP 限流后检索；④鲁迅美术学院自己在其招生章程或大连校区公告中改写法定的「大连市金州区金石滩金石路39号」。,"https://www.lumei.edu.cn/index.htm — 页脚「大连金石滩校区：大连市金普新区金石滩金石路39号」，无金州区; https://www.lumei.edu.cn/info/1207/61105.htm — 2026年本科招生简章，金石滩3处/金普新区2处，金州区0; https://www.lumei.edu.cn/info/1207/{58025,58835,58885,59035,59445,61135,61325,61335,61615,62205,64475,64665,64745,64755,64765,64785,64865,64875,65065}.htm — 全20篇招生文章逐一抓取，金州区均为0; https://yz.chsi.com.cn/sch/searchyxmc.do?yxmc=鲁迅美术学院 → https://yz.chsi.com.cn/sch/schoolInfo--schId-368011.dhtml — 研招网院校库，无地址字段; https://gaokao.chsi.com.cn/sch/search.do?searchType=1&schoolName=鲁迅美术学院 — HTTP 412 WAF拦截; http://search.ccgp.gov.cn/bxsearch?...kw=鲁迅美术学院... — 返回「频繁访问!中国政府采购网」IP限流",2026-09-12
PROFILE2046_1,4143014122,湖南电子科技职业学院,东校区,湖南省长沙市浏阳经济开发区金阳大道3050号,湖南省,长沙市,D 功能区/大学城无法定区佐证,HARD-BLOCKED,yes,functional_zone_only,独立裁决驳回：5 处「浏阳市」分别在发布机关名、规划方案名、来源署名与落款；「金阳大道」5 次全部只作另一道路工程项目的端点参照。门牌 3050 全页零命中、「东校区」零命中、全页无「号」字。,,,http://www.liuyang.gov.cn/zwgk/zfxxgk/bmxzjdgk/szfgzbm/sgdzyj/tzgg/202204/t20220422_10540664.html; http://www.liuyang.gov.cn/zwgk/zfxxgk/fdzdgknr/qtfdxx/zwdt_1/202011/t20201120_9591872.html; searching.hunan.gov.cn 长沙/浏阳市政府站群统一搜索 检索「湖南电子科技职业学院 浏阳校区」「金阳大道3050号」; http://www.dzkjxy.cn/ (校官网，仅写北校区望城区旺旺西路158号),2026-09-12
PROFILE205_1,4121010162,辽宁中医药大学,大连校区,辽宁省大连市双D港生命1路77号,辽宁省,大连市,D 功能区/大学城无法定区佐证,HARD-BLOCKED,yes,functional_zone_only,[分类:官方只写功能区] 校方（含其就业信息网）与省级考试机构原文一律写“双D港生命1路77号”，无任何法定区；唯一“金州区”来源为地图 POI（禁用）与无法实抓、路名写法不符的双选会片段。,实抓辽宁中医药大学官网 www.lnutcm.edu.cn、就业信息网 jy.lnutcm.edu.cn（含页脚 about_us/contact_us JSON：沈阳校区“皇姑区崇山东路79号”、大连校区“大连市双D港生命路1路77号”）、/module/jobfairs、/detail/jobfair?id=18235、/detail/news?id=31998；搜狗检索“辽宁中医药大学 生命1路77号”“生命1路77号 金州区”“辽宁中医药大学 大连校区 采购人信息 地址”“辽宁中医药大学 双选会 金州区湾里街道 生命一路77号”；检索中国政府采购网采购结果公告（采购人地址作沈阳市皇姑区崇山东路79号）；上轮已试校方门牌反查与腾讯地图 POI。,可实抓的官方/政府页面原文在同一地址串内同时出现“生命1路77号（或生命一路77号）”与“金州区”（如大连市/金普新区管委会、自然资源局文件，或该校可实抓的采购/双选会页面原文）。,www.lnutcm.edu.cn 辽宁中医药大学官网; jy.lnutcm.edu.cn 辽宁中医药大学就业信息网（含 contact_us JSON）; 湖南招生考试信息港刊载《辽宁中医药大学招生章程》; 中国政府采购网辽宁中医药大学大连校区物业项目结果公告; 搜狗检索“生命1路77号 金州区”“辽宁中医药大学 双选会 金州区湾里街道 生命一路77号”,2026-09-12
PROFILE2075_1,4165013094,巴音郭楞职业技术学院,产教融合示范园校区,新疆维吾尔自治区库尔勒经济技术开发区康盛路东四巷36号,新疆维吾尔自治区,巴音郭楞蒙古自治州,A 上一轮独立复核未通过,HARD-BLOCKED,yes,独立复核要求降级人工复审（引文/地址挂钩未达 verified 门槛）,库尔勒市/巴音郭楞蒙古自治州两级政府站检索「康盛路」无任何命中；校方官网唯一含法定区字样的写法是「库尔勒市经济技术开发区」（功能区粘连串），含完整地址（康盛路东四巷36号）的页面又只写「库尔勒经济技术开发区」（功能区）。两条证据分处两页、无法定区与路名/门牌同现的单一逐字引文，也不存在政府文件把该校产教融合示范园校区写入库尔勒市。,1) https://www.xjbyxy.cn/lxwm.htm（页脚「库尔勒市经济技术开发区巴音郭楞职业技术学院」）；2) https://www.xjbyxy.cn/xygk/xyjj.htm（「新疆库尔勒经济技术开发区康盛路东四巷36号（产教融合示范园校区）」）；3) https://www.xjbyxy.cn/ 首页页脚同串；4) 库尔勒市人民政府门户 UCAP/guestweb5 检索接口 POST http://www.xjkel.gov.cn/search5/search/s（siteCode=6528010002，取自 /xjkrls/xhtml/js/public.js；另试 6528010001/6528000001/6500000034/空值，及 index/getSiteInfo）——「康盛路」返回空体；5) 巴州/库尔勒政府站首页抓取与站内目录检索，未出现「库尔勒经济技术开发区/康盛路」的法定区陈述。,需要出现「法定区（库尔勒市）+ 康盛路东四巷36号」或「库尔勒市 + 巴音郭楞职业技术学院（产教融合示范园校区）」同现的政府文件：如库尔勒市（或巴州）自然资源部门的选址意见书/建设用地规划许可/不动产登记，或征地公告、民政/统计部门对该开发区行政归属的官方页，且与该校具体地址同页。,"https://www.xjbyxy.cn/lxwm.htm; https://www.xjbyxy.cn/xygk/xyjj.htm; https://www.xjbyxy.cn/; http://www.xjkel.gov.cn/guestweb5/html/searchResult.html; http://www.xjkel.gov.cn/search5/search/s (POST, siteCode=6528010002); http://www.xjbz.gov.cn/",2026-09-12
PROFILE2082_0,4151014010,四川中医药高等专科学校,主校区,四川省绵阳市教育中路1号,四川省,绵阳市,D 功能区/大学城无法定区佐证,HARD-BLOCKED,yes,functional_zone_only,四川省教育考试院官方页面原文：「办学地点 四川省绵阳市教育中路 1号(南园)、四川省绵阳市教育中路 2号(北园)、四川省绵阳市涪城区玉龙北街21号」——「涪城区」只挂在玉龙北街21号（另一园区）上，主校区「教育中路1号(南园)」在任何官方/政府来源中都没有法定区名。禁止用同校另一校区的地址覆盖本校区，故不能把涪城区判给教育中路1号。学校官网页脚「学校地址：四川省绵阳市教育中路1号」同样无区名（页脚公网安备号 510703 属区划代码推断，与「邮编/区号推断」同类，明令禁止）。地址含路名+门牌，校区名挂钩例外不可用。,1) 四川省教育考试院 sceea.cn 招生计划页逐页抓取解码；2) 学校官网 www.scctcm.edu.cn 首页页脚/学校简介全站检索「涪城区/游仙区/安州区」；3) 绵阳市政府 www.my.gov.cn search5 检索（JS 渲染，参数不生效）；4) 涪城区政府 www.fucheng.gov.cn（连接失败 000）；5) 绵阳市卫健委/教体局公示检索；6) toutiao/sogou 组合检索「四川中医药高等专科学校 + 涪城区 + 教育中路1号」。,需绵阳市政府、涪城区政府或绵阳市教体局/卫健委文件把「教育中路1号 四川中医药高等专科学校（主校区/南园）」与法定区名写进同一地址句，例如事业单位法人登记住所、土地划拨公示、建设工程规划许可公示、或卫健委对学校医务室的执业登记公示。,https://www.sceea.cn/GZDZ/Html/140100.html → 四川省教育考试院：「四川省绵阳市教育中路 1号(南园)、四川省绵阳市教育中路 2号(北园)、四川省绵阳市涪城区玉龙北街21号」; https://www.scctcm.edu.cn/ → 页脚「学校地址：四川省绵阳市教育中路1号 邮政编码：621000」，「涪城区」0 命中; https://www.my.gov.cn/search5/html/searchResult.html?siteCode=5107000013&searchWord=教育中路1号（JS 渲染）; https://www.fucheng.gov.cn/（连接失败）; toutiao query: 四川中医药高等专科学校 涪城区 教育中路1号; sogou query: 四川中医药高等专科学校 主校区 涪城区 教育中路1号,2026-09-12
PROFILE208_0,4121012026,大连民族大学,开发区校区,大连经济技术开发区辽河西路18号,辽宁省,大连市,D 功能区/大学城无法定区佐证,HARD-BLOCKED,yes,functional_zone_only,校方唯一带区名的原文是功能区「金州新区」，不等于法定区「金州区」；其余全为功能区「大连经济技术开发区」。第三方就业网只写「辽宁省大连市金州区」而无门牌，不能作地址级交叉佐证。,1) 校方信息公开指南、官网、国际交流处、网络中心、招生网逐字核对；2) 大连民族大学采购招标管理中心站内检索；3) 吉林大学就业创业网等单位地址页（仅市+区）；4) 头条多组门牌级精确检索（金州区辽河西路18号、中标公告+金州区、单位地址）。均无门牌级法定区原文。,需要任一新证据：(a) 一份政府或校方原文逐字写「金州区辽河西路18号」（如金州区政府、大连市自然资源局土地/规划/不动产文件、学校采购中标公告）；(b) 大连民族大学事业单位法人登记信息（国家事业单位登记管理局）或章程中写明法定区；(c) 若某来源写「金州新区」并同时给出「金州区」的对应说明，也可供人工裁定。,https://its.dlnu.edu.cn/xxgkw/xxgkzn.htm （逐字「通讯地址：辽宁省大连市金州新区辽河西路18号大连民族大学学校办公室 邮编：116600」）; https://www.dlnu.edu.cn/ 官网首页与栏目; https://new.dlnu.edu.cn/ （国际交流合作处「地址：大连市大连开发区辽河西路18号」）; https://its.dlnu.edu.cn/ （网络与信息技术中心「地址：大连经济技术开发区辽河西路18号」）; 吉林大学就业创业网 单位名片「大连民族大学 单位地址 辽宁省大连市金州区」（无门牌，不构成门牌级佐证）; https://cgw.dlnu.edu.cn/ 采购招标管理中心（未获含法定区门牌的公告）,2026-09-12
PROFILE208_1,4121012026,大连民族大学,金石滩校区,大连金石滩旅游度假区金石路31号,辽宁省,大连市,D 功能区/大学城无法定区佐证,HARD-BLOCKED,yes,functional_zone_only,所有校方原文只写功能区「大连开发区金石滩／金石滩国家旅游度假区」，不含法定区「金州区」；无门牌级政府/校方原文。,1) 大连民族大学国际商学院、建筑学院、招生网逐字核对；2) 同片区鲁迅美术学院大连校区页交叉比对（亦无法定区）；3) 头条多组门牌级检索（金石路31号+金州区、区政府+金石滩校区、新生报到地址）。均无门牌级法定区原文。,需要任一新证据：(a) 金州区政府／大连市自然资源局／金石滩街道 的正式文件（出让、规划、不动产、区划说明）写出「金州区金石路31号」；(b) 校方章程或采购公告写出金石滩校区的法定区；(c) 大连市统计用区划代码资料明示金石滩街道属金州区，可作为辅助但不能单独定区。,"https://gs.dlnu.edu.cn/ （国际商学院学院风采「地址：大连开发区金石滩金石路31号 大连民族大学金石滩校区 邮编…」）; https://zs.dlnu.edu.cn/info/1038/2031.htm （招生页，仅功能区「金石滩国家旅游度假区／大连开发区」）; https://arch.dlnu.edu.cn/ （建筑学院通知提到「金石滩校区弘德楼」，无区名）; 头条搜索「""金石路31号"" 金州区 大连」「大连民族大学 金石滩校区 金州区 金石路31号」「金州区人民政府 大连民族大学 金石滩校区」「大连民族大学 新生报到 金石滩校区 金州区 地址」— 均无门牌级法定区原文; 鲁迅美术学院大连校区（同片区金石路39号）相关页，亦无官方法定区表述，无法互相印证",2026-09-12
PROFILE2090_0,4151014070,四川科技职业学院,天府校区,天府新区视高经济开发区花海大道大学路1号,四川省,成都市,D 功能区/大学城无法定区佐证,HARD-BLOCKED,yes,functional_zone_only,记录把该校区放在成都市，但地址「天府新区视高经济开发区花海大道大学路1号」中的「视高」实际隶属眉山市仁寿县（天府新区眉山片区），不在本记录 allowed_districts（成都市 20 个区县）之内；「天府新区」为功能区非法定区，禁止换算。因此即使取得带法定区名的政府来源，其 d 也必然是仁寿县，越界无法落库；本分片内该记录不可解，属上游城市归属错误。地址含路名（花海大道/大学路）+门牌1号，校区名挂钩例外不适用。,1) 学校官网 www.scstc.cn 天府校区介绍（仅「天府新区视高经济开发区花海大道大学路1号」）；2) 四川省教育厅 edu.sc.gov.cn、四川省政府 www.sc.gov.cn 站内检索；3) 眉山市政府 www.ms.gov.cn 与仁寿县政府渠道检索视高街道归属；4) 天府新区官网/眉山天府新区管委会公开信息检索；5) toutiao/sogou 组合检索「四川科技职业学院 天府校区 + 视高 / 仁寿 / 双流区」。,需要两类证据之一：(a) 省政府区划调整批复等法定文件证明视高该地块已划归成都市某一法定区（若确有此调整）；(b) 否则应由上游把该记录的城市归属改为眉山市（d=仁寿县），或将其从成都市 allowed_districts 约束下移出本分片。单靠现有功能区表述无法在本记录约束内给出合法 d。,https://www.scstc.cn/ 学校官网 天府校区介绍（仅功能区表述）; https://edu.sc.gov.cn/ 四川省教育厅 站内检索「四川科技职业学院 天府校区」; https://www.sc.gov.cn/ 四川省人民政府; https://www.ms.gov.cn/ 眉山市人民政府（视高街道隶属仁寿县）; toutiao query: 四川科技职业学院 天府校区 视高 仁寿; sogou query: 视高经济开发区 花海大道大学路1号 仁寿县 / 双流区,2026-09-12
PROFILE2090_1,4151014070,四川科技职业学院,环天府校区,环天府新区天府大道陵州大学城1号,四川省,成都市,D 功能区/大学城无法定区佐证,HARD-BLOCKED,yes,functional_zone_only,该校区物理地址在眉山市仁寿县（陵州=仁寿古称，视高属仁寿），而本条 allowed_districts 只列成都市各区县，闭集内不存在可落的法定县级行政区；同时所有官方原文只写功能区「环天府新区」，无任何含法定区名的原文。,1) 校方官网 www.scstc.cn 与教务处 jw.scstc.cn 页脚原文（只有功能区）；2) 头条反查「陵州大学城／陵州／视高／仁寿」确认陵州=仁寿县；3) 头条反查「四川科技职业学院 环天府校区 仁寿县」；4) 头条反查「陵州大学城 属于哪个区县」。均未得到含成都市法定区名的原文。,需要以下任一新证据：(a) 眉山市仁寿县人民政府／仁寿县自然资源和规划局／天府新区眉山片区管委会 出具含「仁寿县」+「陵州大学城」或该门牌的依据，并据此把 allowed_districts 扩入眉山市仁寿县（即修正记录的 city 字段——本条很可能城市标错）；或 (b) 学校官方另页（章程/采购公告/招生章程）明确写出环天府校区所属法定区县。若两者都不出现，本条应长期 hard_blocked。,https://www.scstc.cn/ （校方官网，跟随 301 打开成功；页脚逐字只有「四川省环天府新区天府大道陵州大学城1号」，无任何法定区）; https://jw.scstc.cn/ （教务处页，同一功能区地址「四川省环天府新区天府大道陵州大学城1号」）; 头条搜索「陵州大学城 仁寿 视高 天府大道」— 命中「仁寿，古称陵州」「视高镇已被纳入天府新区范畴」; 头条搜索「四川科技职业学院 环天府校区 仁寿县 视高」— 第三方汇总把环天府校区记为环天府新区/仁寿方向; 头条搜索「陵州大学城 属于哪个区 县」— 相关搜索出现「眉山仁寿川科陵州校区」,2026-09-12
PROFILE2099_0,4137012326,威海职业学院,办学地点（档案未命名）,山东省威海市科技新城,山东省,威海市,D 功能区/大学城无法定区佐证,HARD-BLOCKED,yes,functional_zone_only,记录地址无路名无门牌，本应走「校区名挂钩」例外，但 campus 字段是占位符而非真实校区名，例外不适用；校方与省级教育主管部门原文一律只写功能区「科技新城」，环翠区政府镇街名录不含初村镇（该地由高新区管理），第三方地图 POI 写环翠区但不得采信。,"已试路径：①校方 whvc.edu.cn 全站（首页/招生章程/联系我们/信息公开报告，含 site: 检索「环翠区」）；②山东省教育厅 edu.shandong.gov.cn 站内；③环翠区政府 huancui.gov.cn（镇街信息公开名录、网站地图）；④威海高新区管委会站内（初村镇公示）；⑤威海市政府站内；⑥精确地址反查「""威海市科技新城""」+ 邮编/环翠区/初村。冲突来源：第三方地图与检索联想词写「环翠区初村镇」，官方文本只写功能区或高新区管辖。",需一条把「威海市科技新城」或威海职业学院办学地点写入法定区（环翠区/文登区等）的官方原文，例如威海市或环翠区自然资源、住建部门对该校用地的批文/规划许可/土地划拨公示；或档案补齐该校区真实校区名，使「校区名+法定区同句」挂钩路径可用；或校方改版后在官方地址串中补出法定区。,"https://www.whvc.edu.cn/ （页脚：山东省威海市科技新城 邮编264210）; https://www.whvc.edu.cn/zhaosheng/2026/0511/c6676a134929/page.htm （2026招生章程，同址无法定区）; https://www.whvc.edu.cn/zhaosheng/lxwm/list.htm （联系我们，无法定区）; so.toutiao.com/search?keyword=site:whvc.edu.cn 环翠区 （仅二级学院「环翠学院」与校地往来新闻，无地址）; so.toutiao.com/search?keyword=""科技新城"" 威海职业学院 环翠区; so.toutiao.com/search?keyword=""威海市科技新城"" 邮编 264210",2026-09-12
PROFILE2103_0,4137012391,潍坊职业学院,滨海校区,山东省潍坊市滨海经济技术开发区央子街道汉江东一街02999号,山东省,潍坊市,D 功能区/大学城无法定区佐证,HARD-BLOCKED,yes,functional_zone_only,『滨海经济技术开发区』是功能区（其管委会为市政府派出机构），不得翻译为法定区。潍坊市站群统一搜索可全量检索全部市级与区县站点，政府来源一律写『滨海区/滨海经济技术开发区央子街道』，从未出现『寒亭区央子街道』；潍坊市社会救助月报把『寒亭区』与『滨海经济开发区』列为两个并列县市区，进一步说明二者在政府口径中并非同一法定区。唯一把该片区写作法定区的原文是『潍坊市寒亭区(滨海)汉江东一街03699号』，属山东化工职业学院另一校区，学校不同、门牌不同（03699≠02999），按规则不得移用。,①逆向并打通潍坊市政府站群统一搜索接口（els-service，含寒亭区 dq=98、经济区 dq=151、滨海区 dq=124 全部站点），逐词检索汉江东一街、汉江东一街02999号、潍坊职业学院滨海校区、央子街道、寒亭区央子街道、滨海经济技术开发区 寒亭区；②打开学校官网学校简介与2026年招生章程，滨海校区地址均为功能区；③检索并打开寒亭区消防救援局双随机公开检查表等寒亭区级文档，寒亭区民主街沿线门牌为2009/3600/4016/4954/7909号，无02999号；④核出他校『寒亭区(滨海)汉江东一街03699号』证据，因门牌与学校均不同，按规则排除。,需出现把『潍坊职业学院滨海校区』（或『汉江东一街02999号』）与『寒亭区』或其他法定区写入同一句的政府/官方原文，例如寒亭区或滨海经济技术开发区（寒亭区自然资源、不动产登记、规划许可、环评审批）就该校区地块发布的公示。,"潍坊市站群统一搜索接口(els-service, POST /els-service/search/new/1/10) 全量检索「汉江东一街」「汉江东一街02999号」「潍坊职业学院」「滨海校区 寒亭区」「央子街道」「寒亭区央子街道」; https://www.sdwfvc.com/xygk/xyjj.htm (校官网：『滨海校区：山东省潍坊市滨海经济技术开发区央子街道汉江东一街02999号』，仅功能区); 潍坊职业学院2026年普通高等教育招生章程（潍坊市站群检索命中，滨海校区地址同为功能区）; 潍坊滨海经济技术开发区政府站群页面一律写『滨海区央子街道』，未见『寒亭区央子街道』; 潍坊市社会救助情况月报（寒亭区与滨海经济开发区并列为两个独立县市区）",2026-09-12
PROFILE2111_0,4137013008,山东交通职业学院,潍坊校区,山东省潍坊市渤海路7369号,山东省,潍坊市,E 无权威来源,HARD-BLOCKED,yes,no_authoritative_source,官方/政府来源始终只写「山东省潍坊市渤海路7369号」而无区名：学校官网页脚、学校信息公开站办公地址、山东省公共资源交易中心与潍坊市公共资源交易中心的采购公告均如此；山东省交通运输厅相关招聘/考试页（三处 art 链接）全部 404，未能取得含区名原文。唯一含法定区的来源：(a) 地图 POI——360地图对同一门牌「渤海路7369号」同时给出「高新区」（功能区，红线禁止折算为法定区）与「奎文区」，且把该门牌同时挂到潍坊职业学院(奎文校区)、山东海洋技术大学等多家单位，自相矛盾；(b) 一篇来源不可核实的微信公众号文章写「山东交通职业学院(潍坊市奎文区渤海路7369号)」，无法确认发布主体为政府或学校。故不具备可采信的落库依据。,试过：学校官网 sdjtzyxy.com 各页与 xxgk.sdjtzyxy.edu.cn 信息公开站；潍坊市公共资源交易中心与山东省公共资源交易中心（.gov.cn）采购公告全文 grep「渤海路/奎文区/高新区」；山东省交通运输厅三处招聘/考试 art 链接（均 404）；山东省教育厅检索；学校章程线索；360地图/腾讯地图 POI；微信公众号文章线索；搜索引擎 toutiao/sogou 共 8 组查询串（360 与 sogou 先后出现验证码）。,需要政府或学校官方原文在同一句给出「法定区 + 渤海路7369号」，例如：山东省交通运输厅事业单位公开招聘公告正文（含学校地址）的可用全文；潍坊市住房和城乡建设局或山东省住房和城乡建设厅考试通知的政府网站版本（内容为「山东交通职业学院（潍坊市奎文区渤海路7369号）」）；经山东省教育厅核准的《山东交通职业学院章程》住所条款原文；或潍坊市奎文区人民政府公告/规划文件中对该门牌的区属表述。锁定时须注意排除「高新区」等功能区名称。,http://www.sdjtzyxy.com/ 官网页脚：「地址：山东省潍坊市渤海路7369号 邮编：261206」（无区名）; http://xxgk.sdjtzyxy.edu.cn/ 信息公开页：「办公地址：山东省潍坊市渤海路7369号办公楼708室」「…办公楼723室」（无区名）; http://www.sdjtzyxy.com/xxgk/xxzc.htm（404）; http://ggzy.weifang.gov.cn:8082/wfggzy/gxggzy/jyxx/007001/007001007/20251128/a0f90aa2-b730-44f0-b2f8-6da840cf89dc.html （潍坊市公共资源交易中心：「采购人：山东交通职业学院 地址：山东省潍坊市渤海路7369号」无区名）; http://ggzyjyzx.shandong.gov.cn:6006/art/2026/8/17/art_209869_11381751.html （山东省公共资源交易中心：「名称：山东交通职业学院 地址：山东省潍坊市渤海路7369号」无区名）; 山东省交通运输厅 jtt.shandong.gov.cn：art/2021/10/19/art_100502_10294415.html、10294416.html、art/2024/4/30/art_100502_10319069.html 均返回 404；事业单位招聘索引页仅见标题摘要,2026-09-12
PROFILE2118_0,4137013318,山东工业职业学院,办学地点（档案未命名）,山东省淄博市高新区张北路69号,山东省,淄博市,D 功能区/大学城无法定区佐证,RESOLVED,no,functional_zone_only,「张北路69号」在淄博市/张店区/桓台县政府公开全文中无与法定区县名同现的桥接原文；学校官方页面与淄博高新区口径一致只写功能区。,淄博市政府 IRS 与张店区、桓台县政府门户 IRS code 抓取（irscode.py 对 zibo/zhangdian/huantai 均返回 None，站点未暴露标准 IRS 端点）；ab.sdivc.edu.cn 桓台县果里镇相关新闻（无门牌，非本条地址，仅暗示）；山东工业职业学院官网 https://www.sdivc.edu.cn/ 及子站 footer 地址核查（功能区写法）；toutiao 搜索式：山东工业职业学院 张北路69号 区 / 山东工业职业学院 张店区 / 桓台县 张北路。,需要载明「张北路69号」+ 法定区县的政府/官方原文，例如：淄博市自然资源局或住建局的建设项目/规划许可公示、山东省政府采购公告中采购人（该校）完整地址、桓台县人民政府或张店区人民政府的用地/征收公告。,https://www.sdivc.edu.cn/ (官网 footer：高新区张北路69号); irscode.py 对 www.zibo.gov.cn / www.zhangdian.gov.cn / www.huantai.gov.cn 抓取 IRS code → None; ab.sdivc.edu.cn 桓台县果里镇相关新闻; toutiao: 山东工业职业学院 张北路69号 区; toutiao: 山东工业职业学院 张店区 桓台县,2026-09-13
PROFILE2124_0,4137013859,山东铝业职业学院,威海校区,山东省威海市南海新区金海路118号,山东省,威海市,A 上一轮独立复核未通过,HARD-BLOCKED,yes,独立复核要求降级人工复审（引文/地址挂钩未达 verified 门槛）,记录地址为「山东省威海市南海新区金海路118号」，「南海新区」系功能区。经全量检索，本记录地址存在实质性冲突：山东铝业职业学院自身官方发布的《2025年单独考试招生章程》（经掌上高考转载）写的是「山东铝业职业学院（威海校区），威海市文登区南海新区大学路1号」——法定区为文登区但道路/门牌为「大学路1号」，与记录的「金海路118号」不一致，红线禁止以异路异号来源充当同址证据。文登区政府网（wendeng.gov.cn）可检索到的「金海路」政府条目门牌分别为 187-3号（威海天立高级中学）、126-3号（某体育培训学校）、147号806室、149号718室、12-1号（金海加油站）、77-1/7,1) 文登区政府站 TRS 全量检索「金海路118号」（仅命中莱州/长沙等无关118号与金海路西、海韵路南地块）、「山东铝业职业学院」（命中调研新闻、普通话测试安排、政协答复、法治政府报告，均无门牌）、「金海路」（命中天立/培训机构/不动产/加油站等异号地址），逐条核验无文登区+金海路118号配对；2) 威海市政府站 TRS 检索「金海路118号」「山东铝业职业学院」（命中民办学校年检表仅「威海南海新区 金海路 与海逸路交界处」，及荣成黄海南路118号）；3) 学校官方招生章程比对发现其自述「威海市文登区南海新区大学路1号」，与记录门牌冲突；4) 今日头条检索火调「双随机」线索未获该校公示；5) 商业招生站（掌上高考等）给出的「金海路118号」因来源等级不足被排除。,需要一份把「文登区」与「金海路118号」写在同一句/同一单元格的政府或学校权威来源，或先澄清该校实际门牌：若学校官方后续文件/事业单位登记采用「文登区…金海路118号」，或文登区（南海新区）不动产/规划/消防「双随机」公示、教育主管部门年检信息中出现「山东铝业职业学院 … 文登区金海路118号」，即可解锁。若权威来源确认实际为「文登区南海新区大学路1号」，则应以该门牌更正记录地址后再判定。,http://www.wendeng.gov.cn/jsearchfront/interfaces/cateSearch.do?websiteid=371081000500000&q=金海路118号; http://www.wendeng.gov.cn/jsearchfront/interfaces/cateSearch.do?websiteid=371081000500000&q=山东铝业职业学院; http://www.wendeng.gov.cn/jsearchfront/interfaces/cateSearch.do?websiteid=371081000500000&q=金海路; http://www.wendeng.gov.cn/art/2026/6/10/art_76715_6412725.html; http://www.wendeng.gov.cn/art/2021/3/4/art_76736_2839123.html; https://so.toutiao.com/search?keyword=文登区消防救援大队 山东铝业职业学院,2026-09-12
PROFILE2126_0,4137013966,山东药品食品职业学院,威海校区,山东省威海市高技术产业开发区科技新城和兴路1510号,山东省,威海市,D 功能区/大学城无法定区佐证,HARD-BLOCKED,yes,functional_zone_only,「和兴路1510号」在威海市/环翠区政府公开全文中无与法定区县名同现的桥接原文；学校官方只写高技术产业开发区科技新城（功能区）。,吉林大学就业网 https://jdjyw.jlu.edu.cn/ 单位详情「山东省威海市环翠区」（无路名门牌，不可挂接）；http://www.huancui.gov.cn/art/2022/7/1/art_57709_2924982.html 威海市环翠区人社局人大代表建议答复（提及山东药品食品职业学院，但无地址）；山东交通学院 和兴路1508号（不同门牌，禁用）；山东药品食品职业学院官网 footer：高技术产业开发区科技新城和兴路1510号（功能区）；toutiao 搜索式：山东药品食品职业学院 和兴路1510号 环翠区。,需要载明「和兴路1510号」+ 环翠区（或其他法定区县）的政府/官方原文，例如：威海市自然资源局或环翠区人民政府的用地/规划/消防验收公示、山东省政府采购或公共资源交易公告中该校区完整地址、该校事业单位法人登记公示。,https://jdjyw.jlu.edu.cn/ 单位详情（山东省威海市环翠区）; http://www.huancui.gov.cn/art/2022/7/1/art_57709_2924982.html; 山东药品食品职业学院官网 footer（高技术产业开发区科技新城和兴路1510号）; 山东交通学院 和兴路1508号（不同门牌，禁用）; toutiao: 山东药品食品职业学院 和兴路1510号 环翠区,2026-09-12
PROFILE2140_1,4137012842,德州科技职业学院,德州校区,山东省德州天衢新区马颊河路2499号,山东省,德州市,A 上一轮独立复核未通过,RESOLVED,no,独立复核要求降级人工复审（引文/地址挂钩未达 verified 门槛）,该校德州校区在德州市全部政府公开文件中始终以功能区（运河开发区、天衢新区）定位，从未冠以法定区；「天衢新区」不在 allowed_districts 内，也不得字典翻译。唯一能把校区落到陵城区的路径是「二期在李鸣岗村以东 ∧ 李鸣岗村属陵城区安德街道」的传递推断，且该校区主地址（马颊河路2499号）在不同文件中被写作运河开发区/天衢新区，法定区无法从逐字证据确定（德城区与陵城区二者皆有可能）。,1) 德州市政府站群检索（POST https://www.dezhou.gov.cn/irs/front/search，code=18ce6e232bf，dataTypeId=1088，取自首页 hidden input）：关键词「德州科技职业学院」「德州科技职业学院德州校区」「德州科技职业学院 马颊河路」「德州科技职业学院 陵城区」「马颊河路2499号」「马颊河路」「2499号」「德州海川教育投资有限公司」「李鸣岗村 德州科技职业学院」；2) http://zrzyj.dezhou.gov.cn/n17007675/n47082315/c93680729/content.html（二期扩建选址意见书批后公示）；3) http://zrzyj.dezhou.gov.cn/n17007675/n47082315/c65504875/content.html（一期选址意见书批后公示）；4) http://zrzyj.dezhou.gov.cn/n24243565/n47095107/c101410634/content.html（2026-08-06 国有建设用地出让公告，宗地「马颊河路以南、德州科技职业学院以西、李鸣岗村以东」）；5) http://www.dzlc.gov.cn/n47372276/n47373288/n47396268/n47396284/c72021358/c,需要德州市（或陵城区/德城区）自然资源、住建、不动产部门针对德州科技职业学院德州校区（马颊河路2499号 / 用地字3714022025XS0010559号 / 宗地编号）的文件，其中写明法定区并与该门牌或宗地号同现；或民政/统计区划材料证明该宗地所在村（李鸣岗村）对应的法定区并同页载明校区地址。,"http://zrzyj.dezhou.gov.cn/n17007675/n47082315/c93680729/content.html; http://zrzyj.dezhou.gov.cn/n17007675/n47082315/c65504875/content.html; http://zrzyj.dezhou.gov.cn/n24243565/n47095107/c101410634/content.html; http://www.dzlc.gov.cn/n47372276/n47373288/n47396268/n47396284/c72021358/content.html; http://www.yuchengshi.gov.cn/n54811230/n72124503/n72124508/n72124553/n72124618/c100477932/content.html; https://www.dezhou.gov.cn/irs/front/search (POST JSON, code=18ce6e232bf, dataTypeId=1088)",2026-09-13
PROFILE2154_0,4137013857,山东华宇工学院,办学地点（档案未命名）,山东省德州市大学东路968号,山东省,德州市,D 功能区/大学城无法定区佐证,HARD-BLOCKED,yes,functional_zone_only,德州市/德城区政府公开全文中不存在「大学东路968号 + 法定区县」的桥接原文；学校官方页面统一使用功能区「天衢新区」表述。,"德州市政府 IRS 全文检索 https://www.dezhou.gov.cn/irs/front/search (code 18ce6e232bf) searchWord=大学东路 → 6 命中，全部为「德州天衢新区大学东路配套设施建设项目选址意见书批前公示」等 http://zrzyj.dezhou.gov.cn/n17007675/n47082310/c96342240/content.html 、 /c100696544/content.html ，均为功能区；德州市政府 IRS searchWord=华宇工学院 → 禹城市人社局、德州市中心血站、德州市市场监管局、德城区运河街道等，均不含 968 号或大学东路门牌；德城区政府 IRS (host www.dezhou.gov.cn, code 18bf4d8e7cb, dataType=807)；toutiao 搜索式：山东华宇工学院 大学东路968号 德城区 / 天衢新区。",需要出现「大学东路968号」与法定区县名同现的政府/官方原文，例如：德州市自然资源局不动产登记或土地出让公告、德城区人民政府关于该地块的征地/规划公示、山东省教育厅高校设置备案文件中载明该办学地点完整法定地址。,https://www.dezhou.gov.cn/irs/front/search (IRS，searchWord=大学东路); https://www.dezhou.gov.cn/irs/front/search (IRS，searchWord=华宇工学院); http://zrzyj.dezhou.gov.cn/n17007675/n47082310/c96342240/content.html; http://zrzyj.dezhou.gov.cn/n17007675/n47082310/c100696544/content.html; https://www.sxct.edu.cn/ (同源校官网 footer 核查，功能区写法); toutiao: 山东华宇工学院 大学东路968号 德城区,2026-09-12
PROFILE2155_0,4137013320,青岛黄海学院,办学地点（档案未命名）,山东省青岛市西海岸新区灵海路1145号,山东省,青岛市,D 功能区/大学城无法定区佐证,RESOLVED,no,functional_zone_only,official,,,https://www.qdhhc.edu.cn/jianzhu/Index.aspx — FOUND：官网智慧城市工程学院页脚「地址：青岛市黄岛区灵海路1145号  知行楼」; https://so.toutiao.com/search?keyword=灵海路1145号 — 线索来源，命中 qdhhc.edu.cn 多页含「青岛市黄岛区 灵海路1145号」; https://www.qdhhc.edu.cn/ — 首页页脚仍写「中国青岛西海岸新区灵海路1145号」，无黄岛区(复述上轮结论); https://www.qdhhc.edu.cn/yxy/ 、/yxy/Index.aspx — 404,2026-09-12
PROFILE2170_0,4153012556,云南司法警官职业学院,办学地点（档案未命名）,昆明市空港经济区大板桥金盾苑1号,云南省,昆明市,G 复核通过但未过机器门禁,HARD-BLOCKED,yes,quote not tied to record address '昆明市空港经济区大板桥金盾苑1号',复核通过但未过机器门禁: 引文挂不到本条地址/校区名 '办学地点（档案未命名）'（该记录地址 '昆明市空港经济区大板桥金盾苑1号' 无路名，需：地址连续片段≥6字 / ≥3位门牌 / 或校区名核心与法定区同句）,,,WebFetch http://www.ccgp.gov.cn/cggg/dfgg/dylygg/202405/t20240528_22212420.htm （本轮重抓，逐字命中「采购单位地址：昆明市官渡区大板桥」，公告主体为云南司法警官职业学院）; http://www.ccgp.gov.cn/cggg/dfgg/zbgg/202411/t20241112_23591440.htm （上轮已知：仅「地址：昆明市大板桥」，无区名）; http://www.ccgp-yunnan.gov.cn/ + /api/procurement/Procurement.searchForMainList.svc （云南省政府采购网，公开检索接口返回『验证码校验不通过』HTTP 406，未绕过）; curl https://www.so.com/s?q=云南司法警官职业学院 金盾苑 → 302 跳 qcaptcha 验证码页；cn.bing.com → 返回无关结果；html.duckduckgo.com / lite.duckduckgo.com → anti-bot 验证码；mojeek → 403；yandex → SmartCaptcha（均未绕过）; 学校官网域名探测 www.ynsfjy.cn / www.ynsfjgxy.cn （解析失败）；www.ynsfjy.com 实为无关站点（君临国际）,2026-09-12
PROFILE2178_1,4153013757,云南机电职业技术学院,杨林校区,昆明市嵩明职教新城文苑路1号,云南省,昆明市,D 功能区/大学城无法定区佐证,RESOLVED,no,functional_zone_only,校区与门牌可被学校招生章程逐字确认（文苑路1号），但章程中只有一个功能区名“嵩明职教新城”，不含“嵩明县”。嵩明县政府网站当前不可访问（DNS 解析失败），昆明市与云南省级政府检索未暴露可用的全库检索接口，通用搜索引擎（Baidu 可用时）亦未检出“嵩明县＋文苑路1号”同句文本。按红线功能区不得翻译、不得按道路推断，故无法定区。,①学校招生章程与官网原文逐字核对；②嵩明县政府门户可达性测试（DNS 失败）；③昆明市政府智能检索入口探测；④Baidu 三组精确短语检索；⑤Toutiao 两组检索。均未取得“嵩明县（或其他法定区）＋文苑路1号”同句证据。,需要以下任一新证据：①嵩明县人民政府网站恢复可访问，并能在站内检索到把“文苑路1号／杨林校区”与“嵩明县”写入同一句的政府文书（教育体育局、自然资源局、卫生健康局公示等）；②嵩明县自然资源局土地划拨/出让公示中“行政区”字段与文苑路1号地块挂钩；③云南省教育厅或昆明市教育体育局发布的办学许可/校区备案文件中写明杨林校区法定区住所。,https://zs.ynmec.edu.cn/xw/tzgg/content_27028 (云南机电职业技术学院招生章程：“3. 杨林校区：昆明市嵩明职教新城文苑路 1 号 ;”); https://www.ynmec.edu.cn/ 与 https://www.ynmec.edu.cn/xxgk/xxjj (学校官网及简介/页脚，仅载龙泉校区“云南省昆明市龙泉路704号”); http://www.songming.gov.cn/ (嵩明县人民政府，DNS getaddrinfo failed，站点不可达); https://www.km.gov.cn/znsearch/ (昆明市政府智能检索入口，未暴露可调用的检索 API); Baidu: “嵩明县文苑路1号”、“云南机电职业技术学院杨林校区 “文苑路1号””、““杨林校区” “嵩明县””; Toutiao: “云南机电职业技术学院杨林校区 嵩明县 文苑路”、“嵩明县 文苑路1号 云南机电”,2026-09-13
PROFILE2179_2,4153013758,云南林业职业技术学院,石林校区,云南省昆明市石林县环城东路,云南省,昆明市,A 上一轮独立复核未通过,RESOLVED,no,独立复核要求降级人工复审（引文/地址挂钩未达 verified 门槛）,government,,,http://www.kmsl.gov.cn/c/2024-09-04/6899678.shtml; Toutiao: 云南林业职业技术学院石林校区 环城东路; Toutiao: 石林县 云南林业职业技术学院 石林校区 竣工; https://so.toutiao.com/search?keyword=%E4%BA%91%E5%8D%97%E6%9E%97%E4%B8%9A%E8%81%8C%E4%B8%9A%E6%8A%80%E6%9C%AF%E5%AD%A6%E9%99%A2%E7%9F%B3%E6%9E%97%E6%A0%A1%E5%8C%BA,2026-09-12
PROFILE2181_1,4153013331,昆明文理学院,杨林校区,云南省昆明市嵩明职教新城文海路1号,云南省,昆明市,A 上一轮独立复核未通过,HARD-BLOCKED,yes,独立复核要求降级人工复审（引文/地址挂钩未达 verified 门槛）,[分类:F 独立复核未通过] 档案地址「云南省昆明市嵩明职教新城文海路1号」含路名与门牌，按规则不得使用 name 挂钩，必须存在同时含法定县「嵩明县」与该路/门牌的单一来源。已逐一重开：昆明文理学院官网（caskm.edu.cn/lxfs.html 及全站页脚）逐字「杨林校区 中国云南省昆明市嵩明县杨林职教园区」——有法定县「嵩明县」，无「文海路」；云南省招生考试院（ynzs.cn/yxlb/contents/1533/221.html）与湖南省教育考试院（hneeb.cn/hnxxg/html/yxzc24/5346.html）发布的本校招生章程均逐字「（二）杨林校区：云南省昆明市嵩明职教新城文海路1号 邮编:651701」——路名门牌与记录完全一致，但只有功能区「嵩明职教新城」，无「嵩明县」；招生处页（zs.caskm.edu.cn/list-37.html）同为「杨林校区：云南省昆明市嵩明职教新城文海路1号」（龙泉校区一侧倒是写明「五华区」，杨林校区一侧未写县）。校内信息公开网学校章程页（xxgk.caskm.edu.cn/index.php?c=category&id=40）无地址正文。故无法在单一引文内同时满足 d 与地址挂钩。,①校方官网 caskm.edu.cn/lxfs.html 与全站页脚（有「嵩明县」无「文海路」）；②校方招生处 zs.caskm.edu.cn/list-37.html（有「文海路1号」无县）；③云南省招生考试院 ynzs.cn/yxlb/contents/1533/221.html（招生章程，有「文海路1号」仅功能区）；④湖南省教育考试院 hneeb.cn/hnxxg/html/yxzc24/5346.html（同上）；⑤嵩明县人民政府 kmsm.gov.cn 关于该校杨林校区二期报道页 c/2023-11-07/6728818.shtml（全文无文海路、正文无「嵩明县」）；⑥嵩明职教新城控规公示 c/2025-11-18/7077465.shtml（无文海路）；⑦阳光高考平台本校章程（412 反爬）；⑧搜索引擎通道 Bing RSS（污染）/Sogou/360/Baidu/神马（验证码）/WebSearch（配额耗尽）。,需要一份把「嵩明县」与「文海路」（或该校区同路门牌）写在同一份文书/同一句的官方或政府来源，例如：①嵩明县人民政府/嵩明县自然资源局对该校区二期项目的建设用地规划许可或控规批前公示中出现「文海路」地块；②昆明市人社局同类考试考点名单中若新收录昆明文理学院杨林校区并写「嵩明县…文海路」；③学校信息公开网（xxgk.caskm.edu.cn）公布的学校章程或信息公开年度报告中写出含法定县的完整注册地址；④待 412 反爬解除后取阳光高考平台该校章程正文。,https://www.caskm.edu.cn/lxfs.html 与 https://www.caskm.edu.cn/ 页脚 → 逐字「中国云南省昆明市嵩明县杨林职教园区」，有 d 无路名; https://zs.caskm.edu.cn/list-37.html → 逐字「杨林校区：云南省昆明市嵩明职教新城文海路1号」，有路名门牌无 d; https://www.ynzs.cn/yxlb/contents/1533/221.html → 云南省招生考试院公布的招生章程，逐字「（二）杨林校区：云南省昆明市嵩明职教新城文海路1号 邮编:651701」，无「嵩明县」; http://www.hneeb.cn/hnxxg/html/yxzc24/5346.html → 湖南省教育考试院同文，无「嵩明县」; http://www.kmsm.gov.cn/c/2023-11-07/6728818.shtml → 嵩明县政府关于该校杨林校区二期的报道，全文只有功能区「职教新城」，无文海路、无「嵩明县」; http://www.kmsm.gov.cn/c/2025-11-18/7077465.shtml → 嵩明职教新城控规公示，正文无文海路,2026-09-12
PROFILE2186_1,4153012851,昆明艺术职业学院,高新校区,昆明国家高新技术产业开发区——昆明新城区高新技术产业基地,云南省,昆明市,D 功能区/大学城无法定区佐证,HARD-BLOCKED,yes,functional_zone_only,记录地址是纯功能区（昆明国家高新技术产业开发区—昆明新城区高新技术产业基地），既无路名也无门牌，名称挂钩例外要求引文同句含「高新校区」+法定区，但全网检索无一条官方/政府来源把「昆明艺术职业学院高新校区」与任一法定区写在一起；命中的「呈贡区祥瑞路1号」对应的是另一个校区名（呈贡校区），不能替代「高新校区」；仅有的马金铺/呈贡区线索来自地产与招聘自媒体。昆明高新区跨五华区、西山区、呈贡区，直接译区属红线。,1) 微信索引精确短语「昆明艺术职业学院高新校区」→0 结果；2) 微信索引「昆明艺术职业学院高新校区 地址 / 马金铺 / 呈贡区」→只出现「呈贡校区」与云南交通职业技术学院高新校区（他校）；3) 头条搜索「昆明艺术职业学院高新校区 地址」「昆明艺术职业学院 呈贡区 校区」「昆明艺术职业学院 马金铺」→仅 m.gaokao.cn 招生章程与百科，均无「高新校区+法定区」；4) 学校官网 kmac.org.cn 全站无「高新」；5) 五华区政府、云南交通职业技术学院等政府/高校页均与本校区无关。,需出现下列任一：(a) 云南省教育厅/昆明市教育体育局/呈贡区或五华区政府页面把「昆明艺术职业学院高新校区」与法定区写进同句；(b) 该校办学许可证或招生章程写明「高新校区」的完整地址（含区）；(c) 该校区划拨供地/不动产权属记录的「行政区」字段（非「昆明市本级/高新区」）。,"https://weixin.sogou.com/weixin?type=2&query=""昆明艺术职业学院高新校区""（0 命中）; https://weixin.sogou.com/weixin?type=2&query=昆明艺术职业学院高新校区 地址; https://weixin.sogou.com/weixin?type=2&query=昆明艺术职业学院呈贡校区 地址 呈贡区; https://weixin.sogou.com/weixin?type=2&query=昆明艺术职业学院高新校区 马金铺; https://so.toutiao.com/search?keyword=昆明艺术职业学院高新校区 地址; https://so.toutiao.com/search?keyword=昆明艺术职业学院 马金铺",2026-09-12
PROFILE219_0,4121010161,大连医科大学,办学地点（档案未命名）,辽宁省大连市旅顺南路西段9号,辽宁省,大连市,H 其他,RESOLVED,no,other,government,,,http://www.dllsk.gov.cn/xwzxdetail.asp?newsID=121386&classid=2（旅顺口区政府网，大连市自然资源局旅顺口分局建设工程批后公布）; http://www.dllsk.gov.cn/searchResults.asp（POST keyword=大连医科大学&selects=all）; https://www.dmu.edu.cn/ 学校简介 xxgk/dyjj.htm、历史沿革 xxgk/lsyg.htm、信息公开 xxgk.dmu.edu.cn（均无区名）,2026-09-12
PROFILE2211_0,4132012809,苏州工业园区职业技术学院,办学地点（档案未命名）,江苏省苏州市工业园区独墅湖科教创新区若水路1号,江苏省,苏州市,D 功能区/大学城无法定区佐证,HARD-BLOCKED,yes,functional_zone_only,[分类:功能区无法律归属证据] 记录地址「工业园区独墅湖科教创新区若水路1号」中「苏州工业园区」为国家级经济技术开发区（功能区）、「独墅湖科教创新区」为园区内部功能区，二者均非法定县级行政区且均不在 allowed_districts 内。苏州市人民政府门户站内检索「若水路」结果为空（该路名只出现在交通、教育类信息中，且一律写作「苏州工业园区若水路1号」）；苏州市发改委备案通知书亦只写「建设地点：苏州工业园区若水路1号」。无任何政府来源把「若水路1号」归入吴中区/相城区/姑苏区等法定区，按红线禁止功能区→法定区推断，故不可解。,苏州市人民政府门户检索（若水路、独墅湖科教创新区、苏州工业园区职业技术学院）逐条阅读，唯一含该门牌的政府文书只有苏州市发改委光伏备案通知书「建设地点：苏州工业园区若水路1号」；吴中区政府门户站内检索「若水路」无相关结果；苏州工业园区被市政府作为与吴中区/相城区/姑苏区并列的「区」来表述（政务文稿口吻），无任何市政文件把园区或独墅湖片区写入法定区；头条搜索未获行政归属证据。,需出现写明「若水路1号」法定归属的政府文书，例如：苏州工业园区各街道行政区划代码/归属的民政或统计文件把该地块列入吴中区（或相城区/姑苏区）；吴中区（或相城区/姑苏区）政府公文把独墅湖科教创新区/若水路列入本区；或供地结果/不动产登记「行政区」栏同时含法定区名与若水路1号。quote 必须同现法定区名与「若水路」。,https://www.suzhou.gov.cn/search_show/searchJs/retrieval 检索: 若水路 / 独墅湖科教创新区 / 苏州工业园区职业技术学院; http://www.suzhou.gov.cn/szsrmzf/bmwj/201704/2f57d853c3a343f69761757c960d5ec2.shtml （苏州市发改委备案通知书：建设地点 苏州工业园区若水路1号）; 吴中区人民政府门户站内检索: 若水路 / 独墅湖科教创新区; https://so.toutiao.com/search 检索: 苏州工业园区职业技术学院 若水路1号 吴中区,2026-09-12
PROFILE2213_0,4132013110,宿迁职业技术学院,办学地点（档案未命名）,江苏省宿迁市湖滨新城合欢路8号,江苏省,宿迁市,D 功能区/大学城无法定区佐证,HARD-BLOCKED,yes,functional_zone_only,合欢路8号在任何政府文本中都没有与法定区同句出现；可查到的合欢路门牌（66号，建志职业培训学校）与档案门牌8号不同，属被明令禁止的“100号 vs 108号”型证据；宿迁市/湖滨新区的官方文本一律只写功能区，故无法构造合规 evidence_quote。,宿迁市政府站内检索 8 组关键词（含精确短语“合欢路8号”“宿迁市湖滨新区合欢路8号”等）；核查市人社局建志职业培训学校批复（合欢路66号，门牌不符）、市政府城区第三批地名命名方案（合欢路归“湖滨新城开发区”，无法定区）、市人社局购房券公示（“湖滨新区 宿迁职业技术学院”）。均未取得“法定区 + 合欢路8号”同句可逐字引用文本。,需要宿迁市/宿豫区（或宿城区）的区政府来源把“宿豫区/宿城区”与“合欢路8号”（或合欢路）写入同一句可逐字引用文本，例如该校区土地划拨/规划许可公示、门牌地名公告，或区级部门对该校的行政检查、许可记录。,"宿迁市政府站内检索：精确短语""合欢路8号""、""宿迁职业技术学院 合欢路8号""、""宿迁市湖滨新区合欢路8号""、""宿迁职业技术学院""、""合欢路 地名""、""合欢路 宿豫区""、""宿城区 合欢路""、""宿迁职业技术学院 位于""; 宿迁市人社局《关于同意成立宿迁市建志职业培训学校的批复》（办学地点：宿迁市湖滨新区合欢路66号，门牌不符）; http://www.suqian.gov.cn/zcwjk/zcwj/202208/16228cb483ec4960b8ce765d60c6b737.shtml （宿迁市政府《城区第三批地名命名方案》，合欢路延伸段属“湖滨新城开发区”）; 宿迁市人社局《宿迁市中心城区2025年下半年线下人才“购房券”拟兑现名单公示》（湖滨新区 宿迁职业技术学院）",2026-09-12
PROFILE2216_1,4132013748,无锡城市职业技术学院,南校区,无锡文良路45号,江苏省,无锡市,E 无权威来源,RESOLVED,no,no_authoritative_source,[分类:官方仅到市级别地址] 校方招生网「来校路线」逐字写「南校区学生在汽车导航仪中输入“无锡文良路45号”」，门牌与记录一致但无区名；同页唯一出现的「惠山区」修饰的是北校区「惠山区职教园区钱藕路12号」，同页不同句，不得挪用。全校其余页面(www 站及 rsc/mkszy/dwzzb/cxcy/lyxy/jzyhjgc/kjx/wlwgc/tbys/myjr/jwc/kjc/rs/tsg 等子域)页脚一律只写「无锡市惠山区钱藕路12号」这一个地址。上轮唯一载有「无锡市惠山区文良路45号（南校区）」的 sfxy.wxcu.edu.cn 已下线。第三方职教网虽写明惠山区文良路45号，但按口径只能作线索、不能单独定区。,1) 校方招生网来校路线页与联系方式页、www 首页页脚；2) 枚举并全站爬取全部 wxcu 子域(needle=文良路/惠山区)；3) 复核 sfxy.wxcu.edu.cn 是否恢复(DNS 不再解析)；4) so.toutiao.com 三组关键词；5) sogou(被 antispider)；6) 江苏省政府门户站内检索 jsearchfront(search.do)；7) 江苏省政府采购网(需验证码)、无锡市公共资源交易/无锡市教育局(不可达)、无锡市政府 SPA 检索接口。,任何官方或政府来源把「文良路45号」与「惠山区」写在同一句即可落地。候选：无锡城市职业技术学院官网/信息公开网(xxgk.wxcu.edu.cn)新发布的校区或来校路线介绍、无锡市或惠山区人民政府门户、无锡市教育局、江苏省教育厅(高校章程核准、招生资格公告)、以及以该校为采购人的政府采购/中标公告(采购人地址栏常带法定区)。另：若能恢复 sfxy.wxcu.edu.cn 的历史页面(2015-2021 学年二级学院站点)亦可直接采信。,"http://zsjyc.wxcu.edu.cn/index.html/mod/files/105524/2105/default.php?mod=article&do=detail&tid=1040930 (来校路线, 2025-05-12) → 逐字「北校区学生在汽车导航仪中输入“无锡市惠山区职教园区钱藕路12号”；南校区学生在汽车导航仪中输入“无锡文良路45号”」，南校区句无区名; http://zsjyc.wxcu.edu.cn/default.php?mod=c&s=ssccbc8e2 与 http://www.wxcu.edu.cn/ → 页脚只有「无锡市惠山区钱藕路12号」(校本部地址); 爬取 http://zsjyc.wxcu.edu.cn/(needle=文良路 与 needle=惠山区) → 1 页，0 命中; 枚举并爬取 wxcu 子域 cmyyssj/dzb/jwc/kjc/rs/tsg/mkszy/dwzzb/cxcy/rsc/xxgk/zsjyc(needle=文良路) → 0 命中；sfxy.wxcu.edu.cn(上轮唯一载「无锡市惠山区文良路45号（南校区）」)已下线，DNS 不再解析且不在官网子域列表内; https://so.toutiao.com/search?keyword=文良路45号 / 无锡城市职业技术学院 南校区 文良路 惠山区 / 惠山区文良路45号 → 仅第三方职教网 zhijiao.cn「南校区:无锡市惠山区文良路45号」与高三网，均仅线索; https://wap.sogou.com/web/searchList.jsp?keyword=惠山区文良路45号 → 被 antispider 拦截",2026-09-13
PROFILE2218_0,4132013752,盐城工业职业技术学院,办学地点（档案未命名）,江苏省盐城市解放南路285号,江苏省,盐城市,D 功能区/大学城无法定区佐证,HARD-BLOCKED,yes,functional_zone_only,门牌「解放南路285号」有多份官方原文，但区级表述只有功能区「盐南新区」，无亭湖区/盐都区；盐南高新区由亭湖区/盐都区析置，法定归属在两者之间无法由现有权威原文判定；地图 POI 与招聘号指向盐都区属第三方线索，不得作依据。,1) http://www.ycpc.edu.cn/ 页脚「地址：江苏省盐城市解放南路285号 邮编：224005」；https://www.jseea.cn/webfile/yxdt/2015-08-12/18317.html 江苏省教育考试院同（无区名）；2) http://www.ccgp.gov.cn/cggg/dfgg/zbgg/202608/t20260828_27227048.htm （正文「盐城市盐南新区解放南路285号」，概要「265号」，矛盾）；http://www.ccgp.gov.cn/cggg/dfgg/zbgg/202608/t20260807_27093256.htm （同写盐南新区）；3) 搜狗微信『盐城工业职业技术学院 亭湖区 解放南路285号』0 条；『盐城工业职业技术学院 解放南路 盐南』：校方招生办/金考升/盐城教育发布均为「江苏省盐城市解放南路285号」，无区名；4) http://www.tinghu.gov.cn/ 首页抓取成功但无相关命中；https://search.ccgp.gov.cn 检索「盐南新区」6 条均无亭湖/盐都，二次检索被限流。,需盐城市亭湖区（或盐都区）人民政府、盐城市教育局、江苏省教育厅原文，同句写出「盐城工业职业技术学院」与法定区名并挂到「解放南路285号」；或该校事业单位法人登记/省属高校备案地址载明法定区。,http://www.ycpc.edu.cn/ 页脚「地址：江苏省盐城市解放南路285号 邮编：224005」；https://www.jseea.cn/webfile/yxdt/2015-08-12/18317.html 江苏省教育考试院同（无区名）; http://www.ccgp.gov.cn/cggg/dfgg/zbgg/202608/t20260828_27227048.htm （正文「盐城市盐南新区解放南路285号」，概要「265号」，自相矛盾）; http://www.ccgp.gov.cn/cggg/dfgg/zbgg/202608/t20260807_27093256.htm （同写功能区「盐南新区解放南路285号」）; 搜狗微信『盐城工业职业技术学院 亭湖区 解放南路285号』：0 条；『盐城工业职业技术学院 解放南路 盐南』：校方/金考升/盐城教育发布均为「江苏省盐城市解放南路285号」，无区名; http://www.tinghu.gov.cn/ 首页抓取成功但无相关命中,2026-09-12
PROFILE2219_0,4132013753,江苏财经职业技术学院,办学地点（档案未命名）,江苏省淮安市高教园区枚乘东路8号,江苏省,淮安市,D 功能区/大学城无法定区佐证,RESOLVED,no,functional_zone_only,政府侧只有「高教园区所在片区→清江浦区」的区级映射（无路无门牌）和「清江浦区枚乘东路1号（另一学校）」的道路级旁证，二者都不能与「枚乘东路8号」形成同址或逐字挂钩；能写出「清江浦区枚乘东路8号」的只有商业招生/地图站，属红线禁用。,1) 校方三个以上官方站与二级院系页脚实抓；2) 中国政府采购网本校公告检索；3) 淮安经济技术开发区政府环评 PDF（418页）全文提取并 grep「枚乘」「高教园区」「科教片区」「清江浦」；4) 江苏省公共资源交易平台(jsggzy.jszwfw.gov.cn)政府公告检索取得「清江浦区枚乘东路1号」旁证；5) 淮安市政府门户站内全文检索（无 JSON 搜索接口）；6) Toutiao 精确短语与「清江浦区 枚乘东路」多轮；7) 搜狗检索（CAPTCHA 阻断）。,需要一份政府/官方文件把该校门牌「枚乘东路8号」连同法定区写出（例如淮安市自然资源和规划局供地/不动产登记、清江浦区政府或淮安开发区文件、或该校自身采购/信息公开页把地址改为「淮安市清江浦区枚乘东路8号」）；或取得「清江浦区枚乘东路」的道路级政府表述且本校为枚乘东路唯一校区（当前门牌为 8 号、road 级接受不适用）。,https://lsgc.jscj.edu.cn/main.htm 、https://znzz.jscj.edu.cn/ 、https://www.jscj.edu.cn/ (枚乘东路8号，无法定区); http://www.ccgp.gov.cn/cggg/dfgg/cjgg/202606/t20260616_26758505.htm (本校采购公告「淮安市高教园区枚乘东路8号」); https://search.ccgp.gov.cn/bxsearch?searchtype=2&kw=枚乘东路 (命中，本校地址无法定区); http://jsggzy.jszwfw.gov.cn/jyxx/003006/003006001/20240719/N0117FCZZ241100.html (政府平台「江苏省淮安市清江浦区枚乘东路1号淮阴工学院枚乘路校区」——门牌1号≠8号且主体不同); https://hadz.huaian.gov.cn/upload/2026-01/64efb810-fd07-4bcc-8642-e4e119e23010.pdf (淮安开发区环评：「科教片区（即高教园区）…清江浦区京杭大运河以南、淮海南路以东…」——无枚乘东路); https://www.huaian.gov.cn/ 门户站内检索「枚乘东路8号」「枚乘东路 清江浦区」(无可用 JSON 搜索接口，code=None),2026-09-13
PROFILE2239_1,4161013566,陕西铁路工程职业技术学院,高新校区,陕西省渭南市高新区胜利大街西段,陕西省,渭南市,D 功能区/大学城无法定区佐证,HARD-BLOCKED,yes,functional_zone_only,仲裁: 复核员正确：证据在该 URL 上不存在（不是抓取失败，refetched=true）。研究者原文不可核验，属拼接误引，本条不能 accept。,,,https://www.sxri.net/ 站内全文及陕西铁路工程职业技术学院微信公众号「50周年校庆公告（第一号）」「陕铁院高铁工程学院」栏目的联系方式原文检索; http://www.sxri.net/ 页脚「高新校区：渭南市高新技术开发区科教园区胜利大街西段89号」（仅功能区，作对照）; so-gov.cn 渭南站 6105000008 检索「陕西铁路工程职业技术学院 临渭区」,2026-09-12
PROFILE2243_0,4161013946,咸阳职业技术学院,办学地点（档案未命名）,陕西省咸阳市沣河新区统一大道,陕西省,咸阳市,D 功能区/大学城无法定区佐证,HARD-BLOCKED,yes,functional_zone_only,咸阳市、秦都区政府网站检索接口（/so/s?qt=、irs-c-web）依赖 api.so-gov.cn，本机出口 IP 被平台封禁（返回「当前网络地址已被禁用」）；省站检索页为 Vue 前端、结果需 XHR，未找到可用服务端端点。学校官网仅写「西咸新区沣西新城统一大道」功能区，无任何 allowed 法定区。,http://www.xypi.edu.cn/ 学院官网 TLS 链异常（以不校验证书正常抓取），全文只「沣西新城」「统一大道」，秦都=0、渭城=0；http://www.snqindu.gov.cn/so/s?qt=统一大道 与 ?qt=咸阳职业技术学院 页面壳返回，结果由 api.so-gov.cn 拉取被 IP 禁用；https://www.snqindu.gov.cn/irs-c-web/search.html?code=17cb6091ab0&searchWord=… Vue 前端仅「很抱歉！未能搜到」，无服务端结果；https://www.shaanxi.gov.cn/sxsearch/search.html?tenantId=16711&code=1920ae4af69&searchWord=… 模板页，探测 /sxsearch/search、/sxsearch/search/getList、/sxsearch/api/search 均 404；https://jyt.shaanxi.gov.cn/ 无可用的公开检索端点；https://so.toutiao.com/search?keyword=咸阳职业技术学院 秦都区 / 统一大道 仅学校站点与第三方；https://www.xianyang.gov.cn/xyxw/tzgg/202008/t20200827_50,需要：①未被封禁网络出口（或已登录会话）访问 so-gov 咸阳站（6104000004）/秦都区站（6104020006）检索；②陕西省教育厅或咸阳市/秦都区政府原文将「统一大道」或「咸阳职业技术学院」与「秦都区」同句（规划许可公示、消防重点单位、土地征收/供地公告、招生考试考点公告）；③学校在政府备案文件中的法定区表述。,http://www.xypi.edu.cn/ — 学院官网（仅功能区）; http://www.snqindu.gov.cn/so/s?qt=统一大道 — so-gov 后端，IP 禁用; https://www.snqindu.gov.cn/irs-c-web/search.html?code=17cb6091ab0 — 无服务端结果; https://www.shaanxi.gov.cn/sxsearch/search.html?tenantId=16711&code=1920ae4af69&searchWord=统一大道 — 前端模板页；/sxsearch/search 等 404; https://jyt.shaanxi.gov.cn/ — 无可用检索端点; https://so.toutiao.com/search?keyword=咸阳职业技术学院 秦都区,2026-09-12
PROFILE2244_1,4161013947,西安职业技术学院,辛家庙校区,陕西省西安市太元路99号,陕西省,西安市,A 上一轮独立复核未通过,RESOLVED,no,独立复核要求降级人工复审（引文/地址挂钩未达 verified 门槛）,government,,,https://www.weiyang.gov.cn/search.html?tab=all&keywords=太元路 99号 (未央区政府站内搜索); https://www.weiyang.gov.cn/zwgk/yjgl/yjbncs/2039537656150368257.html (未央区应急避难场所，含该行); 西安职业技术学院官网 辛家庙校区地址,2026-09-12
PROFILE2245_0,4161013948,商洛职业技术学院,办学地点（档案未命名）,陕西省商洛市商鞅大道西段丹南新区,陕西省,商洛市,D 功能区/大学城无法定区佐证,RESOLVED,no,functional_zone_only,学校官方招生网（zsw.slzyjsxy.com）与学校主页页脚均只写「地址：陕西省商洛市商鞅大道西段丹南新区」，其中「丹南新区」为功能区非法定区，「商鞅大道西段」不是门牌号；全站「商州区」0 命中。带法定区名的表述只出现在百度百科、商业招生站（dxsbb、gaokao.cn）等被明确排除的来源，只能作线索不能作判据。功能区→法定区的换算被禁止，且无政府桥梁文件。,1) 学校招生网/主页页脚逐页抓取并解码（GBK→UTF-8）检索「商州区」；2) 商洛市政府 www.shangluo.gov.cn 站内检索校名与「商鞅大道」；3) 陕西省教育厅、陕西省事业单位登记管理局公开信息检索；4) toutiao/sogou 组合检索「商洛职业技术学院 + 商州区 / 丹南新区」。,需商洛市政府、商州区政府的用地/选址/事业单位登记/建设工程规划许可类文件，把「商鞅大道 商洛职业技术学院」与「商州区」写在同一地址句内；或省教育厅等主管部门文件同时给出校名、门牌与法定区。,http://zsw.slzyjsxy.com/index.htm → 「联系我们 地址：陕西省商洛市商鞅大道西段丹南新区 电话：0914-2998383」，「商州区」0 命中; https://www.slzyjsxy.com/ 学校主页页脚（同一表述）; https://www.shangluo.gov.cn/ 商洛市人民政府 站内检索「商洛职业技术学院 商鞅大道」; toutiao query: 商洛职业技术学院 商州区 商鞅大道; sogou query: 商洛职业技术学院 商鞅大道西段 商州区 政府,2026-09-13
PROFILE2248_0,4161013951,渭南职业技术学院,高新校区,陕西省渭南市高新区胜利大街西段科教园区,陕西省,渭南市,D 功能区/大学城无法定区佐证,RESOLVED,no,functional_zone_only,government,,,https://www.sxggzyjy.cn/jydt/001001/001001004/001001004007/20260626/8a69c2929ec65c59019f014978924c1c.html（陕西省公共资源交易中心，2026-09-12 重抓复核，逐字命中）; 陕西省公共资源交易 Epoint 全文接口（inteligentsearch_new/rest/esinteligentsearch/getFullTextDataNew，双编码 content 解包）; https://so.toutiao.com/search?keyword=渭南职业技术学院 临渭区 胜利大街西段,2026-09-12
PROFILE2250_0,4161013953,铜川职业技术学院,办学地点（档案未命名）,陕西省铜川市新区朝阳路8号,陕西省,铜川市,D 功能区/大学城无法定区佐证,HARD-BLOCKED,yes,functional_zone_only,铜川方所有官方文本对朝阳路8号一律标注功能区「铜川市新区」，无任何法定区名；铜川市政府站内搜索接口（404 / Vue API）与陕西省政府采购网搜索（验证码）均不可用，无法取得「法定区 + 朝阳路8号」的逐字共现。,1) 学校主站、招生网、信息公开页三处地址逐字核对；2) 事业单位法人登记公示页（机构地址仍为『新区朝阳路西段』，且门牌与记录不符）；3) 铜川市政府门户站内搜索（404、SPA 无服务端渲染结果）；4) 铜川市集约化搜索 API /s/so/search（多方法多头部请求均未返回 JSON）；5) 陕西省政府采购网『搜全文』（要求验证码）；6) 头条 SSR 搜索「铜川职业技术学院 事业单位 招聘 单位地址 耀州区」（仅返回人社局/党建网通用页与搜索建议词，无地址原文）；7) 通用搜索引擎全部被挡。,需要铜川市或耀州区/王益区人民政府、铜川市事业单位登记管理局等官方页面逐字写出「耀州区……朝阳路8号」（或王益区/印台区），例如该校事业单位法人年度报告中的「住所：铜川市耀州区朝阳路8号」，或学校办学许可证/招生章程封面地址。功能区内名『新区』无论出现多少次都不构成解锁。,http://www.tczyxy.net/ （页脚原文：陕西省铜川市朝阳路8号 邮政编码：727031）; https://zsw.tczyxy.net/ （原文：校址: 陕西省铜川市新区朝阳路8号 邮编 : 727031）; http://www.tczyxy.net/xxgk/gkzn.htm （原文：地址：铜川市新区朝阳路8号铜川职业技术学院办公楼4楼410室）; http://www.tczyxy.net/?method=show&id=0AF141902E835E44E053012819AC368D （事业单位登记：机构地址 铜川市新区朝阳路西段）; http://www.tongchuan.gov.cn/search.html?q=朝阳路8号 （404）; http://www.tongchuan.gov.cn/ （首页，Vue SPA）,2026-09-12
PROFILE2255_0,4161013123,陕西国际商贸学院,办学地点（档案未命名）,陕西省西安市沣渭新区大学园统一西路35号,陕西省,西安市,D 功能区/大学城无法定区佐证,HARD-BLOCKED,yes,functional_zone_only,唯一能把「统一西路35号」写进法定县区的权威原文写的是「咸阳市秦都区」，与本条记录的 city=西安市 及 allowed_districts（临潼区/长安区/鄠邑区等西安市各区）冲突。功能区的「沣渭新区/沣西新城」横跨西安、咸阳两市，在无原文的情况下不得据功能区名反推西安市某区；而现有权威原文的落点是咸阳，故本条在 allowed 集合内无法落定。,1) 陕西省住房和城乡建设厅综合服务中心 jszf.shaanxi.gov.cn（政府）检索「陕西国际商贸学院」：原文「陕西国际商贸学院（南校区）地址：咸阳市秦都区统一西路35号」；2) 咸阳市人力资源和社会保障局（政府）：原文「陕西国际商贸学院东门(咸阳市秦都区统一西路35号)」；3) 学校官网 http://www.csiic.com/ 逐字只有功能区「陕西省西安市西咸新区沣西新城大学园统一西路35号」；4) so-gov.cn 西安站(6101000007)检索「陕西国际商贸学院 长安区/鄠邑区」无桥梁原文。三条独立路径互不矛盾，一致指向咸阳市秦都区。,需要以下之一：(a) 把该校区记录的 city 与 allowed_districts 更正为咸阳市（含秦都区），则上述政府原文即可直接 accept；(b) 出现新的权威原文把「统一西路35号」或本校任一校门门牌写进西安市任一法定区（长安区/鄠邑区/未央区等）。,https://jszf.shaanxi.gov.cn/ 检索「陕西国际商贸学院」（陕西省住建厅综合服务中心，命中「陕西国际商贸学院（南校区）地址：咸阳市秦都区统一西路35号」）; 咸阳市人力资源和社会保障局公开信息 检索「陕西国际商贸学院」（命中「陕西国际商贸学院东门(咸阳市秦都区统一西路35号)」）; http://www.csiic.com/（curl 200，全文只有「陕西省西安市西咸新区沣西新城大学园统一西路35号」）; so-gov.cn 西安站 6101000007 检索「陕西国际商贸学院 长安区」「陕西国际商贸学院 鄠邑区」,2026-09-12
PROFILE2258_0,4161014031,陕西旅游烹饪职业学院,泾河新城校区,陕西省西安市西咸新区泾河新城陕旅大道,陕西省,西安市,D 功能区/大学城无法定区佐证,HARD-BLOCKED,yes,functional_zone_only,学校自身公开招标公告原文写「陕西旅游烹饪职业学院(陕西省咸阳市泾阳县三渠镇农科路)」，把本校的法定县级行政区明确为泾阳县；泾河新城是按托管机制跨咸阳/西安的功能区，其泾干街道/永乐镇/崇文镇/高庄镇行政上属泾阳县，依法不得由功能区名反推。泾阳县不在 allowed_districts（全部为西安市各区）内，而在 allowed 内无任何原文支撑，故本条在本轮 allowed 集合下无法落定。,1) 学校官网 http://www.sntcc.cn/ 页脚逐字只有功能区「泾河新城校区 陕西省西安市西咸新区泾河新城陕旅大道」；2) 学校微信公众号发布的采购/招标公告：原文「陕西旅游烹饪职业学院(陕西省咸阳市泾阳县三渠镇农科路)」（学校自己的文件，非第三方）；3) so-gov.cn 西安站/咸阳站检索「陕西旅游烹饪职业学院 泾河新城 泾阳县」，无把陕旅大道门牌写进西安市法定区的原文。,需要以下之一：(a) 将该记录 city/allowed_districts 更正为咸阳市（含泾阳县），则可直接 accept；(b) 出现权威原文把「西咸新区泾河新城陕旅大道」这一校区地址写进西安市任一法定区（如泾河新城西安代管片区的对应区）。,http://www.sntcc.cn/（curl 200，页脚只有「陕西省西安市西咸新区泾河新城陕旅大道」）; 学校微信公众号采购招标公告（原文「陕西旅游烹饪职业学院(陕西省咸阳市泾阳县三渠镇农科路)」）; so-gov.cn 西安站 6101000007 / 咸阳站检索「陕西旅游烹饪职业学院 泾河新城 泾阳县」; WebFetch sogou 检索「陕西旅游烹饪职业学院 泾河新城 属于哪个区」,2026-09-12
PROFILE2268_0,4152012223,贵州航天职业技术学院,新蒲大学城校区,贵州省遵义市新蒲新区平安大道,贵州省,遵义市,D 功能区/大学城无法定区佐证,RESOLVED,no,functional_zone_only,government,,,https://ggzy.guizhou.gov.cn/tradeInfo/detailHtml?metaId=880228346019270656（实抓全文）; 搜狗检索“国家级高技能人才培训基地 大数据技术 实训室 二期 采购公告”; 搜狗检索“贵州航天职业技术学院（新蒲校区）位置”; 新蒲新区管委会官网页脚（上轮：遵义市红花岗区播州大道1号开投大厦，门牌不符）,2026-09-12
PROFILE226_1,4121010163,沈阳药科大学,南校区,辽宁省本溪市高新技术产业开发区华佗大街26号,辽宁省,本溪市,D 功能区/大学城无法定区佐证,HARD-BLOCKED,yes,functional_zone_only,功能区“本溪高新技术产业开发区（沈本新城/药都）”覆盖石桥子街道，法定归属为溪湖区，但这是“道路/园区→法定区”的推断；溪湖区政府原文只在中风险区通告里把某段华佗大街划入溪湖区，既未出现“26号”也未出现该校，按红线（禁止道路通常位于某区式推断）不得据此定区。,1) 溪湖区人民政府站内全文检索：“华佗”全区仅 2 条命中，均为疫情中风险区通告，只把“溪湖区石桥子街道…华佗大街…”作为道路廊道描述，既无门牌亦无该校；2) 溪湖区政府检索“华佗大街26号”“沈阳药科大学”“药科大学”→无地址级命中；3) 本溪市人民政府全站群检索“沈阳药科大学/本溪校区”→全部命中来自本溪高新区管委会（cnmc.gov.cn），一律写“本溪高新区”，无一条写溪湖区；4) 校方官网地址为“本溪高新技术产业开发区华佗大街26号”（功能区）；5) 信用中国（辽宁本溪）信用承诺页仅有市级代码，无区级住所。,需要一份把“华佗大街26号”与“溪湖区”同句写出的原文，例如：本溪市自然资源局/住房和城乡建设局对该地块的规划许可或土地出让公示、本溪市生态环境局的该项目环评公示、校方南校区官方页或采购公告中写作“本溪市溪湖区华佗大街26号”的版本、或溪湖区（石桥子街道）辖内单位名录中同时出现该校名与门牌。,http://www.xihu.gov.cn/s?sid=23&wd=华佗 → 全区仅 2 条命中，均为《关于本溪市新增中风险区的通告》《关于调整部分区域疫情风险等级的通告》（写“溪湖区石桥子街道香槐路路段至华佗大街至枫叶路与华佗大街交汇处至十字路口”）; http://www.xihu.gov.cn/s?sid=23&wd=华佗大街26号 / 沈阳药科大学 → 检索仅按词模糊匹配，无任何含“华佗大街26号+溪湖区”的页面; https://www.benxi.gov.cn/s?sid=0&wd=沈阳药科大学（全站群）→ 命中全部来自“本溪高新技术产业开发区管理委员会”（cnmc.gov.cn），一律写“本溪高新区/南校区在本溪高新区”，无溪湖区; https://www.benxi.gov.cn/s?sid=0&wd=药科大学 本溪校区 → 同上，均为高新区管委会稿; https://spe.syphu.edu.cn/（校方，上轮已抓）通讯地址 辽宁省本溪高新技术产业开发区华佗大街26号; https://bxcredit.benxi.gov.cn 信用中国（辽宁本溪）该校科技产业集团本溪高新区分公司信用承诺书（信用代码 210500…，仅市级）,2026-09-12
PROFILE227_0,4121010142,沈阳工业大学,中央校区,辽宁省沈阳市经济技术开发区沈辽西路111号,辽宁省,沈阳市,A 上一轮独立复核未通过,RESOLVED,no,独立复核要求降级人工复审（引文/地址挂钩未达 verified 门槛）,government,,,https://www.tiexi.gov.cn/zwxxgk/fdzdgknr/jgjj/jiedaozhen/202302/t20230213_4388854.html → 命中（采用），逐字「办公地址：沈阳市铁西区沈辽西路113-49」; https://www.sut.edu.cn/xxgk.htm → 校方页脚逐字「中央校区 : 沈阳经济技术开发区沈辽西路111号 邮编 : 110870」（门牌与记录完全一致，但无区名）; https://www.tiexi.gov.cn/zhtx/ → 铁西区简介，逐字「铁西区位于沈阳市西南部，由主城区、沈阳经济技术开发区（以下简称“经开区”）和中德（沈阳）高端装备制造产业园（以下简称“中德园”）组成。」; https://wap.sogou.com/web/searchList.jsp?keyword=铁西区 沈辽西路 沈阳工业大学 → 未发现含「铁西区+沈辽西路111号」的政府页,2026-09-12
PROFILE227_3,4121010142,沈阳工业大学,国家大学科技园,沈阳经济技术开发区四号街20号,辽宁省,沈阳市,A 上一轮独立复核未通过,HARD-BLOCKED,yes,独立复核要求降级人工复审（引文/地址挂钩未达 verified 门槛）,记录地址「沈阳经济技术开发区四号街20号」只含功能性区名（经济技术开发区），路名四号街存在（不得用 name 挂钩），必须找到官方/政府来源把「铁西区」与「四号街/20号」写到同一处。实际结果：沈阳工业大学国家大学科技园官网（sutpark.sut.edu.cn）首页页脚确实同时出现该地址与「铁西区」，但「铁西区」仅作为奖项名「铁西区2023年全面振兴新突破贡献奖」出现，并非地址所属法定区，不能作为 d 的挂钩；同一站「联系我们」页只有地址、完全没有「铁西」。官网、沈阳工业大学主站、搜索引擎均未找到任何页面在同一句中把「铁西区」与该校区地址绑定。,1) 抓取 http://sutpark.sut.edu.cn/ 与 http://sutpark.sut.edu.cn/gywm/lxwm.htm 逐字比对：首页页脚含地址「通讯地址：沈阳经济技术开发区四号街20号 邮政编码：110027」及奖项名「铁西区2023年全面振兴新突破贡献奖」；联系我们页 MISS[铁西]。2) 抓取 https://www.sut.edu.cn/ 首页，仅见「铁西区科技成果转化供需对接洽谈活动在我校举办」，无四号街。3) 尝试铁西区政府站 tiexi.gov.cn 站内/全文检索 API（/inteligentsearch/... 返回 404；SPA 关键词参数未解，多次返回全库 total=12386），未取到页面。4) 头条搜索多组关键词（四号街20号 铁西区 / 沈阳工业大学国家大学科技园 铁西区 四号街 / 沈阳经济技术开发区四号街20号）均只返回 sutpark 自身与无关结果。,需要沈阳工业大学（含科技园）官网，或沈阳市铁西区人民政府 / 沈阳经济技术开发区管委会的正式文件/公告，在同一句中写明「（位于）铁西区……四号街20号」或「铁西区四号街20号」；或铁西区政府名录类表格把该科技园地址列入铁西区。仅靠奖项名、功能性区名或行政合署的常识推断均不足以落库。,http://sutpark.sut.edu.cn/ (页脚：地址与铁西区奖项名同现); http://sutpark.sut.edu.cn/gywm/lxwm.htm (仅地址，无铁西); https://www.sut.edu.cn/ (主站，仅有铁西区活动标题); https://www.tiexi.gov.cn/ 站内检索/Search_show API (404 或全库返回); toutiao search: 沈阳经济技术开发区四号街20号 / 四号街20号 铁西区 沈阳 / 沈阳工业大学国家大学科技园 铁西区 四号街,2026-09-12
PROFILE2289_1,4164013820,银川能源学院,滨河校区,宁夏银川市滨河新区国际科教城汉关路与星河街路口,宁夏回族自治区,银川市,A 上一轮独立复核未通过,HARD-BLOCKED,yes,独立复核要求降级人工复审（引文/地址挂钩未达 verified 门槛）,复核通过但未过机器门禁: 引文挂不到本条地址 '宁夏银川市滨河新区国际科教城汉关路与星河街路口'（该记录有路名/门牌，不允许用校区名挂钩）,,,http://www.xqq.gov.cn/zwgk/bmxxgkml/xqqxhjjdbsc_70879/xxgkzn_70880/（兴庆区星河街街道办事处政府信息公开指南，逐字含「兴庆区星河街街道办事处地址:银川市兴庆区佳木东路与星河街交叉口景城水岸C区」）; http://www.xqq.gov.cn/zwgk/bmxxgkml/xqqxhjjdbsc_70879/fdzdgknr_70882/gkxx_70883/jgzn_70884/202306/t20230623_4155508.html（机构职能：兴庆区星河街道办事处辖区含景城、横城花园社区）; https://www.yinchuan.gov.cn/xxgk/zdlyxxgk/szfw/gj/202402/t20240227_4470142.html（银川市交通运输局公交601路调整通告，逐字含「星河街」「汉关路」「苏银产业园园区内景城水岸区域」）; https://www.ycu.com.cn/list/9614.html 与 www.ycu.com.cn BFS 25 页（学校简介仅「学校现有王太校区、滨河校区两个校区」，全站无「兴庆区」）; https://www.nxpec.edu.cn/xsc/index.htm（他校页脚「地址：银川市兴庆区滨河新区国际科教城」，仅作旁证未单独采信）; so.toutiao.com 检索「银川能源学院 滨河校区 兴庆区 地址」「兴庆区 星河街 汉关路 国际科教城」「苏银产业园 兴庆区」,2026-09-12
PROFILE2302_1,4112013897,天津理工大学中环信息学院,海河园院区,天津海河教育园区雅深路6号,天津市,天津市,C 地址冲突,HARD-BLOCKED,yes,conflicting_address,校方招生章程虽确认「海河园院区：天津海河教育园区雅深路6号」与记录地址一致，但该地址仅含功能区名「海河教育园区」，全站/全网无任何官方原文把「雅深路6号」与法定区同句写出；且「雅深路6号」另有他校（天津市电子信息技师学院）占用之说，无法在证据层面定区。,已抓取并逐字核对：https://www.tjzhic.edu.cn/ 与 /xygk/ →「坐落于千年古镇杨柳青」、页脚「地址：天津市西青区杨柳青柳口路99号 邮编：300380」，全站无「海河园」「雅深路」；http://zsxx.tjzhic.edu.cn/ 与 /tjzhic/1760（2026年招生章程）→ JS渲染仅676字节空壳；招生章程全文（镜像 https://www.hzgrys.net/regulation/1/2025/119.html）→ 逐字「杨柳青院区：天津市西青区杨柳青柳口路99号」「海河园院区：天津海河教育园区雅深路6号」；https://hrss.tj.gov.cn/ztzl/ztzl1/tjrcgzw/sypt/zdcyyq/202311/t20231116_6458102.html →「以津南区海河教育园区片区为东翼拓展区」（仅能为功能区→区名桥梁，不能证明本校区）；https://www.tj.gov.cn/zwgk/ggqsydwxxgk/jy/gdzyxx/202409/t20240920_6734722.html → 天津电子信息职业技术学院办公地址「天津市海河教育园雅深路4号」（与6号不同）；https://jy.tj.gov.cn/BMFW/ggqsydwxx/ 与 tj.gov.cn 高校信息公开栏目 → 均为JS渲染/空壳，无,需要以下任一新证据：(a) 天津市规划和自然资源局或津南区政府的用地/建设工程规划许可公示，把「海河教育园区雅深路6号」与法定区（津南区等）同句写出；(b) 天津市政府采购网/中国政府采购网中采购人「天津理工大学中环信息学院」公告里带法定区的办公地址（如「天津市津南区海河教育园区雅深路6号」）；(c) 校方2026年招生章程的可读原文（非JS外壳）确认院区地址写法；(d) 天津市教委高校信息公开条目中该校「办公地址」字段。,https://www.tjzhic.edu.cn/ 、https://www.tjzhic.edu.cn/xygk/ → 仅杨柳青、西青区柳口路99号; http://zsxx.tjzhic.edu.cn/ 、https://zsxx.tjzhic.edu.cn/tjzhic/1760 → JS外壳676字节; https://www.hzgrys.net/regulation/1/2025/119.html → 2025年招生章程镜像：「海河园院区：天津海河教育园区雅深路6号」; https://hrss.tj.gov.cn/ztzl/ztzl1/tjrcgzw/sypt/zdcyyq/202311/t20231116_6458102.html →「以津南区海河教育园区片区为东翼拓展区」; https://www.tj.gov.cn/zwgk/ggqsydwxxgk/jy/gdzyxx/202409/t20240920_6734722.html → 天津电子信息职业技术学院「天津市海河教育园雅深路4号」; https://jy.tj.gov.cn/BMFW/ggqsydwxx/ 及 tj.gov.cn 高校信息公开栏目 → JS渲染/空壳,2026-09-12
PROFILE2305_0,4113013074,河北对外经贸职业学院,办学地点（档案未命名）,河北省秦皇岛市北戴河新区戴河大街6号,河北省,秦皇岛市,D 功能区/大学城无法定区佐证,HARD-BLOCKED,yes,functional_zone_only,北戴河新区为功能区，跨北戴河区、抚宁区（南戴河街道）与昌黎县，不能翻译；现有全部官方原文都把该校区写成“北戴河新区戴河大街6号”，无任何法定区与“戴河大街6号”同句；按红线不得据道路或功能区推断。,1) 河北省政府采购网全栏目按采购人名称抓取全部唯一 采购人地址，一律“秦皇岛市北戴河新区戴河大街6号”（功能区），无一条含法定区；2) 北戴河新区管委会官网站内检索该校，命中行政审批局批复，但批复只写“现状校址北侧、经二路东侧、戴河西侧”，无法定区、无门牌；3) 其中一份批复由“北戴河区发展和改革局”联合署名，仅是署名事实，不构成地址级表述；4) 秦皇岛市政府门户检索“戴河大街6号”0 命中；5) 校方官网与招生简章页脚均为“北戴河新区戴河大街6号”。,需要一份把“戴河大街6号”与法定区（北戴河区 / 抚宁区 / 昌黎县 之一）同句写出的政府或校方原文，例如：北戴河新区管委会或北戴河区/抚宁区政府的土地、规划、环评、施工许可公示中含该门牌与法定区；校舍扩建项目的选址意见书/用地规划许可；河北省事业单位法人登记公示的该校住所；或校方章程/信息公开页写作“秦皇岛市北戴河区戴河大街6号”。,"河北省政府采购网检索 API：/was5/web/search?channelid=217003&lanmu={zbgg,zhbgg,gzgg,dyly,htgg}&PurchaserName=河北对外经贸职业学院 → 50+ 条采购人地址一律“秦皇岛市北戴河新区戴河大街6号”，无任何法定区; http://www.bdhxq.gov.cn/home/search（北戴河新区管委会站内检索 key=河北对外经贸职业学院 / key=戴河大街）; http://www.bdhxq.gov.cn/home/searchdetails?code=MTA0&id=30103（校舍扩建可研批复：“项目建设地点：河北对外经贸职业学院现状校址北侧、经二路东侧、戴河西侧”）; http://www.bdhxq.gov.cn/home/searchdetails?code=MTA0&id=29843（概算调整批复，联合署名为“秦皇岛北戴河新区行政审批局 秦皇岛市北戴河区发展和改革局”）; http://www.qhd.gov.cn/index/search/index.html?keywords=戴河大街6号（秦皇岛市政府门户，0 命中）",2026-09-12
PROFILE2307_1,4113014259,沧州幼儿师范高等专科学校,沧州校区,河北省沧州市解放东路155号,河北省,沧州市,E 无权威来源,HARD-BLOCKED,yes,no_authoritative_source,分类 E_no_authority：唯一权威来源(校方招生章程)只写到『河北省沧州市解放东路155号（沧州校区）』，无区名；本轮新增的沧州市人民政府站内检索对『解放东路155号』与『幼儿师范高等专科学校 地址』均返回 0 条，政府侧无任何含区表述。,"校方招生章程 http://zhaoshengjiuye.czptc.edu.cn/html/professional_settings/1006.html（逐字『地址：河北省沧州市解放东路155号（沧州校区）』，无区）；学校官网 http://www.czptc.edu.cn/html/gaikuang/1840.html（学校简介与页脚『河北省泊头市解放西路光明街150号』，无区）；沧州市人民政府站内检索 POST https://www.cangzhou.gov.cn/guestweb4/s（siteCode=1309000040, moreSearchFlag=0, searchWord=解放东路155号 / 幼儿师范高等专科学校 地址，UTF-8 与 GBK 两种编码均试）→ 两次均『很抱歉，未找到与…相关的内容』共0页；河北省教育考试院 zlcms 站内检索『沧州幼儿师范』无地址命中；河北省政府采购网 http://www.ccgp-hebei.gov.cn/ 首页仅 392 字节空壳、无站内检索；头条检索『沧州幼儿师范高等专科学校 解放东路155号 区』仅返回搜索联想『新华区』。",需要沧州市政府、新华区/运河区政府或沧州市教育局的文件把『解放东路155号』与法定区名逐字并列；或该校《章程》/事业单位法人登记公告写明区名(subordinate 校区地址亦可)。,http://zhaoshengjiuye.czptc.edu.cn/html/professional_settings/1006.html (校方招生章程『河北省沧州市解放东路155号（沧州校区）』，无区); http://www.czptc.edu.cn/html/gaikuang/1840.html (学校简介，无区); POST https://www.cangzhou.gov.cn/guestweb4/s siteCode=1309000040&searchWord=解放东路155号 (0 命中); POST https://www.cangzhou.gov.cn/guestweb4/s siteCode=1309000040&searchWord=幼儿师范高等专科学校%20地址 (0 命中); http://www.ccgp-hebei.gov.cn/ (392B 空壳，无站内检索); https://so.toutiao.com/search?keyword=沧州幼儿师范高等专科学校 解放东路155号 区 (仅搜索联想『新华区』),2026-09-12
PROFILE2309_0,4113014158,石家庄人民医学高等专科学校,南校区,石家庄市红旗大街汇丰路18号,河北省,石家庄市,B 来源抓取失败,HARD-BLOCKED,yes,source_inaccessible,学校官网三个变体（www.sjzrmyz.com / sjzrmyz.com / 其它猜测域名）均 ECONNREFUSED(000)；gaokao.chsi.com.cn、www.chsi.com.cn 全部返回 HTTP 412 瑞数 JS 挑战；河北省教育考试院站内检索 (/hbksy/search/result) 未按 Query 过滤、恒返回通用列表；石家庄市教育局检索无结果。任何可获得来源都未写「桥西区+红旗大街/汇丰路」。,https://www.sjzrmyz.com/ 与 http://sjzrmyz.com/ (000 连接被拒)；https://gaokao.chsi.com.cn/ 与 https://www.chsi.com.cn/ (HTTP 412)；http://www.hebeea.edu.cn/hbksy/search/result?SiteID=122&AllSite=&Query=石家庄人民医学高等专科学校&Sort=PublishDate（接口未按Query过滤）；http://sjzjyj.sjz.gov.cn/dynamic/search.jsp；http://www.hebeea.edu.cn/ （站内搜索表单 /hbksy/search/result）；Bing RSS「汇丰路18号」。,石家庄市/桥西区政府或教育/卫健部门页面写出「桥西区……红旗大街汇丰路18号」，或学校官网恢复可访问后其「地址/法定住所」页，或教育部阳光高考在挑战解除后可访问的招生章程页。,https://www.sjzrmyz.com/; https://gaokao.chsi.com.cn/; https://www.chsi.com.cn/; http://www.hebeea.edu.cn/hbksy/search/result?SiteID=122&Query=石家庄人民医学高等专科学校; http://sjzjyj.sjz.gov.cn/dynamic/search.jsp; Bing RSS: 汇丰路18号,2026-09-12
PROFILE2313_1,4122013600,长春光华学院,合肥路校区,吉林省长春市长春经济技术开发区合肥路与富阳街交汇处东,吉林省,长春市,A 上一轮独立复核未通过,HARD-BLOCKED,yes,独立复核要求降级人工复审（引文/地址挂钩未达 verified 门槛）,红队复核驳回：引文建设地点为「富阳街与丙七路交汇东行200米」，本条地址为「合肥路与富阳街交汇处东」，两者只共用富阳街、交叉路不同，是另一个路口；引文中的「二道区」出现在招标人全称及其住所中，并非对建设地点法定归属的陈述。按「路名须与 campus 地址一致」的口径不达标，故从已解决集撤回，退回城市级。,,,http://www.cetdz.gov.cn/zw/ggxx/jsgcztb/zbgg/202107/t20210714_2868232.html（招标公告，逐字含「长春市二道区东方广场街道办事处」与「建设地点：富阳街与丙七路交汇东行200米」）; http://www.cetdz.gov.cn/zw/zdlyxx/czxx/js/202605/t20260528_3489955.html 与 http://www.cetdz.gov.cn/zw/zdlyxx/czxx/js/202509/t20250925_3430224.html（「长春市二道区东方广场街道2026年部门预算」「长春市二道区东方广场街道办事处2024年度部门决算公开」）; http://www.cetdz.gov.cn/zw/ggxx/tzgg/202608/t20260828_3508553.html（东方和著一期规划许可前公示：富阳街以西、合肥路以北，无区名）; https://www.ghu.edu.cn/ 及子站（页脚逐字「合肥路校区：吉林省长春市长春经济技术开发区合肥路与富阳街交汇处东」，仅功能区名）; http://www.ccerdao.gov.cn/ BFS（仅 2 页可抓，无「合肥路/富阳街」）; so.toutiao.com 检索「长春 合肥路 二道区 道路」「二道区 东方广场街道 富阳街 合肥路 公示」,2026-09-12
PROFILE2314_0,4122013603,长春财经学院,办学地点（档案未命名）,吉林省长春市净月国家高新技术产业开发区擎天树街58号,吉林省,长春市,D 功能区/大学城无法定区佐证,HARD-BLOCKED,yes,functional_zone_only,净月高新区各街道的法定建制虽可由「长春市南关区XX街道」公文题名侧面印证，但既无文书把「擎天树街58号」（或该门牌所属街道）与「南关区」同句写出，也无文书给出该门牌的建制街道归属；按「禁止道路通常位于某区式推断」不能仅凭功能区代管关系定区。,http://www.jingyue.gov.cn/zw/gggs/202009/t20200911_2511816.html（收储评估公告，逐字只写净月开发区）；channelid=234276 检索词：擎天树街 / 擎天树街58 / 南关区福祉 / 部门决算；南关区 286770 检索词：擎天树街 / 南关区 福祉；市生态环境局 277780 检索词：擎天树街 / 福祉大路；市规划自然资源局 298083 检索词：擎天树街58 / 擎天树街 / 福祉大路,需官方文书把「擎天树街58号」与法定区名同句写出，典型来源：①长春市规划和自然资源局/净月分局对「长春财经大学项目」地块的建设工程规划许可或土地出让、征收公告中「位置」列含门牌并标注法定区；②南关区XX街道（净月/永兴/博硕/福祉街道）的公告、决算附表或社区文书出现该门牌；③市场监管/卫健对该校食堂、医务室的许可公示住所地址；④生态环境部门该类项目的环评公示建设地点注明法定区。,http://www.jingyue.gov.cn/zw/gggs/202009/t20200911_2511816.html; http://intellsearch.changchun.gov.cn/was5/web/search?channelid=234276&searchword=擎天树街; http://intellsearch.changchun.gov.cn/was5/web/search?channelid=234276&searchword=南关区福祉; http://intellsearch.changchun.gov.cn/was5/web/search?channelid=277780&searchword=擎天树街; http://intellsearch.changchun.gov.cn/was5/web/search?channelid=298083&searchword=擎天树街58; http://intellsearch.changchun.gov.cn/was5/web/search?channelid=286770&searchword=擎天树街,2026-09-12
PROFILE2315_1,4122013623,长春大学旅游学院,净月校区,吉林省长春市长春净月高新技术产业开发区福祉街道潭西社区福祉大路1595号,吉林省,长春市,E 无权威来源,HARD-BLOCKED,yes,no_authoritative_source,地址主体是功能区「长春净月高新技术产业开发区」，红线禁止翻译成法定区；学校自述来源只写功能区名；能定位「福祉大路1595号」的政府文件把该门牌给了另一所学校且不写法定区；「福祉大路1595号 + 南关区」同现仅见于 360 地图 POI，红线禁止单独采用。,1) 学校官网 www.tccu.edu.cn（TLS 证书校验失败，未能打开正文）与招生章程类页面：办学地点仅写「长春净月高新技术产业开发区福祉大路1595号」，功能区。2) 360 搜索核读「长春大学旅游学院 净月校区 福祉大路1595号 南关区」：南关区仅出现在 map.360.cn POI，第三方。3) 长春市政府信息公开（长春净月高新技术产业开发区管委会，zwgk.changchun.gov.cn，2023-03-17 文件）核读：福祉大路1595号 对应「长春市海乘中等职业学校」，全页无法定区名。4) 由功能区名反向推断被红线禁止，且净月开发区跨南关/二道/双阳三区，无法收敛。5) 本轮追加：按「长春大学旅游学院 净月校区 福祉大路1595号」检索，仍只命中地图 POI/商业网站，无法定区官方原文。,需要以下任一：长春大学旅游学院官网/招生章程把办学地点写成含法定区的完整地址（如「长春市南关区（或二道区）福祉大路1595号」）原文；或长春市南关区/二道区人民政府、长春市教育局、长春市规划和自然资源局的公开文件（用地规划、校舍产权、消防或办学许可）中出现「福祉大路1595号」并写明所属法定区，且能确认该址为本条校区；或该校政府采购公告将校区地址写成「XX区福祉大路1595号」原文。,https://www.tccu.edu.cn/ → TLS 证书校验失败，未能取得正文; https://www.so.com/s?q=长春大学旅游学院 净月校区 福祉大路1595号 南关区 → 南关区仅见于 map.360.cn POI（第三方）; https://www.so.com/s?q=长春大学旅游学院 官网 招生章程 福祉大路1595号 → 招生章程仅写功能区名; https://www.so.com/s?q=长春大学旅游学院 官网 → 确认域名为 tccu.edu.cn; http://zwgk.changchun.gov.cn/jy/jygxjscykfqglwyh/zfxxgkml/202303/t20230317_3120674.html → 「福祉大路1595号」对应「长春市海乘中等职业学校」，全页无法定区名; https://so.toutiao.com/search?keyword=长春大学旅游学院 净月校区 福祉大路1595号 → 仅地图 POI/商业网站，无官方含区原文,2026-09-12
PROFILE2322_1,4114014177,山西经贸职业学院,龙山校区,山西省太原市晋祠路三段629号,山西省,太原市,E 无权威来源,RESOLVED,no,no_authoritative_source,government,,,https://www.jinyuan.gov.cn/u/cms/site66/202508/04175751d9r6.xlsx — 晋源区政府《食品小经营店备案证明细表》：『山西省太原市晋源区晋祠镇西镇村旧晋祠路三段629号山西经贸职业学院南校区（东南门）』; https://www.jinyuan.gov.cn/u/cms/site66/202512/02170019pvn7.pdf — 晋源区2025年医疗机构校验合格名单：『140 山西经济管理干部学院南校区卫生站 太原市晋祠路三段629号』; https://www.jinyuan.gov.cn/content/search?q=晋祠路三段629号 — 晋源区政府站内检索; https://www.sxemc.edu.cn/ 学院简介 — 『学院分滨河、龙山两个校区』无区名；联系页为南内环西街1号（非本条）; https://search.ccgp.gov.cn/bxsearch?kw=山西经贸职业学院 — 0 条,2026-09-12
PROFILE2323_0,4114014186,朔州职业技术学院,办学地点（档案未命名）,山西省朔州市张辽南路紫金街1号,山西省,朔州市,C 地址冲突,RESOLVED,no,conflicting_address,official,,,https://www.sxszvtc.cn/a2181 — 朔州职业技术学院社区综合服务产教融合实训基地建设项目社会稳定风险评估公示（2026-06-23）逐字「位于朔州市朔城区张辽南路紫金街1号（朔州职业技术学院校内）」及「1.邮寄地址：朔州市朔城区紫金街1号」; https://www.sxszvtc.cn/a2184 — 2026年招生章程「学院地址：朔州市张辽路紫金街1号」（无区名）; https://search.ccgp.gov.cn/bxsearch?searchtype=1&page_index=1&kw=朔州职业技术学院 — 多条公告采购人地址「山西省朔州市朔城区张辽路」; https://so.toutiao.com/search?keyword=朔州职业技术学院 张辽南路紫金街1号 — 无官方域名结果,2026-09-12
PROFILE2325_0,4114013534,山西工学院,长宁校区,山西省朔州市开发区长宁街11号,山西省,朔州市,D 功能区/大学城无法定区佐证,RESOLVED,no,functional_zone_only,corroborated,,,https://career.csu.edu.cn/company/view/id/532634; https://www.sxct.edu.cn/ (山西工学院官网 footer：地址：山西省朔州市开发区长宁街11号); toutiao: 山西工学院 长宁街11号 朔城区,2026-09-12
PROFILE2334_1,4121014189,辽宁建筑职业学院,南校区,辽宁省辽阳市南郊街11号,辽宁省,辽阳市,A 上一轮独立复核未通过,RESOLVED,no,独立复核要求降级人工复审（引文/地址挂钩未达 verified 门槛）,official,,,https://xxh.lnjzxy.edu.cn/ (辽宁建筑职业学院子域页脚，南校区地址); https://zs.lnjzxy.edu.cn/FileUploads/zs/site/2024/05/09/ZZWN02UH090KZWMAIM.docx (招生办文件，南校区地址); https://www.lnjzxy.edu.cn/ (学校主站联系方式),2026-09-12
PROFILE2338_0,4121013207,大连科技学院,办学地点（档案未命名）,辽宁省大连市旅顺经济开发区滨港路999-26号,辽宁省,大连市,D 功能区/大学城无法定区佐证,HARD-BLOCKED,yes,functional_zone_only,校方全部原文只写功能区「旅顺经济开发区」，不含法定区「旅顺口区」；含「旅顺口区」的仅有商业信息站与 UGC，违反「禁止用商业网站单独定区」。,1) 校方信息公开网与两个二级学院页逐字核对；2) 商业分类信息站仅作线索（不采信）；3) 头条多组门牌级精确检索（滨港路999-26号、旅顺口区滨港路999、区政府+学校、中标公告）；4) 尝试旅顺口区政府门户与环评途径。均无门牌级法定区原文。,需要任一新证据：(a) 旅顺口区人民政府／旅顺口区自然资源与住建部门／大连市生态环境局旅顺口分局 的正式文件（土地出让、规划许可、环评批复、不动产登记、招生备案）写出「旅顺口区…滨港路999-26号」；(b) 学校章程（辽宁省教育厅核准、民办高校）或采购中标公告写出法定区；(c) 若能把功能区「旅顺经济开发区」与该门牌一并映射到旅顺口区的官方区划说明。,"https://sub1.dlust.edu.cn/xinxigk/index.asp （信息公开网逐字「部门：党政办公室 地址：大连市旅顺经济开发区滨港路999-26号 电话：0411-86245011 邮编：116052」）; https://sub2.dlust.edu.cn/kjcxcyzx/index.php 、https://sub2.dlust.edu.cn/jxjyapp/ （「中国·辽宁省大连市旅顺经济开发区滨港路999-26号」，同一功能区表述）; www.fabu91.com （大连微帮分类信息「大连市旅顺口区 地址：大连市旅顺经济开发区滨港路999-26号」——商业信息站，不采信）; 头条搜索「""滨港路999-26号""」「""旅顺口区滨港路999""」「大连科技学院 ""旅顺口区"" 滨港路」「大连市旅顺口区人民政府 大连科技学院 滨港路」「大连科技学院 中标公告 ""旅顺口区""」— 无政府/校方门牌级法定区原文; 头条 UGC 微头条「辽宁省大连市旅顺口区旅顺江西街道滨港路 世界和平公园」（用户内容，不采信）",2026-09-12
PROFILE2347_0,4121013213,锦州医科大学医疗学院,松山校区,辽宁省锦州市高新技术产业园区昆明街2A号,辽宁省,锦州市,D 功能区/大学城无法定区佐证,HARD-BLOCKED,yes,functional_zone_only,唯一可触达的官方表述使用功能区『高新技术产业园区』，无任何法定区名；锦州市太和区政府站内搜索的关键词参数不生效（无法枚举该区公告），辽宁省教育厅站内搜索无结果，锦州市公共资源交易网与辽宁省政府采购网均连接超时，无法取得「法定区 + 昆明街2A号」的逐字共现。,1) 学校官网首页及 4 个信息公开子页逐字核对；2) 锦州市太和区人民政府站内搜索（search.jsp 关键词被忽略）；3) 辽宁省教育厅站内检索（q=昆明街2A号 无结果）；4) 头条 SSR 搜索两组查询式（返回空结果页 / 仅学校与区政府首页）；5) 辽宁省政府采购网、锦州市公共资源交易网（超时不可达）；6) 通用搜索引擎全部被挡。,需要锦州市太和区人民政府（或松山新区管委会转发的区政府文件）、辽宁省教育厅的高校名单/办学许可、或该校招生章程中出现「太和区……昆明街2A号」这样的逐字共现。仅有『松山新区』『高新技术产业园区』不构成解锁。,http://www.jymu.edu.cn/ 、http://www.jymu.edu.cn/?about_43/ 、?about_24/ 、?about_46/ 、?about_22/ （页脚原文：学校地址：辽宁省锦州市高新技术产业园区昆明街2A号）; http://www.jzth.gov.cn/search.jsp?wbtreeid=1001&searchword=昆明街 （关键词未生效，返回默认『政府会议/最新文件』列表）; http://jyt.ln.gov.cn/search/pcRender?channelid=267538&...&q=昆明街2A号 （无结果）; https://so.toutiao.com/search?keyword=锦州医科大学医疗学院 太和区 昆明街 新校区; https://so.toutiao.com/search?keyword=太和区 昆明街2A号 （返回空结果页）; https://www.ccgp-liaoning.gov.cn/ （连接超时）,2026-09-12
PROFILE234_0,4165010760,新疆医科大学,新医路校区,新疆维吾尔自治区乌鲁木齐市新医路393号,新疆维吾尔自治区,乌鲁木齐市,E 无权威来源,RESOLVED,no,no_authoritative_source,official,,,https://www.xjmu.edu.cn/info/1308/12406.htm; https://www.xjmu.edu.cn/info/1058/13343.htm; https://www.xjmu.edu.cn/info/1058/12908.htm; site:xjmu.edu.cn 新医路校区 新市区,2026-09-12
PROFILE2351_1,4121013631,大连东软信息学院,博川校区,辽宁省大连市高新园区博川路8号,辽宁省,大连市,D 功能区/大学城无法定区佐证,HARD-BLOCKED,yes,functional_zone_only,官方与校方全部原文只写功能区「高新园区」，无行政区别名；「旅顺口区」线索仅来自商业地图与头条搜索建议，违反「禁止用地图 POI 单独定区」。,1) 校方三个站点（官网/教务部/招生网）逐字核对；2) 商业地图 POI 与头条相关搜索仅作线索；3) 头条多组门牌级精确检索（含甘井子区/旅顺口区/政府/自然资源/环评/土地出让/不动产登记）；4) 大连高新区管委会官网与金普新区企业服务平台。均无门牌级法定区原文。,需要任一新证据：(a) 大连市自然资源局／甘井子区或旅顺口区政府 的土地出让、规划许可批前公示、环评批复、不动产登记公告写出「旅顺口区（或甘井子区）博川路8号」；(b) 校方在采购/招标公告、章程或信息公开文件中写出博川校区的法定区；(c) 东软学院地块的宗地出让公告若标注法定区，可作地块级佐证。,"https://www.neusoft.edu.cn/ （博川校区仅「辽宁省大连市高新园区博川路8号」；软件园校区为甘井子区，属另一校区）; https://jw.neusoft.edu.cn/ （教务部「办公地点：大连市软件园路8号A9行政楼；大连市博川路8号E9行政楼」，无区名）; https://zs.neusoft.edu.cn/ （招生信息网「软件园校区：甘井子区软件园路8号；博川校区：高新园区博川路8号」）; dl.city8.com / map.360.cn 博川校区 POI（商业地图，不采信）; 头条搜索「""博川路8号"" 甘井子区」「""博川路8号"" 旅顺口区」「""旅顺口区博川路8号""」「博川路 黄泥川 土地 出让」「大连东软信息学院 博川校区 环评 建设项目」「博川路 不动产登记 公告」— 均无政府/校方门牌级原文; 大连高新区管委会官网 www.dlhitech.gov.cn （可访问，但博川路相关页未给出法定区）",2026-09-12
PROFILE2353_0,4121013599,大连艺术学院,校本部,辽宁省大连市金普新区同汇路19号,辽宁省,大连市,D 功能区/大学城无法定区佐证,RESOLVED,no,functional_zone_only,official,,,"https://yssjxy.dac.edu.cn/detail/1211_fe05cfdd0c165adc7476d24597792f01.html （命中：辽宁省大连市金州区同汇路19号大连艺术学院）; https://yssjxy.dac.edu.cn/; https://www.dac.edu.cn/display/16 （页脚仅金普新区）; so.toutiao.com/search?keyword=""同汇路19号"" 金州区; https://www.dljp.gov.cn/ （金普新区管委会，正文无同汇路）",2026-09-12
PROFILE2353_1,4121013599,大连艺术学院,老校区,辽宁省大连市经济技术开发区东北大街92号,辽宁省,大连市,D 功能区/大学城无法定区佐证,HARD-BLOCKED,yes,functional_zone_only,档案地址含功能区「经济技术开发区」+ 门牌「东北大街92号」，但穷尽校方站点全站检索（site:dac.edu.cn 检索「东北大街」「金州区」均零命中）、金普新区管委会 dljp.gov.cn 站内检索、辽宁省教育厅站内检索、精确门牌全网检索后，无任何官方/政府原文把该门牌与法定区「金州区」写在同一句/同一地址串。同址除校方功能区表述外仅有商业站点（dlscds.com「大连开发区东北大街92号-大连艺术学院文创园」），按红线不得单独作判据。另该校区为「老校区」，还须排除历史旧地址风险。,"已试路径：①校方一手站点（dac.edu.cn 及其子站，site: 运算符全站检索「东北大街」「金州区」）；②金普新区管委会 dljp.gov.cn 站内检索；③辽宁省教育厅 jyt.ln.gov.cn 站内检索；④精确门牌反查 so.toutiao.com「""东北大街92号""」「""东北大街92号"" 大连 开发区」；⑤政府土地/规划/采购类组合词检索。来源冲突：校方只给功能区「经济技术开发区」；商业文创园页给「大连开发区」；检索联想词给「金州区」但无出处。",需出现同时含「东北大街92号」与「金州区」（或明确法定区名）的官方原文，例如：大连市/金州区自然资源局或住建局对该宗地的批文、土地划拨/出让公示；金州区（或大连市）公安/消防/市场监管公示点名「金州区东北大街92号」；金普新区管委会正式公告中写出该门牌的法定区；或校方改版后在官方地址串中补出法定区。,"https://www.dac.edu.cn/ （原文：辽宁省大连市经济技术开发区东北大街92号(老校区)）; so.toutiao.com/search?keyword=""东北大街92号""; so.toutiao.com/search?keyword=""东北大街92号"" 大连 开发区; so.toutiao.com/search?keyword=site:dac.edu.cn 东北大街（零结果）; so.toutiao.com/search?keyword=site:dac.edu.cn 金州区（零结果）; so.toutiao.com/search?keyword=site:dljp.gov.cn 东北大街92号 （仅金普新区管委会泛泛新闻，正文无该门牌）",2026-09-12
PROFILE2365_2,4145014220,广西幼儿师范高等专科学校,东盟校区,广西东盟经济技术开发区发展大道2号,广西壮族自治区,南宁市,A 上一轮独立复核未通过,RESOLVED,no,独立复核要求降级人工复审（引文/地址挂钩未达 verified 门槛）,government,,,http://www.wuming.gov.cn/gk/fdzdgknr/shgysyjslygk/tpgjly/fpzjfphsy_43588/P020251222400948917225.xlsx; http://www.wuming.gov.cn/yw/gggs/P020260807346153571131.pdf; http://www.wuming.gov.cn/ (so-gov 站点检索 4501220001); https://www.gxyesf.edu.cn/,2026-09-12
PROFILE2374_0,4145014171,梧州职业学院,办学地点（档案未命名）,广西壮族自治区梧州市三龙大道88号,广西壮族自治区,梧州市,B 来源抓取失败,RESOLVED,no,source_inaccessible,official,,,https://www.wzzy.edu.cn/info/1121/54771.htm（已逐字核验）; https://www.wzzy.edu.cn/info/1121/54791.htm（已逐字核验）; https://www.wzzy.edu.cn/info/1121/54801.htm; 梧州市政府门户 gx-gbk-search / https 变体 → 000 不可达; https://zwfw.gxzf.gov.cn 省级检索 wyb_search.js → 不可用 SPA,2026-09-12
PROFILE237_0,4165010766,新疆财经大学,校本部,新疆维吾尔自治区乌鲁木齐市北京中路449号,新疆维吾尔自治区,乌鲁木齐市,E 无权威来源,RESOLVED,no,no_authoritative_source,official,,,https://www.xjufe.edu.cn/jwc/ → 页脚逐字「新疆财经大学教务处版权所有 / 地址：乌鲁木齐市新市区北京中路449号 / 邮编：830012」（命中）; https://www.xjufe.edu.cn/xxgk/xxjj/index.htm（上轮）→ 页脚仅「乌鲁木齐市北京中路449号」，无区名; https://wap.sogou.com/web/searchList.jsp?keyword=新市区北京中路449号 → 命中 中国政府采购网「新疆乌鲁木齐市新市区北京中路449号」、新疆招生网 PDF「乌鲁木齐市新市区北京中路449号」、新疆公共资源交易网「乌鲁木齐新市区北京中路449号」; https://www.xjufe.edu.cn/ 全站爬取(needle=新市区) → 仅检察院/法院友情链接; http://jwc.xjufe.edu.cn/ → 指向满客宝食堂管理后台，非教务处,2026-09-12
PROFILE2395_0,4133013292,中国计量大学现代科技学院,下沙校区,浙江省杭州市下沙高教园区学源街258号,浙江省,杭州市,F 历史/当前校区歧义,HARD-BLOCKED,yes,historical_current_ambiguity,记录地址门牌「学源街258号」与学院官网公布的自身下沙地址（学源街168号）冲突；且无官方/政府原文把「学源街258号」或「学源街168号」与法定区名同写；「下沙高教园区」是功能区，红线下不得翻译为钱塘区；下沙校区官方已明示「2022年全建制在义乌办学」，属历史校区。,1) 抓取学院官网站点，逐页核对：/28/list.htm《联系我们》得「浙江省杭州市下沙高教园区学源街168号」；/38/list.htm《校区位置》仅义乌；/35/list.htm 简介「2020年迁建至义乌办学，2022年全建制在义乌办学」。2) 反查精确门牌「学源街258号」「学源街168号」+ 区，仅命中母体中国计量大学各二级学院页脚（rw.cjlu.edu.cn「浙江省杭州市钱塘区学源街258号」、xxgcxy.cjlu.edu.cn「钱塘区学源街168号」），非本独立学院。3) 上一轮已试 zs.cjlu.edu.cn（HTTP 412）、jyt.zj.gov.cn（仅链接无地址）、gaokao.chsi.com.cn（HTTP 412）。,需出现以下任一：① 学院官网或政府原文（浙江省级/杭州市/钱塘区教育厅局、自然资源、招生章程）把「中国计量大学现代科技学院 下沙校区」与法定区名+学源街门牌同写；② 官方校方文件确认记录门牌 258 号确为本学院下沙校区地址并附法定区。仅凭母体「中国计量大学」二级学院页脚的「钱塘区学源街258号」不可解锁（属另一办学主体/另一校区）。,https://www.ldxk.edu.cn/28/list.htm — 学院官网《联系我们》：「地址：浙江省义乌市大学路8号 浙江省杭州市下沙高教园区学源街168号」（下沙门牌为168号，与记录258号不符）; https://www.ldxk.edu.cn/38/list.htm — 学院官网《校区位置》仅列「中国计量大学现代科技学院 浙江省义乌市大学路8号 邮编322002」「义乌校区：浙江省义乌市大学路8号」，无下沙校区; https://www.ldxk.edu.cn/35/list.htm — 学院简介：「2020年迁建至义乌办学，2022年全建制在义乌办学」; https://rw.cjlu.edu.cn/ — 母体中国计量大学人文与外语学院页脚「地址：浙江省杭州市钱塘区学源街258号」（非本独立学院，不可作本校区证据）; https://xxgcxy.cjlu.edu.cn/ — 母体信息工程学院页脚「浙江省杭州市钱塘区学源街168号」（非同实体）; https://so.toutiao.com/search?keyword=中国计量大学现代科技学院 钱塘区 下沙校区 — 无任何官方/政府原文把本学院与钱塘区同写,2026-09-12
PROFILE2407_1,4134013616,合肥经济学院,新桥校区,安徽省新站新桥国际产业园丰收大道22号,安徽省,合肥市,C 地址冲突,HARD-BLOCKED,yes,conflicting_address,校区实际位于淮南市寿县新桥国际产业园（法定区=寿县），寿县不在 allowed_districts（仅合肥市九区县）内；功能区名不可翻译，无任何原文可落在允许集内，故在本次判定框架下无法给出 d。,已抓取并逐字核对：https://www.hfue.edu.cn/ 与 /col32/index.html →「安徽省合肥市新站区学府路1号（高教基地校区）、新桥国际产业园丰收大道与蜀山大道交口（新桥校区）、安徽省合肥市经济技术开发区合安路218号（大学城校区）」；https://www.hfue.edu.cn/zsw/ →「高教基地校区:合肥市新站区学府路1号 新桥校区：新桥国际产业园丰收大道22号 大学城校区：合肥市经济技术开发区合安路218号」；https://www.hfue.edu.cn/xygk.htm → 仅120字节空壳；so.toutiao.com 检索「新桥国际产业园 寿县 炎刘镇」「合肥经济学院 新桥校区 寿县」→ 寿县政府/炎刘镇政务公开「寿县新桥国际产业园位于淮南市寿县炎刘镇」；ggzy.hefei.gov.cn 全量检索（wd=合肥经济学院）→ 命中 0。,需要以下任一新证据：(a) 安徽省或淮南市/合肥市联合发文明确该园区（或其部分地块）整建制划归合肥市某法定区（如肥西县），并载明校区门牌；(b) 校方招生章程写明「新桥校区：淮南市寿县新桥国际产业园丰收大道22号」并同步放宽本记录 allowed_districts 至含寿县；(c) 该项目用地规划许可/不动产登记文本（含法定区与门牌）。,https://www.hfue.edu.cn/ →「安徽省合肥市新站区学府路1号（高教基地校区）、新桥国际产业园丰收大道与蜀山大道交口（新桥校区）、安徽省合肥市经济技术开发区合安路218号（大学城校区）」; https://www.hfue.edu.cn/zsw/ →「新桥校区：新桥国际产业园丰收大道22号」; https://www.hfue.edu.cn/col32/index.html → 同上三校区合并表述; https://www.hfue.edu.cn/xygk.htm → 120字节空壳（JS渲染）; so.toutiao.com 检索「新桥国际产业园 寿县 炎刘镇」「合肥经济学院 新桥校区 寿县」; ggzy.hefei.gov.cn 全量检索 API（wd=合肥经济学院）,2026-09-12
PROFILE2407_2,4134013616,合肥经济学院,大学城校区,安徽省合肥市经济技术开发区合安路218号,安徽省,合肥市,D 功能区/大学城无法定区佐证,HARD-BLOCKED,yes,functional_zone_only,门牌「合安路218号」在官方来源中只与功能区「合肥市经济技术开发区」同现，全库检索无命中，无逐字法定区；第三方对区县归属互相矛盾，按红线不得作判据。,1) 校方招生网 https://www.hfue.edu.cn/zsw/ →「大学城校区：合肥市经济技术开发区合安路218号」；2) 校方学校简介 https://www.hfue.edu.cn/col32/index.html →「安徽省合肥市经济技术开发区合安路218号（大学城校区）」；3) ggzy.hefei.gov.cn 全量检索 API wd=合安路218号 / 合肥经济学院 → total=0；4) 头条检索「合肥经济学院 招生章程 办学地址 合安路218号」「合安路218号 合肥经济学院」→ 仅校方功能区页面，无写法定区的官方页面；5) https://www.hfue.edu.cn/ 及院系子站 → 均无区名。,需一份把「合安路218号」与法定区（蜀山区）逐字并列的政府或校方原文，例如合肥市/蜀山区政府的规划、用地或学校名录文档，或安徽省教育厅民办高校办学许可/年检文件中的带区地址。,https://www.hfue.edu.cn/zsw/ → 仅「合肥市经济技术开发区合安路218号」; https://www.hfue.edu.cn/col32/index.html → 仅「合肥市经济技术开发区合安路218号」; ggzy.hefei.gov.cn getFullTextDataNew (wd=合安路218号 / 合肥经济学院) → total=0; 头条检索「合肥经济学院 招生章程 办学地址 合安路218号」及「合安路218号 合肥经济学院」→ 仅 hfue.edu.cn 校方页面,2026-09-12
PROFILE2415_1,4134014203,皖江工学院,郑蒲港校区,安徽省马鞍山市郑蒲港新区河海中路666号,安徽省,马鞍山市,D 功能区/大学城无法定区佐证,HARD-BLOCKED,yes,functional_zone_only,门牌「河海中路666号」的原文一律写功能区「郑蒲港新区」；「和县」仅出现在商业号（和县人才网、掌上和州）与郑蒲港新区管委会官方号的宣传文中，且不同句、无门牌；和县政府网 DNS 解析失败、郑蒲港新区站点抓取为空，无法取得「和县+河海中路666号」的官方同句原文。,1) https://www.wjut.edu.cn/zhengpugangxiaoqu/ 与 https://www.wjut.edu.cn/zhengpugangxiaoqu/xiaoqugaikuang/pageinfo593.html （校方原文只写功能区，无「和县」）；2) 搜狗微信『皖江工学院 和县 河海中路666号』、「皖江工学院 郑蒲港校区 和县 姥桥镇」：唯一含门牌者为「和县人才网」（商业）「安徽省马鞍山市郑蒲港新区河海中路666号慎思楼(皖江工学院内…)」；「掌上和州」（商业）「安徽省马鞍山市和县姥桥镇皖江工学院(郑蒲港校区)」无门牌；「马鞍山郑蒲港新区管委会」官方号同篇出现「和县姥桥镇联合中心小学」与「皖江工学院郑蒲港校区」但不同句；3) http://www.hexian.gov.cn/ DNS 失败；http://zpg.mas.gov.cn/ 抓取为空；https://www.mas.gov.cn/ 无命中。,需和县人民政府或马鞍山市教育局、安徽省教育厅原文，同句写出「皖江工学院（郑蒲港校区）」与「和县」并挂到「河海中路666号」（如人大选举/学区划分/消防验收/事业单位登记）；或省教育厅公示的校区法定地址。,https://www.wjut.edu.cn/zhengpugangxiaoqu/ 与 https://www.wjut.edu.cn/zhengpugangxiaoqu/xiaoqugaikuang/pageinfo593.html （校方原文只写「安徽省马鞍山市郑蒲港新区河海中路666号」，无「和县」）; 搜狗微信『皖江工学院 和县 河海中路666号』：唯一含门牌者为商业号「和县人才网」（地址仍写郑蒲港新区）；「掌上和州」商业号写「和县姥桥镇皖江工学院(郑蒲港校区)」无门牌; 搜狗微信：马鞍山郑蒲港新区管委会官方号同篇出现「和县姥桥镇联合中心小学」与「皖江工学院郑蒲港校区」，未同句、无门牌; http://www.hexian.gov.cn/ DNS 失败；http://zpg.mas.gov.cn/ 抓取为空；https://www.mas.gov.cn/ 无相关命中,2026-09-12
PROFILE2418_0,4134014230,合肥信息技术职业学院,办学地点（档案未命名）,安徽省合肥市大学城九龙路115号（安徽大学新校区西门南500米）,安徽省,合肥市,D 功能区/大学城无法定区佐证,HARD-BLOCKED,yes,functional_zone_only,门牌「九龙路115号」在全量政务/采购检索与校方页面中均不带法定区；同页邻近条目（文忠路、学林路一带）区名标注互相矛盾（新站区/新站高新区/瑶海区混用），不能据此推断本门牌所属法定区。按红线不得由功能区推法定区。,1) 校方招生章程 http://www.hfitu.cn/zs/newscontent/53299/ →「地址：合肥市大学城九龙路115号」；2) 校方信息公开页 http://hfitu.cn/newstype1431_2020.html →「办公地址：安徽省合肥市大学城九龙路115号党政办公室」；3) 校方教务处考点公告 https://kszx.hfitu.cn/Kszx_News.asp?d_ID=1415 与页脚 →「考点地址：合肥市大学城九龙路115号」；4) 合肥人事考试考点表 http://www.hfrc.net/click.php?id=9574 →「14 合肥信息技术职业学院 合肥市大学城九龙路115号」；5) ggzy.hefei.gov.cn 全量检索 API wd=九龙路115号 → total=0；wd=合肥信息技术职业学院 → 6 条无关；6) 头条检索「蜀山区九龙路115号」「合肥市大学城 九龙路 蜀山区」→ 无写法定区的官方页面；7) https://www.hfyaohai.gov.cn/public/17371/108645491.html → HTTP 521。,需一份把「九龙路115号」与法定区（蜀山区）逐字并列的政府或校方原文，例如合肥市/蜀山区政府的规划、用地、消防或学校名录文档，或安徽省教育厅民办高校办学许可/年检文件中的带区地址。,http://www.hfitu.cn/zs/newscontent/53299/ → 仅「合肥市大学城九龙路115号」; http://hfitu.cn/newstype1431_2020.html → 仅「合肥市大学城九龙路115号」; https://kszx.hfitu.cn/Kszx_News.asp?d_ID=1415 → 仅「合肥市大学城九龙路115号」; http://www.hfrc.net/click.php?id=9574 → 仅「合肥市大学城九龙路115号」; ggzy.hefei.gov.cn getFullTextDataNew (wd=九龙路115号 / 合肥信息技术职业学院) → 0 / 无关; https://www.hfyaohai.gov.cn/public/17371/108645491.html → HTTP 521 不可达,2026-09-12
PROFILE2430_0,4136013431,南昌交通学院,黄家湖校区,江西省南昌市南昌经济技术开发区广兰大道899号,江西省,南昌市,D 功能区/大学城无法定区佐证,RESOLVED,no,functional_zone_only,corroborated,,,https://api.so-gov.cn/query/s 经开区站(siteCode=3601000081) 检索「广兰大道899号」— 9 条全部仅写「南昌经济技术开发区」; http://ncjk.nc.gov.cn/ncjkq/zfdt/202308/cc0263295d2444b5a512486ed44153fb.shtml → 「南昌交通学院 南昌经济技术开发区广兰大道899号」; https://www.nc.gov.cn/yshj/scjg/202106/5824642f4b064d29bfcfd43df15e0103/files/e97f1950e5ec41c688312285aca5896c.docx → 「南昌市广兰大道899号实验实训楼」; https://api.so-gov.cn/query/s 市站/新建区站/青山湖区站 检索「广兰大道899号」— 市站 2 条均无区名；新建区/青山湖区 0 条; https://edu.nc.gov.cn/ncjyj/twyc/202511/a39f71329d2c479b915b60c324a3a31f/files/关于印发2025年南昌市中小学生《国家学生体质健康标准》抽测工作方案的通知.pdf → 成功；考点表逐字「南昌市新建区广兰大道 899 号」,2026-09-12
PROFILE2433_0,4136013433,南昌航空大学科技学院,办学地点（档案未命名）,江西省南昌市赣江新区共青城市青年大道69号,江西省,南昌市,H 其他,HARD-BLOCKED,yes,other,地址中的法定县级单元是『共青城市』（九江市代管），而『赣江新区』只是功能区（红线：功能区名不是法定区），两者都不在 allowed_districts（全为南昌市各区县）中；不可能在允许闭集内给出合法 d。疑似该条分片归属有误，应归九江片。,以记录地址直接解析行政层级（赣江新区=功能区，共青城市=九江市代管县级市，区划代码 360482）；检索 query：『南昌航空大学科技学院 办学地点 共青城市 青年大道69号 属于哪个区』『赣江新区 共青城市 行政区划 归属 哪个市』；上一轮已核对地址不属于南昌市任何法定区（shard prev_reason 同结论）。,若该 campus 的 allowed_districts 由南昌市改为九江市（或加入共青城市），即可直接以共青城市官方来源（如共青城市人民政府/江西省教育厅对南昌航空大学科技学院共青城办学点的地址公示）落库；或提供该校在南昌市辖区内的真实办学点地址。,记录地址自证：赣江新区共青城市青年大道69号（赣江新区=功能区，共青城市为九江市代管县级市）; query: 南昌航空大学科技学院 办学地点 共青城市 青年大道69号 属于哪个区; query: 赣江新区 共青城市 行政区划 归属 哪个市,2026-09-12
PROFILE2442_0,4136014167,江西枫林涉外经贸职业学院,办学地点（档案未命名）,江西省赣江新区永修组团,江西省,九江市,A 上一轮独立复核未通过,HARD-BLOCKED,yes,独立复核要求降级人工复审（引文/地址挂钩未达 verified 门槛）,复攻已找到官方来源，但本条地址无路名/门牌，校区名为占位符「办学地点（档案未命名）」，来源既无法用地址锚也无法用校区名挂钩。,,,https://www.yongxiu.gov.cn/bmxzxxgk/bmgk/zrzyj/zdly/zrzy_308235/202404/t20240415_6496060.html → 命中（采用），逐字「永修县自然资源局收到江西枫林涉外经贸职业学院改扩建（二期）项目规划设计方案报批申请及有关材料。」及「一、项目位置：江西省永修县艾城镇」; https://www.yongxiu.gov.cn/bmxzxxgk/bmgk/zrzyj/zdly/zrzy_308235/202303/t20230323_5979540.html → 同一学校同类公示，逐字「一、项目位置：江西省永修县艾城镇」,2026-09-12
PROFILE2446_0,4141014245,新乡职业技术学院,校本部,河南省新乡经济技术开发区经三路6号,河南省,新乡市,D 功能区/大学城无法定区佐证,HARD-BLOCKED,yes,functional_zone_only,法定区原文缺失：①中国政府采购网（政府源）中采购单位「新乡职业技术学院」的全部公告地址为「河南省新乡市经济技术开发区经三路六号」或「新乡市经济技术开发区经三路6号」，逐份扫描未见红旗区/牧野区；②公告中唯一的「红旗区」是代理机构地址（河南省中业兴盛工程管理有限公司 红旗区金穗大道东98号），属第三方，不能佐证；③校方 https://www.xxvtc.edu.cn/ 与 https://zs.xxvtc.edu.cn/ 页脚均为「河南省新乡市经济技术开发区经三路六号」；④河南政务服务网/公网安备六位码等不含区名逐字，按规则不可用。,1) 中国政府采购网关键词「新乡职业技术学院」抓取 25 份公告逐份扫描地址行与「红旗区/牧野区/经三路」上下文（红旗区仅代理机构地址）；2) https://www.xxvtc.edu.cn/ 首页页脚；3) https://zs.xxvtc.edu.cn/ 招生页脚；4) http://www.ccgp.gov.cn/cggg/dfgg/gkzb/202609/t20260909_27292433.htm（采购人地址 河南省新乡市经济技术开发区经三路六号）；5) 头条检索「新乡职业技术学院 经三路6号 红旗区 地址」。,需「红旗区（或牧野区）+ 经三路6号」同句的权威原文：如新乡市自然资源和规划局对该校用地的供地/规划公示、政府采购公告中采购人地址写出法定区、河南省教育厅公示，或学校信息公开页写出法定区的校区地址。,中国政府采购网 ccgp 关键词「新乡职业技术学院」逐份公告扫描（采购单位地址一律 新乡市经济技术开发区经三路六号/经三路6号；红旗区仅代理机构地址）; http://www.ccgp.gov.cn/cggg/dfgg/gkzb/202609/t20260909_27292433.htm; https://www.xxvtc.edu.cn/（页脚：河南省新乡市经济技术开发区经三路六号）; https://zs.xxvtc.edu.cn/（同上）; https://so.toutiao.com/search?keyword=新乡职业技术学院 经三路6号 红旗区 地址,2026-09-12
PROFILE2447_1,4141014251,驻马店职业技术学院,北校区,河南省驻马店市学院路和顺河路交叉口西北,河南省,驻马店市,E 无权威来源,HARD-BLOCKED,yes,no_authoritative_source,记录地址无门牌且无任何来源命中；可用政府来源指向的是该校另外两条地址，属「同校其他地址」不可用；校网与规划公示均无法定区。,①驻马店市政府门户 TRS 全文检索多组关键词（职业技术学院北校区／学院路与顺河路／学院路 顺河路 西北／置地大道517号／盘龙山路2628／学院路 用地位置）；②逐字核读《驻马店市职业教育学校名录》《2019年1月/2月建设用地规划许可》《规划核实台账》等政府表格；③学校官网全站与站内检索（检索应用显示「应用维护中！」）；④河南省政府采购网检索；⑤对同市其他技校同名交叉口做排除（河南交通技师学院 驿城大道与顺河路交叉口西北侧）。,需要以下任一新证据：①驻马店市自然资源和规划局对该北校区宗地的建设用地规划许可／规划核实／不动产登记，用地位置写到「驿城区学院路与顺河路交叉口…」；②驻马店市教育局或该校官网写「北校区地址：驻马店市XX区学院路…号」；③《驻马店职业技术学院章程》（2025-06-25 校网发布）原文中出现该校区地址与法定区同句。,http://www.zhumadian.gov.cn/nmsearch/trssearch/searchAll.do?siteId=4&searchTag=all&allKeywords=职业技术学院北校区（493条）／学院路与顺河路／学院路 顺河路 西北／置地大道517号 → 无该交叉口地址的区名; https://www.zhumadian.gov.cn/zwgk/zdly/shgysyjsly/jy/zycrhgdjy/202512/t20251215_675547.html 《驻马店市职业教育学校名录》→「15 驻马店职业技术学院｜驻马店市驿城区置地大道517号、驻马店市驿城区盘龙山路北段」（路名与记录地址不符）; https://www.zhumadian.gov.cn/zwgk/zdly/zdjsxmpzhssly/pzjgxx/qt/201908/t20190802_59711.html 迁建项目选址、用地规划许可批前公示 → 正文为空; https://www.zhumadian.gov.cn/zwgk/zdly/zdjsxmpzhssly/pzjgxx/jsydghxkzhf/201903/t20190301_59368.html →「河南省交通高级技工学校 驿城大道与顺河路交叉口西北侧」属他校; https://www.zmdvtc.edu.cn/ 官网全站与 xxgk.htm（站内检索应用维护中）→ 无该交叉口地址的区名; https://zfcg.henan.gov.cn/henan/search?q=驿城区学院路 → 仅1条无关结果,2026-09-12
PROFILE245_3,4151010623,西华大学,宜宾校区,四川省宜宾市临港经济技术开发区大学城路三段1号,四川省,宜宾市,D 功能区/大学城无法定区佐证,HARD-BLOCKED,yes,functional_zone_only,记录地址「四川省宜宾市临港经济技术开发区大学城路三段1号」由功能区「临港经济技术开发区」「大学城」构成。校方侧：西华大学官网页脚仅成都本部地址；宜宾校区站点 yb.xhu.edu.cn 直连 000 不可达，本轮复测仍不可达。政府侧：翠屏区政府站内检索为 Inspur IRS 前端 SPA（https://www.cuiping.gov.cn/irs-c-web/search.html?tenantId=7005&code=18808a495c2&searchWord=大学城路三段 返回 395KB 模板页，正文为「加载中」，检索结果由 JS 拉取），页面内未暴露可直调的服务器端检索接口；宜宾市政府 irs-a-web 端点 /irs-a-web/search.shtml 返回 nginx 404。故未能取得「大学城路三段1号」+法定区同句原文。,https://www.cuiping.gov.cn/irs-c-web/search.html?tenantId=7005&code=18808a495c2&searchWord=大学城路三段（IRS 前端 SPA，正文「加载中」）；https://www.yibin.gov.cn/irs-a-web/search.shtml?tenantId=5115000001&searchWord=大学城路三段（nginx 404）；https://www.cuiping.gov.cn/site/cpqrmzf/search.html?searchWord=大学城路三段1号（404，_searchConfig.js 直取亦为 404 跳转页，排除 TRS isearch 路径）；https://yb.xhu.edu.cn/（上一轮与本轮均连接 000）；https://www.xhu.edu.cn/（页脚仅「地址：中国·四川·成都市 西华大学(610039)」）；https://so.toutiao.com/search?keyword=宜宾市翠屏区临港经济技术开发区大学城路三段（无命中）。,解锁所需新证据：宜宾市、翠屏区或三江新区（宜宾临港经开区）任一官方来源在同一句内同时写出「大学城路三段1号」与法定区名，或写出该校区对应宗地编号+法定区。可预期形态：宜宾临港经济技术开发区/三江新区管委会的供地或划拨批复、宜宾市自然资源和规划局的规划许可批后公示、环评受理公示、宜宾市公共资源交易中心的施工/监理招标公告（标的地址栏），或宜宾市翠屏区教育局的办学许可地址登记。因三江新区横跨翠屏区与南溪区，必须有门牌级同句原文方可落定。,https://www.cuiping.gov.cn/irs-c-web/search.html?tenantId=7005&code=18808a495c2&searchWord=大学城路三段; https://www.cuiping.gov.cn/site/cpqrmzf/search.html?searchWord=大学城路三段1号; https://www.yibin.gov.cn/irs-a-web/search.shtml?tenantId=5115000001&searchWord=大学城路三段; https://yb.xhu.edu.cn/; https://www.xhu.edu.cn/,2026-09-12
PROFILE2464_1,4143012343,湖南生物机电职业技术学院,马坡岭校区,湖南省长沙市远大二路247号,湖南省,长沙市,E 无权威来源,RESOLVED,no,no_authoritative_source,official,,,https://zsjy.hnbemc.edu.cn/channel/1886/2026/0610/detail-71450.html（招生就业处《湖南生物机电职业技术学院2026年普招章程》页面，含 PDF 下载链接）; https://dfs.hnbemc.edu.cn//2026/06/10/20260610080541738ybt2n6.pdf（章程 PDF 原文，逐字含「湖南省长沙市芙蓉区远大二路 247 号（马坡岭校区）」）; pdftotext -enc UTF-8 抽取核对（D:/onboard/.scratch/hn2.pdf → hn2.txt）,2026-09-12
PROFILE2497_1,4151013673,成都外国语学院,宜宾校区,四川省宜宾市临港经济技术开发区大学城路三段216号,四川省,宜宾市,A 上一轮独立复核未通过,RESOLVED,no,独立复核要求降级人工复审（引文/地址挂钩未达 verified 门槛）,government,,,https://sjxq.yibin.gov.cn/zwgk/jgsz/xxjdzx/202301/t20230105_1809516.html → 命中（采用），逐字「五、办公地址：四川省宜宾市翠屏区双城街道大学城路三段222号（邮政编码：644000）」; https://www.sceea.cn/GZDZ/Html/136730.html → 四川省教育考试院，逐字「宜宾校区：四川省宜宾市翠屏区大学路三段 216号」（门牌一致但路名少「城」字，与记录不符，弃用）; https://www.yibin.gov.cn/xxgk/rdgz/202010/t20201022_1366651.html → 仅述启用仪式，正文无地址、无区名; https://yibin.cdisu.edu.cn/ → 校方页脚无地址、无区名,2026-09-12
PROFILE2504_0,4151014176,四川现代职业学院,办学地点（档案未命名）,四川省成都市西南航空港华创路1号,四川省,成都市,G 复核通过但未过机器门禁,HARD-BLOCKED,yes,quote not tied to record address '四川省成都市西南航空港华创路1号',仲裁接受但未过机器门禁: 引文挂不到本条地址 '四川省成都市西南航空港华创路1号'（该记录有路名/门牌，不允许用校区名挂钩）,,,"curl https://www.scmvc.cn/SiteHtml/1938/ （学校简介：正文『位于成都市双流区』逐字命中，采用）; curl 全站页脚扫描：/SiteHtml/1932/ 1934 1935 1962 1963 1965 1966 1967 + zhaosheng.scmvc.cn/SiteHtml/1971,1971/61986.html,1973,1973/61181.html,2003 — 页脚统一为『成都市西南航空港双华路三段华创路1号』（无区名）; curl https://search.scmvc.cn/ 命中『学院地址：成都市西南航空港华创路1号(双华路三段） 邮编：610207』（与记录地址门牌路名完全一致，但同样无区名）; https://edu.sc.gov.cn/guestweb4/s?siteCode=5100000016&searchWord=四川现代职业学院 / 华创路 / 章程核准 → 仅命中新闻与2015年公办高校章程核准书，无该校带区名地址; https://gaokao.chsi.com.cn/ （阳光高考，HTTP 412 反爬，未绕过）；www.shuangliu.gov.cn（HTTP 412）；ccgp 检索（IP 被『访问过于频繁』拦截，未绕过）; 搜索引擎全线不可用：so.com→qcaptcha、cn.bing.com→无关结果、duckduckgo(lite/html)→anti-bot、mojeek→403、yandex→SmartCaptcha",2026-09-12
PROFILE2506_0,4137013355,烟台工程职业技术学院,办学地点（档案未命名）,山东省烟台市经济技术开发区珠江路92号,山东省,烟台市,D 功能区/大学城无法定区佐证,HARD-BLOCKED,yes,functional_zone_only,门牌「珠江路92号」已有官方原文，但官方原文（校方章程、省自考助学名单、省普通话站点汇总）一律只写功能区「烟台经济技术开发区/开发区」，无任何法定区；法定区表述仅来自商业门户「烟台大学生网」，属红线禁止的单独定区来源，福山区/芝罘区之间无法用现有权威原文判定。,1) 校方 https://www.ytetc.edu.cn/content/about.html 与 https://zs.ytetc.edu.cn/news/show-751.html （2026招生章程）：均为「烟台经济技术开发区珠江路92号」；2) 山东省自考助学合格组织公告（威海教育转发）：「烟台工程职业技术学院 烟台市开发区珠江路92号」；3) 山东省普通话水平测试机构汇总：「烟台开发区珠江路92号」；4) 搜狗微信检索『烟台工程职业技术学院 珠江路92号 福山区』：命中仅「烟台大学生网」（商业）与烟台市职业培训行业协会榜单；5) 第三方 city8地图/掌上高考 写福山区，仅线索。,需出现烟台市（或福山区、芝罘区）人民政府、烟台市教育局、山东省教育厅等政府/教育主管部门的原文，同句写出「烟台工程职业技术学院」与法定区名并挂到「珠江路92号」；或该校事业单位法人登记/办学许可证载明含法定区的注册地址。,https://www.ytetc.edu.cn/content/about.html 与 https://zs.ytetc.edu.cn/news/show-751.html （校方官网与2026招生章程：均为「烟台经济技术开发区珠江路92号」，功能区）; 搜狗微信『烟台工程职业技术学院 珠江路92号 福山区』：唯一命中「烟台大学生网」（商业门户）写「山东省烟台市福山区珠江路92号」；校方账号只写「烟台经济技术开发区珠江路92号」; 山东省高等教育自学考试年检合格社会助学组织信息公告（威海教育）：烟台工程职业技术学院 烟台市开发区珠江路92号; 山东省普通话水平测试机构(站点)汇总：烟台工程职业技术学院普通话培训测试站 地址：烟台市烟台开发区珠江路92号; 第三方 city8地图、掌上高考 写「福山区」仅作线索,2026-09-12
PROFILE2511_0,4137014242,山东理工职业学院,主校区,山东省济宁市太白湖新区济宁大道37号,山东省,济宁市,A 上一轮独立复核未通过,HARD-BLOCKED,yes,独立复核要求降级人工复审（引文/地址挂钩未达 verified 门槛）,记录地址为「山东省济宁市太白湖新区济宁大道37号」，「太白湖新区」「北湖省级旅游度假区」均为功能区。学校官网（sdpu.edu.cn、lib.sdpu.edu.cn）页脚逐字为「山东理工职业学院 地址：山东省济宁市太白湖新区济宁大道37号 邮政编码：272067」，恰为记录原文，且无任何法定区。政府侧全部来源指向功能区而非任城区：济宁市抽检公示「山东省济宁市北湖省级旅游度假区许庄街道荷花路6号（山东理工职业学院）」、5G 覆盖清单「217 太白湖区 许庄街道 北湖书香名邸 重点场景 济安桥南路山东理工学院西门北」。本轮对任城区政府站（rencheng.gov.cn）与济宁市政府站（jining,1) 学校官网两处页脚地址比对——只有功能区；2) 任城区政府站 TRS 全量检索「济宁大道37号」「山东理工职业学院」「济宁大道」共 38 条命中，逐条核验无任城区+济宁大道37号配对；3) 济宁市政府站 TRS 检索「济宁大道37号」「山东理工职业学院」，命中同为功能区（太白湖新区/北湖省级旅游度假区）表述或无地址的学校动态；4) 今日头条搜索火调「双随机」线索，未获该校抽查公示；5) 前轮已核的济宁 5G 清单、抽检公示、低保公示均不能地址挂钩。,需要一份把「任城区」与「济宁大道37号」写在同一句/同一单元格的政府或学校来源——最可能是太白湖新区（或其托管前的任城区）行政区划调整文件、济宁市任城区消防救援大队或许庄街道的「双随机、一公开」抽查公示（列出「山东理工职业学院 … 任城区济宁大道37号」）、该校事业单位登记地址，或济宁市自然资源和规划局的该宗地权籍/规划公示。若确认太白湖新区整体由任城区托管且公示文件采用「济宁市任城区济宁大道37号」写法，即可解锁。,https://www.sdpu.edu.cn/; https://lib.sdpu.edu.cn/; http://www.rencheng.gov.cn/jsearchfront/interfaces/cateSearch.do?websiteid=370811000000000&q=济宁大道37号; http://www.rencheng.gov.cn/jsearchfront/interfaces/cateSearch.do?websiteid=370811000000000&q=山东理工职业学院; https://www.jining.gov.cn/jsearchfront/interfaces/cateSearch.do?websiteid=370800000000000&q=济宁大道37号; https://so.toutiao.com/search?keyword=任城区消防救援大队 山东理工职业学院,2026-09-12
PROFILE2518_1,4137013379,潍坊理工学院,中心校区,山东省潍坊市经济开发区民主街7777号,山东省,潍坊市,D 功能区/大学城无法定区佐证,RESOLVED,no,functional_zone_only,government,,,"http://www.hanting.gov.cn/98/988a1af457790bc0b701790d768c740016/2087824616688062464.html; 潍坊市站群统一搜索接口(els-service, http://www.wfjj.gov.cn/els-service/search/new/1/10) 检索「民主街7777号」「潍坊理工学院」「寒亭区」; http://www.wfit.edu.cn/html/cn/about/xuexiaojianjie 与 2026招生章程 (仅写功能区『经济开发区民主街7777号』); http://www.hanting.gov.cn/col/... 寒亭区政务公开站内检索",2026-09-12
PROFILE2519_0,4137013373,聊城大学东昌学院,办学地点（档案未命名）,山东省聊城市北外环路266号,山东省,聊城市,E 无权威来源,RESOLVED,no,no_authoritative_source,official,,,https://www.lcudcc.edu.cn/ssjg.jsp?wbtreeid=1001 (博达站内检索「东昌府区」「北外环路」); https://www.lcudcc.edu.cn/info/1070/4762.htm,2026-09-12
PROFILE251_1,4133010343,温州医科大学,学院路校区,温州市学院西路82号,浙江省,温州市,C 地址冲突,RESOLVED,no,conflicting_address,official,,,https://zhaosheng.wmu.edu.cn/info/3159/16931.htm → 温州医科大学2020年全日制普通本专科招生章程「第九条 办学地点：茶山校区位于温州市茶山高教园区，学院路校区位于温州市鹿城区学院西路82号。」【采纳】; https://zhaosheng.wmu.edu.cn/info/3159/17412.htm → 2026年普通高校招生章程「学院路校区：温州市鹿城区学院西路268号」（区一致，门牌不同，仅作佐证）; https://zhaosheng.wmu.edu.cn/info/3159/16881.htm → 2025年普通高校招生章程「学院路校区：温州市学院西路 82 号」（门牌与本条一致，无区名）; https://zhaosheng.wmu.edu.cn/info/3159/16921.htm / 16901.htm / 16891.htm → 2021/2022/2023/2024 章程均为「学院路校区：温州市鹿城区学院西路268号」; https://jjxy.wmu.edu.cn/ 及 https://jjxy.wmu.edu.cn/info/1382/16451.htm → 继续教育学院地址「温州市鹿城区学院西路270号」（同校区、同路、同区）,2026-09-12
PROFILE255_0,4133010349,绍兴大学,校本部,浙江省绍兴市环城西路508号,浙江省,绍兴市,C 地址冲突,HARD-BLOCKED,yes,conflicting_address,记录地址（环城西路508号）与学校官方地址（城南大道1077号/越城区）不一致，且环城西路508号在官方与政府来源中均无出处；不得用同校另一地址的区覆盖本条。,1) https://www.usx.edu.cn/ 官网页脚与「学校简介」页（仅见「地址：绍兴市城南大道1077号」，无环城西路508号、无越城区与地址同现）；2) so-gov 越城区 siteCode 330602000000 查「环城西路」「文理学院」（返回空）；siteCode 330601000000 报「不存在的站点」；3) so.toutiao.com 检索「绍兴大学 河东校区 环城西路508号」「环城西路508号 是哪个区」「绍兴 环城西路 更名 城南大道 文理学院」（无权威来源）。,需要绍兴市或越城区政府、浙江省教育厅文件以「绍兴市越城区环城西路508号 + 绍兴大学（校本部/河东校区）」形式表述（如政府征收/规划/采购公告、事业单位登记住所、省教育厅招生章程）；或确认环城西路改名为城南大道的官方路名变更文件（若成立则可把记录地址与校方地址对齐后重判）。,https://www.usx.edu.cn/; https://api.so-gov.cn/query/s siteCode=330602000000 qt=环城西路; https://api.so-gov.cn/query/s siteCode=330602000000 qt=文理学院; https://so.toutiao.com/search?keyword=绍兴大学 河东校区 环城西路508号; https://so.toutiao.com/search?keyword=环城西路508号 是哪个区; https://so.toutiao.com/search?keyword=绍兴 环城西路 更名 城南大道 文理学院,2026-09-12
PROFILE2628_0,4145013645,南宁理工学院,南宁校区,广西南宁市广西-东盟经济技术开发区发展大道16号,广西壮族自治区,南宁市,A 上一轮独立复核未通过,RESOLVED,no,独立复核要求降级人工复审（引文/地址挂钩未达 verified 门槛）,government,,,https://www.gxeea.cn/view/content_1168_31131.htm; http://www.wuzhou.gov.cn/ztjj_1/ggqsyxxgkzt/jyly/jsgl/t18795322.shtml; Toutiao: 南宁理工学院 南宁校区 东盟经济技术开发区 发展大道16号; Toutiao: 南宁理工学院 武鸣区 发展大道,2026-09-12
PROFILE2649_0,4115014283,呼伦贝尔职业技术学院,办学地点（档案未命名）,呼伦贝尔市中心城新区规划3道街,内蒙古自治区,呼伦贝尔市,A 上一轮独立复核未通过,HARD-BLOCKED,yes,独立复核要求降级人工复审（引文/地址挂钩未达 verified 门槛）,唯一能把该校与该地址挂钩的政府记录只用功能区名『中心城新区』（乃至『市辖区』），没有任何来源在同一可引用原文中给出法定区『海拉尔区』+该校地址；ccgp 行政区域的『海拉尔区』与『市辖区』互相冲突，无法据以定区，而功能区→法定区的翻译属绝对红线。证据不足以落库。,1) 中国政府采购网逐条直连抓取公告（t20240802_22794760、t20241014_23359731、t20240626_22470434 等），核对 行政区域 / 采购单位地址 字段：行政区域在『海拉尔区』与『市辖区』间不一致，且与采购单位地址不在同一可引用片段；2) 内蒙古政府采购网采购合同 PDF，地址写作『内蒙古自治区呼伦贝尔市市辖区呼伦贝尔市中心城新区规划3道街』；3) 学校官网 hlbrzy.com 首页/学院简介全站检索，仅有『中心城新区规划3道街』，无海拉尔区；4) 呼伦贝尔市政府 hlbe.gov.cn、教育局 jyj.hlbe.gov.cn、海拉尔区政府 hailr.gov.cn（Vue SPA 无服务端检索内容）；5) 呼伦贝尔人才网 hlbrrc.com.cn 与全国计算机等级考试 ncre.neea.edu.cn 考点表；6) Toutiao / Sogou 多组查询式（含『呼伦贝尔市海拉尔区中心城新区规划3道街』『呼伦贝尔职业技术学院 海拉尔区 中心城新区』）。均未得到可引用原文。,需要一份政府或教育主管部门原文，在同一条记录/同一段落里同时出现『海拉尔区』与该校（或该校地址『中心城新区规划3道街』），例如：呼伦贝尔市人力资源和社会保障局/人才服务与人事考试中心的事业单位招聘岗位表，单位所在地字段直接写『海拉尔区』并对应『呼伦贝尔职业技术学院』；或教育考试部门考点表逐行写『呼伦贝尔职业技术学院｜海拉尔区｜中心城新区规划三道街』；或内蒙古/呼伦贝尔政府采购公告的『采购单位地址』字段本身即含『海拉尔区』（如『呼伦贝尔市海拉尔区中心城新区规划3道街』）。任一此类证据到手即可解锁为 accept（doorplate 或 name 挂钩视地址形态而定）。,http://www.ccgp.gov.cn/cggg/dfgg/... t20240802_22794760 / t20241014_23359731 / t20240626_22470434 (行政区域=市辖区，与海拉尔区冲突); https://ccgp-neimenggu.gov.cn/uploader/upload/commoninfo/2023/5/24/1684899137692_637.pdf (地址写 市辖区 中心城新区规划3道街); https://www.hlbrzy.com/ (学校官网首页/简介：仅有 中心城新区规划3道街，无海拉尔区); https://www.hlbe.gov.cn/; http://www.hailr.gov.cn/ (Vue SPA，无服务端渲染检索); http://jyj.hlbe.gov.cn/,2026-09-12
PROFILE2663_0,4132014293,宿迁泽达职业技术学院,办学地点（档案未命名）,江苏省宿迁市湖滨新区学成路666号,江苏省,宿迁市,D 功能区/大学城无法定区佐证,HARD-BLOCKED,yes,functional_zone_only,学成路666号在全部宿迁市政府索引文本中不存在（精确短语0条），该校的政府记录一律写作“湖滨新城/湖滨新区”功能区，从未与宿豫区或宿城区同句；同路名其他门牌（学成路1号宿迁高等师范学校、学成路2号宿迁开放大学）也都只写“湖滨新区”，无门牌级法定区来源，故无法构造合规 evidence_quote。,宿迁市政府站内检索 12 组关键词（含精确短语“学成路666号”命中0条、以及“学成路 宿豫区”“宿豫区湖滨新区”“泽达职业技术学院 宿豫区”等）；核查市烟草专卖局许可证公告、市教育局法治副校长通知、市人社局购房券公示、市发改委规划批复、市政府“宿寻千味”名单。均未取得“宿豫区（或宿城区）+ 学成路666号”同句可逐字引用文本。,需要宿迁市/宿豫区（或宿城区）的土地划拨或规划许可公示、门牌（地名）批准文件、区级市场监管/卫生/消防行政检查或许可记录，把“宿豫区”（或“宿城区”）与“学成路666号”（或“学成路”）写入同一句可逐字引用文本。,"宿迁市政府站内检索 http://www.suqian.gov.cn/search4/s?searchWord=…&siteCode=3213000002 ：精确短语""学成路666号""（0条）、""湖滨新区学成路666号""、""泽达职业技术学院""、""泽达职业技术学院 宿豫区""、""泽达学院 宿豫""、""学成路 宿豫区""、""宿豫区湖滨新区""、""学成路 门牌 命名""、""泽达职业技术学院 食堂""、""泽达职业技术学院 食品经营许可""; 宿迁市烟草专卖局《收回烟草专卖许可证公告》; 宿迁市教育局《关于聘任市直学校法治副校长的通知》（宿教发〔2025〕17号）; 宿迁市人社局《宿迁市中心城区2025年下半年线下人才“购房券”拟兑现名单公示》; 宿迁市《“宿寻千味”鱼鲜美食体验店、全鱼宴金牌美食店名单》（含宿豫区湖滨新区 玉兰路5号，仅同功能区不同道路）",2026-09-12
PROFILE2677_0,4141014303,郑州信息工程职业学院,南校区,郑州市中原西路桃贾路19号,河南省,郑州市,C 地址冲突,HARD-BLOCKED,yes,conflicting_address,唯一权威文本（河南省教育厅招生章程）只写到「郑州市中原西路桃贾路19号」，无任何法定区；第三方来源既无区又与官方门牌冲突；不得以邮编推区。,1) http://m.jyt.henan.gov.cn/2022/05-24/2454963.html （河南省教育厅：办学地点/学校地址均为「河南省郑州市中原西路桃贾路19号」，无区）；2) http://www.zxxyedu.com/ （校方官网，首页无地址文本）；3) http://www.zhengzhou.gov.cn/ （search.jspx 平台，无 so-gov siteCode，站内检索未取到含区结果）；4) so.toutiao.com 检索「郑州信息工程职业学院 南校区 地址 荥阳 桃贾路」「郑州信息工程职业学院 桃贾路19号 荥阳」「河南省教育厅 郑州信息工程职业学院 招生章程 2026」。,需要郑州市或荥阳市政府、河南省教育厅以「中原区（或荥阳市）+ 中原西路桃贾路19号 + 郑州信息工程职业学院」形式出具的文件（土地/规划公示、消防或环评公示、事业单位登记、招生章程带地址栏），或校方官网页脚给出带法定区的南校区地址。,http://m.jyt.henan.gov.cn/2022/05-24/2454963.html; http://www.zxxyedu.com/; http://www.zhengzhou.gov.cn/; https://so.toutiao.com/search?keyword=郑州信息工程职业学院 南校区 地址 荥阳 桃贾路; https://so.toutiao.com/search?keyword=郑州信息工程职业学院 桃贾路19号 荥阳,2026-09-12
PROFILE267_1,4151010624,中国民用航空飞行学院,成都天府校区,四川省成都市东部新区未来科技城福田街道,四川省,成都市,D 功能区/大学城无法定区佐证,HARD-BLOCKED,yes,functional_zone_only,本条无路名无门牌，只能走“校区名挂钩”例外，而例外门槛是同一句内同时出现“天府校区”和法定区名。目前所有可得官方原文（学校招生网、学校官网）只出现功能区“东部新区”和“福田街道”，无“简阳市”；成都市与简阳市政府网站均不可达（412/DNS 不解析），四川省两级政府检索未命中，故例外无法满足。按红线禁止把“东部新区托管简阳市”当作翻译依据。,①学校招生网与官网原文逐字核对（确认无“简阳市”）；②成都市政府（412）、简阳市政府（DNS）、成都东部新区（DNS）三个门户可达性测试；③四川省卫健委与教育厅的开普云检索（api.so-gov）四组关键词；④Toutiao 精确短语与背景检索。均未产生“天府校区＋简阳市”同句文本。,需要以下任一新证据：①简阳市人民政府或成都东部新区管委会网站恢复可访问，且站内检索能命中把“中国民用航空飞行学院天府校区”（或“天府校区”）与“简阳市”写入同一句的政府文书（如征地公告、项目批复、医疗机构执业登记公示）；②四川省发展改革委/教育厅对天府校区项目的批复文件中写明“简阳市福田街道”；③天府校区医务室等驻校机构在简阳市卫生健康局的执业登记公示（机构名称含“天府校区”、地址含“简阳市”）。,https://zsc.cafuc.edu.cn/info/1002/1434.htm (中国民用航空飞行学院招生网原文“学院天府校区位于四川省成都市东部新区福田街道，距成都天府国际机场约5公里…”，全文无“简阳市”); https://www.cafuc.edu.cn/ (学校官网，页脚无天府校区门牌); https://www.chengdu.gov.cn/ (HTTP 412 Precondition Failed，不可读); https://www.jianyang.gov.cn/ 与 https://www.scjy.gov.cn/ (简阳市人民政府，DNS 不解析／412); https://www.cddbxq.gov.cn/ 与 https://cddbxq.chengdu.gov.cn/ (成都东部新区，DNS 不解析); POST https://api.so-gov.cn/query/s?siteCode=5100000053 (四川省卫生健康委员会) 检索 “天府校区”、“民航飞行学院 天府”、“福田街道 医务室” → 0 条,2026-09-12
PROFILE273_2,4151010622,四川轻化工大学,宜宾校区,四川省宜宾市三江新区白塔路1号,四川省,宜宾市,D 功能区/大学城无法定区佐证,HARD-BLOCKED,yes,functional_zone_only,唯一官方原文写功能区「三江新区」，不含法定区；指向「翠屏区」的只有地图 POI、百科与商业页，均被规则禁止单独用于定区，且无门牌级政府/校方原文。,1) 校方官网与招生网逐字核对；2) 360地图／高德／city8 等 POI 仅作线索（不采信）；3) 宜宾市人民政府与宜宾市生态环境局相关政府文件检索；4) 头条多组含「翠屏区白塔路1号」精确短语检索；5) 尝试宜宾市地名公告。均无门牌级法定区原文。,需要任一新证据：(a) 宜宾市翠屏区人民政府／宜宾市自然资源和规划局／三江新区管委会 的官方文件写出「翠屏区白塔路1号」或「翠屏区…临港…白塔路1号」；(b) 学校官方页（章程、采购/招标公告、信息公开）把宜宾校区地址写成「翠屏区…白塔路1号」；(c) 宜宾市人民政府正式发布的道路命名/地名公告若将该路段明确划入翠屏区，可作为道路级佐证（address_match=road）供人工裁定。,"https://www.suse.edu.cn/ （页脚逐字「宜 宾 校 区：四川省宜宾市三江新区白塔路1号」，另三个校区均写法定区，唯宜宾校区写功能区）; https://zs.suse.edu.cn/ （招生就业处页只写自贡市自流井区汇兴路519号，无宜宾校区门牌）; 360地图 POI「四川轻化工大学(宜宾校区) 地址：宜宾市翠屏区宜宾临港经济技术开发区白塔路1号」（地图 POI，不采信）; 百度百科「白塔路（中国四川省宜宾市翠屏区境内道路）」（百科，不采信）; 头条搜索「""翠屏区白塔路1号""」「宜宾市人民政府 地名公告 白塔路 命名 翠屏区」「宜宾市生态环境局 宜宾市中心城区声环境功能区划分方案」「宜宾 白塔路1号 翠屏区 自然资源和规划局」— 均未命中含法定区的官方/政府原文",2026-09-12
PROFILE275_0,4114010125,山西财经大学,坞城校区,山西省太原市坞城路140号,山西省,太原市,E 无权威来源,RESOLVED,no,no_authoritative_source,official,,,http://zhaosheng.sxufe.edu.cn/info/1008/7186.htm — 山西财经大学2026年招生章程：命中『太原市小店区坞城路 140号』; https://www.sxufe.edu.cn/ 官网首页与 /gywm/xxgk/xxjj.htm 学校简介 — 仅『坞城校区：山西省太原市坞城路140号』无区名; https://www.yingze.gov.cn/gsgg/20230313/30026983.html — 迎泽区重点单位公告未含坞城路140号; https://search.ccgp.gov.cn/bxsearch?kw=坞城路140号 — 0 条,2026-09-12
PROFILE279_0,4114010117,长治医学院,校本部,山西省长治市解放东街161号,山西省,长治市,E 无权威来源,RESOLVED,no,no_authoritative_source,official,,,http://xxgk.czmc.edu.cn/info/1050/32952.htm → 「报到地点：长治医学院北校区正门」+「（山西省长治市潞州区解放东街 161 号）」；meta description 中为同一连续串; http://search.ccgp.gov.cn → 长治医学院采购公告采购单位地址「山西省长治市潞州区解放东街161号」（2025-12-15 结果）; https://prec.sxzwfw.gov.cn → 标的「山西省长治市潞州区解放东街161号 润德楼北侧一层临街1号门面房」; https://www.czmc.edu.cn/ 官网首页 → 仅「地址：山西省长治市解放东街161号」，无区名（上一轮来源，未再走）,2026-09-12
PROFILE279_1,4114010117,长治医学院,五龙校区,山西省长治市长治县英雄南路1688号,山西省,长治市,E 无权威来源,RESOLVED,no,no_authoritative_source,government,,,https://prec.sxzwfw.gov.cn/jyxxzcgg/915754.jhtml → 采购公告正文含「本项目为长治医学院五龙校区校园物业管理服务，项目位于山西省长治市上党区」（校区名+法定区同句）; https://sx2gov2open2doc.uos.sxzfcg.zcygov.cn/1071PO/bidding/6cdf6ca4-e959-46ac-a5e7-fa2e80cf6777.docx → 采购文件正文逐字「（二）服务地点：长治医学院五龙校区（山西省长治市上党区英雄南路1688号）。」（本次复核重新下载并解包 word/document.xml 确认逐字一致）; https://prec.sxzwfw.gov.cn/jyxxzczb/778480.jhtml → 同一项目结果公告（2023年采购），附件同为该采购文件; https://prec.sxzwfw.gov.cn/jyxxzczb/943147.jhtml → 同一项目结果公告（2025年采购），附件同为该采购文件; https://prec.sxzwfw.gov.cn/jyxxzcgg/776829.jhtml + https://sx2gov2open2doc.uos.sxzfcg.zcygov.cn/.../07399c95-4fbb-44b9-90d5-74bfa06cb100.docx → 更早一次采购文件，同样含该句（二次独立佐证）; https://www.czmc.edu.cn/xygk/xyjj.htm → 学院简介仅「现有校本部和五龙校区两个校区」，无门牌（上一轮来源，未再走）,2026-09-12
PROFILE282_0,4114010119,太原师范学院,南内环校区,山西省太原市南内环街189号,山西省,太原市,H 其他,HARD-BLOCKED,yes,other,政府或学校官方来源均只在地址里写『太原市南内环街189号』而不带法定区名；唯一能间接指向迎泽区的政府文件（区消防重点单位公告）原文条目无区名前缀，拼接使用不符合「引文逐字含 d 且同句挂钩地址」的口径。腾讯地图 POI（迎泽区迎泽街道南内环街189号）属商业地图，红线禁止单独作为定区证据。,太原师范学院官网 www.tynu.edu.cn / 学校概况 xygk.htm / xygk/xyjj.htm 全站抓取（页脚仅榆次区地址）；太原市迎泽区政府网 JS 检索页 https://www.yingze.gov.cn/js.html?q=南内环街189号 并逆向后调用其 /content/search 接口（siteId=222）；太原市规划和自然资源局 https://ghzy.taiyuan.gov.cn/search.htm 及其 /content/search 接口（siteId=192）；山西招生考试网 sxkszx.cn、阳光高考 chsi 招生章程（HTTP 412 反爬不可用）；迎泽区消防重点单位公告原文；太原师范学院公开招租公告；移动搜狗与今日头条多轮 query：『迎泽区 南内环街189号』『太原师范学院 南内环校区 迎泽区』『太原师范学院 门面房 招租公告 迎泽区』『太原市规划和自然资源局 南内环街189号』。,一份迎泽区政府/太原市政府/山西省招生考试管理中心的公文或公示，在同句逐字写出『迎泽区南内环街189号』（或『迎泽区』+『太原师范学院南内环校区』）；或太原市规划和自然资源局对该地块的建设工程规划许可批后公布，写『项目位置：迎泽区南内环街189号』。,太原师范学院官网学校信息（页脚仅写『地址：山西省晋中市榆次区大学街319号』）https://www.tynu.edu.cn/xygk.htm; 太原市迎泽区人民政府站内检索 https://www.yingze.gov.cn/js.html?q=南内环街189号 及其 /content/search 接口(siteId=222); 太原市规划和自然资源局站内检索 https://ghzy.taiyuan.gov.cn/search.htm 及其 /content/search 接口(siteId=192，q=南内环街189号 / 太原师范学院); 迎泽区政府《关于迎泽区2023年度消防安全重点单位的公告》（条目『太原圣杰美术培训学校 太原市南内环街189号』，无区名前缀）; 山西招生考试网/湖南招生考试信息港转载的太原师范学院招生章程（『山西省太原市南内环街189号(南内环校区)』，无区名）; 太原师范学院公开招租公告『南内环校区丰顺实业楼出租：坐落位置 太原市南内环街189号』（同文另一条为『太原市迎泽区侯家巷』，两条分列，不可拼接）,2026-09-12
PROFILE282_2,4114010119,太原师范学院,黄陵校区,山西省太原市黄陵路19号,山西省,太原市,E 无权威来源,HARD-BLOCKED,yes,no_authoritative_source,学校章程与官方子站一律只写到「黄陵路19号」，不含区名；含「小店区」的表述全部来自第三方高考/房产/媒体站点，不满足 Level 1/2/3 任一级。,1) 学校章程（HTML+PDF）全文抽取；2) 学报页脚；3) 学校主站与学校简介；4) 头条与神马多组关键词；5) 尝试政府站内检索（太原市为 JS 渲染）。,需要一条政府/官方原文同时出现「小店区」与「黄陵路19号」（例如小店区政府/教育局公示、太原市消防救援重点单位名单、学校章程修订版法定住所条款）。,https://infogk.tynu.edu.cn/info/1021/2889.htm 太原师范学院章程 第四条「黄陵校区位于太原市黄陵路 19 号」无区名; https://infogk.tynu.edu.cn/__local/7/C0/69/C4C331412D32C345B3F354F44CF_CB5AC727_7271B.pdf 章程 PDF 全文（pdftotext 抽取）无区名; https://tynuxb.tynu.edu.cn/ 太原师范学院学报页脚「山西省太原市黄陵路19号」无区名; https://www.tynu.edu.cn/ 与 /xygk/xyjj.htm：仅「山西省晋中市榆次区大学街319号」; so.toutiao.com 「黄陵路19号」：结果与门牌无关; so.m.sm.cn 「黄陵路19号 太原师范学院」：优志愿/掌上高考/凤凰网第三方给出「小店区黄陵路19号」，非官方,2026-09-12
PROFILE282_3,4114010119,太原师范学院,侯家巷校区,山西省太原市侯家巷9号,山西省,太原市,A 上一轮独立复核未通过,RESOLVED,no,独立复核要求降级人工复审（引文/地址挂钩未达 verified 门槛）,corroborated,,,https://fszx.tynu.edu.cn/; https://www.yingze.gov.cn/gsgg/20230313/30026983.html; https://so.toutiao.com/search?keyword=太原师范学院 侯家巷校区 迎泽区 侯家巷9号,2026-09-12
PROFILE2837_1,4137013324,山东协和学院,遥墙校区,山东省济南市高新区临港街道温泉路5688号,山东省,济南市,A 上一轮独立复核未通过,HARD-BLOCKED,yes,独立复核要求降级人工复审（引文/地址挂钩未达 verified 门槛）,记录地址为「山东省济南市高新区临港街道温泉路5688号」，「高新区」系功能区。学校官网（sdxiehe.com）页脚逐字为「地址:山东省济南市历城区济青路6277号(郭店校区) 邮编:250109 山东省济南市高新区临港街道温泉路5688号(遥墙校区) 邮编:250107」——「历城区」仅挂在郭店校区名下，遥墙校区被赋予的是功能区「高新区」，红线禁止把郭店校区的区划套给遥墙校区（禁止使用同校另一校区证据）。政府侧仅得济南市不动产登记公告「历城区临港街道办事处温泉路1766号温泉花园二期17号楼-1001」，同区同路但门牌 1766≠5688，红线禁止以不同门牌推定。济南市政府门户统一检索对「温,1) 学校官网 sdxiehe.com 页脚地址比对——遥墙校区无区；2) 济南市人民政府门户统一检索服务（api-gateway/jpaas-jsearch-web-server/search，serviceId/cateid 取自门户表单）对三个关键词均返回「为您筛选到 0 条结果」，该后端疑似屏蔽关键词匹配；3) 历城区政府站（licheng.gov.cn）TRS 搜索端点 search.do / jsearchfront/interfaces/cateSearch.do 全部回退到同一 68311 字节首页，无可用检索；4) 今日头条搜索火调「双随机」线索，仅回无关结果；5) 政府不动产登记公告检索，仅得同路异号（温泉路1766号）。,需要一份把「历城区」与「温泉路5688号」写在同一句/同一单元格的政府或学校来源（最可能：历城区消防救援大队或临港街道的「双随机、一公开」抽查公示中列出「山东协和学院遥墙校区 历城区温泉路5688号」；或历城区/济南市不动产、规划、教育部门的登记与年检信息；或学校官网改版后将该校区地址补为「济南市历城区温泉路5688号」）。亦可由济南市自然资源和规划局该地块的不动产权籍公示解锁。,https://www.sdxiehe.com/; http://www.jinan.gov.cn/api-gateway/jpaas-jsearch-web-server/search?q=温泉路5688号; http://www.licheng.gov.cn/jsearchfront/interfaces/cateSearch.do?websiteid=370112000000000&q=温泉路5688号; https://so.toutiao.com/search?keyword=历城区消防救援大队 双随机 抽查 山东协和学院; https://so.toutiao.com/search?keyword=山东协和学院 遥墙校区 历城区 温泉路5688号,2026-09-12
PROFILE2839_0,4134013065,安徽外国语学院,办学地点（档案未命名）,安徽省合肥市繁华大道（西）2号,安徽省,合肥市,C 地址冲突,HARD-BLOCKED,yes,conflicting_address,同一学校（招生章程载明单一办学地点）自述两个不同路名的地址：招生章程作「肥西县紫蓬山风景区森林大道2号」，官网页脚/地理位置页作「繁华大道（西）2号」；门牌同为2号但路名完全不同，无同路段证据，按路名口径不一致规则不得采纳，因此无法把肥西县挂到记录地址上。,①校方官网2026招生章程、地理位置页、信息公开页与页脚（两地址并存）；②安徽省教育厅站内检索（jyt.ah.gov.cn/site/search/6788021）；③安徽省政府站内检索（www.ah.gov.cn/site/search/6781961）；④so-gov 接口试探安徽省/合肥市 siteCode；⑤头条检索「合肥市繁华大道（西）2号」「森林大道 繁华大道西 紫蓬山」等精确短语；⑥合肥市/肥西县政府站点（521 加速乐，未绕过）；⑦中国政府采购网（限流）。均未取得「繁华大道（西）2号 + 法定区」同句来源。,出现官方页面把「繁华大道（西）2号」与「肥西县」写在同一句（如肥西县/合肥市政府按地址列示该校，或教育主管部门备案的办学地址含区名），或权威来源（民政/交通/规划公示）证明森林大道与繁华大道（西）为同一路段的改名或别名。,http://www.aisu.edu.cn/zsb/info/1097/5251.htm — 校方官网2026年招生章程（2026-05-20）逐字「办学地址： 安徽省合肥市肥西县紫蓬山风景区森林大道2号」；同页页脚「学院地址:安徽省合肥市繁华大道（西）2号 邮编:231201」; http://www.aisu.edu.cn/zsb/xsrx/dlwz.htm — 地理位置页（数据更新至2025年05月06日）逐字「安徽外国语学院地理位置 安徽省合肥市繁华大道（西）2号」，无区名; https://www.aisu.edu.cn/xxgk.htm — 页脚「地址:安徽省合肥市繁华大道（西）2号 邮编:231201」，无区名; https://jyt.ah.gov.cn/site/search/6788021?keywords=安徽外国语学院 — 安徽省教育厅站内检索，无繁华大道/肥西/森林大道命中; https://www.ah.gov.cn/site/search/6781961?keywords=繁华大道 — 安徽省政府站内检索为JS外壳，无正文命中; https://api.so-gov.cn/query/s POST siteCode=3400000001 / 3401000001 — 返回「不存在的站点」/「站点类型不支持」,2026-09-12
PROFILE283_1,4144010560,汕头大学,东海岸校区,广东省汕头市翠峰路5号,广东省,汕头市,E 无权威来源,RESOLVED,no,no_authoritative_source,official,,,"https://zs.stu.edu.cn/info/1008/4207.htm → 逐字「十二、报到地点：汕头大学东海岸校区；地址：汕头市澄海区翠峰路5号。」（命中）; https://zs.stu.edu.cn/info/1034/19581.htm (2026年招生章程, 上轮) → 「东海岸校区：广东省汕头市翠峰路5号」无区名；页脚为校本部「金平区大学路243号」; https://zs.stu.edu.cn/lxwm.htm → 「东海岸校区 校区地址：广东省汕头市翠峰路5号 邮政编码：515821」无区名; https://www.stu.edu.cn/ 爬取(needle=翠峰路) → 0 命中",2026-09-12
PROFILE2840_0,4114013691,山西工商学院,龙城校区,太原市坞城南路99号,山西省,太原市,E 无权威来源,RESOLVED,no,no_authoritative_source,government,,,http://www.tyxd.gov.cn/bmdt222222222222222222222222222222222222/20240604/30132039.html — 小店区政府公示：『太原市小店区坞城南路山西工商学院龙城校区5号公寓东侧一层』; https://www.sxtbu.edu.cn/department/zsb/ 与 nyshow_ry.asp?sxid=188 — 『龙城校区：太原市坞城南路99号』，无区名; https://search.ccgp.gov.cn/bxsearch?kw=山西工商 — 0 条; https://api.so-gov.cn/query/s (siteCode=1401000055) qt=坞城南路99号 — 无同句区名,2026-09-12
PROFILE2840_1,4114013691,山西工商学院,北格校区,太原市北格镇紫云路36号,山西省,太原市,E 无权威来源,RESOLVED,no,no_authoritative_source,government,,,http://www.tyxd.gov.cn/bmdt222222222222222222222222222222222222/20240604/30132039.html — 小店区政府《关于对太原安众普通专科门诊部的公示》：命中『太原市小店区北格镇紫云路36号山西工商学院北格校区』; https://www.sxtbu.edu.cn/ 招生网内容页 — 『北格校区：太原市北格镇紫云路36号』，无区名; https://search.ccgp.gov.cn/bxsearch?kw=山西工商学院 — 0 条; https://api.so-gov.cn/query/s (siteCode=1401000055) qt=紫云路36号 — 无同句区名; http://www.tyxd.gov.cn/content/search?q=紫云路36号 — 小店区政府站内检索,2026-09-12
PROFILE2846_0,4161013125,陕西服装工程学院,主校区,陕西省西安市西咸新区沣西新城同文路1号,陕西省,西安市,D 功能区/大学城无法定区佐证,HARD-BLOCKED,yes,functional_zone_only,记录地址为「西咸新区沣西新城同文路1号」。本轮唯一把「同文路」挂到法定区上的原文，是「咸阳市秦都区陈杨寨街道同文路社区」一类秦都区属地表述；而提到本校的秦都区来源写的门牌是「咸阳市秦都区沣西新城崇文路1号」（路名 崇文路 ≠ 记录 同文路，门牌虽同为1号但路名不符，按门牌+路名口径不得采信）。沣西新城跨咸阳/西安托管，依法不得据功能区名反推西安市某区；在 allowed_districts 内无任何原文支撑，故无法落定。,1) 学校官网 https://www.sxfu.cn/ 全文只有功能区「陕西省西安市西咸新区沣西新城同文路1号」；2) 咸阳市人民政府公开附件表格：同文路只出现在秦都区其他项目行，与本校无直接钩连；3) 「咸阳市秦都区陈杨寨街道同文路社区」属地表述（陕西省/咸阳市行政区划信息）；4) 含本校名的秦都区来源写「咸阳市秦都区沣西新城崇文路1号」，路名与记录不符，不能作为本条桥梁；5) so-gov.cn 西安站 6101000007 检索「陕西服装工程学院 长安区」「陕西服装工程学院 鄠邑区」无桥梁原文。,需要以下之一：(a) 将该记录 city/allowed_districts 更正为咸阳市（含秦都区），并同时确认门牌（同文路1号 vs 崇文路1号）何者为当前校区地址；(b) 出现权威原文把「沣西新城同文路1号」写进西安市任一法定区（如长安区马王街道、鄠邑区大王镇等沣西托管片区）。,https://www.sxfu.cn/（curl 200，全文只有「陕西省西安市西咸新区沣西新城同文路1号」）; 咸阳市人民政府公开附件表格（同文路仅见于秦都区其他项目行）; 咸阳市秦都区陈杨寨街道同文路社区属地表述检索; 含校名的秦都区来源（「咸阳市秦都区沣西新城崇文路1号」，路名不符）; so-gov.cn 西安站 6101000007 检索「陕西服装工程学院 长安区/鄠邑区」,2026-09-12
PROFILE2853_0,4113014047,石家庄经济职业学院,高职校区,河北省石家庄市北郊107国道与常山西路交叉口47号,河北省,石家庄市,E 无权威来源,RESOLVED,no,no_authoritative_source,校方站点不可读取，政府/官方来源无任何把「常山西路47号」或「高职校区」与法定区名同句的原文；现有带区名的说法全部来自搜索引擎联想或地图 POI，属禁用类型。,①直接抓取校方官网（JS 渲染，无正文）；②toutiao 多组检索（含门牌精确串，多数返回空）；③Bing（服务器出口）多组检索；④尝试正定县政府侧来源；⑤尝试从招生/采购侧切入未获（站点不可读，无可用站内检索通道）。,需出现法定区名与「常山西路47号」或「高职校区」同句的官方或政府原文（学校自有可读页面、藁城区/正定县/桥西区等政府公告、教育局/人社局考点或办学许可公示、消防重点单位公示、政府采购公告采购人地址含区名），并需先澄清「高职校区」与「总校区（灵寿）」的对应关系。,"https://www.sjzjjxy.com/（首页仅 621 字节，JS 渲染无地址）; so.toutiao.com 检索「石家庄经济职业学院 常山西路47号 属于哪个区」→ 仅城市吧地图 POI 与联想词「桥西区」「灵寿区」; so.toutiao.com 检索「石家庄经济职业学院 高职校区 地址」「石家庄经济职业学院 常山西路47号 正定」→ 无权威命中（返回空）; cn.bing.com（服务器出口）检索「""常山西路47号"" 石家庄」「石家庄经济职业学院 高职校区 地址」→ 仅百度百科/地图/自媒体噪声; 正定县人民政府相关检索（仅无关条目）",2026-09-13
PROFILE2854_0,4113014335,廊坊卫生职业学院,办学地点（档案未命名）,河北省廊坊市经济开发区东方大学城四光路南,河北省,廊坊市,D 功能区/大学城无法定区佐证,HARD-BLOCKED,yes,functional_zone_only,法定区原文缺失：①https://www.lfhvc.edu.cn/xxgk/xxjj.htm 页脚逐字为「联系地址：河北省廊坊市经济开发区东方大学城四光路南」，无区名；②中国政府采购网（政府源）中采购单位「廊坊卫生职业学院本级」地址为「廊坊经济技术开发区李四光道245号」（如 http://www.ccgp.gov.cn/cggg/dfgg/gkzb/202608/t20260820_27173388.htm ），仍无区名，且路名与记录的四光路不一致（四光路 vs 李四光道245号）；③所有公告里的「广阳区」只出现在代理机构/供应商地址（河北泰瑞招标代理 广阳区第五大街酒吧街、供应商 广阳区紫金城），属第三方地址，不能佐证本校；④记录地址含路名「四光路」，不适用校区名挂钩例外。,1) https://www.lfhvc.edu.cn/xxgk/xxjj.htm（页脚仅功能区）；2) 中国政府采购网关键词「廊坊卫生职业学院」逐份拉取全部公告，统计采购单位地址（全部为经济技术开发区李四光道245号，无区名；广阳区仅见于代理机构/供应商）；3) 头条检索「廊坊卫生职业学院 四光路 广阳区」「廊坊卫生职业学院 东方大学城 广阳区」——仅命中学校/招生聚合页与「廊坊市广阳区人民政府」站名，无本校与法定区同句表述；4) 廊坊市政府网 https://www.lf.gov.cn/ 行政区划页，未出现「东方大学城」与任何法定区同句。,需出现「广阳区（或安次区）+ 东方大学城四光路／李四光道245号」同句的权威原文：如学校信息公开页或招生章程写出法定区的校区地址、河北省教育厅/廊坊市教育局公示、廊坊市自然资源和规划局（或开发区）对该校用地的供地/规划许可公示、或政府采购公告中采购人地址写出法定区。,https://www.lfhvc.edu.cn/xxgk/xxjj.htm（页脚：河北省廊坊市经济开发区东方大学城四光路南）; http://www.ccgp.gov.cn/cggg/dfgg/gkzb/202608/t20260820_27173388.htm（采购单位地址 廊坊经济技术开发区李四光道245号）; http://www.ccgp.gov.cn/cggg/dfgg/qtgg/202609/t20260911_27312592.htm（同上，李四光道245号）; ccgp 关键词检索「廊坊卫生职业学院」逐份公告扫描（广阳区仅代理机构/供应商地址）; 头条检索「廊坊卫生职业学院 四光路 广阳区」; https://www.lf.gov.cn/ 行政区划与城市综述页,2026-09-12
PROFILE2858_0,4113014396,河北轨道运输职业技术学院,开发区校区,河北省石家庄市经济技术开发区赣江路9号,河北省,石家庄市,D 功能区/大学城无法定区佐证,RESOLVED,no,functional_zone_only,已确证「石家庄经济技术开发区」属藁城区（两条独立来源），但没有任何来源把本校的门牌「赣江路9号」与「藁城区」同写；藁城区表述出自官方媒体且无路名，赣江路99号来源又是另一主体且门牌不符。,①学校官网/信息公开页脚；②中国政府采购网中标公告（门牌级但功能区）；③石家庄新闻广播原文（含「藁城区」但无门牌）；④药品审评中心注册地址（赣江路99号，门牌不符）；⑤开发区管委会多个域名探测失败；⑥toutiao 6 组地址+区检索。,需要一份政府来源（藁城区政府/石家庄市自然资源和规划局/不动产登记/事业单位登记）写出「藁城区…赣江路9号」或把该校区所在宗地列入藁城区的原文；或法院裁判文书中该校「住所地：石家庄市藁城区赣江路9号」。,https://www.hbgdys.edu.cn/ 与 /xxgk1/index.htm — 页脚「地址：石家庄经济技术开发区赣江路9号 宁安路43号」，无法定区; http://www.ccgp.gov.cn/cggg/dfgg/zbgg/202607/t20260702_26855670.htm — 中标公告「采购单位地址：石家庄市经济技术开发区赣江路9号」; 头条（石家庄新闻广播，2021-01-14）《石家庄地铁人:向着高风险地区寒夜逆行》https://www.toutiao.com/group/6917557109576352263/ — 全文摘要原文：「该学校位于石家庄市藁城区，全国人民关注的高风险区域。」（无路名门牌）; 腾讯/新浪财经《药物受理最新动态：河北龙海药业…》转引药品审评中心数据：「注册地址为河北省石家庄市藁城区石家庄经济技术开发区赣江路99号。」（门牌 99≠9）; so.toutiao.com 查询式：「赣江路9号」「藁城区赣江路」「石家庄经济技术开发区赣江路9号」「石家庄经济技术开发区赣江路9号 藁城区 学校」「河北轨道运输职业技术学院 藁城区 地址」; http://www.sjzjkq.gov.cn/ 等开发区管委会域名探测（gaocheng.gov.cn / sjzetdz.gov.cn / sjzjkq.gov.cn / hbjkq.gov.cn）全部 ENOTFOUND/无响应,2026-09-13
PROFILE2858_2,4113014396,河北轨道运输职业技术学院,阿里山校区,石家庄市经济技术开发区阿里山大街18号,河北省,石家庄市,C 地址冲突,RESOLVED,no,conflicting_address,校方仅给功能区「石家庄市经济技术开发区」；「石家庄经济技术开发区」不是法定区，阿里山大街沿线第三方区属并存藁城区/裕华区两种口径，无官方来源可定「18号」属区。,1) 校方招生信息网 http://zsxx.hbgdys.cn:8066/ → 「3.石家庄市经济技术开发区阿里山大街18号(阿里山校区)」（无区）；2) 校方主站 https://www.hbgdys.cn/ → 页脚只有赣江路9号/宁安路43号，无阿里山校区；3) toutiao 检索「石家庄经济技术开发区 阿里山大街 藁城区」「藁城区阿里山大街」「河北轨道运输职业技术学院 阿里山校区 阿里山大街18号」→ 仅第三方（幸福里/房天下 恒大绿洲=藁城区阿里山大街15号、逛街购物=藁城店、上一轮 146号=裕华区）；4) 未找到石家庄市/藁城区/裕华区政府含「阿里山大街」的用地、规划或征收公示。,需要石家庄市自然资源和规划局（或藁城区/裕华区分局）对该校区地块的用地/规划许可或征收公示，写清「阿里山大街18号」所属法定区；或河北省教育厅、石家庄市教育局带法定区的校址文件。,http://zsxx.hbgdys.cn:8066/ → 联系我们「3.石家庄市经济技术开发区阿里山大街18号(阿里山校区)」（无区名）; https://www.hbgdys.cn/ → 页脚「地址：石家庄经济技术开发区赣江路9号 宁安路43号」，无阿里山校区; toutiao 检索「石家庄经济技术开发区 阿里山大街 藁城区」/「藁城区阿里山大街」→ 仅第三方房产/地图(15号=藁城区、146号=裕华区，冲突); https://zsxx.hbgdys.cn/（上一轮）→ 未见阿里山校区法定区,2026-09-13
PROFILE2865_1,4214050166,山西卫生健康职业学院,双东校区,山西省太原市双塔寺街22号,山西省,太原市,E 无权威来源,RESOLVED,no,no_authoritative_source,government,,,"https://www.thepaper.cn/newsDetail_forward_2241355 （澎湃号·政务，《奋进中的山西卫生健康职业学院》，authInfo=「山西省卫生健康委员会官方澎湃号」；正文含「双东校区位于太原市迎泽区双塔寺街22号」）; https://www.sxhvc.com/ 官网页脚「地址：山西·晋中 榆次区文津街100号」；https://www.sxhvc.com/yxgk/xyjj.htm 「学院拥有双东校区、文津校区和康养校区三个校区」（无双塔寺街、无区名）; https://www.sxhvc.com/search.jsp?wbtreeid=1010&searchword=双塔寺街 站内搜索（200，但无结果）；https://www.sxhvc.com/info/1081/5684.htm（2026年招生章程）、/info/1081/5815.htm（2026中职招生简章）——正文均未出现双塔寺街/迎泽区; https://www.yingze.gov.cn/gsgg/20230313/30026983.html 迎泽区2023年度消防安全重点单位公告：双塔寺街只有21/28/29/33等号，无22号; sogou/toutiao 检索「""双东校区位于太原市迎泽区双塔寺街22号""」「双塔寺街22号 山西卫生健康职业学院 迎泽区」",2026-09-12
PROFILE2869_2,4151014389,成都师范学院,白果林校区,四川省成都市一环路西三段百寿路4号,四川省,成都市,C 地址冲突,HARD-BLOCKED,yes,conflicting_address,青羊区（校方2013年旧章程，属历史文书不得冒充当前）与金牛区（商业地图/新闻报道，未与门牌4号同句、非官方）两说冲突；现行校方章程与四川省教育厅文件均只写「成都市」不带区；校方官网正文页（含招生章程、学校概况）被瑞数 JS 挑战阻挡（412）无法取得第一手页面，且不得绕过。故无法确定法定区。,①四川省教育厅全文检索（guestweb4，searchWord=百寿路、白果林、成都师范学院）及逐篇公告全文；②成都师范学院官网首页与多个正文路径（zjc/zsgz.htm、xygk/xyjj.htm、xxgk.htm、lxwm.htm 等，均 412 JS 挑战）；③教育部阳光高考平台（JS 空壳）；④中国政府采购网与四川省政府采购网、成都市公共资源交易中心（限流/无接口/0 结果）；⑤so-gov 接口试探成都市各区 siteCode；⑥头条精确短语与区名组合检索（仅得第三方线索）。,成都师范学院官网可访问正文中出现「白果林校区」并带法定区；或四川省教育厅/成都市政府、金牛区或青羊区政府文件把「百寿路4号」与某一法定区同句；或民政部门区划资料明确百寿路所属街道及其法定区。,"http://edu.sc.gov.cn/guestweb4/s POST searchWord=百寿路 — 唯一命中川教函[2007]92号「四川省小学教师培训中心地址：成都市一环路西三段百寿路4号，邮编：610072」，无区名; http://edu.sc.gov.cn/guestweb4/s POST searchWord=白果林 / 成都师范学院 — 27条招聘公告，正文仅「温江校区、人民南路校区、白果林校区3个校区，校本部位于成都市温江区」，无区名; http://edu.sc.gov.cn/scedu/c100495/2026/4/1/c209da8a387d423684480e294508d2e0.shtml 、 http://edu.sc.gov.cn/scedu/c100495/2026/4/1/60ecc6f728ac437b917506acb80322fa.shtml 、 http://edu.sc.gov.cn/scedu/c100495/2025/7/4/53d47fa643734ded8e2d856eddf82136.shtml — 公告全文检索，百寿路/金牛/青羊 均无命中; https://www.cdnu.edu.cn/ — 首页可达（66KB）但无白果林/百寿路/金牛/青羊；https://www.cdnu.edu.cn/zjc/zsgz.htm 、/xygk/xyjj.htm 、/xxgk.htm 、/lxwm.htm 、/zjc/ 、/xygk/ 均 HTTP 412（瑞数 JS 挑战），未绕过; https://gaokao.chsi.com.cn/zsgs/zhangcheng/listVerifedZszc--method-index,ssdm-51.dhtml 与 /sch/search--ss-on,option-qg,se",2026-09-12
PROFILE286_4,4144011845,广东工业大学,揭阳校区,广东省揭阳市粤东新城大学路,广东省,揭阳市,E 无权威来源,RESOLVED,no,no_authoritative_source,缺一条同时逐字含『惠来县』与『粤东新城大学路』（或『大学路1号』/『广东工业大学揭阳校区』）的政府或校方原文；现有两份原文各缺一半，且规则禁止把不同段落拼接为一条引文。,① https://zsb.gdut.edu.cn/dpzw.jsp?urltype=tree.TreeTempUrl&wbtreeid=1144 广东工业大学招生章程（官方）『揭阳校区：广东省揭阳市粤东新城大学路1号；邮政编码：515200』，无区名；② https://jyxq.gdut.edu.cn/xqjj.htm『揭阳校区坐落于广东省揭阳市粤东新城』，全站（含 cgzb.htm 招标列表、info/*）无『惠来』；③ http://www.jieyang.gov.cn/ydxc/zjydxc/xcfm/content/post_1023889.html 《粤东新城概况》同页含『惠来县』与『广东工业大学揭阳校区』，但分属不同段落；④ http://www.huilai.gov.cn/zjhl/hlgk/content/post_976365.html 《惠来概况》同句含『粤东新城+广东工业大学揭阳校区』但只有『惠来』无『惠来县』；⑤ http://search.gd.gov.cn/search/local_msg/663002?keywords=大学路（及控制词惠来）— 平台失效，一切查询均『没有找到相关结果』；⑥ http://www.huilai.gov.cn/xwdt/bmdt/index*.html 全15页与 /sytzgg/index*.html 全15页逐页扫,需要一条逐字引文中同时出现『惠来县』＋『大学路』（或门牌1号，或校区名『广东工业大学揭阳校区』）的政府/校方原文。最可能来源：①教育部阳光高考备案或广东省教育考试院《广东省普通高校招生专业目录》中的广工揭阳校区条目（通常写作『揭阳市惠来县粤东新城大学路』）；②惠来县自然资源局/住建局的规划许可、供地或竣工验收公示（本网15页列表已超期，需按 post_ 编号回溯 2020—2021 年旧公示）；③揭阳市公共资源交易中心/发改部门广工揭阳校区二期工程公告（待 ggzy.jieyang.gov.cn 或 gdgpo 恢复访问）。,https://zsb.gdut.edu.cn/dpzw.jsp?urltype=tree.TreeTempUrl&wbtreeid=1144 — 广工招生章程『揭阳校区：广东省揭阳市粤东新城大学路1号；邮政编码：515200』（官方，无区名）; https://jyxq.gdut.edu.cn/xqjj.htm — 校区简介『揭阳校区坐落于广东省揭阳市粤东新城』（无区名）; http://www.jieyang.gov.cn/ydxc/zjydxc/xcfm/content/post_1023889.html — 揭阳市粤东新城管委会《粤东新城概况》（含惠来县与校区名，分属不同段落）; http://www.huilai.gov.cn/zjhl/hlgk/content/post_976365.html — 惠来县人民政府《惠来概况》（同句含粤东新城+广东工业大学揭阳校区，无『惠来县』）; http://search.gd.gov.cn/search/local_msg/663002?keywords=大学路 — 广东省站点搜索平台失效（连控制词『惠来』也 0 结果）; http://www.huilai.gov.cn/xwdt/bmdt/index*.html 与 /sytzgg/index*.html — 各15页逐页扫描，无『大学路/广东工业』,2026-09-13
PROFILE2885_0,4136014465,赣州师范高等专科学校,办学地点（档案未命名）,江西省赣州市蓉江新区高校园区35号,江西省,赣州市,D 功能区/大学城无法定区佐证,HARD-BLOCKED,yes,functional_zone_only,[分类:政府源无区名；门牌一致但路名不一致] 政府采购公告只到“蓉江新区高校园区35号”；写“章贡区”者仅地图 POI/商业站（红线禁用）且路名与本记录不符。,搜狗检索“赣州师范高等专科学校 采购人信息 地址 高校园区”“高校园区35号 章贡区”；检索/阅读中国政府采购网、江西省公共资源交易平台、江西省人民政府转载页、采招网、买购网、腾讯地图、微信公众号考点分布表；上轮另试校官网 SPA 及其 /config/app.json、蓉江新区/章贡区/赣州市政府站内搜索。,政府或官方原文把“高校园区35号”与章贡区（或南康区/赣县区）写进同一地址串；或校方 SPA 的后端接口/招生简章原始文本给出带法定区的现址全址。,中国政府采购网采购人地址页（赣州师范高等专科学校）; 江西省公共资源交易平台 www.jxsggzy.cn 采购公告; 江西省人民政府转载页; 采招网（商业，仅作线索）; 搜狗检索“赣州师范高等专科学校 采购人信息 地址 高校园区”; 校官网 www.ganzhsz.cn（Vue SPA，上轮）,2026-09-12
PROFILE2889_0,4136014437,南昌师范学院,昌北校区,江西省南昌市经济技术开发区瑞香路889号,江西省,南昌市,D 功能区/大学城无法定区佐证,HARD-BLOCKED,yes,functional_zone_only,门牌「瑞香路889号」在全部官方来源中只与功能区「经开区/经济技术开发区」同现；唯一同句出现的法定区「青山湖区」属于另一校区（青山湖校区·学院路158号），不得替代；省教育厅自己的高校简介也未给昌北校区法定区，说明公开渠道确实缺该门牌的法定区原文。,1) 江西省教育厅《江西高等院校》专栏 jyt.jiangxi.gov.cn/jxjyw/jxgdyx/ 逐校页 content_1853696260227919872.html → 仅得「有昌北校区、青山湖校区2个校区，分别位于南昌市经开区瑞香路889号、青山湖区学院路158号」；2) 南昌师范学院官网 www.ncnu.edu.cn/news-show-8162.html 与全站页脚 →「江西省南昌市经济技术开发区瑞香路889号」；3) 南昌市自然资源局规划条件核实页 http://www.nc.gov.cn/ncszf/ghspjg/202108/50d85e54885b4d819d5c85e722df3007.shtml →「位于经开区瑞香路889号南昌师范学院内」；4) http://ncjk.nc.gov.cn/ncjkq/zfdt/202501/5675d2ea05064893a19a01dd9d0712f3.shtml →「南昌师范学院 南昌市经济技术开发区瑞香路889号」；5) 江西省人社厅 rst.jiangxi.gov.cn 两则拟聘公示 content_1986332557512740864 / content_2006272952575725568 → 无地址行；6) https://api.so-gov.cn/query/s 经开区站/新建区站检索「瑞香,需一份把「瑞香路889号」或「昌北校区」与法定区（青山湖区/新建区/红谷滩区之一）逐字并列的政府或校方原文，例如南昌市或青山湖区/新建区政府的用地/规划/不动产或学校名录文档、省教育厅带法定区地址列的高校名单、或昌北经开区范围内该地块的土地出让/征收公告（须含逐字法定区名）。,http://jyt.jiangxi.gov.cn/jxjyw/jxgdyx/content/content_1853696260227919872.html → 省教育厅高校简介：昌北校区→经开区，青山湖区属另一校区; http://www.ncnu.edu.cn/news-show-8162.html → 校方考点公告与页脚均只写「经济技术开发区瑞香路889号」; https://www.ncnu.edu.cn/ 页脚 → 同上; https://www.gaokao.cn / baike.com 等第三方 → 区县归属互相矛盾，按红线不得作判据,2026-09-12
PROFILE2902_1,4113014458,张家口学院,明湖校区,河北省张家口市经开区洋河新区景观大道北侧,河北省,张家口市,D 功能区/大学城无法定区佐证,HARD-BLOCKED,yes,functional_zone_only,法定区原文缺失：中国政府采购网（政府源）中采购单位「张家口学院」全部 18 份公告的地址一律为「张家口市经开区洋河新区景观大道北侧（明湖校区）」或「河北省张家口市经开区洋河新区景观大道北侧(明湖校区)」，未出现任何法定区；唯一出现的「桥西区」是中标供应商地址（河北省张家口市桥西区祭风台街1号搜候大厦），属第三方，不能佐证。校方官网 http://www.zjku.edu.cn/col/1369449782644/index.html 亦只写「桥西区平门大街副19号（平门校区）、经开区洋河新区景观大道北侧（明湖校区）」——对平门校区写了法定区、对明湖校区只写功能区，无法据以定区。,1) 中国政府采购网关键词「张家口学院」抓取 18 份公告逐份扫描采购单位地址与「桥东区/桥西区/万全区/洋河新区」上下文（结果：采购单位地址一律经开区洋河新区景观大道北侧(明湖校区)；桥西区仅供应商地址）；2) 校方官网校区页 http://www.zjku.edu.cn/col/1369449782644/index.html；3) 张家口市人民政府 https://www.zjk.gov.cn/ 政务公开检索（仅「明湖校区位于经开区洋河新区景观…」）；4) 头条检索「张家口学院 明湖校区 属于哪个区 洋河新区」。,需「桥东区/桥西区/万全区 + 洋河新区／景观大道北侧」同句的权威原文：如张家口市自然资源和规划局（或经开区）对该宗地的供地/规划选址/建设工程规划许可公示、环评公示、河北省教育厅院校设置文件，或学校自身写出法定区的地址页。,http://www.ccgp.gov.cn/cggg/dfgg/zbgg/...（ccgp 关键词「张家口学院」18 份公告逐份扫描，采购单位地址均为 经开区洋河新区景观大道北侧(明湖校区)）; http://www.zjku.edu.cn/col/1369449782644/index.html; https://www.zjk.gov.cn/; https://so.toutiao.com/search?keyword=张家口学院 明湖校区 属于哪个区 洋河新区,2026-09-12
PROFILE2905_0,4233050559,宁波幼儿师范高等专科学校,杭州湾校区,宁波市前湾新区金慈路316号,浙江省,宁波市,D 功能区/大学城无法定区佐证,HARD-BLOCKED,yes,functional_zone_only,金慈路316号在政府文本中始终被写作“前湾新区/宁波杭州湾新区”（功能区）；唯一涉及该路法定归属的慈溪市民政局地名批复，正文不含“金慈路”字面（仅在标题与附件中），附件对每条道路均写“位于宁波杭州湾新区”，因此不存在“法定区名 + 金慈路(316号)”同句可逐字引用的证据。,浙江省政务搜索（jpaas-jsearch，websiteid=330000000000/330200000000/330282000000）对“金慈路316号”“金慈路”“宁波幼儿师范高等专科学校”全量检索；“金慈路316号”全省仅1条（前湾新区管委会，无有法定区）；慈溪市民政局地名批复正文及其附件《慈溪市标准地名命名、更名表》（已下载解析，全部道路均写“位于宁波杭州湾新区”）；慈溪市城乡公交线路信息；宁波前湾新区管委会公告。均未取得“法定区名+金慈路316号”同句可逐字引用文本。,需要一份政府/官方来源把“慈溪市”（或“余姚市”）与“金慈路316号”（或“金慈路”）写入同一条可逐字引用的句子，例如前湾新区管委会或慈溪市的校区土地划拨/规划许可公示、事业单位法人登记住所、门牌（地名）批准公告，或慈溪市某区级部门对该门牌实体的行政检查/许可记录。,浙江省政务搜索 search.zj.gov.cn/api-gateway/jpaas-jsearch-web-server/interface/search/app/info，websiteid=330000000000 / 330200000000 / 330282000000，查询“金慈路316号”“金慈路”“宁波幼儿师范高等专科学校”“宁波幼儿师范高等专科学校 杭州湾校区”; http://www.cixi.gov.cn/art/2019/4/15/art_1229041651_363488.html （慈溪市民政局地名批复，正文不出现金慈路字面）; http://www.cixi.gov.cn/cms_files/jcms1/web3462/site/attach/0/5865ebfae88a4497812def701204a8c4.doc （附件《慈溪市标准地名命名、更名表》已下载并解析，全部道路条目均写位于宁波杭州湾新区）; http://www.cixi.gov.cn/art/2023/6/27/art_1229734252_59175231.html （慈溪市城乡公交线路信息，含金慈路站点但无同句法定区）; http://www.qianwan.gov.cn/art/2023/12/8/art_1229707902_59018175.html （前湾新区管委会，含宁波幼儿师范高等专科学校内，金慈路316号）,2026-09-12
PROFILE2914_0,4141014352,鹤壁汽车工程职业学院,淇滨校区,河南省鹤壁市职教园区,河南省,鹤壁市,D 功能区/大学城无法定区佐证,RESOLVED,no,functional_zone_only,official,,,http://www.hbqcxy.com/aboutus.html?con=1 — FOUND：官网《学院简介》「学院位于河南省鹤壁市淇滨区职教园区，有淇滨(北)和朝歌(南)两个校区。」; http://www.hbqcxy.com/ — 首页页脚仍只写「河南省鹤壁市职教园区」(与记录一致，无区); http://www.hbqcxy.com/aboutus.html?con=5 、/news.html?slug=gsdt — 同一页脚模板，无区; https://zhaosheng.hbqcxy.com/ — 招生信息网，未见含法定区原文; http://search.ccgp.gov.cn/bxsearch?kw=鹤壁汽车工程职业学院 — 0 条(复述上轮); https://so.toutiao.com/search?keyword=鹤壁汽车工程职业学院 淇滨校区 淇滨区 — 未命中,2026-09-12
PROFILE2928_0,4137014346,山东海事职业学院,南区,潍坊市滨海经济技术开发区科教创新园区智慧南二街1000号,山东省,潍坊市,D 功能区/大学城无法定区佐证,HARD-BLOCKED,yes,functional_zone_only,「智慧南二街1000号」在潍坊市/寒亭区政府公开全文中无与法定区县名同现的桥接原文；学校官方仅写滨海经济技术开发区科教创新园区（功能区）。,山东海事职业学院官网招生章程（2026）页码核查：智慧南二街1000号 / 科教创新园区；irscode.py 对 www.weifang.gov.cn / www.hanting.gov.cn 抓取 IRS code → None；toutiao 搜索式：山东海事职业学院 智慧南二街1000号 寒亭区 → 仅商业门址/地图 POI（weifang.city8.com，指向成贤路，货不对板）；博雅地名网 370703 央子街道区划代码（第三方推断，禁用）。,需要载明「智慧南二街1000号」+ 法定区县的政府/官方原文，例如：潍坊市自然资源局或寒亭区人民政府的用地/规划/环评公示、山东省政府采购或公共资源交易公告中该校区完整法定地址。,山东海事职业学院官网 2026 招生章程（智慧南二街1000号）; https://weifang.city8.com 门址页（商业 POI，禁用）; 博雅地名网 370703 央子街道区划代码（第三方推断，禁用）; irscode.py weifang / hanting → None; toutiao: 山东海事职业学院 智慧南二街1000号 寒亭区,2026-09-12
PROFILE2928_1,4137014346,山东海事职业学院,北区,潍坊滨海经济技术开发区智慧北二街00999号,山东省,潍坊市,D 功能区/大学城无法定区佐证,HARD-BLOCKED,yes,functional_zone_only,「智慧北二街00999号」在潍坊市/寒亭区政府公开全文中无与法定区县名同现的桥接原文；学校 2026 招生章程仅写滨海经济开发区地址。,山东海事职业学院官网招生章程（2026）页码核查：潍坊滨海经济开发区智慧北二街00999号；irscode.py 对 www.weifang.gov.cn / www.hanting.gov.cn 抓取 IRS code → None（无标准 IRS 端点）；toutiao 搜索式：山东海事职业学院 智慧北二街00999号 寒亭区 → 仅 weifang.city8.com 「潍坊市寒亭区成贤路 山东海事职业学院」POI 页（禁用）；博雅地名网 区划代码 370703（央子街道）→ 第三方功能区→区推断，禁用。,需要载明「智慧北二街00999号」+ 法定区县的政府/官方原文，例如：潍坊市自然资源局或寒亭区人民政府的用地/规划/环评公示、山东省政府采购或公共资源交易公告中该校（该校区）的完整地址、潍坊滨海经济技术开发区管委会文件中注明所属法定行政区。,山东海事职业学院官网 2026 招生章程（智慧北二街00999号）; https://weifang.city8.com 门址页（商业 POI，禁用）; 博雅地名网 370703 央子街道区划代码（第三方推断，禁用）; irscode.py weifang / hanting → None; toutiao: 山东海事职业学院 智慧北二街00999号 寒亭区,2026-09-12
PROFILE297_0,4144010578,韩山师范学院,校本部,广东省潮州市区桥东,广东省,潮州市,A 上一轮独立复核未通过,HARD-BLOCKED,yes,独立复核要求降级人工复审（引文/地址挂钩未达 verified 门槛）,复核通过但未过机器门禁: 引文挂不到本条地址/校区名 '校本部'（该记录地址 '广东省潮州市区桥东' 无路名，需：地址连续片段≥6字 / ≥3位门牌 / 或校区名核心与法定区同句）,,,https://www.chaozhou.gov.cn/zwgk/szfgz/sjyj/bmwj/content/mpost_3836209.html（潮州市教育局《关于开展2023年潮州市普通话水平测试的通知》，逐字含「测试地点：韩山师范学院（湘桥区桥东东山路）」）; http://www.ccgp.gov.cn/cggg/dfgg/gkzb/202609/t20260902_27251879.htm（中国政府采购网公开招标公告，采购单位地址「潮州市湘桥区桥东」，其单元格排版不构成逐字引文）; https://www.chaozhou.gov.cn/zwgk/zwdt/bmdt/content/mpost_3919635.html、https://www.chaozhou.gov.cn/ywdt/czyw/content/mpost_3871202.html（潮州市政府网其他含「韩山师范学院」页面，无「校本部/桥东」）; https://www.hstc.edu.cn/（官网 HTTP 412 JS 反爬，未绕行、未用作证据）; so.toutiao.com 检索「韩山师范学院 湘桥区 桥东 地址」「韩山师范学院 校本部 湘桥区 地址」,2026-09-12
PROFILE298_1,4144010576,韶关学院,黄田坝校区,广东省韶关市惠民北路64号韶关学院,广东省,韶关市,E 无权威来源,RESOLVED,no,no_authoritative_source,official,,,https://www.sgu.edu.cn/sygk/xxzc.htm 《学校章程》→ 200，第四条逐字「黄田坝校区位于韶关市武江区惠民北路64号」（命中）; https://www.sgu.edu.cn/sygk/xxjj.htm 学校简介（仅列校区名与校本部浈江区地址）; https://search.gd.gov.cn/search/all/2?keywords=惠民北路64号 → 0 结果; https://search.gd.gov.cn/search/all/2?keywords=韶关学院黄田坝校区 → 0 结果; https://so.toutiao.com/search?keyword=韶关学院 招生章程 黄田坝 武江区 → 第三方称武江区，作为线索指向学校章程,2026-09-12
PROFILE3067_1,4141012582,河南水利与环境职业学院,航空港校区,郑州航空港经济综合实验区双鹤湖片区梅河路与工业十一路交汇处,河南省,郑州市,C 地址冲突,HARD-BLOCKED,yes,conflicting_address,可读到的全部来源（校方招生网、校方主站、新区建设网、中国政府采购网）对航空港校区都只写功能区「郑州航空港经济综合实验区」；该功能区跨新郑市/中牟县/管城回族区，无法定区来源可落。,"1) https://zs.hwec.edu.cn/ → 「航空港校区地址：郑州航空港经济综合实验区双鹤湖片区梅河路266号」（功能区）；2) https://www.hwec.edu.cn/index.htm 与 https://xxqjs.hwec.edu.cn/index.htm → 页脚仅「学校地址：郑州市花园路136号」；3) toutiao 检索「河南水利与环境职业学院 航空港校区 地址 郑州航空港经济综合实验区」「河南水利与环境职业学院 航空港校区 划拨用地 宗地 公示」「""梅河路"" ""工业十一路"" 郑州航空港」→ 只有幸福里（绿地香湖湾=航空港区双鹤湖梅河路）、百科（双鹤湖中央公园=郑州市航空港区）、以及郑州航空港区官网关于「郑州联创智造产业园」的报道（双鹤二街以东、梅河路以西、工业十一路以北，无区名）；4) 中国政府采购网（上一轮）采购人地址=航空港经济综合实验区双鹤湖片区工业十一路与双鹤一街交叉口（功能区）。",需要郑州航空港经济综合实验区管委会或郑州市自然资源和规划局航空港区分局的划拨/出让宗地公示、规划许可，写清「梅河路（或工业十一路）」地段所属法定行政区（新郑市/中牟县/管城回族区）；或河南省教育厅、河南省水利厅带法定区的校区地址文件。,https://zs.hwec.edu.cn/ → 「航空港校区地址：郑州航空港经济综合实验区双鹤湖片区梅河路266号」（仅功能区）; https://www.hwec.edu.cn/index.htm → 页脚「学校地址：郑州市花园路136号」; https://xxqjs.hwec.edu.cn/index.htm → 页脚「学校地址：郑州市花园路136号」，无航空港校区法定区; http://www.ccgp.gov.cn/cggg/dfgg/cjgg/202608/t20260817_27148130.htm（上一轮）→ 金水区花园路136号（花园路校区，非本条）; toutiao 检索「郑州航空港经济综合实验区 双鹤湖 新郑市 梅河路」→ 仅房产/百科/区官网报道（均无区名）,2026-09-12
PROFILE3098_0,4241050709,平顶山职业技术学院,新校区,河南省平顶山市城乡一体化示范区长安大道西段（郑万高铁平顶山站西侧）,河南省,平顶山市,D 功能区/大学城无法定区佐证,HARD-BLOCKED,yes,functional_zone_only,「长安大道西段」在平顶山市政府/新华区/湛河区政府公开全文中无可检索的同现桥接原文；学校官方页面统一使用功能区「城乡一体化示范区」表述。,https://www.pdszy.edu.cn/xygk/xyjj.htm 学院简介（原文：地处平顶山市城乡一体化示范区长安大道西段；footer 地址同）；https://www.pdszy.edu.cn/xygk/xygh.htm 校园规划（footer 地址：城乡一体化示范区长安大道西段）；https://www.pdszy.edu.cn/xygk/xyfg.htm 校园风光（footer 同）；平顶山市政府门户全文检索 /utils/search.html（JS-only，无可提取 API）；toutiao 搜索式：平顶山职业技术学院 长安大道西段 新华区 → 仅校方宝丰校区磋商公告与导航页，无法定区桥接。,需要出现「长安大道西段」与法定区县名同现的政府/官方原文，例如：平顶山市自然资源局或新华区/湛河区人民政府关于该新校区的用地/规划许可/不动产登记公示、河南省教育厅高校设置备案文件载明完整法定地址。,https://www.pdszy.edu.cn/xygk/xyjj.htm; https://www.pdszy.edu.cn/xygk/xygh.htm; https://www.pdszy.edu.cn/xygk/xyfg.htm; https://www.pdszy.edu.cn/ 首页; 平顶山市政府门户 /utils/search.html（JS-only）; toutiao: 平顶山职业技术学院 长安大道西段 新华区,2026-09-12
PROFILE3115_1,4134014330,合肥幼儿师范高等专科学校,少荃湖校区,安徽省合肥市新站高新区文忠路2299号,安徽省,合肥市,D 功能区/大学城无法定区佐证,HARD-BLOCKED,yes,functional_zone_only,门牌「文忠路2299号」只与功能区「新站高新区」同现；同区域内他单位区名写法互相矛盾（「合肥市新站区学林路1509号」「合肥市瑶海区岱河路682号」「合肥市新站高新区学林路1100号」并存），不能据此断定本门牌法定区。按红线不得翻译功能区，也不得用同校另一校区（学林路1100号·瑶海区）覆盖本校区。,1) 校方主页页脚 https://www.hfpec.edu.cn/cs1.htm →「少荃湖校区地址：安徽省合肥市新站高新区文忠路2299号」；2) 招生网联系我们 https://zsb.hfpec.edu.cn/lxwm.htm → 同文；3) 招生简章 https://zsb.hfpec.edu.cn/zsjz/gkzs.htm → 同文；4) ggzy.hefei.gov.cn API wd=文忠路2299号 → 1 条采购意向仍写「新站高新区」；wd=少荃湖校区 → 该校记录采购人地址「合肥市瑶海区学林路1100号」（另一校区）；5) http://www.hfrc.net/click.php?id=9574 考点表 → 同表「合肥市新站区学林路1509号」「合肥市瑶海区岱河路682号」「合肥市新站高新区学林路1100号」并存，区名标注互相矛盾；6) 头条检索「文忠路2299号 瑶海区」→ 无写法定区的官方页面。,需一份把「文忠路2299号」或「少荃湖校区」与法定区（瑶海区）逐字并列的政府或校方原文，例如合肥市/瑶海区政府的用地、规划、消防验收或学校名录文档，或安徽省教育厅文件中带法定区的地址列。,https://www.hfpec.edu.cn/cs1.htm → 页脚仅「新站高新区文忠路2299号」; https://zsb.hfpec.edu.cn/lxwm.htm → 仅「新站高新区文忠路2299号」; https://zsb.hfpec.edu.cn/zsjz/gkzs.htm → 仅「新站高新区文忠路2299号」; ggzy.hefei.gov.cn API wd=文忠路2299号 / wd=少荃湖校区 → 功能区 / 另一校区（学林路1100号·瑶海区）; http://www.hfrc.net/click.php?id=9574 → 同表文忠路/学林路一带区名标注互相矛盾,2026-09-12
PROFILE314_0,4134010370,安徽师范大学,赭山校区,安徽省芜湖市北京中路2号,安徽省,芜湖市,E 无权威来源,RESOLVED,no,no_authoritative_source,government,,,http://m.ahjjjc.gov.cn/p/121918.html （正文含「镜湖区北京中路2号赭山校区综合楼东门北侧」）; https://www.ahnu.edu.cn/info/1104/110940.htm （校方官网同文）; https://zsxx.ahnu.edu.cn/info/1042/4233.htm （2026本科招生章程：「安徽省芜湖市北京中路2号（赭山校区）」无区名）; sogou 检索「安徽师范大学 赭山校区 镜湖区 北京中路2号」,2026-09-12
PROFILE314_1,4134010370,安徽师范大学,天门山校区,安徽省芜湖市九华北路171号,安徽省,芜湖市,E 无权威来源,RESOLVED,no,no_authoritative_source,government,,,http://m.ahjjjc.gov.cn/p/121918.html （安徽纪检监察网·巡视巡察，正文含「鸠江区九华北路171号安徽师范大学天门山校区」）; https://www.ahnu.edu.cn/info/1104/110940.htm （校方官网同文）; sogou 检索「安徽师范大学 天门山校区 鸠江区 九华北路171号」; https://zsxx.ahnu.edu.cn/info/1042/4233.htm （2026本科招生章程，仅「芜湖市九华北路171号（天门山校区）」，无区名）,2026-09-12
PROFILE3154_0,4162014517,甘肃卫生职业学院,新区校区,甘肃省兰州市新区职教园区九龙江街1666号,甘肃省,兰州市,D 功能区/大学城无法定区佐证,RESOLVED,no,functional_zone_only,government,,,https://www.ghx.gov.cn/ghx/zwgk/bmxzxx/bm/ghxwsjkj/fdzdgknr/ylws/art/2025/art_62c0e653bcf14be2b0a6c94f8a340ae1.html （广河县人民政府转发：考场安排表逐字含「甘肃卫生职业学院（新区校区） 兰州市皋兰县九龙江街1666号」）; https://www.ghx.gov.cn/ghx/zfxxgk/fdzdgknr/zdmsxx/ylws/art/2025/art_0f5d761488764d3395aa379821852e09.html （同文另一发布路径，本条复核逐字一致）; http://www.ccgp.gov.cn/cggg/dfgg/gzgg/202609/t20260907_27280206.htm （复核：采购人地址只写「甘肃省兰州新区职教园区九龙江街1666号」，无县名，仅作对照）; https://www.gsvemc.com/zjyq.htm （职教园区「省统建三校一区」含甘肃卫生职业学院，无县区）,2026-09-12
PROFILE316_1,4134010363,安徽工程大学,国际工程师学院校区,安徽省芜湖市经济技术开发区赤铸山东路100号,安徽省,芜湖市,A 上一轮独立复核未通过,HARD-BLOCKED,yes,独立复核要求降级人工复审（引文/地址挂钩未达 verified 门槛）,记录地址为「安徽省芜湖市经济技术开发区赤铸山东路100号」，「经济技术开发区」系功能区，不能据此判定法定县区。唯一逐字同址（赤铸山东路100号）的来源是学校官网（ahpu.edu.cn）页脚「国际工程师学院 地址：安徽省芜湖市赤铸山东路100号」，但该句不含任何法定区，达不到 official 级（有门牌却无区）。全部已查政府来源中，无一条把「鸠江区」与「赤铸山东路100号」配对。官网公网安备号 34020702000311（340207=鸠江区）只是网站备案，不是校区证据，红线禁止据以判定。上一轮合肥公共资源交易平台出现的「鸠江区清水街道安徽工程大学国际工程师学院校区…」属校区名挂钩，而本记,1) 学校官网 ahpu.edu.cn 全站检索校区的区级标注——页脚只给「安徽省芜湖市赤铸山东路100号」，无区；2) 芜湖市政府门户站内检索（/site/search/6787231，仅 newMedia API，结果非服务端渲染）与鸠江区政府站（jjq.gov.cn 全路径 404/nginx）均未获可用搜索后端；3) 芜湖市/鸠江区 TRS jsearchfront 检索端点探测失败（404/首页回退）；4) 今日头条搜索「鸠江区消防救援大队 安徽工程大学」「安徽工程大学 国际工程师学院 鸠江区 赤铸山东路100号」，仅返回鸠江区政府首页、安徽师大附外城东校区等无关结果；5) 沿用天津成功模式的火调「双随机、一公开」抽查公示线索，核验后未出现该校。,需要出现一份政府/教育主管部门或学校自身文件，把法定区「鸠江区」与门牌「赤铸山东路100号」写在同一句/同一单元格内（如芜湖市教育局或鸠江区教育局的办学许可/年检/消防「双随机」公示、安徽省教育厅高校设置/招生公告中的校区地址栏，或学校官网改版后在校区地址前补出「鸠江区」）。若未来能取得该校《办学许可证》或事业单位登记地址，亦可直接解锁。,https://www.ahpu.edu.cn/; http://www.wuhu.gov.cn/; http://www.jjq.gov.cn/; https://so.toutiao.com/search?keyword=鸠江区消防救援大队 安徽工程大学; https://so.toutiao.com/search?keyword=安徽工程大学 国际工程师学院 鸠江区 赤铸山东路100号; http://www.wuhu.gov.cn/site/search/6787231,2026-09-12
PROFILE3204_2,4151014514,成都工业职业技术学院,高新校区,四川省成都市高新区府城大道西段769号,四川省,成都市,D 功能区/大学城无法定区佐证,HARD-BLOCKED,yes,functional_zone_only,法定区原文缺失：①中国政府采购网（政府源）中采购单位「成都工业职业技术学院」的全部公告地址一律为「成都市天府新区（成都片区）正兴街道大安路818号」（天府校区），检索中无「府城大道西段769号」、无「高新校区」地址条目；②精确门牌反查「府城大道西段769号」在 ccgp 命中 0 条；③校方官网 https://www.cdivtc.edu.cn/ 页脚只有「地址：四川天府新区大安路818号」，「高新校区」仅出现在采购标题中无地址；④第三方（成都市司法局「法治成都」2018 考点公告）与 POI 写「成都市高新区府城大道西段769号」，仍是功能区口径，且属商业/非权威或非本校区地址。,1) 中国政府采购网关键词「成都工业职业技术学院」抓取 25 份公告逐份扫描（采购单位地址全部 天府新区正兴街道大安路818号）；2) ccgp 精确门牌反查「府城大道西段769号」→ 0 条命中；3) https://www.cdivtc.edu.cn/ 官网页脚与全文；https://zsw.cdivtc.edu.cn/（HTTP 000 不可达）；4) 头条检索「府城大道西段769号」「成都工业职业技术学院 高新校区 府城大道西段769号 武侯区」（仅得距离相近的另一校「成都职业技术学院(高新校区) 武侯区高新区天益街83号」，非同校同址，不可用）。,需「武侯区 + 府城大道西段769号」同句的权威原文：如成都市/武侯区 财政或规划部门文件、政府采购公告中写出法定区的采购人（高新校区）地址、学校自身写法定区的校区地址页，或该校区用地/房产的政府登记公示。,中国政府采购网 ccgp 关键词「成都工业职业技术学院」逐份公告扫描（采购单位地址一律 成都市天府新区（成都片区）正兴街道大安路818号）; ccgp 精确门牌反查「府城大道西段769号」→ 0 announcements; https://www.cdivtc.edu.cn/（页脚：地址：四川天府新区大安路818号）; https://zsw.cdivtc.edu.cn/（HTTP 000）; https://so.toutiao.com/search?keyword=成都工业职业技术学院 府城大道西段769号 武侯区,2026-09-12
PROFILE3230_0,4132014493,南通师范高等专科学校,开发区校区,江苏省南通市经济技术开发区育贤路2号,江苏省,南通市,D 功能区/大学城无法定区佐证,HARD-BLOCKED,yes,functional_zone_only,「育贤路2号」在官方来源中只与「南通经济开发区/南通经济技术开发区」同现，无任何逐字法定区；对开发区全文检索 96 条采购人地址一律写功能区；同页出现的「崇川区」只是中标供应商注册地（钟秀街道人民中路230号），与本校区无关，不得挪用。,1) 校方 https://www.ntnc.edu.cn/ 与 https://gzc.ntnc.edu.cn/ 页脚 →「南通经济开发区育贤路2号」；2) https://xgc.ntnc.edu.cn/2022/1001/c609a21227/page.htm →「开发区校区：南通经济技术开发区育贤路2号 南大门」；3) 南通市教育局官网 http://jyj.nantong.gov.cn/ntsjyj/zbcg/content/d107ed3c-166e-45b7-a40b-a77d46e5f574.html → 采购人地址「江苏省南通经济技术开发区育贤路2号」；4) 南通市政府 https://www.nantong.gov.cn/ntsrmzf/gggs/content/a3ef28a7-1943-4176-85db-a715cfcb73dc.html 与开发区管委会 https://www.netda.gov.cn/ntjjkfqrmzf/yqfk/content/c8afbc67-ebc3-4fbc-a17d-04122ef52ebe.html →「南通市经济技术开发区育贤路2号」；5) https://search.ccgp.gov.cn/bxsearch?kw=南通经济技术开发区 → 96 条均写功能区；kw=育贤路 → 0 条；6) 头条检索「育贤路2号 崇川,需一份把「育贤路2号」与法定区（崇川区，或通州区）逐字并列的政府或校方原文，例如南通市/崇川区政府的不动产、规划、教育用地或学校名录文档，或南通市教育局文件中的带区地址列。,https://www.ntnc.edu.cn/ → 页脚「地址：南通经济开发区育贤路2号 邮编：226010」; https://gzc.ntnc.edu.cn/ 与 https://xgc.ntnc.edu.cn/2022/1001/c609a21227/page.htm → 均「南通经济技术开发区育贤路2号」; http://jyj.nantong.gov.cn/ntsjyj/zbcg/content/d107ed3c-166e-45b7-a40b-a77d46e5f574.html → 市教育局招标页，仅功能区; https://www.nantong.gov.cn/ntsrmzf/gggs/content/a3ef28a7-1943-4176-85db-a715cfcb73dc.html 与 https://www.netda.gov.cn/ntjjkfqrmzf/yqfk/content/c8afbc67-ebc3-4fbc-a17d-04122ef52ebe.html 疫情通告 → 仅功能区; https://search.ccgp.gov.cn/bxsearch?kw=南通经济技术开发区 / kw=育贤路 → 96/0 条，无崇川区/通州区,2026-09-12
PROFILE323_1,4131010276,华东政法大学,松江校区,上海市松江大学园区龙源路555号,上海市,上海市,D 功能区/大学城无法定区佐证,RESOLVED,no,functional_zone_only,official,,,https://isfl.ecupl.edu.cn/ → 页脚逐字『<p>地址：上海市松江区龙源路555号华东政法大学明实楼国际金融法律学院</p><p>邮编：201620</p>』; https://www.shmeea.edu.cn/page/08000/20170420/8315.html → 政府（上海市教育考试院）同址『华东政法大学 松江区龙源路555号 57090318』,2026-09-12
PROFILE3253_0,4136014537,江西师范高等专科学校,办学地点（档案未命名）,江西省鹰潭市信江新区滨江东路1号,江西省,鹰潭市,D 功能区/大学城无法定区佐证,HARD-BLOCKED,yes,functional_zone_only,校官网逐字含门牌但与法定区无关；「信江新区→月湖区」的区级映射虽来自政府来源，但既不含路名也不含门牌，无法与记录的「滨江东路1号」挂钩；第三方地图的「月湖区滨江东路」为红线禁用来源。故无法定区可落。,1) 校官网页脚 curl 实抓（GBK 处理）；2) 信江新区管委会站实抓并排查「新区概况」类页面；3) 已提交的 zone→district 映射库比对（功能区级，无地址）；4) Toutiao 精确短语「滨江东路1号」及与「月湖区」组合检索多页。,需要鹰潭市政府/月湖区政府/信江新区管委会文件把「滨江东路1号」与法定区同句写出（如自然资源与规划局供地/不动产登记、月湖区政府公告或建设项目审批含该门牌并写月湖区），或校方改用带法定区的地址。否则不可解。,"http://www.jxsfgz.com/ (页脚「地址：江西省鹰潭市信江新区滨江东路1号 邮政编码：335000」无区); http://xjxq.yingtan.gov.cn/ (信江新区管委会站，GBK 解码后未见归属表述); data/zone-district-mappings.jsonl 条目 ZONE-JX-YINGTAN-XINJIANG (信江新区→月湖区，来源 https://www.hukou.gov.cn/nyncj/fdzdgknr/ssjd/202204/P020220418663809680358.pdf)——功能区级映射，无滨江东路; https://so.toutiao.com/search?keyword=""滨江东路1号"" 江西师范高等专科学校 (无含法定区的官方同句); https://so.toutiao.com/search?keyword=""滨江东路1号"" 月湖区 (仅 city8 第三方「鹰潭市月湖区滨江东路(鹰潭恒大绿洲)」与月湖区核酸点公告，均非本校门牌同句)",2026-09-12
PROFILE3289_0,4162014594,兰州现代职业学院,办学地点（档案未命名）,甘肃省兰州新区职教园区（兰州新区九龙江街500号）,甘肃省,兰州市,D 功能区/大学城无法定区佐证,RESOLVED,no,functional_zone_only,门牌/路名可对上（九龙江街500号），但法定县名从未与该校地址同句出现；功能区名「兰州新区」不可当法定区。,https://www.lzmvc.edu.cn/xyzc/list.htm（学院章程）；https://www.lzmvc.edu.cn/31/list.htm（联系我们）；https://www.lzmvc.edu.cn/ 同源全站爬取（「皋兰县」命中均为无关活动稿）；站内搜索接口 https://www.lzmvc.edu.cn/_web/_search/api/search/new.rst?keyword=皋兰县 返回 HTTP 403；皋兰县政府站检索 https://www.lanzhou.gov.cn/jrobot/search.do?webid=16&q=九龙江街500号 → 「抱歉，没有找到…」；https://so.toutiao.com/search?keyword=兰州现代职业学院 皋兰县 只有征兵公告联系人串（无地址、无行政归属句）。,需要出现「皋兰县」+「九龙江街500号」的校方或政府原文，例如兰州现代职业学院招标公告、兰州市/皋兰县政府学校名录或教育部门批复文件。,https://www.lzmvc.edu.cn/xyzc/list.htm; https://www.lzmvc.edu.cn/31/list.htm; https://www.lzmvc.edu.cn/; https://www.lanzhou.gov.cn/jrobot/search.do?webid=16&q=九龙江街500号; https://so.toutiao.com/search?keyword=兰州现代职业学院 皋兰县,2026-09-13
PROFILE3292_0,4262051378,甘肃财贸职业学院,兰州新区职教园校区,甘肃省兰州市兰州新区职教园区海河街766号,甘肃省,兰州市,D 功能区/大学城无法定区佐证,RESOLVED,no,functional_zone_only,门牌「海河街766号」在校方官网与甘南人社邀请函中均逐字出现，但均写功能区「兰州新区职教园区」；「皋兰县」出现的文本（如兰州新区官网「皋兰县西岔、水阜6镇」、兰州市政府网「皋兰县——西岔镇文曲社区」）与该校地址不同句，属跨文档推断，未达门槛。,1) 校方 https://www.gscmxy.edu.cn/ 与 https://www.gscmxy.edu.cn/info/1010/4182.htm （官网地址只写功能区；环评公示页正文为图片不可取文本）；2) 搜狗微信『甘肃财贸职业学院 海河街766号 皋兰』：仅「甘南人社」邀请函「甘肃财贸职业学院（兰州市兰州新区职教园区海河街766号）」，无县名；3) 搜狗微信『甘肃财贸职业学院 皋兰县 考点』：仅「甘肃省教育厅」手机报与自媒体的考点/项目清单（考点≠校址），无校址法定区原文；4) http://www.lzxq.gov.cn/system/2024/08/08/031044586.shtml 、 http://www.lanzhou.gov.cn/art/2018/4/4/art_122_465031.html （皋兰县辖西岔镇，属间接）；5) https://www.lanzhou.gov.cn/jrobot/search.do?q=海河街（无命中）。,需皋兰县政府、兰州市教育局或甘肃省教育厅等官方原文把「海河街766号」与「皋兰县」写入同句（如同类考试考点表/事业单位登记/消防验收），或该校法人登记地址载明法定县区。,搜狗微信『甘肃财贸职业学院 海河街766号 皋兰』：仅「甘南人社」邀请函「甘肃财贸职业学院（兰州市兰州新区职教园区海河街766号）」，功能区无县名; https://www.gscmxy.edu.cn/ 与 https://www.gscmxy.edu.cn/info/1010/4182.htm （官网地址只写功能区；环评公示正文为图片）; 搜狗微信『甘肃财贸职业学院 皋兰县 考点』：仅甘肃省教育厅手机报第645期与自媒体考点清单，无为校址法定区原文; http://www.lzxq.gov.cn/system/2024/08/08/031044586.shtml （兰州新区官网：皋兰县西岔、水阜6镇）; http://www.lanzhou.gov.cn/art/2018/4/4/art_122_465031.html （兰州市政府网：皋兰县——西岔镇文曲社区）,2026-09-13
PROFILE330_1,4161010698,西安交通大学,雁塔校区,西安市朱雀大街205号,陕西省,西安市,A 上一轮独立复核未通过,RESOLVED,no,独立复核要求降级人工复审（引文/地址挂钩未达 verified 门槛）,official,,,http://www.collegian-health.xjtu.edu.cn/info/1042/1172.htm (西安交通大学医院，雁塔区朱雀大街205号); https://www.xjtu.edu.cn/ 学校简介/校区联系; 西安市雁塔区人民政府 相关页面,2026-09-12
PROFILE3332_1,4113012783,石家庄城市经济职业学院,东校区,河北省石家庄市经济技术开发区（东区）鼎盛街3号,河北省,石家庄市,C 地址冲突,HARD-BLOCKED,yes,conflicting_address,记录路名「鼎盛街」无任何官方/政府来源，且校方自述地址为另一路名（渠北路88号）且不带法定区；功能区名不得换算为法定区。,1) so-gov 政府全文检索 石家庄市 siteCode 1301000003 查「鼎盛街」（0 条）、「渠北路」（2 条，仅证明渠北路在藁城区）；2) 石家庄经开区官网 siteCode 1301000068 查「鼎盛街」（0 条）、「城市经济职业学院」（8 条无关）；3) 校方官网招生页 https://www.sjzcsjjxy.com/html/zsjyzszc/4555.html ；4) so.toutiao.com 检索「石家庄城市经济职业学院 藁城 渠北路88号」「石家庄 鼎盛街 藁城 经济技术开发区」（仅得到「石家庄鼎盛街」联想词，无来源）。,需要石家庄经开区管委会、藁城区或石家庄市政府以「XX区/县 + 鼎盛街3号 + 石家庄城市经济职业学院（东校区）」形式出具的许可/公示/登记文件（如不动产登记、消防验收、环评公示、事业单位登记），或该校官网/河北省教育厅招生章程把东校区地址写作带法定区的「鼎盛街3号」；若后续确认校方真实地址是「渠北路88号」，需以「藁城区 + 渠北路88号 + 该校东校区」的政府来源另立证据再重判。,https://api.so-gov.cn/query/s siteCode=1301000003 qt=鼎盛街; https://api.so-gov.cn/query/s siteCode=1301000003 qt=渠北路; https://api.so-gov.cn/query/s siteCode=1301000068 qt=鼎盛街; https://api.so-gov.cn/query/s siteCode=1301000068 qt=城市经济职业学院; https://www.sjzjjjskfq.gov.cn/; https://www.sjzcsjjxy.com/html/zsjyzszc/4555.html,2026-09-12
PROFILE3334_0,4113014586,唐山幼儿师范高等专科学校,办学地点（档案未命名）,河北省唐山市高新技术开发区京唐智慧港,河北省,唐山市,D 功能区/大学城无法定区佐证,HARD-BLOCKED,yes,functional_zone_only,记录地址「河北省唐山市高新技术开发区京唐智慧港」只含功能区名，无路名、无门牌；且「高新技术开发区」不是法定县级行政区。唐山高新区官网原文自证「高新区辖区面积100.3平方公里，位于唐山市中心区，由中心区、老庄子镇、京唐智慧港三部分组成」——同一功能区跨多个法定区，禁止做「高新区=某区」的字典式换算，也无法唯一映射。校方全部官方页面（学校主页、党政办公室 dbxb.tsyzh.edu.cn、tsyzh.edu.cn）一律只写「河北省唐山市高新技术开发区京唐智慧港」，「路北区/路南区/丰润区」0 命中。该记录 campus 字段为占位符「办学地点（档案未命名）」，无法满足校区名挂钩例外要求的「含本校区名」要件，故例外不可用。,1) 校方官网与党政办子站全站检索「京唐智慧港/路北区/高新技术开发区」（仅功能区名）；2) 唐山高新区官网（tsgxq.gov.cn）证明功能区跨多法定区；3) 唐山市政府/唐山市教育局站内检索；4) 河北省发改委、河北省自然资源和规划厅重大项目与规划许可公示检索；5) toutiao/sogou 以「京唐智慧港+路北区/丰润区」组合检索，命中的只有功能区名与第三方。,需一份政府文件把「京唐智慧港」（或「唐山幼儿师范高等专科学校」新校区）与法定区名写入同一地址语句，例如省/市发改委项目核准公示、自然资源和规划局土地划拨/规划许可公示、事业单位法人登记住所、或生态环境/卫健部门项目公示。同时上游需先修正该记录 campus 字段的占位符（当前为「办学地点（档案未命名）」），否则校区名挂钩例外也无从成立。,https://dbxb.tsyzh.edu.cn/content.jsp?urltype=news.NewsContentUrl&wbnewsid=1828&wbtreeid=1010 → 页脚「地址：河北省唐山市高新技术开发区京唐智慧港」，「路北区」0 命中; https://www.tsyzh.edu.cn/ 学校主页 联系我们; https://www.tsgxq.gov.cn/touzi/index → 「高新区…由中心区、老庄子镇、京唐智慧港三部分组成」; https://www.tangshan.gov.cn/ 唐山市政府站内检索「京唐智慧港 学校」; toutiao query: 唐山幼儿师范高等专科学校 京唐智慧港 路北区; sogou query: 唐山幼儿师范高等专科学校 高新技术开发区京唐智慧港 路北区,2026-09-12
PROFILE3346_0,4132014568,江苏航空职业技术学院,办学地点（档案未命名）,江苏省镇江瑞城路88号,江苏省,镇江市,D 功能区/大学城无法定区佐证,HARD-BLOCKED,yes,functional_zone_only,存在把「瑞城路88号」逐字写入的政府文件（镇江市发改委批复），但该文件只声明功能区「镇江新区」；镇政府/区政府门户全文检索无任何「京口区+瑞城路」同句；第三方地图的「京口区」属禁用来源。法定区缺失且不可由功能区翻译。,"1) 校方官网四个子站页脚实抓；2) 镇江市发改委政府信息公开文件两版批复实抓（唯一含精确门牌的政府原文）；3) 镇江市人民政府门户开普云全文检索接口(/search4/search/s, siteCode=3211000002) 多轮关键词：「瑞城路」「瑞城路 京口区」「京口区平昌」「航空职业技术学院 京口区」；4) 镇江新区(zjna.gov.cn)政务页面比对（发现新区页面会把其他新区地址写作京口区，但从未出现瑞城路88号）；5) 土地征收成片开发方案报道交叉；6) Toutiao 精确短语检索。",需要镇江市自然资源和规划局/不动产登记/划拨供地公示中把「瑞城路88号」（或该宗地）的行政区字段写为「京口区」或「丹徒区」；或镇江新区管委会政府文件把该门牌连同法定区同句写出；或省级区划简册式的「京口区（含镇江新区）」+该门牌同句。否则不可解。,"https://www.jatc.edu.cn/ 、https://zs.jatc.edu.cn/mainm.htm 、https://zzb.jatc.edu.cn/mainm.htm 、https://hkfxxy.jatc.edu.cn/mainm.htm (均写镇江新区瑞城路88号/江苏省镇江瑞城路88号); http://fgw.zhenjiang.gov.cn/fgw/xxgkbmwj/201910/5105ce9fa5114989a00273e867ceae05.shtml (镇江市发改委批复，「建设地点 镇江新区瑞城路88号（江苏航空职业技术学院内）」——门牌精确但无区); http://fgw.zhenjiang.gov.cn/fgw/xxgkbmwj/201909/25c6e48a9d794318a81c13f20f740aaf.shtml (同文另一版本，同样只写镇江新区); 镇江市门户全文检索 https://www.zhenjiang.gov.cn/search4/search/s siteCode=3211000002 关键词「瑞城路」(page1=20,page2=1) 与「瑞城路 京口区」(0条)、「京口区平昌」(无同址命中)、「航空职业技术学院 京口区」(仅市政协提案答复，无门牌) 、「瑞城路88号 不动产 OR 供地 OR 出让」(仅校方官网); https://m.city8.com/zhenjiang/education/8bfj5s7a36aebfd04f_address (第三方地图写「镇江市京口区横山路江苏航空职业技术学院」——仅线索); 「镇江近三千公顷土地征收成片开发方案获批，涉及京口、丹徒…」(京口区/丹徒区/镇江新区并列，未涉及瑞城路门牌)",2026-09-12
PROFILE3358_0,4136014569,赣南卫生健康职业学院,办学地点（档案未命名）,江西省赣州市蓉江新区高校园区,江西省,赣州市,D 功能区/大学城无法定区佐证,HARD-BLOCKED,yes,functional_zone_only,[分类:无路名门牌且校名未知] 无路名门牌→只能校名挂钩，而 campus=“办学地点（档案未命名）”无校名可用；亦无政府原文把“高校园区”与该校区法定区同写。,校方官网页脚实抓（“学校地址：江西·赣州蓉江新区”，上轮）；本轮江西省公共资源交易平台/中国政府采购网/江西省人民政府采购公告“采购人信息 地址”批量检索（赣州高校）；搜狗检索“赣南师范大学 采购人信息 地址 师大南路”“赣州师范高等专科学校 采购人信息 地址 高校园区”“师大南路1号 章贡区”“高校园区35号 章贡区”；上轮另试蓉江新区(kaipuyun 3607000063)、章贡区政府(3607020006)、赣州市政府(3607000056)、赣州市自然资源局(3607000048) 站内搜索及章贡区为蓉江新区土地征收责任主体的对口文件。,官方或政府原文在同一句内同时出现“赣南卫生健康职业学院”（或其可辨识校区名）与法定区名（章贡区/南康区/赣县区之一）；或出现含路名门牌的该校现址全址且带法定区。,江西省公共资源交易平台 www.jxsggzy.cn 采购公告（赣州高校批量）; 中国政府采购网采购单位地址页（赣州高校批量）; 江西省人民政府转载采购公告; 搜狗检索“师大南路1号 章贡区”“高校园区35号 章贡区”; 校方官网页脚（上轮）,2026-09-12
PROFILE3361_1,4141013889,河南林业职业学院,三川校区,河南省洛阳市洛常路168号,河南省,洛阳市,E 无权威来源,RESOLVED,no,no_authoritative_source,分类 E_no_authority：门牌匹配但法定区缺失，洛常路在 洛龙区/瀍河回族区 间的归属无法由官方逐字文本排他确定；学校页脚公网安备 410304 属推断，不得作判据。,https://jyt.henan.gov.cn/2025/07-09/3178839.html（教育厅招生章程『三川校区：河南省洛阳市洛常路168号』，无区）；https://www.hnfvc.edu.cn/ 、/xygk 、/xxgk 、/xygk/xyzc（页脚『中国-河南省洛阳市中州东路2号』无区，章程栏为图片）；https://t.ly.gov.cn/search-api/open/api/external?keywords=洛常路168号&siteId=4103110007(洛龙区) 与瀍河回族区站内搜索（/ss，JS 壳）→ 无该校地址命中；https://www.ly.gov.cn/2024/12-05/490452.html（并入公告，无地址无区）；头条检索『洛常路168号』『河南林业职业学院 三川校区 洛常路168号』。,需要洛阳市政府/洛龙区(或瀍河回族区)政府文件，或该校《章程》正文，出现『洛常路168号』与法定区名的逐字同句表述。,https://jyt.henan.gov.cn/2025/07-09/3178839.html (教育厅招生章程『三川校区：河南省洛阳市洛常路168号』，无区); https://www.hnfvc.edu.cn/ 与 /xygk 、/xxgk (页脚『河南省洛阳市中州东路2号』，无区); https://www.ly.gov.cn/2024/12-05/490452.html (洛阳经济学校并入公告，无地址); https://t.ly.gov.cn/search-api/open/api/external?keywords=洛常路168号&siteId=4103110007 (无地址命中); http://www.chanhe.gov.cn/ss?keywords=洛常路168号 (JS 搜索壳); https://so.toutiao.com/search?keyword=河南林业职业学院 三川校区 洛常路168号,2026-09-13
PROFILE3366_1,4141014636,河南物流职业学院,平原校区,河南省郑州市黄河大桥北中州大道与郑焦晋（原焦）高速交叉口西侧,河南省,郑州市,D 功能区/大学城无法定区佐证,HARD-BLOCKED,yes,functional_zone_only,地址位于黄河以北（新乡市平原示范区），与记录 city=郑州市 矛盾，allowed_districts（全为郑州辖区）内无正确落点；学校官网对平原校区亦不写法定义。,①学校官网首页/学校概况/信息公开页脚（逐字地址）；②toutiao「惠济区+中州大道+黄河大桥」等检索；③惠济区重点项目清单检索；④上一轮已试校官网三页、头条检索两组。,需要先纠正记录口径：取得能证明该点归属的政府原文（如新乡市平原示范区管委会或原阳县政府对该校区的用地/规划文件），并按实际法定区（原阳县/平原示范区辖属）更新 city 与 allowed_districts 后再判定。,https://www.hnwlxy.edu.cn/ — 页脚逐字「郑州校区： 郑州市金水区优胜北路3号 平原校区： 郑州黄河大桥北中州大道与郑焦晋（原焦）高速交叉口西侧 新乡校区： 新乡市科隆大道114号」（平原校区无法定区）; https://www.hnwlxy.edu.cn/xxgk1.htm 与 /xxgk1/xxgk1.htm（上一轮）— 同址，无法定区; so.toutiao.com 查询式：「惠济区 中州大道 黄河大桥 河南物流职业学院」「位于中牟县 通惠路」（对照用）; 惠济区2026年市级重点项目清单（转引）— 未见该校或该地址条目,2026-09-12
PROFILE3366_2,4141014636,河南物流职业学院,新乡校区,新乡市科隆大道114号,河南省,新乡市,E 无权威来源,RESOLVED,no,no_authoritative_source,分类 E_no_authority：唯一官方来源只到『新乡市』，allowed_districts 内 红旗区/卫滨区/牧野区 等候选无法排他确定。,https://www.hnwlxy.edu.cn/（『新乡校区：新乡市科隆大道114号』，无区）；https://www.hnwlxy.edu.cn/xxgk1.htm 与 https://www.hnwlxy.edu.cn/xxgk1/xxgk1.htm（同址无区）；https://www.hnwlxy.edu.cn/xxgk1/xxzc.htm（学校章程栏目为空）；http://www.hnwlxy.edu.cn/zsjyc/zsxx/zsjz.htm（招生简章列表无地址）；https://www.xinxiang.gov.cn/site/search/6802284?keywords=科隆大道114号（JS 渲染，无内联结果）；头条检索『科隆大道114号』『新乡市科隆大道114号』『河南物流职业学院 新乡 科隆大道114号 红旗区』（仅命中校方二级站与第三方百科，均无区）。,需要新乡市政府、红旗区(或卫滨区/牧野区)政府或河南省教育厅文件把『科隆大道114号』与法定区名逐字并列；或该校《章程》/事业单位法人登记写明新乡校区所在区。,https://www.hnwlxy.edu.cn/ (『新乡校区：新乡市科隆大道114号』，无区); https://www.hnwlxy.edu.cn/xxgk1/xxgk1.htm (同址无区); https://www.hnwlxy.edu.cn/xxgk1/xxzc.htm (学校章程栏目为空); http://www.hnwlxy.edu.cn/zsjyc/zsxx/zsjz.htm (招生简章列表无地址); https://www.xinxiang.gov.cn/site/search/6802284?keywords=科隆大道114号 (JS 渲染，无结果); https://so.toutiao.com/search?keyword=河南物流职业学院 新乡 科隆大道114号 红旗区,2026-09-13
PROFILE3377_0,4142014555,长江艺术工程职业学院,办学地点（档案未命名）,湖北省荆州市纪南生态文化旅游区孙叔敖路1号,湖北省,荆州市,D 功能区/大学城无法定区佐证,HARD-BLOCKED,yes,functional_zone_only,荆州区、沙市区等法定区名与「孙叔敖路1号」同句的官方原文不存在：学校自述地址、政府规划许可、省市招生咨询材料一律使用「纪南生态文化旅游区/文旅区纪南镇」；荆州区卫健部门的属地监督名单只出现单位名而无地址，属禁止的推断型证据。,https://api.so-gov.cn/query/s siteCode=4210000002 检索词：长江艺术工程职业学院 / 孙叔敖路1号 / 艺术工程职业学院医务室 / 荆州区 长江艺术工程职业学院（AND 后 0 命中）；TRS iSearch https://www.jingzhou.gov.cn/igs/front/search.jhtml code=727e23eb08f045a686ac5ca4ac3bd85d siteId=37 检索词：孙叔敖路 / 长江艺术工程职业学院 荆州区；荆州区站内检索 https://www.jingzhou.gov.cn/site/jingzhouqu/search.html（siteId=21 返回 500，siteId=36 实为石首市）；http://zwgk.jingzhouqu.gov.cn/qwjj/24708/110220233/t131220233104/416662.shtml（荆州区卫健局双随机，含医务室但无地址）；http://zwgk.jingzhouqu.gov.cn/qwjj/24708/111220253/t106220253114/637982.shtml（同上 2025 版）；https://zwgk.jingzhou.gov.cn/54220/202302/t20230220/301043.sh,需官方文书把「孙叔敖路1号」与法定区名（荆州区或沙市区）同句写出，典型来源：①荆州区/沙市区卫健局对「长江艺术工程职业学院医务室」的医疗机构设置审批前公示或执业登记公示（该局已知对该医务室行使属地监督权，其公示格式通常含「机构选址：荆州区…孙叔敖路1号…院内」）；②荆州市/荆州区自然资源部门对该校二期、升本建设项目的用地规划许可或土地出让公告，位置列注明法定区；③荆州区政府的征收土地公告、消防/市场监管双公示写明该校门牌并带法定区；④在鄂高校招生咨询等省级材料中出现带法定区的校址写法。,https://zwgk.jingzhou.gov.cn/54150/106220253/t104220253064/593990.shtml; https://zwgk.jingzhou.gov.cn/54150/202302/t20230217/293161.shtml; https://zwgk.jingzhou.gov.cn/54220/202302/t20230220/301043.shtml; http://zwgk.jingzhouqu.gov.cn/qwjj/24708/110220233/t131220233104/416662.shtml; https://api.so-gov.cn/query/s siteCode=4210000002 qt=孙叔敖路1号; https://www.jingzhou.gov.cn/igs/front/search.jhtml code=727e23eb08f045a686ac5ca4ac3bd85d siteId=37 searchWord=孙叔敖路,2026-09-12
PROFILE3379_0,4143010836,株洲师范高等专科学校,云龙校区,湖南省株洲市经开区智慧路89号,湖南省,株洲市,B 来源抓取失败,HARD-BLOCKED,yes,source_inaccessible,无来源同时写明「株洲师范高等专科学校（云龙校区）」+「智慧路89号」+allowed_districts 内任一法定区。政府原文只给功能区「云龙示范区/株洲经开区」；石峰区、荷塘区两份政府文件对「智慧路」的法定区归属互相冲突且均不涉及本校。,湖南省统一搜索平台站群检索（https://searching.hunan.gov.cn/hunan/973000000/news?q=…&iszq=1）以「株洲师范高等专科学校」「智慧路89号」「株洲师范高等专科学校 石峰区 / 荷塘区」「云龙校区 智慧路」「职教城 石峰区」等多条查询式；逐页打开株洲市人社局 2021 招聘公告（rsj.zhuzhou.gov.cn//c935/20211129/i1800136.html）、2025 招聘公示（rsj.zhuzhou.gov.cn//c935/20250915/i2425543.html）、株洲市卫健委卫生许可页（wjw.zhuzhou.gov.cn//c16712/20230801/i2077482.html，正文空、内容在附件）、石峰区卫健局表（www.shifeng.gov.cn/c27230/20250805/i2405755.html）、荷塘区政府公示（www.hetang.gov.cn/c11731/20210628/i1720381.html）、株洲市自然资源和规划局征地公告（zrzyj.zhuzhou.gov.cn/c9761/20171222/i608711.html、i609329.html、i604029.html，正文为空、内容在附件）、株洲市公共资源交易中心（ggzy.zhuzhou.gov.cn，未找,需要出现把「株洲师范高等专科学校（云龙校区）」与「智慧路89号」及法定区（石峰区/荷塘区/芦淞区等）写在同一句或同一表中的政府来源：株洲市或区级自然资源和规划局的征地/规划许可（载明地块所属法定区）、卫健/市场监管/教育许可或行政处罚文书、事业单位法人登记住所（登记管理机关公告）、湖南省教育厅高校名单中的办学地址，或校方官网（hnzzsz.com）恢复可访问后的「学校简介/联系我们」页。若届时仍只有「云龙示范区」，则需明文说明该功能区由哪个法定区托管的具体文件（而非字典翻译）。,https://searching.hunan.gov.cn/hunan/973000000/news?q=株洲师范高等专科学校+智慧路&iszq=1; https://searching.hunan.gov.cn/hunan/973000000/news?q=智慧路89号&iszq=1; https://searching.hunan.gov.cn/hunan/973000000/news?q=株洲师范高等专科学校+石峰区&iszq=1; http://rsj.zhuzhou.gov.cn//c935/20211129/i1800136.html; http://rsj.zhuzhou.gov.cn//c935/20250915/i2425543.html; http://wjw.zhuzhou.gov.cn//c16712/20230801/i2077482.html,2026-09-12
PROFILE3398_0,4151014645,天府新区航空旅游职业学院,天府校区,四川省天府新区剑南大道南延线航空大道中段168号,四川省,眉山市,D 功能区/大学城无法定区佐证,HARD-BLOCKED,yes,functional_zone_only,档案地址「四川省天府新区剑南大道南延线航空大道中段168号」只含功能区「天府新区」，校方一手页面全站不写法定区；且校方把 168 号标为校本部、把天府校区另置于「天府仁寿大道66号」，与档案「天府校区=168号」冲突，先要解决地址与校区的对应关系。政府侧（眉山市、彭山区、仁寿县、四川省教育厅）无点名该地址并带法定区的原文。指向彭山区的线索均为地图 POI / 招生门户等商业来源。,"已试路径：①校方官网 tfhk.edu.cn（招生章程、单招专业计划表、学校简介、页脚）；②四川省教育厅 scedu.sc.gov.cn 站内；③眉山市政府 ms.gov.cn、四川政务服务网 scps.gov.cn 站内；④精确路名+门牌反查（""航空大道中段168号""、""剑南大道""+""航空大道""+168号）；⑤校区名+法定区组合（彭山区/仁寿县）。来源冲突：校方页脚把 168 号归「校本部」、把「天府校区」写作仁寿县「天府仁寿大道66号」，与档案相反；第三方 POI 指向「彭山」。",需先由校方或省教育厅明确 168 号对应的校区名与准确地址串，再由眉山市/彭山区（或仁寿县）政府、自然资源局、住建局、教育主管部门出具点名「剑南大道南延线航空大道中段168号」或「天府新区航空旅游职业学院天府校区」并带法定区的原文（土地划拨、建设用地规划许可、消防验收、办学许可/考点公示等）。,"https://www.tfhk.edu.cn/ （招生章程；2023高职单招计划表「学院地址：四川省天府新区剑南大道南延线航空大道中段168号」，无法定区）; so.toutiao.com/search?keyword=site:tfhk.edu.cn 地址 招生; so.toutiao.com/search?keyword=""航空大道中段168号""; so.toutiao.com/search?keyword=""剑南大道"" ""航空大道"" 168号; so.toutiao.com/search?keyword=天府新区航空旅游职业学院 仁寿县 天府校区; so.toutiao.com/search?keyword=天府新区航空旅游职业学院 彭山区 政府 （仅第三方招生/影视站，无政府命中）",2026-09-12
PROFILE342_1,4153010674,昆明理工大学,嵩明校区,云南省昆明市嵩明职教新城空港大道1号,云南省,昆明市,A 上一轮独立复核未通过,RESOLVED,no,独立复核要求降级人工复审（引文/地址挂钩未达 verified 门槛）,government,,,http://www.kmsm.gov.cn/c/2025-05-14/7007121.shtml → 命中（采用），逐字「诊所地址：云南省昆明市嵩明县杨林经济技术开发区空港大道2号俊发空港城3号地块10栋9号10号商铺」; http://www.kmsm.gov.cn/c/2024-04-24/6842402.shtml → 昆明理工大学嵩明校区建设项目（一期）建设用地规划许可证批后公布（正文为图片，作为旁证）; https://pwee.kust.edu.cn/info/1293/1930.htm → 校方页只写「嵩明职教新城空港大道1号」，无「嵩明县」,2026-09-12
PROFILE347_1,4153010678,昆明医科大学,人民西路校区,云南省昆明市人民西路191号,云南省,昆明市,E 无权威来源,HARD-BLOCKED,yes,no_authoritative_source,[分类:官方仅到市级别地址] 校方官网逐字写「人民西路校区：昆明市人民西路191号（正在综合改造）」，只到市一级；学校章程仅给呈贡校区地址(不得跨校区套用)。昆明市政府门户智能检索 API(govsearch.kunming.cn，覆盖 www.km.gov.cn)对「人民西路191号」「人民西路校区」「昆明医科大学人民西路校区」均为 0 命中。唯一政府侧线索是 2016 年昆明市政府(www.km.gov.cn，2016-08-22)与昆明市自然资源和规划局(zrzygh.km.gov.cn，2016-03-26)关于「昆明医科大学人民西路校区综合改造项目A1-1地块」的批前/批后公示，摘要中的审批经办为「西山区园林绿化局」「昆明市规划局西山(分局)」，即项目按西山区管辖办理——但两页 URL 无法取得、超出站内检索索引时间窗，且摘要本身不含「人民西路191号」，无法满足逐字引用与地址挂接。第三方(360 地图称西山区、大学生必备网、微信公众号称「西山区人民西路84号」门牌不符)均不可用。,1) kmmu.edu.cn 全站爬取(人民西路/西山区/采购人)；2) 昆明市政府门户智能检索 API(govsearch.kunming.cn)四组关键词；3) sogou(wap)检索并定位到 2016 年市规划局/市政府公示与 2022 年西山区居务公开；4) so.toutiao.com 三组关键词；5) zrzygh.km.gov.cn、www.kmxs.gov.cn 首页与站内爬取；6) ccgp 直连(访问过于频繁)、ccgp-yunnan(需验证码)、yn.gov.cn 搜索(转发到 so-gov.cn JS SPA)；7) www.ynzs.cn(云南省招生考试院)爬取 0 命中。,取得 (a) 2016 年「昆明医科大学人民西路校区综合改造项目A1-1地块」批前公示的可访问 URL（zrzygh.km.gov.cn 批前公示栏目）或昆明市政府 www.km.gov.cn/c/2016-08-22/*.shtml 绿化工程设计方案公示页——此类公示正文通常写「项目地址：西山区人民西路191号」，可直接满足 Level 2；或 (b) 昆明市西山区人民政府(www.kmxs.gov.cn)居务公开/辖区单位页中带门牌的原文；或 (c) 任何政府来源把「人民西路191号」与西山区写在同一句。,https://www.kmmu.edu.cn/Pages_1649_60261.aspx → 逐字「人民西路校区：昆明市人民西路191号（正在综合改造），邮政编码：650031。」无区名; https://www.kmmu.edu.cn/list2526.aspx (学校章程) → 「学校地址为：云南省昆明市呈贡区雨花街道春融西路1168号。学校设有呈贡校区、人民西路校区和平政校区。」(呈贡属另一校区，禁止套用); https://www.kmmu.edu.cn/ 全站爬取(needle=人民西路 / 西山区 / 采购人) → 120 页，西山区与采购人 0 命中; https://govsearch.kunming.cn/new/api/v2/search (昆明市政府门户智能检索 API，site 覆盖 www.km.gov.cn) → keyword=人民西路191号 / 昆明医科大学人民西路校区 / 人民西路校区 / 昆明医科大学人民西路校区综合改造 → total=0 或仅一条无关疫情通告; https://wap.sogou.com/web/searchList.jsp?keyword=昆明医科大学人民西路校区西山区 → 命中 昆明市自然资源和规划局 zrzygh.km.gov.cn「昆明医科大学人民西路校区综合改造项目A1-1地块-批前公示」(2016-03-26，摘要含「昆明市规划局西山…」)、昆明市人民政府 www.km.gov.cn「…绿化工程设计方案」(2016-08-22，摘要含「昆明市西山区新、改、扩建项目…西山区园林绿化局园林绿化规划建设科」)、西山区居务公开 www.kmxs.gov.cn(2022-09-13，列「昆明医科大学人民西路校区(在建停工)」但办公地址是社区自己的环城路190号); https://so.toutiao.com/s,2026-09-12
PROFILE357_1,4161010708,陕西科技大学,太华路校区,陕西省西安市太华北路43号,陕西省,西安市,E 无权威来源,HARD-BLOCKED,yes,no_authoritative_source,仅有的官方文本（学校官网简介、学校章程）均无法定区名；西安市、新城区、未央区三级政府检索均无「太华北路43号」；门牌无法挂靠到任何法定区，且不得用「太华北路其他门牌在未央区」的推断。,①学校官网学校简介 http://www.sust.edu.cn/xxgk/xxjj.htm 与《陕西科技大学章程》 http://www.sust.edu.cn/xxgk/xxzc.htm 逐字核读；②西安市人民政府门户全文检索 API（api.so-gov.cn，siteCode 6101000007）检索「太华北路43号」「太华路43号」→ 0 命中；③新城区政府站内检索 keywords=太华北路43号／陕西科技大学；④未央区政府站内检索 keywords=太华北路43号（224条均为该路其他门牌）；⑤学校招生网 zs.sust.edu.cn 403、开放搜索接口 401、阳光高考 412。,需要以下任一新证据：①西安市或新城区／未央区自然资源部门对陕西科技大学太华路校区宗地的建设用地规划许可／不动产登记公示，用地位置写到「XX区太华北路43号」；②新城区或未央区政府、区教育局文件明确写「陕西科技大学太华路校区：西安市XX区太华北路43号」；③陕西省教育厅核准版学校章程中出现该校区法定区名。,http://www.sust.edu.cn/xxgk/xxjj.htm（需 Referer 才 200）「太华路校区地址：陕西省西安市太华北路43号 邮编：710016」，无区名; http://www.sust.edu.cn/xxgk/xxzc.htm《陕西科技大学章程》第二条「学校法定注册地为陕西省西安市未央大学园区，设有未央校区、咸阳校区和太华路校区」＋附页「太华路校区：西安市太华北路43号 邮编：710016」，无区名; https://api.so-gov.cn/query/s siteCode=6101000007（西安市政府门户）→「太华北路43号」「太华路43号」0 命中; https://www.xincheng.gov.cn/search.html?tab=all&keywords=太华北路43号（6条非该门牌）；keywords=陕西科技大学（56条无关）; https://www.weiyang.gov.cn/search.html?tab=all&keywords=太华北路43号（224条均为太华北路其他门牌，无43号）; https://zs.sust.edu.cn/ 403；https://openapp.sust.edu.cn/aop_web/webber/search/search/search/queryPage 401 token不存在；阳光高考 412,2026-09-12
PROFILE3581_0,4141014752,信阳艺术职业学院,信阳市羊山校区,河南省信阳市羊山新区经北一路,河南省,信阳市,D 功能区/大学城无法定区佐证,HARD-BLOCKED,yes,functional_zone_only,无任何官方/校方原文把法定区名（平桥区/浉河区等）与「经北一路」写在同一句；功能区「羊山新区」不构成法定县区。,https://www.xyvca.edu.cn/ 同源全站爬取 90 页（关键词「平桥区」0 命中）；https://so.toutiao.com/search?keyword=信阳市平桥区经北一路 、…keyword=信阳艺术职业学院 经北一路 平桥区 、…keyword=信阳艺术职业学院 羊山校区 平桥区 地址 三条查询均无同句命中；信阳市公共资源交易网 ggzyjy.xinyang.gov.cn 结果中未出现「平桥区经北一路」。,需要信阳艺术职业学院官网（招标/公示/校区介绍）或信阳市、平桥区政府、河南省教育厅原文中出现「平桥区」+「经北一路」同句。,https://www.xyvca.edu.cn/; https://so.toutiao.com/search?keyword=信阳市平桥区经北一路; https://so.toutiao.com/search?keyword=信阳艺术职业学院 经北一路 平桥区; http://ggzyjy.xinyang.gov.cn/,2026-09-12
PROFILE3586_1,4144014758,广东梅州职业技术学院,广梅产业园校区,广州梅州产业转移园蕉岭路,广东省,梅州市,E 无权威来源,HARD-BLOCKED,yes,no_authoritative_source,记录地址“广州梅州产业转移园蕉岭路”（广梅产业园校区）无门牌，校方来源全程不写该校区法定区。校方 http://www.gdmzvtc.edu.cn/xxgk/xxjj.htm 逐字写“学校位于广东省梅州市梅江区学院路15号。学校占地面积600亩，包括校本部东区、西区、北区，广梅产业园校区”，页脚亦仅“学校地址：广东省梅州市梅江区学院路15号”——“梅江区”只属校本部(另址)，按红线不得借用；广梅产业园属功能区，不得由功能区反推法定区；广东省政务搜索中“蕉岭路”仅作为蕉岭县境内道路出现，与地址无门牌绑定、亦无校方/政府同句表述。,校方 http://www.gdmzvtc.edu.cn/xxgk/xxjj.htm（含“广梅产业园校区”整段，无区名）；梅州市政府门户 meizhou.gov.cn（HTTP 521 + JS 反爬挑战，未绕过）；广东省政务统一搜索 https://search.gd.gov.cn/api/search/all 关键词“蕉岭路”/“广梅产业园校区 行政区”（仅得蕉岭县道路信息）；校方 aop 搜索 /aop_component 端点（401 token不存在，未计算客户端 token 绕过）；site:gdmzvtc.edu.cn 广梅产业园校区 梅县区/蕉岭县。,需要出现把“广梅产业园校区”或“蕉岭路”与法定区(蕉岭县/梅县区)在同句绑定的校方或政府文本——例如梅州市/蕉岭县政府对该校区的批复、土地规划、校方含区名的招生章程或采购公告；或梅州市政府门户恢复可达后在其站内检索到该校区带区名的登记。,http://www.gdmzvtc.edu.cn/xxgk/xxjj.htm; meizhou.gov.cn; https://search.gd.gov.cn/api/search/all 蕉岭路; gdmzvtc.edu.cn aop 搜索端点; site:gdmzvtc.edu.cn 广梅产业园校区 梅县区,2026-09-12
PROFILE3595_0,4151014767,甘孜职业学院,校本部,甘孜州海螺沟景区南磨大道1号,四川省,甘孜藏族自治州,A 上一轮独立复核未通过,RESOLVED,no,独立复核要求降级人工复审（引文/地址挂钩未达 verified 门槛）,government,,,https://www.sceea.cn/GZDZ/Html/147670.html (四川省教育考试院，招生章程第五条办学地点); toutiao search: 甘孜职业学院 南磨大道 1号 办学地点; 甘孜职业学院官网 学校简介/联系方式,2026-09-12
PROFILE364_4,4154010694,西藏大学,教育城校区,西藏自治区拉萨市教育城,西藏自治区,拉萨市,D 功能区/大学城无法定区佐证,HARD-BLOCKED,yes,functional_zone_only,独立裁决驳回：本条地址无路名无门牌，唯一的锚是与校区名同形的功能区通名「教育城」，属同形词误配，且用地址里的词去证明地址构成循环论证。该 2017 年页面「西藏大学」0 次、「校区」0 次、逐字「拉萨市教育城」0 次；该校区 2024 年 11 月才奠基、2026 年仍在中期建设阶段，2017 年的文章在时间上不可能是它的选址证据。【附注：d=城关区 经多重独立政府文书（食药监通告把教育城写为「拉萨市城关区蔡公堂乡教育城学府路」等）表明**事实上大概率正确**，本条的结论可能对，但本条引证不合格——解锁条件：把该在建校区接到城关区的用地预审/规划许可/选址公示，或区划公告。】,,,https://www.xizang.gov.cn/igs/front/search.jhtml?code=30e4960928e74a14a2c05439d100cfc0&siteId=2&searchWord=教育城 位于（本轮新打通的自治区政府 TRS 智慧搜接口）; https://www.xizang.gov.cn/xwzx_406/dsdt/201812/t20181216_23110.html（《拉萨市基础教育教学发展综述》，来源拉萨市教育局，逐字「教育城位于城关区蔡公堂乡」）; https://www.xizang.gov.cn/xwzx_406/zwyw/202606/t20260602_543137.html（2026-06 中央生态环保督察督导，同句列「城关区蔡公堂街道白定村、教育城公园」）; https://www.xizang.gov.cn/xwzx_406/bmkx/202411/t20241123_448530.html 与 /202411/t20241119_447684.html（西藏大学教育城校区建设项目开工/奠基，西藏自治区人民政府网）; https://www.xizang.gov.cn/zwgk/xxfb/zbwj/202205/t20220519_299149.html（自治区政府办公厅成立西藏大学教育城校区建设领导小组通知）; https://www.xizang.gov.cn/gjbs/xxgk/202602/t20260211_524576.html（2026年西藏大学部门预算，涉「教育城校区」）,2026-09-13
PROFILE365_0,4161010716,陕西中医药大学,南校区,陕西省西咸新区西咸大道,陕西省,咸阳市,C 地址冲突,HARD-BLOCKED,yes,conflicting_address,独立裁决驳回：全页「秦都区」10 处全部是发布/审批机构名（秦都区人民政府、秦都区生态环境局、秦都区信息中心、秦都分局）、该局自己的通讯地址（秦都区安虹路南段左岸吧街）、页脚站址（秦都区渭阳中路1号）。环评表格「建设地点」栏原文为「西咸大道中段陕西中医药大学南校区内」，既无区名也无门牌。,,,http://www.snqindu.gov.cn/zfxxgk/fdzdgknr/hjbh/jsxmhjyxcp/201906/t20190618_1506948.html; http://www.snqindu.gov.cn/zfxxgk/fdzdgknr/hjbh/jsxmhjyxcp/201907/t20190702_1507027.html; http://www.snqindu.gov.cn/zfxxgk/fdzdgknr/hjbh/jsxmhjyxcp/202005/t20200525_1508661.html; https://www.xianyang.gov.cn/xyxw/tzgg/202212/P020221209768520775150.docx; https://www.xianyang.gov.cn/zfxxgk/fdzdgknr/msbz/shgy/202508/t20250827_2008120.html; https://api.so-gov.cn/query/s siteCode=6104020006 qt=陕西中医药大学南校区,2026-09-13
PROFILE369_2,4161010721,宝鸡文理学院,蟠龙校区,陕西省宝鸡市蟠龙新区龙翔大道003号,陕西省,宝鸡市,D 功能区/大学城无法定区佐证,RESOLVED,no,functional_zone_only,学校官网（唯一权威校方来源）不列“蟠龙校区”，且所有官方地址均无“龙翔大道003号”；宝鸡市与陕西省的政府检索接口全部不可用，无法取得蟠龙新区龙翔大道003号的规划/土地/门牌级法定区归属证据；另因档案地址含路名与门牌，禁止使用“校区名挂钩”例外。,学校官网首页与《学校简介》（2026年9月更新，明载“两校区”(高新校区、石鼓校区)和“一园区”(科技创新园区)，页脚仅高新大道1号与宝光路44号，全站无“蟠龙”)；站内搜索 search.jsp 多参数尝试（404）；宝鸡市 IRS 检索平台页面与 POST /irs/front/search 多种 payload（code 1000/1002）；陕西省政府采购检索页与 templetPro.do（404）；Bing 网页检索（无关结果）。,需要宝鸡市（金台区或陈仓区）自然资源和规划局/生态环境局的蟠龙校区项目批前公示或环评公示、或该校官方新增“蟠龙校区”页面（含地址），且同句含法定区名与“龙翔大道003号”（或蟠龙校区）；若仅出现“蟠龙校区+区名”而档案地址仍带门牌，则须按门牌级证据处理，不能走校区名挂钩。,http://www.bjwlxy.cn/ 与 http://www.bjwlxy.cn/xxgk/xxjj1.htm （学校官网简介，仅两校区+一园区，全站无蟠龙）; 站内检索 http://www.bjwlxy.cn/search.jsp?wbtreeid=1001&newskeycode2=87TB+g== （蟠龙，返回404）; 宝鸡市 IRS 统一检索平台 /bjsearch/search.shtml 及 POST /irs/front/search（payload 多轮调整，返回 success:false 系统错误 code 1000 / code 1002）; http://www.ccgp-shaanxi.gov.cn/cms-sx/site/shanxi/searchinfo.html 与 POST /cms-sx/templetPro.do （均 404）; Bing 网页检索“龙翔大道003号”“宝鸡文理学院 蟠龙校区”（返回与主题无关结果，不可用）,2026-09-13
PROFILE372_1,4163010748,青海民族大学,西昆校区,青海省西宁市八一中路72号,青海省,西宁市,B 来源抓取失败,HARD-BLOCKED,yes,source_inaccessible,唯一载明「城东区八一中路72号 青海民族大学西昆校区」的原始页面（校方国际教育学院招生简章、基建处询价公告）全部位于 qhmu.edu.cn，该域被加速乐 JS 挑战（HTTP 412）全站拦截，无法打开逐字取证；其余政府检索渠道（青海省公共资源交易网、中国政府采购网、青海省政府采购网、青海省教育厅、城东区政府、西宁市政府）分别因索引为空、IP 限流、JS 挑战、会话校验失败或仅命中无地址通讯稿而无法提供可引用的原文。搜索索引摘要与第三方（百科/地图 POI）按口径只能作线索、不能单独定区。,试过并失败的证据路径（摘要）：(1) 上轮检索索引摘要已显示校方原文含「西宁市城东区八一中路72号青海民族大学西昆校区」（国际教育学院《中国政府奖学金项目招生简章》邮寄地址、基建处询价公告），承载页全在 qhmu.edu.cn → HTTP 412 加速乐；本轮 curl -k/浏览器 UA/Referer/cookie jar 会话、无头 Chromium(ms-playwright) 与 playwright-core 渲染均失败（412→挑战JS→400→循环），属反爬对抗，未进一步绕过；(2) 青海省公共资源交易网全文检索 API（wd=青海民族大学/西昆校区/西宁）→ totalcount:0；(3) 西宁市城东区政府站标题检索「青海民族大学」→ 仅 1 条 2024-06-11 文艺汇演通讯（无地址、无区），「八一中路」标题 0 条；内容检索仅返回模糊无关条目；(4) 青海省教育厅 search.ashx → 恒「前页面已过期」；(5) 中国政府采购网 bxsearch（kw=青海民族大学、kw=西宁市城东区八一中路72号）→ 持续 IP 限流；(6) 青海省政府采购网(政采云) → Aliyun WAF；政采云全国站 → 「区划未开通」；(7) 西宁市政府站搜索 → 404；(8) 全国公共资源交易平台 ggzy.gov.cn、中国招标投标公共服务平台 cebpubs,需要以下任一：(1) 可执行加速乐 JS 挑战的抓取通道，打开 qhmu.edu.cn 国际教育学院《中国政府奖学金项目招生简章》或基建处询价公告正文（已确认其含「西宁市城东区八一中路72号青海民族大学西昆校区」）；(2) 中国政府采购网/青海省政府采购网解除对本出口的限流或 WAF 拦截后，检索到「青海民族大学」项目公告中的「采购人地址」字段；(3) 教育部留学基金委 campuschina.org 或阳光高考 gaokao.chsi.com.cn（当前同为 412/WAF 不可达）恢复可读后取中国政府奖学金院校简章原文。,http://www.qhmu.edu.cn/ （HTTP 412 加速乐 JS 挑战，无头浏览器渲染同样失败）; https://lib.qhmu.edu.cn/engine2/m/0/5286793/6275495?p=1033382&t=14499519&currentBranch=1 （本馆概况，地址为八一中路3号，非本记录）; http://www.qhggzyjy.gov.cn/ggzy/search/fullsearch.html?wd=西昆校区 → 前端同款全文检索 API totalcount:0; https://www.xncd.gov.cn/cms/search.html?type=title&cate=all&wd=青海民族大学 → 1 条文艺汇演通讯（无地址）; https://jyt.qinghai.gov.cn/isearch.html → search.ashx 返回「前页面已过期」; http://search.ccgp.gov.cn/bxsearch → 频繁访问限流,2026-09-12
PROFILE372_2,4163010748,青海民族大学,博雅校区,青海省西宁市曹二路52号,青海省,西宁市,E 无权威来源,HARD-BLOCKED,yes,no_authoritative_source,官方渠道全被 412／JS 壳阻断，未绕过访问控制；唯一可读的政府来源指向的是东序校区而非博雅校区，地址不匹配。,①学校主站及 zhaosheng／hqgl／xxgk 子域逐个探测，全部 412；②青海省公共资源交易网 2021 年博雅校区项目公告逐字核读（只有东序校区地址）；③青海省教育厅站内检索接口（含 Referer 重试，报「访问来路有误」后 302）；④青海省教育考试网可达性核读（JS 壳）；⑤中国政府采购网限流不可用；⑥今日头条仅返回第三方线索与 POI。,需要以下任一新证据：①青海民族大学官网／招生网可访问后的招生章程原文，含「博雅校区（青海省西宁市XX区XX路52号）」；②青海省教育考试院或省教育厅（政府渠道）汇集的该校招生章程中出现博雅校区与法定区同句；③西宁市政府／城东区政府文件（用地规划许可、不动产登记、区教育局名录）写明「曹二路52号」属某法定区。,https://www.qhmu.edu.cn/ 、https://zhaosheng.qhmu.edu.cn/ 、https://hqgl.qhmu.edu.cn/ 、https://xxgk.qhmu.edu.cn/ → 全部 HTTP 412（加速乐），未绕过; http://www.qhggzyjy.gov.cn/ 2021《青海民族大学博雅校区围墙挡土墙、土方改造项目》→ 仅「联系地址：西宁市城东区八一中路3号」; http://jyt.qinghai.gov.cn/jsearchfront/search.do?q=青海民族大学 →「访问来路有误」；加 Referer 后 302; https://www.qhjyks.com/（青海省教育考试网）→ 200 但为 1364 字节 JS 壳; https://so.toutiao.com/search?keyword=青海民族大学博雅校区 曹二路52号 → 仅 city8 POI、掌上高考／大学生必备网等第三方镜像；「城东区博雅路」属第三方线索; http://search.ccgp.gov.cn/bxsearch → 访问过于频繁,2026-09-12
PROFILE372_4,4163010748,青海民族大学,南山校区,青海省西宁市南山东路15号,青海省,西宁市,B 来源抓取失败,HARD-BLOCKED,yes,source_inaccessible,承载「南山校区 + 法定区 + 地址」的原始页面全部位于 qhmu.edu.cn，该域被加速乐 JS 挑战（HTTP 412）全站拦截；其余官方渠道（青海省公共资源交易网全文检索、城东区政府站内搜索、青海省教育厅站内搜索、中国政府采购网、青海省政府采购网）要么索引为空、要么 IP 限流、要么会话/WAF 校验失败，均检索不到该校区地址。故无法取得可逐字引用的法定区证据。,试过并失败的证据路径（摘要）：(1) qhmu.edu.cn 全站及 jwc/zhaosheng/xyh 等子域 → HTTP 412 加速乐 JS 挑战，curl -k/浏览器 UA/Referer/cookie jar 会话、以及真实无头 Chromium(ms-playwright) 与 playwright-core 脚本渲染全部失败（渲染日志：RESP 412 → 加载挑战 JS → RESP 400 → 循环，body 为空）；(2) 青海省公共资源交易网 qhggzyjy.gov.cn 全文检索 API /inteligentsearch/rest/inteligentSearch/getFullTextData（wd=南山校区/青海民族大学/西宁/校区/格尔木）→ totalcount:0，索引对本出口为空；(3) 西宁市城东区政府站 xncd.gov.cn/cms/search.html 标题检索「南山校区」「青海民族大学南山校区」「72号」→ 0 条，内容检索仅返回模糊无关条目；(4) 青海省教育厅 jyt.qinghai.gov.cn 站内搜索 POST search.ashx（带 cookie/Referer/Origin/X-Requested-With）→ 恒返回「a/前页面已过期」；(5) 中国政府采购网 search.ccgp.gov.cn/bxse,需要以下任一：(1) 可正常执行加速乐 JS 挑战的抓取通道/出口（能读到 qhmu.edu.cn 基建处或学生处页面正文），该站基建处页已确认含「南山校区…」建设项目信息；(2) 中国政府采购网 search.ccgp.gov.cn 或青海省政府采购网对本出口解除限流后，能检索到「青海民族大学」采购项目公告中的「采购人地址：…区…路15号」字段；(3) 青海省发改委或西宁市自然资源和规划局对「青海民族大学南山校区」建设项目的批复/规划许可公示（含建设地点+法定区）公开条目。,http://www.qhmu.edu.cn/ （HTTP 412 加速乐 JS 挑战；curl/-k/UA/cookie jar/无头 Chromium+Playwright 均无法取正文）; http://jwc.qhmu.edu.cn/、http://zhaosheng.qhmu.edu.cn/、http://xyh.qhmu.edu.cn/ （412）；news/www2/iso/gjjy/rsc/gjc/oa 等子域 DNS 不可达（000）; https://lib.qhmu.edu.cn/ （200，超星平台；「本馆概况」仅载总馆「青海省西宁市八一中路3号」，无南山校区、无法定区，不可用）; https://www.qhggzyjy.gov.cn/ggzy/search/fullsearch.html?wd=南山校区 ；后端 /inteligentsearch/rest/inteligentSearch/getFullTextData → totalcount:0; https://www.xncd.gov.cn/cms/search.html?type=title&cate=all&wd=南山校区 → 共找到 0 条; https://jyt.qinghai.gov.cn/isearch.html / search.ashx → 搜索失败（前页面已过期）,2026-09-12
PROFILE374_1,4122010201,北华大学,师范分院校区,吉林省吉林市吉林高新技术产业开发区高新街道日升社区吉林大街22号,吉林省,吉林市,D 功能区/大学城无法定区佐证,RESOLVED,no,functional_zone_only,official,,,https://www.bhdxsffy.cn/ → 页脚逐字『地址：吉林省吉林市丰满区吉林大街22号　邮编：132013』; https://www.beihua.edu.cn/fwzn/xqdh.htm → 校方校区导航只写『南校区 校区地址：吉林市吉林大街15号』，北校区才带区名，故南校区需另寻校方二级站点（此法最终用于 PROFILE374_2）,2026-09-12
PROFILE374_2,4122010201,北华大学,南校区,吉林省吉林市吉林高新技术产业开发区高新街道师苑社区吉林大街15号,吉林省,吉林市,D 功能区/大学城无法定区佐证,HARD-BLOCKED,yes,functional_zone_only,仲裁接受但未过机器门禁: 来源是搜索引擎/聚合站结果页 'weixin.sogou.com'，不是可复核的原始来源,,,"http://marx.beihua.edu.cn/ → 页脚逐字『学院地址：吉林省吉林市丰满区吉林大街15号　邮编：132013　电话：0432-64602656』; https://www.beihua.edu.cn/fwzn/xqdh.htm → 校方校区导航：南校区『吉林市吉林大街15号』（无法定区）; http://math.beihua.edu.cn/ → 页脚『地址：吉林省吉林市吉林大街15号』（无法定区，旁证）; http://ces.beihua.edu.cn/ → 页脚『地址：吉林市吉林大街15号』（无法定区，旁证）; Toutiao 检索『北华大学南校区 吉林大街15号 属于哪个区』『""吉林大街15号"" 吉林市 区』→ 仅有校方页面、公交线路页与联想词，无政府原文",2026-09-12
PROFILE377_1,4122011726,长春大学,高新校区（西校区）,吉林省长春市长春高新技术产业开发区双德街道科苑社区卫星路8326号,吉林省,长春市,A 上一轮独立复核未通过,RESOLVED,no,独立复核要求降级人工复审（引文/地址挂钩未达 verified 门槛）,official,,,https://gongkai.ccu.edu.cn/info/1015/2459.htm（长春大学信息公开网《长春大学2021年招生章程》，逐字「学校西校区地址：吉林省长春市朝阳区卫星路8326号。」）; http://mzt.jl.gov.cn/mztyw_74291/qhdm/fgwj/202007/t20200703_7299783.html（吉林省民政厅吉民行批〔2020〕3号：双德街道辖科苑等7社区，属朝阳区）; http://www.ccgp.gov.cn/cggg/dfgg/dylygg/202512/t20251215_25927130.htm（「长春市朝阳区双德街道办事处阳光社区、湖光社区、科苑社区办公用房租赁采购项目」）; so.toutiao.com 检索「长春大学 高新校区 双德街道」「长春大学 西校区 卫星路8326号」,2026-09-12
PROFILE383_1,4161011400,西安培华学院,高新校区,陕西省西安市高新区白沙路南段2号,陕西省,西安市,D 功能区/大学城无法定区佐证,RESOLVED,no,functional_zone_only,corroborated,,,https://www.yanta.gov.cn/search.html?keywords=白沙路南段2号（本轮新发现的雁塔区政府站内检索参数，命中102条，含学校名录表格）; https://www.yanta.gov.cn/xxgk/zdxxgk/jyjxly/jydd/1947590513107959810.html（2025年西安市雁塔区职业学校一览表，来源雁塔区教育局）; https://www.yanta.gov.cn/xxgk/zdxxgk/jyjxly/jydd/2093244959862321154.html（2026年雁塔区职业学校一览表，同门牌）; https://www.peihua.cn/（校方页脚「高新 校区 地址：西安市高新区白沙路南段2号 电话：029-85680000 邮编：710065」，仅功能区）; https://www.yanta.gov.cn/so/6101130017/s 与 https://www.sipac.gov.cn/search5/ 类 so-gov/开普云接口（GET 404，未用于取数）,2026-09-12
PROFILE387_1,4122010205,长春师范大学,乐群校区,吉林省长春市吉林大路3291号,吉林省,长春市,B 来源抓取失败,RESOLVED,no,source_inaccessible,official,,,https://zhaosheng.ccsfu.edu.cn/ （本轮直连 200，上轮 socket hang up）; https://zhaosheng.ccsfu.edu.cn/xxgk/zszc.htm （招生政策列表）; https://zhaosheng.ccsfu.edu.cn/info/1168/129240.htm （2026年招生章程，命中乐群校区+二道区+吉林大路3291号）; https://zhaosheng.ccsfu.edu.cn/info/1168/128220.htm、128320.htm、1552.htm、1368.htm、1461.htm （历年章程，同址）; https://www.ccsfu.edu.cn/ （校官网 200，未用于取证）,2026-09-12
PROFILE387_2,4122010205,长春师范大学,北湖校区,吉林省长春市高新技术产业开发区奋进乡一间堡社区,吉林省,长春市,A 上一轮独立复核未通过,HARD-BLOCKED,yes,独立复核要求降级人工复审（引文/地址挂钩未达 verified 门槛）,所有可用来源都只能证明「一间堡社区/奋进乡属宽城区」或「北湖校区在高新技术产业开发区」，不存在同一句/同一文书内同时出现校区名「北湖校区」与法定区「宽城区」的原文；而记录地址无路名门牌，又排除了地址级（路名/门牌）挂钩的可能。,① https://www.ccsfu.edu.cn/ 及站内 BFS 40 页：页脚逐字「北湖校区（新校区）：吉林省长春市高新技术产业开发区」，无「宽城区」。② http://zwgk.changchun.gov.cn/ccxq/xzrmzf/kcqfjxrmzf/zfxxgkml/202211/t20221110_3083634.html：标题逐字「长春市宽城区奋进乡人民政府一间堡社区简介」、正文「一间堡社区成立于2003年，位于长春北湖科技开发区奋进乡西北部」，只证明社区属宽城区，无校区名。③ 长春新区政府信息公开专栏多页：http://zwgk.changchun.gov.cn/ccxq/jdbsc/kcqbhjdbsc/zfxxgkml/202311/t20231115_3247783.html（宽城区北湖街道办事处）、…/kcqfjxrmzf/zfxxgkml/202303/t20230331_3125081.html、202211/t20221107_3081930.html、202201/t20220129_2980008.html、http://zwgk.changchun.gov.cn/ccxq/zcxqzcbm/zcxqjyj/zdlyjczwgk/202212/t20221204_3183552.html（长春新区教育局）：均无「师范大学」「北湖校区」。④ ,出现下列任一新证据即可解锁：①政府或校方文书同句写出「长春师范大学北湖校区」与「宽城区」（如长春新区/宽城区关于北湖校区建设、规划许可、招标的公示写明「宽城区……」）；②出现写明北湖校区具体门牌路名的官方/政府来源（如「长春市宽城区××路×号」或「北湖科技开发区××街×号」），使地址级挂钩成立。,https://www.ccsfu.edu.cn/（校方官网页脚，仅「北湖校区（新校区）：吉林省长春市高新技术产业开发区」）; http://zwgk.changchun.gov.cn/ccxq/xzrmzf/kcqfjxrmzf/zfxxgkml/202211/t20221110_3083634.html（宽城区奋进乡一间堡社区简介）; http://zwgk.changchun.gov.cn/ccxq/zcxqzcbm/zcxqjyj/zdlyjczwgk/202212/t20221204_3183552.html（长春新区教育局）; https://www.jl.gov.cn/ggzy/gcjs/zbgggc/202303/t20230330_8686427.html（吉林省公共资源交易平台）; so.toutiao.com 检索「长春师范大学北湖校区」「北湖科技开发区 长春师范大学 新校区 地块」,2026-09-12
PROFILE390_2,4122010203,吉林师范大学,长春校区,吉林省长春市高新区卓越大街399号,吉林省,长春市,A 上一轮独立复核未通过,RESOLVED,no,独立复核要求降级人工复审（引文/地址挂钩未达 verified 门槛）,corroborated,,,https://wx.cust.edu.cn/xyxw/190e4b84ef81456ab822c9b8283236c5.htm; https://wxy.cust.edu.cn/... (403 阻断); https://ccxq.jlnu.edu.cn/ (DNS 失败); Toutiao: 吉林师范大学长春校区 卓越大街399号 朝阳区; Sogou: 吉林师范大学长春校区 卓越大街399号 区,2026-09-12
PROFILE391_1,4143010555,南华大学,雨母校区,湖南省衡阳市高新区衡州大道228号,湖南省,衡阳市,C 地址冲突,HARD-BLOCKED,yes,conflicting_address,记录路名「衡州大道」无任何官方来源支持，官方原文为「衡祁路228号」（蒸湘区），路名不一致按口径不得采用；无法取得含「衡州大道228号」+法定区的原文，冲突未消解。,已抓取并逐字核对：南华大学官网首页、计算机学院(jsjxy.usc.edu.cn)、经济管理与法学学院(jgxy.usc.edu.cn)、护理学院(hlxy.usc.edu.cn)、研究生院(yjs.usc.edu.cn)、招生网(zs.usc.edu.cn)页脚；对全部 usc.edu.cn 页面正则扫描「衡州大道/衡祁路/蒸湘区/雨母」，无一处出现「衡州大道」；so.toutiao.com 精确检索「蒸湘区衡州大道228号」「南华大学雨母校区 衡州大道」「南华大学雨母校区 位于 衡州大道」均为零命中或无关结果；衡阳市政府站群仅返回衡州大道与蒸湘南路立交桥、住建局人行道维修等无关信件，无一条把「衡州大道228号」与雨母校区同句相连。,需要以下任一新证据：(a) 衡阳市政府/衡阳市教育局/南华大学官方文本把「衡州大道228号」与法定区（蒸湘区等）写在同一句；(b) 校方公告确认雨母校区地址已由「衡祁路228号」更正为「衡州大道228号」（届时可用官方「衡阳市蒸湘区衡州大道228号」原文直接落地）；(c) 衡阳市自然资源和规划局对该校区的用地/规划许可公示（含法定区与门牌）。,https://jsjxy.usc.edu.cn/ → 页脚逐字「地址：中国 湖南 衡阳 常胜西路 雨母校区：湖南省衡阳市蒸湘区衡祁路228号南华大学雨母校区计算机学院 邮编:421001」; https://jgxy.usc.edu.cn/ → 页脚「地址：中国 湖南 衡阳 衡祁路228号 邮编：421001」; https://yjs.usc.edu.cn/ → 「地址：湖南省衡阳市蒸湘区常胜西路28号-北校区办公楼四楼」; https://www.usc.edu.cn/ 、https://hlxy.usc.edu.cn/ 、https://zs.usc.edu.cn/ → 全页扫描无「衡州大道」; so.toutiao.com 检索「蒸湘区衡州大道228号」「南华大学雨母校区衡州大道」「衡州大道 南华大学雨母校区 蒸湘区」「南华大学雨母校区 位于 衡州大道」; https://www.hengyang.gov.cn/bcms/front/expand/detail.do?expandid=2&iid=26728&otype=0&siteid=68&tid=0 （衡阳市自然资源和规划局信箱，仅涉衡州大道—蒸湘南路立交，无雨母校区地址）,2026-09-12
PROFILE395_0,4122010191,吉林建筑大学,办学地点（档案未命名）,吉林省长春市净月开发区新城大街5088号,吉林省,长春市,A 上一轮独立复核未通过,RESOLVED,no,独立复核要求降级人工复审（引文/地址挂钩未达 verified 门槛）,corroborated,,,http://www.jingyue.gov.cn/hd/zxtsbd_43424/202212/t20221228_3100640.html; Toutiao: 吉林建筑大学 新城大街5088号 南关区; Toutiao: 吉林建筑大学 净月开发区 新城大街; Sogou: 吉林建筑大学 新城大街5088号 属于哪个区,2026-09-12
PROFILE400_2,4122010192,吉林化工大学,双吉校区,吉林省吉林市经济技术开发区双吉街,吉林省,吉林市,D 功能区/大学城无法定区佐证,RESOLVED,no,functional_zone_only,corroborated,,,http://122.137.242.29:8083/was5/web/search?channelid=298730&searchword=双吉街 — 昌邑区政府站群 TRS 检索：命中消防安全重点单位通知与《区划变更》; http://xxgk.jlscy.gov.cn/gzbm/szf/xbgkml/202009/t20200916_876569.html — 命中「昌邑区双吉街20号」; http://xxgk.jlscy.gov.cn/szf/xbgkml/202009/t20200904_846878.html — 昌邑区重污染天气方案附件「昌邑区重点空气污染物排放企业名单」命中「5 吉林化工学院（双吉校区）」; http://xxgk.jleda.gov.cn/cyqrmzfbgs/xxgkml/202211/t20221122_1089210.html — 经开区 xxgk 页：仅「双吉中学/双吉平房区」; https://www.jluct.edu.cn/ — 吉林化工大学官网：只写「吉林市经开区双吉街民航路」; http://www.jlcity.gov.cn/bmwz/hbj/zcfg/shbjgfxwj/202512/t20251209_1298359.html — 2025 禁燃区通告：只有「双吉南路」，与记录路名（双吉街）不符，未采用,2026-09-12
PROFILE404_0,4122010199,长春中医药大学,净月校区,吉林省长春市净月开发区博硕路1035号,吉林省,长春市,D 功能区/大学城无法定区佐证,RESOLVED,no,functional_zone_only,学校官方与长春市多个政府站群页面（人社局/文广旅局/榆树市/供应商登记）对博硕路1035号一律只写功能区『净月国家高新技术产业开发区/净月开发区/净月区』，从未与法定区名共现；南关区与净月频道全文检索该门牌 0 命中。功能区名不得翻译成法定区，故无法落库。,1) 学校官网「校区总览—学校概况」与信息公开网地址逐字核对；2) 长春市政府站群检索（channelid=218113）用关键词「博硕路1035号」返回人社局/文广旅局/榆树市等多个政府页面（全部功能区表述）；3) 南关区频道（286770）与净月频道（297733）同关键词检索（0 命中）；4) 邻区线索核查（南关区政府『约惠南关』公告出现『净月区福祉大路5788号』，路名与门牌均与记录不一致，按规则不可用）；5) 通用搜索引擎与头条搜索不可用。,需要南关区政府（或长春市规划和自然资源局、长春市教育局）的官方页面逐字写出「南关区……博硕路1035号」，例如该校事业单位登记住所、消防验收公示、政府采购合同公告中的采购人地址写成南关区。仅有『净月国家高新技术产业开发区』『净月开发区』『净月区』都不构成解锁。,https://www.ccucm.edu.cn/xqzl/xxgk.htm （原文：地址：长春市净月国家高新技术产业开发区博硕路1035号 邮编：130117）; https://xxgk.ccucm.edu.cn （同址）; http://intellsearch.changchun.gov.cn/was5/web/search?channelid=218113&searchword=博硕路1035号 （命中长春市人社局：地点：长春中医药大学体育馆（长春市净月国家高新技术产业开发区博硕路1035号）；榆树市：长春市净月开发区博硕路1035号；市文广旅局：长春市净月区博硕路1035号）; http://intellsearch.changchun.gov.cn/was5/web/search?channelid=286770&searchword=博硕路1035号 （南关区频道，0 命中）; http://intellsearch.changchun.gov.cn/was5/web/search?channelid=297733&searchword=博硕路1035号 （净月频道，0 命中）; http://intellsearch.changchun.gov.cn/was5/web/search?channelid=218113&searchword=长春人文学院 博硕路（相邻路段 福祉大路5788号 属南关区，但门牌不同，不可用）,2026-09-13
PROFILE410_0,4122010206,白城师范学院,经开校区,吉林省白城市吉林白城经济开发区保平街道阳光社区中兴西大路57号,吉林省,白城市,D 功能区/大学城无法定区佐证,RESOLVED,no,functional_zone_only,official,,,https://zsb.bcnu.edu.cn/info/1033/1410.htm （白城师范学院招生信息网《白城师范学院2026年第二学士学位招生简章》：通讯地址：吉林省白城市洮北区中兴西大路57号（邮编137000））; 搜狗微信检索『白城师范学院 洮北区 中兴西大路57号』：校方/院系公众号多篇原文写「吉林省白城市洮北区中兴西大路57号」（如2026届双选会邀请函）; https://www.bcnu.edu.cn/ 、 https://www.bcnu.edu.cn/xqzl/xxjj.htm 、 https://xxgk.bcnu.edu.cn/ （页脚只写「吉林省白城市中兴西大路57号」，无区名，仅作对照）,2026-09-12
PROFILE412_0,4122010207,吉林财经大学,办学地点（档案未命名）,吉林省长春市净月大街3699号,吉林省,长春市,D 功能区/大学城无法定区佐证,HARD-BLOCKED,yes,functional_zone_only,净月大街横跨二道区/南关区且沿线由净月开发区（功能区）管理；已查到的区属写法都对应不同门牌（258号、4775号、净月大街与永顺路交会），门牌不符不得套用；以道路或不动产单元号（220102…）推区属均为红线禁用的推断。所有一手/政府来源对 3699 号只到路名与功能区。,https://zsb.jlufe.edu.cn/ 吉林财经大学招生网页脚「吉林省长春市净月大街3699号」（仅到市一级）；http://tyjrswj.changchun.gov.cn/hdjl/lyzx/202207/t20220708_3036388.html 长春市退役军人事务局留言公开出现「净月大街3699号」但无区划；http://www.yushu.gov.cn/xxgk/jcgk/zdxm/202609/t20260911_3511701.html 「长春市二道区净月大街258号」（门牌不符）；http://gzj.changchun.gov.cn/ywpd/bdcdj/bdcdj/202608/t20260827_3508338.html 「净月开发区净月大街4775号，单元号220102…」（门牌不符，单元号推区属不可用）；http://wglj.changchun.gov.cn/zjwgl_44812/ysczhyc/202608/t20260823_3507435.html 「长春市南关区净月大街与永顺路交会」（无门牌）；http://intellsearch.changchun.gov.cn/was5/web/search?channelid=291010 检索「净月大街3699号」无结果；https://so.toutiao.com/search?key,需要长春市政府/教育/消防/规划部门原文将「净月大街3699号」与「南关区」或「二道区」同句（如消防重点单位名单、不动产登记公告、高考/研考考点安排、规划许可公示），或吉林财经大学在政府备案文件（省级政府采购、资产登记）中的法定区表述。,https://zsb.jlufe.edu.cn/ — 页脚「吉林省长春市净月大街3699号」; http://tyjrswj.changchun.gov.cn/hdjl/lyzx/202207/t20220708_3036388.html — 仅路名，无区划; http://www.yushu.gov.cn/xxgk/jcgk/zdxm/202609/t20260911_3511701.html — 二道区净月大街258号（门牌不符）; http://gzj.changchun.gov.cn/ywpd/bdcdj/bdcdj/202608/t20260827_3508338.html — 净月开发区净月大街4775号（门牌不符）; http://wglj.changchun.gov.cn/zjwgl_44812/ysczhyc/202608/t20260823_3507435.html — 南关区净月大街与永顺路交会（无门牌）; http://intellsearch.changchun.gov.cn/was5/web/search?channelid=291010&searchword=净月大街3699号 — 0 结果,2026-09-12
PROFILE413_1,4122010208,吉林体育学院,临河校区,吉林省长春市经开区临河街5699号,吉林省,长春市,C 地址冲突,HARD-BLOCKED,yes,conflicting_address,官方仅以功能区名「经开区」给出该门牌；临河街沿线的法定归属官方文本分别指向南关区（临河街道办事处预算文件）与二道区（榆树市/二道区政府稿件），无任何官方文本把「临河街5699号」明确划入任一法定区，冲突未消解。,已抓取并逐字核对：https://www.jlsu.edu.cn/ 页脚「南岭校区：长春市南关区自由大路2476号，130022    临河校区：长春市经开区临河街5699号，130033」；长春市政府站群 TRS 检索(intellsearch.changchun.gov.cn/was5/web/search?channelid=291010&searchword=临河街5699号) → http://tyj.changchun.gov.cn/wyyd/tzjcz/202501/t20250106_3372822.html（体育局体质检测站，仅写「经开区 临河街5699号」）；检索「临河街道办事处」→ http://www.cetdz.gov.cn/zw/zdlyxx/czxx/js/202606/t20260630_3497215.html（长春市南关区临河街道办事处2026年度部门预算）、http://www.cetdz.gov.cn/zw/zjzf/jgzn/202306/t20230616_3183660.html（经开区机构设置）；检索「临河街」→ http://www.yushu.gov.cn/xxgk/jcgk/zdxm/202609/t20260901_3509056.html（二道区临河街旺角综合楼123号房）、http://erdao.changchun.go,需要以下任一新证据：(a) 长春市公安局/民政局的街道辖区界线文件或门牌登记，明确「临河街5699号」所属街道及其法定区；(b) 吉林体育学院官方文本把临河校区地址写成含法定区（南关区或二道区）的形式；(c) 长春市规划和自然资源局对该校区的用地/规划许可公示（含法定区与门牌）。,https://www.jlsu.edu.cn/ → 页脚「临河校区：长春市经开区临河街5699号，130033」; http://tyj.changchun.gov.cn/wyyd/tzjcz/202501/t20250106_3372822.html （体育局：经开区 临河街5699号（吉林体育学院临河校区））; http://www.cetdz.gov.cn/zw/zdlyxx/czxx/js/202606/t20260630_3497215.html （长春市南关区临河街道办事处2026年度部门预算）; http://www.cetdz.gov.cn/zw/zjzf/jgzn/202306/t20230616_3183660.html （经开区机构设置含临河街道办事处）; http://www.yushu.gov.cn/xxgk/jcgk/zdxm/202609/t20260901_3509056.html （长春市二道区临河街旺角综合楼123号房）; http://erdao.changchun.gov.cn/gzdt/zwdt/202608/t20260825_3507902.html （二道区自由大路与临河街交会京东MALL）,2026-09-12
PROFILE41_2,4113010080,河北工业大学,芬兰校区,河北工业大学天津校区/芬兰拉彭兰塔理工大学,天津市,天津市,H 其他,HARD-BLOCKED,yes,other,该校区为境外（芬兰 LUT）办学项目，物理与法定归属都不在天津市 16 个区县内的任何一处；学校统一页脚的主校区地址（北辰区西平道5340号）不得用于本条。,1) https://finland.hebut.edu.cn/ 本轮重取 → 正文『天津』0 次、『西平道』0 次，无天津市区县地址。2) https://www.hebut.edu.cn/ → 仅统一页脚『地址：天津市北辰区西平道 5340 号』（全校主校区，非本条）。3) https://zsb.hebut.edu.cn/ 本科招生网 → 无『芬兰』字样，无地址。4) Toutiao 查询式『河北工业大学 芬兰校区 地址 天津市 联系方式』→ 只见『芬兰校区在哪个位置』等问答，无官方地址。5) https://fi.hebut.edu.cn/ 域名不存在（上一轮）。,需要以下之一才能解锁：(a) 河北工业大学官方来源明确把『芬兰校区』的办学/办公地址写为天津市某法定区（例如在招生章程或校区简介中逐字『芬兰校区：天津市XX区…』，此时可用『校区名挂钩』例外）；或 (b) 该条被单独建模为境外实体（剔除本条或 city 改为境外），从而不再要求天津法定区。在此之前不应给任何天津区名。,https://finland.hebut.edu.cn/ — 校方芬兰校区站，全篇芬兰 LUT/拉彭兰塔，无天津市区县地址; https://www.hebut.edu.cn/ — 统一页脚『地址：天津市北辰区西平道 5340 号 邮编：300401』（主校区）; https://zsb.hebut.edu.cn/ — 无『芬兰』字样、无地址; https://fi.hebut.edu.cn/ — 域名不存在; Toutiao 查询式：河北工业大学 芬兰校区 地址 天津市 联系方式,2026-09-12
PROFILE427_0,4123010223,黑龙江八一农垦大学,办学地点（档案未命名）,黑龙江省大庆市高新区新风路5号,黑龙江省,大庆市,C 地址冲突,HARD-BLOCKED,yes,conflicting_address,政府/官方来源（历史建筑通知、校方简介、市公安局回复）只写「开发区/高新区新风路5号」这一功能区地址，无任何法定区；高新区跨萨尔图区与龙凤区，禁止字典式换算，第三方两说冲突。,1) 大庆市政府自有检索接口 https://www.daqing.gov.cn/search5/search/s （siteCode=2306000030）查「新风路」（25 条，历史建筑通知作「开发区新风路5号」；不动产登记公告亦作「开发区新风路5号」）、「龙凤区 新风路」（6 条，均无关）、「八一农垦大学」（25 条）；2) 校方简介 https://www.byau.edu.cn/923/list.htm ；3) https://www.daqing.gov.cn/daqing/c100614/202411/c05_362086.shtml （市公安局：户口迁入该校到高新区公共服务中心办理）；https://www.daqing.gov.cn/daqing/c100614/202409/c05_356269.shtml ；4) 大庆市规划公示「黑龙江八一农垦大学动物临床教学研究中心规划公示」作「位于大庆高新区主体区，黑龙江八一农垦大学校内」。,需要大庆市政府、萨尔图区政府或龙凤区政府文件以「萨尔图区（或龙凤区）+ 新风路5号 + 黑龙江八一农垦大学」形式表述（如不动产登记、土地/规划许可、学区划分、消防或环评公示）；或国家级/省级功能区划文件明确大庆高新区该地块所属法定区（需为可直接引用的官方文本，不得由功能区名换算得出）。,https://www.daqing.gov.cn/search5/search/s siteCode=2306000030 searchWord=新风路; https://www.daqing.gov.cn/search5/search/s siteCode=2306000030 searchWord=龙凤区 新风路; https://www.daqing.gov.cn/search5/search/s siteCode=2306000030 searchWord=八一农垦大学; https://www.byau.edu.cn/923/list.htm; http://www.daqing.gov.cn/daqing/c100614/202411/c05_362086.shtml; http://www.daqing.gov.cn/daqing/c100614/202409/c05_356269.shtml,2026-09-12
PROFILE429_1,4123010226,哈尔滨医科大学,大庆校区,黑龙江省大庆市高新区新阳路39号,黑龙江省,大庆市,D 功能区/大学城无法定区佐证,HARD-BLOCKED,yes,functional_zone_only,大庆高新区为功能区；新阳路在《大庆市市区城镇土地级别和基准地价的通知》与《大庆市声环境功能区划分》中同时出现在「萨尔图区、龙凤区」及「龙凤区」的边界描述中，属跨区边界道路，无法确定 39 号所处区属，且不得据此推断。学校与政府来源均未把该门牌与法定区同句写明。,https://www.daqing.gov.cn/search5/search/s（POST，siteCode=2306000030，orderBy=1&pageNum=0&checkHandle=1&conditionsPattern=1）检索「新阳路39号」(8条)、「新阳路」(7条)、「哈尔滨医科大学」(15条)、「哈医大」(13条)、「萨尔图区 哈医大」(2条)、「龙凤区 哈医大」(2条) — 无任何「门牌+法定区」同句；https://zsw.hmudq.edu.cn/ 招生网页脚「地址：黑龙江省大庆市高新区新阳路39号」（仅功能区）；http://www.daqing.gov.cn//daqing/2024d4q1/202502/c05_371047.shtml 基准地价通知（新阳路仅作萨尔图区/龙凤区边界道路）；http://www.daqing.gov.cn//daqing/c100546/201910/c05_80728.shtml 声环境功能区划分（新阳路仅作1类区围合边界）；http://www.daqing.gov.cn//daqing/c100343/202210/c05_87243.shtml 联合公寓批前公示（只「位于大庆高新区主体区，哈尔滨医科大学大庆分校校内」）；http://www.daqing.gov.cn//daqing/shizhengj,需要大庆市或萨尔图区/龙凤区政府、教育/卫健系统的原文，把「新阳路39号」或「哈尔滨医科大学大庆校区」与法定区同句写明（消防安全重点单位/双随机抽查名单、不动产登记公告、规划许可公示、属地高校名单），或哈尔滨医科大学校本部/省教育厅备案文件中该校区的法定区表述。,https://www.daqing.gov.cn/search5/search/s — POST 检索「新阳路39号」「新阳路」「哈尔滨医科大学」「哈医大」「萨尔图区 哈医大」「龙凤区 哈医大」; https://zsw.hmudq.edu.cn/ — 招生网页脚（仅功能区）; http://www.daqing.gov.cn//daqing/2024d4q1/202502/c05_371047.shtml — 基准地价通知（新阳路=边界道路）; http://www.daqing.gov.cn//daqing/c100546/201910/c05_80728.shtml — 声环境功能区划分; http://www.daqing.gov.cn//daqing/c100343/202210/c05_87243.shtml — 联合公寓批前公示（高新区主体区）; http://www.daqing.gov.cn//daqing/shizhengjianshe/202409/c05_356016.shtml — 秋菜点位表（辖区=高新区）,2026-09-12
PROFILE434_0,4142010490,武汉工程大学,流芳校区,湖北省武汉市东湖新技术开发区光谷一路206号,湖北省,武汉市,D 功能区/大学城无法定区佐证,HARD-BLOCKED,yes,functional_zone_only,土地划拨记录的「行政区」只到「武汉市本级」，政府与官方考点表一律用功能区「东湖新技术开发区」，唯一写出「江夏区光谷一路206号」的是自媒体账号，不能作为唯一依据。,1) 复查自然资源部土地市场网该校流芳校区划拨公示（行政区=武汉市本级）；2) 微信索引「武汉工程大学流芳校区 江夏区 光谷一路206号」→江夏区仅出现在自媒体「大光谷身边事」，官方/政府来源均为东湖新技术开发区；3) 头条搜索同义关键词→同上；4) 校方招生网/教务处页面仍为功能区写法；5) 江夏区政府门户相关文件复核，无该门牌。,需出现下列任一：(a) 江夏区人民政府的征地/划拨/规划/环保文件同句含「江夏区」+「光谷一路206号」；(b) 自然资源部该地块记录的「行政区」字段细化为江夏区；(c) 校方官网/章程把地址改写为含法定区的完整地址。,https://landchina.mnr.gov.cn/land/jggg/hbgd1/202510/t20251016_10022733.htm（流芳校区划拨，行政区=武汉市本级）; https://weixin.sogou.com/weixin?type=2&query=武汉工程大学流芳校区 江夏区 光谷一路206号（江夏区仅见自媒体「大光谷身边事」，其余为东湖新技术开发区）; https://so.toutiao.com/search?keyword=武汉工程大学流芳校区 江夏区（仅命中划拨公示、自媒体与省发改委批文）; https://zsb.wit.edu.cn/（仅东湖新技术开发区光谷一路206号）; https://jwc.wit.edu.cn/info/1015/7061.htm; http://www.jiangxia.gov.cn/xxgk_22343/zc/qtwj/xz_22354/202001/t20200103_515872.shtml,2026-09-12
PROFILE446_0,4123010220,东北石油大学,大庆校区,黑龙江省大庆市高新技术产业开发区学府街99号,黑龙江省,大庆市,D 功能区/大学城无法定区佐证,HARD-BLOCKED,yes,functional_zone_only,东北石油大学大庆校区的门牌（学府街99号）可被官方页面逐字确认，但全部官方文书写的是功能区「高新技术产业开发区（高新区）」。大庆市与萨尔图区两级政府站群检索可用的全部关键词下，唯一接近法定区的线索是萨尔图区卫健局把“东北石油大学校医院”列入本区医疗机构名单，属机构管辖信息、无地址，且属推断性质，按红线（功能区不翻译、禁止按道路/管辖推断）不足以写入 d。,①校官网与采购信息网页脚原文；②大庆市政府站 search5 六组关键词检索；③萨尔图区政府站 search5 七组关键词检索；④两份大庆市政府正式文件（考试交通提示、环东北石油大学创新创业生态圈方案）；⑤萨尔图区卫健局两年度公示与表彰通报；⑥Toutiao 与 Baidu 精确短语检索。全部未出现“萨尔图区＋学府街99号”同句文本。,需要以下任一新证据：①黑龙江省或大庆市教育考试机构发布的考点公示/考场通知中把“东北石油大学考点”地址写作“大庆市萨尔图区学府街99号”；②萨尔图区卫生健康局对“东北石油大学校医院”的医疗机构执业登记/校验公示页，写明机构地址为萨尔图区学府街99号；③大庆市自然资源局或萨尔图区政府的规划/土地/环评公示把学府街99号地块与萨尔图区同句写明。,http://cgxxw.nepu.edu.cn/ (东北石油大学采购信息网，页脚“地址：黑龙江省大庆市高新技术产业开发区学府街99号”); https://www.nepu.edu.cn/ (学校官网，同功能区式地址); 大庆市政府站 search5 siteCode=2306000030 检索 “学府街99号” → 仅《2024年全国会计专业初级考试大庆考区考试交通提示》“地址为高新技术产业开发区学府街99号（东北石油大学1号门）”; 大庆市政府站 search5 检索 “东北石油大学 萨尔图”(12条)、“东北石油大学医院”(144条)、“学府街 99 号 医疗”、“东北石油大学 医务室”; 萨尔图区政府站 https://www.saertu.gov.cn search5 siteCode=2306020010 检索 “学府街99号”(3条)、“东北石油大学”(18条)、“学府街”、“医疗机构 公示”(113条)、“执业登记”、“医疗机构校验”、“东北石油大学医院”(36条); 萨尔图区卫生健康局《关于表彰优秀护士的通报》列“东北石油大学校医院 韩旭”（无地址）,2026-09-12
PROFILE446_1,4123010220,东北石油大学,秦皇岛校区,河北省秦皇岛市河北大街西段550号,河北省,秦皇岛市,E 无权威来源,HARD-BLOCKED,yes,no_authoritative_source,复核通过但未过机器门禁: 来源是搜索引擎/聚合站结果页 'weixin.sogou.com'，不是可复核的原始来源,,,https://www.nepuqhd.net/ 全站 BFS 约150页：页脚恒为「地址：河北省秦皇岛市河北大街西段550号」，全站无法定区名; https://www.nepuqhd.net/info/1281/21801.htm（2026年本科招生章程：秦皇岛校区地址，无区名）; https://weixin.sogou.com/weixin?type=2&query=河北大街西段550号（命中「岛上东油人nepuqhd」2021年春季招聘会邀请函，同句含海港区+550号；「东油建筑工程系分团委」捐款倡议书同句含海港区+550号）; http://www.qhdhgq.gov.cn/search.aspx?keyword=东北石油大学（海港区政府检索7条，含区长拜访该校区一文）; http://www.qinhuangdao.gov.cn/index/search/index.html?keywords=东北石油大学秦皇岛校区（市政府检索23条，无带区名地址）; http://search.ccgp.gov.cn/bxsearch 全文检索「河北大街西段550号」0 条（本机 IP 被限流）,2026-09-12
PROFILE448_1,4142010522,武汉体育学院,武当山校区,湖北省十堰市武当山旅游经济特区,湖北省,十堰市,D 功能区/大学城无法定区佐证,HARD-BLOCKED,yes,functional_zone_only,武当山旅游经济特区是功能区（法定属丹江口市），记录地址无路名无门牌，仅能走名称挂钩，但检索不到任何把「武当山校区」与「丹江口市」写在同一句的官方或政府来源；现有一切来源要么只写功能区「十堰市武当山旅游经济特区」，要么写的是另一个名称「武当山国际武术学院」，均不满足挂钩条件。,1) 微信索引「武汉体育学院武当山国际武术学院 丹江口市」→0 结果；2) 头条搜索「武汉体育学院武当山校区 丹江口市」→ 仅 m.gaokao.cn 招生章程与百科，百科仍写「武当山校区:湖北省十堰市武当山旅游经济特区」；3) 武汉体育学院官网/招生网/研究生院站内检索→仅本部地址；4) 十堰市人民政府高教专题页→仅地理描述；5) 自然资源部土地市场网划拨供地检索关键词「武当山/丹江口市」→0 命中。,需出现下列任一：(a) 丹江口市人民政府/十堰市教育局/湖北省教育厅页面同句写「武汉体育学院武当山校区（武当山国际武术学院）」与「丹江口市」；(b) 该校区划拨供地或不动产记录的「行政区」字段为「丹江口市」；(c) 武汉体育学院官网校区分栏给出武当山校区的完整地址（含区）。,https://weixin.sogou.com/weixin?type=2&query=武汉体育学院武当山国际武术学院 丹江口市（0 命中）; https://so.toutiao.com/search?keyword=武汉体育学院武当山校区 丹江口市（仅百科/掌上高考，均为「十堰市武当山旅游经济特区」）; https://www.whsu.edu.cn/（仅本部地址）; https://zs.whsu.edu.cn/ 与 https://yjsy.whsu.edu.cn/; http://www.shiyan.gov.cn/xxgk/xxgk_fdgk/xxgk_zdmsxx/jy/gdjyxx/202211/t20221107_4125758.shtml（仅地理描述）; https://landchina.mnr.gov.cn 划拨供地检索（武当山/丹江口市 0 命中）,2026-09-12
PROFILE458_2,4141010462,郑州轻工业大学,科学校区,河南省郑州市高新技术产业开发区科学大道136号,河南省,郑州市,D 功能区/大学城无法定区佐证,HARD-BLOCKED,yes,functional_zone_only,郑州轻工业大学官网页脚与政府采购（中国政府采购网成交公告）可读页面均只写「郑州市高新区（高新技术开发区）科学大道136号」，无任何法定区名；郑州高新区站群检索「科学大道136号」「郑州轻工业大学」「轻工业大学 科学大道」只返回该校与高新区的其他事务（提案答复、校地签约、新校区新闻、高新区道路施工），无「中原区/荥阳市＋科学大道136号」同现的官方原文。,逐条尝试：郑州高新区政府站搜索（郑州轻工业大学、科学大道136号、轻工业大学+科学大道）；郑州市政府站搜索（科学大道136号）；高新区政协提案答复页；高新区媒体转载（新校区新闻）；政府采购成交公告（采购人地址）；学校官网页脚。均无「中原区/荥阳市＋科学大道136号」同现原文。,需要出现「中原区（或荥阳市）＋科学大道136号」的政府/官方原文：例如郑州市自然资源和规划局或中原区/荥阳市对该校科学校区地块的规划许可、土地出让/不动产登记公告，或该校事业单位法人登记住所中同时列出法定区与该校址门牌。,https://www.zzgx.gov.cn/search.jspx?q=郑州轻工业大学 / 科学大道136号 / 轻工业大学 科学大道; https://www.zhengzhou.gov.cn/search.jspx?q=科学大道136号; https://public.zzgx.gov.cn/D1102X/3905834.jhtml（提案：郑州轻工业大学科学校区（高新区），无门牌无区名）; https://www.zzgx.gov.cn/mtgz/9567827.jhtml（轻工业大学将在高新区再建新校区，无现有校区法定区）; http://www.ccgp.gov.cn/cggg/dfgg/cjgg/202608/t20260824_27193943.htm 、/202608/t20260811_27111227.htm（采购人地址=郑州市高新区科学大道136号）; https://www.zzuli.edu.cn/（页脚仅「郑州市高新区科学大道136号」）,2026-09-12
PROFILE462_1,4141010466,河南农业大学,龙子湖校区,河南省郑州市郑东新区平安大道218号,河南省,郑州市,D 功能区/大学城无法定区佐证,HARD-BLOCKED,yes,functional_zone_only,学校官网在同一页脚对文化路校区写金水区、对龙子湖校区只写郑东新区，明确不作同区处理；无任何来源把「平安大道218号」与金水区同写。,①学校官网页脚（逐字对照两校区）；②政府采购网公告；③toutiao 4 组「金水区/平安大道/龙子湖」检索；④郑东新区与金水区政府站内搜索未取得可读结果。,需要郑州市金水区政府或郑东新区管委会/自然资源部门把「平安大道218号」列入金水区的原文（如学区划分、道路命名公示、土地出让公示），或该校在事业单位登记/不动产权属中的法定区表述。,https://www.henau.edu.cn/ — 页脚逐字「龙子湖校区：中国·河南· 郑州市郑东新区平安大道218号 邮编：450046 文化路校区：中国·河南·郑州市金水区农业路63号 邮编：450002」（同一页对两校区处理不同）; http://www.ccgp.gov.cn/cggg/dfgg/gkzb/202608/t20260826_27205221.htm — 「郑州市郑东新区平安大道218号」（无法定区）; so.toutiao.com 查询式：「金水区平安大道218号」「位于金水区 平安大道」「河南农业大学 龙子湖校区 金水区 龙子湖街道」「龙子湖街道 金水区 郑东新区」; 商业推广文（非政府来源，仅线索）：「律所位于郑州市金水区平安大道永和龙子湖中央广场B座1801」——门牌/建筑均不同,2026-09-12
PROFILE463_0,4141010460,河南理工大学,南校区,河南省焦作市高新区世纪路2001号,河南省,焦作市,B 来源抓取失败,HARD-BLOCKED,yes,source_inaccessible,焦作高新技术产业开发区（高新区）为功能区；河南省教育厅公开的中标公告原文为「地址：河南省焦作市世纪路2001号」，无法定区名。门牌号虽与记录一致，但来源不写区，无法据以确定法定区。,http://jyt.henan.gov.cn/2020/01-20/1697693.html（河南理工大学测绘时空大数据专业处理平台-中标公告）；河南省统一检索 https://searchapi.henan.gov.cn/open/api/external?keywords=世纪路2001号&siteId=4500000003、keywords=河南理工大学；河南省政府采购网 http://ccgp-henan.gov.cn/henan/search?q=河南理工大学&ctk=…（正文「河南省焦作市世纪路2001号」）；焦作市统一检索 API（关键词无关返回，ES 失效）。,焦作市政府、自然资源和规划局或民政部门页面把「世纪路2001号」与「山阳区（或其他法定区）」同句写出。,http://jyt.henan.gov.cn/2020/01-20/1697693.html; https://searchapi.henan.gov.cn/open/api/external?keywords=世纪路2001号&siteId=4500000003; http://ccgp-henan.gov.cn/henan/search?q=河南理工大学,2026-09-12
PROFILE464_1,4141010078,华北水利水电大学,龙子湖校区,河南省郑州市郑东新区金水东路136号,河南省,郑州市,D 功能区/大学城无法定区佐证,HARD-BLOCKED,yes,functional_zone_only,功能区「郑东新区」无法定县级区桥接证据：所有可及的校方与政府采购原文均只写到路名+门牌「金水东路136号」，缺少法定区名；郑州市、金水区、郑东新区三级政府网站的全文检索均为 JS/XHR 实现，未能取得可用结果。,1) 校方原始页：https://www.ncwu.edu.cn/ 页脚逐字「龙子湖校区 地址：河南省郑州市金水东路136号 邮编：450046」，无法定区；子站点 https://lib.ncwu.edu.cn/ 、https://www2.ncwu.edu.cn/jianzhu/ 、https://www2.ncwu.edu.cn/cge/ 、https://www2.ncwu.edu.cn/shuili/ 、https://weihouqin.ncwu.edu.cn/ 逐一抓取页脚，均无「金水区」。2) 上一轮：http://search.ccgp.gov.cn/bxsearch?kw=华北水利水电大学 命中 20 条，采购人地址仅「郑州市金水东路136号」「郑州市龙子湖高校园区金水东路136号」；本轮重试 ccgp 被限流（频繁访问）。3) 政府全文检索：https://www.zhengzhou.gov.cn/search.jspx?q=华北水利水电大学 与 ?q=金水东路136号 、https://www.jinshui.gov.cn/search.jspx?q=…&areaCode=410105000000 、https://www.zhengdong.gov.cn/search.jspx?q=华北水利水电大学 全部返回「请输入搜索关键字！」，为前端 JS/XHR 检,需要一份政府（郑州市人民政府/金水区人民政府/郑东新区管委会/河南省教育厅）或校方原始文本的公开发布物，在同一句里同时写出「华北水利水电大学（龙子湖校区）」+法定区名（金水区/管城回族区/中牟县）+「金水东路136号」。可行来源举例：郑州市或金水区政府的规划许可/土地供应/环评/消防验收公示、河南省政府采购网或河南公共资源交易平台公告中「采购人地址」含区名的条目、郑州市或金水区政府发布的考试考点/疫情防控/街道辖区单位名单正文。,https://www.ncwu.edu.cn/ → 页脚逐字『龙子湖校区 地址：河南省郑州市金水东路136号 邮编：450046』（无法定区）; https://lib.ncwu.edu.cn/ 、https://www2.ncwu.edu.cn/jianzhu/ 、https://www2.ncwu.edu.cn/cge/ 、https://www2.ncwu.edu.cn/shuili/ 、https://weihouqin.ncwu.edu.cn/ → 页脚均为『河南省郑州市金水东路136号』，无区名; http://search.ccgp.gov.cn/bxsearch?kw=华北水利水电大学 → 采购人地址『郑州市金水东路136号』『郑州市龙子湖高校园区金水东路136号』；本轮重试返回『频繁访问』限流; https://www.zhengzhou.gov.cn/search.jspx?q=华北水利水电大学 / ?q=金水东路136号 → 『请输入搜索关键字！』，检索为JS，无结果; https://www.jinshui.gov.cn/search.jspx?q=华北水利水电大学&areaCode=410105000000 → 同上，无结果; https://www.zhengdong.gov.cn/search.jspx?q=华北水利水电大学 → 同上，无结果,2026-09-12
PROFILE466_1,4141010463,河南工业大学,莲花街校区,河南省郑州市国家高新技术开发区莲花街100号,河南省,郑州市,D 功能区/大学城无法定区佐证,HARD-BLOCKED,yes,functional_zone_only,学校官网与政府采购网对「莲花街100号」一概只写高新区；学校用「中原区」的那条属嵩山南路140号（另一校区）。高新区管委会官网概况页也不出现「中原区」。,①学校官网页脚（逐字）；②政府采购网公告；③校学科建设办公室页（对照另一校区）；④郑州高新区管委会走进高新/基本概况/历史沿革/城市规划全文；⑤toutiao 4 组「中原区+莲花街」检索；⑥ccgp 站内检索（限流）。,需要把「莲花街100号」（或该门牌所在的沟赵/石佛片区）与「中原区」同写的政府原文，如郑州市中原区政府或自然资源和规划局对该宗地的公示、事业单位登记住所，或法院文书中的「住所地：郑州市中原区莲花街100号」。,https://www.haut.edu.cn/ — 页脚逐字「地 址：郑州市高新区莲花街100号 邮 编：450001」（无法定区）; http://www.ccgp.gov.cn/cggg/dfgg/gkzb/202608/t20260806_27084890.htm 与 http://www.ccgp.gov.cn/cggg/dfgg/zbgg/202609/t20260909_27296973.htm — 「郑州市高新区莲花街100号」「郑州市高新技术开发区莲花街100号」（无法定区）; https://xkjs.haut.edu.cn/（经检索）—「学科建设办公室地址：中国.郑州.中原区嵩山南路140号」——系嵩山路校区，非本条; so.toutiao.com 查询式：「中原区莲花街100号」「位于中原区 莲花街」「郑州高新区 莲花街 中原区 人民政府」「郑州高新区 石佛 沟赵 中原区 行政区划」; https://www.zzgx.gov.cn/zjgx/index.jhtml 及 /jbgk.jhtml /lsyg.jhtml /csgh.jhtml — 郑州高新区管委会「基本概况/历史沿革/城市规划」全文均未出现「中原区」，仅「地处郑州市西北区域」,2026-09-12
PROFILE469_0,4141011834,黄河科技学院,南校区,河南省郑州市紫荆山南路666号,河南省,郑州市,E 无权威来源,RESOLVED,no,no_authoritative_source,官方一手文本（含学校章程）均无区名；三级政府门户检索不可用或为 JS 渲染；唯一含区名来源为第三方，按规则只能作线索。,①学校官网首页与信息公开网（含《黄河科技学院章程》全文）逐字核读；②学校信息公开网入口与站内链接扫描；③河南省人民政府门户 /search/?q= 探测；④郑州市、管城回族区政府门户可达性与检索接口探测（guancheng.gov.cn 301、JEECMS 检索失效）；⑤两次今日头条检索，确认含区名者均为第三方。,需要以下任一新证据：①郑州市自然资源和规划局（或管城回族区自然资源分局）对黄河科技学院南校区宗地的建设用地／工程规划许可公示，用地位置写到「管城回族区紫荆山南路666号」；②管城回族区政府或区教育局文件、辖区高校名录把该校南校区与法定区同句写出；③《黄河科技学院章程》经河南省教育厅核准的版本或信息公开网后续版本中出现校区法定区名。,https://www.hhstu.edu.cn/ 官网首页页脚 →「郑州市紫荆山南路666号(南校区)」，无区名（WebFetch 复核一致）; http://xxgk.hhstu.edu.cn/info/1008/1163.htm 《黄河科技学院章程》第三条 →「学校本部设在河南省郑州市，注册地址为航海中路94号，设有航海中路校区、紫荆山南路校区、济源校区」，无区名; http://xxgk.hhstu.edu.cn/ 信息公开网（信息公开网地址栏亦只写「郑州市紫荆山南路666号（黄河科技学院南校区）」）; https://www.henan.gov.cn/search/?q=紫荆山南路666号 → 200 但为「智能检索」JS 页面，无服务端结果; https://www.guancheng.gov.cn/ 管城回族区政府门户 → 301／JEECMS 检索失效；https://www.zhengzhou.gov.cn 同平台同问题; https://so.toutiao.com/search?keyword=紫荆山南路666号 →「管城回族区」仅见于太平洋汽车网等第三方，属线索级,2026-09-13
PROFILE480_0,4162010742,西北民族大学,西北新村校区,甘肃省兰州市西北新村1号,甘肃省,兰州市,E 无权威来源,RESOLVED,no,no_authoritative_source,official,,,https://www.xbmu.edu.cn/xxgk/xxzhang_c.htm,2026-09-12
PROFILE493_0,4141010480,许昌学院,八一路校区,河南省许昌市八一路88号,河南省,许昌市,E 无权威来源,RESOLVED,no,no_authoritative_source,official,,,https://zcglc.xcu.edu.cn/xxgg.htm 及 /xxgg/1..81.htm（全量1217条采购公告抓取后按「魏都区/建安区」筛选）; https://zcglc.xcu.edu.cn/info/1056/4669.htm; https://zcglc.xcu.edu.cn/info/1056/4678.htm,2026-09-12
PROFILE498_2,4162010735,甘肃中医药大学,和平校区,甘肃省兰州市和平开发区中医大道1号,甘肃省,兰州市,C 地址冲突,HARD-BLOCKED,yes,conflicting_address,校方同一条页脚要么给「榆中县」但路名写「岐黄路」，要么路名写「中医大道」但只有功能区「和平开发区」；两条均来自校方，却分别缺区/缺路名，无法在「地址级一致 + 法定区」两个条件下同时成立。,"1) https://www.gszy.edu.cn/ 与 https://www.gszy.edu.cn/reception/ → 页脚「和平校区：甘肃省兰州市榆中县和平镇岐黄路1号」（有区、路名不同）；2) https://www.gszy.edu.cn/reception/school/list/1.htm（上一轮）→ 页面无「中医大道」字样；3) 抓取 gszy 二级站点 https://zzb.gszy.edu.cn/ 、https://jxjy.gszy.edu.cn/index.html 、https://xxgk.gszy.edu.cn/ 、https://network.gszy.edu.cn/index.html 、https://yb.gszy.edu.cn/?list-1722.html 、https://lcyxy.gszy.edu.cn/ 、https://yxx.gszy.edu.cn/ 、https://hlxy.gszy.edu.cn/ 、https://jcyxy.gszy.edu.cn/ 、https://ggws.gszy.edu.cn/index.html → 均为 JS 空壳/无该页脚；4) toutiao 检索「""和平开发区中医大道1号""」「""中医大道1号"" 甘肃中医药大学」「榆中县和平开发区中医大道1号 兰州 榆中」→ 命中校方「和平",需要一条同时含「榆中县」与「中医大道1号」（或能证明「中医大道」为「岐黄路」当前/曾用名，且与和平校区同一门牌）的官方或政府来源，例如：榆中县政府或甘肃省教育厅文件中的校区地址、甘肃省公共资源交易/政府采购公告中该校采购人地址、或该校招生章程（zs.gszy.edu.cn 目前 DNS 解析失败，需可达版本）。,"https://www.gszy.edu.cn/reception/ → 页脚「和平校区：甘肃省兰州市榆中县和平镇岐黄路1号」（有区名、路名不符记录）; https://www.gszy.edu.cn/ → 同上页脚; https://www.gszy.edu.cn/reception/notice/detail/me202509161653053794513864963661.htm → 同样页脚，正文无「中医大道」; toutiao 检索「""和平开发区中医大道1号""」→ 命中某校方页脚「和平校区：甘肃省兰州市和平开发区中医大道1号」（无区名、无法核验 URL）; https://zzb.gszy.edu.cn/ 、https://jxjy.gszy.edu.cn/ 、https://xxgk.gszy.edu.cn/ 、https://network.gszy.edu.cn/ 等 gszy 子站 → 均无该页脚; 榆中县人民政府 https://www.lzyuzhong.gov.cn/ 检索 → 无该校地址",2026-09-12
PROFILE504_4,4146010589,海南大学,崖州湾科教园校区,三亚市崖州湾科技城规划一路,海南省,三亚市,A 上一轮独立复核未通过,HARD-BLOCKED,yes,独立复核要求降级人工复审（引文/地址挂钩未达 verified 门槛）,记录地址「三亚市崖州湾科技城规划一路」含路名规划一路（不得用 name 挂钩），须有来源把法定区「崖州区」与「规划一路」写到一起（同一引文/表格）。实际结果：海南大学崖州校区官网（yz.hainanu.edu.cn）页脚给出「海南大学崖州校区管理委员会 地址：海南省三亚市崖州区」——含 d=崖州区但完全没有「规划一路」，且记录地址本身有路名，name 挂钩不适用；找不到任何官方/政府来源把「崖州区」与「规划一路」绑定，也找不到「崖州湾科技城规划一路」这一路的政府/官方出处。,1) 抓取 https://yz.hainanu.edu.cn/ 首页及页脚，逐字只有「地址：海南省三亚市崖州区」，MISS[规划]。2) 头条搜索「海南大学 崖州湾科教园 规划一路 三亚市崖州区」「崖州湾科技城 规划一路 海南大学」均无命中。3) 尝试海南大学采购/招标类页面检索「崖州湾科教园 规划一路 招标 公告」，返回的 hainanu 子域仅为 hd/www 首页与无关站点（hainan.ecnu.edu.cn 为华东师大海口校区，非本校）。,需要海南大学崖州校区（管委会）正式公告/采购文件、三亚市崖州区人民政府或三亚崖州湾科技城管理局的规划/道路命名文件，在同一句中写出「崖州区……规划一路」（或「规划一路」配崖州区地名），或写出「海南大学崖州湾科教园位于崖州区规划一路」。仅有「崖州区」而缺路名，或仅有路名而缺法定区，都不满足本记录的门牌/路名挂钩要求。,https://yz.hainanu.edu.cn/ (崖州校区官网页脚，仅崖州区无路名); toutiao search: 海南大学 崖州湾科教园 规划一路 三亚市崖州区 / 崖州湾科技城 规划一路 海南大学 / 海南大学崖州湾科教园 规划一路 招标 公告; 海南大学主站 hainanu.edu.cn / 采购招标子站（未取到含规划一路的页面）,2026-09-12
PROFILE507_4,4137010426,青岛科技大学,中德校区,山东省青岛市西海岸新区团结路3698号,山东省,青岛市,D 功能区/大学城无法定区佐证,RESOLVED,no,functional_zone_only,official,,,http://qdlx.qust.edu.cn/ 站内 CMS 检索（ss.jsp?wbtreeid=1001&newskeycode2=<base64>「团结路3698号」）→ http://qdlx.qust.edu.cn/info/1092/1143.htm 原文命中; http://zs.qust.edu.cn/ 页脚跟（仅「山东省青岛市西海岸新区团结路3698号」，无区名，作对照）; https://sbc.qust.edu.cn/ 采购/验收公告列表检索（无「黄岛区/团结路3698号」）; WebFetch sogou 检索「青岛科技大学 中德校区 黄岛区 团结路3698号」,2026-09-12
PROFILE508_1,4115010128,内蒙古工业大学,康巴什校区,内蒙古鄂尔多斯市高新技术产业开发区,内蒙古自治区,鄂尔多斯市,D 功能区/大学城无法定区佐证,HARD-BLOCKED,yes,functional_zone_only,不存在任何可核验原文在同一句中同时包含本 campus 名「康巴什校区」与法定区名「康巴什区」；政务侧虽有强指向（康巴什区以「内蒙古工业大学新能源学院」为辖区主体），但该称谓不是本条 campus 名的同义形式，属实体名→校区的两跳推断，红线禁止。,校方 https://www.imut.edu.cn/ 、https://zs.imut.edu.cn/ 、https://ndxy.imut.edu.cn/ 同源全站爬取（「康巴什区」0 命中；能动学院页脚地址反而是「呼和浩特市新城区爱民街49号金川校区」）；康巴什区政府站 http://www.kbs.gov.cn/was40/search?channelid=10982&searchword=内蒙古工业大学 （12 条，已逐条抓取 2026 重点项目表、2026-08-18 市场监管局食堂验收、2024-08-02 清欠办三篇）、…searchword=康巴什校区 （「抱歉，没有找到和您的查询相匹配的结果。」）；http://www.ordos.gov.cn/ 与 http://gxq.ordos.gov.cn/ 同源爬取 0 命中；https://so.toutiao.com/search?keyword=内蒙古工业大学康巴什校区 位于 康巴什区 命中的「康巴什校区」全部来自鄂尔多斯应用技术学院（oit.edu.cn），非本条记录学校。,需要出现同句含「内蒙古工业大学康巴什校区」（或校方明确等同的校区称谓）与「康巴什区」的原文，例如：内蒙古工业大学官网校区介绍/新闻、康巴什区政府或鄂尔多斯市政府关于该校区的选址批复、开学公告、属地管理或新闻报道。,https://www.imut.edu.cn/; https://zs.imut.edu.cn/; https://ndxy.imut.edu.cn/; http://www.kbs.gov.cn/was40/search?channelid=10982&searchword=内蒙古工业大学; http://www.kbs.gov.cn/was40/search?channelid=10982&searchword=康巴什校区; http://www.ordos.gov.cn/,2026-09-12
PROFILE508_2,4115010128,内蒙古工业大学,金川校区,内蒙古自治区呼和浩特市经济技术开发区金川工业园区,内蒙古自治区,呼和浩特市,D 功能区/大学城无法定区佐证,RESOLVED,no,functional_zone_only,功能区「金川工业园区/经济技术开发区」缺法定区桥接：校方全部原文一律回避法定区名（同页其它校区都写区/旗，唯金川不写，可视为校方自认无法定区表述）；政府侧未取得可用检索结果，第三方与商业地图来源被红线禁用。,1) 校方原始页逐字抓取：https://www.imut.edu.cn/ 页脚、https://www.imut.edu.cn/xxgl/xxjj1.htm（学校简介）、https://www.imut.edu.cn/xxgl/xxzc.htm（学校章程，102KB全文无「土默特」「回民区」）、https://epc.imut.edu.cn/（电力学院，金川校区）页脚『地址：内蒙古呼和浩特市金川开发区内蒙古工业大学金川校区』、https://hgxy.imut.edu.cn/ 、https://dice.imut.edu.cn/ 、https://jgxy.imut.edu.cn/ 页脚 → 无一含法定区。2) 政府全文检索：从 http://www.tmtzq.gov.cn/ 首页 JS 取得统一检索入口 http://www.tmtzq.gov.cn/so/s?qt=… 与全市入口 http://www.huhhot.gov.cn/so/s?qt=…，两者均为 so-gov.cn 前端 SPA（脚本 p.so-gov.cn/web/api/*.js，siteCode=1501000001），结果由 api.so-gov.cn XHR 加载，直接探测 https://api.so-gov.cn/search?… 返回 404 Not Found，未能取得任何检索命中。3) 头条,需要一份政府或校方原文，在同句内同时出现「金川校区」（或该校区的同义称呼）与法定区名（土默特左旗/回民区等），例如：内蒙古自治区或呼和浩特市政府的规划许可/土地出让/环评/不动产登记公示中写「…位于土默特左旗…内蒙古工业大学金川校区」；内蒙古自治区政府采购网/呼和浩特市公共资源交易平台上内蒙古工业大学采购公告的「采购人地址」含区/旗名；或校级正式文件（章程修订、校区权属说明）写明金川校区法定区。亦需先解决 so-gov.cn 统一检索接口或改用内蒙古自治区级政府网站检索。,https://www.imut.edu.cn/ → 页脚逐字『金川校区：内蒙古自治区呼和浩特市经济技术开发区金川工业园区　邮编：010080』（无法定区）; https://www.imut.edu.cn/xxgl/xxjj1.htm 、https://www.imut.edu.cn/xxgl/xxzc.htm → 简介/章程均无金川校区法定区，章程全文无「土默特」「回民区」; https://epc.imut.edu.cn/ → 页脚『地址：内蒙古呼和浩特市金川开发区内蒙古工业大学金川校区』（功能区）; https://hgxy.imut.edu.cn/ 、https://dice.imut.edu.cn/ 、https://jgxy.imut.edu.cn/ → 页脚为新城区爱民街49号，非金川; http://www.huhhot.gov.cn/so/s?qt=内蒙古工业大学金川校区 与 http://www.tmtzq.gov.cn/so/s?qt=金川工业园区 → so-gov.cn SPA，结果为JS/XHR；https://api.so-gov.cn/search?siteCode=1501000001&qt=… → 404 Not Found，未取得命中; Toutiao 检索『内蒙古工业大学金川校区 土默特左旗』『金川工业园区 属于 土默特左旗 还是 回民区』『内蒙古工业大学金川校区 属于 土默特左旗 街道』→ 仅商业地图POI(city8.com)与商业文章，属禁用单证,2026-09-12
PROFILE514_0,4152010663,贵州师范大学,花溪校区,贵州省贵安新区花溪大学城贵州师范大学东区,贵州省,贵阳市,D 功能区/大学城无法定区佐证,HARD-BLOCKED,yes,functional_zone_only,[分类:校名挂钩失败] 地址无路名无门牌，只能用校名挂钩；官方原文中“花溪校区”与“花溪区”始终不同句。,实抓贵州师范大学数字人文学院官方微信公众号迎新文全文（含“花溪区党武镇贵州师范大学东校区”，无“花溪校区”）；实抓/检索校方新闻网含“花溪校区”各页；检索含“花溪区”的校方页（写作“新校区/花溪新校区”，且系选址期历史表述）；贵阳市人民政府网站内搜索（www.guiyang.gov.cn/so/s?siteCode=5201000056 与 kaipuyun siteCode 5201000056 均 JS 无结果）；搜狗多路检索“花溪校区 花溪区/党武/党武镇”；上轮另试校官网简介与页脚、贵安新区管委会《行政区划》页、花溪区人民政府门户首页。,任一官方或政府原文在同一句内同时出现“花溪校区”与“花溪区”（如花溪区政府/贵阳市政府公告“贵州师范大学花溪校区位于花溪区党武镇…”），或该校区出现路名门牌且政府来源把该门牌与花溪区同写。,贵州师范大学数字人文学院官方微信公众号《迎新季|致2026级贵师大萌新：关于大学生活，这里有份“新手导航”》全文实抓; gznu.edu.cn《花溪校区建设项目正式动工》《贵州师范大学隆重举行花溪校区开工典礼》《我校民进支部参观花溪新校区校址及党武乡新农村建设示范点》《【中安在线】贵州师范大学举行花溪新校区建设项目开工典礼》; 贵阳市人民政府网站内搜索 www.guiyang.gov.cn/so/s?siteCode=5201000056 与 zs.kaipuyun.cn siteCode=5201000056; 搜狗检索“贵州师范大学花溪校区 花溪区 党武”“贵州师范大学 花溪区党武乡 花溪校区”“贵州师范大学花溪校区 花溪区党武镇 建设”,2026-09-12
PROFILE515_0,4152010660,贵州医科大学,云漫湖校区,贵州省贵安新区安康大道6号,贵州省,贵阳市,D 功能区/大学城无法定区佐证,HARD-BLOCKED,yes,functional_zone_only,记录地址「贵州省贵安新区安康大道6号」为功能区口径，记录 city=贵阳市，allowed_districts 只有贵阳各区县（乌当/云岩/修文/南明/开阳/息烽/清镇/白云/花溪/观山湖）。本轮冲突证据明确：①微信公众号文章《新校区交通篇|跟我“易”起去学校!》逐字「贵州医科大学(云漫湖校区)(贵州省安顺市平坝区马场镇安康大道交兴安大道西南侧)」；②今日头条城市卡片逐字「贵州省安顺市平坝区马场镇安康大道」，搜索建议词「贵州医科大学云漫湖校区是安顺吗」。两处均指向安顺市平坝区马场镇，而「平坝区」不在本记录 allowed_districts 内，且与记录 city=贵阳市 直接矛盾；贵安新区直管区横跨花溪区、清镇市与安顺市平坝区，安康大道一带在贵安新区马场镇（平坝区），校方官网页脚邮编 561113 亦与安顺市平坝区邮区吻合。按红线不得由功能区名回填法定区，故只能判 hard_blocked 并上交数据集修正。,https://www.gmc.edu.cn/xxgk/xxjj.htm（仅「通讯地址：贵州省贵安新区安康大道6号贵州医科大学」，无法定区）；https://www.gmc.edu.cn/ 与 https://welcome.gmc.edu.cn/（页脚同址，邮编561113）；https://www.gaxq.gov.cn/galy/xzqh/202605/t20260506_90143104.html（贵安新区行政区划页，不列乡镇、无法定区）；https://weixin.sogou.com/weixin?type=2&query=贵州医科大学 云漫湖校区 平坝区（命中校方渠道文章「(贵州省安顺市平坝区马场镇安康大道交兴安大道西南侧)」）；https://so.toutiao.com/search?keyword=贵州医科大学云漫湖校区 地址（城市卡片「贵州省安顺市平坝区马场镇安康大道」）；https://www.bing.com/search?q=贵州医科大学云漫湖校区+地址+平坝区（返回无关结果）。,解锁所需新证据（须先修数据集口径）：方案一（推荐，与现有证据一致）——把该校区 city 由「贵阳市」改为「安顺市」，并把「平坝区」加入 allowed_districts，随后即可用校方渠道逐字原文「贵州医科大学(云漫湖校区)(贵州省安顺市平坝区马场镇安康大道交兴安大道西南侧)」按门牌/路名（安康大道）落定平坝区。方案二（维持贵阳市口径）——需提交贵安新区管委会、贵阳市或安顺市政府出具的官方文书，证明「安康大道6号」宗地落在花溪区或清镇市，并在同一句内含门牌「安康大道6号」+法定区。该校区为新建校区，其供地批复/不动产权证或规划许可批后公示将是最直接的解锁证据。,https://www.gmc.edu.cn/xxgk/xxjj.htm; https://www.gmc.edu.cn/; https://welcome.gmc.edu.cn/; https://www.gaxq.gov.cn/galy/xzqh/202605/t20260506_90143104.html; https://weixin.sogou.com/weixin?type=2&query=贵州医科大学 云漫湖校区 平坝区; https://so.toutiao.com/search?keyword=贵州医科大学云漫湖校区 地址,2026-09-12
PROFILE515_1,4152010660,贵州医科大学,北校区,贵州省贵阳市北京路9号,贵州省,贵阳市,E 无权威来源,RESOLVED,no,no_authoritative_source,official,,,https://www.gmc.edu.cn/ssjg.jsp?wbtreeid=1495 (博达站内检索「云岩区」「北京路9号」「北京路校区」「北校区」); https://www.gmc.edu.cn/info/1062/21546.htm; https://www.gmc.edu.cn/info/1147/29747.htm (2026年普通本科招生章程); https://www.gmc.edu.cn/info/1062/28966.htm (北京路校区危树修剪招标公告),2026-09-12
PROFILE518_0,4152010661,遵义医科大学,新蒲校区,贵州省遵义市新蒲新区校园1号路,贵州省,遵义市,D 功能区/大学城无法定区佐证,HARD-BLOCKED,yes,functional_zone_only,遵义医科大学官网、学校概况页、招生页脚注只写「贵州省遵义市新蒲新区校园1号路（新蒲校区）」，全站不出现任何法定区名；新蒲/遵义市政府站群搜索索引损坏（/so/search.shtml 对「遵义」「新蒲」「遵义医科大学」一律返回约 0 条），无法用政府全文检索建立桥梁。且存在来源冲突：新蒲新区驻地写「红花岗区播州大道1号」，而新蒲新区实际管辖跨原红花岗区/汇川区/遵义县，法定归属非唯一，不能凭功能区反推单一法定区。,逐条尝试：遵义医科大学官网及概况/招生页（仅新蒲新区）；遵义市/新蒲新区政府站群搜索 /so/search.shtml（索引失效，任何词返回 0 条）；新蒲新区「走进新蒲/行政区划」页（仅见驻地「红花岗区播州大道1号」）；国家统计局统计用区划代码页 520302/520304（404）。未找到任何含「红花岗区＋校园1号路」的官方原文。,需要出现「红花岗区…校园1号路」（或「红花岗区新蒲镇…」+该校区门牌）的政府/官方原文：例如红花岗区自然资源局或贵州省人民政府对该校区地块的规划许可/土地征收批文、遵义医科大学事业单位法人登记住所、或省级招生章程中带法定区的校址页。,https://www.zmu.edu.cn/ 、/zygk/zyjj.htm 、/zygk/xxzc.htm（页脚仅「新蒲新区校园1号路」）; https://www.zmu.edu.cn/index/xxgk/xxndbg.htm; https://zyzb.zmu.edu.cn/axzdoc/2026061054846.html（正文乱码无法判读）; https://www.zyhhg.gov.cn/so/search.shtml?tenantId=…&searchWord=遵义医科大学（0 条）; https://www.xinpu.gov.cn/so/search.shtml?…&searchWord=遵义医科大学 / 校园1号路（0 条）; https://www.xinpu.gov.cn/zjxp/lsyg/ 、/zjxp/xzqh/ 、页脚（驻地「红花岗区播州大道1号」）,2026-09-12
PROFILE51_3,4151010613,西南交通大学,成都东部（国际）校区,四川省成都市东部新区林栖大道三岔TOD区域,四川省,成都市,D 功能区/大学城无法定区佐证,HARD-BLOCKED,yes,functional_zone_only,西南交通大学官网页脚逐字「东部（国际）校区地址：中国四川省成都市东部新区林栖大道88号，641419」——一是只写功能区「东部新区」，未写简阳市等 allowed_districts 中任何法定区；二是来源门牌「林栖大道88号」与记录地址「林栖大道三岔TOD区域」不一致（记录无门牌，来源为88号），故连 Level-3 的「同址门牌」挂钩也不成立，只能寄望于政府侧「林栖大道」+「简阳市」同句。本轮尝试：简阳市政府域名 www.jianyang.gov.cn 与 jianyang.gov.cn 均 DNS 解析失败（getaddrinfo failed），站点不可达；成都市人民政府 chengdu.gov.cn 全站返回 HTTP 412 拦截（jrobot 与首页均 412）；www.scjy.gov.cn 同为 412。故无可同句原文。,https://www.swjtu.edu.cn/（页脚四条地址原文，东部校区仅「中国四川省成都市东部新区林栖大道88号，641419」）；http://www.jianyang.gov.cn/ 与 http://jianyang.gov.cn/（DNS getaddrinfo failed，不可达）；https://www.chengdu.gov.cn/（HTTP 412 Precondition Failed，WAF 拦截）；https://www.scjy.gov.cn/（HTTP 412 拦截）；https://so.toutiao.com/search?keyword=西南交通大学东部国际校区 林栖大道 简阳市三岔（仅第三方攻略/百科，无官方项目公示）。,解锁所需新证据：成都东部新区管委会、简阳市人民政府或成都市规划和自然资源局发布的任一官方文书，在同一句内同时写出「林栖大道」（或该校区宗地编号）与法定区「简阳市」。可预期形态：成都东部新区三岔TOD片区的土地出让/划拨公告、规划许可批后公布、环评受理公示，或成都市公共资源交易服务中心关于该校区建设的招标/中标公告（标的地址栏）。另注意记录地址「林栖大道三岔TOD区域」无门牌，若政府原文只写「林栖大道」而无门牌，可按 address_match=road 挂钩。,https://www.swjtu.edu.cn/; http://www.jianyang.gov.cn/; https://www.chengdu.gov.cn/; https://www.scjy.gov.cn/; https://so.toutiao.com/search?keyword=西南交通大学东部校区 项目 简阳 建设地点 公示 环评,2026-09-12
PROFILE525_0,4115010132,内蒙古医科大学,金山校区,内蒙古自治区呼和浩特市金山经济技术开发区,内蒙古自治区,呼和浩特市,C 地址冲突,RESOLVED,no,conflicting_address,government,,,http://www.tmtzq.gov.cn/zwgk/zfxxgk/fdzdgknr/ghjh/202503/t20250329_1872004.html (土默特左旗人民政府网站·自然资源局批后公示，命中); http://www.tmtzq.gov.cn/zwgk/zfxxgk/fdzdgknr/ghjh/zxgh/202410/t20241022_1792515.html (同旗政府网另一条批前公示); https://api.so-gov.cn/query/s?siteCode=1501210001 POST 站内检索「内蒙古医科大学」; https://www.immu.edu.cn/xxgk/dxzc.htm (校方章程，金山校区只写功能区「敕勒川乳业开发区」),2026-09-12
PROFILE533_2,4145010596,桂林理工大学,南宁安吉校区,广西壮族自治区南宁市安吉大道15号,广西壮族自治区,南宁市,C 地址冲突,RESOLVED,no,conflicting_address,government,,,http://www.xxtq.gov.cn/yw/tzgg/t1453180.html — 南宁市西乡塘区烟草专卖局《依申请办理烟草专卖零售许可证行政许可决定公示》（西烟专[2018]许申公字第11-3号，2018-11-19）表格逐字「广西壮族自治区南宁市西乡塘区安吉大道15号桂林理工大学南宁分校安吉校区7号铺面（门店内）」; http://www.xxtq.gov.cn/xxtqajj/tzgg/t6316964.html — 2025年消防监督抽查结果公示同址「广西壮族自治区南宁市西乡塘区安吉大道15号3号教学楼6层603室」; https://nnfx.glut.edu.cn/fxgaikuang/fxjj.htm — 校方「安吉校区 地址：南宁市安吉大道15号 邮编：530001 电话：0771-2204366」（无区名）; https://nnfx.glut.edu.cn/index.htm — 「南宁安吉校区 地址：南宁市安吉大道15号」（无区名）; https://api.so-gov.cn/query/s siteCode=4501070001 qt=安吉大道15号 — 未见「西乡塘区+安吉大道15号」同句,2026-09-12
PROFILE539_0,4145010606,玉林师范学院,西校区,广西壮族自治区玉林市教育中路299号,广西壮族自治区,玉林市,B 来源抓取失败,HARD-BLOCKED,yes,source_inaccessible,官方与政府来源都只写「玉林市教育中路299号」，无「玉州区」字样。门牌号与记录一致但来源不写区，不能据此确定法定区。,https://www.ylu.edu.cn/xxgk/xxzc.htm（「法定住所为玉林市教育中路 299 号」）、https://www.ylu.edu.cn/ 页脚「西校区(广西玉林市教育中路299号 邮编:537000)」；广西政府门户检索 http://www.yulin.gov.cn/irs/front/search （searchWord=教育中路299号 13条均无关、玉林师范学院、玉林师范学院 地址 0条）。,玉林市或玉州区政府页面写出「玉州区教育中路299号」或「玉州区……玉林师范学院西校区」。,https://www.ylu.edu.cn/xxgk/xxzc.htm; https://www.ylu.edu.cn/; http://www.yulin.gov.cn/irs/front/search (searchWord=教育中路299号),2026-09-12
PROFILE539_1,4145010606,玉林师范学院,东校区,广西壮族自治区玉林市教育东路东1303号,广西壮族自治区,玉林市,B 来源抓取失败,HARD-BLOCKED,yes,source_inaccessible,官方（ylu.edu.cn 页脚与《章程》「法定住所」）与政府（广西政府门户 IRS 全站检索）来源均未把门牌「1303号」与「玉州区」等同句写出。官网原文：「东校区(广西玉林市教育东路 东 1303号 邮编:537000)」。有门牌号但来源不写区，无法确定法定区。,https://www.ylu.edu.cn/ 页脚、https://www.ylu.edu.cn/xxgk/xxzc.htm（章程「法定住所为玉林市教育中路 299 号」）、https://www.ylu.edu.cn/xxgk/xxjj.htm；广西政府门户检索 http://www.yulin.gov.cn/irs/front/search （POST JSON，searchWord=教育东路1303号 15条无该址、玉林师范学院 25条无区级地址、玉林师范学院 东校区 0条、玉州区教育东路 9条仅市政道路/工作报告）。,玉林市或玉州区政府页面写出「玉州区教育东路1303号」或「玉州区……玉林师范学院东校区」。,https://www.ylu.edu.cn/; https://www.ylu.edu.cn/xxgk/xxzc.htm; http://www.yulin.gov.cn/irs/front/search (searchWord=教育东路1303号); http://www.yulin.gov.cn/irs/front/search (searchWord=玉林师范学院),2026-09-12
PROFILE54_2,4113010075,河北大学,裕华路校区,河北省保定市裕华东路 342号,河北省,保定市,E 无权威来源,HARD-BLOCKED,yes,no_authoritative_source,分类 E_no_authority：门牌证据充分但法定区缺失；allowed_districts 内 莲池区/竞秀区 两候选无法从逐字文本排他。,https://www.hbu.edu.cn/xxgk/xxjj.htm（『裕华路校区：河北省保定市裕华东路342号 邮编：071002 电话：0312-5079709』，无区）；http://www.baoding.gov.cn/index.do?view=search 站内检索 关键词依次为 裕华东路342号 / 河北大学裕华路校区 / 莲池区裕华东路 / 保定市莲池区裕华东路 / 莲池区裕华东路342号 / 文津苑 / 河北大学医学部 / 长青路14号；https://zyxy.hbu.edu.cn/?cid=3&m=show 、https://yxb.hbu.edu.cn/ 、http://jcyxy.hbu.edu.cn/（页脚『河北省保定市裕华东路342号』无区）；https://jdjyw.jlu.edu.cn/mportal/company/details?id=9258（他校就业网仅『河北省保定市莲池区』，未绑定本门牌）；河北省教育考试院 zlcms 站内检索『裕华东路342号』0 命中；头条检索『莲池区裕华东路342号』『保定市莲池区裕华东路』『河北大学裕华路校区 莲池区』。,需要保定市政府/莲池区政府或河北大学官方文本出现『莲池区裕华东路342号』(或『莲池区』与 342 号同句)的逐字表述；或保定市地名/规划部门文件以该门牌并列法定区。,https://www.hbu.edu.cn/xxgk/xxjj.htm (『裕华路校区：河北省保定市裕华东路342号 邮编：071002』，无区); http://www.baoding.gov.cn/index.do?view=search&keyword=裕华东路342号 (1 条：河北大学附属医院规划许可，非本 campus、无区); http://www.baoding.gov.cn/index.do?view=search&keyword=保定市莲池区裕华东路 (47 条，均为其他路段/主体); http://www.baoding.gov.cn/index.do?view=search&keyword=莲池区裕华东路342号 (0 条); http://www.baoding.gov.cn/index.do?view=search&keyword=文津苑 (保定市地名委员会命名通知，以『东邻河北大学医学部』描述，无区); https://zyxy.hbu.edu.cn/?cid=3&m=show 与 https://yxb.hbu.edu.cn/ 、http://jcyxy.hbu.edu.cn/ (页脚无区),2026-09-12
PROFILE550_0,4137010453,泰山学院,北校区,山东省泰安市东岳大街525号,山东省,泰安市,E 无权威来源,HARD-BLOCKED,yes,no_authoritative_source,校方（官网、党委宣传部、人事处、基建处、2026 招生章程）在写该门牌时一律只到市级「泰安市东岳大街525号」，不存在任何法定区名字样；唯一含区的表述来自自媒体，不可采信。,①逐页核对校方域名（www/xcb/rsc/jjc/zhaosheng.tsu.edu.cn）页脚与章程正文；②检索校方定位公告（人事/基建）寻找带区名的同句；③toutiao 多组检索；④Bing（服务器出口）多组检索；⑤尝试确认学校章程与否（无带区名住所条款可公开取得）。,需出现「泰山区」或「岱岳区」与「东岳大街525号」同句的官方或政府原文，例如：泰安市教育局/泰安市招生考试机构的高考或研考考点公告（考点地址含区名）、泰安市人社局考场地图、消防救援机构「消防安全重点单位」公示、政府采购公告中的采购人地址（含区名）、或自然资源和规划部门的项目规划公示。,"https://xcb.tsu.edu.cn/（党委宣传部页脚「地址：泰安市东岳大街525号」）; https://www.tsu.edu.cn/、/main.psp、/index.psp、/xxgk/xxzc.htm（空页/无区名）; https://rsc.tsu.edu.cn/、http://jjc.tsu.edu.cn/（人事、基建公告无该门牌区名）; https://zhaosheng.tsu.edu.cn/2026/0511/c1258a136193/page.htm（2026 招生章程逐字「第七条 学校地址： 泰安市东岳大街 525 号」，无法定区）; so.toutiao.com 检索「泰山区东岳大街525号」「泰山学院 北校区 岱岳区 东岳大街」「""泰山学院"" ""泰山区""」→ 仅微头条自媒体「北校区也称为校本部,位于泰安市岱岳区东岳大街525号」; cn.bing.com（经 muc-staging 出口）检索「""东岳大街525号"" 泰山区」→ 仅企业和股票噪声，无政府/校方命中",2026-09-12
PROFILE550_1,4137010453,泰山学院,南校区,山东省泰安市高新技术开发区凤天路789号,山东省,泰安市,D 功能区/大学城无法定区佐证,RESOLVED,no,functional_zone_only,government,,,https://www.taggzyjy.com.cn/jydt/002007/002007007/20250530/7c532081-7d35-4177-a01e-d0f86d3d0b54.html（泰安市公共资源交易网，2026-09-12 重抓复核，逐字命中）; 泰安市公共资源交易 Epoint 全文接口 getFullTextDataNew（ta_s.py/ta_q.py）; https://so.toutiao.com/search?keyword=泰山学院 南校区 凤天路789号,2026-09-12
PROFILE554_2,4137011066,烟台大学,八角湾校区,山东省烟台市黄渤海新区八角湾滨海地带,山东省,烟台市,D 功能区/大学城无法定区佐证,HARD-BLOCKED,yes,functional_zone_only,『黄渤海新区』是功能区，且跨福山区与蓬莱区，本体归属本身有歧义，不得直接翻译为法定区。校官网仅写功能区『黄渤海新区四平路1号』（且与记录地址『八角湾滨海地带』形式不一致，无法按门牌挂钩）；记录地址无路名无门牌，理论上可用『校区名挂钩』例外，但始终未找到任何把『八角湾校区』与『福山区/蓬莱区』写入同一句的官方或政府原文。烟台市政府门户及各区市站点对外均无可用站内搜索接口（/els-service 与 /jiansuo/js/url.js 全部软404；福山区搜索表单 action 指向内网 IP 183.201.254.101，实为山西浮山县站点，不可用）；山东省政府统一搜索仅索引省级站点。,①打开校官网校情/简介页，确认八角湾校区仅写功能区；②逆向烟台市政府站群：探测 /els-service、/jiansuo/js/url.js、/jsearchfront/search.do、/wso-sd-api 等接口，并在 yeda/zhifu/fushan/muping 各站点复测，均无可用搜索接口；③逆向山东省政府统一搜索 SPA，找到真实接口 /wso-sd-api/search 并成功调用，但该接口仅覆盖省级站点，检索『八角湾校区 福山区』『烟台大学 福山区』均为0命中；④尝试搜狗、DuckDuckGo-lite、Brave、中国搜索等外部引擎，分别遇到反爬、验证码、连接拒绝；⑤所得第三方（抖音百科、地图POI）称八角街道属福山区，按规则仅作线索，不得单独作判据。,需出现把『烟台大学八角湾校区』（或『四平路1号』『八角湾滨海地带』）与『福山区』或『蓬莱区』写入同一句的官方/政府原文，例如烟台市或福山区、蓬莱区自然资源和规划局就该校区（四平路1号）地块发布的建设用地规划许可、征地或不动产登记公示，或烟台大学官方文件中明确写出法定区的地址版本（进而可按『校区名挂钩』例外落地）。,https://www.ytu.edu.cn/xxgk/xxjj.htm (校官网校情页：『科教园区（八角湾校区）：山东省烟台市黄渤海新区四平路1号』，全页无福山区); https://www.ytu.edu.cn/ 与 https://zcc.ytu.edu.cn/zfcgzx/zbgg.htm (招标公告列表，无福山区/八角湾/四平路同句); 烟台市政府门户(www.yantai.gov.cn)及区市站点(yeda/zhifu/fushan/muping)的站内搜索路径探测：/els-service、/jiansuo/js/url.js、/jsearchfront、JCMS 搜索入口均无可用接口; http://search.shandong.gov.cn/wso-sd-api/search (山东省政府统一搜索，仅索引省级站点，检索『八角湾校区 福山区』『烟台大学 福山区』均0命中); 外部检索：搜狗(反爬 antispider)、DuckDuckGo-lite(验证码)、Brave(连接被拒)，仅得第三方(抖音百科/地图POI)称八角街道属福山区，按规则不得作判据,2026-09-12
PROFILE570_1,4111010011,北京工商大学,良乡校区,北京市良乡高教园区,北京市,北京市,A 上一轮独立复核未通过,RESOLVED,no,独立复核要求降级人工复审（引文/地址挂钩未达 verified 门槛）,official,,,https://zsb.btbu.edu.cn/zszc/zszc/index.htm; https://www.btbu.edu.cn/; Toutiao: 北京工商大学 良乡主校区 房山区 荷园南路; Toutiao: 北京工商大学 良乡高教园区 校区地址,2026-09-12
PROFILE59_2,4112010055,南开大学,泰达校区,天津经济开发区宏达街23号,天津市,天津市,G 复核通过但未过机器门禁,HARD-BLOCKED,yes,quote not tied to record address '天津经济开发区宏达街23号',找不到任何官方/政府来源在同一个可逐字引用的连续文本片段内同时给出法定区名与该校区的门牌地址。南开大学泰达学院官网（https://teda.nankai.edu.cn/1468/list.htm）正文只说「泰达学院已成为滨海新区…的聚集地」，同页页脚给出的地址是「天津经济开发区宏达街23号」，写的是功能区名（天津经济开发区）而不是法定区名；南开大学官网首页页脚同样只写「泰达校区：天津经济开发区宏达街23号 [300457]」（对比：八里台校区那条写全了「天津市南开区卫津路94号」）。因此现有引文与记录 address「天津经济开发区宏达街23号」的公共字符串为空——引文里既无「宏达街」也无「23号」。而记录 address 同时含路名（宏达街）与门牌（23号），按规则「唯一例外：整套地址缺失时的校区名挂钩」明确不可用；把「天津经济开发区」翻译成「滨海新区」又属红线禁止的功能区→法定区字典翻译，且不能靠邮编 300457 推区。所以上一轮的 accept 在现行规则下不成立：不是门禁误杀，是引文确实挂不到本条地址。,1) 穷举泰达学院官网全部 44 个栏目页，确认全站只有简介正文出现『滨海新区』、其余页只有页脚功能区地址，二者从不同现；2) 南开大学官网首页与招生网、研究生院：官网页脚只给功能区地址；3) 天津市教育委员会站内检索（jy.tj.gov.cn）0 命中；4) 天津市政府采购网标题检索（ccgp-tianjin.gov.cn）0 命中；5) 天津经开区政务平台 teda.gov.cn 仅有功能区表述，滨海新区政府 bh.gov.cn 不可达；6) 中国政府采购网 search.ccgp.gov.cn 对本机 IP 返回『访问过于频繁』（未绕过）；7) 各搜索引擎（so.com/cn.bing.com/duckduckgo/mojeek/yandex）全部验证码或无关结果（未绕过任何验证码或访问控制）。,需要出现下列任一种新证据才能解锁：(a) 官方或政府页面逐字写「天津市滨海新区宏达街23号」（如天津市滨海新区人民政府/天津市教委的学校地址名录、地名地址库）；(b) 官方或政府页面在同一句内写「南开大学泰达学院（泰达校区）… 滨海新区 …」（如天津市教育招生考试院的研究生/高考考点公告、滨海新区行政执法公示、天津市规划资源局公示）；(c) 南开大学官网把泰达校区页脚地址补写为「天津市滨海新区宏达街23号」；(d) 该校参与政府采购的公告中采购人地址逐字为「天津市滨海新区宏达街23号」。,curl https://teda.nankai.edu.cn/1468/list.htm （泰达学院·学院简介：正文『泰达学院已成为滨海新区高水平科研和高素质人才的聚集地。依托滨海新区核心区位…』逐字命中，但同页页脚地址为『天津经济开发区宏达街23号　南开大学泰达学院　300457』，无区名）; 穷举扫描 teda.nankai.edu.cn 全部 44 个栏目页（/1467 1468 1469 1470 1472 1473 1474 1475 1476 1486 1491-1494 1496-1498 1500 1502 1505 1603-1609 1611 1615 1629 1647 1691-1695 1699-1704 1708 1709）：除 1467/1468 的简介正文外，全站再无一处同时含『滨海新区』与『宏达街』的文本; curl https://www.nankai.edu.cn/ （南开大学官网首页页脚逐字：『八里台校区：天津市南开区卫津路94号 [300071]』『津南校区：天津海河教育园区同砚路38号 [300350]』『泰达校区：天津经济开发区宏达街23号 [300457]』——八里台校区写了法定区，泰达校区只写功能区名）; https://zsb.nankai.edu.cn/ 及 /Gaikuo/index.html、https://graduate.nankai.edu.cn/ ：均无泰达校区地址; http://jy.tj.gov.cn/searchsite/jy_200/search.html?siteId=41&searchWord=南开大学泰达学院 → 0 命中; http://www.ccgp-tianjin.gov.cn/portal/topicView.do (method=findAllTitle&name=泰达学院) →,2026-09-12
PROFILE601_0,4113010092,河北北方学院,校本部,河北省张家口市高新区钻石南路11号,河北省,张家口市,D 功能区/大学城无法定区佐证,RESOLVED,no,functional_zone_only,government,,,https://www.ccgp-hebei.gov.cn/province/cggg/zbgg/202606/t20260603_2375845.html; https://www.ccgp-hebei.gov.cn/province/cggg/zbgg/202604/t20260427_2357261.html（河北北方学院南校区东马路道路改造，采购人地址 张家口市桥东区钻石南路11号）; https://www.ccgp-hebei.gov.cn/was5/web/search?channelid=217003&lanmu=zbgg&PurchaserName=河北北方学院（逐条列出 50 个唯一采购人地址）,2026-09-12
PROFILE601_3,4113010092,河北北方学院,北校区,河北省张家口市长青路14号,河北省,张家口市,E 无权威来源,HARD-BLOCKED,yes,no_authoritative_source,分类 E_no_authority：没有任何官方/政府文本把『长青路14号』与法定区(桥西区/桥东区二选一)并列；仅有的区属线索来自商业 POI 与第三方问答且门牌不一致。,https://zs.hebeinu.edu.cn/web/article/1855.html（招生章程『办学地址 河北省张家口市』，无长青路无区）；https://www.hebeinu.edu.cn/ 与 https://www.hebeinu.edu.cn/index.php?s=/List/index/cid/11.html（学校简介只列四个校区不含地址）；https://www.hebeinu.edu.cn/index.php?s=/Show/index/cid/50/id/15253.html（采购公告『张家口市经开区钻石南路11号』）；学校站内检索入口 https://www.hebeinu.edu.cn/index.php?s=/Search/index.html 检索『长青路14号』『北校区』无结果；张家口市人民政府 http://www.zjk.gov.cn/ 站内检索为页面内联 JS search3()，未暴露可取结果的 URL/API（已检索 common.js/index.js/out.js/utils.js 均未找到定义）；头条检索『长青路14号 张家口』『河北北方学院 北校区 长青路 桥西区』。,需要张家口市政府或桥西区政府(或张家口市教育局)文件出现『桥西区长青路14号』类逐字组合；或该校《章程》/校区简介、事业单位登记公告写明北校区所在法定区；或取得 zjk.gov.cn 站内检索接口后命中含区的政府页面。,https://zs.hebeinu.edu.cn/web/article/1855.html (招生章程『办学地址 河北省张家口市』); https://www.hebeinu.edu.cn/index.php?s=/List/index/cid/11.html (学校简介，仅四校区名); https://www.hebeinu.edu.cn/index.php?s=/Show/index/cid/50/id/15253.html (采购公告『张家口市经开区钻石南路11号』); https://www.hebeinu.edu.cn/index.php?s=/Search/index.html (站内检索『长青路14号』无结果); http://www.zjk.gov.cn/ (站内检索为 JS search3()，未能取得结果接口); https://so.toutiao.com/search?keyword=长青路14号 张家口 (仅商业 POI 与第三方问答『桥西区长青路35号』),2026-09-12
PROFILE602_0,4113010076,河北工程大学,办学地点（档案未命名）,河北省邯郸经济技术开发区太极路19号,河北省,邯郸市,D 功能区/大学城无法定区佐证,RESOLVED,no,functional_zone_only,government,,,"https://www.ccgp-hebei.gov.cn/province/cggg/gzgg/202412/t20241212_2118645.html; https://www.ccgp-hebei.gov.cn/was5/web/search?channelid=217003&lanmu={zbgg,zhbgg,gzgg,dyly,htgg}&PurchaserName=河北工程大学",2026-09-12
PROFILE613_1,4144012959,广东工贸职业技术学院,办学地点（档案未命名）,1098号,广东省,广州市,C 地址冲突,RESOLVED,no,conflicting_address,official,,,https://www.gdgm.edu.cn/jsjx/ — 计算机与信息工程学院站点页脚逐字「地址：广州市天河区广州大道北1098号 电话：020-87705771 Email：gdgmjsj@163.com」; https://www.gdgm.edu.cn/604/list.htm — 校方联系方式「天河校区地址：广州市天河区广州大道北963号 邮编：510510；白云校区地址：广州市白云区钟落潭镇广从九路688号；荔湾校区地址：广州市荔湾区芳村大道西滘口街5号」; https://www.gdgm.edu.cn/ — 站点首页可达（1098 未在首页出现，需进入二级学院站点）; https://so.toutiao.com/search?keyword=广州大道北1098号 — 命中 gdgm.edu.cn 计算机与信息工程学院页（其他均为第三方）,2026-09-12
PROFILE61_3,4137010423,中国海洋大学,西海岸校区,青岛市三沙路1299号,山东省,青岛市,D 功能区/大学城无法定区佐证,RESOLVED,no,functional_zone_only,government,,,https://www.xihaian.gov.cn/zwgk/bmgk/wsjk/gkml/zdgz/yljg/202209/t20220902_6337416.shtml (西海岸新区卫生健康局医疗机构审批事项名单公示，含“青岛市黄岛区古镇口军民融合创新示范区三沙路1299号”); http://xhaxqyg.ouc.edu.cn/main.htm (西海岸校区建设网，页脚仅“青岛市古镇口军民融合创新示范区三沙路1299号”); https://www.ouc.edu.cn/31001/list.htm (中国海洋大学章程，第三条“青岛市三沙路 1299 号”，无区名); http://www.qingdao.gov.cn/igs/front/search.jhtml?code=2d8c3704af434bc7adc5ce3ac71d7065&siteId=5&searchWord=三沙路1299号 (命中“海大西海岸校区一期建成启用”等，地址仍为功能区/无区名); https://landchina.mnr.gov.cn/land/cjgs/hbgd/202511/t20251105_10047789.htm (青岛市黄岛区自然资源局划拨用地批前公示，行政区：黄岛区，项目名称含中国海洋大学海洋科教创新园区(西海岸校区)，宗地坐落为“融合路西、大学十一路北”，与三沙路1299号不一致，仅作旁证),2026-09-12
PROFILE624_0,4113010099,唐山师范学院,大学道校区,河北省唐山市建设北路156号,河北省,唐山市,D 功能区/大学城无法定区佐证,RESOLVED,no,functional_zone_only,government,,,http://tssfj.tangshan.gov.cn/tssfj/sfj2tzgg/20230912/1559566.html（命中，采用）; https://www.tstc.edu.cn/xxgk/xxzc.htm（章程第二条仅「高新技术开发区建设北路156 号」）; https://www.tsgxq.gov.cn/touzi/index（唐山高新区官网：高新区由中心区、老庄子镇、京唐智慧港组成）; sogou: 唐山师范学院 路北区 建设北路156号 司法局 考点; toutiao: 唐山师范学院 大学道校区 路北区 建设北路156号,2026-09-12
PROFILE624_1,4113010099,唐山师范学院,学院路校区,河北省唐山市学院路41号,河北省,唐山市,E 无权威来源,HARD-BLOCKED,yes,no_authoritative_source,两处“路北区+学院路41号”来源均不可引用：政府站(唐山共产党员网)正文已404；微信公众号的 mp.weixin.qq.com 地址被 weixin.sogou 反爬拦截无法解析。学校官方来源反而只给功能区「高新技术开发区」。,校官网+招生章程+校内子站；唐山共产党员网栏目与正文；唐山市教育局/唐山市政府站内检索；河北省教育考试院自考报考点列表；weixin.sogou 检索(河北日报等)；archive.org；toutiao 十余组门牌/区名组合,需一条可抓取、可引用的政府或校级官方页面同句含「路北区」与「学院路41号」(如唐山市教育局考点公示、河北省教育厅高校名单、唐山市自然资源和规划局规划公示、重新发布的唐山考区考务安排)，或可解析的 mp.weixin.qq.com 原文链接。,https://www.tstc.edu.cn/xxgk/xxjj.htm (“高新技术开发区”，功能区); https://zsjy.tstc.edu.cn/ (“地址：唐山市路北区建设北路156号”，另一校区门牌不同); http://www.gcdy.gov.cn/zhuzhan/renshikaolu/20220719/94048.html (标题在列表现存，正文404；曾含“唐山师范学院学院路校区(唐山市路北区学院路41号)”); weixin.sogou: 公众号「河北日报」走进京津冀最美大学之唐山师范学院——“(学院路校区)唐山市路北区学院路41号”；公众号「河北省中小学教师资格证考试」——“唐山师范学院 学院路校区 唐山市路北区学院路41号”；/link 解析被 antispider 拦截; http://jiaoyuju.tangshan.gov.cn / http://www.tangshan.gov.cn 站内检索(404/412); toutiao: 唐山师范学院 学院路41号 / 路北区学院路41号 / 唐山考区 体能测评 唐山师范学院学院路校区,2026-09-12
PROFILE625_0,4113010100,廊坊师范学院,廊坊校区,河北省廊坊市爱民西道100号,河北省,廊坊市,A 上一轮独立复核未通过,RESOLVED,no,独立复核要求降级人工复审（引文/地址挂钩未达 verified 门槛）,official,,,https://www.lfnu.edu.cn/bgs/; https://www.lfnu.edu.cn/; https://www.lfnu.edu.cn/bgs/col/1388113074525/index.html,2026-09-12
PROFILE627_0,4113010101,衡水学院,校本部,河北省衡水市和平西路1088号,河北省,衡水市,H 其他,RESOLVED,no,other,没有任何官方/政府来源把法定区『桃城区』与记录地址『和平西路1088号』写在同一句；唯一含同址的官方来源均省略区名（校方章程写『桃城校区：河北省衡水市和平西路1088号』，中国政府采购网写采购单位地址『衡水市和平西路1088号』）。,"1) https://zhaosheng.hsnc.edu.cn/info/1023/1366.htm 招生章程 → 『桃城校区：河北省衡水市和平西路1088号』，无『桃城区』。2) 中国政府采购网(ccgp.gov.cn) bxsearch 检索『衡水学院』2 页共 36 条公告 → 采购单位地址全部为『衡水市和平西路1088号』(n=21) / 『衡水市和平西路1088』(n=4)，无区名；另检索『衡水学院 桃城区』『桃城区 和平西路1088号』命中 0 条。3) https://www.hsnc.edu.cn/ 官网页脚与 https://ztb.hsnc.edu.cn/ 招投标网 → 仅市级地址。4) www.hengshui.gov.cn 首页无可见站内搜索入口；so-gov 政府站搜索按 siteCode 前缀 1311（衡水市）扫 000001-000060 命中 0；www.taocheng.gov.cn 首页无表单式搜索入口。5) 阳光高考(gaokao.chsi.com.cn)/学信网检索接口返回无结果页，未取到该校『院校地址』。6) Toutiao 查询式：'""桃城区和平西路1088号""'、'衡水市教育考试院 考点 衡水学院 和平西路1088号 桃城区'、'桃城区 消防安全重点单位 衡水学院'、'桃城区市场监督管理局 衡水学院 食品经营许可 公示'、'桃城区 ",需要一条官方/政府来源把『桃城区』与『和平西路1088号』写在同一句或同一地址行即可落库（d=桃城区，已在 allowed_districts 内）。可能的解锁来源：衡水市桃城区人民政府网(www.taocheng.gov.cn)或衡水市人民政府网(www.hengshui.gov.cn)发布的涉该校公示（如事业单位登记/不动产/消防重点单位/医保定点/老旧小区改造等）；教育部阳光高考平台该校正式招生章程的办学地址行；河北省教育厅或河北省教育考试院（考点/报考点公告、高校基本信息）含地址的页面；中国政府采购网河北分网中带区名的采购人地址。,https://zhaosheng.hsnc.edu.cn/info/1023/1366.htm — 招生章程『桃城校区：河北省衡水市和平西路1088号』（无桃城区）; 中国政府采购网 http://search.ccgp.gov.cn/bxsearch?kw=衡水学院 — 36 条公告采购单位地址全为『衡水市和平西路1088号』，无区名; 中国政府采购网 http://search.ccgp.gov.cn/bxsearch?kw=衡水学院 桃城区 — 命中 0; http://search.ccgp.gov.cn/bxsearch?kw=桃城区 和平西路1088号 — 命中 0; https://www.hsnc.edu.cn/ 、https://ztb.hsnc.edu.cn/ — 页脚/公告仅市级地址; http://www.hengshui.gov.cn/ 、http://www.taocheng.gov.cn/ — 首页无表单式站内搜索入口；未取到相关公示,2026-09-13
PROFILE627_1,4113010101,衡水学院,滨湖校区,衡水市滨湖新区龙腾路1999号,河北省,衡水市,D 功能区/大学城无法定区佐证,HARD-BLOCKED,yes,functional_zone_only,记录地址「衡水市滨湖新区龙腾路1999号」中的「滨湖新区」是功能区，校方《衡水学院2026年全日制普通本科招生章程》第二条只逐字写「滨湖校区：河北省衡水市龙腾路1999号」，未写桃城区/冀州区。本轮穷尽衡水市政府门户（hanweb jrobot）智能检索：「龙腾路1999号」全文 0 条；「龙腾路」仅有 2023 年马拉松交通管制等无关页，无任何政府页把该路与法定区同句；「衡水学院滨湖校区」命中的均为领导调研/重点项目新闻（art_46_513838、art_46_319330 等），仅以并列罗列方式出现「桃城区、冀州区、衡水高新区」等区名，属「新闻罗列」而非「门牌+法定区同句」，按红线不得据此推断。衡水市自然资源和规划局 zrgh.hengshui.gov.cn 首页无站内检索入口，无规划/供地文书可取。滨湖新区横跨桃城区与冀州区，故无法定锚点。,衡水市政府门户 hanweb 检索 http://www.hengshui.gov.cn/jrobot/search.do?q=龙腾路1999号 → 「抱歉，没有找到与“龙腾路1999号”相关的网页」（0 条）；http://www.hengshui.gov.cn/jrobot/search.do?q=龙腾路 → 仅命中 2023 衡水湖马拉松限行、明珠花园违建等无关页；http://www.hengshui.gov.cn/jrobot/search.do?q=衡水学院滨湖校区 → art_46_513838（市长调研）、art_46_319330（重点项目）、art_11758_636856（政府工作报告），均仅并列区名、无地址同句；http://www.hengshui.gov.cn/jrobot/search.do?q=1999号 → 无相关；http://zhaosheng.hsnc.edu.cn/info/1023/1366.htm（校方章程，仅「滨湖校区：河北省衡水市龙腾路1999号」）；http://zrgh.hengshui.gov.cn/（衡水市自然资源和规划局首页 25KB，无 search/jrobot/query 入口）；https://www.taocheng.gov.cn/、https://www.jizhou.gov.cn/（桃城区/冀州区政府首页未暴,解锁所需新证据：衡水市政府、桃城区政府、冀州区政府或衡水滨湖新区管委会发布的任一官方文书，在同一句内同时写出「龙腾路1999号」（或该校区明确宗地/不动产权证号）与法定区「桃城区」或「冀州区」——具体形态如该校区国有建设用地划拨/出让批复、建设工程规划许可证批后公示、环评受理公示、政府采购公告标的地址栏，或河北省教育厅/衡水市行政审批局的办学许可地址登记。仅当出现此类「门牌+法定区同句」原文方可 accept，不得以滨湖新区加挂牌子的行政区划设置表反推。,http://www.hengshui.gov.cn/jrobot/search.do?q=龙腾路1999号; http://www.hengshui.gov.cn/jrobot/search.do?q=龙腾路; http://www.hengshui.gov.cn/jrobot/search.do?q=衡水学院滨湖校区; http://www.hengshui.gov.cn/jrobot/search.do?q=1999号; http://zhaosheng.hsnc.edu.cn/info/1023/1366.htm; http://zrgh.hengshui.gov.cn/,2026-09-12
PROFILE628_1,4113010102,石家庄学院,北校区,河北省石家庄市高新技术产业开发区长江大道6号,河北省,石家庄市,E 无权威来源,HARD-BLOCKED,yes,no_authoritative_source,记录地址「长江大道6号」本身缺校方印证，且唯一带该路名的是功能区名「高新区（高新技术产业开发区）」；功能区→法定区的翻译被红线禁止，故无经得起核验的法定区。,①抓取学校官网/简介/招生栏目/章程页面与招投标栏目全量列表；②检索国家级与地方政府采购网（北校区专属项目仍无区名）；③检索校方子站确认「长江大道6号」的写法（仅得「高新区」）；④toutiao/Bing 多组「长江大道6号 石家庄学院」检索（仅自媒体、地图 POI）。,需出现「裕华区/长安区/桥西区」等法定区名与「长江大道6号」或「珠峰大街288号」同句的官方或政府原文：河北省教育考试院/石家庄市人社局考点公告、消防救援重点单位公示、政府采购公告采购人地址（含区名）、或规划公示；同时需先确认北校区门牌究竟为长江大道6号还是珠峰大街288号。,https://www.sjzc.edu.cn/（页脚「石家庄高新技术开发区珠峰大街288号」）; https://www.sjzc.edu.cn/columns/bb227ffe-5d7a-41ba-8f4c-824653db4d22/index.html（学校简介，只说南北两校区，地址同上）; https://www.sjzc.edu.cn/xsc/columns/b359204b-2050-42e2-a467-c6b6a12f408f/index.html（招生栏目，页脚地址同上）; https://www.sjzc.edu.cn/xsc/columns/c2d14103-10df-4374-a4ba-f1e77221fa62/202605/28/2d3e45e1-d445-4c15-a7ff-780242667d7d.html（招生章程，页脚「地址：石家庄高新技术开发区珠峰大街288号」）; jyxy.sjzc.edu.cn（校方子站「地址:河北省石家庄高新区长江大道6号」——仅功能区名）; http://gzc.sjzc.edu.cn/columns/db6ae6ad-.../index.html（招投标栏目 80 条，无「北校区」「长江大道」）,2026-09-12
PROFILE635_1,4144012040,广州民航职业技术学院,白云机场校区,广东省广州市白云国际机场空港北横六路,广东省,广州市,E 无权威来源,HARD-BLOCKED,yes,no_authoritative_source,记录地址“广东省广州市白云国际机场空港北横六路”无门牌，且校方来源全程不写法定区。校方2026招生章程只写“白云机场校区 : 广东省广州市白云国际机场空港北横六路，邮政编码 510470”，无区名；市卫健委诊所登记中该机场区域机构地址为“广州市白云区三元里街机场路向云西街10号、新白云国际机场北工作区横十一路1号宿舍小区2-101、2-102 行政区划：白云区”，路名(横十一路)与记录(空港北横六路)不一致，属不同址，禁止借用；ghzyj.gz.gov.cn 相关“花都校区”文件指向的是赤坭校区(另一校区)，亦不得借用。机场空港片区在公开文本中多以功能区(广州空港经济区)名义出现，按红线不得由功能区反推法定区。,校方2026招生章程 https://www.gcac.edu.cn/zsw/info/1010/2452.htm（“白云机场校区 : 广东省广州市白云国际机场空港北横六路”，无区名）；广州市卫健委诊所备案 http://wjw.gz.gov.cn/fwcx/yycx/content/post_10941497.html（机场区域机构走横十一路/向云西街，非空港北横六路，地址不一致不可用）；广州市规划和自然资源局 ghzyj.gz.gov.cn “花都校区”相关文件（指向赤坭校区，另一校区，禁借用）；查询式 site:gcac.edu.cn 空港北横六路 白云区；site:gz.gov.cn 空港北横六路 白云区 / 广州空港经济区 白云区 法定区。,需要出现把“白云国际机场空港北横六路”这一确切路名与任一法定区(白云区/花都区)在同句绑定的官方或政府文本——例如校方或民航/规划部门文件中标注“广州市白云区空港北横六路”的招生章程、土地/规划批文、发改委立项、或机场管理机构公示；或校方文件中出现含门牌的该校区地址以摆脱仅路名的困境。,https://www.gcac.edu.cn/zsw/info/1010/2452.htm; http://wjw.gz.gov.cn/fwcx/yycx/content/post_10941497.html; ghzyj.gz.gov.cn 花都校区 赤坭; site:gcac.edu.cn 空港北横六路 白云区; site:gz.gov.cn 空港北横六路 白云区,2026-09-12
PROFILE63_1,4134010359,合肥工业大学,翡翠湖校区,安徽省合肥市经济技术开发区大学城翡翠路420号,安徽省,合肥市,C 地址冲突,HARD-BLOCKED,yes,conflicting_address,记录地址（翡翠路420号）在全网与公共资源交易平台零命中，官方给出的是「蜀山区丹霞路485号（合肥工业大学翡翠湖校区)」，路名与门牌均与记录不符，按口径不得采用；无法取得含「484/420号+翡翠路」且带法定区的原文。,已抓取并扫描：合肥工业大学官网首页、学校概况(https://www.hfut.edu.cn/xxgk.htm →仅列屯溪路/翡翠湖/六安路校区与宣城校区，无地址区划)、本科招生网(bkzs.hfut.edu.cn)；软件学院(rjxy.hfut.edu.cn →「地址 : 安徽省合肥市蜀山区丹霞路485号（合肥工业大学翡翠湖校区)」)、外国语学院(wgyxy.hfut.edu.cn →「经济技术开发区大学城丹霞路485号」)；合肥市公共资源交易全量检索 API（wd=翡翠路420号 → total=0；wd=翡翠湖校区 → 124 条均为「合肥市经开区」或无区名）；so.toutiao.com 检索「蜀山区翡翠路420号」「合肥工业大学翡翠湖校区翡翠路420号」均无任何来源出现该门牌。,需要以下任一新证据：(a) 含「翡翠路420号」且带法定区（蜀山区/经开区不算法定区）的官方原文；(b) 校方或合肥市自然资源和规划局文件确认翡翠湖校区门牌由丹霞路485号/翡翠路420号的关系（如同一门牌两写法或历史更名）；(c) 记录地址被更正为「丹霞路485号」后，可直接用官方「蜀山区丹霞路485号（合肥工业大学翡翠湖校区)」落地。,https://rjxy.hfut.edu.cn/ →「地址 : 安徽省合肥市蜀山区丹霞路485号（合肥工业大学翡翠湖校区)」; https://wgyxy.hfut.edu.cn/_t540/main.psp →「学 院 地 址：安徽省合肥市经济技术开发区大学城丹霞路485号合肥工业大学翡翠湖校区科教楼A栋第15层」; https://www.hfut.edu.cn/ 与 https://www.hfut.edu.cn/xxgk.htm 与 https://bkzs.hfut.edu.cn/ → 全页扫描无「翡翠路」「420号」; ggzy.hefei.gov.cn 全量检索 API（wd=翡翠路420号 total=0；wd=翡翠湖校区 124 条均无区名）; so.toutiao.com 检索「蜀山区翡翠路420号」「合肥工业大学翡翠湖校区翡翠路420号」,2026-09-12
PROFILE646_1,4144011113,深圳职业技术大学,深汕校区,广东省深圳市深汕合作区赤石镇大水口村,广东省,深圳市,D 功能区/大学城无法定区佐证,HARD-BLOCKED,yes,functional_zone_only,深汕特别合作区的法定县级行政区是汕尾市海丰县（原海丰县四镇整建制划入合作区管理，行政区划未改），而本条 allowed_districts 只有深圳市 9 个区。海丰县不在闭集内，功能区名又不得翻译成深圳市某区，因此无解。,深汕特别合作区管委会官网「走进深汕」行政区划表述；赤石镇行政隶属表述的信源复核；区政府/管委会公文的口径核对；toutiao 行政区划类检索。均为「管理归属深圳、行政区划属海丰县」的口径。,这不是证据侧问题，而是清单侧问题：需要主控把该条的 allowed_districts 扩展为「汕尾市海丰县」（行政区划口径），或待国务院批准该区域行政区划调整入深圳市（届时会出现官方区划调整文件可引）。在没有区划调整文件之前，任何证据都不能支撑 allowed 内的 d。,https://www.szss.gov.cn/ 深汕特别合作区管委会「走进深汕」：「深汕特别合作区…下辖原汕尾市海丰县鹅埠、小漠、赤石、鲘门四镇，行政村34个、社区5个」（2026-09-12 复核）; https://so.toutiao.com/search?keyword=深汕特别合作区+赤石镇+行政区划+海丰县+深圳市 → 赤石镇条目：「赤石镇地处海丰县西北部」；相关搜索亦出现「海丰划入深汕合作区可能性」（即尚未划转）; 深汕特别合作区管委会土地征收成片开发方案等公文（发布机构：深圳市深汕特别合作区党工委、管委会）——均以功能区名义发布，无法定区落点,2026-09-12
PROFILE687_0,4113011629,北华航天工业学院,廊坊校区,河北省廊坊市爱民东道133号,河北省,廊坊市,E 无权威来源,HARD-BLOCKED,yes,no_authoritative_source,仲裁接受但未过机器门禁: 来源是搜索引擎/聚合站结果页 'weixin.sogou.com'，不是可复核的原始来源,,,https://zb.nciae.edu.cn/lxwm.htm（200，「廊坊校区地址：河北省廊坊市爱民东道133号」，无区名）; https://www.nciae.edu.cn/ 站内检索（search.jsp）：关键词「广阳区」0 命中; https://weixin.sogou.com/weixin?type=2&query=廊坊 广阳区 爱民东道133号（命中「华航之声」「华航青年」官方号同句含广阳区+爱民东道133号）; http://www.lf.gov.cn/（廊坊市政府首页未找到可用站内检索入口）,2026-09-12
PROFILE687_1,4113011629,北华航天工业学院,固安校区,河北省廊坊市固安高新技术产业开发区航天大道7号,河北省,廊坊市,D 功能区/大学城无法定区佐证,HARD-BLOCKED,yes,functional_zone_only,唯一政府桥接件（固安县人民政府对该校区项目的批前/批后公示）为纯图片扫描件，页面无可引文字；政府主站 www.guan.gov.cn 返回 403，廊坊市站无站内检索，无法另行取得「固安县 + 航天大道7号」同现的可引原文。,1) 固安县政府信息公开平台（重复 3 次重试以避开间歇性连接失败）：http://xxgk.guan.gov.cn:88/index.do?id=%7B0A2D995B-0000-0000-1277-7CEB00000010%7D&templet=content_sj_new → 标题《北华航天工业学院固安校区建设工程项目批后公示》正文仅一张图 /UserFiles/Image/2db35330-f49d-4044-8c8a-6ee5d7d85e4a.jpg；http://xxgk.guan.gov.cn:88/index.do?id=%7B0A2D995B-FFFF-FFFF-84B5-E29E00000018%7D&templet=content_sj_new → 标题《北华航天工业学院固安校区项目修建性详细规划方案批前公示》正文仅图 /UserFiles/Image/4e148c6b-7f04-4492-ae13-2c180c4b840e.jpg。两者页面文字均只有标题与平台名，无法取得逐字引文（不采用OCR/读图凑引文）。2) http://www.guan.gov.cn/ → HTTP 403（多次，含桌面/移动 UA 与 Referer）；http://xxgk.guan.gov.cn:88/ 首页仅 1005 字节（跳转壳）。3) 校方：https://www.nc,需要一份可读文本的政府或校方原文，同时含法定县名「固安县」与地址锚点「航天大道7号」（或该校固安校区名）。可行来源举例：固安县人民政府/廊坊市人民政府该项目的规划许可、施工许可、土地供应或环评公示的文本版（而非扫描图片）；河北省或廊坊市公共资源交易平台、河北省政府采购网上该校区建设工程招标公告中「建设地点/采购人地址」写明固安县；或河北省投资项目在线审批监管平台的文本公示。,http://xxgk.guan.gov.cn:88/index.do?id=%7B0A2D995B-0000-0000-1277-7CEB00000010%7D&templet=content_sj_new → 《…批后公示》正文为纯图片 /UserFiles/Image/2db35330-f49d-4044-8c8a-6ee5d7d85e4a.jpg; http://xxgk.guan.gov.cn:88/index.do?id=%7B0A2D995B-FFFF-FFFF-84B5-E29E00000018%7D&templet=content_sj_new → 《…修建性详细规划方案批前公示》正文为纯图片 /UserFiles/Image/4e148c6b-7f04-4492-ae13-2c180c4b840e.jpg; http://www.guan.gov.cn/ → HTTP 403；http://xxgk.guan.gov.cn:88/ 首页 1005 字节跳转壳; https://www.nciae.edu.cn/ → 固安校区地址只写功能区『河北省廊坊市固安高新技术产业开发区航天大道7号』; https://www.lf.gov.cn/ → 首页未找到站内检索入口; Toutiao 检索『北华航天工业学院固安校区 招标公告 固安县 航天大道』(0结果)、『北华航天工业学院固安校区 项目 固安县 建设地点』→ 仅固安县政府图片公示标题与校方拍卖成交公告,2026-09-12
PROFILE691_0,4113010098,河北民族师范学院,办学地点（档案未命名）,河北省承德市高新技术产业开发区学院路西2号,河北省,承德市,D 功能区/大学城无法定区佐证,HARD-BLOCKED,yes,functional_zone_only,唯一逐字命中门牌的官方来源反而把该址写作功能区「承德市高新区学院路西2号」，而非任何法定区；同页其他考点写「双桥区」，说明来源刻意区分二者，不能拿双桥区覆盖。,①校官网页脚（hbun.edu.cn）；②承德市官方考点名单（m.toutiao.com/group/7621114926932787727/，含门牌原文）；③承德/双桥区政府门户（sqq.gov.cn 无正文）；④toutiao 多组「双桥区/高教园区/学院路」检索。,需要一份把「学院路西2号」（或该门牌）与法定区同写的政府/官方原文，例如承德市双桥区政府或承德市教育局的辖区学校名录、不动产/规划公示，或学校在事业单位登记中写明「双桥区」的住所。,https://www.hbun.edu.cn/ — 页脚「地址:承德市高教园区河北民族师范学院 邮编:067000」，无法定区，也无门牌; http://m.toutiao.com/group/7621114926932787727/ — 承德市2026年事业单位联考考点地址（承德发布/承德新闻网，九派教育转载）原文：「（四）河北民族师范学院：承德市高新区学院路西2号。」及「（六）河北旅游职业学院（北校区）：承德市高新区学院路。」对照「（一）承德应用技术职业学院（北校区）：承德市双桥区大石庙镇偏岭。」——同页明确区分高新区与双桥区; https://www.zzgx.gov.cn/ 同类：承德高新区管委会站未取到（www.cdkfq.gov.cn 上一轮已试，概况页无「双桥区」）; so.toutiao.com 查询式：「承德 高教园区 双桥区 河北民族师范学院」「承德市双桥区 学院路 河北民族师范学院」「承德高新区 双桥区 大石庙」→ 无「双桥区+学院路」原文; https://www.zhongyuan.gov.cn/ 式站内搜索不适用；承德市双桥区政府 www.sqq.gov.cn 上一轮无正文,2026-09-12
PROFILE700_1,4113012415,沧州职业技术学院,渤海校区,河北省沧州渤海新区中捷产业园区文汇路,河北省,沧州市,D 功能区/大学城无法定区佐证,HARD-BLOCKED,yes,functional_zone_only,本条地址只有路名“文汇路”，无门牌；能拿到的全部校方与政府原文都止于功能区“沧州渤海新区/中捷产业园区”，未出现法定区名“黄骅市”。按红线不得把功能区翻译为黄骅市，且跨实体“仅同一路名”不构成 Level 3。,1) 河北省政府采购网全栏目按采购人名称检索沧州职业技术学院，逐一列出全部 采购人地址 唯一值，均为主校区（新华区文昌路/永济东路、运河区九河西路29号），渤海校区无任何采购/合同公告；2) 校方官网渤海校区简介仅“中捷产业园区的科教园区”；3) 沧州市政府门户站内搜索“中捷产业园区”0 命中；4) 黄骅市政府门户站内搜索（尝试 GBK 提交）无地址级命中；5) 阳光高考招生章程对渤海校区只写功能区“沧州渤海新区中捷产业园区文汇路”。,需要一份把“中捷产业园区文汇路”（不要求门牌）与“黄骅市”同句写出的政府原文，例如：黄骅市/渤海新区自然资源和规划局对中捷产业园区文汇路地块的出让或规划公示、黄骅市行政审批/住建的项目公示、或校方（章程、招生简章、采购公告）把渤海校区写作“黄骅市…文汇路”的版本；若该路有具体门牌且能取得同址另一单位的“黄骅市…文汇路X号”政府登记，也可作为地址级佐证线索。,"河北省政府采购网检索 API：/was5/web/search?channelid=217003&lanmu={zbgg,zhbgg,gzgg,dyly,htgg}&PurchaserName=沧州职业技术学院 → 采购人地址仅“河北省沧州市新华区文昌路/永济东路（新校区）”“沧州市运河区九河西路29号（主校区）”，无“文汇路”; https://www.czvtc.cn/bhxq/xqjj/content_15293 渤海校区简介（实抓）：只写“位于…渤海新区腹地——中捷产业园区的科教园区”，无区、无门牌; https://www.cangzhou.gov.cn/guestweb4/s?searchWord=文汇路 / 中捷产业园区（沧州市政府门户站内搜索）→ 中捷产业园区 0 命中; http://www.huanghua.gov.cn/guestweb4/s 黄骅市政府站内搜索（GBK 编码提交）→ 无该校区相关地址级命中; https://so.toutiao.com/search?keyword=中捷 文汇路 → 阳光高考《招生章程》写“河北省沧州渤海新区中捷产业园区文汇路(渤海校区)”（功能区）",2026-09-12
PROFILE726_0,4113012887,河北旅游职业学院,办学地点（档案未命名）,河北省承德市高新技术产业开发区,河北省,承德市,D 功能区/大学城无法定区佐证,HARD-BLOCKED,yes,functional_zone_only,本条记录地址既无路名也无门牌（仅“河北省承德市高新技术产业开发区”），本可走“校区名挂钩”唯一例外，但记录 campus 字段为占位符“办学地点（档案未命名）”，不存在可挂钩的校区名，故该例外无法适用；同时未找到任何原文把该校区/学校与法定区（双桥区等）同句或同址写出，按红线不得由功能区推断。,1) 校方官网 footer 与站内检索：只有“承德市高教园区/承德市开发区高教园区”，无区名、无门牌；2) 河北省政府采购网全栏目抓取该校全部唯一 采购人地址，一律为功能区（高新区/高教园区）；3) 承德市政府门户无可用站内检索，双桥区政府门户首页无检索入口；4) 第三方仅复述功能区。,需要以下任一：(a) 一份把“河北旅游职业学院”（或该校区名称）与法定区（双桥区）写在同一句话里的政府/校方原文（如双桥区政府或承德市自然资源和规划局对高教园区该校地块的公示、校方信息公开页）；(b) 该校一条含路名/门牌的地址，并另有一份写明“XX区+该路名门牌”的政府原文（即可转 address_match=road/doorplate 常规路径）。,"http://www.hbly.edu.cn/ 与 https://www.hbly.edu.cn/searchresult.jsp?wbtreeid=1023（站内全文检索 双桥区 / 高教园区）→ 页脚“地址：中国·河北省承德市高教园区 邮编：067000”，全站无“双桥区”; 河北省政府采购网检索 API：/was5/web/search?channelid=217003&lanmu={zbgg,zhbgg,gzgg,dyly,htgg}&PurchaserName=河北旅游职业学院 → 采购人地址一律“承德市高新技术产业开发区高教园区”“承德市开发区高教园区”“承德市高教园区”“承德市高新区”; http://www.chengde.gov.cn/（页面无可用检索表单）; https://www.sqq.gov.cn/（双桥区人民政府，首页无站内检索入口）; https://so.toutiao.com/search?keyword=河北旅游职业学院 双桥区 高教园区 → 仅第三方院校库复述“河北省承德市高新技术产业开发区”",2026-09-12
PROFILE728_1,4113013403,石家庄科技信息职业学院,灵寿校区,石家庄灵寿经济开发区人民东路,河北省,石家庄市,D 功能区/大学城无法定区佐证,RESOLVED,no,functional_zone_only,government,,,http://www.lingshou.gov.cn/columns/212b4c3e-2671-42b3-803b-2e6480f11117/202607/03/db00c460-6bcd-4951-9e47-891f12b60c75.html; 灵寿县人民政府门户站内检索: 石家庄科技信息职业学院 / 灵寿经济开发区 人民东路,2026-09-12
PROFILE729_0,4113013071,河北交通职业技术学院,主校区,石家庄市高新区槐安东路339号,河北省,石家庄市,D 功能区/大学城无法定区佐证,RESOLVED,no,functional_zone_only,government,,,https://www.ccgp-hebei.gov.cn/province/cggg/htgg/202507/t20250728_2230951.html; https://www.ccgp-hebei.gov.cn/was5/web/search?channelid=217003&lanmu=htgg&PurchaserName=河北交通职业技术学院; https://www.ccgp-hebei.gov.cn/province/cggg/htgg/202606/t20260618_2383639.html（另证：河北省石家庄市裕华区槐安路339号河北交通职业技术学院（东区））,2026-09-12
PROFILE72_2,4134010366,安徽医科大学,翡翠路校区,安徽省合肥市经济技术开发区翡翠路15号,安徽省,合肥市,E 无权威来源,RESOLVED,no,no_authoritative_source,官方原文对翡翠路校区只到「合肥市经济技术开发区翡翠路15号」，功能区不等于法定区；合肥经开区跨蜀山区/包河区/肥西县，不得反推；唯一看似可作地址级佐证的安医大一附院南区经核实是「肥西县翡翠路与紫石路交口」，非同一门牌。,1) 官网/招生网页脚；2) 学校章程全文；3) 官网检索合肥市政府（521 拦截）、经开区管委会（JS 渲染）；4) 全国公共资源交易平台与政府采购网标题检索；5) 头条纯门牌检索；6) 一附院官网南区开诊文章核验（排除同址佐证）。,需要一条政府/官方原文同时出现「蜀山区」或「肥西县」与「翡翠路15号」（例如蜀山区/肥西县政府公示、合肥市卫健委或教育局文件、学校房产/规划公示、学校章程修订版列明校区法定住所）。,https://www.ahmu.edu.cn/ 官网页脚「合肥市经济技术开发区翡翠路15号」（功能区，无区名）; http://zs.ahmu.edu.cn/ 本科招生网页脚「翡翠路校区地址：安徽省合肥市翡翠路15号」（无区名）; https://www.ahmu.edu.cn/2016/0331/c4330a41579/page.htm 安徽医科大学章程（链接自 http://xb.ahmu.edu.cn/2023/1031/c9230a146090/page.htm）：注册地址「合肥市梅山路81号」无区名、无校区列表; https://www.ayfy.com/info/1186/24109.htm 安医大一附院官网《安医大一附院南区开诊》：「位于肥西县翡翠路与紫石路交口西南处」——证明与「翡翠路15号」非同一门牌，否定该佐证路径; https://www.hefei.gov.cn/ (521)、https://hetda.hefei.gov.cn/ (JS 渲染)、http://ggzy.hefei.gov.cn/ (JS) 站内检索均无服务端结果; so.toutiao.com 「翡翠路15号」「翡翠路15号 蜀山区」：命中抖音百科/大学生必备网/幸福里/城市吧等第三方,2026-09-13
PROFILE72_3,4134010366,安徽医科大学,铜陵路校区,合肥市新站高新技术产业开发区唐河路,安徽省,合肥市,E 无权威来源,HARD-BLOCKED,yes,no_authoritative_source,官方原文对该校区只给到「唐河路（与铜陵北路交口）」，属功能区（新站高新区）且无门牌，既不能满足门牌/道路级地址核验，也无任何政府原文给出法定区名。,1) 招生网页脚与官网页脚；2) 学校章程；3) 合肥市政府（521）与经开区/新站管委会站内检索（JS）；4) 公共资源交易平台检索（JS，无正文）；5) 头条关键词检索；6) 尝试以「唐河路」+各区名做政府侧交叉检索。,需要一条政府/官方原文同时出现法定区名（如瑶海区/肥东县/长丰县）与「唐河路」（最好含门牌，例如「瑶海区唐河路X号」），例如辖区街道办/区教育局公示、合肥市规划或消防公示、安徽医科大学基建采购公告正文。,http://zs.ahmu.edu.cn/ 本科招生网页脚「铜陵路校区地址：安徽省合肥市唐河路与铜陵北路交口」（无区名）; https://www.ahmu.edu.cn/ 官网页脚「合肥市新站高新技术产业开发区唐河路」（功能区，无区名、无门牌）; https://www.ahmu.edu.cn/2016/0331/c4330a41579/page.htm 学校章程：无校区列表、无区名; so.toutiao.com 「安徽医科大学铜陵路校区 瑶海区 唐河路」：仅第三方联想词，无权威原文; https://www.hefei.gov.cn/ (521)、https://hetda.hefei.gov.cn/ (JS 渲染) 站内检索无服务端结果; http://ggzy.hefei.gov.cn/ 与 安徽/合肥公共资源交易平台（JS 渲染，仅见「新站区唐河路…工程设计招标公告」目录标题，无正文可引）,2026-09-12
PROFILE730_0,4113013395,廊坊职业技术学院,大学城校区,河北省廊坊市开发区东方大学城二期,河北省,廊坊市,D 功能区/大学城无法定区佐证,RESOLVED,no,functional_zone_only,government,,,http://www.ccgp.gov.cn/cggg/dfgg/zbgg/202607/t20260703_26866778.htm （采购单位地址 廊坊市广阳区东方大学城2期白居易道）; http://www.ccgp.gov.cn/cggg/dfgg/gkzb/202606/t20260610_26720375.htm （同句同上）; http://www.ccgp.gov.cn/cggg/dfgg/qtgg/202605/t20260521_26602909.htm （同句同上）; http://www.ccgp.gov.cn/cggg/dfgg/gkzb/202605/t20260529_26653852.htm （采购单位地址 廊坊市东方大学城二期，与记录地址逐字一致但无区名）; http://www.ccgp.gov.cn/cggg/dfgg/zbgg/202608/t20260819_27164903.htm （采购单位地址 廊坊市东方大学城二期廊坊职业技术学院）; https://www.lfzj.edu.cn/xygk/xyjj.htm （院址：廊坊东方大学城二期居易道 邮编：065001）,2026-09-12
PROFILE730_1,4113013395,廊坊职业技术学院,西校区,河北省廊坊市爱民西道42号,河北省,廊坊市,B 来源抓取失败,RESOLVED,no,source_inaccessible,廊坊职业技术学院无任何可访问的官方站点，且廊坊市/安次区两级政府站点均无可用检索面：lf.gov.cn 检索仅覆盖标题且对「廊坊职业技术学院」7条命中均不含地址、对「爱民西道」0命中；安次区 www.anci.gov.cn 全站无搜索入口、/mdiyPage/search.do 恒返回500；zfxxgk.lf.gov.cn 的 /Search（带有效 __RequestVerificationToken 与 Cookie）对「爱民西道」「廊坊职业技术学院」「安次区」均返回空；jyj.lf.gov.cn（EmpireCMS）无相关结果；河北省市场监管局站内检索亦无地址命中。中国政府采购网对本机IP限流，Sogou 需验证码，Bing/头条搜索不可作为证据。,校方官网: lfjz.edu.cn / lfzj.edu.cn / lfzjxy.com / lfzjxy.edu.cn / lfzjxy.cn / lfzjxy.net（全不可达；lfvtc.cn 实为临汾职业技术学院已排除）；政府站检索: lf.gov.cn（search.aspx 标题检索7条无地址）、zfxxgk.lf.gov.cn/Search（POST t_title+__RequestVerificationToken 空结果）、jyj.lf.gov.cn（EmpireCMS 无结果）、www.anci.gov.cn（无搜索入口、/mdiyPage/search.do 500、公示公告栏目逐条核验）、jyt.hebei.gov.cn、scjg.hebei.gov.cn/search（166条无地址命中）、ccgp-hebei.gov.cn/province；采购平台: ccgp.gov.cn（IP 限流 58.213.197.10）。,需出现一份政府或校方原文，在同一句中同时含「廊坊职业技术学院（西校区）」或「爱民西道42号」与法定区名「安次区」，例如：廊坊市/安次区市场监督管理局的食品经营许可公示（如本次已成功的太原晋源区同型公示）、安次区住建/发改部门的项目批复与招标公告、或该校可访问的官网「学校简介／联系我们」页。若后续能找到该校现行官网域名（备案主体：廊坊职业技术学院）或安次区政府网站上线站内检索，即可解锁。,http://www.lfjz.edu.cn/; http://www.lfzj.edu.cn/; http://www.lfzjxy.com/; http://www.lfzjxy.edu.cn/; http://www.lfzjxy.cn/; https://www.lfvtc.cn/index.htm (实为临汾职业技术学院，已排除),2026-09-13
PROFILE737_1,4123012727,黑龙江农垦职业学院,宾西校区,黑龙江省哈尔滨市宾西开发区大学城1号,黑龙江省,哈尔滨市,D 功能区/大学城无法定区佐证,HARD-BLOCKED,yes,functional_zone_only,学校全部官方页面(含宾西校区各二级学院子站页脚)对宾西校区一律只写功能区「宾西开发区」：原文「地址：黑龙江省哈尔滨市宾西开发区大学城1号 邮编：150431」，无「宾县」。宾西经济技术开发区法定属宾县，但按红线不得把功能区翻译成法定区，也不得按邮编(150431)猜区或按「道路通常在某区」推断。缺一份政府/官方来源把「宾西开发区大学城1号」或「黑龙江农垦职业学院宾西校区」与「宾县」同写。地址含门牌「1号」，不适用校区名挂钩例外。,1) 学校主站及宾西校区 5 个子站(binxijiangong/binxidongke/binxijidian/binxinonglin/binxihulifenyuan)——宾西工程系子站页脚逐字「地址：黑龙江省哈尔滨市宾西开发区大学城1号」，全站 0 处「宾县」；2) 招生网 zs.hljnkzy.edu.cn 的 走进学校/招生章程/招生简章/联系我们/单独招生 及《2026级新生入学指南—宾西校区》页面，均只写宾西开发区；3) 学校信息公开 xinxigongkai 栏目无办学地点信息；4) 宾县人民政府网 chinabx.gov.cn —— 走进宾县〈宾县概况〉只写 5乡12镇、无宾西开发区/大学城；通知公告、政务公开各列表页(/hebbx/c109420/gklist.shtml 等)检索无「大学城/农垦/职业」；/hebbx/bxjjkfq/ 宾西开发区子站 404；5) 黑龙江省政府网 hlj.gov.cn「search5」检索页为 JS 接口，无可用静态检索；6) 中国政府采购网 search.ccgp.gov.cn「频繁访问」IP 限流；哈尔滨/黑龙江公共资源交易站点不可达；7) so.toutiao.com 十余组关键词(宾西开发区大学城1号/宾县宾西经济开发区大学城1号/黑龙江农垦职业学院 宾县/宾西镇 大学城/农垦科技职业学院 宾县/征地公告 宾西镇 大,需要出现下列任一：①宾县人民政府(或宾县自然资源局/住建局/消防救援大队/生态环境局)的公示、征地/供地公告、消防重点单位名单中把「宾西开发区大学城1号」或「黑龙江农垦职业学院(宾西校区)」与「宾县」同写；②黑龙江省教育厅/招生考试院(龙招港 lzk.hl.cn)发布的高职院校名单或招生计划中给出该校区含法定区「宾县」的完整办学地址；③黑龙江省政府采购网 hljcg.hlj.gov.cn 上该校作为采购人时的公告正文含「宾县」(需解除出口 IP 限流后检索)；④校方在招生章程/信息公开中改用「哈尔滨市宾县宾西镇大学城1号」写法。,"http://www.hljnkzy.edu.cn/binxijiangong/index.htm — 页脚「地址：黑龙江省哈尔滨市宾西开发区大学城1号 邮编：150431」，无宾县; https://www.hljnkzy.edu.cn/index.htm — 主站首页，页脚只有江北校区地址，无宾县; http://www.hljnkzy.edu.cn/{binxidongke,binxijidian,binxinonglin}/index.htm 、binxihulifenyuan(404) — 宾西校区各学院子站，0 处宾县; https://zs.hljnkzy.edu.cn/ 及 zszc1.htm/zjxy.htm/lxwm.htm/zsjz.htm/info/1041/2933.htm/info/1005/8341.htm — 招生网全栏目，宾西只写「宾西开发区大学城1号」; https://www.hljnkzy.edu.cn/xinxigongkai/ — 信息公开栏目，无办学地点; http://www.chinabx.gov.cn/ 、/hebbx/c109514/binxian.shtml(宾县概况) 、/hebbx/c109420/gklist.shtml 、/hebbx/c109500/bxlist.shtml 、/hebbx/bxjjkfq/binxi.shtml(404) — 宾县政府网，无大学城/农垦/职业 相关",2026-09-12
PROFILE740_2,4123013730,黑龙江三江美术职业学院,哈尔滨新校区,哈尔滨龙美路1号（长江路南段,黑龙江省,佳木斯市,H 其他,HARD-BLOCKED,yes,other,本条 campus 位于哈尔滨市（来源原文自述香坊区/阿城区交界），而 c 字段与 allowed_districts 全部是佳木斯市辖区，二者互斥；d 必须在 allowed_districts 内，故不存在可接受的答案。这是记录 city 归属错误 + allowed_districts 由错误 city 派生导致的结构性阻断，不是检索能力问题。,上一轮已判定结构不匹配（未发起抓取）；通用搜索引擎全部不可用：WebSearch 工具（本会话 200/200 配额用尽）、https://html.duckduckgo.com/html/?q=黑龙江三江美术职业学院+哈尔滨校区（bot challenge）、https://lite.duckduckgo.com/lite/（人机验证）、https://www.bing.com/search 与 https://cn.bing.com/search 及 Bing RSS（返回 AI 生成/韩文垃圾结果）、https://www.so.com/（验证码）、https://searx.be/（浏览器校验）；学校官网域名探测 www.sjmsxy.com / www.hljsjmsxy.com / www.sjmsxy.cn / www.sanjms.com 全部返回同一泛解析 404 页；黑龙江省教育厅站内检索 https://jyt.hlj.gov.cn/search5/html/searchResult_heilongjiang.html?searchWord=三江美术&siteCode=2300000002（404，检索页路径失效）；教育部阳光高考院校库 https://gaokao.chsi.com.cn/sch/search.do?searchType=1&schoolNa,需要以下任一新证据之一才能解锁：(1) 数据侧修正——把本条 c 由「佳木斯市」改为「哈尔滨市」，并把 allowed_districts 换成哈尔滨市法定区闭集（香坊区、阿城区、松北区、呼兰区、道里区、南岗区、道外区、平房区、双城区、依兰县、方正县、宾县、巴彦县、木兰县、通河县、延寿县、尚志市、五常市），届时应以哈尔滨市相应区政府/教育主管部门来源定区；(2) 或一份官方来源证明该「哈尔滨新校区」实际校址在佳木斯市辖区内（与现有来源「香坊区与阿城区交界处」冲突，可能性低）；(3) 或确认「哈尔滨新校区」为已撤销/未启用的规划校区，从而据实标注而非定区。在此之前本条只能保持未定区。可解锁的取证方向：黑龙江三江美术职业学院官网（域名待确认）「校区地址」页、黑龙江省教育厅民办高校备案/办学许可证公示、哈尔滨市香坊区或阿城区人民政府门户的辖区学校名录、学校在哈尔滨校区的基建/不动产登记公示。,上一轮：未发起抓取（判定结构不匹配）; WebSearch 工具：黑龙江三江美术职业学院 哈尔滨校区 地址（本会话 200/200 配额已用尽，未执行）; https://html.duckduckgo.com/html/?q=黑龙江三江美术职业学院+哈尔滨新校区+地址 （bot challenge，0 命中）; https://lite.duckduckgo.com/lite/?q=黑龙江三江美术职业学院+哈尔滨校区 （人机验证）; https://www.bing.com/search?q=黑龙江三江美术职业学院+哈尔滨新校区+地址 （AI 生成垃圾结果）; https://cn.bing.com/search?q=三江美术职业学院+龙美路&format=rss （垃圾/韩文结果）,2026-09-12
PROFILE740_3,4123013730,黑龙江三江美术职业学院,办学地点（档案未命名）,香坊区与阿城区交界处）,黑龙江省,佳木斯市,C 地址冲突,HARD-BLOCKED,yes,conflicting_address,记录地址片段指向哈尔滨市香坊区/阿城区（不在 allowed_districts=佳木斯市法定区集合内），与该记录 city 字段冲突；无路名/门牌且缺校区名，无法使用校区名挂钩；跨市导致允许区集合不匹配。,1) 校方官网 http://www.sjmsxy.net.cn/ （学校简介/大事记，未见带法定区的分校地址）；2) so.toutiao.com 检索「黑龙江三江美术职业学院 哈尔滨 香坊区 阿城区 校区」（仅得百科式描述「总院位于佳木斯市大来社区，在北京和哈尔滨分别建有教学实习基地」及「三江美院阿城校区建设进展」联想词，无法定区来源）；3) 记录本身地址为残缺字符串，无路名门牌，无法构造门牌/路名匹配。,需要先厘清该记录究竟指哪个办学点（佳木斯总院 / 哈尔滨阿城校区 / 北京基地）并修正 city 与 allowed_districts；随后需哈尔滨市或阿城区/香坊区政府、黑龙江省教育厅文件以「阿城区（或香坊区）+ 具体路名门牌 + 黑龙江三江美术职业学院（XX校区）」形式表述，方可落库；相关证据不在本任务范围内（涉及 allowed_districts 变更）。,http://www.sjmsxy.net.cn/; https://so.toutiao.com/search?keyword=黑龙江三江美术职业学院 哈尔滨 香坊区 阿城区 校区; https://so.toutiao.com/search?keyword=黑龙江三江美术职业学院 校区,2026-09-12
PROFILE763_0,4123011635,哈尔滨信息工程学院,哈东校区,黑龙江省哈尔滨市宾西技术开发区大学城9号,黑龙江省,哈尔滨市,D 功能区/大学城无法定区佐证,HARD-BLOCKED,yes,functional_zone_only,独立裁决驳回：全页「宾县」6 处全部落在会议名「…进校园宾县工作推进会」与参会机构名（宾县医疗保障局/中心/教育局）里；「哈东校区」仅 1 处且不带任何区划归属；本条地址的锚（宾西技术开发区、大学城、9号）全页零命中。该 PDF 是校方学生处的公众号推文导出稿，不是区划认定文书。,,,https://xsc.greathiit.com/uploadfile/2025/1024/20251024150003745.pdf — 命中「…宾县工作推进会在我校哈东校区主楼A座915会议室成功召开」（同句含哈东校区+宾县）; https://www.greathiit.com/html/school/introduce/ 、/html/public/open/ 、https://zsb.greathiit.com/ — 页脚仅「哈东校区：黑龙江省哈尔滨市宾西经济技术开发区大学城9号」（功能区），宾县=0; https://www.greathiit.com/index.php?m=search&c=index&a=init&q=宾县 — 站内检索 0 条; http://www.chinabx.gov.cn/so/s?qt=哈尔滨信息工程学院 、?qt=宾西经济技术开发区 — 宾县政府站群后端 api.so-gov.cn 被 IP 禁用; http://www.chinabx.gov.cn/hebbx/c109514/binxian.shtml — 宾县概况未提宾西开发区/大学城; https://so.toutiao.com/search?keyword=哈尔滨信息工程学院 宾县,2026-09-13
PROFILE763_1,4123011635,哈尔滨信息工程学院,江北校区,黑龙江省哈尔滨市利民开发区学院路950号,黑龙江省,哈尔滨市,A 上一轮独立复核未通过,RESOLVED,no,独立复核要求降级人工复审（引文/地址挂钩未达 verified 门槛）,corroborated,,,http://www.hxzzxx.com/; https://www.greathiit.com/; https://xsc.greathiit.com/; https://so.toutiao.com/search?keyword=哈尔滨信息工程学院 江北校区 呼兰区,2026-09-12
PROFILE766_2,4123011046,牡丹江大学,穆棱校区,黑龙江省牡丹江市穆棱经济开发区,黑龙江省,牡丹江市,A 上一轮独立复核未通过,HARD-BLOCKED,yes,独立复核要求降级人工复审（引文/地址挂钩未达 verified 门槛）,记录地址「黑龙江省牡丹江市穆棱经济开发区」既无路名也无门牌（只有功能性区名「穆棱经济开发区」），故 name 挂钩适用：引文须在同一句内同时含本校区名（记录 campus=穆棱校区，允许「X校区≈X主校区」同义）与法定区名「穆棱市」。实际结果：穆棱市人民政府与牡丹江大学所有可查页面都无法在同一句中同时给出「穆棱校区」与「穆棱市」——穆棱市政府新闻用词是「牡丹江大学穆棱边境学院」「市经济开发区教育中心」「我市」，均非「穆棱校区」，且「穆棱市」只出现在来源署名/融媒体中心等非同一句位置；学校简介（new.mdjdx.cn）在同一句中列出「……海林校区、穆棱校区七部分组成」，而「与穆棱市共建职教集团,1) 抓取穆棱市人民政府 http://www.muling.gov.cn/mdjmlsrmzf/c103600/202402/c03_932201.shtml（牡丹江大学党委书记付仲禹一行来我市调研）：含「牡丹江大学穆棱校区宿舍、食堂、教室」，「穆棱市」仅见于「来源：穆棱市教体局」署名，非同一句。2) 抓取 https://www.muling.gov.cn/mdjmlsrmzf/c103599/202403/c03_932185.shtml（市委书记贺业方到市经济开发区教育中心调研牡丹江大学新生入住情况，2024-03-05，来源穆棱市教体局）：全文用「牡丹江大学新生」「教育中心」「我市」，无「穆棱校区」，无同句穆棱市。3) 抓取 https://muling.gov.cn/mdjmlsrmzf/c103192/202409/c03_87fd02112e204a44b99712710c586ea3.shtml（贺业方深入牡丹江大学穆棱边境学院慰问一线教师，2024-09-12）：用「牡丹江大学穆棱边境学院」+「我市」，MISS[穆棱校区]，同句无穆棱市。4) 抓取牡丹江大学学校简介 https://new.mdjdx.cn/html/mdj/syejcd/xqzl/mdjjn/index.html：穆棱校区与「与穆棱市共建职教集团」分属不同句。5) 头条搜索多组：「牡丹江大学穆,需要以下任一新证据：穆棱市人民政府或穆棱市教体局、牡丹江市人民政府的正式新闻/文件在同一句中写出「牡丹江大学穆棱校区……（位于）穆棱市」；或牡丹江大学官网/招生简章在同一句中写「穆棱校区位于穆棱市（穆棱经济开发区）……」。若未来能取到把「穆棱校区」与「穆棱市」同句绑定的官方文本，即可解锁。注意：抖音/百度等百科即使同句命中，也因属禁用线索源不能直接作为证据。,http://www.muling.gov.cn/mdjmlsrmzf/c103600/202402/c03_932201.shtml; https://www.muling.gov.cn/mdjmlsrmzf/c103599/202403/c03_932185.shtml; https://muling.gov.cn/mdjmlsrmzf/c103192/202409/c03_87fd02112e204a44b99712710c586ea3.shtml; https://new.mdjdx.cn/html/mdj/syejcd/xqzl/mdjjn/index.html; toutiao search (多组关键词，见 blocked_attempted); thepaper.cn 牡丹江大学与穆棱市合作共建边境职教集团 (2023-09-20，仅泛述合作，无校区+穆棱市同句),2026-09-12
PROFILE769_3,4151011116,成都工业学院,宜宾校区,四川省宜宾市临港经济技术开发区大学路三段9号,四川省,宜宾市,D 功能区/大学城无法定区佐证,RESOLVED,no,functional_zone_only,法定区原文缺失：①中国政府采购网（政府源）中采购单位「成都工业学院」的全部公告地址一律为「成都市郫都区中信大道二段1号」或「成都市郫都区中信大道二段」，检索中未见任何宜宾校区条目；②校方党政办「校区地址」栏原文对郫都、花牌坊两校区都写法定区（郫都区、金牛区），唯独宜宾校区只写功能区「宜宾市临港经济技术开发区大学城路3段9号(宜宾校区)」，且该页受 JS 反爬壳保护（https://xb.cdtu.edu.cn/ 返回混淆壳，https://www.cdtu.edu.cn/ 返回 HTTP 412），无法落地为可引用明文页面。,1) 中国政府采购网关键词「成都工业学院」抓取 25 份公告逐份扫描（采购单位地址全部为郫都区中信大道二段1号，无宜宾/翠屏区/临港）；2) https://xb.cdtu.edu.cn/（JS 混淆反爬壳）、https://www.cdtu.edu.cn/（HTTP 412）、https://zs.cdtu.edu.cn/（HTTP 412）；3) 头条检索「成都工业学院 宜宾校区 大学城路三段9号 翠屏区」「大学城路三段9号 宜宾」，仅复现功能区写法；4) ccgp 门牌反查（大学城路/宜宾）无命中。,需「翠屏区（或叙州区）+ 大学城路三段9号／临港经开区大学城」同句的权威原文：如宜宾市自然资源和规划局供地/规划公示、四川省教育厅公示、宜宾校区建设项目的环评或施工许可，或政府采购公告中写出法定区的采购人（宜宾校区）地址；或该校党政办页面解除反爬后可直接引用的「校区地址」原文。,中国政府采购网 ccgp 关键词「成都工业学院」逐份公告扫描（采购单位地址一律 成都市郫都区中信大道二段1号）; https://xb.cdtu.edu.cn/（JS 反爬壳，正文不可读）; https://www.cdtu.edu.cn/（HTTP 412）; https://zs.cdtu.edu.cn/（HTTP 412）; https://so.toutiao.com/search?keyword=成都工业学院 宜宾校区 大学城路三段9号 翠屏区,2026-09-13
PROFILE774_0,4151012635,成都职业技术学院,高新校区,成都市高新区益州大道北段15号,四川省,成都市,C 地址冲突,HARD-BLOCKED,yes,conflicting_address,官方来源的门牌为天益街83号，记录门牌为益州大道北段15号，门牌冲突（15 vs 83）不可采纳；且双方均只给功能区名「高新区」，缺法定县级区名，无法确定 d。,①成都职业技术学院官网「联系我们」与各二级站点（取得官方高新校区地址天益街83号）；②头条精确短语检索「益州大道北段15号」及区名组合；③试探学校其他域名（cdvtc.edu.cn/cn/com，非本校或不可达）；④检索校区所在高新区法定归属的官方表述。均未取得「益州大道北段15号 + 法定区」来源。,出现官方来源把「益州大道北段15号」与成都职业技术学院高新校区及某一法定县级区（如武侯区/双流区）同句，或校方/教育主管部门公布高新校区现行注册或办学地址并带法定区。,"https://www.cdp.edu.cn/ — 校方「联系我们」逐字「高新校区：成都市高新区益州大道北段天益街83号 花源校区：成都市新津区花源街道花源大道310号 邮编 高新校区:610…」; https://so.toutiao.com/search?keyword=""益州大道北段15号"" — 无任何官方页面出现该门牌；校方学生处页亦写「地址:成都市高新区益州大道北段天益街83号」; https://so.toutiao.com/search?keyword=成都职业技术学院 高新校区 益州大道北段15号 武侯区 / 天益街 — 「武侯区」仅见于第三方地图类站点，无官方来源; https://www.cdvtc.edu.cn/ 、https://www.cdvtc.cn/ 、https://www.cdvtc.com/ — 非本校站点或不可达",2026-09-12
PROFILE788_0,4151012963,四川托普信息技术职业学院,办学地点（档案未命名）,四川省成都市高新区西区大道2000号,四川省,成都市,E 无权威来源,HARD-BLOCKED,yes,no_authoritative_source,校方与政府两侧均无任何原文把「西区大道2000号」放进某个法定县级行政区；记录地址仅提到功能区「成都高新区」，按红线不得由功能区反推法定区。,1) 官网 http/https 直连仅得 JS 壳页；2) 头条多组关键词检索（校名+地址、纯地址）；3) 四川省教育厅站内检索接口（HTTP POST，返回0条）；4) 事业单位/社会组织登记平台（SPA 无入口）；5) 商业地图/房产站线索因属第三方被排除。,需要一条政府或官方原文同时出现「郫都区（或双流区等法定区）」与「西区大道2000号」，例如：郫都区政府/街道办文件、四川省教育厅民办高校办学许可或年检公告、全国消防救援重点单位名单、学校章程的「法定住所」条款。,"https://www.scetop.com/ 与 http://www.scetop.com/ (curl) 均只返回 2524 字节 JS 壳页，正文无地址; so.toutiao.com 「四川托普信息技术职业学院 地址 西区大道2000号 官网」「四川托普信息技术职业学院 西区大道2000号」官网快照与自媒体均无地址、无区名; so.toutiao.com 「西区大道2000号」仅命中商业地图（城市吧/幸福里/红旗连锁注册地址），无 gov/official 原文; 四川省教育厅检索 POST http://edu.sc.gov.cn/guestweb4/s（siteCode=5100000016, searchWord=四川托普信息技术职业学院）→ 0 命中; 尝试定位该校章程/事业单位登记（gjsy.gov.cn、chinanpo.mca.gov.cn 均为 Vue SPA 或无入口）",2026-09-12
PROFILE789_0,4151012970,四川职业技术学院,校本部,四川省遂宁市学府北路1号,四川省,遂宁市,A 上一轮独立复核未通过,RESOLVED,no,独立复核要求降级人工复审（引文/地址挂钩未达 verified 门槛）,government,,,http://www.ccgp.gov.cn/cggg/dfgg/jzxcs/202411/t20241107_23553923.htm; https://so.toutiao.com/search?keyword=四川职业技术学院 船山区 学府北路1号,2026-09-12
PROFILE789_1,4151012970,四川职业技术学院,射洪校区,四川省遂宁市射洪经开区富民路177号,四川省,遂宁市,D 功能区/大学城无法定区佐证,HARD-BLOCKED,yes,functional_zone_only,官方原文全部把地址写作功能区「射洪经开区」，不含法定县级市名「射洪市」；唯一含「射洪市」的官方句子不含门牌，且门牌级证据还出现 117/177 冲突。,1) 校方两个官网页面（学院简介、能源化工与环境学院简介）逐字核对；2) 教育部阳光高考招生章程镜像；3) 射洪市人民政府门户站内检索；4) 头条多组检索（射洪市+富民路177号、射洪经开区+政府共建、中标/采购）。均未得含「射洪市」的地址级原文。,需要任一新证据：(a) 射洪市人民政府／射洪市自然资源和规划局／遂宁市 的官方文件（土地出让、规划许可、环评、采购、不动产登记）写出「射洪市…富民路177号」；(b) 学校官方另页把「射洪经开区」直接写作「射洪市」并同时给出富民路门牌；(c) 澄清 117 号与 177 号哪个是现址（若官方确认 177 号且另有含「射洪市」的文件即可解锁）。,"https://www.scvtc.edu.cn/xygk/xyjj.htm （逐字「射洪校区 地址：四川省遂宁市射洪经开区富民路177号 邮编：629200 电话：0825-6685855」；同页「与射洪市政府联合打造」在另一句）; https://nyhg.scvtc.edu.cn/xygk/xyjj.htm 与 https://nyhg.scvtc.edu.cn/ （逐字「位于遂宁市射洪经开区富民路117号。由四川职业技术学院与射洪市人民政府共建」，门牌117≠177）; 阳光高考（教育部平台）招生章程镜像，同写「射洪校区：四川省遂宁市射洪经开区富民路…」; 头条搜索「""射洪市"" ""富民路177号""」— 无含「射洪市」+门牌的官方原文; 头条搜索「射洪经开区 富民路 四川职业技术学院 射洪市 政府」「射洪市人民政府 富民路 锂电科技学院 四川职业技术学院」— 无命中; http://www.shehong.gov.cn/ （前一轮实测站内无「四川职业技术学院」「射洪校区」「富民路」）",2026-09-12
PROFILE790_0,4151013049,雅安职业技术学院,经开区校区,四川省雅安市经济开发区学道街659号,四川省,雅安市,D 功能区/大学城无法定区佐证,HARD-BLOCKED,yes,functional_zone_only,仲裁接受但未过机器门禁: 来源是搜索引擎/聚合站结果页 'weixin.sogou.com'，不是可复核的原始来源,,,雅安市教育局「雅安教育」公开原文检索「雅安职业技术学院 经开区校区 学道街659号」; 四川省教育厅「四川教育发布」同一原文检索; http://www.yazy.edu.cn/ 与 http://zs.yazy.edu.cn/ 页脚跟（仅写「四川雅安经济开发区学道街659号」，无区名，作对照）; so-gov.cn 雅安站检索「雅安职业技术学院 名山区」「雅安职业技术学院 雨城区」,2026-09-12
PROFILE792_1,4151013814,广安职业技术学院,奎阁校区,四川省广安市经济技术开发区老关庙路东段1号,四川省,广安市,D 功能区/大学城无法定区佐证,HARD-BLOCKED,yes,functional_zone_only,「老关庙路东段1号」在广安市政府/广安区/前锋区政府公开全文中无与法定区县名同现的可获取桥接原文；学校官方仅写广安经济技术开发区（功能区）。,广安职业技术学院 2025 招生章程（学校地址：广安经济技术开发区老关庙路东段1号）；广安消防「隐患曝光」稿（引用老关庙路东段1号，无法定区县）；http://www.guang-an.gov.cn 搜索 /search4/s（JS-only）与 so.guang-an.gov.cn（403 nginx）；irscode.py 对 guang-an 门户抓取 IRS code → None；toutiao 搜索式：广安职业技术学院 老关庙路东段1号 区 → 仅 www.gaokao.cn / www.zhijiao.cn / 大学生必备网 / 零二七艺考 / 邦博尔招生网 等商业站（禁用，且其「广安区」对应滨江校区滨江东路98号）。,需要载明「老关庙路东段1号」+ 法定区县（广安区或前锋区）的政府/官方原文，例如：广安市自然资源局或广安区人民政府的用地/规划/不动产登记公示、广安经济技术开发区管委会文件中注明所属法定行政区、广安市消防或住建部门的单位地址公示。,广安职业技术学院 2025 招生章程（广安经济技术开发区老关庙路东段1号）; 广安消防隐患曝光稿（老关庙路东段1号）; http://www.guang-an.gov.cn/search4/s （JS-only）; https://so.guang-an.gov.cn （403）; irscode.py guang-an → None; toutiao: 广安职业技术学院 老关庙路东段1号 区,2026-09-12
PROFILE801_1,4151013816,四川工业科技学院,绵竹校区,四川省德阳市绵竹新市经济开发区,四川省,德阳市,D 功能区/大学城无法定区佐证,HARD-BLOCKED,yes,functional_zone_only,记录地址「四川省德阳市绵竹新市经济开发区」无路名、无门牌，本应走校区名挂钩例外，但例外要求 evidence_quote 同句内出现法定区名——校方官网原文只有「（绵竹校区）四川德阳绵竹新市经济开发区 邮编：618209」，「绵竹」后无「市」字，法定区名「绵竹市」不逐字出现；且该表述整体是功能区（新市经济开发区）+县级市简称的混合，不能据官方页面缺字补全后当作法定区佐证。学校招生网、德阳市政府、绵竹市政府侧均未取得把「绵竹市」与「绵竹校区/新市经济开发区」同句写出的政府文件。,1) 学校官网 www.scit.cn 及招生网 zsw.scit.edu.cn 全站检索「绵竹市/新市/绵竹校区」；2) 德阳市政府 www.deyang.gov.cn（连续超时）；3) 绵竹市政府 www.mianzhu.gov.cn / www.mz.gov.cn/info/iList.jsp?tm_id=1531&q=（DNS 失败或 JS 渲染）；4) 四川省教育厅 edu.sc.gov.cn 站内检索校名（对方可达但无该校区地址条目）；5) toutiao/sogou 组合检索「四川工业科技学院 + 绵竹校区 + 绵竹市 / 新市镇」。,需一份官方或政府页面把法定区名「绵竹市」与「绵竹校区」（或新市经济开发区等校区地址要素）写在同一句/同一条地址内，例如德阳市或绵竹市政府文件、绵竹市教育局公示、或省教育厅备案信息；亦可由学校官网/招生章程把联系地址改写为「四川省德阳市绵竹市新市镇…」。,https://www.scit.cn/ → 「（绵竹校区）四川德阳绵竹新市经济开发区 邮编：618209」，「绵竹市」0 命中; https://zsw.scit.edu.cn/ 招生网 校区介绍; https://www.deyang.gov.cn/（超时）; https://www.mianzhu.gov.cn/ 、https://www.mz.gov.cn/info/iList.jsp?tm_id=1531&q=（DNS 失败/JS 渲染）; https://edu.sc.gov.cn/ 四川省教育厅 站内检索; toutiao query: 四川工业科技学院 绵竹校区 绵竹市新市镇 德阳,2026-09-12
PROFILE815_0,4142011654,武汉商学院,后官湖校区,湖北省武汉市武汉经济技术开发区东风大道816号,湖北省,武汉市,D 功能区/大学城无法定区佐证,RESOLVED,no,functional_zone_only,无任何官方/政府来源把「蔡甸区」（或允许区中的其他区）与「东风大道816号／武汉商学院后官湖校区」写进同一句；蔡甸区的出现都归属同篇里的另一个地点，属拼贴式并列，不能作为同址证据。,1) 抓取校方官网与招生页，确认仅写功能区；2) 微信索引「武汉商学院后官湖校区 蔡甸区」→蔡甸区只与汉阳一中同句或仅「后官湖畔」，无门牌；3) 头条搜索两组关键词→无「蔡甸区/汉南区+东风大道816号」；4) 对照武汉市财政局三个年度考点表，该校不在其中；5) 蔡甸区政府门户两条既有线索复核，与该校无关；6) 自然资源部土地市场网按「东风大道816号」检索 0 命中。,需出现下列任一：(a) 蔡甸区人民政府或武汉市经开区（汉南区）政府的征地/划拨/规划/环保文件同句含「蔡甸区（或汉南区）」+「东风大道816号」；(b) 自然资源部土地市场该地块记录「行政区」字段由「武汉市本级」细化为蔡甸区；(c) 校方信息公开或办学许可证给出含法定区的完整地址。,https://www.wbu.edu.cn/ 与 https://www.wbu.edu.cn/5/list.htm（仅经开区东风大道816号）; https://weixin.sogou.com/weixin?type=2&query=武汉商学院后官湖校区 蔡甸区（蔡甸区只挂汉阳一中，或仅「后官湖畔」）; https://so.toutiao.com/search?keyword=武汉商学院 蔡甸区 后官湖校区（无蔡甸区+816号）; https://so.toutiao.com/search?keyword=蔡甸区 东风大道816号 武汉商学院（0 命中）; https://czj.wuhan.gov.cn 三个年度考点地址页（均不含武汉商学院）; https://www.caidian.gov.cn/zwgk/xxgkml/zdxm/xmjys/202204/t20220422_1959776.shtml 与 https://www.caidian.gov.cn/zwgk/zwdt/gsgg/202208/t20220819_2026064.shtml（无关）,2026-09-12
PROFILE833_2,4141010476,河南师范大学,科技创新港校区,新乡市平原示范区黄河大道河南师范大学科技创新港,河南省,新乡市,D 功能区/大学城无法定区佐证,HARD-BLOCKED,yes,functional_zone_only,无任何来源把「黄河大道」与该校区同法定区同写；「平原示范区」为跨原阳县/延津县的功能区，无单一法定区可落。,①河南师范大学官网及新闻页；②toutiao 3 组「原阳县/平原示范区/黄河大道」检索；③平原示范区管委会类关键词检索未命中可读政府页；④上一轮已试校官网、头条检索、搜狗（antispider）。,需要新乡市平原示范区管委会或原阳县政府/自然资源部门把「黄河大道+河南师范大学科技创新港」明确列入原阳县（或延津县）的原文，例如项目用地批前公示、征地公告、环评公示。,https://www.htu.edu.cn/ — 页脚逐字「地址：河南省新乡市建设东路46号 邮编：453007」（校本部，无法定区）; http://www.htu.edu.cn/2026/0905/c8954a403058/page.htm 与 /2026/0907/c8954a403273/page.htm — 仅并列「建设路校区、科技创新港校区和平原湖校区」，无地址无区名; 头条媒体文（非政府来源）：「2022年4月29日，新乡市和河南师范大学签约宣布共建科技创新港，落户位于河南原阳县的平原科教城，占地面积3200亩。」; so.toutiao.com 查询式：「河南师范大学 科技创新港 黄河大道 原阳县」「平原示范区 原阳县 黄河大道」「平原示范区 原阳县 托管」; 搜索结果对照：「祝显成到平原示范区、原阳县调研督导」（两者为并列单位，说明平原示范区与法定县并非同一层级）,2026-09-12
PROFILE853_0,4141011653,南阳理工学院,办学地点（档案未命名）,河南省南阳市长江路80号,河南省,南阳市,C 地址冲突,HARD-BLOCKED,yes,conflicting_address,带法定区的官方原文路名写作「长江东路80号」，与记录「长江路80号」路名不一致，按口径不得采用；无任何来源把「长江路80号」与「宛城区」同句写出。,已抓取并逐字核对：学校官网友情/页脚(https://www.nyist.edu.cn/ →「地址：河南省南阳市长江路80号 邮编：473004」)、招生网(https://zsw.nyist.edu.cn/ →「地址：河南省南阳市长江路80号」)、采购公告三期(/info/1047/97269.htm、111779.htm 写「宛城区长江东路80号」；111109.htm、110439.htm 写「长江路80号」)；南阳市站群检索 API https://t.nanyang.gov.cn/search-api/open/api/external?keywords=长江路80号 / 南阳理工学院 / 宛城区长江路（siteId=4113000002，含 sortType=110/150）仅返回无关工商与新闻条目；so-gov 站点 4113020001（宛城区，取自 wancheng.gov.cn 页脚网站标识码）报「不存在的站点」，宛城区站内检索不可用；so.toutiao.com 精确检索「宛城区长江路80号」仅返回第三方（掌上高考）与无关结果。,需要以下任一新证据：(a) 南阳市政府/宛城区政府/河南省教育厅或校方任何官方文本把「长江路80号」（不含「东」）与「宛城区」写在同一句；(b) 校方正式更正其采购公告中的「长江东路80号」为记录地址；(c) 南阳市自然资源和规划局对南阳理工学院校区用地的规划许可/批后公示（含法定区与门牌）。,https://www.nyist.edu.cn/info/1047/97269.htm →「地址：南阳市宛城区长江东路80号」; https://www.nyist.edu.cn/info/1047/111779.htm →「地址：南阳市宛城区长江东路80号」; https://www.nyist.edu.cn/info/1047/111109.htm 、/info/1047/110439.htm →「地址：南阳市长江路80号」; https://www.nyist.edu.cn/ → 页脚「地址：河南省南阳市长江路80号 邮编：473004 豫公网安备 41130202000350号」; https://zsw.nyist.edu.cn/ →「地址：河南省南阳市长江路80号」; https://t.nanyang.gov.cn/search-api/open/api/external （keywords=长江路80号 / 宛城区长江路 / 南阳理工学院）,2026-09-12
PROFILE855_0,4112012788,天津商务职业学院,海河教育园校区,天津市海河教育园区雅观路23号,天津市,天津市,A 上一轮独立复核未通过,RESOLVED,no,独立复核要求降级人工复审（引文/地址挂钩未达 verified 门槛）,corroborated,,,https://www.tjjn.gov.cn/xwzx/tzgg/202201/t20220127_5791518.html; https://so.toutiao.com/search?keyword=天津商务职业学院 海河教育园校区 津南区 雅观路23号,2026-09-12
PROFILE861_0,4115013740,通辽职业学院,办学地点（档案未命名）,内蒙古自治区通辽经济技术开发区那达慕文化园西侧,内蒙古自治区,通辽市,D 功能区/大学城无法定区佐证,HARD-BLOCKED,yes,functional_zone_only,[分类:无路名门牌且校名未知；政府源地址与本记录不符] 校名未知→校名挂钩不可用；唯一含科尔沁区的政府公告地址（辽河大街路北）与本记录地址（那达慕文化园西侧）不一致，不能证明同一校区。,搜狗检索“通辽职业学院 科尔沁区 地址 采购”；检索/阅读政府采购合同公告（采招网、比地招标网镜像，采购人地址“内蒙古自治区通辽市科尔沁区经济技术开发区辽河大街路北”）、中国政府采购网“通辽职业学院维修改造项目”公告（地址“科尔沁区胜利路北段，科尔沁体育中心北侧”）、通辽市政府采购网2019招标公告、通辽市教育局转载招生简章；上轮另试校方官网 www.tlzyxy.com 与 zsw.tlzyxy.com（根路径 404/500）。,官方或政府原文在同一地址串内把“通辽职业学院”与科尔沁区及本记录地址表述（“那达慕文化园西侧”，或该校唯一现址全址）绑定，或校方官网恢复可访问给出带法定区的现址。,采招网政府采购合同公告（通辽职业学院，采购人地址含科尔沁区）; 比地招标网同源合同公告; 中国政府采购网通辽职业学院维修改造项目公开招标公告; 通辽市政府采购网2019年招标公告; 通辽市教育局转载《通辽职业学院招生简章》; 校方官网 www.tlzyxy.com / zsw.tlzyxy.com（上轮，404/500）,2026-09-12
PROFILE861_1,4115013740,通辽职业学院,办学地点（档案未命名）,吐尔基山大街(北绕城线)与保康路交汇处南450米,内蒙古自治区,通辽市,D 功能区/大学城无法定区佐证,RESOLVED,no,functional_zone_only,corroborated,,,https://www.tongliao.gov.cn/nmsearch/trssearch/searchAll.do?siteId=8&searchTag=gk&allKeywords=通辽职业学院（及 吐尔基山大街/保康路/通辽职业学院新址/科尔沁区保康路 等词）; https://www.tongliao.gov.cn/zwgk/zfxxgk/fdzdgknr/jytabl/zxta/202409/t20240909_881459.html（市政府答复：保康路项目属地科尔沁区）; https://www.tongliao.gov.cn/zwgk/zfxxgk/fdzdgknr/qtfdgkxx/szfw/202505/t20250506_943286.html（公交办卡网点迁移通知：科尔沁区保康路1号）; https://kfq.tongliao.gov.cn/zwgk/zfxxgk/fdzdgknr/jytabl/202604/t20260428_1045625.html（开发区管委会：职业学院东门保康路）; https://zrzyj.tongliao.gov.cn/zwgk/zfxxgk/fdzdgknr/jytabl/202606/t20260611_1053273.html（自然资源局：职业学院东侧为规划城市次干路保康路）; https://www.tongliao.gov.cn/nmsearch/openSearch/getSites（枚举开发区/自然资源局/科尔沁区子站 siteId=17/34/9 后逐站检索）,2026-09-12
PROFILE867_0,4136011319,江西水利电力大学,瑶湖校区,江西省南昌市高新技术开发区天祥大道289号,江西省,南昌市,D 功能区/大学城无法定区佐证,RESOLVED,no,functional_zone_only,记录地址本身只有功能区名「高新技术开发区」；市级医保/食品经营名单与高新区自有双随机名单对该门牌均写「高新区/高新技术产业开发区」，无一份同句写法定区。高新区官网名单中出现过「青山湖区…天祥大道2799号」，但门牌不同（2799≠289），按红线不得把道路或同路他门牌的区属迁移到本门牌。,1) 精确门牌反查（site:nc.gov.cn、so-gov 市站站内检索）— 全部功能区前缀。2) 跨实体同址桥接（南昌工程学院第三食堂、南昌工程学院医院，同一门牌 289号）— 同样只有「高新区」。3) 校方官网域内检索 青山湖区（nit.edu.cn）— 只有彭桥校区。4) 高新区自有政务站（nchdz.nc.gov.cn）名单 — 同路不同门牌带区名，不可移用。5) 依赖编码（H360111…）推区已被红线排除。,需要新增证据：政府文书（土地、规划核实、消防、教育主管）或学校官网页脚把「天祥大道289号」与法定区名写在同一句，如「青山湖区天祥大道289号南昌工程学院」或「南昌县天祥大道289号」；或高新区托管范围调整/区划批复文书中明确该地块所属法定区并含本门牌。,https://www.nc.gov.cn/scgzbz/spypaqjg/202404/d05ed98a297b48e197922ca61718d92e/files/44bed6154c524e22a0af2b89dc55c008.xlsx — 「江西省南昌市高新技术产业开发区天祥大道289号南昌工程学院第三食堂一楼、二楼」; https://www.nc.gov.cn/ncszf/shbz/202505/791cae7dcc7c4229b11baa1ff15cc40e/files/2025年度南昌市医保定点医疗机构名单（截至2025年5月26日）.xlsx — 「H36011100201 南昌工程学院医院 南昌高新区天祥大道289号」（H360111 段可指青山湖区，但按编码反推行政区划属红线禁止）; https://nchdz.nc.gov.cn/ncgxq/zfxc/202411/4b0e2869da9c4eb9aef63e205aa40d9f.shtml — 高新区消防双随机名单：「江西现代职业技术学院 南昌高新技术产业开发区紫阳大道338号」；同页另有「江西省南昌市青山湖区高新技术产业开发区天祥大道2799号佳海产业园22#厂房」（2799号≠289号，门牌不同不可移用）; https://api.so-gov.cn/query/s 市站(siteCode=3601000001) 检索「天祥大道289号」— 4 条，全部仅「高新区/高新技术产业开发区」; https://so.toutiao.com/search?keyword=site:nit.edu.cn 青山湖区 — 仅命中彭桥校区（同校另一校区）与瑶湾水利风景区，非瑶湖校区; http://ncx.nc.gov.cn/ncxrmzf/sthjjgsgg/202606/815d34e83ceb4ae785,2026-09-13
PROFILE878_1,4141010479,安阳师范学院,文明大道校区,河南省安阳市文明大道265号,河南省,安阳市,E 无权威来源,RESOLVED,no,no_authoritative_source,official,,,"https://rjxy.aynu.edu.cn/index.htm （安阳师范学院软件学院官网页脚：「地址：安阳市文峰区文明大道265号教学楼 邮编：455000」）; https://rjxy.aynu.edu.cn/xygk.htm （学院概况页）; https://www.aynu.edu.cn/ 与招生章程（河南省教育厅转载）：「河南省安阳市弦歌大道436号（弦歌大道校区）；河南省安阳市文明大道265号（文明大道校区）」——无区名; sogou 检索「安阳师范学院 文明大道校区 文峰区 文明大道265号」「""文峰区文明大道265号""」",2026-09-12
PROFILE884_1,4141010918,黄淮学院,医学院校区,河南省驻马店市盘龙山路北段2628号,河南省,驻马店市,E 无权威来源,HARD-BLOCKED,yes,no_authoritative_source,一手官方（校方）文本无区名；唯一可用的政府区名表述挂在另一所学校名下且无门牌，不满足「地址完全／高度一致」；把同一路段推出区划属禁止的推断。,①学校官网医学院官网、招生章程、学校简介逐字核读；②黄淮学院站内服务端全文检索（驿城区／医学院校区406条／2628 110条／黄淮学院章程22条）逐页核读；③驻马店市政府门户 TRS 全文检索多组关键词（盘龙山路2628／市卫生学校／职教园区／黄淮学院医学院601条／2628号）；④逐字核读《驻马店市职业教育学校名录》《2026年1-2月建设工程规划许可清单》《规划核实台账》《2013年重点项目进展通报》等；⑤今日头条检索确认含区名者均为第三方非校址条目。,需要以下任一新证据：①驻马店市自然资源和规划局对「盘龙山路北段2628号」宗地的规划许可／规划核实／不动产登记，用地位置写到「驿城区盘龙山路北段2628号」；②驻马店市政府或市教育局文件／学校名录把「黄淮学院医学院（盘龙山路北段2628号）」与法定区同句写出；③《黄淮学院章程》经河南省教育厅核准的全文或学校信息公开页出现该校区法定区名。,https://nursing.huanghuai.edu.cn/ 医学院官网、https://zhaosheng.huanghuai.edu.cn/bkzn/c9c6d29265f64ba296a758ed59e093dd.htm 招生章程 → 均「河南省驻马店市盘龙山路北段2628号（医学院校区）」，无区名; https://www.huanghuai.edu.cn/cms/web/search/index.jsp?query=驿城区 / query=医学院校区（406条）/ query=2628（110条）/ query=黄淮学院章程（22条）→ 无含法定区的该校区地址; https://www.zhumadian.gov.cn/zwgk/zdly/shgysyjsly/jy/zycrhgdjy/202512/t20251215_675547.html 《驻马店市职业教育学校名录》→「驻马店市驿城区盘龙山路北段」挂在驻马店职业技术学院名下（他校、无门牌）; https://www.zhumadian.gov.cn/zwgk/zfwj_zwgk/zz/2017n_zz/201705/t20170519_76629.html《驻马店市人民政府关于支持黄淮学院成立医学院的意见》→「2.将市卫生学校新校区划拨给黄淮学院用于医学院建设。」; http://www.zhumadian.gov.cn/nmsearch/trssearch/searchAll.do?siteId=4&searchTag=all&allKeywords=盘龙山路2628／市卫生学校／黄淮学院医学院 → 均无该校区法定区; https://so.toutiao.com/search?keyword=黄淮学院医学院 驿城区 →「驿城区」仅见于驻马店民盟、天中大公关网等非校址条目,2026-09-12
PROFILE895_3,4136010839,江西工业职业技术学院,化工校区,江西省南昌市东郊江西氨厂侧,江西省,南昌市,D 功能区/大学城无法定区佐证,HARD-BLOCKED,yes,functional_zone_only,本条地址只有厂区名（江西氨厂侧），无可比对的路名/门牌；可用的官方原文（校招生章程）只给到功能区「高新区」与镇名「昌东镇」，无法定区；而昌东镇属南昌县、氮厂片区属青山湖区这两条都靠行政区划常识/第三方推断，红线禁止用于落 d，且地址本身无路无门牌使 road 级互证也无法建立。,1) 校官网页脚与招生网 2026 招生章程实抓；2) 南昌市政府门户规划公示（尤氨路）实抓；3) 南昌县政府执法主体公示交叉（昌东镇→南昌县）；4) 江西氨厂厂区第三方归属线索排查（确认仅为厂区、非校区，且为第三方）；5) Toutiao 多组关键词：「化工校区 南昌县 昌东镇」「江西氨厂 青山湖区」「化工校区」精确检索；6) 同校其他校区地址比对（因红线跨校区禁用而不采用）。,需要一份官方/政府文件在同句同时写出「化工校区」（或「江西工业职业技术学院」+ 化工校区所在厂区名）与法定区，例如南昌市/青山湖区/南昌县对该校区或「江西氨厂地块」的规划、供地、征收、消防/环保监管文件中把校区地址写为「青山湖区…」或「南昌县昌东镇…」；或校方招生章程/官网把化工校区地址改为带法定区的完整门牌。否则不可解。,"https://www.jxgzy.cn/ (页脚「江西省南昌市东郊江西氨厂侧(化工校区)」无区); http://zsw.jxgzy.cn/news-show-1638.html (《2026年招生章程》「化工校区：江西省南昌市高新区昌东镇尤氨路以东」，仅功能区); http://www.nc.gov.cn/ncszf/ghspjg/202304/3a896fd20cc84820b535adb5bbaf16a5.shtml (尤氨路规划审批，未见可挂钩本校区的法定区表述); http://ncx.nc.gov.cn/ncxrmzf/sfjgsgg/202505/37f62393dba249e1aad28f2144bd6e18.shtml (南昌县把「南昌高新技术产业开发区昌东镇人民政府」列为县执法主体——昌东镇属南昌县，区级桥接但非逐字); https://so.toutiao.com/search?keyword=""江西工业职业技术学院化工校区"" (仅官方章程与第三方); https://so.toutiao.com/search?keyword=""江西氨厂"" 青山湖区 南昌 (顺企网「南昌市青山湖区罗家镇」、tcmap 江氨社区 360111004008、邮储氨厂营业所——均为第三方且为厂区)",2026-09-12
PROFILE895_4,4136010839,江西工业职业技术学院,瑶湖校区,江西省南昌市昌东高校园区高新区天祥大道388号,江西省,南昌市,D 功能区/大学城无法定区佐证,HARD-BLOCKED,yes,functional_zone_only,有官方来源写出完整门牌「天祥大道388号」，但其行政层级一律止于功能区「昌东高校园区/高新区」；「昌东镇属南昌县」只能由县级执法主体名单间接推得，属行政区划推断（红线禁止），且无任何来源把「388号」与南昌县/青山湖区同句写出；门牌存在使 road 级接受不适用。,1) 校官网三校区地址实抓；2) 南昌市政府门户食品抽检汇总表 xlsx 下载与文本核对；3) so-gov.cn 市级/经开区/南昌县三站全文检索「天祥大道388号」；4) 南昌县生态环境与司法公示页交叉（天祥大道、昌东镇）；5) 江西省教育厅转载公告核对；6) Toutiao「天祥大道388号 南昌县」「天祥大道388号 青山湖区」精确检索。,需要南昌县政府或青山湖区政府/南昌高新区管委会的官方文件在同一条记录中把「天祥大道388号」与法定区同句写出（如市场监管/消防/环保执法公示、不动产或供地公示、建设项目审批含该门牌并写南昌县或青山湖区）；或校方公示改用带法定区的完整地址。否则不可解。,https://www.jxgzy.cn/ (瑶湖校区「南昌市昌东高校园区天祥大道388号」无区); https://www.nc.gov.cn/yshj/scjg/202012/4e7c0cd14ec54e22a4d606c8509f91e8/files/24eef47e4bfa4dfa84edc50b835c13c6.xlsx (市监抽检表「江西省南昌市高新区昌东高校园区天祥大道388号」无区); https://api.so-gov.cn/query/s 市站/经开区站/南昌县站 检索「天祥大道388号」(市站1条无区；其余 0 条；该接口返回网络地址被禁用); http://ncx.nc.gov.cn/ncxrmzf/sthjjgsgg/202606/815d34e83ceb4ae78520e75e0330a048.shtml (南昌县声环境功能区方案含天祥大道，无门牌); http://ncx.nc.gov.cn/ncxrmzf/sfjgsgg/202505/37f62393dba249e1aad28f2144bd6e18.shtml (南昌县执法主体含高新区昌东镇——区级桥接，非逐字); https://so.toutiao.com/search?keyword=天祥大道388号 南昌县/青山湖区 (仅第三方大学生必备网/百科与道路工程公告),2026-09-12
PROFILE902_0,4141011828,郑州电力高等专科学校,办学地点（档案未命名）,郑州市郑东新区凤栖街296号,河南省,郑州市,D 功能区/大学城无法定区佐证,HARD-BLOCKED,yes,functional_zone_only,郑东新区网可检索到的该校文件仅《郑州电力高等专科学校实训B楼建设工程规划许可证批后公告》与《建筑方案征求意见表》，其「建设地点」为「龙阳西路东、豫兴大道南」，与记录门牌不一致（红线禁止拿其他地址冒充当前地址），文号「建字第4101222025GG0047576号」中的 410122 仅为区划代码、非逐字「中牟县」；中国政府采购网可读页面只写「郑州市郑东新区凤栖街296号」。不存在含「中牟县＋凤栖街296号」的官方原文。,逐条尝试：郑州市与郑东新区政府站搜索（凤栖街296号、电力高等专科学校、凤栖街、凤栖街+中牟县、中牟县、豫兴路+中牟县、白沙组团）；郑东新区规划许可批后公告与建筑方案征求意见表全文；白沙组团凤栖街规划研究批前公示；象辰路选址意见书；郑州市民政局白沙镇设街道公告；中牟县乡镇建设用地公告。均无「中牟县＋凤栖街296号」同现原文。,需要出现「中牟县…凤栖街296号」（或「中牟县白沙镇/豫兴路…凤栖街」）的政府原文：例如中牟县自然资源局或郑州市自然资源和规划局郑东新区分局对该校地块的建设用地规划许可/土地征收公告（宗地四至含凤栖街）、河南省政府豫政土批文中指向该地块的页面、该校事业单位法人登记住所。,https://www.zhengzhou.gov.cn/search.jspx?q=凤栖街296号 / 郑州电力高等专科学校 / 中牟县白沙镇 / 白沙组团; https://www.zhengdong.gov.cn/search.jspx?q=电力高等专科学校 / 凤栖街 / 凤栖街 中牟县 / 中牟县 / 豫兴路 中牟县; https://www.zhengdong.gov.cn/tzgg/9258545.jhtml（规划许可批后公告：文号 410122…、建设地点龙阳西路东、豫兴大道南）; https://www.zhengdong.gov.cn/tzgg/9151002.jhtml（建筑方案征求意见表，同上建设地点）; https://www.zhengdong.gov.cn/tzgg/9812729.jhtml（白沙组团凤栖街以东规划研究，仅功能区口径）; https://www.zhengdong.gov.cn/tzgg/6646999.jhtml（象辰路（泽雨街-凤栖街）用地预审与选址意见书，无区名）,2026-09-12
PROFILE904_0,4136012943,江西现代职业技术学院,艾溪湖校区,江西省南昌市昌东大学园区紫阳大道338号,江西省,南昌市,D 功能区/大学城无法定区佐证,HARD-BLOCKED,yes,functional_zone_only,唯一把本门牌与区名同句的政府线索来自高新区自建名单，但其对该门牌的写法是「南昌高新技术产业开发区紫阳大道338号」，无「青山湖区/南昌县」；同页带「青山湖区」的紫阳大道地址门牌为1216号、1266号等，门牌不同不可移用。校方章程/页脚亦只写功能区。,1) 精确门牌反查（site:nc.gov.cn、Toutiao），得高新区名单 1 篇，功能区前缀。2) 校方官网域内「青山湖区」检索 0 条；章程、二级学院页脚均为功能区地址。3) 同路不同门牌的同页区名比对 — 有区名但门牌不同，按红线不可用。4) Bing 等搜索引擎被拦截，无法补证。,需要新增证据：政府文书中出现「青山湖区紫阳大道338号」或「南昌县紫阳大道338号」同句书写（如校区用地规划核实、消防/卫生许可、划拨土地公告），或学校官网任一正式页面/信息公开栏写明含区名的「XX区紫阳大道338号」。,"https://nchdz.nc.gov.cn/ncgxq/zfxc/202411/4b0e2869da9c4eb9aef63e205aa40d9f.shtml — 高新区消防双随机名单：「江西现代职业技术学院 南昌高新技术产业开发区紫阳大道338号」（本门牌无区名）；同页「江西制造职业技术学院（高新） 南昌市高新开发区紫阳大道318号」（318≠338）；带区名者仅「青山湖区紫阳大道1216号正嘉都荟广场」等不同门牌; https://www.jxxdxy.edu.cn/news-show-57357.html — 学院章程（2021修订）：「办学地址为南昌市紫阳大道338号，设有艾溪湖校区（主校区，或称东校区）、青山湖校区（或称西校区）」（无区名；青山湖校区为另一校区，红线禁止移用）; https://so.toutiao.com/search?keyword=""紫阳大道338号"" — 只命中校内二级学院页（均同一功能区地址）与第三方（大学生必备网、gaokao.cn、抖音百科）; https://so.toutiao.com/search?keyword=site:jxxdxy.edu.cn 青山湖区 — 0 条; https://so.toutiao.com/search?keyword=site:nc.gov.cn 紫阳大道338号 — 仅高新区站点名单，功能区写法",2026-09-12
PROFILE908_1,4136013424,宜春职业技术学院,北校区,江西省宜春市中心城区中山西路399号,江西省,宜春市,E 无权威来源,RESOLVED,no,no_authoritative_source,government,,,https://ggzy.jiangxi.gov.cn/web/jyxx/002006/002006002/20210715/80c7a3c7-6b34-4162-ba6c-1d47012f1707.html （江西省公共资源交易平台，采购人 宜春职业技术学院 地址 袁州区中山西路399号）; https://zs.ycvc.jx.cn/ 招生工作处：「宜春市中山西路399号，宜春职业技术学院老校区科技综合楼204室」（无区名）; http://www.ycvc.jx.cn/xygk/xxjj.htm 与 https://www.ycvc.jx.cn/zcsbglc/ 页脚「江西省宜春市锦绣大道996号」（新校区，无区名）; sogou 检索「宜春 中山西路399号 公示 袁州区 政府」「袁州区 中山西路399号 宜春职业技术学院」; 腾讯地图/掌上高考：袁州区（第三方，仅作线索，未作判据）,2026-09-12
PROFILE909_2,4136013420,南昌职业大学,湾里校区,江西省南昌市湾里区翠岩路200号,江西省,南昌市,F 历史/当前校区歧义,HARD-BLOCKED,yes,historical_current_ambiguity,官方与备案来源（学校官网《基本信息》、教育部备案学校章程、江西省教育厅网上咨询）对同一门牌「翠岩路200号」一律写「湾里区」，而湾里区已撤销并入新建区且不在 allowed_districts；写法定区「新建区」的仅有第三方本地宝/地图 POI，不能单独采信；把已撤销的「湾里区」翻译成「新建区」属红线禁止的字典式换算，不得执行。,1) 学校官网逐页抓取：《基本信息》得三条住所地址（含湾里区翠岩路200号）；《学校简介》仅「凤凰校区、香樟校区、湾里校区3个校区」不给区与地址；《学校地图》仅列凤凰、香樟两校区。2) 教育部官网函件附件《南昌职业大学章程》PDF。3) 江西省教育厅网上咨询检索接口（search.jxedu.gov.cn）2021-03-23 答复。4) 头条/搜狗检索「翠岩路200号 新建区」「南昌职业大学 湾里校区 新建区 政府」——除第三方本地宝(sz.bendibao.com)与地图外，无政府/校方原文写新建区。5) 定向核查 南昌市湾里管理局（湾里区撤销后的派出机构）信息，仍未出现与本门牌同写的法定区。,需出现政府或校方原文把该门牌（翠岩路200号/湾里校区）与法定区「新建区」同写，例如：新建区/南昌市政府或自然资源、住建、教育部门文件中出现「新建区翠岩路200号（湾里校区）」；或学校官网信息公开更新为「新建区翠岩路200号」；或国务院/省政府撤销湾里区并入新建区的批复文本与该校地址出现在同一政府页面（能把已撤销湾里区与新建区的承继关系直接落到本地址）。,http://www.nvu.edu.cn/xueyuangaikuang/jibenxinxi/ — 学校官网《基本信息》：「住所（地址）： 南昌市安义县前进东路8号 南昌市安义县职教城兴才路167号 南昌市湾里区翠岩路200号」（有效期2024年9月至2028年9月）; http://www.nvu.edu.cn/xueyuangaikuang/xueyuanjianjie/ — 学校官网学校简介：「现有凤凰校区、香樟校区、湾里校区3个校区」（未给区名/地址）; http://www.nvu.edu.cn/xueyuangaikuang/xueyuanditu/ — 学校地图页仅列「凤凰校区 香樟校区」; http://www.moe.gov.cn/srcsite/A03/s181/201906/t20190604_384379.html — 教育部备案《南昌职业大学章程》：「第四条 学校地址：江西省南昌市安义县前进东路8号和江西省南昌市湾里区翠岩路200号。」; http://search.jxedu.gov.cn/jxeduPublicConsultion/front/consult/search?ssfs=title&sslr=南昌职业大学 — 江西省教育厅网上咨询 2021-03-23：「…江西省南昌市湾里区翠岩路200号（湾里校区）。安义校区为主校区，目前所有专业学生均在安义校区就读。」; https://sz.bendibao.com/wangdian/dian/5447937.shtm — 第三方本地宝「江西省新建区翠岩路200号(湾里校区)」，唯一写新建区，第三方不可单独采信,2026-09-12
PROFILE913_0,4136012940,江西交通职业技术学院,经开区校区,江西省南昌经济技术开发区双港东大街644支路395号,江西省,南昌市,C 地址冲突,HARD-BLOCKED,yes,conflicting_address,校方与南昌市自然资源和规划局均只给功能区「南昌经济技术开发区」，无法定区；第三方对蛟桥镇/双港的区属（青山湖区 vs 新建区）互相冲突且均非官方，且「道路通常位于某区」式推断被红线禁止。,1) 校方官网页脚 https://www.jxjtxy.edu.cn/（（经开区校区）南昌经济技术开发区双港东大街644支路395号，无区）；2) 南昌市自然资源和规划局 建设工程规划许可证 https://bnr.nc.gov.cn/ncszrzyj/jsgcghxkz/202209/d0295ccbbad24dd6b2c48e0f972a9149.shtml（建设拟选址位置=南昌经济技术开发区双港东大街644支路395号，无区）；3) 江西省人力资源和社会保障厅 该校招聘公告 https://rst.jiangxi.gov.cn/jxsrlzyhshbzt/col/col85519/content/content_1942902676646469637.html（正文 JS 加载，无地址）；4) toutiao 检索「双港东大街644支路395号 青山湖区」「青山湖区双港东大街」「江西交通职业技术学院 征地 青山湖区 蛟桥镇 划拨」→ 仅返回第三方（邮编库、博雅地名网、city8、幸福里）与地铁「双港站」百科；5) 中国政府采购网检索被限流。,需要一条把「双港东大街644支路395号（江西交通职业技术学院经开区校区）」与法定区写在同一句的政府/教育主管部门来源，例如：南昌市（或青山湖区/新建区）政府的土地划拨、征收或收储公示中含该校地块与区名；江西省教育厅/南昌市教育局带法定区的校址文件；南昌市事业单位考试或高考考点地址清单（含区）中列有该校。,https://www.jxjtxy.edu.cn/ → 页脚「地址：(经开区校区)南昌经济技术开发区双港东大街644支路395号」（仅功能区）; https://bnr.nc.gov.cn/ncszrzyj/jsgcghxkz/202209/d0295ccbbad24dd6b2c48e0f972a9149.shtml → 建设拟选址位置「南昌经济技术开发区双港东大街644支路395号」（仅功能区）; https://rst.jiangxi.gov.cn/jxsrlzyhshbzt/col/col85519/content/content_1942902676646469637.html → 2022年招聘公告，正文无地址; toutiao 检索「双港东大街644支路395号 青山湖区」/「青山湖区双港东大街」/「南昌经济技术开发区 蛟桥镇 属于哪个区 青山湖区」/「江西交通职业技术学院 划拨 土地 蛟桥镇 青山湖区」 → 仅第三方（邮编库=青山湖区、博雅地名网下罗村码360112=新建区，互相冲突）; http://search.ccgp.gov.cn/bxsearch → 被「您的访问过于频繁」限流,2026-09-12
PROFILE914_0,4136013428,抚州职业技术学院,办学地点（档案未命名）,江西省抚州市东临路276号,江西省,抚州市,D 功能区/大学城无法定区佐证,RESOLVED,no,functional_zone_only,法定区原文缺失：①https://www.fzjsxy.cn/ 首页页脚「地址：江西省抚州市东临路276号」、https://www.fzjsxy.cn/news-show-4847.html 学院简介「学院位于抚州市东临路276号，占地面积约865亩」、https://zsc.fzjsxy.cn/ 招生页脚，均无区名；②中国政府采购网门牌反查「东临路276号」命中 0 条，关键词「抚州职业技术学院」的公告中「临川区」仅出现在代理机构地址与交易中心地点；③「临川区」在搜索引擎联想、腾讯地图 POI、企查查摘要中出现，属地图/商业来源，按红线不可单独作依据；且该门牌位于跨临川区/东乡区的「东临新区」功能区，无法据功能区推区。,1) https://www.fzjsxy.cn/ 首页页脚；2) https://www.fzjsxy.cn/news-show-4847.html（学院简介正文）；3) https://zsc.fzjsxy.cn/ 招生信息网页脚；4) https://www.fzjsxy.cn/news-list-xinxigongkai.html 等信息公开页；5) ccgp 门牌反查「东临路276号」→ 0 条、关键词「抚州职业技术学院」逐份公告（临川区仅代理机构地址）；6) 头条/搜狗检索「抚州职业技术学院 东临路276号 临川区」。,需「临川区（或东乡区）+ 东临路276号」同句的权威原文：如抚州市自然资源局供地/规划选址/建设工程规划许可公示、政府采购公告中采购人地址写出法定区、学校信息公开页或江西省教育厅公示写出法定区的校区地址。,https://www.fzjsxy.cn/（页脚：地址：江西省抚州市东临路276号）; https://www.fzjsxy.cn/news-show-4847.html（学院位于抚州市东临路276号）; https://zsc.fzjsxy.cn/（招生页脚同址，无区名）; https://www.fzjsxy.cn/news-list-xinxigongkai.html; 中国政府采购网 ccgp 门牌反查「东临路276号」→ 0 条、关键词「抚州职业技术学院」公告扫描; https://so.toutiao.com/search?keyword=抚州职业技术学院 东临路276号 临川区,2026-09-13
PROFILE926_0,4136013422,江西外语外贸职业大学,瑶湖校区,江西省南昌市天祥大道291号,江西省,南昌市,E 无权威来源,RESOLVED,no,no_authoritative_source,分类 D_functional_zone（叠加 E_no_authority）：地址本身处在功能区语义内，官方与校方文本一律止于『南昌市』；allowed_districts 中 青山湖区/南昌县 等待选项无法用逐字证据排他确定。,校方 https://www.jxcfs.com/ 与 https://gcglx.jxcfs.com/index.htm（逐字『江西省南昌市天祥大道291号 邮编：330099』，无区）；他校 https://yjs.nit.edu.cn/ 、https://cct.nit.edu.cn/（『南昌高新技术开发区天祥大道289号（瑶湖校区）』，门牌不同且为功能区）；第三方 https://www.dxsbb.com/news/94848.html 、youbianku 条目（均无区）；头条检索『江西外语外贸职业大学 瑶湖校区 地址 区』『南昌县 天祥大道291号』『南昌县 天祥大道 江西外语外贸职业学院』；可用政府站内检索(保定 index.do 检索、沧州 TRS guestweb4/s、洛阳市 ly.gov.cn search-api)与该校无交集；通用搜索通道本机不可用(WebSearch 额度 200/200 耗尽，Bing 返回诱饵，DDG/Sogou/Baidu/360 验证码，Google 同意墙)。,需要江西省教育厅、南昌市政府或青山湖区/南昌县政府文件把『天祥大道291号』与法定区名逐字并列；或该校经核准的《章程》住所条款写出区名(功能区名称不算)。,https://www.jxcfs.com/ (江西省南昌市天祥大道291号，无区); https://gcglx.jxcfs.com/index.htm (逐字『江西省南昌市天祥大道291号 邮编：330099』，无区); https://yjs.nit.edu.cn/ 与 https://cct.nit.edu.cn/ (他校『南昌高新技术开发区天祥大道289号（瑶湖校区）』，门牌不同且为功能区); https://so.toutiao.com/search?keyword=江西外语外贸职业大学 瑶湖校区 地址 区; https://so.toutiao.com/search?keyword=南昌县 天祥大道291号; https://www.dxsbb.com/news/94848.html (第三方，无区),2026-09-13
PROFILE942_0,4136013869,江西青年职业学院,办学地点（档案未命名）,江西省南昌市经济技术开发区志敏大道1458号,江西省,南昌市,D 功能区/大学城无法定区佐证,RESOLVED,no,functional_zone_only,地址落在功能区“南昌经济技术开发区（昌北）”，该功能区跨青山湖区与新建区；未找到任何政府或校方原文把“志敏大道1458号”与“青山湖区/新建区”同句绑定。区级政府（经开管委会）自己在公示中同样只写“南昌经开区”，说明属地行政文本惯例即为功能区名。,1) 校方官网首页/教务处页脚：只写“昌北国家经济技术开发区方志敏大道1458号”，且路名写成“方志敏大道”，与本条“志敏大道”口径不一致；2) 校方站内全文检索“青山湖”→0 命中，全站无“青山湖区”三字；3) 南昌市政府门户站内搜索（JS 渲染，无结果）；4) 南昌经济技术开发区管理委员会 2023 年双随机抽查公示：写“江西青年职业学院 南昌经开区 志敏大道1458号”——政府来源但只给功能区；5) 第三方（城市吧）标“青山湖区蛟桥镇”，另有第三方标同区段“志敏大道222号”属“新建区蛟桥街道”，互相矛盾，且均非政府/官方。,需要一份原文把“志敏大道1458号（或方志敏大道1458号）”与“青山湖区”或“新建区”同句写出的政府/校方来源，例如：青山湖区人民政府或青山湖区教体局的辖区学校名册、南昌市自然资源局对该地块的规划/出让公示、江西省教育厅的高校办学地址公示、校方招标公告中的“地址：南昌市青山湖区志敏大道1458号”。,https://www.jxqy.edu.cn/ 官网首页页脚（实抓）：学院地址：江西省南昌市昌北国家经济技术开发区方志敏大道1458号（仅功能区）; https://www.jxqy.edu.cn/ssjg.jsp?wbtreeid=1011 站内全文检索（showkeycode=青山湖）→ 0 命中；换用校区名检索可正常返回，说明检索有效而非失效; https://so.toutiao.com/search?keyword=志敏大道1458号 → 校方教务页（经开区）、城市吧（第三方标“青山湖区蛟桥镇”）、2023年度“双随机、一公开”10月监督抽查结果（南昌经济技术开发区管理委员会，标“南昌经开区 志敏大道1458号”）; https://so.toutiao.com/search?keyword=志敏大道1458号 中标 采购 → 未出现任何含法定区的政府来源; https://www.nc.gov.cn/so/s?qt=志敏大道1458号（南昌市政府站内搜索，结果 JS 渲染，无可读结果）,2026-09-13
PROFILE943_2,4136012976,江西机电职业技术学院,赣新校区,江西省赣江新区永修组团湖东新区样式雷大道1号,江西省,南昌市,H 其他,HARD-BLOCKED,yes,other,实际法定县级行政区为江西省九江市永修县，不在本条 allowed_districts（东湖区、南昌县、安义县、新建区、红谷滩区、西湖区、进贤县、青云谱区、青山湖区）内。,1) Toutiao 查询式『江西机电职业技术学院 赣新校区 永修县 湖东新区 样式雷大道』→ 校方招生处页面无区名，关联词直指『永修校区』，无南昌市任一区。2) 检索『样式雷大道』相关官方公报 → 未获把该路段落到南昌市辖区县的政府来源。3) 上一轮已排除第三方（gaokao.cn）并把该地址指向永修县。,待把该条 city 更正为九江市（或 allowed_districts 增加永修县）后即可落库：需要九江市永修县人民政府/赣江新区永修组团管委会（或其教育主管部门）来源把『永修县』与该校区地址写在同一句。,"Toutiao 查询式：江西机电职业技术学院 赣新校区 永修县 湖东新区 样式雷大道; Toutiao 查询式：江西机电职业技术学院 赣新校区 地址; https://www.gaokao.cn/school/943 — 第三方，地址指向永修县（仅线索）; Toutiao 查询式：""玉湖东路106号""（上一轮）",2026-09-12
PROFILE946_0,4136013867,江西制造职业技术学院,艾溪湖校区,江西省南昌市紫阳大道318号,江西省,南昌市,C 地址冲突,RESOLVED,no,conflicting_address,校方站点被 WAF 412 拦截（访问控制，不绕过），可读到的第三方对法定区口径互斥（高新区[功能区] vs 南昌县昌东镇），不存在含法定区的官方来源。,"1) http://www.jxmtc.com/ → 302 到 https；https://www.jxmtc.com/ → TLS 证书过期（SEC_E_CERT_EXPIRED）；https://www.jxmtc.edu.cn/ → 412 WAF(CT2-WAAP) JS 挑战页，未绕过；2) 精确串检索「""青山湖区紫阳大道318号""」「""南昌县紫阳大道318号""」→ 均无命中；3) toutiao 检索「江西制造职业技术学院 紫阳大道318号 青山湖区 南昌县」「江西制造职业技术学院 校址 江西省南昌市紫阳大道318号」「南昌 考点 公交出行指南 江西制造职业技术学院 紫阳大道318号」→ 仅第三方（大学生必备网=高新区、腾讯/360地图=南昌县昌东镇）；4) 中国政府采购网检索被限流。",需要带法定区的官方来源：江西省教育厅/南昌市教育局文件中的校址、南昌市自然资源和规划局对江西制造职业技术学院的用地/建设许可（写区）、江西省教育考试院或南昌市考点地址清单（含区），或该校公示的招生章程原文能带区（须先解决 WAF/证书，或取得纸质/其它镜像版本）。,"https://www.jxmtc.edu.cn/ → HTTP 412（WAF CT2-WAAP JS 挑战），https://www.jxmtc.com/ → 证书过期; toutiao 检索「江西制造职业技术学院 紫阳大道318号 青山湖区 南昌县」→ 第三方：大学生必备网(高新区)、腾讯/360地图(南昌县昌东镇); 精确串检索「""青山湖区紫阳大道318号""」「""南昌县紫阳大道318号""」→ 无命中; http://www.jxmtc.com/jxgc（校方页脚，上一轮）→ 地址:江西省南昌市紫阳大道318号（无区名）; http://search.ccgp.gov.cn/bxsearch?kw=江西制造职业技术学院 → 限流",2026-09-13
PROFILE949_2,4136012941,江西财经职业学院,八里湖校区,江西省九江市八里湖新区八里湖大道216号,江西省,九江市,D 功能区/大学城无法定区佐证,HARD-BLOCKED,yes,functional_zone_only,校方官网对八里湖校区只写「八里湖新区」（且赣公网安备/ICP 号段属编码线索，按红线禁止反推）；九江市政府文书在该路上只出现166号（市民服务中心）且亦写功能区。八里湖新区横跨浔阳区/濂溪区/柴桑区，功能区名不得翻译为任一法定区；同校浔阳校区属另一校区不可移用。,1) 校方官网页脚逐字核对（八里湖校区 vs 浔阳校区并行书写，形成对照但本校区只有功能区）。2) 八里湖新区政府门户概况页（新旧两版）— 无隶属句。3) 九江市政府/市文广旅「政府信息公开查询服务中心一览表」逐行核对 — 同路仅166号且写功能区。4) 九江 IRS 站内检索 0 条。5) 第三方（百度百科、招生章程、幸福里）按红线不可单独使用。,需要新增证据：九江市政府或八里湖新区（或其覆盖的浔阳区/濂溪区/柴桑区）文书中出现「濂溪区八里湖大道216号」或「柴桑区八里湖大道216号」同句书写（如校区用地划拨/规划核可、不动产登记、消防验收），或学校官网页脚改写法为含区名的「XX区八里湖大道216号」。,"https://www.jxvc.jx.cn/ — 校方页脚：「浔阳校区 地址：江西省九江市浔阳区青年路96号 邮编：332000」「八里湖校区 地址：江西省九江市八里湖新区八里湖大道216号 邮编：332000」（本记录校区只有功能区名；浔阳区属另一校区）; https://blhxq.jiujiang.gov.cn/01/01/01/202108/t20210825_5217577.html 与 202607/t20260716_7275786.html — 八里湖新区概况：仅「与浔阳区、濂溪区、经开区、柴桑区……毗邻」的邻接表述，无区划隶属; https://www.jiujiang.gov.cn/fdzdxxgk/10/10/202511/t20251125_7092417.html 及 https://wgxl.jiujiang.gov.cn/zwzx_216/gggs/202104/t20210422_4859105.html — 政府信息公开查询服务中心一览表：全部写「八里湖新区八里湖大道166号市民服务中心」（门牌166≠216）; https://so.toutiao.com/search?keyword=site:jiujiang.gov.cn 八里湖大道216号 — 无本门牌与法定区同句命中; https://so.toutiao.com/search?keyword=""八里湖大道216号"" — 仅校方官网与第三方（baike.com、招生章程），无区名; IRS 九江市站 https://zmhd.jiujiang.gov.cn/irs/front/search（code=183f883089d）检索「八里湖大道216号」「八里湖新区 濂溪区 柴桑区」— 0 条",2026-09-12
PROFILE954_0,4136012937,鹰潭职业技术学院,校本部,江西省鹰潭市信江新区滨江东路2号,江西省,鹰潭市,E 无权威来源,HARD-BLOCKED,yes,no_authoritative_source,官方（学校官网＋省教育厅核准章程）一致使用功能区名，无法定区；政府侧检索被 JS 渲染／缺 websiteid 阻断，未绕过访问控制。,①定位并通读学校官网 www.jxytxy.cn 首页／学校简介／联系我们／招标公告／四份历年招生章程；②下载并 pdftotext 解析省教育厅核准的学校章程 PDF，逐字核对地址条款；③用官网服务端检索接口对「月湖区」「滨江东路」做全站全文检索；④探测鹰潭市政府（jsearchfront）与月湖区政府（jsearchfront/interfaces）两套 TRS 检索；⑤排除该校各候选域名（ytzy.edu.cn／ytvtc.cn 等 000，ytzyjsxy.com 跳垃圾站）。,需要以下任一新证据：①鹰潭市自然资源局／住建局对该校区（滨江东路2号）的建设用地规划许可、工程规划许可或不动产登记，用地位置写到「XX区滨江东路2号」；②月湖区政府或鹰潭市教育局文件／学校名录，把「鹰潭职业技术学院 校本部（滨江东路2号）」与某法定区同句写出；③信江新区管委会的区划归属公告，明确该功能区所辖区域对应哪个法定区并覆盖滨江东路2号。,https://www.jxytxy.cn/ 官网 →「学校地址：江西省鹰潭市信江新区滨江东路2号」，无区名; https://www.jxytxy.cn/html/895/ 学校简介 →「2020年，校址迁入信江新区滨江东路2号」; https://www.jxytxy.cn/html/954/2026/content-3483.html 2026年招生章程、/html/954/2025/content-3270.html 2025年招生章程、/html/954/2020/content-1746.html 2020年招生章程 → 均「地址：江西省鹰潭市信江新区滨江东路2号」; https://www.jxytxy.cn/uploadfile/file/2023/03/14/20230314085713375.pdf 《鹰潭职业技术学院章程》（赣教法字〔2023〕1号核准）第三条 →「学院地址为江西省鹰潭市滨江东路 2 号」; https://www.jxytxy.cn/search/search.php?word=月湖区&search_type=0&page=1 站内全文检索 → 唯一命中是中邮月湖区分公司（供应商地址）; http://www.yingtan.gov.cn/jsearchfront/search.do?websiteid=360600000000000&q=鹰潭职业技术学院 → JS 渲染，模板层回「搜索结果未予显示」；http://www.yuehu.gov.cn/jsearchfront/interfaces/cateSearch.do → 缺 websiteid 返回 {},2026-09-12
PROFILE955_0,4136013427,江西建设职业技术学院,小蓝校区,江西省南昌小蓝经济开发区汇仁大道999号,江西省,南昌市,D 功能区/大学城无法定区佐证,RESOLVED,no,functional_zone_only,corroborated,,,"https://www.nc.gov.cn/ncszf/zdxmjs1/202503/24325c0e6b09498d9467f2a91b23db69.shtml — 南昌市人民政府洪建房查〔2025〕9号：第9行「江西建院工程检测有限公司 … 江西省南昌市南昌县汇仁大道999号」（命中）; https://ncx.nc.gov.cn/ncxrmzf/ncxjtjgsgg/202412/2c69a7d890464e6da5682a73933ab06e.shtml — 南昌县交通运输局注销公示：「南昌小蓝经济技术开发区汇仁大道999号」（同门牌，无区名前缀）; https://www.jxjsxy.edu.cn/ — 页脚「办公地址：江西省南昌小蓝经济开发区汇仁大道999号 邮编：330200（象湖校区）」，仅功能区; https://so.toutiao.com/search?keyword=""汇仁大道999号"" — 命中就业网/财务处页，均只写「小蓝经济开发区」",2026-09-12
PROFILE955_3,4136013427,江西建设职业技术学院,经开校区,江西省南昌市经济技术开发区黄家湖西路1588号,江西省,南昌市,D 功能区/大学城无法定区佐证,HARD-BLOCKED,yes,functional_zone_only,本门牌的所有政府文书（经开区双随机、区生态环境局土壤调查报告）与校方文书都以「南昌经济技术开发区」为前缀书写，无任何一份与法定区名同句；唯一写「新建区」的是中公教育（商业招生网站），红线禁止单独采信，且其未直接书写校址。功能区名不得翻译为法定区，故无可采信链。,1) 精确门牌反查：site:nc.gov.cn / site:ncjk.nc.gov.cn「黄家湖西路1588号」，得 3 篇经开区文书，全部功能区前缀。2) 同址他实体桥接：江西工程学校（同门牌）与江西建设职业技术学院校办关系，但该文书同样只写「经济技术开发区」。3) 校方二手/官方页：jxjsxy.edu.cn 页脚、招生章程转载，均无区名。4) 第三方线索（中公教育「新建区」）因红线不可单独使用。,需要新增一份书面证据：政府土地/规划/环保/移交文书中出现「青山湖区黄家湖西路1588号」或「新建区黄家湖西路1588号」等同句书写（如土地出让公告、控规调整批后公布、经开区托管范围划转公告），或学校官网经开校区页面直接写「XX区黄家湖西路1588号」。若有不动产登记/营业执照地址栏（政府部门公示）写含区名的本门牌，亦可解锁。,"https://ncjk.nc.gov.cn/ncjkq/zfdt/202504/c25db35b0c894eeba274bfed3117fdee.shtml — 经开区2025年3月双随机名单：「南昌市经济技术开发区江西工程学校黄家湖西路1588号4号楼一楼」（同门牌、同址他校实体，仍无区名）; http://ncjk.nc.gov.cn/ncjkq/gkgsgg/202211/7200d056ba784a3994e9bb1334853396.shtml — 原欧菲光一号园区地块土壤污染状况初步调查报告：「项目地址…位于南昌市经开区黄家湖西路1588号」；发文单位昌北生态环境局通讯地址为「青山湖区枫林西大街568号」（他址，不可移用）; https://so.toutiao.com/search?keyword=""黄家湖西路1588号"" — 仅第三方（中公教育写「南昌市新建区经济技术开发区黄家湖西路1588号」）、招生章程转载（只写「南昌市经开区」）; https://www.jxjsxy.edu.cn/ — 页脚只有小蓝校区地址，无经开校区; https://so.toutiao.com/search?keyword=site:nc.gov.cn 黄家湖西路1588号 — 仅经开区站点命中，全部「经济技术开发区」前缀",2026-09-12
PROFILE956_0,4136012944,江西工业工程职业技术学院,办学地点（档案未命名）,江西省萍乡市经济开发区玉湖东路106号,江西省,萍乡市,D 功能区/大学城无法定区佐证,HARD-BLOCKED,yes,functional_zone_only,官方三源（校官网、校招生网、省教育厅）都只声明功能区「萍乡经开区」，能写出「安源区玉湖东路」的全是第三方地图/房产站（红线禁用），政府自身仅在「玉湖东路1号（市政府）」等其他门牌出现，无法与 106 号同址互证。,1) 校官网与招生信息网页脚 curl 实抓；2) 江西省教育厅学校介绍页实抓；3) 萍乡市政府门户站内全文检索；4) Toutiao 精确短语「玉湖东路106号」及其与「安源区」「经开区」组合多轮；5) 第三方来源（city8/安居客）比对区分来源级别。,需要萍乡市政府、安源区政府或萍乡经开区管委会文件把「玉湖东路106号」写入法定区（如萍乡市自然资源和规划局供地/规划公示、建设项目审批含该门牌且带安源区），或省教育厅/校方改用带法定区的地址。否则不可解。,"阳https://www.jxvcie.edu.cn/ (页脚「江西省萍乡市经济开发区玉湖东路106号」无区); https://zsw.jxvcie.edu.cn/ (招生信息网「江西省萍乡市开发区玉湖东路106号」无区); http://jyt.jiangxi.gov.cn/jxjyw/jxgdyx/content/content_1853710020086788096.html (江西省教育厅「学校位于萍乡市经济开发区玉湖东路106号」无区); https://so.toutiao.com/search?keyword=""玉湖东路106号"" (命中仅上述官方+安居客/city8第三方); https://so.toutiao.com/search?keyword=""玉湖东路106号"" 安源区 (无「安源区+门牌」同句官方原文；命中 city8 第三方与「玉湖东路1号市政府」); https://m.city8.com/px/house/85j9j775eaziba8b3f_address (第三方地图写安源区——仅线索)",2026-09-12
PROFILE957_2,4136012766,江西工程学院,仙女湖校区,江西省新余市仙女湖大道2828号,江西省,新余市,D 功能区/大学城无法定区佐证,HARD-BLOCKED,yes,functional_zone_only,门牌「仙女湖大道2828号」在官方原文中反复出现且一致，但行政层级到「新余市」为止；「仙女湖区」是功能区，不得据此翻译为渝水区/分宜县；无任何来源把该门牌与法定区同句写出。,1) 校官网招生章程实抓；2) 江西省教育厅学校介绍页实抓；3) 校招生网页脚核对；4) Toutiao 精确短语「仙女湖大道2828号」及与「渝水区」组合检索；5) 校首页地址行核对。,需要新余市政府/渝水区政府/分宜县政府文件在同一条记录写出「仙女湖大道2828号」并带法定区（如自然资源局供地/不动产登记、生态环境或消防执法公示、建设项目审批含该门牌），或省教育厅/校方改用带法定区的地址。否则不可解。,"https://www.jxue.edu.cn/2023/0610/c20a1355/page.htm (招生章程「江西省新余市仙女湖大道2828号(仙女湖校区)」无区); http://zsc.jxue.edu.cn/ (页脚只写「天工校区：江西省新余市天工南大道1688号」); http://jyt.jiangxi.gov.cn/jxjyw/jxgdyx/content/content_1853706790346878976.html (江西省教育厅「分别位于…仙女湖大道2828号…」无区); https://www.jxue.edu.cn/ (首页无地址行); https://so.toutiao.com/search?keyword=""仙女湖大道2828号"" (命中省教育厅/招生章程/中国教育在线，均无区); https://so.toutiao.com/search?keyword=渝水区 仙女湖大道2828号 江西工程学院 仙女湖校区 (仅第三方掌上高考/大学生必备网)",2026-09-12
PROFILE959_0,4136012934,江西环境工程职业学院,办学地点（档案未命名）,江西省赣州市经开区东江源大道555号,江西省,赣州市,D 功能区/大学城无法定区佐证,HARD-BLOCKED,yes,functional_zone_only,该门牌仅出现在校方官网（写「赣州经济技术开发区」）与第三方招生/媒体（写「赣州经开区」）；赣州市、章贡区、赣县区三级站内检索对「东江源大道555号」0 命中，市旅行社一览表（唯一含大量章贡区门牌地址的市府文书）也不含该门牌。经开区功能区名不能翻译为章贡区/南康区/赣县区。,1) 精确门牌反查：Kaipuyun 赣州市/章贡区/赣县区站内检索、Toutiao site:ganzhou.gov.cn，均 0 或伪命中。2) 全量含区名门牌文书比对：赣州市旅行社一览表逐行核对，无本门牌。3) 校方官网（jxhjxy.com）多篇正文+页脚，均为功能区写法。4) 试图用「章贡区」校方新闻（章贡区教体局来院考察）建立同句，属区校合作而非校址，按红线不可用。,需要新增证据：赣州市或经开区（或其托管前的章贡区/南康区）政府文书中出现「章贡区东江源大道555号」或「南康区东江源大道555号」同句书写，例如学校用地规划核实、划拨土地公示、不动产首次登记公告、招生章程中区名地址；或经开区托管范围批复文件中明确该地块法定归属并含本门牌。,"https://www.jxhjxy.com/ggfw/tzgg/content_40369 — 校方招聘公告：「学校地址：江西省赣州市经济技术开发区东江源大道 555 号江西环境工程职业学院」; https://www.jxhjxy.com/ — 页脚「地址：江西省赣州市经济技术开发区东江源大道555号 办公电话0797-8306789」; https://www.ganzhou.gov.cn/gzszf/c100159/202001/2fae62a2cfe54597b7260ddb7ad2acc7.shtml — 赣州市旅行社一览表（全表大量「章贡区XX路」写法），逐行检索无「东江源大道555号」（仅安远县东江源旅行社，伪命中）; https://zs.kaipuyun.cn/s 赣州市站 siteCode=3607000056 / 章贡区 3607020006 / 赣县区 3607210014 检索「东江源大道」「东江源大道555号」— 0 条; https://so.toutiao.com/search?keyword=site:ganzhou.gov.cn 东江源大道 — 命中经开区道路工程、快速路新闻，均无「东江源大道555号」+法定区同句; https://so.toutiao.com/search?keyword=""章贡区东江源大道"" — 仅二手房/旅游平台，无校园门牌",2026-09-12
PROFILE968_1,4144013810,肇庆医学院,新区校区,广东省肇庆市肇庆新区丰乐路12号,广东省,肇庆市,D 功能区/大学城无法定区佐证,RESOLVED,no,functional_zone_only,government,,,https://www.zhaoqing.gov.cn/zqrsj/gkmlpt/content/3/3265/post_3265602.html; 肇庆市人民政府门户站内检索: 丰乐路12号 / 肇庆医学院新区校区,2026-09-12
PROFILE976_1,4144013721,广东工商职业技术大学,大旺校区,广东省肇庆市大旺高新产业开发区荔园街3号,广东省,肇庆市,C 地址冲突,HARD-BLOCKED,yes,conflicting_address,记录地址的功能区名「大旺高新产业开发区」不能直接当作法定区；唯一能给出法定区的权威来源是肇庆市民政局区划表「四会市 大旺街道 441284004」，但其行内不含记录的路名「荔园街」或门牌「3号」，也含校名，无法与本条地址挂接；且肇庆市政府另一官方文件把高新区与四会市并列表述（「高新区与四会市边界」），官方口径存在张力，不足以填 d。,①校方大旺校区官网与招生章程（均只写功能区「肇庆高新技术产业开发区/大旺高新产业开发区荔园街3号」）；②肇庆市民政局《肇庆市行政区划信息（截至2023年6月）》全文检索（得大旺街道属四会市，但无地址挂钩）；③肇庆市人民政府《中心城区声环境功能区划分方案（修订版）》全文检索（高新区与四会市并列）；④四会市政府门户（站内检索为 search.gd.gov.cn JS 外壳，镇街概况未列大旺街道）；⑤肇庆高新区官网；⑥so-gov 接口试探四会市/肇庆市 siteCode；⑦头条精确短语检索「大旺街道荔园街3号」「四会市大旺街道荔园街」——均无官方同句来源。,出现官方页面把「荔园街3号」（或广东工商职业技术大学大旺校区）与「四会市」写在同一句，例如四会市/肇庆市政府或教育、市场监管、消防部门按街道列示该校址，或校方/主管部门在法定地址栏直接写出「四会市大旺街道」。,https://dwxq.gdbtu.edu.cn/about/index.html — 「地址：肇庆高新技术产业开发区荔园街3号」（仅功能区）; https://dwxq.gdbtu.edu.cn/ — 页脚仅「广东省肇庆市七星岩旅游景区内」; https://zsb.gdbtu.edu.cn（招生信息网） — 2023年招生章程「大旺校区:广东省肇庆市大旺高新产业开发区荔园街3号;邮政编码:526238」，校方即用功能区名; http://www.zhaoqing.gov.cn/zqsmzj/gkmlpt/content/2/2862/mpost_2862604.html — 肇庆市民政局行政区划信息逐字「37 肇庆市四会市 大旺街道 441284004」（无荔园街/3号/校名）; https://www.zhaoqing.gov.cn/slhwz/zxwj/content/mpost_2649409.html — 肇庆市人民政府声环境功能区划分方案，高新区（GX）与各区并列、「高新区与四会市边界」; https://www.sihui.gov.cn/ — 四会市政府站内检索指向 search.gd.gov.cn/search/local_msg/758005（JS外壳，无正文）；镇街概况未列大旺街道,2026-09-12
PROFILE990_1,4144013928,广州华立科技职业学院,云浮校区,广东省云浮市西江新城云祥大道53号,广东省,云浮市,H 其他,RESOLVED,no,other,无一条来源把『云安区』与记录门牌『云祥大道53号』写在一起；唯一写全『云安区+云祥大道』的来源（港交所公告）门牌为相邻的55号（明令禁止 53号 vs 55号 这类门牌不符），而门牌53号只出现在不含区名的校方官网页脚。,1) 校方官网 https://www.gzhlxy.edu.cn/ 及 /cszs/ 招生页多篇 → 只写『云浮市新城云祥大道53号』，全站无『云安区』。2) 云安区自然资源局 https://www.yunan.gov.cn/yfyazrzy/gkmlpt/content/1/1819/mpost_1819445.html → 云安区+云祥大道1号（门牌1）。3) 港交所公告（智通财经）http://www.zhitongcaijing.com/content/detail/1483459.html → 逐字『云安区都杨镇云祥大道55号』且『邻近买方的云浮校区』（门牌55）。4) 云安区/云浮官方媒体（云浮融媒中心头条号）《紫薇花路引客来，云安区都杨镇“周末经济”绽放新颜》《粤来粤好百千万 | 云安区都杨镇云祥大道、云泰大道上又有新变化》 → 云安区+云祥大道+华立学院，无门牌、主体泛称，且未在 yunan.gov.cn / yunfu.gov.cn 找到 .gov.cn 承载页（两个政府门户首页检索 华立/云祥/紫薇 命中 0）。5) 广东省政府统一搜索 http://search.gd.gov.cn/search/file/766003 → 结果由 API 异步加载，/api/search/* 被 WAF 403，无法取回。6) 已排除 hlxy.net 线索：该域名实为『,需要一条政府或校方来源把『云安区』与『云祥大道53号』写在同一句或同一地址行，例如：云安区/云浮市人民政府门户(.gov.cn)涉及该校（云浮校区）的公示或新闻承载页；广东省教育厅核准公布的《广州华立科技职业学院章程》办学地址条；广东省教育考试院招生专业目录中含办学地点的院校行；或校方官网出现带区名的地址页。若上述任一出现，d=云安区（在 allowed_districts 内）即可落库，属路名级/门牌级匹配。,https://www.gzhlxy.edu.cn/ — 页脚『云浮市西江新城云祥大道53号』，全站无云安区; https://www.gzhlxy.edu.cn/cszs/240/list.htm 及 /cszs/ 各年招生页 — 均『云浮市新城云祥大道53号』，无区名; https://www.yunan.gov.cn/yfyazrzy/gkmlpt/content/1/1819/mpost_1819445.html — 云安区自然资源局：云祥大道1号归云安区（门牌1≠53）; http://www.zhitongcaijing.com/content/detail/1483459.html — 中国科教产业(01756)公告：云安区都杨镇云祥大道55号，邻近买方的云浮校区（门牌55≠53）; 云浮融媒中心头条号《紫薇花路引客来，云安区都杨镇“周末经济”绽放新颜》— 云安区都杨镇云祥大道……华立学院门楼前（无门牌、主体泛称、无.gov.cn承载页）; https://so.toutiao.com/search?keyword=%22%E4%BA%91%E7%A5%A5%E5%A4%A7%E9%81%9353%E5%8F%B7%22 — 无官方来源,2026-09-13
